t_wall,t_sim,tag,state,verdict,reason,degraded,healthy,held,d,near,beams,mapped,sigma,mo_age,arb_mode,arb_active,wheel_vx,wheel_wz,gt_x,gt_y,gt_yaw
13515.327,0.000,c2nav42,IDLE,--,--,--,--,--,--,--,--,--,--,--,--,--,nan,nan,-2.0000,0.0000,0.0000
13515.500,0.068,c2nav42,IDLE,--,--,--,--,--,--,--,--,--,--,--,--,--,nan,nan,-2.0000,0.0000,0.0000
13515.730,0.168,c2nav42,IDLE,CONSISTENT,OK,0,1,3.00,0.016,0.983,60,1,0.000,-0.40,idle,none,nan,nan,-2.0000,0.0000,0.0000
13515.995,0.270,c2nav42,IDLE,CONSISTENT,OK,0,1,3.00,0.016,0.983,60,1,0.000,-0.40,idle,none,nan,nan,-2.0000,0.0000,0.0000
13516.270,0.368,c2nav42,IDLE,CONSISTENT,OK,0,1,3.00,0.016,0.983,60,1,0.000,-0.40,idle,none,nan,nan,-2.0000,0.0000,0.0000
13516.529,0.468,c2nav42,IDLE,CONSISTENT,OK,0,1,3.00,0.016,0.983,60,1,0.000,-0.40,idle,none,nan,nan,-2.0000,0.0000,0.0000
13516.745,0.568,c2nav42,IDLE,CONSISTENT,OK,0,1,3.00,0.016,0.983,60,1,0.000,-0.40,idle,none,nan,nan,-2.0000,0.0000,0.0000
13516.981,0.668,c2nav42,IDLE,CONSISTENT,OK,0,1,3.00,0.016,0.983,60,1,0.000,-0.40,idle,none,nan,nan,-2.0000,0.0000,0.0000
13517.247,0.768,c2nav42,IDLE,CONSISTENT,OK,0,1,3.00,0.016,0.983,60,1,0.000,-0.40,idle,none,nan,nan,-2.0000,0.0000,0.0000
13517.482,0.868,c2nav42,IDLE,CONSISTENT,OK,0,1,3.00,0.016,0.983,60,1,0.000,-0.40,idle,none,nan,nan,-2.0000,0.0000,0.0000
13517.726,0.968,c2nav42,IDLE,CONSISTENT,OK,0,1,3.00,0.016,0.983,60,1,0.000,-0.40,idle,none,nan,nan,-2.0000,0.0000,0.0000
13517.990,1.070,c2nav42,IDLE,CONSISTENT,OK,0,1,3.00,0.016,0.983,60,1,0.000,-0.40,idle,none,nan,nan,-2.0000,0.0000,0.0000
13518.217,1.168,c2nav42,IDLE,CONSISTENT,OK,0,1,3.00,0.016,0.983,60,1,0.000,-0.40,idle,none,nan,nan,-2.0000,0.0000,0.0000
13518.467,1.274,c2nav42,IDLE,CONSISTENT,OK,0,1,3.00,0.016,0.983,60,1,0.000,-0.40,idle,none,nan,nan,-2.0000,0.0000,0.0000
13518.680,1.368,c2nav42,IDLE,CONSISTENT,OK,0,1,3.00,0.016,0.983,60,1,0.000,-0.39,idle,none,nan,nan,-2.0000,0.0000,0.0000
13518.930,1.468,c2nav42,IDLE,CONSISTENT,OK,0,1,3.00,0.016,0.983,60,1,0.000,-0.40,idle,none,nan,nan,-2.0000,0.0000,0.0000
13519.160,1.568,c2nav42,IDLE,CONSISTENT,OK,0,1,3.00,0.016,0.983,60,1,0.000,-0.40,idle,none,nan,nan,-2.0000,0.0000,0.0000
13519.415,1.668,c2nav42,IDLE,CONSISTENT,OK,0,1,3.00,0.016,0.983,60,1,0.000,-0.40,idle,none,nan,nan,-2.0000,0.0000,0.0000
13519.671,1.768,c2nav42,IDLE,CONSISTENT,OK,0,1,3.00,0.016,0.983,60,1,0.000,-0.40,idle,none,nan,nan,-2.0000,0.0000,0.0000
13519.930,1.868,c2nav42,IDLE,CONSISTENT,OK,0,1,3.00,0.016,0.983,60,1,0.000,-0.40,idle,none,nan,nan,-2.0000,0.0000,0.0000
13520.170,1.968,c2nav42,IDLE,CONSISTENT,OK,0,1,3.00,0.016,0.983,60,1,0.000,-0.40,idle,none,nan,nan,-2.0000,0.0000,0.0000
13520.405,2.068,c2nav42,IDLE,CONSISTENT,OK,0,1,3.00,0.016,0.983,60,1,0.000,-0.40,idle,none,nan,nan,-2.0000,0.0000,0.0000
13520.619,2.168,c2nav42,IDLE,CONSISTENT,OK,0,1,3.00,0.016,0.983,60,1,0.000,-0.40,idle,none,nan,nan,-2.0000,0.0000,0.0000
13520.864,2.268,c2nav42,IDLE,CONSISTENT,OK,0,1,3.00,0.016,0.983,60,1,0.000,-0.40,idle,none,nan,nan,-2.0000,0.0000,0.0000
13521.109,2.368,c2nav42,IDLE,CONSISTENT,OK,0,1,3.00,0.016,0.983,60,1,0.000,-0.40,idle,none,nan,nan,-2.0000,0.0000,0.0000
13521.356,2.468,c2nav42,IDLE,CONSISTENT,OK,0,1,3.00,0.016,0.983,60,1,0.000,-0.40,idle,none,nan,nan,-2.0000,0.0000,0.0000
13521.593,2.568,c2nav42,IDLE,CONSISTENT,OK,0,1,3.00,0.016,0.983,60,1,0.000,-0.40,idle,none,nan,nan,-2.0000,0.0000,0.0000
13521.849,2.668,c2nav42,IDLE,CONSISTENT,OK,0,1,3.00,0.016,0.983,60,1,0.000,-0.40,idle,none,nan,nan,-2.0000,0.0000,0.0000
13522.083,2.768,c2nav42,IDLE,CONSISTENT,OK,0,1,3.00,0.016,0.983,60,1,0.000,-0.40,idle,none,nan,nan,-2.0000,0.0000,0.0000
13522.340,2.868,c2nav42,IDLE,CONSISTENT,OK,0,1,3.00,0.016,0.983,60,1,0.000,-0.40,idle,none,nan,nan,-2.0000,0.0000,0.0000
13522.571,2.968,c2nav42,IDLE,CONSISTENT,OK,0,1,3.00,0.016,0.983,60,1,0.000,-0.40,idle,none,nan,nan,-2.0000,0.0000,0.0000
13522.830,3.068,c2nav42,IDLE,CONSISTENT,OK,0,1,3.00,0.016,0.983,60,1,0.000,-0.40,idle,none,nan,nan,-2.0000,0.0000,0.0000
13523.135,3.168,c2nav42,IDLE,CONSISTENT,OK,0,1,3.00,0.016,0.983,60,1,0.000,-0.40,idle,none,nan,nan,-2.0000,0.0000,0.0000
13523.458,3.268,c2nav42,IDLE,CONSISTENT,OK,0,1,3.00,0.016,0.983,60,1,0.000,-0.40,idle,none,nan,nan,-2.0000,0.0000,0.0000
13523.795,3.368,c2nav42,IDLE,CONSISTENT,OK,0,1,3.00,0.016,0.983,60,1,0.000,-0.40,idle,none,nan,nan,-2.0000,0.0000,0.0000
13524.046,3.468,c2nav42,NAVIGATE_TO_RAMP,CONSISTENT,OK,0,1,3.00,0.016,0.983,60,1,0.000,-0.40,idle,none,nan,nan,-2.0000,0.0000,0.0000
13524.346,3.568,c2nav42,NAVIGATE_TO_RAMP,CONSISTENT,OK,0,1,3.00,0.016,0.983,60,1,0.000,-0.40,nav,none,0.2684,-0.0769,-1.9995,-0.0000,-0.0005
13524.606,3.668,c2nav42,NAVIGATE_TO_RAMP,CONSISTENT,OK,0,1,3.00,0.016,0.983,60,1,0.000,-0.40,nav,none,0.3000,-0.0769,-1.9856,-0.0002,-0.0020
13524.891,3.768,c2nav42,NAVIGATE_TO_RAMP,CONSISTENT,OK,0,1,3.00,0.015,0.983,60,1,0.000,-0.40,nav,nav,0.3000,-0.0769,-1.9566,-0.0008,-0.0077
13525.153,3.868,c2nav42,NAVIGATE_TO_RAMP,CONSISTENT,OK,0,1,3.00,0.008,1.000,60,1,0.000,-0.40,nav,nav,0.3000,0.0256,-1.9277,-0.0018,-0.0156
13525.403,3.968,c2nav42,NAVIGATE_TO_RAMP,CONSISTENT,OK,0,1,3.00,0.011,0.983,60,1,0.000,-0.40,nav,nav,0.2842,0.0769,-1.8979,-0.0021,-0.0123
13525.684,4.068,c2nav42,NAVIGATE_TO_RAMP,CONSISTENT,OK,0,1,3.00,0.010,0.983,60,1,0.000,-0.40,nav,nav,0.3000,0.0256,-1.8631,-0.0016,-0.0033
13526.004,4.170,c2nav42,NAVIGATE_TO_RAMP,CONSISTENT,OK,0,1,3.00,0.012,0.983,60,1,0.000,-0.40,nav,nav,0.2684,0.0256,-1.8343,-0.0014,-0.0008
13526.434,4.268,c2nav42,NAVIGATE_TO_RAMP,CONSISTENT,OK,0,1,3.00,0.004,1.000,60,1,0.000,-0.40,nav,nav,0.2842,0.0256,-1.8125,-0.0013,0.0011
13526.793,4.368,c2nav42,NAVIGATE_TO_RAMP,CONSISTENT,OK,0,1,3.00,0.005,1.000,60,1,0.000,-0.40,nav,nav,0.2684,0.0256,-1.7837,-0.0010,0.0037
13527.066,4.468,c2nav42,NAVIGATE_TO_RAMP,CONSISTENT,OK,0,1,3.00,0.005,1.000,60,1,0.000,-0.40,nav,nav,0.2842,0.0256,-1.7549,-0.0006,0.0061
13527.374,4.568,c2nav42,NAVIGATE_TO_RAMP,CONSISTENT,OK,0,1,3.00,0.003,1.000,60,1,0.000,-0.40,nav,nav,0.3000,0.0256,-1.7263,-0.0002,0.0087
13527.711,4.668,c2nav42,NAVIGATE_TO_RAMP,CONSISTENT,OK,0,1,3.00,0.006,1.000,60,1,0.108,-0.40,nav,nav,0.2842,0.0000,-1.6965,0.0003,0.0111
13528.061,4.768,c2nav42,NAVIGATE_TO_RAMP,CONSISTENT,OK,0,1,3.00,0.008,0.983,60,1,0.108,-0.40,nav,nav,0.2842,0.0000,-1.6614,0.0007,0.0111
13528.305,4.868,c2nav42,NAVIGATE_TO_RAMP,CONSISTENT,OK,0,1,3.00,0.008,0.983,60,1,0.108,-0.40,nav,nav,0.2842,0.0000,-1.6387,0.0009,0.0111
13528.558,4.968,c2nav42,NAVIGATE_TO_RAMP,CONSISTENT,OK,0,1,3.00,0.008,0.983,60,1,0.108,-0.40,nav,nav,0.2842,0.0000,-1.6095,0.0013,0.0111
13528.792,5.068,c2nav42,NAVIGATE_TO_RAMP,CONSISTENT,OK,0,1,3.00,0.006,0.983,60,1,0.108,-0.40,nav,nav,0.3000,0.0000,-1.5808,0.0016,0.0111
13529.066,5.168,c2nav42,NAVIGATE_TO_RAMP,CONSISTENT,OK,0,1,3.00,0.007,0.983,60,1,0.108,-0.40,nav,nav,0.2842,0.0000,-1.5514,0.0019,0.0111
13529.329,5.268,c2nav42,NAVIGATE_TO_RAMP,CONSISTENT,OK,0,1,3.00,0.006,0.983,60,1,0.108,-0.40,nav,nav,0.3000,0.0000,-1.5231,0.0022,0.0111
13529.590,5.368,c2nav42,NAVIGATE_TO_RAMP,CONSISTENT,OK,0,1,3.00,0.008,0.983,60,1,0.108,-0.40,nav,nav,0.2842,0.0000,-1.4937,0.0026,0.0111
13529.837,5.468,c2nav42,NAVIGATE_TO_RAMP,CONSISTENT,OK,0,1,3.00,0.007,0.983,60,1,0.108,-0.40,nav,nav,0.2842,0.0000,-1.4643,0.0029,0.0111
13530.089,5.568,c2nav42,NAVIGATE_TO_RAMP,CONSISTENT,OK,0,1,3.00,0.006,0.983,60,1,0.169,-0.40,nav,nav,0.3000,0.0000,-1.4358,0.0032,0.0111
13530.324,5.668,c2nav42,NAVIGATE_TO_RAMP,CONSISTENT,OK,0,1,3.00,0.005,1.000,60,1,0.169,-0.40,nav,nav,0.2842,0.0000,-1.4062,0.0035,0.0111
13530.587,5.768,c2nav42,NAVIGATE_TO_RAMP,CONSISTENT,OK,0,1,3.00,0.005,1.000,60,1,0.169,-0.40,nav,nav,0.3000,0.0000,-1.3779,0.0038,0.0111
13530.941,5.868,c2nav42,NAVIGATE_TO_RAMP,CONSISTENT,OK,0,1,3.00,0.004,1.000,60,1,0.169,-0.40,nav,nav,0.2842,0.0000,-1.3424,0.0042,0.0111
13531.241,5.968,c2nav42,NAVIGATE_TO_RAMP,CONSISTENT,OK,0,1,3.00,0.005,1.000,60,1,0.169,-0.40,nav,nav,0.3000,0.0000,-1.3189,0.0045,0.0111
13531.547,6.068,c2nav42,NAVIGATE_TO_RAMP,CONSISTENT,OK,0,1,3.00,0.008,1.000,60,1,0.169,-0.40,nav,nav,0.2842,0.0000,-1.2897,0.0048,0.0111
13531.785,6.168,c2nav42,NAVIGATE_TO_RAMP,CONSISTENT,OK,0,1,3.00,0.007,1.000,60,1,0.169,-0.40,nav,nav,0.3000,-0.0769,-1.2602,0.0047,0.0061
13532.057,6.268,c2nav42,NAVIGATE_TO_RAMP,CONSISTENT,OK,0,1,3.00,0.008,0.983,60,1,0.169,-0.40,nav,nav,0.3000,-0.0769,-1.2311,0.0041,-0.0016
13532.399,6.368,c2nav42,NAVIGATE_TO_RAMP,CONSISTENT,OK,0,1,3.00,0.010,0.983,60,1,0.169,-0.40,nav,nav,0.2842,-0.0769,-1.2012,0.0032,-0.0098
13532.721,6.468,c2nav42,NAVIGATE_TO_RAMP,CONSISTENT,OK,0,1,3.00,0.007,1.000,60,1,0.211,-0.40,nav,nav,0.3000,-0.0769,-1.1730,0.0023,-0.0161
13532.999,6.568,c2nav42,NAVIGATE_TO_RAMP,CONSISTENT,OK,0,1,3.00,0.006,1.000,60,1,0.211,-0.40,nav,nav,0.2842,-0.1282,-1.1434,0.0009,-0.0264
13533.316,6.668,c2nav42,NAVIGATE_TO_RAMP,CONSISTENT,OK,0,1,3.00,0.007,1.000,60,1,0.211,-0.40,nav,nav,0.3000,-0.0769,-1.1145,-0.0011,-0.0382
13533.608,6.768,c2nav42,NAVIGATE_TO_RAMP,CONSISTENT,OK,0,1,3.00,0.010,0.983,60,1,0.211,-0.40,nav,nav,0.3000,-0.0256,-1.0856,-0.0029,-0.0460
13534.014,6.870,c2nav42,NAVIGATE_TO_RAMP,CONSISTENT,OK,0,1,3.00,0.009,0.983,60,1,0.211,-0.40,nav,nav,0.2842,-0.1282,-1.0499,-0.0054,-0.0558
13534.436,6.968,c2nav42,NAVIGATE_TO_RAMP,CONSISTENT,OK,0,1,3.00,0.010,0.983,60,1,0.211,-0.40,nav,nav,0.3000,-0.1282,-1.0272,-0.0076,-0.0663
13534.769,7.070,c2nav42,NAVIGATE_TO_RAMP,CONSISTENT,OK,0,1,3.00,0.010,0.983,60,1,0.211,-0.40,nav,nav,0.2526,-0.0256,-0.9942,-0.0107,-0.0753
13535.041,7.168,c2nav42,NAVIGATE_TO_RAMP,CONSISTENT,OK,0,1,3.00,0.010,0.983,60,1,0.211,-0.40,nav,nav,0.3000,-0.0831,-0.9732,-0.0124,-0.0760
13535.355,7.268,c2nav42,NAVIGATE_TO_RAMP,CONSISTENT,OK,0,1,3.00,0.010,0.967,60,1,0.211,-0.40,nav,nav,0.2842,-0.0769,-0.9434,-0.0150,-0.0820
13535.642,7.368,c2nav42,NAVIGATE_TO_RAMP,CONSISTENT,OK,0,1,3.00,0.010,0.983,60,1,0.234,-0.40,nav,nav,0.3000,-0.0769,-0.9144,-0.0178,-0.0868
13535.980,7.468,c2nav42,NAVIGATE_TO_RAMP,CONSISTENT,OK,0,1,3.00,0.011,0.983,60,1,0.234,-0.40,nav,nav,0.2842,-0.0769,-0.8856,-0.0207,-0.0913
13536.334,7.568,c2nav42,NAVIGATE_TO_RAMP,CONSISTENT,OK,0,1,3.00,0.010,0.983,60,1,0.234,-0.40,nav,nav,0.2842,0.0000,-0.8563,-0.0240,-0.0990
13536.592,7.668,c2nav42,NAVIGATE_TO_RAMP,CONSISTENT,OK,0,1,3.00,0.011,0.983,60,1,0.234,-0.40,nav,nav,0.3000,-0.0769,-0.8281,-0.0270,-0.1029
13536.861,7.768,c2nav42,NAVIGATE_TO_RAMP,CONSISTENT,OK,0,1,3.00,0.006,0.983,60,1,0.234,-0.40,nav,nav,0.3000,-0.0769,-0.7985,-0.0308,-0.1104
13537.130,7.868,c2nav42,NAVIGATE_TO_RAMP,CONSISTENT,OK,0,1,3.00,0.007,1.000,60,1,0.234,-0.40,nav,nav,0.3000,-0.0769,-0.7690,-0.0344,-0.1142
13537.390,7.968,c2nav42,NAVIGATE_TO_RAMP,CONSISTENT,OK,0,1,3.00,0.010,1.000,60,1,0.234,-0.40,nav,nav,0.2842,-0.0769,-0.7396,-0.0384,-0.1217
13537.682,8.068,c2nav42,NAVIGATE_TO_RAMP,CONSISTENT,OK,0,1,3.00,0.009,1.000,60,1,0.234,-0.40,nav,nav,0.3000,-0.1795,-0.7107,-0.0425,-0.1271
13537.957,8.168,c2nav42,NAVIGATE_TO_RAMP,CONSISTENT,OK,0,1,3.00,0.009,1.000,60,1,0.234,-0.40,nav,nav,0.2842,-0.0769,-0.6811,-0.0474,-0.1430
13538.226,8.268,c2nav42,NAVIGATE_TO_RAMP,CONSISTENT,OK,0,1,3.00,0.009,1.000,60,1,0.254,-0.40,nav,nav,0.2842,0.0000,-0.6520,-0.0519,-0.1467
13538.527,8.368,c2nav42,NAVIGATE_TO_RAMP,CONSISTENT,OK,0,1,3.00,0.008,1.000,60,1,0.254,-0.40,nav,nav,0.3000,-0.0256,-0.6232,-0.0561,-0.1445
13538.795,8.468,c2nav42,NAVIGATE_TO_RAMP,CONSISTENT,OK,0,1,3.00,0.011,1.000,60,1,0.254,-0.40,nav,nav,0.2842,-0.0256,-0.5943,-0.0603,-0.1450
13539.049,8.568,c2nav42,NAVIGATE_TO_RAMP,CONSISTENT,OK,0,1,3.00,0.008,1.000,60,1,0.254,-0.40,nav,nav,0.3000,0.1282,-0.5651,-0.0643,-0.1397
13539.374,8.668,c2nav42,NAVIGATE_TO_RAMP,CONSISTENT,OK,0,1,3.00,0.015,1.000,60,1,0.254,-0.40,nav,nav,0.2842,0.1282,-0.5364,-0.0672,-0.1273
13539.667,8.768,c2nav42,NAVIGATE_TO_RAMP,CONSISTENT,OK,0,1,3.00,0.013,1.000,60,1,0.254,-0.40,nav,nav,0.3000,0.0769,-0.5071,-0.0698,-0.1151
13539.910,8.868,c2nav42,NAVIGATE_TO_RAMP,CONSISTENT,OK,0,1,3.00,0.017,0.983,60,1,0.254,-0.40,nav,nav,0.3000,0.0769,-0.4779,-0.0725,-0.1078
13540.183,8.968,c2nav42,NAVIGATE_TO_RAMP,CONSISTENT,OK,0,1,3.00,0.015,1.000,60,1,0.254,-0.40,nav,nav,0.2842,0.0769,-0.4488,-0.0749,-0.1004
13540.432,9.068,c2nav42,NAVIGATE_TO_RAMP,CONSISTENT,OK,0,1,3.00,0.013,1.000,60,1,0.254,-0.40,nav,nav,0.3000,0.1795,-0.4207,-0.0770,-0.0920
13540.741,9.168,c2nav42,NAVIGATE_TO_RAMP,CONSISTENT,OK,0,1,3.00,0.013,1.000,60,1,0.260,-0.40,nav,nav,0.2842,0.1795,-0.3915,-0.0779,-0.0740
13541.023,9.268,c2nav42,NAVIGATE_TO_RAMP,CONSISTENT,OK,0,1,3.00,0.015,1.000,60,1,0.260,-0.40,nav,nav,0.2842,0.1795,-0.3621,-0.0782,-0.0558
13541.294,9.368,c2nav42,NAVIGATE_TO_RAMP,CONSISTENT,OK,0,1,3.00,0.014,1.000,60,1,0.260,-0.40,nav,nav,0.3000,0.1795,-0.3334,-0.0780,-0.0376
13541.625,9.468,c2nav42,NAVIGATE_TO_RAMP,CONSISTENT,OK,0,1,3.00,0.015,1.000,60,1,0.260,-0.40,nav,nav,0.3000,0.2308,-0.3034,-0.0770,-0.0152
13541.894,9.568,c2nav42,NAVIGATE_TO_RAMP,CONSISTENT,OK,0,1,3.00,0.021,0.967,60,1,0.260,-0.40,nav,nav,0.2842,0.2308,-0.2742,-0.0749,0.0091
13542.142,9.668,c2nav42,NAVIGATE_TO_RAMP,CONSISTENT,OK,0,1,3.00,0.022,0.967,60,1,0.260,-0.40,nav,nav,0.3000,0.2821,-0.2447,-0.0722,0.0333
13542.382,9.768,c2nav42,NAVIGATE_TO_RAMP,CONSISTENT,OK,0,1,3.00,0.019,0.967,60,1,0.260,-0.40,nav,nav,0.3000,0.2821,-0.2155,-0.0684,0.0622
13542.630,9.868,c2nav42,NAVIGATE_TO_RAMP,CONSISTENT,OK,0,1,3.00,0.026,0.933,60,1,0.260,-0.40,nav,nav,0.3000,0.3333,-0.1858,-0.0636,0.0930
13542.891,9.968,c2nav42,NAVIGATE_TO_RAMP,CONSISTENT,OK,0,1,3.00,0.024,0.933,60,1,0.260,-0.40,nav,nav,0.3000,0.2821,-0.1560,-0.0579,0.1223
13543.151,10.068,c2nav42,NAVIGATE_TO_RAMP,CONSISTENT,OK,0,1,3.00,0.023,0.917,60,1,0.285,-0.40,nav,nav,0.3000,0.3846,-0.1263,-0.0516,0.1529
13543.394,10.168,c2nav42,NAVIGATE_TO_RAMP,CONSISTENT,OK,0,1,3.00,0.020,0.933,60,1,0.285,-0.40,nav,nav,0.3000,0.3333,-0.0910,-0.0423,0.1956
13543.650,10.268,c2nav42,NAVIGATE_TO_RAMP,CONSISTENT,OK,0,1,3.00,0.020,0.933,60,1,0.285,-0.40,nav,nav,0.3000,0.3333,-0.0675,-0.0353,0.2261
13543.923,10.368,c2nav42,NAVIGATE_TO_RAMP,CONSISTENT,OK,0,1,3.00,0.022,0.933,60,1,0.285,-0.40,nav,nav,0.3000,0.4872,-0.0385,-0.0255,0.2626
13544.186,10.468,c2nav42,NAVIGATE_TO_RAMP,CONSISTENT,OK,0,1,3.00,0.028,0.883,60,1,0.285,-0.40,nav,nav,0.2842,0.4359,-0.0098,-0.0145,0.3038
13544.462,10.570,c2nav42,NAVIGATE_TO_RAMP,CONSISTENT,OK,0,1,3.00,0.033,0.867,60,1,0.285,-0.40,nav,nav,0.3000,0.3846,0.0219,-0.0009,0.3496
13544.694,10.668,c2nav42,NAVIGATE_TO_RAMP,CONSISTENT,OK,0,1,3.00,0.034,0.850,60,1,0.283,-0.40,nav,nav,0.2842,0.3333,0.0434,0.0083,0.3697
13544.941,10.768,c2nav42,NAVIGATE_TO_RAMP,CONSISTENT,OK,0,1,3.00,0.041,0.833,60,1,0.283,-0.40,nav,nav,0.2842,0.4872,0.0695,0.0204,0.3979
13545.204,10.870,c2nav42,NAVIGATE_TO_RAMP,CONSISTENT,OK,0,1,3.00,0.037,0.833,60,1,0.283,-0.40,nav,nav,0.2684,0.4359,0.0988,0.0353,0.4380
13545.515,10.968,c2nav42,NAVIGATE_TO_RAMP,CONSISTENT,OK,0,1,3.00,0.039,0.833,60,1,0.283,-0.40,nav,nav,0.2526,0.3846,0.1170,0.0453,0.4643
13545.808,11.068,c2nav42,NAVIGATE_TO_RAMP,CONSISTENT,OK,0,1,3.00,0.044,0.783,60,1,0.283,-0.40,nav,nav,0.2842,0.3333,0.1381,0.0574,0.4953
13546.127,11.168,c2nav42,NAVIGATE_TO_RAMP,CONSISTENT,OK,0,1,3.00,0.042,0.817,60,1,0.268,-0.40,nav,nav,0.2684,0.2821,0.1599,0.0703,0.5162
13546.370,11.268,c2nav42,NAVIGATE_TO_RAMP,CONSISTENT,OK,0,1,3.00,0.043,0.800,60,1,0.268,-0.40,nav,nav,0.2368,0.3333,0.1817,0.0835,0.5347
13546.616,11.368,c2nav42,NAVIGATE_TO_RAMP,CONSISTENT,OK,0,1,3.00,0.047,0.800,60,1,0.268,-0.40,nav,nav,0.2211,0.2821,0.2013,0.0959,0.5553
13546.885,11.468,c2nav42,NAVIGATE_TO_RAMP,CONSISTENT,OK,0,1,3.00,0.049,0.767,60,1,0.268,-0.40,nav,nav,0.2211,0.2308,0.2194,0.1078,0.5739
13547.187,11.568,c2nav42,NAVIGATE_TO_RAMP,CONSISTENT,OK,0,1,3.00,0.043,0.800,60,1,0.268,-0.40,nav,nav,0.2053,0.1795,0.2366,0.1194,0.5895
13547.481,11.668,c2nav42,NAVIGATE_TO_RAMP,CONSISTENT,OK,0,1,3.00,0.049,0.750,60,1,0.268,-0.40,nav,nav,0.1895,0.1795,0.2529,0.1306,0.6025
13547.744,11.768,c2nav42,NAVIGATE_TO_RAMP,CONSISTENT,OK,0,1,3.00,0.048,0.783,60,1,0.268,-0.40,nav,nav,0.1737,0.2308,0.2676,0.1410,0.6168
13548.010,11.868,c2nav42,NAVIGATE_TO_RAMP,CONSISTENT,OK,0,1,3.00,0.052,0.750,60,1,0.268,-0.40,nav,nav,0.1105,0.3333,0.2813,0.1510,0.6310
13548.273,11.968,c2nav42,NAVIGATE_TO_RAMP,CONSISTENT,OK,0,1,3.00,0.056,0.750,60,1,0.262,-0.40,nav,nav,0.1105,0.1282,0.2908,0.1582,0.6475
13548.547,12.068,c2nav42,NAVIGATE_TO_RAMP,CONSISTENT,OK,0,1,3.00,0.059,0.717,60,1,0.262,-0.40,nav,nav,0.0947,0.2308,0.2989,0.1644,0.6603
13548.820,12.168,c2nav42,NAVIGATE_TO_RAMP,CONSISTENT,OK,0,1,3.00,0.063,0.717,60,1,0.262,-0.40,nav,nav,0.0947,0.1282,0.3063,0.1703,0.6756
13549.109,12.268,c2nav42,NAVIGATE_TO_RAMP,CONSISTENT,OK,0,1,3.00,0.065,0.700,60,1,0.262,-0.40,nav,nav,0.0789,0.2821,0.3134,0.1759,0.6845
13549.377,12.368,c2nav42,NAVIGATE_TO_RAMP,CONSISTENT,OK,0,1,3.00,0.057,0.750,60,1,0.262,-0.40,nav,nav,0.0789,0.1282,0.3193,0.1810,0.7043
13549.662,12.468,c2nav42,NAVIGATE_TO_RAMP,CONSISTENT,OK,0,1,3.00,0.064,0.750,60,1,0.262,-0.40,nav,nav,0.0789,0.0769,0.3252,0.1861,0.7123
13549.944,12.568,c2nav42,NAVIGATE_TO_RAMP,CONSISTENT,OK,0,1,3.00,0.064,0.750,60,1,0.262,-0.40,nav,nav,0.0632,0.2821,0.3311,0.1912,0.7177
13550.212,12.668,c2nav42,NAVIGATE_TO_RAMP,CONSISTENT,OK,0,1,3.00,0.062,0.733,60,1,0.262,-0.40,nav,nav,0.0632,0.1795,0.3355,0.1954,0.7363
13550.497,12.768,c2nav42,NAVIGATE_TO_RAMP,CONSISTENT,OK,0,1,3.00,0.076,0.700,60,1,0.262,-0.40,nav,nav,0.0632,0.0000,0.3401,0.1997,0.7465
13550.788,12.868,c2nav42,NAVIGATE_TO_RAMP,CONSISTENT,OK,0,1,3.00,0.077,0.717,60,1,0.262,-0.40,nav,nav,0.0632,0.0000,0.3447,0.2040,0.7457
13551.058,12.968,c2nav42,NAVIGATE_TO_RAMP,CONSISTENT,OK,0,1,3.00,0.064,0.733,60,1,0.262,-0.40,nav,nav,0.0474,0.3333,0.3485,0.2076,0.7537
13551.319,13.068,c2nav42,NAVIGATE_TO_RAMP,CONSISTENT,OK,0,1,3.00,0.079,0.650,60,1,0.262,-0.40,nav,nav,0.0474,0.2308,0.3518,0.2108,0.7747
13551.605,13.168,c2nav42,NAVIGATE_TO_RAMP,CONSISTENT,OK,0,1,3.00,0.079,0.650,60,1,0.262,-0.40,nav,nav,0.0474,-0.0769,0.3552,0.2142,0.7844
13551.944,13.268,c2nav42,NAVIGATE_TO_RAMP,CONSISTENT,OK,0,1,3.00,0.079,0.700,60,1,0.242,-0.40,nav,nav,0.0474,-0.0256,0.3586,0.2175,0.7793
13552.279,13.368,c2nav42,NAVIGATE_TO_RAMP,CONSISTENT,OK,0,1,3.00,0.066,0.733,60,1,0.242,-0.40,nav,nav,0.0474,0.1282,0.3619,0.2208,0.7817
13552.569,13.468,c2nav42,NAVIGATE_TO_RAMP,CONSISTENT,OK,0,1,3.00,0.076,0.700,60,1,0.242,-0.40,nav,nav,0.0474,0.0769,0.3653,0.2242,0.7890
13552.843,13.568,c2nav42,NAVIGATE_TO_RAMP,CONSISTENT,OK,0,1,3.00,0.078,0.700,60,1,0.242,-0.40,nav,nav,0.0474,0.0000,0.3686,0.2276,0.7931
13553.163,13.668,c2nav42,NAVIGATE_TO_RAMP,CONSISTENT,OK,0,1,3.00,0.070,0.750,60,1,0.242,-0.40,nav,nav,0.0316,0.1795,0.3718,0.2308,0.7936
13553.427,13.768,c2nav42,NAVIGATE_TO_RAMP,CONSISTENT,OK,0,1,3.00,0.060,0.767,60,1,0.242,-0.40,nav,nav,0.0316,0.1282,0.3740,0.2330,0.8056
13553.729,13.868,c2nav42,NAVIGATE_TO_RAMP,CONSISTENT,OK,0,1,3.00,0.068,0.717,60,1,0.242,-0.40,nav,nav,0.0316,0.1282,0.3762,0.2353,0.8155
13553.990,13.968,c2nav42,NAVIGATE_TO_RAMP,CONSISTENT,OK,0,1,3.00,0.070,0.733,60,1,0.242,-0.40,nav,nav,0.0316,0.0769,0.3784,0.2375,0.8234
13554.236,14.068,c2nav42,NAVIGATE_TO_RAMP,CONSISTENT,OK,0,1,3.00,0.072,0.750,60,1,0.242,-0.40,nav,nav,0.0316,0.0256,0.3805,0.2398,0.8266
13554.487,14.168,c2nav42,NAVIGATE_TO_RAMP,CONSISTENT,OK,0,1,3.00,0.073,0.750,60,1,0.242,-0.40,nav,nav,0.0316,-0.0256,0.3826,0.2421,0.8270
13554.730,14.268,c2nav42,NAVIGATE_TO_RAMP,CONSISTENT,OK,0,1,3.00,0.070,0.750,60,1,0.242,-0.40,nav,nav,0.0316,-0.0256,0.3848,0.2445,0.8250
13554.987,14.368,c2nav42,NAVIGATE_TO_RAMP,CONSISTENT,OK,0,1,3.00,0.067,0.750,60,1,0.242,-0.40,nav,nav,0.0158,0.1344,0.3869,0.2468,0.8231
13555.247,14.468,c2nav42,NAVIGATE_TO_RAMP,CONSISTENT,OK,0,1,3.00,0.067,0.750,60,1,0.242,-0.40,nav,nav,0.0000,0.0195,0.3881,0.2480,0.8316
13555.507,14.568,c2nav42,NAVIGATE_TO_RAMP,CONSISTENT,OK,0,1,3.00,0.077,0.717,60,1,0.242,-0.40,nav,nav,0.0000,-0.5000,0.3883,0.2483,0.8320
13555.743,14.668,c2nav42,NAVIGATE_TO_RAMP,CONSISTENT,OK,0,1,3.00,0.077,0.733,60,1,0.242,-0.40,nav,nav,0.0000,-0.5000,0.3883,0.2484,0.8026
13555.989,14.768,c2nav42,NAVIGATE_TO_RAMP,CONSISTENT,OK,0,1,3.00,0.047,0.783,60,1,0.242,-0.40,nav,nav,0.0000,-0.5000,0.3884,0.2485,0.7636
13556.235,14.868,c2nav42,NAVIGATE_TO_RAMP,CONSISTENT,OK,0,1,3.00,0.041,0.783,60,1,0.242,-0.40,nav,nav,0.0000,-0.5000,0.3888,0.2485,0.7258
13556.497,14.968,c2nav42,NAVIGATE_TO_RAMP,CONSISTENT,OK,0,1,3.00,0.034,0.833,60,1,0.242,-0.40,nav,nav,0.0000,-0.5000,0.3891,0.2485,0.6893
13556.756,15.068,c2nav42,NAVIGATE_TO_RAMP,CONSISTENT,OK,0,1,3.00,0.030,0.850,60,1,0.242,-0.40,nav,nav,0.0000,-0.4872,0.3892,0.2485,0.6543
13557.026,15.168,c2nav42,NAVIGATE_TO_RAMP,CONSISTENT,OK,0,1,3.00,0.016,1.000,60,1,0.242,-0.40,nav,nav,0.0000,-0.4872,0.3895,0.2485,0.6214
13557.306,15.268,c2nav42,NAVIGATE_TO_RAMP,CONSISTENT,OK,0,1,3.00,0.016,1.000,60,1,0.242,-0.40,nav,nav,0.0000,-0.4359,0.3899,0.2485,0.5910
13557.559,15.368,c2nav42,NAVIGATE_TO_RAMP,CONSISTENT,OK,0,1,3.00,0.012,1.000,60,1,0.231,-0.40,nav,nav,0.0000,-0.4359,0.3903,0.2485,0.5618
13557.833,15.468,c2nav42,NAVIGATE_TO_RAMP,CONSISTENT,OK,0,1,3.00,0.016,1.000,60,1,0.231,-0.40,nav,nav,0.0000,-0.3846,0.3906,0.2485,0.5323
13558.104,15.568,c2nav42,NAVIGATE_TO_RAMP,CONSISTENT,OK,0,1,3.00,0.018,1.000,60,1,0.231,-0.40,nav,nav,0.0000,-0.3333,0.3906,0.2476,0.5032
13558.387,15.668,c2nav42,NAVIGATE_TO_RAMP,CONSISTENT,OK,0,1,3.00,0.025,0.917,60,1,0.231,-0.40,nav,nav,0.0000,-0.3333,0.3906,0.2466,0.4767
13558.671,15.768,c2nav42,NAVIGATE_TO_RAMP,CONSISTENT,OK,0,1,3.00,0.016,0.950,60,1,0.231,-0.40,nav,nav,0.0000,-0.2821,0.3906,0.2454,0.4501
13558.960,15.868,c2nav42,NAVIGATE_TO_RAMP,CONSISTENT,OK,0,1,3.00,0.018,0.933,60,1,0.231,-0.40,nav,nav,0.0000,-0.2821,0.3906,0.2444,0.4270
13559.237,15.968,c2nav42,NAVIGATE_TO_RAMP,CONSISTENT,OK,0,1,3.00,0.020,0.917,60,1,0.225,-0.40,nav,nav,0.0000,-0.2308,0.3906,0.2433,0.4047
13559.486,16.068,c2nav42,NAVIGATE_TO_RAMP,CONSISTENT,OK,0,1,3.00,0.020,0.917,60,1,0.225,-0.40,nav,nav,0.0000,-0.2308,0.3906,0.2422,0.3853
13559.752,16.174,c2nav42,NAVIGATE_TO_RAMP,CONSISTENT,OK,0,1,3.00,0.020,0.933,60,1,0.225,-0.40,nav,nav,0.0000,-0.2308,0.3906,0.2409,0.3617
13559.982,16.268,c2nav42,NAVIGATE_TO_RAMP,CONSISTENT,OK,0,1,3.00,0.024,0.883,60,1,0.225,-0.39,nav,nav,0.0000,-0.1795,0.3906,0.2400,0.3470
13560.358,16.368,c2nav42,NAVIGATE_TO_RAMP,CONSISTENT,OK,0,1,3.00,0.028,0.867,60,1,0.225,-0.40,nav,nav,0.0000,-0.1795,0.3906,0.2391,0.3314
13560.626,16.468,c2nav42,NAVIGATE_TO_RAMP,CONSISTENT,OK,0,1,3.00,0.031,0.850,60,1,0.225,-0.40,nav,nav,0.0000,-0.1795,0.3906,0.2381,0.3156
13560.902,16.568,c2nav42,NAVIGATE_TO_RAMP,CONSISTENT,OK,0,1,3.00,0.032,0.867,60,1,0.225,-0.40,nav,nav,0.0000,-0.1795,0.3906,0.2371,0.2997
13561.152,16.668,c2nav42,ALIGN_FOR_CLIMB,CONSISTENT,OK,0,1,3.00,0.032,0.833,60,1,0.225,-0.40,nav,nav,0.0000,0.0000,0.3906,0.2363,0.2887
13561.400,16.768,c2nav42,ALIGN_FOR_CLIMB,CONSISTENT,OK,0,1,3.00,0.026,0.867,60,1,0.225,-0.40,idle,none,0.0000,0.0000,0.3906,0.2363,0.2887
13561.680,16.868,c2nav42,CLIMB,CONSISTENT,OK,0,1,3.00,0.023,0.883,60,1,0.225,-0.40,idle,none,0.0000,0.0000,0.3906,0.2363,0.2887
13561.946,16.968,c2nav42,CLIMB,CONSISTENT,OK,0,1,3.00,0.023,0.883,60,1,0.225,-0.40,rl,none,0.0000,0.0000,0.3906,0.2363,0.2887
13562.209,17.068,c2nav42,CLIMB,CONSISTENT,OK,0,1,3.00,0.023,0.883,60,1,0.225,-0.40,rl,none,0.0000,0.0000,0.3906,0.2363,0.2887
13562.484,17.168,c2nav42,CLIMB,CONSISTENT,OK,0,1,3.00,0.023,0.883,60,1,0.225,-0.40,rl,none,0.0000,0.0000,0.3906,0.2363,0.2887
13562.721,17.268,c2nav42,CLIMB,CONSISTENT,OK,0,1,3.00,0.023,0.883,60,1,0.225,-0.39,rl,none,0.0000,0.0000,0.3906,0.2363,0.2887
13562.987,17.368,c2nav42,CLIMB,CONSISTENT,OK,0,1,3.00,0.023,0.883,60,1,0.225,-0.40,rl,none,0.0000,0.0000,0.3906,0.2363,0.2887
13563.251,17.468,c2nav42,CLIMB,CONSISTENT,OK,0,1,3.00,0.023,0.883,60,1,0.225,-0.40,rl,none,0.0000,0.0000,0.3906,0.2363,0.2887
13563.567,17.568,c2nav42,CLIMB,CONSISTENT,OK,0,1,3.00,0.023,0.883,60,1,0.225,-0.40,rl,none,0.0000,0.0000,0.3906,0.2363,0.2887
13563.848,17.668,c2nav42,CLIMB,CONSISTENT,OK,0,1,3.00,0.023,0.883,60,1,0.225,-0.40,rl,none,0.0000,0.0000,0.3906,0.2363,0.2887
13564.124,17.768,c2nav42,CLIMB,CONSISTENT,OK,0,1,3.00,0.023,0.883,60,1,0.225,-0.40,rl,none,0.0000,0.0000,0.3906,0.2363,0.2887
13564.356,17.868,c2nav42,CLIMB,CONSISTENT,OK,0,1,3.00,0.023,0.883,60,1,0.225,-0.40,rl,none,0.0000,0.0000,0.3906,0.2363,0.2887
13564.680,17.968,c2nav42,CLIMB,CONSISTENT,OK,0,1,3.00,0.023,0.883,60,1,0.225,-0.40,rl,none,0.0000,0.0000,0.3906,0.2363,0.2887
13564.911,18.070,c2nav42,CLIMB,CONSISTENT,OK,0,1,3.00,0.023,0.883,60,1,0.225,-0.40,rl,none,0.0000,0.0000,0.3906,0.2363,0.2887
13565.209,18.168,c2nav42,CLIMB,CONSISTENT,OK,0,1,3.00,0.023,0.883,60,1,0.225,-0.40,rl,none,0.0000,0.0000,0.3906,0.2363,0.2887
13565.487,18.268,c2nav42,CLIMB,CONSISTENT,OK,0,1,3.00,0.023,0.883,60,1,0.225,-0.40,rl,none,0.0000,0.0000,0.3906,0.2363,0.2887
13565.750,18.368,c2nav42,CLIMB,CONSISTENT,OK,0,1,3.00,0.023,0.883,60,1,0.225,-0.40,rl,none,0.0000,0.0000,0.3906,0.2363,0.2887
13566.012,18.468,c2nav42,CLIMB,CONSISTENT,OK,0,1,3.00,0.023,0.883,60,1,0.225,-0.40,rl,none,0.0000,0.0000,0.3906,0.2363,0.2887
13566.280,18.568,c2nav42,CLIMB,CONSISTENT,OK,0,1,3.00,0.023,0.883,60,1,0.225,-0.40,rl,none,0.0000,0.0000,0.3906,0.2363,0.2887
13566.583,18.668,c2nav42,CLIMB,CONSISTENT,OK,0,1,3.00,0.023,0.883,60,1,0.225,-0.40,rl,none,0.0000,0.0000,0.3906,0.2363,0.2887
13566.853,18.768,c2nav42,CLIMB,CONSISTENT,OK,0,1,3.00,0.023,0.883,60,1,0.225,-0.40,rl,none,0.0000,0.0000,0.3906,0.2363,0.2887
13567.132,18.868,c2nav42,CLIMB,CONSISTENT,OK,0,1,3.00,0.023,0.883,60,1,0.225,-0.40,rl,none,0.0000,0.0000,0.3906,0.2363,0.2887
13567.399,18.968,c2nav42,CLIMB,CONSISTENT,OK,0,1,3.00,0.023,0.883,60,1,0.225,-0.40,rl,none,0.0000,0.0000,0.3906,0.2363,0.2887
13567.648,19.068,c2nav42,CLIMB,CONSISTENT,OK,0,1,3.00,0.023,0.883,60,1,0.225,-0.40,rl,none,0.0000,0.0000,0.3906,0.2363,0.2887
13567.894,19.170,c2nav42,CLIMB,CONSISTENT,OK,0,1,3.00,0.023,0.883,60,1,0.225,-0.40,rl,none,0.0000,0.0000,0.3906,0.2363,0.2887
13568.167,19.268,c2nav42,CLIMB,CONSISTENT,OK,0,1,3.00,0.023,0.883,60,1,0.225,-0.40,rl,none,0.0000,0.0000,0.3906,0.2363,0.2887
13568.464,19.368,c2nav42,CLIMB,CONSISTENT,OK,0,1,3.00,0.023,0.883,60,1,0.225,-0.40,rl,none,0.0000,0.0000,0.3906,0.2363,0.2887
13568.707,19.468,c2nav42,CLIMB,CONSISTENT,OK,0,1,3.00,0.023,0.883,60,1,0.225,-0.40,rl,none,0.0000,0.0000,0.3906,0.2363,0.2887
13568.964,19.568,c2nav42,CLIMB,CONSISTENT,OK,0,1,3.00,0.023,0.883,60,1,0.225,-0.40,rl,none,0.0000,0.0000,0.3906,0.2363,0.2887
13569.220,19.668,c2nav42,CLIMB,CONSISTENT,OK,0,1,3.00,0.023,0.883,60,1,0.225,-0.40,rl,none,0.0000,0.0000,0.3906,0.2363,0.2887
13569.457,19.768,c2nav42,CLIMB,CONSISTENT,OK,0,1,3.00,0.023,0.883,60,1,0.225,-0.40,rl,none,0.0000,0.0000,0.3906,0.2363,0.2887
13569.718,19.868,c2nav42,CLIMB,CONSISTENT,OK,0,1,3.00,0.023,0.883,60,1,0.225,-0.40,rl,none,0.0000,0.0000,0.3906,0.2363,0.2887
13569.983,19.968,c2nav42,CLIMB,CONSISTENT,OK,0,1,3.00,0.023,0.883,60,1,0.225,-0.40,rl,none,0.0000,0.0000,0.3906,0.2363,0.2887
13570.241,20.068,c2nav42,CLIMB,CONSISTENT,OK,0,1,3.00,0.023,0.883,60,1,0.225,-0.40,rl,none,0.0000,0.0000,0.3906,0.2363,0.2887
13570.524,20.168,c2nav42,CLIMB,CONSISTENT,OK,0,1,3.00,0.023,0.883,60,1,0.225,-0.40,rl,none,0.0000,0.0000,0.3906,0.2363,0.2887
13570.783,20.268,c2nav42,CLIMB,CONSISTENT,OK,0,1,3.00,0.023,0.883,60,1,0.225,-0.40,rl,none,0.0000,0.0000,0.3906,0.2363,0.2887
13571.093,20.368,c2nav42,CLIMB,CONSISTENT,OK,0,1,3.00,0.023,0.883,60,1,0.225,-0.40,rl,none,0.0000,0.0000,0.3906,0.2363,0.2887
13571.410,20.468,c2nav42,CLIMB,CONSISTENT,OK,0,1,3.00,0.023,0.883,60,1,0.225,-0.40,rl,none,0.0000,0.0000,0.3906,0.2363,0.2887
13571.687,20.568,c2nav42,CLIMB,CONSISTENT,OK,0,1,3.00,0.023,0.883,60,1,0.225,-0.40,rl,none,0.0000,0.0000,0.3906,0.2363,0.2887
13572.033,20.668,c2nav42,CLIMB,CONSISTENT,OK,0,1,3.00,0.023,0.883,60,1,0.225,-0.40,rl,none,0.0000,0.0000,0.3906,0.2363,0.2887
13572.464,20.768,c2nav42,CLIMB,CONSISTENT,OK,0,1,3.00,0.023,0.883,60,1,0.225,-0.40,rl,none,0.0000,0.0000,0.3906,0.2363,0.2887
13572.738,20.868,c2nav42,CLIMB,CONSISTENT,OK,0,1,3.00,0.023,0.883,60,1,0.225,-0.40,rl,none,0.0000,0.0000,0.3906,0.2363,0.2887
13572.996,20.968,c2nav42,CLIMB,CONSISTENT,OK,0,1,3.00,0.023,0.883,60,1,0.225,-0.40,rl,none,0.0000,0.0000,0.3906,0.2363,0.2887
13573.291,21.068,c2nav42,CLIMB,CONSISTENT,OK,0,1,3.00,0.023,0.883,60,1,0.225,-0.40,rl,none,0.0000,0.0000,0.3906,0.2363,0.2887
13573.584,21.168,c2nav42,CLIMB,CONSISTENT,OK,0,1,3.00,0.023,0.883,60,1,0.225,-0.40,rl,none,0.0000,0.0000,0.3906,0.2363,0.2887
13573.848,21.270,c2nav42,CLIMB,CONSISTENT,OK,0,1,3.00,0.023,0.883,60,1,0.225,-0.40,rl,none,0.0000,0.0000,0.3906,0.2363,0.2887
13574.111,21.368,c2nav42,CLIMB,CONSISTENT,OK,0,1,3.00,0.023,0.883,60,1,0.225,-0.40,rl,none,0.0000,0.0000,0.3906,0.2363,0.2887
13574.360,21.468,c2nav42,CLIMB,CONSISTENT,OK,0,1,3.00,0.023,0.883,60,1,0.225,-0.40,rl,none,0.0000,0.0000,0.3906,0.2363,0.2887
13574.624,21.568,c2nav42,CLIMB,CONSISTENT,OK,0,1,3.00,0.023,0.883,60,1,0.225,-0.40,rl,none,0.0000,0.0000,0.3906,0.2363,0.2887
13574.882,21.668,c2nav42,CLIMB,CONSISTENT,OK,0,1,3.00,0.023,0.883,60,1,0.225,-0.40,rl,none,0.0000,0.0000,0.3906,0.2363,0.2887
13575.136,21.768,c2nav42,CLIMB,CONSISTENT,OK,0,1,3.00,0.023,0.883,60,1,0.225,-0.40,rl,none,0.0000,0.0000,0.3906,0.2363,0.2887
13575.410,21.868,c2nav42,CLIMB,CONSISTENT,OK,0,1,3.00,0.023,0.883,60,1,0.225,-0.40,rl,none,0.0000,0.0000,0.3906,0.2363,0.2887
13575.639,21.968,c2nav42,CLIMB,CONSISTENT,OK,0,1,3.00,0.023,0.883,60,1,0.225,-0.40,rl,none,0.0000,0.0000,0.3906,0.2363,0.2887
13575.888,22.068,c2nav42,CLIMB,CONSISTENT,OK,0,1,3.00,0.023,0.883,60,1,0.225,-0.40,rl,none,0.0000,0.0000,0.3906,0.2363,0.2887
13576.133,22.168,c2nav42,CLIMB,CONSISTENT,OK,0,1,3.00,0.023,0.883,60,1,0.225,-0.40,rl,none,0.0000,0.0000,0.3906,0.2363,0.2887
13576.394,22.268,c2nav42,CLIMB,CONSISTENT,OK,0,1,3.00,0.023,0.883,60,1,0.225,-0.40,rl,none,0.0000,0.0000,0.3906,0.2363,0.2887
13576.635,22.368,c2nav42,CLIMB,CONSISTENT,OK,0,1,3.00,0.023,0.883,60,1,0.225,-0.40,rl,none,0.0000,0.0000,0.3906,0.2363,0.2887
13576.917,22.468,c2nav42,CLIMB,CONSISTENT,OK,0,1,3.00,0.023,0.883,60,1,0.225,-0.40,rl,none,0.0000,0.0000,0.3906,0.2363,0.2887
13577.193,22.568,c2nav42,CLIMB,CONSISTENT,OK,0,1,3.00,0.023,0.883,60,1,0.225,-0.40,rl,none,0.0000,0.0000,0.3906,0.2363,0.2887
13577.462,22.668,c2nav42,CLIMB,CONSISTENT,OK,0,1,3.00,0.023,0.883,60,1,0.225,-0.40,rl,none,0.0000,0.0000,0.3906,0.2363,0.2887
13577.794,22.768,c2nav42,CLIMB,CONSISTENT,OK,0,1,3.00,0.023,0.883,60,1,0.225,-0.40,rl,none,0.0000,0.0000,0.3906,0.2363,0.2887
13578.100,22.868,c2nav42,CLIMB,CONSISTENT,OK,0,1,3.00,0.023,0.883,60,1,0.225,-0.40,rl,none,0.0000,0.0000,0.3906,0.2363,0.2887
13578.419,22.968,c2nav42,CLIMB,CONSISTENT,OK,0,1,3.00,0.023,0.883,60,1,0.225,-0.40,rl,none,0.0000,0.0000,0.3906,0.2363,0.2887
13578.687,23.068,c2nav42,CLIMB,CONSISTENT,OK,0,1,3.00,0.023,0.883,60,1,0.225,-0.40,rl,none,0.0000,0.0000,0.3906,0.2363,0.2887
13578.969,23.168,c2nav42,CLIMB,CONSISTENT,OK,0,1,3.00,0.023,0.883,60,1,0.225,-0.40,rl,none,0.0000,0.0000,0.3906,0.2363,0.2887
13579.257,23.268,c2nav42,CLIMB,CONSISTENT,OK,0,1,3.00,0.023,0.883,60,1,0.225,-0.40,rl,none,0.0000,0.0000,0.3906,0.2363,0.2887
13579.547,23.368,c2nav42,CLIMB,CONSISTENT,OK,0,1,3.00,0.023,0.883,60,1,0.225,-0.40,rl,none,0.0000,0.0000,0.3906,0.2363,0.2887
13579.832,23.468,c2nav42,CLIMB,CONSISTENT,OK,0,1,3.00,0.023,0.883,60,1,0.225,-0.40,rl,rl,0.0000,0.0000,0.3906,0.2363,0.2887
13580.099,23.568,c2nav42,CLIMB,CONSISTENT,OK,0,1,3.00,0.023,0.883,60,1,0.225,-0.40,rl,rl,0.0000,0.0000,0.3906,0.2363,0.2887
13580.338,23.668,c2nav42,CLIMB,CONSISTENT,OK,0,1,3.00,0.023,0.883,60,1,0.225,-0.40,rl,none,0.0000,0.0000,0.3906,0.2363,0.2887
13580.628,23.772,c2nav42,CLIMB,CONSISTENT,OK,0,1,3.00,0.023,0.883,60,1,0.225,-0.40,rl,none,0.0923,-0.0853,0.3957,0.2376,0.2848
13580.871,23.868,c2nav42,CLIMB,CONSISTENT,OK,0,1,3.00,0.026,0.883,60,1,0.225,-0.40,rl,rl,0.1618,-0.1492,0.4050,0.2398,0.2773
13581.116,23.968,c2nav42,CLIMB,CONSISTENT,OK,0,1,3.00,0.027,0.867,60,1,0.225,-0.40,rl,rl,0.2142,-0.1955,0.4222,0.2436,0.2636
13581.383,24.068,c2nav42,CLIMB,CONSISTENT,OK,0,1,3.00,0.032,0.833,60,1,0.225,-0.40,rl,rl,0.2539,-0.2266,0.4437,0.2479,0.2455
13581.645,24.168,c2nav42,CLIMB,CONSISTENT,OK,0,1,3.00,0.035,0.833,60,1,0.227,-0.40,rl,rl,0.2840,-0.2446,0.4737,0.2532,0.2206
13581.892,24.268,c2nav42,CLIMB,CONSISTENT,OK,0,1,3.00,0.039,0.800,60,1,0.227,-0.40,rl,rl,0.3068,-0.2530,0.4960,0.2566,0.2024
13582.131,24.368,c2nav42,CLIMB,CONSISTENT,OK,0,1,3.00,0.039,0.817,60,1,0.227,-0.40,rl,rl,0.3244,-0.2523,0.5262,0.2605,0.1785
13582.380,24.468,c2nav42,CLIMB,CONSISTENT,OK,0,1,3.00,0.036,0.850,60,1,0.227,-0.40,rl,rl,0.3379,-0.2455,0.5579,0.2639,0.1544
13582.634,24.568,c2nav42,CLIMB,CONSISTENT,OK,0,1,3.00,0.037,0.833,60,1,0.227,-0.40,rl,rl,0.3379,-0.2455,0.5912,0.2668,0.1305
13582.895,24.668,c2nav42,CLIMB,CONSISTENT,OK,0,1,3.00,0.034,0.817,60,1,0.227,-0.40,rl,rl,0.3484,-0.2325,0.6255,0.2689,0.1071
13583.165,24.768,c2nav42,CLIMB,CONSISTENT,OK,0,1,3.00,0.036,0.833,60,1,0.227,-0.40,rl,rl,0.3566,-0.2162,0.6607,0.2704,0.0849
13583.418,24.868,c2nav42,CLIMB,CONSISTENT,OK,0,1,3.00,0.034,0.850,60,1,0.227,-0.40,rl,none,0.3631,-0.1962,0.6962,0.2713,0.0651
13583.658,24.968,c2nav42,CLIMB,CONSISTENT,OK,0,1,3.00,0.033,0.867,60,1,0.227,-0.40,rl,none,0.3682,-0.1754,0.7326,0.2716,0.0457
13583.919,25.068,c2nav42,CLIMB,CONSISTENT,OK,0,1,3.00,0.030,0.867,60,1,0.256,-0.40,rl,rl,0.3723,-0.1528,0.7695,0.2714,0.0281
13584.248,25.168,c2nav42,CLIMB,CONSISTENT,OK,0,1,3.00,0.030,0.883,60,1,0.256,-0.40,rl,rl,0.3756,-0.1293,0.8068,0.2708,0.0123
13584.536,25.268,c2nav42,CLIMB,CONSISTENT,OK,0,1,3.00,0.025,0.900,60,1,0.256,-0.40,rl,rl,0.3783,-0.1069,0.8444,0.2698,-0.0012
13584.857,25.368,c2nav42,CLIMB,CONSISTENT,OK,0,1,3.00,0.025,0.917,60,1,0.256,-0.40,rl,rl,0.3805,-0.0852,0.8822,0.2685,-0.0125
13585.103,25.468,c2nav42,CLIMB,CONSISTENT,OK,0,1,3.00,0.025,0.883,60,1,0.256,-0.40,rl,rl,0.3826,-0.0672,0.9195,0.2675,-0.0168
13585.340,25.568,c2nav42,CLIMB,CONSISTENT,OK,0,1,3.00,0.028,0.850,60,1,0.256,-0.40,rl,rl,0.3826,-0.0672,0.9563,0.2669,-0.0168
13585.617,25.668,c2nav42,CLIMB,CONSISTENT,OK,0,1,3.00,0.056,0.750,60,1,0.256,-0.40,rl,rl,0.3847,-0.0533,0.9932,0.2663,-0.0167
13585.851,25.768,c2nav42,CLIMB,UNKNOWN,OFF_MAPPED_GROUND,0,1,2.90,0.137,0.450,60,0,0.286,-0.40,rl,rl,0.3867,-0.0426,1.0301,0.2657,-0.0167
13586.112,25.868,c2nav42,CLIMB,UNKNOWN,OFF_MAPPED_GROUND,0,1,2.80,0.187,0.407,59,0,0.286,-0.40,rl,rl,0.3887,-0.0343,1.0668,0.2651,-0.0167
13586.391,25.968,c2nav42,CLIMB,UNKNOWN,OFF_MAPPED_GROUND,0,1,2.70,0.161,0.474,38,0,0.286,-0.40,rl,rl,0.3905,-0.0277,1.1024,0.2646,-0.0159
13586.643,26.068,c2nav42,CLIMB,UNKNOWN,OFF_MAPPED_GROUND,0,1,2.60,0.208,0.486,35,0,0.286,-0.40,rl,rl,0.3921,-0.0230,1.1392,0.2640,-0.0160
13586.894,26.168,c2nav42,CLIMB,UNKNOWN,OFF_MAPPED_GROUND,0,1,2.50,0.194,0.500,34,0,0.286,-0.40,rl,rl,0.3932,-0.0192,1.1762,0.2634,-0.0161
13587.152,26.268,c2nav42,CLIMB,UNKNOWN,OFF_MAPPED_GROUND,0,1,2.40,0.181,0.500,34,0,0.286,-0.40,rl,rl,0.3940,-0.0162,1.2133,0.2628,-0.0161
13587.368,26.368,c2nav42,CLIMB,UNKNOWN,OFF_MAPPED_GROUND,0,1,2.30,0.183,0.441,34,0,0.286,-0.40,rl,rl,0.3946,-0.0137,1.2506,0.2622,-0.0162
13587.627,26.468,c2nav42,CLIMB,UNKNOWN,OFF_MAPPED_GROUND,0,1,2.20,0.171,0.471,34,0,0.315,-0.40,rl,rl,0.3949,-0.0116,1.2879,0.2615,-0.0162
13587.884,26.568,c2nav42,CLIMB,UNKNOWN,OFF_MAPPED_GROUND,0,1,2.10,0.166,0.455,33,0,0.315,-0.40,rl,rl,0.3949,-0.0116,1.3253,0.2609,-0.0162
13588.172,26.668,c2nav42,CLIMB,UNKNOWN,OFF_MAPPED_GROUND,0,1,2.00,0.152,0.438,32,0,0.315,-0.40,rl,rl,0.3951,-0.0098,1.3702,0.2602,-0.0163
13588.397,26.768,c2nav42,CLIMB,UNKNOWN,OFF_MAPPED_GROUND,0,1,1.90,0.137,0.500,32,0,0.315,-0.40,rl,rl,0.3952,-0.0082,1.4002,0.2597,-0.0163
13588.662,26.868,c2nav42,CLIMB,UNKNOWN,OFF_MAPPED_GROUND,0,1,1.80,0.109,0.656,32,0,0.315,-0.40,rl,rl,0.3951,-0.0068,1.4376,0.2591,-0.0163
13588.920,26.968,c2nav42,CLIMB,UNKNOWN,OFF_MAPPED_GROUND,0,1,1.70,0.097,0.750,32,0,0.315,-0.40,rl,rl,0.3951,-0.0055,1.4751,0.2585,-0.0163
13589.182,27.068,c2nav42,CLIMB,UNKNOWN,OFF_MAPPED_GROUND,0,1,1.60,0.088,0.750,32,0,0.315,-0.40,rl,rl,0.3949,-0.0043,1.5126,0.2579,-0.0163
13589.441,27.168,c2nav42,CLIMB,UNKNOWN,OFF_MAPPED_GROUND,0,1,1.50,0.086,0.719,32,0,0.367,-0.40,rl,rl,0.3947,-0.0032,1.5501,0.2573,-0.0163
13589.734,27.272,c2nav42,CLIMB,UNKNOWN,OFF_MAPPED_GROUND,0,1,1.30,0.070,0.719,32,0,0.367,-0.40,rl,rl,0.3945,-0.0021,1.5951,0.2565,-0.0163
13589.992,27.368,c2nav42,CLIMB,UNKNOWN,OFF_MAPPED_GROUND,0,1,1.30,0.070,0.719,32,0,0.367,-0.40,rl,rl,0.3943,-0.0010,1.6251,0.2560,-0.0164
13590.263,27.468,c2nav42,CLIMB,UNKNOWN,OFF_MAPPED_GROUND,0,1,1.20,0.061,0.833,30,0,0.367,-0.40,rl,rl,0.3940,-0.0000,1.6626,0.2554,-0.0164
13590.513,27.568,c2nav42,CLIMB,UNKNOWN,OFF_MAPPED_GROUND,0,1,1.10,0.047,0.867,30,0,0.367,-0.40,rl,rl,0.3940,-0.0000,1.7000,0.2548,-0.0164
13590.868,27.668,c2nav42,CLIMB,UNKNOWN,OFF_MAPPED_GROUND,0,1,1.00,0.043,0.900,30,0,0.367,-0.40,rl,rl,0.3937,0.0010,1.7375,0.2542,-0.0164
13591.202,27.768,c2nav42,CLIMB,UNKNOWN,OFF_MAPPED_GROUND,0,1,0.90,0.038,0.900,30,0,0.367,-0.40,rl,rl,0.3934,0.0019,1.7747,0.2536,-0.0164
13591.551,27.868,c2nav42,CLIMB,UNKNOWN,OFF_MAPPED_GROUND,0,1,0.80,0.037,0.867,30,0,0.367,-0.40,rl,none,0.3931,0.0029,1.8119,0.2530,-0.0163
13591.849,27.968,c2nav42,CLIMB,UNKNOWN,OFF_MAPPED_GROUND,0,1,0.70,0.037,0.867,30,0,0.367,-0.40,rl,rl,0.3928,0.0038,1.8490,0.2524,-0.0163
13592.183,28.070,c2nav42,CLIMB,UNKNOWN,OFF_MAPPED_GROUND,0,1,0.50,0.032,0.900,30,0,0.367,-0.40,rl,rl,0.3925,0.0048,1.8937,0.2516,-0.0163
13592.473,28.168,c2nav42,CLIMB,UNKNOWN,OFF_MAPPED_GROUND,0,1,0.50,0.032,0.900,30,0,0.367,-0.40,rl,rl,0.3921,0.0058,1.9229,0.2512,-0.0163
13592.797,28.268,c2nav42,CLIMB,UNKNOWN,OFF_MAPPED_GROUND,0,1,0.40,0.026,0.966,29,0,0.367,-0.40,rl,rl,0.3918,0.0067,1.9600,0.2506,-0.0163
13593.066,28.368,c2nav42,CLIMB,UNKNOWN,OFF_MAPPED_GROUND,0,1,0.30,0.023,0.929,28,0,0.367,-0.40,rl,rl,0.3914,0.0076,1.9972,0.2500,-0.0163
13593.339,28.468,c2nav42,CLIMB,UNKNOWN,OFF_MAPPED_GROUND,0,1,0.20,0.024,0.929,28,0,0.367,-0.40,rl,rl,0.3911,0.0085,2.0343,0.2493,-0.0163
13593.599,28.568,c2nav42,CLIMB,UNKNOWN,OFF_MAPPED_GROUND,0,1,0.10,0.023,0.964,28,0,0.385,-0.40,rl,rl,0.3911,0.0085,2.0714,0.2487,-0.0163
13593.851,28.668,c2nav42,CLIMB,UNKNOWN,OFF_MAPPED_GROUND,0,0,0.00,0.023,0.964,28,0,0.385,-0.40,rl,rl,0.3907,0.0094,2.1084,0.2481,-0.0162
13594.121,28.768,c2nav42,CLIMB,UNKNOWN,OFF_MAPPED_GROUND,0,0,0.00,0.025,0.929,28,0,0.385,-0.40,rl,rl,0.3903,0.0103,2.1528,0.2474,-0.0162
13594.365,28.868,c2nav42,CLIMB,UNKNOWN,OFF_MAPPED_GROUND,0,0,0.00,0.025,0.929,28,0,0.385,-0.40,rl,rl,0.3900,0.0112,2.1823,0.2469,-0.0162
13594.632,28.968,c2nav42,CLIMB,UNKNOWN,OFF_MAPPED_GROUND,0,0,0.00,0.019,0.926,27,0,0.385,-0.40,rl,rl,0.3896,0.0121,2.2193,0.2463,-0.0162
13594.887,29.068,c2nav42,CLIMB,UNKNOWN,OFF_MAPPED_GROUND,0,0,0.00,0.019,0.963,27,0,0.385,-0.40,rl,rl,0.3892,0.0130,2.2561,0.2457,-0.0162
13595.158,29.168,c2nav42,CLIMB,UNKNOWN,OFF_MAPPED_GROUND,0,0,0.00,0.015,0.962,26,0,0.385,-0.40,rl,rl,0.3888,0.0139,2.2929,0.2451,-0.0161
13595.410,29.268,c2nav42,CLIMB,UNKNOWN,OFF_MAPPED_GROUND,0,0,0.00,0.016,1.000,26,0,0.403,-0.40,rl,rl,0.3885,0.0148,2.3297,0.2445,-0.0161
13595.683,29.368,c2nav42,CLIMB,UNKNOWN,OFF_MAPPED_GROUND,0,0,0.00,0.020,0.962,26,0,0.403,-0.40,rl,rl,0.3881,0.0157,2.3664,0.2440,-0.0160
13595.933,29.468,c2nav42,CLIMB,UNKNOWN,OFF_MAPPED_GROUND,0,0,0.00,0.031,0.962,26,0,0.403,-0.40,rl,rl,0.3877,0.0165,2.4031,0.2434,-0.0160
13596.210,29.568,c2nav42,CLIMB,UNKNOWN,OFF_MAPPED_GROUND,0,0,0.00,0.029,0.962,26,0,0.403,-0.40,rl,rl,0.3877,0.0165,2.4398,0.2428,-0.0160
13596.464,29.668,c2nav42,CLIMB,UNKNOWN,OFF_MAPPED_GROUND,0,0,0.00,0.020,0.960,25,0,0.403,-0.40,rl,none,0.3873,0.0174,2.4764,0.2422,-0.0159
13596.747,29.772,c2nav42,CLIMB,UNKNOWN,OFF_MAPPED_GROUND,0,0,0.00,0.020,0.960,25,0,0.403,-0.40,rl,rl,0.3869,0.0183,2.5202,0.2415,-0.0159
13597.012,29.868,c2nav42,CLIMB,UNKNOWN,OFF_MAPPED_GROUND,0,0,0.00,0.019,1.000,24,0,0.421,-0.40,rl,rl,0.3865,0.0191,2.5494,0.2410,-0.0158
13597.347,29.968,c2nav42,CLIMB,UNKNOWN,OFF_MAPPED_GROUND,0,0,0.00,0.019,1.000,24,0,0.421,-0.40,rl,rl,0.3861,0.0200,2.5859,0.2404,-0.0158
13597.641,30.068,c2nav42,CLIMB,UNKNOWN,OFF_MAPPED_GROUND,0,0,0.00,0.021,1.000,24,0,0.421,-0.40,rl,rl,0.3857,0.0208,2.6223,0.2399,-0.0157
13597.984,30.170,c2nav42,CLIMB,UNKNOWN,OFF_MAPPED_GROUND,0,0,0.00,0.021,1.000,24,0,0.421,-0.40,rl,rl,0.3853,0.0217,2.6658,0.2392,-0.0157
13598.227,30.268,c2nav42,CLIMB,UNKNOWN,OFF_MAPPED_GROUND,0,0,0.00,0.022,1.000,23,0,0.421,-0.40,rl,rl,0.3848,0.0225,2.6948,0.2387,-0.0156
13598.492,30.368,c2nav42,CLIMB,UNKNOWN,OFF_MAPPED_GROUND,0,0,0.00,0.020,1.000,23,0,0.421,-0.40,rl,rl,0.0000,0.0000,2.7311,0.2381,-0.0156
13598.773,30.468,c2nav42,VERIFY_CLIMB,UNKNOWN,OFF_MAPPED_GROUND,0,0,0.00,0.022,1.000,23,0,0.421,-0.40,idle,none,0.0000,0.0000,2.7593,0.2377,-0.0156
13599.039,30.568,c2nav42,VERIFY_CLIMB,UNKNOWN,OFF_MAPPED_GROUND,0,0,0.00,0.020,1.000,22,0,0.421,-0.40,idle,none,0.0000,0.0000,2.7685,0.2376,-0.0156
13599.261,30.668,c2nav42,SEARCH_TARGET,UNKNOWN,OFF_MAPPED_GROUND,0,0,0.00,0.020,1.000,22,0,0.430,-0.40,idle,none,0.0000,0.0000,2.7685,0.2376,-0.0156
13599.492,30.768,c2nav42,SEARCH_TARGET,UNKNOWN,OFF_MAPPED_GROUND,0,0,0.00,0.020,1.000,22,0,0.430,-0.40,idle,none,0.0000,0.0000,2.7685,0.2376,-0.0156
13599.727,30.868,c2nav42,STOW_ARM,UNKNOWN,OFF_MAPPED_GROUND,0,0,0.00,0.020,1.000,22,0,0.430,-0.40,idle,none,0.0000,0.0000,2.7685,0.2376,-0.0156
13599.983,30.968,c2nav42,STOW_ARM,UNKNOWN,OFF_MAPPED_GROUND,0,0,0.00,0.020,1.000,22,0,0.430,-0.40,idle,none,0.0000,0.0000,2.7685,0.2376,-0.0156
13600.215,31.068,c2nav42,STOW_ARM,UNKNOWN,OFF_MAPPED_GROUND,0,0,0.00,0.020,1.000,22,0,0.430,-0.40,idle,none,0.0000,0.0000,2.7685,0.2376,-0.0156
13600.465,31.168,c2nav42,STOW_ARM,UNKNOWN,OFF_MAPPED_GROUND,0,0,0.00,0.020,1.000,22,0,0.430,-0.40,idle,none,0.0000,0.0000,2.7685,0.2376,-0.0156
13600.698,31.268,c2nav42,STOW_ARM,UNKNOWN,OFF_MAPPED_GROUND,0,0,0.00,0.020,1.000,22,0,0.430,-0.40,idle,none,0.0000,0.0000,2.7685,0.2376,-0.0156
13600.932,31.368,c2nav42,STOW_ARM,UNKNOWN,OFF_MAPPED_GROUND,0,0,0.00,0.020,1.000,22,0,0.430,-0.40,idle,none,0.0000,0.0000,2.7685,0.2376,-0.0156
13601.179,31.468,c2nav42,STOW_ARM,UNKNOWN,OFF_MAPPED_GROUND,0,0,0.00,0.020,1.000,22,0,0.430,-0.40,idle,none,0.0000,0.0000,2.7685,0.2376,-0.0156
13601.408,31.568,c2nav42,STOW_ARM,UNKNOWN,OFF_MAPPED_GROUND,0,0,0.00,0.020,1.000,22,0,0.430,-0.40,idle,none,0.0000,0.0000,2.7685,0.2376,-0.0156
13601.664,31.668,c2nav42,STOW_ARM,UNKNOWN,OFF_MAPPED_GROUND,0,0,0.00,0.020,1.000,22,0,0.430,-0.40,idle,none,0.0000,0.0000,2.7685,0.2376,-0.0156
13601.892,31.768,c2nav42,STOW_ARM,UNKNOWN,OFF_MAPPED_GROUND,0,0,0.00,0.020,1.000,22,0,0.430,-0.40,idle,none,0.0000,0.0000,2.7685,0.2376,-0.0156
13602.170,31.868,c2nav42,STOW_ARM,UNKNOWN,OFF_MAPPED_GROUND,0,0,0.00,0.020,1.000,22,0,0.430,-0.40,idle,none,0.0000,0.0000,2.7685,0.2376,-0.0156
13602.490,31.968,c2nav42,STOW_ARM,UNKNOWN,OFF_MAPPED_GROUND,0,0,0.00,0.020,1.000,22,0,0.430,-0.40,idle,none,0.0000,0.0000,2.7685,0.2376,-0.0156
13602.767,32.068,c2nav42,STOW_ARM,UNKNOWN,OFF_MAPPED_GROUND,0,0,0.00,0.024,0.957,23,0,0.430,-0.40,idle,none,0.0000,0.0000,2.7685,0.2376,-0.0156
13603.032,32.168,c2nav42,STOW_ARM,UNKNOWN,OFF_MAPPED_GROUND,0,0,0.00,0.033,0.885,26,0,0.430,-0.40,idle,none,0.0000,0.0000,2.7685,0.2376,-0.0156
13603.291,32.268,c2nav42,STOW_ARM,UNKNOWN,OFF_MAPPED_GROUND,0,0,0.00,0.035,0.846,26,0,0.430,-0.40,idle,none,0.0000,0.0000,2.7685,0.2376,-0.0156
13603.588,32.368,c2nav42,STOW_ARM,UNKNOWN,OFF_MAPPED_GROUND,0,0,0.00,0.035,0.846,26,0,0.430,-0.40,idle,none,0.0000,0.0000,2.7685,0.2376,-0.0156
13603.861,32.468,c2nav42,STOW_ARM,UNKNOWN,OFF_MAPPED_GROUND,0,0,0.00,0.024,0.957,23,0,0.430,-0.40,idle,none,0.0000,0.0000,2.7685,0.2376,-0.0156
13604.173,32.568,c2nav42,STOW_ARM,UNKNOWN,OFF_MAPPED_GROUND,0,0,0.00,0.020,1.000,22,0,0.430,-0.40,idle,none,0.0000,0.0000,2.7685,0.2376,-0.0156
13604.418,32.668,c2nav42,STOW_ARM,UNKNOWN,OFF_MAPPED_GROUND,0,0,0.00,0.020,1.000,22,0,0.430,-0.40,idle,none,0.0000,0.0000,2.7685,0.2376,-0.0156
13604.665,32.768,c2nav42,STOW_ARM,UNKNOWN,OFF_MAPPED_GROUND,0,0,0.00,0.020,1.000,22,0,0.430,-0.40,idle,none,0.0000,0.0000,2.7685,0.2376,-0.0156
13604.918,32.868,c2nav42,STOW_ARM,UNKNOWN,OFF_MAPPED_GROUND,0,0,0.00,0.020,1.000,22,0,0.430,-0.40,idle,none,0.0000,0.0000,2.7685,0.2376,-0.0156
13605.195,32.968,c2nav42,STOW_ARM,UNKNOWN,OFF_MAPPED_GROUND,0,0,0.00,0.020,1.000,22,0,0.430,-0.40,idle,none,0.0000,0.0000,2.7685,0.2376,-0.0156
13605.453,33.072,c2nav42,STOW_ARM,UNKNOWN,OFF_MAPPED_GROUND,0,0,0.00,0.020,1.000,22,0,0.430,-0.40,idle,none,0.0000,0.0000,2.7685,0.2376,-0.0156
13605.690,33.168,c2nav42,STOW_ARM,UNKNOWN,OFF_MAPPED_GROUND,0,0,0.00,0.020,1.000,22,0,0.430,-0.40,idle,none,0.0000,0.0000,2.7685,0.2376,-0.0156
13605.938,33.268,c2nav42,STOW_ARM,UNKNOWN,OFF_MAPPED_GROUND,0,0,0.00,0.020,1.000,22,0,0.430,-0.40,idle,none,0.0000,0.0000,2.7685,0.2376,-0.0156
13606.177,33.368,c2nav42,STOW_ARM,UNKNOWN,OFF_MAPPED_GROUND,0,0,0.00,0.020,1.000,22,0,0.430,-0.40,idle,none,0.0000,0.0000,2.7685,0.2376,-0.0156
13606.416,33.468,c2nav42,APPROACH_TARGET,UNKNOWN,OFF_MAPPED_GROUND,0,0,0.00,0.020,1.000,22,0,0.430,-0.40,idle,none,0.1800,-0.0000,2.7686,0.2376,-0.0156
13606.667,33.568,c2nav42,APPROACH_TARGET,UNKNOWN,OFF_MAPPED_GROUND,0,0,0.00,0.020,1.000,22,0,0.430,-0.40,idle,none,0.1800,0.0000,2.7800,0.2374,-0.0156
13606.910,33.668,c2nav42,APPROACH_TARGET,UNKNOWN,OFF_MAPPED_GROUND,0,0,0.00,0.020,1.000,22,0,0.430,-0.40,approach,approach,0.1800,0.0000,2.7971,0.2371,-0.0156
13607.170,33.768,c2nav42,APPROACH_TARGET,UNKNOWN,OFF_MAPPED_GROUND,0,0,0.00,0.020,1.000,22,0,0.430,-0.40,approach,approach,0.1800,0.0000,2.8142,0.2368,-0.0156
13607.430,33.868,c2nav42,APPROACH_TARGET,UNKNOWN,OFF_MAPPED_GROUND,0,0,0.00,0.020,1.000,22,0,0.430,-0.40,approach,approach,0.1800,0.0000,2.8314,0.2366,-0.0156
13607.692,33.968,c2nav42,APPROACH_TARGET,UNKNOWN,OFF_MAPPED_GROUND,0,0,0.00,0.021,1.000,21,0,0.430,-0.40,approach,approach,0.1800,0.0000,2.8485,0.2363,-0.0156
13607.955,34.068,c2nav42,APPROACH_TARGET,UNKNOWN,OFF_MAPPED_GROUND,0,0,0.00,0.021,1.000,21,0,0.430,-0.40,approach,approach,0.1800,0.0000,2.8656,0.2360,-0.0156
13608.190,34.168,c2nav42,APPROACH_TARGET,UNKNOWN,OFF_MAPPED_GROUND,0,0,0.00,0.021,1.000,21,0,0.430,-0.40,approach,approach,0.1800,0.0000,2.8827,0.2358,-0.0156
13608.460,34.268,c2nav42,APPROACH_TARGET,UNKNOWN,OFF_MAPPED_GROUND,0,0,0.00,0.019,1.000,21,0,0.430,-0.40,approach,approach,0.1800,0.0000,2.8998,0.2355,-0.0156
13608.704,34.368,c2nav42,APPROACH_TARGET,UNKNOWN,OFF_MAPPED_GROUND,0,0,0.00,0.019,1.000,21,0,0.430,-0.40,approach,approach,0.1800,0.0000,2.9204,0.2352,-0.0156
13608.966,34.468,c2nav42,APPROACH_TARGET,UNKNOWN,OFF_MAPPED_GROUND,0,0,0.00,0.019,1.000,21,0,0.430,-0.40,approach,approach,0.1800,-0.0006,2.9342,0.2350,-0.0155
13609.250,34.568,c2nav42,APPROACH_TARGET,UNKNOWN,OFF_MAPPED_GROUND,0,0,0.00,0.019,1.000,21,0,0.430,-0.40,approach,approach,0.1800,-0.0018,2.9549,0.2347,-0.0153
13609.517,34.668,c2nav42,APPROACH_TARGET,UNKNOWN,OFF_MAPPED_GROUND,0,0,0.00,0.019,1.000,21,0,0.430,-0.40,approach,approach,0.1800,-0.0031,2.9687,0.2345,-0.0152
13609.787,34.768,c2nav42,APPROACH_TARGET,UNKNOWN,OFF_MAPPED_GROUND,0,0,0.00,0.019,1.000,21,0,0.430,-0.40,approach,approach,0.1800,-0.0035,2.9860,0.2342,-0.0150
13610.080,34.868,c2nav42,APPROACH_TARGET,UNKNOWN,OFF_MAPPED_GROUND,0,0,0.00,0.020,1.000,23,0,0.430,-0.40,approach,approach,0.1800,-0.0036,3.0035,0.2340,-0.0148
13610.353,34.968,c2nav42,APPROACH_TARGET,UNKNOWN,OFF_MAPPED_GROUND,0,0,0.00,0.020,1.000,23,0,0.430,-0.40,approach,approach,0.1800,-0.0031,3.0210,0.2337,-0.0147
13610.643,35.068,c2nav42,APPROACH_TARGET,UNKNOWN,OFF_MAPPED_GROUND,0,0,0.00,0.020,1.000,25,0,0.434,-0.40,approach,approach,0.1800,-0.0023,3.0384,0.2334,-0.0145
13610.895,35.168,c2nav42,APPROACH_TARGET,UNKNOWN,OFF_MAPPED_GROUND,0,0,0.00,0.022,0.963,27,0,0.434,-0.40,approach,approach,0.1800,-0.0014,3.0557,0.2332,-0.0143
13611.153,35.268,c2nav42,APPROACH_TARGET,UNKNOWN,OFF_MAPPED_GROUND,0,0,0.00,0.026,0.935,31,0,0.434,-0.40,approach,approach,0.1800,0.0004,3.0728,0.2329,-0.0142
13611.401,35.368,c2nav42,APPROACH_TARGET,UNKNOWN,OFF_MAPPED_GROUND,0,0,0.00,0.037,0.892,37,0,0.434,-0.40,approach,approach,0.1800,0.0007,3.0906,0.2327,-0.0140
13611.680,35.468,c2nav42,APPROACH_TARGET,UNKNOWN,OFF_MAPPED_GROUND,0,0,0.00,0.042,0.810,42,0,0.434,-0.40,approach,approach,0.2200,0.0527,3.1105,0.2324,-0.0140
13611.948,35.568,c2nav42,APPROACH_TARGET,UNKNOWN,OFF_MAPPED_GROUND,0,0,0.00,0.044,0.810,42,0,0.434,-0.40,approach,approach,0.2200,0.0527,3.1317,0.2321,-0.0140
13612.197,35.668,c2nav42,APPROACH_TARGET,UNKNOWN,OFF_MAPPED_GROUND,0,0,0.00,0.050,0.786,42,0,0.434,-0.40,approach,approach,0.2200,0.0553,3.1529,0.2318,-0.0140
13612.424,35.768,c2nav42,APPROACH_TARGET,UNKNOWN,OFF_MAPPED_GROUND,0,0,0.00,0.051,0.767,43,0,0.434,-0.40,approach,approach,0.2200,0.0552,3.1740,0.2315,-0.0140
13612.674,35.868,c2nav42,APPROACH_TARGET,UNKNOWN,OFF_MAPPED_GROUND,0,0,0.00,0.055,0.705,44,0,0.434,-0.40,approach,approach,0.2200,0.0578,3.1952,0.2312,-0.0140
13612.917,35.974,c2nav42,APPROACH_TARGET,UNKNOWN,OFF_MAPPED_GROUND,0,0,0.00,0.058,0.644,45,0,0.434,-0.40,approach,approach,0.2200,0.0576,3.2205,0.2309,-0.0140
13613.129,36.068,c2nav42,APPROACH_TARGET,UNKNOWN,OFF_MAPPED_GROUND,0,0,0.00,0.063,0.644,45,0,0.434,-0.39,approach,approach,0.2200,0.0573,3.2375,0.2306,-0.0140
13613.376,36.170,c2nav42,APPROACH_TARGET,UNKNOWN,OFF_MAPPED_GROUND,0,0,0.00,0.064,0.652,46,0,0.434,-0.40,approach,approach,0.2200,0.0599,3.2586,0.2303,-0.0140
13613.611,36.268,c2nav42,APPROACH_TARGET,UNKNOWN,OFF_MAPPED_GROUND,0,0,0.00,0.065,0.674,46,0,0.434,-0.40,approach,approach,0.2176,0.0624,3.2796,0.2300,-0.0140
13613.851,36.368,c2nav42,APPROACH_TARGET,UNKNOWN,OFF_MAPPED_GROUND,0,0,0.00,0.068,0.681,47,0,0.434,-0.40,approach,approach,0.2127,0.0622,3.3011,0.2302,-0.0091
13614.092,36.468,c2nav42,APPROACH_TARGET,UNKNOWN,OFF_MAPPED_GROUND,0,0,0.00,0.074,0.638,47,0,0.434,-0.40,approach,approach,0.2032,0.0505,3.3221,0.2306,-0.0031
13614.334,36.570,c2nav42,APPROACH_TARGET,UNKNOWN,OFF_MAPPED_GROUND,0,0,0.00,0.069,0.667,48,0,0.434,-0.40,approach,approach,0.1985,0.0448,3.3462,0.2312,0.0030
13614.563,36.668,c2nav42,APPROACH_TARGET,UNKNOWN,OFF_MAPPED_GROUND,0,0,0.00,0.072,0.638,47,0,0.434,-0.40,approach,approach,0.1891,0.0333,3.3618,0.2315,0.0064
13614.809,36.768,c2nav42,APPROACH_TARGET,UNKNOWN,OFF_MAPPED_GROUND,0,0,0.00,0.037,0.820,50,0,0.434,-0.40,approach,approach,0.1848,0.0331,3.3806,0.2320,0.0100
13615.064,36.868,c2nav42,APPROACH_TARGET,UNKNOWN,OFF_MAPPED_GROUND,0,0,0.00,0.025,0.966,59,0,0.434,-0.40,approach,approach,0.1763,0.0246,3.3989,0.2325,0.0132
13615.324,36.968,c2nav42,APPROACH_TARGET,UNKNOWN,OFF_MAPPED_GROUND,0,0,0.00,0.027,0.967,60,0,0.434,-0.40,approach,approach,0.1720,0.0218,3.4165,0.2330,0.0158
13615.588,37.068,c2nav42,APPROACH_TARGET,UNKNOWN,OFF_MAPPED_GROUND,0,0,0.00,0.027,0.966,59,0,0.434,-0.40,approach,approach,0.1641,0.0162,3.4334,0.2335,0.0179
13615.831,37.168,c2nav42,APPROACH_TARGET,UNKNOWN,OFF_MAPPED_GROUND,0,0,0.00,0.028,0.950,60,0,0.434,-0.40,approach,approach,0.1602,0.0161,3.4497,0.2339,0.0197
13616.089,37.268,c2nav42,APPROACH_TARGET,UNKNOWN,OFF_MAPPED_GROUND,0,0,0.00,0.023,0.966,59,0,0.434,-0.40,approach,approach,0.1528,0.0107,3.4655,0.2344,0.0212
13616.414,37.368,c2nav42,APPROACH_TARGET,UNKNOWN,OFF_MAPPED_GROUND,0,0,0.00,0.024,0.966,59,0,0.434,-0.40,approach,approach,0.1491,0.0106,3.4806,0.2348,0.0223
13616.732,37.468,c2nav42,APPROACH_TARGET,UNKNOWN,OFF_MAPPED_GROUND,0,0,0.00,0.025,0.949,59,0,0.434,-0.40,approach,approach,0.1423,0.0079,3.4953,0.2352,0.0232
13617.010,37.568,c2nav42,APPROACH_TARGET,UNKNOWN,OFF_MAPPED_GROUND,0,0,0.00,0.025,0.949,59,0,0.434,-0.40,approach,approach,0.1389,0.0078,3.5094,0.2357,0.0240
13617.252,37.668,c2nav42,APPROACH_TARGET,UNKNOWN,OFF_MAPPED_GROUND,0,0,0.00,0.025,0.949,59,0,0.434,-0.40,approach,approach,0.1326,0.0052,3.5230,0.2360,0.0247
13617.492,37.768,c2nav42,APPROACH_TARGET,UNKNOWN,OFF_MAPPED_GROUND,0,0,0.00,0.025,0.949,59,0,0.434,-0.40,approach,approach,0.1295,0.0051,3.5362,0.2364,0.0252
13617.741,37.868,c2nav42,APPROACH_TARGET,UNKNOWN,OFF_MAPPED_GROUND,0,0,0.00,0.027,0.933,60,0,0.431,-0.40,approach,approach,0.1233,0.0026,3.5489,0.2368,0.0256
13617.985,37.968,c2nav42,APPROACH_TARGET,UNKNOWN,OFF_MAPPED_GROUND,0,0,0.00,0.027,0.933,60,0,0.431,-0.40,approach,approach,0.1205,0.0050,3.5612,0.2371,0.0259
13618.287,38.068,c2nav42,APPROACH_TARGET,UNKNOWN,OFF_MAPPED_GROUND,0,0,0.00,0.025,0.933,60,0,0.431,-0.40,approach,approach,0.1149,0.0025,3.5730,0.2375,0.0264
13618.548,38.168,c2nav42,APPROACH_TARGET,UNKNOWN,OFF_MAPPED_GROUND,0,0,0.00,0.024,0.950,60,0,0.431,-0.40,approach,approach,0.1121,0.0025,3.5844,0.2378,0.0267
13618.796,38.268,c2nav42,APPROACH_TARGET,UNKNOWN,OFF_MAPPED_GROUND,0,0,0.00,0.020,0.983,60,0,0.431,-0.40,approach,approach,0.1069,0.0024,3.5954,0.2381,0.0269
13619.064,38.368,c2nav42,APPROACH_TARGET,UNKNOWN,OFF_MAPPED_GROUND,0,0,0.00,0.021,0.983,60,0,0.431,-0.40,approach,approach,0.1020,0.0000,3.6059,0.2384,0.0270
13619.306,38.468,c2nav42,APPROACH_TARGET,UNKNOWN,OFF_MAPPED_GROUND,0,0,0.00,0.021,0.983,60,0,0.431,-0.40,approach,approach,0.0996,0.0024,3.6161,0.2387,0.0270
13619.552,38.568,c2nav42,APPROACH_TARGET,UNKNOWN,OFF_MAPPED_GROUND,0,0,0.00,0.020,0.983,60,0,0.431,-0.40,approach,approach,0.0972,0.0024,3.6260,0.2390,0.0273
13619.785,38.668,c2nav42,APPROACH_TARGET,UNKNOWN,OFF_MAPPED_GROUND,0,0,0.00,0.020,0.983,60,0,0.431,-0.40,approach,approach,0.0927,0.0000,3.6355,0.2392,0.0274
13620.060,38.768,c2nav42,APPROACH_TARGET,UNKNOWN,OFF_MAPPED_GROUND,0,0,0.00,0.020,0.983,60,0,0.431,-0.40,approach,approach,0.0884,0.0000,3.6446,0.2395,0.0274
13620.335,38.868,c2nav42,APPROACH_TARGET,UNKNOWN,OFF_MAPPED_GROUND,0,0,0.00,0.019,0.983,60,0,0.431,-0.40,approach,approach,0.0865,0.0000,3.6535,0.2397,0.0274
13620.578,38.968,c2nav42,APPROACH_TARGET,UNKNOWN,OFF_MAPPED_GROUND,0,0,0.00,0.019,0.983,60,0,0.431,-0.40,approach,approach,0.0844,0.0000,3.6620,0.2400,0.0274
13620.810,39.068,c2nav42,APPROACH_TARGET,UNKNOWN,OFF_MAPPED_GROUND,0,0,0.00,0.019,0.983,60,0,0.431,-0.40,approach,approach,0.0805,0.0000,3.6703,0.2402,0.0274
13621.060,39.168,c2nav42,APPROACH_TARGET,UNKNOWN,OFF_MAPPED_GROUND,0,0,0.00,0.019,0.983,60,0,0.431,-0.40,approach,approach,0.0767,0.0000,3.6783,0.2404,0.0274
13621.296,39.268,c2nav42,APPROACH_TARGET,UNKNOWN,OFF_MAPPED_GROUND,0,0,0.00,0.019,0.983,60,0,0.431,-0.40,approach,approach,0.0749,-0.0000,3.6859,0.2406,0.0274
13621.552,39.368,c2nav42,APPROACH_TARGET,UNKNOWN,OFF_MAPPED_GROUND,0,0,0.00,0.019,0.983,60,0,0.431,-0.40,approach,approach,0.0715,0.0000,3.6933,0.2408,0.0273
13621.822,39.468,c2nav42,APPROACH_TARGET,UNKNOWN,OFF_MAPPED_GROUND,0,0,0.00,0.019,0.983,60,0,0.431,-0.40,approach,approach,0.0698,-0.0000,3.7018,0.2410,0.0273
13622.067,39.568,c2nav42,APPROACH_TARGET,UNKNOWN,OFF_MAPPED_GROUND,0,0,0.00,0.020,0.967,60,0,0.431,-0.40,approach,approach,0.0666,-0.0000,3.7073,0.2412,0.0273
13622.351,39.670,c2nav42,APPROACH_TARGET,UNKNOWN,OFF_MAPPED_GROUND,0,0,0.00,0.020,0.967,60,0,0.431,-0.40,approach,approach,0.0650,-0.0000,3.7153,0.2414,0.0273
13622.635,39.768,c2nav42,APPROACH_TARGET,UNKNOWN,OFF_MAPPED_GROUND,0,0,0.00,0.020,0.967,60,0,0.431,-0.40,approach,approach,0.0619,-0.0020,3.7204,0.2416,0.0273
13622.852,39.868,c2nav42,APPROACH_TARGET,UNKNOWN,OFF_MAPPED_GROUND,0,0,0.00,0.020,0.967,60,0,0.431,-0.40,approach,approach,0.0605,-0.0000,3.7266,0.2417,0.0271
13623.136,39.968,c2nav42,APPROACH_TARGET,UNKNOWN,OFF_MAPPED_GROUND,0,0,0.00,0.019,0.967,60,0,0.431,-0.40,approach,approach,0.0000,0.0000,3.7326,0.2419,0.0271
13623.444,40.068,c2nav42,APPROACH_TARGET,UNKNOWN,OFF_MAPPED_GROUND,0,0,0.00,0.019,0.967,60,0,0.431,-0.40,approach,approach,0.0000,0.0000,3.7331,0.2419,0.0271
13623.731,40.168,c2nav42,APPROACH_TARGET,UNKNOWN,OFF_MAPPED_GROUND,0,0,0.00,0.018,0.967,60,0,0.431,-0.40,approach,approach,0.0300,-0.0000,3.7352,0.2419,0.0271
13624.008,40.268,c2nav42,APPROACH_TARGET,UNKNOWN,OFF_MAPPED_GROUND,0,0,0.00,0.018,0.967,60,0,0.431,-0.40,approach,approach,0.0300,-0.0000,3.7382,0.2420,0.0271
13624.267,40.368,c2nav42,APPROACH_TARGET,UNKNOWN,OFF_MAPPED_GROUND,0,0,0.00,0.018,0.967,60,0,0.431,-0.40,approach,approach,0.0300,-0.0000,3.7412,0.2421,0.0271
13624.533,40.468,c2nav42,APPROACH_TARGET,UNKNOWN,OFF_MAPPED_GROUND,0,0,0.00,0.017,0.983,60,0,0.431,-0.40,approach,approach,0.0300,-0.0000,3.7442,0.2422,0.0271
13624.809,40.568,c2nav42,APPROACH_TARGET,UNKNOWN,OFF_MAPPED_GROUND,0,0,0.00,0.017,0.983,60,0,0.431,-0.40,approach,approach,0.0300,-0.0000,3.7472,0.2423,0.0271
13625.066,40.668,c2nav42,APPROACH_TARGET,UNKNOWN,OFF_MAPPED_GROUND,0,0,0.00,0.017,0.983,60,0,0.431,-0.40,approach,approach,0.0300,-0.0000,3.7502,0.2423,0.0271
13625.325,40.768,c2nav42,APPROACH_TARGET,UNKNOWN,OFF_MAPPED_GROUND,0,0,0.00,0.017,0.983,60,0,0.431,-0.40,approach,approach,0.0300,-0.0000,3.7538,0.2424,0.0271
13625.571,40.868,c2nav42,APPROACH_TARGET,UNKNOWN,OFF_MAPPED_GROUND,0,0,0.00,0.017,0.983,60,0,0.431,-0.40,approach,approach,0.0300,-0.0000,3.7562,0.2425,0.0271
13625.829,40.968,c2nav42,APPROACH_TARGET,UNKNOWN,OFF_MAPPED_GROUND,0,0,0.00,0.017,0.983,60,0,0.431,-0.40,approach,approach,0.0300,-0.0000,3.7592,0.2426,0.0271
13626.075,41.068,c2nav42,APPROACH_TARGET,UNKNOWN,OFF_MAPPED_GROUND,0,0,0.00,0.017,0.983,60,0,0.431,-0.40,approach,approach,0.0300,-0.0000,3.7622,0.2427,0.0271
13626.311,41.168,c2nav42,APPROACH_TARGET,UNKNOWN,OFF_MAPPED_GROUND,0,0,0.00,0.017,0.983,60,0,0.431,-0.40,approach,approach,0.0300,-0.0000,3.7652,0.2427,0.0271
13626.555,41.268,c2nav42,APPROACH_TARGET,UNKNOWN,OFF_MAPPED_GROUND,0,0,0.00,0.017,0.983,60,0,0.431,-0.40,approach,approach,0.0300,-0.0000,3.7688,0.2428,0.0271
13626.785,41.368,c2nav42,APPROACH_TARGET,UNKNOWN,OFF_MAPPED_GROUND,0,0,0.00,0.017,0.983,60,0,0.431,-0.40,approach,approach,0.0300,-0.0000,3.7712,0.2429,0.0271
13627.030,41.468,c2nav42,APPROACH_TARGET,UNKNOWN,OFF_MAPPED_GROUND,0,0,0.00,0.017,0.983,60,0,0.431,-0.40,approach,approach,0.0300,-0.0000,3.7742,0.2430,0.0271
13627.265,41.568,c2nav42,APPROACH_TARGET,UNKNOWN,OFF_MAPPED_GROUND,0,0,0.00,0.017,0.983,60,0,0.431,-0.40,approach,approach,0.0300,-0.0000,3.7772,0.2431,0.0271
13627.523,41.668,c2nav42,APPROACH_TARGET,UNKNOWN,OFF_MAPPED_GROUND,0,0,0.00,0.017,0.983,60,0,0.431,-0.40,approach,approach,0.0300,-0.0000,3.7802,0.2432,0.0271
13627.772,41.768,c2nav42,APPROACH_TARGET,UNKNOWN,OFF_MAPPED_GROUND,0,0,0.00,0.017,0.983,60,0,0.408,-0.40,approach,approach,0.0300,-0.0000,3.7832,0.2432,0.0271
13628.039,41.868,c2nav42,APPROACH_TARGET,UNKNOWN,OFF_MAPPED_GROUND,0,0,0.00,0.017,0.983,60,0,0.408,-0.40,approach,approach,0.0300,-0.0000,3.7861,0.2433,0.0271
13628.302,41.968,c2nav42,APPROACH_TARGET,UNKNOWN,OFF_MAPPED_GROUND,0,0,0.00,0.016,1.000,60,0,0.408,-0.40,approach,approach,0.0300,-0.0000,3.7891,0.2434,0.0271
13628.590,42.068,c2nav42,APPROACH_TARGET,UNKNOWN,OFF_MAPPED_GROUND,0,0,0.00,0.015,1.000,60,0,0.408,-0.40,approach,approach,0.0300,-0.0000,3.7927,0.2435,0.0271
13628.837,42.168,c2nav42,APPROACH_TARGET,UNKNOWN,OFF_MAPPED_GROUND,0,0,0.00,0.015,1.000,60,0,0.408,-0.40,approach,approach,0.0300,-0.0000,3.7951,0.2436,0.0271
13629.102,42.268,c2nav42,APPROACH_TARGET,UNKNOWN,OFF_MAPPED_GROUND,0,0,0.00,0.015,1.000,60,0,0.408,-0.40,approach,approach,0.0300,-0.0000,3.7981,0.2436,0.0271
13629.415,42.368,c2nav42,APPROACH_TARGET,UNKNOWN,OFF_MAPPED_GROUND,0,0,0.00,0.015,1.000,60,0,0.408,-0.40,approach,approach,0.0300,-0.0000,3.8011,0.2437,0.0271
13629.717,42.468,c2nav42,APPROACH_TARGET,UNKNOWN,OFF_MAPPED_GROUND,0,0,0.00,0.015,1.000,60,0,0.408,-0.40,approach,approach,0.0300,-0.0000,3.8041,0.2438,0.0271
13630.036,42.570,c2nav42,APPROACH_TARGET,UNKNOWN,OFF_MAPPED_GROUND,0,0,0.00,0.015,1.000,60,0,0.408,-0.40,approach,approach,0.0300,-0.0000,3.8071,0.2439,0.0271
13630.311,42.668,c2nav42,APPROACH_TARGET,UNKNOWN,OFF_MAPPED_GROUND,0,0,0.00,0.015,1.000,60,0,0.408,-0.40,approach,approach,0.0300,-0.0000,3.8101,0.2440,0.0271
13630.579,42.768,c2nav42,APPROACH_TARGET,UNKNOWN,OFF_MAPPED_GROUND,0,0,0.00,0.015,1.000,60,0,0.408,-0.40,approach,approach,0.0300,-0.0000,3.8131,0.2440,0.0271
13630.844,42.868,c2nav42,APPROACH_TARGET,UNKNOWN,OFF_MAPPED_GROUND,0,0,0.00,0.015,1.000,60,0,0.408,-0.40,approach,approach,0.0300,-0.0000,3.8161,0.2441,0.0271
13631.103,42.968,c2nav42,APPROACH_TARGET,UNKNOWN,OFF_MAPPED_GROUND,0,0,0.00,0.015,1.000,60,0,0.408,-0.40,approach,approach,0.0300,-0.0000,3.8191,0.2442,0.0271
13631.377,43.068,c2nav42,APPROACH_TARGET,UNKNOWN,OFF_MAPPED_GROUND,0,0,0.00,0.015,1.000,60,0,0.408,-0.40,approach,approach,0.0300,-0.0000,3.8221,0.2443,0.0271
13631.630,43.172,c2nav42,APPROACH_TARGET,UNKNOWN,OFF_MAPPED_GROUND,0,0,0.00,0.015,1.000,60,0,0.408,-0.40,approach,approach,0.0300,-0.0000,3.8257,0.2444,0.0271
13631.851,43.268,c2nav42,APPROACH_TARGET,UNKNOWN,OFF_MAPPED_GROUND,0,0,0.00,0.015,1.000,60,0,0.408,-0.40,approach,approach,0.0300,-0.0000,3.8281,0.2445,0.0271
13632.098,43.368,c2nav42,APPROACH_TARGET,UNKNOWN,OFF_MAPPED_GROUND,0,0,0.00,0.015,1.000,60,0,0.408,-0.40,approach,approach,0.0300,-0.0000,3.8311,0.2445,0.0271
13632.337,43.468,c2nav42,APPROACH_TARGET,UNKNOWN,OFF_MAPPED_GROUND,0,0,0.00,0.015,1.000,60,0,0.408,-0.40,approach,approach,0.0300,-0.0000,3.8341,0.2446,0.0271
13632.602,43.568,c2nav42,APPROACH_TARGET,UNKNOWN,OFF_MAPPED_GROUND,0,0,0.00,0.014,1.000,60,0,0.408,-0.40,approach,approach,0.0300,-0.0000,3.8377,0.2447,0.0271
13632.826,43.668,c2nav42,APPROACH_TARGET,UNKNOWN,OFF_MAPPED_GROUND,0,0,0.00,0.013,1.000,60,0,0.408,-0.40,approach,approach,0.0300,-0.0000,3.8401,0.2448,0.0271
13633.101,43.768,c2nav42,APPROACH_TARGET,UNKNOWN,OFF_MAPPED_GROUND,0,0,0.00,0.013,1.000,60,0,0.408,-0.40,approach,approach,0.0300,-0.0000,3.8431,0.2449,0.0271
13633.340,43.868,c2nav42,APPROACH_TARGET,UNKNOWN,OFF_MAPPED_GROUND,0,0,0.00,0.014,1.000,60,0,0.408,-0.40,approach,approach,0.0300,-0.0000,3.8461,0.2449,0.0271
13633.623,43.970,c2nav42,APPROACH_TARGET,UNKNOWN,OFF_MAPPED_GROUND,0,0,0.00,0.014,1.000,60,0,0.408,-0.40,approach,approach,0.0300,-0.0000,3.8497,0.2450,0.0271
13633.934,44.068,c2nav42,APPROACH_TARGET,UNKNOWN,OFF_MAPPED_GROUND,0,0,0.00,0.014,1.000,60,0,0.408,-0.40,approach,approach,0.0300,-0.0000,3.8521,0.2451,0.0271
13634.207,44.168,c2nav42,APPROACH_TARGET,UNKNOWN,OFF_MAPPED_GROUND,0,0,0.00,0.015,1.000,60,0,0.408,-0.40,approach,approach,0.0300,-0.0000,3.8551,0.2452,0.0271
13634.495,44.268,c2nav42,APPROACH_TARGET,UNKNOWN,OFF_MAPPED_GROUND,0,0,0.00,0.015,1.000,60,0,0.408,-0.40,approach,approach,0.0300,-0.0000,3.8581,0.2453,0.0271
13634.793,44.368,c2nav42,APPROACH_TARGET,UNKNOWN,OFF_MAPPED_GROUND,0,0,0.00,0.015,1.000,60,0,0.408,-0.40,approach,approach,0.0300,-0.0000,3.8611,0.2453,0.0271
13635.043,44.468,c2nav42,APPROACH_TARGET,UNKNOWN,OFF_MAPPED_GROUND,0,0,0.00,0.015,1.000,60,0,0.408,-0.40,approach,approach,0.0300,-0.0000,3.8641,0.2454,0.0271
13635.276,44.568,c2nav42,APPROACH_TARGET,UNKNOWN,OFF_MAPPED_GROUND,0,0,0.00,0.015,1.000,60,0,0.408,-0.40,approach,approach,0.0300,-0.0000,3.8671,0.2455,0.0271
13635.542,44.668,c2nav42,APPROACH_TARGET,UNKNOWN,OFF_MAPPED_GROUND,0,0,0.00,0.015,1.000,60,0,0.408,-0.40,approach,approach,0.0300,-0.0000,3.8701,0.2456,0.0271
13635.890,44.768,c2nav42,APPROACH_TARGET,UNKNOWN,OFF_MAPPED_GROUND,0,0,0.00,0.015,1.000,60,0,0.408,-0.40,approach,approach,0.0300,-0.0000,3.8731,0.2457,0.0271
13636.152,44.868,c2nav42,APPROACH_TARGET,UNKNOWN,OFF_MAPPED_GROUND,0,0,0.00,0.015,1.000,60,0,0.408,-0.40,approach,approach,0.0300,-0.0000,3.8767,0.2458,0.0271
13636.459,44.968,c2nav42,APPROACH_TARGET,UNKNOWN,OFF_MAPPED_GROUND,0,0,0.00,0.015,1.000,60,0,0.408,-0.40,approach,approach,0.0300,-0.0000,3.8791,0.2458,0.0271
13636.721,45.068,c2nav42,APPROACH_TARGET,UNKNOWN,OFF_MAPPED_GROUND,0,0,0.00,0.015,1.000,60,0,0.408,-0.40,approach,approach,0.0300,-0.0000,3.8821,0.2459,0.0271
13636.956,45.168,c2nav42,APPROACH_TARGET,UNKNOWN,OFF_MAPPED_GROUND,0,0,0.00,0.015,1.000,60,0,0.408,-0.40,approach,approach,0.0300,-0.0000,3.8851,0.2460,0.0271
13637.227,45.268,c2nav42,APPROACH_TARGET,UNKNOWN,OFF_MAPPED_GROUND,0,0,0.00,0.015,1.000,60,0,0.408,-0.40,approach,approach,0.0300,-0.0000,3.8881,0.2461,0.0271
13637.504,45.368,c2nav42,APPROACH_TARGET,UNKNOWN,OFF_MAPPED_GROUND,0,0,0.00,0.015,1.000,60,0,0.408,-0.40,approach,approach,0.0300,-0.0000,3.8911,0.2462,0.0271
13637.818,45.468,c2nav42,APPROACH_TARGET,UNKNOWN,OFF_MAPPED_GROUND,0,0,0.00,0.015,1.000,60,0,0.408,-0.40,approach,approach,0.0300,-0.0000,3.8941,0.2462,0.0271
13638.047,45.568,c2nav42,APPROACH_TARGET,UNKNOWN,OFF_MAPPED_GROUND,0,0,0.00,0.014,1.000,60,0,0.408,-0.40,approach,approach,0.0000,0.0000,3.8954,0.2463,0.0271
13638.322,45.668,c2nav42,GRASP,UNKNOWN,OFF_MAPPED_GROUND,0,0,0.00,0.015,1.000,60,0,0.408,-0.40,idle,none,0.0000,0.0000,3.8954,0.2463,0.0271
13638.570,45.768,c2nav42,GRASP,UNKNOWN,OFF_MAPPED_GROUND,0,0,0.00,0.015,1.000,60,0,0.408,-0.40,idle,none,0.0000,0.0000,3.8954,0.2463,0.0271
13638.844,45.868,c2nav42,GRASP,UNKNOWN,OFF_MAPPED_GROUND,0,0,0.00,0.015,1.000,60,0,0.408,-0.40,idle,none,0.0000,0.0000,3.8954,0.2463,0.0271
13639.080,45.968,c2nav42,GRASP,UNKNOWN,OFF_MAPPED_GROUND,0,0,0.00,0.015,1.000,60,0,0.408,-0.40,idle,none,0.0000,0.0000,3.8954,0.2463,0.0271
13639.338,46.076,c2nav42,GRASP,UNKNOWN,OFF_MAPPED_GROUND,0,0,0.00,0.015,1.000,60,0,0.408,-0.40,idle,none,0.0000,0.0000,3.8954,0.2463,0.0271
13639.559,46.168,c2nav42,GRASP,UNKNOWN,OFF_MAPPED_GROUND,0,0,0.00,0.015,1.000,60,0,0.408,-0.40,idle,none,0.0000,0.0000,3.8954,0.2463,0.0271
13639.815,46.268,c2nav42,GRASP,UNKNOWN,OFF_MAPPED_GROUND,0,0,0.00,0.015,1.000,60,0,0.408,-0.40,idle,none,0.0000,0.0000,3.8954,0.2463,0.0271
13640.062,46.368,c2nav42,GRASP,UNKNOWN,OFF_MAPPED_GROUND,0,0,0.00,0.015,1.000,60,0,0.408,-0.40,idle,none,0.0000,0.0000,3.8954,0.2463,0.0271
13640.309,46.470,c2nav42,GRASP,UNKNOWN,OFF_MAPPED_GROUND,0,0,0.00,0.015,1.000,60,0,0.408,-0.40,idle,none,0.0000,0.0000,3.8954,0.2463,0.0271
13640.521,46.568,c2nav42,GRASP,UNKNOWN,OFF_MAPPED_GROUND,0,0,0.00,0.015,1.000,60,0,0.408,-0.40,idle,none,0.0000,0.0000,3.8954,0.2463,0.0271
13640.771,46.674,c2nav42,GRASP,UNKNOWN,OFF_MAPPED_GROUND,0,0,0.00,0.015,1.000,60,0,0.408,-0.39,idle,none,0.0000,0.0000,3.8954,0.2463,0.0271
13641.004,46.768,c2nav42,GRASP,UNKNOWN,OFF_MAPPED_GROUND,0,0,0.00,0.015,1.000,60,0,0.408,-0.39,idle,none,0.0000,0.0000,3.8954,0.2463,0.0271
13641.246,46.868,c2nav42,GRASP,UNKNOWN,OFF_MAPPED_GROUND,0,0,0.00,0.015,1.000,60,0,0.408,-0.40,idle,none,0.0000,0.0000,3.8954,0.2463,0.0271
13641.494,46.968,c2nav42,GRASP,UNKNOWN,OFF_MAPPED_GROUND,0,0,0.00,0.015,1.000,60,0,0.408,-0.40,idle,none,0.0000,0.0000,3.8954,0.2463,0.0271
13641.756,47.070,c2nav42,GRASP,UNKNOWN,OFF_MAPPED_GROUND,0,0,0.00,0.015,1.000,60,0,0.408,-0.40,idle,none,0.0000,0.0000,3.8954,0.2463,0.0271
13642.021,47.170,c2nav42,GRASP,UNKNOWN,OFF_MAPPED_GROUND,0,0,0.00,0.015,1.000,60,0,0.408,-0.40,idle,none,0.0000,0.0000,3.8954,0.2463,0.0271
13642.317,47.268,c2nav42,GRASP,UNKNOWN,OFF_MAPPED_GROUND,0,0,0.00,0.015,1.000,60,0,0.408,-0.40,idle,none,0.0000,0.0000,3.8954,0.2463,0.0271
13642.580,47.368,c2nav42,GRASP,UNKNOWN,OFF_MAPPED_GROUND,0,0,0.00,0.015,1.000,60,0,0.408,-0.40,idle,none,0.0000,0.0000,3.8954,0.2463,0.0271
13642.904,47.468,c2nav42,GRASP,UNKNOWN,OFF_MAPPED_GROUND,0,0,0.00,0.015,1.000,60,0,0.408,-0.40,idle,none,0.0000,0.0000,3.8954,0.2463,0.0271
13643.156,47.568,c2nav42,GRASP,UNKNOWN,OFF_MAPPED_GROUND,0,0,0.00,0.015,1.000,60,0,0.408,-0.40,idle,none,0.0000,0.0000,3.8954,0.2463,0.0271
13643.393,47.668,c2nav42,GRASP,UNKNOWN,OFF_MAPPED_GROUND,0,0,0.00,0.015,1.000,60,0,0.408,-0.40,idle,none,0.0000,0.0000,3.8954,0.2463,0.0271
13643.652,47.768,c2nav42,GRASP,UNKNOWN,OFF_MAPPED_GROUND,0,0,0.00,0.015,1.000,60,0,0.408,-0.40,idle,none,0.0000,0.0000,3.8954,0.2463,0.0271
13643.892,47.868,c2nav42,GRASP,UNKNOWN,OFF_MAPPED_GROUND,0,0,0.00,0.015,1.000,60,0,0.408,-0.40,idle,none,0.0000,0.0000,3.8954,0.2463,0.0271
13644.163,47.968,c2nav42,GRASP,UNKNOWN,OFF_MAPPED_GROUND,0,0,0.00,0.015,1.000,60,0,0.408,-0.40,idle,none,0.0000,0.0000,3.8954,0.2463,0.0271
13644.465,48.068,c2nav42,GRASP,UNKNOWN,OFF_MAPPED_GROUND,0,0,0.00,0.015,1.000,60,0,0.408,-0.40,idle,none,0.0000,0.0000,3.8954,0.2463,0.0271
13644.686,48.168,c2nav42,GRASP,UNKNOWN,OFF_MAPPED_GROUND,0,0,0.00,0.015,1.000,60,0,0.408,-0.40,idle,none,0.0000,0.0000,3.8954,0.2463,0.0271
13644.937,48.268,c2nav42,GRASP,UNKNOWN,OFF_MAPPED_GROUND,0,0,0.00,0.015,1.000,60,0,0.408,-0.40,idle,none,0.0000,0.0000,3.8954,0.2463,0.0271
13645.155,48.368,c2nav42,GRASP,UNKNOWN,OFF_MAPPED_GROUND,0,0,0.00,0.015,1.000,60,0,0.408,-0.40,idle,none,0.0000,0.0000,3.8954,0.2463,0.0271
13645.386,48.468,c2nav42,GRASP,UNKNOWN,OFF_MAPPED_GROUND,0,0,0.00,0.015,1.000,60,0,0.408,-0.40,idle,none,0.0000,0.0000,3.8954,0.2463,0.0271
13645.646,48.568,c2nav42,GRASP,UNKNOWN,OFF_MAPPED_GROUND,0,0,0.00,0.015,1.000,60,0,0.408,-0.40,idle,none,0.0000,0.0000,3.8954,0.2463,0.0271
13645.913,48.668,c2nav42,GRASP,UNKNOWN,OFF_MAPPED_GROUND,0,0,0.00,0.015,1.000,60,0,0.408,-0.40,idle,none,0.0000,0.0000,3.8954,0.2463,0.0271
13646.149,48.768,c2nav42,GRASP,UNKNOWN,OFF_MAPPED_GROUND,0,0,0.00,0.029,0.983,60,0,0.408,-0.40,idle,none,0.0000,0.0000,3.8954,0.2463,0.0271
13646.390,48.868,c2nav42,GRASP,UNKNOWN,OFF_MAPPED_GROUND,0,0,0.00,0.073,0.933,60,0,0.408,-0.40,idle,none,0.0000,0.0000,3.8954,0.2463,0.0271
13646.660,48.968,c2nav42,GRASP,UNKNOWN,OFF_MAPPED_GROUND,0,0,0.00,0.058,0.950,60,0,0.408,-0.40,idle,none,0.0000,0.0000,3.8954,0.2463,0.0271
13646.900,49.068,c2nav42,GRASP,UNKNOWN,OFF_MAPPED_GROUND,0,0,0.00,0.058,0.950,60,0,0.408,-0.40,idle,none,0.0000,0.0000,3.8954,0.2463,0.0271
13647.123,49.168,c2nav42,GRASP,UNKNOWN,OFF_MAPPED_GROUND,0,0,0.00,0.060,0.950,60,0,0.408,-0.40,idle,none,0.0000,0.0000,3.8954,0.2463,0.0271
13647.358,49.268,c2nav42,GRASP,UNKNOWN,OFF_MAPPED_GROUND,0,0,0.00,0.045,0.967,60,0,0.408,-0.40,idle,none,0.0000,0.0000,3.8954,0.2463,0.0271
13647.634,49.368,c2nav42,GRASP,UNKNOWN,OFF_MAPPED_GROUND,0,0,0.00,0.015,1.000,60,0,0.408,-0.40,idle,none,0.0000,0.0000,3.8954,0.2463,0.0271
13647.894,49.468,c2nav42,GRASP,UNKNOWN,OFF_MAPPED_GROUND,0,0,0.00,0.015,1.000,60,0,0.408,-0.40,idle,none,0.0000,0.0000,3.8954,0.2463,0.0271
13648.206,49.568,c2nav42,GRASP,UNKNOWN,OFF_MAPPED_GROUND,0,0,0.00,0.015,1.000,60,0,0.408,-0.40,idle,none,0.0000,0.0000,3.8954,0.2463,0.0271
13648.451,49.668,c2nav42,GRASP,UNKNOWN,OFF_MAPPED_GROUND,0,0,0.00,0.015,1.000,60,0,0.408,-0.40,idle,none,0.0000,0.0000,3.8954,0.2463,0.0271
13648.714,49.768,c2nav42,GRASP,UNKNOWN,OFF_MAPPED_GROUND,0,0,0.00,0.015,1.000,60,0,0.408,-0.40,idle,none,0.0000,0.0000,3.8954,0.2463,0.0271
13649.045,49.868,c2nav42,GRASP,UNKNOWN,OFF_MAPPED_GROUND,0,0,0.00,0.015,1.000,60,0,0.408,-0.40,idle,none,0.0000,0.0000,3.8954,0.2463,0.0271
13649.352,49.968,c2nav42,GRASP,UNKNOWN,OFF_MAPPED_GROUND,0,0,0.00,0.015,1.000,60,0,0.408,-0.40,idle,none,0.0000,0.0000,3.8954,0.2463,0.0271
13649.646,50.068,c2nav42,GRASP,UNKNOWN,OFF_MAPPED_GROUND,0,0,0.00,0.015,1.000,60,0,0.408,-0.40,idle,none,0.0000,0.0000,3.8954,0.2463,0.0271
13649.917,50.168,c2nav42,GRASP,UNKNOWN,OFF_MAPPED_GROUND,0,0,0.00,0.015,1.000,60,0,0.408,-0.40,idle,none,0.0000,0.0000,3.8954,0.2463,0.0271
13650.147,50.268,c2nav42,GRASP,UNKNOWN,OFF_MAPPED_GROUND,0,0,0.00,0.015,1.000,60,0,0.408,-0.40,idle,none,0.0000,0.0000,3.8954,0.2463,0.0271
13650.376,50.368,c2nav42,GRASP,UNKNOWN,OFF_MAPPED_GROUND,0,0,0.00,0.015,1.000,60,0,0.408,-0.40,idle,none,0.0000,0.0000,3.8954,0.2463,0.0271
13650.669,50.468,c2nav42,GRASP,UNKNOWN,OFF_MAPPED_GROUND,0,0,0.00,0.015,1.000,60,0,0.408,-0.40,idle,none,0.0000,0.0000,3.8954,0.2463,0.0271
13650.953,50.568,c2nav42,GRASP,UNKNOWN,OFF_MAPPED_GROUND,0,0,0.00,0.015,1.000,60,0,0.408,-0.40,idle,none,0.0000,0.0000,3.8954,0.2463,0.0271
13651.187,50.668,c2nav42,GRASP,UNKNOWN,OFF_MAPPED_GROUND,0,0,0.00,0.015,1.000,60,0,0.408,-0.40,idle,none,0.0000,0.0000,3.8954,0.2463,0.0271
13651.414,50.770,c2nav42,GRASP,UNKNOWN,OFF_MAPPED_GROUND,0,0,0.00,0.015,1.000,60,0,0.408,-0.40,idle,none,0.0000,0.0000,3.8954,0.2463,0.0271
13651.698,50.868,c2nav42,GRASP,UNKNOWN,OFF_MAPPED_GROUND,0,0,0.00,0.015,1.000,60,0,0.408,-0.40,idle,none,0.0000,0.0000,3.8954,0.2463,0.0271
13651.972,50.968,c2nav42,GRASP,UNKNOWN,OFF_MAPPED_GROUND,0,0,0.00,0.015,1.000,60,0,0.408,-0.40,idle,none,0.0000,0.0000,3.8954,0.2463,0.0271
13652.231,51.068,c2nav42,GRASP,UNKNOWN,OFF_MAPPED_GROUND,0,0,0.00,0.015,1.000,60,0,0.408,-0.40,idle,none,0.0000,0.0000,3.8954,0.2463,0.0271
13652.461,51.168,c2nav42,GRASP,UNKNOWN,OFF_MAPPED_GROUND,0,0,0.00,0.015,1.000,60,0,0.408,-0.40,idle,none,0.0000,0.0000,3.8954,0.2463,0.0271
13652.716,51.268,c2nav42,GRASP,UNKNOWN,OFF_MAPPED_GROUND,0,0,0.00,0.015,1.000,60,0,0.408,-0.40,idle,none,0.0000,0.0000,3.8954,0.2463,0.0271
13652.972,51.368,c2nav42,GRASP,UNKNOWN,OFF_MAPPED_GROUND,0,0,0.00,0.015,1.000,60,0,0.408,-0.40,idle,none,0.0000,0.0000,3.8954,0.2463,0.0271
13653.215,51.468,c2nav42,GRASP,UNKNOWN,OFF_MAPPED_GROUND,0,0,0.00,0.015,1.000,60,0,0.408,-0.40,idle,none,0.0000,0.0000,3.8954,0.2463,0.0271
13653.456,51.568,c2nav42,GRASP,UNKNOWN,OFF_MAPPED_GROUND,0,0,0.00,0.015,1.000,60,0,0.408,-0.40,idle,none,0.0000,0.0000,3.8954,0.2463,0.0271
13653.756,51.668,c2nav42,GRASP,UNKNOWN,OFF_MAPPED_GROUND,0,0,0.00,0.015,1.000,60,0,0.408,-0.40,idle,none,0.0000,0.0000,3.8954,0.2463,0.0271
13654.030,51.768,c2nav42,GRASP,UNKNOWN,OFF_MAPPED_GROUND,0,0,0.00,0.015,1.000,60,0,0.408,-0.40,idle,none,0.0000,0.0000,3.8954,0.2463,0.0271
13654.343,51.868,c2nav42,GRASP,UNKNOWN,OFF_MAPPED_GROUND,0,0,0.00,0.015,1.000,60,0,0.408,-0.40,idle,none,0.0000,0.0000,3.8954,0.2463,0.0271
13654.606,51.968,c2nav42,GRASP,UNKNOWN,OFF_MAPPED_GROUND,0,0,0.00,0.015,1.000,60,0,0.408,-0.40,idle,none,0.0000,0.0000,3.8954,0.2463,0.0271
13654.861,52.068,c2nav42,GRASP,UNKNOWN,OFF_MAPPED_GROUND,0,0,0.00,0.015,1.000,60,0,0.408,-0.40,idle,none,0.0000,0.0000,3.8954,0.2463,0.0271
13655.122,52.168,c2nav42,GRASP,UNKNOWN,OFF_MAPPED_GROUND,0,0,0.00,0.015,1.000,60,0,0.408,-0.40,idle,none,0.0000,0.0000,3.8954,0.2463,0.0271
13655.408,52.268,c2nav42,GRASP,UNKNOWN,OFF_MAPPED_GROUND,0,0,0.00,0.015,1.000,60,0,0.408,-0.40,idle,none,0.0000,0.0000,3.8954,0.2463,0.0271
13655.648,52.368,c2nav42,GRASP,UNKNOWN,OFF_MAPPED_GROUND,0,0,0.00,0.015,1.000,60,0,0.408,-0.40,idle,none,0.0000,0.0000,3.8954,0.2463,0.0271
13655.989,52.468,c2nav42,GRASP,UNKNOWN,OFF_MAPPED_GROUND,0,0,0.00,0.015,1.000,60,0,0.408,-0.40,idle,none,0.0000,0.0000,3.8954,0.2463,0.0271
13656.234,52.568,c2nav42,GRASP,UNKNOWN,OFF_MAPPED_GROUND,0,0,0.00,0.015,1.000,60,0,0.408,-0.39,idle,none,0.0000,0.0000,3.8954,0.2463,0.0271
13656.510,52.668,c2nav42,GRASP,UNKNOWN,OFF_MAPPED_GROUND,0,0,0.00,0.015,1.000,60,0,0.408,-0.40,idle,none,0.0000,0.0000,3.8954,0.2463,0.0271
13656.781,52.768,c2nav42,GRASP,UNKNOWN,OFF_MAPPED_GROUND,0,0,0.00,0.015,1.000,60,0,0.408,-0.40,idle,none,0.0000,0.0000,3.8954,0.2463,0.0271
13657.165,52.868,c2nav42,GRASP,UNKNOWN,OFF_MAPPED_GROUND,0,0,0.00,0.015,1.000,60,0,0.408,-0.40,idle,none,0.0000,0.0000,3.8954,0.2463,0.0271
13657.432,52.968,c2nav42,GRASP,UNKNOWN,OFF_MAPPED_GROUND,0,0,0.00,0.015,1.000,60,0,0.408,-0.40,idle,none,0.0000,0.0000,3.8954,0.2463,0.0271
13657.713,53.068,c2nav42,GRASP,UNKNOWN,OFF_MAPPED_GROUND,0,0,0.00,0.015,1.000,60,0,0.408,-0.40,idle,none,0.0000,0.0000,3.8954,0.2463,0.0271
13657.950,53.168,c2nav42,GRASP,UNKNOWN,OFF_MAPPED_GROUND,0,0,0.00,0.015,1.000,60,0,0.408,-0.40,idle,none,0.0000,0.0000,3.8954,0.2463,0.0271
13658.235,53.272,c2nav42,GRASP,UNKNOWN,OFF_MAPPED_GROUND,0,0,0.00,0.015,1.000,60,0,0.408,-0.40,idle,none,0.0000,0.0000,3.8954,0.2463,0.0271
13658.477,53.368,c2nav42,GRASP,UNKNOWN,OFF_MAPPED_GROUND,0,0,0.00,0.015,1.000,60,0,0.408,-0.40,idle,none,0.0000,0.0000,3.8954,0.2463,0.0271
13658.738,53.468,c2nav42,GRASP,UNKNOWN,OFF_MAPPED_GROUND,0,0,0.00,0.015,1.000,60,0,0.408,-0.40,idle,none,0.0000,0.0000,3.8954,0.2463,0.0271
13659.021,53.568,c2nav42,GRASP,UNKNOWN,OFF_MAPPED_GROUND,0,0,0.00,0.015,1.000,60,0,0.408,-0.40,idle,none,0.0000,0.0000,3.8954,0.2463,0.0271
13659.266,53.668,c2nav42,GRASP,UNKNOWN,OFF_MAPPED_GROUND,0,0,0.00,0.015,1.000,60,0,0.408,-0.40,idle,none,0.0000,0.0000,3.8954,0.2463,0.0271
13659.501,53.768,c2nav42,GRASP,UNKNOWN,OFF_MAPPED_GROUND,0,0,0.00,0.015,1.000,60,0,0.408,-0.40,idle,none,0.0000,0.0000,3.8954,0.2463,0.0271
13659.739,53.868,c2nav42,GRASP,UNKNOWN,OFF_MAPPED_GROUND,0,0,0.00,0.015,1.000,60,0,0.408,-0.40,idle,none,0.0000,0.0000,3.8954,0.2463,0.0271
13659.984,53.968,c2nav42,GRASP,UNKNOWN,OFF_MAPPED_GROUND,0,0,0.00,0.015,1.000,60,0,0.408,-0.40,idle,none,0.0000,0.0000,3.8954,0.2463,0.0271
13660.237,54.068,c2nav42,GRASP,UNKNOWN,OFF_MAPPED_GROUND,0,0,0.00,0.015,1.000,60,0,0.408,-0.40,idle,none,0.0000,0.0000,3.8954,0.2463,0.0271
13660.498,54.168,c2nav42,GRASP,UNKNOWN,OFF_MAPPED_GROUND,0,0,0.00,0.015,1.000,60,0,0.408,-0.40,idle,none,0.0000,0.0000,3.8954,0.2463,0.0271
13660.758,54.268,c2nav42,GRASP,UNKNOWN,OFF_MAPPED_GROUND,0,0,0.00,0.015,1.000,60,0,0.408,-0.40,idle,none,0.0000,0.0000,3.8954,0.2463,0.0271
13661.021,54.368,c2nav42,GRASP,UNKNOWN,OFF_MAPPED_GROUND,0,0,0.00,0.015,1.000,60,0,0.408,-0.40,idle,none,0.0000,0.0000,3.8954,0.2463,0.0271
13661.275,54.468,c2nav42,GRASP,UNKNOWN,OFF_MAPPED_GROUND,0,0,0.00,0.015,1.000,60,0,0.408,-0.40,idle,none,0.0000,0.0000,3.8954,0.2463,0.0271
13661.588,54.568,c2nav42,GRASP,UNKNOWN,OFF_MAPPED_GROUND,0,0,0.00,0.015,1.000,60,0,0.408,-0.40,idle,none,0.0000,0.0000,3.8954,0.2463,0.0271
13661.875,54.668,c2nav42,GRASP,UNKNOWN,OFF_MAPPED_GROUND,0,0,0.00,0.015,1.000,60,0,0.408,-0.40,idle,none,0.0000,0.0000,3.8954,0.2463,0.0271
13662.175,54.768,c2nav42,GRASP,UNKNOWN,OFF_MAPPED_GROUND,0,0,0.00,0.015,1.000,60,0,0.408,-0.40,idle,none,0.0000,0.0000,3.8954,0.2463,0.0271
13662.445,54.868,c2nav42,GRASP,UNKNOWN,OFF_MAPPED_GROUND,0,0,0.00,0.015,1.000,60,0,0.408,-0.40,idle,none,0.0000,0.0000,3.8954,0.2463,0.0271
13662.684,54.968,c2nav42,GRASP,UNKNOWN,OFF_MAPPED_GROUND,0,0,0.00,0.015,1.000,60,0,0.408,-0.40,idle,none,0.0000,0.0000,3.8954,0.2463,0.0271
13662.924,55.068,c2nav42,GRASP,UNKNOWN,OFF_MAPPED_GROUND,0,0,0.00,0.015,1.000,60,0,0.408,-0.40,idle,none,0.0000,0.0000,3.8954,0.2463,0.0271
13663.190,55.168,c2nav42,GRASP,UNKNOWN,OFF_MAPPED_GROUND,0,0,0.00,0.015,1.000,60,0,0.408,-0.40,idle,none,0.0000,0.0000,3.8954,0.2463,0.0271
13663.414,55.268,c2nav42,GRASP,UNKNOWN,OFF_MAPPED_GROUND,0,0,0.00,0.015,1.000,60,0,0.408,-0.40,idle,none,0.0000,0.0000,3.8954,0.2463,0.0271
13663.641,55.368,c2nav42,GRASP,UNKNOWN,OFF_MAPPED_GROUND,0,0,0.00,0.015,1.000,60,0,0.408,-0.40,idle,none,0.0000,0.0000,3.8954,0.2463,0.0271
13663.919,55.468,c2nav42,GRASP,UNKNOWN,OFF_MAPPED_GROUND,0,0,0.00,0.015,1.000,60,0,0.408,-0.40,idle,none,0.0000,0.0000,3.8954,0.2463,0.0271
13664.185,55.568,c2nav42,GRASP,UNKNOWN,OFF_MAPPED_GROUND,0,0,0.00,0.015,1.000,60,0,0.408,-0.40,idle,none,0.0000,0.0000,3.8954,0.2463,0.0271
13664.422,55.668,c2nav42,GRASP,UNKNOWN,OFF_MAPPED_GROUND,0,0,0.00,0.015,1.000,60,0,0.408,-0.40,idle,none,0.0000,0.0000,3.8954,0.2463,0.0271
13664.655,55.768,c2nav42,GRASP,UNKNOWN,OFF_MAPPED_GROUND,0,0,0.00,0.015,1.000,60,0,0.408,-0.40,idle,none,0.0000,0.0000,3.8954,0.2463,0.0271
13664.876,55.868,c2nav42,GRASP,UNKNOWN,OFF_MAPPED_GROUND,0,0,0.00,0.015,1.000,60,0,0.408,-0.40,idle,none,0.0000,0.0000,3.8954,0.2463,0.0271
13665.114,55.968,c2nav42,GRASP,UNKNOWN,OFF_MAPPED_GROUND,0,0,0.00,0.015,1.000,60,0,0.408,-0.40,idle,none,0.0000,0.0000,3.8954,0.2463,0.0271
13665.329,56.068,c2nav42,GRASP,UNKNOWN,OFF_MAPPED_GROUND,0,0,0.00,0.015,1.000,60,0,0.408,-0.40,idle,none,0.0000,0.0000,3.8954,0.2463,0.0271
13665.549,56.168,c2nav42,GRASP,UNKNOWN,OFF_MAPPED_GROUND,0,0,0.00,0.015,1.000,60,0,0.408,-0.40,idle,none,0.0000,0.0000,3.8954,0.2463,0.0271
13665.762,56.268,c2nav42,GRASP,UNKNOWN,OFF_MAPPED_GROUND,0,0,0.00,0.015,1.000,60,0,0.408,-0.40,idle,none,0.0000,0.0000,3.8954,0.2463,0.0271
13666.014,56.370,c2nav42,GRASP,UNKNOWN,OFF_MAPPED_GROUND,0,0,0.00,0.015,1.000,60,0,0.408,-0.40,idle,none,0.0000,0.0000,3.8954,0.2463,0.0271
13666.222,56.468,c2nav42,GRASP,UNKNOWN,OFF_MAPPED_GROUND,0,0,0.00,0.015,1.000,60,0,0.408,-0.40,idle,none,0.0000,0.0000,3.8954,0.2463,0.0271
13666.466,56.568,c2nav42,GRASP,UNKNOWN,OFF_MAPPED_GROUND,0,0,0.00,0.015,1.000,60,0,0.408,-0.40,idle,none,0.0000,0.0000,3.8954,0.2463,0.0271
13666.716,56.668,c2nav42,GRASP,UNKNOWN,OFF_MAPPED_GROUND,0,0,0.00,0.015,1.000,60,0,0.408,-0.40,idle,none,0.0000,0.0000,3.8954,0.2463,0.0271
13667.007,56.768,c2nav42,GRASP,UNKNOWN,OFF_MAPPED_GROUND,0,0,0.00,0.015,1.000,60,0,0.408,-0.40,idle,none,0.0000,0.0000,3.8954,0.2463,0.0271
13667.236,56.868,c2nav42,GRASP,UNKNOWN,OFF_MAPPED_GROUND,0,0,0.00,0.015,1.000,60,0,0.408,-0.40,idle,none,0.0000,0.0000,3.8954,0.2463,0.0271
13667.487,56.968,c2nav42,GRASP,UNKNOWN,OFF_MAPPED_GROUND,0,0,0.00,0.015,1.000,60,0,0.408,-0.40,idle,none,0.0000,0.0000,3.8954,0.2463,0.0271
13667.769,57.068,c2nav42,GRASP,UNKNOWN,OFF_MAPPED_GROUND,0,0,0.00,0.015,1.000,60,0,0.408,-0.40,idle,none,0.0000,0.0000,3.8954,0.2463,0.0271
13668.027,57.168,c2nav42,GRASP,UNKNOWN,OFF_MAPPED_GROUND,0,0,0.00,0.015,1.000,60,0,0.408,-0.40,idle,none,0.0000,0.0000,3.8954,0.2463,0.0271
13668.326,57.268,c2nav42,GRASP,UNKNOWN,OFF_MAPPED_GROUND,0,0,0.00,0.015,1.000,60,0,0.408,-0.40,idle,none,0.0000,0.0000,3.8954,0.2463,0.0271
13668.577,57.368,c2nav42,GRASP,UNKNOWN,OFF_MAPPED_GROUND,0,0,0.00,0.015,1.000,60,0,0.408,-0.40,idle,none,0.0000,0.0000,3.8954,0.2463,0.0271
13668.816,57.468,c2nav42,GRASP,UNKNOWN,OFF_MAPPED_GROUND,0,0,0.00,0.015,1.000,60,0,0.408,-0.40,idle,none,0.0000,0.0000,3.8954,0.2463,0.0271
13669.046,57.568,c2nav42,GRASP,UNKNOWN,OFF_MAPPED_GROUND,0,0,0.00,0.015,1.000,60,0,0.408,-0.40,idle,none,0.0000,0.0000,3.8954,0.2463,0.0271
13669.299,57.668,c2nav42,GRASP,UNKNOWN,OFF_MAPPED_GROUND,0,0,0.00,0.015,1.000,60,0,0.408,-0.40,idle,none,0.0000,0.0000,3.8954,0.2463,0.0271
13669.571,57.768,c2nav42,GRASP,UNKNOWN,OFF_MAPPED_GROUND,0,0,0.00,0.015,1.000,60,0,0.408,-0.40,idle,none,0.0000,0.0000,3.8954,0.2463,0.0271
13669.840,57.868,c2nav42,GRASP,UNKNOWN,OFF_MAPPED_GROUND,0,0,0.00,0.015,1.000,60,0,0.408,-0.40,idle,none,0.0000,0.0000,3.8954,0.2463,0.0271
13670.224,57.968,c2nav42,GRASP,UNKNOWN,OFF_MAPPED_GROUND,0,0,0.00,0.015,1.000,60,0,0.408,-0.40,idle,none,0.0000,0.0000,3.8954,0.2463,0.0271
13670.436,58.068,c2nav42,GRASP,UNKNOWN,OFF_MAPPED_GROUND,0,0,0.00,0.015,1.000,60,0,0.408,-0.40,idle,none,0.0000,0.0000,3.8954,0.2463,0.0271
13670.686,58.168,c2nav42,GRASP,UNKNOWN,OFF_MAPPED_GROUND,0,0,0.00,0.015,1.000,60,0,0.408,-0.40,idle,none,0.0000,0.0000,3.8954,0.2463,0.0271
13670.976,58.268,c2nav42,GRASP,UNKNOWN,OFF_MAPPED_GROUND,0,0,0.00,0.015,1.000,60,0,0.408,-0.40,idle,none,0.0000,0.0000,3.8954,0.2463,0.0271
13671.252,58.370,c2nav42,GRASP,UNKNOWN,OFF_MAPPED_GROUND,0,0,0.00,0.015,1.000,60,0,0.408,-0.40,idle,none,0.0000,0.0000,3.8954,0.2463,0.0271
13671.492,58.468,c2nav42,GRASP,UNKNOWN,OFF_MAPPED_GROUND,0,0,0.00,0.015,1.000,60,0,0.408,-0.40,idle,none,0.0000,0.0000,3.8954,0.2463,0.0271
13671.749,58.568,c2nav42,GRASP,UNKNOWN,OFF_MAPPED_GROUND,0,0,0.00,0.015,1.000,60,0,0.408,-0.40,idle,none,0.0000,0.0000,3.8954,0.2463,0.0271
13671.983,58.668,c2nav42,GRASP,UNKNOWN,OFF_MAPPED_GROUND,0,0,0.00,0.015,1.000,60,0,0.408,-0.40,idle,none,0.0000,0.0000,3.8954,0.2463,0.0271
13672.243,58.768,c2nav42,GRASP,UNKNOWN,OFF_MAPPED_GROUND,0,0,0.00,0.015,1.000,60,0,0.408,-0.40,idle,none,0.0000,0.0000,3.8954,0.2463,0.0271
13672.469,58.868,c2nav42,GRASP,UNKNOWN,OFF_MAPPED_GROUND,0,0,0.00,0.015,1.000,60,0,0.408,-0.40,idle,none,0.0000,0.0000,3.8954,0.2463,0.0271
13672.678,58.968,c2nav42,GRASP,UNKNOWN,OFF_MAPPED_GROUND,0,0,0.00,0.015,1.000,60,0,0.408,-0.40,idle,none,0.0000,0.0000,3.8954,0.2463,0.0271
13672.911,59.068,c2nav42,GRASP,UNKNOWN,OFF_MAPPED_GROUND,0,0,0.00,0.015,1.000,60,0,0.408,-0.40,idle,none,0.0000,0.0000,3.8954,0.2463,0.0271
13673.146,59.168,c2nav42,GRASP,UNKNOWN,OFF_MAPPED_GROUND,0,0,0.00,0.015,1.000,60,0,0.408,-0.40,idle,none,0.0000,0.0000,3.8954,0.2463,0.0271
13673.404,59.272,c2nav42,GRASP,UNKNOWN,OFF_MAPPED_GROUND,0,0,0.00,0.015,1.000,60,0,0.408,-0.40,idle,none,0.0000,0.0000,3.8954,0.2463,0.0271
13673.642,59.368,c2nav42,GRASP,UNKNOWN,OFF_MAPPED_GROUND,0,0,0.00,0.015,1.000,60,0,0.408,-0.40,idle,none,0.0000,0.0000,3.8954,0.2463,0.0271
13673.863,59.468,c2nav42,GRASP,UNKNOWN,OFF_MAPPED_GROUND,0,0,0.00,0.015,1.000,60,0,0.408,-0.40,idle,none,0.0000,0.0000,3.8954,0.2463,0.0271
13674.131,59.568,c2nav42,GRASP,UNKNOWN,OFF_MAPPED_GROUND,0,0,0.00,0.015,1.000,60,0,0.408,-0.40,idle,none,0.0000,0.0000,3.8954,0.2463,0.0271
13674.438,59.672,c2nav42,GRASP,UNKNOWN,OFF_MAPPED_GROUND,0,0,0.00,0.015,1.000,60,0,0.408,-0.40,idle,none,0.0000,0.0000,3.8954,0.2463,0.0271
13674.664,59.768,c2nav42,GRASP,UNKNOWN,OFF_MAPPED_GROUND,0,0,0.00,0.015,1.000,60,0,0.408,-0.40,idle,none,0.0000,0.0000,3.8954,0.2463,0.0271
13674.970,59.868,c2nav42,GRASP,UNKNOWN,OFF_MAPPED_GROUND,0,0,0.00,0.015,1.000,60,0,0.408,-0.40,idle,none,0.0000,0.0000,3.8954,0.2463,0.0271
13675.210,59.968,c2nav42,GRASP,UNKNOWN,OFF_MAPPED_GROUND,0,0,0.00,0.015,1.000,60,0,0.408,-0.40,idle,none,0.0000,0.0000,3.8954,0.2463,0.0271
13675.433,60.068,c2nav42,GRASP,UNKNOWN,OFF_MAPPED_GROUND,0,0,0.00,0.015,1.000,60,0,0.408,-0.40,idle,none,0.0000,0.0000,3.8954,0.2463,0.0271
13675.633,60.168,c2nav42,GRASP,UNKNOWN,OFF_MAPPED_GROUND,0,0,0.00,0.015,1.000,60,0,0.408,-0.40,idle,none,0.0000,0.0000,3.8954,0.2463,0.0271
13675.852,60.268,c2nav42,GRASP,UNKNOWN,OFF_MAPPED_GROUND,0,0,0.00,0.046,0.967,60,0,0.408,-0.40,idle,none,0.0000,0.0000,3.8954,0.2463,0.0271
13676.091,60.368,c2nav42,GRASP,UNKNOWN,OFF_MAPPED_GROUND,0,0,0.00,0.046,0.967,60,0,0.408,-0.40,idle,none,0.0000,0.0000,3.8954,0.2463,0.0271
13676.373,60.468,c2nav42,GRASP,UNKNOWN,OFF_MAPPED_GROUND,0,0,0.00,0.045,0.967,60,0,0.408,-0.40,idle,none,0.0000,0.0000,3.8954,0.2463,0.0271
13676.601,60.568,c2nav42,GRASP,UNKNOWN,OFF_MAPPED_GROUND,0,0,0.00,0.045,0.967,60,0,0.408,-0.40,idle,none,0.0000,0.0000,3.8954,0.2463,0.0271
13676.816,60.668,c2nav42,GRASP,UNKNOWN,OFF_MAPPED_GROUND,0,0,0.00,0.045,0.967,60,0,0.408,-0.40,idle,none,0.0000,0.0000,3.8954,0.2463,0.0271
13677.048,60.768,c2nav42,GRASP,UNKNOWN,OFF_MAPPED_GROUND,0,0,0.00,0.045,0.967,60,0,0.408,-0.40,idle,none,0.0000,0.0000,3.8954,0.2463,0.0271
13677.280,60.868,c2nav42,GRASP,UNKNOWN,OFF_MAPPED_GROUND,0,0,0.00,0.045,0.967,60,0,0.408,-0.40,idle,none,0.0000,0.0000,3.8954,0.2463,0.0271
13677.492,60.968,c2nav42,GRASP,UNKNOWN,OFF_MAPPED_GROUND,0,0,0.00,0.045,0.967,60,0,0.408,-0.40,idle,none,0.0000,0.0000,3.8954,0.2463,0.0271
13677.712,61.068,c2nav42,GRASP,UNKNOWN,OFF_MAPPED_GROUND,0,0,0.00,0.045,0.967,60,0,0.408,-0.40,idle,none,0.0000,0.0000,3.8954,0.2463,0.0271
13677.930,61.168,c2nav42,GRASP,UNKNOWN,OFF_MAPPED_GROUND,0,0,0.00,0.045,0.967,60,0,0.408,-0.40,idle,none,0.0000,0.0000,3.8954,0.2463,0.0271
13678.194,61.268,c2nav42,GRASP,UNKNOWN,OFF_MAPPED_GROUND,0,0,0.00,0.045,0.967,60,0,0.408,-0.40,idle,none,0.0000,0.0000,3.8954,0.2463,0.0271
13678.414,61.368,c2nav42,GRASP,UNKNOWN,OFF_MAPPED_GROUND,0,0,0.00,0.045,0.967,60,0,0.408,-0.40,idle,none,0.0000,0.0000,3.8954,0.2463,0.0271
13678.638,61.468,c2nav42,GRASP,UNKNOWN,OFF_MAPPED_GROUND,0,0,0.00,0.045,0.967,60,0,0.408,-0.40,idle,none,0.0000,0.0000,3.8954,0.2463,0.0271
13678.855,61.568,c2nav42,GRASP,UNKNOWN,OFF_MAPPED_GROUND,0,0,0.00,0.045,0.967,60,0,0.408,-0.40,idle,none,0.0000,0.0000,3.8954,0.2463,0.0271
13679.089,61.668,c2nav42,GRASP,UNKNOWN,OFF_MAPPED_GROUND,0,0,0.00,0.045,0.967,60,0,0.408,-0.40,idle,none,0.0000,0.0000,3.8954,0.2463,0.0271
13679.316,61.768,c2nav42,GRASP,UNKNOWN,OFF_MAPPED_GROUND,0,0,0.00,0.060,0.950,60,0,0.408,-0.40,idle,none,0.0000,0.0000,3.8954,0.2463,0.0271
13679.570,61.868,c2nav42,GRASP,UNKNOWN,OFF_MAPPED_GROUND,0,0,0.00,0.060,0.950,60,0,0.408,-0.40,idle,none,0.0000,0.0000,3.8954,0.2463,0.0271
13679.813,61.968,c2nav42,GRASP,UNKNOWN,OFF_MAPPED_GROUND,0,0,0.00,0.060,0.950,60,0,0.408,-0.40,idle,none,0.0000,0.0000,3.8954,0.2463,0.0271
13680.112,62.068,c2nav42,GRASP,UNKNOWN,OFF_MAPPED_GROUND,0,0,0.00,0.060,0.950,60,0,0.408,-0.40,idle,none,0.0000,0.0000,3.8954,0.2463,0.0271
13680.411,62.168,c2nav42,GRASP,UNKNOWN,OFF_MAPPED_GROUND,0,0,0.00,0.060,0.950,60,0,0.408,-0.40,idle,none,0.0000,0.0000,3.8954,0.2463,0.0271
13680.624,62.268,c2nav42,GRASP,UNKNOWN,OFF_MAPPED_GROUND,0,0,0.00,0.060,0.950,60,0,0.408,-0.40,idle,none,0.0000,0.0000,3.8954,0.2463,0.0271
13680.938,62.370,c2nav42,GRASP,UNKNOWN,OFF_MAPPED_GROUND,0,0,0.00,0.061,0.950,60,0,0.408,-0.40,idle,none,0.0000,0.0000,3.8954,0.2463,0.0271
13681.178,62.468,c2nav42,GRASP,UNKNOWN,OFF_MAPPED_GROUND,0,0,0.00,0.061,0.950,60,0,0.408,-0.40,idle,none,0.0000,0.0000,3.8954,0.2463,0.0271
13681.463,62.568,c2nav42,GRASP,UNKNOWN,OFF_MAPPED_GROUND,0,0,0.00,0.061,0.950,60,0,0.408,-0.40,idle,none,0.0000,0.0000,3.8954,0.2463,0.0271
13681.716,62.668,c2nav42,GRASP,UNKNOWN,OFF_MAPPED_GROUND,0,0,0.00,0.074,0.933,60,0,0.408,-0.40,idle,none,0.0000,0.0000,3.8954,0.2463,0.0271
13681.955,62.768,c2nav42,GRASP,UNKNOWN,OFF_MAPPED_GROUND,0,0,0.00,0.074,0.933,60,0,0.408,-0.40,idle,none,0.0000,0.0000,3.8954,0.2463,0.0271
13682.183,62.868,c2nav42,GRASP,UNKNOWN,OFF_MAPPED_GROUND,0,0,0.00,0.074,0.933,60,0,0.408,-0.40,idle,none,0.0000,0.0000,3.8954,0.2463,0.0271
13682.450,62.974,c2nav42,GRASP,UNKNOWN,OFF_MAPPED_GROUND,0,0,0.00,0.089,0.917,60,0,0.408,-0.40,idle,none,0.0000,0.0000,3.8954,0.2463,0.0271
13682.692,63.068,c2nav42,GRASP,UNKNOWN,OFF_MAPPED_GROUND,0,0,0.00,0.089,0.917,60,0,0.408,-0.40,idle,none,0.0000,0.0000,3.8954,0.2463,0.0271
13682.958,63.170,c2nav42,GRASP,UNKNOWN,OFF_MAPPED_GROUND,0,0,0.00,0.089,0.917,60,0,0.408,-0.40,idle,none,0.0000,0.0000,3.8954,0.2463,0.0271
13683.204,63.268,c2nav42,GRASP,UNKNOWN,OFF_MAPPED_GROUND,0,0,0.00,0.089,0.917,60,0,0.408,-0.40,idle,none,0.0000,0.0000,3.8954,0.2463,0.0271
13683.461,63.368,c2nav42,GRASP,UNKNOWN,OFF_MAPPED_GROUND,0,0,0.00,0.088,0.917,60,0,0.408,-0.40,idle,none,0.0000,0.0000,3.8954,0.2463,0.0271
13683.698,63.468,c2nav42,GRASP,UNKNOWN,OFF_MAPPED_GROUND,0,0,0.00,0.088,0.917,60,0,0.408,-0.40,idle,none,0.0000,0.0000,3.8954,0.2463,0.0271
13683.965,63.568,c2nav42,GRASP,UNKNOWN,OFF_MAPPED_GROUND,0,0,0.00,0.089,0.917,60,0,0.408,-0.40,idle,none,0.0000,0.0000,3.8954,0.2463,0.0271
13684.202,63.668,c2nav42,GRASP,UNKNOWN,OFF_MAPPED_GROUND,0,0,0.00,0.089,0.917,60,0,0.408,-0.40,idle,none,0.0000,0.0000,3.8954,0.2463,0.0271
13684.445,63.768,c2nav42,GRASP,UNKNOWN,OFF_MAPPED_GROUND,0,0,0.00,0.089,0.917,60,0,0.408,-0.40,idle,none,0.0000,0.0000,3.8954,0.2463,0.0271
13684.697,63.868,c2nav42,GRASP,UNKNOWN,OFF_MAPPED_GROUND,0,0,0.00,0.103,0.900,60,0,0.408,-0.40,idle,none,0.0000,0.0000,3.8954,0.2463,0.0271
13684.945,63.968,c2nav42,GRASP,UNKNOWN,OFF_MAPPED_GROUND,0,0,0.00,0.103,0.900,60,0,0.408,-0.40,idle,none,0.0000,0.0000,3.8954,0.2463,0.0271
13685.174,64.068,c2nav42,GRASP,UNKNOWN,OFF_MAPPED_GROUND,0,0,0.00,0.103,0.900,60,0,0.408,-0.40,idle,none,0.0000,0.0000,3.8954,0.2463,0.0271
13685.391,64.168,c2nav42,GRASP,UNKNOWN,OFF_MAPPED_GROUND,0,0,0.00,0.103,0.900,60,0,0.408,-0.40,idle,none,0.0000,0.0000,3.8954,0.2463,0.0271
13685.608,64.268,c2nav42,GRASP,UNKNOWN,OFF_MAPPED_GROUND,0,0,0.00,0.103,0.900,60,0,0.408,-0.40,idle,none,0.0000,0.0000,3.8954,0.2463,0.0271
13685.834,64.368,c2nav42,GRASP,UNKNOWN,OFF_MAPPED_GROUND,0,0,0.00,0.103,0.900,60,0,0.408,-0.40,idle,none,0.0000,0.0000,3.8954,0.2463,0.0271
13686.073,64.468,c2nav42,GRASP,UNKNOWN,OFF_MAPPED_GROUND,0,0,0.00,0.103,0.900,60,0,0.408,-0.40,idle,none,0.0000,0.0000,3.8954,0.2463,0.0271
13686.318,64.568,c2nav42,GRASP,UNKNOWN,OFF_MAPPED_GROUND,0,0,0.00,0.089,0.917,60,0,0.408,-0.40,idle,none,0.0000,0.0000,3.8954,0.2463,0.0271
13686.555,64.668,c2nav42,GRASP,UNKNOWN,OFF_MAPPED_GROUND,0,0,0.00,0.089,0.917,60,0,0.408,-0.40,idle,none,0.0000,0.0000,3.8954,0.2463,0.0271
13686.825,64.768,c2nav42,GRASP,UNKNOWN,OFF_MAPPED_GROUND,0,0,0.00,0.058,0.950,60,0,0.408,-0.40,idle,none,0.0000,0.0000,3.8954,0.2463,0.0271
13687.098,64.868,c2nav42,GRASP,UNKNOWN,OFF_MAPPED_GROUND,0,0,0.00,0.044,0.967,60,0,0.408,-0.40,idle,none,0.0000,0.0000,3.8954,0.2463,0.0271
13687.402,64.968,c2nav42,GRASP,UNKNOWN,OFF_MAPPED_GROUND,0,0,0.00,0.044,0.967,60,0,0.408,-0.40,idle,none,0.0000,0.0000,3.8954,0.2463,0.0271
13687.653,65.068,c2nav42,GRASP,UNKNOWN,OFF_MAPPED_GROUND,0,0,0.00,0.044,0.967,60,0,0.408,-0.40,idle,none,0.0000,0.0000,3.8954,0.2463,0.0271
13687.935,65.168,c2nav42,GRASP,UNKNOWN,OFF_MAPPED_GROUND,0,0,0.00,0.044,0.967,60,0,0.408,-0.40,idle,none,0.0000,0.0000,3.8954,0.2463,0.0271
13688.160,65.268,c2nav42,GRASP,UNKNOWN,OFF_MAPPED_GROUND,0,0,0.00,0.044,0.967,60,0,0.408,-0.40,idle,none,0.0000,0.0000,3.8954,0.2463,0.0271
13688.381,65.368,c2nav42,GRASP,UNKNOWN,OFF_MAPPED_GROUND,0,0,0.00,0.029,0.983,60,0,0.408,-0.40,idle,none,0.0000,0.0000,3.8954,0.2463,0.0271
13688.612,65.468,c2nav42,GRASP,UNKNOWN,OFF_MAPPED_GROUND,0,0,0.00,0.029,0.983,60,0,0.408,-0.40,idle,none,0.0000,0.0000,3.8954,0.2463,0.0271
13688.844,65.568,c2nav42,GRASP,UNKNOWN,OFF_MAPPED_GROUND,0,0,0.00,0.029,0.983,60,0,0.408,-0.40,idle,none,0.0000,0.0000,3.8954,0.2463,0.0271
13689.082,65.668,c2nav42,GRASP,UNKNOWN,OFF_MAPPED_GROUND,0,0,0.00,0.029,0.983,60,0,0.408,-0.40,idle,none,0.0000,0.0000,3.8954,0.2463,0.0271
13689.338,65.768,c2nav42,GRASP,UNKNOWN,OFF_MAPPED_GROUND,0,0,0.00,0.029,0.983,60,0,0.408,-0.40,idle,none,0.0000,0.0000,3.8954,0.2463,0.0271
13689.573,65.868,c2nav42,GRASP,UNKNOWN,OFF_MAPPED_GROUND,0,0,0.00,0.029,0.983,60,0,0.408,-0.40,idle,none,0.0000,0.0000,3.8954,0.2463,0.0271
13689.795,65.968,c2nav42,GRASP,UNKNOWN,OFF_MAPPED_GROUND,0,0,0.00,0.029,0.983,60,0,0.408,-0.40,idle,none,0.0000,0.0000,3.8954,0.2463,0.0271
13690.052,66.068,c2nav42,GRASP,UNKNOWN,OFF_MAPPED_GROUND,0,0,0.00,0.029,0.983,60,0,0.408,-0.40,idle,none,0.0000,0.0000,3.8954,0.2463,0.0271
13690.256,66.168,c2nav42,GRASP,UNKNOWN,OFF_MAPPED_GROUND,0,0,0.00,0.029,0.983,60,0,0.408,-0.40,idle,none,0.0000,0.0000,3.8954,0.2463,0.0271
13690.496,66.272,c2nav42,GRASP,UNKNOWN,OFF_MAPPED_GROUND,0,0,0.00,0.029,0.983,60,0,0.408,-0.40,idle,none,0.0000,0.0000,3.8954,0.2463,0.0271
13690.699,66.368,c2nav42,GRASP,UNKNOWN,OFF_MAPPED_GROUND,0,0,0.00,0.029,0.983,60,0,0.408,-0.40,idle,none,0.0000,0.0000,3.8954,0.2463,0.0271
13690.922,66.472,c2nav42,GRASP,UNKNOWN,OFF_MAPPED_GROUND,0,0,0.00,0.029,0.983,60,0,0.408,-0.40,idle,none,0.0000,0.0000,3.8954,0.2463,0.0271
13691.133,66.568,c2nav42,GRASP,UNKNOWN,OFF_MAPPED_GROUND,0,0,0.00,0.029,0.983,60,0,0.408,-0.40,idle,none,0.0000,0.0000,3.8954,0.2463,0.0271
13691.360,66.668,c2nav42,GRASP,UNKNOWN,OFF_MAPPED_GROUND,0,0,0.00,0.029,0.983,60,0,0.408,-0.40,idle,none,0.0000,0.0000,3.8954,0.2463,0.0271
13691.570,66.768,c2nav42,GRASP,UNKNOWN,OFF_MAPPED_GROUND,0,0,0.00,0.029,0.983,60,0,0.408,-0.39,idle,none,0.0000,0.0000,3.8954,0.2463,0.0271
13691.791,66.868,c2nav42,GRASP,UNKNOWN,OFF_MAPPED_GROUND,0,0,0.00,0.029,0.983,60,0,0.408,-0.40,idle,none,0.0000,0.0000,3.8954,0.2463,0.0271
13692.017,66.968,c2nav42,GRASP,UNKNOWN,OFF_MAPPED_GROUND,0,0,0.00,0.029,0.983,60,0,0.408,-0.40,idle,none,0.0000,0.0000,3.8954,0.2463,0.0271
13692.235,67.068,c2nav42,GRASP,UNKNOWN,OFF_MAPPED_GROUND,0,0,0.00,0.029,0.983,60,0,0.408,-0.40,idle,none,0.0000,0.0000,3.8954,0.2463,0.0271
13692.474,67.168,c2nav42,GRASP,UNKNOWN,OFF_MAPPED_GROUND,0,0,0.00,0.029,0.983,60,0,0.408,-0.40,idle,none,0.0000,0.0000,3.8954,0.2463,0.0271
13692.719,67.268,c2nav42,GRASP,UNKNOWN,OFF_MAPPED_GROUND,0,0,0.00,0.029,0.983,60,0,0.408,-0.40,idle,none,0.0000,0.0000,3.8954,0.2463,0.0271
13692.957,67.368,c2nav42,GRASP,UNKNOWN,OFF_MAPPED_GROUND,0,0,0.00,0.029,0.983,60,0,0.408,-0.40,idle,none,0.0000,0.0000,3.8954,0.2463,0.0271
13693.223,67.468,c2nav42,GRASP,UNKNOWN,OFF_MAPPED_GROUND,0,0,0.00,0.029,0.983,60,0,0.408,-0.40,idle,none,0.0000,0.0000,3.8954,0.2463,0.0271
13693.457,67.568,c2nav42,GRASP,UNKNOWN,OFF_MAPPED_GROUND,0,0,0.00,0.029,0.983,60,0,0.408,-0.40,idle,none,0.0000,0.0000,3.8954,0.2463,0.0271
13693.736,67.668,c2nav42,GRASP,UNKNOWN,OFF_MAPPED_GROUND,0,0,0.00,0.045,0.967,60,0,0.408,-0.40,idle,none,0.0000,0.0000,3.8954,0.2463,0.0271
13694.002,67.768,c2nav42,GRASP,UNKNOWN,OFF_MAPPED_GROUND,0,0,0.00,0.045,0.967,60,0,0.408,-0.40,idle,none,0.0000,0.0000,3.8954,0.2463,0.0271
13694.281,67.868,c2nav42,GRASP,UNKNOWN,OFF_MAPPED_GROUND,0,0,0.00,0.045,0.967,60,0,0.408,-0.40,idle,none,0.0000,0.0000,3.8954,0.2463,0.0271
13694.530,67.968,c2nav42,GRASP,UNKNOWN,OFF_MAPPED_GROUND,0,0,0.00,0.045,0.967,60,0,0.408,-0.40,idle,none,0.0000,0.0000,3.8954,0.2463,0.0271
13694.756,68.068,c2nav42,GRASP,UNKNOWN,OFF_MAPPED_GROUND,0,0,0.00,0.045,0.967,60,0,0.408,-0.40,idle,none,0.0000,0.0000,3.8954,0.2463,0.0271
13694.978,68.168,c2nav42,GRASP,UNKNOWN,OFF_MAPPED_GROUND,0,0,0.00,0.045,0.967,60,0,0.408,-0.40,idle,none,0.0000,0.0000,3.8954,0.2463,0.0271
13695.201,68.268,c2nav42,GRASP,UNKNOWN,OFF_MAPPED_GROUND,0,0,0.00,0.045,0.967,60,0,0.408,-0.40,idle,none,0.0000,0.0000,3.8954,0.2463,0.0271
13695.442,68.368,c2nav42,GRASP,UNKNOWN,OFF_MAPPED_GROUND,0,0,0.00,0.045,0.967,60,0,0.408,-0.40,idle,none,0.0000,0.0000,3.8954,0.2463,0.0271
13695.699,68.468,c2nav42,GRASP,UNKNOWN,OFF_MAPPED_GROUND,0,0,0.00,0.045,0.967,60,0,0.408,-0.40,idle,none,0.0000,0.0000,3.8954,0.2463,0.0271
13695.951,68.568,c2nav42,GRASP,UNKNOWN,OFF_MAPPED_GROUND,0,0,0.00,0.045,0.967,60,0,0.408,-0.40,idle,none,0.0000,0.0000,3.8954,0.2463,0.0271
13696.190,68.668,c2nav42,GRASP,UNKNOWN,OFF_MAPPED_GROUND,0,0,0.00,0.045,0.967,60,0,0.408,-0.40,idle,none,0.0000,0.0000,3.8954,0.2463,0.0271
13696.418,68.768,c2nav42,GRASP,UNKNOWN,OFF_MAPPED_GROUND,0,0,0.00,0.045,0.967,60,0,0.408,-0.40,idle,none,0.0000,0.0000,3.8954,0.2463,0.0271
13696.625,68.868,c2nav42,GRASP,UNKNOWN,OFF_MAPPED_GROUND,0,0,0.00,0.045,0.967,60,0,0.408,-0.40,idle,none,0.0000,0.0000,3.8954,0.2463,0.0271
13696.851,68.968,c2nav42,GRASP,UNKNOWN,OFF_MAPPED_GROUND,0,0,0.00,0.045,0.967,60,0,0.408,-0.40,idle,none,0.0000,0.0000,3.8954,0.2463,0.0271
13697.101,69.068,c2nav42,GRASP,UNKNOWN,OFF_MAPPED_GROUND,0,0,0.00,0.045,0.967,60,0,0.408,-0.40,idle,none,0.0000,0.0000,3.8954,0.2463,0.0271
13697.356,69.172,c2nav42,GRASP,UNKNOWN,OFF_MAPPED_GROUND,0,0,0.00,0.030,0.983,60,0,0.408,-0.40,idle,none,0.0000,0.0000,3.8954,0.2463,0.0271
13697.619,69.268,c2nav42,GRASP,UNKNOWN,OFF_MAPPED_GROUND,0,0,0.00,0.015,1.000,60,0,0.408,-0.40,idle,none,0.0000,0.0000,3.8954,0.2463,0.0271
13697.880,69.370,c2nav42,GRASP,UNKNOWN,OFF_MAPPED_GROUND,0,0,0.00,0.015,1.000,60,0,0.408,-0.40,idle,none,0.0000,0.0000,3.8954,0.2463,0.0271
13698.115,69.468,c2nav42,GRASP,UNKNOWN,OFF_MAPPED_GROUND,0,0,0.00,0.015,1.000,60,0,0.408,-0.39,idle,none,0.0000,0.0000,3.8954,0.2463,0.0271
13698.349,69.568,c2nav42,GRASP,UNKNOWN,OFF_MAPPED_GROUND,0,0,0.00,0.015,1.000,60,0,0.408,-0.40,idle,none,0.0000,0.0000,3.8954,0.2463,0.0271
13698.588,69.668,c2nav42,GRASP,UNKNOWN,OFF_MAPPED_GROUND,0,0,0.00,0.015,1.000,60,0,0.408,-0.40,idle,none,0.0000,0.0000,3.8954,0.2463,0.0271
13698.843,69.768,c2nav42,GRASP,UNKNOWN,OFF_MAPPED_GROUND,0,0,0.00,0.015,1.000,60,0,0.408,-0.40,idle,none,0.0000,0.0000,3.8954,0.2463,0.0271
13699.120,69.868,c2nav42,GRASP,UNKNOWN,OFF_MAPPED_GROUND,0,0,0.00,0.015,1.000,60,0,0.408,-0.40,idle,none,0.0000,0.0000,3.8954,0.2463,0.0271
13699.389,69.968,c2nav42,GRASP,UNKNOWN,OFF_MAPPED_GROUND,0,0,0.00,0.015,1.000,60,0,0.408,-0.40,idle,none,0.0000,0.0000,3.8954,0.2463,0.0271
13699.649,70.068,c2nav42,GRASP,UNKNOWN,OFF_MAPPED_GROUND,0,0,0.00,0.015,1.000,60,0,0.408,-0.40,idle,none,0.0000,0.0000,3.8954,0.2463,0.0271
13699.918,70.168,c2nav42,GRASP,UNKNOWN,OFF_MAPPED_GROUND,0,0,0.00,0.015,1.000,60,0,0.408,-0.40,idle,none,0.0000,0.0000,3.8954,0.2463,0.0271
13700.262,70.268,c2nav42,VERIFY_GRASP,UNKNOWN,OFF_MAPPED_GROUND,0,0,0.00,0.015,1.000,60,0,0.408,-0.40,idle,none,0.0000,0.0000,3.8954,0.2463,0.0271
13700.525,70.368,c2nav42,VERIFY_GRASP,UNKNOWN,OFF_MAPPED_GROUND,0,0,0.00,0.015,1.000,60,0,0.408,-0.40,idle,none,0.0000,0.0000,3.8954,0.2463,0.0271
13700.819,70.468,c2nav42,DESCEND,UNKNOWN,OFF_MAPPED_GROUND,0,0,0.00,0.015,1.000,60,0,0.408,-0.40,rl,none,0.1800,-0.0325,3.8954,0.2463,0.0271
13701.097,70.568,c2nav42,DESCEND,UNKNOWN,OFF_MAPPED_GROUND,0,0,0.00,0.015,1.000,60,0,0.408,-0.40,rl,none,0.1800,-0.0317,3.9061,0.2465,0.0259
13701.351,70.668,c2nav42,DESCEND,UNKNOWN,OFF_MAPPED_GROUND,0,0,0.00,0.014,1.000,60,0,0.408,-0.40,rl,rl,0.1800,-0.0273,3.9241,0.2466,0.0227
13701.609,70.768,c2nav42,DESCEND,UNKNOWN,OFF_MAPPED_GROUND,0,0,0.00,0.015,1.000,60,0,0.408,-0.40,rl,rl,0.1800,-0.0239,3.9421,0.2468,0.0199
13701.865,70.868,c2nav42,DESCEND,UNKNOWN,OFF_MAPPED_GROUND,0,0,0.00,0.013,1.000,60,0,0.408,-0.40,rl,rl,0.1800,-0.0210,3.9601,0.2469,0.0175
13702.108,70.968,c2nav42,DESCEND,UNKNOWN,OFF_MAPPED_GROUND,0,0,0.00,0.015,0.983,60,0,0.408,-0.40,rl,rl,0.1800,-0.0184,3.9781,0.2470,0.0153
13702.399,71.068,c2nav42,DESCEND,UNKNOWN,OFF_MAPPED_GROUND,0,0,0.00,0.014,0.983,60,0,0.408,-0.40,rl,rl,0.1800,-0.0161,3.9961,0.2471,0.0134
13702.631,71.168,c2nav42,DESCEND,UNKNOWN,OFF_MAPPED_GROUND,0,0,0.00,0.014,0.983,59,0,0.408,-0.40,rl,rl,0.1800,-0.0145,4.0141,0.2472,0.0118
13702.885,71.268,c2nav42,DESCEND,UNKNOWN,OFF_MAPPED_GROUND,0,0,0.00,0.014,0.983,59,0,0.408,-0.40,rl,rl,0.1800,-0.0124,4.0321,0.2472,0.0103
13703.137,71.368,c2nav42,DESCEND,UNKNOWN,OFF_MAPPED_GROUND,0,0,0.00,0.013,0.983,59,0,0.408,-0.40,rl,rl,0.1800,-0.0109,4.0501,0.2473,0.0091
13703.378,71.468,c2nav42,DESCEND,UNKNOWN,OFF_MAPPED_GROUND,0,0,0.00,0.013,0.983,59,0,0.403,-0.40,rl,rl,0.1800,-0.0098,4.0681,0.2473,0.0079
13703.635,71.568,c2nav42,DESCEND,UNKNOWN,OFF_MAPPED_GROUND,0,0,0.00,0.015,0.983,59,0,0.403,-0.40,rl,rl,0.1800,-0.0086,4.0861,0.2474,0.0069
13703.887,71.668,c2nav42,DESCEND,UNKNOWN,OFF_MAPPED_GROUND,0,0,0.00,0.016,0.983,59,0,0.403,-0.40,rl,rl,0.1800,-0.0073,4.1041,0.2474,0.0061
13704.150,71.768,c2nav42,DESCEND,UNKNOWN,OFF_MAPPED_GROUND,0,0,0.00,0.015,0.983,60,0,0.403,-0.40,rl,rl,0.1800,-0.0064,4.1221,0.2475,0.0053
13704.410,71.868,c2nav42,DESCEND,UNKNOWN,OFF_MAPPED_GROUND,0,0,0.00,0.011,0.983,60,0,0.403,-0.40,rl,rl,0.1800,-0.0057,4.1401,0.2475,0.0047
13704.641,71.968,c2nav42,DESCEND,UNKNOWN,OFF_MAPPED_GROUND,0,0,0.00,0.009,0.983,60,0,0.403,-0.40,rl,rl,0.1800,-0.0050,4.1581,0.2475,0.0041
13704.876,72.068,c2nav42,DESCEND,UNKNOWN,OFF_MAPPED_GROUND,0,0,0.00,0.010,0.983,60,0,0.403,-0.40,rl,rl,0.1800,-0.0043,4.1761,0.2475,0.0036
13705.128,72.168,c2nav42,DESCEND,UNKNOWN,OFF_MAPPED_GROUND,0,0,0.00,0.011,0.983,60,0,0.403,-0.40,rl,rl,0.1800,-0.0038,4.1941,0.2476,0.0031
13705.367,72.268,c2nav42,DESCEND,UNKNOWN,OFF_MAPPED_GROUND,0,0,0.00,0.010,0.983,60,0,0.403,-0.40,rl,rl,0.1800,-0.0033,4.2121,0.2476,0.0027
13705.657,72.368,c2nav42,DESCEND,UNKNOWN,OFF_MAPPED_GROUND,0,0,0.00,0.011,0.983,60,0,0.403,-0.40,rl,rl,0.1800,-0.0029,4.2301,0.2476,0.0024
13705.914,72.468,c2nav42,DESCEND,UNKNOWN,OFF_MAPPED_GROUND,0,0,0.00,0.010,1.000,60,0,0.403,-0.40,rl,rl,0.1800,-0.0025,4.2481,0.2476,0.0021
13706.179,72.568,c2nav42,DESCEND,UNKNOWN,OFF_MAPPED_GROUND,0,0,0.00,0.010,1.000,60,0,0.403,-0.40,rl,rl,0.1800,-0.0022,4.2661,0.2476,0.0018
13706.429,72.674,c2nav42,DESCEND,UNKNOWN,OFF_MAPPED_GROUND,0,0,0.00,0.010,1.000,60,0,0.403,-0.40,rl,rl,0.1800,-0.0019,4.2877,0.2476,0.0016
13706.683,72.768,c2nav42,DESCEND,UNKNOWN,OFF_MAPPED_GROUND,0,0,0.00,0.010,1.000,60,0,0.403,-0.39,rl,rl,0.1800,-0.0017,4.3021,0.2476,0.0014
13706.976,72.872,c2nav42,DESCEND,UNKNOWN,OFF_MAPPED_GROUND,0,0,0.00,0.011,1.000,60,0,0.409,-0.40,rl,rl,0.1800,-0.0015,4.3237,0.2476,0.0012
13707.275,72.968,c2nav42,DESCEND,UNKNOWN,OFF_MAPPED_GROUND,0,0,0.00,0.010,1.000,60,0,0.409,-0.40,rl,rl,0.1800,-0.0013,4.3417,0.2476,0.0011
13707.558,73.068,c2nav42,DESCEND,UNKNOWN,OFF_MAPPED_GROUND,0,0,0.00,0.010,1.000,60,0,0.409,-0.40,rl,rl,0.1800,-0.0011,4.3561,0.2477,0.0009
13707.798,73.168,c2nav42,DESCEND,UNKNOWN,OFF_MAPPED_GROUND,0,0,0.00,0.011,1.000,60,0,0.409,-0.40,rl,rl,0.1800,-0.0010,4.3741,0.2477,0.0008
13708.056,73.268,c2nav42,DESCEND,UNKNOWN,OFF_MAPPED_GROUND,0,0,0.00,0.014,1.000,60,0,0.409,-0.40,rl,rl,0.1800,-0.0009,4.3921,0.2477,0.0007
13708.288,73.368,c2nav42,DESCEND,UNKNOWN,OFF_MAPPED_GROUND,0,0,0.00,0.015,1.000,60,0,0.409,-0.40,rl,rl,0.1800,-0.0008,4.4101,0.2477,0.0006
13708.550,73.468,c2nav42,DESCEND,UNKNOWN,OFF_MAPPED_GROUND,0,0,0.00,0.015,1.000,60,0,0.409,-0.40,rl,rl,0.1800,-0.0008,4.4280,0.2477,0.0006
13708.795,73.568,c2nav42,DESCEND,UNKNOWN,OFF_MAPPED_GROUND,0,0,0.00,0.014,1.000,60,0,0.409,-0.40,rl,rl,0.1800,-0.0008,4.4459,0.2477,0.0006
13709.029,73.668,c2nav42,DESCEND,UNKNOWN,OFF_MAPPED_GROUND,0,0,0.00,0.014,0.983,60,0,0.409,-0.40,rl,rl,0.1800,-0.0008,4.4637,0.2477,0.0006
13709.275,73.770,c2nav42,DESCEND,UNKNOWN,OFF_MAPPED_GROUND,0,0,0.00,0.012,1.000,58,0,0.409,-0.40,rl,rl,0.1800,-0.0008,4.4849,0.2477,0.0007
13709.504,73.868,c2nav42,DESCEND,UNKNOWN,OFF_MAPPED_GROUND,0,0,0.00,0.012,1.000,58,0,0.409,-0.40,rl,rl,0.1800,-0.0008,4.4987,0.2477,0.0004
13709.729,73.968,c2nav42,DESCEND,UNKNOWN,OFF_MAPPED_GROUND,0,0,0.00,0.012,1.000,54,0,0.409,-0.40,rl,rl,0.1800,-0.0002,4.5163,0.2477,0.0001
13709.973,74.068,c2nav42,DESCEND,UNKNOWN,OFF_MAPPED_GROUND,0,0,0.00,0.008,1.000,53,0,0.409,-0.40,rl,rl,0.1800,-0.0002,4.5340,0.2477,0.0001
13710.245,74.168,c2nav42,DESCEND,UNKNOWN,OFF_MAPPED_GROUND,0,0,0.00,0.007,1.000,49,0,0.408,-0.40,rl,rl,0.1800,-0.0001,4.5554,0.2477,0.0001
13710.492,74.268,c2nav42,DESCEND,UNKNOWN,OFF_MAPPED_GROUND,0,0,0.00,0.007,1.000,49,0,0.408,-0.40,rl,rl,0.1800,-0.0000,4.5698,0.2477,0.0000
13710.720,74.368,c2nav42,DESCEND,UNKNOWN,OFF_MAPPED_GROUND,0,0,0.00,0.105,0.620,50,0,0.408,-0.40,rl,rl,0.1800,-0.0000,4.5873,0.2477,0.0000
13710.960,74.468,c2nav42,DESCEND,UNKNOWN,OFF_MAPPED_GROUND,0,0,0.00,0.249,0.490,49,0,0.408,-0.40,rl,rl,0.1800,-0.0000,4.6045,0.2477,0.0000
13711.223,74.568,c2nav42,DESCEND,UNKNOWN,OFF_MAPPED_GROUND,0,0,0.00,0.282,0.490,49,0,0.408,-0.40,rl,rl,0.1800,-0.0000,4.6216,0.2477,0.0000
13711.465,74.668,c2nav42,DESCEND,UNKNOWN,OFF_MAPPED_GROUND,0,0,0.00,0.299,0.490,49,0,0.408,-0.40,rl,rl,0.1800,-0.0000,4.6387,0.2477,0.0000
13711.690,74.768,c2nav42,DESCEND,UNKNOWN,OFF_MAPPED_GROUND,0,0,0.00,0.305,0.490,49,0,0.408,-0.40,rl,rl,0.1800,-0.0000,4.6558,0.2477,0.0000
13711.981,74.868,c2nav42,DESCEND,UNKNOWN,OFF_MAPPED_GROUND,0,0,0.00,0.300,0.500,50,0,0.408,-0.40,rl,rl,0.1800,-0.0000,4.6729,0.2477,0.0000
13712.276,74.968,c2nav42,DESCEND,UNKNOWN,OFF_MAPPED_GROUND,0,0,0.00,0.300,0.500,50,0,0.408,-0.40,rl,rl,0.1800,-0.0000,4.6935,0.2477,0.0000
13712.570,75.068,c2nav42,DESCEND,UNKNOWN,OFF_MAPPED_GROUND,0,0,0.00,0.300,0.480,50,0,0.408,-0.40,rl,rl,0.1800,-0.0000,4.7072,0.2477,0.0000
13712.858,75.168,c2nav42,DESCEND,UNKNOWN,OFF_MAPPED_GROUND,0,0,0.00,0.302,0.480,50,0,0.408,-0.40,rl,rl,0.1800,-0.0000,4.7243,0.2477,0.0000
13713.143,75.268,c2nav42,DESCEND,UNKNOWN,OFF_MAPPED_GROUND,0,0,0.00,0.303,0.480,50,0,0.408,-0.40,rl,rl,0.1800,-0.0000,4.7414,0.2477,0.0000
13713.492,75.374,c2nav42,DESCEND,UNKNOWN,OFF_MAPPED_GROUND,0,0,0.00,0.299,0.490,51,0,0.408,-0.40,rl,rl,0.1800,-0.0000,4.7620,0.2477,0.0000
13713.759,75.468,c2nav42,DESCEND,UNKNOWN,OFF_MAPPED_GROUND,0,0,0.00,0.301,0.490,51,0,0.408,-0.39,rl,rl,0.1800,-0.0000,4.7757,0.2477,0.0000
13714.078,75.568,c2nav42,DESCEND,UNKNOWN,OFF_MAPPED_GROUND,0,0,0.00,0.303,0.490,51,0,0.408,-0.40,rl,rl,0.1800,-0.0000,4.7928,0.2477,0.0000
13714.356,75.668,c2nav42,DESCEND,UNKNOWN,OFF_MAPPED_GROUND,0,0,0.00,0.302,0.490,51,0,0.416,-0.40,rl,rl,0.1800,-0.0000,4.8099,0.2477,0.0000
13714.616,75.770,c2nav42,DESCEND,UNKNOWN,OFF_MAPPED_GROUND,0,0,0.00,0.303,0.490,51,0,0.416,-0.40,rl,rl,0.1800,-0.0000,4.8304,0.2477,0.0000
13714.875,75.868,c2nav42,DESCEND,UNKNOWN,OFF_MAPPED_GROUND,0,0,0.00,0.304,0.471,51,0,0.416,-0.40,rl,rl,0.1800,-0.0000,4.8441,0.2477,0.0000
13715.153,75.968,c2nav42,DESCEND,UNKNOWN,OFF_MAPPED_GROUND,0,0,0.00,0.306,0.471,51,0,0.416,-0.40,rl,rl,0.1800,-0.0000,4.8612,0.2477,0.0000
13715.445,76.068,c2nav42,DESCEND,UNKNOWN,OFF_MAPPED_GROUND,0,0,0.00,0.292,0.481,52,0,0.416,-0.40,rl,rl,0.1800,-0.0000,4.8784,0.2477,0.0000
13715.706,76.170,c2nav42,DESCEND,UNKNOWN,OFF_MAPPED_GROUND,0,0,0.00,0.292,0.481,52,0,0.416,-0.40,rl,rl,0.1800,-0.0000,4.8989,0.2477,0.0000
13715.943,76.268,c2nav42,DESCEND,UNKNOWN,OFF_MAPPED_GROUND,0,0,0.00,0.292,0.481,52,0,0.416,-0.40,rl,rl,0.1800,-0.0000,4.9126,0.2477,0.0000
13716.191,76.370,c2nav42,DESCEND,UNKNOWN,OFF_MAPPED_GROUND,0,0,0.00,0.294,0.481,52,0,0.416,-0.40,rl,rl,0.1800,-0.0000,4.9331,0.2477,0.0000
13716.419,76.468,c2nav42,DESCEND,UNKNOWN,OFF_MAPPED_GROUND,0,0,0.00,0.294,0.481,52,0,0.416,-0.40,rl,rl,0.1800,-0.0000,4.9468,0.2477,0.0000
13716.642,76.568,c2nav42,DESCEND,UNKNOWN,OFF_MAPPED_GROUND,0,0,0.00,0.297,0.481,52,0,0.416,-0.40,rl,rl,0.1800,-0.0000,4.9640,0.2477,0.0000
13716.857,76.668,c2nav42,DESCEND,UNKNOWN,OFF_MAPPED_GROUND,0,0,0.00,0.299,0.481,52,0,0.416,-0.40,rl,rl,0.1800,-0.0000,4.9811,0.2477,0.0000
13717.099,76.768,c2nav42,DESCEND,UNKNOWN,OFF_MAPPED_GROUND,0,0,0.00,0.293,0.491,53,0,0.416,-0.40,rl,rl,0.1800,-0.0000,4.9982,0.2477,0.0000
13717.359,76.868,c2nav42,DESCEND,UNKNOWN,OFF_MAPPED_GROUND,0,0,0.00,0.292,0.491,53,0,0.416,-0.40,rl,rl,0.1800,-0.0000,5.0153,0.2477,0.0000
13717.607,76.972,c2nav42,DESCEND,UNKNOWN,OFF_MAPPED_GROUND,0,0,0.00,0.294,0.491,53,0,0.416,-0.40,rl,rl,0.1800,-0.0000,5.0359,0.2477,0.0000
13717.833,77.068,c2nav42,DESCEND,UNKNOWN,OFF_MAPPED_GROUND,0,0,0.00,0.294,0.472,53,0,0.476,-0.40,rl,rl,0.1800,-0.0000,5.0496,0.2477,0.0000
13718.073,77.168,c2nav42,DESCEND,UNKNOWN,OFF_MAPPED_GROUND,0,0,0.00,0.297,0.472,53,0,0.476,-0.40,rl,rl,0.1800,-0.0000,5.0667,0.2477,0.0000
13718.314,77.268,c2nav42,DESCEND,UNKNOWN,OFF_MAPPED_GROUND,0,0,0.00,0.299,0.472,53,0,0.476,-0.40,rl,rl,0.1800,-0.0000,5.0838,0.2477,0.0000
13718.541,77.368,c2nav42,DESCEND,UNKNOWN,OFF_MAPPED_GROUND,0,0,0.00,0.296,0.481,54,0,0.476,-0.40,rl,rl,0.1800,-0.0000,5.1009,0.2477,0.0000
13718.809,77.468,c2nav42,DESCEND,UNKNOWN,OFF_MAPPED_GROUND,0,0,0.00,0.280,0.481,54,0,0.476,-0.40,rl,rl,0.1800,-0.0000,5.1180,0.2477,0.0000
13719.072,77.568,c2nav42,DESCEND,UNKNOWN,OFF_MAPPED_GROUND,0,0,0.00,0.274,0.481,54,0,0.476,-0.40,rl,rl,0.1800,-0.0000,5.1352,0.2477,0.0000
13719.352,77.668,c2nav42,DESCEND,UNKNOWN,OFF_MAPPED_GROUND,0,0,0.00,0.279,0.481,54,0,0.476,-0.40,rl,rl,0.1800,-0.0000,5.1523,0.2477,0.0000
13719.613,77.768,c2nav42,DESCEND,UNKNOWN,OFF_MAPPED_GROUND,0,0,0.00,0.281,0.481,54,0,0.476,-0.40,rl,rl,0.1800,-0.0000,5.1694,0.2477,0.0000
13719.931,77.868,c2nav42,DESCEND,UNKNOWN,OFF_MAPPED_GROUND,0,0,0.00,0.285,0.463,54,0,0.476,-0.40,rl,rl,0.1800,-0.0000,5.1865,0.2477,0.0000
13720.222,77.968,c2nav42,DESCEND,UNKNOWN,OFF_MAPPED_GROUND,0,0,0.00,0.283,0.463,54,0,0.476,-0.40,rl,rl,0.1800,-0.0000,5.2036,0.2477,0.0000
13720.534,78.068,c2nav42,DESCEND,UNKNOWN,OFF_MAPPED_GROUND,0,0,0.00,0.282,0.463,54,0,0.476,-0.40,rl,rl,0.1800,-0.0000,5.2208,0.2477,0.0000
13720.773,78.168,c2nav42,DESCEND,UNKNOWN,OFF_MAPPED_GROUND,0,0,0.00,0.283,0.463,54,0,0.476,-0.40,rl,rl,0.1800,-0.0000,5.2379,0.2477,0.0000
13721.009,78.268,c2nav42,DESCEND,UNKNOWN,OFF_MAPPED_GROUND,0,0,0.00,0.286,0.463,54,0,0.476,-0.40,rl,rl,0.1800,-0.0000,5.2550,0.2477,0.0000
13721.260,78.368,c2nav42,DESCEND,UNKNOWN,OFF_MAPPED_GROUND,0,0,0.00,0.287,0.463,54,0,0.476,-0.40,rl,rl,0.1800,-0.0000,5.2721,0.2477,0.0000
13721.515,78.468,c2nav42,DESCEND,UNKNOWN,OFF_MAPPED_GROUND,0,0,0.00,0.284,0.473,55,0,0.540,-0.40,rl,rl,0.1800,-0.0000,5.2892,0.2477,0.0000
13721.814,78.568,c2nav42,DESCEND,UNKNOWN,OFF_MAPPED_GROUND,0,0,0.00,0.286,0.455,55,0,0.540,-0.40,rl,rl,0.1800,-0.0000,5.3064,0.2477,0.0000
13722.079,78.668,c2nav42,DESCEND,UNKNOWN,OFF_MAPPED_GROUND,0,0,0.00,0.282,0.464,56,0,0.540,-0.40,rl,rl,0.1800,-0.0000,5.3235,0.2477,0.0000
13722.361,78.768,c2nav42,DESCEND,UNKNOWN,OFF_MAPPED_GROUND,0,0,0.00,0.284,0.464,56,0,0.540,-0.40,rl,rl,0.1800,-0.0000,5.3406,0.2477,0.0000
13722.625,78.868,c2nav42,DESCEND,UNKNOWN,OFF_MAPPED_GROUND,0,0,0.00,0.266,0.464,56,0,0.540,-0.40,rl,rl,0.1800,-0.0000,5.3577,0.2477,0.0000
13722.848,78.968,c2nav42,DESCEND,UNKNOWN,OFF_MAPPED_GROUND,0,0,0.00,0.263,0.464,56,0,0.540,-0.40,rl,rl,0.1800,-0.0000,5.3748,0.2477,0.0000
13723.097,79.068,c2nav42,DESCEND,UNKNOWN,OFF_MAPPED_GROUND,0,0,0.00,0.265,0.464,56,0,0.540,-0.40,rl,rl,0.1800,-0.0000,5.3920,0.2477,0.0000
13723.333,79.168,c2nav42,DESCEND,UNKNOWN,OFF_MAPPED_GROUND,0,0,0.00,0.266,0.464,56,0,0.540,-0.40,rl,rl,0.1800,-0.0000,5.4125,0.2477,0.0000
13723.584,79.268,c2nav42,DESCEND,UNKNOWN,OFF_MAPPED_GROUND,0,0,0.00,0.266,0.464,56,0,0.540,-0.40,rl,rl,0.1800,-0.0000,5.4262,0.2477,0.0000
13723.792,79.368,c2nav42,DESCEND,UNKNOWN,OFF_MAPPED_GROUND,0,0,0.00,0.267,0.464,56,0,0.540,-0.40,rl,rl,0.1800,-0.0000,5.4433,0.2477,0.0000
13724.062,79.468,c2nav42,DESCEND,UNKNOWN,OFF_MAPPED_GROUND,0,0,0.00,0.268,0.464,56,0,0.540,-0.40,rl,rl,0.1800,-0.0000,5.4604,0.2477,0.0000
13724.292,79.568,c2nav42,DESCEND,UNKNOWN,OFF_MAPPED_GROUND,0,0,0.00,0.269,0.464,56,0,0.540,-0.40,rl,rl,0.1800,-0.0000,5.4775,0.2477,0.0000
13724.541,79.668,c2nav42,DESCEND,UNKNOWN,OFF_MAPPED_GROUND,0,0,0.00,0.271,0.464,56,0,0.540,-0.40,rl,rl,0.1800,-0.0000,5.4947,0.2477,0.0000
13724.787,79.768,c2nav42,DESCEND,UNKNOWN,OFF_MAPPED_GROUND,0,0,0.00,0.271,0.446,56,0,0.540,-0.40,rl,rl,0.1800,-0.0000,5.5118,0.2477,0.0000
13725.062,79.868,c2nav42,DESCEND,UNKNOWN,OFF_MAPPED_GROUND,0,0,0.00,0.271,0.446,56,0,0.619,-0.40,rl,rl,0.1800,-0.0000,5.5289,0.2477,0.0000
13725.324,79.968,c2nav42,DESCEND,UNKNOWN,OFF_MAPPED_GROUND,0,0,0.00,0.272,0.446,56,0,0.619,-0.40,rl,rl,0.1800,-0.0000,5.5460,0.2477,0.0000
13725.573,80.068,c2nav42,DESCEND,UNKNOWN,OFF_MAPPED_GROUND,0,0,0.00,0.267,0.456,57,0,0.619,-0.40,rl,rl,0.1800,-0.0000,5.5631,0.2477,0.0000
13725.827,80.168,c2nav42,DESCEND,UNKNOWN,OFF_MAPPED_GROUND,0,0,0.00,0.266,0.466,58,0,0.619,-0.40,rl,rl,0.1800,-0.0000,5.5803,0.2477,0.0000
13726.094,80.270,c2nav42,DESCEND,UNKNOWN,OFF_MAPPED_GROUND,0,0,0.00,0.253,0.466,58,0,0.619,-0.40,rl,rl,0.1800,-0.0000,5.6008,0.2477,0.0000
13726.372,80.368,c2nav42,DESCEND,UNKNOWN,OFF_MAPPED_GROUND,0,0,0.00,0.249,0.466,58,0,0.619,-0.40,rl,rl,0.1800,-0.0000,5.6145,0.2477,0.0000
13726.679,80.468,c2nav42,DESCEND,UNKNOWN,OFF_MAPPED_GROUND,0,0,0.00,0.252,0.448,58,0,0.619,-0.40,rl,rl,0.1800,-0.0000,5.6316,0.2477,0.0000
13726.953,80.568,c2nav42,DESCEND,UNKNOWN,OFF_MAPPED_GROUND,0,0,0.00,0.253,0.448,58,0,0.619,-0.40,rl,rl,0.1800,-0.0000,5.6487,0.2477,0.0000
13727.218,80.668,c2nav42,DESCEND,UNKNOWN,OFF_MAPPED_GROUND,0,0,0.00,0.254,0.448,58,0,0.619,-0.40,rl,rl,0.1800,-0.0000,5.6659,0.2477,0.0000
13727.457,80.768,c2nav42,DESCEND,UNKNOWN,OFF_MAPPED_GROUND,0,0,0.00,0.256,0.448,58,0,0.619,-0.40,rl,rl,0.1800,-0.0000,5.6830,0.2477,0.0000
13727.704,80.870,c2nav42,DESCEND,UNKNOWN,OFF_MAPPED_GROUND,0,0,0.00,0.256,0.448,58,0,0.619,-0.40,rl,rl,0.1800,-0.0000,5.7035,0.2477,0.0000
13727.974,80.968,c2nav42,DESCEND,UNKNOWN,OFF_MAPPED_GROUND,0,0,0.00,0.256,0.448,58,0,0.619,-0.40,rl,rl,0.1800,-0.0000,5.7172,0.2477,0.0000
13728.278,81.068,c2nav42,DESCEND,UNKNOWN,OFF_MAPPED_GROUND,0,0,0.00,0.257,0.448,58,0,0.619,-0.40,rl,rl,0.1800,-0.0000,5.7343,0.2477,0.0000
13728.555,81.168,c2nav42,DESCEND,UNKNOWN,OFF_MAPPED_GROUND,0,0,0.00,0.257,0.448,58,0,0.619,-0.40,rl,rl,0.1800,-0.0000,5.7515,0.2477,0.0000
13728.799,81.268,c2nav42,DESCEND,UNKNOWN,OFF_MAPPED_GROUND,0,0,0.00,0.257,0.448,58,0,0.731,-0.40,rl,rl,0.1800,-0.0000,5.7686,0.2477,0.0000
13729.068,81.368,c2nav42,DESCEND,UNKNOWN,OFF_MAPPED_GROUND,0,0,0.00,0.261,0.431,58,0,0.731,-0.40,rl,rl,0.1800,-0.0000,5.7857,0.2477,0.0000
13729.366,81.468,c2nav42,DESCEND,UNKNOWN,OFF_MAPPED_GROUND,0,0,0.00,0.261,0.431,58,0,0.731,-0.40,rl,rl,0.1800,-0.0000,5.8028,0.2477,0.0000
13729.644,81.568,c2nav42,DESCEND,UNKNOWN,OFF_MAPPED_GROUND,0,0,0.00,0.263,0.431,58,0,0.731,-0.40,rl,rl,0.1800,-0.0000,5.8199,0.2477,0.0000
13729.911,81.668,c2nav42,DESCEND,UNKNOWN,OFF_MAPPED_GROUND,0,0,0.00,0.251,0.414,58,0,0.731,-0.40,rl,rl,0.1800,-0.0000,5.8371,0.2477,0.0000
13730.167,81.768,c2nav42,DESCEND,UNKNOWN,OFF_MAPPED_GROUND,0,0,0.00,0.250,0.414,58,0,0.731,-0.40,rl,rl,0.1800,-0.0000,5.8542,0.2477,0.0000
13730.446,81.868,c2nav42,DESCEND,UNKNOWN,OFF_MAPPED_GROUND,0,0,0.00,0.246,0.424,59,0,0.731,-0.40,rl,rl,0.1800,-0.0000,5.8713,0.2477,0.0000
13730.739,81.968,c2nav42,DESCEND,UNKNOWN,OFF_MAPPED_GROUND,0,0,0.00,0.248,0.407,59,0,0.731,-0.40,rl,rl,0.1800,-0.0000,5.8884,0.2477,0.0000
13731.024,82.068,c2nav42,DESCEND,UNKNOWN,OFF_MAPPED_GROUND,0,0,0.00,0.250,0.407,59,0,0.731,-0.40,rl,rl,0.1800,-0.0000,5.9055,0.2477,0.0000
13731.286,82.168,c2nav42,DESCEND,UNKNOWN,OFF_MAPPED_GROUND,0,0,0.00,0.253,0.407,59,0,0.731,-0.40,rl,rl,0.1800,-0.0000,5.9227,0.2477,0.0000
13731.567,82.268,c2nav42,DESCEND,UNKNOWN,OFF_MAPPED_GROUND,0,0,0.00,0.252,0.407,59,0,0.731,-0.40,rl,rl,0.1800,-0.0000,5.9398,0.2477,0.0000
13731.825,82.368,c2nav42,DESCEND,UNKNOWN,OFF_MAPPED_GROUND,0,0,0.00,0.253,0.407,59,0,0.731,-0.40,rl,rl,0.1800,-0.0000,5.9569,0.2477,0.0000
13732.108,82.468,c2nav42,DESCEND,UNKNOWN,OFF_MAPPED_GROUND,0,0,0.00,0.253,0.424,59,0,0.731,-0.40,rl,rl,0.1800,-0.0000,5.9740,0.2477,0.0000
13732.370,82.568,c2nav42,DESCEND,UNKNOWN,OFF_MAPPED_GROUND,0,0,0.00,0.254,0.424,59,0,0.731,-0.40,rl,rl,0.1800,-0.0000,5.9946,0.2477,0.0000
13732.610,82.668,c2nav42,DESCEND,UNKNOWN,OFF_MAPPED_GROUND,0,0,0.00,0.255,0.424,59,0,0.848,-0.40,rl,rl,0.1800,-0.0000,6.0083,0.2477,0.0000
13732.922,82.768,c2nav42,DESCEND,UNKNOWN,OFF_MAPPED_GROUND,0,0,0.00,0.255,0.424,59,0,0.848,-0.40,rl,rl,0.1800,-0.0000,6.0254,0.2477,0.0000
13733.201,82.868,c2nav42,DESCEND,UNKNOWN,OFF_MAPPED_GROUND,0,0,0.00,0.256,0.424,59,0,0.848,-0.40,rl,rl,0.1800,-0.0000,6.0425,0.2477,0.0000
13733.497,82.968,c2nav42,DESCEND,UNKNOWN,OFF_MAPPED_GROUND,0,0,0.00,0.258,0.407,59,0,0.848,-0.40,rl,rl,0.1800,-0.0000,6.0596,0.2477,0.0000
13733.758,83.068,c2nav42,DESCEND,UNKNOWN,OFF_MAPPED_GROUND,0,0,0.00,0.234,0.407,59,0,0.848,-0.40,rl,rl,0.1800,-0.0000,6.0767,0.2477,0.0000
13734.022,83.168,c2nav42,DESCEND,UNKNOWN,OFF_MAPPED_GROUND,0,0,0.00,0.226,0.407,59,0,0.848,-0.40,rl,rl,0.1800,-0.0000,6.0938,0.2477,0.0000
13734.270,83.268,c2nav42,DESCEND,UNKNOWN,OFF_MAPPED_GROUND,0,0,0.00,0.229,0.390,59,0,0.848,-0.40,rl,rl,0.1800,-0.0000,6.1110,0.2477,0.0000
13734.516,83.368,c2nav42,DESCEND,UNKNOWN,OFF_MAPPED_GROUND,0,0,0.00,0.232,0.390,59,0,0.848,-0.40,rl,rl,0.1800,-0.0000,6.1281,0.2477,0.0000
13734.799,83.468,c2nav42,DESCEND,UNKNOWN,OFF_MAPPED_GROUND,0,0,0.00,0.234,0.390,59,0,0.848,-0.40,rl,rl,0.1800,-0.0000,6.1452,0.2477,0.0000
13735.056,83.568,c2nav42,DESCEND,UNKNOWN,OFF_MAPPED_GROUND,0,0,0.00,0.234,0.390,59,0,0.848,-0.40,rl,rl,0.1800,-0.0000,6.1623,0.2477,0.0000
13735.294,83.668,c2nav42,DESCEND,UNKNOWN,OFF_MAPPED_GROUND,0,0,0.00,0.225,0.400,60,0,0.848,-0.40,rl,rl,0.1800,-0.0000,6.1794,0.2477,0.0000
13735.555,83.768,c2nav42,DESCEND,UNKNOWN,OFF_MAPPED_GROUND,0,0,0.00,0.231,0.400,60,0,0.848,-0.40,rl,rl,0.1800,-0.0000,6.1966,0.2477,0.0000
13735.796,83.868,c2nav42,DESCEND,UNKNOWN,OFF_MAPPED_GROUND,0,0,0.00,0.232,0.400,60,0,0.848,-0.40,rl,rl,0.1800,-0.0000,6.2137,0.2477,0.0000
13736.049,83.968,c2nav42,DESCEND,UNKNOWN,OFF_MAPPED_GROUND,0,0,0.00,0.234,0.400,60,0,0.848,-0.40,rl,rl,0.1800,-0.0000,6.2308,0.2477,0.0000
13736.293,84.068,c2nav42,DESCEND,CONSISTENT,OK,0,0,0.10,0.234,0.400,60,1,0.953,-0.40,rl,rl,0.1800,-0.0000,6.2479,0.2477,0.0000
13736.529,84.168,c2nav42,DESCEND,CONSISTENT,OK,0,0,0.20,0.234,0.400,60,1,0.953,-0.40,rl,rl,0.1800,-0.0000,6.2650,0.2477,0.0000
13736.756,84.268,c2nav42,DESCEND,CONSISTENT,OK,0,0,0.30,0.235,0.400,60,1,0.953,-0.40,rl,rl,0.1800,-0.0000,6.2822,0.2478,0.0000
13736.986,84.368,c2nav42,DESCEND,CONSISTENT,OK,0,0,0.40,0.235,0.400,60,1,0.953,-0.40,rl,rl,0.1800,-0.0000,6.3027,0.2478,0.0000
13737.232,84.468,c2nav42,DESCEND,CONSISTENT,OK,0,0,0.50,0.207,0.400,60,1,0.953,-0.40,rl,rl,0.1800,-0.0000,6.3164,0.2478,0.0000
13737.465,84.568,c2nav42,DESCEND,CONSISTENT,OK,0,0,0.60,0.203,0.400,60,1,0.953,-0.40,rl,rl,0.1800,-0.0000,6.3335,0.2478,0.0000
13737.706,84.668,c2nav42,DESCEND,CONSISTENT,OK,0,0,0.80,0.207,0.400,60,1,0.953,-0.40,rl,rl,0.1800,-0.0000,6.3506,0.2478,0.0000
13737.945,84.768,c2nav42,DESCEND,CONSISTENT,OK,0,0,0.80,0.207,0.400,60,1,0.953,-0.40,rl,rl,0.1800,-0.0000,6.3678,0.2478,0.0000
13738.237,84.868,c2nav42,DESCEND,CONSISTENT,OK,0,0,0.90,0.208,0.400,60,1,0.953,-0.40,rl,rl,0.1800,-0.0000,6.3849,0.2478,0.0000
13738.500,84.968,c2nav42,DESCEND,CONSISTENT,OK,0,0,1.00,0.209,0.400,60,1,0.953,-0.40,rl,rl,0.1800,-0.0000,6.4020,0.2478,0.0000
13738.760,85.068,c2nav42,DESCEND,CONSISTENT,OK,0,0,1.10,0.210,0.400,60,1,0.953,-0.40,rl,rl,0.1800,-0.0000,6.4197,0.2478,0.0000
13739.032,85.168,c2nav42,DESCEND,CONSISTENT,OK,0,0,1.20,0.211,0.400,60,1,0.953,-0.40,rl,rl,0.1800,-0.0000,6.4375,0.2478,0.0000
13739.285,85.268,c2nav42,DESCEND,CONSISTENT,OK,0,0,1.30,0.161,0.450,60,1,0.953,-0.40,rl,rl,0.1800,-0.0000,6.4553,0.2478,0.0000
13739.552,85.368,c2nav42,DESCEND,CONSISTENT,OK,0,0,1.40,0.105,0.483,60,1,0.953,-0.40,rl,rl,0.1800,-0.0000,6.4730,0.2478,0.0000
13739.836,85.468,c2nav42,DESCEND,CONSISTENT,OK,0,0,1.50,0.051,0.700,60,1,1.058,-0.40,rl,rl,0.1800,-0.0000,6.4907,0.2478,0.0000
13740.150,85.568,c2nav42,DESCEND,CONSISTENT,OK,0,0,1.60,0.025,0.982,56,1,1.058,-0.40,rl,rl,0.1800,-0.0000,6.5083,0.2478,0.0000
13740.410,85.668,c2nav42,DESCEND,CONSISTENT,OK,0,0,1.70,0.010,1.000,30,1,1.058,-0.40,rl,rl,0.1800,-0.0000,6.5295,0.2478,0.0000
13740.643,85.768,c2nav42,DESCEND,CONSISTENT,OK,0,0,1.80,0.013,1.000,30,1,1.058,-0.40,rl,rl,0.1800,-0.0000,6.5436,0.2478,0.0000
13740.913,85.868,c2nav42,DESCEND,CONSISTENT,OK,0,0,1.90,0.020,0.933,30,1,1.058,-0.40,rl,rl,0.1800,-0.0000,6.5614,0.2478,0.0000
13741.163,85.968,c2nav42,DESCEND,CONSISTENT,OK,0,0,2.00,0.022,0.933,30,1,1.058,-0.40,rl,rl,0.1800,-0.0000,6.5793,0.2478,0.0000
13741.466,86.070,c2nav42,DESCEND,CONSISTENT,OK,0,0,2.10,0.031,0.900,30,1,1.058,-0.40,rl,rl,0.1800,-0.0000,6.6008,0.2478,0.0000
13741.684,86.168,c2nav42,DESCEND,CONSISTENT,OK,0,0,2.20,0.044,0.862,29,1,1.058,-0.40,rl,rl,0.1800,-0.0000,6.6152,0.2478,0.0000
13741.935,86.268,c2nav42,DESCEND,CONSISTENT,OK,0,0,2.30,0.046,0.897,29,1,1.058,-0.40,rl,rl,0.1800,-0.0000,6.6332,0.2478,0.0000
13742.222,86.368,c2nav42,DESCEND,CONSISTENT,OK,0,0,2.50,0.044,0.893,28,1,1.058,-0.40,rl,rl,0.0000,0.0000,6.6512,0.2478,0.0000
13742.492,86.468,c2nav42,RETURN_HOME,CONSISTENT,OK,0,0,2.50,0.044,0.893,28,1,1.058,-0.40,rl,rl,0.0000,0.0000,6.6622,0.2478,0.0000
13742.761,86.568,c2nav42,RETURN_HOME,CONSISTENT,OK,0,0,2.60,0.041,0.893,28,1,1.058,-0.40,nav,nav,0.0000,0.0000,6.6622,0.2480,0.0054
13743.016,86.668,c2nav42,RETURN_HOME,CONSISTENT,OK,0,0,2.70,0.044,0.857,28,1,0.073,-0.40,nav,nav,0.0000,0.0000,6.6622,0.2484,0.0098
13743.263,86.768,c2nav42,RETURN_HOME,CONSISTENT,OK,0,0,2.80,0.044,0.893,28,1,0.073,-0.40,nav,nav,0.0000,0.0000,6.6622,0.2484,0.0098
13743.530,86.868,c2nav42,RETURN_HOME,CONSISTENT,OK,0,0,2.90,0.042,0.897,29,1,0.073,-0.40,nav,nav,0.0000,0.0000,6.6622,0.2484,0.0098
13743.801,86.968,c2nav42,RETURN_HOME,CONSISTENT,OK,0,1,3.00,0.042,0.897,29,1,0.073,-0.40,nav,nav,0.0000,0.0000,6.6622,0.2484,0.0098
13744.069,87.076,c2nav42,RECOVERY,CONSISTENT,OK,0,1,3.00,0.280,0.304,23,1,0.073,-0.40,nav,nav,0.0000,0.0000,6.6622,0.2484,0.0098
13744.285,87.168,c2nav42,RECOVERY,CONSISTENT,OK,0,1,3.00,0.378,0.217,23,1,0.073,-0.40,idle,none,0.0000,0.0000,6.6622,0.2484,0.0098
13744.555,87.268,c2nav42,RETURN_HOME,CONSISTENT,OK,0,1,3.00,0.378,0.217,23,1,0.073,-0.40,idle,none,0.0000,0.0000,6.6622,0.2484,0.0098
13744.851,87.368,c2nav42,RETURN_HOME,CONSISTENT,OK,0,1,3.00,0.378,0.217,23,1,0.073,-0.40,nav,nav,0.0000,0.6923,6.6622,0.2489,0.0211
13745.155,87.468,c2nav42,RETURN_HOME,CONSISTENT,OK,0,1,3.00,0.386,0.217,23,1,0.073,-0.40,nav,nav,0.0000,0.6923,6.6622,0.2516,0.0724
13745.400,87.568,c2nav42,RETURN_HOME,CONSISTENT,OK,0,1,3.00,0.328,0.310,29,1,0.073,-0.40,nav,nav,0.0000,0.6410,6.6622,0.2563,0.1401
13745.676,87.668,c2nav42,RETURN_HOME,CONSISTENT,OK,0,1,3.00,0.330,0.375,32,1,0.073,-0.40,nav,nav,0.0000,1.0000,6.6622,0.2609,0.1987
13745.898,87.768,c2nav42,RETURN_HOME,CONSISTENT,OK,0,1,3.00,0.362,0.286,28,1,0.073,-0.40,nav,nav,0.0000,0.9487,6.6622,0.2665,0.2759
13746.211,87.868,c2nav42,RETURN_HOME,CONSISTENT,OK,0,1,3.00,0.364,0.353,34,1,0.120,-0.40,nav,nav,0.0000,0.8462,6.6622,0.2716,0.3571
13746.510,87.968,c2nav42,RETURN_HOME,CONSISTENT,OK,0,1,3.00,0.364,0.353,34,1,0.120,-0.40,nav,nav,0.0000,0.7949,6.6622,0.2754,0.4278
13746.777,88.068,c2nav42,RETURN_HOME,CONSISTENT,OK,0,1,3.00,0.389,0.314,35,1,0.120,-0.40,nav,nav,0.0000,0.7436,6.6622,0.2781,0.4894
13747.020,88.168,c2nav42,RETURN_HOME,CONSISTENT,OK,0,1,3.00,0.396,0.324,37,1,0.149,-0.40,nav,nav,0.0000,0.6923,6.6621,0.2803,0.5562
13747.282,88.268,c2nav42,RETURN_HOME,CONSISTENT,OK,0,1,3.00,0.377,0.405,42,1,0.149,-0.40,nav,nav,0.0000,0.6410,6.6620,0.2811,0.5955
13747.537,88.368,c2nav42,RETURN_HOME,CONSISTENT,OK,0,1,3.00,0.392,0.395,43,1,0.149,-0.40,nav,nav,0.0000,1.0000,6.6623,0.2817,0.6311
13747.818,88.468,c2nav42,RETURN_HOME,INCONSISTENT,SCAN_DISAGREES,0,1,0.10,0.402,0.386,44,1,0.161,-0.40,nav,nav,0.0000,0.7887,6.6647,0.2823,0.6812
13748.053,88.568,c2nav42,RETURN_HOME,CONSISTENT,OK,0,1,3.00,0.397,0.370,46,1,0.161,-0.40,nav,nav,0.0000,-0.0113,6.6653,0.2830,0.6961
13748.280,88.668,c2nav42,RETURN_HOME,INCONSISTENT,SCAN_DISAGREES,0,1,0.10,0.405,0.340,47,1,0.161,-0.40,nav,nav,0.0000,-0.8113,6.6653,0.2830,0.6961
13748.515,88.768,c2nav42,RETURN_HOME,INCONSISTENT,SCAN_DISAGREES,0,1,0.20,0.404,0.362,47,1,0.161,-0.40,nav,nav,0.0000,-1.0000,6.6653,0.2830,0.6961
13748.744,88.868,c2nav42,RETURN_HOME,CONSISTENT,OK,0,1,2.90,0.393,0.347,49,1,0.161,-0.40,nav,nav,0.0000,-1.0000,6.6653,0.2830,0.6861
13749.002,88.968,c2nav42,RETURN_HOME,CONSISTENT,OK,0,1,3.00,0.389,0.340,50,1,0.161,-0.40,nav,nav,0.0000,-0.2000,6.6652,0.2830,0.6366
13749.231,89.068,c2nav42,RETURN_HOME,CONSISTENT,OK,0,1,3.00,0.368,0.340,53,1,0.161,-0.39,nav,nav,0.0000,0.6000,6.6653,0.2827,0.6092
13749.478,89.168,c2nav42,RETURN_HOME,CONSISTENT,OK,0,1,3.00,0.374,0.380,50,1,0.161,-0.40,nav,nav,0.0000,0.9487,6.6652,0.2826,0.6104
13749.733,89.268,c2nav42,RETURN_HOME,CONSISTENT,OK,0,1,3.00,0.373,0.380,50,1,0.161,-0.40,nav,nav,0.0000,0.9487,6.6647,0.2826,0.6386
13750.005,89.368,c2nav42,RETURN_HOME,CONSISTENT,OK,0,1,3.00,0.386,0.354,48,1,0.161,-0.40,nav,nav,0.0000,0.8974,6.6648,0.2829,0.6890
13750.255,89.468,c2nav42,RETURN_HOME,CONSISTENT,OK,0,1,3.00,0.393,0.340,47,1,0.161,-0.40,nav,nav,0.0000,0.8462,6.6669,0.2836,0.7387
13750.500,89.568,c2nav42,RETURN_HOME,CONSISTENT,OK,0,1,3.00,0.395,0.333,48,1,0.161,-0.40,nav,nav,0.0000,0.6349,6.6675,0.2842,0.7540
13750.728,89.668,c2nav42,RETURN_HOME,CONSISTENT,OK,0,1,3.00,0.398,0.312,48,1,0.179,-0.40,nav,nav,0.0000,-0.1651,6.6675,0.2842,0.7540
13750.990,89.772,c2nav42,RETURN_HOME,INCONSISTENT,SCAN_DISAGREES,0,1,0.10,0.402,0.292,48,1,0.179,-0.40,nav,nav,0.0000,-0.8051,6.6675,0.2842,0.7540
13751.233,89.868,c2nav42,RETURN_HOME,INCONSISTENT,SCAN_DISAGREES,0,1,0.20,0.402,0.292,48,1,0.179,-0.40,nav,nav,0.0000,-1.0000,6.6675,0.2842,0.7540
13751.505,89.970,c2nav42,RETURN_HOME,INCONSISTENT,SCAN_DISAGREES,0,1,0.30,0.403,0.312,48,1,0.179,-0.40,nav,nav,0.0000,-1.0000,6.6673,0.2842,0.7294
13751.748,90.068,c2nav42,RETURN_HOME,CONSISTENT,OK,0,1,2.80,0.398,0.294,51,1,0.179,-0.40,nav,nav,0.0000,-1.0000,6.6668,0.2842,0.6617
13752.006,90.168,c2nav42,RETURN_HOME,CONSISTENT,OK,0,1,2.90,0.389,0.333,51,1,0.179,-0.40,nav,nav,0.0000,-0.8400,6.6670,0.2842,0.5948
13752.323,90.268,c2nav42,RETURN_HOME,CONSISTENT,OK,0,1,3.00,0.375,0.353,51,1,0.179,-0.40,nav,nav,0.0000,-0.0400,6.6675,0.2841,0.5377
13752.592,90.368,c2nav42,RETURN_HOME,CONSISTENT,OK,0,1,3.00,0.357,0.392,51,1,0.179,-0.40,nav,nav,0.0000,0.9200,6.6675,0.2833,0.5048
13752.890,90.468,c2nav42,RETURN_HOME,CONSISTENT,OK,0,1,3.00,0.358,0.380,50,1,0.194,-0.40,nav,nav,0.0000,0.3600,6.6674,0.2831,0.5023
13753.155,90.568,c2nav42,RETURN_HOME,CONSISTENT,OK,0,1,3.00,0.361,0.354,48,1,0.194,-0.40,nav,nav,0.0000,-0.6000,6.6671,0.2834,0.5168
13753.400,90.668,c2nav42,RETURN_HOME,CONSISTENT,OK,0,1,3.00,0.361,0.333,48,1,0.194,-0.40,nav,nav,0.0000,0.2000,6.6672,0.2834,0.5107
13753.649,90.768,c2nav42,RETURN_HOME,CONSISTENT,OK,0,1,3.00,0.361,0.340,50,1,0.194,-0.40,nav,nav,0.0000,1.0000,6.6669,0.2834,0.5193
13753.901,90.868,c2nav42,RETURN_HOME,CONSISTENT,OK,0,1,3.00,0.356,0.367,49,1,0.194,-0.40,nav,nav,0.0000,1.0000,6.6653,0.2835,0.5516
13754.203,90.970,c2nav42,RETURN_HOME,CONSISTENT,OK,0,1,3.00,0.378,0.312,48,1,0.194,-0.40,nav,nav,0.0000,0.9487,6.6633,0.2835,0.6204
13754.455,91.068,c2nav42,RETURN_HOME,CONSISTENT,OK,0,1,3.00,0.378,0.312,48,1,0.194,-0.40,nav,nav,0.0000,0.8462,6.6634,0.2839,0.6604
13754.708,91.168,c2nav42,RETURN_HOME,CONSISTENT,OK,0,1,3.00,0.383,0.306,49,1,0.194,-0.40,nav,nav,0.0000,0.7949,6.6658,0.2847,0.7082
13754.952,91.268,c2nav42,RETURN_HOME,CONSISTENT,OK,0,1,3.00,0.397,0.271,48,1,0.201,-0.40,nav,nav,0.0000,0.7436,6.6666,0.2853,0.7287
13755.200,91.368,c2nav42,RETURN_HOME,INCONSISTENT,SCAN_DISAGREES,0,1,0.10,0.400,0.286,49,1,0.201,-0.40,nav,nav,0.0000,0.6923,6.6666,0.2853,0.7288
13755.452,91.468,c2nav42,RETURN_HOME,CONSISTENT,OK,0,1,3.00,0.395,0.265,49,1,0.201,-0.40,nav,nav,0.0000,0.6923,6.6666,0.2853,0.7288
13755.691,91.568,c2nav42,RETURN_HOME,INCONSISTENT,SCAN_DISAGREES,0,1,0.10,0.405,0.234,47,1,0.201,-0.40,nav,nav,0.0000,0.6410,6.6670,0.2856,0.7410
13755.941,91.668,c2nav42,RETURN_HOME,CONSISTENT,OK,0,1,3.00,0.399,0.191,47,1,0.201,-0.40,nav,nav,0.0000,0.6410,6.6678,0.2859,0.7560
13756.201,91.768,c2nav42,RETURN_HOME,CONSISTENT,OK,0,1,3.00,0.386,0.191,47,1,0.207,-0.40,nav,nav,0.2842,1.0000,6.6678,0.2859,0.7561
13756.444,91.868,c2nav42,RETURN_HOME,CONSISTENT,OK,0,1,3.00,0.379,0.191,47,1,0.207,-0.40,nav,nav,0.2684,1.0000,6.6722,0.2904,0.7583
13756.664,91.968,c2nav42,RETURN_HOME,CONSISTENT,OK,0,1,3.00,0.371,0.170,47,1,0.207,-0.40,nav,nav,0.3000,1.0000,6.6801,0.2992,0.7699
13756.925,92.078,c2nav42,RETURN_HOME,CONSISTENT,OK,0,1,3.00,0.364,0.191,47,1,0.207,-0.40,nav,nav,0.2842,1.0000,6.6922,0.3122,0.7792
13757.138,92.168,c2nav42,RETURN_HOME,CONSISTENT,OK,0,1,3.00,0.360,0.213,47,1,0.207,-0.40,nav,nav,0.2684,0.9487,6.7010,0.3222,0.7942
13757.426,92.268,c2nav42,RETURN_HOME,CONSISTENT,OK,0,1,3.00,0.371,0.149,47,1,0.216,-0.40,nav,nav,0.3000,0.9487,6.7169,0.3408,0.8608
13757.680,92.368,c2nav42,RETURN_HOME,CONSISTENT,OK,0,1,3.00,0.378,0.146,48,1,0.216,-0.40,nav,nav,0.2526,1.0000,6.7338,0.3614,0.9294
13757.952,92.468,c2nav42,RETURN_HOME,CONSISTENT,OK,0,1,3.00,0.381,0.143,49,1,0.216,-0.40,nav,nav,0.2842,1.0000,6.7489,0.3823,0.9974
13758.272,92.568,c2nav42,RETURN_HOME,CONSISTENT,OK,0,1,3.00,0.385,0.120,50,1,0.230,-0.40,nav,nav,0.2526,1.0000,6.7624,0.4049,1.0635
13758.583,92.668,c2nav42,RETURN_HOME,CONSISTENT,OK,0,1,3.00,0.388,0.118,51,1,0.230,-0.40,nav,nav,0.2842,0.8974,6.7725,0.4275,1.1355
13758.850,92.768,c2nav42,RETURN_HOME,CONSISTENT,OK,0,1,3.00,0.390,0.113,53,1,0.230,-0.40,nav,nav,0.3000,0.8974,6.7803,0.4524,1.2070
13759.165,92.868,c2nav42,RETURN_HOME,CONSISTENT,OK,0,1,3.00,0.386,0.130,54,1,0.232,-0.40,nav,nav,0.2842,0.9487,6.7861,0.4849,1.3028
13759.445,92.968,c2nav42,RETURN_HOME,CONSISTENT,OK,0,1,3.00,0.387,0.109,55,1,0.232,-0.40,nav,nav,0.3000,0.8974,6.7874,0.5076,1.3725
13759.758,93.074,c2nav42,RETURN_HOME,CONSISTENT,OK,0,1,3.00,0.374,0.175,57,1,0.232,-0.40,nav,nav,0.2842,1.0000,6.7868,0.5366,1.4635
13760.008,93.168,c2nav42,RETURN_HOME,CONSISTENT,OK,0,1,3.00,0.376,0.138,58,1,0.261,-0.39,nav,nav,0.2842,0.8462,6.7837,0.5659,1.5602
13760.269,93.268,c2nav42,RETURN_HOME,CONSISTENT,OK,0,1,3.00,0.355,0.183,60,1,0.261,-0.40,nav,nav,0.3000,0.7949,6.7779,0.5946,1.6473
13760.508,93.368,c2nav42,RETURN_HOME,CONSISTENT,OK,0,1,3.00,0.359,0.183,60,1,0.261,-0.40,nav,nav,0.2842,0.7436,6.7698,0.6239,1.7230
13760.818,93.468,c2nav42,RETURN_HOME,CONSISTENT,OK,0,1,3.00,0.370,0.167,60,1,0.291,-0.40,nav,nav,0.2842,0.4872,6.7597,0.6525,1.7859
13761.060,93.568,c2nav42,RETURN_HOME,CONSISTENT,OK,0,1,3.00,0.365,0.150,60,1,0.291,-0.40,nav,nav,0.2842,0.4872,6.7496,0.6804,1.8317
13761.332,93.668,c2nav42,RETURN_HOME,CONSISTENT,OK,0,1,3.00,0.361,0.200,60,1,0.291,-0.40,nav,nav,0.2842,0.4359,6.7387,0.7084,1.8725
13761.579,93.768,c2nav42,RETURN_HOME,CONSISTENT,OK,0,1,3.00,0.365,0.183,60,1,0.291,-0.40,nav,nav,0.3000,0.2821,6.7273,0.7356,1.9104
13761.823,93.868,c2nav42,RETURN_HOME,CONSISTENT,OK,0,1,3.00,0.358,0.200,60,1,0.313,-0.40,nav,nav,0.2842,0.1282,6.7160,0.7633,1.9302
13762.058,93.968,c2nav42,RETURN_HOME,CONSISTENT,OK,0,1,3.00,0.362,0.183,60,1,0.313,-0.40,nav,nav,0.3000,0.0769,6.7051,0.7901,1.9406
13762.304,94.068,c2nav42,RETURN_HOME,CONSISTENT,OK,0,1,3.00,0.363,0.200,60,1,0.313,-0.40,nav,nav,0.2684,0.1795,6.6943,0.8173,1.9449
13762.550,94.168,c2nav42,RETURN_HOME,CONSISTENT,OK,0,1,3.00,0.365,0.200,60,1,0.313,-0.40,nav,nav,0.3000,0.1795,6.6835,0.8432,1.9540
13762.795,94.268,c2nav42,RETURN_HOME,CONSISTENT,OK,0,1,3.00,0.364,0.200,60,1,0.313,-0.40,nav,nav,0.3000,0.1282,6.6724,0.8692,1.9649
13763.035,94.368,c2nav42,RETURN_HOME,CONSISTENT,OK,0,1,3.00,0.361,0.183,60,1,0.313,-0.40,nav,nav,0.2842,0.1282,6.6614,0.8955,1.9719
13763.282,94.468,c2nav42,RETURN_HOME,CONSISTENT,OK,0,1,3.00,0.364,0.200,60,1,0.313,-0.40,nav,nav,0.3000,0.1795,6.6510,0.9206,1.9749
13763.522,94.568,c2nav42,RETURN_HOME,CONSISTENT,OK,0,1,3.00,0.364,0.200,60,1,0.313,-0.40,nav,nav,0.2842,0.1795,6.6405,0.9452,1.9750
13763.759,94.668,c2nav42,RETURN_HOME,CONSISTENT,OK,0,1,3.00,0.356,0.200,60,1,0.313,-0.40,nav,nav,0.3000,0.1795,6.6307,0.9681,1.9754
13764.035,94.768,c2nav42,RETURN_HOME,CONSISTENT,OK,0,1,3.00,0.348,0.233,60,1,0.313,-0.40,nav,nav,0.2842,-0.0256,6.6203,0.9926,1.9757
13764.319,94.868,c2nav42,RETURN_HOME,CONSISTENT,OK,0,1,3.00,0.356,0.254,59,1,0.392,-0.40,nav,nav,0.3000,-0.0256,6.6091,1.0186,1.9757
13764.587,94.968,c2nav42,RETURN_HOME,CONSISTENT,OK,0,1,3.00,0.351,0.237,59,1,0.392,-0.40,nav,nav,0.2842,0.0769,6.5979,1.0451,1.9755
13764.840,95.068,c2nav42,RETURN_HOME,CONSISTENT,OK,0,1,3.00,0.354,0.207,58,1,0.392,-0.40,nav,nav,0.2842,0.1795,6.5870,1.0706,1.9760
13765.117,95.168,c2nav42,RETURN_HOME,CONSISTENT,OK,0,1,3.00,0.361,0.172,58,1,0.392,-0.40,nav,nav,0.3000,0.0769,6.5768,1.0947,1.9783
13765.454,95.268,c2nav42,RETURN_HOME,CONSISTENT,OK,0,1,3.00,0.319,0.304,56,1,0.392,-0.40,nav,nav,0.2842,0.1282,6.5657,1.1206,1.9790
13765.742,95.368,c2nav42,RETURN_HOME,CONSISTENT,OK,0,1,3.00,0.302,0.339,56,1,0.392,-0.40,nav,nav,0.3000,0.1282,6.5552,1.1453,1.9820
13766.035,95.468,c2nav42,RETURN_HOME,CONSISTENT,OK,0,1,3.00,0.288,0.429,56,1,0.392,-0.40,nav,nav,0.2842,0.1282,6.5443,1.1703,1.9835
13766.284,95.568,c2nav42,RETURN_HOME,CONSISTENT,OK,0,1,3.00,0.286,0.418,55,1,0.392,-0.40,nav,nav,0.3000,0.1282,6.5335,1.1946,1.9835
13766.535,95.668,c2nav42,RETURN_HOME,CONSISTENT,OK,0,1,3.00,0.286,0.436,55,1,0.392,-0.40,nav,nav,0.2842,0.1282,6.5224,1.2200,1.9844
13766.774,95.768,c2nav42,RETURN_HOME,CONSISTENT,OK,0,1,3.00,0.295,0.426,54,1,0.392,-0.40,nav,nav,0.3000,0.1282,6.5112,1.2446,1.9868
13766.992,95.868,c2nav42,RETURN_HOME,CONSISTENT,OK,0,1,3.00,0.301,0.315,54,1,0.444,-0.40,nav,nav,0.2842,0.0000,6.5020,1.2677,2.0390
13767.272,95.968,c2nav42,RETURN_HOME,CONSISTENT,OK,0,1,3.00,0.306,0.278,54,1,0.444,-0.40,nav,nav,0.2842,0.0769,6.4998,1.2836,2.1410
13767.518,96.068,c2nav42,RETURN_HOME,CONSISTENT,OK,0,1,3.00,0.316,0.231,52,1,0.444,-0.40,nav,nav,0.3000,0.0769,6.4977,1.2920,2.2048
13767.789,96.168,c2nav42,RETURN_HOME,CONSISTENT,OK,0,1,3.00,0.336,0.245,53,1,0.444,-0.40,nav,nav,0.2842,0.0769,6.4939,1.3028,2.2848
13768.013,96.268,c2nav42,RETURN_HOME,CONSISTENT,OK,0,1,3.00,0.317,0.240,50,1,0.444,-0.40,nav,nav,0.3000,0.0769,6.4898,1.3122,2.3565
13768.267,96.368,c2nav42,RETURN_HOME,CONSISTENT,OK,0,1,3.00,0.300,0.286,49,1,0.444,-0.40,nav,nav,0.2842,0.0769,6.4845,1.3217,2.4270
13768.512,96.468,c2nav42,RETURN_HOME,CONSISTENT,OK,0,1,3.00,0.293,0.250,48,1,0.444,-0.40,nav,nav,0.3000,0.0769,6.4789,1.3301,2.4930
13768.769,96.570,c2nav42,RETURN_HOME,CONSISTENT,OK,0,1,3.00,0.291,0.208,48,1,0.444,-0.40,nav,nav,0.3000,0.0769,6.4717,1.3395,2.5692
13768.982,96.668,c2nav42,RETURN_HOME,CONSISTENT,OK,0,1,3.00,0.284,0.213,47,1,0.444,-0.40,nav,nav,0.3000,-0.0831,6.4665,1.3453,2.6188
13769.243,96.768,c2nav42,RETURN_HOME,CONSISTENT,OK,0,1,3.00,0.295,0.229,48,1,0.509,-0.40,nav,nav,0.2842,-0.1795,6.4587,1.3532,2.6898
13769.506,96.868,c2nav42,RETURN_HOME,CONSISTENT,OK,0,1,3.00,0.286,0.217,46,1,0.509,-0.40,nav,nav,0.3000,-0.2308,6.4492,1.3627,2.7812
13769.743,96.968,c2nav42,RETURN_HOME,CONSISTENT,OK,0,1,3.00,0.285,0.217,46,1,0.509,-0.40,nav,nav,0.2842,-0.1795,6.4390,1.3712,2.8728
13769.980,97.068,c2nav42,RETURN_HOME,CONSISTENT,OK,0,1,3.00,0.289,0.217,46,1,0.509,-0.40,nav,nav,0.2842,-0.1282,6.4276,1.3792,2.9682
13770.218,97.168,c2nav42,RETURN_HOME,CONSISTENT,OK,0,1,3.00,0.272,0.244,45,1,0.509,-0.40,nav,nav,0.3000,-0.0769,6.4163,1.3897,3.0605
13770.488,97.268,c2nav42,RETURN_HOME,CONSISTENT,OK,0,1,3.00,0.288,0.209,43,1,0.509,-0.40,nav,nav,0.3000,-0.1795,6.3965,1.3904,3.0726
13770.752,97.368,c2nav42,RETURN_HOME,CONSISTENT,OK,0,1,3.00,0.297,0.234,47,1,0.509,-0.40,nav,nav,0.3000,-0.4872,6.3693,1.3925,3.0714
13771.020,97.468,c2nav42,RETURN_HOME,CONSISTENT,OK,0,1,3.00,0.309,0.174,46,1,0.509,-0.40,nav,nav,0.2842,-0.4872,6.3457,1.3945,3.0709
13771.294,97.568,c2nav42,RETURN_HOME,CONSISTENT,OK,0,1,3.00,0.324,0.111,45,1,0.509,-0.40,nav,nav,0.3000,-0.5897,6.3230,1.3970,3.0711
13771.558,97.668,c2nav42,RETURN_HOME,CONSISTENT,OK,0,1,3.00,0.354,0.091,44,1,0.584,-0.40,nav,nav,0.3000,-0.4872,6.3017,1.4011,3.0720
13771.756,97.768,c2nav42,RETURN_HOME,CONSISTENT,OK,0,1,3.00,0.393,0.089,45,1,0.584,-0.40,nav,nav,0.0900,-0.2077,6.2786,1.4043,3.0543
13771.985,97.868,c2nav42,RETURN_HOME,INCONSISTENT,SCAN_DISAGREES,0,1,0.10,0.410,0.122,49,1,0.584,-0.40,nav,nav,0.0900,-0.2077,6.2632,1.4066,3.0383
13772.291,97.968,c2nav42,RETURN_HOME,CONSISTENT,OK,0,1,3.00,0.391,0.143,49,1,0.584,-0.40,nav,nav,0.0853,-0.1923,6.2533,1.4091,3.0205
13772.609,98.068,c2nav42,RETURN_HOME,CONSISTENT,OK,0,1,3.00,0.370,0.143,49,1,0.584,-0.40,nav,nav,0.0900,-0.1615,6.2429,1.4123,2.9992
13772.880,98.168,c2nav42,RETURN_HOME,CONSISTENT,OK,0,1,3.00,0.372,0.140,50,1,0.584,-0.40,nav,nav,0.0900,-0.2538,6.2360,1.4148,2.9808
13773.146,98.268,c2nav42,RETURN_HOME,CONSISTENT,OK,0,1,3.00,0.367,0.080,50,1,0.584,-0.40,nav,nav,0.0900,-0.2538,6.2274,1.4184,2.9548
13773.414,98.368,c2nav42,RETURN_HOME,CONSISTENT,OK,0,1,3.00,0.358,0.160,50,1,0.584,-0.40,nav,nav,0.0853,-0.2846,6.2175,1.4228,2.9255
13773.709,98.468,c2nav42,RETURN_HOME,CONSISTENT,OK,0,1,3.00,0.376,0.118,51,1,0.614,-0.40,nav,nav,0.0900,-0.2212,6.2112,1.4260,2.9036
13773.993,98.568,c2nav42,RETURN_HOME,CONSISTENT,OK,0,1,3.00,0.366,0.080,50,1,0.614,-0.40,nav,nav,0.0900,-0.2846,6.2031,1.4296,2.8828
13774.283,98.672,c2nav42,RETURN_HOME,CONSISTENT,OK,0,1,3.00,0.372,0.135,52,1,0.614,-0.40,nav,nav,0.0900,-0.2846,6.1930,1.4349,2.8502
13774.524,98.768,c2nav42,RETURN_HOME,CONSISTENT,OK,0,1,3.00,0.385,0.096,52,1,0.614,-0.40,nav,nav,0.0900,-0.1923,6.1863,1.4385,2.8292
13774.776,98.868,c2nav42,RETURN_HOME,CONSISTENT,OK,0,1,3.00,0.310,0.140,50,1,0.614,-0.40,nav,nav,0.0900,-0.1923,6.1779,1.4425,2.8109
13775.023,98.968,c2nav42,RETURN_HOME,CONSISTENT,OK,0,1,3.00,0.291,0.189,53,1,0.614,-0.40,nav,nav,0.0853,-0.1769,6.1696,1.4466,2.7935
13775.307,99.076,c2nav42,RETURN_HOME,CONSISTENT,OK,0,1,3.00,0.288,0.226,53,1,0.614,-0.40,nav,nav,0.0900,-0.1289,6.1601,1.4514,2.7747
13775.547,99.168,c2nav42,RETURN_HOME,CONSISTENT,OK,0,1,3.00,0.283,0.226,53,1,0.614,-0.40,nav,nav,0.0900,-0.2114,6.1534,1.4545,2.7665
13775.791,99.268,c2nav42,RETURN_HOME,CONSISTENT,OK,0,1,3.00,0.297,0.170,53,1,0.614,-0.40,nav,nav,0.0900,-0.1751,6.1453,1.4588,2.7476
13776.041,99.368,c2nav42,RETURN_HOME,CONSISTENT,OK,0,1,3.00,0.294,0.185,54,1,0.614,-0.40,nav,nav,0.0900,-0.0692,6.1370,1.4629,2.7373
13776.286,99.468,c2nav42,RETURN_HOME,CONSISTENT,OK,0,1,3.00,0.297,0.204,54,1,0.620,-0.40,nav,nav,0.0900,-0.1462,6.1288,1.4669,2.7277
13776.513,99.568,c2nav42,RETURN_HOME,CONSISTENT,OK,0,1,3.00,0.298,0.222,54,1,0.620,-0.40,nav,nav,0.0900,-0.1462,6.1205,1.4712,2.7156
13776.752,99.668,c2nav42,RETURN_HOME,CONSISTENT,OK,0,1,3.00,0.301,0.218,55,1,0.620,-0.40,nav,nav,0.0853,-0.1462,6.1124,1.4755,2.7035
13777.027,99.768,c2nav42,RETURN_HOME,CONSISTENT,OK,0,1,3.00,0.307,0.185,54,1,0.620,-0.40,nav,nav,0.0900,-0.0846,6.1046,1.4797,2.6924
13777.315,99.868,c2nav42,RETURN_HOME,CONSISTENT,OK,0,1,3.00,0.268,0.241,54,1,0.620,-0.40,nav,nav,0.0900,-0.0846,6.0965,1.4840,2.6852
13777.585,99.968,c2nav42,RETURN_HOME,CONSISTENT,OK,0,1,3.00,0.249,0.273,55,1,0.620,-0.40,nav,nav,0.0900,-0.0846,6.0884,1.4883,2.6784
13777.834,100.068,c2nav42,RETURN_HOME,CONSISTENT,OK,0,1,3.00,0.256,0.255,55,1,0.620,-0.40,nav,nav,0.0900,-0.1308,6.0804,1.4926,2.6707
13778.111,100.168,c2nav42,RETURN_HOME,CONSISTENT,OK,0,1,3.00,0.270,0.232,56,1,0.620,-0.40,nav,nav,0.0900,-0.0385,6.0724,1.4971,2.6630
13778.427,100.268,c2nav42,RETURN_HOME,CONSISTENT,OK,0,1,3.00,0.273,0.232,56,1,0.620,-0.40,nav,nav,0.0853,-0.0385,6.0648,1.5012,2.6599
13778.729,100.370,c2nav42,RETURN_HOME,CONSISTENT,OK,0,1,3.00,0.274,0.214,56,1,0.620,-0.40,nav,nav,0.0900,0.0077,6.0555,1.5061,2.6580
13779.018,100.468,c2nav42,RETURN_HOME,CONSISTENT,OK,0,1,3.00,0.275,0.218,55,1,0.620,-0.40,nav,nav,0.0900,-0.0480,6.0491,1.5095,2.6582
13779.285,100.568,c2nav42,RETURN_HOME,CONSISTENT,OK,0,1,3.00,0.274,0.236,55,1,0.620,-0.40,nav,nav,0.0900,-0.0538,6.0412,1.5138,2.6550
13779.551,100.668,c2nav42,RETURN_HOME,CONSISTENT,OK,0,1,3.00,0.273,0.255,55,1,0.620,-0.40,nav,nav,0.0900,-0.0077,6.0332,1.5180,2.6532
13779.805,100.768,c2nav42,RETURN_HOME,CONSISTENT,OK,0,1,3.00,0.273,0.236,55,1,0.620,-0.40,nav,nav,0.0900,-0.0231,6.0253,1.5223,2.6520
13780.093,100.868,c2nav42,RETURN_HOME,CONSISTENT,OK,0,1,3.00,0.274,0.236,55,1,0.620,-0.40,nav,nav,0.0900,-0.0231,6.0174,1.5266,2.6502
13780.386,100.968,c2nav42,RETURN_HOME,CONSISTENT,OK,0,1,3.00,0.285,0.232,56,1,0.620,-0.40,nav,nav,0.0900,-0.0231,6.0094,1.5309,2.6484
13780.628,101.068,c2nav42,RETURN_HOME,CONSISTENT,OK,0,1,3.00,0.277,0.250,56,1,0.620,-0.40,nav,nav,0.0900,0.0000,6.0015,1.5352,2.6478
13780.860,101.168,c2nav42,RETURN_HOME,CONSISTENT,OK,0,1,3.00,0.280,0.232,56,1,0.620,-0.40,nav,nav,0.0900,-0.0077,5.9936,1.5395,2.6474
13781.105,101.268,c2nav42,RETURN_HOME,CONSISTENT,OK,0,1,3.00,0.278,0.232,56,1,0.620,-0.40,nav,nav,0.0900,0.0077,5.9857,1.5438,2.6474
13781.360,101.368,c2nav42,RETURN_HOME,CONSISTENT,OK,0,1,3.00,0.279,0.232,56,1,0.620,-0.40,nav,nav,0.0900,0.0000,5.9777,1.5480,2.6477
13781.590,101.468,c2nav42,RETURN_HOME,CONSISTENT,OK,0,1,3.00,0.279,0.232,56,1,0.620,-0.40,nav,nav,0.0853,0.0077,5.9698,1.5523,2.6479
13781.837,101.568,c2nav42,RETURN_HOME,CONSISTENT,OK,0,1,3.00,0.277,0.214,56,1,0.620,-0.40,nav,nav,0.0853,0.0000,5.9622,1.5564,2.6484
13782.094,101.668,c2nav42,RETURN_HOME,CONSISTENT,OK,0,1,3.00,0.277,0.250,56,1,0.620,-0.40,nav,nav,0.0900,-0.0231,5.9546,1.5605,2.6480
13782.354,101.768,c2nav42,RETURN_HOME,CONSISTENT,OK,0,1,3.00,0.275,0.250,56,1,0.620,-0.40,nav,nav,0.0900,0.0000,5.9467,1.5648,2.6463
13782.585,101.868,c2nav42,RETURN_HOME,CONSISTENT,OK,0,1,3.00,0.278,0.250,56,1,0.620,-0.40,nav,nav,0.0900,0.0000,5.9388,1.5691,2.6463
13782.843,101.972,c2nav42,RETURN_HOME,CONSISTENT,OK,0,1,3.00,0.279,0.236,55,1,0.620,-0.40,nav,nav,0.0900,-0.0077,5.9308,1.5734,2.6460
13783.072,102.068,c2nav42,RETURN_HOME,CONSISTENT,OK,0,1,3.00,0.279,0.236,55,1,0.620,-0.40,nav,nav,0.0900,0.0000,5.9229,1.5776,2.6463
13783.313,102.168,c2nav42,RETURN_HOME,CONSISTENT,OK,0,1,3.00,0.277,0.273,55,1,0.620,-0.40,nav,nav,0.0900,0.0077,5.9150,1.5819,2.6463
13783.557,102.268,c2nav42,RETURN_HOME,CONSISTENT,OK,0,1,3.00,0.278,0.273,55,1,0.620,-0.40,nav,nav,0.0900,0.0231,5.9071,1.5862,2.6475
13783.835,102.368,c2nav42,RETURN_HOME,CONSISTENT,OK,0,1,3.00,0.281,0.255,55,1,0.620,-0.40,nav,nav,0.0900,0.0231,5.8992,1.5903,2.6493
13784.122,102.468,c2nav42,RETURN_HOME,CONSISTENT,OK,0,1,3.00,0.283,0.236,55,1,0.620,-0.40,nav,nav,0.0900,0.0385,5.8912,1.5945,2.6518
13784.383,102.568,c2nav42,RETURN_HOME,CONSISTENT,OK,0,1,3.00,0.283,0.218,55,1,0.620,-0.40,nav,nav,0.0900,0.0385,5.8833,1.5986,2.6550
13784.631,102.668,c2nav42,RETURN_HOME,CONSISTENT,OK,0,1,3.00,0.291,0.246,57,1,0.620,-0.40,nav,nav,0.0900,0.0385,5.8753,1.6027,2.6576
13784.836,102.768,c2nav42,RETURN_HOME,CONSISTENT,OK,0,1,3.00,0.291,0.246,57,1,0.620,-0.40,nav,nav,0.0900,0.0077,5.8676,1.6067,2.6605
13785.092,102.868,c2nav42,RETURN_HOME,CONSISTENT,OK,0,1,3.00,0.292,0.228,57,1,0.620,-0.40,nav,nav,0.0900,0.0231,5.8596,1.6108,2.6610
13785.383,102.968,c2nav42,RETURN_HOME,CONSISTENT,OK,0,1,3.00,0.295,0.193,57,1,0.620,-0.40,nav,nav,0.0900,0.0231,5.8500,1.6157,2.6630
13785.643,103.068,c2nav42,RETURN_HOME,CONSISTENT,OK,0,1,3.00,0.288,0.211,57,1,0.620,-0.40,nav,nav,0.0900,0.0231,5.8436,1.6190,2.6644
13785.886,103.168,c2nav42,RETURN_HOME,CONSISTENT,OK,0,1,3.00,0.288,0.211,57,1,0.620,-0.40,nav,nav,0.0900,0.0385,5.8342,1.6238,2.6664
13786.125,103.268,c2nav42,RETURN_HOME,CONSISTENT,OK,0,1,3.00,0.287,0.228,57,1,0.620,-0.40,nav,nav,0.0900,0.0385,5.8278,1.6270,2.6688
13786.390,103.368,c2nav42,RETURN_HOME,CONSISTENT,OK,0,1,3.00,0.281,0.281,57,1,0.620,-0.40,nav,nav,0.0900,-0.0249,5.8181,1.6318,2.6711
13786.641,103.468,c2nav42,RETURN_HOME,CONSISTENT,OK,0,1,3.00,0.279,0.281,57,1,0.695,-0.40,nav,nav,0.0900,-0.0846,5.8118,1.6352,2.6670
13786.941,103.568,c2nav42,RETURN_HOME,CONSISTENT,OK,0,1,3.00,0.283,0.246,57,1,0.695,-0.40,nav,nav,0.0900,-0.0692,5.8038,1.6396,2.6611
13787.210,103.668,c2nav42,RETURN_HOME,CONSISTENT,OK,0,1,3.00,0.286,0.211,57,1,0.695,-0.40,nav,nav,0.0900,-0.0538,5.7958,1.6439,2.6559
13787.431,103.768,c2nav42,RETURN_HOME,CONSISTENT,OK,0,1,3.00,0.282,0.228,57,1,0.695,-0.40,nav,nav,0.0900,-0.0538,5.7879,1.6483,2.6516
13787.646,103.868,c2nav42,RETURN_HOME,CONSISTENT,OK,0,1,3.00,0.235,0.281,57,1,0.695,-0.40,nav,nav,0.0900,-0.0538,5.7799,1.6527,2.6473
13787.895,103.968,c2nav42,RETURN_HOME,CONSISTENT,OK,0,1,3.00,0.230,0.250,56,1,0.695,-0.40,nav,nav,0.0900,-0.0692,5.7720,1.6572,2.6429
13788.174,104.068,c2nav42,RETURN_HOME,CONSISTENT,OK,0,1,3.00,0.230,0.281,57,1,0.695,-0.40,nav,nav,0.0853,-0.0538,5.7643,1.6616,2.6379
13788.434,104.168,c2nav42,RETURN_HOME,CONSISTENT,OK,0,1,3.00,0.220,0.293,58,1,0.695,-0.40,nav,nav,0.0900,0.0385,5.7565,1.6659,2.6382
13788.692,104.268,c2nav42,RETURN_HOME,CONSISTENT,OK,0,1,3.00,0.215,0.293,58,1,0.695,-0.40,nav,nav,0.0900,0.0538,5.7487,1.6701,2.6420
13788.964,104.368,c2nav42,RETURN_HOME,CONSISTENT,OK,0,1,3.00,0.216,0.293,58,1,0.695,-0.40,nav,nav,0.0900,0.0385,5.7408,1.6742,2.6462
13789.217,104.468,c2nav42,RETURN_HOME,CONSISTENT,OK,0,1,3.00,0.216,0.293,58,1,0.695,-0.40,nav,nav,0.0853,0.0538,5.7328,1.6783,2.6494
13789.491,104.568,c2nav42,RETURN_HOME,CONSISTENT,OK,0,1,3.00,0.220,0.316,57,1,0.695,-0.40,nav,nav,0.0900,0.0692,5.7251,1.6823,2.6539
13789.751,104.668,c2nav42,RETURN_HOME,CONSISTENT,OK,0,1,3.00,0.223,0.316,57,1,0.695,-0.40,nav,nav,0.0900,0.0538,5.7172,1.6863,2.6593
13790.063,104.768,c2nav42,RETURN_HOME,CONSISTENT,OK,0,1,3.00,0.223,0.268,56,1,0.695,-0.40,nav,nav,0.0853,0.0692,5.7092,1.6903,2.6637
13790.344,104.868,c2nav42,RETURN_HOME,CONSISTENT,OK,0,1,3.00,0.215,0.263,57,1,0.695,-0.40,nav,nav,0.0853,0.0692,5.7017,1.6939,2.6693
13790.619,104.968,c2nav42,RETURN_HOME,CONSISTENT,OK,0,1,3.00,0.214,0.263,57,1,0.695,-0.40,nav,nav,0.0900,0.0538,5.6938,1.6978,2.6740
13790.901,105.068,c2nav42,RETURN_HOME,CONSISTENT,OK,0,1,3.00,0.214,0.281,57,1,0.695,-0.40,nav,nav,0.0900,0.0385,5.6857,1.7016,2.6777
13791.187,105.168,c2nav42,RETURN_HOME,CONSISTENT,OK,0,1,3.00,0.211,0.281,57,1,0.695,-0.40,nav,nav,0.0900,0.0231,5.6777,1.7055,2.6807
13791.501,105.268,c2nav42,RETURN_HOME,CONSISTENT,OK,0,1,3.00,0.212,0.298,57,1,0.695,-0.40,nav,nav,0.0853,0.0385,5.6697,1.7094,2.6829
13791.747,105.368,c2nav42,RETURN_HOME,CONSISTENT,OK,0,1,3.00,0.205,0.316,57,1,0.695,-0.40,nav,nav,0.0900,0.0538,5.6618,1.7131,2.6867
13792.057,105.468,c2nav42,RETURN_HOME,CONSISTENT,OK,0,1,3.00,0.206,0.316,57,1,0.695,-0.40,nav,nav,0.0900,0.0385,5.6537,1.7169,2.6905
13792.306,105.568,c2nav42,RETURN_HOME,CONSISTENT,OK,0,1,3.00,0.203,0.316,57,1,0.695,-0.40,nav,nav,0.0853,0.0538,5.6456,1.7206,2.6936
13792.536,105.668,c2nav42,RETURN_HOME,CONSISTENT,OK,0,1,3.00,0.204,0.281,57,1,0.695,-0.40,nav,nav,0.3000,0.1282,5.6378,1.7242,2.6979
13792.789,105.768,c2nav42,RETURN_HOME,CONSISTENT,OK,0,1,3.00,0.196,0.276,58,1,0.695,-0.40,nav,nav,0.3000,0.0769,5.6192,1.7327,2.7041
13793.036,105.868,c2nav42,RETURN_HOME,CONSISTENT,OK,0,1,3.00,0.202,0.276,58,1,0.695,-0.40,nav,nav,0.3000,0.1795,5.5926,1.7448,2.7122
13793.300,105.968,c2nav42,RETURN_HOME,CONSISTENT,OK,0,1,3.00,0.195,0.328,58,1,0.695,-0.40,nav,nav,0.3000,0.0769,5.5655,1.7566,2.7249
13793.561,106.068,c2nav42,RETURN_HOME,CONSISTENT,OK,0,1,3.00,0.190,0.310,58,1,0.695,-0.40,nav,nav,0.3000,0.0000,5.5380,1.7684,2.7296
13793.788,106.168,c2nav42,RETURN_HOME,CONSISTENT,OK,0,1,3.00,0.195,0.316,57,1,0.695,-0.40,nav,nav,0.2842,0.0769,5.5106,1.7802,2.7344
13794.097,106.268,c2nav42,RETURN_HOME,CONSISTENT,OK,0,1,3.00,0.190,0.321,56,1,0.695,-0.40,nav,nav,0.3000,0.0769,5.4835,1.7917,2.7389
13794.343,106.368,c2nav42,RETURN_HOME,CONSISTENT,OK,0,1,3.00,0.186,0.304,56,1,0.728,-0.40,nav,nav,0.3000,-0.2308,5.4566,1.8031,2.7398
13794.608,106.468,c2nav42,RETURN_HOME,CONSISTENT,OK,0,1,3.00,0.179,0.316,57,1,0.728,-0.40,nav,nav,0.3000,-0.1282,5.4303,1.8150,2.7289
13794.821,106.568,c2nav42,RETURN_HOME,CONSISTENT,OK,0,1,3.00,0.172,0.339,56,1,0.728,-0.40,nav,nav,0.3000,-0.1282,5.4040,1.8270,2.7208
13795.073,106.668,c2nav42,RETURN_HOME,CONSISTENT,OK,0,1,3.00,0.165,0.362,58,1,0.728,-0.40,nav,nav,0.3000,-0.2308,5.3776,1.8392,2.7126
13795.352,106.768,c2nav42,RETURN_HOME,CONSISTENT,OK,0,1,3.00,0.150,0.466,58,1,0.728,-0.40,nav,nav,0.3000,-0.1282,5.3514,1.8518,2.7029
13795.587,106.868,c2nav42,RETURN_HOME,CONSISTENT,OK,0,1,3.00,0.149,0.474,57,1,0.728,-0.40,nav,nav,0.3000,0.0256,5.3246,1.8647,2.6995
13795.827,106.968,c2nav42,RETURN_HOME,CONSISTENT,OK,0,1,3.00,0.149,0.482,56,1,0.728,-0.40,nav,nav,0.3000,-0.0256,5.2976,1.8775,2.6993
13796.082,107.068,c2nav42,RETURN_HOME,CONSISTENT,OK,0,1,3.00,0.151,0.456,57,1,0.728,-0.40,nav,nav,0.3000,-0.0256,5.2712,1.8901,2.6983
13796.320,107.168,c2nav42,RETURN_HOME,CONSISTENT,OK,0,1,3.00,0.149,0.474,57,1,0.728,-0.40,nav,nav,0.3000,-0.0256,5.2441,1.9029,2.6977
13796.608,107.268,c2nav42,RETURN_HOME,CONSISTENT,OK,0,1,3.00,0.141,0.526,57,1,0.728,-0.40,nav,nav,0.3000,-0.0256,5.2181,1.9154,2.6969
13796.862,107.368,c2nav42,RETURN_HOME,CONSISTENT,OK,0,1,3.00,0.145,0.544,57,1,0.728,-0.40,nav,nav,0.3000,0.0000,5.1914,1.9282,2.6956
13797.125,107.468,c2nav42,RETURN_HOME,CONSISTENT,OK,0,1,3.00,0.141,0.544,57,1,0.728,-0.40,nav,nav,0.3000,-0.1282,5.1597,1.9434,2.6948
13797.351,107.568,c2nav42,RETURN_HOME,CONSISTENT,OK,0,1,3.00,0.142,0.544,57,1,0.750,-0.40,nav,nav,0.3000,-0.1282,5.1386,1.9538,2.6895
13797.596,107.668,c2nav42,RETURN_HOME,CONSISTENT,OK,0,1,3.00,0.140,0.544,57,1,0.750,-0.40,nav,nav,0.2842,0.0256,5.1127,1.9668,2.6824
13797.899,107.768,c2nav42,RETURN_HOME,CONSISTENT,OK,0,1,3.00,0.134,0.596,57,1,0.750,-0.40,nav,nav,0.3000,0.0000,5.0870,1.9795,2.6828
13798.198,107.868,c2nav42,RETURN_HOME,CONSISTENT,OK,0,1,3.00,0.135,0.571,56,1,0.750,-0.40,nav,nav,0.3000,0.0000,5.0601,1.9927,2.6839
13798.522,107.968,c2nav42,RETURN_HOME,CONSISTENT,OK,0,1,3.00,0.143,0.614,57,1,0.750,-0.40,nav,nav,0.3000,0.1282,5.0339,2.0056,2.6844
13798.780,108.068,c2nav42,RETURN_HOME,CONSISTENT,OK,0,1,3.00,0.141,0.614,57,1,0.750,-0.40,nav,nav,0.3000,0.0256,5.0074,2.0186,2.6900
13798.999,108.168,c2nav42,RETURN_HOME,CONSISTENT,OK,0,1,3.00,0.146,0.625,56,1,0.750,-0.40,nav,nav,0.3000,0.0769,4.9804,2.0315,2.6941
13799.233,108.268,c2nav42,RETURN_HOME,CONSISTENT,OK,0,1,3.00,0.143,0.589,56,1,0.750,-0.40,nav,nav,0.3000,0.0769,4.9540,2.0439,2.6998
13799.478,108.368,c2nav42,RETURN_HOME,CONSISTENT,OK,0,1,3.00,0.142,0.589,56,1,0.750,-0.40,nav,nav,0.3000,0.0256,4.9269,2.0565,2.7041
13799.747,108.468,c2nav42,RETURN_HOME,CONSISTENT,OK,0,1,3.00,0.146,0.625,56,1,0.750,-0.40,nav,nav,0.3000,0.0769,4.8999,2.0691,2.7068
13799.994,108.572,c2nav42,RETURN_HOME,CONSISTENT,OK,0,1,3.00,0.152,0.589,56,1,0.750,-0.40,nav,nav,0.2842,0.0256,4.8679,2.0836,2.7125
13800.328,108.668,c2nav42,RETURN_HOME,CONSISTENT,OK,0,1,3.00,0.151,0.589,56,1,0.750,-0.39,nav,nav,0.2684,0.1282,4.8465,2.0933,2.7139
13800.572,108.768,c2nav42,RETURN_HOME,CONSISTENT,OK,0,1,3.00,0.151,0.607,56,1,0.783,-0.40,nav,nav,0.2842,0.1282,4.8209,2.1048,2.7174
13800.844,108.868,c2nav42,RETURN_HOME,CONSISTENT,OK,0,1,3.00,0.150,0.607,56,1,0.783,-0.40,nav,nav,0.3000,0.1282,4.7954,2.1160,2.7264
13801.090,108.968,c2nav42,RETURN_HOME,CONSISTENT,OK,0,1,3.00,0.157,0.571,56,1,0.783,-0.40,nav,nav,0.3000,0.0769,4.7680,2.1275,2.7367
13801.332,109.068,c2nav42,RETURN_HOME,CONSISTENT,OK,0,1,3.00,0.161,0.564,55,1,0.783,-0.40,nav,nav,0.3000,0.1282,4.7405,2.1387,2.7462
13801.586,109.170,c2nav42,RETURN_HOME,CONSISTENT,OK,0,1,3.00,0.146,0.596,57,1,0.783,-0.40,nav,nav,0.3000,0.0769,4.7072,2.1519,2.7554
13801.823,109.268,c2nav42,RETURN_HOME,CONSISTENT,OK,0,1,3.00,0.145,0.579,57,1,0.783,-0.40,nav,nav,0.3000,0.1282,4.6856,2.1604,2.7605
13802.092,109.368,c2nav42,RETURN_HOME,CONSISTENT,OK,0,1,3.00,0.155,0.571,56,1,0.783,-0.40,nav,nav,0.3000,0.0769,4.6524,2.1731,2.7694
13802.349,109.468,c2nav42,RETURN_HOME,CONSISTENT,OK,0,1,3.00,0.156,0.564,55,1,0.783,-0.40,nav,nav,0.3000,0.1282,4.6300,2.1816,2.7724
13802.614,109.568,c2nav42,RETURN_HOME,CONSISTENT,OK,0,1,3.00,0.155,0.564,55,1,0.783,-0.40,nav,nav,0.2842,0.1282,4.6021,2.1918,2.7814
13802.866,109.668,c2nav42,RETURN_HOME,CONSISTENT,OK,0,1,3.00,0.161,0.564,55,1,0.783,-0.40,nav,nav,0.3000,0.1282,4.5747,2.2015,2.7932
13803.177,109.768,c2nav42,RETURN_HOME,CONSISTENT,OK,0,1,3.00,0.159,0.536,56,1,0.783,-0.40,nav,nav,0.3000,0.0256,4.5464,2.2110,2.8031
13803.470,109.868,c2nav42,RETURN_HOME,CONSISTENT,OK,0,1,3.00,0.161,0.554,56,1,0.814,-0.40,nav,nav,0.3000,0.1282,4.5191,2.2202,2.8088
13803.770,109.968,c2nav42,RETURN_HOME,CONSISTENT,OK,0,1,3.00,0.161,0.554,56,1,0.814,-0.40,nav,nav,0.2842,0.1282,4.4911,2.2294,2.8159
13804.037,110.068,c2nav42,RETURN_HOME,CONSISTENT,OK,0,1,3.00,0.171,0.554,56,1,0.814,-0.40,nav,nav,0.3000,0.0769,4.4645,2.2379,2.8250
13804.372,110.168,c2nav42,RETURN_HOME,CONSISTENT,OK,0,1,3.00,0.167,0.536,56,1,0.814,-0.40,nav,nav,0.2842,0.0769,4.4364,2.2466,2.8313
13804.649,110.268,c2nav42,RETURN_HOME,CONSISTENT,OK,0,1,3.00,0.167,0.545,55,1,0.814,-0.40,nav,nav,0.3000,0.1282,4.4090,2.2550,2.8358
13804.952,110.368,c2nav42,RETURN_HOME,CONSISTENT,OK,0,1,3.00,0.173,0.545,55,1,0.814,-0.40,nav,nav,0.2842,0.0769,4.3811,2.2634,2.8439
13805.259,110.468,c2nav42,RETURN_HOME,CONSISTENT,OK,0,1,3.00,0.172,0.491,55,1,0.814,-0.40,nav,nav,0.3000,0.0769,4.3535,2.2714,2.8498
13805.511,110.568,c2nav42,RETURN_HOME,CONSISTENT,OK,0,1,3.00,0.177,0.509,55,1,0.814,-0.40,nav,nav,0.3000,0.0000,4.3247,2.2796,2.8555
13805.792,110.668,c2nav42,RETURN_HOME,CONSISTENT,OK,0,1,3.00,0.183,0.509,55,1,0.814,-0.40,nav,nav,0.3000,0.1282,4.2967,2.2877,2.8570
13806.098,110.768,c2nav42,RETURN_HOME,CONSISTENT,OK,0,1,3.00,0.182,0.491,55,1,0.814,-0.40,nav,nav,0.2842,0.0256,4.2690,2.2953,2.8653
13806.381,110.868,c2nav42,RETURN_HOME,CONSISTENT,OK,0,1,3.00,0.191,0.491,55,1,0.814,-0.40,nav,nav,0.3000,0.0769,4.2412,2.3029,2.8696
13806.625,110.968,c2nav42,RETURN_HOME,CONSISTENT,OK,0,1,3.00,0.190,0.455,55,1,0.814,-0.40,nav,nav,0.2842,0.1282,4.2122,2.3106,2.8735
13806.866,111.068,c2nav42,RETURN_HOME,CONSISTENT,OK,0,1,3.00,0.188,0.455,55,1,0.815,-0.40,nav,nav,0.3000,0.0256,4.1839,2.3177,2.8822
13807.129,111.168,c2nav42,RETURN_HOME,CONSISTENT,OK,0,1,3.00,0.187,0.463,54,1,0.815,-0.40,nav,nav,0.2842,0.0256,4.1555,2.3249,2.8867
13807.376,111.268,c2nav42,RETURN_HOME,CONSISTENT,OK,0,1,3.00,0.190,0.436,55,1,0.815,-0.40,nav,nav,0.3000,0.1282,4.1274,2.3318,2.8931
13807.616,111.368,c2nav42,RETURN_HOME,CONSISTENT,OK,0,1,3.00,0.189,0.436,55,1,0.815,-0.40,nav,nav,0.3000,0.1282,4.0983,2.3388,2.8972
13807.873,111.468,c2nav42,RETURN_HOME,CONSISTENT,OK,0,1,3.00,0.181,0.464,56,1,0.815,-0.40,nav,nav,0.3000,0.0769,4.0692,2.3457,2.9016
13808.112,111.568,c2nav42,RETURN_HOME,CONSISTENT,OK,0,1,3.00,0.187,0.446,56,1,0.815,-0.40,nav,nav,0.3000,0.1282,4.0407,2.3523,2.9055
13808.329,111.668,c2nav42,RETURN_HOME,CONSISTENT,OK,0,1,3.00,0.197,0.393,56,1,0.815,-0.40,nav,nav,0.3000,0.0769,4.0115,2.3586,2.9142
13808.574,111.768,c2nav42,RETURN_HOME,CONSISTENT,OK,0,1,3.00,0.194,0.389,54,1,0.815,-0.40,nav,nav,0.3000,0.0769,3.9830,2.3646,2.9220
13808.819,111.868,c2nav42,RETURN_HOME,CONSISTENT,OK,0,1,3.00,0.198,0.389,54,1,0.815,-0.40,nav,nav,0.3000,-0.0256,3.9537,2.3706,2.9272
13809.065,111.968,c2nav42,RETURN_HOME,CONSISTENT,OK,0,1,3.00,0.199,0.407,54,1,0.815,-0.40,nav,nav,0.2842,-0.0256,3.9244,2.3774,2.9218
13809.340,112.074,c2nav42,RETURN_HOME,CONSISTENT,OK,0,1,3.00,0.202,0.364,55,1,0.756,-0.40,nav,nav,0.2842,0.0769,3.8905,2.3847,2.9281
13809.589,112.168,c2nav42,RETURN_HOME,CONSISTENT,OK,0,1,3.00,0.206,0.370,54,1,0.756,-0.40,nav,nav,0.3000,0.1795,3.8676,2.3890,2.9359
13809.863,112.272,c2nav42,RETURN_HOME,CONSISTENT,OK,0,1,3.00,0.210,0.370,54,1,0.756,-0.40,nav,nav,0.2842,0.1795,3.8383,2.3941,2.9465
13810.127,112.368,c2nav42,RETURN_HOME,CONSISTENT,OK,0,1,3.00,0.215,0.315,54,1,0.756,-0.40,nav,nav,0.3000,0.0256,3.8093,2.3991,2.9549
13810.397,112.470,c2nav42,RETURN_HOME,CONSISTENT,OK,0,1,3.00,0.193,0.411,56,1,0.756,-0.40,nav,nav,0.2842,0.0256,3.7748,2.4052,2.9597
13810.648,112.568,c2nav42,RETURN_HOME,CONSISTENT,OK,0,1,3.00,0.182,0.455,55,1,0.756,-0.40,nav,nav,0.2842,0.1282,3.7515,2.4089,2.9673
13810.934,112.668,c2nav42,RETURN_HOME,CONSISTENT,OK,0,1,3.00,0.186,0.418,55,1,0.756,-0.40,nav,nav,0.2842,-0.0256,3.7235,2.4127,2.9792
13811.289,112.768,c2nav42,RETURN_HOME,CONSISTENT,OK,0,1,3.00,0.186,0.436,55,1,0.756,-0.40,nav,nav,0.3000,-0.1282,3.6962,2.4170,2.9816
13811.656,112.868,c2nav42,RETURN_HOME,CONSISTENT,OK,0,1,3.00,0.188,0.400,55,1,0.756,-0.40,nav,nav,0.3000,0.0000,3.6609,2.4236,2.9721
13811.895,112.968,c2nav42,RETURN_HOME,CONSISTENT,OK,0,1,3.00,0.190,0.400,55,1,0.756,-0.40,nav,nav,0.2842,0.0769,3.6315,2.4287,2.9711
13812.148,113.068,c2nav42,RETURN_HOME,CONSISTENT,OK,0,1,3.00,0.193,0.426,54,1,0.752,-0.40,nav,nav,0.3000,0.1282,3.6084,2.4320,2.9789
13812.393,113.168,c2nav42,RETURN_HOME,CONSISTENT,OK,0,1,3.00,0.193,0.407,54,1,0.752,-0.40,nav,nav,0.2842,0.1282,3.5792,2.4355,2.9932
13812.642,113.268,c2nav42,RETURN_HOME,CONSISTENT,OK,0,1,3.00,0.208,0.358,53,1,0.752,-0.40,nav,nav,0.3000,0.0256,3.5503,2.4388,3.0031
13812.934,113.368,c2nav42,RETURN_HOME,CONSISTENT,OK,0,1,3.00,0.211,0.370,54,1,0.752,-0.40,nav,nav,0.2842,0.0000,3.5211,2.4427,3.0055
13813.187,113.468,c2nav42,RETURN_HOME,CONSISTENT,OK,0,1,3.00,0.175,0.473,55,1,0.752,-0.40,nav,nav,0.3000,0.0769,3.4922,2.4464,3.0089
13813.420,113.568,c2nav42,RETURN_HOME,CONSISTENT,OK,0,1,3.00,0.169,0.481,54,1,0.752,-0.40,nav,nav,0.3000,0.1282,3.4629,2.4496,3.0162
13813.640,113.668,c2nav42,RETURN_HOME,CONSISTENT,OK,0,1,3.00,0.171,0.481,54,1,0.752,-0.40,nav,nav,0.3000,0.0769,3.4333,2.4524,3.0253
13813.899,113.768,c2nav42,RETURN_HOME,CONSISTENT,OK,0,1,3.00,0.167,0.481,54,1,0.752,-0.40,nav,nav,0.3000,0.0256,3.4042,2.4550,3.0337
13814.160,113.868,c2nav42,RETURN_HOME,CONSISTENT,OK,0,1,3.00,0.168,0.455,55,1,0.752,-0.40,nav,nav,0.2684,-0.1282,3.3752,2.4580,3.0331
13814.395,113.968,c2nav42,RETURN_HOME,CONSISTENT,OK,0,1,3.00,0.167,0.463,54,1,0.752,-0.40,nav,nav,0.3000,-0.0708,3.3469,2.4625,3.0182
13814.638,114.068,c2nav42,RETURN_HOME,CONSISTENT,OK,0,1,3.00,0.162,0.463,54,1,0.763,-0.40,nav,nav,0.3000,-0.0256,3.3171,2.4671,3.0092
13814.869,114.168,c2nav42,RETURN_HOME,CONSISTENT,OK,0,1,3.00,0.173,0.426,54,1,0.763,-0.40,nav,nav,0.3000,0.0000,3.2885,2.4712,3.0068
13815.114,114.268,c2nav42,RETURN_HOME,CONSISTENT,OK,0,1,3.00,0.179,0.436,55,1,0.763,-0.40,nav,nav,0.2842,0.0256,3.2589,2.4751,3.0078
13815.330,114.368,c2nav42,RETURN_HOME,CONSISTENT,OK,0,1,3.00,0.184,0.434,53,1,0.763,-0.40,nav,nav,0.3000,0.0256,3.2306,2.4787,3.0102
13815.568,114.468,c2nav42,RETURN_HOME,CONSISTENT,OK,0,1,3.00,0.161,0.426,54,1,0.763,-0.40,nav,nav,0.2842,-0.0256,3.2009,2.4828,3.0084
13815.800,114.568,c2nav42,RETURN_HOME,CONSISTENT,OK,0,1,3.00,0.151,0.444,54,1,0.763,-0.40,nav,nav,0.3000,0.0000,3.1718,2.4868,3.0078
13816.099,114.668,c2nav42,RETURN_HOME,CONSISTENT,OK,0,1,3.00,0.160,0.407,54,1,0.763,-0.40,nav,nav,0.3000,-0.0769,3.1428,2.4905,3.0092
13816.369,114.768,c2nav42,RETURN_HOME,CONSISTENT,OK,0,1,3.00,0.163,0.426,54,1,0.763,-0.40,nav,nav,0.2842,-0.1282,3.1139,2.4951,3.0007
13816.605,114.868,c2nav42,RETURN_HOME,CONSISTENT,OK,0,1,3.00,0.161,0.415,53,1,0.763,-0.40,nav,nav,0.3000,-0.1282,3.0848,2.5005,2.9868
13816.874,114.968,c2nav42,RETURN_HOME,CONSISTENT,OK,0,1,3.00,0.162,0.442,52,1,0.763,-0.40,nav,nav,0.2842,-0.1282,3.0553,2.5063,2.9745
13817.145,115.068,c2nav42,RETURN_HOME,CONSISTENT,OK,0,1,3.00,0.166,0.423,52,1,0.726,-0.40,nav,nav,0.3000,0.1282,3.0273,2.5115,2.9703
13817.415,115.170,c2nav42,RETURN_HOME,CONSISTENT,OK,0,1,3.00,0.172,0.426,54,1,0.726,-0.40,nav,nav,0.2842,0.1282,2.9921,2.5165,2.9818
13817.736,115.270,c2nav42,RETURN_HOME,CONSISTENT,OK,0,1,3.00,0.177,0.415,53,1,0.726,-0.40,nav,nav,0.3000,0.0256,2.9635,2.5204,2.9896
13818.055,115.368,c2nav42,RETURN_HOME,CONSISTENT,OK,0,1,3.00,0.177,0.415,53,1,0.726,-0.40,nav,nav,0.3000,0.0000,2.9398,2.5241,2.9882
13818.303,115.468,c2nav42,RETURN_HOME,CONSISTENT,OK,0,1,3.00,0.159,0.377,53,1,0.726,-0.40,nav,nav,0.3000,0.1282,2.9107,2.5283,2.9931
13818.580,115.570,c2nav42,RETURN_HOME,CONSISTENT,OK,0,1,3.00,0.152,0.404,52,1,0.726,-0.40,nav,nav,0.2842,0.1282,2.8760,2.5320,3.0081
13818.834,115.668,c2nav42,RETURN_HOME,CONSISTENT,OK,0,1,3.00,0.156,0.346,52,1,0.726,-0.40,nav,nav,0.3000,0.0769,2.8531,2.5341,3.0180
13819.086,115.768,c2nav42,RETURN_HOME,CONSISTENT,OK,0,1,3.00,0.154,0.365,52,1,0.726,-0.40,nav,nav,0.3000,-0.0831,2.8234,2.5369,3.0281
13819.391,115.868,c2nav42,RETURN_HOME,CONSISTENT,OK,0,1,3.00,0.151,0.365,52,1,0.726,-0.40,nav,nav,0.2842,-0.1282,2.7939,2.5406,3.0206
13819.660,115.970,c2nav42,RETURN_HOME,CONSISTENT,OK,0,1,3.00,0.147,0.423,52,1,0.726,-0.40,nav,nav,0.3000,-0.1282,2.7588,2.5462,3.0080
13819.924,116.068,c2nav42,RETURN_HOME,CONSISTENT,OK,0,1,3.00,0.153,0.404,52,1,0.736,-0.40,nav,nav,0.3000,0.0256,2.7350,2.5496,3.0061
13820.192,116.168,c2nav42,RETURN_HOME,CONSISTENT,OK,0,1,3.00,0.153,0.412,51,1,0.736,-0.40,nav,nav,0.2842,0.0769,2.7054,2.5532,3.0107
13820.455,116.268,c2nav42,RETURN_HOME,CONSISTENT,OK,0,1,3.00,0.156,0.392,51,1,0.736,-0.40,nav,nav,0.3000,-0.0256,2.6763,2.5567,3.0143
13820.713,116.368,c2nav42,RETURN_HOME,CONSISTENT,OK,0,1,3.00,0.152,0.392,51,1,0.736,-0.40,nav,nav,0.3000,0.0769,2.6469,2.5603,3.0167
13820.966,116.468,c2nav42,RETURN_HOME,CONSISTENT,OK,0,1,3.00,0.152,0.294,51,1,0.736,-0.40,nav,nav,0.2842,0.0769,2.6172,2.5635,3.0220
13821.234,116.568,c2nav42,RETURN_HOME,CONSISTENT,OK,0,1,3.00,0.154,0.275,51,1,0.736,-0.40,nav,nav,0.3000,0.0256,2.5894,2.5664,3.0272
13821.474,116.668,c2nav42,RETURN_HOME,CONSISTENT,OK,0,1,3.00,0.152,0.294,51,1,0.736,-0.40,nav,nav,0.3000,0.0256,2.5601,2.5695,3.0304
13821.727,116.768,c2nav42,RETURN_HOME,CONSISTENT,OK,0,1,3.00,0.150,0.340,50,1,0.736,-0.40,nav,nav,0.3000,0.0000,2.5309,2.5725,3.0327
13821.946,116.868,c2nav42,RETURN_HOME,CONSISTENT,OK,0,1,3.00,0.154,0.360,50,1,0.736,-0.40,nav,nav,0.2842,0.0000,2.5012,2.5758,3.0322
13822.174,116.968,c2nav42,RETURN_HOME,CONSISTENT,OK,0,1,3.00,0.154,0.340,50,1,0.736,-0.40,nav,nav,0.2842,0.0769,2.4727,2.5790,3.0313
13822.415,117.068,c2nav42,RETURN_HOME,CONSISTENT,OK,0,1,3.00,0.154,0.340,50,1,0.744,-0.40,nav,nav,0.2684,0.0769,2.4442,2.5818,3.0356
13822.686,117.168,c2nav42,RETURN_HOME,CONSISTENT,OK,0,1,3.00,0.158,0.380,50,1,0.744,-0.40,nav,nav,0.2842,0.0769,2.4157,2.5844,3.0415
13822.936,117.268,c2nav42,RETURN_HOME,CONSISTENT,OK,0,1,3.00,0.157,0.392,51,1,0.744,-0.40,nav,nav,0.3000,0.0769,2.3871,2.5864,3.0496
13823.200,117.368,c2nav42,RETURN_HOME,CONSISTENT,OK,0,1,3.00,0.161,0.388,49,1,0.744,-0.40,nav,nav,0.2842,0.0000,2.3573,2.5889,3.0516
13823.454,117.468,c2nav42,RETURN_HOME,CONSISTENT,OK,0,1,3.00,0.165,0.375,48,1,0.744,-0.40,nav,nav,0.2842,-0.0256,2.3231,2.5922,3.0495
13823.726,117.568,c2nav42,RETURN_HOME,CONSISTENT,OK,0,1,3.00,0.163,0.388,49,1,0.744,-0.40,nav,nav,0.2842,0.0256,2.2999,2.5942,3.0518
13823.985,117.668,c2nav42,RETURN_HOME,CONSISTENT,OK,0,1,3.00,0.162,0.380,50,1,0.744,-0.40,nav,nav,0.3000,-0.0256,2.2651,2.5970,3.0551
13824.274,117.768,c2nav42,RETURN_HOME,CONSISTENT,OK,0,1,3.00,0.166,0.449,49,1,0.744,-0.40,nav,nav,0.2842,-0.0256,2.2414,2.5994,3.0519
13824.554,117.868,c2nav42,RETURN_HOME,CONSISTENT,OK,0,1,3.00,0.165,0.408,49,1,0.744,-0.40,nav,nav,0.3000,-0.0256,2.2126,2.6023,3.0480
13824.797,117.970,c2nav42,RETURN_HOME,CONSISTENT,OK,0,1,3.00,0.165,0.449,49,1,0.758,-0.40,nav,nav,0.3000,0.0769,2.1774,2.6056,3.0477
13825.040,118.068,c2nav42,RETURN_HOME,CONSISTENT,OK,0,1,3.00,0.165,0.449,49,1,0.758,-0.40,nav,nav,0.3000,0.0769,2.1535,2.6073,3.0538
13825.278,118.168,c2nav42,RETURN_HOME,CONSISTENT,OK,0,1,3.00,0.164,0.479,48,1,0.758,-0.40,nav,nav,0.3000,0.0769,2.1247,2.6094,3.0590
13825.523,118.268,c2nav42,RETURN_HOME,CONSISTENT,OK,0,1,3.00,0.168,0.417,48,1,0.758,-0.40,nav,nav,0.3000,-0.0769,2.0950,2.6113,3.0639
13825.802,118.368,c2nav42,RETURN_HOME,CONSISTENT,OK,0,1,3.00,0.173,0.417,48,1,0.758,-0.40,nav,nav,0.3000,0.0000,2.0659,2.6139,3.0610
13826.043,118.468,c2nav42,RETURN_HOME,CONSISTENT,OK,0,1,3.00,0.167,0.438,48,1,0.758,-0.40,nav,nav,0.2842,0.0000,2.0362,2.6163,3.0610
13826.279,118.568,c2nav42,RETURN_HOME,CONSISTENT,OK,0,1,3.00,0.171,0.426,47,1,0.758,-0.40,nav,nav,0.3000,-0.0256,2.0071,2.6187,3.0607
13826.530,118.672,c2nav42,RETURN_HOME,CONSISTENT,OK,0,1,3.00,0.174,0.391,46,1,0.758,-0.40,nav,nav,0.2842,-0.0256,1.9717,2.6220,3.0559
13826.750,118.768,c2nav42,RETURN_HOME,CONSISTENT,OK,0,1,3.00,0.169,0.404,47,1,0.758,-0.40,nav,nav,0.3000,0.0256,1.9490,2.6244,3.0504
13827.021,118.868,c2nav42,RETURN_HOME,CONSISTENT,OK,0,1,3.00,0.178,0.356,45,1,0.758,-0.40,nav,nav,0.2842,-0.0256,1.9139,2.6278,3.0491
13827.254,118.968,c2nav42,RETURN_HOME,CONSISTENT,OK,0,1,3.00,0.174,0.400,45,1,0.758,-0.40,nav,nav,0.3000,-0.0256,1.8905,2.6301,3.0472
13827.476,119.068,c2nav42,RETURN_HOME,CONSISTENT,OK,0,1,3.00,0.179,0.370,46,1,0.772,-0.40,nav,nav,0.3000,0.0769,1.8613,2.6324,3.0536
13827.697,119.168,c2nav42,RETURN_HOME,CONSISTENT,OK,0,1,3.00,0.178,0.400,45,1,0.772,-0.40,nav,nav,0.2842,0.0769,1.8314,2.6340,3.0634
13827.933,119.268,c2nav42,RETURN_HOME,CONSISTENT,OK,0,1,3.00,0.176,0.444,45,1,0.772,-0.40,nav,nav,0.3000,0.1282,1.8021,2.6352,3.0744
13828.175,119.368,c2nav42,RETURN_HOME,CONSISTENT,OK,0,1,3.00,0.179,0.400,45,1,0.772,-0.40,nav,nav,0.2842,0.1282,1.7724,2.6360,3.0865
13828.410,119.468,c2nav42,RETURN_HOME,CONSISTENT,OK,0,1,3.00,0.186,0.273,44,1,0.772,-0.40,nav,nav,0.3000,0.1282,1.7434,2.6364,3.0990
13828.651,119.568,c2nav42,RETURN_HOME,CONSISTENT,OK,0,1,3.00,0.190,0.250,44,1,0.772,-0.40,nav,nav,0.2842,0.1282,1.7142,2.6363,3.1122
13828.906,119.668,c2nav42,RETURN_HOME,CONSISTENT,OK,0,1,3.00,0.188,0.318,44,1,0.772,-0.40,nav,nav,0.2842,0.0256,1.6847,2.6366,3.1172
13829.190,119.768,c2nav42,RETURN_HOME,CONSISTENT,OK,0,1,3.00,0.190,0.256,43,1,0.772,-0.40,nav,nav,0.2842,-0.0256,1.6559,2.6374,3.1161
13829.454,119.868,c2nav42,RETURN_HOME,CONSISTENT,OK,0,1,3.00,0.185,0.302,43,1,0.772,-0.40,nav,nav,0.3000,-0.0256,1.6264,2.6381,3.1166
13829.716,119.968,c2nav42,RETURN_HOME,CONSISTENT,OK,0,1,3.00,0.190,0.256,43,1,0.772,-0.40,nav,nav,0.3000,0.0769,1.5975,2.6390,3.1150
13829.954,120.068,c2nav42,RETURN_HOME,CONSISTENT,OK,0,1,3.00,0.193,0.238,42,1,0.799,-0.40,nav,nav,0.2842,0.0769,1.5622,2.6392,3.1226
13830.261,120.168,c2nav42,RETURN_HOME,CONSISTENT,OK,0,1,3.00,0.194,0.262,42,1,0.799,-0.40,nav,nav,0.3000,0.0256,1.5330,2.6391,3.1282
13830.530,120.268,c2nav42,RETURN_HOME,CONSISTENT,OK,0,1,3.00,0.195,0.262,42,1,0.799,-0.40,nav,nav,0.2684,0.0769,1.5099,2.6391,3.1316
13830.839,120.368,c2nav42,RETURN_HOME,CONSISTENT,OK,0,1,3.00,0.197,0.262,42,1,0.799,-0.40,nav,nav,0.3000,-0.0256,1.4807,2.6392,3.1339
13831.106,120.468,c2nav42,RETURN_HOME,CONSISTENT,OK,0,1,3.00,0.201,0.262,42,1,0.799,-0.40,nav,nav,0.2842,0.0000,1.4515,2.6396,3.1322
13831.356,120.568,c2nav42,RETURN_HOME,CONSISTENT,OK,0,1,3.00,0.196,0.279,43,1,0.799,-0.40,nav,nav,0.3000,0.0256,1.4223,2.6398,3.1329
13831.617,120.668,c2nav42,RETURN_HOME,CONSISTENT,OK,0,1,3.00,0.196,0.302,43,1,0.799,-0.40,nav,nav,0.3000,0.0000,1.3933,2.6396,3.1377
13831.860,120.768,c2nav42,RETURN_HOME,CONSISTENT,OK,0,1,3.00,0.200,0.286,42,1,0.799,-0.40,nav,nav,0.3000,-0.0769,1.3633,2.6399,3.1357
13832.133,120.868,c2nav42,RETURN_HOME,CONSISTENT,OK,0,1,3.00,0.207,0.238,42,1,0.799,-0.40,nav,nav,0.3000,0.0256,1.3342,2.6407,3.1292
13832.407,120.968,c2nav42,RETURN_HOME,CONSISTENT,OK,0,1,3.00,0.210,0.268,41,1,0.827,-0.40,nav,nav,0.2842,0.0769,1.3047,2.6407,3.1334
13832.682,121.068,c2nav42,RETURN_HOME,CONSISTENT,OK,0,1,3.00,0.213,0.268,41,1,0.827,-0.40,nav,nav,0.3000,0.0000,1.2752,2.6404,3.1387
13832.950,121.168,c2nav42,RETURN_HOME,CONSISTENT,OK,0,1,3.00,0.217,0.220,41,1,0.827,-0.40,nav,nav,0.2842,0.0000,1.2460,2.6405,3.1387
13833.204,121.268,c2nav42,RETURN_HOME,CONSISTENT,OK,0,1,3.00,0.228,0.195,41,1,0.827,-0.40,nav,nav,0.3000,0.0769,1.2165,2.6403,-3.1412
13833.449,121.368,c2nav42,RETURN_HOME,CONSISTENT,OK,0,1,3.00,0.221,0.238,42,1,0.827,-0.40,nav,nav,0.2842,0.0769,1.1873,2.6397,-3.1353
13833.702,121.468,c2nav42,RETURN_HOME,CONSISTENT,OK,0,1,3.00,0.222,0.293,41,1,0.827,-0.40,nav,nav,0.3000,-0.0769,1.1578,2.6394,-3.1352
13833.951,121.568,c2nav42,RETURN_HOME,CONSISTENT,OK,0,1,3.00,0.226,0.244,41,1,0.827,-0.40,nav,nav,0.3000,-0.0769,1.1284,2.6400,3.1403
13834.177,121.668,c2nav42,RETURN_HOME,CONSISTENT,OK,0,1,3.00,0.229,0.268,41,1,0.827,-0.40,nav,nav,0.3000,-0.1795,1.0984,2.6407,3.1335
13834.415,121.768,c2nav42,RETURN_HOME,CONSISTENT,OK,0,1,3.00,0.235,0.244,41,1,0.827,-0.40,nav,nav,0.3000,0.0256,1.0690,2.6424,3.1182
13834.652,121.868,c2nav42,RETURN_HOME,CONSISTENT,OK,0,1,3.00,0.243,0.195,41,1,0.880,-0.40,nav,nav,0.3000,0.0769,1.0395,2.6427,3.1231
13834.915,121.974,c2nav42,RETURN_HOME,CONSISTENT,OK,0,1,3.00,0.237,0.220,41,1,0.880,-0.40,nav,nav,0.3000,-0.0769,1.0037,2.6428,3.1278
13835.143,122.068,c2nav42,RETURN_HOME,CONSISTENT,OK,0,1,3.00,0.244,0.220,41,1,0.880,-0.40,nav,nav,0.3000,0.0769,0.9802,2.6435,3.1236
13835.383,122.168,c2nav42,RETURN_HOME,CONSISTENT,OK,0,1,3.00,0.254,0.195,41,1,0.880,-0.40,nav,nav,0.3000,-0.1282,0.9502,2.6440,3.1238
13835.641,122.268,c2nav42,RETURN_HOME,CONSISTENT,OK,0,1,3.00,0.246,0.205,39,1,0.880,-0.40,nav,nav,0.3000,-0.1282,0.9203,2.6457,3.1100
13835.923,122.368,c2nav42,RETURN_HOME,CONSISTENT,OK,0,1,3.00,0.239,0.205,39,1,0.880,-0.40,nav,nav,0.2842,-0.0256,0.8906,2.6479,3.0985
13836.191,122.468,c2nav42,RETURN_HOME,CONSISTENT,OK,0,1,3.00,0.245,0.179,39,1,0.880,-0.39,nav,nav,0.2684,-0.0769,0.8620,2.6497,3.0928
13836.440,122.568,c2nav42,RETURN_HOME,CONSISTENT,OK,0,1,3.00,0.254,0.205,39,1,0.880,-0.40,nav,nav,0.3000,-0.1282,0.8340,2.6519,3.0833
13836.723,122.668,c2nav42,RETURN_HOME,CONSISTENT,OK,0,1,3.00,0.252,0.179,39,1,0.880,-0.40,nav,nav,0.3000,0.0318,0.8045,2.6552,3.0681
13836.990,122.768,c2nav42,RETURN_HOME,CONSISTENT,OK,0,1,3.00,0.259,0.205,39,1,0.925,-0.40,nav,nav,0.2842,0.1282,0.7754,2.6574,3.0708
13837.278,122.868,c2nav42,RETURN_HOME,CONSISTENT,OK,0,1,3.00,0.266,0.175,40,1,0.925,-0.40,nav,nav,0.3000,0.0256,0.7460,2.6583,3.0823
13837.581,122.968,c2nav42,RETURN_HOME,CONSISTENT,OK,0,1,3.00,0.266,0.200,40,1,0.925,-0.40,nav,nav,0.3000,0.1282,0.7170,2.6596,3.0881
13837.826,123.068,c2nav42,RETURN_HOME,CONSISTENT,OK,0,1,3.00,0.274,0.205,39,1,0.925,-0.40,nav,nav,0.2842,0.1282,0.6871,2.6598,3.1013
13838.073,123.168,c2nav42,RETURN_HOME,CONSISTENT,OK,0,1,3.00,0.273,0.211,38,1,0.925,-0.40,nav,nav,0.3000,0.0769,0.6583,2.6597,3.1141
13838.309,123.268,c2nav42,RETURN_HOME,CONSISTENT,OK,0,1,3.00,0.270,0.184,38,1,0.925,-0.40,nav,nav,0.2842,-0.0256,0.6283,2.6602,3.1161
13838.556,123.368,c2nav42,RETURN_HOME,CONSISTENT,OK,0,1,3.00,0.276,0.211,38,1,0.925,-0.40,nav,nav,0.3000,0.0256,0.5990,2.6608,3.1193
13838.848,123.468,c2nav42,RETURN_HOME,CONSISTENT,OK,0,1,3.00,0.274,0.211,38,1,0.925,-0.40,nav,nav,0.3000,-0.1795,0.5690,2.6619,3.1122
13839.078,123.568,c2nav42,RETURN_HOME,CONSISTENT,OK,0,1,3.00,0.277,0.211,38,1,0.925,-0.40,nav,nav,0.2842,-0.1795,0.5393,2.6647,3.0926
13839.305,123.668,c2nav42,RETURN_HOME,CONSISTENT,OK,0,1,3.00,0.280,0.154,39,1,0.978,-0.40,nav,nav,0.2684,0.1282,0.5109,2.6676,3.0783
13839.538,123.768,c2nav42,RETURN_HOME,CONSISTENT,OK,0,1,3.00,0.283,0.184,38,1,0.978,-0.40,nav,nav,0.3000,0.0000,0.4825,2.6690,3.0838
13839.783,123.868,c2nav42,RETURN_HOME,CONSISTENT,OK,0,1,3.00,0.290,0.179,39,1,0.978,-0.40,nav,nav,0.3000,0.0256,0.4536,2.6706,3.0848
13840.029,123.968,c2nav42,RETURN_HOME,CONSISTENT,OK,0,1,3.00,0.297,0.158,38,1,0.978,-0.40,nav,nav,0.3000,-0.0769,0.4238,2.6723,3.0842
13840.258,124.068,c2nav42,RETURN_HOME,CONSISTENT,OK,0,1,3.00,0.288,0.154,39,1,0.978,-0.40,nav,nav,0.3000,0.0256,0.3950,2.6744,3.0789
13840.501,124.168,c2nav42,RETURN_HOME,CONSISTENT,OK,0,1,3.00,0.287,0.128,39,1,0.978,-0.40,nav,nav,0.2842,0.0256,0.3654,2.6765,3.0771
13840.746,124.268,c2nav42,RETURN_HOME,CONSISTENT,OK,0,1,3.00,0.293,0.128,39,1,0.978,-0.40,nav,nav,0.2842,-0.0769,0.3312,2.6790,3.0733
13840.987,124.368,c2nav42,RETURN_HOME,CONSISTENT,OK,0,1,3.00,0.293,0.128,39,1,0.978,-0.40,nav,nav,0.3000,-0.1282,0.3074,2.6812,3.0674
13841.258,124.468,c2nav42,RETURN_HOME,CONSISTENT,OK,0,1,3.00,0.290,0.128,39,1,0.978,-0.40,nav,nav,0.2684,-0.0256,0.2785,2.6843,3.0579
13841.488,124.568,c2nav42,RETURN_HOME,CONSISTENT,OK,0,1,3.00,0.300,0.132,38,1,0.978,-0.40,nav,nav,0.2684,0.0318,0.2514,2.6868,3.0555
13841.739,124.668,c2nav42,RETURN_HOME,CONSISTENT,OK,0,1,3.00,0.312,0.075,40,1,1.047,-0.40,nav,nav,0.3000,0.1795,0.2229,2.6892,3.0569
13842.002,124.768,c2nav42,RETURN_HOME,CONSISTENT,OK,0,1,3.00,0.315,0.050,40,1,1.047,-0.40,nav,nav,0.3000,0.1282,0.1933,2.6900,3.0747
13842.298,124.868,c2nav42,RETURN_HOME,CONSISTENT,OK,0,1,3.00,0.319,0.075,40,1,1.047,-0.40,nav,nav,0.3000,0.0256,0.1635,2.6910,3.0844
13842.577,124.968,c2nav42,RETURN_HOME,CONSISTENT,OK,0,1,3.00,0.317,0.026,39,1,1.047,-0.40,nav,nav,0.3000,0.0769,0.1340,2.6924,3.0870
13842.839,125.068,c2nav42,RETURN_HOME,CONSISTENT,OK,0,1,3.00,0.316,0.128,39,1,1.047,-0.40,nav,nav,0.3000,-0.0769,0.1043,2.6940,3.0878
13843.121,125.168,c2nav42,RETURN_HOME,CONSISTENT,OK,0,1,3.00,0.315,0.146,41,1,1.047,-0.40,nav,nav,0.3000,0.0000,0.0695,2.6964,3.0813
13843.401,125.270,c2nav42,RETURN_HOME,CONSISTENT,OK,0,1,3.00,0.323,0.125,40,1,1.047,-0.40,nav,nav,0.3000,-0.0256,0.0455,2.6980,3.0800
13843.657,125.368,c2nav42,RETURN_HOME,CONSISTENT,OK,0,1,3.00,0.326,0.122,41,1,1.047,-0.40,nav,nav,0.3000,-0.0256,0.0167,2.7000,3.0775
13843.964,125.470,c2nav42,RETURN_HOME,CONSISTENT,OK,0,1,3.00,0.333,0.095,42,1,1.047,-0.40,nav,nav,0.3000,-0.1282,-0.0191,2.7029,3.0716
13844.231,125.568,c2nav42,RETURN_HOME,CONSISTENT,OK,0,1,3.00,0.332,0.143,42,1,1.047,-0.40,nav,nav,0.2684,-0.0256,-0.0422,2.7053,3.0622
13844.480,125.670,c2nav42,RETURN_HOME,CONSISTENT,OK,0,1,3.00,0.335,0.122,41,1,1.122,-0.40,nav,nav,0.2842,0.0000,-0.0760,2.7085,3.0583
13844.710,125.768,c2nav42,RETURN_HOME,CONSISTENT,OK,0,1,3.00,0.331,0.140,43,1,1.122,-0.40,nav,nav,0.3000,0.0256,-0.0991,2.7104,3.0579
13844.957,125.870,c2nav42,RETURN_HOME,CONSISTENT,OK,0,1,3.00,0.333,0.167,42,1,1.122,-0.40,nav,nav,0.2842,0.0000,-0.1288,2.7127,3.0602
13845.246,125.968,c2nav42,RETURN_HOME,CONSISTENT,OK,0,1,3.00,0.330,0.143,42,1,1.122,-0.40,nav,nav,0.2842,0.0769,-0.1582,2.7146,3.0649
13845.507,126.068,c2nav42,RETURN_HOME,CONSISTENT,OK,0,1,3.00,0.330,0.163,43,1,1.122,-0.40,nav,nav,0.3000,0.0256,-0.1919,2.7164,3.0729
13845.737,126.168,c2nav42,RETURN_HOME,CONSISTENT,OK,0,1,3.00,0.326,0.156,45,1,1.122,-0.40,nav,nav,0.3000,-0.0256,-0.2159,2.7181,3.0731
13845.968,126.270,c2nav42,RETURN_HOME,CONSISTENT,OK,0,1,3.00,0.330,0.156,45,1,1.122,-0.40,nav,nav,0.3000,-0.0256,-0.2505,2.7207,3.0702
13846.212,126.368,c2nav42,RETURN_HOME,CONSISTENT,OK,0,1,3.00,0.322,0.156,45,1,1.122,-0.40,nav,nav,0.3000,-0.1282,-0.2745,2.7227,3.0672
13846.455,126.468,c2nav42,RETURN_HOME,CONSISTENT,OK,0,1,3.00,0.325,0.156,45,1,1.122,-0.40,nav,nav,0.2842,-0.1282,-0.3036,2.7258,3.0577
13846.669,126.568,c2nav42,RETURN_HOME,CONSISTENT,OK,0,1,3.00,0.326,0.209,43,1,1.122,-0.40,nav,nav,0.2684,0.1282,-0.3326,2.7290,3.0493
13846.901,126.668,c2nav42,RETURN_HOME,CONSISTENT,OK,0,1,3.00,0.307,0.205,44,1,1.238,-0.40,nav,nav,0.3000,0.0769,-0.3605,2.7310,3.0574
13847.141,126.768,c2nav42,RETURN_HOME,CONSISTENT,OK,0,1,3.00,0.309,0.156,45,1,1.238,-0.40,nav,nav,0.3000,0.1795,-0.3897,2.7327,3.0649
13847.388,126.868,c2nav42,RETURN_HOME,CONSISTENT,OK,0,1,3.00,0.318,0.200,45,1,1.238,-0.40,nav,nav,0.2842,0.1795,-0.4194,2.7332,3.0826
13847.629,126.968,c2nav42,RETURN_HOME,CONSISTENT,OK,0,1,3.00,0.319,0.200,45,1,1.238,-0.40,nav,nav,0.3000,0.0769,-0.4479,2.7331,3.1008
13847.859,127.070,c2nav42,RETURN_HOME,CONSISTENT,OK,0,1,3.00,0.322,0.205,44,1,1.238,-0.40,nav,nav,0.2842,0.0256,-0.4779,2.7338,3.1054
13848.133,127.168,c2nav42,RETURN_HOME,CONSISTENT,OK,0,1,3.00,0.317,0.295,44,1,1.238,-0.40,nav,nav,0.3000,-0.0256,-0.5067,2.7346,3.1080
13848.399,127.268,c2nav42,RETURN_HOME,CONSISTENT,OK,0,1,3.00,0.311,0.302,43,1,1.238,-0.40,nav,nav,0.3000,-0.0769,-0.5366,2.7360,3.1035
13848.660,127.368,c2nav42,RETURN_HOME,CONSISTENT,OK,0,1,3.00,0.313,0.286,42,1,1.238,-0.40,nav,nav,0.3000,0.0000,-0.5662,2.7376,3.0992
13848.915,127.468,c2nav42,RETURN_HOME,CONSISTENT,OK,0,1,3.00,0.311,0.273,44,1,1.238,-0.40,nav,nav,0.2842,-0.0256,-0.5955,2.7389,3.0986
13849.197,127.568,c2nav42,RETURN_HOME,CONSISTENT,OK,0,1,3.00,0.306,0.318,44,1,1.238,-0.40,nav,nav,0.2842,0.1856,-0.6247,2.7402,3.0981
13849.443,127.668,c2nav42,RETURN_HOME,CONSISTENT,OK,0,1,3.00,0.304,0.326,43,1,1.368,-0.40,nav,nav,0.3000,0.2308,-0.6534,2.7403,3.1177
13849.745,127.768,c2nav42,RETURN_HOME,CONSISTENT,OK,0,1,3.00,0.304,0.286,42,1,1.368,-0.40,nav,nav,0.3000,0.2308,-0.6830,2.7385,-3.1407
13849.973,127.868,c2nav42,RETURN_HOME,CONSISTENT,OK,0,1,3.00,0.297,0.302,43,1,1.368,-0.40,nav,nav,0.3000,0.2308,-0.7125,2.7360,-3.1166
13850.272,127.968,c2nav42,RETURN_HOME,CONSISTENT,OK,0,1,3.00,0.302,0.341,44,1,1.368,-0.40,nav,nav,0.2842,0.1795,-0.7475,2.7324,-3.0908
13850.561,128.068,c2nav42,RETURN_HOME,CONSISTENT,OK,0,1,3.00,0.302,0.341,44,1,1.368,-0.40,nav,nav,0.2842,0.1282,-0.7713,2.7303,-3.0825
13850.810,128.168,c2nav42,RETURN_HOME,CONSISTENT,OK,0,1,3.00,0.305,0.364,44,1,1.368,-0.40,nav,nav,0.3000,0.0769,-0.7999,2.7278,-3.0737
13851.077,128.268,c2nav42,RETURN_HOME,CONSISTENT,OK,0,1,3.00,0.325,0.318,44,1,1.368,-0.40,nav,nav,0.2842,0.0769,-0.8297,2.7250,-3.0661
13851.303,128.368,c2nav42,RETURN_HOME,CONSISTENT,OK,0,1,3.00,0.324,0.318,44,1,1.368,-0.40,nav,nav,0.3000,-0.0256,-0.8583,2.7220,-3.0576
13851.545,128.468,c2nav42,RETURN_HOME,CONSISTENT,OK,0,1,3.00,0.325,0.310,42,1,1.368,-0.40,nav,nav,0.2842,0.0256,-0.8881,2.7191,-3.0544
13851.871,128.570,c2nav42,RETURN_HOME,CONSISTENT,OK,0,1,3.00,0.322,0.333,42,1,1.496,-0.40,nav,nav,0.3000,-0.0256,-0.9228,2.7162,-3.0557
13852.113,128.668,c2nav42,RETURN_HOME,CONSISTENT,OK,0,1,3.00,0.321,0.357,42,1,1.496,-0.40,nav,nav,0.2842,-0.0256,-0.9456,2.7143,-3.0568
13852.355,128.768,c2nav42,RETURN_HOME,CONSISTENT,OK,0,1,3.00,0.320,0.381,42,1,1.496,-0.40,nav,nav,0.3000,-0.0769,-0.9750,2.7121,-3.0595
13852.599,128.868,c2nav42,RETURN_HOME,CONSISTENT,OK,0,1,3.00,0.322,0.357,42,1,1.496,-0.40,nav,nav,0.3000,-0.0256,-1.0039,2.7103,-3.0655
13852.836,128.970,c2nav42,RETURN_HOME,CONSISTENT,OK,0,1,3.00,0.319,0.302,43,1,1.496,-0.40,nav,nav,0.2842,-0.0256,-1.0391,2.7080,-3.0696
13853.073,129.068,c2nav42,RETURN_HOME,CONSISTENT,OK,0,1,3.00,0.319,0.326,43,1,1.496,-0.40,nav,nav,0.3000,-0.0769,-1.0613,2.7066,-3.0716
13853.315,129.170,c2nav42,RETURN_HOME,CONSISTENT,OK,0,1,3.00,0.319,0.326,43,1,1.496,-0.40,nav,nav,0.2842,-0.0769,-1.0906,2.7054,-3.0803
13853.542,129.268,c2nav42,RETURN_HOME,CONSISTENT,OK,0,1,3.00,0.318,0.349,43,1,1.496,-0.40,nav,nav,0.3000,-0.0769,-1.1196,2.7048,-3.0917
13853.767,129.368,c2nav42,RETURN_HOME,CONSISTENT,OK,0,1,3.00,0.318,0.333,45,1,1.496,-0.40,nav,nav,0.2842,-0.1282,-1.1491,2.7040,-3.0981
13853.996,129.468,c2nav42,RETURN_HOME,CONSISTENT,OK,0,1,3.00,0.345,0.295,44,1,1.677,-0.40,nav,nav,0.3000,-0.2821,-1.1775,2.7038,-3.1105
13854.248,129.568,c2nav42,RETURN_HOME,CONSISTENT,OK,0,1,3.00,0.345,0.295,44,1,1.677,-0.40,nav,nav,0.3000,-0.2308,-1.2132,2.7059,-3.1403
13854.453,129.668,c2nav42,RETURN_HOME,CONSISTENT,OK,0,1,3.00,0.322,0.341,44,1,1.677,-0.40,nav,nav,0.2842,-0.1795,-1.2367,2.7077,3.1248
13854.703,129.768,c2nav42,RETURN_HOME,CONSISTENT,OK,0,1,3.00,0.323,0.333,45,1,1.677,-0.40,nav,nav,0.3000,-0.2821,-1.2647,2.7102,3.1039
13854.957,129.868,c2nav42,RETURN_HOME,CONSISTENT,OK,0,1,3.00,0.336,0.348,46,1,1.677,-0.40,nav,nav,0.3000,-0.2308,-1.2935,2.7135,3.0826
13855.250,129.970,c2nav42,RETURN_HOME,CONSISTENT,OK,0,1,3.00,0.309,0.348,46,1,1.677,-0.40,nav,nav,0.2842,-0.0769,-1.3287,2.7173,3.0668
13855.521,130.068,c2nav42,RETURN_HOME,CONSISTENT,OK,0,1,3.00,0.303,0.396,48,1,1.677,-0.40,nav,nav,0.3000,-0.0769,-1.3521,2.7193,3.0646
13855.777,130.168,c2nav42,RETURN_HOME,CONSISTENT,OK,0,1,3.00,0.329,0.370,46,1,1.677,-0.40,nav,nav,0.2842,-0.0769,-1.3820,2.7225,3.0550
13856.038,130.268,c2nav42,RETURN_HOME,CONSISTENT,OK,0,1,3.00,0.332,0.362,47,1,1.677,-0.40,nav,nav,0.3000,-0.1282,-1.4114,2.7255,3.0495
13856.337,130.368,c2nav42,RETURN_HOME,CONSISTENT,OK,0,1,3.00,0.329,0.383,47,1,1.869,-0.40,nav,nav,0.0316,-0.9282,-1.4393,2.7290,3.0380
13856.597,130.468,c2nav42,RETURN_HOME,CONSISTENT,OK,0,1,3.00,0.339,0.370,46,1,1.869,-0.40,nav,nav,0.0000,-1.0000,-1.4550,2.7301,3.0253
13856.882,130.568,c2nav42,RETURN_HOME,CONSISTENT,OK,0,1,3.00,0.344,0.298,47,1,1.869,-0.40,nav,nav,0.0316,-1.0000,-1.4623,2.7273,2.9724
13857.148,130.668,c2nav42,RETURN_HOME,CONSISTENT,OK,0,1,3.00,0.365,0.267,45,1,1.869,-0.40,nav,nav,0.0316,-1.0000,-1.4662,2.7217,2.8838
13857.394,130.768,c2nav42,RETURN_HOME,CONSISTENT,OK,0,1,3.00,0.377,0.261,46,1,1.869,-0.40,nav,nav,0.0316,-0.5000,-1.4680,2.7175,2.8044
13857.633,130.868,c2nav42,RETURN_HOME,CONSISTENT,OK,0,1,3.00,0.388,0.304,46,1,2.009,-0.40,nav,nav,0.0316,-0.5000,-1.4706,2.7162,2.7571
13857.902,130.968,c2nav42,RETURN_HOME,CONSISTENT,OK,0,1,3.00,0.375,0.319,47,1,2.009,-0.40,nav,nav,0.0316,-0.5000,-1.4735,2.7172,2.7153
13858.167,131.068,c2nav42,RETURN_HOME,INCONSISTENT,SCAN_DISAGREES,0,1,0.10,0.409,0.304,46,1,2.009,-0.40,nav,nav,0.0316,-0.5000,-1.4763,2.7200,2.6745
13858.442,131.168,c2nav42,RETURN_HOME,CONSISTENT,OK,0,1,3.00,0.381,0.283,46,1,2.009,-0.40,nav,nav,0.1741,-0.5000,-1.4781,2.7217,2.6391
13858.676,131.268,c2nav42,RETURN_HOME,CONSISTENT,OK,0,1,3.00,0.387,0.283,46,1,2.154,-0.40,nav,nav,0.1263,-0.5000,-1.4844,2.7269,2.6108
13858.917,131.368,c2nav42,RETURN_HOME,CONSISTENT,OK,0,1,3.00,0.380,0.298,47,1,2.154,-0.40,nav,nav,0.1248,-0.5000,-1.4938,2.7334,2.5807
13859.163,131.468,c2nav42,RETURN_HOME,CONSISTENT,OK,0,1,3.00,0.387,0.255,47,1,2.154,-0.40,nav,nav,0.1248,-0.5000,-1.5032,2.7402,2.5493
13859.398,131.568,c2nav42,RETURN_HOME,CONSISTENT,OK,0,1,3.00,0.383,0.298,47,1,2.154,-0.40,nav,nav,0.1184,-0.5000,-1.5124,2.7471,2.5164
13859.643,131.674,c2nav42,RETURN_HOME,INCONSISTENT,SCAN_DISAGREES,0,1,0.10,0.589,0.044,45,1,2.154,-0.40,nav,nav,0.1184,-0.5000,-1.5234,2.7557,2.4756
13859.874,131.768,c2nav42,RETURN_HOME,INCONSISTENT,SCAN_DISAGREES,0,1,0.20,0.688,0.067,45,1,2.319,-0.40,nav,nav,0.0000,-0.5000,-1.5271,2.7581,2.4477
13860.208,131.868,c2nav42,RETURN_HOME,INCONSISTENT,SCAN_DISAGREES,0,1,0.30,0.679,0.089,45,1,2.319,-0.40,nav,nav,0.0000,-0.0400,-1.5273,2.7582,2.4134
13860.485,131.968,c2nav42,RETURN_HOME,INCONSISTENT,SCAN_DISAGREES,0,1,0.40,0.695,0.065,46,1,2.319,-0.40,nav,nav,0.0000,-0.5000,-1.5274,2.7582,2.3996
13860.719,132.068,c2nav42,RETURN_HOME,INCONSISTENT,SCAN_DISAGREES,0,1,0.50,0.680,0.087,46,1,2.319,-0.40,nav,nav,0.0000,-0.5000,-1.5275,2.7582,2.3694
13860.974,132.168,c2nav42,RETURN_HOME,INCONSISTENT,SCAN_DISAGREES,0,1,0.60,0.419,0.180,50,1,2.319,-0.40,nav,nav,0.0000,-0.5000,-1.5275,2.7582,2.3305
13861.236,132.268,c2nav42,RETURN_HOME,CONSISTENT,OK,0,1,2.50,0.396,0.255,51,1,2.468,-0.40,nav,nav,0.1026,-0.5000,-1.5298,2.7610,2.2942
13861.462,132.368,c2nav42,RETURN_HOME,CONSISTENT,OK,0,1,2.60,0.388,0.250,52,1,2.468,-0.40,nav,nav,0.1105,-0.5000,-1.5369,2.7695,2.2578
13861.707,132.468,c2nav42,RETURN_HOME,CONSISTENT,OK,0,1,2.70,0.390,0.288,52,1,2.468,-0.40,nav,nav,0.1082,-0.5000,-1.5438,2.7780,2.2227
13861.981,132.568,c2nav42,RETURN_HOME,CONSISTENT,OK,0,1,2.80,0.393,0.264,53,1,2.468,-0.40,nav,nav,0.1082,-0.5000,-1.5500,2.7865,2.1881
13862.273,132.668,c2nav42,RETURN_HOME,INCONSISTENT,SCAN_DISAGREES,0,1,0.30,0.732,0.000,49,1,2.468,-0.40,nav,nav,0.1120,-0.5000,-1.5558,2.7953,2.1523
13862.550,132.768,c2nav42,RETURN_HOME,INCONSISTENT,SCAN_DISAGREES,0,1,0.40,0.846,0.082,49,1,2.606,-0.40,nav,nav,0.0789,-0.5000,-1.5605,2.8030,2.1152
13862.841,132.868,c2nav42,RETURN_HOME,INCONSISTENT,SCAN_DISAGREES,0,1,0.50,0.841,0.060,50,1,2.606,-0.40,nav,nav,0.0711,-0.5000,-1.5632,2.8096,2.0766
13863.132,132.968,c2nav42,RETURN_HOME,INCONSISTENT,SCAN_DISAGREES,0,1,0.60,0.854,0.061,49,1,2.606,-0.40,nav,nav,0.0868,-0.5000,-1.5650,2.8159,2.0367
13863.446,133.068,c2nav42,RETURN_HOME,INCONSISTENT,SCAN_DISAGREES,0,1,0.70,0.848,0.060,50,1,2.606,-0.40,nav,nav,0.0868,-0.5000,-1.5668,2.8235,1.9959
13863.719,133.168,c2nav42,RETURN_HOME,INCONSISTENT,SCAN_DISAGREES,0,1,0.80,0.839,0.100,50,1,2.606,-0.40,nav,nav,0.1034,-0.5000,-1.5680,2.8313,1.9541
13863.973,133.268,c2nav42,RETURN_HOME,INCONSISTENT,SCAN_DISAGREES,0,1,0.90,0.842,0.080,50,1,2.701,-0.40,nav,nav,0.1737,-0.4359,-1.5702,2.8436,1.9117
13864.228,133.368,c2nav42,RETURN_HOME,INCONSISTENT,SCAN_DISAGREES,0,1,1.00,0.839,0.080,50,1,2.701,-0.40,nav,nav,0.1579,-0.3846,-1.5732,2.8600,1.8723
13864.472,133.468,c2nav42,RETURN_HOME,INCONSISTENT,SCAN_DISAGREES,0,1,1.10,0.841,0.120,50,1,2.701,-0.40,nav,nav,0.0329,-0.2759,-1.5751,2.8754,1.8337
13864.750,133.568,c2nav42,RETURN_HOME,INCONSISTENT,SCAN_DISAGREES,0,1,1.20,0.837,0.078,51,1,2.701,-0.40,nav,nav,0.0000,0.0000,-1.5762,2.8839,1.8153
13865.012,133.668,c2nav42,RECOVERY,CONSISTENT,OK,0,1,1.90,0.095,0.556,45,1,2.701,-0.40,nav,nav,0.0000,0.0000,-1.5762,2.8839,1.8149
13865.232,133.768,c2nav42,RECOVERY,CONSISTENT,OK,0,1,2.00,0.164,0.391,46,1,2.745,-0.40,idle,none,0.0000,0.0000,-1.5762,2.8839,1.8149
13865.444,133.868,c2nav42,RETURN_HOME,CONSISTENT,OK,0,1,2.10,0.164,0.391,46,1,2.745,-0.40,idle,none,0.0000,0.0000,-1.5762,2.8839,1.8149
13865.650,133.968,c2nav42,RECOVERY,CONSISTENT,OK,0,1,2.20,0.164,0.391,46,1,2.745,-0.40,idle,none,0.0000,0.0000,-1.5762,2.8839,1.8149
13865.876,134.068,c2nav42,ABORT,CONSISTENT,OK,0,1,2.30,0.164,0.391,46,1,2.745,-0.40,idle,none,0.0000,0.0000,-1.5762,2.8839,1.8149
