t_wall,t_sim,rtf,state,tag,amcl_x,amcl_y,amcl_yaw,amcl_cxx,amcl_cyy,amcl_caa,amcl_age,amcl_n,mo_x,mo_y,mo_yaw,mo_age,mo_step,odom_x,odom_y,odom_yaw,odom_vx,odom_wz,odom_age,lik_mean_d,lik_p90_d,lik_frac_near,lik_n,scan_age,hz_cmd_nav,hz_cmd_smoothed,hz_cmd_out,hz_cmd_wheels,wheel_vx,wheel_wz,hz_scan,hz_amcl,hz_odom,cm_action,cm_polygon,hz_cm,nav_status,plan_n,plan_len,goal_x,goal_y,gt_x,gt_y,gt_yaw,gt_age
0.280,0.000,nan,--,obstacle1,0.0000,0.0000,0.0000,0.000000,0.000000,0.000000,27.068,1,0.0006,-0.0000,-0.0000,-0.432,nan,-0.0006,-0.0000,0.0000,0.0000,0.0000,0.018,nan,nan,nan,0,nan,0.00,0.00,0.00,0.00,nan,nan,1.00,1.00,54.05,--,--,0.00,--,0,nan,nan,nan,-2.0003,0.0000,0.0000,0.008
0.381,0.102,1.015,--,obstacle1,0.0000,0.0000,0.0000,0.000000,0.000000,0.000000,27.170,1,0.0006,-0.0000,-0.0000,-0.430,0.00000,-0.0006,-0.0000,0.0000,0.0000,0.0000,0.020,nan,nan,nan,0,nan,0.00,0.00,0.00,0.00,nan,nan,9.43,1.00,51.14,--,--,0.00,--,0,nan,nan,nan,-2.0003,0.0000,0.0000,0.010
0.481,0.194,0.970,--,obstacle1,0.0000,0.0000,0.0000,0.000000,0.000000,0.000000,27.262,1,0.0006,-0.0000,-0.0000,-0.438,0.00000,-0.0006,-0.0000,0.0000,0.0000,0.0000,0.012,nan,nan,nan,0,nan,0.00,0.00,0.00,0.00,nan,nan,9.90,1.00,51.09,--,--,0.00,--,0,nan,nan,nan,-2.0003,0.0000,0.0000,0.002
0.581,0.294,0.980,IDLE,obstacle1,0.0000,0.0000,0.0000,0.000000,0.000000,0.000000,27.362,1,0.0006,-0.0000,-0.0000,-0.438,0.00000,-0.0006,-0.0000,0.0000,0.0000,0.0000,0.012,nan,nan,nan,0,nan,0.00,0.00,0.00,0.00,nan,nan,9.87,1.00,50.80,--,--,0.00,--,0,nan,nan,nan,-2.0003,0.0000,0.0000,0.002
0.680,0.388,0.970,IDLE,obstacle1,0.0000,0.0000,0.0000,0.000000,0.000000,0.000000,27.456,1,0.0006,-0.0000,-0.0000,-0.444,0.00000,-0.0006,-0.0000,0.0000,0.0000,0.0000,0.006,nan,nan,nan,0,nan,0.00,0.00,0.00,0.00,nan,nan,10.00,1.00,50.63,--,--,0.00,--,0,nan,nan,nan,-2.0003,0.0000,0.0000,0.016
0.780,0.486,0.973,IDLE,obstacle1,0.0000,0.0000,0.0000,0.000000,0.000000,0.000000,27.554,1,0.0006,-0.0000,-0.0000,-0.446,0.00000,-0.0006,-0.0000,0.0000,0.0000,0.0000,0.004,0.0158,0.0500,1.0000,60,0.054,0.00,0.00,0.00,0.00,nan,nan,10.00,1.00,50.52,--,--,0.00,--,0,nan,nan,nan,-2.0003,0.0000,0.0000,0.014
0.881,0.586,0.977,IDLE,obstacle1,0.0000,0.0000,0.0000,0.000000,0.000000,0.000000,27.654,1,0.0006,-0.0000,-0.0000,-0.446,0.00000,-0.0006,-0.0000,0.0000,0.0000,0.0000,0.004,0.0158,0.0500,1.0000,60,0.054,0.00,0.00,0.00,0.00,nan,nan,9.97,1.00,50.45,--,--,0.00,--,0,nan,nan,nan,-2.0003,0.0000,0.0000,0.014
0.980,0.686,0.980,IDLE,obstacle1,0.0000,0.0000,0.0000,0.000000,0.000000,0.000000,27.754,1,0.0006,-0.0000,-0.0000,-0.446,0.00000,-0.0006,-0.0000,0.0000,0.0000,0.0000,0.004,0.0158,0.0500,1.0000,60,0.054,0.00,0.00,0.00,0.00,nan,nan,9.94,1.00,50.39,--,--,0.00,--,0,nan,nan,nan,-2.0003,0.0000,0.0000,0.014
1.080,0.786,0.983,IDLE,obstacle1,0.0000,0.0000,0.0000,0.000000,0.000000,0.000000,27.854,1,0.0006,-0.0000,-0.0000,-0.446,0.00000,-0.0006,-0.0000,0.0000,0.0000,0.0000,0.004,0.0158,0.0500,1.0000,60,0.054,0.00,0.00,0.00,0.00,nan,nan,9.95,1.00,50.34,--,--,0.00,--,0,nan,nan,nan,-2.0003,0.0000,0.0000,0.014
1.181,0.886,0.984,IDLE,obstacle1,0.0000,0.0000,0.0000,0.000000,0.000000,0.000000,27.954,1,0.0006,-0.0000,-0.0000,-0.446,0.00000,-0.0006,-0.0000,0.0000,0.0000,0.0000,0.004,0.0158,0.0500,1.0000,60,0.054,0.00,0.00,0.00,0.00,nan,nan,9.98,1.00,50.31,--,--,0.00,--,0,nan,nan,nan,-2.0003,0.0000,0.0000,0.014
1.280,0.986,0.986,IDLE,obstacle1,0.0000,0.0000,0.0000,0.000000,0.000000,0.000000,28.054,1,0.0006,-0.0000,-0.0000,-0.446,0.00000,-0.0006,-0.0000,0.0000,0.0000,0.0000,0.004,0.0158,0.0500,1.0000,60,0.054,0.00,0.00,0.00,0.00,nan,nan,10.04,0.00,50.00,--,--,0.00,--,0,nan,nan,nan,-2.0003,0.0000,0.0000,0.014
1.380,1.086,0.985,IDLE,obstacle1,0.0000,0.0000,0.0000,0.000000,0.000000,0.000000,28.154,1,0.0006,-0.0000,-0.0000,-0.446,0.00000,-0.0006,-0.0000,0.0000,0.0000,0.0000,0.004,0.0158,0.0500,1.0000,60,0.054,0.00,0.00,0.00,0.00,nan,nan,9.96,0.00,50.00,--,--,0.00,--,0,nan,nan,nan,-2.0003,0.0000,0.0000,0.014
1.480,1.186,0.992,IDLE,obstacle1,0.0000,0.0000,0.0000,0.000000,0.000000,0.000000,28.254,1,0.0006,-0.0000,-0.0000,-0.446,0.00000,-0.0006,-0.0000,0.0000,0.0000,0.0000,0.004,0.0158,0.0500,1.0000,60,0.054,0.00,0.00,0.00,0.00,nan,nan,10.07,0.00,50.00,--,--,0.00,--,0,nan,nan,nan,-2.0003,0.0000,0.0000,0.014
1.580,1.286,0.992,IDLE,obstacle1,0.0000,0.0000,0.0000,0.000000,0.000000,0.000000,28.354,1,0.0006,-0.0000,-0.0000,-0.446,0.00000,-0.0006,-0.0000,0.0000,0.0000,0.0000,0.004,0.0158,0.0500,1.0000,60,0.054,0.00,0.00,0.00,0.00,nan,nan,9.96,0.00,50.00,--,--,0.00,--,0,nan,nan,nan,-2.0003,0.0000,0.0000,0.014
1.681,1.386,0.999,IDLE,obstacle1,0.0000,0.0000,0.0000,0.000000,0.000000,0.000000,28.454,1,0.0006,-0.0000,-0.0000,-0.446,0.00000,-0.0006,-0.0000,0.0000,0.0000,0.0000,0.004,0.0158,0.0500,1.0000,60,0.054,0.00,0.00,0.00,0.00,nan,nan,10.00,0.00,49.90,--,--,0.00,--,0,nan,nan,nan,-2.0003,0.0000,0.0000,0.014
1.780,1.486,1.000,IDLE,obstacle1,0.0000,0.0000,0.0000,0.000000,0.000000,0.000000,28.554,1,0.0006,-0.0000,-0.0000,-0.446,0.00000,-0.0006,-0.0000,0.0000,0.0000,0.0000,0.004,0.0158,0.0500,1.0000,60,0.054,0.00,0.00,0.00,0.00,nan,nan,9.96,0.00,50.00,--,--,0.00,--,0,nan,nan,nan,-2.0003,0.0000,0.0000,0.014
1.880,1.586,1.000,IDLE,obstacle1,0.0000,0.0000,0.0000,0.000000,0.000000,0.000000,28.654,1,0.0006,-0.0000,-0.0000,-0.446,0.00000,-0.0006,-0.0000,0.0000,0.0000,0.0000,0.004,0.0158,0.0500,1.0000,60,0.054,0.00,0.00,0.00,0.00,nan,nan,10.00,0.00,49.80,--,--,0.00,--,0,nan,nan,nan,-2.0003,0.0000,0.0000,0.014
1.980,1.686,1.000,IDLE,obstacle1,0.0000,0.0000,0.0000,0.000000,0.000000,0.000000,28.754,1,0.0006,-0.0000,-0.0000,-0.446,0.00000,-0.0006,-0.0000,0.0000,0.0000,0.0000,0.004,0.0158,0.0500,1.0000,60,0.054,0.00,0.00,0.00,0.00,nan,nan,10.02,0.00,50.00,--,--,0.00,--,0,nan,nan,nan,-2.0003,0.0000,0.0000,0.014
2.081,1.786,1.000,IDLE,obstacle1,0.0000,0.0000,0.0000,0.000000,0.000000,0.000000,28.854,1,0.0006,-0.0000,-0.0000,-0.446,0.00000,-0.0006,-0.0000,0.0000,0.0000,0.0000,0.004,0.0158,0.0500,1.0000,60,0.054,0.00,0.00,0.00,0.00,nan,nan,10.02,0.00,50.00,--,--,0.00,--,0,nan,nan,nan,-2.0003,0.0000,0.0000,0.014
2.180,1.886,1.001,IDLE,obstacle1,0.0000,0.0000,0.0000,0.000000,0.000000,0.000000,28.954,1,0.0006,-0.0000,-0.0000,-0.446,0.00000,-0.0006,-0.0000,0.0000,0.0000,0.0000,0.004,0.0158,0.0500,1.0000,60,0.054,0.00,0.00,0.00,0.00,nan,nan,10.02,0.00,50.00,--,--,0.00,--,0,nan,nan,nan,-2.0003,0.0000,0.0000,0.014
2.280,1.984,0.998,IDLE,obstacle1,0.0000,0.0000,0.0000,0.000000,0.000000,0.000000,29.052,1,0.0006,-0.0000,-0.0000,-0.448,0.00000,-0.0006,-0.0000,0.0000,0.0000,0.0000,0.002,0.0158,0.0500,1.0000,60,0.052,0.00,0.00,0.00,0.00,nan,nan,10.02,0.00,50.00,--,--,0.00,--,0,nan,nan,nan,-2.0003,0.0000,0.0000,0.012
2.380,2.086,1.000,IDLE,obstacle1,0.0000,0.0000,0.0000,0.000000,0.000000,0.000000,29.154,1,0.0006,-0.0000,-0.0000,-0.446,0.00000,-0.0006,-0.0000,0.0000,0.0000,0.0000,0.004,0.0158,0.0500,1.0000,60,0.054,0.00,0.00,0.00,0.00,nan,nan,9.98,0.00,50.00,--,--,0.00,--,0,nan,nan,nan,-2.0003,0.0000,0.0000,0.014
2.480,2.180,0.993,IDLE,obstacle1,0.0000,0.0000,0.0000,0.000000,0.000000,0.000000,29.248,1,0.0006,-0.0000,-0.0000,-0.452,0.00000,-0.0006,-0.0000,0.0000,0.0000,0.0000,0.000,0.0158,0.0500,1.0000,60,0.048,0.00,0.00,0.00,0.00,nan,nan,9.98,0.00,50.10,--,--,0.00,--,0,nan,nan,nan,-2.0003,0.0000,0.0000,0.008
2.580,2.280,0.994,IDLE,obstacle1,0.0000,0.0000,0.0000,0.000000,0.000000,0.000000,29.348,1,0.0006,-0.0000,-0.0000,-0.452,0.00000,-0.0006,-0.0000,0.0000,0.0000,0.0000,0.018,0.0158,0.0500,1.0000,60,0.048,0.00,0.00,0.00,0.00,nan,nan,10.02,0.00,50.00,--,--,0.00,--,0,nan,nan,nan,-2.0003,0.0000,0.0000,0.008
2.681,2.380,0.993,IDLE,obstacle1,0.0000,0.0000,0.0000,0.000000,0.000000,0.000000,29.448,1,0.0006,-0.0000,-0.0000,-0.452,0.00000,-0.0006,-0.0000,0.0000,0.0000,0.0000,0.018,0.0158,0.0500,1.0000,60,0.048,0.00,0.00,0.00,0.00,nan,nan,10.04,0.00,50.00,--,--,0.00,--,0,nan,nan,nan,-2.0003,0.0000,0.0000,0.008
2.781,2.478,0.991,IDLE,obstacle1,0.0000,0.0000,0.0000,0.000000,0.000000,0.000000,29.546,1,0.0006,-0.0000,-0.0000,-0.454,0.00000,-0.0006,-0.0000,0.0000,0.0000,0.0000,0.016,0.0158,0.0500,1.0000,60,0.046,0.00,0.00,0.00,0.00,nan,nan,10.09,0.00,50.00,--,--,0.00,--,0,nan,nan,nan,-2.0003,0.0000,0.0000,0.006
2.880,2.576,0.990,IDLE,obstacle1,0.0000,0.0000,0.0000,0.000000,0.000000,0.000000,29.644,1,0.0006,-0.0000,-0.0000,-0.456,0.00000,-0.0006,-0.0000,0.0000,0.0000,0.0000,0.014,0.0158,0.0500,1.0000,60,0.044,0.00,0.00,0.00,0.00,nan,nan,9.98,0.00,50.00,--,--,0.00,--,0,nan,nan,nan,-2.0003,0.0000,0.0000,0.004
2.980,2.674,0.987,IDLE,obstacle1,0.0000,0.0000,0.0000,0.000000,0.000000,0.000000,29.742,1,0.0006,-0.0000,-0.0000,-0.458,0.00000,-0.0006,-0.0000,0.0000,0.0000,0.0000,0.012,0.0158,0.0500,1.0000,60,0.042,0.00,0.00,0.00,0.00,nan,nan,9.85,0.00,50.00,--,--,0.00,--,0,nan,nan,nan,-2.0003,0.0000,0.0000,0.002
3.081,2.776,0.988,IDLE,obstacle1,0.0000,0.0000,0.0000,0.000000,0.000000,0.000000,29.844,1,0.0006,-0.0000,-0.0000,-0.456,0.00000,-0.0006,-0.0000,0.0000,0.0000,0.0000,0.014,0.0158,0.0500,1.0000,60,0.044,0.00,0.00,0.00,0.00,nan,nan,9.96,0.00,50.00,--,--,0.00,--,0,nan,nan,nan,-2.0003,0.0000,0.0000,0.004
3.180,2.874,0.989,IDLE,obstacle1,0.0000,0.0000,0.0000,0.000000,0.000000,0.000000,29.942,1,0.0006,-0.0000,-0.0000,-0.458,0.00000,-0.0006,-0.0000,0.0000,0.0000,0.0000,0.012,0.0158,0.0500,1.0000,60,0.042,0.00,0.00,0.00,0.00,nan,nan,9.87,0.00,50.10,--,--,0.00,--,0,nan,nan,nan,-2.0003,0.0000,0.0000,0.002
3.280,2.972,0.988,IDLE,obstacle1,0.0000,0.0000,0.0000,0.000000,0.000000,0.000000,30.040,1,0.0006,-0.0000,-0.0000,-0.460,0.00000,-0.0006,-0.0000,0.0000,0.0000,0.0000,0.010,0.0158,0.0500,1.0000,60,0.040,0.00,0.00,0.00,0.00,nan,nan,9.96,0.00,50.00,--,--,0.00,--,0,nan,nan,nan,-2.0003,0.0000,0.0000,0.020
3.380,3.062,0.980,IDLE,obstacle1,0.0000,0.0000,0.0000,0.000000,0.000000,0.000000,30.130,1,0.0006,-0.0000,-0.0000,-0.470,0.00000,-0.0006,-0.0000,0.0000,0.0000,0.0000,0.020,0.0158,0.0500,1.0000,60,0.030,0.00,0.00,0.00,0.00,nan,nan,10.04,0.00,49.90,--,--,0.00,--,0,nan,nan,nan,-2.0003,0.0000,0.0000,0.010
3.481,3.162,0.979,IDLE,obstacle1,0.0000,0.0000,0.0000,0.000000,0.000000,0.000000,30.230,1,0.0006,-0.0000,-0.0000,-0.470,0.00000,-0.0006,-0.0000,0.0000,0.0000,0.0000,0.020,0.0158,0.0500,1.0000,60,0.030,0.00,0.00,0.00,0.00,nan,nan,9.93,0.00,50.00,--,--,0.00,--,0,nan,nan,nan,-2.0003,0.0000,0.0000,0.010
3.581,3.254,0.971,IDLE,obstacle1,0.0000,0.0000,0.0000,0.000000,0.000000,0.000000,30.322,1,0.0006,-0.0000,-0.0000,-0.478,0.00000,-0.0006,-0.0000,0.0000,0.0000,0.0000,0.012,0.0158,0.0500,1.0000,60,0.022,0.00,0.00,0.00,0.00,nan,nan,10.02,0.00,50.00,--,--,0.00,--,0,nan,nan,nan,-2.0003,0.0000,0.0000,0.002
3.680,3.354,0.974,IDLE,obstacle1,0.0000,0.0000,0.0000,0.000000,0.000000,0.000000,30.422,1,0.0006,-0.0000,-0.0000,-0.478,0.00000,-0.0006,-0.0000,0.0000,0.0000,0.0000,0.012,0.0158,0.0500,1.0000,60,0.022,0.00,0.00,0.00,0.00,nan,nan,9.91,0.00,50.00,--,--,0.00,--,0,nan,nan,nan,-2.0003,0.0000,0.0000,0.002
3.781,3.448,0.970,IDLE,obstacle1,0.0000,0.0000,0.0000,0.000000,0.000000,0.000000,30.516,1,0.0006,-0.0000,-0.0000,-0.484,0.00000,-0.0006,-0.0000,0.0000,0.0000,0.0000,0.006,0.0158,0.0500,1.0000,60,0.016,0.00,0.00,0.00,0.00,nan,nan,10.02,0.00,49.90,--,--,0.00,--,0,nan,nan,nan,-2.0003,0.0000,0.0000,0.016
3.880,3.550,0.974,IDLE,obstacle1,0.0000,0.0000,0.0000,0.000000,0.000000,0.000000,30.618,1,0.0006,-0.0000,-0.0000,-0.482,0.00000,-0.0006,-0.0000,0.0000,0.0000,0.0000,0.008,0.0158,0.0500,1.0000,60,0.018,0.00,0.00,0.00,0.00,nan,nan,10.14,0.00,50.00,--,--,0.00,--,0,nan,nan,nan,-2.0003,0.0000,0.0000,0.018
3.981,3.646,0.967,IDLE,obstacle1,0.0000,0.0000,0.0000,0.000000,0.000000,0.000000,30.714,1,0.0006,-0.0000,-0.0000,-0.486,0.00000,-0.0006,-0.0000,0.0000,0.0000,0.0000,0.004,0.0158,0.0500,1.0000,60,0.014,0.00,0.00,0.00,0.00,nan,nan,10.14,0.00,49.90,--,--,0.00,--,0,nan,nan,nan,-2.0003,0.0000,0.0000,0.014
4.080,3.746,0.971,IDLE,obstacle1,0.0000,0.0000,0.0000,0.000000,0.000000,0.000000,30.814,1,0.0006,-0.0000,-0.0000,-0.486,0.00000,-0.0006,-0.0000,0.0000,0.0000,0.0000,0.004,0.0158,0.0500,1.0000,60,0.014,0.00,0.00,0.00,0.00,nan,nan,10.18,0.00,50.00,--,--,0.00,--,0,nan,nan,nan,-2.0003,0.0000,0.0000,0.014
4.182,3.844,0.967,IDLE,obstacle1,0.0000,0.0000,0.0000,0.000000,0.000000,0.000000,30.912,1,0.0006,-0.0000,-0.0000,-0.388,0.00000,-0.0006,-0.0000,0.0000,0.0000,0.0000,0.002,0.0158,0.0500,1.0000,60,0.012,0.00,0.00,0.00,0.00,nan,nan,10.16,0.00,49.90,--,--,0.00,--,0,nan,nan,nan,-2.0003,0.0000,0.0000,0.012
4.281,3.940,0.975,IDLE,obstacle1,0.0000,0.0000,0.0000,0.000000,0.000000,0.000000,31.008,1,0.0006,-0.0000,-0.0000,-0.392,0.00000,-0.0006,-0.0000,0.0000,0.0000,0.0000,0.018,0.0158,0.0500,1.0000,60,0.008,0.00,0.00,0.00,0.00,nan,nan,10.02,0.00,50.00,--,--,0.00,--,0,nan,nan,nan,-2.0003,0.0000,0.0000,0.008
4.380,4.002,0.940,IDLE,obstacle1,0.0000,0.0000,0.0000,0.000000,0.000000,0.000000,31.070,1,0.0006,-0.0000,-0.0000,-0.430,0.00000,-0.0006,-0.0000,0.0000,0.0000,0.0000,0.000,0.0158,0.0500,1.0000,60,0.070,0.00,0.00,0.00,0.00,nan,nan,10.00,0.00,50.00,--,--,0.00,--,0,nan,nan,nan,-2.0003,0.0000,0.0000,0.010
4.480,4.078,0.916,IDLE,obstacle1,0.0000,0.0000,0.0000,0.000000,0.000000,0.000000,31.146,1,0.0006,-0.0000,-0.0000,-0.454,0.00000,-0.0006,-0.0000,0.0000,0.0000,0.0000,0.016,0.0158,0.0500,1.0000,60,0.046,0.00,0.00,0.00,0.00,nan,nan,10.04,0.00,50.00,--,--,0.00,--,0,nan,nan,nan,-2.0003,0.0000,0.0000,0.006
4.581,4.172,0.908,IDLE,obstacle1,0.0000,0.0000,0.0000,0.000000,0.000000,0.000000,31.240,1,0.0006,-0.0000,-0.0000,-0.460,0.00000,-0.0006,-0.0000,0.0000,0.0000,0.0000,0.010,0.0158,0.0500,1.0000,60,0.040,0.00,0.00,0.00,0.00,nan,nan,9.98,0.00,50.00,--,--,0.00,--,0,nan,nan,nan,-2.0003,0.0000,0.0000,0.020
4.680,4.268,0.914,IDLE,obstacle1,0.0000,0.0000,0.0000,0.000000,0.000000,0.000000,31.336,1,0.0006,-0.0000,-0.0000,-0.464,0.00000,-0.0006,-0.0000,0.0000,0.0000,0.0000,0.006,0.0158,0.0500,1.0000,60,0.036,0.00,0.00,0.00,0.00,nan,nan,9.98,0.00,50.10,--,--,0.00,--,0,nan,nan,nan,-2.0003,0.0000,0.0000,0.016
4.781,4.354,0.893,IDLE,obstacle1,0.0000,0.0000,0.0000,0.000000,0.000000,0.000000,31.422,1,0.0006,-0.0000,-0.0000,-0.478,0.00000,-0.0006,-0.0000,0.0000,0.0000,0.0000,0.012,0.0158,0.0500,1.0000,60,0.022,0.00,0.00,0.00,0.00,nan,nan,9.93,0.00,49.90,--,--,0.00,--,0,nan,nan,nan,-2.0003,0.0000,0.0000,0.002
4.880,4.442,0.892,IDLE,obstacle1,0.0000,0.0000,0.0000,0.000000,0.000000,0.000000,31.510,1,0.0006,-0.0000,-0.0000,-0.390,0.00000,-0.0006,-0.0000,0.0000,0.0000,0.0000,0.020,0.0158,0.0500,1.0000,60,0.010,0.00,0.00,0.00,0.00,nan,nan,9.98,0.00,50.10,--,--,0.00,--,0,nan,nan,nan,-2.0003,0.0000,0.0000,0.010
4.981,4.542,0.884,IDLE,obstacle1,0.0000,0.0000,0.0000,0.000000,0.000000,0.000000,31.610,1,0.0006,-0.0000,-0.0000,-0.390,0.00000,-0.0006,-0.0000,0.0000,0.0000,0.0000,0.020,0.0158,0.0500,1.0000,60,0.010,0.00,0.00,0.00,0.00,nan,nan,10.00,0.00,50.00,--,--,0.00,--,0,nan,nan,nan,-2.0003,0.0000,0.0000,0.010
5.081,4.640,0.886,IDLE,obstacle1,0.0000,0.0000,0.0000,0.000000,0.000000,0.000000,31.708,1,0.0006,-0.0000,-0.0000,-0.392,0.00000,-0.0006,-0.0000,0.0000,0.0000,0.0000,0.018,0.0158,0.0500,1.0000,60,0.008,0.00,0.00,0.00,0.00,nan,nan,10.02,0.00,50.10,--,--,0.00,--,0,nan,nan,nan,-2.0003,0.0000,0.0000,0.008
5.180,4.740,0.898,IDLE,obstacle1,0.0000,0.0000,0.0000,0.000000,0.000000,0.000000,31.808,1,0.0006,-0.0000,-0.0000,-0.392,0.00000,-0.0006,-0.0000,0.0000,0.0000,0.0000,0.018,0.0158,0.0500,1.0000,60,0.108,0.00,0.00,0.00,0.00,nan,nan,10.03,0.00,50.00,--,--,0.00,--,0,nan,nan,nan,-2.0003,0.0000,0.0000,0.008
5.280,4.838,0.899,IDLE,obstacle1,0.0000,0.0000,0.0000,0.000000,0.000000,0.000000,31.906,1,0.0006,-0.0000,-0.0000,-0.394,0.00000,-0.0006,-0.0000,0.0000,0.0000,0.0000,0.016,0.0158,0.0500,1.0000,60,0.106,0.00,0.00,0.00,0.00,nan,nan,9.96,0.00,50.10,--,--,0.00,--,0,nan,nan,nan,-2.0003,0.0000,0.0000,0.006
5.380,4.940,0.938,IDLE,obstacle1,0.0000,0.0000,0.0000,0.000000,0.000000,0.000000,32.008,1,0.0006,-0.0000,-0.0000,-0.392,0.00000,-0.0006,-0.0000,0.0000,0.0000,0.0000,0.018,0.0158,0.0500,1.0000,60,0.108,0.00,0.00,0.00,0.00,nan,nan,9.98,0.00,50.00,--,--,0.00,--,0,nan,nan,nan,-2.0003,0.0000,0.0000,0.008
5.480,5.038,0.960,IDLE,obstacle1,0.0000,0.0000,0.0000,0.000000,0.000000,0.000000,32.106,1,0.0006,-0.0000,-0.0000,-0.394,0.00000,-0.0006,-0.0000,0.0000,0.0000,0.0000,0.016,0.0158,0.0500,1.0000,60,0.106,0.00,0.00,0.00,0.00,nan,nan,9.96,0.00,50.00,--,--,0.00,--,0,nan,nan,nan,-2.0003,0.0000,0.0000,0.006
5.580,5.138,0.967,IDLE,obstacle1,0.0000,0.0000,0.0000,0.000000,0.000000,0.000000,32.206,1,0.0006,-0.0000,-0.0000,-0.394,0.00000,-0.0006,-0.0000,0.0000,0.0000,0.0000,0.016,0.0158,0.0500,1.0000,60,0.106,0.00,0.00,0.00,0.00,nan,nan,10.00,0.00,50.00,--,--,0.00,--,0,nan,nan,nan,-2.0003,0.0000,0.0000,0.006
5.680,5.238,0.983,IDLE,obstacle1,0.0000,0.0000,0.0000,0.000000,0.000000,0.000000,32.306,1,0.0006,-0.0000,-0.0000,-0.394,0.00000,-0.0006,-0.0000,0.0000,0.0000,0.0000,0.018,0.0158,0.0500,1.0000,60,0.106,0.00,0.00,0.00,0.00,nan,nan,10.02,0.00,50.10,--,--,0.00,--,0,nan,nan,nan,-2.0003,0.0000,0.0000,0.006
5.780,5.336,0.982,IDLE,obstacle1,0.0000,0.0000,0.0000,0.000000,0.000000,0.000000,32.404,1,0.0006,-0.0000,-0.0000,-0.396,0.00000,-0.0006,-0.0000,0.0000,0.0000,0.0000,0.014,0.0158,0.0500,1.0000,60,0.104,0.00,0.00,0.00,0.00,nan,nan,10.07,0.00,50.10,--,--,0.00,--,0,nan,nan,nan,-2.0003,0.0000,0.0000,0.004
5.880,5.438,0.997,IDLE,obstacle1,0.0000,0.0000,0.0000,0.000000,0.000000,0.000000,32.506,1,0.0006,-0.0000,-0.0000,-0.394,0.00000,-0.0006,-0.0000,0.0000,0.0000,0.0000,0.016,0.0158,0.0500,1.0000,60,0.106,0.00,0.00,0.00,0.00,nan,nan,10.02,0.00,50.10,--,--,0.00,--,0,nan,nan,nan,-2.0003,0.0000,0.0000,0.006
5.980,5.536,0.995,IDLE,obstacle1,0.0000,0.0000,0.0000,0.000000,0.000000,0.000000,32.604,1,0.0006,-0.0000,-0.0000,-0.396,0.00000,-0.0006,-0.0000,0.0000,0.0000,0.0000,0.016,0.0158,0.0500,1.0000,60,0.104,0.00,0.00,0.00,0.00,nan,nan,9.98,0.00,50.10,--,--,0.00,--,0,nan,nan,nan,-2.0003,0.0000,0.0000,0.004
6.080,5.636,0.996,IDLE,obstacle1,0.0000,0.0000,0.0000,0.000000,0.000000,0.000000,32.704,1,0.0006,-0.0000,-0.0000,-0.396,0.00000,-0.0006,-0.0000,0.0000,0.0000,0.0000,0.020,0.0158,0.0500,1.0000,60,0.104,0.00,0.00,0.00,0.00,nan,nan,9.98,0.00,50.41,--,--,0.00,--,0,nan,nan,nan,-2.0003,0.0000,0.0000,0.004
6.180,5.734,0.996,IDLE,obstacle1,0.0000,0.0000,0.0000,0.000000,0.000000,0.000000,32.802,1,0.0006,-0.0000,-0.0000,-0.398,0.00000,-0.0006,-0.0000,0.0000,0.0000,0.0000,0.012,0.0158,0.0500,1.0000,60,0.102,0.00,0.00,0.00,0.00,nan,nan,10.02,0.00,50.00,--,--,0.00,--,0,nan,nan,nan,-2.0003,0.0000,0.0000,0.002
6.280,5.828,0.990,IDLE,obstacle1,0.0000,0.0000,0.0000,0.000000,0.000000,0.000000,32.896,1,0.0006,-0.0000,-0.0000,-0.404,0.00000,-0.0006,-0.0000,0.0000,0.0000,0.0000,0.006,0.0158,0.0500,1.0000,60,0.096,0.00,0.00,0.00,0.00,nan,nan,10.09,0.00,50.10,--,--,0.00,--,0,nan,nan,nan,-2.0003,0.0000,0.0000,0.016
6.380,5.928,0.989,IDLE,obstacle1,0.0000,0.0000,0.0000,0.000000,0.000000,0.000000,32.996,1,0.0006,-0.0000,-0.0000,-0.404,0.00000,-0.0006,-0.0000,0.0000,0.0000,0.0000,0.006,0.0158,0.0500,1.0000,60,0.096,0.00,0.00,0.00,0.00,nan,nan,10.02,0.00,50.10,--,--,0.00,--,0,nan,nan,nan,-2.0003,0.0000,0.0000,0.016
6.480,6.028,0.989,IDLE,obstacle1,0.0000,0.0000,0.0000,0.000000,0.000000,0.000000,33.096,1,0.0006,-0.0000,-0.0000,-0.404,0.00000,-0.0006,-0.0000,0.0000,0.0000,0.0000,0.008,0.0158,0.0500,1.0000,60,0.096,0.00,0.00,0.00,0.00,nan,nan,9.87,0.00,50.00,--,--,0.00,--,0,nan,nan,nan,-2.0003,0.0000,0.0000,0.016
6.580,6.128,0.989,IDLE,obstacle1,0.0000,0.0000,0.0000,0.000000,0.000000,0.000000,33.196,1,0.0006,-0.0000,-0.0000,-0.404,0.00000,-0.0006,-0.0000,0.0000,0.0000,0.0000,0.006,0.0158,0.0500,1.0000,60,0.096,0.00,0.00,0.00,0.00,nan,nan,10.02,0.00,50.00,--,--,0.00,--,0,nan,nan,nan,-2.0003,0.0000,0.0000,0.016
6.681,6.228,0.991,IDLE,obstacle1,0.0000,0.0000,0.0000,0.000000,0.000000,0.000000,33.296,1,0.0006,-0.0000,-0.0000,-0.404,0.00000,-0.0006,-0.0000,0.0000,0.0000,0.0000,0.008,0.0158,0.0500,1.0000,60,0.096,0.00,0.00,0.00,0.00,nan,nan,9.83,0.00,50.00,--,--,0.00,--,0,nan,nan,nan,-2.0003,0.0000,0.0000,0.016
6.780,6.328,0.992,IDLE,obstacle1,0.0000,0.0000,0.0000,0.000000,0.000000,0.000000,33.396,1,0.0006,-0.0000,-0.0000,-0.404,0.00000,-0.0006,-0.0000,0.0000,0.0000,0.0000,0.006,0.0158,0.0500,1.0000,60,0.096,0.00,0.00,0.00,0.00,nan,nan,10.00,0.00,50.00,--,--,0.00,--,0,nan,nan,nan,-2.0003,0.0000,0.0000,0.016
6.881,6.422,0.984,IDLE,obstacle1,0.0000,0.0000,0.0000,0.000000,0.000000,0.000000,33.490,1,0.0006,-0.0000,-0.0000,-0.410,0.00000,-0.0006,-0.0000,0.0000,0.0000,0.0000,0.000,0.0158,0.0500,1.0000,60,0.090,0.00,0.00,0.00,0.00,nan,nan,10.00,0.00,50.00,--,--,0.00,--,0,nan,nan,nan,-2.0003,0.0000,0.0000,0.010
6.981,6.522,0.984,IDLE,obstacle1,0.0000,0.0000,0.0000,0.000000,0.000000,0.000000,33.590,1,0.0006,-0.0000,-0.0000,-0.410,0.00000,-0.0006,-0.0000,0.0000,0.0000,0.0000,0.000,0.0158,0.0500,1.0000,60,0.090,0.00,0.00,0.00,0.00,nan,nan,9.98,0.00,50.00,--,--,0.00,--,0,nan,nan,nan,-2.0003,0.0000,0.0000,0.010
7.081,6.608,0.971,IDLE,obstacle1,0.0000,0.0000,0.0000,0.000000,0.000000,0.000000,33.676,1,0.0006,-0.0000,-0.0000,-0.424,0.00000,-0.0006,-0.0000,0.0000,0.0000,0.0000,0.006,0.0158,0.0500,1.0000,60,0.076,0.00,0.00,0.00,0.00,nan,nan,10.00,0.00,49.70,--,--,0.00,--,0,nan,nan,nan,-2.0003,0.0000,0.0000,0.016
7.182,6.712,0.981,IDLE,obstacle1,0.0000,0.0000,0.0000,0.000000,0.000000,0.000000,33.780,1,0.0006,-0.0000,-0.0000,-0.420,0.00000,-0.0006,-0.0000,0.0000,0.0000,0.0000,0.010,0.0158,0.0500,1.0000,60,0.080,0.00,0.00,0.00,0.00,nan,nan,9.89,0.00,50.00,--,--,0.00,--,0,nan,nan,nan,-2.0003,0.0000,0.0000,0.000
7.281,6.804,0.973,IDLE,obstacle1,0.0000,0.0000,0.0000,0.000000,0.000000,0.000000,33.872,1,0.0006,-0.0000,-0.0000,-0.428,0.00000,-0.0006,-0.0000,0.0000,0.0000,0.0000,0.002,0.0158,0.0500,1.0000,60,0.072,0.00,0.00,0.00,0.00,nan,nan,10.00,0.00,50.00,--,--,0.00,--,0,nan,nan,nan,-2.0003,0.0000,0.0000,0.012
7.380,6.902,0.974,IDLE,obstacle1,0.0000,0.0000,0.0000,0.000000,0.000000,0.000000,33.970,1,0.0006,-0.0000,-0.0000,-0.430,0.00000,-0.0006,-0.0000,0.0000,0.0000,0.0000,0.000,0.0158,0.0500,1.0000,60,0.070,0.00,0.00,0.00,0.00,nan,nan,10.11,0.00,50.00,--,--,0.00,--,0,nan,nan,nan,-2.0003,0.0000,0.0000,0.010
7.480,6.996,0.968,IDLE,obstacle1,0.0000,0.0000,0.0000,0.000000,0.000000,0.000000,34.064,1,0.0006,-0.0000,-0.0000,-0.436,0.00000,-0.0006,-0.0000,0.0000,0.0000,0.0000,0.014,0.0158,0.0500,1.0000,60,0.064,0.00,0.00,0.00,0.00,nan,nan,10.02,0.00,50.00,--,--,0.00,--,0,nan,nan,nan,-2.0003,0.0000,0.0000,0.004
7.580,7.094,0.966,IDLE,obstacle1,0.0000,0.0000,0.0000,0.000000,0.000000,0.000000,34.162,1,0.0006,-0.0000,-0.0000,-0.438,0.00000,-0.0006,-0.0000,0.0000,0.0000,0.0000,0.012,0.0158,0.0500,1.0000,60,0.062,0.00,0.00,0.00,0.00,nan,nan,10.11,0.00,50.00,--,--,0.00,--,0,nan,nan,nan,-2.0003,0.0000,0.0000,0.002
7.680,7.190,0.962,IDLE,obstacle1,0.0000,0.0000,0.0000,0.000000,0.000000,0.000000,34.258,1,0.0006,-0.0000,-0.0000,-0.442,0.00000,-0.0006,-0.0000,0.0000,0.0000,0.0000,0.008,0.0158,0.0500,1.0000,60,0.058,0.00,0.00,0.00,0.00,nan,nan,10.00,0.00,50.10,--,--,0.00,--,0,nan,nan,nan,-2.0003,0.0000,0.0000,0.018
7.781,7.276,0.948,IDLE,obstacle1,0.0000,0.0000,0.0000,0.000000,0.000000,0.000000,34.344,1,0.0006,-0.0000,-0.0000,-0.456,0.00000,-0.0006,-0.0000,0.0000,0.0000,0.0000,0.014,0.0158,0.0500,1.0000,60,0.044,0.00,0.00,0.00,0.00,nan,nan,9.96,0.00,49.80,--,--,0.00,--,0,nan,nan,nan,-2.0003,0.0000,0.0000,0.004
7.880,7.358,0.936,IDLE,obstacle1,0.0000,0.0000,0.0000,0.000000,0.000000,0.000000,34.426,1,0.0006,-0.0000,-0.0000,-0.474,0.00000,-0.0006,-0.0000,0.0000,0.0000,0.0000,0.016,0.0158,0.0500,1.0000,60,0.026,0.00,0.00,0.00,0.00,nan,nan,10.02,0.00,50.00,--,--,0.00,--,0,nan,nan,nan,-2.0003,0.0000,0.0000,0.006
7.980,7.448,0.927,IDLE,obstacle1,0.0000,0.0000,0.0000,0.000000,0.000000,0.000000,34.516,1,0.0006,-0.0000,-0.0000,-0.484,0.00000,-0.0006,-0.0000,0.0000,0.0000,0.0000,0.006,0.0158,0.0500,1.0000,60,0.016,0.00,0.00,0.00,0.00,nan,nan,9.98,0.00,49.90,--,--,0.00,--,0,nan,nan,nan,-2.0003,0.0000,0.0000,0.016
8.080,7.532,0.924,IDLE,obstacle1,0.0000,0.0000,0.0000,0.000000,0.000000,0.000000,34.600,1,0.0006,-0.0000,-0.0000,-0.400,0.00000,-0.0006,-0.0000,0.0000,0.0000,0.0000,0.010,0.0158,0.0500,1.0000,60,0.100,0.00,0.00,0.00,0.00,nan,nan,9.98,0.00,49.90,--,--,0.00,--,0,nan,nan,nan,-2.0003,0.0000,0.0000,0.020
8.180,7.640,0.929,LOCALIZE,obstacle1,0.0000,0.0000,0.0000,0.000000,0.000000,0.000000,34.708,1,0.0006,-0.0000,-0.0000,-0.392,0.00000,-0.0006,-0.0000,0.0000,0.0000,0.0000,0.018,0.0158,0.0500,1.0000,60,0.108,0.00,0.00,0.00,0.00,nan,nan,10.04,0.00,50.00,--,--,0.00,--,0,nan,nan,nan,-2.0003,0.0000,0.0000,0.008
8.280,7.736,0.933,NAVIGATE_TO_RAMP,obstacle1,0.0000,0.0000,0.0000,0.000000,0.000000,0.000000,34.804,1,0.0006,-0.0000,-0.0000,-0.396,0.00000,-0.0006,-0.0000,0.0000,0.0000,0.0000,0.014,0.0158,0.0500,1.0000,60,0.004,0.00,0.00,0.00,0.00,nan,nan,10.04,0.00,49.90,--,--,0.00,--,0,nan,nan,nan,-2.0003,0.0000,0.0000,0.004
8.380,7.834,0.932,NAVIGATE_TO_RAMP,obstacle1,0.0000,0.0000,0.0000,0.000000,0.000000,0.000000,34.902,1,0.0006,-0.0000,-0.0000,-0.398,0.00000,-0.0006,-0.0000,0.0000,0.0000,0.0000,0.012,0.0158,0.0500,1.0000,60,0.102,0.00,0.00,0.00,0.00,nan,nan,10.07,0.00,50.00,--,--,0.00,EXECUTING,52,2.663,2.4810,0.2400,-2.0003,0.0000,0.0000,0.002
8.480,7.924,0.922,NAVIGATE_TO_RAMP,obstacle1,0.0000,0.0000,0.0000,0.000000,0.000000,0.000000,34.992,1,0.0006,-0.0000,-0.0000,-0.408,0.00000,0.0058,-0.0000,-0.0041,0.0676,-0.0449,0.004,0.0150,0.0500,1.0000,60,0.092,34.88,22.73,20.83,34.88,0.2684,-0.0769,9.96,0.00,49.90,--,--,0.00,EXECUTING,52,2.663,2.4810,0.2400,-1.9955,-0.0002,-0.0020,0.012
8.581,8.032,0.935,NAVIGATE_TO_RAMP,obstacle1,0.0000,0.0000,0.0000,0.000000,0.000000,0.000000,35.100,1,0.0006,-0.0000,-0.0000,-0.400,0.00000,0.0261,-0.0002,-0.0099,0.2035,-0.0569,0.010,0.0133,0.0500,0.9833,60,0.100,32.89,20.83,21.13,32.89,0.2500,-0.0769,10.07,0.00,50.00,--,--,0.00,EXECUTING,52,2.663,2.4810,0.2400,-1.9766,-0.0006,-0.0062,0.020
8.680,8.126,0.936,NAVIGATE_TO_RAMP,obstacle1,0.0000,0.0000,0.0000,0.000000,0.000000,0.000000,35.194,1,0.0006,-0.0000,-0.0000,-0.406,0.00000,0.0514,-0.0005,-0.0176,0.2542,-0.0776,0.004,0.0108,0.0500,0.9833,60,0.094,31.25,20.49,20.33,31.25,0.2368,-0.0769,10.00,0.00,50.00,--,--,0.00,EXECUTING,52,2.663,2.4810,0.2400,-1.9515,-0.0016,-0.0144,0.014
8.780,8.228,0.953,NAVIGATE_TO_RAMP,obstacle1,0.0000,0.0000,0.0000,0.000000,0.000000,0.000000,35.296,1,0.0006,-0.0000,-0.0000,-0.404,0.00000,0.0752,-0.0010,-0.0253,0.2507,-0.0805,0.006,0.0108,0.0500,0.9833,60,0.096,30.77,20.47,20.47,31.25,0.2368,-0.0769,10.07,0.00,50.10,--,--,0.00,EXECUTING,52,2.663,2.4810,0.2400,-1.9274,-0.0027,-0.0223,0.016
8.880,8.326,0.968,NAVIGATE_TO_RAMP,obstacle1,0.0000,0.0000,0.0000,0.000000,0.000000,0.000000,35.394,1,0.0006,-0.0000,-0.0000,-0.406,0.00000,0.1038,-0.0017,-0.0218,0.2857,0.0348,0.004,0.0107,0.0500,0.9833,60,0.094,30.84,20.45,20.36,30.84,0.3000,0.0769,9.98,0.00,50.00,--,--,0.00,EXECUTING,52,2.663,2.4810,0.2400,-1.8995,-0.0032,-0.0203,0.014
8.981,8.426,0.993,NAVIGATE_TO_RAMP,obstacle1,0.0000,0.0000,0.0000,0.000000,0.000000,0.000000,35.494,1,0.0006,-0.0000,-0.0000,-0.406,0.00000,0.1335,-0.0023,-0.0143,0.3099,0.0786,0.004,0.0117,0.0500,0.9833,60,0.094,30.61,20.37,20.30,30.80,0.3000,0.0769,10.00,0.00,50.10,--,--,0.00,EXECUTING,52,2.663,2.4810,0.2400,-1.8698,-0.0030,-0.0125,0.014
9.081,8.518,0.975,NAVIGATE_TO_RAMP,obstacle1,0.0000,0.0000,0.0000,0.000000,0.000000,0.000000,35.586,1,0.0006,-0.0000,-0.0000,-0.414,0.00000,0.1564,-0.0025,-0.0082,0.2913,0.0776,0.016,0.0092,0.0500,1.0000,60,0.086,30.88,20.44,20.38,30.77,0.2842,0.0769,10.02,0.00,50.10,--,--,0.00,EXECUTING,52,2.663,2.4810,0.2400,-1.8410,-0.0026,-0.0045,0.006
9.181,8.620,0.982,NAVIGATE_TO_RAMP,obstacle1,0.0000,0.0000,0.0000,0.000000,0.000000,0.000000,35.688,1,0.0006,-0.0000,-0.0000,-0.412,0.00000,0.1860,-0.0027,-0.0043,0.3184,0.0431,0.018,0.0062,0.0500,1.0000,60,0.088,30.69,20.44,20.11,30.69,0.2842,0.0256,10.02,0.00,50.00,--,--,0.00,EXECUTING,52,2.663,2.4810,0.2400,-1.8112,-0.0023,-0.0010,0.008
9.281,8.718,0.982,NAVIGATE_TO_RAMP,obstacle1,0.0000,0.0000,0.0000,0.000000,0.000000,0.000000,35.786,1,0.0006,-0.0000,-0.0000,-0.414,0.00000,0.2148,-0.0028,-0.0017,0.2874,0.0256,0.016,0.0078,0.0500,1.0000,60,0.086,30.75,20.48,20.14,30.68,0.2684,0.0256,9.98,0.00,50.10,--,--,0.00,EXECUTING,52,2.663,2.4810,0.2400,-1.7826,-0.0021,0.0016,0.006
9.380,8.818,0.993,NAVIGATE_TO_RAMP,obstacle1,0.0000,0.0000,0.0000,0.000000,0.000000,0.000000,35.886,1,0.0006,-0.0000,-0.0000,-0.414,0.00000,0.2419,-0.0028,0.0008,0.2831,0.0266,0.016,0.0058,0.0500,1.0000,60,0.086,30.67,20.39,20.13,30.67,0.2526,0.0256,10.00,0.00,50.00,--,--,0.00,EXECUTING,52,2.663,2.4810,0.2400,-1.7556,-0.0018,0.0043,0.006
9.481,8.916,0.983,NAVIGATE_TO_RAMP,obstacle1,0.2580,-0.0033,0.0091,0.011358,0.000738,0.016741,0.084,2,0.0081,-0.0024,0.0076,-0.416,0.00792,0.2675,-0.0027,0.0034,0.2601,0.0261,0.014,0.0075,0.0500,1.0000,60,0.084,30.30,20.43,20.13,30.24,0.2368,0.0256,10.04,1.00,50.10,--,--,0.00,EXECUTING,47,2.413,2.4810,0.2400,-1.7301,-0.0014,0.0069,0.004
9.581,9.016,0.985,NAVIGATE_TO_RAMP,obstacle1,0.2580,-0.0033,0.0091,0.011358,0.000738,0.016741,0.184,2,0.0081,-0.0024,0.0076,-0.416,0.00000,0.2915,-0.0026,0.0059,0.2514,0.0268,0.014,0.0083,0.0500,0.9833,60,0.084,30.55,20.34,20.21,30.61,0.2211,0.0256,10.00,1.00,50.00,--,--,0.00,EXECUTING,47,2.413,2.4810,0.2400,-1.7063,-0.0010,0.0095,0.004
9.680,9.110,0.980,NAVIGATE_TO_RAMP,obstacle1,0.2580,-0.0033,0.0091,0.011358,0.000738,0.016741,0.278,2,0.0081,-0.0024,0.0076,-0.422,0.00000,0.3139,-0.0025,0.0085,0.2511,0.0287,0.008,0.0092,0.0500,0.9833,60,0.078,30.55,20.43,20.65,30.49,0.3000,0.1795,10.04,1.00,50.00,--,--,0.00,EXECUTING,47,2.413,2.4810,0.2400,-1.6884,-0.0007,0.0116,0.018
9.780,9.210,0.982,NAVIGATE_TO_RAMP,obstacle1,0.2580,-0.0033,0.0091,0.011358,0.000738,0.016741,0.378,2,0.0081,-0.0024,0.0076,-0.422,0.00000,0.3415,-0.0021,0.0193,0.2866,0.1141,0.008,0.0128,0.0500,0.9833,60,0.078,30.55,20.43,20.61,30.59,0.3000,0.1795,10.00,1.00,50.00,--,--,0.00,EXECUTING,47,2.413,2.4810,0.2400,-1.6621,0.0003,0.0183,0.018
9.880,9.310,0.982,NAVIGATE_TO_RAMP,obstacle1,0.2580,-0.0033,0.0091,0.011358,0.000738,0.016741,0.478,2,0.0081,-0.0024,0.0076,-0.422,0.00000,0.3700,-0.0013,0.0373,0.3178,0.1997,0.008,0.0199,0.0500,0.9833,60,0.078,30.55,20.39,20.52,30.59,0.2842,0.1795,9.87,1.00,50.00,--,--,0.00,EXECUTING,47,2.413,2.4810,0.2400,-1.6334,0.0027,0.0369,0.018
9.980,9.410,0.984,NAVIGATE_TO_RAMP,obstacle1,0.2580,-0.0033,0.0091,0.011358,0.000738,0.016741,0.578,2,0.0081,-0.0024,0.0076,-0.422,0.00000,0.3999,0.0000,0.0507,0.3345,0.1510,0.008,0.0133,0.0500,1.0000,60,0.078,30.61,20.39,20.56,30.67,0.2842,0.1282,9.96,1.00,50.00,--,--,0.00,EXECUTING,47,2.413,2.4810,0.2400,-1.6037,0.0053,0.0514,0.018
10.081,9.508,0.987,NAVIGATE_TO_RAMP,obstacle1,0.2580,-0.0033,0.0091,0.011358,0.000738,0.016741,0.676,2,0.0081,-0.0024,0.0076,-0.424,0.00000,0.4284,0.0016,0.0635,0.2858,0.1282,0.006,0.0125,0.0500,1.0000,60,0.076,30.30,20.17,20.26,30.30,0.3000,0.0769,9.91,1.00,50.10,--,--,0.00,EXECUTING,47,2.413,2.4810,0.2400,-1.5750,0.0080,0.0644,0.016
10.181,9.608,0.988,NAVIGATE_TO_RAMP,obstacle1,0.2580,-0.0033,0.0091,0.011358,0.000738,0.016741,0.776,2,0.0081,-0.0024,0.0076,-0.424,0.00000,0.4582,0.0037,0.0718,0.3321,0.0916,0.006,0.0150,0.0500,0.9833,60,0.076,30.43,20.30,20.26,30.36,0.3000,-0.0769,9.96,1.00,50.10,--,--,0.00,EXECUTING,47,2.413,2.4810,0.2400,-1.5454,0.0109,0.0734,0.016
10.280,9.698,0.981,NAVIGATE_TO_RAMP,obstacle1,0.2580,-0.0033,0.0091,0.011358,0.000738,0.016741,0.866,2,0.0081,-0.0024,0.0076,-0.434,0.00000,0.4821,0.0054,0.0695,0.2887,-0.0109,0.016,0.0108,0.0500,0.9833,60,0.066,30.61,20.43,20.21,30.33,0.3000,-0.0769,10.04,1.00,50.00,--,--,0.00,EXECUTING,47,2.413,2.4810,0.2400,-1.5155,0.0130,0.0710,0.006
10.380,9.798,0.980,NAVIGATE_TO_RAMP,obstacle1,0.2580,-0.0033,0.0091,0.011358,0.000738,0.016741,0.966,2,0.0081,-0.0024,0.0076,-0.434,0.00000,0.5108,0.0073,0.0618,0.3328,-0.0891,0.022,0.0108,0.0500,0.9833,60,0.066,30.61,20.43,20.21,30.55,0.3000,-0.0769,10.00,1.00,50.00,--,--,0.00,EXECUTING,47,2.413,2.4810,0.2400,-1.4870,0.0143,0.0634,0.006
10.480,9.892,0.976,NAVIGATE_TO_RAMP,obstacle1,0.5686,0.0129,0.0672,0.023648,0.004194,0.033730,0.060,3,0.0433,-0.0000,0.0090,-0.440,0.03530,0.5403,0.0090,0.0544,0.2857,-0.0710,0.010,0.0078,0.0050,0.9833,60,0.060,30.80,20.56,20.56,31.06,0.2842,-0.0769,10.02,1.00,50.00,--,--,0.00,EXECUTING,42,2.164,2.4810,0.2400,-1.4632,0.0152,0.0573,0.020
10.581,9.992,0.980,NAVIGATE_TO_RAMP,obstacle1,0.5686,0.0129,0.0672,0.023648,0.004194,0.033730,0.160,3,0.0433,-0.0000,0.0090,-0.440,0.00000,0.5689,0.0104,0.0468,0.3200,-0.0855,0.010,0.0095,0.0500,0.9833,60,0.060,30.74,20.56,20.79,30.74,0.3000,-0.0769,9.93,1.00,50.00,--,--,0.00,EXECUTING,42,2.164,2.4810,0.2400,-1.4344,0.0161,0.0496,0.020
10.680,10.082,0.972,NAVIGATE_TO_RAMP,obstacle1,0.5686,0.0129,0.0672,0.023648,0.004194,0.033730,0.250,3,0.0433,-0.0000,0.0090,-0.450,0.00000,0.5986,0.0117,0.0394,0.3004,-0.0742,0.000,0.0100,0.0500,0.9833,60,0.050,30.86,20.65,20.83,30.86,0.2842,-0.0256,10.00,1.00,50.00,--,--,0.00,EXECUTING,42,2.164,2.4810,0.2400,-1.4048,0.0168,0.0419,0.010
10.781,10.182,0.968,NAVIGATE_TO_RAMP,obstacle1,0.5686,0.0129,0.0672,0.023648,0.004194,0.033730,0.350,3,0.0433,-0.0000,0.0090,-0.450,0.00000,0.6270,0.0128,0.0367,0.2974,-0.0276,0.000,0.0117,0.0500,0.9833,60,0.050,30.93,20.61,20.65,30.86,0.3000,-0.0256,10.16,1.00,50.00,--,--,0.00,EXECUTING,42,2.164,2.4810,0.2400,-1.3763,0.0176,0.0386,0.010
10.880,10.280,0.970,NAVIGATE_TO_RAMP,obstacle1,0.5686,0.0129,0.0672,0.023648,0.004194,0.033730,0.448,3,0.0433,-0.0000,0.0090,-0.452,0.00000,0.6510,0.0137,0.0348,0.3074,-0.0251,0.018,0.0128,0.0500,0.9833,60,0.048,30.99,20.70,20.43,30.93,0.3000,-0.0769,10.02,1.00,49.90,--,--,0.00,EXECUTING,42,2.164,2.4810,0.2400,-1.3465,0.0185,0.0361,0.008
10.982,10.380,0.968,NAVIGATE_TO_RAMP,obstacle1,0.5686,0.0129,0.0672,0.023648,0.004194,0.033730,0.548,3,0.0433,-0.0000,0.0090,-0.452,0.00000,0.6810,0.0146,0.0284,0.3049,-0.0659,0.018,0.0095,0.0500,0.9833,60,0.048,30.86,20.65,20.61,30.86,0.2842,-0.0769,10.04,1.00,50.00,--,--,0.00,EXECUTING,42,2.164,2.4810,0.2400,-1.3165,0.0189,0.0287,0.008
11.080,10.476,0.968,NAVIGATE_TO_RAMP,obstacle1,0.5686,0.0129,0.0672,0.023648,0.004194,0.033730,0.644,3,0.0433,-0.0000,0.0090,-0.456,0.00000,0.7097,0.0153,0.0207,0.2896,-0.0770,0.014,0.0100,0.0500,0.9833,60,0.044,31.06,20.65,20.65,31.06,0.3000,-0.0769,10.04,1.00,50.00,--,--,0.00,EXECUTING,42,2.164,2.4810,0.2400,-1.2879,0.0190,0.0209,0.004
11.180,10.574,0.966,NAVIGATE_TO_RAMP,obstacle1,0.5686,0.0129,0.0672,0.023648,0.004194,0.033730,0.742,3,0.0433,-0.0000,0.0090,-0.458,0.00000,0.7393,0.0158,0.0133,0.2990,-0.0754,0.012,0.0092,0.0500,0.9833,60,0.042,31.25,20.79,20.74,31.32,0.2842,-0.1282,9.98,1.00,50.10,--,--,0.00,EXECUTING,42,2.164,2.4810,0.2400,-1.2581,0.0188,0.0130,0.002
11.281,10.676,0.975,NAVIGATE_TO_RAMP,obstacle1,0.5686,0.0129,0.0672,0.023648,0.004194,0.033730,0.844,3,0.0433,-0.0000,0.0090,-0.456,0.00000,0.7681,0.0161,0.0015,0.3234,-0.1274,0.014,0.0103,0.0500,0.9833,60,0.044,30.74,20.52,20.26,30.74,0.3000,-0.1282,9.96,1.00,50.00,--,--,0.00,EXECUTING,42,2.164,2.4810,0.2400,-1.2294,0.0180,0.0006,0.004
11.380,10.776,0.978,NAVIGATE_TO_RAMP,obstacle1,0.8449,0.0194,-0.0052,0.032768,0.009488,0.046360,0.044,4,0.0562,0.0018,0.0021,-0.456,0.01300,0.7977,0.0159,-0.0112,0.3080,-0.1315,0.014,0.0092,0.0500,0.9833,60,0.044,30.61,20.52,20.30,30.46,0.3000,-0.1282,9.96,1.11,50.00,--,--,0.00,EXECUTING,42,2.164,2.4810,0.2400,-1.1996,0.0166,-0.0128,0.004
11.480,10.876,0.982,NAVIGATE_TO_RAMP,obstacle1,0.8449,0.0194,-0.0052,0.032768,0.009488,0.046360,0.144,4,0.0562,0.0018,0.0021,-0.456,0.00000,0.8253,0.0155,-0.0166,0.2759,-0.0547,0.014,0.0070,0.0500,1.0000,60,0.044,30.43,20.30,20.13,30.43,0.3000,-0.0769,10.00,1.00,50.00,--,--,0.00,EXECUTING,35,1.812,2.4810,0.2400,-1.1723,0.0158,-0.0174,0.004
11.580,10.974,0.982,NAVIGATE_TO_RAMP,obstacle1,0.8449,0.0194,-0.0052,0.032768,0.009488,0.046360,0.242,4,0.0562,0.0018,0.0021,-0.458,0.00000,0.8545,0.0149,-0.0225,0.2990,-0.0607,0.014,0.0053,0.0050,1.0000,60,0.042,30.49,20.39,20.13,30.15,0.3000,-0.0769,9.96,1.00,50.10,--,--,0.00,EXECUTING,35,1.812,2.4810,0.2400,-1.1429,0.0147,-0.0236,0.002
11.680,11.076,0.994,NAVIGATE_TO_RAMP,obstacle1,0.8449,0.0194,-0.0052,0.032768,0.009488,0.046360,0.344,4,0.0562,0.0018,0.0021,-0.456,0.00000,0.8845,0.0142,-0.0302,0.2975,-0.0763,0.014,0.0050,0.0050,1.0000,60,0.044,30.24,20.17,20.17,30.24,0.2842,0.0000,10.02,1.00,50.00,--,--,0.00,EXECUTING,35,1.812,2.4810,0.2400,-1.1129,0.0131,-0.0316,0.004
11.781,11.176,0.995,NAVIGATE_TO_RAMP,obstacle1,0.8449,0.0194,-0.0052,0.032768,0.009488,0.046360,0.444,4,0.0562,0.0018,0.0021,-0.456,0.00000,0.9132,0.0132,-0.0321,0.3217,-0.0191,0.014,0.0070,0.0500,1.0000,60,0.044,30.24,20.21,19.71,30.30,0.3000,-0.1282,9.93,1.00,50.00,--,--,0.00,EXECUTING,35,1.812,2.4810,0.2400,-1.0843,0.0121,-0.0328,0.004
11.880,11.276,0.997,NAVIGATE_TO_RAMP,obstacle1,0.8449,0.0194,-0.0052,0.032768,0.009488,0.046360,0.544,4,0.0562,0.0018,0.0021,-0.456,0.00000,0.9428,0.0122,-0.0408,0.3012,-0.0879,0.014,0.0067,0.0500,1.0000,60,0.044,30.18,20.13,19.79,30.18,0.2842,-0.1282,10.07,1.00,49.90,--,--,0.00,EXECUTING,35,1.812,2.4810,0.2400,-1.0546,0.0103,-0.0430,0.004
11.981,11.372,0.993,NAVIGATE_TO_RAMP,obstacle1,0.8449,0.0194,-0.0052,0.032768,0.009488,0.046360,0.640,4,0.0562,0.0018,0.0021,-0.460,0.00000,0.9715,0.0108,-0.0536,0.3408,-0.1523,0.016,0.0100,0.0500,0.9833,60,0.040,30.18,20.21,19.96,30.24,0.3000,-0.0769,9.98,1.00,50.41,--,--,0.00,EXECUTING,35,1.812,2.4810,0.2400,-1.0317,0.0084,-0.0534,0.020
12.080,11.470,0.994,NAVIGATE_TO_RAMP,obstacle1,0.8449,0.0194,-0.0052,0.032768,0.009488,0.046360,0.738,4,0.0562,0.0018,0.0021,-0.462,0.00000,1.0011,0.0091,-0.0624,0.2861,-0.0832,0.008,0.0100,0.0500,0.9833,60,0.038,30.18,20.13,19.71,30.18,0.2842,-0.0769,10.00,1.00,50.00,--,--,0.00,EXECUTING,35,1.812,2.4810,0.2400,-1.0022,0.0058,-0.0629,0.018
12.181,11.570,0.993,NAVIGATE_TO_RAMP,obstacle1,0.8449,0.0194,-0.0052,0.032768,0.009488,0.046360,0.838,4,0.0562,0.0018,0.0021,-0.462,0.00000,1.0296,0.0072,-0.0701,0.3604,-0.0971,0.014,0.0083,0.0500,0.9833,60,0.038,29.59,20.08,20.08,29.60,0.2842,-0.0769,9.96,1.00,50.31,--,--,0.00,EXECUTING,35,1.812,2.4810,0.2400,-0.9735,0.0033,-0.0706,0.018
12.280,11.668,0.992,NAVIGATE_TO_RAMP,obstacle1,1.1067,0.0029,-0.1004,0.036467,0.016304,0.044754,0.036,5,0.0565,0.0162,-0.0181,-0.464,0.01449,1.0593,0.0049,-0.0893,0.3202,-0.2145,0.006,0.0108,0.0500,0.9833,60,0.036,30.18,20.13,20.08,30.24,0.2368,-0.0769,10.02,1.11,49.90,--,--,0.00,EXECUTING,35,1.812,2.4810,0.2400,-0.9442,-0.0003,-0.0876,0.016
12.381,11.764,0.986,NAVIGATE_TO_RAMP,obstacle1,1.1067,0.0029,-0.1004,0.036467,0.016304,0.044754,0.132,5,0.0565,0.0162,-0.0181,-0.468,0.00000,1.0842,0.0025,-0.1008,0.2639,-0.1206,0.002,0.0092,0.0500,0.9833,60,0.032,30.36,20.17,20.13,30.40,0.2368,-0.0769,10.00,1.00,50.00,--,--,0.00,EXECUTING,35,1.812,2.4810,0.2400,-0.9185,-0.0038,-0.1006,0.012
12.480,11.864,0.988,NAVIGATE_TO_RAMP,obstacle1,1.1067,0.0029,-0.1004,0.036467,0.016304,0.044754,0.232,5,0.0565,0.0162,-0.0181,-0.468,0.00000,1.1115,-0.0004,-0.1076,0.2746,-0.0680,0.002,0.0092,0.0500,0.9833,60,0.032,30.30,20.21,20.21,30.33,0.2842,-0.0769,10.02,1.00,50.00,--,--,0.00,EXECUTING,29,1.504,2.4810,0.2400,-0.8918,-0.0071,-0.1066,0.012
12.581,11.964,0.986,NAVIGATE_TO_RAMP,obstacle1,1.1067,0.0029,-0.1004,0.036467,0.016304,0.044754,0.332,5,0.0565,0.0162,-0.0181,-0.468,0.00000,1.1412,-0.0036,-0.1108,0.3008,-0.0318,0.002,0.0080,0.0500,0.9833,60,0.032,30.33,20.26,20.21,30.40,0.3000,-0.0256,10.00,1.00,50.00,--,--,0.00,EXECUTING,29,1.504,2.4810,0.2400,-0.8623,-0.0106,-0.1102,0.012
12.681,12.064,0.987,NAVIGATE_TO_RAMP,obstacle1,1.1067,0.0029,-0.1004,0.036467,0.016304,0.044754,0.432,5,0.0565,0.0162,-0.0181,-0.468,0.00000,1.1709,-0.0071,-0.1217,0.2999,-0.1090,0.002,0.0058,0.0050,1.0000,60,0.032,30.24,20.30,20.34,30.30,0.3000,-0.1282,10.02,1.00,49.90,--,--,0.00,EXECUTING,29,1.504,2.4810,0.2400,-0.8325,-0.0146,-0.1199,0.012
12.781,12.160,0.982,NAVIGATE_TO_RAMP,obstacle1,1.1067,0.0029,-0.1004,0.036467,0.016304,0.044754,0.528,5,0.0565,0.0162,-0.0181,-0.472,0.00000,1.1948,-0.0101,-0.1319,0.3000,-0.1282,0.018,0.0033,0.0000,1.0000,60,0.028,30.43,20.26,20.17,30.36,0.2842,-0.1282,10.02,1.00,50.00,--,--,0.00,EXECUTING,29,1.504,2.4810,0.2400,-0.8028,-0.0195,-0.1326,0.008
12.880,12.258,0.985,NAVIGATE_TO_RAMP,obstacle1,1.1067,0.0029,-0.1004,0.036467,0.016304,0.044754,0.626,5,0.0565,0.0162,-0.0181,-0.474,0.00000,1.2232,-0.0141,-0.1447,0.3096,-0.1380,0.016,0.0025,0.0000,1.0000,60,0.026,30.43,20.39,20.30,30.49,0.3000,-0.1282,9.98,1.00,50.10,--,--,0.00,EXECUTING,29,1.504,2.4810,0.2400,-0.7744,-0.0244,-0.1449,0.006
12.981,12.350,0.978,NAVIGATE_TO_RAMP,obstacle1,1.1067,0.0029,-0.1004,0.036467,0.016304,0.044754,0.718,5,0.0565,0.0162,-0.0181,-0.482,0.00000,1.2525,-0.0185,-0.1573,0.2965,-0.1258,0.008,0.0033,0.0000,1.0000,60,0.018,30.67,20.30,20.04,30.67,0.2842,-0.0769,10.07,1.00,49.70,--,--,0.00,EXECUTING,29,1.504,2.4810,0.2400,-0.7509,-0.0287,-0.1545,0.018
13.080,12.454,0.984,NAVIGATE_TO_RAMP,obstacle1,1.1067,0.0029,-0.1004,0.036467,0.016304,0.044754,0.822,5,0.0565,0.0162,-0.0181,-0.478,0.00000,1.2809,-0.0232,-0.1661,0.2899,-0.0886,0.012,0.0042,0.0000,1.0000,60,0.022,31.06,20.34,20.53,31.12,0.3000,-0.0769,10.02,1.00,50.00,--,--,0.00,EXECUTING,29,1.504,2.4810,0.2400,-0.7168,-0.0351,-0.1649,0.002
13.180,12.552,0.983,NAVIGATE_TO_RAMP,obstacle1,1.3667,-0.0566,-0.2087,0.043065,0.022961,0.052501,0.020,6,0.0613,0.0180,-0.0359,-0.480,0.00510,1.3103,-0.0282,-0.1735,0.2980,-0.0744,0.010,0.0042,0.0000,1.0000,60,0.020,30.27,20.39,20.34,30.21,0.3000,-0.0769,9.91,1.11,49.70,--,--,0.00,EXECUTING,29,1.504,2.4810,0.2400,-0.6932,-0.0395,-0.1704,0.020
13.281,12.654,0.989,NAVIGATE_TO_RAMP,obstacle1,1.3667,-0.0566,-0.2087,0.043065,0.022961,0.052501,0.122,6,0.0613,0.0180,-0.0359,-0.478,0.00000,1.3398,-0.0334,-0.1755,0.3050,-0.0204,0.012,0.0033,0.0000,1.0000,60,0.022,30.43,20.34,20.26,30.36,0.2842,-0.0256,10.00,1.00,50.10,--,--,0.00,EXECUTING,29,1.504,2.4810,0.2400,-0.6577,-0.0459,-0.1730,0.002
13.381,12.752,0.988,NAVIGATE_TO_RAMP,obstacle1,1.3667,-0.0566,-0.2087,0.043065,0.022961,0.052501,0.220,6,0.0613,0.0180,-0.0359,-0.480,0.00000,1.3681,-0.0385,-0.1775,0.2968,-0.0214,0.012,0.0042,0.0000,1.0000,60,0.020,30.55,20.26,20.21,30.67,0.3000,-0.0256,9.89,1.00,50.00,--,--,0.00,EXECUTING,29,1.504,2.4810,0.2400,-0.6295,-0.0510,-0.1751,0.000
13.480,12.854,0.990,NAVIGATE_TO_RAMP,obstacle1,1.3667,-0.0566,-0.2087,0.043065,0.022961,0.052501,0.322,6,0.0613,0.0180,-0.0359,-0.478,0.00000,1.3973,-0.0438,-0.1800,0.3387,-0.0283,0.012,0.0042,0.0000,1.0000,60,0.022,30.36,20.26,20.13,30.43,0.2842,-0.0256,9.91,1.00,50.10,--,--,0.00,EXECUTING,29,1.504,2.4810,0.2400,-0.6002,-0.0564,-0.1774,0.002
13.581,12.946,0.980,NAVIGATE_TO_RAMP,obstacle1,1.3667,-0.0566,-0.2087,0.043065,0.022961,0.052501,0.414,6,0.0613,0.0180,-0.0359,-0.486,0.00000,1.4256,-0.0489,-0.1825,0.2874,-0.0256,0.004,0.0033,0.0000,1.0000,60,0.014,30.61,20.26,20.21,30.15,0.2842,-0.0256,10.07,1.00,50.00,--,--,0.00,EXECUTING,23,1.196,2.4810,0.2400,-0.5777,-0.0606,-0.1793,0.014
13.680,13.046,0.983,NAVIGATE_TO_RAMP,obstacle1,1.3667,-0.0566,-0.2087,0.043065,0.022961,0.052501,0.514,6,0.0613,0.0180,-0.0359,-0.486,0.00000,1.4549,-0.0544,-0.1828,0.3098,-0.0026,0.004,0.0192,0.0500,0.9833,60,0.014,30.55,20.47,20.56,30.72,0.3000,0.0000,9.93,1.00,50.00,--,--,0.00,EXECUTING,23,1.196,2.4810,0.2400,-0.5485,-0.0659,-0.1798,0.014
13.780,13.138,0.978,NAVIGATE_TO_RAMP,obstacle1,1.3667,-0.0566,-0.2087,0.043065,0.022961,0.052501,0.606,6,0.0613,0.0180,-0.0359,-0.394,0.00000,1.4774,-0.0585,-0.1828,0.2913,-0.0000,0.016,0.0182,0.0500,0.9833,60,0.006,30.80,20.30,20.30,30.67,0.3000,0.2821,10.04,1.00,50.00,--,--,0.00,EXECUTING,23,1.196,2.4810,0.2400,-0.5202,-0.0711,-0.1798,0.006
13.880,13.240,0.982,NAVIGATE_TO_RAMP,obstacle1,1.3667,-0.0566,-0.2087,0.043065,0.022961,0.052501,0.708,6,0.0613,0.0180,-0.0359,-0.392,0.00000,1.5066,-0.0638,-0.1727,0.3078,0.1070,0.018,0.0187,0.0500,1.0000,60,0.108,30.53,20.43,20.34,30.53,0.3000,0.1600,10.04,1.00,49.90,--,--,0.00,EXECUTING,23,1.196,2.4810,0.2400,-0.4909,-0.0757,-0.1689,0.008
13.980,13.332,0.982,NAVIGATE_TO_RAMP,obstacle1,1.3667,-0.0566,-0.2087,0.043065,0.022961,0.052501,0.800,6,0.0613,0.0180,-0.0359,-0.400,0.00000,1.5362,-0.0687,-0.1496,0.3024,0.2329,0.010,0.0142,0.0500,1.0000,60,0.100,31.06,20.34,20.41,31.06,0.2842,0.2308,9.89,1.00,50.00,--,--,0.00,EXECUTING,23,1.196,2.4810,0.2400,-0.4613,-0.0789,-0.1454,0.000
14.081,13.432,0.977,NAVIGATE_TO_RAMP,obstacle1,1.3667,-0.0566,-0.2087,0.043065,0.022961,0.052501,0.900,6,0.0613,0.0180,-0.0359,-0.400,0.00000,1.5646,-0.0726,-0.1254,0.2897,0.2441,0.010,0.0125,0.0500,1.0000,60,0.100,30.61,20.43,20.34,30.61,0.2684,0.2308,10.02,1.00,50.00,--,--,0.00,EXECUTING,23,1.196,2.4810,0.2400,-0.4385,-0.0806,-0.1267,0.020
14.181,13.532,0.975,NAVIGATE_TO_RAMP,obstacle1,1.5964,-0.0932,-0.1527,0.048937,0.030174,0.060886,0.100,7,0.0318,0.0262,-0.0297,-0.400,0.03052,1.5916,-0.0757,-0.1023,0.2716,0.2308,0.010,0.0133,0.0500,1.0000,60,0.100,30.67,20.43,20.21,31.00,0.2842,0.2308,10.07,1.12,49.90,--,--,0.00,EXECUTING,23,1.196,2.4810,0.2400,-0.4060,-0.0821,-0.0994,0.000
14.280,13.630,0.976,NAVIGATE_TO_RAMP,obstacle1,1.5964,-0.0932,-0.1527,0.048937,0.030174,0.060886,0.198,7,0.0318,0.0262,-0.0297,-0.402,0.00000,1.6196,-0.0782,-0.0795,0.2807,0.2282,0.008,0.0133,0.0500,1.0000,60,0.098,30.74,20.56,20.56,30.80,0.3000,0.1795,9.98,1.00,50.00,--,--,0.00,EXECUTING,23,1.196,2.4810,0.2400,-0.3836,-0.0826,-0.0809,0.018
14.380,13.728,0.976,NAVIGATE_TO_RAMP,obstacle1,1.5964,-0.0932,-0.1527,0.048937,0.030174,0.060886,0.296,7,0.0318,0.0262,-0.0297,-0.404,0.00000,1.6493,-0.0803,-0.0610,0.3033,0.1881,0.006,0.0203,0.0500,1.0000,60,0.096,31.00,20.56,20.70,30.99,0.3000,0.1795,10.07,1.00,50.00,--,--,0.00,EXECUTING,23,1.196,2.4810,0.2400,-0.3540,-0.0830,-0.0614,0.016
14.480,13.822,0.968,NAVIGATE_TO_RAMP,obstacle1,1.5964,-0.0932,-0.1527,0.048937,0.030174,0.060886,0.390,7,0.0318,0.0262,-0.0297,-0.410,0.00000,1.6722,-0.0815,-0.0466,0.2911,0.1810,0.022,0.0220,0.0500,1.0000,60,0.090,31.25,20.70,20.88,31.38,0.2842,0.1795,10.07,1.00,50.10,--,--,0.00,EXECUTING,23,1.196,2.4810,0.2400,-0.3253,-0.0829,-0.0431,0.010
14.581,13.920,0.975,NAVIGATE_TO_RAMP,obstacle1,1.5964,-0.0932,-0.1527,0.048937,0.030174,0.060886,0.488,7,0.0318,0.0262,-0.0297,-0.412,0.00000,1.6995,-0.0826,-0.0286,0.2684,0.1765,0.018,0.0142,0.0500,1.0000,60,0.088,31.38,20.52,20.70,31.38,0.2842,0.1282,9.98,1.00,50.10,--,--,0.00,EXECUTING,18,0.944,2.4810,0.2400,-0.2981,-0.0823,-0.0246,0.008
14.681,14.016,0.975,NAVIGATE_TO_RAMP,obstacle1,1.5964,-0.0932,-0.1527,0.048937,0.030174,0.060886,0.584,7,0.0318,0.0262,-0.0297,-0.416,0.00000,1.7276,-0.0832,-0.0147,0.2999,0.1478,0.018,0.0125,0.0500,1.0000,60,0.084,30.93,20.65,20.65,30.93,0.3000,0.2308,10.00,1.00,50.00,--,--,0.00,EXECUTING,18,0.944,2.4810,0.2400,-0.2698,-0.0815,-0.0104,0.004
14.780,14.114,0.976,NAVIGATE_TO_RAMP,obstacle1,1.5964,-0.0932,-0.1527,0.048937,0.030174,0.060886,0.682,7,0.0318,0.0262,-0.0297,-0.418,0.00000,1.7572,-0.0833,0.0050,0.2905,0.1950,0.012,0.0133,0.0500,1.0000,60,0.082,30.61,20.65,20.34,30.74,0.3000,0.1795,9.98,1.00,50.00,--,--,0.00,EXECUTING,18,0.944,2.4810,0.2400,-0.2401,-0.0798,0.0113,0.002
14.881,14.214,0.980,NAVIGATE_TO_RAMP,obstacle1,1.5964,-0.0932,-0.1527,0.048937,0.030174,0.060886,0.782,7,0.0318,0.0262,-0.0297,-0.418,0.00000,1.7872,-0.0829,0.0240,0.3475,0.2196,0.018,0.0108,0.0500,1.0000,60,0.082,30.86,20.56,20.34,30.93,0.2842,0.2308,10.07,1.00,50.10,--,--,0.00,EXECUTING,18,0.944,2.4810,0.2400,-0.2101,-0.0774,0.0308,0.002
14.981,14.314,0.980,NAVIGATE_TO_RAMP,obstacle1,1.5964,-0.0932,-0.1527,0.048937,0.030174,0.060886,0.882,7,0.0318,0.0262,-0.0297,-0.418,0.00000,1.8159,-0.0819,0.0460,0.2785,0.2146,0.012,0.0108,0.0500,1.0000,60,0.082,31.12,20.39,20.53,31.19,0.3000,0.2308,9.96,1.00,49.90,--,--,0.00,EXECUTING,18,0.944,2.4810,0.2400,-0.1815,-0.0745,0.0537,0.002
15.081,14.414,0.980,NAVIGATE_TO_RAMP,obstacle1,1.8603,-0.1054,0.0114,0.055361,0.037173,0.064293,0.082,8,0.0407,0.0516,-0.0415,-0.418,0.02691,1.8455,-0.0802,0.0689,0.3278,0.2521,0.016,0.0145,0.0500,1.0000,60,0.082,30.55,20.43,20.21,30.55,0.2842,0.2821,10.00,1.11,50.00,--,--,0.00,EXECUTING,18,0.944,2.4810,0.2400,-0.1518,-0.0705,0.0770,0.002
15.180,14.512,0.981,NAVIGATE_TO_RAMP,obstacle1,1.8603,-0.1054,0.0114,0.055361,0.037173,0.064293,0.180,8,0.0407,0.0516,-0.0415,-0.420,0.00000,1.8741,-0.0778,0.0960,0.2812,0.2664,0.010,0.0137,0.0500,1.0000,60,0.080,30.67,20.43,20.97,30.61,0.2684,0.2821,9.98,1.00,50.10,--,--,0.00,EXECUTING,18,0.944,2.4810,0.2400,-0.1289,-0.0669,0.0987,0.020
15.280,14.604,0.974,NAVIGATE_TO_RAMP,obstacle1,1.8603,-0.1054,0.0114,0.055361,0.037173,0.064293,0.272,8,0.0407,0.0516,-0.0415,-0.428,0.00000,1.9010,-0.0749,0.1242,0.2825,0.2951,0.002,0.0153,0.0500,1.0000,60,0.072,30.80,20.52,20.65,30.74,0.3000,0.3846,10.09,1.00,50.00,--,--,0.00,EXECUTING,18,0.944,2.4810,0.2400,-0.1019,-0.0615,0.1266,0.012
15.381,14.702,0.977,NAVIGATE_TO_RAMP,obstacle1,1.8603,-0.1054,0.0114,0.055361,0.037173,0.064293,0.370,8,0.0407,0.0516,-0.0415,-0.430,0.00000,1.9299,-0.0708,0.1586,0.3258,0.3848,0.000,0.0145,0.0500,1.0000,60,0.070,30.86,20.65,20.70,30.93,0.2842,0.3846,9.96,1.00,50.10,--,--,0.00,EXECUTING,18,0.944,2.4810,0.2400,-0.0735,-0.0550,0.1574,0.010
15.481,14.802,0.980,NAVIGATE_TO_RAMP,obstacle1,1.8603,-0.1054,0.0114,0.055361,0.037173,0.064293,0.470,8,0.0407,0.0516,-0.0415,-0.430,0.00000,1.9523,-0.0669,0.1894,0.2982,0.3993,0.020,0.0178,0.0500,1.0000,60,0.070,30.55,20.47,20.43,30.66,0.2842,0.3846,10.02,1.00,49.90,--,--,0.00,EXECUTING,18,0.944,2.4810,0.2400,-0.0453,-0.0471,0.1942,0.010
15.580,14.900,0.980,NAVIGATE_TO_RAMP,obstacle1,1.8603,-0.1054,0.0114,0.055361,0.037173,0.064293,0.568,8,0.0407,0.0516,-0.0415,-0.432,0.00000,1.9812,-0.0608,0.2214,0.3084,0.3370,0.018,0.0232,0.0500,1.0000,60,0.068,30.61,20.39,20.34,30.55,0.3000,0.3846,10.00,1.00,50.00,--,--,0.00,EXECUTING,13,0.656,2.4810,0.2400,-0.0164,-0.0387,0.2234,0.008
15.680,14.992,0.977,NAVIGATE_TO_RAMP,obstacle1,1.8603,-0.1054,0.0114,0.055361,0.037173,0.064293,0.660,8,0.0407,0.0516,-0.0415,-0.440,0.00000,2.0103,-0.0537,0.2568,0.3022,0.3562,0.010,0.0220,0.0500,1.0000,60,0.060,31.00,20.43,20.21,31.00,0.2684,0.3333,10.02,1.00,50.00,--,--,0.00,EXECUTING,13,0.656,2.4810,0.2400,0.0069,-0.0313,0.2497,0.020
15.781,15.096,0.980,NAVIGATE_TO_RAMP,obstacle1,2.0717,-0.0666,0.2482,0.050465,0.037109,0.061607,0.064,9,0.0497,0.0369,-0.0265,-0.436,0.01723,2.0369,-0.0462,0.2913,0.2793,0.3496,0.014,0.0220,0.0500,1.0000,60,0.064,30.55,20.30,20.08,30.61,0.3000,0.3846,9.98,1.42,50.00,--,--,0.00,EXECUTING,13,0.656,2.4810,0.2400,0.0391,-0.0198,0.2877,0.004
15.880,15.194,0.981,NAVIGATE_TO_RAMP,obstacle1,2.0717,-0.0666,0.2482,0.050465,0.037109,0.061607,0.162,9,0.0497,0.0369,-0.0265,-0.438,0.00000,2.0642,-0.0376,0.3246,0.2888,0.3350,0.012,0.0220,0.0500,1.0000,60,0.062,30.61,20.43,20.17,30.61,0.2842,0.3333,10.02,1.42,49.90,--,--,0.00,EXECUTING,13,0.656,2.4810,0.2400,0.0660,-0.0098,0.3138,0.002
15.980,15.290,0.976,NAVIGATE_TO_RAMP,obstacle1,2.0717,-0.0666,0.2482,0.050465,0.037109,0.061607,0.258,9,0.0497,0.0369,-0.0265,-0.442,0.00000,2.0912,-0.0280,0.3584,0.2912,0.3436,0.008,0.0212,0.0500,1.0000,60,0.058,30.74,20.56,20.56,30.67,0.2684,0.3333,10.04,1.42,50.10,--,--,0.00,EXECUTING,13,0.656,2.4810,0.2400,0.0876,-0.0010,0.3371,0.018
16.080,15.386,0.973,NAVIGATE_TO_RAMP,obstacle1,2.0717,-0.0666,0.2482,0.050465,0.037109,0.061607,0.354,9,0.0497,0.0369,-0.0265,-0.446,0.00000,2.1163,-0.0181,0.3917,0.2723,0.3359,0.004,0.0237,0.0500,1.0000,60,0.054,31.12,20.61,20.70,31.12,0.2526,0.3846,10.02,1.00,50.00,--,--,0.00,EXECUTING,13,0.656,2.4810,0.2400,0.1131,0.0100,0.3659,0.014
16.181,15.486,0.980,NAVIGATE_TO_RAMP,obstacle1,2.0717,-0.0666,0.2482,0.050465,0.037109,0.061607,0.454,9,0.0497,0.0369,-0.0265,-0.446,0.00000,2.1396,-0.0080,0.4292,0.2559,0.3782,0.004,0.0160,0.0500,0.9667,60,0.054,30.80,20.65,20.65,30.86,0.2368,0.3333,9.98,1.00,50.00,--,--,0.00,EXECUTING,13,0.656,2.4810,0.2400,0.1369,0.0212,0.3970,0.014
16.280,15.582,0.978,NAVIGATE_TO_RAMP,obstacle1,2.0717,-0.0666,0.2482,0.050465,0.037109,0.061607,0.550,9,0.0497,0.0369,-0.0265,-0.450,0.00000,2.1611,0.0023,0.4628,0.2380,0.3364,0.000,0.0195,0.0500,0.9667,60,0.050,30.61,20.43,20.65,30.67,0.2211,0.2821,10.04,1.00,50.10,--,--,0.00,EXECUTING,13,0.656,2.4810,0.2400,0.1588,0.0322,0.4253,0.010
16.381,15.682,0.980,NAVIGATE_TO_RAMP,obstacle1,2.2195,-0.0123,0.4443,0.047160,0.036466,0.057481,0.050,10,0.0494,0.0522,-0.0331,-0.450,0.01535,2.1808,0.0125,0.4912,0.2304,0.2943,0.000,0.0208,0.0500,0.9667,60,0.050,30.67,20.47,20.65,30.67,0.2053,0.2821,10.04,1.67,50.00,--,--,0.00,EXECUTING,13,0.656,2.4810,0.2400,0.1791,0.0427,0.4488,0.010
16.480,15.778,0.976,NAVIGATE_TO_RAMP,obstacle1,2.2195,-0.0123,0.4443,0.047160,0.036466,0.057481,0.146,10,0.0494,0.0522,-0.0331,-0.454,0.00000,2.1951,0.0204,0.5133,0.2153,0.2861,0.016,0.0208,0.0500,0.9667,60,0.046,30.74,20.47,20.70,30.74,0.1895,0.2821,10.02,1.67,50.10,--,--,0.00,EXECUTING,13,0.656,2.4810,0.2400,0.1974,0.0527,0.4705,0.006
16.580,15.880,0.980,NAVIGATE_TO_RAMP,obstacle1,2.2195,-0.0123,0.4443,0.047160,0.036466,0.057481,0.248,10,0.0494,0.0522,-0.0331,-0.452,0.00000,2.2117,0.0300,0.5407,0.1999,0.2842,0.018,0.0230,0.1000,0.9667,60,0.048,30.61,20.43,20.43,30.61,0.1737,0.2821,9.85,1.67,50.00,--,--,0.00,EXECUTING,8,0.412,2.4810,0.2400,0.2142,0.0623,0.4918,0.008
16.680,15.976,0.984,NAVIGATE_TO_RAMP,obstacle1,2.2195,-0.0123,0.4443,0.047160,0.036466,0.057481,0.344,10,0.0494,0.0522,-0.0331,-0.456,0.00000,2.2266,0.0392,0.5679,0.1753,0.2715,0.014,0.0282,0.1000,0.9500,60,0.044,30.49,20.39,20.17,30.49,0.1737,0.1795,9.98,1.67,50.00,--,--,0.00,EXECUTING,8,0.412,2.4810,0.2400,0.2293,0.0713,0.5123,0.004
16.781,16.078,0.982,NAVIGATE_TO_RAMP,obstacle1,2.2195,-0.0123,0.4443,0.047160,0.036466,0.057481,0.446,10,0.0494,0.0522,-0.0331,-0.454,0.00000,2.2409,0.0486,0.5869,0.1724,0.1922,0.016,0.0299,0.1000,0.9500,60,0.046,30.55,20.34,20.21,30.55,0.1579,0.1795,9.85,1.00,50.00,--,--,0.00,EXECUTING,8,0.412,2.4810,0.2400,0.2439,0.0801,0.5250,0.006
16.880,16.174,0.982,NAVIGATE_TO_RAMP,obstacle1,2.2195,-0.0123,0.4443,0.047160,0.036466,0.057481,0.542,10,0.0494,0.0522,-0.0331,-0.458,0.00000,2.2541,0.0575,0.6036,0.1592,0.1668,0.012,0.0267,0.1000,0.9500,60,0.042,30.55,20.34,20.13,30.55,0.1421,0.2308,10.00,1.00,50.10,--,--,0.00,EXECUTING,8,0.412,2.4810,0.2400,0.2574,0.0883,0.5369,0.002
16.980,16.270,0.982,NAVIGATE_TO_RAMP,obstacle1,2.2195,-0.0123,0.4443,0.047160,0.036466,0.057481,0.638,10,0.0494,0.0522,-0.0331,-0.462,0.00000,2.2658,0.0658,0.6242,0.1481,0.2125,0.010,0.0307,0.1000,0.9500,60,0.038,30.61,20.30,20.30,30.61,0.1421,0.1282,10.02,1.00,50.00,--,--,0.00,EXECUTING,8,0.412,2.4810,0.2400,0.2671,0.0944,0.5491,0.018
17.081,16.370,0.982,NAVIGATE_TO_RAMP,obstacle1,2.2195,-0.0123,0.4443,0.047160,0.036466,0.057481,0.738,10,0.0494,0.0522,-0.0331,-0.462,0.00000,2.2771,0.0740,0.6375,0.1376,0.1302,0.008,0.0283,0.1000,0.9500,60,0.038,30.49,20.43,20.61,30.59,0.1421,0.1282,9.98,1.00,50.00,--,--,0.00,EXECUTING,8,0.412,2.4810,0.2400,0.2787,0.1019,0.5587,0.018
17.181,16.454,0.968,NAVIGATE_TO_RAMP,obstacle1,2.2195,-0.0123,0.4443,0.047160,0.036466,0.057481,0.822,10,0.0494,0.0522,-0.0331,-0.478,0.00000,2.2852,0.0801,0.6503,0.1295,0.1513,0.012,0.0300,0.1000,0.9500,60,0.022,30.93,20.39,20.61,30.59,0.1263,0.1795,10.02,1.00,50.00,--,--,0.00,EXECUTING,8,0.412,2.4810,0.2400,0.2894,0.1089,0.5696,0.002
17.281,16.556,0.971,NAVIGATE_TO_RAMP,obstacle1,2.2195,-0.0123,0.4443,0.047160,0.036466,0.057481,0.924,10,0.0494,0.0522,-0.0331,-0.476,0.00000,2.2951,0.0877,0.6630,0.1293,0.1322,0.014,0.0300,0.1000,0.9333,60,0.024,30.86,20.56,20.08,30.86,0.1105,0.1282,9.89,1.00,50.00,--,--,0.00,EXECUTING,8,0.412,2.4810,0.2400,0.2997,0.1158,0.5781,0.004
17.381,16.648,0.966,NAVIGATE_TO_RAMP,obstacle1,2.2195,-0.0123,0.4443,0.047160,0.036466,0.057481,1.016,10,0.0494,0.0522,-0.0331,-0.484,0.00000,2.3039,0.0947,0.6750,0.1134,0.1208,0.006,0.0371,0.1148,0.8833,60,0.016,31.00,20.61,20.61,30.55,0.1105,0.1282,10.02,1.00,50.00,--,--,0.00,EXECUTING,8,0.412,2.4810,0.2400,0.3071,0.1207,0.5848,0.016
17.481,16.750,0.966,NAVIGATE_TO_RAMP,obstacle1,2.3602,0.0945,0.6514,0.044316,0.030417,0.055230,0.018,11,0.0466,0.0644,-0.0306,-0.482,0.01249,2.3125,0.1016,0.6828,0.1106,0.0779,0.008,0.0398,0.1012,0.9000,60,0.018,30.93,20.61,20.47,30.93,0.0947,0.2821,10.14,1.00,50.00,--,--,0.00,EXECUTING,8,0.412,2.4810,0.2400,0.3162,0.1269,0.5905,0.018
17.582,16.844,0.963,NAVIGATE_TO_RAMP,obstacle1,2.3602,0.0945,0.6514,0.044316,0.030417,0.055230,0.112,11,0.0466,0.0644,-0.0306,-0.388,0.00000,2.3197,0.1076,0.7010,0.0989,0.1893,0.002,0.0402,0.1050,0.9000,60,0.012,31.06,20.70,20.66,31.00,0.0947,0.0769,10.12,1.00,49.90,--,--,0.00,EXECUTING,8,0.412,2.4810,0.2400,0.3240,0.1324,0.6020,0.012
17.681,16.942,0.959,NAVIGATE_TO_RAMP,obstacle1,2.3602,0.0945,0.6514,0.044316,0.030417,0.055230,0.210,11,0.0466,0.0644,-0.0306,-0.390,0.00000,2.3269,0.1137,0.7104,0.0949,0.0948,0.000,0.0458,0.1500,0.8833,60,0.010,31.44,20.70,21.10,31.50,0.0789,0.2308,10.00,1.00,50.00,--,--,0.00,EXECUTING,6,0.291,2.4810,0.2400,0.3317,0.1378,0.6097,0.010
17.781,17.040,0.962,NAVIGATE_TO_RAMP,obstacle1,2.3602,0.0945,0.6514,0.044316,0.030417,0.055230,0.308,11,0.0466,0.0644,-0.0306,-0.392,0.00000,2.3316,0.1178,0.7257,0.0858,0.1794,0.020,0.0417,0.1050,0.9000,60,0.008,31.32,20.79,20.92,31.32,0.0789,0.2308,10.16,1.00,50.00,--,--,0.00,EXECUTING,6,0.291,2.4810,0.2400,0.3380,0.1424,0.6224,0.008
17.881,17.140,0.967,NAVIGATE_TO_RAMP,obstacle1,2.3602,0.0945,0.6514,0.044316,0.030417,0.055230,0.408,11,0.0466,0.0644,-0.0306,-0.392,0.00000,2.3374,0.1230,0.7382,0.0776,0.1222,0.018,0.0458,0.1500,0.8667,60,0.108,31.38,20.70,20.79,31.38,0.0789,0.0000,10.00,1.00,50.00,--,--,0.00,EXECUTING,6,0.291,2.4810,0.2400,0.3443,0.1471,0.6302,0.008
17.981,17.238,0.964,NAVIGATE_TO_RAMP,obstacle1,2.3602,0.0945,0.6514,0.044316,0.030417,0.055230,0.506,11,0.0466,0.0644,-0.0306,-0.394,0.00000,2.3432,0.1284,0.7401,0.0818,0.0184,0.016,0.0438,0.1500,0.8833,60,0.006,31.70,20.65,21.01,31.63,0.0632,0.2308,10.02,1.00,50.10,--,--,0.00,EXECUTING,6,0.291,2.4810,0.2400,0.3507,0.1518,0.6309,0.006
18.081,17.338,0.982,NAVIGATE_TO_RAMP,obstacle1,2.3602,0.0945,0.6514,0.044316,0.030417,0.055230,0.606,11,0.0466,0.0644,-0.0306,-0.394,0.00000,2.3481,0.1328,0.7500,0.0664,0.1010,0.016,0.0516,0.1500,0.8833,60,0.106,31.06,20.70,20.70,30.99,0.0632,0.0769,10.04,1.00,50.10,--,--,0.00,EXECUTING,6,0.291,2.4810,0.2400,0.3558,0.1556,0.6390,0.006
18.182,17.438,0.979,NAVIGATE_TO_RAMP,obstacle1,2.3602,0.0945,0.6514,0.044316,0.030417,0.055230,0.706,11,0.0466,0.0644,-0.0306,-0.394,0.00000,2.3526,0.1371,0.7596,0.0651,0.0983,0.016,0.0555,0.1500,0.8500,60,0.106,30.49,20.39,20.13,30.61,0.0632,-0.0256,9.96,1.00,50.00,--,--,0.00,EXECUTING,6,0.291,2.4810,0.2400,0.3608,0.1594,0.6451,0.006
18.281,17.540,0.984,NAVIGATE_TO_RAMP,obstacle1,2.3602,0.0945,0.6514,0.044316,0.030417,0.055230,0.808,11,0.0466,0.0644,-0.0306,-0.392,0.00000,2.3572,0.1415,0.7597,0.0636,0.0020,0.018,0.0542,0.1500,0.8500,60,0.108,30.49,20.34,20.08,30.49,0.0632,0.0000,9.98,1.00,50.00,--,--,0.00,EXECUTING,6,0.291,2.4810,0.2400,0.3659,0.1632,0.6445,0.008
18.381,17.632,0.984,NAVIGATE_TO_RAMP,obstacle1,2.3602,0.0945,0.6514,0.044316,0.030417,0.055230,0.900,11,0.0466,0.0644,-0.0306,-0.400,0.00000,2.3618,0.1458,0.7592,0.0637,-0.0051,0.010,0.0517,0.1500,0.8500,60,0.100,30.49,20.26,20.21,30.21,0.0632,0.0000,9.93,1.00,50.00,--,--,0.00,EXECUTING,6,0.291,2.4810,0.2400,0.3709,0.1670,0.6443,0.000
18.481,17.736,0.992,NAVIGATE_TO_RAMP,obstacle1,2.3602,0.0945,0.6514,0.044316,0.030417,0.055230,1.004,11,0.0466,0.0644,-0.0306,-0.396,0.00000,2.3654,0.1493,0.7691,0.0514,0.0995,0.014,0.0611,0.2000,0.8333,60,0.104,30.36,20.30,20.17,30.36,0.0474,0.0769,9.98,1.00,50.00,--,--,0.00,EXECUTING,6,0.291,2.4810,0.2400,0.3748,0.1699,0.6524,0.004
18.581,17.830,0.987,NAVIGATE_TO_RAMP,obstacle1,2.3602,0.0945,0.6514,0.044316,0.030417,0.055230,1.098,11,0.0466,0.0644,-0.0306,-0.402,0.00000,2.3688,0.1526,0.7789,0.0475,0.0990,0.008,0.0655,0.2000,0.8000,60,0.098,30.36,20.17,20.17,30.43,0.0474,-0.0256,9.98,0.00,50.10,--,--,0.00,EXECUTING,6,0.291,2.4810,0.2400,0.3777,0.1722,0.6576,0.018
18.681,17.938,0.996,NAVIGATE_TO_RAMP,obstacle1,2.3602,0.0945,0.6514,0.044316,0.030417,0.055230,1.206,11,0.0466,0.0644,-0.0306,-0.394,0.00000,2.3722,0.1559,0.7790,0.0493,0.0013,0.018,0.0591,0.1550,0.8167,60,0.106,29.90,20.17,20.17,29.90,0.0474,-0.0256,10.04,0.00,50.00,--,--,0.00,EXECUTING,4,0.171,2.4810,0.2400,0.3822,0.1757,0.6580,0.006
18.780,18.030,0.990,NAVIGATE_TO_RAMP,obstacle1,2.3602,0.0945,0.6514,0.044316,0.030417,0.055230,1.298,11,0.0466,0.0644,-0.0306,-0.402,0.00000,2.3755,0.1592,0.7765,0.0466,-0.0252,0.008,0.0511,0.1500,0.8500,60,0.098,30.30,20.21,20.17,30.27,0.0474,-0.0256,9.98,0.00,50.00,--,--,0.00,EXECUTING,4,0.171,2.4810,0.2400,0.3852,0.1780,0.6565,0.018
18.881,18.130,0.991,NAVIGATE_TO_RAMP,obstacle1,2.3602,0.0945,0.6514,0.044316,0.030417,0.055230,1.398,11,0.0466,0.0644,-0.0306,-0.402,0.00000,2.3789,0.1625,0.7762,0.0474,-0.0026,0.008,0.0519,0.1500,0.8333,60,0.098,30.36,20.30,20.08,30.36,0.0316,0.2821,10.00,0.00,50.10,--,--,0.00,EXECUTING,4,0.171,2.4810,0.2400,0.3890,0.1809,0.6562,0.018
18.980,18.226,0.988,NAVIGATE_TO_RAMP,obstacle1,2.3602,0.0945,0.6514,0.044316,0.030417,0.055230,1.494,11,0.0466,0.0644,-0.0306,-0.406,0.00000,2.3813,0.1649,0.7877,0.0441,0.1561,0.004,0.0602,0.1550,0.8333,60,0.094,30.21,20.26,20.21,30.33,0.0316,0.1600,10.00,0.00,50.00,--,--,0.00,EXECUTING,4,0.171,2.4810,0.2400,0.3917,0.1830,0.6631,0.014
19.080,18.326,0.989,NAVIGATE_TO_RAMP,obstacle1,2.3602,0.0945,0.6514,0.044316,0.030417,0.055230,1.594,11,0.0466,0.0644,-0.0306,-0.406,0.00000,2.3844,0.1681,0.8006,0.0459,0.1309,0.004,0.0632,0.1822,0.8333,60,0.094,30.30,20.26,20.26,30.46,0.0474,0.1282,9.98,0.00,50.10,--,--,0.00,EXECUTING,4,0.171,2.4810,0.2400,0.3951,0.1858,0.6725,0.014
19.181,18.422,0.985,NAVIGATE_TO_RAMP,obstacle1,2.3602,0.0945,0.6514,0.044316,0.030417,0.055230,1.690,11,0.0466,0.0644,-0.0306,-0.410,0.00000,2.3877,0.1715,0.8134,0.0527,0.1426,0.000,0.0686,0.2012,0.8167,60,0.090,30.49,20.30,20.26,30.49,0.0316,0.2308,10.09,0.00,50.10,--,--,0.00,EXECUTING,4,0.171,2.4810,0.2400,0.3988,0.1887,0.6816,0.010
19.281,18.526,0.993,NAVIGATE_TO_RAMP,obstacle1,2.3602,0.0945,0.6514,0.044316,0.030417,0.055230,1.794,11,0.0466,0.0644,-0.0306,-0.406,0.00000,2.3900,0.1740,0.8346,0.0368,0.2372,0.004,0.0766,0.2500,0.7833,60,0.094,30.36,20.30,20.34,30.59,0.0316,0.2308,10.00,0.00,50.00,--,--,0.00,EXECUTING,4,0.171,2.4810,0.2400,0.4015,0.1909,0.6959,0.014
19.381,18.620,0.982,NAVIGATE_TO_RAMP,obstacle1,2.3602,0.0945,0.6514,0.044316,0.030417,0.055230,1.888,11,0.0466,0.0644,-0.0306,-0.412,0.00000,2.3921,0.1763,0.8531,0.0324,0.1902,0.000,0.0879,0.2542,0.7833,60,0.088,30.36,20.26,20.26,30.61,0.0316,0.1282,10.02,0.00,50.10,--,--,0.00,EXECUTING,4,0.171,2.4810,0.2400,0.4038,0.1930,0.7098,0.008
19.481,18.726,0.990,NAVIGATE_TO_RAMP,obstacle1,2.3602,0.0945,0.6514,0.044316,0.030417,0.055230,1.994,11,0.0466,0.0644,-0.0306,-0.406,0.00000,2.3941,0.1787,0.8665,0.0313,0.1317,0.004,0.0883,0.2550,0.7667,60,0.094,30.33,20.26,20.21,30.33,0.0316,0.1282,9.93,0.00,50.00,--,--,0.00,EXECUTING,4,0.171,2.4810,0.2400,0.4060,0.1951,0.7200,0.014
19.580,18.824,0.994,NAVIGATE_TO_RAMP,obstacle1,2.3602,0.0945,0.6514,0.044316,0.030417,0.055230,2.092,11,0.0466,0.0644,-0.0306,-0.408,0.00000,2.3962,0.1812,0.8793,0.0363,0.1474,0.008,0.0754,0.2012,0.8136,59,0.092,30.27,20.26,20.26,30.27,0.0316,0.1282,10.02,0.00,50.31,--,--,0.00,EXECUTING,4,0.171,2.4810,0.2400,0.4083,0.1971,0.7295,0.012
19.680,18.924,0.987,NAVIGATE_TO_RAMP,obstacle1,2.3602,0.0945,0.6514,0.044316,0.030417,0.055230,2.192,11,0.0466,0.0644,-0.0306,-0.408,0.00000,2.3982,0.1836,0.8910,0.0307,0.1131,0.002,0.0778,0.2100,0.7966,59,0.092,30.49,20.30,20.43,30.55,0.0316,0.0256,10.02,0.00,49.90,--,--,0.00,EXECUTING,3,0.121,2.4810,0.2400,0.4105,0.1993,0.7382,0.012
19.780,19.020,0.989,NAVIGATE_TO_RAMP,obstacle1,2.4594,0.1651,0.8221,0.040789,0.031456,0.051198,0.088,12,0.0541,0.1484,-0.0696,-0.412,0.08432,2.3998,0.1856,0.8939,0.0428,0.0638,0.018,0.0785,0.2500,0.8000,60,0.088,30.36,20.17,20.39,30.30,0.0474,0.4359,10.11,1.00,50.00,--,--,0.00,EXECUTING,3,0.121,2.4810,0.2400,0.4128,0.2014,0.7416,0.008
19.881,19.122,0.992,NAVIGATE_TO_RAMP,obstacle1,2.4594,0.1651,0.8221,0.040789,0.031456,0.051198,0.190,12,0.0541,0.1484,-0.0696,-0.410,0.00000,2.4025,0.1890,0.9067,0.0444,0.1288,0.020,0.0846,0.2100,0.7966,59,0.090,30.24,20.21,20.17,30.18,0.0474,0.3333,9.93,1.00,50.00,--,--,0.00,EXECUTING,3,0.121,2.4810,0.2400,0.4160,0.2045,0.7524,0.010
19.980,19.220,0.993,NAVIGATE_TO_RAMP,obstacle1,2.4594,0.1651,0.8221,0.040789,0.031456,0.051198,0.288,12,0.0541,0.1484,-0.0696,-0.412,0.00000,2.4054,0.1928,0.9350,0.0492,0.2941,0.018,0.1030,0.3000,0.7288,59,0.088,29.96,20.21,20.17,30.08,0.0474,0.3333,9.91,1.00,50.00,--,--,0.00,EXECUTING,3,0.121,2.4810,0.2400,0.4193,0.2078,0.7753,0.008
20.080,19.320,0.998,NAVIGATE_TO_RAMP,obstacle1,2.4594,0.1651,0.8221,0.040789,0.031456,0.051198,0.388,12,0.0541,0.1484,-0.0696,-0.412,0.00000,2.4081,0.1966,0.9683,0.0527,0.3708,0.018,0.1031,0.2640,0.6949,59,0.088,30.18,20.13,20.13,29.90,0.0474,0.3333,9.96,1.00,50.00,--,--,0.00,EXECUTING,3,0.121,2.4810,0.2400,0.4227,0.2111,0.8014,0.008
20.181,19.418,0.996,NAVIGATE_TO_RAMP,obstacle1,2.4594,0.1651,0.8221,0.040789,0.031456,0.051198,0.486,12,0.0541,0.1484,-0.0696,-0.414,0.00000,2.4107,0.2006,1.0016,0.0482,0.3389,0.016,0.0947,0.2600,0.7458,59,0.086,30.30,20.21,20.17,30.30,0.0474,0.3333,9.93,1.00,50.00,--,--,0.00,EXECUTING,3,0.121,2.4810,0.2400,0.4259,0.2143,0.8269,0.006
20.281,19.518,0.992,NAVIGATE_TO_RAMP,obstacle1,2.4594,0.1651,0.8221,0.040789,0.031456,0.051198,0.586,12,0.0541,0.1484,-0.0696,-0.414,0.00000,2.4132,0.2046,1.0350,0.0646,0.4546,0.016,0.0964,0.3000,0.7333,60,0.086,30.24,20.21,20.17,30.30,0.0474,0.2821,10.00,1.00,50.00,--,--,0.00,EXECUTING,3,0.121,2.4810,0.2400,0.4291,0.2175,0.8518,0.006
20.381,19.608,0.980,NAVIGATE_TO_RAMP,obstacle1,2.4594,0.1651,0.8221,0.040789,0.031456,0.051198,0.676,12,0.0541,0.1484,-0.0696,-0.424,0.00000,2.4156,0.2087,1.0643,0.0478,0.2958,0.006,0.0890,0.2550,0.7333,60,0.076,30.36,20.39,20.65,30.33,0.0474,0.2821,10.11,1.00,49.90,--,--,0.00,EXECUTING,3,0.121,2.4810,0.2400,0.4315,0.2202,0.8687,0.016
20.480,19.710,0.984,NAVIGATE_TO_RAMP,obstacle1,2.4594,0.1651,0.8221,0.040789,0.031456,0.051198,0.778,12,0.0541,0.1484,-0.0696,-0.422,0.00000,2.4172,0.2117,1.0882,0.0372,0.2607,0.008,0.1000,0.2600,0.7288,59,0.078,30.66,20.43,20.56,30.72,0.0316,0.2308,9.91,1.00,50.00,--,--,0.00,EXECUTING,3,0.121,2.4810,0.2400,0.4338,0.2229,0.8863,0.018
20.581,19.800,0.973,NAVIGATE_TO_RAMP,obstacle1,2.4863,0.1951,1.0069,0.029975,0.028267,0.042578,0.068,13,0.0596,0.1932,-0.0867,-0.432,0.04509,2.4174,0.2121,1.0977,0.0099,0.1354,0.018,0.0978,0.3100,0.7458,59,0.068,30.59,20.52,20.56,30.53,0.0000,0.0708,10.02,1.25,50.00,--,--,0.00,EXECUTING,3,0.121,2.4810,0.2400,0.4343,0.2235,0.8953,0.008
20.681,19.900,0.978,NAVIGATE_TO_RAMP,obstacle1,2.4863,0.1951,1.0069,0.029975,0.028267,0.042578,0.168,13,0.0596,0.1932,-0.0867,-0.432,0.00000,2.4174,0.2121,1.1007,0.0000,0.0287,0.018,0.1018,0.3087,0.7167,60,0.068,30.53,20.52,20.70,30.53,0.0000,0.0708,9.91,1.25,50.00,--,--,0.00,EXECUTING,2,0.071,2.4810,0.2400,0.4343,0.2235,0.8974,0.008
20.780,19.994,0.974,NAVIGATE_TO_RAMP,obstacle1,2.4863,0.1951,1.0069,0.029975,0.028267,0.042578,0.262,13,0.0596,0.1932,-0.0867,-0.438,0.00000,2.4174,0.2121,1.1061,0.0000,0.0546,0.012,0.1014,0.3100,0.7288,59,0.062,30.33,20.47,20.30,30.40,0.0000,0.0708,10.04,1.00,50.00,--,--,0.00,EXECUTING,2,0.071,2.4810,0.2400,0.4343,0.2235,0.9012,0.002
20.881,20.096,0.973,NAVIGATE_TO_RAMP,obstacle1,2.4863,0.1951,1.0069,0.029975,0.028267,0.042578,0.364,13,0.0596,0.1932,-0.0867,-0.436,0.00000,2.4174,0.2121,1.1125,0.0001,0.0694,0.014,0.0958,0.3000,0.7458,59,0.064,30.86,20.61,20.13,30.93,0.0000,0.0708,10.11,1.00,49.90,--,--,0.00,EXECUTING,2,0.071,2.4810,0.2400,0.4343,0.2235,0.9057,0.004
20.981,20.190,0.967,NAVIGATE_TO_RAMP,obstacle1,2.4863,0.1951,1.0069,0.029975,0.028267,0.042578,0.458,13,0.0596,0.1932,-0.0867,-0.442,0.00000,2.4174,0.2121,1.1191,0.0001,0.0666,0.008,0.0966,0.2924,0.7333,60,0.058,31.12,20.65,20.88,31.25,0.0000,0.0708,10.02,1.00,50.00,--,--,0.00,EXECUTING,2,0.071,2.4810,0.2400,0.4343,0.2236,0.9094,0.018
21.081,20.290,0.969,NAVIGATE_TO_RAMP,obstacle1,2.4863,0.1951,1.0069,0.029975,0.028267,0.042578,0.558,13,0.0596,0.1932,-0.0867,-0.442,0.00000,2.4174,0.2121,1.1145,-0.0001,-0.0474,0.008,0.0801,0.2500,0.7833,60,0.058,31.25,20.70,20.88,31.32,0.0000,-0.0892,10.04,1.00,50.00,--,--,0.00,EXECUTING,2,0.071,2.4810,0.2400,0.4343,0.2236,0.9072,0.018
21.181,20.388,0.967,NAVIGATE_TO_RAMP,obstacle1,2.4863,0.1951,1.0069,0.029975,0.028267,0.042578,0.656,13,0.0596,0.1932,-0.0867,-0.444,0.00000,2.4174,0.2121,1.1041,-0.0001,-0.1039,0.006,0.0779,0.2505,0.7833,60,0.056,31.32,20.65,20.83,31.32,0.0000,-0.0892,10.02,1.00,50.00,--,--,0.00,EXECUTING,2,0.071,2.4810,0.2400,0.4343,0.2235,0.8999,0.016
21.280,20.486,0.968,NAVIGATE_TO_RAMP,obstacle1,2.4863,0.1951,1.0069,0.029975,0.028267,0.042578,0.754,13,0.0596,0.1932,-0.0867,-0.446,0.00000,2.4174,0.2121,1.0936,-0.0000,-0.1151,0.004,0.0795,0.2595,0.7833,60,0.054,31.32,20.74,20.88,31.32,0.0000,-0.0892,9.98,1.00,50.00,--,--,0.00,EXECUTING,2,0.071,2.4810,0.2400,0.4343,0.2235,0.8925,0.014
21.380,20.586,0.978,NAVIGATE_TO_RAMP,obstacle1,2.4863,0.1951,1.0069,0.029975,0.028267,0.042578,0.854,13,0.0596,0.1932,-0.0867,-0.446,0.00000,2.4174,0.2121,1.0831,-0.0000,-0.1052,0.004,0.0747,0.2500,0.7833,60,0.054,30.67,20.56,20.74,30.66,0.0000,-0.0892,10.04,1.00,49.90,--,--,0.00,EXECUTING,2,0.071,2.4810,0.2400,0.4343,0.2235,0.8851,0.014
21.481,20.688,0.986,NAVIGATE_TO_RAMP,obstacle1,2.4863,0.1951,1.0069,0.029975,0.028267,0.042578,0.956,13,0.0596,0.1932,-0.0867,-0.444,0.00000,2.4174,0.2121,1.0622,-0.0000,-0.2092,0.006,0.0594,0.2000,0.8167,60,0.056,30.92,20.56,20.70,30.85,0.0000,-0.2492,9.96,1.00,50.00,--,--,0.00,EXECUTING,2,0.071,2.4810,0.2400,0.4343,0.2236,0.8712,0.016
21.581,20.788,0.986,NAVIGATE_TO_RAMP,obstacle1,2.4863,0.1951,1.0069,0.029975,0.028267,0.042578,1.056,13,0.0596,0.1932,-0.0867,-0.444,0.00000,2.4174,0.2121,1.0252,-0.0000,-0.3726,0.006,0.0494,0.1550,0.8500,60,0.056,30.43,20.34,20.79,30.53,0.0000,-0.4092,10.02,0.00,50.00,--,--,0.00,EXECUTING,2,0.071,2.4810,0.2400,0.4343,0.2238,0.8454,0.016
21.681,20.888,0.993,NAVIGATE_TO_RAMP,obstacle1,2.4863,0.1951,1.0069,0.029975,0.028267,0.042578,1.156,13,0.0596,0.1932,-0.0867,-0.444,0.00000,2.4174,0.2121,0.9770,0.0000,-0.5365,0.006,0.0463,0.1530,0.8667,60,0.056,30.53,20.30,20.26,30.53,0.0000,-0.5000,10.00,0.00,50.10,DO_NOTHING,--,25.00,EXECUTING,2,0.071,2.4810,0.2400,0.4343,0.2241,0.8097,0.016
21.780,20.986,0.990,NAVIGATE_TO_RAMP,obstacle1,2.4863,0.1951,1.0069,0.029975,0.028267,0.042578,1.254,13,0.0596,0.1932,-0.0867,-0.446,0.00000,2.4174,0.2121,0.9233,0.0000,-0.5674,0.004,0.0332,0.1050,0.9000,60,0.054,30.40,20.13,20.13,30.40,0.0000,-0.5000,10.00,0.00,50.00,DO_NOTHING,--,25.00,EXECUTING,2,0.050,2.4810,0.2400,0.4344,0.2242,0.7680,0.014
21.881,21.088,0.992,NAVIGATE_TO_RAMP,obstacle1,2.4863,0.1951,1.0069,0.029975,0.028267,0.042578,1.356,13,0.0596,0.1932,-0.0867,-0.444,0.00000,2.4174,0.2121,0.8706,-0.0000,-0.5269,0.006,0.0295,0.1000,0.9333,60,0.056,30.33,20.21,20.13,30.27,0.0000,-0.5000,9.93,0.00,50.00,DO_NOTHING,--,25.00,EXECUTING,2,0.050,2.4810,0.2400,0.4348,0.2242,0.7280,0.016
21.980,21.184,0.994,NAVIGATE_TO_RAMP,obstacle1,2.4854,0.2111,0.7565,0.026692,0.025731,0.041795,0.052,14,0.0588,0.2132,-0.0884,-0.448,0.02003,2.4174,0.2121,0.8199,0.0000,-0.5119,0.002,0.0233,0.1000,0.9667,60,0.052,30.18,20.13,20.13,30.15,0.0000,-0.5000,10.09,1.00,50.00,DO_NOTHING,--,25.00,EXECUTING,2,0.050,2.4810,0.2400,0.4351,0.2242,0.6909,0.012
22.081,21.284,0.995,NAVIGATE_TO_RAMP,obstacle1,2.4854,0.2111,0.7565,0.026692,0.025731,0.041795,0.152,14,0.0588,0.2132,-0.0884,-0.448,0.00000,2.4174,0.2121,0.7695,0.0006,-0.5229,0.002,0.0212,0.0500,0.9833,60,0.052,30.24,20.17,20.34,30.30,0.0000,-0.4872,9.98,1.00,50.00,DO_NOTHING,--,6.85,EXECUTING,2,0.050,2.4810,0.2400,0.4352,0.2242,0.6552,0.012
22.181,21.382,0.994,NAVIGATE_TO_RAMP,obstacle1,2.4854,0.2111,0.7565,0.026692,0.025731,0.041795,0.250,14,0.0588,0.2132,-0.0884,-0.450,0.00000,2.4176,0.2122,0.7223,0.0021,-0.4714,0.000,0.0117,0.0500,1.0000,60,0.050,30.27,20.13,20.26,30.21,0.0000,-0.4872,10.00,1.00,50.00,DO_NOTHING,--,6.85,EXECUTING,2,0.050,2.4810,0.2400,0.4355,0.2242,0.6220,0.010
22.280,21.482,0.996,NAVIGATE_TO_RAMP,obstacle1,2.4854,0.2111,0.7565,0.026692,0.025731,0.041795,0.350,14,0.0588,0.2132,-0.0884,-0.450,0.00000,2.4177,0.2124,0.6883,0.0028,-0.5130,0.024,0.0150,0.0500,1.0000,60,0.050,30.27,20.08,20.34,30.27,0.0000,-0.4359,9.98,1.00,50.20,DO_NOTHING,--,6.85,EXECUTING,2,0.050,2.4810,0.2400,0.4359,0.2242,0.5921,0.010
22.381,21.582,0.994,NAVIGATE_TO_RAMP,obstacle1,2.4854,0.2111,0.7565,0.026692,0.025731,0.041795,0.450,14,0.0588,0.2132,-0.0884,-0.450,0.00000,2.4179,0.2125,0.6501,0.0021,-0.3739,0.020,0.0067,0.0500,1.0000,60,0.050,30.21,20.17,20.34,30.33,0.0000,-0.3846,9.96,1.00,50.10,DO_NOTHING,--,6.85,EXECUTING,2,0.050,2.4810,0.2400,0.4363,0.2241,0.5649,0.010
22.480,21.682,0.994,NAVIGATE_TO_RAMP,obstacle1,2.4844,0.1950,0.5391,0.027186,0.023763,0.043084,0.050,15,0.0571,0.1881,-0.0849,-0.450,0.02508,2.4180,0.2126,0.6127,0.0019,-0.4332,0.026,0.0042,0.0000,1.0000,60,0.050,30.27,20.17,20.39,30.27,0.0000,-0.3846,10.00,2.00,50.31,DO_NOTHING,--,6.85,EXECUTING,2,0.050,2.4810,0.2400,0.4365,0.2238,0.5370,0.010
22.580,21.782,0.995,NAVIGATE_TO_RAMP,obstacle1,2.4844,0.1950,0.5391,0.027186,0.023763,0.043084,0.150,15,0.0571,0.1881,-0.0849,-0.450,0.00000,2.4181,0.2126,0.5746,0.0004,-0.3672,0.020,0.0050,0.0050,1.0000,60,0.050,30.21,20.13,20.26,30.27,0.0000,-0.3846,10.00,2.00,50.00,DO_NOTHING,--,6.85,EXECUTING,2,0.050,2.4810,0.2400,0.4366,0.2229,0.5075,0.010
22.680,21.880,0.992,NAVIGATE_TO_RAMP,obstacle1,2.4844,0.1950,0.5391,0.027186,0.023763,0.043084,0.248,15,0.0571,0.1881,-0.0849,-0.452,0.00000,2.4181,0.2126,0.5371,0.0001,-0.3899,0.018,0.0067,0.0500,1.0000,60,0.048,30.08,20.08,20.17,30.08,0.0000,-0.3846,10.04,2.00,50.00,DO_NOTHING,--,25.00,EXECUTING,2,0.050,2.4810,0.2400,0.4366,0.2218,0.4778,0.008
22.781,21.978,0.989,NAVIGATE_TO_RAMP,obstacle1,2.4844,0.1950,0.5391,0.027186,0.023763,0.043084,0.346,15,0.0571,0.1881,-0.0849,-0.454,0.00000,2.4181,0.2126,0.4986,0.0000,-0.3993,0.016,0.0142,0.0500,1.0000,60,0.046,30.02,20.17,20.17,30.08,0.0000,-0.3846,10.00,2.00,50.00,DO_NOTHING,--,25.00,EXECUTING,2,0.050,2.4810,0.2400,0.4366,0.2205,0.4467,0.006
22.880,22.074,0.987,NAVIGATE_TO_RAMP,obstacle1,2.4844,0.1950,0.5391,0.027186,0.023763,0.043084,0.442,15,0.0571,0.1881,-0.0849,-0.458,0.00000,2.4181,0.2126,0.4618,0.0001,-0.3864,0.012,0.0167,0.0500,0.9833,60,0.042,30.27,20.21,20.26,30.33,0.0000,-0.3846,10.02,2.00,50.00,DO_NOTHING,--,25.00,EXECUTING,2,0.050,2.4810,0.2400,0.4366,0.2191,0.4165,0.002
22.981,22.174,0.989,NAVIGATE_TO_RAMP,obstacle1,2.4844,0.1950,0.5391,0.027186,0.023763,0.043084,0.542,15,0.0571,0.1881,-0.0849,-0.458,0.00000,2.4181,0.2126,0.4238,0.0000,-0.3801,0.012,0.0225,0.0500,0.9667,60,0.042,30.08,20.21,20.26,30.08,0.0000,-0.3846,9.98,1.00,49.90,DO_NOTHING,--,25.00,EXECUTING,2,0.050,2.4810,0.2400,0.4366,0.2175,0.3847,0.002
23.080,22.270,0.987,NAVIGATE_TO_RAMP,obstacle1,2.4987,0.1934,0.3170,0.025560,0.018680,0.036839,0.038,16,0.0713,0.1871,-0.0851,-0.462,0.01416,2.4181,0.2126,0.3954,-0.0000,-0.2991,0.008,0.0226,0.0500,0.9667,60,0.038,30.49,20.30,20.26,29.84,0.0000,-0.2308,10.07,1.67,50.00,DO_NOTHING,--,0.00,EXECUTING,2,0.050,2.4810,0.2400,0.4366,0.2164,0.3657,0.018
23.181,22.368,0.987,NAVIGATE_TO_RAMP,obstacle1,2.4987,0.1934,0.3170,0.025560,0.018680,0.036839,0.136,16,0.0713,0.1871,-0.0851,-0.464,0.00000,2.4181,0.2126,0.3724,0.0000,-0.2365,0.008,0.0233,0.1000,0.9500,60,0.036,30.53,20.30,20.52,30.53,0.0000,-0.2308,10.02,1.67,50.00,DO_NOTHING,--,0.00,EXECUTING,2,0.050,2.4810,0.2400,0.4366,0.2152,0.3458,0.016
23.281,22.468,0.984,NAVIGATE_TO_RAMP,obstacle1,2.4987,0.1934,0.3170,0.025560,0.018680,0.036839,0.236,16,0.0713,0.1871,-0.0851,-0.464,0.00000,2.4181,0.2126,0.3509,0.0000,-0.2379,0.006,0.0255,0.1000,0.9500,60,0.036,30.53,20.39,20.52,30.53,0.0000,-0.2308,9.91,1.67,49.90,DO_NOTHING,--,0.00,EXECUTING,2,0.050,2.4810,0.2400,0.4366,0.2141,0.3272,0.016
23.380,22.568,0.986,NAVIGATE_TO_RAMP,obstacle1,2.4987,0.1934,0.3170,0.025560,0.018680,0.036839,0.336,16,0.0713,0.1871,-0.0851,-0.464,0.00000,2.4181,0.2126,0.3324,-0.0000,-0.1857,0.006,0.0257,0.0736,0.9667,60,0.036,30.53,20.34,20.52,30.59,0.0000,-0.1795,10.02,1.67,50.00,DO_NOTHING,--,0.00,EXECUTING,2,0.050,2.4810,0.2400,0.4366,0.2131,0.3103,0.016
23.480,22.668,0.986,ALIGN_FOR_CLIMB,obstacle1,2.4987,0.1934,0.3170,0.025560,0.018680,0.036839,0.436,16,0.0713,0.1871,-0.0851,-0.464,0.00000,2.4181,0.2126,0.3161,0.0000,-0.1847,0.008,0.0250,0.1000,0.9500,60,0.036,31.71,20.34,20.13,31.71,0.0000,-0.1795,9.85,1.00,50.00,DO_NOTHING,--,0.00,SUCCEEDED,2,0.050,2.4810,0.2400,0.4366,0.2122,0.2959,0.016
23.581,22.768,0.986,ALIGN_FOR_CLIMB,obstacle1,2.4987,0.1934,0.3170,0.025560,0.018680,0.036839,0.536,16,0.0713,0.1871,-0.0851,-0.464,0.00000,2.4181,0.2126,0.3038,-0.0000,-0.1214,0.006,0.0228,0.1000,0.9500,60,0.036,30.66,20.43,20.52,30.30,0.0000,0.0000,9.98,1.00,50.00,DO_NOTHING,--,0.00,SUCCEEDED,2,0.050,2.4810,0.2400,0.4366,0.2113,0.2833,0.016
23.680,22.858,0.978,CLIMB,obstacle1,2.4987,0.1934,0.3170,0.025560,0.018680,0.036839,0.626,16,0.0713,0.1871,-0.0851,-0.474,0.00000,2.4181,0.2126,0.3038,-0.0000,-0.0019,0.016,0.0228,0.1000,0.9500,60,0.026,29.54,20.34,20.13,28.02,0.0000,0.0000,10.09,1.00,49.90,DO_NOTHING,--,0.00,SUCCEEDED,2,0.050,2.4810,0.2400,0.4366,0.2113,0.2833,0.006
23.780,22.956,0.978,CLIMB,obstacle1,2.4987,0.1934,0.3170,0.025560,0.018680,0.036839,0.724,16,0.0713,0.1871,-0.0851,-0.476,0.00000,2.4181,0.2126,0.3038,-0.0000,-0.0000,0.014,0.0228,0.1000,0.9500,60,0.024,28.81,20.56,20.30,26.54,0.0000,0.0000,9.87,1.00,50.00,DO_NOTHING,--,0.00,SUCCEEDED,2,0.050,2.4810,0.2400,0.4366,0.2113,0.2833,0.004
23.881,23.046,0.969,CLIMB,obstacle1,2.4987,0.1934,0.3170,0.025560,0.018680,0.036839,0.814,16,0.0713,0.1871,-0.0851,-0.386,0.00000,2.4181,0.2126,0.3038,-0.0000,-0.0000,0.004,0.0228,0.1000,0.9500,60,0.014,27.49,20.43,20.41,24.21,0.0000,0.0000,10.02,1.00,49.90,DO_NOTHING,--,0.00,SUCCEEDED,2,0.050,2.4810,0.2400,0.4366,0.2113,0.2833,0.014
23.981,23.146,0.972,CLIMB,obstacle1,2.4987,0.1934,0.3170,0.025560,0.018680,0.036839,0.914,16,0.0713,0.1871,-0.0851,-0.486,0.00000,2.4181,0.2126,0.3038,-0.0000,-0.0000,0.004,0.0228,0.1000,0.9500,60,0.014,27.14,20.65,20.83,22.18,0.0000,0.0000,9.91,1.00,50.10,DO_NOTHING,--,0.00,SUCCEEDED,2,0.050,2.4810,0.2400,0.4366,0.2113,0.2833,0.014
24.081,23.240,0.969,CLIMB,obstacle1,2.4987,0.1934,0.3170,0.025560,0.018680,0.036839,1.008,16,0.0713,0.1871,-0.0851,-0.392,0.00000,2.4181,0.2126,0.3038,-0.0000,-0.0000,0.018,0.0228,0.1000,0.9500,60,0.008,26.04,20.52,20.70,20.49,0.0000,0.0000,10.02,1.00,50.00,DO_NOTHING,--,0.00,SUCCEEDED,2,0.050,2.4810,0.2400,0.4366,0.2113,0.2833,0.008
24.181,23.338,0.970,CLIMB,obstacle1,2.4987,0.1934,0.3170,0.025560,0.018680,0.036839,1.106,16,0.0713,0.1871,-0.0851,-0.394,0.00000,2.4181,0.2126,0.3038,-0.0000,-0.0000,0.016,0.0228,0.1000,0.9500,60,0.106,24.36,20.61,20.61,17.71,0.0000,0.0000,10.02,0.00,49.90,DO_NOTHING,--,0.00,SUCCEEDED,2,0.050,2.4810,0.2400,0.4366,0.2113,0.2833,0.006
24.280,23.432,0.964,CLIMB,obstacle1,2.4987,0.1934,0.3170,0.025560,0.018680,0.036839,1.200,16,0.0713,0.1871,-0.0851,-0.400,0.00000,2.4181,0.2126,0.3038,-0.0000,-0.0000,0.010,0.0228,0.1000,0.9500,60,0.100,23.57,20.70,20.45,16.95,0.0000,0.0000,10.16,0.00,50.00,DO_NOTHING,--,0.00,SUCCEEDED,2,0.050,2.4810,0.2400,0.4366,0.2113,0.2833,0.000
24.380,23.530,0.962,CLIMB,obstacle1,2.4987,0.1934,0.3170,0.025560,0.018680,0.036839,1.298,16,0.0713,0.1871,-0.0851,-0.402,0.00000,2.4181,0.2126,0.3038,-0.0000,-0.0000,0.008,0.0228,0.1000,0.9500,60,0.098,22.82,20.88,20.75,14.89,0.0000,0.0000,10.00,0.00,50.00,DO_NOTHING,--,0.00,SUCCEEDED,2,0.050,2.4810,0.2400,0.4366,0.2113,0.2833,0.018
24.481,23.626,0.953,CLIMB,obstacle1,2.4987,0.1934,0.3170,0.025560,0.018680,0.036839,1.394,16,0.0713,0.1871,-0.0851,-0.406,0.00000,2.4181,0.2126,0.3038,-0.0000,-0.0000,0.004,0.0228,0.1000,0.9500,60,0.094,20.79,20.88,20.79,11.88,0.0000,0.0000,10.09,0.00,50.00,DO_NOTHING,--,0.00,SUCCEEDED,2,0.050,2.4810,0.2400,0.4366,0.2113,0.2833,0.014
24.580,23.728,0.960,CLIMB,obstacle1,2.4987,0.1934,0.3170,0.025560,0.018680,0.036839,1.496,16,0.0713,0.1871,-0.0851,-0.404,0.00000,2.4181,0.2126,0.3038,-0.0000,-0.0000,0.006,0.0228,0.1000,0.9500,60,0.096,20.65,20.88,20.65,12.08,0.0000,0.0000,10.00,0.00,49.90,DO_NOTHING,--,0.00,SUCCEEDED,2,0.050,2.4810,0.2400,0.4366,0.2113,0.2833,0.016
24.681,23.824,0.964,CLIMB,obstacle1,2.4987,0.1934,0.3170,0.025560,0.018680,0.036839,1.592,16,0.0713,0.1871,-0.0851,-0.408,0.00000,2.4181,0.2126,0.3038,-0.0000,-0.0000,0.002,0.0228,0.1000,0.9500,60,0.092,20.73,20.73,20.68,12.15,0.0000,0.0000,9.96,0.00,50.10,DO_NOTHING,--,0.00,SUCCEEDED,2,0.050,2.4810,0.2400,0.4366,0.2113,0.2833,0.012
24.780,23.918,0.962,CLIMB,obstacle1,2.4987,0.1934,0.3170,0.025560,0.018680,0.036839,1.686,16,0.0713,0.1871,-0.0851,-0.414,0.00000,2.4181,0.2126,0.3038,-0.0000,-0.0000,0.018,0.0228,0.1000,0.9500,60,0.086,20.72,20.77,20.72,12.61,0.0000,0.0000,10.04,0.00,50.00,DO_NOTHING,--,0.00,SUCCEEDED,2,0.050,2.4810,0.2400,0.4366,0.2113,0.2833,0.006
24.880,24.018,0.972,CLIMB,obstacle1,2.4987,0.1934,0.3170,0.025560,0.018680,0.036839,1.786,16,0.0713,0.1871,-0.0851,-0.414,0.00000,2.4181,0.2126,0.3038,-0.0000,-0.0000,0.016,0.0228,0.1000,0.9500,60,0.086,20.90,20.62,20.83,13.02,0.0000,0.0000,10.00,0.00,50.10,DO_NOTHING,--,0.00,SUCCEEDED,2,0.050,2.4810,0.2400,0.4366,0.2113,0.2833,0.006
24.980,24.116,0.970,CLIMB,obstacle1,2.4987,0.1934,0.3170,0.025560,0.018680,0.036839,1.884,16,0.0713,0.1871,-0.0851,-0.416,0.00000,2.4181,0.2126,0.3038,-0.0000,-0.0000,0.014,0.0228,0.1000,0.9500,60,0.084,20.75,20.66,20.75,11.98,0.0000,0.0000,10.04,0.00,50.10,DO_NOTHING,--,0.00,SUCCEEDED,2,0.050,2.4810,0.2400,0.4366,0.2113,0.2833,0.004
25.080,24.216,0.976,CLIMB,obstacle1,2.4987,0.1934,0.3170,0.025560,0.018680,0.036839,1.984,16,0.0713,0.1871,-0.0851,-0.416,0.00000,2.4181,0.2126,0.3038,-0.0000,-0.0000,0.014,0.0228,0.1000,0.9500,60,0.084,20.83,20.73,20.83,12.40,0.0000,0.0000,9.98,0.00,50.00,DO_NOTHING,--,0.00,SUCCEEDED,2,0.050,2.4810,0.2400,0.4366,0.2113,0.2833,0.004
25.181,24.312,0.974,CLIMB,obstacle1,2.4987,0.1934,0.3170,0.025560,0.018680,0.036839,2.080,16,0.0713,0.1871,-0.0851,-0.420,0.00000,2.4181,0.2126,0.3038,-0.0000,-0.0000,0.010,0.0228,0.1000,0.9500,60,0.080,20.71,20.69,20.71,14.08,0.0000,0.0000,9.98,0.00,50.10,DO_NOTHING,--,0.00,SUCCEEDED,2,0.050,2.4810,0.2400,0.4366,0.2113,0.2833,0.020
25.280,24.412,0.980,CLIMB,obstacle1,2.4987,0.1934,0.3170,0.025560,0.018680,0.036839,2.180,16,0.0713,0.1871,-0.0851,-0.420,0.00000,2.4181,0.2126,0.3038,-0.0000,-0.0000,0.010,0.0228,0.1000,0.9500,60,0.080,20.83,20.00,20.41,1.00,0.0000,0.0000,9.98,0.00,50.10,DO_NOTHING,--,0.00,SUCCEEDED,2,0.050,2.4810,0.2400,0.4366,0.2113,0.2833,0.020
25.380,24.512,0.985,CLIMB,obstacle1,2.4987,0.1934,0.3170,0.025560,0.018680,0.036839,2.280,16,0.0713,0.1871,-0.0851,-0.420,0.00000,2.4181,0.2126,0.3038,-0.0000,-0.0000,0.010,0.0228,0.1000,0.9500,60,0.080,20.41,20.00,20.41,0.00,0.0000,0.0000,10.04,0.00,50.00,DO_NOTHING,--,0.00,SUCCEEDED,2,0.050,2.4810,0.2400,0.4366,0.2113,0.2833,0.020
25.481,24.610,0.985,CLIMB,obstacle1,2.4987,0.1934,0.3170,0.025560,0.018680,0.036839,2.378,16,0.0713,0.1871,-0.0851,-0.422,0.00000,2.4181,0.2126,0.3038,-0.0000,-0.0000,0.008,0.0228,0.1000,0.9500,60,0.078,1.00,1.00,1.00,0.00,0.0000,0.0000,10.00,0.00,50.00,DO_NOTHING,--,0.00,SUCCEEDED,2,0.050,2.4810,0.2400,0.4366,0.2113,0.2833,0.018
25.581,24.702,0.975,CLIMB,obstacle1,2.4987,0.1934,0.3170,0.025560,0.018680,0.036839,2.470,16,0.0713,0.1871,-0.0851,-0.430,0.00000,2.4181,0.2126,0.3038,-0.0000,-0.0000,0.000,0.0228,0.1000,0.9500,60,0.070,0.00,0.00,0.00,0.00,0.0000,0.0000,9.98,0.00,50.10,DO_NOTHING,--,0.00,SUCCEEDED,2,0.050,2.4810,0.2400,0.4366,0.2113,0.2833,0.010
25.681,24.802,0.982,CLIMB,obstacle1,2.4987,0.1934,0.3170,0.025560,0.018680,0.036839,2.570,16,0.0713,0.1871,-0.0851,-0.430,0.00000,2.4181,0.2126,0.3038,-0.0000,-0.0000,0.000,0.0228,0.1000,0.9500,60,0.070,0.00,0.00,0.00,0.00,0.0000,0.0000,10.09,0.00,50.00,DO_NOTHING,--,0.00,SUCCEEDED,2,0.050,2.4810,0.2400,0.4366,0.2113,0.2833,0.010
25.780,24.902,0.982,CLIMB,obstacle1,2.4987,0.1934,0.3170,0.025560,0.018680,0.036839,2.670,16,0.0713,0.1871,-0.0851,-0.430,0.00000,2.4181,0.2126,0.3038,-0.0000,-0.0000,0.020,0.0228,0.1000,0.9500,60,0.070,0.00,0.00,0.00,0.00,0.0000,0.0000,9.93,0.00,50.00,DO_NOTHING,--,0.00,SUCCEEDED,2,0.050,2.4810,0.2400,0.4366,0.2113,0.2833,0.010
25.881,25.002,0.984,CLIMB,obstacle1,2.4987,0.1934,0.3170,0.025560,0.018680,0.036839,2.770,16,0.0713,0.1871,-0.0851,-0.430,0.00000,2.4181,0.2126,0.3038,-0.0000,-0.0000,0.000,0.0228,0.1000,0.9500,60,0.070,0.00,0.00,0.00,0.00,0.0000,0.0000,10.00,0.00,50.00,DO_NOTHING,--,0.00,SUCCEEDED,2,0.050,2.4810,0.2400,0.4366,0.2113,0.2833,0.010
25.980,25.098,0.982,CLIMB,obstacle1,2.4987,0.1934,0.3170,0.025560,0.018680,0.036839,2.866,16,0.0713,0.1871,-0.0851,-0.434,0.00000,2.4181,0.2126,0.3038,-0.0000,-0.0000,0.016,0.0228,0.1000,0.9500,60,0.066,0.00,0.00,0.00,0.00,0.0000,0.0000,10.02,0.00,50.00,DO_NOTHING,--,0.00,SUCCEEDED,2,0.050,2.4810,0.2400,0.4366,0.2113,0.2833,0.006
26.080,25.198,0.982,CLIMB,obstacle1,2.4987,0.1934,0.3170,0.025560,0.018680,0.036839,2.966,16,0.0713,0.1871,-0.0851,-0.434,0.00000,2.4181,0.2126,0.3038,-0.0000,-0.0000,0.016,0.0228,0.1000,0.9500,60,0.066,0.00,0.00,0.00,0.00,0.0000,0.0000,10.04,0.00,50.00,DO_NOTHING,--,0.00,SUCCEEDED,2,0.050,2.4810,0.2400,0.4366,0.2113,0.2833,0.006
26.180,25.298,0.986,CLIMB,obstacle1,2.4987,0.1934,0.3170,0.025560,0.018680,0.036839,3.066,16,0.0713,0.1871,-0.0851,-0.434,0.00000,2.4181,0.2126,0.3038,-0.0000,-0.0000,0.016,0.0228,0.1000,0.9500,60,0.066,0.00,0.00,0.00,0.00,0.0000,0.0000,9.93,0.00,50.00,DO_NOTHING,--,0.00,SUCCEEDED,2,0.050,2.4810,0.2400,0.4366,0.2113,0.2833,0.006
26.281,25.396,0.981,CLIMB,obstacle1,2.4987,0.1934,0.3170,0.025560,0.018680,0.036839,3.164,16,0.0713,0.1871,-0.0851,-0.436,0.00000,2.4181,0.2126,0.3038,-0.0000,-0.0000,0.014,0.0228,0.1000,0.9500,60,0.064,0.00,0.00,0.00,0.00,0.0000,0.0000,10.07,0.00,50.00,DO_NOTHING,--,0.00,SUCCEEDED,2,0.050,2.4810,0.2400,0.4366,0.2113,0.2833,0.004
26.381,25.496,0.984,CLIMB,obstacle1,2.4987,0.1934,0.3170,0.025560,0.018680,0.036839,3.264,16,0.0713,0.1871,-0.0851,-0.436,0.00000,2.4181,0.2126,0.3038,-0.0000,-0.0000,0.014,0.0228,0.1000,0.9500,60,0.064,0.00,0.00,0.00,0.00,0.0000,0.0000,9.91,0.00,50.00,DO_NOTHING,--,0.00,SUCCEEDED,2,0.050,2.4810,0.2400,0.4366,0.2113,0.2833,0.004
26.480,25.590,0.980,CLIMB,obstacle1,2.4987,0.1934,0.3170,0.025560,0.018680,0.036839,3.358,16,0.0713,0.1871,-0.0851,-0.442,0.00000,2.4181,0.2126,0.3038,-0.0000,-0.0000,0.008,0.0228,0.1000,0.9500,60,0.058,0.00,0.00,0.00,0.00,0.0000,0.0000,10.11,0.00,50.00,DO_NOTHING,--,0.00,SUCCEEDED,2,0.050,2.4810,0.2400,0.4366,0.2113,0.2833,0.018
26.581,25.690,0.989,CLIMB,obstacle1,2.4987,0.1934,0.3170,0.025560,0.018680,0.036839,3.458,16,0.0713,0.1871,-0.0851,-0.442,0.00000,2.4181,0.2126,0.3038,-0.0000,-0.0000,0.012,0.0228,0.1000,0.9500,60,0.058,0.00,0.00,0.00,0.00,0.0000,0.0000,9.89,0.00,50.20,DO_NOTHING,--,0.00,SUCCEEDED,2,0.050,2.4810,0.2400,0.4366,0.2113,0.2833,0.018
26.680,25.790,0.989,CLIMB,obstacle1,2.4987,0.1934,0.3170,0.025560,0.018680,0.036839,3.558,16,0.0713,0.1871,-0.0851,-0.442,0.00000,2.4181,0.2126,0.3038,-0.0000,-0.0000,0.008,0.0228,0.1000,0.9500,60,0.058,0.00,0.00,0.00,0.00,0.0000,0.0000,9.96,0.00,50.00,DO_NOTHING,--,0.00,SUCCEEDED,2,0.050,2.4810,0.2400,0.4366,0.2113,0.2833,0.018
26.780,25.886,0.984,CLIMB,obstacle1,2.4987,0.1934,0.3170,0.025560,0.018680,0.036839,3.654,16,0.0713,0.1871,-0.0851,-0.446,0.00000,2.4181,0.2126,0.3038,-0.0000,-0.0000,0.004,0.0228,0.1000,0.9500,60,0.054,0.00,0.00,0.00,0.00,0.0000,0.0000,9.93,0.00,50.10,DO_NOTHING,--,0.00,SUCCEEDED,2,0.050,2.4810,0.2400,0.4366,0.2113,0.2833,0.014
26.880,25.986,0.985,CLIMB,obstacle1,2.4987,0.1934,0.3170,0.025560,0.018680,0.036839,3.754,16,0.0713,0.1871,-0.0851,-0.446,0.00000,2.4181,0.2126,0.3038,-0.0000,-0.0000,0.004,0.0228,0.1000,0.9500,60,0.054,0.00,0.00,0.00,0.00,0.0000,0.0000,9.85,0.00,50.00,DO_NOTHING,--,0.00,SUCCEEDED,2,0.050,2.4810,0.2400,0.4366,0.2113,0.2833,0.014
26.981,26.058,0.955,CLIMB,obstacle1,2.4987,0.1934,0.3170,0.025560,0.018680,0.036839,3.826,16,0.0713,0.1871,-0.0851,-0.474,0.00000,2.4181,0.2126,0.3038,-0.0000,-0.0000,0.016,0.0228,0.1000,0.9500,60,0.026,0.00,0.00,0.00,0.00,0.0000,0.0000,9.96,0.00,50.00,DO_NOTHING,--,0.00,SUCCEEDED,2,0.050,2.4810,0.2400,0.4366,0.2113,0.2833,0.006
27.080,26.152,0.949,CLIMB,obstacle1,2.4987,0.1934,0.3170,0.025560,0.018680,0.036839,3.920,16,0.0713,0.1871,-0.0851,-0.480,0.00000,2.4181,0.2126,0.3038,-0.0000,-0.0000,0.010,0.0228,0.1000,0.9500,60,0.020,0.00,0.00,0.00,0.00,0.0000,0.0000,10.07,0.00,50.10,DO_NOTHING,--,0.00,SUCCEEDED,2,0.050,2.4810,0.2400,0.4366,0.2113,0.2833,0.020
27.181,26.252,0.951,CLIMB,obstacle1,2.4987,0.1934,0.3170,0.025560,0.018680,0.036839,4.020,16,0.0713,0.1871,-0.0851,-0.480,0.00000,2.4181,0.2126,0.3038,-0.0000,-0.0000,0.010,0.0228,0.1000,0.9500,60,0.020,0.00,0.00,0.00,0.00,0.0000,0.0000,9.93,0.00,49.80,DO_NOTHING,--,0.00,SUCCEEDED,2,0.050,2.4810,0.2400,0.4366,0.2113,0.2833,0.020
27.281,26.344,0.948,CLIMB,obstacle1,2.4987,0.1934,0.3170,0.025560,0.018680,0.036839,4.112,16,0.0713,0.1871,-0.0851,-0.388,0.00000,2.4181,0.2126,0.3038,-0.0000,-0.0000,0.002,0.0228,0.1000,0.9500,60,0.012,0.00,0.00,0.00,0.00,0.0000,0.0000,10.09,0.00,49.70,DO_NOTHING,--,0.00,SUCCEEDED,2,0.050,2.4810,0.2400,0.4366,0.2113,0.2833,0.012
27.381,26.444,0.948,CLIMB,obstacle1,2.4987,0.1934,0.3170,0.025560,0.018680,0.036839,4.212,16,0.0713,0.1871,-0.0851,-0.388,0.00000,2.4181,0.2126,0.3038,-0.0000,-0.0000,0.002,0.0228,0.1000,0.9500,60,0.012,0.00,0.00,0.00,0.00,0.0000,0.0000,10.04,0.00,50.00,DO_NOTHING,--,0.00,SUCCEEDED,2,0.050,2.4810,0.2400,0.4366,0.2113,0.2833,0.012
27.481,26.534,0.937,CLIMB,obstacle1,2.4987,0.1934,0.3170,0.025560,0.018680,0.036839,4.302,16,0.0713,0.1871,-0.0851,-0.398,0.00000,2.4181,0.2126,0.3038,-0.0000,-0.0000,0.012,0.0228,0.1000,0.9500,60,0.102,0.00,0.00,0.00,0.00,0.0000,0.0000,9.89,0.00,50.00,DO_NOTHING,--,0.00,SUCCEEDED,2,0.050,2.4810,0.2400,0.4366,0.2113,0.2833,0.002
27.580,26.640,0.950,CLIMB,obstacle1,2.4987,0.1934,0.3170,0.025560,0.018680,0.036839,4.408,16,0.0713,0.1871,-0.0851,-0.392,0.00000,2.4181,0.2126,0.3038,-0.0000,-0.0000,0.018,0.0228,0.1000,0.9500,60,0.008,0.00,0.00,0.00,0.00,0.0000,0.0000,10.06,0.00,50.00,DO_NOTHING,--,0.00,SUCCEEDED,2,0.050,2.4810,0.2400,0.4366,0.2113,0.2833,0.008
27.681,26.732,0.939,CLIMB,obstacle1,2.4987,0.1934,0.3170,0.025560,0.018680,0.036839,4.500,16,0.0713,0.1871,-0.0851,-0.400,0.00000,2.4181,0.2126,0.3038,-0.0000,-0.0000,0.010,0.0228,0.1000,0.9500,60,0.100,0.00,0.00,0.00,0.00,0.0000,0.0000,10.11,0.00,50.00,DO_NOTHING,--,0.00,SUCCEEDED,2,0.050,2.4810,0.2400,0.4366,0.2113,0.2833,0.000
27.780,26.826,0.933,CLIMB,obstacle1,2.4987,0.1934,0.3170,0.025560,0.018680,0.036839,4.594,16,0.0713,0.1871,-0.0851,-0.406,0.00000,2.4181,0.2126,0.3038,-0.0000,-0.0000,0.004,0.0228,0.1000,0.9500,60,0.094,0.00,0.00,0.00,0.00,0.0000,0.0000,10.04,0.00,50.00,DO_NOTHING,--,0.00,SUCCEEDED,2,0.050,2.4810,0.2400,0.4366,0.2113,0.2833,0.014
27.880,26.922,0.960,CLIMB,obstacle1,2.4987,0.1934,0.3170,0.025560,0.018680,0.036839,4.690,16,0.0713,0.1871,-0.0851,-0.410,0.00000,2.4181,0.2126,0.3038,-0.0000,-0.0000,0.000,0.0228,0.1000,0.9500,60,0.090,0.00,0.00,0.00,0.00,0.0000,0.0000,10.11,0.00,50.00,DO_NOTHING,--,0.00,SUCCEEDED,2,0.050,2.4810,0.2400,0.4366,0.2113,0.2833,0.010
27.981,27.022,0.966,CLIMB,obstacle1,2.4987,0.1934,0.3170,0.025560,0.018680,0.036839,4.790,16,0.0713,0.1871,-0.0851,-0.410,0.00000,2.4181,0.2126,0.3038,-0.0000,-0.0000,0.020,0.0228,0.1000,0.9500,60,0.090,0.00,0.00,0.00,0.00,0.0000,0.0000,10.02,0.00,50.00,DO_NOTHING,--,0.00,SUCCEEDED,2,0.050,2.4810,0.2400,0.4366,0.2113,0.2833,0.010
28.080,27.116,0.964,CLIMB,obstacle1,2.4987,0.1934,0.3170,0.025560,0.018680,0.036839,4.884,16,0.0713,0.1871,-0.0851,-0.416,0.00000,2.4181,0.2126,0.3038,-0.0000,-0.0000,0.014,0.0228,0.1000,0.9500,60,0.084,0.00,0.00,0.00,0.00,0.0000,0.0000,10.00,0.00,50.00,DO_NOTHING,--,0.00,SUCCEEDED,2,0.050,2.4810,0.2400,0.4366,0.2113,0.2833,0.004
28.180,27.216,0.964,CLIMB,obstacle1,2.4987,0.1934,0.3170,0.025560,0.018680,0.036839,4.984,16,0.0713,0.1871,-0.0851,-0.416,0.00000,2.4181,0.2126,0.3038,-0.0000,-0.0000,0.014,0.0228,0.1000,0.9500,60,0.084,0.00,0.00,0.00,0.00,0.0000,0.0000,10.02,0.00,50.00,DO_NOTHING,--,0.00,SUCCEEDED,2,0.050,2.4810,0.2400,0.4366,0.2113,0.2833,0.004
28.280,27.314,0.970,CLIMB,obstacle1,2.4987,0.1934,0.3170,0.025560,0.018680,0.036839,5.082,16,0.0713,0.1871,-0.0851,-0.418,0.00000,2.4181,0.2126,0.3038,-0.0000,-0.0000,0.012,0.0228,0.1000,0.9500,60,0.082,0.00,0.00,0.00,0.00,0.0000,0.0000,9.96,0.00,50.00,DO_NOTHING,--,0.00,SUCCEEDED,2,0.050,2.4810,0.2400,0.4366,0.2113,0.2833,0.002
28.380,27.412,0.968,CLIMB,obstacle1,2.4987,0.1934,0.3170,0.025560,0.018680,0.036839,5.180,16,0.0713,0.1871,-0.0851,-0.420,0.00000,2.4181,0.2126,0.3038,-0.0000,-0.0000,0.010,0.0228,0.1000,0.9500,60,0.080,0.00,0.00,0.00,0.00,0.0000,0.0000,10.07,0.00,50.00,DO_NOTHING,--,0.00,SUCCEEDED,2,0.050,2.4810,0.2400,0.4366,0.2113,0.2833,0.020
28.480,27.512,0.979,CLIMB,obstacle1,2.4987,0.1934,0.3170,0.025560,0.018680,0.036839,5.280,16,0.0713,0.1871,-0.0851,-0.420,0.00000,2.4181,0.2126,0.3038,-0.0000,-0.0000,0.010,0.0228,0.1000,0.9500,60,0.080,0.00,0.00,0.00,0.00,0.0000,0.0000,9.98,0.00,50.00,DO_NOTHING,--,0.00,SUCCEEDED,2,0.050,2.4810,0.2400,0.4366,0.2113,0.2833,0.020
28.580,27.612,0.978,CLIMB,obstacle1,2.4987,0.1934,0.3170,0.025560,0.018680,0.036839,5.380,16,0.0713,0.1871,-0.0851,-0.420,0.00000,2.4181,0.2126,0.3038,-0.0000,-0.0000,0.010,0.0228,0.1000,0.9500,60,0.080,0.00,0.00,0.00,0.00,0.0000,0.0000,10.04,0.00,49.90,DO_NOTHING,--,0.00,SUCCEEDED,2,0.050,2.4810,0.2400,0.4366,0.2113,0.2833,0.020
28.680,27.708,0.976,CLIMB,obstacle1,2.4987,0.1934,0.3170,0.025560,0.018680,0.036839,5.476,16,0.0713,0.1871,-0.0851,-0.424,0.00000,2.4181,0.2126,0.3038,-0.0000,-0.0000,0.006,0.0228,0.1000,0.9500,60,0.076,0.00,0.00,0.00,0.00,0.0000,0.0000,9.98,0.00,50.00,DO_NOTHING,--,0.00,SUCCEEDED,2,0.050,2.4810,0.2400,0.4366,0.2113,0.2833,0.016
28.780,27.806,0.980,CLIMB,obstacle1,2.4987,0.1934,0.3170,0.025560,0.018680,0.036839,5.574,16,0.0713,0.1871,-0.0851,-0.426,0.00000,2.4181,0.2126,0.3038,-0.0000,-0.0000,0.004,0.0228,0.1000,0.9500,60,0.074,0.00,0.00,0.00,0.00,0.0000,0.0000,10.04,0.00,50.00,DO_NOTHING,--,0.00,SUCCEEDED,2,0.050,2.4810,0.2400,0.4366,0.2113,0.2833,0.014
28.880,27.906,0.984,CLIMB,obstacle1,2.4987,0.1934,0.3170,0.025560,0.018680,0.036839,5.674,16,0.0713,0.1871,-0.0851,-0.426,0.00000,2.4181,0.2126,0.3038,-0.0000,-0.0000,0.004,0.0228,0.1000,0.9500,60,0.074,0.00,0.00,0.00,0.00,0.0000,0.0000,9.98,0.00,50.00,DO_NOTHING,--,0.00,SUCCEEDED,2,0.050,2.4810,0.2400,0.4366,0.2113,0.2833,0.014
28.981,28.004,0.982,CLIMB,obstacle1,2.4987,0.1934,0.3170,0.025560,0.018680,0.036839,5.772,16,0.0713,0.1871,-0.0851,-0.428,0.00000,2.4181,0.2126,0.3038,-0.0000,-0.0000,0.022,0.0228,0.1000,0.9500,60,0.072,0.00,0.00,0.00,0.00,0.0000,0.0000,10.02,0.00,50.10,DO_NOTHING,--,0.00,SUCCEEDED,2,0.050,2.4810,0.2400,0.4366,0.2113,0.2833,0.012
29.080,28.102,0.985,CLIMB,obstacle1,2.4987,0.1934,0.3170,0.025560,0.018680,0.036839,5.870,16,0.0713,0.1871,-0.0851,-0.430,0.00000,2.4181,0.2126,0.3038,-0.0000,-0.0000,0.000,0.0228,0.1000,0.9500,60,0.070,0.00,0.00,0.00,0.00,0.0000,0.0000,9.98,0.00,50.00,DO_NOTHING,--,0.00,SUCCEEDED,2,0.050,2.4810,0.2400,0.4366,0.2113,0.2833,0.010
29.182,28.202,0.985,CLIMB,obstacle1,2.4987,0.1934,0.3170,0.025560,0.018680,0.036839,5.970,16,0.0713,0.1871,-0.0851,-0.430,0.00000,2.4181,0.2126,0.3038,-0.0000,-0.0000,0.000,0.0228,0.1000,0.9500,60,0.070,0.00,0.00,0.00,1.00,0.0000,0.0000,9.98,0.00,50.00,DO_NOTHING,--,0.00,SUCCEEDED,2,0.050,2.4810,0.2400,0.4366,0.2113,0.2833,0.010
29.281,28.298,0.984,CLIMB,obstacle1,2.4987,0.1934,0.3170,0.025560,0.018680,0.036839,6.066,16,0.0713,0.1871,-0.0851,-0.434,0.00000,2.4181,0.2126,0.3038,-0.0000,-0.0000,0.016,0.0228,0.1000,0.9500,60,0.066,0.00,0.00,0.00,12.20,0.0000,0.0000,10.02,0.00,50.00,DO_NOTHING,--,0.00,SUCCEEDED,2,0.050,2.4810,0.2400,0.4366,0.2113,0.2833,0.006
29.380,28.398,0.984,CLIMB,obstacle1,2.4987,0.1934,0.3170,0.025560,0.018680,0.036839,6.166,16,0.0713,0.1871,-0.0851,-0.434,0.00000,2.4181,0.2126,0.3038,-0.0000,-0.0000,0.016,0.0228,0.1000,0.9500,60,0.066,0.00,0.00,0.00,10.99,0.0000,0.0000,10.02,0.00,50.10,DO_NOTHING,--,0.00,SUCCEEDED,2,0.050,2.4810,0.2400,0.4366,0.2113,0.2833,0.006
29.480,28.498,0.986,CLIMB,obstacle1,2.4987,0.1934,0.3170,0.025560,0.018680,0.036839,6.266,16,0.0713,0.1871,-0.0851,-0.434,0.00000,2.4181,0.2126,0.3038,-0.0000,-0.0000,0.016,0.0228,0.1000,0.9500,60,0.066,0.00,0.00,0.00,12.58,0.0923,-0.0835,9.98,0.00,50.00,DO_NOTHING,--,0.00,SUCCEEDED,2,0.050,2.4810,0.2400,0.4368,0.2113,0.2831,0.006
29.580,28.598,0.986,CLIMB,obstacle1,2.4987,0.1934,0.3170,0.025560,0.018680,0.036839,6.366,16,0.0713,0.1871,-0.0851,-0.434,0.00000,2.4251,0.2148,0.2972,0.0760,-0.0683,0.016,0.0257,0.1000,0.9500,60,0.066,0.00,0.00,0.00,14.29,0.1619,-0.1462,10.00,0.00,50.10,DO_NOTHING,--,0.00,SUCCEEDED,2,0.050,2.4810,0.2400,0.4447,0.2132,0.2767,0.006
29.681,28.694,0.986,CLIMB,obstacle1,2.4987,0.1934,0.3170,0.025560,0.018680,0.036839,6.462,16,0.0713,0.1871,-0.0851,-0.438,0.00000,2.4395,0.2191,0.2842,0.1562,-0.1343,0.014,0.0274,0.1000,0.9500,60,0.062,0.00,0.00,0.00,14.58,0.1619,-0.1462,10.02,0.00,50.00,DO_NOTHING,--,0.00,SUCCEEDED,2,0.050,2.4810,0.2400,0.4597,0.2166,0.2645,0.002
29.781,28.792,0.983,CLIMB,obstacle1,2.4987,0.1934,0.3170,0.025560,0.018680,0.036839,6.560,16,0.0713,0.1871,-0.0851,-0.440,0.00000,2.4585,0.2245,0.2674,0.2162,-0.1806,0.010,0.0287,0.1000,0.9333,60,0.060,0.00,0.00,0.00,14.47,0.2143,-0.1910,9.98,0.00,50.00,DO_NOTHING,--,0.00,SUCCEEDED,2,0.050,2.4810,0.2400,0.4792,0.2205,0.2484,0.000
29.881,28.890,0.985,CLIMB,obstacle1,2.4987,0.1934,0.3170,0.025560,0.018680,0.036839,6.658,16,0.0713,0.1871,-0.0851,-0.442,0.00000,2.4819,0.2307,0.2470,0.2478,-0.2089,0.008,0.0319,0.1000,0.9167,60,0.058,0.00,0.00,0.00,15.24,0.2540,-0.2215,10.04,0.00,50.00,DO_NOTHING,--,0.00,SUCCEEDED,2,0.050,2.4810,0.2400,0.4982,0.2241,0.2331,0.018
29.981,28.986,0.982,CLIMB,obstacle1,2.4987,0.1934,0.3170,0.025560,0.018680,0.036839,6.754,16,0.0713,0.1871,-0.0851,-0.446,0.00000,2.5081,0.2369,0.2245,0.2746,-0.2295,0.004,0.0305,0.1000,0.9333,60,0.054,0.00,0.00,0.00,15.82,0.2841,-0.2393,10.02,0.00,50.20,DO_NOTHING,--,0.00,SUCCEEDED,2,0.050,2.4810,0.2400,0.5242,0.2283,0.2120,0.014
30.081,29.088,0.986,CLIMB,obstacle1,2.4987,0.1934,0.3170,0.025560,0.018680,0.036839,6.856,16,0.0713,0.1871,-0.0851,-0.444,0.00000,2.5371,0.2432,0.2008,0.3287,-0.2638,0.006,0.0320,0.1000,0.9333,60,0.056,0.00,0.00,0.00,16.30,0.3070,-0.2476,9.91,0.00,50.00,DO_NOTHING,--,0.00,SUCCEEDED,2,0.050,2.4810,0.2400,0.5530,0.2325,0.1894,0.016
30.180,29.186,0.985,CLIMB,obstacle1,2.6385,0.2238,0.1179,0.029215,0.018957,0.037360,0.054,17,0.0754,0.1579,-0.0705,-0.446,0.02942,2.5678,0.2491,0.1765,0.3332,-0.2585,0.006,0.0290,0.1000,0.9500,60,0.054,0.00,0.00,0.00,16.78,0.3245,-0.2468,9.96,1.00,50.10,DO_NOTHING,--,0.00,SUCCEEDED,2,0.050,2.4810,0.2400,0.5837,0.2361,0.1659,0.014
30.281,29.288,0.990,CLIMB,obstacle1,2.6385,0.2238,0.1179,0.029215,0.018957,0.037360,0.156,17,0.0754,0.1579,-0.0705,-0.444,0.00000,2.6003,0.2545,0.1523,0.3326,-0.2433,0.008,0.0328,0.1000,0.9333,60,0.056,0.00,0.00,0.00,17.94,0.3380,-0.2402,9.89,1.00,50.00,DO_NOTHING,--,0.00,SUCCEEDED,2,0.050,2.4810,0.2400,0.6161,0.2392,0.1422,0.016
30.381,29.388,0.989,CLIMB,obstacle1,2.6385,0.2238,0.1179,0.029215,0.018957,0.037360,0.256,17,0.0754,0.1579,-0.0705,-0.444,0.00000,2.6340,0.2592,0.1287,0.3369,-0.2343,0.006,0.0295,0.1000,0.9500,60,0.056,0.00,0.00,0.00,18.60,0.3485,-0.2275,9.96,1.00,50.10,DO_NOTHING,--,0.00,SUCCEEDED,2,0.050,2.4810,0.2400,0.6497,0.2417,0.1188,0.016
30.480,29.478,0.978,CLIMB,obstacle1,2.6385,0.2238,0.1179,0.029215,0.018957,0.037360,0.346,17,0.0754,0.1579,-0.0705,-0.454,0.00000,2.6617,0.2625,0.1106,0.3453,-0.2240,0.016,0.0250,0.0550,0.9500,60,0.046,0.00,0.00,0.00,18.37,0.3566,-0.2115,10.04,1.00,50.00,DO_NOTHING,--,0.00,SUCCEEDED,2,0.050,2.4810,0.2400,0.6844,0.2436,0.0963,0.006
30.580,29.576,0.980,CLIMB,obstacle1,2.6385,0.2238,0.1179,0.029215,0.018957,0.037360,0.444,17,0.0754,0.1579,-0.0705,-0.456,0.00000,2.6971,0.2661,0.0900,0.3558,-0.2056,0.014,0.0225,0.0500,0.9667,60,0.044,0.00,0.00,0.00,18.11,0.3631,-0.1919,9.93,1.00,49.90,DO_NOTHING,--,0.00,SUCCEEDED,2,0.050,2.4810,0.2400,0.7200,0.2448,0.0749,0.004
30.680,29.670,0.976,CLIMB,obstacle1,2.6385,0.2238,0.1179,0.029215,0.018957,0.037360,0.538,17,0.0754,0.1579,-0.0705,-0.462,0.00000,2.7331,0.2690,0.0708,0.4010,-0.2160,0.008,0.0137,0.0500,1.0000,60,0.038,0.00,0.00,0.00,17.60,0.3631,-0.1919,10.07,1.00,50.00,DO_NOTHING,--,0.00,SUCCEEDED,2,0.050,2.4810,0.2400,0.7489,0.2453,0.0590,0.018
30.781,29.770,0.979,CLIMB,obstacle1,2.6385,0.2238,0.1179,0.029215,0.018957,0.037360,0.638,17,0.0754,0.1579,-0.0705,-0.462,0.00000,2.7696,0.2712,0.0532,0.3658,-0.1761,0.008,0.0145,0.0500,1.0000,60,0.038,0.00,0.00,0.00,18.37,0.3682,-0.1699,9.91,1.00,50.00,DO_NOTHING,--,0.00,SUCCEEDED,2,0.050,2.4810,0.2400,0.7854,0.2455,0.0403,0.018
30.881,29.864,0.974,CLIMB,obstacle1,2.6385,0.2238,0.1179,0.029215,0.018957,0.037360,0.732,17,0.0754,0.1579,-0.0705,-0.468,0.00000,2.8066,0.2729,0.0377,0.3704,-0.1551,0.002,0.0133,0.0500,1.0000,60,0.032,0.00,0.00,0.00,18.44,0.3723,-0.1477,10.02,1.00,50.00,DO_NOTHING,--,0.00,SUCCEEDED,2,0.050,2.4810,0.2400,0.8224,0.2452,0.0237,0.012
30.981,29.962,0.976,CLIMB,obstacle1,2.9063,0.2216,-0.0398,0.034484,0.024677,0.046963,0.030,18,0.0617,0.1392,-0.0674,-0.470,0.02322,2.8439,0.2741,0.0239,0.3908,-0.1447,0.000,0.0125,0.0500,1.0000,60,0.030,0.00,0.00,0.00,19.19,0.3756,-0.1248,10.14,1.26,50.00,DO_NOTHING,--,0.00,SUCCEEDED,2,0.050,2.4810,0.2400,0.8597,0.2445,0.0089,0.010
31.080,30.058,0.970,CLIMB,obstacle1,2.9063,0.2216,-0.0398,0.034484,0.024677,0.046963,0.126,18,0.0617,0.1392,-0.0674,-0.474,0.00000,2.8740,0.2746,0.0143,0.3981,-0.1270,0.018,0.0083,0.0500,1.0000,60,0.026,0.00,0.00,0.00,19.23,0.3783,-0.1030,10.00,1.26,49.90,DO_NOTHING,--,0.00,SUCCEEDED,2,0.050,2.4810,0.2400,0.8974,0.2434,-0.0037,0.006
31.180,30.158,0.972,CLIMB,obstacle1,2.9063,0.2216,-0.0398,0.034484,0.024677,0.046963,0.226,18,0.0617,0.1392,-0.0674,-0.474,0.00000,2.9115,0.2750,0.0063,0.3721,-0.0796,0.016,0.0297,0.1000,0.9333,60,0.026,0.00,0.00,0.00,19.87,0.3809,-0.0846,10.14,1.00,50.00,DO_NOTHING,--,0.00,SUCCEEDED,2,0.050,2.4810,0.2400,0.9338,0.2432,-0.0049,0.006
31.281,30.252,0.964,CLIMB,obstacle1,2.9063,0.2216,-0.0398,0.034484,0.024677,0.046963,0.320,18,0.0617,0.1392,-0.0674,-0.480,0.00000,2.9492,0.2751,0.0006,0.4190,-0.0631,0.010,0.1075,0.2505,0.6333,60,0.020,0.00,0.00,0.00,19.96,0.3832,-0.0707,10.14,1.00,50.00,DO_NOTHING,--,0.00,SUCCEEDED,2,0.050,2.4810,0.2400,0.9702,0.2430,-0.0049,0.000
31.380,30.350,0.962,CLIMB,obstacle1,2.9063,0.2216,-0.0398,0.034484,0.024677,0.046963,0.418,18,0.0617,0.1392,-0.0674,-0.482,0.00000,2.9870,0.2751,-0.0033,0.3785,-0.0390,0.008,0.1730,0.5500,0.5667,60,0.018,0.00,0.00,0.00,19.19,0.3832,-0.0707,9.96,1.00,50.00,DO_NOTHING,--,0.00,SUCCEEDED,2,0.050,2.4810,0.2400,0.9994,0.2429,-0.0049,0.018
31.480,30.450,0.972,CLIMB,obstacle1,2.9063,0.2216,-0.0398,0.034484,0.024677,0.046963,0.518,18,0.0617,0.1392,-0.0674,-0.482,0.00000,3.0250,0.2749,-0.0057,0.4316,-0.0276,0.010,0.1344,0.3404,0.7436,39,0.018,0.00,0.00,0.00,18.26,0.3855,-0.0601,10.02,1.00,49.90,DO_NOTHING,--,0.00,SUCCEEDED,2,0.050,2.4810,0.2400,1.0358,0.2427,-0.0049,0.018
31.580,30.550,0.974,CLIMB,obstacle1,2.9063,0.2216,-0.0398,0.034484,0.024677,0.046963,0.618,18,0.0617,0.1392,-0.0674,-0.482,0.00000,3.0630,0.2747,-0.0066,0.3774,-0.0092,0.008,0.1623,0.4180,0.7429,35,0.018,0.00,0.00,0.00,18.56,0.3876,-0.0520,9.98,1.00,50.10,DO_NOTHING,--,0.00,SUCCEEDED,2,0.050,2.4810,0.2400,1.0723,0.2425,-0.0049,0.018
31.681,30.648,0.975,CLIMB,obstacle1,3.1582,0.2012,-0.0798,0.044834,0.030113,0.059025,0.016,19,0.0494,0.1508,-0.0722,-0.484,0.01694,3.1010,0.2744,-0.0079,0.3856,-0.0131,0.006,0.1779,0.4773,0.7353,34,0.016,0.00,0.00,0.00,19.39,0.3897,-0.0458,10.04,1.42,50.00,DO_NOTHING,--,0.00,SUCCEEDED,2,0.050,2.4810,0.2400,1.1079,0.2424,-0.0046,0.016
31.780,30.748,0.978,CLIMB,obstacle1,3.1582,0.2012,-0.0798,0.044834,0.030113,0.059025,0.116,19,0.0494,0.1508,-0.0722,-0.484,0.00000,3.1397,0.2740,-0.0101,0.4017,-0.0231,0.006,0.1701,0.3784,0.7353,34,0.016,0.00,0.00,0.00,20.30,0.3913,-0.0414,10.00,1.42,50.00,DO_NOTHING,--,0.00,SUCCEEDED,2,0.050,2.4810,0.2400,1.1443,0.2422,-0.0046,0.016
31.881,30.846,0.982,CLIMB,obstacle1,3.1582,0.2012,-0.0798,0.044834,0.030113,0.059025,0.214,19,0.0494,0.1508,-0.0722,-0.486,0.00000,3.1785,0.2736,-0.0121,0.3952,-0.0205,0.004,0.1520,0.3240,0.7647,34,0.014,0.00,0.00,0.00,20.17,0.3925,-0.0381,10.04,1.42,50.00,DO_NOTHING,--,0.00,SUCCEEDED,2,0.050,2.4810,0.2400,1.1810,0.2420,-0.0046,0.014
31.981,30.946,0.986,CLIMB,obstacle1,3.1582,0.2012,-0.0798,0.044834,0.030113,0.059025,0.314,19,0.0494,0.1508,-0.0722,-0.486,0.00000,3.2175,0.2731,-0.0140,0.3898,-0.0189,0.004,0.1477,0.3061,0.7879,33,0.014,0.00,0.00,0.00,19.78,0.3933,-0.0356,10.00,1.00,50.00,DO_NOTHING,--,0.00,SUCCEEDED,2,0.050,2.4810,0.2400,1.2178,0.2419,-0.0047,0.014
32.080,31.044,0.984,CLIMB,obstacle1,3.1582,0.2012,-0.0798,0.044834,0.030113,0.059025,0.412,19,0.0494,0.1508,-0.0722,-0.488,0.00000,3.2566,0.2725,-0.0158,0.4089,-0.0186,0.002,0.1434,0.2832,0.7576,33,0.012,0.00,0.00,0.00,19.61,0.3938,-0.0337,10.00,1.00,50.10,DO_NOTHING,--,0.00,SUCCEEDED,2,0.050,2.4810,0.2400,1.2547,0.2417,-0.0047,0.012
32.181,31.146,0.993,CLIMB,obstacle1,3.1582,0.2012,-0.0798,0.044834,0.030113,0.059025,0.514,19,0.0494,0.1508,-0.0722,-0.486,0.00000,3.2957,0.2719,-0.0175,0.3978,-0.0172,0.004,0.1354,0.2654,0.7576,33,0.014,0.00,0.00,0.00,19.23,0.3942,-0.0322,9.91,1.00,50.00,DO_NOTHING,--,0.00,SUCCEEDED,2,0.050,2.4810,0.2400,1.2917,0.2415,-0.0047,0.014
32.281,31.244,0.993,CLIMB,obstacle1,3.1582,0.2012,-0.0798,0.044834,0.030113,0.059025,0.612,19,0.0494,0.1508,-0.0722,-0.488,0.00000,3.3349,0.2712,-0.0191,0.4067,-0.0168,0.002,0.1235,0.2430,0.7812,32,0.012,0.00,0.00,0.00,19.07,0.3944,-0.0310,10.02,1.00,50.00,DO_NOTHING,--,0.00,SUCCEEDED,2,0.050,2.4810,0.2400,1.3287,0.2413,-0.0047,0.012
32.381,31.342,0.991,CLIMB,obstacle1,3.1582,0.2012,-0.0798,0.044834,0.030113,0.059025,0.710,19,0.0494,0.1508,-0.0722,-0.390,0.00000,3.3741,0.2704,-0.0207,0.4135,-0.0165,0.000,0.1165,0.1958,0.7812,32,0.010,0.00,0.00,0.00,18.33,0.3944,-0.0310,10.00,1.00,50.00,DO_NOTHING,--,0.00,SUCCEEDED,2,0.050,2.4810,0.2400,1.3658,0.2412,-0.0048,0.010
32.482,31.442,0.989,CLIMB,obstacle1,3.4360,0.1909,-0.0668,0.060451,0.033212,0.056860,0.110,20,0.0569,0.0767,-0.0463,-0.390,0.07454,3.4133,0.2695,-0.0222,0.4103,-0.0160,0.000,0.1149,0.2055,0.7812,32,0.110,0.00,0.00,0.00,19.11,0.3944,-0.0301,9.98,1.43,50.10,DO_NOTHING,--,0.00,SUCCEEDED,2,0.050,2.4810,0.2400,1.4028,0.2410,-0.0048,0.010
32.581,31.540,0.990,CLIMB,obstacle1,3.4360,0.1909,-0.0668,0.060451,0.033212,0.056860,0.208,20,0.0569,0.0767,-0.0463,-0.392,0.00000,3.4447,0.2688,-0.0234,0.3922,-0.0149,0.018,0.1038,0.1500,0.8438,32,0.108,0.00,0.00,0.00,19.19,0.3944,-0.0294,9.93,1.43,49.90,DO_NOTHING,--,0.00,SUCCEEDED,2,0.050,2.4810,0.2400,1.4399,0.2408,-0.0048,0.008
32.681,31.640,0.992,CLIMB,obstacle1,3.4360,0.1909,-0.0668,0.060451,0.033212,0.056860,0.308,20,0.0569,0.0767,-0.0463,-0.392,0.00000,3.4839,0.2679,-0.0248,0.3922,-0.0147,0.018,0.0938,0.1772,0.8125,32,0.008,0.00,0.00,0.00,19.15,0.3943,-0.0288,10.00,1.43,50.00,DO_NOTHING,--,0.00,SUCCEEDED,2,0.050,2.4810,0.2400,1.4770,0.2406,-0.0048,0.008
32.781,31.738,0.991,CLIMB,obstacle1,3.4360,0.1909,-0.0668,0.060451,0.033212,0.056860,0.406,20,0.0569,0.0767,-0.0463,-0.394,0.00000,3.5231,0.2669,-0.0263,0.4264,-0.0157,0.018,0.0961,0.1950,0.8125,32,0.106,0.00,0.00,0.00,18.64,0.3941,-0.0283,10.00,1.00,49.90,DO_NOTHING,--,0.00,SUCCEEDED,2,0.050,2.4810,0.2400,1.5141,0.2404,-0.0049,0.006
32.880,31.838,0.992,CLIMB,obstacle1,3.4360,0.1909,-0.0668,0.060451,0.033212,0.056860,0.506,20,0.0569,0.0767,-0.0463,-0.394,0.00000,3.5622,0.2658,-0.0277,0.3952,-0.0143,0.018,0.0705,0.1450,0.8750,32,0.106,0.00,0.00,0.00,18.72,0.3939,-0.0279,10.00,1.00,50.10,DO_NOTHING,--,0.00,SUCCEEDED,2,0.050,2.4810,0.2400,1.5512,0.2403,-0.0049,0.006
32.980,31.936,0.990,CLIMB,obstacle1,3.4360,0.1909,-0.0668,0.060451,0.033212,0.056860,0.604,20,0.0569,0.0767,-0.0463,-0.396,0.00000,3.6014,0.2647,-0.0291,0.4294,-0.0154,0.014,0.0597,0.1000,0.9355,31,0.104,0.00,0.00,0.00,18.32,0.3937,-0.0275,9.98,1.00,50.00,DO_NOTHING,--,0.00,SUCCEEDED,2,0.050,2.4810,0.2400,1.5882,0.2401,-0.0049,0.004
33.080,32.034,0.990,CLIMB,obstacle1,3.4360,0.1909,-0.0668,0.060451,0.033212,0.056860,0.702,20,0.0569,0.0767,-0.0463,-0.398,0.00000,3.6406,0.2635,-0.0305,0.3982,-0.0141,0.012,0.0581,0.1000,0.9032,31,0.102,0.00,0.00,0.00,18.32,0.3934,-0.0272,10.02,1.00,50.00,DO_NOTHING,--,0.00,SUCCEEDED,2,0.050,2.4810,0.2400,1.6253,0.2399,-0.0049,0.002
33.181,32.134,0.989,CLIMB,obstacle1,3.7100,0.1858,-0.0569,0.069769,0.034093,0.063745,0.102,21,0.0599,0.0180,-0.0262,-0.398,0.05875,3.6797,0.2623,-0.0319,0.3947,-0.0138,0.012,0.0500,0.1000,0.9667,30,0.102,0.00,0.00,0.00,18.12,0.3934,-0.0272,10.11,1.43,49.90,DO_NOTHING,--,0.00,SUCCEEDED,2,0.050,2.4810,0.2400,1.6623,0.2397,-0.0049,0.002
33.280,32.232,0.988,CLIMB,obstacle1,3.7100,0.1858,-0.0569,0.069769,0.034093,0.063745,0.200,21,0.0599,0.0180,-0.0262,-0.400,0.00000,3.7188,0.2610,-0.0332,0.4042,-0.0140,0.012,0.0517,0.1000,0.9333,30,0.100,0.00,0.00,0.00,17.21,0.3932,-0.0269,10.07,1.43,50.00,DO_NOTHING,--,0.00,SUCCEEDED,2,0.050,2.4810,0.2400,1.6919,0.2396,-0.0050,0.020
33.380,32.332,0.990,CLIMB,obstacle1,3.7100,0.1858,-0.0569,0.069769,0.034093,0.063745,0.300,21,0.0599,0.0180,-0.0262,-0.400,0.00000,3.7578,0.2597,-0.0346,0.3993,-0.0137,0.010,0.0450,0.1000,0.9333,30,0.100,0.00,0.00,0.00,18.29,0.3929,-0.0266,10.00,1.43,49.90,DO_NOTHING,--,0.00,SUCCEEDED,2,0.050,2.4810,0.2400,1.7289,0.2394,-0.0050,0.020
33.481,32.428,0.987,CLIMB,obstacle1,3.7100,0.1858,-0.0569,0.069769,0.034093,0.063745,0.396,21,0.0599,0.0180,-0.0262,-0.404,0.00000,3.7969,0.2583,-0.0359,0.4528,-0.0154,0.006,0.0433,0.1000,0.9333,30,0.096,0.00,0.00,0.00,18.33,0.3926,-0.0263,9.93,1.00,50.00,DO_NOTHING,--,0.00,SUCCEEDED,2,0.050,2.4810,0.2400,1.7659,0.2392,-0.0050,0.016
33.580,32.528,0.989,CLIMB,obstacle1,3.7100,0.1858,-0.0569,0.069769,0.034093,0.063745,0.496,21,0.0599,0.0180,-0.0262,-0.404,0.00000,3.8359,0.2569,-0.0372,0.3969,-0.0134,0.006,0.0283,0.0500,0.9667,30,0.096,0.00,0.00,0.00,18.26,0.3923,-0.0261,10.02,1.00,50.10,DO_NOTHING,--,0.00,SUCCEEDED,2,0.050,2.4810,0.2400,1.8028,0.2390,-0.0050,0.016
33.682,32.608,0.966,CLIMB,obstacle1,3.7100,0.1858,-0.0569,0.069769,0.034093,0.063745,0.576,21,0.0599,0.0180,-0.0262,-0.424,0.00000,3.8671,0.2557,-0.0383,0.5323,-0.0179,0.006,0.0274,0.0521,0.9667,30,0.076,0.00,0.00,0.00,18.01,0.3919,-0.0258,9.85,1.00,49.90,DO_NOTHING,--,0.00,SUCCEEDED,2,0.050,2.4810,0.2400,1.8324,0.2389,-0.0050,0.016
33.780,32.698,0.960,CLIMB,obstacle1,3.7100,0.1858,-0.0569,0.069769,0.034093,0.063745,0.666,21,0.0599,0.0180,-0.0262,-0.434,0.00000,3.8983,0.2545,-0.0393,0.3932,-0.0131,0.016,0.0233,0.0500,1.0000,30,0.066,0.00,0.00,0.00,17.93,0.3919,-0.0258,9.96,1.00,50.00,DO_NOTHING,--,0.00,SUCCEEDED,2,0.050,2.4810,0.2400,1.8693,0.2387,-0.0051,0.006
33.880,32.786,0.945,CLIMB,obstacle1,3.9791,0.1783,-0.0313,0.094886,0.039267,0.064113,0.054,22,0.0633,-0.1094,0.0087,-0.446,0.12748,3.9372,0.2530,-0.0406,0.3930,-0.0130,0.004,0.0241,0.0500,1.0000,29,0.054,0.00,0.00,0.00,17.31,0.3916,-0.0256,10.04,1.43,50.00,DO_NOTHING,--,0.00,SUCCEEDED,2,0.050,2.4810,0.2400,1.8988,0.2385,-0.0051,0.014
33.981,32.882,0.942,CLIMB,obstacle1,3.9791,0.1783,-0.0313,0.094886,0.039267,0.064113,0.150,22,0.0633,-0.1094,0.0087,-0.450,0.00000,3.9761,0.2514,-0.0419,0.4478,-0.0147,0.006,0.0161,0.0500,1.0000,28,0.050,0.00,0.00,0.00,18.15,0.3912,-0.0253,9.91,1.43,50.10,DO_NOTHING,--,0.00,SUCCEEDED,2,0.050,2.4810,0.2400,1.9356,0.2383,-0.0051,0.010
34.080,32.978,0.938,CLIMB,obstacle1,3.9791,0.1783,-0.0313,0.094886,0.039267,0.064113,0.246,22,0.0633,-0.1094,0.0087,-0.454,0.00000,4.0072,0.2500,-0.0429,0.4330,-0.0141,0.016,0.0214,0.0500,1.0000,28,0.046,0.00,0.00,0.00,18.18,0.3909,-0.0251,9.96,1.43,50.00,DO_NOTHING,--,0.00,SUCCEEDED,2,0.050,2.4810,0.2400,1.9725,0.2381,-0.0051,0.006
34.181,33.074,0.940,CLIMB,obstacle1,3.9791,0.1783,-0.0313,0.094886,0.039267,0.064113,0.342,22,0.0633,-0.1094,0.0087,-0.458,0.00000,4.0461,0.2484,-0.0441,0.5304,-0.0172,0.012,0.0161,0.0500,1.0000,28,0.042,0.00,0.00,0.00,18.05,0.3905,-0.0249,9.96,1.00,49.80,DO_NOTHING,--,0.00,SUCCEEDED,2,0.050,2.4810,0.2400,2.0093,0.2379,-0.0051,0.002
34.280,33.168,0.936,CLIMB,obstacle1,3.9791,0.1783,-0.0313,0.094886,0.039267,0.064113,0.436,22,0.0633,-0.1094,0.0087,-0.464,0.00000,4.0849,0.2466,-0.0454,0.3886,-0.0125,0.006,0.0125,0.0500,1.0000,28,0.036,0.00,0.00,0.00,18.76,0.3902,-0.0246,10.04,1.00,50.00,DO_NOTHING,--,0.00,SUCCEEDED,2,0.050,2.4810,0.2400,2.0387,0.2378,-0.0052,0.016
34.380,33.264,0.932,CLIMB,obstacle1,3.9791,0.1783,-0.0313,0.094886,0.039267,0.064113,0.532,22,0.0633,-0.1094,0.0087,-0.468,0.00000,4.1237,0.2448,-0.0466,0.3915,-0.0125,0.002,0.0071,0.0500,1.0000,28,0.032,0.00,0.00,0.00,18.60,0.3898,-0.0244,10.14,1.00,49.90,DO_NOTHING,--,0.00,SUCCEEDED,2,0.050,2.4810,0.2400,2.0754,0.2376,-0.0052,0.012
34.480,33.362,0.934,CLIMB,obstacle1,3.9791,0.1783,-0.0313,0.094886,0.039267,0.064113,0.630,22,0.0633,-0.1094,0.0087,-0.470,0.00000,4.1547,0.2434,-0.0476,0.4027,-0.0127,0.020,0.0097,0.0500,1.0000,28,0.030,0.00,0.00,0.00,18.11,0.3894,-0.0241,10.04,1.00,50.00,DO_NOTHING,--,0.00,SUCCEEDED,2,0.050,2.4810,0.2400,2.1122,0.2374,-0.0052,0.010
34.580,33.462,0.934,CLIMB,obstacle1,4.2429,0.1879,-0.0180,0.099326,0.042663,0.066535,0.030,23,0.0627,-0.1825,0.0307,-0.470,0.07309,4.1934,0.2415,-0.0488,0.3909,-0.0123,0.020,0.0143,0.0500,0.9643,28,0.030,0.00,0.00,0.00,18.12,0.3890,-0.0239,10.14,1.43,50.00,DO_NOTHING,--,0.00,SUCCEEDED,2,0.050,2.4810,0.2400,2.1489,0.2372,-0.0052,0.010
34.681,33.558,0.951,CLIMB,obstacle1,4.2429,0.1879,-0.0180,0.099326,0.042663,0.066535,0.126,23,0.0627,-0.1825,0.0307,-0.474,0.00000,4.2320,0.2396,-0.0495,0.4012,-0.0068,0.016,0.0077,0.0250,1.0000,26,0.026,0.00,0.00,0.00,17.49,0.3890,-0.0239,10.02,1.43,50.10,DO_NOTHING,--,0.00,SUCCEEDED,2,0.050,2.4810,0.2400,2.1855,0.2370,-0.0052,0.006
34.781,33.658,0.969,CLIMB,obstacle1,4.2429,0.1879,-0.0180,0.099326,0.042663,0.066535,0.226,23,0.0627,-0.1825,0.0307,-0.474,0.00000,4.2707,0.2377,-0.0506,0.3901,-0.0112,0.016,0.0038,0.0000,1.0000,26,0.026,0.00,0.00,0.00,17.93,0.3887,-0.0236,9.91,1.43,49.80,DO_NOTHING,--,0.00,SUCCEEDED,2,0.050,2.4810,0.2400,2.2222,0.2368,-0.0052,0.006
34.881,33.754,0.969,CLIMB,obstacle1,4.2429,0.1879,-0.0180,0.099326,0.042663,0.066535,0.322,23,0.0627,-0.1825,0.0307,-0.478,0.00000,4.3093,0.2357,-0.0518,0.4335,-0.0133,0.012,0.0058,0.0250,1.0000,26,0.022,0.00,0.00,0.00,18.56,0.3883,-0.0234,10.09,1.00,49.90,DO_NOTHING,--,0.00,SUCCEEDED,2,0.050,2.4810,0.2400,2.2588,0.2366,-0.0053,0.002
34.980,33.852,0.970,CLIMB,obstacle1,4.2429,0.1879,-0.0180,0.099326,0.042663,0.066535,0.420,23,0.0627,-0.1825,0.0307,-0.480,0.00000,4.3479,0.2337,-0.0529,0.3896,-0.0118,0.010,0.0066,0.0250,1.0000,26,0.020,0.00,0.00,0.00,18.40,0.3879,-0.0232,10.00,1.00,50.00,DO_NOTHING,--,0.00,SUCCEEDED,2,0.050,2.4810,0.2400,2.2880,0.2365,-0.0053,0.020
35.080,33.950,0.972,CLIMB,obstacle1,4.2429,0.1879,-0.0180,0.099326,0.042663,0.066535,0.518,23,0.0627,-0.1825,0.0307,-0.482,0.00000,4.3864,0.2316,-0.0541,0.3861,-0.0116,0.008,0.0173,0.0250,0.9615,26,0.018,0.00,0.00,0.00,17.89,0.3875,-0.0229,9.98,1.00,50.00,DO_NOTHING,--,0.00,SUCCEEDED,2,0.050,2.4810,0.2400,2.3246,0.2363,-0.0053,0.018
35.181,34.050,0.979,CLIMB,obstacle1,4.2429,0.1879,-0.0180,0.099326,0.042663,0.066535,0.618,23,0.0627,-0.1825,0.0307,-0.482,0.00000,4.4249,0.2295,-0.0552,0.5229,-0.0156,0.008,0.0173,0.0500,0.9615,26,0.018,0.00,0.00,0.00,18.89,0.3871,-0.0227,9.96,1.00,50.00,DO_NOTHING,--,0.00,SUCCEEDED,2,0.050,2.4810,0.2400,2.3611,0.2361,-0.0053,0.018
35.281,34.148,0.982,CLIMB,obstacle1,4.5184,0.1689,-0.0220,0.106839,0.050856,0.081057,0.016,24,0.0692,-0.2112,0.0342,-0.484,0.02940,4.4634,0.2273,-0.0564,0.3886,-0.0115,0.006,0.0154,0.0500,0.9615,26,0.016,0.00,0.00,0.00,18.20,0.3867,-0.0224,10.02,1.42,49.90,DO_NOTHING,--,0.00,SUCCEEDED,2,0.050,2.4810,0.2400,2.3976,0.2359,-0.0053,0.016
35.381,34.248,0.984,CLIMB,obstacle1,4.5184,0.1689,-0.0220,0.106839,0.050856,0.081057,0.116,24,0.0692,-0.2112,0.0342,-0.484,0.00000,4.5018,0.2251,-0.0575,0.3947,-0.0116,0.008,0.0100,0.0300,0.9600,25,0.016,0.00,0.00,0.00,17.24,0.3863,-0.0221,9.98,1.42,50.00,DO_NOTHING,--,0.00,SUCCEEDED,2,0.050,2.4810,0.2400,2.4341,0.2357,-0.0054,0.016
35.480,34.348,0.986,CLIMB,obstacle1,4.5184,0.1689,-0.0220,0.106839,0.050856,0.081057,0.216,24,0.0692,-0.2112,0.0342,-0.484,0.00000,4.5402,0.2229,-0.0586,0.3846,-0.0112,0.006,0.0063,0.0000,1.0000,24,0.016,0.00,0.00,0.00,17.09,0.3863,-0.0221,9.98,1.42,50.00,DO_NOTHING,--,0.00,SUCCEEDED,2,0.050,2.4810,0.2400,2.4705,0.2355,-0.0054,0.016
35.581,34.442,0.982,CLIMB,obstacle1,4.5184,0.1689,-0.0220,0.106839,0.050856,0.081057,0.310,24,0.0692,-0.2112,0.0342,-0.390,0.00000,4.5786,0.2206,-0.0597,0.4035,-0.0116,0.002,0.0042,0.0000,1.0000,24,0.010,0.00,0.00,0.00,17.35,0.3859,-0.0219,10.00,1.42,50.00,DO_NOTHING,--,0.00,SUCCEEDED,2,0.050,2.4810,0.2400,2.5069,0.2353,-0.0054,0.010
35.680,34.540,0.982,CLIMB,obstacle1,4.5184,0.1689,-0.0220,0.106839,0.050856,0.081057,0.408,24,0.0692,-0.2112,0.0342,-0.392,0.00000,4.6093,0.2188,-0.0606,0.4305,-0.0123,0.018,0.0083,0.0500,1.0000,24,0.108,0.00,0.00,0.00,17.28,0.3855,-0.0216,10.00,1.00,50.00,DO_NOTHING,--,0.00,SUCCEEDED,2,0.050,2.4810,0.2400,2.5433,0.2351,-0.0054,0.008
35.780,34.640,0.982,CLIMB,obstacle1,4.5184,0.1689,-0.0220,0.106839,0.050856,0.081057,0.508,24,0.0692,-0.2112,0.0342,-0.392,0.00000,4.6476,0.2164,-0.0617,0.3983,-0.0112,0.018,0.0021,0.0000,1.0000,24,0.108,0.00,0.00,0.00,17.28,0.3851,-0.0214,10.00,1.00,50.10,DO_NOTHING,--,0.00,SUCCEEDED,2,0.050,2.4810,0.2400,2.5796,0.2349,-0.0054,0.008
35.880,34.736,0.982,CLIMB,obstacle1,4.5184,0.1689,-0.0220,0.106839,0.050856,0.081057,0.604,24,0.0692,-0.2112,0.0342,-0.396,0.00000,4.6858,0.2141,-0.0628,0.3866,-0.0108,0.014,0.0021,0.0000,1.0000,24,0.104,0.00,0.00,0.00,16.84,0.3846,-0.0211,9.96,1.00,50.10,DO_NOTHING,--,0.00,SUCCEEDED,2,0.050,2.4810,0.2400,2.6159,0.2347,-0.0055,0.004
35.981,34.836,0.984,CLIMB,obstacle1,4.5184,0.1689,-0.0220,0.106839,0.050856,0.081057,0.704,24,0.0692,-0.2112,0.0342,-0.396,0.00000,4.7241,0.2116,-0.0638,0.4692,-0.0130,0.014,0.0021,0.0000,1.0000,24,0.104,0.00,0.00,0.00,17.66,0.3842,-0.0208,9.98,1.00,50.00,DO_NOTHING,--,0.00,SUCCEEDED,2,0.050,2.4810,0.2400,2.6522,0.2345,-0.0055,0.004
36.080,34.930,0.978,CLIMB,obstacle1,4.7838,0.1582,-0.0239,0.119005,0.057669,0.079250,0.098,25,0.0682,-0.2421,0.0400,-0.402,0.03094,4.7622,0.2092,-0.0649,0.3922,-0.0107,0.010,0.0022,0.0000,1.0000,23,0.098,0.00,0.00,0.00,17.28,0.3838,-0.0205,10.00,1.43,50.10,DO_NOTHING,--,0.00,SUCCEEDED,2,0.050,2.4810,0.2400,2.6812,0.2343,-0.0055,0.018
36.180,35.030,0.981,CLIMB,obstacle1,4.7838,0.1582,-0.0239,0.119005,0.057669,0.079250,0.198,25,0.0682,-0.2421,0.0400,-0.402,0.00000,4.8004,0.2067,-0.0659,0.4000,-0.0108,0.010,0.0022,0.0000,1.0000,23,0.098,0.00,0.00,0.00,18.44,0.0000,0.0000,10.04,1.43,50.10,DO_NOTHING,--,0.00,SUCCEEDED,2,0.050,2.4810,0.2400,2.7174,0.2341,-0.0055,0.018
36.281,35.126,0.975,VERIFY_CLIMB,obstacle1,4.7838,0.1582,-0.0239,0.119005,0.057669,0.079250,0.294,25,0.0682,-0.2421,0.0400,-0.406,0.00000,4.8278,0.2049,-0.0659,0.2789,-0.0000,0.006,0.0000,0.0000,1.0000,22,0.094,0.00,0.00,0.00,18.32,0.0000,0.0000,10.00,1.43,50.10,DO_NOTHING,--,0.00,SUCCEEDED,2,0.050,2.4810,0.2400,2.7454,0.2340,-0.0055,0.014
36.380,35.228,0.980,VERIFY_CLIMB,obstacle1,4.7838,0.1582,-0.0239,0.119005,0.057669,0.079250,0.396,25,0.0682,-0.2421,0.0400,-0.404,0.00000,4.8355,0.2044,-0.0659,0.0767,-0.0000,0.006,0.0000,0.0000,1.0000,22,0.096,0.00,0.00,0.00,18.16,0.0000,0.0000,9.98,1.00,50.10,DO_NOTHING,--,0.00,SUCCEEDED,2,0.050,2.4810,0.2400,2.7545,0.2339,-0.0055,0.016
36.481,35.326,0.983,SEARCH_TARGET,obstacle1,4.7838,0.1582,-0.0239,0.119005,0.057669,0.079250,0.494,25,0.0682,-0.2421,0.0400,-0.406,0.00000,4.8355,0.2044,-0.0659,-0.0000,0.0000,0.012,0.0000,0.0000,1.0000,22,0.094,0.00,0.00,0.00,17.54,0.0000,0.0000,10.07,1.00,50.00,DO_NOTHING,--,0.00,SUCCEEDED,2,0.050,2.4810,0.2400,2.7545,0.2339,-0.0055,0.014
36.581,35.426,0.985,SEARCH_TARGET,obstacle1,4.7838,0.1582,-0.0239,0.119005,0.057669,0.079250,0.594,25,0.0682,-0.2421,0.0400,-0.406,0.00000,4.8355,0.2044,-0.0659,-0.0000,0.0000,0.004,0.0000,0.0000,1.0000,22,0.094,0.00,0.00,0.00,17.17,0.0000,0.0000,10.02,1.00,50.00,DO_NOTHING,--,0.00,SUCCEEDED,2,0.050,2.4810,0.2400,2.7545,0.2339,-0.0055,0.014
36.681,35.522,0.980,STOW_ARM,obstacle1,4.7838,0.1582,-0.0239,0.119005,0.057669,0.079250,0.690,25,0.0682,-0.2421,0.0400,-0.410,0.00000,4.8355,0.2044,-0.0659,-0.0000,0.0000,0.020,0.0000,0.0000,1.0000,22,0.090,0.00,0.00,0.00,16.09,0.0000,0.0000,10.14,1.00,49.90,DO_NOTHING,--,0.00,SUCCEEDED,2,0.050,2.4810,0.2400,2.7545,0.2339,-0.0055,0.010
36.781,35.622,0.983,STOW_ARM,obstacle1,4.7838,0.1582,-0.0239,0.119005,0.057669,0.079250,0.790,25,0.0682,-0.2421,0.0400,-0.410,0.00000,4.8355,0.2044,-0.0659,-0.0000,0.0000,0.000,0.0000,0.0000,1.0000,22,0.090,0.00,0.00,0.00,15.02,0.0000,0.0000,10.04,1.00,50.10,DO_NOTHING,--,0.00,SUCCEEDED,2,0.050,2.4810,0.2400,2.7545,0.2339,-0.0055,0.010
36.880,35.722,0.986,STOW_ARM,obstacle1,4.7838,0.1582,-0.0239,0.119005,0.057669,0.079250,0.890,25,0.0682,-0.2421,0.0400,-0.410,0.00000,4.8355,0.2044,-0.0659,-0.0000,0.0000,0.020,0.0000,0.0000,1.0000,22,0.090,0.00,0.00,0.00,14.71,0.0000,0.0000,9.89,1.00,50.00,DO_NOTHING,--,0.00,SUCCEEDED,2,0.050,2.4810,0.2400,2.7545,0.2339,-0.0055,0.010
36.981,35.822,0.990,STOW_ARM,obstacle1,4.7838,0.1582,-0.0239,0.119005,0.057669,0.079250,0.990,25,0.0682,-0.2421,0.0400,-0.410,0.00000,4.8355,0.2044,-0.0659,-0.0000,0.0000,0.000,0.0000,0.0000,1.0000,22,0.090,0.00,0.00,0.00,13.77,0.0000,0.0000,10.02,1.00,50.00,DO_NOTHING,--,0.00,SUCCEEDED,2,0.050,2.4810,0.2400,2.7545,0.2339,-0.0055,0.010
37.081,35.920,0.989,STOW_ARM,obstacle1,4.7838,0.1582,-0.0239,0.119005,0.057669,0.079250,1.088,25,0.0682,-0.2421,0.0400,-0.412,0.00000,4.8355,0.2044,-0.0659,-0.0000,0.0000,0.018,0.0000,0.0000,1.0000,22,0.088,0.00,0.00,0.00,12.77,0.0000,0.0000,9.80,0.00,49.90,DO_NOTHING,--,0.00,SUCCEEDED,2,0.050,2.4810,0.2400,2.7545,0.2339,-0.0055,0.008
37.180,36.020,0.990,STOW_ARM,obstacle1,4.7838,0.1582,-0.0239,0.119005,0.057669,0.079250,1.188,25,0.0682,-0.2421,0.0400,-0.412,0.00000,4.8355,0.2044,-0.0659,-0.0000,0.0000,0.018,0.0000,0.0000,1.0000,22,0.088,0.00,0.00,0.00,10.62,0.0000,0.0000,9.98,0.00,50.00,DO_NOTHING,--,0.00,SUCCEEDED,2,0.050,2.4810,0.2400,2.7545,0.2339,-0.0055,0.008
37.281,36.112,0.986,STOW_ARM,obstacle1,4.7838,0.1582,-0.0239,0.119005,0.057669,0.079250,1.280,25,0.0682,-0.2421,0.0400,-0.420,0.00000,4.8355,0.2044,-0.0659,-0.0000,0.0000,0.010,0.0000,0.0000,1.0000,22,0.080,0.00,0.00,0.00,10.69,0.0000,0.0000,10.04,0.00,50.00,DO_NOTHING,--,0.00,SUCCEEDED,2,0.050,2.4810,0.2400,2.7545,0.2339,-0.0055,0.020
37.380,36.212,0.984,STOW_ARM,obstacle1,4.7838,0.1582,-0.0239,0.119005,0.057669,0.079250,1.380,25,0.0682,-0.2421,0.0400,-0.420,0.00000,4.8355,0.2044,-0.0659,-0.0000,0.0000,0.010,0.0000,0.0000,1.0000,22,0.080,0.00,0.00,0.00,10.72,0.0000,0.0000,9.93,0.00,50.00,DO_NOTHING,--,0.00,SUCCEEDED,2,0.050,2.4810,0.2400,2.7545,0.2339,-0.0055,0.000
37.480,36.304,0.979,STOW_ARM,obstacle1,4.7838,0.1582,-0.0239,0.119005,0.057669,0.079250,1.472,25,0.0682,-0.2421,0.0400,-0.428,0.00000,4.8355,0.2044,-0.0659,-0.0000,0.0000,0.002,0.0000,0.0000,1.0000,22,0.072,0.00,0.00,0.00,10.84,0.0000,0.0000,9.98,0.00,50.00,DO_NOTHING,--,0.00,SUCCEEDED,2,0.050,2.4810,0.2400,2.7545,0.2339,-0.0055,0.012
37.580,36.406,0.980,STOW_ARM,obstacle1,4.7838,0.1582,-0.0239,0.119005,0.057669,0.079250,1.574,25,0.0682,-0.2421,0.0400,-0.426,0.00000,4.8355,0.2044,-0.0659,-0.0000,0.0000,0.006,0.0000,0.0000,1.0000,22,0.074,0.00,0.00,0.00,10.95,0.0000,0.0000,9.93,0.00,50.00,DO_NOTHING,--,0.00,SUCCEEDED,2,0.050,2.4810,0.2400,2.7545,0.2339,-0.0055,0.014
37.681,36.500,0.976,STOW_ARM,obstacle1,4.7838,0.1582,-0.0239,0.119005,0.057669,0.079250,1.668,25,0.0682,-0.2421,0.0400,-0.432,0.00000,4.8355,0.2044,-0.0659,-0.0000,0.0000,0.018,0.0000,0.0000,1.0000,22,0.068,0.00,0.00,0.00,11.16,0.0000,0.0000,9.98,0.00,50.10,DO_NOTHING,--,0.00,SUCCEEDED,2,0.050,2.4810,0.2400,2.7545,0.2339,-0.0055,0.008
37.781,36.600,0.979,STOW_ARM,obstacle1,4.7838,0.1582,-0.0239,0.119005,0.057669,0.079250,1.768,25,0.0682,-0.2421,0.0400,-0.432,0.00000,4.8355,0.2044,-0.0659,-0.0000,0.0000,0.018,0.0000,0.0000,1.0000,22,0.068,0.00,0.00,0.00,11.49,0.0000,0.0000,10.11,0.00,50.00,DO_NOTHING,--,0.00,SUCCEEDED,2,0.050,2.4810,0.2400,2.7545,0.2339,-0.0055,0.008
37.881,36.696,0.972,STOW_ARM,obstacle1,4.7838,0.1582,-0.0239,0.119005,0.057669,0.079250,1.864,25,0.0682,-0.2421,0.0400,-0.436,0.00000,4.8355,0.2044,-0.0659,-0.0000,0.0000,0.014,0.0000,0.0000,1.0000,22,0.064,0.00,0.00,0.00,12.10,0.0000,0.0000,9.98,0.00,50.00,DO_NOTHING,--,0.00,SUCCEEDED,2,0.050,2.4810,0.2400,2.7545,0.2339,-0.0055,0.004
37.981,36.796,0.974,STOW_ARM,obstacle1,4.7838,0.1582,-0.0239,0.119005,0.057669,0.079250,1.964,25,0.0682,-0.2421,0.0400,-0.436,0.00000,4.8355,0.2044,-0.0659,-0.0000,0.0000,0.016,0.0000,0.0000,1.0000,22,0.064,0.00,0.00,0.00,10.10,0.0000,0.0000,10.18,0.00,49.90,DO_NOTHING,--,0.00,SUCCEEDED,2,0.050,2.4810,0.2400,2.7545,0.2339,-0.0055,0.004
38.080,36.870,0.950,STOW_ARM,obstacle1,4.7838,0.1582,-0.0239,0.119005,0.057669,0.079250,2.038,25,0.0682,-0.2421,0.0400,-0.462,0.00000,4.8355,0.2044,-0.0659,-0.0000,0.0000,0.008,0.0000,0.0000,1.0000,22,0.038,0.00,0.00,0.00,10.00,0.0000,0.0000,9.98,0.00,50.00,DO_NOTHING,--,0.00,SUCCEEDED,2,0.050,2.4810,0.2400,2.7545,0.2339,-0.0055,0.018
38.180,36.964,0.947,STOW_ARM,obstacle1,4.7838,0.1582,-0.0239,0.119005,0.057669,0.079250,2.132,25,0.0682,-0.2421,0.0400,-0.468,0.00000,4.8355,0.2044,-0.0659,-0.0000,0.0000,0.002,0.0000,0.0000,1.0000,22,0.032,0.00,0.00,0.00,1.00,0.0000,0.0000,9.96,0.00,49.90,DO_NOTHING,--,0.00,SUCCEEDED,2,0.050,2.4810,0.2400,2.7545,0.2339,-0.0055,0.012
38.281,37.066,0.949,STOW_ARM,obstacle1,4.7838,0.1582,-0.0239,0.119005,0.057669,0.079250,2.234,25,0.0682,-0.2421,0.0400,-0.466,0.00000,4.8355,0.2044,-0.0659,-0.0000,0.0000,0.004,0.0177,0.0871,0.8889,27,0.034,0.00,0.00,0.00,0.00,0.0000,0.0000,10.04,0.00,50.00,DO_NOTHING,--,0.00,SUCCEEDED,2,0.050,2.4810,0.2400,2.7545,0.2339,-0.0055,0.014
38.381,37.160,0.951,STOW_ARM,obstacle1,4.7838,0.1582,-0.0239,0.119005,0.057669,0.079250,2.328,25,0.0682,-0.2421,0.0400,-0.472,0.00000,4.8355,0.2044,-0.0659,-0.0000,0.0000,0.018,0.0134,0.0671,0.8800,25,0.028,0.00,0.00,0.00,0.00,0.0000,0.0000,10.00,0.00,50.00,DO_NOTHING,--,0.00,SUCCEEDED,2,0.050,2.4810,0.2400,2.7545,0.2339,-0.0055,0.008
38.481,37.262,0.951,STOW_ARM,obstacle1,4.7838,0.1582,-0.0239,0.119005,0.057669,0.079250,2.430,25,0.0682,-0.2421,0.0400,-0.470,0.00000,4.8355,0.2044,-0.0659,-0.0000,0.0000,0.020,0.0172,0.1118,0.8462,26,0.030,0.00,0.00,0.00,0.00,0.0000,0.0000,10.00,0.00,49.90,DO_NOTHING,--,0.00,SUCCEEDED,2,0.050,2.4810,0.2400,2.7545,0.2339,-0.0055,0.010
38.581,37.358,0.954,STOW_ARM,obstacle1,4.7838,0.1582,-0.0239,0.119005,0.057669,0.079250,2.526,25,0.0682,-0.2421,0.0400,-0.474,0.00000,4.8355,0.2044,-0.0659,-0.0000,0.0000,0.016,0.0049,0.0000,0.9565,23,0.026,0.00,0.00,0.00,0.00,0.0000,0.0000,10.00,0.00,50.00,DO_NOTHING,--,0.00,SUCCEEDED,2,0.050,2.4810,0.2400,2.7545,0.2339,-0.0055,0.006
38.680,37.458,0.959,STOW_ARM,obstacle1,4.7838,0.1582,-0.0239,0.119005,0.057669,0.079250,2.626,25,0.0682,-0.2421,0.0400,-0.474,0.00000,4.8355,0.2044,-0.0659,-0.0000,0.0000,0.016,0.0000,0.0000,1.0000,22,0.026,0.00,0.00,0.00,0.00,0.0000,0.0000,10.07,0.00,50.00,DO_NOTHING,--,0.00,SUCCEEDED,2,0.050,2.4810,0.2400,2.7545,0.2339,-0.0055,0.006
38.780,37.558,0.958,STOW_ARM,obstacle1,4.7838,0.1582,-0.0239,0.119005,0.057669,0.079250,2.726,25,0.0682,-0.2421,0.0400,-0.474,0.00000,4.8355,0.2044,-0.0659,-0.0000,0.0000,0.016,0.0000,0.0000,1.0000,22,0.026,0.00,0.00,0.00,0.00,0.0000,0.0000,10.00,0.00,50.00,DO_NOTHING,--,0.00,SUCCEEDED,2,0.050,2.4810,0.2400,2.7545,0.2339,-0.0055,0.006
38.880,37.658,0.962,STOW_ARM,obstacle1,4.7838,0.1582,-0.0239,0.119005,0.057669,0.079250,2.826,25,0.0682,-0.2421,0.0400,-0.474,0.00000,4.8355,0.2044,-0.0659,-0.0000,0.0000,0.016,0.0000,0.0000,1.0000,22,0.026,0.00,0.00,0.00,0.00,0.0000,0.0000,9.98,0.00,50.00,DO_NOTHING,--,0.00,SUCCEEDED,2,0.050,2.4810,0.2400,2.7545,0.2339,-0.0055,0.006
38.980,37.756,0.960,STOW_ARM,obstacle1,4.7838,0.1582,-0.0239,0.119005,0.057669,0.079250,2.924,25,0.0682,-0.2421,0.0400,-0.476,0.00000,4.8355,0.2044,-0.0659,-0.0000,0.0000,0.014,0.0000,0.0000,1.0000,22,0.024,0.00,0.00,0.00,0.00,0.0000,0.0000,10.00,0.00,50.00,DO_NOTHING,--,0.00,SUCCEEDED,2,0.050,2.4810,0.2400,2.7545,0.2339,-0.0055,0.004
39.080,37.858,0.988,STOW_ARM,obstacle1,4.7838,0.1582,-0.0239,0.119005,0.057669,0.079250,3.026,25,0.0682,-0.2421,0.0400,-0.474,0.00000,4.8355,0.2044,-0.0659,-0.0000,0.0000,0.016,0.0000,0.0000,1.0000,22,0.026,0.00,0.00,0.00,0.00,0.0000,0.0000,10.02,0.00,50.00,DO_NOTHING,--,0.00,SUCCEEDED,2,0.050,2.4810,0.2400,2.7545,0.2339,-0.0055,0.006
39.180,37.956,0.989,STOW_ARM,obstacle1,4.7838,0.1582,-0.0239,0.119005,0.057669,0.079250,3.124,25,0.0682,-0.2421,0.0400,-0.476,0.00000,4.8355,0.2044,-0.0659,-0.0000,0.0000,0.014,0.0000,0.0000,1.0000,22,0.024,0.00,0.00,0.00,0.00,0.0000,0.0000,9.96,0.00,50.00,DO_NOTHING,--,0.00,SUCCEEDED,2,0.050,2.4810,0.2400,2.7545,0.2339,-0.0055,0.004
39.280,38.058,0.992,STOW_ARM,obstacle1,4.7838,0.1582,-0.0239,0.119005,0.057669,0.079250,3.226,25,0.0682,-0.2421,0.0400,-0.474,0.00000,4.8355,0.2044,-0.0659,-0.0000,0.0000,0.016,0.0000,0.0000,1.0000,22,0.026,0.00,0.00,0.00,0.00,0.0000,0.0000,10.02,0.00,50.00,DO_NOTHING,--,0.00,SUCCEEDED,2,0.050,2.4810,0.2400,2.7545,0.2339,-0.0055,0.006
39.380,38.158,0.998,STOW_ARM,obstacle1,4.7838,0.1582,-0.0239,0.119005,0.057669,0.079250,3.326,25,0.0682,-0.2421,0.0400,-0.474,0.00000,4.8355,0.2044,-0.0659,-0.0000,0.0000,0.016,0.0000,0.0000,1.0000,22,0.026,0.00,0.00,0.00,0.00,0.0000,0.0000,10.00,0.00,49.90,DO_NOTHING,--,0.00,SUCCEEDED,2,0.050,2.4810,0.2400,2.7545,0.2339,-0.0055,0.006
39.480,38.258,0.996,STOW_ARM,obstacle1,4.7838,0.1582,-0.0239,0.119005,0.057669,0.079250,3.426,25,0.0682,-0.2421,0.0400,-0.474,0.00000,4.8355,0.2044,-0.0659,-0.0000,0.0000,0.016,0.0000,0.0000,1.0000,22,0.026,0.00,0.00,0.00,0.00,0.0000,0.0000,10.00,0.00,50.00,DO_NOTHING,--,0.00,SUCCEEDED,2,0.050,2.4810,0.2400,2.7545,0.2339,-0.0055,0.006
39.581,38.352,0.993,STOW_ARM,obstacle1,4.7838,0.1582,-0.0239,0.119005,0.057669,0.079250,3.520,25,0.0682,-0.2421,0.0400,-0.480,0.00000,4.8355,0.2044,-0.0659,-0.0000,0.0000,0.010,0.0000,0.0000,1.0000,22,0.020,0.00,0.00,0.00,0.00,0.0000,0.0000,9.98,0.00,49.90,DO_NOTHING,--,0.00,SUCCEEDED,2,0.050,2.4810,0.2400,2.7545,0.2339,-0.0055,0.020
39.680,38.456,0.998,STOW_ARM,obstacle1,4.7838,0.1582,-0.0239,0.119005,0.057669,0.079250,3.624,25,0.0682,-0.2421,0.0400,-0.476,0.00000,4.8355,0.2044,-0.0659,-0.0000,0.0000,0.014,0.0000,0.0000,1.0000,22,0.024,0.00,0.00,0.00,0.00,0.0000,0.0000,10.00,0.00,50.10,DO_NOTHING,--,0.00,SUCCEEDED,2,0.050,2.4810,0.2400,2.7545,0.2339,-0.0055,0.004
39.780,38.546,0.987,APPROACH_TARGET,obstacle1,4.7838,0.1582,-0.0239,0.119005,0.057669,0.079250,3.714,25,0.0682,-0.2421,0.0400,-0.486,0.00000,4.8355,0.2044,-0.0659,-0.0000,0.0000,0.004,0.0000,0.0000,1.0000,22,0.014,0.00,0.00,0.00,0.00,0.0000,0.0000,10.07,0.00,49.90,DO_NOTHING,--,0.00,SUCCEEDED,2,0.050,2.4810,0.2400,2.7545,0.2339,-0.0055,0.014
39.881,38.644,0.986,APPROACH_TARGET,obstacle1,4.7838,0.1582,-0.0239,0.119005,0.057669,0.079250,3.812,25,0.0682,-0.2421,0.0400,-0.388,0.00000,4.8360,0.2043,-0.0659,0.0044,-0.0000,0.002,0.0000,0.0000,1.0000,22,0.012,0.00,0.00,0.00,1.00,0.1800,-0.0000,10.04,0.00,50.10,DO_NOTHING,--,0.00,SUCCEEDED,2,0.050,2.4810,0.2400,2.7546,0.2339,-0.0055,0.012
39.980,38.740,0.984,APPROACH_TARGET,obstacle1,4.7838,0.1582,-0.0239,0.119005,0.057669,0.079250,3.908,25,0.0682,-0.2421,0.0400,-0.392,0.00000,4.8461,0.2037,-0.0659,0.1214,-0.0000,0.018,0.0023,0.0000,1.0000,22,0.008,0.00,0.00,0.00,19.61,0.1800,0.0000,10.08,0.00,50.00,DO_NOTHING,--,0.00,SUCCEEDED,2,0.050,2.4810,0.2400,2.7661,0.2339,-0.0055,0.008
40.080,38.838,0.980,APPROACH_TARGET,obstacle1,4.7838,0.1582,-0.0239,0.119005,0.057669,0.079250,4.006,25,0.0682,-0.2421,0.0400,-0.394,0.00000,4.8641,0.2025,-0.0659,0.2032,0.0000,0.016,0.0023,0.0000,1.0000,22,0.106,0.00,0.00,0.00,20.20,0.1800,0.0000,10.07,0.00,50.00,DO_NOTHING,--,0.00,SUCCEEDED,2,0.050,2.4810,0.2400,2.7832,0.2338,-0.0055,0.006
40.181,38.938,0.977,APPROACH_TARGET,obstacle1,4.7838,0.1582,-0.0239,0.119005,0.057669,0.079250,4.106,25,0.0682,-0.2421,0.0400,-0.394,0.00000,4.8820,0.2013,-0.0659,0.1830,0.0000,0.016,0.0023,0.0000,1.0000,22,0.106,0.00,0.00,0.00,20.13,0.1800,0.0000,10.00,0.00,50.00,DO_NOTHING,--,0.00,SUCCEEDED,2,0.050,2.4810,0.2400,2.8003,0.2337,-0.0055,0.006
40.280,39.032,0.974,APPROACH_TARGET,obstacle1,4.7838,0.1582,-0.0239,0.119005,0.057669,0.079250,4.200,25,0.0682,-0.2421,0.0400,-0.400,0.00000,4.9000,0.2001,-0.0659,0.2167,0.0000,0.016,0.0023,0.0000,1.0000,22,0.100,0.00,0.00,0.00,20.10,0.1800,0.0000,9.74,0.00,50.00,DO_NOTHING,--,0.00,SUCCEEDED,2,0.050,2.4810,0.2400,2.8140,0.2336,-0.0055,0.020
40.380,39.130,0.972,APPROACH_TARGET,obstacle1,4.7838,0.1582,-0.0239,0.119005,0.057669,0.079250,4.298,25,0.0682,-0.2421,0.0400,-0.402,0.00000,4.9179,0.1989,-0.0659,0.1935,0.0000,0.008,0.0068,0.0450,1.0000,22,0.098,0.00,0.00,0.00,20.08,0.1800,0.0000,9.96,0.00,50.00,DO_NOTHING,--,0.00,SUCCEEDED,2,0.050,2.4810,0.2400,2.8312,0.2335,-0.0055,0.018
40.481,39.232,0.978,APPROACH_TARGET,obstacle1,4.7838,0.1582,-0.0239,0.119005,0.057669,0.079250,4.400,25,0.0682,-0.2421,0.0400,-0.400,0.00000,4.9359,0.1977,-0.0659,0.1830,0.0000,0.010,0.0068,0.0450,1.0000,22,0.100,0.00,0.00,0.00,20.07,0.1800,0.0000,9.89,0.00,50.10,DO_NOTHING,--,0.00,SUCCEEDED,2,0.050,2.4810,0.2400,2.8483,0.2334,-0.0055,0.020
40.580,39.330,0.979,APPROACH_TARGET,obstacle1,4.7838,0.1582,-0.0239,0.119005,0.057669,0.079250,4.498,25,0.0682,-0.2421,0.0400,-0.402,0.00000,4.9539,0.1966,-0.0659,0.1815,0.0000,0.008,0.0068,0.0450,1.0000,22,0.098,0.00,0.00,0.00,19.94,0.1800,0.0000,10.00,0.00,50.00,DO_NOTHING,--,0.00,SUCCEEDED,2,0.050,2.4810,0.2400,2.8654,0.2333,-0.0055,0.018
40.681,39.424,0.975,APPROACH_TARGET,obstacle1,4.7838,0.1582,-0.0239,0.119005,0.057669,0.079250,4.592,25,0.0682,-0.2421,0.0400,-0.408,0.00000,4.9718,0.1954,-0.0659,0.1884,0.0000,0.002,0.0071,0.0500,1.0000,21,0.092,0.00,0.00,0.00,20.15,0.1800,0.0000,10.02,0.00,50.00,DO_NOTHING,--,0.00,SUCCEEDED,2,0.050,2.4810,0.2400,2.8825,0.2332,-0.0055,0.012
40.781,39.522,0.976,APPROACH_TARGET,obstacle1,4.7838,0.1582,-0.0239,0.119005,0.057669,0.079250,4.690,25,0.0682,-0.2421,0.0400,-0.410,0.00000,4.9862,0.1944,-0.0659,0.1937,0.0000,0.020,0.0048,0.0000,1.0000,21,0.090,0.00,0.00,0.00,20.04,0.1800,0.0000,9.96,0.00,50.00,DO_NOTHING,--,0.00,SUCCEEDED,2,0.050,2.4810,0.2400,2.8996,0.2331,-0.0055,0.010
40.881,39.616,0.972,APPROACH_TARGET,obstacle1,5.0380,0.1401,-0.0316,0.132397,0.075484,0.075995,0.084,26,0.0558,-0.2250,0.0343,-0.416,0.02115,5.0042,0.1932,-0.0659,0.1830,0.0000,0.014,0.0048,0.0000,1.0000,21,0.084,0.00,0.00,0.00,20.17,0.1800,0.0000,10.00,1.00,49.70,DO_NOTHING,--,0.00,SUCCEEDED,2,0.050,2.4810,0.2400,2.9168,0.2330,-0.0055,0.004
40.980,39.716,0.976,APPROACH_TARGET,obstacle1,5.0380,0.1401,-0.0316,0.132397,0.075484,0.075995,0.184,26,0.0558,-0.2250,0.0343,-0.416,0.00000,5.0220,0.1921,-0.0654,0.1837,0.0050,0.014,0.0071,0.0500,1.0000,21,0.084,0.00,0.00,0.00,20.20,0.1800,-0.0006,9.93,1.00,50.00,DO_NOTHING,--,0.00,SUCCEEDED,2,0.050,2.4810,0.2400,2.9340,0.2329,-0.0055,0.004
41.081,39.802,0.960,APPROACH_TARGET,obstacle1,5.0380,0.1401,-0.0316,0.132397,0.075484,0.075995,0.270,26,0.0558,-0.2250,0.0343,-0.430,0.00000,5.0362,0.1911,-0.0644,0.1780,0.0126,0.020,0.0071,0.0500,1.0000,21,0.070,0.00,0.00,0.00,20.37,0.1800,-0.0018,10.04,1.00,50.00,DO_NOTHING,--,0.00,SUCCEEDED,2,0.050,2.4810,0.2400,2.9478,0.2329,-0.0054,0.010
41.181,39.898,0.960,APPROACH_TARGET,obstacle1,5.0380,0.1401,-0.0316,0.132397,0.075484,0.075995,0.366,26,0.0558,-0.2250,0.0343,-0.434,0.00000,5.0540,0.1900,-0.0635,0.1828,0.0092,0.016,0.0068,0.0450,1.0000,22,0.066,0.00,0.00,0.00,20.45,0.1800,-0.0029,10.25,1.00,49.90,DO_NOTHING,--,0.00,SUCCEEDED,2,0.050,2.4810,0.2400,2.9651,0.2328,-0.0054,0.006
41.281,39.996,0.962,APPROACH_TARGET,obstacle1,5.0380,0.1401,-0.0316,0.132397,0.075484,0.075995,0.464,26,0.0558,-0.2250,0.0343,-0.436,0.00000,5.0719,0.1889,-0.0630,0.1803,0.0050,0.014,0.0068,0.0450,1.0000,22,0.064,0.00,0.00,0.00,20.49,0.1800,-0.0035,10.07,1.00,50.00,DO_NOTHING,--,0.00,SUCCEEDED,2,0.050,2.4810,0.2400,2.9824,0.2327,-0.0053,0.004
41.380,40.092,0.956,APPROACH_TARGET,obstacle1,5.0380,0.1401,-0.0316,0.132397,0.075484,0.075995,0.560,26,0.0558,-0.2250,0.0343,-0.440,0.00000,5.0898,0.1877,-0.0629,0.1808,0.0011,0.010,0.0125,0.0500,1.0000,24,0.060,0.00,0.00,0.00,21.47,0.1800,-0.0036,10.09,1.00,50.00,DO_NOTHING,--,0.00,SUCCEEDED,2,0.050,2.4810,0.2400,2.9963,0.2326,-0.0053,0.020
41.480,40.192,0.961,APPROACH_TARGET,obstacle1,5.0380,0.1401,-0.0316,0.132397,0.075484,0.075995,0.660,26,0.0558,-0.2250,0.0343,-0.440,0.00000,5.1077,0.1866,-0.0631,0.1813,-0.0025,0.010,0.0120,0.0500,1.0000,25,0.060,0.00,0.00,0.00,21.47,0.1800,-0.0033,10.00,1.00,50.00,DO_NOTHING,--,0.00,SUCCEEDED,2,0.050,2.4810,0.2400,3.0138,0.2325,-0.0052,0.020
41.581,40.292,0.964,APPROACH_TARGET,obstacle1,5.0380,0.1401,-0.0316,0.132397,0.075484,0.075995,0.760,26,0.0558,-0.2250,0.0343,-0.440,0.00000,5.1256,0.1855,-0.0637,0.1811,-0.0061,0.010,0.0130,0.0500,1.0000,27,0.060,0.00,0.00,0.00,21.56,0.1800,-0.0026,9.96,1.00,50.10,DO_NOTHING,--,0.00,SUCCEEDED,2,0.050,2.4810,0.2400,3.0347,0.2324,-0.0051,0.000
41.680,40.392,0.968,APPROACH_TARGET,obstacle1,5.0380,0.1401,-0.0316,0.132397,0.075484,0.075995,0.860,26,0.0558,-0.2250,0.0343,-0.440,0.00000,5.1435,0.1843,-0.0647,0.1790,-0.0093,0.010,0.0117,0.0500,1.0000,30,0.060,0.00,0.00,0.00,21.41,0.1800,-0.0022,10.00,1.00,50.00,DO_NOTHING,--,0.00,SUCCEEDED,2,0.050,2.4810,0.2400,3.0486,0.2323,-0.0051,0.020
41.781,40.492,0.973,APPROACH_TARGET,obstacle1,5.0380,0.1401,-0.0316,0.132397,0.075484,0.075995,0.960,26,0.0558,-0.2250,0.0343,-0.440,0.00000,5.1613,0.1832,-0.0659,0.1798,-0.0124,0.010,0.0145,0.0500,1.0000,38,0.060,0.00,0.00,0.00,21.41,0.1800,-0.0006,9.96,1.00,50.00,DO_NOTHING,--,0.00,SUCCEEDED,2,0.050,2.4810,0.2400,3.0692,0.2322,-0.0050,0.000
41.880,40.592,0.976,APPROACH_TARGET,obstacle1,5.0380,0.1401,-0.0316,0.132397,0.075484,0.075995,1.060,26,0.0558,-0.2250,0.0343,-0.440,0.00000,5.1791,0.1820,-0.0667,0.1803,-0.0079,0.010,0.0122,0.0500,1.0000,49,0.060,0.00,0.00,0.00,21.28,0.1800,0.0008,10.02,0.00,50.00,DO_NOTHING,--,0.00,SUCCEEDED,2,0.050,2.4810,0.2400,3.0832,0.2322,-0.0049,0.020
41.980,40.692,0.989,APPROACH_TARGET,obstacle1,5.0380,0.1401,-0.0316,0.132397,0.075484,0.075995,1.160,26,0.0558,-0.2250,0.0343,-0.440,0.00000,5.1971,0.1808,-0.0666,0.1815,0.0007,0.010,0.0112,0.0500,1.0000,49,0.060,0.00,0.00,0.00,21.28,0.1800,0.0009,9.93,0.00,50.00,DO_NOTHING,--,0.00,SUCCEEDED,2,0.050,2.4810,0.2400,3.1012,0.2321,-0.0049,0.020
42.080,40.790,0.988,APPROACH_TARGET,obstacle1,5.0380,0.1401,-0.0316,0.132397,0.075484,0.075995,1.258,26,0.0558,-0.2250,0.0343,-0.442,0.00000,5.2151,0.1796,-0.0665,0.1884,0.0009,0.008,0.0112,0.0500,1.0000,49,0.058,0.00,0.00,0.00,20.96,0.1800,0.0008,10.00,0.00,50.00,DO_NOTHING,--,0.00,SUCCEEDED,2,0.050,2.4810,0.2400,3.1192,0.2320,-0.0048,0.018
42.180,40.892,0.994,APPROACH_TARGET,obstacle1,5.0380,0.1401,-0.0316,0.132397,0.075484,0.075995,1.360,26,0.0558,-0.2250,0.0343,-0.440,0.00000,5.2330,0.1784,-0.0665,0.1830,0.0008,0.010,0.0112,0.0500,1.0000,49,0.060,0.00,0.00,0.00,20.88,0.1800,0.0007,9.96,0.00,50.00,DO_NOTHING,--,0.00,SUCCEEDED,2,0.050,2.4810,0.2400,3.1372,0.2319,-0.0047,0.020
42.280,40.990,0.995,APPROACH_TARGET,obstacle1,5.2662,0.1256,-0.0227,0.125238,0.081810,0.072499,0.058,27,0.0370,-0.2810,0.0437,-0.442,0.05911,5.2519,0.1771,-0.0656,0.1894,0.0087,0.008,0.0133,0.0500,1.0000,49,0.058,0.00,0.00,0.00,21.93,0.2200,0.0379,9.98,1.00,49.90,DO_NOTHING,--,0.00,SUCCEEDED,2,0.050,2.4810,0.2400,3.1557,0.2319,-0.0044,0.018
42.381,41.086,0.993,APPROACH_TARGET,obstacle1,5.2662,0.1256,-0.0227,0.125238,0.081810,0.072499,0.154,27,0.0370,-0.2810,0.0437,-0.446,0.00000,5.2739,0.1757,-0.0618,0.2200,0.0379,0.004,0.0143,0.0500,1.0000,49,0.054,0.00,0.00,0.00,20.88,0.2200,0.0378,9.96,1.00,50.00,DO_NOTHING,--,0.00,SUCCEEDED,2,0.050,2.4810,0.2400,3.1777,0.2322,-0.0004,0.014
42.480,41.184,0.992,APPROACH_TARGET,obstacle1,5.2662,0.1256,-0.0227,0.125238,0.081810,0.072499,0.252,27,0.0370,-0.2810,0.0437,-0.448,0.00000,5.2958,0.1744,-0.0582,0.2237,0.0365,0.002,0.0133,0.0500,1.0000,49,0.052,0.00,0.00,0.00,20.88,0.2200,0.0318,9.96,1.00,50.00,DO_NOTHING,--,0.00,SUCCEEDED,2,0.050,2.4810,0.2400,3.1997,0.2326,0.0035,0.012
42.580,41.282,0.991,APPROACH_TARGET,obstacle1,5.2662,0.1256,-0.0227,0.125238,0.081810,0.072499,0.350,27,0.0370,-0.2810,0.0437,-0.450,0.00000,5.3178,0.1732,-0.0551,0.2514,0.0351,0.000,0.0133,0.0500,1.0000,49,0.050,0.00,0.00,0.00,20.92,0.2200,0.0288,9.98,1.00,50.00,DO_NOTHING,--,0.00,SUCCEEDED,2,0.050,2.4810,0.2400,3.2217,0.2330,0.0068,0.010
42.680,41.382,0.990,APPROACH_TARGET,obstacle1,5.2662,0.1256,-0.0227,0.125238,0.081810,0.072499,0.450,27,0.0370,-0.2810,0.0437,-0.450,0.00000,5.3354,0.1722,-0.0532,0.2119,0.0242,0.020,0.0140,0.0500,1.0000,50,0.050,0.00,0.00,0.00,21.01,0.2200,0.0229,10.04,1.00,50.00,DO_NOTHING,--,0.00,SUCCEEDED,2,0.050,2.4810,0.2400,3.2437,0.2334,0.0095,0.010
42.781,41.482,0.990,APPROACH_TARGET,obstacle1,5.2662,0.1256,-0.0227,0.125238,0.081810,0.072499,0.550,27,0.0370,-0.2810,0.0437,-0.450,0.00000,5.3573,0.1711,-0.0509,0.2347,0.0235,0.024,0.0163,0.0500,1.0000,52,0.050,0.00,0.00,0.00,21.05,0.2200,0.0172,9.98,1.00,50.20,DO_NOTHING,--,0.00,SUCCEEDED,2,0.050,2.4810,0.2400,3.2657,0.2338,0.0118,0.010
42.881,41.582,0.988,APPROACH_TARGET,obstacle1,5.2662,0.1256,-0.0227,0.125238,0.081810,0.072499,0.650,27,0.0370,-0.2810,0.0437,-0.450,0.00000,5.3793,0.1700,-0.0492,0.2153,0.0165,0.020,0.0163,0.0500,1.0000,52,0.050,0.00,0.00,0.00,20.96,0.2176,0.0142,10.00,1.00,50.00,DO_NOTHING,--,0.00,SUCCEEDED,2,0.050,2.4810,0.2400,3.2876,0.2343,0.0135,0.010
42.980,41.682,0.991,APPROACH_TARGET,obstacle1,5.2662,0.1256,-0.0227,0.125238,0.081810,0.072499,0.750,27,0.0370,-0.2810,0.0437,-0.450,0.00000,5.4010,0.1689,-0.0478,0.2190,0.0143,0.020,0.0183,0.0500,1.0000,52,0.050,0.00,0.00,0.00,21.14,0.2127,0.0141,10.02,1.00,50.00,DO_NOTHING,--,0.00,SUCCEEDED,2,0.050,2.4810,0.2400,3.3093,0.2347,0.0150,0.010
43.081,41.782,0.988,APPROACH_TARGET,obstacle1,5.2662,0.1256,-0.0227,0.125238,0.081810,0.072499,0.850,27,0.0370,-0.2810,0.0437,-0.450,0.00000,5.4219,0.1679,-0.0465,0.2108,0.0136,0.020,0.0192,0.0500,1.0000,52,0.050,0.00,0.00,0.00,21.05,0.2024,0.0084,9.98,1.00,50.00,DO_NOTHING,--,0.00,SUCCEEDED,2,0.050,2.4810,0.2400,3.3301,0.2351,0.0163,0.010
43.180,41.878,0.986,APPROACH_TARGET,obstacle1,5.2662,0.1256,-0.0227,0.125238,0.081810,0.072499,0.946,27,0.0370,-0.2810,0.0437,-0.454,0.00000,5.4418,0.1670,-0.0456,0.2047,0.0086,0.018,0.0206,0.0500,1.0000,52,0.046,0.00,0.00,0.00,21.14,0.1980,0.0084,10.09,1.00,49.90,DO_NOTHING,--,0.00,SUCCEEDED,2,0.050,2.4810,0.2400,3.3500,0.2356,0.0172,0.006
43.280,41.978,0.992,APPROACH_TARGET,obstacle1,5.2662,0.1256,-0.0227,0.125238,0.081810,0.072499,1.046,27,0.0370,-0.2810,0.0437,-0.454,0.00000,5.4613,0.1661,-0.0448,0.2132,0.0089,0.016,0.0206,0.0500,1.0000,52,0.046,0.00,0.00,0.00,20.00,0.1886,0.0056,10.02,0.00,50.00,DO_NOTHING,--,0.00,SUCCEEDED,2,0.050,2.4810,0.2400,3.3694,0.2360,0.0180,0.006
43.380,42.074,0.988,APPROACH_TARGET,obstacle1,5.2662,0.1256,-0.0227,0.125238,0.081810,0.072499,1.142,27,0.0370,-0.2810,0.0437,-0.458,0.00000,5.4799,0.1653,-0.0443,0.1861,0.0055,0.012,0.0216,0.0500,1.0000,52,0.042,0.00,0.00,0.00,20.00,0.1844,0.0055,10.14,0.00,50.00,DO_NOTHING,--,0.00,SUCCEEDED,2,0.050,2.4810,0.2400,3.3879,0.2364,0.0186,0.002
43.481,42.172,0.988,APPROACH_TARGET,obstacle1,5.5179,0.1001,-0.0228,0.127332,0.063240,0.063040,0.040,28,0.0296,-0.1802,0.0210,-0.460,0.10108,5.4980,0.1645,-0.0437,0.1882,0.0057,0.010,0.0202,0.0500,1.0000,52,0.040,0.00,0.00,0.00,20.04,0.1757,0.0055,10.02,1.00,50.00,DO_NOTHING,--,0.00,SUCCEEDED,2,0.050,2.4810,0.2400,3.4060,0.2368,0.0192,0.000
43.581,42.274,0.991,APPROACH_TARGET,obstacle1,5.5179,0.1001,-0.0228,0.127332,0.063240,0.063040,0.142,28,0.0296,-0.1802,0.0210,-0.458,0.00000,5.5153,0.1638,-0.0433,0.1996,0.0046,0.012,0.0192,0.0500,1.0000,52,0.042,0.00,0.00,0.00,20.00,0.1716,0.0028,9.83,1.00,50.00,DO_NOTHING,--,0.00,SUCCEEDED,2,0.050,2.4810,0.2400,3.4233,0.2371,0.0195,0.002
43.681,42.372,0.989,APPROACH_TARGET,obstacle1,5.5179,0.1001,-0.0228,0.127332,0.063240,0.063040,0.240,28,0.0296,-0.1802,0.0210,-0.460,0.00000,5.5322,0.1630,-0.0430,0.1702,0.0028,0.010,0.0192,0.0500,1.0000,52,0.040,0.00,0.00,0.00,20.00,0.1634,0.0027,10.00,1.00,50.00,DO_NOTHING,--,0.00,SUCCEEDED,2,0.050,2.4810,0.2400,3.4401,0.2375,0.0198,0.000
43.780,42.472,0.991,APPROACH_TARGET,obstacle1,5.5179,0.1001,-0.0228,0.127332,0.063240,0.063040,0.340,28,0.0296,-0.1802,0.0210,-0.460,0.00000,5.5483,0.1623,-0.0426,0.2194,0.0053,0.010,0.0183,0.0500,1.0000,52,0.040,0.00,0.00,0.00,20.04,0.1599,0.0053,9.91,1.00,50.10,DO_NOTHING,--,0.00,SUCCEEDED,2,0.050,2.4810,0.2400,3.4562,0.2378,0.0203,0.000
43.881,42.572,0.990,APPROACH_TARGET,obstacle1,5.5179,0.1001,-0.0228,0.127332,0.063240,0.063040,0.440,28,0.0296,-0.1802,0.0210,-0.460,0.00000,5.5640,0.1617,-0.0421,0.1572,0.0051,0.010,0.0173,0.0500,1.0000,52,0.040,0.00,0.00,0.00,19.96,0.1523,0.0027,10.00,1.00,50.00,DO_NOTHING,--,0.00,SUCCEEDED,2,0.050,2.4810,0.2400,3.4718,0.2382,0.0208,0.000
43.980,42.662,0.980,APPROACH_TARGET,obstacle1,5.5179,0.1001,-0.0228,0.127332,0.063240,0.063040,0.530,28,0.0296,-0.1802,0.0210,-0.470,0.00000,5.5760,0.1612,-0.0419,0.1513,0.0029,0.020,0.0298,0.0950,1.0000,52,0.030,0.00,0.00,0.00,20.04,0.1488,0.0027,10.07,1.00,49.90,DO_NOTHING,--,0.00,SUCCEEDED,2,0.050,2.4810,0.2400,3.4838,0.2385,0.0210,0.010
44.081,42.762,0.980,APPROACH_TARGET,obstacle1,5.5179,0.1001,-0.0228,0.127332,0.063240,0.063040,0.630,28,0.0296,-0.1802,0.0210,-0.470,0.00000,5.5907,0.1605,-0.0416,0.1482,0.0027,0.020,0.0317,0.0950,1.0000,52,0.030,0.00,0.00,0.00,20.17,0.1418,0.0026,9.96,1.00,50.00,DO_NOTHING,--,0.00,SUCCEEDED,2,0.050,2.4810,0.2400,3.4984,0.2388,0.0213,0.010
44.181,42.854,0.973,APPROACH_TARGET,obstacle1,5.5179,0.1001,-0.0228,0.127332,0.063240,0.063040,0.722,28,0.0296,-0.1802,0.0210,-0.478,0.00000,5.6047,0.1600,-0.0415,0.1426,0.0014,0.012,0.0317,0.0950,1.0000,52,0.022,0.00,0.00,0.00,20.30,0.1386,0.0000,10.02,1.00,50.10,DO_NOTHING,--,0.00,SUCCEEDED,2,0.050,2.4810,0.2400,3.5124,0.2391,0.0214,0.002
44.280,42.952,0.976,APPROACH_TARGET,obstacle1,5.5179,0.1001,-0.0228,0.127332,0.063240,0.063040,0.820,28,0.0296,-0.1802,0.0210,-0.480,0.00000,5.6184,0.1594,-0.0415,0.1369,0.0000,0.010,0.0321,0.0971,1.0000,52,0.020,0.00,0.00,0.00,20.21,0.1321,0.0000,9.93,1.00,50.00,DO_NOTHING,--,0.00,SUCCEEDED,2,0.050,2.4810,0.2400,3.5260,0.2394,0.0214,0.000
44.380,43.046,0.972,APPROACH_TARGET,obstacle1,5.5179,0.1001,-0.0228,0.127332,0.063240,0.063040,0.914,28,0.0296,-0.1802,0.0210,-0.486,0.00000,5.6314,0.1589,-0.0415,0.1356,0.0000,0.004,0.0302,0.0971,1.0000,52,0.014,0.00,0.00,0.00,20.26,0.1290,0.0000,10.02,1.00,50.00,DO_NOTHING,--,0.00,SUCCEEDED,2,0.050,2.4810,0.2400,3.5365,0.2396,0.0214,0.014
44.480,43.146,0.975,APPROACH_TARGET,obstacle1,5.5179,0.1001,-0.0228,0.127332,0.063240,0.063040,1.014,28,0.0296,-0.1802,0.0210,-0.486,0.00000,5.6441,0.1583,-0.0414,0.1289,0.0013,0.004,0.0302,0.0971,1.0000,52,0.014,0.00,0.00,0.00,20.30,0.1230,0.0000,10.18,1.00,50.00,DO_NOTHING,--,0.00,SUCCEEDED,2,0.050,2.4810,0.2400,3.5492,0.2399,0.0215,0.014
44.581,43.242,0.968,APPROACH_TARGET,obstacle1,5.5179,0.1001,-0.0228,0.127332,0.063240,0.063040,1.110,28,0.0296,-0.1802,0.0210,-0.390,0.00000,5.6539,0.1579,-0.0414,0.1253,0.0003,0.020,0.0302,0.0971,1.0000,52,0.010,0.00,0.00,0.00,20.33,0.1201,0.0000,10.16,0.00,50.00,DO_NOTHING,--,0.00,SUCCEEDED,2,0.050,2.4810,0.2400,3.5615,0.2402,0.0215,0.010
44.680,43.342,0.970,APPROACH_TARGET,obstacle1,5.5179,0.1001,-0.0228,0.127332,0.063240,0.063040,1.210,28,0.0296,-0.1802,0.0210,-0.390,0.00000,5.6658,0.1574,-0.0414,0.1192,0.0000,0.020,0.0292,0.0971,1.0000,52,0.010,0.00,0.00,0.00,20.37,0.1144,0.0000,10.14,0.00,50.00,DO_NOTHING,--,0.00,SUCCEEDED,2,0.050,2.4810,0.2400,3.5734,0.2404,0.0215,0.010
44.780,43.432,0.956,APPROACH_TARGET,obstacle1,5.5179,0.1001,-0.0228,0.127332,0.063240,0.063040,1.300,28,0.0296,-0.1802,0.0210,-0.400,0.00000,5.6773,0.1570,-0.0414,0.1276,0.0000,0.010,0.0288,0.0707,1.0000,51,0.100,0.00,0.00,0.00,20.33,0.1117,0.0000,10.14,0.00,49.90,DO_NOTHING,--,0.00,SUCCEEDED,2,0.050,2.4810,0.2400,3.5848,0.2407,0.0215,0.000
44.881,43.536,0.970,APPROACH_TARGET,obstacle1,5.5179,0.1001,-0.0228,0.127332,0.063240,0.063040,1.404,28,0.0296,-0.1802,0.0210,-0.396,0.00000,5.6884,0.1565,-0.0414,0.1110,0.0000,0.014,0.0279,0.0707,1.0000,51,0.104,0.00,0.00,0.00,20.53,0.1067,0.0000,9.98,0.00,50.00,DO_NOTHING,--,0.00,SUCCEEDED,2,0.050,2.4810,0.2400,3.5959,0.2409,0.0215,0.004
44.980,43.632,0.970,APPROACH_TARGET,obstacle1,5.5179,0.1001,-0.0228,0.127332,0.063240,0.063040,1.500,28,0.0296,-0.1802,0.0210,-0.400,0.00000,5.6991,0.1561,-0.0414,0.1110,0.0000,0.010,0.0279,0.0707,1.0000,51,0.100,0.00,0.00,0.00,20.41,0.1041,0.0000,9.98,0.00,50.10,DO_NOTHING,--,0.00,SUCCEEDED,2,0.050,2.4810,0.2400,3.6065,0.2412,0.0215,0.000
45.080,43.730,0.968,APPROACH_TARGET,obstacle1,5.5179,0.1001,-0.0228,0.127332,0.063240,0.063040,1.598,28,0.0296,-0.1802,0.0210,-0.402,0.00000,5.7094,0.1556,-0.0414,0.1040,0.0000,0.008,0.0269,0.0707,1.0000,51,0.098,0.00,0.00,0.00,20.41,0.0992,-0.0000,10.02,0.00,50.00,DO_NOTHING,--,0.00,SUCCEEDED,2,0.050,2.4810,0.2400,3.6148,0.2413,0.0215,0.018
45.180,43.830,0.977,APPROACH_TARGET,obstacle1,5.5179,0.1001,-0.0228,0.127332,0.063240,0.063040,1.698,28,0.0296,-0.1802,0.0210,-0.402,0.00000,5.7193,0.1552,-0.0414,0.1000,-0.0000,0.008,0.0269,0.0707,1.0000,51,0.098,0.00,0.00,0.00,20.24,0.0969,0.0000,9.96,0.00,50.00,DO_NOTHING,--,0.00,SUCCEEDED,2,0.050,2.4810,0.2400,3.6247,0.2415,0.0215,0.018
45.280,43.930,0.978,APPROACH_TARGET,obstacle1,5.5179,0.1001,-0.0228,0.127332,0.063240,0.063040,1.798,28,0.0296,-0.1802,0.0210,-0.402,0.00000,5.7289,0.1548,-0.0414,0.0967,-0.0000,0.008,0.0284,0.0500,1.0000,51,0.098,0.00,0.00,0.00,20.24,0.0923,0.0000,10.00,0.00,50.00,DO_NOTHING,--,0.00,SUCCEEDED,2,0.050,2.4810,0.2400,3.6343,0.2418,0.0215,0.018
45.380,44.028,0.980,APPROACH_TARGET,obstacle1,5.5179,0.1001,-0.0228,0.127332,0.063240,0.063040,1.896,28,0.0296,-0.1802,0.0210,-0.404,0.00000,5.7381,0.1544,-0.0414,0.0925,0.0000,0.006,0.0294,0.0500,1.0000,51,0.096,0.00,0.00,0.00,21.13,0.0901,-0.0000,10.00,0.00,50.00,DO_NOTHING,--,0.00,SUCCEEDED,2,0.050,2.4810,0.2400,3.6436,0.2420,0.0215,0.016
45.480,44.130,0.984,APPROACH_TARGET,obstacle1,5.5179,0.1001,-0.0228,0.127332,0.063240,0.063040,1.998,28,0.0296,-0.1802,0.0210,-0.402,0.00000,5.7470,0.1541,-0.0415,0.0930,-0.0009,0.008,0.0294,0.0500,1.0000,51,0.098,0.00,0.00,0.00,21.08,0.0860,-0.0000,9.98,0.00,50.00,DO_NOTHING,--,0.00,SUCCEEDED,2,0.050,2.4810,0.2400,3.6526,0.2421,0.0215,0.018
45.580,44.228,0.986,APPROACH_TARGET,obstacle1,5.7495,0.0903,-0.0192,0.119443,0.061823,0.062879,0.096,29,0.0065,-0.1918,0.0223,-0.404,0.02589,5.7556,0.1537,-0.0415,0.0957,-0.0002,0.006,0.0294,0.0500,1.0000,51,0.096,0.00,0.00,0.00,21.04,0.0839,0.0000,10.00,1.00,49.90,DO_NOTHING,--,0.00,SUCCEEDED,2,0.050,2.4810,0.2400,3.6612,0.2423,0.0214,0.016
45.680,44.330,0.998,APPROACH_TARGET,obstacle1,5.7495,0.0903,-0.0192,0.119443,0.061823,0.062879,0.198,29,0.0065,-0.1918,0.0223,-0.402,0.00000,5.7639,0.1534,-0.0415,0.0863,0.0000,0.008,0.0294,0.0500,1.0000,51,0.098,0.00,0.00,0.00,21.05,0.0800,-0.0022,10.02,1.00,50.00,DO_NOTHING,--,0.00,SUCCEEDED,2,0.050,2.4810,0.2400,3.6695,0.2425,0.0214,0.018
45.780,44.426,0.994,APPROACH_TARGET,obstacle1,5.7495,0.0903,-0.0192,0.119443,0.061823,0.062879,0.294,29,0.0065,-0.1918,0.0223,-0.406,0.00000,5.7718,0.1530,-0.0416,0.0811,-0.0012,0.004,0.0298,0.0950,1.0000,52,0.094,0.00,0.00,0.00,21.04,0.0781,-0.0000,9.98,1.00,49.90,DO_NOTHING,--,0.00,SUCCEEDED,2,0.050,2.4810,0.2400,3.6775,0.2427,0.0213,0.014
45.881,44.528,0.992,APPROACH_TARGET,obstacle1,5.7495,0.0903,-0.0192,0.119443,0.061823,0.062879,0.396,29,0.0065,-0.1918,0.0223,-0.404,0.00000,5.7795,0.1527,-0.0416,0.0780,-0.0000,0.006,0.0283,0.0971,1.0000,52,0.096,0.00,0.00,0.00,20.92,0.0744,-0.0000,10.04,1.00,50.00,DO_NOTHING,--,0.00,SUCCEEDED,2,0.050,2.4810,0.2400,3.6852,0.2428,0.0213,0.016
45.980,44.624,0.993,APPROACH_TARGET,obstacle1,5.7495,0.0903,-0.0192,0.119443,0.061823,0.062879,0.492,29,0.0065,-0.1918,0.0223,-0.408,0.00000,5.7869,0.1524,-0.0417,0.0739,-0.0009,0.002,0.0321,0.1000,1.0000,53,0.092,0.00,0.00,0.00,20.96,0.0726,-0.0022,9.96,1.00,50.10,DO_NOTHING,--,0.00,SUCCEEDED,2,0.050,2.4810,0.2400,3.6926,0.2430,0.0212,0.012
46.080,44.728,0.998,APPROACH_TARGET,obstacle1,5.7495,0.0903,-0.0192,0.119443,0.061823,0.062879,0.596,29,0.0065,-0.1918,0.0223,-0.404,0.00000,5.7941,0.1521,-0.0418,0.0720,-0.0013,0.006,0.0306,0.1000,1.0000,54,0.096,0.00,0.00,0.00,20.88,0.0710,0.0000,9.98,1.00,50.00,DO_NOTHING,--,0.00,SUCCEEDED,2,0.050,2.4810,0.2400,3.6999,0.2431,0.0211,0.016
46.181,44.828,0.997,APPROACH_TARGET,obstacle1,5.7495,0.0903,-0.0192,0.119443,0.061823,0.062879,0.696,29,0.0065,-0.1918,0.0223,-0.404,0.00000,5.8010,0.1518,-0.0418,0.0734,-0.0000,0.010,0.0300,0.1000,1.0000,54,0.096,0.00,0.00,0.00,20.88,0.0677,0.0000,10.00,1.00,50.31,DO_NOTHING,--,0.00,SUCCEEDED,2,0.050,2.4810,0.2400,3.7068,0.2433,0.0211,0.016
46.280,44.928,0.998,APPROACH_TARGET,obstacle1,5.7495,0.0903,-0.0192,0.119443,0.061823,0.062879,0.796,29,0.0065,-0.1918,0.0223,-0.404,0.00000,5.8077,0.1515,-0.0418,0.0676,-0.0000,0.006,0.0300,0.1000,1.0000,54,0.096,0.00,0.00,0.00,20.93,0.0660,-0.0000,10.00,1.00,50.00,DO_NOTHING,--,0.00,SUCCEEDED,2,0.050,2.4810,0.2400,3.7135,0.2434,0.0211,0.016
46.381,45.028,0.997,APPROACH_TARGET,obstacle1,5.7495,0.0903,-0.0192,0.119443,0.061823,0.062879,0.896,29,0.0065,-0.1918,0.0223,-0.404,0.00000,5.8141,0.1513,-0.0418,0.0742,-0.0000,0.012,0.0300,0.1000,1.0000,54,0.096,0.00,0.00,0.00,19.91,0.0629,-0.0000,10.02,1.00,50.31,DO_NOTHING,--,0.00,SUCCEEDED,2,0.050,2.4810,0.2400,3.7199,0.2435,0.0211,0.016
46.480,45.126,0.996,APPROACH_TARGET,obstacle1,5.7495,0.0903,-0.0192,0.119443,0.061823,0.062879,0.994,29,0.0065,-0.1918,0.0223,-0.406,0.00000,5.8203,0.1510,-0.0418,0.0595,-0.0000,0.004,0.0300,0.1000,1.0000,54,0.094,0.00,0.00,0.00,19.83,0.0615,-0.0000,9.96,1.00,50.00,DO_NOTHING,--,0.00,SUCCEEDED,2,0.050,2.4810,0.2400,3.7261,0.2437,0.0211,0.014
46.581,45.220,0.988,APPROACH_TARGET,obstacle1,5.7495,0.0903,-0.0192,0.119443,0.061823,0.062879,1.088,29,0.0065,-0.1918,0.0223,-0.412,0.00000,5.8263,0.1508,-0.0418,0.0620,-0.0000,0.000,0.0309,0.1000,1.0000,54,0.088,0.00,0.00,0.00,19.87,0.0587,-0.0000,10.02,0.00,50.20,DO_NOTHING,--,0.00,SUCCEEDED,2,0.050,2.4810,0.2400,3.7322,0.2438,0.0211,0.008
46.680,45.322,0.992,APPROACH_TARGET,obstacle1,5.7495,0.0903,-0.0192,0.119443,0.061823,0.062879,1.190,29,0.0065,-0.1918,0.0223,-0.410,0.00000,5.8280,0.1507,-0.0418,0.0297,-0.0000,0.020,0.0300,0.1000,1.0000,54,0.090,0.00,0.00,0.00,20.28,0.0000,0.0000,10.02,0.00,50.00,DO_NOTHING,--,0.00,SUCCEEDED,2,0.050,2.4810,0.2400,3.7345,0.2438,0.0211,0.010
46.780,45.414,0.985,APPROACH_TARGET,obstacle1,5.7495,0.0903,-0.0192,0.119443,0.061823,0.062879,1.282,29,0.0065,-0.1918,0.0223,-0.418,0.00000,5.8280,0.1507,-0.0418,-0.0000,0.0000,0.012,0.0300,0.1000,1.0000,54,0.082,0.00,0.00,0.00,19.31,0.0000,0.0000,10.02,0.00,50.00,DO_NOTHING,--,0.00,SUCCEEDED,2,0.050,2.4810,0.2400,3.7345,0.2438,0.0211,0.002
46.880,45.516,0.988,APPROACH_TARGET,obstacle1,5.7495,0.0903,-0.0192,0.119443,0.061823,0.062879,1.384,29,0.0065,-0.1918,0.0223,-0.416,0.00000,5.8280,0.1507,-0.0418,-0.0000,0.0000,0.014,0.0300,0.1000,1.0000,54,0.084,0.00,0.00,0.00,18.33,0.0000,0.0000,10.00,0.00,50.00,DO_NOTHING,--,0.00,SUCCEEDED,2,0.050,2.4810,0.2400,3.7345,0.2438,0.0211,0.004
46.981,45.612,0.981,APPROACH_TARGET,obstacle1,5.7495,0.0903,-0.0192,0.119443,0.061823,0.062879,1.480,29,0.0065,-0.1918,0.0223,-0.420,0.00000,5.8280,0.1507,-0.0418,-0.0000,0.0000,0.010,0.0300,0.1000,1.0000,54,0.080,0.00,0.00,0.00,17.42,0.0000,0.0000,9.85,0.00,50.00,DO_NOTHING,--,0.00,SUCCEEDED,2,0.050,2.4810,0.2400,3.7345,0.2438,0.0211,0.000
47.080,45.712,0.984,APPROACH_TARGET,obstacle1,5.7495,0.0903,-0.0192,0.119443,0.061823,0.062879,1.580,29,0.0065,-0.1918,0.0223,-0.420,0.00000,5.8300,0.1506,-0.0418,0.0202,0.0000,0.010,0.0300,0.1000,1.0000,54,0.080,0.00,0.00,0.00,17.97,0.0300,-0.0000,9.98,0.00,50.00,DO_NOTHING,--,0.00,SUCCEEDED,2,0.050,2.4810,0.2400,3.7362,0.2439,0.0211,0.020
47.180,45.804,0.976,APPROACH_TARGET,obstacle1,5.7495,0.0903,-0.0192,0.119443,0.061823,0.062879,1.672,29,0.0065,-0.1918,0.0223,-0.428,0.00000,5.8330,0.1505,-0.0418,0.0334,-0.0000,0.002,0.0300,0.1000,1.0000,54,0.072,0.00,0.00,0.00,18.09,0.0300,-0.0000,9.85,0.00,49.80,DO_NOTHING,--,0.00,SUCCEEDED,2,0.050,2.4810,0.2400,3.7392,0.2439,0.0211,0.012
47.281,45.902,0.971,APPROACH_TARGET,obstacle1,5.7495,0.0903,-0.0192,0.119443,0.061823,0.062879,1.770,29,0.0065,-0.1918,0.0223,-0.430,0.00000,5.8360,0.1504,-0.0418,0.0351,-0.0000,0.000,0.0300,0.1000,1.0000,54,0.070,0.00,0.00,0.00,18.20,0.0300,-0.0000,9.91,0.00,50.10,DO_NOTHING,--,0.00,SUCCEEDED,2,0.050,2.4810,0.2400,3.7422,0.2440,0.0211,0.010
47.381,45.992,0.961,APPROACH_TARGET,obstacle1,5.7495,0.0903,-0.0192,0.119443,0.061823,0.062879,1.860,29,0.0065,-0.1918,0.0223,-0.440,0.00000,5.8384,0.1503,-0.0418,0.0299,-0.0000,0.012,0.0300,0.1000,1.0000,54,0.060,0.00,0.00,0.00,18.32,0.0300,-0.0000,10.04,0.00,50.00,DO_NOTHING,--,0.00,SUCCEEDED,2,0.050,2.4810,0.2400,3.7446,0.2441,0.0211,0.020
47.482,46.084,0.959,APPROACH_TARGET,obstacle1,5.7495,0.0903,-0.0192,0.119443,0.061823,0.062879,1.952,29,0.0065,-0.1918,0.0223,-0.448,0.00000,5.8414,0.1501,-0.0418,0.0342,-0.0000,0.008,0.0300,0.1000,1.0000,54,0.052,0.00,0.00,0.00,18.60,0.0300,-0.0000,9.98,0.00,50.31,DO_NOTHING,--,0.00,SUCCEEDED,2,0.050,2.4810,0.2400,3.7476,0.2441,0.0211,0.012
47.581,46.176,0.948,APPROACH_TARGET,obstacle1,5.7495,0.0903,-0.0192,0.119443,0.061823,0.062879,2.044,29,0.0065,-0.1918,0.0223,-0.456,0.00000,5.8438,0.1500,-0.0418,0.0334,-0.0000,0.014,0.0300,0.1000,1.0000,54,0.044,0.00,0.00,0.00,18.67,0.0300,-0.0000,10.00,0.00,50.00,DO_NOTHING,--,0.00,SUCCEEDED,2,0.050,2.4810,0.2400,3.7506,0.2442,0.0211,0.004
47.680,46.270,0.951,APPROACH_TARGET,obstacle1,5.7495,0.0903,-0.0192,0.119443,0.061823,0.062879,2.138,29,0.0065,-0.1918,0.0223,-0.462,0.00000,5.8468,0.1499,-0.0418,0.0316,-0.0000,0.008,0.0300,0.1000,1.0000,54,0.038,0.00,0.00,0.00,18.32,0.0300,-0.0000,9.91,0.00,49.90,DO_NOTHING,--,0.00,SUCCEEDED,2,0.050,2.4810,0.2400,3.7530,0.2442,0.0211,0.018
47.781,46.362,0.940,APPROACH_TARGET,obstacle1,5.7495,0.0903,-0.0192,0.119443,0.061823,0.062879,2.230,29,0.0065,-0.1918,0.0223,-0.470,0.00000,5.8498,0.1498,-0.0418,0.0302,-0.0000,0.000,0.0300,0.1000,1.0000,54,0.030,0.00,0.00,0.00,19.52,0.0300,-0.0000,10.02,0.00,50.00,DO_NOTHING,--,0.00,SUCCEEDED,2,0.050,2.4810,0.2400,3.7560,0.2443,0.0211,0.010
47.880,46.458,0.941,APPROACH_TARGET,obstacle1,5.7495,0.0903,-0.0192,0.119443,0.061823,0.062879,2.326,29,0.0065,-0.1918,0.0223,-0.474,0.00000,5.8522,0.1497,-0.0418,0.0302,-0.0000,0.016,0.0300,0.1000,1.0000,54,0.026,0.00,0.00,0.00,20.61,0.0300,-0.0000,10.20,0.00,50.00,DO_NOTHING,--,0.00,SUCCEEDED,2,0.050,2.4810,0.2400,3.7590,0.2444,0.0211,0.006
47.981,46.548,0.936,APPROACH_TARGET,obstacle1,5.7495,0.0903,-0.0192,0.119443,0.061823,0.062879,2.416,29,0.0065,-0.1918,0.0223,-0.484,0.00000,5.8552,0.1496,-0.0418,0.0307,-0.0000,0.006,0.0291,0.1000,1.0000,54,0.016,0.00,0.00,0.00,21.69,0.0300,-0.0000,10.20,0.00,50.00,DO_NOTHING,--,0.00,SUCCEEDED,2,0.050,2.4810,0.2400,3.7614,0.2444,0.0211,0.016
48.080,46.648,0.938,APPROACH_TARGET,obstacle1,5.7495,0.0903,-0.0192,0.119443,0.061823,0.062879,2.516,29,0.0065,-0.1918,0.0223,-0.484,0.00000,5.8582,0.1494,-0.0418,0.0305,-0.0000,0.006,0.0291,0.1000,1.0000,54,0.016,0.00,0.00,0.00,21.10,0.0300,-0.0000,10.14,0.00,50.10,DO_NOTHING,--,0.00,SUCCEEDED,2,0.050,2.4810,0.2400,3.7644,0.2445,0.0211,0.016
48.181,46.738,0.929,APPROACH_TARGET,obstacle1,5.7495,0.0903,-0.0192,0.119443,0.061823,0.062879,2.606,29,0.0065,-0.1918,0.0223,-0.394,0.00000,5.8606,0.1493,-0.0418,0.0300,-0.0000,0.016,0.0291,0.1000,1.0000,54,0.006,0.00,0.00,0.00,21.01,0.0300,-0.0000,10.14,0.00,50.00,DO_NOTHING,--,0.00,SUCCEEDED,2,0.050,2.4810,0.2400,3.7674,0.2445,0.0211,0.006
48.280,46.834,0.932,APPROACH_TARGET,obstacle1,5.7495,0.0903,-0.0192,0.119443,0.061823,0.062879,2.702,29,0.0065,-0.1918,0.0223,-0.398,0.00000,5.8636,0.1492,-0.0418,0.0311,-0.0000,0.012,0.0291,0.1000,1.0000,54,0.102,0.00,0.00,0.00,21.19,0.0300,-0.0000,10.09,0.00,50.00,DO_NOTHING,--,0.00,SUCCEEDED,2,0.050,2.4810,0.2400,3.7704,0.2446,0.0211,0.002
48.380,46.902,0.911,APPROACH_TARGET,obstacle1,5.7495,0.0903,-0.0192,0.119443,0.061823,0.062879,2.770,29,0.0065,-0.1918,0.0223,-0.430,0.00000,5.8654,0.1491,-0.0418,0.0423,-0.0000,0.022,0.0291,0.1000,1.0000,54,0.070,0.00,0.00,0.00,21.65,0.0300,-0.0000,9.83,0.00,49.90,DO_NOTHING,--,0.00,SUCCEEDED,2,0.050,2.4810,0.2400,3.7722,0.2446,0.0211,0.010
48.480,46.992,0.909,APPROACH_TARGET,obstacle1,5.7495,0.0903,-0.0192,0.119443,0.061823,0.062879,2.860,29,0.0065,-0.1918,0.0223,-0.440,0.00000,5.8684,0.1490,-0.0418,0.0295,-0.0000,0.010,0.0291,0.1000,1.0000,54,0.060,0.00,0.00,0.00,21.74,0.0300,-0.0000,9.98,0.00,50.00,DO_NOTHING,--,0.00,SUCCEEDED,2,0.050,2.4810,0.2400,3.7746,0.2447,0.0211,0.020
48.581,47.082,0.906,APPROACH_TARGET,obstacle1,5.7495,0.0903,-0.0192,0.119443,0.061823,0.062879,2.950,29,0.0065,-0.1918,0.0223,-0.450,0.00000,5.8714,0.1489,-0.0418,0.0300,-0.0000,0.000,0.0291,0.1000,1.0000,54,0.050,0.00,0.00,0.00,21.87,0.0300,-0.0000,10.00,0.00,50.00,DO_NOTHING,--,0.00,SUCCEEDED,2,0.050,2.4810,0.2400,3.7776,0.2448,0.0211,0.010
48.682,47.172,0.899,APPROACH_TARGET,obstacle1,5.7495,0.0903,-0.0192,0.119443,0.061823,0.062879,3.040,29,0.0065,-0.1918,0.0223,-0.460,0.00000,5.8738,0.1488,-0.0418,0.0305,-0.0000,0.010,0.0285,0.0912,1.0000,54,0.040,0.00,0.00,0.00,21.78,0.0300,-0.0000,10.02,0.00,50.00,DO_NOTHING,--,0.00,SUCCEEDED,2,0.050,2.4810,0.2400,3.7806,0.2448,0.0211,0.000
48.781,47.262,0.893,APPROACH_TARGET,obstacle1,5.7495,0.0903,-0.0192,0.119443,0.061823,0.062879,3.130,29,0.0065,-0.1918,0.0223,-0.470,0.00000,5.8768,0.1487,-0.0418,0.0407,-0.0000,0.000,0.0285,0.0912,1.0000,54,0.030,0.00,0.00,0.00,21.92,0.0300,-0.0000,9.98,0.00,50.00,DO_NOTHING,--,0.00,SUCCEEDED,2,0.050,2.4810,0.2400,3.7830,0.2449,0.0211,0.010
48.880,47.366,0.908,APPROACH_TARGET,obstacle1,5.7495,0.0903,-0.0192,0.119443,0.061823,0.062879,3.234,29,0.0065,-0.1918,0.0223,-0.466,0.00000,5.8798,0.1485,-0.0418,0.0302,-0.0000,0.004,0.0285,0.0912,1.0000,54,0.034,0.00,0.00,0.00,21.78,0.0300,-0.0000,10.02,0.00,50.10,DO_NOTHING,--,0.00,SUCCEEDED,2,0.050,2.4810,0.2400,3.7860,0.2449,0.0211,0.014
48.980,47.464,0.916,APPROACH_TARGET,obstacle1,5.7495,0.0903,-0.0192,0.119443,0.061823,0.062879,3.332,29,0.0065,-0.1918,0.0223,-0.468,0.00000,5.8828,0.1484,-0.0418,0.0322,-0.0000,0.006,0.0285,0.0912,1.0000,54,0.032,0.00,0.00,0.00,21.56,0.0300,-0.0000,9.98,0.00,50.20,DO_NOTHING,--,0.00,SUCCEEDED,2,0.050,2.4810,0.2400,3.7890,0.2450,0.0211,0.012
49.081,47.566,0.921,APPROACH_TARGET,obstacle1,5.7495,0.0903,-0.0192,0.119443,0.061823,0.062879,3.434,29,0.0065,-0.1918,0.0223,-0.466,0.00000,5.8858,0.1483,-0.0418,0.0325,-0.0000,0.004,0.0285,0.0912,1.0000,54,0.034,0.00,0.00,0.00,21.43,0.0300,-0.0000,9.98,0.00,50.10,DO_NOTHING,--,0.00,SUCCEEDED,2,0.050,2.4810,0.2400,3.7920,0.2451,0.0211,0.014
49.180,47.662,0.925,APPROACH_TARGET,obstacle1,5.7495,0.0903,-0.0192,0.119443,0.061823,0.062879,3.530,29,0.0065,-0.1918,0.0223,-0.470,0.00000,5.8888,0.1481,-0.0418,0.0300,-0.0000,0.000,0.0285,0.0912,1.0000,54,0.030,0.00,0.00,0.00,21.43,0.0300,-0.0000,10.00,0.00,50.00,DO_NOTHING,--,0.00,SUCCEEDED,2,0.050,2.4810,0.2400,3.7950,0.2451,0.0211,0.010
49.280,47.764,0.930,APPROACH_TARGET,obstacle1,5.7495,0.0903,-0.0192,0.119443,0.061823,0.062879,3.632,29,0.0065,-0.1918,0.0223,-0.468,0.00000,5.8918,0.1480,-0.0418,0.0334,-0.0000,0.002,0.0285,0.0912,1.0000,54,0.032,0.00,0.00,0.00,21.21,0.0300,-0.0000,10.09,0.00,49.90,DO_NOTHING,--,0.00,SUCCEEDED,2,0.050,2.4810,0.2400,3.7980,0.2452,0.0211,0.012
49.381,47.862,0.966,APPROACH_TARGET,obstacle1,5.7495,0.0903,-0.0192,0.119443,0.061823,0.062879,3.730,29,0.0065,-0.1918,0.0223,-0.470,0.00000,5.8947,0.1479,-0.0418,0.0379,-0.0000,0.006,0.0295,0.0912,1.0000,54,0.030,0.00,0.00,0.00,20.70,0.0300,-0.0000,10.00,0.00,50.10,DO_NOTHING,--,0.00,SUCCEEDED,2,0.050,2.4810,0.2400,3.8010,0.2452,0.0211,0.010
49.481,47.964,0.980,APPROACH_TARGET,obstacle1,5.7495,0.0903,-0.0192,0.119443,0.061823,0.062879,3.832,29,0.0065,-0.1918,0.0223,-0.468,0.00000,5.8977,0.1478,-0.0418,0.0291,-0.0000,0.002,0.0295,0.0912,1.0000,54,0.032,0.00,0.00,0.00,20.41,0.0300,-0.0000,9.98,0.00,50.00,DO_NOTHING,--,0.00,SUCCEEDED,2,0.050,2.4810,0.2400,3.8040,0.2453,0.0211,0.012
49.581,48.062,0.990,APPROACH_TARGET,obstacle1,5.7495,0.0903,-0.0192,0.119443,0.061823,0.062879,3.930,29,0.0065,-0.1918,0.0223,-0.470,0.00000,5.9007,0.1476,-0.0418,0.0356,-0.0000,0.006,0.0304,0.0912,1.0000,54,0.030,0.00,0.00,0.00,20.20,0.0300,-0.0000,10.00,0.00,50.00,DO_NOTHING,--,0.00,SUCCEEDED,2,0.050,2.4810,0.2400,3.8070,0.2454,0.0211,0.010
49.681,48.164,0.993,APPROACH_TARGET,obstacle1,5.7495,0.0903,-0.0192,0.119443,0.061823,0.062879,4.032,29,0.0065,-0.1918,0.0223,-0.468,0.00000,5.9037,0.1475,-0.0418,0.0291,-0.0000,0.002,0.0300,0.0912,1.0000,54,0.032,0.00,0.00,0.00,19.71,0.0300,-0.0000,10.04,0.00,49.90,DO_NOTHING,--,0.00,SUCCEEDED,2,0.050,2.4810,0.2400,3.8100,0.2454,0.0211,0.012
49.780,48.260,0.998,APPROACH_TARGET,obstacle1,5.7495,0.0903,-0.0192,0.119443,0.061823,0.062879,4.128,29,0.0065,-0.1918,0.0223,-0.472,0.00000,5.9061,0.1474,-0.0418,0.0300,-0.0000,0.018,0.0300,0.0912,1.0000,54,0.028,0.00,0.00,0.00,19.83,0.0300,-0.0000,10.00,0.00,50.00,DO_NOTHING,--,0.00,SUCCEEDED,2,0.050,2.4810,0.2400,3.8130,0.2455,0.0211,0.008
49.881,48.362,0.997,APPROACH_TARGET,obstacle1,5.7495,0.0903,-0.0192,0.119443,0.061823,0.062879,4.230,29,0.0065,-0.1918,0.0223,-0.470,0.00000,5.9091,0.1473,-0.0418,0.0314,-0.0000,0.020,0.0300,0.0912,1.0000,54,0.030,0.00,0.00,0.00,19.83,0.0300,-0.0000,9.96,0.00,49.90,DO_NOTHING,--,0.00,SUCCEEDED,2,0.050,2.4810,0.2400,3.8160,0.2456,0.0211,0.010
49.981,48.460,0.993,APPROACH_TARGET,obstacle1,5.7495,0.0903,-0.0192,0.119443,0.061823,0.062879,4.328,29,0.0065,-0.1918,0.0223,-0.472,0.00000,5.9121,0.1472,-0.0418,0.0302,-0.0000,0.018,0.0300,0.0912,1.0000,54,0.028,0.00,0.00,0.00,19.87,0.0300,-0.0000,10.07,0.00,50.00,DO_NOTHING,--,0.00,SUCCEEDED,2,0.050,2.4810,0.2400,3.8190,0.2456,0.0211,0.008
50.081,48.560,0.994,APPROACH_TARGET,obstacle1,5.7495,0.0903,-0.0192,0.119443,0.061823,0.062879,4.428,29,0.0065,-0.1918,0.0223,-0.472,0.00000,5.9151,0.1470,-0.0418,0.0302,-0.0000,0.018,0.0300,0.0912,1.0000,54,0.028,0.00,0.00,0.00,19.87,0.0300,-0.0000,9.96,0.00,49.90,DO_NOTHING,--,0.00,SUCCEEDED,2,0.050,2.4810,0.2400,3.8220,0.2457,0.0211,0.008
50.180,48.654,0.989,APPROACH_TARGET,obstacle1,5.7495,0.0903,-0.0192,0.119443,0.061823,0.062879,4.522,29,0.0065,-0.1918,0.0223,-0.478,0.00000,5.9181,0.1469,-0.0418,0.0305,-0.0000,0.012,0.0300,0.0912,1.0000,54,0.022,0.00,0.00,0.00,19.87,0.0300,-0.0000,10.14,0.00,50.00,DO_NOTHING,--,0.00,SUCCEEDED,2,0.050,2.4810,0.2400,3.8250,0.2458,0.0211,0.002
50.280,48.756,0.994,APPROACH_TARGET,obstacle1,5.7495,0.0903,-0.0192,0.119443,0.061823,0.062879,4.624,29,0.0065,-0.1918,0.0223,-0.476,0.00000,5.9211,0.1468,-0.0418,0.0311,-0.0000,0.014,0.0309,0.0912,1.0000,54,0.024,0.00,0.00,0.00,19.92,0.0300,-0.0000,10.00,0.00,50.10,DO_NOTHING,--,0.00,SUCCEEDED,2,0.050,2.4810,0.2400,3.8280,0.2458,0.0211,0.004
50.380,48.854,0.992,APPROACH_TARGET,obstacle1,5.7495,0.0903,-0.0192,0.119443,0.061823,0.062879,4.722,29,0.0065,-0.1918,0.0223,-0.378,0.00000,5.9241,0.1467,-0.0418,0.0331,-0.0000,0.012,0.0306,0.0850,1.0000,54,0.022,0.00,0.00,0.00,19.83,0.0300,-0.0000,9.87,0.00,50.00,DO_NOTHING,--,0.00,SUCCEEDED,2,0.050,2.4810,0.2400,3.8310,0.2459,0.0211,0.002
50.480,48.956,0.992,APPROACH_TARGET,obstacle1,5.7495,0.0903,-0.0192,0.119443,0.061823,0.062879,4.824,29,0.0065,-0.1918,0.0223,-0.476,0.00000,5.9271,0.1465,-0.0418,0.0311,-0.0000,0.014,0.0306,0.0850,1.0000,54,0.024,0.00,0.00,0.00,19.87,0.0300,-0.0000,10.00,0.00,50.00,DO_NOTHING,--,0.00,SUCCEEDED,2,0.050,2.4810,0.2400,3.8340,0.2459,0.0211,0.004
50.580,49.054,0.993,APPROACH_TARGET,obstacle1,5.7495,0.0903,-0.0192,0.119443,0.061823,0.062879,4.922,29,0.0065,-0.1918,0.0223,-0.478,0.00000,5.9301,0.1464,-0.0418,0.0300,-0.0000,0.012,0.0296,0.0500,1.0000,54,0.022,0.00,0.00,0.00,19.83,0.0300,-0.0000,9.85,0.00,49.90,DO_NOTHING,--,0.00,SUCCEEDED,2,0.050,2.4810,0.2400,3.8370,0.2460,0.0211,0.002
50.681,49.154,0.990,APPROACH_TARGET,obstacle1,5.7495,0.0903,-0.0192,0.119443,0.061823,0.062879,5.022,29,0.0065,-0.1918,0.0223,-0.478,0.00000,5.9331,0.1463,-0.0418,0.0302,-0.0000,0.012,0.0296,0.0500,1.0000,54,0.022,0.00,0.00,0.00,19.96,0.0300,-0.0000,9.98,0.00,50.10,DO_NOTHING,--,0.00,SUCCEEDED,2,0.050,2.4810,0.2400,3.8400,0.2461,0.0211,0.002
50.781,49.248,0.985,APPROACH_TARGET,obstacle1,5.7495,0.0903,-0.0192,0.119443,0.061823,0.062879,5.116,29,0.0065,-0.1918,0.0223,-0.484,0.00000,5.9361,0.1462,-0.0418,0.0316,-0.0000,0.006,0.0296,0.0500,1.0000,54,0.016,0.00,0.00,0.00,19.87,0.0300,-0.0000,10.04,0.00,50.10,DO_NOTHING,--,0.00,SUCCEEDED,2,0.050,2.4810,0.2400,3.8424,0.2461,0.0211,0.016
50.880,49.348,0.986,APPROACH_TARGET,obstacle1,5.7495,0.0903,-0.0192,0.119443,0.061823,0.062879,5.216,29,0.0065,-0.1918,0.0223,-0.484,0.00000,5.9391,0.1460,-0.0418,0.0334,-0.0000,0.006,0.0296,0.0500,1.0000,54,0.016,0.00,0.00,0.00,20.08,0.0300,-0.0000,9.96,0.00,50.10,DO_NOTHING,--,0.00,SUCCEEDED,2,0.050,2.4810,0.2400,3.8454,0.2462,0.0211,0.016
50.981,49.442,0.982,APPROACH_TARGET,obstacle1,5.7495,0.0903,-0.0192,0.119443,0.061823,0.062879,5.310,29,0.0065,-0.1918,0.0223,-0.390,0.00000,5.9415,0.1459,-0.0418,0.0302,-0.0000,0.020,0.0296,0.0500,1.0000,54,0.010,0.00,0.00,0.00,20.08,0.0300,-0.0000,10.04,0.00,50.00,DO_NOTHING,--,0.00,SUCCEEDED,2,0.050,2.4810,0.2400,3.8484,0.2462,0.0211,0.010
51.081,49.542,0.982,APPROACH_TARGET,obstacle1,5.7495,0.0903,-0.0192,0.119443,0.061823,0.062879,5.410,29,0.0065,-0.1918,0.0223,-0.390,0.00000,5.9445,0.1458,-0.0418,0.0302,-0.0000,0.020,0.0296,0.0500,1.0000,54,0.010,0.00,0.00,0.00,20.17,0.0300,-0.0000,10.02,0.00,50.10,DO_NOTHING,--,0.00,SUCCEEDED,2,0.050,2.4810,0.2400,3.8514,0.2463,0.0211,0.010
51.181,49.634,0.975,APPROACH_TARGET,obstacle1,5.7495,0.0903,-0.0192,0.119443,0.061823,0.062879,5.502,29,0.0065,-0.1918,0.0223,-0.398,0.00000,5.9475,0.1457,-0.0418,0.0302,-0.0000,0.012,0.0296,0.0500,1.0000,54,0.102,0.00,0.00,0.00,20.00,0.0300,-0.0000,9.93,0.00,50.00,DO_NOTHING,--,0.00,SUCCEEDED,2,0.050,2.4810,0.2400,3.8544,0.2464,0.0211,0.002
51.281,49.738,0.982,APPROACH_TARGET,obstacle1,5.7495,0.0903,-0.0192,0.119443,0.061823,0.062879,5.606,29,0.0065,-0.1918,0.0223,-0.394,0.00000,5.9505,0.1456,-0.0418,0.0300,-0.0000,0.016,0.0296,0.0500,1.0000,54,0.106,0.00,0.00,0.00,20.17,0.0300,-0.0000,10.00,0.00,50.00,DO_NOTHING,--,0.00,SUCCEEDED,2,0.050,2.4810,0.2400,3.8574,0.2464,0.0211,0.006
51.380,49.832,0.978,APPROACH_TARGET,obstacle1,5.7495,0.0903,-0.0192,0.119443,0.061823,0.062879,5.700,29,0.0065,-0.1918,0.0223,-0.400,0.00000,5.9535,0.1454,-0.0418,0.0302,-0.0000,0.010,0.0300,0.0645,1.0000,54,0.100,0.00,0.00,0.00,20.17,0.0300,-0.0000,10.11,0.00,50.00,DO_NOTHING,--,0.00,SUCCEEDED,2,0.050,2.4810,0.2400,3.8604,0.2465,0.0211,0.000
51.481,49.922,0.963,APPROACH_TARGET,obstacle1,5.7495,0.0903,-0.0192,0.119443,0.061823,0.062879,5.790,29,0.0065,-0.1918,0.0223,-0.410,0.00000,5.9565,0.1453,-0.0418,0.0314,-0.0000,0.000,0.0300,0.0645,1.0000,54,0.090,0.00,0.00,0.00,20.52,0.0300,-0.0000,10.02,0.00,50.00,DO_NOTHING,--,0.00,SUCCEEDED,2,0.050,2.4810,0.2400,3.8628,0.2465,0.0211,0.010
51.580,50.022,0.965,APPROACH_TARGET,obstacle1,5.7495,0.0903,-0.0192,0.119443,0.061823,0.062879,5.890,29,0.0065,-0.1918,0.0223,-0.410,0.00000,5.9595,0.1452,-0.0418,0.0310,-0.0000,0.002,0.0300,0.0645,1.0000,54,0.090,0.00,0.00,0.00,20.43,0.0300,-0.0000,10.16,0.00,50.00,DO_NOTHING,--,0.00,SUCCEEDED,2,0.050,2.4810,0.2400,3.8658,0.2466,0.0211,0.010
51.681,50.122,0.971,APPROACH_TARGET,obstacle1,5.7495,0.0903,-0.0192,0.119443,0.061823,0.062879,5.990,29,0.0065,-0.1918,0.0223,-0.410,0.00000,5.9625,0.1451,-0.0418,0.0306,-0.0000,0.000,0.0309,0.0912,1.0000,54,0.090,0.00,0.00,0.00,20.39,0.0300,-0.0000,10.00,0.00,50.00,DO_NOTHING,--,0.00,SUCCEEDED,2,0.050,2.4810,0.2400,3.8688,0.2467,0.0211,0.010
51.780,50.222,0.974,APPROACH_TARGET,obstacle1,5.7495,0.0903,-0.0192,0.119443,0.061823,0.062879,6.090,29,0.0065,-0.1918,0.0223,-0.410,0.00000,5.9655,0.1449,-0.0418,0.0305,-0.0000,0.000,0.0309,0.0912,1.0000,54,0.090,0.00,0.00,0.00,20.26,0.0300,-0.0000,10.00,0.00,50.00,DO_NOTHING,--,0.00,SUCCEEDED,2,0.050,2.4810,0.2400,3.8718,0.2467,0.0211,0.010
51.881,50.322,0.978,APPROACH_TARGET,obstacle1,5.7495,0.0903,-0.0192,0.119443,0.061823,0.062879,6.190,29,0.0065,-0.1918,0.0223,-0.410,0.00000,5.9685,0.1448,-0.0418,0.0409,-0.0000,0.000,0.0309,0.0912,1.0000,54,0.090,0.00,0.00,0.00,20.30,0.0300,-0.0000,10.02,0.00,50.00,DO_NOTHING,--,0.00,SUCCEEDED,2,0.050,2.4810,0.2400,3.8748,0.2468,0.0211,0.010
51.981,50.422,0.977,APPROACH_TARGET,obstacle1,5.7495,0.0903,-0.0192,0.119443,0.061823,0.062879,6.290,29,0.0065,-0.1918,0.0223,-0.410,0.00000,5.9715,0.1447,-0.0418,0.0407,-0.0000,0.000,0.0300,0.0912,1.0000,54,0.090,0.00,0.00,0.00,20.08,0.0300,-0.0000,10.00,0.00,50.00,DO_NOTHING,--,0.00,SUCCEEDED,2,0.050,2.4810,0.2400,3.8778,0.2469,0.0211,0.010
52.081,50.522,0.987,APPROACH_TARGET,obstacle1,5.7495,0.0903,-0.0192,0.119443,0.061823,0.062879,6.390,29,0.0065,-0.1918,0.0223,-0.410,0.00000,5.9745,0.1446,-0.0418,0.0314,-0.0000,0.000,0.0291,0.0912,1.0000,54,0.090,0.00,0.00,0.00,20.17,0.0300,-0.0000,10.00,0.00,50.00,DO_NOTHING,--,0.00,SUCCEEDED,2,0.050,2.4810,0.2400,3.8808,0.2469,0.0211,0.010
52.181,50.620,0.986,APPROACH_TARGET,obstacle1,5.7495,0.0903,-0.0192,0.119443,0.061823,0.062879,6.488,29,0.0065,-0.1918,0.0223,-0.412,0.00000,5.9769,0.1445,-0.0418,0.0294,-0.0000,0.018,0.0291,0.0912,1.0000,54,0.088,0.00,0.00,0.00,20.08,0.0300,-0.0000,9.98,0.00,50.00,DO_NOTHING,--,0.00,SUCCEEDED,2,0.050,2.4810,0.2400,3.8838,0.2470,0.0211,0.008
52.280,50.716,0.978,APPROACH_TARGET,obstacle1,5.7495,0.0903,-0.0192,0.119443,0.061823,0.062879,6.584,29,0.0065,-0.1918,0.0223,-0.416,0.00000,5.9799,0.1443,-0.0418,0.0302,-0.0000,0.014,0.0300,0.0912,1.0000,54,0.084,0.00,0.00,0.00,20.21,0.0300,-0.0000,10.09,0.00,50.00,DO_NOTHING,--,0.00,SUCCEEDED,2,0.050,2.4810,0.2400,3.8868,0.2471,0.0211,0.004
52.380,50.816,0.994,APPROACH_TARGET,obstacle1,5.7495,0.0903,-0.0192,0.119443,0.061823,0.062879,6.684,29,0.0065,-0.1918,0.0223,-0.416,0.00000,5.9829,0.1442,-0.0418,0.0300,-0.0000,0.014,0.0291,0.0912,1.0000,54,0.084,0.00,0.00,0.00,19.96,0.0300,-0.0000,9.93,0.00,50.00,DO_NOTHING,--,0.00,SUCCEEDED,2,0.050,2.4810,0.2400,3.8898,0.2471,0.0211,0.004
52.481,50.908,0.987,APPROACH_TARGET,obstacle1,5.7495,0.0903,-0.0192,0.119443,0.061823,0.062879,6.776,29,0.0065,-0.1918,0.0223,-0.424,0.00000,5.9859,0.1441,-0.0418,0.0325,-0.0000,0.010,0.0291,0.0912,1.0000,54,0.076,0.00,0.00,0.00,20.04,0.0300,-0.0000,10.02,0.00,50.20,DO_NOTHING,--,0.00,SUCCEEDED,2,0.050,2.4810,0.2400,3.8922,0.2472,0.0211,0.016
52.580,51.008,0.986,APPROACH_TARGET,obstacle1,5.7495,0.0903,-0.0192,0.119443,0.061823,0.062879,6.876,29,0.0065,-0.1918,0.0223,-0.424,0.00000,5.9887,0.1440,-0.0418,0.0283,-0.0000,0.006,0.0291,0.0912,1.0000,54,0.076,0.00,0.00,0.00,21.01,0.0000,0.0000,9.98,0.00,50.00,DO_NOTHING,--,0.00,SUCCEEDED,2,0.050,2.4810,0.2400,3.8952,0.2472,0.0211,0.016
52.681,51.106,0.984,GRASP,obstacle1,5.7495,0.0903,-0.0192,0.119443,0.061823,0.062879,6.974,29,0.0065,-0.1918,0.0223,-0.426,0.00000,5.9887,0.1440,-0.0418,0.0000,-0.0000,0.004,0.0291,0.0912,1.0000,54,0.074,0.00,0.00,0.00,21.02,0.0000,0.0000,9.98,0.00,50.00,DO_NOTHING,--,0.00,SUCCEEDED,2,0.050,2.4810,0.2400,3.8953,0.2472,0.0211,0.014
52.780,51.206,0.984,GRASP,obstacle1,5.7495,0.0903,-0.0192,0.119443,0.061823,0.062879,7.074,29,0.0065,-0.1918,0.0223,-0.426,0.00000,5.9887,0.1440,-0.0418,-0.0000,0.0000,0.004,0.0291,0.0912,1.0000,54,0.074,0.00,0.00,0.00,19.96,0.0000,0.0000,9.98,0.00,50.00,DO_NOTHING,--,0.00,SUCCEEDED,2,0.050,2.4810,0.2400,3.8953,0.2472,0.0211,0.014
52.881,51.304,0.982,GRASP,obstacle1,5.7495,0.0903,-0.0192,0.119443,0.061823,0.062879,7.172,29,0.0065,-0.1918,0.0223,-0.428,0.00000,5.9887,0.1440,-0.0418,-0.0000,0.0000,0.002,0.0291,0.0912,1.0000,54,0.072,0.00,0.00,0.00,18.89,0.0000,0.0000,9.93,0.00,50.10,DO_NOTHING,--,0.00,SUCCEEDED,2,0.050,2.4810,0.2400,3.8953,0.2472,0.0211,0.012
52.981,51.404,0.982,GRASP,obstacle1,5.7495,0.0903,-0.0192,0.119443,0.061823,0.062879,7.272,29,0.0065,-0.1918,0.0223,-0.428,0.00000,5.9887,0.1440,-0.0418,-0.0000,0.0000,0.002,0.0291,0.0912,1.0000,54,0.072,0.00,0.00,0.00,17.74,0.0000,0.0000,10.00,0.00,49.90,DO_NOTHING,--,0.00,SUCCEEDED,2,0.050,2.4810,0.2400,3.8953,0.2472,0.0211,0.012
53.080,51.504,0.983,GRASP,obstacle1,5.7495,0.0903,-0.0192,0.119443,0.061823,0.062879,7.372,29,0.0065,-0.1918,0.0223,-0.428,0.00000,5.9887,0.1440,-0.0418,-0.0000,0.0000,0.002,0.0291,0.0912,1.0000,54,0.072,0.00,0.00,0.00,16.70,0.0000,0.0000,10.04,0.00,50.00,DO_NOTHING,--,0.00,SUCCEEDED,2,0.050,2.4810,0.2400,3.8953,0.2472,0.0211,0.012
53.180,51.604,0.984,GRASP,obstacle1,5.7495,0.0903,-0.0192,0.119443,0.061823,0.062879,7.472,29,0.0065,-0.1918,0.0223,-0.428,0.00000,5.9887,0.1440,-0.0418,-0.0000,0.0000,0.002,0.0291,0.0912,1.0000,54,0.072,0.00,0.00,0.00,15.56,0.0000,0.0000,9.98,0.00,50.10,DO_NOTHING,--,0.00,SUCCEEDED,2,0.050,2.4810,0.2400,3.8953,0.2472,0.0211,0.012
53.280,51.704,0.987,GRASP,obstacle1,5.7495,0.0903,-0.0192,0.119443,0.061823,0.062879,7.572,29,0.0065,-0.1918,0.0223,-0.428,0.00000,5.9887,0.1440,-0.0418,-0.0000,0.0000,0.002,0.0291,0.0912,1.0000,54,0.072,0.00,0.00,0.00,14.44,0.0000,0.0000,10.04,0.00,50.00,DO_NOTHING,--,0.00,SUCCEEDED,2,0.050,2.4810,0.2400,3.8953,0.2472,0.0211,0.012
53.380,51.800,0.984,GRASP,obstacle1,5.7495,0.0903,-0.0192,0.119443,0.061823,0.062879,7.668,29,0.0065,-0.1918,0.0223,-0.432,0.00000,5.9887,0.1440,-0.0418,-0.0000,0.0000,0.018,0.0291,0.0912,1.0000,54,0.068,0.00,0.00,0.00,13.27,0.0000,0.0000,10.00,0.00,50.00,DO_NOTHING,--,0.00,SUCCEEDED,2,0.050,2.4810,0.2400,3.8953,0.2472,0.0211,0.008
53.480,51.900,0.992,GRASP,obstacle1,5.7495,0.0903,-0.0192,0.119443,0.061823,0.062879,7.768,29,0.0065,-0.1918,0.0223,-0.432,0.00000,5.9887,0.1440,-0.0418,-0.0000,0.0000,0.020,0.0291,0.0912,1.0000,54,0.068,0.00,0.00,0.00,12.17,0.0000,0.0000,9.98,0.00,50.10,DO_NOTHING,--,0.00,SUCCEEDED,2,0.050,2.4810,0.2400,3.8953,0.2472,0.0211,0.008
53.581,51.996,0.989,GRASP,obstacle1,5.7495,0.0903,-0.0192,0.119443,0.061823,0.062879,7.864,29,0.0065,-0.1918,0.0223,-0.436,0.00000,5.9887,0.1440,-0.0418,-0.0000,0.0000,0.014,0.0291,0.0912,1.0000,54,0.064,0.00,0.00,0.00,10.14,0.0000,0.0000,10.09,0.00,50.00,DO_NOTHING,--,0.00,SUCCEEDED,2,0.050,2.4810,0.2400,3.8953,0.2472,0.0211,0.004
53.681,52.096,0.990,GRASP,obstacle1,5.7495,0.0903,-0.0192,0.119443,0.061823,0.062879,7.964,29,0.0065,-0.1918,0.0223,-0.436,0.00000,5.9887,0.1440,-0.0418,-0.0000,0.0000,0.016,0.0291,0.0912,1.0000,54,0.064,0.00,0.00,0.00,10.11,0.0000,0.0000,9.96,0.00,50.10,DO_NOTHING,--,0.00,SUCCEEDED,2,0.050,2.4810,0.2400,3.8953,0.2472,0.0211,0.004
53.780,52.194,0.989,GRASP,obstacle1,5.7495,0.0903,-0.0192,0.119443,0.061823,0.062879,8.062,29,0.0065,-0.1918,0.0223,-0.438,0.00000,5.9887,0.1440,-0.0418,-0.0000,0.0000,0.012,0.0291,0.0912,1.0000,54,0.062,0.00,0.00,0.00,10.10,0.0000,0.0000,9.89,0.00,50.00,DO_NOTHING,--,0.00,SUCCEEDED,2,0.050,2.4810,0.2400,3.8953,0.2472,0.0211,0.002
53.881,52.296,0.992,GRASP,obstacle1,5.7495,0.0903,-0.0192,0.119443,0.061823,0.062879,8.164,29,0.0065,-0.1918,0.0223,-0.436,0.00000,5.9887,0.1440,-0.0418,-0.0000,0.0000,0.018,0.0291,0.0912,1.0000,54,0.064,0.00,0.00,0.00,10.14,0.0000,0.0000,10.00,0.00,50.20,DO_NOTHING,--,0.00,SUCCEEDED,2,0.050,2.4810,0.2400,3.8953,0.2472,0.0211,0.004
53.981,52.396,0.991,GRASP,obstacle1,5.7495,0.0903,-0.0192,0.119443,0.061823,0.062879,8.264,29,0.0065,-0.1918,0.0223,-0.436,0.00000,5.9887,0.1440,-0.0418,-0.0000,0.0000,0.014,0.0291,0.0912,1.0000,54,0.064,0.00,0.00,0.00,10.17,0.0000,0.0000,9.83,0.00,50.10,DO_NOTHING,--,0.00,SUCCEEDED,2,0.050,2.4810,0.2400,3.8953,0.2472,0.0211,0.004
54.080,52.496,0.992,GRASP,obstacle1,5.7495,0.0903,-0.0192,0.119443,0.061823,0.062879,8.364,29,0.0065,-0.1918,0.0223,-0.436,0.00000,5.9887,0.1440,-0.0418,-0.0000,0.0000,0.018,0.0291,0.0912,1.0000,54,0.064,0.00,0.00,0.00,10.16,0.0000,0.0000,10.00,0.00,49.90,DO_NOTHING,--,0.00,SUCCEEDED,2,0.050,2.4810,0.2400,3.8953,0.2472,0.0211,0.004
54.182,52.584,0.976,GRASP,obstacle1,5.7495,0.0903,-0.0192,0.119443,0.061823,0.062879,8.452,29,0.0065,-0.1918,0.0223,-0.448,0.00000,5.9887,0.1440,-0.0418,-0.0000,0.0000,0.002,0.0291,0.0912,1.0000,54,0.052,0.00,0.00,0.00,10.20,0.0000,0.0000,10.02,0.00,49.90,DO_NOTHING,--,0.00,SUCCEEDED,2,0.050,2.4810,0.2400,3.8953,0.2472,0.0211,0.012
54.280,52.682,0.978,GRASP,obstacle1,5.7495,0.0903,-0.0192,0.119443,0.061823,0.062879,8.550,29,0.0065,-0.1918,0.0223,-0.450,0.00000,5.9887,0.1440,-0.0418,-0.0000,0.0000,0.020,0.0291,0.0912,1.0000,54,0.050,0.00,0.00,0.00,10.27,0.0000,0.0000,9.98,0.00,50.00,DO_NOTHING,--,0.00,SUCCEEDED,2,0.050,2.4810,0.2400,3.8953,0.2472,0.0211,0.010
54.381,52.776,0.973,GRASP,obstacle1,5.7495,0.0903,-0.0192,0.119443,0.061823,0.062879,8.644,29,0.0065,-0.1918,0.0223,-0.456,0.00000,5.9887,0.1440,-0.0418,-0.0000,0.0000,0.014,0.0291,0.0912,1.0000,54,0.044,0.00,0.00,0.00,10.31,0.0000,0.0000,10.07,0.00,50.00,DO_NOTHING,--,0.00,SUCCEEDED,2,0.050,2.4810,0.2400,3.8953,0.2472,0.0211,0.004
54.480,52.872,0.972,GRASP,obstacle1,5.7495,0.0903,-0.0192,0.119443,0.061823,0.062879,8.740,29,0.0065,-0.1918,0.0223,-0.460,0.00000,5.9887,0.1440,-0.0418,-0.0000,0.0000,0.012,0.0291,0.0912,1.0000,54,0.040,0.00,0.00,0.00,10.00,0.0000,0.0000,9.93,0.00,49.90,DO_NOTHING,--,0.00,SUCCEEDED,2,0.050,2.4810,0.2400,3.8953,0.2472,0.0211,0.020
54.580,52.970,0.974,GRASP,obstacle1,5.7495,0.0903,-0.0192,0.119443,0.061823,0.062879,8.838,29,0.0065,-0.1918,0.0223,-0.462,0.00000,5.9887,0.1440,-0.0418,-0.0000,0.0000,0.008,0.0291,0.0912,1.0000,54,0.038,0.00,0.00,0.00,1.00,0.0000,0.0000,10.07,0.00,50.00,DO_NOTHING,--,0.00,SUCCEEDED,2,0.050,2.4810,0.2400,3.8953,0.2472,0.0211,0.018
54.680,53.066,0.970,GRASP,obstacle1,5.7495,0.0903,-0.0192,0.119443,0.061823,0.062879,8.934,29,0.0065,-0.1918,0.0223,-0.466,0.00000,5.9887,0.1440,-0.0418,-0.0000,0.0000,0.004,0.0291,0.0912,1.0000,54,0.034,0.00,0.00,0.00,0.00,0.0000,0.0000,10.16,0.00,49.80,DO_NOTHING,--,0.00,SUCCEEDED,2,0.050,2.4810,0.2400,3.8953,0.2472,0.0211,0.014
54.781,53.168,0.969,GRASP,obstacle1,5.7495,0.0903,-0.0192,0.119443,0.061823,0.062879,9.036,29,0.0065,-0.1918,0.0223,-0.464,0.00000,5.9887,0.1440,-0.0418,-0.0000,0.0000,0.006,0.0291,0.0912,1.0000,54,0.036,0.00,0.00,0.00,0.00,0.0000,0.0000,10.02,0.00,50.00,DO_NOTHING,--,0.00,SUCCEEDED,2,0.050,2.4810,0.2400,3.8953,0.2472,0.0211,0.016
54.880,53.264,0.968,GRASP,obstacle1,5.7495,0.0903,-0.0192,0.119443,0.061823,0.062879,9.132,29,0.0065,-0.1918,0.0223,-0.468,0.00000,5.9887,0.1440,-0.0418,-0.0000,0.0000,0.002,0.0291,0.0912,1.0000,54,0.032,0.00,0.00,0.00,0.00,0.0000,0.0000,10.16,0.00,49.80,DO_NOTHING,--,0.00,SUCCEEDED,2,0.050,2.4810,0.2400,3.8953,0.2472,0.0211,0.012
54.980,53.364,0.968,GRASP,obstacle1,5.7495,0.0903,-0.0192,0.119443,0.061823,0.062879,9.232,29,0.0065,-0.1918,0.0223,-0.468,0.00000,5.9887,0.1440,-0.0418,-0.0000,0.0000,0.002,0.0291,0.0912,1.0000,54,0.032,0.00,0.00,0.00,0.00,0.0000,0.0000,9.98,0.00,50.00,DO_NOTHING,--,0.00,SUCCEEDED,2,0.050,2.4810,0.2400,3.8953,0.2472,0.0211,0.012
55.081,53.464,0.979,GRASP,obstacle1,5.7495,0.0903,-0.0192,0.119443,0.061823,0.062879,9.332,29,0.0065,-0.1918,0.0223,-0.468,0.00000,5.9887,0.1440,-0.0418,-0.0000,0.0000,0.004,0.0291,0.0912,1.0000,54,0.032,0.00,0.00,0.00,0.00,0.0000,0.0000,9.96,0.00,50.00,DO_NOTHING,--,0.00,SUCCEEDED,2,0.050,2.4810,0.2400,3.8953,0.2472,0.0211,0.012
55.180,53.564,0.981,GRASP,obstacle1,5.7495,0.0903,-0.0192,0.119443,0.061823,0.062879,9.432,29,0.0065,-0.1918,0.0223,-0.468,0.00000,5.9887,0.1440,-0.0418,-0.0000,0.0000,0.002,0.0291,0.0912,1.0000,54,0.032,0.00,0.00,0.00,0.00,0.0000,0.0000,10.00,0.00,50.10,DO_NOTHING,--,0.00,SUCCEEDED,2,0.050,2.4810,0.2400,3.8953,0.2472,0.0211,0.012
55.280,53.662,0.980,GRASP,obstacle1,5.7495,0.0903,-0.0192,0.119443,0.061823,0.062879,9.530,29,0.0065,-0.1918,0.0223,-0.470,0.00000,5.9887,0.1440,-0.0418,-0.0000,0.0000,0.002,0.0291,0.0912,1.0000,54,0.030,0.00,0.00,0.00,0.00,0.0000,0.0000,9.89,0.00,50.00,DO_NOTHING,--,0.00,SUCCEEDED,2,0.050,2.4810,0.2400,3.8953,0.2472,0.0211,0.010
55.380,53.764,0.988,GRASP,obstacle1,5.7495,0.0903,-0.0192,0.119443,0.061823,0.062879,9.632,29,0.0065,-0.1918,0.0223,-0.468,0.00000,5.9887,0.1440,-0.0418,-0.0000,0.0000,0.002,0.0291,0.0912,1.0000,54,0.032,0.00,0.00,0.00,0.00,0.0000,0.0000,10.02,0.00,50.00,DO_NOTHING,--,0.00,SUCCEEDED,2,0.050,2.4810,0.2400,3.8953,0.2472,0.0211,0.012
55.480,53.860,0.988,GRASP,obstacle1,5.7495,0.0903,-0.0192,0.119443,0.061823,0.062879,9.728,29,0.0065,-0.1918,0.0223,-0.472,0.00000,5.9887,0.1440,-0.0418,-0.0000,0.0000,0.000,0.0291,0.0912,1.0000,54,0.028,0.00,0.00,0.00,0.00,0.0000,0.0000,9.96,0.00,50.10,DO_NOTHING,--,0.00,SUCCEEDED,2,0.050,2.4810,0.2400,3.8953,0.2472,0.0211,0.008
55.580,53.964,0.998,GRASP,obstacle1,5.7495,0.0903,-0.0192,0.119443,0.061823,0.062879,9.832,29,0.0065,-0.1918,0.0223,-0.468,0.00000,5.9887,0.1440,-0.0418,-0.0000,0.0000,0.002,0.0291,0.0912,1.0000,54,0.032,0.00,0.00,0.00,0.00,0.0000,0.0000,10.02,0.00,50.00,DO_NOTHING,--,0.00,SUCCEEDED,2,0.050,2.4810,0.2400,3.8953,0.2472,0.0211,0.012
55.680,54.060,0.994,GRASP,obstacle1,5.7495,0.0903,-0.0192,0.119443,0.061823,0.062879,9.928,29,0.0065,-0.1918,0.0223,-0.472,0.00000,5.9887,0.1440,-0.0418,-0.0000,0.0000,0.020,0.0291,0.0912,1.0000,54,0.028,0.00,0.00,0.00,0.00,0.0000,0.0000,9.93,0.00,50.10,DO_NOTHING,--,0.00,SUCCEEDED,2,0.050,2.4810,0.2400,3.8953,0.2472,0.0211,0.008
55.780,54.160,0.992,GRASP,obstacle1,5.7495,0.0903,-0.0192,0.119443,0.061823,0.062879,10.028,29,0.0065,-0.1918,0.0223,-0.472,0.00000,5.9887,0.1440,-0.0418,-0.0000,0.0000,0.018,0.0291,0.0912,1.0000,54,0.028,0.00,0.00,0.00,0.00,0.0000,0.0000,10.04,0.00,50.00,DO_NOTHING,--,0.00,SUCCEEDED,2,0.050,2.4810,0.2400,3.8953,0.2472,0.0211,0.008
55.881,54.260,0.995,GRASP,obstacle1,5.7495,0.0903,-0.0192,0.119443,0.061823,0.062879,10.128,29,0.0065,-0.1918,0.0223,-0.472,0.00000,5.9887,0.1440,-0.0418,-0.0000,0.0000,0.018,0.0291,0.0912,1.0000,54,0.028,0.00,0.00,0.00,0.00,0.0000,0.0000,9.98,0.00,50.00,DO_NOTHING,--,0.00,SUCCEEDED,2,0.050,2.4810,0.2400,3.8953,0.2472,0.0211,0.008
55.980,54.358,0.994,GRASP,obstacle1,5.7495,0.0903,-0.0192,0.119443,0.061823,0.062879,10.226,29,0.0065,-0.1918,0.0223,-0.474,0.00000,5.9887,0.1440,-0.0418,-0.0000,0.0000,0.016,0.0291,0.0912,1.0000,54,0.026,0.00,0.00,0.00,0.00,0.0000,0.0000,10.00,0.00,50.00,DO_NOTHING,--,0.00,SUCCEEDED,2,0.050,2.4810,0.2400,3.8953,0.2472,0.0211,0.006
56.080,54.456,0.992,GRASP,obstacle1,5.7495,0.0903,-0.0192,0.119443,0.061823,0.062879,10.324,29,0.0065,-0.1918,0.0223,-0.476,0.00000,5.9887,0.1440,-0.0418,-0.0000,0.0000,0.014,0.0291,0.0912,1.0000,54,0.024,0.00,0.00,0.00,0.00,0.0000,0.0000,9.98,0.00,50.10,DO_NOTHING,--,0.00,SUCCEEDED,2,0.050,2.4810,0.2400,3.8953,0.2472,0.0211,0.004
56.180,54.558,0.994,GRASP,obstacle1,5.7495,0.0903,-0.0192,0.119443,0.061823,0.062879,10.426,29,0.0065,-0.1918,0.0223,-0.474,0.00000,5.9887,0.1440,-0.0418,-0.0000,0.0000,0.016,0.0291,0.0912,1.0000,54,0.026,0.00,0.00,0.00,0.00,0.0000,0.0000,10.07,0.00,49.90,DO_NOTHING,--,0.00,SUCCEEDED,2,0.050,2.4810,0.2400,3.8953,0.2472,0.0211,0.006
56.280,54.654,0.989,GRASP,obstacle1,5.7495,0.0903,-0.0192,0.119443,0.061823,0.062879,10.522,29,0.0065,-0.1918,0.0223,-0.478,0.00000,5.9887,0.1440,-0.0418,-0.0000,0.0000,0.012,0.0291,0.0912,1.0000,54,0.022,0.00,0.00,0.00,0.00,0.0000,0.0000,9.98,0.00,50.00,DO_NOTHING,--,0.00,SUCCEEDED,2,0.050,2.4810,0.2400,3.8953,0.2472,0.0211,0.002
56.381,54.756,0.995,GRASP,obstacle1,5.7495,0.0903,-0.0192,0.119443,0.061823,0.062879,10.624,29,0.0065,-0.1918,0.0223,-0.476,0.00000,5.9887,0.1440,-0.0418,-0.0000,0.0000,0.014,0.0291,0.0912,1.0000,54,0.024,0.00,0.00,0.00,0.00,0.0000,0.0000,9.98,0.00,49.90,DO_NOTHING,--,0.00,SUCCEEDED,2,0.050,2.4810,0.2400,3.8953,0.2472,0.0211,0.004
56.480,54.848,0.982,GRASP,obstacle1,5.7495,0.0903,-0.0192,0.119443,0.061823,0.062879,10.716,29,0.0065,-0.1918,0.0223,-0.484,0.00000,5.9887,0.1440,-0.0418,-0.0000,0.0000,0.006,0.0291,0.0912,1.0000,54,0.016,0.00,0.00,0.00,0.00,0.0000,0.0000,10.00,0.00,49.90,DO_NOTHING,--,0.00,SUCCEEDED,2,0.050,2.4810,0.2400,3.8953,0.2472,0.0211,0.016
56.581,54.950,0.989,GRASP,obstacle1,5.7495,0.0903,-0.0192,0.119443,0.061823,0.062879,10.818,29,0.0065,-0.1918,0.0223,-0.482,0.00000,5.9887,0.1440,-0.0418,-0.0000,0.0000,0.008,0.0291,0.0912,1.0000,54,0.018,0.00,0.00,0.00,0.00,0.0000,0.0000,10.07,0.00,50.00,DO_NOTHING,--,0.00,SUCCEEDED,2,0.050,2.4810,0.2400,3.8953,0.2472,0.0211,0.018
56.681,55.046,0.984,GRASP,obstacle1,5.7495,0.0903,-0.0192,0.119443,0.061823,0.062879,10.914,29,0.0065,-0.1918,0.0223,-0.486,0.00000,5.9887,0.1440,-0.0418,-0.0000,0.0000,0.004,0.0460,0.1000,0.9815,54,0.014,0.00,0.00,0.00,0.00,0.0000,0.0000,10.00,0.00,49.90,DO_NOTHING,--,0.00,SUCCEEDED,2,0.050,2.4810,0.2400,3.8953,0.2472,0.0211,0.014
56.780,55.142,0.982,GRASP,obstacle1,5.7495,0.0903,-0.0192,0.119443,0.061823,0.062879,11.010,29,0.0065,-0.1918,0.0223,-0.390,0.00000,5.9887,0.1440,-0.0418,-0.0000,0.0000,0.024,0.0460,0.1000,0.9815,54,0.110,0.00,0.00,0.00,0.00,0.0000,0.0000,10.08,0.00,50.20,DO_NOTHING,--,0.00,SUCCEEDED,2,0.050,2.4810,0.2400,3.8953,0.2472,0.0211,0.010
56.880,55.238,0.978,GRASP,obstacle1,5.7495,0.0903,-0.0192,0.119443,0.061823,0.062879,11.106,29,0.0065,-0.1918,0.0223,-0.394,0.00000,5.9887,0.1440,-0.0418,-0.0000,0.0000,0.016,0.0796,0.1000,0.9444,54,0.006,0.00,0.00,0.00,0.00,0.0000,0.0000,10.08,0.00,50.00,DO_NOTHING,--,0.00,SUCCEEDED,2,0.050,2.4810,0.2400,3.8953,0.2472,0.0211,0.006
56.980,55.340,0.982,GRASP,obstacle1,5.7495,0.0903,-0.0192,0.119443,0.061823,0.062879,11.208,29,0.0065,-0.1918,0.0223,-0.392,0.00000,5.9887,0.1440,-0.0418,-0.0000,0.0000,0.018,0.0796,0.1000,0.9444,54,0.108,0.00,0.00,0.00,0.00,0.0000,0.0000,10.09,0.00,50.00,DO_NOTHING,--,0.00,SUCCEEDED,2,0.050,2.4810,0.2400,3.8953,0.2472,0.0211,0.008
57.080,55.440,0.984,GRASP,obstacle1,5.7495,0.0903,-0.0192,0.119443,0.061823,0.062879,11.308,29,0.0065,-0.1918,0.0223,-0.392,0.00000,5.9887,0.1440,-0.0418,-0.0000,0.0000,0.018,0.0796,0.1000,0.9444,54,0.108,0.00,0.00,0.00,0.00,0.0000,0.0000,9.98,0.00,50.00,DO_NOTHING,--,0.00,SUCCEEDED,2,0.050,2.4810,0.2400,3.8953,0.2472,0.0211,0.008
57.181,55.540,0.984,GRASP,obstacle1,5.7495,0.0903,-0.0192,0.119443,0.061823,0.062879,11.408,29,0.0065,-0.1918,0.0223,-0.392,0.00000,5.9887,0.1440,-0.0418,-0.0000,0.0000,0.018,0.0824,0.1000,0.9444,54,0.108,0.00,0.00,0.00,0.00,0.0000,0.0000,9.91,0.00,50.10,DO_NOTHING,--,0.00,SUCCEEDED,2,0.050,2.4810,0.2400,3.8953,0.2472,0.0211,0.008
57.281,55.640,0.982,GRASP,obstacle1,5.7495,0.0903,-0.0192,0.119443,0.061823,0.062879,11.508,29,0.0065,-0.1918,0.0223,-0.392,0.00000,5.9887,0.1440,-0.0418,-0.0000,0.0000,0.018,0.0468,0.1000,0.9815,54,0.108,0.00,0.00,0.00,0.00,0.0000,0.0000,10.00,0.00,50.00,DO_NOTHING,--,0.00,SUCCEEDED,2,0.050,2.4810,0.2400,3.8953,0.2472,0.0211,0.008
57.381,55.738,0.988,GRASP,obstacle1,5.7495,0.0903,-0.0192,0.119443,0.061823,0.062879,11.606,29,0.0065,-0.1918,0.0223,-0.394,0.00000,5.9887,0.1440,-0.0418,-0.0000,0.0000,0.016,0.0291,0.0912,1.0000,54,0.106,0.00,0.00,0.00,0.00,0.0000,0.0000,9.93,0.00,50.10,DO_NOTHING,--,0.00,SUCCEEDED,2,0.050,2.4810,0.2400,3.8953,0.2472,0.0211,0.006
57.480,55.832,0.984,GRASP,obstacle1,5.7495,0.0903,-0.0192,0.119443,0.061823,0.062879,11.700,29,0.0065,-0.1918,0.0223,-0.400,0.00000,5.9887,0.1440,-0.0418,-0.0000,0.0000,0.010,0.0291,0.0912,1.0000,54,0.100,0.00,0.00,0.00,0.00,0.0000,0.0000,9.96,0.00,50.00,DO_NOTHING,--,0.00,SUCCEEDED,2,0.050,2.4810,0.2400,3.8953,0.2472,0.0211,0.000
57.581,55.932,0.982,GRASP,obstacle1,5.7495,0.0903,-0.0192,0.119443,0.061823,0.062879,11.800,29,0.0065,-0.1918,0.0223,-0.400,0.00000,5.9887,0.1440,-0.0418,-0.0000,0.0000,0.010,0.0291,0.0912,1.0000,54,0.100,0.00,0.00,0.00,0.00,0.0000,0.0000,9.98,0.00,50.00,DO_NOTHING,--,0.00,SUCCEEDED,2,0.050,2.4810,0.2400,3.8953,0.2472,0.0211,0.000
57.680,56.032,0.986,GRASP,obstacle1,5.7495,0.0903,-0.0192,0.119443,0.061823,0.062879,11.900,29,0.0065,-0.1918,0.0223,-0.400,0.00000,5.9887,0.1440,-0.0418,-0.0000,0.0000,0.010,0.0291,0.0912,1.0000,54,0.100,0.00,0.00,0.00,0.00,0.0000,0.0000,9.96,0.00,50.00,DO_NOTHING,--,0.00,SUCCEEDED,2,0.050,2.4810,0.2400,3.8953,0.2472,0.0211,0.020
57.780,56.126,0.987,GRASP,obstacle1,5.7495,0.0903,-0.0192,0.119443,0.061823,0.062879,11.994,29,0.0065,-0.1918,0.0223,-0.406,0.00000,5.9887,0.1440,-0.0418,-0.0000,0.0000,0.004,0.0291,0.0912,1.0000,54,0.094,0.00,0.00,0.00,0.00,0.0000,0.0000,10.07,0.00,50.10,DO_NOTHING,--,0.00,SUCCEEDED,2,0.050,2.4810,0.2400,3.8953,0.2472,0.0211,0.014
57.881,56.226,0.984,GRASP,obstacle1,5.7495,0.0903,-0.0192,0.119443,0.061823,0.062879,12.094,29,0.0065,-0.1918,0.0223,-0.406,0.00000,5.9887,0.1440,-0.0418,-0.0000,0.0000,0.004,0.0291,0.0912,1.0000,54,0.094,0.00,0.00,0.00,0.00,0.0000,0.0000,9.96,0.00,50.00,DO_NOTHING,--,0.00,SUCCEEDED,2,0.050,2.4810,0.2400,3.8953,0.2472,0.0211,0.014
57.981,56.322,0.980,GRASP,obstacle1,5.7495,0.0903,-0.0192,0.119443,0.061823,0.062879,12.190,29,0.0065,-0.1918,0.0223,-0.410,0.00000,5.9887,0.1440,-0.0418,-0.0000,0.0000,0.022,0.0291,0.0912,1.0000,54,0.090,0.00,0.00,0.00,0.00,0.0000,0.0000,10.02,0.00,50.10,DO_NOTHING,--,0.00,SUCCEEDED,2,0.050,2.4810,0.2400,3.8953,0.2472,0.0211,0.010
58.080,56.422,0.982,GRASP,obstacle1,5.7495,0.0903,-0.0192,0.119443,0.061823,0.062879,12.290,29,0.0065,-0.1918,0.0223,-0.410,0.00000,5.9887,0.1440,-0.0418,-0.0000,0.0000,0.020,0.0291,0.0912,1.0000,54,0.090,0.00,0.00,0.00,0.00,0.0000,0.0000,10.11,0.00,50.00,DO_NOTHING,--,0.00,SUCCEEDED,2,0.050,2.4810,0.2400,3.8953,0.2472,0.0211,0.010
58.180,56.520,0.980,GRASP,obstacle1,5.7495,0.0903,-0.0192,0.119443,0.061823,0.062879,12.388,29,0.0065,-0.1918,0.0223,-0.412,0.00000,5.9887,0.1440,-0.0418,-0.0000,0.0000,0.020,0.0291,0.0912,1.0000,54,0.088,0.00,0.00,0.00,0.00,0.0000,0.0000,10.02,0.00,50.10,DO_NOTHING,--,0.00,SUCCEEDED,2,0.050,2.4810,0.2400,3.8953,0.2472,0.0211,0.008
58.280,56.620,0.980,GRASP,obstacle1,5.7495,0.0903,-0.0192,0.119443,0.061823,0.062879,12.488,29,0.0065,-0.1918,0.0223,-0.412,0.00000,5.9887,0.1440,-0.0418,-0.0000,0.0000,0.018,0.0291,0.0912,1.0000,54,0.088,0.00,0.00,0.00,0.00,0.0000,0.0000,10.11,0.00,49.90,DO_NOTHING,--,0.00,SUCCEEDED,2,0.050,2.4810,0.2400,3.8953,0.2472,0.0211,0.008
58.380,56.714,0.977,GRASP,obstacle1,5.7495,0.0903,-0.0192,0.119443,0.061823,0.062879,12.582,29,0.0065,-0.1918,0.0223,-0.418,0.00000,5.9887,0.1440,-0.0418,-0.0000,0.0000,0.014,0.0291,0.0912,1.0000,54,0.082,0.00,0.00,0.00,0.00,0.0000,0.0000,10.04,0.00,50.10,DO_NOTHING,--,0.00,SUCCEEDED,2,0.050,2.4810,0.2400,3.8953,0.2472,0.0211,0.002
58.480,56.812,0.980,GRASP,obstacle1,5.7495,0.0903,-0.0192,0.119443,0.061823,0.062879,12.680,29,0.0065,-0.1918,0.0223,-0.420,0.00000,5.9887,0.1440,-0.0418,-0.0000,0.0000,0.010,0.0291,0.0912,1.0000,54,0.080,0.00,0.00,0.00,0.00,0.0000,0.0000,10.00,0.00,50.00,DO_NOTHING,--,0.00,SUCCEEDED,2,0.050,2.4810,0.2400,3.8953,0.2472,0.0211,0.000
58.581,56.914,0.982,GRASP,obstacle1,5.7495,0.0903,-0.0192,0.119443,0.061823,0.062879,12.782,29,0.0065,-0.1918,0.0223,-0.418,0.00000,5.9887,0.1440,-0.0418,-0.0000,0.0000,0.012,0.0291,0.0912,1.0000,54,0.082,0.00,0.00,0.00,0.00,0.0000,0.0000,9.98,0.00,50.00,DO_NOTHING,--,0.00,SUCCEEDED,2,0.050,2.4810,0.2400,3.8953,0.2472,0.0211,0.002
58.681,57.014,0.986,GRASP,obstacle1,5.7495,0.0903,-0.0192,0.119443,0.061823,0.062879,12.882,29,0.0065,-0.1918,0.0223,-0.418,0.00000,5.9887,0.1440,-0.0418,-0.0000,0.0000,0.012,0.0291,0.0912,1.0000,54,0.082,0.00,0.00,0.00,0.00,0.0000,0.0000,9.98,0.00,49.90,DO_NOTHING,--,0.00,SUCCEEDED,2,0.050,2.4810,0.2400,3.8953,0.2472,0.0211,0.002
58.780,57.114,0.988,GRASP,obstacle1,5.7495,0.0903,-0.0192,0.119443,0.061823,0.062879,12.982,29,0.0065,-0.1918,0.0223,-0.418,0.00000,5.9887,0.1440,-0.0418,-0.0000,0.0000,0.012,0.0291,0.0912,1.0000,54,0.082,0.00,0.00,0.00,0.00,0.0000,0.0000,10.02,0.00,50.00,DO_NOTHING,--,0.00,SUCCEEDED,2,0.050,2.4810,0.2400,3.8953,0.2472,0.0211,0.002
58.880,57.214,0.988,GRASP,obstacle1,5.7495,0.0903,-0.0192,0.119443,0.061823,0.062879,13.082,29,0.0065,-0.1918,0.0223,-0.418,0.00000,5.9887,0.1440,-0.0418,-0.0000,0.0000,0.012,0.0291,0.0912,1.0000,54,0.082,0.00,0.00,0.00,0.00,0.0000,0.0000,10.02,0.00,49.90,DO_NOTHING,--,0.00,SUCCEEDED,2,0.050,2.4810,0.2400,3.8953,0.2472,0.0211,0.002
58.981,57.314,0.991,GRASP,obstacle1,5.7495,0.0903,-0.0192,0.119443,0.061823,0.062879,13.182,29,0.0065,-0.1918,0.0223,-0.418,0.00000,5.9887,0.1440,-0.0418,-0.0000,0.0000,0.012,0.0291,0.0912,1.0000,54,0.082,0.00,0.00,0.00,0.00,0.0000,0.0000,10.04,0.00,50.00,DO_NOTHING,--,0.00,SUCCEEDED,2,0.050,2.4810,0.2400,3.8953,0.2472,0.0211,0.002
59.080,57.414,0.994,GRASP,obstacle1,5.7495,0.0903,-0.0192,0.119443,0.061823,0.062879,13.282,29,0.0065,-0.1918,0.0223,-0.418,0.00000,5.9887,0.1440,-0.0418,-0.0000,0.0000,0.012,0.0291,0.0912,1.0000,54,0.082,0.00,0.00,0.00,0.00,0.0000,0.0000,9.98,0.00,50.10,DO_NOTHING,--,0.00,SUCCEEDED,2,0.050,2.4810,0.2400,3.8953,0.2472,0.0211,0.002
59.180,57.514,0.993,GRASP,obstacle1,5.7495,0.0903,-0.0192,0.119443,0.061823,0.062879,13.382,29,0.0065,-0.1918,0.0223,-0.418,0.00000,5.9887,0.1440,-0.0418,-0.0000,0.0000,0.012,0.0291,0.0912,1.0000,54,0.082,0.00,0.00,0.00,0.00,0.0000,0.0000,9.98,0.00,50.00,DO_NOTHING,--,0.00,SUCCEEDED,2,0.050,2.4810,0.2400,3.8953,0.2472,0.0211,0.002
59.281,57.614,0.999,GRASP,obstacle1,5.7495,0.0903,-0.0192,0.119443,0.061823,0.062879,13.482,29,0.0065,-0.1918,0.0223,-0.418,0.00000,5.9887,0.1440,-0.0418,-0.0000,0.0000,0.012,0.0291,0.0912,1.0000,54,0.082,0.00,0.00,0.00,0.00,0.0000,0.0000,10.00,0.00,50.00,DO_NOTHING,--,0.00,SUCCEEDED,2,0.050,2.4810,0.2400,3.8953,0.2472,0.0211,0.002
59.381,57.712,0.999,GRASP,obstacle1,5.7495,0.0903,-0.0192,0.119443,0.061823,0.062879,13.580,29,0.0065,-0.1918,0.0223,-0.420,0.00000,5.9887,0.1440,-0.0418,-0.0000,0.0000,0.010,0.0291,0.0912,1.0000,54,0.080,0.00,0.00,0.00,0.00,0.0000,0.0000,9.98,0.00,50.00,DO_NOTHING,--,0.00,SUCCEEDED,2,0.050,2.4810,0.2400,3.8953,0.2472,0.0211,0.000
59.480,57.810,0.998,GRASP,obstacle1,5.7495,0.0903,-0.0192,0.119443,0.061823,0.062879,13.678,29,0.0065,-0.1918,0.0223,-0.422,0.00000,5.9887,0.1440,-0.0418,-0.0000,0.0000,0.008,0.0291,0.0912,1.0000,54,0.078,0.00,0.00,0.00,0.00,0.0000,0.0000,10.04,0.00,50.00,DO_NOTHING,--,0.00,SUCCEEDED,2,0.050,2.4810,0.2400,3.8953,0.2472,0.0211,0.018
59.580,57.908,0.994,GRASP,obstacle1,5.7495,0.0903,-0.0192,0.119443,0.061823,0.062879,13.776,29,0.0065,-0.1918,0.0223,-0.424,0.00000,5.9887,0.1440,-0.0418,-0.0000,0.0000,0.006,0.0291,0.0912,1.0000,54,0.076,0.00,0.00,0.00,0.00,0.0000,0.0000,10.00,0.00,50.00,DO_NOTHING,--,0.00,SUCCEEDED,2,0.050,2.4810,0.2400,3.8953,0.2472,0.0211,0.016
59.681,58.010,0.995,GRASP,obstacle1,5.7495,0.0903,-0.0192,0.119443,0.061823,0.062879,13.878,29,0.0065,-0.1918,0.0223,-0.422,0.00000,5.9887,0.1440,-0.0418,-0.0000,0.0000,0.008,0.0291,0.0912,1.0000,54,0.078,0.00,0.00,0.00,0.00,0.0000,0.0000,9.96,0.00,50.00,DO_NOTHING,--,0.00,SUCCEEDED,2,0.050,2.4810,0.2400,3.8953,0.2472,0.0211,0.018
59.780,58.110,0.996,GRASP,obstacle1,5.7495,0.0903,-0.0192,0.119443,0.061823,0.062879,13.978,29,0.0065,-0.1918,0.0223,-0.422,0.00000,5.9887,0.1440,-0.0418,-0.0000,0.0000,0.008,0.0291,0.0912,1.0000,54,0.078,0.00,0.00,0.00,0.00,0.0000,0.0000,9.98,0.00,50.00,DO_NOTHING,--,0.00,SUCCEEDED,2,0.050,2.4810,0.2400,3.8953,0.2472,0.0211,0.018
59.880,58.210,0.996,GRASP,obstacle1,5.7495,0.0903,-0.0192,0.119443,0.061823,0.062879,14.078,29,0.0065,-0.1918,0.0223,-0.422,0.00000,5.9887,0.1440,-0.0418,-0.0000,0.0000,0.008,0.0291,0.0912,1.0000,54,0.078,0.00,0.00,0.00,0.00,0.0000,0.0000,9.98,0.00,50.00,DO_NOTHING,--,0.00,SUCCEEDED,2,0.050,2.4810,0.2400,3.8953,0.2472,0.0211,0.018
59.980,58.308,0.995,GRASP,obstacle1,5.7495,0.0903,-0.0192,0.119443,0.061823,0.062879,14.176,29,0.0065,-0.1918,0.0223,-0.424,0.00000,5.9887,0.1440,-0.0418,-0.0000,0.0000,0.006,0.0291,0.0912,1.0000,54,0.076,0.00,0.00,0.00,0.00,0.0000,0.0000,9.93,0.00,50.00,DO_NOTHING,--,0.00,SUCCEEDED,2,0.050,2.4810,0.2400,3.8953,0.2472,0.0211,0.016
60.080,58.406,0.992,GRASP,obstacle1,5.7495,0.0903,-0.0192,0.119443,0.061823,0.062879,14.274,29,0.0065,-0.1918,0.0223,-0.426,0.00000,5.9887,0.1440,-0.0418,-0.0000,0.0000,0.004,0.0291,0.0912,1.0000,54,0.074,0.00,0.00,0.00,0.00,0.0000,0.0000,10.07,0.00,50.00,DO_NOTHING,--,0.00,SUCCEEDED,2,0.050,2.4810,0.2400,3.8953,0.2472,0.0211,0.014
60.180,58.506,0.992,GRASP,obstacle1,5.7495,0.0903,-0.0192,0.119443,0.061823,0.062879,14.374,29,0.0065,-0.1918,0.0223,-0.426,0.00000,5.9887,0.1440,-0.0418,-0.0000,0.0000,0.004,0.0291,0.0912,1.0000,54,0.074,0.00,0.00,0.00,0.00,0.0000,0.0000,9.91,0.00,50.00,DO_NOTHING,--,0.00,SUCCEEDED,2,0.050,2.4810,0.2400,3.8953,0.2472,0.0211,0.014
60.281,58.602,0.989,GRASP,obstacle1,5.7495,0.0903,-0.0192,0.119443,0.061823,0.062879,14.470,29,0.0065,-0.1918,0.0223,-0.430,0.00000,5.9887,0.1440,-0.0418,-0.0000,0.0000,0.020,0.0291,0.0912,1.0000,54,0.070,0.00,0.00,0.00,0.00,0.0000,0.0000,10.09,0.00,50.00,DO_NOTHING,--,0.00,SUCCEEDED,2,0.050,2.4810,0.2400,3.8953,0.2472,0.0211,0.010
60.382,58.702,0.990,GRASP,obstacle1,5.7495,0.0903,-0.0192,0.119443,0.061823,0.062879,14.570,29,0.0065,-0.1918,0.0223,-0.430,0.00000,5.9887,0.1440,-0.0418,-0.0000,0.0000,0.022,0.0291,0.0912,1.0000,54,0.070,0.00,0.00,0.00,0.00,0.0000,0.0000,9.98,0.00,50.10,DO_NOTHING,--,0.00,SUCCEEDED,2,0.050,2.4810,0.2400,3.8953,0.2472,0.0211,0.010
60.481,58.802,0.993,GRASP,obstacle1,5.7495,0.0903,-0.0192,0.119443,0.061823,0.062879,14.670,29,0.0065,-0.1918,0.0223,-0.430,0.00000,5.9887,0.1440,-0.0418,-0.0000,0.0000,0.020,0.0291,0.0912,1.0000,54,0.070,0.00,0.00,0.00,0.00,0.0000,0.0000,9.89,0.00,50.00,DO_NOTHING,--,0.00,SUCCEEDED,2,0.050,2.4810,0.2400,3.8953,0.2472,0.0211,0.010
60.580,58.902,0.994,GRASP,obstacle1,5.7495,0.0903,-0.0192,0.119443,0.061823,0.062879,14.770,29,0.0065,-0.1918,0.0223,-0.430,0.00000,5.9887,0.1440,-0.0418,-0.0000,0.0000,0.020,0.0291,0.0912,1.0000,54,0.070,0.00,0.00,0.00,0.00,0.0000,0.0000,9.96,0.00,50.00,DO_NOTHING,--,0.00,SUCCEEDED,2,0.050,2.4810,0.2400,3.8953,0.2472,0.0211,0.010
60.680,59.000,0.990,GRASP,obstacle1,5.7495,0.0903,-0.0192,0.119443,0.061823,0.062879,14.868,29,0.0065,-0.1918,0.0223,-0.432,0.00000,5.9887,0.1440,-0.0418,-0.0000,0.0000,0.020,0.0291,0.0912,1.0000,54,0.068,0.00,0.00,0.00,0.00,0.0000,0.0000,9.87,0.00,50.00,DO_NOTHING,--,0.00,SUCCEEDED,2,0.050,2.4810,0.2400,3.8953,0.2472,0.0211,0.008
60.780,59.100,0.989,GRASP,obstacle1,5.7495,0.0903,-0.0192,0.119443,0.061823,0.062879,14.968,29,0.0065,-0.1918,0.0223,-0.432,0.00000,5.9887,0.1440,-0.0418,-0.0000,0.0000,0.020,0.0291,0.0912,1.0000,54,0.068,0.00,0.00,0.00,0.00,0.0000,0.0000,10.00,0.00,49.90,DO_NOTHING,--,0.00,SUCCEEDED,2,0.050,2.4810,0.2400,3.8953,0.2472,0.0211,0.008
60.880,59.192,0.982,GRASP,obstacle1,5.7495,0.0903,-0.0192,0.119443,0.061823,0.062879,15.060,29,0.0065,-0.1918,0.0223,-0.440,0.00000,5.9887,0.1440,-0.0418,-0.0000,0.0000,0.010,0.0291,0.0912,1.0000,54,0.060,0.00,0.00,0.00,0.00,0.0000,0.0000,10.07,0.00,49.90,DO_NOTHING,--,0.00,SUCCEEDED,2,0.050,2.4810,0.2400,3.8953,0.2472,0.0211,0.020
60.980,59.292,0.984,GRASP,obstacle1,5.7495,0.0903,-0.0192,0.119443,0.061823,0.062879,15.160,29,0.0065,-0.1918,0.0223,-0.440,0.00000,5.9887,0.1440,-0.0418,-0.0000,0.0000,0.010,0.0291,0.0912,1.0000,54,0.060,0.00,0.00,0.00,0.00,0.0000,0.0000,9.98,0.00,50.00,DO_NOTHING,--,0.00,SUCCEEDED,2,0.050,2.4810,0.2400,3.8953,0.2472,0.0211,0.020
61.080,59.382,0.973,GRASP,obstacle1,5.7495,0.0903,-0.0192,0.119443,0.061823,0.062879,15.250,29,0.0065,-0.1918,0.0223,-0.450,0.00000,5.9887,0.1440,-0.0418,-0.0000,0.0000,0.020,0.0291,0.0912,1.0000,54,0.050,0.00,0.00,0.00,0.00,0.0000,0.0000,10.07,0.00,50.00,DO_NOTHING,--,0.00,SUCCEEDED,2,0.050,2.4810,0.2400,3.8953,0.2472,0.0211,0.010
61.181,59.482,0.978,GRASP,obstacle1,5.7495,0.0903,-0.0192,0.119443,0.061823,0.062879,15.350,29,0.0065,-0.1918,0.0223,-0.450,0.00000,5.9887,0.1440,-0.0418,-0.0000,0.0000,0.020,0.0291,0.0912,1.0000,54,0.050,0.00,0.00,0.00,0.00,0.0000,0.0000,9.85,0.00,50.00,DO_NOTHING,--,0.00,SUCCEEDED,2,0.050,2.4810,0.2400,3.8953,0.2472,0.0211,0.010
61.280,59.570,0.969,GRASP,obstacle1,5.7495,0.0903,-0.0192,0.119443,0.061823,0.062879,15.438,29,0.0065,-0.1918,0.0223,-0.462,0.00000,5.9887,0.1440,-0.0418,-0.0000,0.0000,0.008,0.0291,0.0912,1.0000,54,0.038,0.00,0.00,0.00,0.00,0.0000,0.0000,10.02,0.00,50.00,DO_NOTHING,--,0.00,SUCCEEDED,2,0.050,2.4810,0.2400,3.8953,0.2472,0.0211,0.018
61.380,59.668,0.967,GRASP,obstacle1,5.7495,0.0903,-0.0192,0.119443,0.061823,0.062879,15.536,29,0.0065,-0.1918,0.0223,-0.464,0.00000,5.9887,0.1440,-0.0418,-0.0000,0.0000,0.006,0.0291,0.0912,1.0000,54,0.036,0.00,0.00,0.00,0.00,0.0000,0.0000,10.07,0.00,49.90,DO_NOTHING,--,0.00,SUCCEEDED,2,0.050,2.4810,0.2400,3.8953,0.2472,0.0211,0.016
61.480,59.710,0.908,GRASP,obstacle1,5.7495,0.0903,-0.0192,0.119443,0.061823,0.062879,15.578,29,0.0065,-0.1918,0.0223,-0.422,0.00000,5.9887,0.1440,-0.0418,-0.0000,0.0000,0.010,0.0291,0.0912,1.0000,54,0.078,0.00,0.00,0.00,0.00,0.0000,0.0000,10.07,0.00,50.00,DO_NOTHING,--,0.00,SUCCEEDED,2,0.050,2.4810,0.2400,3.8953,0.2472,0.0211,0.018
61.581,59.732,0.813,GRASP,obstacle1,5.7495,0.0903,-0.0192,0.119443,0.061823,0.062879,15.600,29,0.0065,-0.1918,0.0223,-0.400,0.00000,5.9887,0.1440,-0.0418,-0.0000,0.0000,0.010,0.0291,0.0912,1.0000,54,0.100,0.00,0.00,0.00,0.00,0.0000,0.0000,10.07,0.00,49.90,DO_NOTHING,--,0.00,SUCCEEDED,2,0.050,2.4810,0.2400,3.8953,0.2472,0.0211,0.000
61.681,59.828,0.809,GRASP,obstacle1,5.7495,0.0903,-0.0192,0.119443,0.061823,0.062879,15.696,29,0.0065,-0.1918,0.0223,-0.404,0.00000,5.9887,0.1440,-0.0418,-0.0000,0.0000,0.006,0.0291,0.0912,1.0000,54,0.096,0.00,0.00,0.00,0.00,0.0000,0.0000,10.04,0.00,50.00,DO_NOTHING,--,0.00,SUCCEEDED,2,0.050,2.4810,0.2400,3.8953,0.2472,0.0211,0.016
61.780,59.926,0.815,GRASP,obstacle1,5.7495,0.0903,-0.0192,0.119443,0.061823,0.062879,15.794,29,0.0065,-0.1918,0.0223,-0.406,0.00000,5.9887,0.1440,-0.0418,-0.0000,0.0000,0.004,0.0291,0.0912,1.0000,54,0.094,0.00,0.00,0.00,0.00,0.0000,0.0000,10.14,0.00,50.00,DO_NOTHING,--,0.00,SUCCEEDED,2,0.050,2.4810,0.2400,3.8953,0.2472,0.0211,0.014
61.881,60.028,0.817,GRASP,obstacle1,5.7495,0.0903,-0.0192,0.119443,0.061823,0.062879,15.896,29,0.0065,-0.1918,0.0223,-0.404,0.00000,5.9887,0.1440,-0.0418,-0.0000,0.0000,0.006,0.0291,0.0912,1.0000,54,0.096,0.00,0.00,0.00,0.00,0.0000,0.0000,9.98,0.00,50.00,DO_NOTHING,--,0.00,SUCCEEDED,2,0.050,2.4810,0.2400,3.8953,0.2472,0.0211,0.016
61.980,60.122,0.830,GRASP,obstacle1,5.7495,0.0903,-0.0192,0.119443,0.061823,0.062879,15.990,29,0.0065,-0.1918,0.0223,-0.410,0.00000,5.9887,0.1440,-0.0418,-0.0000,0.0000,0.000,0.0291,0.0912,1.0000,54,0.090,0.00,0.00,0.00,0.00,0.0000,0.0000,10.02,0.00,50.00,DO_NOTHING,--,0.00,SUCCEEDED,2,0.050,2.4810,0.2400,3.8953,0.2472,0.0211,0.010
62.080,60.220,0.838,GRASP,obstacle1,5.7495,0.0903,-0.0192,0.119443,0.061823,0.062879,16.088,29,0.0065,-0.1918,0.0223,-0.412,0.00000,5.9887,0.1440,-0.0418,-0.0000,0.0000,0.020,0.0291,0.0912,1.0000,54,0.088,0.00,0.00,0.00,0.00,0.0000,0.0000,9.98,0.00,50.10,DO_NOTHING,--,0.00,SUCCEEDED,2,0.050,2.4810,0.2400,3.8953,0.2472,0.0211,0.008
62.180,60.320,0.838,GRASP,obstacle1,5.7495,0.0903,-0.0192,0.119443,0.061823,0.062879,16.188,29,0.0065,-0.1918,0.0223,-0.412,0.00000,5.9887,0.1440,-0.0418,-0.0000,0.0000,0.018,0.0291,0.0912,1.0000,54,0.088,0.00,0.00,0.00,0.00,0.0000,0.0000,10.00,0.00,49.90,DO_NOTHING,--,0.00,SUCCEEDED,2,0.050,2.4810,0.2400,3.8953,0.2472,0.0211,0.008
62.280,60.412,0.842,GRASP,obstacle1,5.7495,0.0903,-0.0192,0.119443,0.061823,0.062879,16.280,29,0.0065,-0.1918,0.0223,-0.420,0.00000,5.9887,0.1440,-0.0418,-0.0000,0.0000,0.010,0.0291,0.0912,1.0000,54,0.080,0.00,0.00,0.00,0.00,0.0000,0.0000,10.11,0.00,49.90,DO_NOTHING,--,0.00,SUCCEEDED,2,0.050,2.4810,0.2400,3.8953,0.2472,0.0211,0.000
62.380,60.510,0.889,GRASP,obstacle1,5.7495,0.0903,-0.0192,0.119443,0.061823,0.062879,16.378,29,0.0065,-0.1918,0.0223,-0.422,0.00000,5.9887,0.1440,-0.0418,0.0000,-0.0000,0.008,0.0291,0.0912,1.0000,54,0.078,0.00,0.00,0.00,0.00,0.0000,0.0000,9.96,0.00,50.00,DO_NOTHING,--,0.00,SUCCEEDED,2,0.050,2.4810,0.2400,3.8953,0.2472,0.0211,0.018
62.481,60.602,0.966,GRASP,obstacle1,5.7495,0.0903,-0.0192,0.119443,0.061823,0.062879,16.470,29,0.0065,-0.1918,0.0223,-0.430,0.00000,5.9887,0.1440,-0.0418,0.0000,0.0000,0.000,0.0291,0.0912,1.0000,54,0.070,0.00,0.00,0.00,0.00,0.0000,0.0000,10.04,0.00,50.00,DO_NOTHING,--,0.00,SUCCEEDED,2,0.050,2.4810,0.2400,3.8953,0.2472,0.0211,0.010
62.581,60.698,0.967,GRASP,obstacle1,5.7495,0.0903,-0.0192,0.119443,0.061823,0.062879,16.566,29,0.0065,-0.1918,0.0223,-0.434,0.00000,5.9887,0.1440,-0.0418,-0.0000,0.0000,0.016,0.0291,0.0912,1.0000,54,0.066,0.00,0.00,0.00,0.00,0.0000,0.0000,10.00,0.00,50.00,DO_NOTHING,--,0.00,SUCCEEDED,2,0.050,2.4810,0.2400,3.8953,0.2472,0.0211,0.006
62.681,60.796,0.968,GRASP,obstacle1,5.7495,0.0903,-0.0192,0.119443,0.061823,0.062879,16.664,29,0.0065,-0.1918,0.0223,-0.436,0.00000,5.9887,0.1440,-0.0418,-0.0000,0.0000,0.014,0.0291,0.0912,1.0000,54,0.064,0.00,0.00,0.00,0.00,0.0000,0.0000,9.93,0.00,50.00,DO_NOTHING,--,0.00,SUCCEEDED,2,0.050,2.4810,0.2400,3.8953,0.2472,0.0211,0.004
62.781,60.898,0.967,GRASP,obstacle1,5.7495,0.0903,-0.0192,0.119443,0.061823,0.062879,16.766,29,0.0065,-0.1918,0.0223,-0.434,0.00000,5.9887,0.1440,-0.0418,-0.0000,0.0000,0.016,0.0291,0.0912,1.0000,54,0.066,0.00,0.00,0.00,0.00,0.0000,0.0000,10.00,0.00,50.00,DO_NOTHING,--,0.00,SUCCEEDED,2,0.050,2.4810,0.2400,3.8953,0.2472,0.0211,0.006
62.880,60.992,0.965,GRASP,obstacle1,5.7495,0.0903,-0.0192,0.119443,0.061823,0.062879,16.860,29,0.0065,-0.1918,0.0223,-0.440,0.00000,5.9887,0.1440,-0.0418,-0.0000,0.0000,0.010,0.0291,0.0912,1.0000,54,0.060,0.00,0.00,0.00,0.00,0.0000,0.0000,9.96,0.00,50.00,DO_NOTHING,--,0.00,SUCCEEDED,2,0.050,2.4810,0.2400,3.8953,0.2472,0.0211,0.020
62.980,61.092,0.970,GRASP,obstacle1,5.7495,0.0903,-0.0192,0.119443,0.061823,0.062879,16.960,29,0.0065,-0.1918,0.0223,-0.440,0.00000,5.9887,0.1440,-0.0418,-0.0000,0.0000,0.010,0.0291,0.0912,1.0000,54,0.060,0.00,0.00,0.00,0.00,0.0000,0.0000,9.98,0.00,50.00,DO_NOTHING,--,0.00,SUCCEEDED,2,0.050,2.4810,0.2400,3.8953,0.2472,0.0211,0.020
63.080,61.186,0.962,GRASP,obstacle1,5.7495,0.0903,-0.0192,0.119443,0.061823,0.062879,17.054,29,0.0065,-0.1918,0.0223,-0.446,0.00000,5.9887,0.1440,-0.0418,-0.0000,0.0000,0.004,0.0291,0.0912,1.0000,54,0.054,0.00,0.00,0.00,0.00,0.0000,0.0000,9.91,0.00,49.90,DO_NOTHING,--,0.00,SUCCEEDED,2,0.050,2.4810,0.2400,3.8953,0.2472,0.0211,0.014
63.180,61.284,0.964,GRASP,obstacle1,5.7495,0.0903,-0.0192,0.119443,0.061823,0.062879,17.152,29,0.0065,-0.1918,0.0223,-0.448,0.00000,5.9887,0.1440,-0.0418,-0.0000,0.0000,0.002,0.0291,0.0912,1.0000,54,0.052,0.00,0.00,0.00,0.00,0.0000,0.0000,9.98,0.00,50.10,DO_NOTHING,--,0.00,SUCCEEDED,2,0.050,2.4810,0.2400,3.8953,0.2472,0.0211,0.012
63.281,61.382,0.969,GRASP,obstacle1,5.7495,0.0903,-0.0192,0.119443,0.061823,0.062879,17.250,29,0.0065,-0.1918,0.0223,-0.450,0.00000,5.9887,0.1440,-0.0418,-0.0000,0.0000,0.000,0.0291,0.0912,1.0000,54,0.050,0.00,0.00,0.00,0.00,0.0000,0.0000,10.04,0.00,50.10,DO_NOTHING,--,0.00,SUCCEEDED,2,0.050,2.4810,0.2400,3.8953,0.2472,0.0211,0.010
63.380,61.482,0.972,GRASP,obstacle1,5.7495,0.0903,-0.0192,0.119443,0.061823,0.062879,17.350,29,0.0065,-0.1918,0.0223,-0.450,0.00000,5.9887,0.1440,-0.0418,-0.0000,0.0000,0.020,0.0291,0.0912,1.0000,54,0.050,0.00,0.00,0.00,0.00,0.0000,0.0000,10.02,0.00,50.00,DO_NOTHING,--,0.00,SUCCEEDED,2,0.050,2.4810,0.2400,3.8953,0.2472,0.0211,0.010
63.480,61.580,0.979,GRASP,obstacle1,5.7495,0.0903,-0.0192,0.119443,0.061823,0.062879,17.448,29,0.0065,-0.1918,0.0223,-0.452,0.00000,5.9887,0.1440,-0.0418,-0.0000,0.0000,0.018,0.0291,0.0912,1.0000,54,0.048,0.00,0.00,0.00,0.00,0.0000,0.0000,9.96,0.00,50.00,DO_NOTHING,--,0.00,SUCCEEDED,2,0.050,2.4810,0.2400,3.8953,0.2472,0.0211,0.008
63.581,61.678,0.980,GRASP,obstacle1,5.7495,0.0903,-0.0192,0.119443,0.061823,0.062879,17.546,29,0.0065,-0.1918,0.0223,-0.454,0.00000,5.9887,0.1440,-0.0418,-0.0000,0.0000,0.016,0.0291,0.0912,1.0000,54,0.046,0.00,0.00,0.00,0.00,0.0000,0.0000,10.11,0.00,49.90,DO_NOTHING,--,0.00,SUCCEEDED,2,0.050,2.4810,0.2400,3.8953,0.2472,0.0211,0.006
63.681,61.774,0.973,GRASP,obstacle1,5.7495,0.0903,-0.0192,0.119443,0.061823,0.062879,17.642,29,0.0065,-0.1918,0.0223,-0.458,0.00000,5.9887,0.1440,-0.0418,-0.0000,0.0000,0.012,0.0291,0.0912,1.0000,54,0.042,0.00,0.00,0.00,0.00,0.0000,0.0000,9.93,0.00,50.00,DO_NOTHING,--,0.00,SUCCEEDED,2,0.050,2.4810,0.2400,3.8953,0.2472,0.0211,0.002
63.781,61.872,0.977,GRASP,obstacle1,5.7495,0.0903,-0.0192,0.119443,0.061823,0.062879,17.740,29,0.0065,-0.1918,0.0223,-0.460,0.00000,5.9887,0.1440,-0.0418,-0.0000,0.0000,0.010,0.0291,0.0912,1.0000,54,0.040,0.00,0.00,0.00,0.00,0.0000,0.0000,10.09,0.00,50.00,DO_NOTHING,--,0.00,SUCCEEDED,2,0.050,2.4810,0.2400,3.8953,0.2472,0.0211,0.020
63.880,61.968,0.976,GRASP,obstacle1,5.7495,0.0903,-0.0192,0.119443,0.061823,0.062879,17.836,29,0.0065,-0.1918,0.0223,-0.464,0.00000,5.9887,0.1440,-0.0418,-0.0000,0.0000,0.006,0.0291,0.0912,1.0000,54,0.036,0.00,0.00,0.00,0.00,0.0000,0.0000,10.02,0.00,50.00,DO_NOTHING,--,0.00,SUCCEEDED,2,0.050,2.4810,0.2400,3.8953,0.2472,0.0211,0.016
63.981,62.068,0.980,GRASP,obstacle1,5.7495,0.0903,-0.0192,0.119443,0.061823,0.062879,17.936,29,0.0065,-0.1918,0.0223,-0.464,0.00000,5.9887,0.1440,-0.0418,-0.0000,0.0000,0.006,0.0291,0.0912,1.0000,54,0.036,0.00,0.00,0.00,0.00,0.0000,0.0000,9.98,0.00,50.10,DO_NOTHING,--,0.00,SUCCEEDED,2,0.050,2.4810,0.2400,3.8953,0.2472,0.0211,0.016
64.080,62.166,0.980,GRASP,obstacle1,5.7495,0.0903,-0.0192,0.119443,0.061823,0.062879,18.034,29,0.0065,-0.1918,0.0223,-0.466,0.00000,5.9887,0.1440,-0.0418,-0.0000,0.0000,0.004,0.0291,0.0912,1.0000,54,0.034,0.00,0.00,0.00,0.00,0.0000,0.0000,9.98,0.00,50.00,DO_NOTHING,--,0.00,SUCCEEDED,2,0.050,2.4810,0.2400,3.8953,0.2472,0.0211,0.014
64.180,62.266,0.983,GRASP,obstacle1,5.7495,0.0903,-0.0192,0.119443,0.061823,0.062879,18.134,29,0.0065,-0.1918,0.0223,-0.466,0.00000,5.9887,0.1440,-0.0418,-0.0000,0.0000,0.004,0.0291,0.0912,1.0000,54,0.034,0.00,0.00,0.00,0.00,0.0000,0.0000,9.87,0.00,50.00,DO_NOTHING,--,0.00,SUCCEEDED,2,0.050,2.4810,0.2400,3.8953,0.2472,0.0211,0.014
64.280,62.364,0.982,GRASP,obstacle1,5.7495,0.0903,-0.0192,0.119443,0.061823,0.062879,18.232,29,0.0065,-0.1918,0.0223,-0.468,0.00000,5.9887,0.1440,-0.0418,-0.0000,0.0000,0.002,0.0291,0.0912,1.0000,54,0.032,0.00,0.00,0.00,0.00,0.0000,0.0000,9.96,0.00,50.00,DO_NOTHING,--,0.00,SUCCEEDED,2,0.050,2.4810,0.2400,3.8953,0.2472,0.0211,0.012
64.381,62.458,0.975,GRASP,obstacle1,5.7495,0.0903,-0.0192,0.119443,0.061823,0.062879,18.326,29,0.0065,-0.1918,0.0223,-0.474,0.00000,5.9887,0.1440,-0.0418,-0.0000,0.0000,0.016,0.0291,0.0912,1.0000,54,0.026,0.00,0.00,0.00,0.00,0.0000,0.0000,10.04,0.00,50.00,DO_NOTHING,--,0.00,SUCCEEDED,2,0.050,2.4810,0.2400,3.8953,0.2472,0.0211,0.006
64.481,62.558,0.978,GRASP,obstacle1,5.7495,0.0903,-0.0192,0.119443,0.061823,0.062879,18.426,29,0.0065,-0.1918,0.0223,-0.474,0.00000,5.9887,0.1440,-0.0418,-0.0000,0.0000,0.016,0.0291,0.0912,1.0000,54,0.026,0.00,0.00,0.00,0.00,0.0000,0.0000,9.96,0.00,50.00,DO_NOTHING,--,0.00,SUCCEEDED,2,0.050,2.4810,0.2400,3.8953,0.2472,0.0211,0.006
64.581,62.648,0.970,GRASP,obstacle1,5.7495,0.0903,-0.0192,0.119443,0.061823,0.062879,18.516,29,0.0065,-0.1918,0.0223,-0.484,0.00000,5.9887,0.1440,-0.0418,-0.0000,0.0000,0.006,0.0291,0.0912,1.0000,54,0.016,0.00,0.00,0.00,0.00,0.0000,0.0000,10.07,0.00,50.10,DO_NOTHING,--,0.00,SUCCEEDED,2,0.050,2.4810,0.2400,3.8953,0.2472,0.0211,0.016
64.680,62.750,0.976,GRASP,obstacle1,5.7495,0.0903,-0.0192,0.119443,0.061823,0.062879,18.618,29,0.0065,-0.1918,0.0223,-0.482,0.00000,5.9887,0.1440,-0.0418,-0.0000,0.0000,0.008,0.0291,0.0912,1.0000,54,0.018,0.00,0.00,0.00,0.00,0.0000,0.0000,9.89,0.00,49.90,DO_NOTHING,--,0.00,SUCCEEDED,2,0.050,2.4810,0.2400,3.8953,0.2472,0.0211,0.018
64.781,62.842,0.970,GRASP,obstacle1,5.7495,0.0903,-0.0192,0.119443,0.061823,0.062879,18.710,29,0.0065,-0.1918,0.0223,-0.390,0.00000,5.9887,0.1440,-0.0418,-0.0000,0.0000,0.020,0.0291,0.0912,1.0000,54,0.010,0.00,0.00,0.00,0.00,0.0000,0.0000,10.02,0.00,50.00,DO_NOTHING,--,0.00,SUCCEEDED,2,0.050,2.4810,0.2400,3.8953,0.2472,0.0211,0.010
64.881,62.942,0.971,GRASP,obstacle1,5.7495,0.0903,-0.0192,0.119443,0.061823,0.062879,18.810,29,0.0065,-0.1918,0.0223,-0.390,0.00000,5.9887,0.1440,-0.0418,-0.0000,0.0000,0.000,0.0291,0.0912,1.0000,54,0.010,0.00,0.00,0.00,0.00,0.0000,0.0000,10.14,0.00,50.00,DO_NOTHING,--,0.00,SUCCEEDED,2,0.050,2.4810,0.2400,3.8953,0.2472,0.0211,0.010
64.981,63.042,0.974,GRASP,obstacle1,5.7495,0.0903,-0.0192,0.119443,0.061823,0.062879,18.910,29,0.0065,-0.1918,0.0223,-0.390,0.00000,5.9887,0.1440,-0.0418,-0.0000,0.0000,0.020,0.0291,0.0912,1.0000,54,0.010,0.00,0.00,0.00,0.00,0.0000,0.0000,10.12,0.00,50.00,DO_NOTHING,--,0.00,SUCCEEDED,2,0.050,2.4810,0.2400,3.8953,0.2472,0.0211,0.010
65.080,63.140,0.974,GRASP,obstacle1,5.7495,0.0903,-0.0192,0.119443,0.061823,0.062879,19.008,29,0.0065,-0.1918,0.0223,-0.392,0.00000,5.9887,0.1440,-0.0418,-0.0000,0.0000,0.018,0.0291,0.0912,1.0000,54,0.008,0.00,0.00,0.00,0.00,0.0000,0.0000,10.02,0.00,50.00,DO_NOTHING,--,0.00,SUCCEEDED,2,0.050,2.4810,0.2400,3.8953,0.2472,0.0211,0.008
65.181,63.234,0.966,GRASP,obstacle1,5.7495,0.0903,-0.0192,0.119443,0.061823,0.062879,19.102,29,0.0065,-0.1918,0.0223,-0.398,0.00000,5.9887,0.1440,-0.0418,-0.0000,0.0000,0.012,0.0291,0.0912,1.0000,54,0.102,0.00,0.00,0.00,0.00,0.0000,0.0000,10.11,0.00,50.00,DO_NOTHING,--,0.00,SUCCEEDED,2,0.050,2.4810,0.2400,3.8953,0.2472,0.0211,0.002
65.280,63.338,0.974,GRASP,obstacle1,5.7495,0.0903,-0.0192,0.119443,0.061823,0.062879,19.206,29,0.0065,-0.1918,0.0223,-0.394,0.00000,5.9887,0.1440,-0.0418,-0.0000,0.0000,0.016,0.0291,0.0912,1.0000,54,0.106,0.00,0.00,0.00,0.00,0.0000,0.0000,10.02,0.00,50.00,DO_NOTHING,--,0.00,SUCCEEDED,2,0.050,2.4810,0.2400,3.8953,0.2472,0.0211,0.006
65.381,63.436,0.975,GRASP,obstacle1,5.7495,0.0903,-0.0192,0.119443,0.061823,0.062879,19.304,29,0.0065,-0.1918,0.0223,-0.396,0.00000,5.9887,0.1440,-0.0418,-0.0000,0.0000,0.014,0.0291,0.0912,1.0000,54,0.004,0.00,0.00,0.00,0.00,0.0000,0.0000,10.04,0.00,50.00,DO_NOTHING,--,0.00,SUCCEEDED,2,0.050,2.4810,0.2400,3.8953,0.2472,0.0211,0.004
65.481,63.538,0.989,GRASP,obstacle1,5.7495,0.0903,-0.0192,0.119443,0.061823,0.062879,19.406,29,0.0065,-0.1918,0.0223,-0.394,0.00000,5.9887,0.1440,-0.0418,-0.0000,0.0000,0.016,0.0291,0.0912,1.0000,54,0.006,0.00,0.00,0.00,0.00,0.0000,0.0000,10.02,0.00,50.00,DO_NOTHING,--,0.00,SUCCEEDED,2,0.050,2.4810,0.2400,3.8953,0.2472,0.0211,0.006
65.581,63.638,0.986,GRASP,obstacle1,5.7495,0.0903,-0.0192,0.119443,0.061823,0.062879,19.506,29,0.0065,-0.1918,0.0223,-0.394,0.00000,5.9887,0.1440,-0.0418,-0.0000,0.0000,0.016,0.0291,0.0912,1.0000,54,0.106,0.00,0.00,0.00,0.00,0.0000,0.0000,10.02,0.00,50.00,DO_NOTHING,--,0.00,SUCCEEDED,2,0.050,2.4810,0.2400,3.8953,0.2472,0.0211,0.006
65.680,63.738,0.997,GRASP,obstacle1,5.7495,0.0903,-0.0192,0.119443,0.061823,0.062879,19.606,29,0.0065,-0.1918,0.0223,-0.394,0.00000,5.9887,0.1440,-0.0418,-0.0000,0.0000,0.016,0.0291,0.0912,1.0000,54,0.106,0.00,0.00,0.00,0.00,0.0000,0.0000,10.04,0.00,50.00,DO_NOTHING,--,0.00,SUCCEEDED,2,0.050,2.4810,0.2400,3.8953,0.2472,0.0211,0.006
65.781,63.838,0.996,GRASP,obstacle1,5.7495,0.0903,-0.0192,0.119443,0.061823,0.062879,19.706,29,0.0065,-0.1918,0.0223,-0.394,0.00000,5.9887,0.1440,-0.0418,-0.0000,0.0000,0.016,0.0291,0.0912,1.0000,54,0.006,0.00,0.00,0.00,0.00,0.0000,0.0000,10.00,0.00,50.00,DO_NOTHING,--,0.00,SUCCEEDED,2,0.050,2.4810,0.2400,3.8953,0.2472,0.0211,0.006
65.880,63.938,0.997,GRASP,obstacle1,5.7495,0.0903,-0.0192,0.119443,0.061823,0.062879,19.806,29,0.0065,-0.1918,0.0223,-0.394,0.00000,5.9887,0.1440,-0.0418,-0.0000,0.0000,0.016,0.0291,0.0912,1.0000,54,0.106,0.00,0.00,0.00,0.00,0.0000,0.0000,10.00,0.00,50.00,DO_NOTHING,--,0.00,SUCCEEDED,2,0.050,2.4810,0.2400,3.8953,0.2472,0.0211,0.006
65.981,64.036,0.995,GRASP,obstacle1,5.7495,0.0903,-0.0192,0.119443,0.061823,0.062879,19.904,29,0.0065,-0.1918,0.0223,-0.396,0.00000,5.9887,0.1440,-0.0418,-0.0000,0.0000,0.014,0.0291,0.0912,1.0000,54,0.104,0.00,0.00,0.00,0.00,0.0000,0.0000,10.00,0.00,50.00,DO_NOTHING,--,0.00,SUCCEEDED,2,0.050,2.4810,0.2400,3.8953,0.2472,0.0211,0.004
66.081,64.136,1.002,GRASP,obstacle1,5.7495,0.0903,-0.0192,0.119443,0.061823,0.062879,20.004,29,0.0065,-0.1918,0.0223,-0.396,0.00000,5.9887,0.1440,-0.0418,-0.0000,0.0000,0.014,0.0291,0.0912,1.0000,54,0.104,0.00,0.00,0.00,0.00,0.0000,0.0000,9.98,0.00,50.00,DO_NOTHING,--,0.00,SUCCEEDED,2,0.050,2.4810,0.2400,3.8953,0.2472,0.0211,0.004
66.180,64.236,1.002,GRASP,obstacle1,5.7495,0.0903,-0.0192,0.119443,0.061823,0.062879,20.104,29,0.0065,-0.1918,0.0223,-0.396,0.00000,5.9887,0.1440,-0.0418,-0.0000,0.0000,0.014,0.0291,0.0912,1.0000,54,0.104,0.00,0.00,0.00,0.00,0.0000,0.0000,9.98,0.00,50.00,DO_NOTHING,--,0.00,SUCCEEDED,2,0.050,2.4810,0.2400,3.8953,0.2472,0.0211,0.004
66.280,64.336,1.001,GRASP,obstacle1,5.7495,0.0903,-0.0192,0.119443,0.061823,0.062879,20.204,29,0.0065,-0.1918,0.0223,-0.396,0.00000,5.9887,0.1440,-0.0418,-0.0000,0.0000,0.014,0.0291,0.0912,1.0000,54,0.104,0.00,0.00,0.00,0.00,0.0000,0.0000,9.98,0.00,50.00,DO_NOTHING,--,0.00,SUCCEEDED,2,0.050,2.4810,0.2400,3.8953,0.2472,0.0211,0.004
66.381,64.436,1.000,GRASP,obstacle1,5.7495,0.0903,-0.0192,0.119443,0.061823,0.062879,20.304,29,0.0065,-0.1918,0.0223,-0.396,0.00000,5.9887,0.1440,-0.0418,-0.0000,0.0000,0.014,0.0291,0.0912,1.0000,54,0.104,0.00,0.00,0.00,0.00,0.0000,0.0000,9.91,0.00,50.00,DO_NOTHING,--,0.00,SUCCEEDED,2,0.050,2.4810,0.2400,3.8953,0.2472,0.0211,0.004
66.480,64.536,0.998,GRASP,obstacle1,5.7495,0.0903,-0.0192,0.119443,0.061823,0.062879,20.404,29,0.0065,-0.1918,0.0223,-0.396,0.00000,5.9887,0.1440,-0.0418,-0.0000,0.0000,0.014,0.0291,0.0912,1.0000,54,0.104,0.00,0.00,0.00,0.00,0.0000,0.0000,9.93,0.00,50.00,DO_NOTHING,--,0.00,SUCCEEDED,2,0.050,2.4810,0.2400,3.8953,0.2472,0.0211,0.004
66.580,64.636,0.999,GRASP,obstacle1,5.7495,0.0903,-0.0192,0.119443,0.061823,0.062879,20.504,29,0.0065,-0.1918,0.0223,-0.396,0.00000,5.9887,0.1440,-0.0418,-0.0000,0.0000,0.014,0.0291,0.0912,1.0000,54,0.104,0.00,0.00,0.00,0.00,0.0000,0.0000,10.00,0.00,50.00,DO_NOTHING,--,0.00,SUCCEEDED,2,0.050,2.4810,0.2400,3.8953,0.2472,0.0211,0.004
66.680,64.736,0.998,GRASP,obstacle1,5.7495,0.0903,-0.0192,0.119443,0.061823,0.062879,20.604,29,0.0065,-0.1918,0.0223,-0.396,0.00000,5.9887,0.1440,-0.0418,-0.0000,0.0000,0.014,0.0291,0.0912,1.0000,54,0.104,0.00,0.00,0.00,0.00,0.0000,0.0000,10.00,0.00,50.00,DO_NOTHING,--,0.00,SUCCEEDED,2,0.050,2.4810,0.2400,3.8953,0.2472,0.0211,0.004
66.780,64.834,0.996,GRASP,obstacle1,5.7495,0.0903,-0.0192,0.119443,0.061823,0.062879,20.702,29,0.0065,-0.1918,0.0223,-0.398,0.00000,5.9887,0.1440,-0.0418,-0.0000,0.0000,0.014,0.0291,0.0912,1.0000,54,0.102,0.00,0.00,0.00,0.00,0.0000,0.0000,10.00,0.00,50.10,DO_NOTHING,--,0.00,SUCCEEDED,2,0.050,2.4810,0.2400,3.8953,0.2472,0.0211,0.002
66.881,64.934,0.998,GRASP,obstacle1,5.7495,0.0903,-0.0192,0.119443,0.061823,0.062879,20.802,29,0.0065,-0.1918,0.0223,-0.398,0.00000,5.9887,0.1440,-0.0418,-0.0000,0.0000,0.012,0.0291,0.0912,1.0000,54,0.102,0.00,0.00,0.00,0.00,0.0000,0.0000,9.98,0.00,50.00,DO_NOTHING,--,0.00,SUCCEEDED,2,0.050,2.4810,0.2400,3.8953,0.2472,0.0211,0.002
66.980,65.026,0.990,GRASP,obstacle1,5.7495,0.0903,-0.0192,0.119443,0.061823,0.062879,20.894,29,0.0065,-0.1918,0.0223,-0.406,0.00000,5.9887,0.1440,-0.0418,-0.0000,0.0000,0.006,0.0291,0.0912,1.0000,54,0.094,0.00,0.00,0.00,0.00,0.0000,0.0000,10.07,0.00,50.10,DO_NOTHING,--,0.00,SUCCEEDED,2,0.050,2.4810,0.2400,3.8953,0.2472,0.0211,0.014
67.080,65.126,0.990,GRASP,obstacle1,5.7495,0.0903,-0.0192,0.119443,0.061823,0.062879,20.994,29,0.0065,-0.1918,0.0223,-0.406,0.00000,5.9887,0.1440,-0.0418,-0.0000,0.0000,0.004,0.0291,0.0912,1.0000,54,0.094,0.00,0.00,0.00,0.00,0.0000,0.0000,10.02,0.00,50.00,DO_NOTHING,--,0.00,SUCCEEDED,2,0.050,2.4810,0.2400,3.8953,0.2472,0.0211,0.014
67.180,65.220,0.982,GRASP,obstacle1,5.7495,0.0903,-0.0192,0.119443,0.061823,0.062879,21.088,29,0.0065,-0.1918,0.0223,-0.412,0.00000,5.9887,0.1440,-0.0418,-0.0000,0.0000,0.018,0.0291,0.0912,1.0000,54,0.088,0.00,0.00,0.00,0.00,0.0000,0.0000,10.09,0.00,50.00,DO_NOTHING,--,0.00,SUCCEEDED,2,0.050,2.4810,0.2400,3.8953,0.2472,0.0211,0.008
67.281,65.320,0.982,GRASP,obstacle1,5.7495,0.0903,-0.0192,0.119443,0.061823,0.062879,21.188,29,0.0065,-0.1918,0.0223,-0.412,0.00000,5.9887,0.1440,-0.0418,-0.0000,0.0000,0.018,0.0291,0.0912,1.0000,54,0.088,0.00,0.00,0.00,0.00,0.0000,0.0000,10.02,0.00,50.00,DO_NOTHING,--,0.00,SUCCEEDED,2,0.050,2.4810,0.2400,3.8953,0.2472,0.0211,0.008
67.381,65.340,0.904,GRASP,obstacle1,5.7495,0.0903,-0.0192,0.119443,0.061823,0.062879,21.208,29,0.0065,-0.1918,0.0223,-0.392,0.00000,5.9887,0.1440,-0.0418,-0.0000,0.0000,0.018,0.0291,0.0912,1.0000,54,0.108,0.00,0.00,0.00,0.00,0.0000,0.0000,10.02,0.00,50.00,DO_NOTHING,--,0.00,SUCCEEDED,2,0.050,2.4810,0.2400,3.8953,0.2472,0.0211,0.008
67.482,65.384,0.830,GRASP,obstacle1,5.7495,0.0903,-0.0192,0.119443,0.061823,0.062879,21.252,29,0.0065,-0.1918,0.0223,-0.448,0.00000,5.9887,0.1440,-0.0418,-0.0000,0.0000,0.004,0.0291,0.0912,1.0000,54,0.052,0.00,0.00,0.00,0.00,0.0000,0.0000,9.96,0.00,49.90,DO_NOTHING,--,0.00,SUCCEEDED,2,0.050,2.4810,0.2400,3.8953,0.2472,0.0211,0.012
67.581,65.482,0.828,GRASP,obstacle1,5.7495,0.0903,-0.0192,0.119443,0.061823,0.062879,21.350,29,0.0065,-0.1918,0.0223,-0.450,0.00000,5.9887,0.1440,-0.0418,-0.0000,0.0000,0.020,0.0291,0.0912,1.0000,54,0.050,0.00,0.00,0.00,0.00,0.0000,0.0000,10.00,0.00,50.00,DO_NOTHING,--,0.00,SUCCEEDED,2,0.050,2.4810,0.2400,3.8953,0.2472,0.0211,0.010
67.681,65.582,0.831,GRASP,obstacle1,5.7495,0.0903,-0.0192,0.119443,0.061823,0.062879,21.450,29,0.0065,-0.1918,0.0223,-0.450,0.00000,5.9887,0.1440,-0.0418,-0.0000,0.0000,0.020,0.0291,0.0912,1.0000,54,0.050,0.00,0.00,0.00,0.00,0.0000,0.0000,9.83,0.00,50.00,DO_NOTHING,--,0.00,SUCCEEDED,2,0.050,2.4810,0.2400,3.8953,0.2472,0.0211,0.010
67.780,65.678,0.827,GRASP,obstacle1,5.7495,0.0903,-0.0192,0.119443,0.061823,0.062879,21.546,29,0.0065,-0.1918,0.0223,-0.454,0.00000,5.9887,0.1440,-0.0418,-0.0000,0.0000,0.016,0.0291,0.0912,1.0000,54,0.046,0.00,0.00,0.00,0.00,0.0000,0.0000,9.91,0.00,50.00,DO_NOTHING,--,0.00,SUCCEEDED,2,0.050,2.4810,0.2400,3.8953,0.2472,0.0211,0.006
67.881,65.774,0.840,GRASP,obstacle1,5.7495,0.0903,-0.0192,0.119443,0.061823,0.062879,21.642,29,0.0065,-0.1918,0.0223,-0.458,0.00000,5.9887,0.1440,-0.0418,-0.0000,0.0000,0.012,0.0291,0.0912,1.0000,54,0.042,0.00,0.00,0.00,0.00,0.0000,0.0000,10.02,0.00,50.00,DO_NOTHING,--,0.00,SUCCEEDED,2,0.050,2.4810,0.2400,3.8953,0.2472,0.0211,0.002
67.981,65.872,0.829,GRASP,obstacle1,5.7495,0.0903,-0.0192,0.119443,0.061823,0.062879,21.740,29,0.0065,-0.1918,0.0223,-0.460,0.00000,5.9887,0.1440,-0.0418,-0.0000,0.0000,0.010,0.0291,0.0912,1.0000,54,0.040,0.00,0.00,0.00,0.00,0.0000,0.0000,9.93,0.00,50.00,DO_NOTHING,--,0.00,SUCCEEDED,2,0.050,2.4810,0.2400,3.8953,0.2472,0.0211,0.020
68.081,65.960,0.822,GRASP,obstacle1,5.7495,0.0903,-0.0192,0.119443,0.061823,0.062879,21.828,29,0.0065,-0.1918,0.0223,-0.472,0.00000,5.9887,0.1440,-0.0418,-0.0000,0.0000,0.018,0.0291,0.0912,1.0000,54,0.028,0.00,0.00,0.00,0.00,0.0000,0.0000,10.00,0.00,50.00,DO_NOTHING,--,0.00,SUCCEEDED,2,0.050,2.4810,0.2400,3.8953,0.2472,0.0211,0.008
68.181,66.058,0.820,GRASP,obstacle1,5.7495,0.0903,-0.0192,0.119443,0.061823,0.062879,21.926,29,0.0065,-0.1918,0.0223,-0.474,0.00000,5.9887,0.1440,-0.0418,-0.0000,0.0000,0.016,0.0291,0.0912,1.0000,54,0.026,0.00,0.00,0.00,0.00,0.0000,0.0000,9.93,0.00,50.00,DO_NOTHING,--,0.00,SUCCEEDED,2,0.050,2.4810,0.2400,3.8953,0.2472,0.0211,0.006
68.280,66.152,0.832,GRASP,obstacle1,5.7495,0.0903,-0.0192,0.119443,0.061823,0.062879,22.020,29,0.0065,-0.1918,0.0223,-0.480,0.00000,5.9887,0.1440,-0.0418,-0.0000,0.0000,0.012,0.0291,0.0912,1.0000,54,0.020,0.00,0.00,0.00,0.00,0.0000,0.0000,10.04,0.00,50.00,DO_NOTHING,--,0.00,SUCCEEDED,2,0.050,2.4810,0.2400,3.8953,0.2472,0.0211,0.020
68.381,66.252,0.965,GRASP,obstacle1,5.7495,0.0903,-0.0192,0.119443,0.061823,0.062879,22.120,29,0.0065,-0.1918,0.0223,-0.480,0.00000,5.9887,0.1440,-0.0418,-0.0000,0.0000,0.010,0.0291,0.0912,1.0000,54,0.020,0.00,0.00,0.00,0.00,0.0000,0.0000,10.11,0.00,50.10,DO_NOTHING,--,0.00,SUCCEEDED,2,0.050,2.4810,0.2400,3.8953,0.2472,0.0211,0.000
68.481,66.348,0.965,GRASP,obstacle1,5.7495,0.0903,-0.0192,0.119443,0.061823,0.062879,22.216,29,0.0065,-0.1918,0.0223,-0.484,0.00000,5.9887,0.1440,-0.0418,-0.0000,0.0000,0.006,0.0291,0.0912,1.0000,54,0.016,0.00,0.00,0.00,0.00,0.0000,0.0000,10.08,0.00,50.00,DO_NOTHING,--,0.00,SUCCEEDED,2,0.050,2.4810,0.2400,3.8953,0.2472,0.0211,0.016
68.580,66.448,0.967,GRASP,obstacle1,5.7495,0.0903,-0.0192,0.119443,0.061823,0.062879,22.316,29,0.0065,-0.1918,0.0223,-0.484,0.00000,5.9887,0.1440,-0.0418,-0.0000,0.0000,0.006,0.0291,0.0912,1.0000,54,0.016,0.00,0.00,0.00,0.00,0.0000,0.0000,10.16,0.00,50.00,DO_NOTHING,--,0.00,SUCCEEDED,2,0.050,2.4810,0.2400,3.8953,0.2472,0.0211,0.016
68.680,66.548,0.966,GRASP,obstacle1,5.7495,0.0903,-0.0192,0.119443,0.061823,0.062879,22.416,29,0.0065,-0.1918,0.0223,-0.484,0.00000,5.9887,0.1440,-0.0418,-0.0000,0.0000,0.006,0.0291,0.0912,1.0000,54,0.016,0.00,0.00,0.00,0.00,0.0000,0.0000,10.18,0.00,50.00,DO_NOTHING,--,0.00,SUCCEEDED,2,0.050,2.4810,0.2400,3.8953,0.2472,0.0211,0.016
68.780,66.646,0.968,GRASP,obstacle1,5.7495,0.0903,-0.0192,0.119443,0.061823,0.062879,22.514,29,0.0065,-0.1918,0.0223,-0.486,0.00000,5.9887,0.1440,-0.0418,-0.0000,0.0000,0.004,0.0291,0.0912,1.0000,54,0.014,0.00,0.00,0.00,0.00,0.0000,0.0000,10.10,0.00,50.00,DO_NOTHING,--,0.00,SUCCEEDED,2,0.050,2.4810,0.2400,3.8953,0.2472,0.0211,0.014
68.881,66.742,0.966,GRASP,obstacle1,5.7495,0.0903,-0.0192,0.119443,0.061823,0.062879,22.610,29,0.0065,-0.1918,0.0223,-0.390,0.00000,5.9887,0.1440,-0.0418,-0.0000,0.0000,0.020,0.0291,0.0912,1.0000,54,0.010,0.00,0.00,0.00,0.00,0.0000,0.0000,10.02,0.00,50.00,DO_NOTHING,--,0.00,SUCCEEDED,2,0.050,2.4810,0.2400,3.8953,0.2472,0.0211,0.010
68.981,66.842,0.979,GRASP,obstacle1,5.7495,0.0903,-0.0192,0.119443,0.061823,0.062879,22.710,29,0.0065,-0.1918,0.0223,-0.390,0.00000,5.9887,0.1440,-0.0418,-0.0000,0.0000,0.000,0.0291,0.0912,1.0000,54,0.010,0.00,0.00,0.00,0.00,0.0000,0.0000,10.02,0.00,50.10,DO_NOTHING,--,0.00,SUCCEEDED,2,0.050,2.4810,0.2400,3.8953,0.2472,0.0211,0.010
69.082,66.942,0.981,GRASP,obstacle1,5.7495,0.0903,-0.0192,0.119443,0.061823,0.062879,22.810,29,0.0065,-0.1918,0.0223,-0.390,0.00000,5.9887,0.1440,-0.0418,-0.0000,0.0000,0.000,0.0291,0.0912,1.0000,54,0.010,0.00,0.00,0.00,0.00,0.0000,0.0000,10.02,0.00,50.10,DO_NOTHING,--,0.00,SUCCEEDED,2,0.050,2.4810,0.2400,3.8953,0.2472,0.0211,0.010
69.181,67.042,0.988,GRASP,obstacle1,5.7495,0.0903,-0.0192,0.119443,0.061823,0.062879,22.910,29,0.0065,-0.1918,0.0223,-0.390,0.00000,5.9887,0.1440,-0.0418,-0.0000,0.0000,0.000,0.0291,0.0912,1.0000,54,0.010,0.00,0.00,0.00,0.00,0.0000,0.0000,9.98,0.00,50.00,DO_NOTHING,--,0.00,SUCCEEDED,2,0.050,2.4810,0.2400,3.8953,0.2472,0.0211,0.010
69.280,67.142,0.989,GRASP,obstacle1,5.7495,0.0903,-0.0192,0.119443,0.061823,0.062879,23.010,29,0.0065,-0.1918,0.0223,-0.390,0.00000,5.9887,0.1440,-0.0418,-0.0000,0.0000,0.020,0.0291,0.0912,1.0000,54,0.010,0.00,0.00,0.00,0.00,0.0000,0.0000,10.00,0.00,50.00,DO_NOTHING,--,0.00,SUCCEEDED,2,0.050,2.4810,0.2400,3.8953,0.2472,0.0211,0.010
69.380,67.242,0.991,GRASP,obstacle1,5.7495,0.0903,-0.0192,0.119443,0.061823,0.062879,23.110,29,0.0065,-0.1918,0.0223,-0.390,0.00000,5.9887,0.1440,-0.0418,-0.0000,0.0000,0.020,0.0291,0.0912,1.0000,54,0.110,0.00,0.00,0.00,0.00,0.0000,0.0000,10.03,0.00,50.00,DO_NOTHING,--,0.00,SUCCEEDED,2,0.050,2.4810,0.2400,3.8953,0.2472,0.0211,0.010
69.481,67.342,0.995,GRASP,obstacle1,5.7495,0.0903,-0.0192,0.119443,0.061823,0.062879,23.210,29,0.0065,-0.1918,0.0223,-0.390,0.00000,5.9887,0.1440,-0.0418,-0.0000,0.0000,0.000,0.0664,0.1000,0.9630,54,0.010,0.00,0.00,0.00,0.00,0.0000,0.0000,10.00,0.00,50.00,DO_NOTHING,--,0.00,SUCCEEDED,2,0.050,2.4810,0.2400,3.8953,0.2472,0.0211,0.010
69.580,67.442,0.993,GRASP,obstacle1,5.7495,0.0903,-0.0192,0.119443,0.061823,0.062879,23.310,29,0.0065,-0.1918,0.0223,-0.390,0.00000,5.9887,0.1440,-0.0418,-0.0000,0.0000,0.020,0.0664,0.1000,0.9630,54,0.110,0.00,0.00,0.00,0.00,0.0000,0.0000,10.00,0.00,50.00,DO_NOTHING,--,0.00,SUCCEEDED,2,0.050,2.4810,0.2400,3.8953,0.2472,0.0211,0.010
69.680,67.538,0.991,GRASP,obstacle1,5.7495,0.0903,-0.0192,0.119443,0.061823,0.062879,23.406,29,0.0065,-0.1918,0.0223,-0.394,0.00000,5.9887,0.1440,-0.0418,-0.0000,0.0000,0.016,0.0664,0.1000,0.9630,54,0.106,0.00,0.00,0.00,0.00,0.0000,0.0000,9.96,0.00,50.00,DO_NOTHING,--,0.00,SUCCEEDED,2,0.050,2.4810,0.2400,3.8953,0.2472,0.0211,0.006
69.781,67.642,1.000,GRASP,obstacle1,5.7495,0.0903,-0.0192,0.119443,0.061823,0.062879,23.510,29,0.0065,-0.1918,0.0223,-0.390,0.00000,5.9887,0.1440,-0.0418,-0.0000,0.0000,0.020,0.0655,0.1000,0.9630,54,0.010,0.00,0.00,0.00,0.00,0.0000,0.0000,10.02,0.00,50.00,DO_NOTHING,--,0.00,SUCCEEDED,2,0.050,2.4810,0.2400,3.8953,0.2472,0.0211,0.010
69.880,67.740,0.999,GRASP,obstacle1,5.7495,0.0903,-0.0192,0.119443,0.061823,0.062879,23.608,29,0.0065,-0.1918,0.0223,-0.392,0.00000,5.9887,0.1440,-0.0418,-0.0000,0.0000,0.018,0.0655,0.1000,0.9630,54,0.108,0.00,0.00,0.00,0.00,0.0000,0.0000,10.02,0.00,50.20,DO_NOTHING,--,0.00,SUCCEEDED,2,0.050,2.4810,0.2400,3.8953,0.2472,0.0211,0.008
69.980,67.840,0.999,GRASP,obstacle1,5.7495,0.0903,-0.0192,0.119443,0.061823,0.062879,23.708,29,0.0065,-0.1918,0.0223,-0.392,0.00000,5.9887,0.1440,-0.0418,-0.0000,0.0000,0.018,0.0655,0.1000,0.9630,54,0.108,0.00,0.00,0.00,0.00,0.0000,0.0000,9.96,0.00,50.00,DO_NOTHING,--,0.00,SUCCEEDED,2,0.050,2.4810,0.2400,3.8953,0.2472,0.0211,0.008
70.081,67.936,0.995,GRASP,obstacle1,5.7495,0.0903,-0.0192,0.119443,0.061823,0.062879,23.804,29,0.0065,-0.1918,0.0223,-0.396,0.00000,5.9887,0.1440,-0.0418,-0.0000,0.0000,0.016,0.0655,0.1000,0.9630,54,0.104,0.00,0.00,0.00,0.00,0.0000,0.0000,9.98,0.00,50.10,DO_NOTHING,--,0.00,SUCCEEDED,2,0.050,2.4810,0.2400,3.8953,0.2472,0.0211,0.004
70.180,68.036,0.995,GRASP,obstacle1,5.7495,0.0903,-0.0192,0.119443,0.061823,0.062879,23.904,29,0.0065,-0.1918,0.0223,-0.396,0.00000,5.9887,0.1440,-0.0418,-0.0000,0.0000,0.014,0.0655,0.1000,0.9630,54,0.104,0.00,0.00,0.00,0.00,0.0000,0.0000,10.00,0.00,50.00,DO_NOTHING,--,0.00,SUCCEEDED,2,0.050,2.4810,0.2400,3.8953,0.2472,0.0211,0.004
70.280,68.136,0.994,GRASP,obstacle1,5.7495,0.0903,-0.0192,0.119443,0.061823,0.062879,24.004,29,0.0065,-0.1918,0.0223,-0.396,0.00000,5.9887,0.1440,-0.0418,-0.0000,0.0000,0.016,0.0655,0.1000,0.9630,54,0.104,0.00,0.00,0.00,0.00,0.0000,0.0000,10.00,0.00,50.10,DO_NOTHING,--,0.00,SUCCEEDED,2,0.050,2.4810,0.2400,3.8953,0.2472,0.0211,0.004
70.380,68.236,0.994,GRASP,obstacle1,5.7495,0.0903,-0.0192,0.119443,0.061823,0.062879,24.104,29,0.0065,-0.1918,0.0223,-0.396,0.00000,5.9887,0.1440,-0.0418,-0.0000,0.0000,0.014,0.0655,0.1000,0.9630,54,0.104,0.00,0.00,0.00,0.00,0.0000,0.0000,10.04,0.00,50.10,DO_NOTHING,--,0.00,SUCCEEDED,2,0.050,2.4810,0.2400,3.8953,0.2472,0.0211,0.004
70.480,68.336,0.994,GRASP,obstacle1,5.7495,0.0903,-0.0192,0.119443,0.061823,0.062879,24.204,29,0.0065,-0.1918,0.0223,-0.396,0.00000,5.9887,0.1440,-0.0418,-0.0000,0.0000,0.020,0.0655,0.1000,0.9630,54,0.104,0.00,0.00,0.00,0.00,0.0000,0.0000,10.07,0.00,50.00,DO_NOTHING,--,0.00,SUCCEEDED,2,0.050,2.4810,0.2400,3.8953,0.2472,0.0211,0.004
70.580,68.434,0.992,GRASP,obstacle1,5.7495,0.0903,-0.0192,0.119443,0.061823,0.062879,24.302,29,0.0065,-0.1918,0.0223,-0.398,0.00000,5.9887,0.1440,-0.0418,-0.0000,0.0000,0.012,0.0655,0.1000,0.9630,54,0.102,0.00,0.00,0.00,0.00,0.0000,0.0000,10.02,0.00,50.00,DO_NOTHING,--,0.00,SUCCEEDED,2,0.050,2.4810,0.2400,3.8953,0.2472,0.0211,0.002
70.681,68.534,0.991,GRASP,obstacle1,5.7495,0.0903,-0.0192,0.119443,0.061823,0.062879,24.402,29,0.0065,-0.1918,0.0223,-0.398,0.00000,5.9887,0.1440,-0.0418,-0.0000,0.0000,0.012,0.0655,0.1000,0.9630,54,0.102,0.00,0.00,0.00,0.00,0.0000,0.0000,10.09,0.00,50.10,DO_NOTHING,--,0.00,SUCCEEDED,2,0.050,2.4810,0.2400,3.8953,0.2472,0.0211,0.002
70.781,68.634,0.992,GRASP,obstacle1,5.7495,0.0903,-0.0192,0.119443,0.061823,0.062879,24.502,29,0.0065,-0.1918,0.0223,-0.398,0.00000,5.9887,0.1440,-0.0418,-0.0000,0.0000,0.012,0.0655,0.1000,0.9630,54,0.102,0.00,0.00,0.00,0.00,0.0000,0.0000,10.00,0.00,50.10,DO_NOTHING,--,0.00,SUCCEEDED,2,0.050,2.4810,0.2400,3.8953,0.2472,0.0211,0.002
70.880,68.732,0.992,GRASP,obstacle1,5.7495,0.0903,-0.0192,0.119443,0.061823,0.062879,24.600,29,0.0065,-0.1918,0.0223,-0.400,0.00000,5.9887,0.1440,-0.0418,-0.0000,0.0000,0.010,0.0655,0.1000,0.9630,54,0.100,0.00,0.00,0.00,0.00,0.0000,0.0000,9.91,0.00,50.00,DO_NOTHING,--,0.00,SUCCEEDED,2,0.050,2.4810,0.2400,3.8953,0.2472,0.0211,0.000
70.981,68.832,0.996,GRASP,obstacle1,5.7495,0.0903,-0.0192,0.119443,0.061823,0.062879,24.700,29,0.0065,-0.1918,0.0223,-0.400,0.00000,5.9887,0.1440,-0.0418,-0.0000,0.0000,0.010,0.0655,0.1000,0.9630,54,0.100,0.00,0.00,0.00,0.00,0.0000,0.0000,10.00,0.00,50.00,DO_NOTHING,--,0.00,SUCCEEDED,2,0.050,2.4810,0.2400,3.8953,0.2472,0.0211,0.000
71.081,68.934,0.998,GRASP,obstacle1,5.7495,0.0903,-0.0192,0.119443,0.061823,0.062879,24.802,29,0.0065,-0.1918,0.0223,-0.398,0.00000,5.9887,0.1440,-0.0418,-0.0000,0.0000,0.012,0.0832,0.1000,0.9444,54,0.102,0.00,0.00,0.00,0.00,0.0000,0.0000,9.87,0.00,49.90,DO_NOTHING,--,0.00,SUCCEEDED,2,0.050,2.4810,0.2400,3.8953,0.2472,0.0211,0.002
71.181,69.032,0.995,GRASP,obstacle1,5.7495,0.0903,-0.0192,0.119443,0.061823,0.062879,24.900,29,0.0065,-0.1918,0.0223,-0.400,0.00000,5.9887,0.1440,-0.0418,-0.0000,0.0000,0.010,0.0832,0.1000,0.9444,54,0.100,0.00,0.00,0.00,0.00,0.0000,0.0000,10.00,0.00,50.10,DO_NOTHING,--,0.00,SUCCEEDED,2,0.050,2.4810,0.2400,3.8953,0.2472,0.0211,0.000
71.280,69.122,0.984,GRASP,obstacle1,5.7495,0.0903,-0.0192,0.119443,0.061823,0.062879,24.990,29,0.0065,-0.1918,0.0223,-0.410,0.00000,5.9887,0.1440,-0.0418,-0.0000,0.0000,0.020,0.0823,0.1000,0.9444,54,0.090,0.00,0.00,0.00,0.00,0.0000,0.0000,10.02,0.00,49.90,DO_NOTHING,--,0.00,SUCCEEDED,2,0.050,2.4810,0.2400,3.8953,0.2472,0.0211,0.010
71.380,69.222,0.986,GRASP,obstacle1,5.7495,0.0903,-0.0192,0.119443,0.061823,0.062879,25.090,29,0.0065,-0.1918,0.0223,-0.410,0.00000,5.9887,0.1440,-0.0418,-0.0000,0.0000,0.020,0.0823,0.1000,0.9444,54,0.090,0.00,0.00,0.00,0.00,0.0000,0.0000,9.98,0.00,50.00,DO_NOTHING,--,0.00,SUCCEEDED,2,0.050,2.4810,0.2400,3.8953,0.2472,0.0211,0.010
71.480,69.312,0.975,GRASP,obstacle1,5.7495,0.0903,-0.0192,0.119443,0.061823,0.062879,25.180,29,0.0065,-0.1918,0.0223,-0.420,0.00000,5.9887,0.1440,-0.0418,-0.0000,0.0000,0.012,0.0823,0.1000,0.9444,54,0.080,0.00,0.00,0.00,0.00,0.0000,0.0000,10.00,0.00,50.00,DO_NOTHING,--,0.00,SUCCEEDED,2,0.050,2.4810,0.2400,3.8953,0.2472,0.0211,0.000
71.581,69.414,0.978,GRASP,obstacle1,5.7495,0.0903,-0.0192,0.119443,0.061823,0.062879,25.282,29,0.0065,-0.1918,0.0223,-0.418,0.00000,5.9887,0.1440,-0.0418,-0.0000,0.0000,0.012,0.0823,0.1000,0.9444,54,0.082,0.00,0.00,0.00,0.00,0.0000,0.0000,9.96,0.00,50.00,DO_NOTHING,--,0.00,SUCCEEDED,2,0.050,2.4810,0.2400,3.8953,0.2472,0.0211,0.002
71.680,69.510,0.976,GRASP,obstacle1,5.7495,0.0903,-0.0192,0.119443,0.061823,0.062879,25.378,29,0.0065,-0.1918,0.0223,-0.422,0.00000,5.9887,0.1440,-0.0418,-0.0000,0.0000,0.008,0.0833,0.1000,0.9444,54,0.078,0.00,0.00,0.00,0.00,0.0000,0.0000,9.98,0.00,50.00,DO_NOTHING,--,0.00,SUCCEEDED,2,0.050,2.4810,0.2400,3.8953,0.2472,0.0211,0.018
71.780,69.610,0.977,GRASP,obstacle1,5.7495,0.0903,-0.0192,0.119443,0.061823,0.062879,25.478,29,0.0065,-0.1918,0.0223,-0.422,0.00000,5.9887,0.1440,-0.0418,-0.0000,0.0000,0.010,0.0833,0.1000,0.9444,54,0.078,0.00,0.00,0.00,0.00,0.0000,0.0000,10.18,0.00,50.00,DO_NOTHING,--,0.00,SUCCEEDED,2,0.050,2.4810,0.2400,3.8953,0.2472,0.0211,0.018
71.881,69.700,0.964,GRASP,obstacle1,5.7495,0.0903,-0.0192,0.119443,0.061823,0.062879,25.568,29,0.0065,-0.1918,0.0223,-0.432,0.00000,5.9887,0.1440,-0.0418,-0.0000,0.0000,0.000,0.0833,0.1000,0.9444,54,0.068,0.00,0.00,0.00,0.00,0.0000,0.0000,10.02,0.00,50.20,DO_NOTHING,--,0.00,SUCCEEDED,2,0.050,2.4810,0.2400,3.8953,0.2472,0.0211,0.008
71.980,69.806,0.974,GRASP,obstacle1,5.7495,0.0903,-0.0192,0.119443,0.061823,0.062879,25.674,29,0.0065,-0.1918,0.0223,-0.426,0.00000,5.9887,0.1440,-0.0418,-0.0000,0.0000,0.004,0.0993,0.1000,0.9259,54,0.074,0.00,0.00,0.00,0.00,0.0000,0.0000,10.16,0.00,50.00,DO_NOTHING,--,0.00,SUCCEEDED,2,0.050,2.4810,0.2400,3.8953,0.2472,0.0211,0.014
72.080,69.900,0.966,GRASP,obstacle1,5.7495,0.0903,-0.0192,0.119443,0.061823,0.062879,25.768,29,0.0065,-0.1918,0.0223,-0.432,0.00000,5.9887,0.1440,-0.0418,-0.0000,0.0000,0.018,0.0993,0.1000,0.9259,54,0.068,0.00,0.00,0.00,0.00,0.0000,0.0000,9.93,0.00,50.00,DO_NOTHING,--,0.00,SUCCEEDED,2,0.050,2.4810,0.2400,3.8953,0.2472,0.0211,0.008
72.180,70.000,0.969,GRASP,obstacle1,5.7495,0.0903,-0.0192,0.119443,0.061823,0.062879,25.868,29,0.0065,-0.1918,0.0223,-0.432,0.00000,5.9887,0.1440,-0.0418,-0.0000,0.0000,0.018,0.0993,0.1000,0.9259,54,0.068,0.00,0.00,0.00,0.00,0.0000,0.0000,9.93,0.00,50.00,DO_NOTHING,--,0.00,SUCCEEDED,2,0.050,2.4810,0.2400,3.8953,0.2472,0.0211,0.008
72.280,70.092,0.966,GRASP,obstacle1,5.7495,0.0903,-0.0192,0.119443,0.061823,0.062879,25.960,29,0.0065,-0.1918,0.0223,-0.440,0.00000,5.9887,0.1440,-0.0418,-0.0000,0.0000,0.010,0.1161,0.1000,0.9074,54,0.060,0.00,0.00,0.00,0.00,0.0000,0.0000,9.98,0.00,50.10,DO_NOTHING,--,0.00,SUCCEEDED,2,0.050,2.4810,0.2400,3.8953,0.2472,0.0211,0.020
72.380,70.196,0.982,GRASP,obstacle1,5.7495,0.0903,-0.0192,0.119443,0.061823,0.062879,26.064,29,0.0065,-0.1918,0.0223,-0.436,0.00000,5.9887,0.1440,-0.0418,-0.0000,0.0000,0.014,0.1161,0.1000,0.9074,54,0.064,0.00,0.00,0.00,0.00,0.0000,0.0000,9.96,0.00,50.00,DO_NOTHING,--,0.00,SUCCEEDED,2,0.050,2.4810,0.2400,3.8953,0.2472,0.0211,0.004
72.480,70.292,0.980,GRASP,obstacle1,5.7495,0.0903,-0.0192,0.119443,0.061823,0.062879,26.160,29,0.0065,-0.1918,0.0223,-0.440,0.00000,5.9887,0.1440,-0.0418,-0.0000,0.0000,0.010,0.1161,0.1000,0.9074,54,0.060,0.00,0.00,0.00,0.00,0.0000,0.0000,10.02,0.00,50.00,DO_NOTHING,--,0.00,SUCCEEDED,2,0.050,2.4810,0.2400,3.8953,0.2472,0.0211,0.020
72.580,70.396,0.982,GRASP,obstacle1,5.7495,0.0903,-0.0192,0.119443,0.061823,0.062879,26.264,29,0.0065,-0.1918,0.0223,-0.436,0.00000,5.9887,0.1440,-0.0418,-0.0000,0.0000,0.014,0.1161,0.1000,0.9074,54,0.064,0.00,0.00,0.00,0.00,0.0000,0.0000,10.00,0.00,50.00,DO_NOTHING,--,0.00,SUCCEEDED,2,0.050,2.4810,0.2400,3.8953,0.2472,0.0211,0.004
72.680,70.492,0.982,GRASP,obstacle1,5.7495,0.0903,-0.0192,0.119443,0.061823,0.062879,26.360,29,0.0065,-0.1918,0.0223,-0.440,0.00000,5.9887,0.1440,-0.0418,-0.0000,0.0000,0.010,0.1153,0.1000,0.9074,54,0.060,0.00,0.00,0.00,0.00,0.0000,0.0000,9.96,0.00,50.00,DO_NOTHING,--,0.00,SUCCEEDED,2,0.050,2.4810,0.2400,3.8953,0.2472,0.0211,0.020
72.780,70.596,0.996,GRASP,obstacle1,5.7495,0.0903,-0.0192,0.119443,0.061823,0.062879,26.464,29,0.0065,-0.1918,0.0223,-0.436,0.00000,5.9887,0.1440,-0.0418,-0.0000,0.0000,0.014,0.1153,0.1000,0.9074,54,0.064,0.00,0.00,0.00,0.00,0.0000,0.0000,10.00,0.00,50.00,DO_NOTHING,--,0.00,SUCCEEDED,2,0.050,2.4810,0.2400,3.8953,0.2472,0.0211,0.004
72.880,70.692,0.993,GRASP,obstacle1,5.7495,0.0903,-0.0192,0.119443,0.061823,0.062879,26.560,29,0.0065,-0.1918,0.0223,-0.440,0.00000,5.9887,0.1440,-0.0418,-0.0000,0.0000,0.010,0.1161,0.1000,0.9074,54,0.060,0.00,0.00,0.00,0.00,0.0000,0.0000,9.98,0.00,49.90,DO_NOTHING,--,0.00,SUCCEEDED,2,0.050,2.4810,0.2400,3.8953,0.2472,0.0211,0.020
72.980,70.796,0.990,GRASP,obstacle1,5.7495,0.0903,-0.0192,0.119443,0.061823,0.062879,26.664,29,0.0065,-0.1918,0.0223,-0.436,0.00000,5.9887,0.1440,-0.0418,-0.0000,0.0000,0.014,0.1161,0.1000,0.9074,54,0.064,0.00,0.00,0.00,0.00,0.0000,0.0000,10.07,0.00,50.00,DO_NOTHING,--,0.00,SUCCEEDED,2,0.050,2.4810,0.2400,3.8953,0.2472,0.0211,0.004
73.080,70.890,0.989,GRASP,obstacle1,5.7495,0.0903,-0.0192,0.119443,0.061823,0.062879,26.758,29,0.0065,-0.1918,0.0223,-0.442,0.00000,5.9887,0.1440,-0.0418,-0.0000,0.0000,0.008,0.1161,0.1000,0.9074,54,0.058,0.00,0.00,0.00,0.00,0.0000,0.0000,10.09,0.00,49.90,DO_NOTHING,--,0.00,SUCCEEDED,2,0.050,2.4810,0.2400,3.8953,0.2472,0.0211,0.018
73.181,70.988,0.995,GRASP,obstacle1,5.7495,0.0903,-0.0192,0.119443,0.061823,0.062879,26.856,29,0.0065,-0.1918,0.0223,-0.444,0.00000,5.9887,0.1440,-0.0418,-0.0000,0.0000,0.006,0.1328,0.6639,0.8889,54,0.056,0.00,0.00,0.00,0.00,0.0000,0.0000,10.00,0.00,50.10,DO_NOTHING,--,0.00,SUCCEEDED,2,0.050,2.4810,0.2400,3.8953,0.2472,0.0211,0.016
73.280,71.086,0.989,GRASP,obstacle1,5.7495,0.0903,-0.0192,0.119443,0.061823,0.062879,26.954,29,0.0065,-0.1918,0.0223,-0.446,0.00000,5.9887,0.1440,-0.0418,-0.0000,0.0000,0.004,0.1328,0.6639,0.8889,54,0.054,0.00,0.00,0.00,0.00,0.0000,0.0000,10.07,0.00,50.00,DO_NOTHING,--,0.00,SUCCEEDED,2,0.050,2.4810,0.2400,3.8953,0.2472,0.0211,0.014
73.380,71.188,0.992,GRASP,obstacle1,5.7495,0.0903,-0.0192,0.119443,0.061823,0.062879,27.056,29,0.0065,-0.1918,0.0223,-0.444,0.00000,5.9887,0.1440,-0.0418,-0.0000,0.0000,0.006,0.1328,0.6639,0.8889,54,0.056,0.00,0.00,0.00,0.00,0.0000,0.0000,9.98,0.00,50.00,DO_NOTHING,--,0.00,SUCCEEDED,2,0.050,2.4810,0.2400,3.8953,0.2472,0.0211,0.016
73.480,71.284,0.987,GRASP,obstacle1,5.7495,0.0903,-0.0192,0.119443,0.061823,0.062879,27.152,29,0.0065,-0.1918,0.0223,-0.448,0.00000,5.9887,0.1440,-0.0418,-0.0000,0.0000,0.002,0.1328,0.6639,0.8889,54,0.052,0.00,0.00,0.00,0.00,0.0000,0.0000,9.96,0.00,50.00,DO_NOTHING,--,0.00,SUCCEEDED,2,0.050,2.4810,0.2400,3.8953,0.2472,0.0211,0.012
73.580,71.388,0.995,GRASP,obstacle1,5.7495,0.0903,-0.0192,0.119443,0.061823,0.062879,27.256,29,0.0065,-0.1918,0.0223,-0.444,0.00000,5.9887,0.1440,-0.0418,-0.0000,0.0000,0.006,0.1328,0.6639,0.8889,54,0.056,0.00,0.00,0.00,0.00,0.0000,0.0000,10.02,0.00,50.00,DO_NOTHING,--,0.00,SUCCEEDED,2,0.050,2.4810,0.2400,3.8953,0.2472,0.0211,0.016
73.680,71.484,0.987,GRASP,obstacle1,5.7495,0.0903,-0.0192,0.119443,0.061823,0.062879,27.352,29,0.0065,-0.1918,0.0223,-0.448,0.00000,5.9887,0.1440,-0.0418,-0.0000,0.0000,0.002,0.1328,0.6639,0.8889,54,0.052,0.00,0.00,0.00,0.00,0.0000,0.0000,9.93,0.00,50.00,DO_NOTHING,--,0.00,SUCCEEDED,2,0.050,2.4810,0.2400,3.8953,0.2472,0.0211,0.012
73.780,71.588,0.995,GRASP,obstacle1,5.7495,0.0903,-0.0192,0.119443,0.061823,0.062879,27.456,29,0.0065,-0.1918,0.0223,-0.444,0.00000,5.9887,0.1440,-0.0418,-0.0000,0.0000,0.006,0.1328,0.6639,0.8889,54,0.056,0.00,0.00,0.00,0.00,0.0000,0.0000,10.04,0.00,50.00,DO_NOTHING,--,0.00,SUCCEEDED,2,0.050,2.4810,0.2400,3.8953,0.2472,0.0211,0.016
73.880,71.682,0.990,GRASP,obstacle1,5.7495,0.0903,-0.0192,0.119443,0.061823,0.062879,27.550,29,0.0065,-0.1918,0.0223,-0.450,0.00000,5.9887,0.1440,-0.0418,-0.0000,0.0000,0.002,0.1328,0.6639,0.8889,54,0.050,0.00,0.00,0.00,0.00,0.0000,0.0000,9.96,0.00,50.10,DO_NOTHING,--,0.00,SUCCEEDED,2,0.050,2.4810,0.2400,3.8953,0.2472,0.0211,0.010
73.981,71.784,0.993,GRASP,obstacle1,5.7495,0.0903,-0.0192,0.119443,0.061823,0.062879,27.652,29,0.0065,-0.1918,0.0223,-0.448,0.00000,5.9887,0.1440,-0.0418,-0.0000,0.0000,0.002,0.1161,0.1000,0.9074,54,0.052,0.00,0.00,0.00,0.00,0.0000,0.0000,10.02,0.00,50.00,DO_NOTHING,--,0.00,SUCCEEDED,2,0.050,2.4810,0.2400,3.8953,0.2472,0.0211,0.012
74.081,71.882,0.994,GRASP,obstacle1,5.7495,0.0903,-0.0192,0.119443,0.061823,0.062879,27.750,29,0.0065,-0.1918,0.0223,-0.450,0.00000,5.9887,0.1440,-0.0418,-0.0000,0.0000,0.000,0.0804,0.1000,0.9444,54,0.050,0.00,0.00,0.00,0.00,0.0000,0.0000,10.00,0.00,50.00,DO_NOTHING,--,0.00,SUCCEEDED,2,0.050,2.4810,0.2400,3.8953,0.2472,0.0211,0.010
74.180,71.984,0.997,GRASP,obstacle1,5.7495,0.0903,-0.0192,0.119443,0.061823,0.062879,27.852,29,0.0065,-0.1918,0.0223,-0.448,0.00000,5.9887,0.1440,-0.0418,-0.0000,0.0000,0.002,0.0637,0.1000,0.9630,54,0.052,0.00,0.00,0.00,0.00,0.0000,0.0000,9.85,0.00,50.00,DO_NOTHING,--,0.00,SUCCEEDED,2,0.050,2.4810,0.2400,3.8953,0.2472,0.0211,0.012
74.281,72.080,0.991,GRASP,obstacle1,5.7495,0.0903,-0.0192,0.119443,0.061823,0.062879,27.948,29,0.0065,-0.1918,0.0223,-0.452,0.00000,5.9887,0.1440,-0.0418,-0.0000,0.0000,0.000,0.0637,0.1000,0.9630,54,0.048,0.00,0.00,0.00,0.00,0.0000,0.0000,10.02,0.00,50.10,DO_NOTHING,--,0.00,SUCCEEDED,2,0.050,2.4810,0.2400,3.8953,0.2472,0.0211,0.008
74.380,72.184,1.000,GRASP,obstacle1,5.7495,0.0903,-0.0192,0.119443,0.061823,0.062879,28.052,29,0.0065,-0.1918,0.0223,-0.448,0.00000,5.9887,0.1440,-0.0418,-0.0000,0.0000,0.002,0.0637,0.1000,0.9630,54,0.052,0.00,0.00,0.00,0.00,0.0000,0.0000,9.87,0.00,50.00,DO_NOTHING,--,0.00,SUCCEEDED,2,0.050,2.4810,0.2400,3.8953,0.2472,0.0211,0.012
74.481,72.286,0.997,GRASP,obstacle1,5.7495,0.0903,-0.0192,0.119443,0.061823,0.062879,28.154,29,0.0065,-0.1918,0.0223,-0.446,0.00000,5.9887,0.1440,-0.0418,-0.0000,0.0000,0.008,0.0637,0.1000,0.9630,54,0.054,0.00,0.00,0.00,0.00,0.0000,0.0000,9.98,0.00,50.20,DO_NOTHING,--,0.00,SUCCEEDED,2,0.050,2.4810,0.2400,3.8953,0.2472,0.0211,0.014
74.581,72.378,0.993,GRASP,obstacle1,5.7495,0.0903,-0.0192,0.119443,0.061823,0.062879,28.246,29,0.0065,-0.1918,0.0223,-0.454,0.00000,5.9887,0.1440,-0.0418,-0.0000,0.0000,0.016,0.0637,0.1000,0.9630,54,0.046,0.00,0.00,0.00,0.00,0.0000,0.0000,10.04,0.00,50.00,DO_NOTHING,--,0.00,SUCCEEDED,2,0.050,2.4810,0.2400,3.8953,0.2472,0.0211,0.006
74.681,72.476,0.986,GRASP,obstacle1,5.7495,0.0903,-0.0192,0.119443,0.061823,0.062879,28.344,29,0.0065,-0.1918,0.0223,-0.456,0.00000,5.9887,0.1440,-0.0418,-0.0000,0.0000,0.014,0.0468,0.1000,0.9815,54,0.044,0.00,0.00,0.00,0.00,0.0000,0.0000,9.91,0.00,50.00,DO_NOTHING,--,0.00,SUCCEEDED,2,0.050,2.4810,0.2400,3.8953,0.2472,0.0211,0.004
74.780,72.570,0.986,GRASP,obstacle1,5.7495,0.0903,-0.0192,0.119443,0.061823,0.062879,28.438,29,0.0065,-0.1918,0.0223,-0.462,0.00000,5.9887,0.1440,-0.0418,-0.0000,0.0000,0.008,0.0468,0.1000,0.9815,54,0.038,0.00,0.00,0.00,0.00,0.0000,0.0000,10.00,0.00,50.00,DO_NOTHING,--,0.00,SUCCEEDED,2,0.050,2.4810,0.2400,3.8953,0.2472,0.0211,0.018
74.881,72.670,0.984,GRASP,obstacle1,5.7495,0.0903,-0.0192,0.119443,0.061823,0.062879,28.538,29,0.0065,-0.1918,0.0223,-0.462,0.00000,5.9887,0.1440,-0.0418,-0.0000,0.0000,0.008,0.0468,0.1000,0.9815,54,0.038,0.00,0.00,0.00,0.00,0.0000,0.0000,9.93,0.00,49.90,DO_NOTHING,--,0.00,SUCCEEDED,2,0.050,2.4810,0.2400,3.8953,0.2472,0.0211,0.018
74.981,72.762,0.978,GRASP,obstacle1,5.7495,0.0903,-0.0192,0.119443,0.061823,0.062879,28.630,29,0.0065,-0.1918,0.0223,-0.470,0.00000,5.9887,0.1440,-0.0418,-0.0000,0.0000,0.000,0.0468,0.1000,0.9815,54,0.030,0.00,0.00,0.00,0.00,0.0000,0.0000,10.02,0.00,50.00,DO_NOTHING,--,0.00,SUCCEEDED,2,0.050,2.4810,0.2400,3.8953,0.2472,0.0211,0.010
75.081,72.864,0.982,GRASP,obstacle1,5.7495,0.0903,-0.0192,0.119443,0.061823,0.062879,28.732,29,0.0065,-0.1918,0.0223,-0.468,0.00000,5.9887,0.1440,-0.0418,-0.0000,0.0000,0.002,0.0468,0.1000,0.9815,54,0.032,0.00,0.00,0.00,0.00,0.0000,0.0000,10.14,0.00,50.00,DO_NOTHING,--,0.00,SUCCEEDED,2,0.050,2.4810,0.2400,3.8953,0.2472,0.0211,0.012
75.181,72.962,0.980,GRASP,obstacle1,5.7495,0.0903,-0.0192,0.119443,0.061823,0.062879,28.830,29,0.0065,-0.1918,0.0223,-0.470,0.00000,5.9887,0.1440,-0.0418,-0.0000,0.0000,0.020,0.0468,0.1000,0.9815,54,0.030,0.00,0.00,0.00,0.00,0.0000,0.0000,10.00,0.00,50.00,DO_NOTHING,--,0.00,SUCCEEDED,2,0.050,2.4810,0.2400,3.8953,0.2472,0.0211,0.010
75.281,73.062,0.982,GRASP,obstacle1,5.7495,0.0903,-0.0192,0.119443,0.061823,0.062879,28.930,29,0.0065,-0.1918,0.0223,-0.470,0.00000,5.9887,0.1440,-0.0418,-0.0000,0.0000,0.020,0.0468,0.1000,0.9815,54,0.030,0.00,0.00,0.00,0.00,0.0000,0.0000,10.16,0.00,50.00,DO_NOTHING,--,0.00,SUCCEEDED,2,0.050,2.4810,0.2400,3.8953,0.2472,0.0211,0.010
75.380,73.156,0.967,GRASP,obstacle1,5.7495,0.0903,-0.0192,0.119443,0.061823,0.062879,29.024,29,0.0065,-0.1918,0.0223,-0.476,0.00000,5.9887,0.1440,-0.0418,-0.0000,0.0000,0.014,0.0468,0.1000,0.9815,54,0.024,0.00,0.00,0.00,0.00,0.0000,0.0000,10.16,0.00,50.00,DO_NOTHING,--,0.00,SUCCEEDED,2,0.050,2.4810,0.2400,3.8953,0.2472,0.0211,0.004
75.480,73.256,0.971,GRASP,obstacle1,5.7495,0.0903,-0.0192,0.119443,0.061823,0.062879,29.124,29,0.0065,-0.1918,0.0223,-0.476,0.00000,5.9887,0.1440,-0.0418,-0.0000,0.0000,0.014,0.0468,0.1000,0.9815,54,0.024,0.00,0.00,0.00,0.00,0.0000,0.0000,10.02,0.00,50.00,DO_NOTHING,--,0.00,SUCCEEDED,2,0.050,2.4810,0.2400,3.8953,0.2472,0.0211,0.004
75.580,73.356,0.979,GRASP,obstacle1,5.7495,0.0903,-0.0192,0.119443,0.061823,0.062879,29.224,29,0.0065,-0.1918,0.0223,-0.476,0.00000,5.9887,0.1440,-0.0418,-0.0000,0.0000,0.014,0.0468,0.1000,0.9815,54,0.024,0.00,0.00,0.00,0.00,0.0000,0.0000,10.07,0.00,50.00,DO_NOTHING,--,0.00,SUCCEEDED,2,0.050,2.4810,0.2400,3.8953,0.2472,0.0211,0.004
75.680,73.456,0.980,GRASP,obstacle1,5.7495,0.0903,-0.0192,0.119443,0.061823,0.062879,29.324,29,0.0065,-0.1918,0.0223,-0.476,0.00000,5.9887,0.1440,-0.0418,-0.0000,0.0000,0.014,0.0468,0.1000,0.9815,54,0.024,0.00,0.00,0.00,0.00,0.0000,0.0000,10.02,0.00,50.00,DO_NOTHING,--,0.00,SUCCEEDED,2,0.050,2.4810,0.2400,3.8953,0.2472,0.0211,0.004
75.780,73.554,0.984,GRASP,obstacle1,5.7495,0.0903,-0.0192,0.119443,0.061823,0.062879,29.422,29,0.0065,-0.1918,0.0223,-0.478,0.00000,5.9887,0.1440,-0.0418,-0.0000,0.0000,0.012,0.0468,0.1000,0.9815,54,0.022,0.00,0.00,0.00,0.00,0.0000,0.0000,10.02,0.00,50.00,DO_NOTHING,--,0.00,SUCCEEDED,2,0.050,2.4810,0.2400,3.8953,0.2472,0.0211,0.002
75.881,73.654,0.985,GRASP,obstacle1,5.7495,0.0903,-0.0192,0.119443,0.061823,0.062879,29.522,29,0.0065,-0.1918,0.0223,-0.478,0.00000,5.9887,0.1440,-0.0418,-0.0000,0.0000,0.012,0.0468,0.1000,0.9815,54,0.022,0.00,0.00,0.00,0.00,0.0000,0.0000,9.98,0.00,49.90,DO_NOTHING,--,0.00,SUCCEEDED,2,0.050,2.4810,0.2400,3.8953,0.2472,0.0211,0.002
75.980,73.754,0.992,GRASP,obstacle1,5.7495,0.0903,-0.0192,0.119443,0.061823,0.062879,29.622,29,0.0065,-0.1918,0.0223,-0.478,0.00000,5.9887,0.1440,-0.0418,-0.0000,0.0000,0.012,0.0468,0.1000,0.9815,54,0.022,0.00,0.00,0.00,0.00,0.0000,0.0000,10.00,0.00,50.00,DO_NOTHING,--,0.00,SUCCEEDED,2,0.050,2.4810,0.2400,3.8953,0.2472,0.0211,0.002
76.081,73.854,0.991,GRASP,obstacle1,5.7495,0.0903,-0.0192,0.119443,0.061823,0.062879,29.722,29,0.0065,-0.1918,0.0223,-0.478,0.00000,5.9887,0.1440,-0.0418,-0.0000,0.0000,0.012,0.0468,0.1000,0.9815,54,0.022,0.00,0.00,0.00,0.00,0.0000,0.0000,9.98,0.00,49.90,DO_NOTHING,--,0.00,SUCCEEDED,2,0.050,2.4810,0.2400,3.8953,0.2472,0.0211,0.002
76.180,73.954,0.992,GRASP,obstacle1,5.7495,0.0903,-0.0192,0.119443,0.061823,0.062879,29.822,29,0.0065,-0.1918,0.0223,-0.478,0.00000,5.9887,0.1440,-0.0418,-0.0000,0.0000,0.012,0.0468,0.1000,0.9815,54,0.022,0.00,0.00,0.00,0.00,0.0000,0.0000,10.00,0.00,50.00,DO_NOTHING,--,0.00,SUCCEEDED,2,0.050,2.4810,0.2400,3.8953,0.2472,0.0211,0.002
76.280,74.054,0.992,GRASP,obstacle1,5.7495,0.0903,-0.0192,0.119443,0.061823,0.062879,29.922,29,0.0065,-0.1918,0.0223,-0.478,0.00000,5.9887,0.1440,-0.0418,-0.0000,0.0000,0.012,0.0468,0.1000,0.9815,54,0.022,0.00,0.00,0.00,0.00,0.0000,0.0000,10.00,0.00,50.10,DO_NOTHING,--,0.00,SUCCEEDED,2,0.050,2.4810,0.2400,3.8953,0.2472,0.0211,0.002
76.380,74.154,0.998,GRASP,obstacle1,5.7495,0.0903,-0.0192,0.119443,0.061823,0.062879,30.022,29,0.0065,-0.1918,0.0223,-0.478,0.00000,5.9887,0.1440,-0.0418,-0.0000,0.0000,0.012,0.0469,0.1000,0.9815,54,0.022,0.00,0.00,0.00,0.00,0.0000,0.0000,9.98,0.00,50.00,DO_NOTHING,--,0.00,SUCCEEDED,2,0.050,2.4810,0.2400,3.8953,0.2472,0.0211,0.002
76.480,74.252,0.996,GRASP,obstacle1,5.7495,0.0903,-0.0192,0.119443,0.061823,0.062879,30.120,29,0.0065,-0.1918,0.0223,-0.480,0.00000,5.9887,0.1440,-0.0418,-0.0000,0.0000,0.010,0.0469,0.1000,0.9815,54,0.020,0.00,0.00,0.00,0.00,0.0000,0.0000,9.96,0.00,50.00,DO_NOTHING,--,0.00,SUCCEEDED,2,0.050,2.4810,0.2400,3.8953,0.2472,0.0211,0.020
76.580,74.354,0.998,GRASP,obstacle1,5.7495,0.0903,-0.0192,0.119443,0.061823,0.062879,30.222,29,0.0065,-0.1918,0.0223,-0.478,0.00000,5.9887,0.1440,-0.0418,-0.0000,0.0000,0.012,0.0469,0.1000,0.9815,54,0.022,0.00,0.00,0.00,0.00,0.0000,0.0000,9.96,0.00,50.00,DO_NOTHING,--,0.00,SUCCEEDED,2,0.050,2.4810,0.2400,3.8953,0.2472,0.0211,0.002
76.680,74.454,1.000,GRASP,obstacle1,5.7495,0.0903,-0.0192,0.119443,0.061823,0.062879,30.322,29,0.0065,-0.1918,0.0223,-0.478,0.00000,5.9887,0.1440,-0.0418,-0.0000,0.0000,0.012,0.0469,0.1000,0.9815,54,0.022,0.00,0.00,0.00,0.00,0.0000,0.0000,9.98,0.00,50.00,DO_NOTHING,--,0.00,SUCCEEDED,2,0.050,2.4810,0.2400,3.8953,0.2472,0.0211,0.002
76.781,74.554,1.000,GRASP,obstacle1,5.7495,0.0903,-0.0192,0.119443,0.061823,0.062879,30.422,29,0.0065,-0.1918,0.0223,-0.478,0.00000,5.9887,0.1440,-0.0418,-0.0000,0.0000,0.012,0.0469,0.1000,0.9815,54,0.022,0.00,0.00,0.00,0.00,0.0000,0.0000,9.98,0.00,50.00,DO_NOTHING,--,0.00,SUCCEEDED,2,0.050,2.4810,0.2400,3.8953,0.2472,0.0211,0.002
76.881,74.652,0.998,GRASP,obstacle1,5.7495,0.0903,-0.0192,0.119443,0.061823,0.062879,30.520,29,0.0065,-0.1918,0.0223,-0.480,0.00000,5.9887,0.1440,-0.0418,-0.0000,0.0000,0.010,0.0646,0.1000,0.9630,54,0.020,0.00,0.00,0.00,0.00,0.0000,0.0000,10.02,0.00,50.00,DO_NOTHING,--,0.00,SUCCEEDED,2,0.050,2.4810,0.2400,3.8953,0.2472,0.0211,0.020
76.980,74.752,0.998,GRASP,obstacle1,5.7495,0.0903,-0.0192,0.119443,0.061823,0.062879,30.620,29,0.0065,-0.1918,0.0223,-0.480,0.00000,5.9887,0.1440,-0.0418,-0.0000,0.0000,0.010,0.0646,0.1000,0.9630,54,0.020,0.00,0.00,0.00,0.00,0.0000,0.0000,10.00,0.00,50.00,DO_NOTHING,--,0.00,SUCCEEDED,2,0.050,2.4810,0.2400,3.8953,0.2472,0.0211,0.020
77.081,74.850,0.996,GRASP,obstacle1,5.7495,0.0903,-0.0192,0.119443,0.061823,0.062879,30.718,29,0.0065,-0.1918,0.0223,-0.482,0.00000,5.9887,0.1440,-0.0418,-0.0000,0.0000,0.008,0.0646,0.1000,0.9630,54,0.018,0.00,0.00,0.00,0.00,0.0000,0.0000,10.07,0.00,50.00,DO_NOTHING,--,0.00,SUCCEEDED,2,0.050,2.4810,0.2400,3.8953,0.2472,0.0211,0.018
77.180,74.950,0.996,GRASP,obstacle1,5.7495,0.0903,-0.0192,0.119443,0.061823,0.062879,30.818,29,0.0065,-0.1918,0.0223,-0.482,0.00000,5.9887,0.1440,-0.0418,-0.0000,0.0000,0.008,0.0646,0.1000,0.9630,54,0.018,0.00,0.00,0.00,0.00,0.0000,0.0000,10.02,0.00,50.00,DO_NOTHING,--,0.00,SUCCEEDED,2,0.050,2.4810,0.2400,3.8953,0.2472,0.0211,0.018
77.280,75.044,0.990,GRASP,obstacle1,5.7495,0.0903,-0.0192,0.119443,0.061823,0.062879,30.912,29,0.0065,-0.1918,0.0223,-0.488,0.00000,5.9887,0.1440,-0.0418,-0.0000,0.0000,0.002,0.0646,0.1000,0.9630,54,0.012,0.00,0.00,0.00,0.00,0.0000,0.0000,10.04,0.00,49.90,DO_NOTHING,--,0.00,SUCCEEDED,2,0.050,2.4810,0.2400,3.8953,0.2472,0.0211,0.012
77.381,75.146,0.992,GRASP,obstacle1,5.7495,0.0903,-0.0192,0.119443,0.061823,0.062879,31.014,29,0.0065,-0.1918,0.0223,-0.386,0.00000,5.9887,0.1440,-0.0418,-0.0000,0.0000,0.004,0.0646,0.1000,0.9630,54,0.014,0.00,0.00,0.00,0.00,0.0000,0.0000,9.96,0.00,50.00,DO_NOTHING,--,0.00,SUCCEEDED,2,0.050,2.4810,0.2400,3.8953,0.2472,0.0211,0.014
77.480,75.242,0.987,GRASP,obstacle1,5.7495,0.0903,-0.0192,0.119443,0.061823,0.062879,31.110,29,0.0065,-0.1918,0.0223,-0.390,0.00000,5.9887,0.1440,-0.0418,-0.0000,0.0000,0.000,0.0646,0.1000,0.9630,54,0.110,0.00,0.00,0.00,0.00,0.0000,0.0000,9.96,0.00,50.00,DO_NOTHING,--,0.00,SUCCEEDED,2,0.050,2.4810,0.2400,3.8953,0.2472,0.0211,0.010
77.581,75.346,0.991,GRASP,obstacle1,5.7495,0.0903,-0.0192,0.119443,0.061823,0.062879,31.214,29,0.0065,-0.1918,0.0223,-0.486,0.00000,5.9887,0.1440,-0.0418,-0.0000,0.0000,0.004,0.0646,0.1000,0.9630,54,0.014,0.00,0.00,0.00,0.00,0.0000,0.0000,10.00,0.00,50.00,DO_NOTHING,--,0.00,SUCCEEDED,2,0.050,2.4810,0.2400,3.8953,0.2472,0.0211,0.014
77.681,75.448,0.993,GRASP,obstacle1,5.7495,0.0903,-0.0192,0.119443,0.061823,0.062879,31.316,29,0.0065,-0.1918,0.0223,-0.384,0.00000,5.9887,0.1440,-0.0418,-0.0000,0.0000,0.006,0.0646,0.1000,0.9630,54,0.116,0.00,0.00,0.00,0.00,0.0000,0.0000,10.03,0.00,49.60,DO_NOTHING,--,0.00,SUCCEEDED,2,0.050,2.4810,0.2400,3.8953,0.2472,0.0211,0.016
77.780,75.546,0.992,GRASP,obstacle1,5.7495,0.0903,-0.0192,0.119443,0.061823,0.062879,31.414,29,0.0065,-0.1918,0.0223,-0.486,0.00000,5.9887,0.1440,-0.0418,-0.0000,0.0000,0.006,0.0646,0.1000,0.9630,54,0.014,0.00,0.00,0.00,0.00,0.0000,0.0000,10.00,0.00,50.00,DO_NOTHING,--,0.00,SUCCEEDED,2,0.050,2.4810,0.2400,3.8953,0.2472,0.0211,0.014
77.881,75.638,0.984,GRASP,obstacle1,5.7495,0.0903,-0.0192,0.119443,0.061823,0.062879,31.506,29,0.0065,-0.1918,0.0223,-0.394,0.00000,5.9887,0.1440,-0.0418,-0.0000,0.0000,0.016,0.0646,0.1000,0.9630,54,0.006,0.00,0.00,0.00,0.00,0.0000,0.0000,10.00,0.00,50.00,DO_NOTHING,--,0.00,SUCCEEDED,2,0.050,2.4810,0.2400,3.8953,0.2472,0.0211,0.006
77.981,75.732,0.980,GRASP,obstacle1,5.7495,0.0903,-0.0192,0.119443,0.061823,0.062879,31.600,29,0.0065,-0.1918,0.0223,-0.400,0.00000,5.9887,0.1440,-0.0418,-0.0000,0.0000,0.012,0.0646,0.1000,0.9630,54,0.100,0.00,0.00,0.00,0.00,0.0000,0.0000,10.02,0.00,49.90,DO_NOTHING,--,0.00,SUCCEEDED,2,0.050,2.4810,0.2400,3.8953,0.2472,0.0211,0.020
78.081,75.832,0.980,GRASP,obstacle1,5.7495,0.0903,-0.0192,0.119443,0.061823,0.062879,31.700,29,0.0065,-0.1918,0.0223,-0.400,0.00000,5.9887,0.1440,-0.0418,-0.0000,0.0000,0.010,0.0646,0.1000,0.9630,54,0.100,0.00,0.00,0.00,0.00,0.0000,0.0000,9.96,0.00,50.00,DO_NOTHING,--,0.00,SUCCEEDED,2,0.050,2.4810,0.2400,3.8953,0.2472,0.0211,0.020
78.180,75.924,0.974,GRASP,obstacle1,5.7495,0.0903,-0.0192,0.119443,0.061823,0.062879,31.792,29,0.0065,-0.1918,0.0223,-0.408,0.00000,5.9887,0.1440,-0.0418,-0.0000,0.0000,0.002,0.0646,0.1000,0.9630,54,0.092,0.00,0.00,0.00,0.00,0.0000,0.0000,10.00,0.00,50.00,DO_NOTHING,--,0.00,SUCCEEDED,2,0.050,2.4810,0.2400,3.8953,0.2472,0.0211,0.012
78.280,76.024,0.980,GRASP,obstacle1,5.7495,0.0903,-0.0192,0.119443,0.061823,0.062879,31.892,29,0.0065,-0.1918,0.0223,-0.408,0.00000,5.9887,0.1440,-0.0418,-0.0000,0.0000,0.002,0.0646,0.1000,0.9630,54,0.092,0.00,0.00,0.00,0.00,0.0000,0.0000,9.96,0.00,50.00,DO_NOTHING,--,0.00,SUCCEEDED,2,0.050,2.4810,0.2400,3.8953,0.2472,0.0211,0.012
78.381,76.122,0.977,GRASP,obstacle1,5.7495,0.0903,-0.0192,0.119443,0.061823,0.062879,31.990,29,0.0065,-0.1918,0.0223,-0.410,0.00000,5.9887,0.1440,-0.0418,-0.0000,0.0000,0.022,0.0646,0.1000,0.9630,54,0.090,0.00,0.00,0.00,0.00,0.0000,0.0000,10.07,0.00,50.20,DO_NOTHING,--,0.00,SUCCEEDED,2,0.050,2.4810,0.2400,3.8953,0.2472,0.0211,0.010
78.481,76.220,0.971,GRASP,obstacle1,5.7495,0.0903,-0.0192,0.119443,0.061823,0.062879,32.088,29,0.0065,-0.1918,0.0223,-0.412,0.00000,5.9887,0.1440,-0.0418,-0.0000,0.0000,0.018,0.0646,0.1000,0.9630,54,0.088,0.00,0.00,0.00,0.00,0.0000,0.0000,10.11,0.00,50.00,DO_NOTHING,--,0.00,SUCCEEDED,2,0.050,2.4810,0.2400,3.8953,0.2472,0.0211,0.008
78.581,76.316,0.970,GRASP,obstacle1,5.7495,0.0903,-0.0192,0.119443,0.061823,0.062879,32.184,29,0.0065,-0.1918,0.0223,-0.416,0.00000,5.9887,0.1440,-0.0418,-0.0000,0.0000,0.018,0.0468,0.1000,0.9815,54,0.084,0.00,0.00,0.00,0.00,0.0000,0.0000,10.02,0.00,50.20,DO_NOTHING,--,0.00,SUCCEEDED,2,0.050,2.4810,0.2400,3.8953,0.2472,0.0211,0.004
78.680,76.416,0.969,GRASP,obstacle1,5.7495,0.0903,-0.0192,0.119443,0.061823,0.062879,32.284,29,0.0065,-0.1918,0.0223,-0.416,0.00000,5.9887,0.1440,-0.0418,-0.0000,0.0000,0.014,0.0468,0.1000,0.9815,54,0.084,0.00,0.00,0.00,0.00,0.0000,0.0000,10.20,0.00,50.00,DO_NOTHING,--,0.00,SUCCEEDED,2,0.050,2.4810,0.2400,3.8953,0.2472,0.0211,0.004
78.781,76.516,0.976,GRASP,obstacle1,5.7495,0.0903,-0.0192,0.119443,0.061823,0.062879,32.384,29,0.0065,-0.1918,0.0223,-0.416,0.00000,5.9887,0.1440,-0.0418,-0.0000,0.0000,0.018,0.0291,0.0912,1.0000,54,0.084,0.00,0.00,0.00,0.00,0.0000,0.0000,9.98,0.00,50.20,DO_NOTHING,--,0.00,SUCCEEDED,2,0.050,2.4810,0.2400,3.8953,0.2472,0.0211,0.004
78.880,76.616,0.979,GRASP,obstacle1,5.7495,0.0903,-0.0192,0.119443,0.061823,0.062879,32.484,29,0.0065,-0.1918,0.0223,-0.416,0.00000,5.9887,0.1440,-0.0418,-0.0000,0.0000,0.014,0.0291,0.0912,1.0000,54,0.084,0.00,0.00,0.00,0.00,0.0000,0.0000,9.98,0.00,50.00,DO_NOTHING,--,0.00,SUCCEEDED,2,0.050,2.4810,0.2400,3.8953,0.2472,0.0211,0.004
78.980,76.714,0.982,GRASP,obstacle1,5.7495,0.0903,-0.0192,0.119443,0.061823,0.062879,32.582,29,0.0065,-0.1918,0.0223,-0.418,0.00000,5.9887,0.1440,-0.0418,-0.0000,0.0000,0.016,0.0291,0.0912,1.0000,54,0.082,0.00,0.00,0.00,0.00,0.0000,0.0000,10.00,0.00,50.31,DO_NOTHING,--,0.00,SUCCEEDED,2,0.050,2.4810,0.2400,3.8953,0.2472,0.0211,0.002
79.080,76.816,0.985,GRASP,obstacle1,5.7495,0.0903,-0.0192,0.119443,0.061823,0.062879,32.684,29,0.0065,-0.1918,0.0223,-0.416,0.00000,5.9887,0.1440,-0.0418,-0.0000,0.0000,0.014,0.0291,0.0912,1.0000,54,0.084,0.00,0.00,0.00,0.00,0.0000,0.0000,9.98,0.00,50.00,DO_NOTHING,--,0.00,SUCCEEDED,2,0.050,2.4810,0.2400,3.8953,0.2472,0.0211,0.004
79.180,76.914,0.989,GRASP,obstacle1,5.7495,0.0903,-0.0192,0.119443,0.061823,0.062879,32.782,29,0.0065,-0.1918,0.0223,-0.418,0.00000,5.9887,0.1440,-0.0418,-0.0000,0.0000,0.012,0.0291,0.0912,1.0000,54,0.082,0.00,0.00,0.00,0.00,0.0000,0.0000,10.02,0.00,49.90,DO_NOTHING,--,0.00,SUCCEEDED,2,0.050,2.4810,0.2400,3.8953,0.2472,0.0211,0.002
79.281,77.016,0.993,GRASP,obstacle1,5.7495,0.0903,-0.0192,0.119443,0.061823,0.062879,32.884,29,0.0065,-0.1918,0.0223,-0.416,0.00000,5.9887,0.1440,-0.0418,-0.0000,0.0000,0.014,0.0291,0.0912,1.0000,54,0.084,0.00,0.00,0.00,0.00,0.0000,0.0000,10.00,0.00,50.00,DO_NOTHING,--,0.00,SUCCEEDED,2,0.050,2.4810,0.2400,3.8953,0.2472,0.0211,0.004
79.381,77.116,0.996,GRASP,obstacle1,5.7495,0.0903,-0.0192,0.119443,0.061823,0.062879,32.984,29,0.0065,-0.1918,0.0223,-0.416,0.00000,5.9887,0.1440,-0.0418,-0.0000,0.0000,0.016,0.0291,0.0912,1.0000,54,0.084,0.00,0.00,0.00,0.00,0.0000,0.0000,10.02,0.00,50.10,DO_NOTHING,--,0.00,SUCCEEDED,2,0.050,2.4810,0.2400,3.8953,0.2472,0.0211,0.004
79.481,77.216,1.000,GRASP,obstacle1,5.7495,0.0903,-0.0192,0.119443,0.061823,0.062879,33.084,29,0.0065,-0.1918,0.0223,-0.416,0.00000,5.9887,0.1440,-0.0418,-0.0000,0.0000,0.014,0.0291,0.0912,1.0000,54,0.084,0.00,0.00,0.00,0.00,0.0000,0.0000,9.98,0.00,50.00,DO_NOTHING,--,0.00,SUCCEEDED,2,0.050,2.4810,0.2400,3.8953,0.2472,0.0211,0.004
79.580,77.312,0.996,GRASP,obstacle1,5.7495,0.0903,-0.0192,0.119443,0.061823,0.062879,33.180,29,0.0065,-0.1918,0.0223,-0.420,0.00000,5.9887,0.1440,-0.0418,-0.0000,0.0000,0.012,0.0291,0.0912,1.0000,54,0.080,0.00,0.00,0.00,0.00,0.0000,0.0000,10.00,0.00,50.00,DO_NOTHING,--,0.00,SUCCEEDED,2,0.050,2.4810,0.2400,3.8953,0.2472,0.0211,0.000
79.681,77.412,0.995,GRASP,obstacle1,5.7495,0.0903,-0.0192,0.119443,0.061823,0.062879,33.280,29,0.0065,-0.1918,0.0223,-0.420,0.00000,5.9887,0.1440,-0.0418,-0.0000,0.0000,0.010,0.0291,0.0912,1.0000,54,0.080,0.00,0.00,0.00,0.00,0.0000,0.0000,9.98,0.00,50.10,DO_NOTHING,--,0.00,SUCCEEDED,2,0.050,2.4810,0.2400,3.8953,0.2472,0.0211,0.000
79.781,77.514,0.998,VERIFY_GRASP,obstacle1,5.7495,0.0903,-0.0192,0.119443,0.061823,0.062879,33.382,29,0.0065,-0.1918,0.0223,-0.418,0.00000,5.9887,0.1440,-0.0418,-0.0000,0.0000,0.012,0.0291,0.0912,1.0000,54,0.082,0.00,0.00,0.00,0.00,0.0000,0.0000,9.98,0.00,49.90,DO_NOTHING,--,0.00,SUCCEEDED,2,0.050,2.4810,0.2400,3.8953,0.2472,0.0211,0.002
79.880,77.612,0.998,VERIFY_GRASP,obstacle1,5.7495,0.0903,-0.0192,0.119443,0.061823,0.062879,33.480,29,0.0065,-0.1918,0.0223,-0.420,0.00000,5.9887,0.1440,-0.0418,-0.0000,0.0000,0.010,0.0291,0.0912,1.0000,54,0.080,0.00,0.00,0.00,0.00,0.0000,0.0000,10.00,0.00,50.00,DO_NOTHING,--,0.00,SUCCEEDED,2,0.050,2.4810,0.2400,3.8953,0.2472,0.0211,0.000
79.980,77.712,0.995,DESCEND,obstacle1,5.7495,0.0903,-0.0192,0.119443,0.061823,0.062879,33.580,29,0.0065,-0.1918,0.0223,-0.420,0.00000,5.9887,0.1440,-0.0418,-0.0000,0.0000,0.010,0.0291,0.0912,1.0000,54,0.080,0.00,0.00,0.00,0.00,0.0000,0.0000,10.02,0.00,50.10,DO_NOTHING,--,0.00,SUCCEEDED,2,0.050,2.4810,0.2400,3.8953,0.2472,0.0211,0.000
80.081,77.812,0.998,DESCEND,obstacle1,5.7495,0.0903,-0.0192,0.119443,0.061823,0.062879,33.680,29,0.0065,-0.1918,0.0223,-0.420,0.00000,5.9889,0.1440,-0.0418,0.0019,0.0005,0.010,0.0291,0.0912,1.0000,54,0.080,0.00,0.00,0.00,1.00,0.1800,0.0066,9.98,0.00,50.00,DO_NOTHING,--,0.00,SUCCEEDED,2,0.050,2.4810,0.2400,3.8959,0.2473,0.0211,0.000
80.181,77.912,0.996,DESCEND,obstacle1,5.7495,0.0903,-0.0192,0.119443,0.061823,0.062879,33.780,29,0.0065,-0.1918,0.0223,-0.420,0.00000,6.0011,0.1434,-0.0428,0.1240,-0.0100,0.010,0.0281,0.0707,1.0000,53,0.080,0.00,0.00,0.00,19.23,0.1800,-0.0251,9.98,0.00,50.00,DO_NOTHING,--,0.00,SUCCEEDED,2,0.050,2.4810,0.2400,3.9095,0.2474,0.0200,0.000
80.280,78.010,0.994,DESCEND,obstacle1,5.9861,0.0859,-0.0326,0.121078,0.054278,0.062124,0.078,30,-0.0185,-0.1229,0.0109,-0.422,0.07330,6.0191,0.1427,-0.0451,0.1815,-0.0241,0.008,0.0292,0.0971,1.0000,52,0.078,0.00,0.00,0.00,19.61,0.1800,-0.0222,10.00,1.00,50.00,DO_NOTHING,--,0.00,SUCCEEDED,2,0.050,2.4810,0.2400,3.9239,0.2475,0.0180,0.018
80.381,78.112,0.995,DESCEND,obstacle1,5.9861,0.0859,-0.0326,0.121078,0.054278,0.062124,0.180,30,-0.0185,-0.1229,0.0109,-0.420,0.00000,6.0371,0.1418,-0.0473,0.1853,-0.0217,0.010,0.0298,0.0950,1.0000,52,0.080,0.00,0.00,0.00,19.61,0.1800,-0.0194,9.93,1.00,50.00,DO_NOTHING,--,0.00,SUCCEEDED,2,0.050,2.4810,0.2400,3.9419,0.2476,0.0157,0.020
80.480,78.208,0.992,DESCEND,obstacle1,5.9861,0.0859,-0.0326,0.121078,0.054278,0.062124,0.276,30,-0.0185,-0.1229,0.0109,-0.424,0.00000,6.0551,0.1410,-0.0491,0.1830,-0.0187,0.006,0.0308,0.1000,1.0000,52,0.076,0.00,0.00,0.00,19.70,0.1800,-0.0170,10.02,1.00,50.00,DO_NOTHING,--,0.00,SUCCEEDED,2,0.050,2.4810,0.2400,3.9599,0.2477,0.0138,0.016
80.581,78.306,0.994,DESCEND,obstacle1,5.9861,0.0859,-0.0326,0.121078,0.054278,0.062124,0.374,30,-0.0185,-0.1229,0.0109,-0.426,0.00000,6.0730,0.1401,-0.0507,0.1800,-0.0160,0.004,0.0306,0.0971,1.0000,52,0.074,0.00,0.00,0.00,19.76,0.1800,-0.0148,10.04,1.00,50.00,DO_NOTHING,--,0.00,SUCCEEDED,2,0.050,2.4810,0.2400,3.9778,0.2478,0.0120,0.014
80.680,78.402,0.991,DESCEND,obstacle1,5.9861,0.0859,-0.0326,0.121078,0.054278,0.062124,0.470,30,-0.0185,-0.1229,0.0109,-0.430,0.00000,6.0874,0.1393,-0.0518,0.2017,-0.0161,0.020,0.0310,0.1000,1.0000,53,0.070,0.00,0.00,0.00,19.87,0.1800,-0.0130,10.09,1.00,50.00,DO_NOTHING,--,0.00,SUCCEEDED,2,0.050,2.4810,0.2400,3.9958,0.2479,0.0105,0.010
80.781,78.502,0.988,DESCEND,obstacle1,5.9861,0.0859,-0.0326,0.121078,0.054278,0.062124,0.570,30,-0.0185,-0.1229,0.0109,-0.430,0.00000,6.1054,0.1384,-0.0531,0.1950,-0.0136,0.024,0.0333,0.1000,1.0000,54,0.070,0.00,0.00,0.00,19.77,0.1800,-0.0114,10.00,1.00,50.31,DO_NOTHING,--,0.00,SUCCEEDED,2,0.050,2.4810,0.2400,4.0138,0.2479,0.0092,0.010
80.881,78.600,0.987,DESCEND,obstacle1,5.9861,0.0859,-0.0326,0.121078,0.054278,0.062124,0.668,30,-0.0185,-0.1229,0.0109,-0.432,0.00000,6.1234,0.1374,-0.0542,0.1996,-0.0124,0.020,0.0352,0.1000,1.0000,54,0.068,0.00,0.00,0.00,20.94,0.1800,-0.0097,9.85,1.00,50.00,DO_NOTHING,--,0.00,SUCCEEDED,2,0.050,2.4810,0.2400,4.0318,0.2480,0.0080,0.008
80.981,78.702,0.988,DESCEND,obstacle1,5.9861,0.0859,-0.0326,0.121078,0.054278,0.062124,0.770,30,-0.0185,-0.1229,0.0109,-0.430,0.00000,6.1413,0.1364,-0.0552,0.1785,-0.0096,0.020,0.0343,0.1000,1.0000,54,0.070,0.00,0.00,0.00,20.83,0.1800,-0.0084,9.98,1.00,50.00,DO_NOTHING,--,0.00,SUCCEEDED,2,0.050,2.4810,0.2400,4.0498,0.2480,0.0070,0.010
81.081,78.800,0.988,DESCEND,obstacle1,5.9861,0.0859,-0.0326,0.121078,0.054278,0.062124,0.868,30,-0.0185,-0.1229,0.0109,-0.432,0.00000,6.1593,0.1354,-0.0560,0.1815,-0.0085,0.018,0.0345,0.1000,0.9815,54,0.068,0.00,0.00,0.00,20.79,0.1800,-0.0074,9.83,1.00,50.00,DO_NOTHING,--,0.00,SUCCEEDED,2,0.050,2.4810,0.2400,4.0678,0.2481,0.0062,0.008
81.180,78.900,0.988,DESCEND,obstacle1,5.9861,0.0859,-0.0326,0.121078,0.054278,0.062124,0.968,30,-0.0185,-0.1229,0.0109,-0.432,0.00000,6.1773,0.1344,-0.0567,0.2085,-0.0085,0.024,0.0345,0.1000,0.9815,54,0.068,0.00,0.00,0.00,20.88,0.1800,-0.0070,9.96,1.00,50.00,DO_NOTHING,--,0.00,SUCCEEDED,2,0.050,2.4810,0.2400,4.0858,0.2481,0.0054,0.008
81.280,78.990,0.976,DESCEND,obstacle1,5.9861,0.0859,-0.0326,0.121078,0.054278,0.062124,1.058,30,-0.0185,-0.1229,0.0109,-0.442,0.00000,6.1952,0.1334,-0.0574,0.1747,-0.0063,0.008,0.0358,0.1000,0.9815,54,0.058,0.00,0.00,0.00,20.97,0.1800,-0.0061,10.07,0.00,50.00,DO_NOTHING,--,0.00,SUCCEEDED,2,0.050,2.4810,0.2400,4.1002,0.2481,0.0048,0.018
81.381,79.092,0.980,DESCEND,obstacle1,5.9861,0.0859,-0.0326,0.121078,0.054278,0.062124,1.160,30,-0.0185,-0.1229,0.0109,-0.440,0.00000,6.2132,0.1323,-0.0580,0.1869,-0.0059,0.010,0.0356,0.1000,1.0000,54,0.060,0.00,0.00,0.00,20.93,0.1800,-0.0053,9.96,0.00,49.90,DO_NOTHING,--,0.00,SUCCEEDED,2,0.050,2.4810,0.2400,4.1182,0.2482,0.0042,0.020
81.481,79.186,0.978,DESCEND,obstacle1,5.9861,0.0859,-0.0326,0.121078,0.054278,0.062124,1.254,30,-0.0185,-0.1229,0.0109,-0.446,0.00000,6.2312,0.1313,-0.0585,0.1800,-0.0049,0.004,0.0383,0.1000,1.0000,54,0.054,0.00,0.00,0.00,21.05,0.1800,-0.0047,10.00,0.00,50.00,DO_NOTHING,--,0.00,SUCCEEDED,2,0.050,2.4810,0.2400,4.1362,0.2482,0.0037,0.014
81.581,79.280,0.975,DESCEND,obstacle1,5.9861,0.0859,-0.0326,0.121078,0.054278,0.062124,1.348,30,-0.0185,-0.1229,0.0109,-0.452,0.00000,6.2456,0.1305,-0.0588,0.1800,-0.0044,0.018,0.0367,0.1000,0.9815,54,0.048,0.00,0.00,0.00,21.05,0.1800,-0.0041,9.96,0.00,50.00,DO_NOTHING,--,0.00,SUCCEEDED,2,0.050,2.4810,0.2400,4.1542,0.2482,0.0032,0.008
81.680,79.376,0.971,DESCEND,obstacle1,6.2139,0.0831,-0.0424,0.116745,0.048173,0.066021,0.044,31,-0.0412,-0.1509,0.0167,-0.456,0.03608,6.2635,0.1294,-0.0592,0.1815,-0.0039,0.014,0.0358,0.1000,0.9815,54,0.044,0.00,0.00,0.00,21.05,0.1800,-0.0036,10.02,1.00,50.00,DO_NOTHING,--,0.00,SUCCEEDED,2,0.050,2.4810,0.2400,4.1722,0.2482,0.0028,0.004
81.780,79.474,0.972,DESCEND,obstacle1,6.2139,0.0831,-0.0424,0.116745,0.048173,0.066021,0.142,31,-0.0412,-0.1509,0.0167,-0.458,0.00000,6.2815,0.1283,-0.0595,0.1815,-0.0034,0.012,0.0362,0.1000,0.9815,54,0.042,0.00,0.00,0.00,21.10,0.1800,-0.0031,10.14,1.00,49.80,DO_NOTHING,--,0.00,SUCCEEDED,2,0.050,2.4810,0.2400,4.1902,0.2482,0.0025,0.002
81.881,79.572,0.967,DESCEND,obstacle1,6.2139,0.0831,-0.0424,0.116745,0.048173,0.066021,0.240,31,-0.0412,-0.1509,0.0167,-0.460,0.00000,6.2995,0.1273,-0.0598,0.1800,-0.0030,0.010,0.0337,0.1000,1.0000,54,0.040,0.00,0.00,0.00,21.19,0.1800,-0.0027,10.04,1.00,50.00,DO_NOTHING,--,0.00,SUCCEEDED,2,0.050,2.4810,0.2400,4.2046,0.2482,0.0022,0.020
81.980,79.666,0.965,DESCEND,obstacle1,6.2139,0.0831,-0.0424,0.116745,0.048173,0.066021,0.334,31,-0.0412,-0.1509,0.0167,-0.466,0.00000,6.3174,0.1262,-0.0601,0.1815,-0.0026,0.004,0.0328,0.1000,1.0000,54,0.034,0.00,0.00,0.00,20.13,0.1800,-0.0024,10.23,1.00,50.00,DO_NOTHING,--,0.00,SUCCEEDED,2,0.050,2.4810,0.2400,4.2226,0.2483,0.0019,0.014
82.080,79.766,0.966,DESCEND,obstacle1,6.2139,0.0831,-0.0424,0.116745,0.048173,0.066021,0.434,31,-0.0412,-0.1509,0.0167,-0.466,0.00000,6.3354,0.1251,-0.0603,0.2002,-0.0025,0.004,0.0322,0.1000,1.0000,55,0.034,0.00,0.00,0.00,20.17,0.1800,-0.0021,10.02,1.00,50.00,DO_NOTHING,--,0.00,SUCCEEDED,2,0.050,2.4810,0.2400,4.2406,0.2483,0.0017,0.014
82.181,79.862,0.968,DESCEND,obstacle1,6.2139,0.0831,-0.0424,0.116745,0.048173,0.066021,0.530,31,-0.0412,-0.1509,0.0167,-0.470,0.00000,6.3534,0.1240,-0.0605,0.1815,-0.0020,0.000,0.0262,0.0824,1.0000,57,0.030,0.00,0.00,0.00,20.30,0.1800,-0.0018,10.00,1.00,50.10,DO_NOTHING,--,0.00,SUCCEEDED,2,0.050,2.4810,0.2400,4.2586,0.2483,0.0015,0.010
82.281,79.962,0.966,DESCEND,obstacle1,6.2139,0.0831,-0.0424,0.116745,0.048173,0.066021,0.630,31,-0.0412,-0.1509,0.0167,-0.470,0.00000,6.3713,0.1229,-0.0607,0.1884,-0.0018,0.000,0.0258,0.0824,1.0000,57,0.030,0.00,0.00,0.00,20.08,0.1800,-0.0016,9.98,1.00,50.00,DO_NOTHING,--,0.00,SUCCEEDED,2,0.050,2.4810,0.2400,4.2766,0.2483,0.0013,0.010
82.382,80.062,0.972,DESCEND,obstacle1,6.2139,0.0831,-0.0424,0.116745,0.048173,0.066021,0.730,31,-0.0412,-0.1509,0.0167,-0.470,0.00000,6.3893,0.1218,-0.0608,0.1815,-0.0015,0.000,0.0254,0.0700,1.0000,57,0.030,0.00,0.00,0.00,20.04,0.1800,-0.0014,9.91,1.00,50.00,DO_NOTHING,--,0.00,SUCCEEDED,2,0.050,2.4810,0.2400,4.2946,0.2483,0.0011,0.010
82.480,80.160,0.974,DESCEND,obstacle1,6.2139,0.0831,-0.0424,0.116745,0.048173,0.066021,0.828,31,-0.0412,-0.1509,0.0167,-0.472,0.00000,6.4037,0.1209,-0.0609,0.1815,-0.0014,0.018,0.0272,0.0700,1.0000,57,0.028,0.00,0.00,0.00,19.92,0.1800,-0.0012,9.98,1.00,50.00,DO_NOTHING,--,0.00,SUCCEEDED,2,0.050,2.4810,0.2400,4.3126,0.2483,0.0010,0.008
82.581,80.258,0.979,DESCEND,obstacle1,6.2139,0.0831,-0.0424,0.116745,0.048173,0.066021,0.926,31,-0.0412,-0.1509,0.0167,-0.474,0.00000,6.4216,0.1198,-0.0611,0.1839,-0.0012,0.016,0.0272,0.0700,1.0000,57,0.026,0.00,0.00,0.00,19.87,0.1800,-0.0011,9.96,1.00,50.00,DO_NOTHING,--,0.00,SUCCEEDED,2,0.050,2.4810,0.2400,4.3306,0.2483,0.0009,0.006
82.680,80.358,0.982,DESCEND,obstacle1,6.2139,0.0831,-0.0424,0.116745,0.048173,0.066021,1.026,31,-0.0412,-0.1509,0.0167,-0.474,0.00000,6.4396,0.1187,-0.0612,0.1845,-0.0011,0.016,0.0277,0.1000,1.0000,56,0.026,0.00,0.00,0.00,19.87,0.1800,-0.0009,10.00,0.00,50.00,DO_NOTHING,--,0.00,SUCCEEDED,2,0.050,2.4810,0.2400,4.3486,0.2483,0.0007,0.006
82.781,80.458,0.984,DESCEND,obstacle1,6.2139,0.0831,-0.0424,0.116745,0.048173,0.066021,1.126,31,-0.0412,-0.1509,0.0167,-0.474,0.00000,6.4576,0.1176,-0.0612,0.1830,-0.0009,0.016,0.0259,0.1000,1.0000,56,0.026,0.00,0.00,0.00,20.88,0.1800,-0.0008,9.96,0.00,50.00,DO_NOTHING,--,0.00,SUCCEEDED,2,0.050,2.4810,0.2400,4.3666,0.2483,0.0007,0.006
82.880,80.558,0.986,DESCEND,obstacle1,6.2139,0.0831,-0.0424,0.116745,0.048173,0.066021,1.226,31,-0.0412,-0.1509,0.0167,-0.474,0.00000,6.4755,0.1165,-0.0613,0.1884,-0.0008,0.016,0.0254,0.0854,1.0000,56,0.026,0.00,0.00,0.00,20.79,0.1800,-0.0007,10.00,0.00,50.00,DO_NOTHING,--,0.00,SUCCEEDED,2,0.050,2.4810,0.2400,4.3846,0.2483,0.0006,0.006
82.981,80.654,0.986,DESCEND,obstacle1,6.2139,0.0831,-0.0424,0.116745,0.048173,0.066021,1.322,31,-0.0412,-0.1509,0.0167,-0.478,0.00000,6.4935,0.1154,-0.0614,0.1800,-0.0007,0.012,0.0266,0.0854,1.0000,56,0.022,0.00,0.00,0.00,20.79,0.1800,-0.0006,10.00,0.00,50.00,DO_NOTHING,--,0.00,SUCCEEDED,2,0.050,2.4810,0.2400,4.4026,0.2483,0.0005,0.002
83.081,80.752,0.989,DESCEND,obstacle1,6.4288,0.0723,-0.0424,0.127814,0.060221,0.074711,0.020,32,-0.0777,-0.1666,0.0191,-0.480,0.03969,6.5115,0.1143,-0.0615,0.1830,-0.0009,0.010,0.0270,0.0854,1.0000,56,0.020,0.00,0.00,0.00,20.79,0.1800,-0.0006,9.98,1.00,50.00,DO_NOTHING,--,0.00,SUCCEEDED,2,0.050,2.4810,0.2400,4.4206,0.2483,0.0005,0.000
83.180,80.852,0.990,DESCEND,obstacle1,6.4288,0.0723,-0.0424,0.127814,0.060221,0.074711,0.120,32,-0.0777,-0.1666,0.0191,-0.480,0.00000,6.5296,0.1132,-0.0626,0.1830,-0.0115,0.010,0.0302,0.1000,0.9825,57,0.020,0.00,0.00,0.00,20.83,0.1800,-0.0006,10.00,1.00,50.00,DO_NOTHING,--,0.00,SUCCEEDED,2,0.050,2.4810,0.2400,4.4349,0.2483,0.0005,0.020
83.280,80.950,0.989,DESCEND,obstacle1,6.4288,0.0723,-0.0424,0.127814,0.060221,0.074711,0.218,32,-0.0777,-0.1666,0.0191,-0.482,0.00000,6.5477,0.1121,-0.0638,0.3108,-0.0197,0.008,0.0311,0.1000,1.0000,56,0.018,0.00,0.00,0.00,20.83,0.1800,-0.0006,10.02,1.00,50.00,DO_NOTHING,--,0.00,SUCCEEDED,2,0.050,2.4810,0.2400,4.4528,0.2483,0.0005,0.018
83.380,81.050,0.989,DESCEND,obstacle1,6.4288,0.0723,-0.0424,0.127814,0.060221,0.074711,0.318,32,-0.0777,-0.1666,0.0191,-0.482,0.00000,6.5658,0.1109,-0.0645,0.1880,-0.0079,0.008,0.0346,0.1000,1.0000,53,0.018,0.00,0.00,0.00,20.88,0.1800,-0.0006,10.00,1.00,50.00,DO_NOTHING,--,0.00,SUCCEEDED,2,0.050,2.4810,0.2400,4.4705,0.2483,0.0005,0.018
83.480,81.150,0.990,DESCEND,obstacle1,6.4288,0.0723,-0.0424,0.127814,0.060221,0.074711,0.418,32,-0.0777,-0.1666,0.0191,-0.482,0.00000,6.5838,0.1097,-0.0649,0.1805,-0.0038,0.008,0.0355,0.1000,1.0000,51,0.018,0.00,0.00,0.00,20.74,0.1800,-0.0006,10.02,1.00,50.00,DO_NOTHING,--,0.00,SUCCEEDED,2,0.050,2.4810,0.2400,4.4881,0.2484,0.0005,0.018
83.580,81.250,0.993,DESCEND,obstacle1,6.4288,0.0723,-0.0424,0.127814,0.060221,0.074711,0.518,32,-0.0777,-0.1666,0.0191,-0.482,0.00000,6.6017,0.1086,-0.0650,0.1812,-0.0008,0.008,0.0361,0.1000,1.0000,50,0.018,0.00,0.00,0.00,20.70,0.1800,-0.0005,10.02,1.00,49.90,DO_NOTHING,--,0.00,SUCCEEDED,2,0.050,2.4810,0.2400,4.5055,0.2484,0.0005,0.018
83.680,81.350,0.992,DESCEND,obstacle1,6.4288,0.0723,-0.0424,0.127814,0.060221,0.074711,0.618,32,-0.0777,-0.1666,0.0191,-0.482,0.00000,6.6197,0.1074,-0.0647,0.1820,0.0029,0.008,0.0346,0.1000,1.0000,48,0.018,0.00,0.00,0.00,20.65,0.1800,-0.0004,10.02,1.00,50.00,DO_NOTHING,--,0.00,SUCCEEDED,2,0.050,2.4810,0.2400,4.5231,0.2483,0.0003,0.018
83.780,81.450,0.992,DESCEND,obstacle1,6.4288,0.0723,-0.0424,0.127814,0.060221,0.074711,0.718,32,-0.0777,-0.1666,0.0191,-0.482,0.00000,6.6378,0.1062,-0.0640,0.1811,0.0070,0.008,0.0339,0.1000,1.0000,47,0.018,0.00,0.00,0.00,19.55,0.1800,-0.0002,10.02,1.00,49.80,DO_NOTHING,--,0.00,SUCCEEDED,2,0.050,2.4810,0.2400,4.5409,0.2483,0.0002,0.018
83.882,81.548,0.992,DESCEND,obstacle1,6.4288,0.0723,-0.0424,0.127814,0.060221,0.074711,0.816,32,-0.0777,-0.1666,0.0191,-0.484,0.00000,6.6559,0.1051,-0.0635,0.1877,0.0053,0.006,0.1482,0.3531,0.6400,50,0.016,0.00,0.00,0.00,19.67,0.1800,-0.0001,10.00,1.00,50.00,DO_NOTHING,--,0.00,SUCCEEDED,2,0.050,2.4810,0.2400,4.5588,0.2483,0.0001,0.016
83.980,81.644,0.990,DESCEND,obstacle1,6.4288,0.0723,-0.0424,0.127814,0.060221,0.074711,0.912,32,-0.0777,-0.1666,0.0191,-0.388,0.00000,6.6738,0.1039,-0.0634,0.1802,0.0005,0.002,0.2791,0.6500,0.4898,49,0.012,0.00,0.00,0.00,19.55,0.1800,-0.0001,10.09,1.00,50.10,DO_NOTHING,--,0.00,SUCCEEDED,2,0.050,2.4810,0.2400,4.5767,0.2483,0.0001,0.012
84.081,81.738,0.986,DESCEND,obstacle1,6.4288,0.0723,-0.0424,0.127814,0.060221,0.074711,1.006,32,-0.0777,-0.1666,0.0191,-0.394,0.00000,6.6882,0.1030,-0.0635,0.2273,-0.0003,0.022,0.3004,0.7000,0.4898,49,0.006,0.00,0.00,0.00,19.55,0.1800,-0.0001,10.04,1.00,50.20,DO_NOTHING,--,0.00,SUCCEEDED,2,0.050,2.4810,0.2400,4.5939,0.2483,0.0001,0.006
84.181,81.840,0.988,DESCEND,obstacle1,6.4288,0.0723,-0.0424,0.127814,0.060221,0.074711,1.108,32,-0.0777,-0.1666,0.0191,-0.392,0.00000,6.7062,0.1019,-0.0635,0.1787,-0.0001,0.018,0.2922,0.7000,0.4898,49,0.108,0.00,0.00,0.00,19.59,0.1800,-0.0001,10.04,0.00,50.00,DO_NOTHING,--,0.00,SUCCEEDED,2,0.050,2.4810,0.2400,4.6111,0.2483,0.0001,0.008
84.280,81.940,0.990,DESCEND,obstacle1,6.4288,0.0723,-0.0424,0.127814,0.060221,0.074711,1.208,32,-0.0777,-0.1666,0.0191,-0.392,0.00000,6.7241,0.1007,-0.0635,0.1845,-0.0001,0.018,0.2923,0.7000,0.4898,49,0.108,0.00,0.00,0.00,19.59,0.1800,-0.0001,9.93,0.00,50.00,DO_NOTHING,--,0.00,SUCCEEDED,2,0.050,2.4810,0.2400,4.6282,0.2483,0.0001,0.008
84.381,82.040,0.989,DESCEND,obstacle1,6.4288,0.0723,-0.0424,0.127814,0.060221,0.074711,1.308,32,-0.0777,-0.1666,0.0191,-0.392,0.00000,6.7421,0.0996,-0.0635,0.1854,-0.0001,0.018,0.2926,0.7000,0.4898,49,0.108,0.00,0.00,0.00,19.67,0.1800,-0.0001,9.98,0.00,50.00,DO_NOTHING,--,0.00,SUCCEEDED,2,0.050,2.4810,0.2400,4.6453,0.2483,0.0001,0.008
84.480,82.140,0.989,DESCEND,obstacle1,6.4288,0.0723,-0.0424,0.127814,0.060221,0.074711,1.408,32,-0.0777,-0.1666,0.0191,-0.392,0.00000,6.7601,0.0985,-0.0635,0.2018,-0.0001,0.018,0.2882,0.7000,0.5000,50,0.108,0.00,0.00,0.00,19.63,0.1800,-0.0001,9.87,0.00,49.90,DO_NOTHING,--,0.00,SUCCEEDED,2,0.050,2.4810,0.2400,4.6624,0.2483,0.0001,0.008
84.580,82.232,0.982,DESCEND,obstacle1,6.7333,0.0760,-0.0346,0.149879,0.073048,0.087158,0.100,33,-0.0229,-0.2177,0.0289,-0.400,0.07491,6.7780,0.0973,-0.0635,0.2440,-0.0001,0.010,0.2924,0.7000,0.4800,50,0.100,0.00,0.00,0.00,20.75,0.1800,-0.0001,9.91,1.00,50.00,DO_NOTHING,--,0.00,SUCCEEDED,2,0.050,2.4810,0.2400,4.6795,0.2483,0.0001,0.000
84.681,82.330,0.977,DESCEND,obstacle1,6.7333,0.0760,-0.0346,0.149879,0.073048,0.087158,0.198,33,-0.0229,-0.2177,0.0289,-0.402,0.00000,6.7960,0.0962,-0.0635,0.1869,-0.0001,0.008,0.2930,0.7000,0.4800,50,0.098,0.00,0.00,0.00,20.92,0.1800,-0.0001,10.02,1.00,50.00,DO_NOTHING,--,0.00,SUCCEEDED,2,0.050,2.4810,0.2400,4.6932,0.2483,0.0001,0.018
84.781,82.432,0.983,DESCEND,obstacle1,6.7333,0.0760,-0.0346,0.149879,0.073048,0.087158,0.300,33,-0.0229,-0.2177,0.0289,-0.400,0.00000,6.8140,0.0950,-0.0635,0.2018,-0.0001,0.010,0.2960,0.6754,0.4800,50,0.100,0.00,0.00,0.00,20.83,0.1800,-0.0001,9.93,1.00,50.00,DO_NOTHING,--,0.00,SUCCEEDED,2,0.050,2.4810,0.2400,4.7104,0.2483,0.0001,0.020
84.881,82.522,0.975,DESCEND,obstacle1,6.7333,0.0760,-0.0346,0.149879,0.073048,0.087158,0.390,33,-0.0229,-0.2177,0.0289,-0.410,0.00000,6.8283,0.0941,-0.0635,0.1815,-0.0001,0.020,0.3000,0.7000,0.4800,50,0.090,0.00,0.00,0.00,21.02,0.1800,-0.0001,10.00,1.00,49.90,DO_NOTHING,--,0.00,SUCCEEDED,2,0.050,2.4810,0.2400,4.7275,0.2483,0.0001,0.010
84.981,82.622,0.982,DESCEND,obstacle1,6.7333,0.0760,-0.0346,0.149879,0.073048,0.087158,0.490,33,-0.0229,-0.2177,0.0289,-0.410,0.00000,6.8463,0.0930,-0.0635,0.1845,-0.0001,0.020,0.2694,0.6500,0.4902,51,0.090,0.00,0.00,0.00,20.96,0.1800,-0.0001,9.93,1.00,50.00,DO_NOTHING,--,0.00,SUCCEEDED,2,0.050,2.4810,0.2400,4.7446,0.2483,0.0001,0.010
85.080,82.716,0.978,DESCEND,obstacle1,6.7333,0.0760,-0.0346,0.149879,0.073048,0.087158,0.584,33,-0.0229,-0.2177,0.0289,-0.416,0.00000,6.8643,0.0918,-0.0635,0.1800,-0.0001,0.014,0.2632,0.6265,0.4902,51,0.084,0.00,0.00,0.00,21.05,0.1800,-0.0001,10.00,1.00,49.80,DO_NOTHING,--,0.00,SUCCEEDED,2,0.050,2.4810,0.2400,4.7617,0.2483,0.0001,0.004
85.181,82.816,0.976,DESCEND,obstacle1,6.7333,0.0760,-0.0346,0.149879,0.073048,0.087158,0.684,33,-0.0229,-0.2177,0.0289,-0.416,0.00000,6.8822,0.0907,-0.0635,0.1914,-0.0001,0.016,0.2625,0.6265,0.4902,51,0.084,0.00,0.00,0.00,21.01,0.1800,-0.0001,10.11,1.00,50.00,DO_NOTHING,--,0.00,SUCCEEDED,2,0.050,2.4810,0.2400,4.7788,0.2484,0.0001,0.004
85.280,82.908,0.964,DESCEND,obstacle1,6.7333,0.0760,-0.0346,0.149879,0.073048,0.087158,0.776,33,-0.0229,-0.2177,0.0289,-0.424,0.00000,6.9002,0.0895,-0.0635,0.1890,-0.0001,0.010,0.2640,0.6265,0.4902,51,0.076,0.00,0.00,0.00,21.14,0.1800,-0.0001,10.02,1.00,50.20,DO_NOTHING,--,0.00,SUCCEEDED,2,0.050,2.4810,0.2400,4.7925,0.2484,0.0001,0.016
85.380,83.008,0.968,DESCEND,obstacle1,6.7333,0.0760,-0.0346,0.149879,0.073048,0.087158,0.876,33,-0.0229,-0.2177,0.0289,-0.424,0.00000,6.9181,0.0884,-0.0635,0.1764,-0.0001,0.006,0.2643,0.6265,0.4902,51,0.076,0.00,0.00,0.00,21.19,0.1800,-0.0001,10.11,1.00,50.00,DO_NOTHING,--,0.00,SUCCEEDED,2,0.050,2.4810,0.2400,4.8097,0.2484,0.0001,0.016
85.480,83.100,0.960,DESCEND,obstacle1,6.7333,0.0760,-0.0346,0.149879,0.073048,0.087158,0.968,33,-0.0229,-0.2177,0.0289,-0.432,0.00000,6.9361,0.0873,-0.0635,0.1860,-0.0001,0.000,0.2653,0.6325,0.4902,51,0.068,0.00,0.00,0.00,21.32,0.1800,-0.0001,10.09,1.00,50.20,DO_NOTHING,--,0.00,SUCCEEDED,2,0.050,2.4810,0.2400,4.8268,0.2484,0.0001,0.008
85.581,83.204,0.971,DESCEND,obstacle1,6.7333,0.0760,-0.0346,0.149879,0.073048,0.087158,1.072,33,-0.0229,-0.2177,0.0289,-0.428,0.00000,6.9541,0.0861,-0.0636,0.1830,-0.0001,0.002,0.2668,0.6325,0.4902,51,0.072,0.00,0.00,0.00,20.08,0.1800,-0.0001,9.98,0.00,49.90,DO_NOTHING,--,0.00,SUCCEEDED,2,0.050,2.4810,0.2400,4.8439,0.2484,0.0001,0.012
85.680,83.300,0.970,DESCEND,obstacle1,6.7333,0.0760,-0.0346,0.149879,0.073048,0.087158,1.168,33,-0.0229,-0.2177,0.0289,-0.432,0.00000,6.9720,0.0850,-0.0636,0.1845,-0.0001,0.000,0.2671,0.6325,0.4902,51,0.068,0.00,0.00,0.00,19.92,0.1800,-0.0001,10.00,0.00,50.10,DO_NOTHING,--,0.00,SUCCEEDED,2,0.050,2.4810,0.2400,4.8610,0.2484,0.0001,0.008
85.780,83.404,0.973,DESCEND,obstacle1,6.7333,0.0760,-0.0346,0.149879,0.073048,0.087158,1.272,33,-0.0229,-0.2177,0.0289,-0.428,0.00000,6.9900,0.0838,-0.0636,0.2410,-0.0001,0.002,0.2667,0.6482,0.4808,52,0.072,0.00,0.00,0.00,20.00,0.1800,-0.0001,10.00,0.00,50.00,DO_NOTHING,--,0.00,SUCCEEDED,2,0.050,2.4810,0.2400,4.8781,0.2484,0.0001,0.012
85.881,83.502,0.978,DESCEND,obstacle1,6.7333,0.0760,-0.0346,0.149879,0.073048,0.087158,1.370,33,-0.0229,-0.2177,0.0289,-0.430,0.00000,7.0080,0.0827,-0.0636,0.1914,-0.0001,0.002,0.2658,0.6482,0.4808,52,0.070,0.00,0.00,0.00,19.79,0.1800,-0.0001,10.00,0.00,50.10,DO_NOTHING,--,0.00,SUCCEEDED,2,0.050,2.4810,0.2400,4.8953,0.2484,0.0001,0.010
85.980,83.602,0.980,DESCEND,obstacle1,7.0245,0.0651,-0.0359,0.172942,0.085247,0.089951,0.070,34,0.0161,-0.2113,0.0277,-0.430,0.03948,7.0223,0.0818,-0.0636,0.1815,-0.0001,0.020,0.2669,0.6500,0.4808,52,0.070,0.00,0.00,0.00,19.83,0.1800,-0.0001,9.98,1.00,50.00,DO_NOTHING,--,0.00,SUCCEEDED,2,0.050,2.4810,0.2400,4.9124,0.2484,0.0001,0.010
86.081,83.702,0.984,DESCEND,obstacle1,7.0245,0.0651,-0.0359,0.172942,0.085247,0.089951,0.170,34,0.0161,-0.2113,0.0277,-0.430,0.00000,7.0403,0.0806,-0.0636,0.1815,-0.0001,0.020,0.2671,0.6500,0.4808,52,0.070,0.00,0.00,0.00,19.67,0.1800,-0.0001,9.98,1.00,50.00,DO_NOTHING,--,0.00,SUCCEEDED,2,0.050,2.4810,0.2400,4.9295,0.2484,0.0001,0.010
86.180,83.802,0.986,DESCEND,obstacle1,7.0245,0.0651,-0.0359,0.172942,0.085247,0.089951,0.270,34,0.0161,-0.2113,0.0277,-0.430,0.00000,7.0583,0.0795,-0.0636,0.1869,-0.0001,0.020,0.2704,0.6500,0.4808,52,0.070,0.00,0.00,0.00,19.67,0.1800,-0.0001,9.96,1.00,50.00,DO_NOTHING,--,0.00,SUCCEEDED,2,0.050,2.4810,0.2400,4.9466,0.2484,0.0001,0.010
86.280,83.892,0.984,DESCEND,obstacle1,7.0245,0.0651,-0.0359,0.172942,0.085247,0.089951,0.360,34,0.0161,-0.2113,0.0277,-0.440,0.00000,7.0762,0.0783,-0.0636,0.1800,-0.0001,0.010,0.2717,0.6500,0.4808,52,0.060,0.00,0.00,0.00,20.58,0.1800,-0.0001,10.02,1.00,49.80,DO_NOTHING,--,0.00,SUCCEEDED,2,0.050,2.4810,0.2400,4.9603,0.2484,0.0001,0.020
86.380,83.998,0.998,DESCEND,obstacle1,7.0245,0.0651,-0.0359,0.172942,0.085247,0.089951,0.466,34,0.0161,-0.2113,0.0277,-0.434,0.00000,7.0942,0.0772,-0.0636,0.1800,-0.0001,0.016,0.2574,0.6000,0.4906,53,0.066,0.00,0.00,0.00,20.53,0.1800,-0.0001,9.98,1.00,50.00,DO_NOTHING,--,0.00,SUCCEEDED,2,0.050,2.4810,0.2400,4.9809,0.2484,0.0001,0.006
86.480,84.092,0.987,DESCEND,obstacle1,7.0245,0.0651,-0.0359,0.172942,0.085247,0.089951,0.560,34,0.0161,-0.2113,0.0277,-0.440,0.00000,7.1122,0.0761,-0.0636,0.1875,-0.0001,0.012,0.2514,0.6000,0.4906,53,0.060,0.00,0.00,0.00,20.52,0.1800,-0.0001,10.02,1.00,49.80,DO_NOTHING,--,0.00,SUCCEEDED,2,0.050,2.4810,0.2400,4.9946,0.2484,0.0001,0.020
86.580,84.196,0.992,DESCEND,obstacle1,7.0245,0.0651,-0.0359,0.172942,0.085247,0.089951,0.664,34,0.0161,-0.2113,0.0277,-0.436,0.00000,7.1301,0.0749,-0.0636,0.1785,-0.0001,0.014,0.2506,0.6000,0.4906,53,0.064,0.00,0.00,0.00,20.61,0.1800,-0.0001,10.02,1.00,50.10,DO_NOTHING,--,0.00,SUCCEEDED,2,0.050,2.4810,0.2400,5.0151,0.2484,0.0001,0.004
86.681,84.290,0.984,DESCEND,obstacle1,7.0245,0.0651,-0.0359,0.172942,0.085247,0.089951,0.758,34,0.0161,-0.2113,0.0277,-0.442,0.00000,7.1481,0.0738,-0.0636,0.1815,-0.0001,0.008,0.2528,0.6000,0.4717,53,0.058,0.00,0.00,0.00,20.79,0.1800,-0.0001,9.98,1.00,49.70,DO_NOTHING,--,0.00,SUCCEEDED,2,0.050,2.4810,0.2400,5.0288,0.2484,0.0001,0.018
86.780,84.388,0.984,DESCEND,obstacle1,7.0245,0.0651,-0.0359,0.172942,0.085247,0.089951,0.856,34,0.0161,-0.2113,0.0277,-0.444,0.00000,7.1660,0.0726,-0.0636,0.1830,-0.0001,0.006,0.2515,0.6000,0.4717,53,0.056,0.00,0.00,0.00,20.79,0.1800,-0.0001,10.00,1.00,50.00,DO_NOTHING,--,0.00,SUCCEEDED,2,0.050,2.4810,0.2400,5.0459,0.2484,0.0001,0.016
86.880,84.484,0.982,DESCEND,obstacle1,7.0245,0.0651,-0.0359,0.172942,0.085247,0.089951,0.952,34,0.0161,-0.2113,0.0277,-0.448,0.00000,7.1840,0.0715,-0.0636,0.1800,-0.0001,0.002,0.2536,0.6000,0.4717,53,0.052,0.00,0.00,0.00,20.70,0.1800,-0.0001,10.00,1.00,50.00,DO_NOTHING,--,0.00,SUCCEEDED,2,0.050,2.4810,0.2400,5.0630,0.2484,0.0001,0.012
86.980,84.586,0.983,DESCEND,obstacle1,7.0245,0.0651,-0.0359,0.172942,0.085247,0.089951,1.054,34,0.0161,-0.2113,0.0277,-0.446,0.00000,7.2020,0.0703,-0.0636,0.1830,-0.0001,0.004,0.2500,0.6000,0.4815,54,0.054,0.00,0.00,0.00,20.70,0.1800,-0.0001,10.04,0.00,50.10,DO_NOTHING,--,0.00,SUCCEEDED,2,0.050,2.4810,0.2400,5.0802,0.2484,0.0001,0.014
87.080,84.686,0.985,DESCEND,obstacle1,7.0245,0.0651,-0.0359,0.172942,0.085247,0.089951,1.154,34,0.0161,-0.2113,0.0277,-0.446,0.00000,7.2199,0.0692,-0.0637,0.1875,-0.0001,0.006,0.2524,0.6000,0.4815,54,0.054,0.00,0.00,0.00,20.70,0.1800,-0.0001,10.00,0.00,50.10,DO_NOTHING,--,0.00,SUCCEEDED,2,0.050,2.4810,0.2400,5.0973,0.2484,0.0001,0.014
87.181,84.782,0.989,DESCEND,obstacle1,7.0245,0.0651,-0.0359,0.172942,0.085247,0.089951,1.250,34,0.0161,-0.2113,0.0277,-0.450,0.00000,7.2343,0.0683,-0.0637,0.1815,-0.0001,0.020,0.2521,0.6000,0.4815,54,0.050,0.00,0.00,0.00,20.83,0.1800,-0.0001,10.02,0.00,49.90,DO_NOTHING,--,0.00,SUCCEEDED,2,0.050,2.4810,0.2400,5.1144,0.2484,0.0001,0.010
87.281,84.880,0.979,DESCEND,obstacle1,7.0245,0.0651,-0.0359,0.172942,0.085247,0.089951,1.348,34,0.0161,-0.2113,0.0277,-0.452,0.00000,7.2523,0.0671,-0.0637,0.1815,-0.0001,0.018,0.2554,0.6000,0.4815,54,0.048,0.00,0.00,0.00,19.75,0.1800,-0.0001,9.98,0.00,50.00,DO_NOTHING,--,0.00,SUCCEEDED,2,0.050,2.4810,0.2400,5.1315,0.2484,0.0001,0.008
87.380,84.974,0.976,DESCEND,obstacle1,7.3261,0.0737,-0.0177,0.226809,0.117401,0.107137,0.042,35,0.0720,-0.3262,0.0459,-0.458,0.12775,7.2702,0.0660,-0.0637,0.1815,-0.0001,0.012,0.2574,0.6000,0.4815,54,0.042,0.00,0.00,0.00,19.92,0.1800,-0.0001,10.04,1.00,49.90,DO_NOTHING,--,0.00,SUCCEEDED,2,0.050,2.4810,0.2400,5.1486,0.2484,0.0001,0.002
87.480,85.072,0.973,DESCEND,obstacle1,7.3261,0.0737,-0.0177,0.226809,0.117401,0.107137,0.140,35,0.0720,-0.3262,0.0459,-0.460,0.00000,7.2882,0.0648,-0.0637,0.1815,-0.0001,0.010,0.2598,0.6000,0.4815,54,0.040,0.00,0.00,0.00,19.87,0.1800,-0.0001,9.98,1.00,50.10,DO_NOTHING,--,0.00,SUCCEEDED,2,0.050,2.4810,0.2400,5.1658,0.2484,0.0001,0.000
87.580,85.172,0.980,DESCEND,obstacle1,7.3261,0.0737,-0.0177,0.226809,0.117401,0.107137,0.240,35,0.0720,-0.3262,0.0459,-0.460,0.00000,7.3062,0.0637,-0.0637,0.2071,-0.0001,0.010,0.2597,0.6000,0.4815,54,0.040,0.00,0.00,0.00,19.79,0.1800,-0.0001,9.89,1.00,50.00,DO_NOTHING,--,0.00,SUCCEEDED,2,0.050,2.4810,0.2400,5.1829,0.2484,0.0001,0.000
87.680,85.274,0.984,DESCEND,obstacle1,7.3261,0.0737,-0.0177,0.226809,0.117401,0.107137,0.342,35,0.0720,-0.3262,0.0459,-0.458,0.00000,7.3241,0.0625,-0.0637,0.1800,-0.0001,0.012,0.2613,0.6000,0.4630,54,0.042,0.00,0.00,0.00,19.79,0.1800,-0.0001,9.98,1.00,50.20,DO_NOTHING,--,0.00,SUCCEEDED,2,0.050,2.4810,0.2400,5.2000,0.2484,0.0001,0.002
87.780,85.374,0.989,DESCEND,obstacle1,7.3261,0.0737,-0.0177,0.226809,0.117401,0.107137,0.442,35,0.0720,-0.3262,0.0459,-0.458,0.00000,7.3421,0.0614,-0.0637,0.2071,-0.0001,0.012,0.2512,0.5956,0.4630,54,0.042,0.00,0.00,0.00,19.83,0.1800,-0.0001,9.87,1.00,49.90,DO_NOTHING,--,0.00,SUCCEEDED,2,0.050,2.4810,0.2400,5.2171,0.2484,0.0001,0.002
87.880,85.472,0.984,DESCEND,obstacle1,7.3261,0.0737,-0.0177,0.226809,0.117401,0.107137,0.540,35,0.0720,-0.3262,0.0459,-0.460,0.00000,7.3601,0.0603,-0.0637,0.1830,-0.0001,0.010,0.2311,0.5500,0.4630,54,0.040,0.00,0.00,0.00,20.75,0.1800,-0.0001,9.89,1.00,50.00,DO_NOTHING,--,0.00,SUCCEEDED,2,0.050,2.4810,0.2400,5.2342,0.2484,0.0001,0.000
87.980,85.566,0.980,DESCEND,obstacle1,7.3261,0.0737,-0.0177,0.226809,0.117401,0.107137,0.634,35,0.0720,-0.3262,0.0459,-0.466,0.00000,7.3780,0.0591,-0.0637,0.2003,-0.0001,0.004,0.2323,0.5500,0.4630,54,0.034,0.00,0.00,0.00,20.88,0.1800,-0.0001,10.07,1.00,49.90,DO_NOTHING,--,0.00,SUCCEEDED,2,0.050,2.4810,0.2400,5.2479,0.2484,0.0001,0.014
88.080,85.666,0.980,DESCEND,obstacle1,7.3261,0.0737,-0.0177,0.226809,0.117401,0.107137,0.734,35,0.0720,-0.3262,0.0459,-0.466,0.00000,7.3960,0.0580,-0.0637,0.1869,-0.0001,0.004,0.2265,0.5500,0.4727,55,0.034,0.00,0.00,0.00,20.83,0.1800,-0.0001,9.96,1.00,50.00,DO_NOTHING,--,0.00,SUCCEEDED,2,0.050,2.4810,0.2400,5.2650,0.2484,0.0001,0.014
88.180,85.758,0.976,DESCEND,obstacle1,7.3261,0.0737,-0.0177,0.226809,0.117401,0.107137,0.826,35,0.0720,-0.3262,0.0459,-0.474,0.00000,7.4104,0.0570,-0.0637,0.1800,-0.0001,0.016,0.2326,0.5500,0.4727,55,0.026,0.00,0.00,0.00,20.74,0.1800,-0.0001,10.02,1.00,50.10,DO_NOTHING,--,0.00,SUCCEEDED,2,0.050,2.4810,0.2400,5.2822,0.2484,0.0001,0.006
88.281,85.856,0.976,DESCEND,obstacle1,7.3261,0.0737,-0.0177,0.226809,0.117401,0.107137,0.924,35,0.0720,-0.3262,0.0459,-0.476,0.00000,7.4283,0.0559,-0.0637,0.1800,-0.0001,0.014,0.2306,0.5500,0.4821,56,0.024,0.00,0.00,0.00,20.97,0.1800,-0.0001,9.93,1.00,49.90,DO_NOTHING,--,0.00,SUCCEEDED,2,0.050,2.4810,0.2400,5.2993,0.2484,0.0001,0.004
88.380,85.948,0.974,DESCEND,obstacle1,7.3261,0.0737,-0.0177,0.226809,0.117401,0.107137,1.016,35,0.0720,-0.3262,0.0459,-0.484,0.00000,7.4463,0.0548,-0.0637,0.1815,-0.0001,0.006,0.2330,0.5500,0.4821,56,0.016,0.00,0.00,0.00,20.70,0.1800,-0.0001,10.02,1.00,50.00,DO_NOTHING,--,0.00,SUCCEEDED,2,0.050,2.4810,0.2400,5.3130,0.2484,0.0001,0.016
88.481,86.040,0.964,DESCEND,obstacle1,7.3261,0.0737,-0.0177,0.226809,0.117401,0.107137,1.108,35,0.0720,-0.3262,0.0459,-0.392,0.00000,7.4606,0.0538,-0.0637,0.1830,-0.0001,0.018,0.2279,0.5500,0.4821,56,0.108,0.00,0.00,0.00,21.01,0.1800,-0.0001,10.02,0.00,50.00,DO_NOTHING,--,0.00,SUCCEEDED,2,0.050,2.4810,0.2400,5.3301,0.2484,0.0001,0.008
88.580,86.132,0.953,DESCEND,obstacle1,7.3261,0.0737,-0.0177,0.226809,0.117401,0.107137,1.200,35,0.0720,-0.3262,0.0459,-0.400,0.00000,7.4786,0.0527,-0.0638,0.1845,-0.0001,0.010,0.2274,0.5500,0.4821,56,0.100,0.00,0.00,0.00,21.05,0.1800,-0.0001,10.09,0.00,49.90,DO_NOTHING,--,0.00,SUCCEEDED,2,0.050,2.4810,0.2400,5.3472,0.2484,0.0001,0.000
88.680,86.232,0.953,DESCEND,obstacle1,7.3261,0.0737,-0.0177,0.226809,0.117401,0.107137,1.300,35,0.0720,-0.3262,0.0459,-0.400,0.00000,7.4966,0.0515,-0.0638,0.2003,-0.0001,0.010,0.2277,0.5500,0.4643,56,0.100,0.00,0.00,0.00,21.19,0.1800,-0.0001,10.04,0.00,50.00,DO_NOTHING,--,0.00,SUCCEEDED,2,0.050,2.4810,0.2400,5.3643,0.2484,0.0001,0.000
88.781,86.332,0.955,DESCEND,obstacle1,7.3261,0.0737,-0.0177,0.226809,0.117401,0.107137,1.400,35,0.0720,-0.3262,0.0459,-0.400,0.00000,7.5145,0.0504,-0.0638,0.1869,-0.0001,0.010,0.2302,0.5500,0.4643,56,0.100,0.00,0.00,0.00,21.14,0.1800,-0.0001,10.11,0.00,50.00,DO_NOTHING,--,0.00,SUCCEEDED,2,0.050,2.4810,0.2400,5.3815,0.2484,0.0001,0.000
88.881,86.432,0.962,DESCEND,obstacle1,7.6550,0.0629,-0.0172,0.239432,0.141596,0.105927,0.100,36,0.1492,-0.3375,0.0466,-0.400,0.07806,7.5325,0.0492,-0.0638,0.1869,-0.0001,0.010,0.2317,0.5500,0.4643,56,0.100,0.00,0.00,0.00,20.21,0.1800,-0.0001,10.09,1.00,50.10,DO_NOTHING,--,0.00,SUCCEEDED,2,0.050,2.4810,0.2400,5.3952,0.2484,0.0001,0.020
88.981,86.528,0.957,DESCEND,obstacle1,7.6550,0.0629,-0.0172,0.239432,0.141596,0.105927,0.196,36,0.1492,-0.3375,0.0466,-0.404,0.00000,7.5505,0.0481,-0.0638,0.2003,-0.0001,0.006,0.2314,0.5500,0.4643,56,0.096,0.00,0.00,0.00,20.17,0.1800,-0.0001,9.98,1.00,50.00,DO_NOTHING,--,0.00,SUCCEEDED,2,0.050,2.4810,0.2400,5.4123,0.2484,0.0001,0.016
89.081,86.624,0.962,DESCEND,obstacle1,7.6550,0.0629,-0.0172,0.239432,0.141596,0.105927,0.292,36,0.1492,-0.3375,0.0466,-0.408,0.00000,7.5684,0.0470,-0.0638,0.1845,-0.0001,0.002,0.2330,0.5500,0.4643,56,0.092,0.00,0.00,0.00,20.17,0.1800,-0.0001,10.04,1.00,50.10,DO_NOTHING,--,0.00,SUCCEEDED,2,0.050,2.4810,0.2400,5.4294,0.2484,0.0001,0.012
89.181,86.722,0.962,DESCEND,obstacle1,7.6550,0.0629,-0.0172,0.239432,0.141596,0.105927,0.390,36,0.1492,-0.3375,0.0466,-0.410,0.00000,7.5828,0.0460,-0.0638,0.1815,-0.0001,0.020,0.2356,0.5500,0.4643,56,0.090,0.00,0.00,0.00,20.13,0.1800,-0.0001,9.98,1.00,50.00,DO_NOTHING,--,0.00,SUCCEEDED,2,0.050,2.4810,0.2400,5.4465,0.2484,0.0001,0.010
89.281,86.820,0.968,DESCEND,obstacle1,7.6550,0.0629,-0.0172,0.239432,0.141596,0.105927,0.488,36,0.1492,-0.3375,0.0466,-0.412,0.00000,7.6008,0.0449,-0.0638,0.1839,-0.0001,0.018,0.2077,0.5000,0.4643,56,0.088,0.00,0.00,0.00,20.13,0.1800,-0.0001,10.00,1.00,50.00,DO_NOTHING,--,0.00,SUCCEEDED,2,0.050,2.4810,0.2400,5.4636,0.2484,0.0001,0.008
89.380,86.920,0.978,DESCEND,obstacle1,7.6550,0.0629,-0.0172,0.239432,0.141596,0.105927,0.588,36,0.1492,-0.3375,0.0466,-0.412,0.00000,7.6187,0.0437,-0.0638,0.1815,-0.0001,0.018,0.2006,0.4500,0.5179,56,0.088,0.00,0.00,0.00,19.96,0.1800,-0.0001,9.98,1.00,50.00,DO_NOTHING,--,0.00,SUCCEEDED,2,0.050,2.4810,0.2400,5.4808,0.2484,0.0001,0.008
89.480,87.020,0.981,DESCEND,obstacle1,7.6550,0.0629,-0.0172,0.239432,0.141596,0.105927,0.688,36,0.1492,-0.3375,0.0466,-0.412,0.00000,7.6367,0.0426,-0.0638,0.1899,-0.0001,0.018,0.2016,0.4500,0.5000,56,0.088,0.00,0.00,0.00,20.88,0.1800,-0.0001,10.04,1.00,50.00,DO_NOTHING,--,0.00,SUCCEEDED,2,0.050,2.4810,0.2400,5.4979,0.2484,0.0001,0.008
89.581,87.120,0.986,DESCEND,obstacle1,7.6550,0.0629,-0.0172,0.239432,0.141596,0.105927,0.788,36,0.1492,-0.3375,0.0466,-0.412,0.00000,7.6547,0.0414,-0.0638,0.1800,-0.0001,0.018,0.2023,0.4500,0.4821,56,0.088,0.00,0.00,0.00,20.70,0.1800,-0.0001,9.98,1.00,50.10,DO_NOTHING,--,0.00,SUCCEEDED,2,0.050,2.4810,0.2400,5.5150,0.2484,0.0001,0.008
89.680,87.216,0.984,DESCEND,obstacle1,7.6550,0.0629,-0.0172,0.239432,0.141596,0.105927,0.884,36,0.1492,-0.3375,0.0466,-0.416,0.00000,7.6726,0.0403,-0.0638,0.1815,-0.0001,0.014,0.2014,0.4500,0.4821,56,0.084,0.00,0.00,0.00,20.70,0.1800,-0.0001,10.00,1.00,50.00,DO_NOTHING,--,0.00,SUCCEEDED,2,0.050,2.4810,0.2400,5.5321,0.2484,0.0001,0.004
89.781,87.318,0.986,DESCEND,obstacle1,7.6550,0.0629,-0.0172,0.239432,0.141596,0.105927,0.986,36,0.1492,-0.3375,0.0466,-0.414,0.00000,7.6906,0.0391,-0.0638,0.1815,-0.0001,0.016,0.1992,0.4500,0.4912,57,0.086,0.00,0.00,0.00,20.70,0.1800,-0.0001,10.00,1.00,50.00,DO_NOTHING,--,0.00,SUCCEEDED,2,0.050,2.4810,0.2400,5.5492,0.2484,0.0001,0.006
89.880,87.416,0.984,DESCEND,obstacle1,7.6550,0.0629,-0.0172,0.239432,0.141596,0.105927,1.084,36,0.1492,-0.3375,0.0466,-0.416,0.00000,7.7085,0.0380,-0.0638,0.2485,-0.0001,0.016,0.1983,0.4500,0.5000,58,0.084,0.00,0.00,0.00,20.70,0.1800,-0.0001,10.00,0.00,50.00,DO_NOTHING,--,0.00,SUCCEEDED,2,0.050,2.4810,0.2400,5.5664,0.2484,0.0001,0.004
89.980,87.512,0.984,DESCEND,obstacle1,7.6550,0.0629,-0.0172,0.239432,0.141596,0.105927,1.180,36,0.1492,-0.3375,0.0466,-0.420,0.00000,7.7265,0.0368,-0.0638,0.1770,-0.0001,0.010,0.2006,0.4500,0.5000,58,0.080,0.00,0.00,0.00,20.74,0.1800,-0.0001,9.98,0.00,50.00,DO_NOTHING,--,0.00,SUCCEEDED,2,0.050,2.4810,0.2400,5.5801,0.2484,0.0001,0.020
90.080,87.602,0.978,DESCEND,obstacle1,7.6550,0.0629,-0.0172,0.239432,0.141596,0.105927,1.270,36,0.1492,-0.3375,0.0466,-0.430,0.00000,7.7409,0.0359,-0.0639,0.1815,-0.0001,0.020,0.2035,0.4500,0.5000,58,0.070,0.00,0.00,0.00,20.75,0.1800,-0.0001,9.98,0.00,49.69,DO_NOTHING,--,0.00,SUCCEEDED,2,0.050,2.4810,0.2400,5.5972,0.2484,0.0001,0.010
90.181,87.700,0.977,DESCEND,obstacle1,7.6550,0.0629,-0.0172,0.239432,0.141596,0.105927,1.368,36,0.1492,-0.3375,0.0466,-0.432,0.00000,7.7588,0.0348,-0.0639,0.1860,-0.0001,0.020,0.2050,0.4500,0.5000,58,0.068,0.00,0.00,0.00,20.79,0.1800,-0.0001,10.00,0.00,50.00,DO_NOTHING,--,0.00,SUCCEEDED,2,0.050,2.4810,0.2400,5.6143,0.2484,0.0001,0.008
90.280,87.796,0.976,DESCEND,obstacle1,7.9611,0.0439,-0.0157,0.245771,0.162735,0.102622,0.064,37,0.2038,-0.3646,0.0482,-0.436,0.06097,7.7768,0.0336,-0.0639,0.1785,-0.0001,0.014,0.2047,0.4500,0.4828,58,0.064,0.00,0.00,0.00,20.75,0.1800,-0.0001,9.96,1.00,50.00,DO_NOTHING,--,0.00,SUCCEEDED,2,0.050,2.4810,0.2400,5.6314,0.2484,0.0001,0.004
90.380,87.896,0.976,DESCEND,obstacle1,7.9611,0.0439,-0.0157,0.245771,0.162735,0.102622,0.164,37,0.2038,-0.3646,0.0482,-0.436,0.00000,7.7948,0.0325,-0.0639,0.2643,-0.0001,0.014,0.2052,0.4500,0.4828,58,0.064,0.00,0.00,0.00,20.70,0.1800,-0.0001,10.02,1.00,50.00,DO_NOTHING,--,0.00,SUCCEEDED,2,0.050,2.4810,0.2400,5.6485,0.2484,0.0001,0.004
90.480,87.992,0.970,DESCEND,obstacle1,7.9611,0.0439,-0.0157,0.245771,0.162735,0.102622,0.260,37,0.2038,-0.3646,0.0482,-0.440,0.00000,7.8127,0.0313,-0.0639,0.1815,-0.0001,0.010,0.2043,0.4500,0.4828,58,0.060,0.00,0.00,0.00,20.75,0.1800,-0.0001,10.00,1.00,50.00,DO_NOTHING,--,0.00,SUCCEEDED,2,0.050,2.4810,0.2400,5.6622,0.2484,0.0001,0.020
90.580,88.088,0.969,DESCEND,obstacle1,7.9611,0.0439,-0.0157,0.245771,0.162735,0.102622,0.356,37,0.2038,-0.3646,0.0482,-0.444,0.00000,7.8307,0.0302,-0.0639,0.1815,-0.0001,0.006,0.2050,0.4500,0.5000,58,0.056,0.00,0.00,0.00,19.96,0.1800,-0.0001,10.07,1.00,50.00,DO_NOTHING,--,0.00,SUCCEEDED,2,0.050,2.4810,0.2400,5.6794,0.2484,0.0001,0.016
90.680,88.182,0.966,DESCEND,obstacle1,7.9611,0.0439,-0.0157,0.245771,0.162735,0.102622,0.450,37,0.2038,-0.3646,0.0482,-0.450,0.00000,7.8487,0.0290,-0.0639,0.2003,-0.0001,0.000,0.1919,0.4500,0.5345,58,0.050,0.00,0.00,0.00,19.92,0.1800,-0.0001,10.00,1.00,50.10,DO_NOTHING,--,0.00,SUCCEEDED,2,0.050,2.4810,0.2400,5.6965,0.2484,0.0001,0.010
90.781,88.282,0.961,DESCEND,obstacle1,7.9611,0.0439,-0.0157,0.245771,0.162735,0.102622,0.550,37,0.2038,-0.3646,0.0482,-0.450,0.00000,7.8666,0.0279,-0.0639,0.2440,-0.0001,0.000,0.1821,0.4000,0.5345,58,0.050,0.00,0.00,0.00,20.92,0.1800,-0.0001,10.07,1.00,50.00,DO_NOTHING,--,0.00,SUCCEEDED,2,0.050,2.4810,0.2400,5.7136,0.2484,0.0001,0.010
90.881,88.382,0.966,DESCEND,obstacle1,7.9611,0.0439,-0.0157,0.245771,0.162735,0.102622,0.650,37,0.2038,-0.3646,0.0482,-0.450,0.00000,7.8846,0.0267,-0.0639,0.2070,-0.0001,0.006,0.1819,0.4000,0.5345,58,0.050,0.00,0.00,0.00,21.05,0.1800,-0.0001,9.98,1.00,50.00,DO_NOTHING,--,0.00,SUCCEEDED,2,0.050,2.4810,0.2400,5.7307,0.2484,0.0001,0.010
90.981,88.482,0.977,DESCEND,obstacle1,7.9611,0.0439,-0.0157,0.245771,0.162735,0.102622,0.750,37,0.2038,-0.3646,0.0482,-0.450,0.00000,7.8990,0.0258,-0.0639,0.2071,-0.0001,0.020,0.1882,0.4000,0.5345,58,0.050,0.00,0.00,0.00,21.05,0.1800,-0.0001,9.89,1.00,50.00,DO_NOTHING,--,0.00,SUCCEEDED,2,0.050,2.4810,0.2400,5.7478,0.2484,0.0001,0.010
91.080,88.576,0.974,DESCEND,obstacle1,7.9611,0.0439,-0.0157,0.245771,0.162735,0.102622,0.844,37,0.2038,-0.3646,0.0482,-0.456,0.00000,7.9169,0.0247,-0.0639,0.1869,-0.0001,0.014,0.1871,0.4000,0.5345,58,0.044,0.00,0.00,0.00,20.83,0.1800,-0.0001,9.98,1.00,50.31,DO_NOTHING,--,0.00,SUCCEEDED,2,0.050,2.4810,0.2400,5.7650,0.2484,0.0001,0.004
91.181,88.678,0.979,DESCEND,obstacle1,7.9611,0.0439,-0.0157,0.245771,0.162735,0.102622,0.946,37,0.2038,-0.3646,0.0482,-0.454,0.00000,7.9349,0.0235,-0.0639,0.1884,-0.0001,0.016,0.1869,0.4000,0.5345,58,0.046,0.00,0.00,0.00,20.74,0.1800,-0.0001,9.91,1.00,49.90,DO_NOTHING,--,0.00,SUCCEEDED,2,0.050,2.4810,0.2400,5.7821,0.2484,0.0001,0.006
91.280,88.774,0.978,DESCEND,obstacle1,7.9611,0.0439,-0.0157,0.245771,0.162735,0.102622,1.042,37,0.2038,-0.3646,0.0482,-0.458,0.00000,7.9528,0.0224,-0.0639,0.1800,-0.0001,0.012,0.1863,0.4000,0.5172,58,0.042,0.00,0.00,0.00,20.83,0.1800,-0.0001,9.96,0.00,49.90,DO_NOTHING,--,0.00,SUCCEEDED,2,0.050,2.4810,0.2400,5.7992,0.2484,0.0001,0.002
91.380,88.870,0.976,DESCEND,obstacle1,7.9611,0.0439,-0.0157,0.245771,0.162735,0.102622,1.138,37,0.2038,-0.3646,0.0482,-0.462,0.00000,7.9708,0.0212,-0.0639,0.1800,-0.0001,0.008,0.1872,0.4000,0.5172,58,0.038,0.00,0.00,0.00,20.79,0.1800,-0.0001,10.02,0.00,50.00,DO_NOTHING,--,0.00,SUCCEEDED,2,0.050,2.4810,0.2400,5.8129,0.2484,0.0001,0.018
91.481,88.970,0.980,DESCEND,obstacle1,7.9611,0.0439,-0.0157,0.245771,0.162735,0.102622,1.238,37,0.2038,-0.3646,0.0482,-0.462,0.00000,7.9888,0.0201,-0.0639,0.2003,-0.0001,0.008,0.1916,0.4000,0.5172,58,0.038,0.00,0.00,0.00,20.75,0.1800,-0.0001,9.93,0.00,49.90,DO_NOTHING,--,0.00,SUCCEEDED,2,0.050,2.4810,0.2400,5.8300,0.2484,0.0001,0.018
91.581,89.066,0.981,DESCEND,obstacle1,7.9611,0.0439,-0.0157,0.245771,0.162735,0.102622,1.334,37,0.2038,-0.3646,0.0482,-0.466,0.00000,8.0067,0.0189,-0.0640,0.1800,-0.0001,0.004,0.1886,0.4000,0.5085,59,0.034,0.00,0.00,0.00,20.75,0.1800,-0.0001,10.02,0.00,50.00,DO_NOTHING,--,0.00,SUCCEEDED,2,0.050,2.4810,0.2400,5.8471,0.2484,0.0001,0.014
91.682,89.162,0.978,DESCEND,obstacle1,8.2531,0.0504,-0.0024,0.264380,0.178046,0.097272,0.030,38,0.2501,-0.4612,0.0616,-0.470,0.10712,8.0247,0.0178,-0.0640,0.1884,-0.0001,0.000,0.1887,0.4000,0.5254,59,0.030,0.00,0.00,0.00,20.75,0.1800,-0.0001,9.93,1.00,50.00,DO_NOTHING,--,0.00,SUCCEEDED,2,0.050,2.4810,0.2400,5.8642,0.2484,0.0001,0.010
91.780,89.258,0.977,DESCEND,obstacle1,8.2531,0.0504,-0.0024,0.264380,0.178046,0.097272,0.126,38,0.2501,-0.4612,0.0616,-0.474,0.00000,8.0391,0.0168,-0.0640,0.1800,-0.0001,0.016,0.1915,0.4000,0.5085,59,0.026,0.00,0.00,0.00,19.83,0.1800,-0.0001,10.04,1.00,50.00,DO_NOTHING,--,0.00,SUCCEEDED,2,0.050,2.4810,0.2400,5.8814,0.2484,0.0001,0.006
91.880,89.358,0.977,DESCEND,obstacle1,8.2531,0.0504,-0.0024,0.264380,0.178046,0.097272,0.226,38,0.2501,-0.4612,0.0616,-0.474,0.00000,8.0570,0.0157,-0.0640,0.1815,-0.0001,0.016,0.1919,0.4000,0.5085,59,0.026,0.00,0.00,0.00,19.67,0.1800,-0.0001,10.18,1.00,50.00,DO_NOTHING,--,0.00,SUCCEEDED,2,0.050,2.4810,0.2400,5.8985,0.2484,0.0001,0.006
91.981,89.454,0.975,DESCEND,obstacle1,8.2531,0.0504,-0.0024,0.264380,0.178046,0.097272,0.322,38,0.2501,-0.4612,0.0616,-0.478,0.00000,8.0750,0.0145,-0.0640,0.1884,-0.0001,0.012,0.1919,0.4000,0.5085,59,0.022,0.00,0.00,0.00,19.71,0.1800,-0.0001,10.16,1.00,49.90,DO_NOTHING,--,0.00,SUCCEEDED,2,0.050,2.4810,0.2400,5.9156,0.2484,0.0001,0.002
92.080,89.554,0.974,DESCEND,obstacle1,8.2531,0.0504,-0.0024,0.264380,0.178046,0.097272,0.422,38,0.2501,-0.4612,0.0616,-0.478,0.00000,8.0930,0.0134,-0.0640,0.1815,-0.0001,0.012,0.1904,0.4000,0.5085,59,0.022,0.00,0.00,0.00,19.75,0.1800,-0.0001,10.14,1.00,49.90,DO_NOTHING,--,0.00,SUCCEEDED,2,0.050,2.4810,0.2400,5.9327,0.2484,0.0001,0.002
92.181,89.650,0.972,DESCEND,obstacle1,8.2531,0.0504,-0.0024,0.264380,0.178046,0.097272,0.518,38,0.2501,-0.4612,0.0616,-0.482,0.00000,8.1109,0.0122,-0.0640,0.1869,-0.0001,0.008,0.1772,0.4000,0.5085,59,0.018,0.00,0.00,0.00,19.92,0.1800,-0.0001,10.16,1.00,50.10,DO_NOTHING,--,0.00,SUCCEEDED,2,0.050,2.4810,0.2400,5.9464,0.2484,0.0001,0.018
92.281,89.750,0.977,DESCEND,obstacle1,8.2531,0.0504,-0.0024,0.264380,0.178046,0.097272,0.618,38,0.2501,-0.4612,0.0616,-0.482,0.00000,8.1289,0.0111,-0.0640,0.1845,-0.0001,0.008,0.1783,0.4000,0.5085,59,0.018,0.00,0.00,0.00,20.92,0.1800,-0.0001,9.98,1.00,50.00,DO_NOTHING,--,0.00,SUCCEEDED,2,0.050,2.4810,0.2400,5.9635,0.2484,0.0001,0.018
92.380,89.848,0.976,DESCEND,obstacle1,8.2531,0.0504,-0.0024,0.264380,0.178046,0.097272,0.716,38,0.2501,-0.4612,0.0616,-0.484,0.00000,8.1468,0.0099,-0.0640,0.1800,-0.0001,0.006,0.1785,0.4000,0.5085,59,0.016,0.00,0.00,0.00,20.92,0.1800,-0.0001,9.98,1.00,50.00,DO_NOTHING,--,0.00,SUCCEEDED,2,0.050,2.4810,0.2400,5.9807,0.2484,0.0001,0.016
92.482,89.948,0.979,DESCEND,obstacle1,8.2531,0.0504,-0.0024,0.264380,0.178046,0.097272,0.816,38,0.2501,-0.4612,0.0616,-0.484,0.00000,8.1648,0.0088,-0.0640,0.1860,-0.0001,0.008,0.1799,0.4000,0.5254,59,0.016,0.00,0.00,0.00,20.92,0.1800,-0.0001,9.93,1.00,50.10,DO_NOTHING,--,0.00,SUCCEEDED,2,0.050,2.4810,0.2400,5.9978,0.2484,0.0001,0.016
92.580,90.046,0.981,DESCEND,obstacle1,8.2531,0.0504,-0.0024,0.264380,0.178046,0.097272,0.914,38,0.2501,-0.4612,0.0616,-0.486,0.00000,8.1828,0.0076,-0.0640,0.1785,-0.0001,0.004,0.1800,0.4000,0.5254,59,0.014,0.00,0.00,0.00,20.88,0.1800,-0.0001,10.00,1.00,50.00,DO_NOTHING,--,0.00,SUCCEEDED,2,0.050,2.4810,0.2400,6.0149,0.2484,0.0001,0.014
92.680,90.146,0.985,DESCEND,obstacle1,8.2531,0.0504,-0.0024,0.264380,0.178046,0.097272,1.014,38,0.2501,-0.4612,0.0616,-0.486,0.00000,8.2007,0.0065,-0.0640,0.1800,-0.0001,0.004,0.1822,0.4000,0.5254,59,0.014,0.00,0.00,0.00,20.88,0.1800,-0.0001,9.93,1.00,50.00,DO_NOTHING,--,0.00,SUCCEEDED,2,0.050,2.4810,0.2400,6.0320,0.2484,0.0001,0.014
92.781,90.246,0.986,DESCEND,obstacle1,8.2531,0.0504,-0.0024,0.264380,0.178046,0.097272,1.114,38,0.2501,-0.4612,0.0616,-0.486,0.00000,8.2187,0.0053,-0.0640,0.1815,-0.0001,0.004,0.1829,0.4000,0.5085,59,0.014,0.00,0.00,0.00,20.74,0.1800,-0.0001,10.00,0.00,49.80,DO_NOTHING,--,0.00,SUCCEEDED,2,0.050,2.4810,0.2400,6.0491,0.2484,0.0001,0.014
92.881,90.344,0.989,DESCEND,obstacle1,8.2531,0.0504,-0.0024,0.264380,0.178046,0.097272,1.212,38,0.2501,-0.4612,0.0616,-0.488,0.00000,8.2367,0.0042,-0.0640,0.2018,-0.0001,0.002,0.1840,0.4000,0.4915,59,0.012,0.00,0.00,0.00,20.83,0.1800,-0.0001,9.98,0.00,50.00,DO_NOTHING,--,0.00,SUCCEEDED,2,0.050,2.4810,0.2400,6.0663,0.2484,0.0001,0.012
92.981,90.440,0.986,DESCEND,obstacle1,8.2531,0.0504,-0.0024,0.264380,0.178046,0.097272,1.308,38,0.2501,-0.4612,0.0616,-0.392,0.00000,8.2510,0.0033,-0.0640,0.1800,-0.0001,0.018,0.1865,0.4000,0.4915,59,0.008,0.00,0.00,0.00,20.79,0.1800,-0.0001,10.04,0.00,50.10,DO_NOTHING,--,0.00,SUCCEEDED,2,0.050,2.4810,0.2400,6.0834,0.2484,0.0001,0.008
93.080,90.540,0.989,DESCEND,obstacle1,8.2531,0.0504,-0.0024,0.264380,0.178046,0.097272,1.408,38,0.2501,-0.4612,0.0616,-0.392,0.00000,8.2690,0.0021,-0.0640,0.1869,-0.0001,0.018,0.1673,0.3500,0.5085,59,0.108,0.00,0.00,0.00,20.83,0.1800,-0.0001,10.04,0.00,50.00,DO_NOTHING,--,0.00,SUCCEEDED,2,0.050,2.4810,0.2400,6.1005,0.2484,0.0001,0.008
93.180,90.638,0.988,DESCEND,obstacle1,8.5614,0.0383,-0.0110,0.313682,0.251370,0.106592,0.106,39,0.3024,-0.4026,0.0531,-0.394,0.07846,8.2870,0.0010,-0.0641,0.1845,-0.0001,0.018,0.1887,0.4000,0.4746,59,0.006,0.00,0.00,0.00,20.70,0.1800,-0.0001,10.02,1.00,50.00,DO_NOTHING,--,0.00,SUCCEEDED,2,0.050,2.4810,0.2400,6.1176,0.2484,0.0001,0.006
93.281,90.738,0.988,DESCEND,obstacle1,8.5614,0.0383,-0.0110,0.313682,0.251370,0.106592,0.206,39,0.3024,-0.4026,0.0531,-0.394,0.00000,8.3049,-0.0002,-0.0641,0.1785,-0.0001,0.016,0.1698,0.3500,0.4746,59,0.106,0.00,0.00,0.00,19.75,0.1800,-0.0001,10.04,1.00,50.00,DO_NOTHING,--,0.00,SUCCEEDED,2,0.050,2.4810,0.2400,6.1347,0.2484,0.0001,0.006
93.381,90.838,0.990,DESCEND,obstacle1,8.5614,0.0383,-0.0110,0.313682,0.251370,0.106592,0.306,39,0.3024,-0.4026,0.0531,-0.394,0.00000,8.3229,-0.0013,-0.0641,0.1815,-0.0001,0.016,0.1710,0.3500,0.4746,59,0.106,0.00,0.00,0.00,19.71,0.1800,-0.0001,10.04,1.00,50.00,DO_NOTHING,--,0.00,SUCCEEDED,2,0.050,2.4810,0.2400,6.1519,0.2484,0.0001,0.006
93.481,90.938,0.991,DESCEND,obstacle1,8.5614,0.0383,-0.0110,0.313682,0.251370,0.106592,0.406,39,0.3024,-0.4026,0.0531,-0.394,0.00000,8.3408,-0.0025,-0.0641,0.1815,-0.0001,0.016,0.1699,0.3500,0.4833,60,0.106,0.00,0.00,0.00,19.75,0.1800,-0.0001,9.96,1.00,49.90,DO_NOTHING,--,0.00,SUCCEEDED,2,0.050,2.4810,0.2400,6.1690,0.2484,0.0001,0.006
93.581,91.036,0.988,DESCEND,obstacle1,8.5614,0.0383,-0.0110,0.313682,0.251370,0.106592,0.504,39,0.3024,-0.4026,0.0531,-0.396,0.00000,8.3588,-0.0037,-0.0641,0.1815,-0.0001,0.014,0.1449,0.3000,0.5000,60,0.104,0.00,0.00,0.00,19.71,0.1800,-0.0001,9.98,1.00,50.00,DO_NOTHING,--,0.00,SUCCEEDED,2,0.050,2.4810,0.2400,6.1861,0.2484,0.0001,0.004
93.681,91.138,0.991,DESCEND,obstacle1,8.5614,0.0383,-0.0110,0.313682,0.251370,0.106592,0.606,39,0.3024,-0.4026,0.0531,-0.394,0.00000,8.3768,-0.0048,-0.0641,0.1884,-0.0001,0.016,0.1441,0.3000,0.5000,60,0.106,0.00,0.00,0.00,19.79,0.1800,-0.0001,10.02,1.00,50.00,DO_NOTHING,--,0.00,SUCCEEDED,2,0.050,2.4810,0.2400,6.2032,0.2484,0.0001,0.006
93.781,91.238,0.994,DESCEND,obstacle1,8.5614,0.0383,-0.0110,0.313682,0.251370,0.106592,0.706,39,0.3024,-0.4026,0.0531,-0.394,0.00000,8.3947,-0.0060,-0.0641,0.1914,-0.0001,0.018,0.1433,0.3000,0.5000,60,0.106,0.00,0.00,0.00,19.79,0.1800,-0.0001,10.03,1.00,50.31,DO_NOTHING,--,0.00,SUCCEEDED,2,0.050,2.4810,0.2400,6.2203,0.2484,0.0001,0.006
93.880,91.336,0.993,DESCEND,obstacle1,8.5614,0.0383,-0.0110,0.313682,0.251370,0.106592,0.804,39,0.3024,-0.4026,0.0531,-0.396,0.00000,8.4127,-0.0071,-0.0641,0.1770,-0.0001,0.014,0.1416,0.3000,0.5000,60,0.104,0.00,0.00,0.00,19.71,0.1800,-0.0001,10.00,1.00,50.00,DO_NOTHING,--,0.00,SUCCEEDED,2,0.050,2.4810,0.2400,6.2375,0.2484,0.0001,0.004
93.980,91.432,0.992,DESCEND,obstacle1,8.5614,0.0383,-0.0110,0.313682,0.251370,0.106592,0.900,39,0.3024,-0.4026,0.0531,-0.400,0.00000,8.4307,-0.0083,-0.0641,0.1869,-0.0001,0.010,0.1424,0.3000,0.5000,60,0.100,0.00,0.00,0.00,19.55,0.1800,-0.0001,10.02,1.00,50.10,DO_NOTHING,--,0.00,SUCCEEDED,2,0.050,2.4810,0.2400,6.2546,0.2484,0.0001,0.000
94.081,91.532,0.993,DESCEND,obstacle1,8.5614,0.0383,-0.0110,0.313682,0.251370,0.106592,1.000,39,0.3024,-0.4026,0.0531,-0.400,0.00000,8.4486,-0.0094,-0.0641,0.1800,-0.0001,0.010,0.1427,0.3000,0.5000,60,0.100,0.00,0.00,0.00,19.67,0.1800,-0.0001,9.98,1.00,50.00,DO_NOTHING,--,0.00,SUCCEEDED,2,0.050,2.4810,0.2400,6.2683,0.2484,0.0001,0.020
94.180,91.630,0.992,DESCEND,obstacle1,8.5614,0.0383,-0.0110,0.313682,0.251370,0.106592,1.098,39,0.3024,-0.4026,0.0531,-0.402,0.00000,8.4666,-0.0106,-0.0641,0.1869,-0.0001,0.008,0.1460,0.3000,0.5000,60,0.098,0.00,0.00,0.00,20.62,0.1800,-0.0001,10.02,0.00,50.00,DO_NOTHING,--,0.00,SUCCEEDED,2,0.050,2.4810,0.2400,6.2854,0.2484,0.0001,0.018
94.281,91.730,0.991,DESCEND,obstacle1,8.5614,0.0383,-0.0110,0.313682,0.251370,0.106592,1.198,39,0.3024,-0.4026,0.0531,-0.402,0.00000,8.4846,-0.0117,-0.0641,0.1815,-0.0001,0.008,0.1491,0.3000,0.5000,60,0.098,0.00,0.00,0.00,20.62,0.1800,-0.0001,10.00,0.00,50.00,DO_NOTHING,--,0.00,SUCCEEDED,2,0.050,2.4810,0.2400,6.3025,0.2484,0.0001,0.018
94.381,91.830,0.991,DESCEND,obstacle1,8.5614,0.0383,-0.0110,0.313682,0.251370,0.106592,1.298,39,0.3024,-0.4026,0.0531,-0.402,0.00000,8.5025,-0.0129,-0.0641,0.1905,-0.0001,0.010,0.1505,0.3000,0.4500,60,0.098,0.00,0.00,0.00,20.70,0.1800,-0.0001,9.91,0.00,50.10,DO_NOTHING,--,0.00,SUCCEEDED,2,0.050,2.4810,0.2400,6.3196,0.2484,0.0001,0.018
94.480,91.930,0.992,DESCEND,obstacle1,8.5614,0.0383,-0.0110,0.313682,0.251370,0.106592,1.398,39,0.3024,-0.4026,0.0531,-0.402,0.00000,8.5205,-0.0140,-0.0641,0.1854,-0.0001,0.008,0.1502,0.3000,0.4500,60,0.098,0.00,0.00,0.00,20.79,0.1800,-0.0001,10.00,0.00,50.00,DO_NOTHING,--,0.00,SUCCEEDED,2,0.050,2.4810,0.2400,6.3368,0.2484,0.0001,0.018
94.580,92.030,0.994,DESCEND,obstacle1,8.8608,0.0196,-0.0026,0.364761,0.324945,0.115259,0.098,40,0.3538,-0.4903,0.0615,-0.402,0.10162,8.5384,-0.0152,-0.0641,0.1899,-0.0001,0.008,0.1519,0.3000,0.4500,60,0.098,0.00,0.00,0.00,20.61,0.1800,-0.0001,9.87,1.00,50.00,DO_NOTHING,--,0.00,SUCCEEDED,2,0.050,2.4810,0.2400,6.3539,0.2484,0.0001,0.018
94.680,92.128,0.990,DESCEND,obstacle1,8.8608,0.0196,-0.0026,0.364761,0.324945,0.115259,0.196,40,0.3538,-0.4903,0.0615,-0.404,0.00000,8.5564,-0.0163,-0.0642,0.1884,-0.0001,0.006,0.1535,0.3000,0.4667,60,0.096,0.00,0.00,0.00,20.61,0.1800,-0.0001,10.00,1.00,50.00,DO_NOTHING,--,0.00,SUCCEEDED,2,0.050,2.4810,0.2400,6.3710,0.2484,0.0001,0.016
94.780,92.222,0.984,DESCEND,obstacle1,8.8608,0.0196,-0.0026,0.364761,0.324945,0.115259,0.290,40,0.3538,-0.4903,0.0615,-0.410,0.00000,8.5708,-0.0173,-0.0642,0.1815,-0.0001,0.020,0.1561,0.3000,0.4667,60,0.090,0.00,0.00,0.00,20.56,0.1800,-0.0001,10.00,1.00,50.00,DO_NOTHING,--,0.00,SUCCEEDED,2,0.050,2.4810,0.2400,6.3881,0.2484,0.0001,0.010
94.880,92.322,0.989,DESCEND,obstacle1,8.8608,0.0196,-0.0026,0.364761,0.324945,0.115259,0.390,40,0.3538,-0.4903,0.0615,-0.410,0.00000,8.5887,-0.0184,-0.0642,0.1800,-0.0001,0.020,0.1561,0.3000,0.4667,60,0.090,0.00,0.00,0.00,20.47,0.1800,-0.0001,9.96,1.00,50.00,DO_NOTHING,--,0.00,SUCCEEDED,2,0.050,2.4810,0.2400,6.4052,0.2484,0.0001,0.010
94.980,92.414,0.980,DESCEND,obstacle1,8.8608,0.0196,-0.0026,0.364761,0.324945,0.115259,0.482,40,0.3538,-0.4903,0.0615,-0.418,0.00000,8.6068,-0.0196,-0.0634,0.1837,0.0077,0.012,0.1381,0.2500,0.4500,60,0.082,0.00,0.00,0.00,20.62,0.1800,-0.0001,10.02,1.00,50.00,DO_NOTHING,--,0.00,SUCCEEDED,2,0.050,2.4810,0.2400,6.4230,0.2484,0.0000,0.002
95.081,92.512,0.979,DESCEND,obstacle1,8.8608,0.0196,-0.0026,0.364761,0.324945,0.115259,0.580,40,0.3538,-0.4903,0.0615,-0.420,0.00000,8.6248,-0.0207,-0.0627,0.2079,0.0080,0.010,0.0865,0.1500,0.6667,60,0.080,0.00,0.00,0.00,20.62,0.1800,-0.0000,9.87,1.00,50.00,DO_NOTHING,--,0.00,SUCCEEDED,2,0.050,2.4810,0.2400,6.4408,0.2484,0.0000,0.000
95.180,92.606,0.974,DESCEND,obstacle1,8.8608,0.0196,-0.0026,0.364761,0.324945,0.115259,0.674,40,0.3538,-0.4903,0.0615,-0.426,0.00000,8.6428,-0.0218,-0.0623,0.1804,0.0042,0.004,0.0285,0.0500,0.9500,60,0.074,0.00,0.00,0.00,20.66,0.1800,-0.0000,10.00,1.00,50.00,DO_NOTHING,--,0.00,SUCCEEDED,2,0.050,2.4810,0.2400,6.4550,0.2484,0.0000,0.014
95.280,92.708,0.978,DESCEND,obstacle1,8.8608,0.0196,-0.0026,0.364761,0.324945,0.115259,0.776,40,0.3538,-0.4903,0.0615,-0.424,0.00000,8.6608,-0.0230,-0.0621,0.2005,0.0026,0.006,0.0283,0.0500,1.0000,60,0.076,0.00,0.00,0.00,19.59,0.1800,-0.0000,10.16,1.00,50.00,DO_NOTHING,--,0.00,SUCCEEDED,2,0.050,2.4810,0.2400,6.4727,0.2484,0.0000,0.016
95.380,92.802,0.972,DESCEND,obstacle1,8.8608,0.0196,-0.0026,0.364761,0.324945,0.115259,0.870,40,0.3538,-0.4903,0.0615,-0.430,0.00000,8.6752,-0.0238,-0.0620,0.1802,0.0013,0.020,0.0229,0.0500,1.0000,24,0.070,0.00,0.00,0.00,19.71,0.1800,-0.0000,10.02,1.00,50.10,DO_NOTHING,--,0.00,SUCCEEDED,2,0.050,2.4810,0.2400,6.4903,0.2484,0.0000,0.010
95.481,92.902,0.968,DESCEND,obstacle1,8.8608,0.0196,-0.0026,0.364761,0.324945,0.115259,0.970,40,0.3538,-0.4903,0.0615,-0.430,0.00000,8.6967,-0.0252,-0.0620,0.1816,-0.0000,0.000,0.0217,0.0500,1.0000,24,0.070,0.00,0.00,0.00,19.79,0.1800,-0.0000,10.16,1.00,50.00,DO_NOTHING,--,0.00,SUCCEEDED,2,0.050,2.4810,0.2400,6.5079,0.2484,0.0000,0.010
95.580,92.996,0.966,DESCEND,obstacle1,8.8608,0.0196,-0.0026,0.364761,0.324945,0.115259,1.064,40,0.3538,-0.4903,0.0615,-0.436,0.00000,8.7111,-0.0261,-0.0621,0.1818,-0.0017,0.014,0.0196,0.0500,1.0000,24,0.064,0.00,0.00,0.00,21.01,0.1800,-0.0000,10.00,0.00,50.00,DO_NOTHING,--,0.00,SUCCEEDED,2,0.050,2.4810,0.2400,6.5256,0.2484,0.0000,0.004
95.680,93.096,0.968,DESCEND,obstacle1,8.8608,0.0196,-0.0026,0.364761,0.324945,0.115259,1.164,40,0.3538,-0.4903,0.0615,-0.436,0.00000,8.7292,-0.0272,-0.0626,0.1851,-0.0043,0.014,0.0217,0.0500,1.0000,24,0.064,0.00,0.00,0.00,20.92,0.1800,-0.0000,9.98,0.00,50.00,DO_NOTHING,--,0.00,SUCCEEDED,2,0.050,2.4810,0.2400,6.5433,0.2484,0.0000,0.004
95.780,93.190,0.968,DESCEND,obstacle1,8.8608,0.0196,-0.0026,0.364761,0.324945,0.115259,1.258,40,0.3538,-0.4903,0.0615,-0.442,0.00000,8.7472,-0.0283,-0.0632,0.1825,-0.0068,0.008,0.0333,0.0500,0.9583,24,0.058,0.00,0.00,0.00,21.00,0.1800,-0.0000,10.02,0.00,50.00,DO_NOTHING,--,0.00,SUCCEEDED,2,0.050,2.4810,0.2400,6.5575,0.2484,0.0000,0.018
95.880,93.288,0.971,DESCEND,obstacle1,8.8608,0.0196,-0.0026,0.364761,0.324945,0.115259,1.356,40,0.3538,-0.4903,0.0615,-0.444,0.00000,8.7653,-0.0295,-0.0642,0.2018,-0.0102,0.006,0.0543,0.0850,0.9167,24,0.056,0.00,0.00,0.00,21.14,0.1800,-0.0000,9.93,0.00,50.00,DO_NOTHING,--,0.00,SUCCEEDED,2,0.050,2.4810,0.2400,6.5754,0.2484,0.0000,0.016
95.981,93.388,0.974,DESCEND,obstacle1,9.0344,0.0188,-0.0189,0.463884,0.446531,0.144335,0.056,41,0.2667,-0.3541,0.0460,-0.444,0.16161,8.7835,-0.0307,-0.0654,0.2464,-0.0162,0.006,0.0613,0.0912,0.9167,24,0.056,0.00,0.00,0.00,21.10,0.1800,-0.0000,10.04,1.00,50.00,DO_NOTHING,--,0.00,SUCCEEDED,2,0.050,2.4810,0.2400,6.5933,0.2484,0.0000,0.016
96.080,93.488,0.977,DESCEND,obstacle1,9.0344,0.0188,-0.0189,0.463884,0.446531,0.144335,0.156,41,0.2667,-0.3541,0.0460,-0.444,0.00000,8.8015,-0.0319,-0.0657,0.1889,-0.0040,0.006,0.0705,0.0941,0.9130,23,0.056,0.00,0.00,0.00,21.05,0.1800,-0.0000,9.98,1.00,50.00,DO_NOTHING,--,0.00,SUCCEEDED,2,0.050,2.4810,0.2400,6.6113,0.2485,0.0000,0.016
96.181,93.588,0.977,DESCEND,obstacle1,9.0344,0.0188,-0.0189,0.463884,0.446531,0.144335,0.256,41,0.2667,-0.3541,0.0460,-0.444,0.00000,8.8194,-0.0330,-0.0657,0.1830,-0.0000,0.006,0.0683,0.1000,0.9130,23,0.056,0.00,0.00,0.00,20.96,0.1800,-0.0000,10.04,1.00,50.00,DO_NOTHING,--,0.00,SUCCEEDED,2,0.050,2.4810,0.2400,6.6293,0.2485,0.0000,0.016
96.281,93.686,0.982,DESCEND,obstacle1,9.0344,0.0188,-0.0189,0.463884,0.446531,0.144335,0.354,41,0.2667,-0.3541,0.0460,-0.446,0.00000,8.8374,-0.0342,-0.0657,0.1815,-0.0000,0.004,0.0674,0.1000,0.9130,23,0.054,0.00,0.00,0.00,20.92,0.1800,-0.0000,9.96,1.00,50.00,DO_NOTHING,--,0.00,SUCCEEDED,2,0.050,2.4810,0.2400,6.6473,0.2485,0.0000,0.014
96.380,93.786,0.984,DESCEND,obstacle1,9.0344,0.0188,-0.0189,0.463884,0.446531,0.144335,0.454,41,0.2667,-0.3541,0.0460,-0.446,0.00000,8.8498,-0.0350,-0.0657,0.1274,-0.0001,0.004,0.0652,0.0900,0.9130,23,0.054,0.00,0.00,0.00,20.33,0.0000,0.0000,10.02,1.00,50.00,DO_NOTHING,--,0.00,SUCCEEDED,2,0.050,2.4810,0.2400,6.6612,0.2485,0.0000,0.014
96.480,93.886,0.985,RETURN_HOME,obstacle1,9.0344,0.0188,-0.0189,0.463884,0.446531,0.144335,0.554,41,0.2667,-0.3541,0.0460,-0.446,0.00000,8.8501,-0.0351,-0.0657,0.0028,-0.0000,0.004,0.0480,0.0500,0.9200,25,0.054,0.00,0.00,0.00,19.31,0.0000,0.0000,9.98,1.00,50.00,DO_NOTHING,--,0.00,SUCCEEDED,2,0.050,2.4810,0.2400,6.6619,0.2485,0.0000,0.014
96.580,93.984,0.986,RETURN_HOME,obstacle1,9.0344,0.0188,-0.0189,0.463884,0.446531,0.144335,0.652,41,0.2667,-0.3541,0.0460,-0.448,0.00000,8.8501,-0.0351,-0.0657,-0.0000,0.0000,0.002,0.0480,0.0500,0.9200,25,0.052,1.00,0.00,0.00,18.15,0.0000,0.8462,9.98,1.00,49.90,DO_NOTHING,--,0.00,EXECUTING,211,11.143,-0.0190,-0.0100,6.6619,0.2485,0.0000,0.012
96.680,94.086,0.996,RETURN_HOME,obstacle1,9.0344,0.0188,-0.0189,0.463884,0.446531,0.144335,0.754,41,0.2667,-0.3541,0.0460,-0.446,0.00000,8.8501,-0.0351,-0.0537,0.0000,0.1232,0.004,0.0558,0.0750,0.9231,26,0.054,30.00,20.83,25.00,19.19,0.0000,0.7949,9.98,1.00,50.00,DO_NOTHING,--,0.00,EXECUTING,211,11.143,-0.0190,-0.0100,6.6619,0.2491,0.0109,0.014
96.781,94.186,0.997,RETURN_HOME,obstacle1,9.0344,0.0188,-0.0189,0.463884,0.446531,0.144335,0.854,41,0.2667,-0.3541,0.0460,-0.446,0.00000,8.8501,-0.0351,-0.0258,0.0000,0.2824,0.004,0.0582,0.1200,0.8889,27,0.054,29.70,20.00,21.43,19.71,0.0000,0.3200,10.02,1.00,49.60,DO_NOTHING,--,0.00,EXECUTING,211,11.143,-0.0190,-0.0100,6.6619,0.2513,0.0384,0.014
96.881,94.286,0.998,RETURN_HOME,obstacle1,9.0344,0.0188,-0.0189,0.463884,0.446531,0.144335,0.954,41,0.2667,-0.3541,0.0460,-0.446,0.00000,8.8501,-0.0351,0.0180,0.0000,0.4613,0.006,0.0415,0.1000,0.9286,28,0.054,30.00,20.16,20.83,21.13,0.0000,0.7436,10.02,1.00,50.00,DO_NOTHING,--,0.00,EXECUTING,211,11.143,-0.0190,-0.0100,6.6619,0.2549,0.0816,0.014
96.981,94.384,0.996,RETURN_HOME,obstacle1,9.0344,0.0188,-0.0189,0.463884,0.446531,0.144335,1.052,41,0.2667,-0.3541,0.0460,-0.448,0.00000,8.8501,-0.0351,0.0782,-0.0000,0.5937,0.002,0.0317,0.0883,0.9200,25,0.052,30.15,20.11,20.59,22.22,0.0000,0.7436,10.00,0.00,49.80,DO_NOTHING,--,0.00,EXECUTING,211,11.143,-0.0190,-0.0100,6.6619,0.2597,0.1398,0.012
97.080,94.480,0.991,RETURN_HOME,obstacle1,9.0344,0.0188,-0.0189,0.463884,0.446531,0.144335,1.148,41,0.2667,-0.3541,0.0460,-0.452,0.00000,8.8501,-0.0351,0.1357,-0.0000,0.7316,0.018,0.0259,0.1000,1.0000,27,0.048,30.24,20.00,20.55,23.33,0.0000,0.6923,10.00,0.00,50.00,DO_NOTHING,--,0.00,EXECUTING,211,11.143,-0.0190,-0.0100,6.6618,0.2650,0.2082,0.008
97.181,94.582,0.995,RETURN_HOME,obstacle1,9.0519,0.0233,0.2280,0.477705,0.453734,0.146959,0.050,42,0.2079,-0.3049,0.0411,-0.450,0.07669,8.8501,-0.0351,0.2061,0.0000,0.7816,0.020,0.0444,0.1200,0.8889,27,0.050,30.30,20.22,20.22,24.49,0.0474,1.0000,10.00,1.00,50.00,DO_NOTHING,--,0.00,EXECUTING,211,11.143,-0.0190,-0.0100,6.6618,0.2697,0.2726,0.010
97.280,94.678,0.992,RETURN_HOME,obstacle1,9.0519,0.0233,0.2280,0.477705,0.453734,0.146959,0.146,42,0.2079,-0.3049,0.0411,-0.454,0.00000,8.8526,-0.0344,0.2805,0.0267,0.7754,0.018,0.0785,0.1500,0.7200,25,0.046,30.35,20.19,20.31,25.61,0.0000,1.0000,10.02,1.00,50.00,DO_NOTHING,--,0.00,EXECUTING,211,11.143,-0.0190,-0.0100,6.6638,0.2745,0.3354,0.006
97.380,94.776,0.990,RETURN_HOME,obstacle1,9.0519,0.0233,0.2280,0.477705,0.453734,0.146959,0.244,42,0.2079,-0.3049,0.0411,-0.456,0.00000,8.8546,-0.0338,0.3687,0.0207,0.9039,0.014,0.0942,0.2750,0.7308,26,0.044,30.30,20.22,20.22,26.64,0.0000,1.0000,10.00,1.00,50.00,DO_NOTHING,--,0.00,EXECUTING,211,11.143,-0.0190,-0.0100,6.6664,0.2769,0.4059,0.004
97.480,94.868,0.982,RETURN_HOME,obstacle1,8.9452,0.0251,0.4536,0.524080,0.476581,0.162468,0.036,43,0.0914,-0.1368,0.0221,-0.464,0.20451,8.8554,-0.0334,0.4585,0.0105,1.0214,0.006,0.1261,0.3500,0.6154,26,0.036,30.54,20.19,20.33,28.99,0.0000,0.9487,10.11,3.40,50.00,DO_NOTHING,--,0.00,EXECUTING,211,11.143,-0.0190,-0.0100,6.6678,0.2754,0.4607,0.016
97.580,94.970,0.982,RETURN_HOME,obstacle1,8.9452,0.0251,0.4536,0.524080,0.476581,0.162468,0.138,43,0.0914,-0.1368,0.0221,-0.462,0.00000,8.8586,-0.0316,0.5394,0.0372,0.8154,0.008,0.1473,0.3500,0.4444,27,0.038,30.53,20.47,20.56,31.45,0.0632,0.8974,9.96,3.40,50.00,DO_NOTHING,--,0.00,EXECUTING,211,11.143,-0.0190,-0.0100,6.6696,0.2764,0.5200,0.018
97.681,95.070,0.982,RETURN_HOME,obstacle1,8.9452,0.0251,0.4536,0.524080,0.476581,0.162468,0.238,43,0.0914,-0.1368,0.0221,-0.462,0.00000,8.8655,-0.0271,0.6241,0.0833,0.8603,0.008,0.1515,0.3000,0.4286,28,0.038,30.43,20.39,20.61,30.53,0.1105,1.0000,9.91,3.40,50.00,DO_NOTHING,--,0.00,EXECUTING,216,11.272,-0.0190,-0.0100,6.6737,0.2815,0.5784,0.018
97.780,95.170,0.985,RETURN_HOME,obstacle1,8.8870,0.0450,0.6736,0.417054,0.443482,0.151813,0.038,44,0.0140,0.1596,-0.0106,-0.462,0.30631,8.8788,-0.0165,0.7109,0.1701,0.8679,0.008,0.1777,0.3200,0.4444,27,0.038,30.55,20.52,20.56,30.61,0.2526,0.8974,9.93,3.32,50.10,DO_NOTHING,--,0.00,EXECUTING,216,11.272,-0.0190,-0.0100,6.6837,0.2912,0.6399,0.018
97.880,95.270,0.984,RETURN_HOME,obstacle1,8.8870,0.0450,0.6736,0.417054,0.443482,0.151813,0.138,44,0.0140,0.1596,-0.0106,-0.462,0.00000,8.8966,0.0003,0.7987,0.2733,0.9771,0.008,0.1765,0.3500,0.3929,28,0.038,30.49,20.39,20.56,30.40,0.2526,0.8974,9.89,3.32,50.00,DO_NOTHING,--,0.00,EXECUTING,216,11.272,-0.0190,-0.0100,6.7011,0.3067,0.7047,0.018
97.981,95.366,0.983,RETURN_HOME,obstacle1,8.8870,0.0450,0.6736,0.417054,0.443482,0.151813,0.234,44,0.0140,0.1596,-0.0106,-0.466,0.00000,8.9125,0.0181,0.8839,0.2474,0.8846,0.004,0.1648,0.3950,0.4688,32,0.034,30.46,20.30,20.61,30.40,0.2368,0.8462,9.96,3.32,49.80,DO_NOTHING,--,0.00,EXECUTING,216,11.272,-0.0190,-0.0100,6.7191,0.3228,0.7690,0.014
98.081,95.434,0.947,RETURN_HOME,obstacle1,8.8870,0.0450,0.6736,0.417054,0.443482,0.151813,0.302,44,0.0140,0.1596,-0.0106,-0.398,0.00000,8.9215,0.0297,0.9355,0.2512,0.8858,0.012,0.1885,0.4850,0.4706,34,0.102,31.50,20.70,20.75,31.50,0.3000,0.8974,9.96,3.32,50.00,DO_NOTHING,--,0.00,EXECUTING,216,11.272,-0.0190,-0.0100,6.7327,0.3367,0.8207,0.002
98.180,95.532,0.950,RETURN_HOME,obstacle1,8.8716,0.0973,0.8932,0.431731,0.514574,0.160105,0.100,45,-0.0414,0.5183,-0.0507,-0.400,0.36299,8.9370,0.0527,1.0224,0.2811,0.8838,0.010,0.1978,0.4800,0.4571,35,0.100,31.76,20.92,20.92,31.76,0.3000,0.7949,10.04,3.34,50.00,DO_NOTHING,--,0.00,EXECUTING,216,11.272,-0.0190,-0.0100,6.7512,0.3575,0.8852,0.000
98.281,95.632,0.951,RETURN_HOME,obstacle1,8.8716,0.0973,0.8932,0.431731,0.514574,0.160105,0.200,45,-0.0414,0.5183,-0.0507,-0.400,0.00000,8.9514,0.0788,1.1037,0.2984,0.8134,0.010,0.1647,0.4200,0.5641,39,0.100,31.57,20.96,20.88,31.57,0.2842,0.7436,9.98,3.31,50.00,DO_NOTHING,--,0.00,EXECUTING,216,11.272,-0.0190,-0.0100,6.7695,0.3809,0.9414,0.000
98.380,95.728,0.952,RETURN_HOME,obstacle1,8.8716,0.0973,0.8932,0.431731,0.514574,0.160105,0.296,45,-0.0414,0.5183,-0.0507,-0.404,0.00000,8.9632,0.1045,1.1758,0.2823,0.7210,0.006,0.1837,0.5052,0.5750,40,0.096,31.89,21.05,21.28,31.89,0.3000,0.6923,10.02,3.31,50.00,DO_NOTHING,--,0.00,EXECUTING,216,11.272,-0.0190,-0.0100,6.7827,0.3990,0.9818,0.016
98.480,95.822,0.954,RETURN_HOME,obstacle1,8.8481,0.1825,1.1229,0.245765,0.360249,0.112825,0.090,46,-0.1067,0.6101,-0.0597,-0.410,0.11255,8.9735,0.1317,1.2410,0.3244,0.7249,0.000,0.1811,0.4950,0.5952,42,0.090,31.83,21.14,21.32,31.76,0.3000,0.4872,9.89,3.32,50.00,DO_NOTHING,--,0.00,EXECUTING,216,11.272,-0.0190,-0.0100,6.7982,0.4228,1.0286,0.010
98.580,95.916,0.946,RETURN_HOME,obstacle1,8.8481,0.1825,1.1229,0.245765,0.360249,0.112825,0.184,46,-0.1067,0.6101,-0.0597,-0.416,0.00000,8.9807,0.1543,1.2838,0.3027,0.5700,0.016,0.1628,0.4350,0.6591,44,0.084,31.63,21.01,20.92,31.57,0.2842,0.4359,10.07,3.36,50.00,DO_NOTHING,--,0.00,EXECUTING,216,11.272,-0.0190,-0.0100,6.8123,0.4480,1.0686,0.004
98.681,96.016,0.947,RETURN_HOME,obstacle1,8.8481,0.1825,1.1229,0.245765,0.360249,0.112825,0.284,46,-0.1067,0.6101,-0.0597,-0.416,0.00000,8.9881,0.1818,1.3284,0.2907,0.4539,0.014,0.1586,0.4500,0.6739,46,0.084,31.57,20.88,20.88,31.63,0.2842,1.0000,10.16,3.36,50.10,DO_NOTHING,--,0.00,EXECUTING,207,10.893,-0.0190,-0.0100,6.8249,0.4729,1.1023,0.004
98.780,96.112,0.942,RETURN_HOME,obstacle1,8.8481,0.1825,1.1229,0.245765,0.360249,0.112825,0.380,46,-0.1067,0.6101,-0.0597,-0.420,0.00000,8.9942,0.2091,1.3795,0.2798,0.5105,0.010,0.1838,0.5280,0.6383,47,0.080,31.70,21.05,21.01,31.51,0.2842,0.5959,10.09,3.36,50.00,DO_NOTHING,--,0.00,EXECUTING,207,10.893,-0.0190,-0.0100,6.8338,0.4927,1.1337,0.020
98.880,96.212,0.941,RETURN_HOME,obstacle1,8.8719,0.3084,1.3100,0.096682,0.185566,0.063304,0.080,47,-0.1085,0.8755,-0.0872,-0.420,0.26544,8.9986,0.2366,1.4464,0.2922,0.7016,0.010,0.1783,0.5059,0.6200,50,0.080,31.76,21.23,21.46,31.83,0.3000,0.8462,10.16,2.87,50.00,DO_NOTHING,--,0.00,EXECUTING,207,10.893,-0.0190,-0.0100,6.8430,0.5178,1.1855,0.020
98.981,96.308,0.942,RETURN_HOME,obstacle1,8.8719,0.3084,1.3100,0.096682,0.185566,0.063304,0.176,47,-0.1085,0.8755,-0.0872,-0.424,0.00000,9.0011,0.2659,1.5261,0.3402,0.9270,0.012,0.2111,0.5531,0.5577,52,0.076,31.89,21.28,21.28,31.89,0.3000,1.0000,10.04,2.87,50.31,DO_NOTHING,--,0.00,EXECUTING,207,10.893,-0.0190,-0.0100,6.8497,0.5447,1.2508,0.016
99.081,96.408,0.973,RETURN_HOME,obstacle1,8.8719,0.3084,1.3100,0.096682,0.185566,0.063304,0.276,47,-0.1085,0.8755,-0.0872,-0.424,0.00000,9.0011,0.2954,1.6204,0.2873,0.9199,0.006,0.2170,0.6048,0.5472,53,0.076,31.25,20.65,20.83,31.25,0.2842,0.8974,10.04,2.87,50.00,DO_NOTHING,--,0.00,EXECUTING,207,10.893,-0.0190,-0.0100,6.8528,0.5728,1.3317,0.016
99.181,96.508,0.973,RETURN_HOME,obstacle1,8.8826,0.3929,1.5229,0.136092,0.330988,0.075067,0.076,48,-0.0840,1.2305,-0.1269,-0.424,0.35587,8.9984,0.3239,1.7120,0.3093,0.9923,0.010,0.2251,0.6411,0.5741,54,0.076,31.19,20.56,20.79,31.19,0.3000,0.8462,10.00,2.87,50.20,DO_NOTHING,--,0.00,EXECUTING,207,10.893,-0.0190,-0.0100,6.8525,0.6009,1.4189,0.016
99.280,96.608,0.976,RETURN_HOME,obstacle1,8.8826,0.3929,1.5229,0.136092,0.330988,0.075067,0.176,48,-0.0840,1.2305,-0.1269,-0.424,0.00000,8.9929,0.3532,1.7969,0.2900,0.8236,0.006,0.2136,0.5912,0.5893,56,0.076,31.00,20.47,20.75,31.06,0.2842,0.7436,9.93,2.87,50.00,DO_NOTHING,--,0.00,EXECUTING,207,10.893,-0.0190,-0.0100,6.8498,0.6303,1.5043,0.016
99.381,96.708,0.984,RETURN_HOME,obstacle1,8.8826,0.3929,1.5229,0.136092,0.330988,0.075067,0.276,48,-0.0840,1.2305,-0.1269,-0.424,0.00000,8.9854,0.3807,1.8728,0.2876,0.7656,0.006,0.1926,0.5280,0.5789,57,0.076,30.61,20.47,20.65,30.55,0.3000,0.7436,10.04,2.87,50.00,DO_NOTHING,--,0.00,EXECUTING,207,10.893,-0.0190,-0.0100,6.8450,0.6591,1.5852,0.016
99.480,96.808,0.991,RETURN_HOME,obstacle1,8.8765,0.4834,1.7458,0.089832,0.238605,0.067295,0.076,49,-0.0646,1.4312,-0.1489,-0.424,0.20161,8.9755,0.4088,1.9467,0.2978,0.7394,0.006,0.1884,0.5210,0.5690,58,0.076,30.43,20.34,20.65,30.49,0.2684,0.7949,9.91,3.33,50.00,DO_NOTHING,--,0.00,EXECUTING,207,10.893,-0.0190,-0.0100,6.8374,0.6886,1.6613,0.016
99.580,96.908,0.992,RETURN_HOME,obstacle1,8.8765,0.4834,1.7458,0.089832,0.238605,0.067295,0.176,49,-0.0646,1.4312,-0.1489,-0.424,0.00000,8.9646,0.4337,2.0255,0.3063,0.8877,0.012,0.1735,0.4620,0.6271,59,0.076,30.27,20.17,20.17,30.27,0.2684,0.7949,9.93,3.33,50.20,DO_NOTHING,--,0.00,EXECUTING,207,10.893,-0.0190,-0.0100,6.8279,0.7162,1.7375,0.016
99.680,97.008,0.992,RETURN_HOME,obstacle1,8.8765,0.4834,1.7458,0.089832,0.238605,0.067295,0.276,49,-0.0646,1.4312,-0.1489,-0.424,0.00000,8.9506,0.4598,2.0955,0.2907,0.6807,0.006,0.1562,0.4061,0.6500,60,0.076,30.18,20.21,20.17,30.24,0.3000,0.3846,9.93,3.33,50.00,DO_NOTHING,--,0.00,EXECUTING,200,10.536,-0.0190,-0.0100,6.8169,0.7445,1.8050,0.016
99.781,97.102,0.988,RETURN_HOME,obstacle1,8.8509,0.5638,1.9319,0.070884,0.181700,0.057741,0.070,50,-0.0308,1.7317,-0.1830,-0.430,0.30241,8.9348,0.4853,2.1527,0.3025,0.5767,0.000,0.1697,0.4625,0.6333,60,0.070,30.27,20.17,20.13,30.21,0.3000,0.5323,9.96,3.34,50.00,DO_NOTHING,--,0.00,EXECUTING,200,10.536,-0.0190,-0.0100,6.8053,0.7735,1.8586,0.010
99.881,97.202,0.993,RETURN_HOME,obstacle1,8.8509,0.5638,1.9319,0.070884,0.181700,0.057741,0.170,50,-0.0308,1.7317,-0.1830,-0.430,0.00000,8.9178,0.5098,2.2034,0.3010,0.5110,0.000,0.1549,0.4074,0.6500,60,0.070,30.24,20.21,20.17,30.30,0.3000,0.2821,9.98,3.34,50.00,DO_NOTHING,--,0.00,EXECUTING,200,10.536,-0.0190,-0.0100,6.7934,0.8019,1.9029,0.010
99.980,97.298,0.991,RETURN_HOME,obstacle1,8.8509,0.5638,1.9319,0.070884,0.181700,0.057741,0.266,50,-0.0308,1.7317,-0.1830,-0.434,0.00000,8.9033,0.5289,2.2356,0.3108,0.4419,0.016,0.1517,0.4050,0.6667,60,0.066,30.30,20.13,20.30,30.30,0.2842,0.2308,9.93,3.34,50.00,DO_NOTHING,--,0.00,EXECUTING,200,10.536,-0.0190,-0.0100,6.7810,0.8299,1.9381,0.006
100.081,97.400,0.991,RETURN_HOME,obstacle1,8.8509,0.5638,1.9319,0.070884,0.181700,0.057741,0.368,50,-0.0308,1.7317,-0.1830,-0.432,0.00000,8.8853,0.5512,2.2630,0.2894,0.2769,0.018,0.1559,0.4211,0.6500,60,0.068,30.24,20.26,20.13,30.24,0.2842,0.1795,9.98,3.34,50.00,DO_NOTHING,--,0.00,EXECUTING,200,10.536,-0.0190,-0.0100,6.7692,0.8564,1.9602,0.008
100.181,97.498,0.989,RETURN_HOME,obstacle1,8.8509,0.5638,1.9319,0.070884,0.181700,0.057741,0.466,50,-0.0308,1.7317,-0.1830,-0.434,0.00000,8.8670,0.5729,2.2815,0.3867,0.2494,0.016,0.1460,0.3877,0.7000,60,0.066,30.24,20.21,20.21,30.24,0.3000,0.1282,10.00,3.36,49.70,DO_NOTHING,--,0.00,EXECUTING,200,10.536,-0.0190,-0.0100,6.7576,0.8825,1.9747,0.006
100.281,97.600,0.991,RETURN_HOME,obstacle1,8.8509,0.5638,1.9319,0.070884,0.181700,0.057741,0.568,50,-0.0308,1.7317,-0.1830,-0.432,0.00000,8.8477,0.5950,2.2929,0.3039,0.1206,0.018,0.1383,0.3827,0.7000,60,0.068,30.36,20.26,20.21,30.36,0.3000,0.1282,10.02,3.36,50.00,DO_NOTHING,--,0.00,EXECUTING,200,10.536,-0.0190,-0.0100,6.7457,0.9091,1.9816,0.008
100.381,97.696,0.988,RETURN_HOME,obstacle1,8.8509,0.5638,1.9319,0.070884,0.181700,0.057741,0.664,50,-0.0308,1.7317,-0.1830,-0.436,0.00000,8.8280,0.6171,2.3031,0.2960,0.1019,0.014,0.1390,0.3877,0.6500,60,0.064,30.43,20.30,20.21,30.49,0.3000,0.1795,10.04,3.36,50.00,DO_NOTHING,--,0.00,EXECUTING,200,10.536,-0.0190,-0.0100,6.7336,0.9359,1.9879,0.004
100.480,97.794,0.986,RETURN_HOME,obstacle1,8.8509,0.5638,1.9319,0.070884,0.181700,0.057741,0.762,50,-0.0308,1.7317,-0.1830,-0.438,0.00000,8.8082,0.6389,2.3166,0.2974,0.1357,0.012,0.1453,0.4050,0.6833,60,0.062,30.43,20.30,20.21,30.43,0.3000,0.1282,10.07,1.00,50.00,DO_NOTHING,--,0.00,EXECUTING,200,10.536,-0.0190,-0.0100,6.7213,0.9623,1.9965,0.002
100.580,97.892,0.984,RETURN_HOME,obstacle1,8.7340,0.7837,2.0981,0.031106,0.093978,0.064412,0.060,51,0.0127,2.1110,-0.2248,-0.440,0.38176,8.7879,0.6605,2.3278,0.3292,0.1241,0.010,0.1459,0.4050,0.7167,60,0.060,30.80,20.30,20.30,30.61,0.3000,0.1795,10.02,1.25,49.80,DO_NOTHING,--,0.00,EXECUTING,200,10.536,-0.0190,-0.0100,6.7089,0.9889,2.0033,0.000
100.680,97.990,0.982,RETURN_HOME,obstacle1,8.7340,0.7837,2.0981,0.031106,0.093978,0.064412,0.158,51,0.0127,2.1110,-0.2248,-0.442,0.00000,8.7675,0.6818,2.3419,0.2951,0.1406,0.008,0.1586,0.4550,0.6667,60,0.058,30.55,20.43,20.65,30.55,0.3000,0.0769,10.07,1.25,50.00,DO_NOTHING,--,0.00,EXECUTING,200,10.536,-0.0190,-0.0100,6.6987,1.0099,2.0106,0.018
100.780,98.088,0.987,RETURN_HOME,obstacle1,8.7340,0.7837,2.0981,0.031106,0.093978,0.064412,0.256,51,0.0127,2.1110,-0.2248,-0.444,0.00000,8.7467,0.7031,2.3497,0.2998,0.0786,0.006,0.1793,0.5050,0.6500,60,0.056,30.80,20.39,20.56,30.80,0.3000,0.0769,10.00,1.00,50.00,DO_NOTHING,--,0.00,EXECUTING,195,10.243,-0.0190,-0.0100,6.6859,1.0365,2.0161,0.016
100.881,98.182,0.980,RETURN_HOME,obstacle1,8.7340,0.7837,2.0981,0.031106,0.093978,0.064412,0.350,51,0.0127,2.1110,-0.2248,-0.450,0.00000,8.7257,0.7242,2.3560,0.3167,0.0670,0.002,0.1788,0.5050,0.6333,60,0.050,30.67,20.43,20.65,30.61,0.3000,0.0769,10.09,1.00,50.00,DO_NOTHING,--,0.00,EXECUTING,195,10.243,-0.0190,-0.0100,6.6729,1.0631,2.0201,0.010
100.981,98.280,0.977,RETURN_HOME,obstacle1,8.7340,0.7837,2.0981,0.031106,0.093978,0.064412,0.448,51,0.0127,2.1110,-0.2248,-0.452,0.00000,8.7046,0.7452,2.3624,0.3008,0.0651,0.000,0.1612,0.4550,0.6500,60,0.048,30.49,20.39,20.39,30.55,0.2842,0.1282,9.93,1.00,50.10,DO_NOTHING,--,0.00,EXECUTING,195,10.243,-0.0190,-0.0100,6.6603,1.0897,2.0245,0.008
101.080,98.380,0.980,RETURN_HOME,obstacle1,8.7340,0.7837,2.0981,0.031106,0.093978,0.064412,0.548,51,0.0127,2.1110,-0.2248,-0.452,0.00000,8.6889,0.7606,2.3677,0.2828,0.0682,0.018,0.1614,0.4050,0.6667,60,0.048,30.55,20.34,20.34,30.55,0.2684,0.1282,9.91,1.00,50.00,DO_NOTHING,--,0.00,EXECUTING,195,10.243,-0.0190,-0.0100,6.6486,1.1138,2.0259,0.008
101.181,98.476,0.973,RETURN_HOME,obstacle1,8.7340,0.7837,2.0981,0.031106,0.093978,0.064412,0.644,51,0.0127,2.1110,-0.2248,-0.456,0.00000,8.6701,0.7789,2.3740,0.2620,0.0632,0.014,0.1725,0.4100,0.6167,60,0.044,30.61,20.43,20.17,30.15,0.2684,0.1282,9.91,1.00,50.10,DO_NOTHING,--,0.00,EXECUTING,195,10.243,-0.0190,-0.0100,6.6376,1.1362,2.0260,0.004
101.281,98.580,0.980,RETURN_HOME,obstacle1,8.7340,0.7837,2.0981,0.031106,0.093978,0.064412,0.748,51,0.0127,2.1110,-0.2248,-0.452,0.00000,8.6498,0.7984,2.3804,0.3211,0.0735,0.018,0.1839,0.4550,0.5167,60,0.048,30.55,20.43,20.17,30.49,0.3000,0.1282,9.87,1.00,49.90,DO_NOTHING,--,0.00,EXECUTING,195,10.243,-0.0190,-0.0100,6.6256,1.1607,2.0260,0.008
101.381,98.678,0.982,RETURN_HOME,obstacle1,8.7340,0.7837,2.0981,0.031106,0.093978,0.064412,0.846,51,0.0127,2.1110,-0.2248,-0.454,0.00000,8.6287,0.8183,2.3869,0.2929,0.0653,0.016,0.1966,0.4550,0.5000,60,0.046,30.55,20.30,20.17,30.55,0.3000,0.1282,9.98,1.00,50.00,DO_NOTHING,--,0.00,EXECUTING,195,10.243,-0.0190,-0.0100,6.6133,1.1859,2.0260,0.006
101.480,98.774,0.980,RETURN_HOME,obstacle1,8.7340,0.7837,2.0981,0.031106,0.093978,0.064412,0.942,51,0.0127,2.1110,-0.2248,-0.458,0.00000,8.6074,0.8382,2.3935,0.2931,0.0667,0.012,0.2045,0.4769,0.4667,60,0.042,30.55,20.30,20.26,30.33,0.3000,0.1282,10.02,1.00,50.00,DO_NOTHING,--,0.00,EXECUTING,195,10.243,-0.0190,-0.0100,6.6010,1.2110,2.0260,0.002
101.581,98.872,0.980,RETURN_HOME,obstacle1,8.7340,0.7837,2.0981,0.031106,0.093978,0.064412,1.040,51,0.0127,2.1110,-0.2248,-0.460,0.00000,8.5870,0.8570,2.4004,0.2785,0.0684,0.010,0.2128,0.4940,0.4237,59,0.040,30.36,20.43,20.21,30.55,0.3000,0.1282,9.96,0.00,50.00,DO_NOTHING,--,0.00,EXECUTING,195,10.243,-0.0190,-0.0100,6.5893,1.2350,2.0262,0.000
101.680,98.968,0.978,RETURN_HOME,obstacle1,8.7340,0.7837,2.0981,0.031106,0.093978,0.064412,1.136,51,0.0127,2.1110,-0.2248,-0.464,0.00000,8.5655,0.8765,2.4083,0.2897,0.0789,0.006,0.2201,0.5518,0.4576,59,0.036,30.80,20.39,20.08,30.74,0.2842,0.1282,10.02,0.00,50.00,DO_NOTHING,--,0.00,EXECUTING,195,10.243,-0.0190,-0.0100,6.5791,1.2553,2.0286,0.016
101.781,99.068,0.985,RETURN_HOME,obstacle1,8.7340,0.7837,2.0981,0.031106,0.093978,0.064412,1.236,51,0.0127,2.1110,-0.2248,-0.464,0.00000,8.5441,0.8957,2.4198,0.3029,0.1224,0.006,0.2071,0.4550,0.3833,60,0.036,30.49,20.43,20.65,30.43,0.2684,0.1282,9.93,0.00,50.00,DO_NOTHING,--,0.00,EXECUTING,190,9.952,-0.0190,-0.0100,6.5714,1.2770,2.0900,0.016
101.881,99.162,0.980,RETURN_HOME,obstacle1,8.5385,1.0878,2.1902,0.032912,0.084717,0.084463,0.030,52,0.0360,2.2219,-0.2387,-0.470,0.11333,8.5237,0.9134,2.4326,0.2722,0.1287,0.000,0.1413,0.2500,0.4667,60,0.030,30.61,20.34,20.56,30.61,0.2842,0.1282,10.09,1.00,50.10,DO_NOTHING,--,0.00,EXECUTING,190,9.952,-0.0190,-0.0100,6.5684,1.2906,2.1808,0.010
101.981,99.262,0.983,RETURN_HOME,obstacle1,8.5385,1.0878,2.1902,0.032912,0.084717,0.084463,0.130,52,0.0360,2.2219,-0.2387,-0.470,0.00000,8.5021,0.9317,2.4448,0.2903,0.1249,0.002,0.0947,0.2500,0.6500,60,0.030,30.61,20.47,20.26,30.55,0.3000,0.1795,10.14,1.00,50.00,DO_NOTHING,--,0.00,EXECUTING,190,9.952,-0.0190,-0.0100,6.5649,1.3018,2.2636,0.010
102.081,99.358,0.980,RETURN_HOME,obstacle1,8.5385,1.0878,2.1902,0.032912,0.084717,0.084463,0.226,52,0.0360,2.2219,-0.2387,-0.474,0.00000,8.4837,0.9468,2.4585,0.3308,0.1809,0.016,0.1256,0.3500,0.6552,58,0.026,30.67,20.43,20.39,30.67,0.2842,0.1282,10.07,1.00,50.00,DO_NOTHING,--,0.00,EXECUTING,190,9.952,-0.0190,-0.0100,6.5603,1.3125,2.3439,0.006
102.181,99.458,0.982,RETURN_HOME,obstacle1,8.5385,1.0878,2.1902,0.032912,0.084717,0.084463,0.326,52,0.0360,2.2219,-0.2387,-0.474,0.00000,8.4613,0.9648,2.4727,0.2922,0.1455,0.016,0.1402,0.3900,0.6415,53,0.026,30.61,20.56,20.21,31.06,0.2526,0.1795,10.18,1.00,50.00,DO_NOTHING,--,0.00,EXECUTING,190,9.952,-0.0190,-0.0100,6.5552,1.3220,2.4156,0.006
102.281,99.552,0.971,RETURN_HOME,obstacle1,8.5385,1.0878,2.1902,0.032912,0.084717,0.084463,0.420,52,0.0360,2.2219,-0.2387,-0.480,0.00000,8.4408,0.9807,2.4897,0.2622,0.1712,0.010,0.1785,0.4500,0.5000,48,0.020,31.06,20.52,20.45,30.74,0.2526,0.1795,10.12,1.00,50.10,DO_NOTHING,--,0.00,EXECUTING,190,9.952,-0.0190,-0.0100,6.5500,1.3302,2.4782,0.000
102.381,99.654,0.977,RETURN_HOME,obstacle1,8.5385,1.0878,2.1902,0.032912,0.084717,0.084463,0.522,52,0.0360,2.2219,-0.2387,-0.478,0.00000,8.4206,0.9959,2.5005,0.2566,0.1090,0.012,0.2112,0.5250,0.4783,46,0.022,30.67,20.56,20.30,31.00,0.3000,0.1282,10.00,1.00,50.00,DO_NOTHING,--,0.00,EXECUTING,190,9.952,-0.0190,-0.0100,6.5449,1.3373,2.5345,0.002
102.481,99.754,0.980,RETURN_HOME,obstacle1,8.5385,1.0878,2.1902,0.032912,0.084717,0.084463,0.622,52,0.0360,2.2219,-0.2387,-0.478,0.00000,8.3977,1.0129,2.5120,0.3129,0.1253,0.012,0.2273,0.6015,0.4545,44,0.022,30.74,20.43,20.21,30.67,0.2053,0.1282,10.00,1.00,50.00,DO_NOTHING,--,0.00,EXECUTING,190,9.952,-0.0190,-0.0100,6.5388,1.3447,2.5962,0.002
102.581,99.852,0.982,RETURN_HOME,obstacle1,8.5385,1.0878,2.1902,0.032912,0.084717,0.084463,0.720,52,0.0360,2.2219,-0.2387,-0.480,0.00000,8.3780,1.0270,2.5248,0.2536,0.1351,0.010,0.2553,0.7000,0.3636,44,0.020,30.61,20.43,20.17,30.61,0.1895,0.1282,9.96,1.00,49.90,DO_NOTHING,--,0.00,EXECUTING,190,9.952,-0.0190,-0.0100,6.5316,1.3526,2.6650,0.000
102.680,99.946,0.976,RETURN_HOME,obstacle1,8.5385,1.0878,2.1902,0.032912,0.084717,0.084463,0.814,52,0.0360,2.2219,-0.2387,-0.486,0.00000,8.3624,1.0380,2.5376,0.1926,0.1293,0.004,0.2973,0.7950,0.3095,42,0.014,31.31,20.30,20.58,31.31,0.1737,0.1282,9.98,1.00,50.00,DO_NOTHING,--,0.00,EXECUTING,190,9.952,-0.0190,-0.0100,6.5259,1.3588,2.7213,0.014
102.781,100.046,0.982,RETURN_HOME,obstacle1,8.5385,1.0878,2.1902,0.032912,0.084717,0.084463,0.914,52,0.0360,2.2219,-0.2387,-0.486,0.00000,8.3479,1.0478,2.5505,0.1833,0.1342,0.004,0.3188,0.8609,0.2857,42,0.014,30.72,20.52,20.70,30.79,0.1737,0.1282,9.98,1.00,49.90,DO_NOTHING,--,0.00,EXECUTING,188,9.876,-0.0190,-0.0100,6.5187,1.3656,2.7884,0.014
102.881,100.056,0.894,RETURN_HOME,obstacle1,8.5385,1.0878,2.1902,0.032912,0.084717,0.084463,0.924,52,0.0360,2.2219,-0.2387,-0.476,0.00000,8.3479,1.0478,2.5505,0.1833,0.1342,0.014,0.3188,0.8609,0.2857,42,0.024,31.31,21.30,20.70,32.39,0.2526,-0.2821,9.98,1.00,49.90,DO_NOTHING,--,0.00,EXECUTING,188,9.876,-0.0190,-0.0100,6.5173,1.3669,2.8016,0.004
102.981,100.120,0.846,RETURN_HOME,obstacle1,8.5385,1.0878,2.1902,0.032912,0.084717,0.084463,0.988,52,0.0360,2.2219,-0.2387,-0.412,0.00000,8.3378,1.0545,2.5547,0.1895,0.0965,0.018,0.3216,0.8609,0.2619,42,0.088,33.40,22.77,21.52,34.41,0.2526,-0.1795,9.98,1.00,50.00,DO_NOTHING,--,0.00,EXECUTING,188,9.876,-0.0190,-0.0100,6.5122,1.3712,2.8466,0.008
103.080,100.222,0.864,RETURN_HOME,obstacle1,8.5385,1.0878,2.1902,0.032912,0.084717,0.084463,1.090,52,0.0360,2.2219,-0.2387,-0.410,0.00000,8.3174,1.0683,2.5421,0.2478,-0.1263,0.020,0.3598,0.8162,0.2250,40,0.090,33.33,23.13,21.92,34.34,0.2368,-0.1795,10.02,0.00,50.00,DO_NOTHING,--,0.00,EXECUTING,188,9.876,-0.0190,-0.0100,6.5028,1.3782,2.9256,0.010
103.181,100.322,0.856,RETURN_HOME,obstacle1,8.5385,1.0878,2.1902,0.032912,0.084717,0.084463,1.190,52,0.0360,2.2219,-0.2387,-0.410,0.00000,8.2986,1.0813,2.5306,0.2396,-0.1301,0.020,0.3851,0.8600,0.1795,39,0.090,33.33,22.98,21.87,34.38,0.2368,-0.1795,10.02,0.00,50.00,DO_NOTHING,--,0.00,EXECUTING,188,9.876,-0.0190,-0.0100,6.4887,1.3841,2.9668,0.010
103.281,100.422,0.870,RETURN_HOME,obstacle1,8.5385,1.0878,2.1902,0.032912,0.084717,0.084463,1.290,52,0.0360,2.2219,-0.2387,-0.410,0.00000,8.2803,1.0944,2.5136,0.2356,-0.1762,0.020,0.3641,0.8515,0.2250,40,0.090,33.54,22.98,22.11,34.48,0.0789,-0.2308,10.02,0.00,50.00,DO_NOTHING,--,0.00,EXECUTING,188,9.876,-0.0190,-0.0100,6.4667,1.3894,2.9509,0.010
103.381,100.522,0.868,RETURN_HOME,obstacle1,8.3311,1.2960,2.3346,0.050794,0.117488,0.118995,0.090,53,-0.0095,1.6408,-0.1732,-0.410,0.58289,8.2680,1.1034,2.4918,0.1538,-0.2195,0.020,0.3798,0.8625,0.1795,39,0.090,33.47,22.98,22.01,34.41,0.1263,-0.3846,10.04,1.00,50.00,DO_NOTHING,--,0.00,EXECUTING,188,9.876,-0.0190,-0.0100,6.4519,1.3928,2.9364,0.010
103.480,100.622,0.868,RETURN_HOME,obstacle1,8.3311,1.2960,2.3346,0.050794,0.117488,0.118995,0.190,53,-0.0095,1.6408,-0.1732,-0.410,0.00000,8.2601,1.1096,2.4708,0.1047,-0.2182,0.020,0.3617,0.7800,0.1842,38,0.090,33.40,22.93,21.97,34.41,0.1263,-0.4872,10.00,1.00,50.00,DO_NOTHING,--,0.00,EXECUTING,188,9.876,-0.0190,-0.0100,6.4442,1.3948,2.9308,0.010
103.582,100.722,0.861,RETURN_HOME,obstacle1,8.3311,1.2960,2.3346,0.050794,0.117488,0.118995,0.290,53,-0.0095,1.6408,-0.1732,-0.410,0.00000,8.2529,1.1154,2.4473,0.0942,-0.2382,0.020,0.3602,0.7655,0.2105,38,0.090,33.33,22.88,21.92,34.41,0.1105,-0.4359,10.04,1.00,50.00,DO_NOTHING,--,0.00,EXECUTING,188,9.876,-0.0190,-0.0100,6.4388,1.3960,2.9307,0.010
103.680,100.822,0.876,RETURN_HOME,obstacle1,8.3311,1.2960,2.3346,0.050794,0.117488,0.118995,0.390,53,-0.0095,1.6408,-0.1732,-0.410,0.00000,8.2467,1.1207,2.4245,0.0807,-0.2281,0.020,0.3555,0.7517,0.2105,38,0.090,33.40,22.88,21.97,34.41,0.1421,-0.7436,10.04,1.00,49.90,DO_NOTHING,--,0.00,EXECUTING,188,9.876,-0.0190,-0.0100,6.4343,1.3970,2.9306,0.010
103.785,100.918,0.953,RETURN_HOME,obstacle1,8.3311,1.2960,2.3346,0.050794,0.117488,0.118995,0.486,53,-0.0095,1.6408,-0.1732,-0.414,0.00000,8.2406,1.1262,2.3998,0.0835,-0.2490,0.016,0.3594,0.8500,0.1842,38,0.086,33.33,22.68,21.83,34.38,0.1192,-0.5000,10.04,1.00,50.00,DO_NOTHING,--,16.67,EXECUTING,192,10.486,-0.0190,-0.0100,6.4298,1.3979,2.9305,0.006
103.881,101.020,1.000,RETURN_HOME,obstacle1,8.3311,1.2960,2.3346,0.050794,0.117488,0.118995,0.588,53,-0.0095,1.6408,-0.1732,-0.412,0.00000,8.2348,1.1316,2.3736,0.0806,-0.2655,0.018,0.3434,0.7300,0.1842,38,0.088,33.06,22.78,21.79,34.09,0.2842,-0.6410,9.98,1.00,50.10,DO_NOTHING,--,18.07,EXECUTING,192,10.486,-0.0190,-0.0100,6.4260,1.3988,2.9303,0.008
103.981,101.116,0.997,RETURN_HOME,obstacle1,8.3311,1.2960,2.3346,0.050794,0.117488,0.118995,0.684,53,-0.0095,1.6408,-0.1732,-0.416,0.00000,8.2264,1.1399,2.3472,0.1177,-0.2646,0.014,0.3372,0.7200,0.2368,38,0.084,30.18,20.08,19.79,30.18,0.2842,-0.4872,10.00,1.00,50.10,DO_NOTHING,--,18.94,EXECUTING,192,10.486,-0.0190,-0.0100,6.4177,1.4006,2.9303,0.004
104.081,101.216,0.994,RETURN_HOME,obstacle1,8.3311,1.2960,2.3346,0.050794,0.117488,0.118995,0.784,53,-0.0095,1.6408,-0.1732,-0.416,0.00000,8.2122,1.1548,2.3211,0.2374,-0.2975,0.014,0.3386,0.6780,0.2368,38,0.084,30.06,20.17,19.79,29.96,0.2842,-0.4872,10.00,1.00,49.90,DO_NOTHING,--,18.94,EXECUTING,192,10.486,-0.0190,-0.0100,6.4006,1.4043,2.9301,0.004
104.181,101.312,0.988,RETURN_HOME,obstacle1,8.3311,1.2960,2.3346,0.050794,0.117488,0.118995,0.880,53,-0.0095,1.6408,-0.1732,-0.420,0.00000,8.1964,1.1723,2.2867,0.2372,-0.3457,0.010,0.3247,0.6639,0.2632,38,0.080,30.43,20.21,20.17,30.49,0.2842,-0.5897,10.00,1.00,50.00,DO_NOTHING,--,15.22,EXECUTING,192,10.486,-0.0190,-0.0100,6.3803,1.4113,2.9120,0.000
104.281,101.412,0.989,RETURN_HOME,obstacle1,8.2348,1.3312,2.1859,0.059797,0.091397,0.134829,0.080,54,-0.0266,0.8459,-0.0842,-0.420,0.79503,8.1814,1.1903,2.2488,0.2466,-0.4017,0.010,0.3486,0.7776,0.2162,37,0.080,30.24,20.21,19.79,30.24,0.3000,-0.7436,9.89,1.10,50.00,DO_NOTHING,--,16.07,EXECUTING,192,10.486,-0.0190,-0.0100,6.3606,1.4201,2.9049,0.000
104.380,101.508,0.986,RETURN_HOME,obstacle1,8.2348,1.3312,2.1859,0.059797,0.091397,0.134829,0.176,54,-0.0266,0.8459,-0.0842,-0.424,0.00000,8.1682,1.2071,2.2231,0.2221,-0.2672,0.006,0.3328,0.7400,0.2162,37,0.076,30.36,20.30,20.04,30.36,0.3000,-0.6410,10.07,1.00,50.00,DO_NOTHING,--,17.03,EXECUTING,192,10.486,-0.0190,-0.0100,6.3462,1.4236,2.9049,0.016
104.481,101.608,0.985,RETURN_HOME,obstacle1,8.2348,1.3312,2.1859,0.059797,0.091397,0.134829,0.276,54,-0.0266,0.8459,-0.0842,-0.424,0.00000,8.1560,1.2236,2.1959,0.2117,-0.2764,0.006,0.3333,0.6568,0.2432,37,0.076,30.43,20.30,20.08,30.36,0.2842,-0.7436,9.93,1.00,50.00,DO_NOTHING,--,17.43,EXECUTING,192,10.486,-0.0190,-0.0100,6.3293,1.4279,2.9020,0.016
104.580,101.706,0.985,RETURN_HOME,obstacle1,8.2348,1.3312,2.1859,0.059797,0.091397,0.134829,0.374,54,-0.0266,0.8459,-0.0842,-0.426,0.00000,8.1445,1.2401,2.1587,0.2058,-0.3801,0.004,0.3261,0.6650,0.2632,38,0.074,30.49,20.34,20.13,30.49,0.3000,-0.7436,9.80,1.00,50.10,SLOWDOWN,PolygonSlow,17.41,EXECUTING,192,10.486,-0.0190,-0.0100,6.3106,1.4346,2.8758,0.014
104.681,101.808,0.994,RETURN_HOME,obstacle1,8.2348,1.3312,2.1859,0.059797,0.091397,0.134829,0.476,54,-0.0266,0.8459,-0.0842,-0.424,0.00000,8.1382,1.2498,2.1343,0.1226,-0.2593,0.008,0.3298,0.6900,0.1892,37,0.076,30.43,20.34,20.13,30.49,0.3000,-0.8462,9.96,1.00,50.10,SLOWDOWN,PolygonSlow,17.41,EXECUTING,192,10.486,-0.0190,-0.0100,6.2990,1.4394,2.8535,0.016
104.781,101.904,0.990,RETURN_HOME,obstacle1,8.2348,1.3312,2.1859,0.059797,0.091397,0.134829,0.572,54,-0.0266,0.8459,-0.0842,-0.428,0.00000,8.1346,1.2556,2.1183,0.0671,-0.1568,0.002,0.3259,0.7294,0.2368,38,0.072,30.49,20.34,20.30,30.61,0.2842,-0.7436,9.89,1.00,50.00,SLOWDOWN,PolygonSlow,17.19,EXECUTING,192,10.486,-0.0190,-0.0100,6.2927,1.4422,2.8409,0.012
104.881,102.006,0.986,RETURN_HOME,obstacle1,8.2348,1.3312,2.1859,0.059797,0.091397,0.134829,0.674,54,-0.0266,0.8459,-0.0842,-0.426,0.00000,8.1306,1.2623,2.1003,0.0883,-0.2032,0.004,0.3481,0.7623,0.1892,37,0.074,30.36,20.34,20.39,30.40,0.0478,-0.1500,9.96,1.00,50.00,SLOWDOWN,PolygonSlow,16.72,EXECUTING,261,13.681,-0.0190,-0.0100,6.2858,1.4453,2.8269,0.014
104.980,102.096,0.980,RETURN_HOME,obstacle1,8.2348,1.3312,2.1859,0.059797,0.091397,0.134829,0.764,54,-0.0266,0.8459,-0.0842,-0.436,0.00000,8.1282,1.2665,2.0860,0.0572,-0.1694,0.014,0.3366,0.6150,0.1842,38,0.064,30.61,20.43,20.17,30.55,0.1737,-1.0000,10.00,1.00,50.00,SLOWDOWN,PolygonSlow,20.00,EXECUTING,261,13.681,-0.0190,-0.0100,6.2806,1.4480,2.8121,0.004
105.081,102.198,0.985,RETURN_HOME,obstacle1,8.2348,1.3312,2.1859,0.059797,0.091397,0.134829,0.866,54,-0.0266,0.8459,-0.0842,-0.434,0.00000,8.1260,1.2703,2.0690,0.0435,-0.1711,0.016,0.3167,0.6034,0.1842,38,0.066,30.67,20.43,20.17,30.61,0.1737,-1.0000,9.89,1.00,50.10,SLOWDOWN,PolygonSlow,20.00,EXECUTING,261,13.681,-0.0190,-0.0100,6.2768,1.4502,2.7983,0.006
105.180,102.292,0.981,RETURN_HOME,obstacle1,8.1450,1.3961,2.0532,0.068797,0.075008,0.147932,0.060,55,0.0098,0.1899,-0.0081,-0.440,0.65708,8.1245,1.2732,2.0535,0.0332,-0.1549,0.010,0.3099,0.6086,0.2432,37,0.060,30.55,20.52,20.74,30.55,0.1579,-1.0000,10.11,1.12,50.00,SLOWDOWN,PolygonSlow,19.87,EXECUTING,261,13.681,-0.0190,-0.0100,6.2745,1.4516,2.7889,0.020
105.280,102.392,0.980,RETURN_HOME,obstacle1,8.1450,1.3961,2.0532,0.068797,0.075008,0.147932,0.160,55,0.0098,0.1899,-0.0081,-0.440,0.00000,8.1226,1.2769,2.0358,0.0417,-0.1795,0.010,0.3302,0.6707,0.2162,37,0.060,30.67,20.47,20.13,30.67,0.1579,-1.0000,9.91,1.00,50.00,SLOWDOWN,PolygonSlow,19.61,EXECUTING,261,13.681,-0.0190,-0.0100,6.2713,1.4537,2.7752,0.020
105.381,102.486,0.976,RETURN_HOME,obstacle1,8.1450,1.3961,2.0532,0.068797,0.075008,0.147932,0.254,55,0.0098,0.1899,-0.0081,-0.446,0.00000,8.1211,1.2800,2.0192,0.0357,-0.1679,0.004,0.3208,0.6200,0.2432,37,0.054,30.74,20.65,20.74,30.74,0.1421,-1.0000,10.02,1.00,50.10,SLOWDOWN,PolygonSlow,20.41,EXECUTING,261,13.681,-0.0190,-0.0100,6.2679,1.4559,2.7610,0.014
105.481,102.584,0.975,RETURN_HOME,obstacle1,8.1450,1.3961,2.0532,0.068797,0.075008,0.147932,0.352,55,0.0098,0.1899,-0.0081,-0.448,0.00000,8.1198,1.2827,2.0027,0.0302,-0.1667,0.002,0.3094,0.5500,0.1892,37,0.052,30.67,20.47,20.65,30.74,0.1421,-1.0000,10.16,1.00,49.90,SLOWDOWN,PolygonSlow,1.00,EXECUTING,261,13.681,-0.0190,-0.0100,6.2654,1.4577,2.7477,0.012
105.580,102.680,0.969,RETURN_HOME,obstacle1,8.1450,1.3961,2.0532,0.068797,0.075008,0.147932,0.448,55,0.0098,0.1899,-0.0081,-0.452,0.00000,8.1184,1.2859,1.9876,0.0371,-0.1812,0.018,0.3111,0.5250,0.1944,36,0.048,30.80,20.61,20.56,30.74,0.1263,-1.0000,10.02,1.00,50.00,SLOWDOWN,PolygonSlow,0.00,EXECUTING,261,13.681,-0.0190,-0.0100,6.2621,1.4598,2.7333,0.008
105.681,102.780,0.972,RETURN_HOME,obstacle1,8.1450,1.3961,2.0532,0.068797,0.075008,0.147932,0.548,55,0.0098,0.1899,-0.0081,-0.452,0.00000,8.1171,1.2889,1.9698,0.0328,-0.1790,0.018,0.3085,0.6100,0.2162,37,0.048,30.80,20.61,20.56,30.46,0.0114,-0.1500,10.14,1.00,50.00,SLOWDOWN,PolygonSlow,0.00,EXECUTING,261,13.681,-0.0190,-0.0100,6.2594,1.4618,2.7190,0.008
105.780,102.876,0.973,RETURN_HOME,obstacle1,8.1450,1.3961,2.0532,0.068797,0.075008,0.147932,0.644,55,0.0098,0.1899,-0.0081,-0.456,0.00000,8.1158,1.2919,1.9520,0.0323,-0.1783,0.014,0.3260,0.6800,0.1842,38,0.044,30.93,20.56,20.70,30.86,0.1263,-1.0000,10.04,1.00,49.90,SLOWDOWN,PolygonSlow,0.00,EXECUTING,261,13.681,-0.0190,-0.0100,6.2566,1.4638,2.7049,0.004
105.880,102.974,0.968,RETURN_HOME,obstacle1,8.1450,1.3961,2.0532,0.068797,0.075008,0.147932,0.742,55,0.0098,0.1899,-0.0081,-0.458,0.00000,8.1148,1.2946,1.9353,0.0333,-0.1848,0.012,0.3149,0.6500,0.2105,38,0.042,31.12,20.65,20.61,31.25,0.1263,-1.0000,9.96,1.00,49.70,SLOWDOWN,PolygonSlow,0.00,EXECUTING,262,13.689,-0.0190,-0.0100,6.2542,1.4654,2.6928,0.002
105.980,103.076,0.976,RETURN_HOME,obstacle1,8.1450,1.3961,2.0532,0.068797,0.075008,0.147932,0.844,55,0.0098,0.1899,-0.0081,-0.456,0.00000,8.1137,1.2974,1.9186,0.0301,-0.1723,0.014,0.3058,0.5650,0.2105,38,0.044,30.67,20.52,20.30,31.12,0.1263,-1.0000,10.07,1.00,50.00,SLOWDOWN,PolygonSlow,0.00,EXECUTING,262,13.689,-0.0190,-0.0100,6.2518,1.4671,2.6805,0.004
106.081,103.172,0.974,RETURN_HOME,obstacle1,8.1450,1.3961,2.0532,0.068797,0.075008,0.147932,0.940,55,0.0098,0.1899,-0.0081,-0.460,0.00000,8.1127,1.3004,1.9009,0.0319,-0.1785,0.010,0.3010,0.5200,0.1892,37,0.040,31.25,20.52,20.49,31.25,0.1263,-1.0000,9.96,1.00,50.00,SLOWDOWN,PolygonSlow,0.00,EXECUTING,262,13.689,-0.0190,-0.0100,6.2494,1.4688,2.6693,0.020
106.180,103.264,0.972,RETURN_HOME,obstacle1,8.1450,1.3961,2.0532,0.068797,0.075008,0.147932,1.032,55,0.0098,0.1899,-0.0081,-0.468,0.00000,8.1116,1.3035,1.8829,0.0329,-0.1818,0.002,0.3172,0.5900,0.1622,37,0.032,30.80,20.43,20.08,30.27,0.0114,-0.1500,10.02,0.00,50.00,SLOWDOWN,PolygonSlow,0.00,EXECUTING,262,13.689,-0.0190,-0.0100,6.2466,1.4708,2.6554,0.012
106.280,103.362,0.970,RETURN_HOME,obstacle1,8.1450,1.3961,2.0532,0.068797,0.075008,0.147932,1.130,55,0.0098,0.1899,-0.0081,-0.470,0.00000,8.1109,1.3058,1.8689,0.0307,-0.1786,0.022,0.3047,0.6000,0.2368,38,0.030,31.25,20.65,20.92,31.44,0.1105,-0.9487,10.00,0.00,50.00,SLOWDOWN,PolygonSlow,0.00,EXECUTING,262,13.689,-0.0190,-0.0100,6.2442,1.4725,2.6426,0.010
106.381,103.460,0.973,RETURN_HOME,obstacle1,8.1040,1.3784,1.9458,0.063073,0.069195,0.152384,0.028,56,0.1502,-0.6769,0.0929,-0.472,0.87810,8.1101,1.3086,1.8510,0.0323,-0.1999,0.018,0.3039,0.5650,0.2105,38,0.028,30.74,20.52,20.61,30.74,0.1105,-1.0000,10.07,1.00,50.00,SLOWDOWN,PolygonSlow,0.00,EXECUTING,262,13.689,-0.0190,-0.0100,6.2419,1.4744,2.6288,0.008
106.481,103.560,0.976,RETURN_HOME,obstacle1,8.1040,1.3784,1.9458,0.063073,0.069195,0.152384,0.128,56,0.1502,-0.6769,0.0929,-0.472,0.00000,8.1093,1.3113,1.8329,0.0288,-0.1810,0.018,0.2984,0.4650,0.1842,38,0.028,30.40,20.56,20.43,30.40,0.0332,-0.5000,9.98,1.00,50.00,DO_NOTHING,--,1.00,EXECUTING,262,13.689,-0.0190,-0.0100,6.2393,1.4763,2.6144,0.008
106.580,103.656,0.976,RETURN_HOME,obstacle1,8.1040,1.3784,1.9458,0.063073,0.069195,0.152384,0.224,56,0.1502,-0.6769,0.0929,-0.476,0.00000,8.1083,1.3154,1.7972,0.0432,-0.3789,0.014,0.3173,0.5400,0.1622,37,0.024,31.00,20.43,20.34,31.00,0.1105,-1.0000,10.04,1.00,50.00,DO_NOTHING,--,1.00,EXECUTING,262,13.689,-0.0190,-0.0100,6.2355,1.4784,2.5883,0.004
106.681,103.756,0.976,RETURN_HOME,obstacle1,8.1040,1.3784,1.9458,0.063073,0.069195,0.152384,0.324,56,0.1502,-0.6769,0.0929,-0.476,0.00000,8.1070,1.3217,1.7510,0.0645,-0.4625,0.014,0.2973,0.5000,0.2368,38,0.024,30.74,20.61,20.39,31.06,0.1105,-1.0000,10.00,1.00,50.00,DO_NOTHING,--,10.31,EXECUTING,262,13.689,-0.0190,-0.0100,6.2305,1.4824,2.5561,0.004
106.781,103.854,0.977,RETURN_HOME,obstacle1,8.1040,1.3784,1.9458,0.063073,0.069195,0.152384,0.422,56,0.1502,-0.6769,0.0929,-0.478,0.00000,8.1058,1.3296,1.7039,0.0906,-0.5319,0.014,0.3249,0.5700,0.1622,37,0.022,30.55,20.47,20.26,31.00,0.1105,-1.0000,10.02,1.00,50.00,DO_NOTHING,--,13.70,EXECUTING,262,13.689,-0.0190,-0.0100,6.2243,1.4873,2.5230,0.002
106.881,103.954,0.975,RETURN_HOME,obstacle1,8.1040,1.3784,1.9458,0.063073,0.069195,0.152384,0.522,56,0.1502,-0.6769,0.0929,-0.478,0.00000,8.1049,1.3379,1.6553,0.0930,-0.5420,0.012,0.3028,0.5700,0.2162,37,0.022,30.49,20.43,20.04,30.43,0.1421,-1.0000,10.00,1.00,49.90,DO_NOTHING,--,14.93,EXECUTING,263,13.741,-0.0190,-0.0100,6.2178,1.4924,2.4886,0.002
106.981,104.056,0.982,RETURN_HOME,obstacle1,8.0609,1.3653,1.8336,0.062380,0.062597,0.153800,0.024,57,0.4538,-1.7373,0.2226,-0.476,1.10299,8.1043,1.3479,1.6061,0.1009,-0.4963,0.014,0.2975,0.5650,0.2105,38,0.024,30.61,20.47,20.34,30.55,0.1421,-1.0000,9.98,1.67,50.00,DO_NOTHING,--,16.39,EXECUTING,263,13.741,-0.0190,-0.0100,6.2099,1.4989,2.4534,0.004
107.081,104.154,0.988,RETURN_HOME,obstacle1,8.0609,1.3653,1.8336,0.062380,0.062597,0.153800,0.122,57,0.4538,-1.7373,0.2226,-0.478,0.00000,8.1042,1.3588,1.5560,0.1501,-0.6911,0.014,0.3023,0.5641,0.1892,37,0.022,30.36,20.43,20.13,30.36,0.1263,-1.0000,10.02,1.67,50.00,DO_NOTHING,--,16.78,EXECUTING,263,13.741,-0.0190,-0.0100,6.2014,1.5060,2.4168,0.002
107.180,104.254,0.991,RETURN_HOME,obstacle1,8.0609,1.3653,1.8336,0.062380,0.062597,0.153800,0.222,57,0.4538,-1.7373,0.2226,-0.478,0.00000,8.1046,1.3691,1.5051,0.1148,-0.5590,0.012,0.2975,0.5650,0.2105,38,0.022,30.36,20.21,20.17,30.36,0.1263,-0.8462,9.91,1.67,50.00,DO_NOTHING,--,17.39,EXECUTING,263,13.741,-0.0190,-0.0100,6.1937,1.5129,2.3784,0.002
107.281,104.354,0.993,RETURN_HOME,obstacle1,8.0609,1.3653,1.8336,0.062380,0.062597,0.153800,0.322,57,0.4538,-1.7373,0.2226,-0.478,0.00000,8.1055,1.3788,1.4548,0.1082,-0.5585,0.012,0.3152,0.6200,0.1892,37,0.022,29.96,20.17,19.92,29.90,0.0957,-0.5000,9.96,1.67,49.90,DO_NOTHING,--,17.63,EXECUTING,263,13.741,-0.0190,-0.0100,6.1868,1.5198,2.3398,0.002
107.380,104.454,0.995,RETURN_HOME,obstacle1,8.0224,1.3586,1.7603,0.059261,0.049016,0.132823,0.022,58,0.8894,-2.7355,0.3516,-0.478,1.08914,8.1067,1.3877,1.4045,0.0925,-0.5221,0.012,0.3168,0.6000,0.1842,38,0.022,30.18,20.17,19.87,30.18,0.1105,-1.0000,9.98,2.50,50.10,DO_NOTHING,--,17.86,EXECUTING,263,13.741,-0.0190,-0.0100,6.1808,1.5266,2.3018,0.002
107.480,104.548,0.988,RETURN_HOME,obstacle1,8.0224,1.3586,1.7603,0.059261,0.049016,0.132823,0.116,58,0.8894,-2.7355,0.3516,-0.484,0.00000,8.1083,1.3960,1.3544,0.0854,-0.5018,0.006,0.2813,0.5600,0.2308,39,0.016,30.36,20.08,19.92,30.36,0.0947,-1.0000,10.00,2.50,49.90,DO_NOTHING,--,19.81,EXECUTING,263,13.741,-0.0190,-0.0100,6.1762,1.5321,2.2723,0.016
107.581,104.652,0.995,RETURN_HOME,obstacle1,8.0224,1.3586,1.7603,0.059261,0.049016,0.132823,0.220,58,0.8894,-2.7355,0.3516,-0.480,0.00000,8.1102,1.4036,1.3034,0.0900,-0.5927,0.012,0.2898,0.5600,0.2821,39,0.020,30.18,20.13,20.34,30.18,0.0947,-1.0000,9.98,2.50,50.00,DO_NOTHING,--,20.30,EXECUTING,263,13.741,-0.0190,-0.0100,6.1703,1.5394,2.2289,0.000
107.680,104.746,0.990,RETURN_HOME,obstacle1,8.0224,1.3586,1.7603,0.059261,0.049016,0.132823,0.314,58,0.8894,-2.7355,0.3516,-0.486,0.00000,8.1124,1.4108,1.2531,0.0746,-0.4952,0.004,0.3257,0.5800,0.2105,38,0.014,30.24,20.04,20.21,30.24,0.0947,-1.0000,10.07,2.50,49.90,DO_NOTHING,--,20.21,EXECUTING,263,13.741,-0.0190,-0.0100,6.1666,1.5443,2.1998,0.014
107.781,104.850,0.995,RETURN_HOME,obstacle1,7.9949,1.3470,1.6701,0.055269,0.042717,0.108886,0.018,59,1.3714,-3.5506,0.4638,-0.482,0.94691,8.1149,1.4181,1.2014,0.0855,-0.5760,0.008,0.3265,0.6100,0.1795,39,0.018,30.18,20.17,20.13,30.18,0.0789,-1.0000,10.00,2.50,49.90,DO_NOTHING,--,20.13,EXECUTING,263,13.741,-0.0190,-0.0100,6.1622,1.5506,2.1627,0.018
107.888,104.946,0.981,RETURN_HOME,obstacle1,7.9949,1.3470,1.6701,0.055269,0.042717,0.108886,0.114,59,1.3714,-3.5506,0.4638,-0.386,0.00000,8.1175,1.4243,1.1499,0.0700,-0.5329,0.006,0.2993,0.6000,0.2750,40,0.114,30.08,20.13,20.13,30.15,0.0598,-0.5000,10.05,2.50,49.90,DO_NOTHING,--,19.92,EXECUTING,184,10.869,-0.0190,-0.0100,6.1584,1.5564,2.1253,0.014
107.981,105.046,0.991,RETURN_HOME,obstacle1,7.9949,1.3470,1.6701,0.055269,0.042717,0.108886,0.214,59,1.3714,-3.5506,0.4638,-0.486,0.00000,8.1190,1.4274,1.0989,0.0337,-0.5057,0.004,0.3023,0.6000,0.1951,41,0.014,30.18,20.17,20.13,30.24,0.3000,0.2308,9.98,2.50,50.00,DO_NOTHING,--,20.17,EXECUTING,184,10.869,-0.0190,-0.0100,6.1562,1.5600,2.0880,0.014
108.081,105.144,0.988,RETURN_HOME,obstacle1,7.9949,1.3470,1.6701,0.055269,0.042717,0.108886,0.312,59,1.3714,-3.5506,0.4638,-0.388,0.00000,8.1237,1.4361,1.0633,0.1081,-0.3972,0.002,0.3202,0.6000,0.2195,41,0.112,30.24,20.17,20.17,30.24,0.3000,0.2308,10.10,2.50,49.70,DO_NOTHING,--,20.19,EXECUTING,184,10.869,-0.0190,-0.0100,6.1529,1.5675,2.0578,0.012
108.180,105.246,0.992,RETURN_HOME,obstacle1,7.9949,1.3470,1.6701,0.055269,0.042717,0.108886,0.414,59,1.3714,-3.5506,0.4638,-0.486,0.00000,8.1349,1.4557,1.0433,0.2254,-0.2000,0.004,0.3248,0.6100,0.1795,39,0.014,30.24,20.21,20.13,30.24,0.2842,0.3333,10.08,2.50,50.00,DO_NOTHING,--,20.22,EXECUTING,184,10.869,-0.0190,-0.0100,6.1441,1.5864,2.0394,0.014
108.281,105.338,0.985,RETURN_HOME,obstacle1,7.9949,1.3470,1.6701,0.055269,0.042717,0.108886,0.506,59,1.3714,-3.5506,0.4638,-0.394,0.00000,8.1464,1.4752,1.0376,0.2941,-0.0952,0.016,0.2894,0.5500,0.2439,41,0.006,30.67,20.13,20.17,30.67,0.2684,0.2821,10.02,2.50,50.10,DO_NOTHING,--,20.25,EXECUTING,184,10.869,-0.0190,-0.0100,6.1317,1.6116,2.0332,0.006
108.381,105.438,0.989,RETURN_HOME,obstacle1,7.9949,1.3470,1.6701,0.055269,0.042717,0.108886,0.606,59,1.3714,-3.5506,0.4638,-0.394,0.00000,8.1600,1.4984,1.0444,0.2841,0.0723,0.016,0.2809,0.5500,0.2195,41,0.106,30.43,20.34,20.13,30.15,0.2684,0.1400,10.07,2.50,50.00,DO_NOTHING,--,20.37,EXECUTING,184,10.869,-0.0190,-0.0100,6.1196,1.6353,2.0384,0.006
108.480,105.532,0.978,RETURN_HOME,obstacle1,7.9949,1.3470,1.6701,0.055269,0.042717,0.108886,0.700,59,1.3714,-3.5506,0.4638,-0.400,0.00000,8.1736,1.5223,1.0649,0.3081,0.2338,0.010,0.2835,0.5590,0.2683,41,0.100,31.00,20.30,20.04,31.00,0.2684,0.4359,9.93,1.00,50.00,DO_NOTHING,--,20.27,EXECUTING,184,10.869,-0.0190,-0.0100,6.1067,1.6592,2.0526,0.000
108.581,105.632,0.984,RETURN_HOME,obstacle1,7.9949,1.3470,1.6701,0.055269,0.042717,0.108886,0.800,59,1.3714,-3.5506,0.4638,-0.400,0.00000,8.1861,1.5456,1.0988,0.2684,0.3448,0.010,0.2687,0.5089,0.2619,42,0.100,30.61,20.47,20.26,30.61,0.2842,0.4359,10.02,1.00,50.00,DO_NOTHING,--,20.35,EXECUTING,184,10.869,-0.0190,-0.0100,6.0938,1.6817,2.0762,0.000
108.681,105.732,0.980,RETURN_HOME,obstacle1,7.9949,1.3470,1.6701,0.055269,0.042717,0.108886,0.900,59,1.3714,-3.5506,0.4638,-0.400,0.00000,8.1980,1.5701,1.1363,0.2780,0.3807,0.010,0.2668,0.5099,0.2439,41,0.100,30.43,20.26,20.83,30.43,0.3000,0.4872,9.91,1.00,50.00,DO_NOTHING,--,21.19,EXECUTING,184,10.869,-0.0190,-0.0100,6.0798,1.7047,2.1015,0.000
108.781,105.828,0.979,RETURN_HOME,obstacle1,7.9949,1.3470,1.6701,0.055269,0.042717,0.108886,0.996,59,1.3714,-3.5506,0.4638,-0.404,0.00000,8.2096,1.5965,1.1779,0.3919,0.5718,0.006,0.2538,0.4588,0.2558,43,0.096,30.67,20.47,20.65,30.61,0.3000,0.5385,10.00,1.00,50.10,DO_NOTHING,--,21.74,EXECUTING,184,10.869,-0.0190,-0.0100,6.0675,1.7237,2.1244,0.016
108.881,105.928,0.989,RETURN_HOME,obstacle1,7.9949,1.3470,1.6701,0.055269,0.042717,0.108886,1.096,59,1.3714,-3.5506,0.4638,-0.404,0.00000,8.2198,1.6228,1.2253,0.2928,0.4929,0.006,0.2570,0.5148,0.2683,41,0.096,30.99,20.61,20.70,30.99,0.3000,0.4872,10.14,0.00,50.00,DO_NOTHING,--,3.26,EXECUTING,184,10.869,-0.0190,-0.0100,6.0517,1.7471,2.1573,0.016
108.980,106.022,0.977,RETURN_HOME,obstacle1,7.9949,1.3470,1.6701,0.055269,0.042717,0.108886,1.190,59,1.3714,-3.5506,0.4638,-0.410,0.00000,8.2273,1.6448,1.2611,0.2873,0.4505,0.020,0.2551,0.4500,0.2683,41,0.090,30.80,20.56,20.74,30.85,0.3000,0.4872,10.02,0.00,50.00,DO_NOTHING,--,25.00,EXECUTING,176,9.903,-0.0190,-0.0100,6.0350,1.7703,2.1889,0.010
109.080,106.122,0.979,RETURN_HOME,obstacle1,7.9949,1.3470,1.6701,0.055269,0.042717,0.108886,1.290,59,1.3714,-3.5506,0.4638,-0.410,0.00000,8.2350,1.6711,1.3124,0.2836,0.5340,0.020,0.2392,0.4894,0.3256,43,0.090,30.74,20.56,20.52,30.74,0.3000,1.0000,10.09,0.00,50.00,DO_NOTHING,--,12.50,EXECUTING,176,9.903,-0.0190,-0.0100,6.0189,1.7918,2.2260,0.010
109.180,106.222,0.982,RETURN_HOME,obstacle1,7.9584,1.6024,1.8911,0.078060,0.051762,0.139593,0.090,60,1.8936,-4.2181,0.5639,-0.410,0.84743,8.2406,1.6949,1.3636,0.2605,0.5446,0.024,0.2325,0.4425,0.3333,42,0.090,30.74,20.52,20.74,30.74,0.2842,0.6923,10.00,1.00,50.20,DO_NOTHING,--,14.97,EXECUTING,176,9.903,-0.0190,-0.0100,6.0035,1.8106,2.2627,0.010
109.281,106.322,0.982,RETURN_HOME,obstacle1,7.9584,1.6024,1.8911,0.078060,0.051762,0.139593,0.190,60,1.8936,-4.2181,0.5639,-0.410,0.00000,8.2456,1.7227,1.4253,0.2367,0.5177,0.000,0.2171,0.4111,0.3095,42,0.090,30.36,20.43,20.34,30.30,0.3000,0.5897,10.00,1.00,50.00,DO_NOTHING,--,16.13,EXECUTING,176,9.903,-0.0190,-0.0100,5.9879,1.8285,2.3004,0.010
109.381,106.422,0.988,RETURN_HOME,obstacle1,7.9584,1.6024,1.8911,0.078060,0.051762,0.139593,0.290,60,1.8936,-4.2181,0.5639,-0.410,0.00000,8.2486,1.7478,1.4766,0.2623,0.5316,0.000,0.2030,0.3942,0.4091,44,0.090,30.55,20.39,20.39,30.67,0.3000,0.4872,10.02,1.00,50.00,DO_NOTHING,--,16.85,EXECUTING,176,9.903,-0.0190,-0.0100,5.9711,1.8465,2.3387,0.010
109.480,106.522,0.990,RETURN_HOME,obstacle1,7.9584,1.6024,1.8911,0.078060,0.051762,0.139593,0.390,60,1.8936,-4.2181,0.5639,-0.410,0.00000,8.2504,1.7713,1.5151,0.2872,0.4827,0.022,0.2104,0.4000,0.3721,43,0.090,30.43,20.21,20.21,30.36,0.3000,0.6410,9.96,1.00,50.00,DO_NOTHING,--,16.85,EXECUTING,176,9.903,-0.0190,-0.0100,5.9506,1.8669,2.3756,0.010
109.580,106.622,0.991,RETURN_HOME,obstacle1,7.8569,1.6949,2.1861,0.083014,0.042402,0.112968,0.090,61,2.4052,-4.7490,0.6561,-0.410,0.73735,8.2512,1.7975,1.5651,0.2722,0.5251,0.024,0.1678,0.3500,0.4783,46,0.090,30.24,20.26,20.21,30.27,0.2340,0.5000,10.02,2.48,49.90,DO_NOTHING,--,14.99,EXECUTING,176,9.903,-0.0190,-0.0100,5.9317,1.8844,2.4133,0.010
109.681,106.722,0.990,RETURN_HOME,obstacle1,7.8569,1.6949,2.1861,0.083014,0.042402,0.112968,0.190,61,2.4052,-4.7490,0.6561,-0.410,0.00000,8.2508,1.8239,1.6060,0.2603,0.3988,0.020,0.1423,0.3000,0.5510,49,0.090,30.36,20.17,20.30,30.30,0.3000,0.1282,10.02,2.48,50.00,DO_NOTHING,--,14.99,EXECUTING,176,9.903,-0.0190,-0.0100,5.9115,1.9019,2.4423,0.010
109.780,106.820,0.992,RETURN_HOME,obstacle1,7.8569,1.6949,2.1861,0.083014,0.042402,0.112968,0.288,61,2.4052,-4.7490,0.6561,-0.412,0.00000,8.2493,1.8536,1.6293,0.2991,0.2356,0.018,0.1552,0.3200,0.5532,47,0.088,30.18,20.13,20.39,30.33,0.3000,0.1800,10.07,2.48,49.90,DO_NOTHING,--,14.99,EXECUTING,176,9.903,-0.0190,-0.0100,5.8886,1.9209,2.4579,0.008
109.880,106.920,0.993,RETURN_HOME,obstacle1,7.8569,1.6949,2.1861,0.083014,0.042402,0.112968,0.388,61,2.4052,-4.7490,0.6561,-0.412,0.00000,8.2474,1.8822,1.6433,0.2897,0.1408,0.018,0.1547,0.3000,0.5208,48,0.088,30.24,20.26,20.39,29.84,0.2842,0.1282,9.93,2.48,50.00,DO_NOTHING,--,16.67,EXECUTING,176,9.903,-0.0190,-0.0100,5.8663,1.9389,2.4675,0.008
109.981,107.020,0.997,RETURN_HOME,obstacle1,7.8569,1.6949,2.1861,0.083014,0.042402,0.112968,0.488,61,2.4052,-4.7490,0.6561,-0.412,0.00000,8.2451,1.9117,1.6596,0.2962,0.1636,0.018,0.1125,0.2350,0.6852,54,0.088,30.06,20.08,20.04,30.12,0.2842,1.0000,10.04,2.48,50.20,DO_NOTHING,--,16.67,EXECUTING,173,9.159,-0.0190,-0.0100,5.8430,1.9573,2.4794,0.008
110.080,107.120,0.998,RETURN_HOME,obstacle1,7.8569,1.6949,2.1861,0.083014,0.042402,0.112968,0.588,61,2.4052,-4.7490,0.6561,-0.412,0.00000,8.2422,1.9403,1.6874,0.2974,0.2906,0.018,0.0795,0.1500,0.8571,56,0.088,29.71,20.04,20.04,29.71,0.2842,0.3395,9.96,2.48,50.10,DO_NOTHING,--,15.91,EXECUTING,173,9.159,-0.0190,-0.0100,5.8204,1.9747,2.5000,0.008
110.181,107.220,0.998,RETURN_HOME,obstacle1,7.8569,1.6949,2.1861,0.083014,0.042402,0.112968,0.688,61,2.4052,-4.7490,0.6561,-0.412,0.00000,8.2383,1.9682,1.7298,0.3239,0.4910,0.018,0.0634,0.1271,0.8772,57,0.088,30.06,20.04,20.04,30.12,0.2684,0.9487,10.02,1.00,50.00,DO_NOTHING,--,14.71,EXECUTING,173,9.159,-0.0190,-0.0100,5.7979,1.9914,2.5306,0.008
110.280,107.320,0.999,RETURN_HOME,obstacle1,7.6795,1.8253,2.4576,0.080601,0.028322,0.085663,0.088,62,2.7415,-5.0572,0.7130,-0.412,0.45618,8.2334,1.9943,1.7867,0.2764,0.5920,0.018,0.0661,0.2000,0.8644,59,0.088,30.06,20.08,20.00,30.12,0.3000,0.8974,10.00,1.43,50.00,DO_NOTHING,--,12.50,EXECUTING,173,9.159,-0.0190,-0.0100,5.7764,2.0064,2.5713,0.008
110.380,107.420,0.999,RETURN_HOME,obstacle1,7.6795,1.8253,2.4576,0.080601,0.028322,0.085663,0.188,62,2.7415,-5.0572,0.7130,-0.412,0.00000,8.2264,2.0218,1.8569,0.2944,0.7310,0.018,0.0409,0.1000,0.9333,60,0.088,30.06,20.08,20.17,30.00,0.2842,0.7949,10.04,1.43,50.00,DO_NOTHING,--,16.67,EXECUTING,173,9.159,-0.0190,-0.0100,5.7526,2.0209,2.6229,0.008
110.480,107.514,0.991,RETURN_HOME,obstacle1,7.6795,1.8253,2.4576,0.080601,0.028322,0.085663,0.282,62,2.7415,-5.0572,0.7130,-0.418,0.00000,8.2175,2.0485,1.9330,0.2922,0.7906,0.012,0.0251,0.0550,0.9500,60,0.082,30.12,20.08,19.63,30.18,0.3000,0.7949,10.00,1.43,50.00,DO_NOTHING,--,16.67,EXECUTING,173,9.159,-0.0190,-0.0100,5.7283,2.0330,2.6804,0.002
110.581,107.620,0.998,RETURN_HOME,obstacle1,7.6002,1.8832,2.6894,0.066378,0.018856,0.051773,0.088,63,2.8765,-5.1447,0.7337,-0.412,0.16080,8.2061,2.0753,2.0086,0.3242,0.8417,0.018,0.0052,0.0000,0.9833,60,0.088,30.12,20.04,19.55,30.06,0.3000,0.6923,9.96,3.38,50.00,DO_NOTHING,--,0.00,EXECUTING,173,9.159,-0.0190,-0.0100,5.7023,2.0431,2.7400,0.008
110.680,107.718,0.996,RETURN_HOME,obstacle1,7.6002,1.8832,2.6894,0.066378,0.018856,0.051773,0.186,63,2.8765,-5.1447,0.7337,-0.414,0.00000,8.1926,2.1017,2.0791,0.3000,0.7106,0.016,0.0597,0.1423,0.8833,60,0.086,30.18,20.17,19.67,30.18,0.3000,0.6923,10.02,3.38,50.00,DO_NOTHING,--,0.00,EXECUTING,173,9.159,-0.0190,-0.0100,5.6748,2.0509,2.7981,0.006
110.780,107.818,0.998,RETURN_HOME,obstacle1,7.6002,1.8832,2.6894,0.066378,0.018856,0.051773,0.286,63,2.8765,-5.1447,0.7337,-0.414,0.00000,8.1771,2.1273,2.1476,0.3013,0.6899,0.016,0.1019,0.2100,0.7000,60,0.086,30.18,20.08,19.83,30.12,0.3000,0.4872,10.04,3.38,50.00,DO_NOTHING,--,0.00,EXECUTING,173,9.159,-0.0190,-0.0100,5.6464,2.0564,2.8580,0.006
110.880,107.912,0.992,RETURN_HOME,obstacle1,7.4946,1.9235,2.9007,0.067596,0.015674,0.039784,0.080,64,2.8496,-5.1309,0.7330,-0.420,0.03023,8.1600,2.1519,2.2064,0.3000,0.5880,0.010,0.0920,0.2092,0.7167,60,0.080,30.18,20.13,19.92,30.24,0.3000,0.2821,10.04,3.34,50.00,DO_NOTHING,--,0.00,EXECUTING,173,9.159,-0.0190,-0.0100,5.6174,2.0604,2.9102,0.000
110.981,108.014,0.993,RETURN_HOME,obstacle1,7.4946,1.9235,2.9007,0.067596,0.015674,0.039784,0.182,64,2.8496,-5.1309,0.7330,-0.418,0.00000,8.1416,2.1757,2.2491,0.3089,0.4429,0.012,0.0888,0.2050,0.6833,60,0.082,30.24,20.21,19.92,30.18,0.2684,0.2821,10.00,3.34,50.10,DO_NOTHING,--,0.00,EXECUTING,165,8.612,-0.0190,-0.0100,5.5881,2.0637,2.9489,0.002
111.081,108.108,0.987,RETURN_HOME,obstacle1,7.4946,1.9235,2.9007,0.067596,0.015674,0.039784,0.276,64,2.8496,-5.1309,0.7330,-0.424,0.00000,8.1242,2.1966,2.2788,0.2750,0.2995,0.006,0.0914,0.2092,0.7167,60,0.076,30.43,20.26,20.13,30.49,0.3000,0.2821,10.02,3.34,50.10,DO_NOTHING,--,0.00,EXECUTING,165,8.612,-0.0190,-0.0100,5.5668,2.0659,2.9710,0.016
111.180,108.210,0.990,RETURN_HOME,obstacle1,7.4946,1.9235,2.9007,0.067596,0.015674,0.039784,0.378,64,2.8496,-5.1309,0.7330,-0.422,0.00000,8.1048,2.2187,2.3062,0.3306,0.3075,0.008,0.0824,0.2000,0.7333,60,0.078,30.36,20.26,20.21,30.30,0.3000,0.1795,9.98,3.34,50.00,DO_NOTHING,--,0.00,EXECUTING,165,8.612,-0.0190,-0.0100,5.5380,2.0683,2.9980,0.018
111.281,108.310,0.988,RETURN_HOME,obstacle1,7.4946,1.9235,2.9007,0.067596,0.015674,0.039784,0.478,64,2.8496,-5.1309,0.7330,-0.422,0.00000,8.0844,2.2408,2.3260,0.4067,0.2621,0.008,0.0788,0.2050,0.7500,60,0.078,30.36,20.26,20.21,30.30,0.3000,0.2308,9.85,3.31,50.00,DO_NOTHING,--,0.00,EXECUTING,165,8.612,-0.0190,-0.0100,5.5083,2.0706,3.0185,0.018
111.381,108.410,0.995,RETURN_HOME,obstacle1,7.4946,1.9235,2.9007,0.067596,0.015674,0.039784,0.578,64,2.8496,-5.1309,0.7330,-0.422,0.00000,8.0636,2.2624,2.3484,0.3139,0.2350,0.008,0.0864,0.2050,0.7167,60,0.078,30.36,20.26,20.30,30.36,0.3000,0.1282,10.02,3.31,50.00,DO_NOTHING,--,0.00,EXECUTING,165,8.612,-0.0190,-0.0100,5.4785,2.0722,3.0402,0.018
111.481,108.508,0.986,RETURN_HOME,obstacle1,7.4946,1.9235,2.9007,0.067596,0.015674,0.039784,0.676,64,2.8496,-5.1309,0.7330,-0.424,0.00000,8.0424,2.2836,2.3631,0.3337,0.1614,0.006,0.0693,0.1550,0.8000,60,0.076,30.18,20.26,20.21,30.18,0.3000,0.1795,9.85,3.31,50.00,DO_NOTHING,--,0.00,EXECUTING,165,8.612,-0.0190,-0.0100,5.4486,2.0736,3.0561,0.016
111.581,108.610,0.990,RETURN_HOME,obstacle1,7.3013,1.9503,3.0807,0.060402,0.012690,0.036413,0.078,65,2.7186,-5.0365,0.7126,-0.422,0.16146,8.0208,2.3045,2.3804,0.3025,0.1745,0.008,0.0741,0.1500,0.7797,59,0.078,30.36,20.21,20.26,30.36,0.2842,0.1795,9.93,1.43,49.90,DO_NOTHING,--,0.00,EXECUTING,165,8.612,-0.0190,-0.0100,5.4187,2.0745,3.0731,0.018
111.681,108.700,0.980,RETURN_HOME,obstacle1,7.3013,1.9503,3.0807,0.060402,0.012690,0.036413,0.168,65,2.7186,-5.0365,0.7126,-0.432,0.00000,8.0042,2.3201,2.3948,0.2984,0.1855,0.020,0.0768,0.2050,0.7667,60,0.068,30.43,20.34,20.34,30.49,0.3000,0.1282,10.02,1.43,50.00,DO_NOTHING,--,0.00,EXECUTING,165,8.612,-0.0190,-0.0100,5.3900,2.0746,3.0914,0.008
111.781,108.800,0.987,RETURN_HOME,obstacle1,7.3013,1.9503,3.0807,0.060402,0.012690,0.036413,0.268,65,2.7186,-5.0365,0.7126,-0.432,0.00000,7.9822,2.3401,2.4087,0.3045,0.1416,0.020,0.0784,0.2050,0.7833,60,0.068,30.43,20.34,20.34,30.49,0.3000,0.1282,9.98,1.43,50.00,DO_NOTHING,--,0.00,EXECUTING,165,8.612,-0.0190,-0.0100,5.3602,2.0747,3.1053,0.008
111.881,108.896,0.980,RETURN_HOME,obstacle1,7.3013,1.9503,3.0807,0.060402,0.012690,0.036413,0.364,65,2.7186,-5.0365,0.7126,-0.436,0.00000,7.9598,2.3601,2.4215,0.2950,0.1261,0.014,0.0819,0.2050,0.7833,60,0.064,30.55,20.39,20.17,30.49,0.3000,0.1795,10.04,1.00,50.00,DO_NOTHING,--,0.00,EXECUTING,165,8.612,-0.0190,-0.0100,5.3302,2.0744,3.1187,0.004
111.981,108.996,0.982,RETURN_HOME,obstacle1,7.3013,1.9503,3.0807,0.060402,0.012690,0.036413,0.464,65,2.7186,-5.0365,0.7126,-0.436,0.00000,7.9371,2.3797,2.4383,0.3113,0.1743,0.014,0.0555,0.1500,0.8667,60,0.064,30.49,20.39,20.17,31.00,0.3000,0.0769,9.93,1.00,50.00,DO_NOTHING,--,0.00,EXECUTING,165,8.612,-0.0190,-0.0100,5.3002,2.0732,3.1370,0.004
112.080,109.088,0.981,RETURN_HOME,obstacle1,7.3013,1.9503,3.0807,0.060402,0.012690,0.036413,0.556,65,2.7186,-5.0365,0.7126,-0.444,0.00000,7.9141,2.3989,2.4489,0.3000,0.1059,0.006,0.0420,0.1156,0.8833,60,0.056,30.55,20.47,20.65,30.53,0.3000,0.0769,10.04,1.00,50.00,DO_NOTHING,--,0.00,EXECUTING,159,8.327,-0.0190,-0.0100,5.2762,2.0725,-3.1377,0.016
112.180,109.184,0.974,RETURN_HOME,obstacle1,7.3013,1.9503,3.0807,0.060402,0.012690,0.036413,0.652,65,2.7186,-5.0365,0.7126,-0.448,0.00000,7.8921,2.4172,2.4482,0.2905,-0.0072,0.002,0.0360,0.1156,0.8833,60,0.052,30.74,20.52,20.70,30.74,0.2842,-0.0256,10.14,1.00,49.90,DO_NOTHING,--,0.00,EXECUTING,159,8.327,-0.0190,-0.0100,5.2475,2.0723,-3.1373,0.012
112.280,109.282,0.973,RETURN_HOME,obstacle1,7.3013,1.9503,3.0807,0.060402,0.012690,0.036413,0.750,65,2.7186,-5.0365,0.7126,-0.450,0.00000,7.8746,2.4317,2.4461,0.2866,-0.0258,0.020,0.0371,0.1148,0.8833,60,0.050,30.80,20.65,20.79,30.80,0.3000,0.0256,10.00,1.00,49.90,DO_NOTHING,--,0.00,EXECUTING,159,8.327,-0.0190,-0.0100,5.2190,2.0724,-3.1401,0.010
112.380,109.382,0.972,RETURN_HOME,obstacle1,7.3013,1.9503,3.0807,0.060402,0.012690,0.036413,0.850,65,2.7186,-5.0365,0.7126,-0.450,0.00000,7.8518,2.4507,2.4475,0.3081,0.0145,0.020,0.0382,0.1118,0.8833,60,0.050,30.86,20.61,20.83,30.86,0.3000,-0.0256,10.18,1.00,50.00,DO_NOTHING,--,0.00,EXECUTING,159,8.327,-0.0190,-0.0100,5.1892,2.0722,-3.1381,0.010
112.480,109.480,0.973,RETURN_HOME,obstacle1,7.3013,1.9503,3.0807,0.060402,0.012690,0.036413,0.948,65,2.7186,-5.0365,0.7126,-0.452,0.00000,7.8288,2.4699,2.4461,0.3050,-0.0145,0.018,0.0376,0.1148,0.8833,60,0.048,30.93,20.65,20.61,30.86,0.3000,-0.0769,10.04,1.00,49.90,DO_NOTHING,--,0.00,EXECUTING,159,8.327,-0.0190,-0.0100,5.1592,2.0723,-3.1401,0.008
112.580,109.580,0.970,RETURN_HOME,obstacle1,7.3013,1.9503,3.0807,0.060402,0.012690,0.036413,1.048,65,2.7186,-5.0365,0.7126,-0.452,0.00000,7.8058,2.4892,2.4396,0.3000,-0.0652,0.018,0.0374,0.1423,0.8833,60,0.048,30.86,20.65,20.61,30.86,0.3000,-0.0256,9.96,0.00,50.00,DO_NOTHING,--,0.00,EXECUTING,159,8.327,-0.0190,-0.0100,5.1292,2.0730,3.1356,0.008
112.680,109.680,0.980,RETURN_HOME,obstacle1,7.3013,1.9503,3.0807,0.060402,0.012690,0.036413,1.148,65,2.7186,-5.0365,0.7126,-0.452,0.00000,7.7830,2.5086,2.4359,0.3000,-0.0370,0.018,0.0408,0.1500,0.8833,60,0.048,30.67,20.47,20.30,30.61,0.3000,-0.0256,9.98,0.00,50.00,DO_NOTHING,--,0.00,EXECUTING,159,8.327,-0.0190,-0.0100,5.0992,2.0735,3.1322,0.008
112.781,109.780,0.982,RETURN_HOME,obstacle1,6.9452,1.9502,-3.1410,0.080051,0.015781,0.060870,0.048,66,2.6864,-5.0173,0.7081,-0.452,0.03743,7.7601,2.5281,2.4333,0.3025,-0.0259,0.018,0.0425,0.1500,0.8667,60,0.048,30.61,20.47,20.47,30.33,0.3000,-0.0256,9.98,1.00,50.00,DO_NOTHING,--,0.00,EXECUTING,159,8.327,-0.0190,-0.0100,5.0692,2.0741,3.1295,0.008
112.880,109.880,0.985,RETURN_HOME,obstacle1,6.9452,1.9502,-3.1410,0.080051,0.015781,0.060870,0.148,66,2.6864,-5.0173,0.7081,-0.452,0.00000,7.7374,2.5476,2.4328,0.3139,-0.0053,0.018,0.0433,0.1500,0.8833,60,0.048,30.49,20.43,20.04,30.55,0.3000,0.0256,10.02,1.00,50.00,DO_NOTHING,--,0.00,EXECUTING,159,8.327,-0.0190,-0.0100,5.0392,2.0745,3.1292,0.008
112.980,109.980,0.984,RETURN_HOME,obstacle1,6.9452,1.9502,-3.1410,0.080051,0.015781,0.060870,0.248,66,2.6864,-5.0173,0.7081,-0.452,0.00000,7.7146,2.5671,2.4348,0.3025,0.0206,0.018,0.0442,0.1500,0.8833,60,0.048,30.49,20.34,20.13,30.55,0.3000,0.0000,10.02,1.00,50.00,DO_NOTHING,--,0.00,EXECUTING,159,8.327,-0.0190,-0.0100,5.0092,2.0746,3.1317,0.008
113.080,110.080,0.995,RETURN_HOME,obstacle1,6.9452,1.9502,-3.1410,0.080051,0.015781,0.060870,0.348,66,2.6864,-5.0173,0.7081,-0.452,0.00000,7.6918,2.5866,2.4353,0.3025,0.0051,0.018,0.0450,0.1500,0.8833,60,0.048,30.24,20.26,20.17,30.24,0.3000,0.0000,10.00,1.00,50.00,DO_NOTHING,--,0.00,EXECUTING,153,8.023,-0.0190,-0.0100,4.9792,2.0749,3.1319,0.008
113.181,110.178,0.995,RETURN_HOME,obstacle1,6.9452,1.9502,-3.1410,0.080051,0.015781,0.060870,0.446,66,2.6864,-5.0173,0.7081,-0.454,0.00000,7.6689,2.6061,2.4353,0.3100,0.0000,0.018,0.0425,0.1500,0.8833,60,0.046,30.18,20.13,20.13,30.18,0.3000,0.0256,9.98,1.00,50.20,DO_NOTHING,--,0.00,EXECUTING,153,8.023,-0.0190,-0.0100,4.9492,2.0752,3.1319,0.006
113.280,110.278,0.996,RETURN_HOME,obstacle1,6.9452,1.9502,-3.1410,0.080051,0.015781,0.060870,0.546,66,2.6864,-5.0173,0.7081,-0.454,0.00000,7.6461,2.6255,2.4374,0.3064,0.0214,0.016,0.0428,0.1500,0.8833,60,0.046,30.18,20.17,19.67,30.18,0.3000,0.0256,10.00,1.00,50.00,DO_NOTHING,--,0.00,EXECUTING,153,8.023,-0.0190,-0.0100,4.9192,2.0752,3.1344,0.006
113.381,110.378,0.997,RETURN_HOME,obstacle1,6.9452,1.9502,-3.1410,0.080051,0.015781,0.060870,0.646,66,2.6864,-5.0173,0.7081,-0.454,0.00000,7.6232,2.6449,2.4399,0.3100,0.0265,0.018,0.0433,0.1500,0.8833,60,0.046,30.12,20.08,20.04,30.18,0.2842,0.0000,10.00,1.00,50.20,DO_NOTHING,--,0.00,EXECUTING,153,8.023,-0.0190,-0.0100,4.8892,2.0752,3.1371,0.006
113.480,110.478,0.998,RETURN_HOME,obstacle1,6.9452,1.9502,-3.1410,0.080051,0.015781,0.060870,0.746,66,2.6864,-5.0173,0.7081,-0.454,0.00000,7.6013,2.6635,2.4405,0.2824,0.0047,0.016,0.0442,0.1500,0.8833,60,0.046,30.00,20.04,20.30,30.33,0.2842,0.0000,10.00,1.00,50.00,DO_NOTHING,--,0.00,EXECUTING,153,8.023,-0.0190,-0.0100,4.8606,2.0753,3.1374,0.006
113.580,110.578,0.998,RETURN_HOME,obstacle1,6.9452,1.9502,-3.1410,0.080051,0.015781,0.060870,0.846,66,2.6864,-5.0173,0.7081,-0.454,0.00000,7.5795,2.6818,2.4405,0.2913,-0.0000,0.016,0.0450,0.1500,0.8833,60,0.046,30.06,20.08,19.83,30.12,0.3000,0.0769,9.98,1.00,49.90,DO_NOTHING,--,0.00,EXECUTING,153,8.023,-0.0190,-0.0100,4.8322,2.0754,3.1374,0.006
113.681,110.678,0.998,RETURN_HOME,obstacle1,6.9452,1.9502,-3.1410,0.080051,0.015781,0.060870,0.946,66,2.6864,-5.0173,0.7081,-0.454,0.00000,7.5568,2.7009,2.4460,0.2989,0.0558,0.016,0.0456,0.1423,0.8667,60,0.046,30.12,20.13,19.83,30.12,0.3000,-0.0256,10.00,1.00,50.00,DO_NOTHING,--,0.00,EXECUTING,153,8.023,-0.0190,-0.0100,4.8024,2.0749,-3.1392,0.006
113.780,110.778,0.998,RETURN_HOME,obstacle1,6.9452,1.9502,-3.1410,0.080051,0.015781,0.060870,1.046,66,2.6864,-5.0173,0.7081,-0.454,0.00000,7.5338,2.7201,2.4463,0.4339,-0.0043,0.024,0.0446,0.1012,0.9000,60,0.046,30.12,20.08,19.83,29.77,0.3000,-0.0256,9.98,0.00,50.00,DO_NOTHING,--,0.00,EXECUTING,153,8.023,-0.0190,-0.0100,4.7724,2.0748,-3.1399,0.006
113.880,110.878,0.998,RETURN_HOME,obstacle1,6.9452,1.9502,-3.1410,0.080051,0.015781,0.060870,1.146,66,2.6864,-5.0173,0.7081,-0.454,0.00000,7.5108,2.7393,2.4438,0.2917,-0.0249,0.016,0.0457,0.1041,0.9000,60,0.046,30.00,20.08,19.79,29.71,0.3000,-0.0256,9.98,0.00,50.00,DO_NOTHING,--,0.00,EXECUTING,153,8.023,-0.0190,-0.0100,4.7424,2.0750,3.1406,0.006
113.980,110.976,0.996,RETURN_HOME,obstacle1,6.6236,1.9512,-3.1406,0.107045,0.023641,0.069882,0.044,67,2.6689,-4.9848,0.7006,-0.456,0.03694,7.4878,2.7586,2.4412,0.3139,-0.0268,0.014,0.0477,0.1423,0.8833,60,0.044,30.12,20.04,19.87,29.77,0.3000,-0.0256,10.02,1.00,49.90,DO_NOTHING,--,0.00,EXECUTING,153,8.023,-0.0190,-0.0100,4.7124,2.0754,3.1379,0.004
114.081,111.072,0.993,RETURN_HOME,obstacle1,6.6236,1.9512,-3.1406,0.107045,0.023641,0.069882,0.140,67,2.6689,-4.9848,0.7006,-0.460,0.00000,7.4649,2.7780,2.4386,0.3050,-0.0261,0.010,0.0499,0.1423,0.8833,60,0.040,30.24,20.13,19.92,30.24,0.3000,0.0000,10.00,1.00,50.00,DO_NOTHING,--,0.00,EXECUTING,147,7.723,-0.0190,-0.0100,4.6824,2.0758,3.1351,0.000
114.180,111.168,0.990,RETURN_HOME,obstacle1,6.6236,1.9512,-3.1406,0.107045,0.023641,0.069882,0.236,67,2.6689,-4.9848,0.7006,-0.464,0.00000,7.4420,2.7974,2.4381,0.3025,-0.0058,0.006,0.0524,0.1500,0.8667,60,0.036,30.30,20.08,19.79,30.36,0.3000,0.0256,10.02,1.00,49.90,DO_NOTHING,--,0.00,EXECUTING,147,7.723,-0.0190,-0.0100,4.6584,2.0759,3.1349,0.016
114.280,111.266,0.988,RETURN_HOME,obstacle1,6.6236,1.9512,-3.1406,0.107045,0.023641,0.069882,0.334,67,2.6689,-4.9848,0.7006,-0.466,0.00000,7.4191,2.8168,2.4404,0.3100,0.0238,0.004,0.0532,0.1500,0.8667,60,0.034,30.24,20.26,20.17,30.27,0.3000,0.0256,10.00,1.00,49.90,DO_NOTHING,--,0.00,EXECUTING,147,7.723,-0.0190,-0.0100,4.6284,2.0759,3.1370,0.014
114.382,111.362,0.981,RETURN_HOME,obstacle1,6.6236,1.9512,-3.1406,0.107045,0.023641,0.069882,0.430,67,2.6689,-4.9848,0.7006,-0.470,0.00000,7.3962,2.8361,2.4430,0.3364,0.0288,0.002,0.0499,0.1041,0.9000,60,0.030,30.21,20.21,20.21,30.21,0.3000,0.0256,10.09,1.00,50.00,DO_NOTHING,--,0.00,EXECUTING,147,7.723,-0.0190,-0.0100,4.5984,2.0758,3.1398,0.010
114.481,111.462,0.982,RETURN_HOME,obstacle1,6.6236,1.9512,-3.1406,0.107045,0.023641,0.069882,0.530,67,2.6689,-4.9848,0.7006,-0.470,0.00000,7.3778,2.8515,2.4461,0.4380,0.0481,0.020,0.0450,0.1000,0.9667,60,0.030,30.55,20.39,20.30,30.55,0.2842,0.0256,9.96,1.00,50.00,DO_NOTHING,--,0.00,EXECUTING,147,7.723,-0.0190,-0.0100,4.5684,2.0755,-3.1396,0.010
114.581,111.560,0.980,RETURN_HOME,obstacle1,6.6236,1.9512,-3.1406,0.107045,0.023641,0.069882,0.628,67,2.6689,-4.9848,0.7006,-0.472,0.00000,7.3557,2.8699,2.4487,0.2897,0.0259,0.018,0.0453,0.1000,0.9667,60,0.028,30.49,20.39,20.17,30.49,0.3000,-0.0256,9.91,1.00,50.10,DO_NOTHING,--,0.00,EXECUTING,147,7.723,-0.0190,-0.0100,4.5398,2.0752,-3.1370,0.008
114.680,111.660,0.982,RETURN_HOME,obstacle1,6.6236,1.9512,-3.1406,0.107045,0.023641,0.069882,0.728,67,2.6689,-4.9848,0.7006,-0.472,0.00000,7.3329,2.8888,2.4473,0.3015,-0.0138,0.018,0.0453,0.1000,0.9667,60,0.028,30.43,20.39,20.04,30.49,0.3000,-0.0256,9.96,1.00,50.00,DO_NOTHING,--,0.00,EXECUTING,147,7.723,-0.0190,-0.0100,4.5100,2.0752,-3.1390,0.008
114.781,111.758,0.977,RETURN_HOME,obstacle1,6.6236,1.9512,-3.1406,0.107045,0.023641,0.069882,0.826,67,2.6689,-4.9848,0.7006,-0.474,0.00000,7.3098,2.9081,2.4447,0.3064,-0.0262,0.016,0.0500,0.1000,0.9500,60,0.026,30.53,20.39,20.39,30.59,0.3000,-0.0256,9.87,1.00,50.10,DO_NOTHING,--,0.00,EXECUTING,147,7.723,-0.0190,-0.0100,4.4800,2.0754,3.1415,0.006
114.881,111.858,0.980,RETURN_HOME,obstacle1,6.6236,1.9512,-3.1406,0.107045,0.023641,0.069882,0.926,67,2.6689,-4.9848,0.7006,-0.474,0.00000,7.2869,2.9273,2.4442,0.3050,-0.0053,0.016,0.0508,0.1000,0.9500,60,0.026,30.61,20.43,20.13,30.67,0.3000,-0.0256,9.96,1.00,50.00,DO_NOTHING,--,0.00,EXECUTING,147,7.723,-0.0190,-0.0100,4.4500,2.0755,3.1412,0.006
114.981,111.952,0.978,RETURN_HOME,obstacle1,6.6236,1.9512,-3.1406,0.107045,0.023641,0.069882,1.020,67,2.6689,-4.9848,0.7006,-0.480,0.00000,7.2639,2.9466,2.4422,0.3025,-0.0200,0.010,0.0508,0.1000,0.9500,60,0.020,30.74,20.39,20.13,31.00,0.3000,0.0000,10.00,0.00,50.10,DO_NOTHING,--,0.00,EXECUTING,147,7.723,-0.0190,-0.0100,4.4260,2.0757,3.1393,0.020
115.081,112.052,0.980,RETURN_HOME,obstacle1,6.3394,1.9539,-3.1365,0.135501,0.032911,0.072702,0.020,68,2.7417,-4.9964,0.7047,-0.480,0.07380,7.2409,2.9659,2.4419,0.3337,-0.0026,0.010,0.0517,0.1000,0.9500,60,0.020,30.67,20.47,20.70,31.05,0.3000,0.0000,9.96,1.00,50.00,DO_NOTHING,--,0.00,EXECUTING,142,7.473,-0.0190,-0.0100,4.3960,2.0758,3.1388,0.020
115.181,112.144,0.975,RETURN_HOME,obstacle1,6.3394,1.9539,-3.1365,0.135501,0.032911,0.072702,0.112,68,2.7417,-4.9964,0.7047,-0.488,0.00000,7.2189,2.9844,2.4419,0.2897,-0.0000,0.002,0.0508,0.1000,0.9667,60,0.012,30.74,20.34,20.53,30.74,0.2842,0.0000,10.02,1.00,50.00,DO_NOTHING,--,0.00,EXECUTING,142,7.473,-0.0190,-0.0100,4.3671,2.0759,3.1388,0.012
115.281,112.246,0.983,RETURN_HOME,obstacle1,6.3394,1.9539,-3.1365,0.135501,0.032911,0.072702,0.214,68,2.7417,-4.9964,0.7047,-0.486,0.00000,7.1968,3.0030,2.4426,0.2911,0.0065,0.004,0.0508,0.1000,0.9667,60,0.014,30.67,20.52,20.70,30.74,0.3000,0.0769,9.93,1.00,50.10,DO_NOTHING,--,0.00,EXECUTING,142,7.473,-0.0190,-0.0100,4.3382,2.0759,3.1394,0.014
115.381,112.342,0.980,RETURN_HOME,obstacle1,6.3394,1.9539,-3.1365,0.135501,0.032911,0.072702,0.310,68,2.7417,-4.9964,0.7047,-0.390,0.00000,7.1740,3.0221,2.4489,0.3005,0.0634,0.000,0.0512,0.1000,0.9500,60,0.010,30.74,20.39,20.56,30.74,0.3000,0.0256,10.04,1.00,50.00,DO_NOTHING,--,0.00,EXECUTING,142,7.473,-0.0190,-0.0100,4.3086,2.0754,-3.1379,0.010
115.481,112.444,0.982,RETURN_HOME,obstacle1,6.3394,1.9539,-3.1365,0.135501,0.032911,0.072702,0.412,68,2.7417,-4.9964,0.7047,-0.388,0.00000,7.1509,3.0413,2.4515,0.3025,0.0270,0.002,0.0525,0.1000,0.9500,60,0.012,30.55,20.34,20.47,30.55,0.3000,0.0769,10.06,1.00,49.90,DO_NOTHING,--,0.00,EXECUTING,142,7.473,-0.0190,-0.0100,4.2786,2.0749,-3.1345,0.012
115.580,112.540,0.980,RETURN_HOME,obstacle1,6.3394,1.9539,-3.1365,0.135501,0.032911,0.072702,0.508,68,2.7417,-4.9964,0.7047,-0.392,0.00000,7.1323,3.0565,2.4570,0.3187,0.0633,0.018,0.0562,0.1000,0.9167,60,0.108,30.86,20.39,20.34,30.86,0.2842,0.0256,10.11,1.00,50.00,DO_NOTHING,--,0.00,EXECUTING,142,7.473,-0.0190,-0.0100,4.2486,2.0740,-3.1277,0.008
115.681,112.640,0.980,RETURN_HOME,obstacle1,6.3394,1.9539,-3.1365,0.135501,0.032911,0.072702,0.608,68,2.7417,-4.9964,0.7047,-0.392,0.00000,7.1100,3.0746,2.4607,0.2897,0.0372,0.018,0.0545,0.1000,0.9500,60,0.108,30.67,20.47,20.52,30.67,0.3000,-0.0256,10.04,1.00,50.00,DO_NOTHING,--,0.00,EXECUTING,142,7.473,-0.0190,-0.0100,4.2200,2.0733,-3.1244,0.008
115.780,112.732,0.974,RETURN_HOME,obstacle1,6.3394,1.9539,-3.1365,0.135501,0.032911,0.072702,0.700,68,2.7417,-4.9964,0.7047,-0.400,0.00000,7.0870,3.0933,2.4594,0.3103,-0.0133,0.010,0.0533,0.1000,0.9667,60,0.100,30.86,20.39,20.21,30.86,0.3000,-0.0256,10.04,1.00,50.00,DO_NOTHING,--,0.00,EXECUTING,142,7.473,-0.0190,-0.0100,4.1902,2.0730,-3.1263,0.000
115.880,112.836,0.978,RETURN_HOME,obstacle1,6.3394,1.9539,-3.1365,0.135501,0.032911,0.072702,0.804,68,2.7417,-4.9964,0.7047,-0.396,0.00000,7.0637,3.1122,2.4568,0.3114,-0.0265,0.014,0.0537,0.1000,0.9667,60,0.104,30.74,20.47,20.26,30.67,0.3000,0.0000,10.02,1.00,50.00,DO_NOTHING,--,0.00,EXECUTING,142,7.473,-0.0190,-0.0100,4.1602,2.0728,-3.1290,0.004
115.980,112.932,0.980,RETURN_HOME,obstacle1,6.3394,1.9539,-3.1365,0.135501,0.032911,0.072702,0.900,68,2.7417,-4.9964,0.7047,-0.400,0.00000,7.0405,3.1312,2.4563,0.3000,-0.0051,0.010,0.0570,0.1000,0.9333,60,0.100,31.00,20.39,20.45,31.00,0.3000,-0.0256,10.00,1.00,50.00,DO_NOTHING,--,0.00,EXECUTING,142,7.473,-0.0190,-0.0100,4.1362,2.0725,-3.1293,0.020
116.080,113.036,0.984,RETURN_HOME,obstacle1,6.3394,1.9539,-3.1365,0.135501,0.032911,0.072702,1.004,68,2.7417,-4.9964,0.7047,-0.396,0.00000,7.0173,3.1502,2.4543,0.3025,-0.0206,0.014,0.0562,0.1000,0.9500,60,0.104,30.43,20.39,20.08,30.15,0.3000,-0.0256,10.02,1.00,50.00,DO_NOTHING,--,0.00,EXECUTING,142,7.473,-0.0190,-0.0100,4.1002,2.0723,-3.1317,0.004
116.183,113.130,0.980,RETURN_HOME,obstacle1,6.3394,1.9539,-3.1365,0.135501,0.032911,0.072702,1.098,68,2.7417,-4.9964,0.7047,-0.402,0.00000,6.9941,3.1693,2.4517,0.3000,-0.0256,0.008,0.0570,0.1000,0.9500,60,0.098,30.55,20.21,20.21,30.61,0.3000,0.0000,9.98,0.00,50.10,DO_NOTHING,--,0.00,EXECUTING,137,7.223,-0.0190,-0.0100,4.0762,2.0723,-3.1339,0.018
116.280,113.236,0.990,RETURN_HOME,obstacle1,6.0575,1.9656,-3.1256,0.154737,0.030712,0.073398,0.104,69,2.7954,-4.9843,0.7061,-0.396,0.05504,6.9710,3.1884,2.4512,0.3362,-0.0053,0.014,0.0590,0.1000,0.9333,60,0.104,30.30,20.26,20.21,30.36,0.3000,0.0000,9.98,1.00,50.00,DO_NOTHING,--,0.00,EXECUTING,137,7.223,-0.0190,-0.0100,4.0402,2.0721,-3.1347,0.004
116.381,113.336,0.994,RETURN_HOME,obstacle1,6.0575,1.9656,-3.1256,0.154737,0.030712,0.073398,0.204,69,2.7954,-4.9843,0.7061,-0.396,0.00000,6.9478,3.2075,2.4512,0.3100,-0.0000,0.016,0.0590,0.1000,0.9500,60,0.104,30.24,20.17,20.13,30.24,0.3000,0.0256,10.02,1.00,50.00,DO_NOTHING,--,0.00,EXECUTING,137,7.223,-0.0190,-0.0100,4.0102,2.0719,-3.1347,0.004
116.481,113.432,0.988,RETURN_HOME,obstacle1,6.0575,1.9656,-3.1256,0.154737,0.030712,0.073398,0.300,69,2.7954,-4.9843,0.7061,-0.400,0.00000,6.9247,3.2266,2.4532,0.3112,0.0206,0.010,0.0612,0.1000,0.9333,60,0.100,30.30,20.17,20.26,29.96,0.3000,0.0256,10.00,1.00,50.10,DO_NOTHING,--,0.00,EXECUTING,137,7.223,-0.0190,-0.0100,3.9802,2.0715,-3.1323,0.000
116.581,113.532,0.990,RETURN_HOME,obstacle1,6.0575,1.9656,-3.1256,0.154737,0.030712,0.073398,0.400,69,2.7954,-4.9843,0.7061,-0.400,0.00000,6.9015,3.2456,2.4538,0.3025,0.0051,0.010,0.0607,0.1000,0.9500,60,0.100,30.00,20.13,19.92,29.65,0.3000,0.0000,9.98,1.00,50.00,DO_NOTHING,--,0.00,EXECUTING,137,7.223,-0.0190,-0.0100,3.9502,2.0711,-3.1320,0.000
116.681,113.634,1.001,RETURN_HOME,obstacle1,6.0575,1.9656,-3.1256,0.154737,0.030712,0.073398,0.502,69,2.7954,-4.9843,0.7061,-0.398,0.00000,6.8783,3.2647,2.4558,0.3000,0.0204,0.012,0.0442,0.1000,0.9500,60,0.102,30.24,20.17,19.87,30.18,0.3000,0.0256,10.04,1.00,50.10,DO_NOTHING,--,0.00,EXECUTING,137,7.223,-0.0190,-0.0100,3.9202,2.0706,-3.1296,0.002
116.781,113.734,0.997,RETURN_HOME,obstacle1,6.0575,1.9656,-3.1256,0.154737,0.030712,0.073398,0.602,69,2.7954,-4.9843,0.7061,-0.398,0.00000,6.8551,3.2836,2.4584,0.3000,0.0256,0.012,0.0420,0.1000,0.9500,60,0.102,29.53,20.04,19.83,29.53,0.2842,0.0256,10.02,1.00,49.90,DO_NOTHING,--,0.00,EXECUTING,137,7.223,-0.0190,-0.0100,3.8902,2.0700,-3.1269,0.002
116.881,113.832,1.000,RETURN_HOME,obstacle1,6.0575,1.9656,-3.1256,0.154737,0.030712,0.073398,0.700,69,2.7954,-4.9843,0.7061,-0.400,0.00000,6.8328,3.3017,2.4609,0.3007,0.0268,0.010,0.0436,0.1000,0.9333,60,0.100,30.06,20.04,19.83,30.12,0.2842,0.0256,10.00,1.00,50.00,DO_NOTHING,--,0.00,EXECUTING,137,7.223,-0.0190,-0.0100,3.8616,2.0693,-3.1242,0.000
116.981,113.932,0.995,RETURN_HOME,obstacle1,6.0575,1.9656,-3.1256,0.154737,0.030712,0.073398,0.800,69,2.7954,-4.9843,0.7061,-0.400,0.00000,6.8107,3.3196,2.4635,0.3091,0.0279,0.012,0.0430,0.1000,0.9333,60,0.100,30.06,20.08,20.30,30.00,0.3000,0.0256,10.02,1.00,50.20,DO_NOTHING,--,0.00,EXECUTING,137,7.223,-0.0190,-0.0100,3.8389,2.0687,-3.1221,0.020
117.080,114.030,1.002,RETURN_HOME,obstacle1,6.0575,1.9656,-3.1256,0.154737,0.030712,0.073398,0.898,69,2.7954,-4.9843,0.7061,-0.402,0.00000,6.7874,3.3383,2.4660,0.3074,0.0255,0.008,0.0400,0.1000,0.9500,60,0.098,30.24,20.17,20.34,30.30,0.3000,-0.0256,9.98,1.00,49.90,DO_NOTHING,--,0.00,EXECUTING,137,7.223,-0.0190,-0.0100,3.8092,2.0678,-3.1195,0.018
117.180,114.130,1.002,RETURN_HOME,obstacle1,6.0575,1.9656,-3.1256,0.154737,0.030712,0.073398,0.998,69,2.7954,-4.9843,0.7061,-0.402,0.00000,6.7640,3.3571,2.4641,0.3075,-0.0197,0.010,0.0383,0.1000,0.9500,60,0.098,30.06,20.21,20.13,30.06,0.3000,-0.0256,10.02,1.00,50.10,DO_NOTHING,--,0.00,EXECUTING,132,6.973,-0.0190,-0.0100,3.7792,2.0673,-3.1210,0.018
117.280,114.228,0.991,RETURN_HOME,obstacle1,6.0575,1.9656,-3.1256,0.154737,0.030712,0.073398,1.096,69,2.7954,-4.9843,0.7061,-0.404,0.00000,6.7407,3.3759,2.4615,0.3000,-0.0255,0.006,0.0375,0.1000,0.9667,60,0.096,30.24,20.17,20.17,30.24,0.3000,0.0000,10.00,0.00,50.10,DO_NOTHING,--,0.00,EXECUTING,132,6.973,-0.0190,-0.0100,3.7493,2.0670,-3.1237,0.016
117.381,114.320,0.987,RETURN_HOME,obstacle1,5.7477,1.9632,-3.1125,0.155034,0.030029,0.066811,0.088,70,2.8345,-4.9887,0.7093,-0.412,0.03932,6.7174,3.3948,2.4612,0.3075,-0.0026,0.000,0.0425,0.1000,0.9667,60,0.088,30.43,20.26,20.21,30.43,0.3000,0.0000,10.02,1.00,50.10,DO_NOTHING,--,0.00,EXECUTING,132,6.973,-0.0190,-0.0100,3.7193,2.0665,-3.1242,0.008
117.480,114.426,0.994,RETURN_HOME,obstacle1,5.7477,1.9632,-3.1125,0.155034,0.030029,0.066811,0.194,70,2.8345,-4.9887,0.7093,-0.406,0.00000,6.6940,3.4136,2.4612,0.2975,-0.0000,0.004,0.0428,0.1000,0.9667,60,0.094,30.21,20.17,20.26,30.33,0.3000,0.0000,10.02,1.00,50.00,DO_NOTHING,--,0.00,EXECUTING,132,6.973,-0.0190,-0.0100,3.6893,2.0660,-3.1242,0.014
117.580,114.526,0.995,RETURN_HOME,obstacle1,5.7477,1.9632,-3.1125,0.155034,0.030029,0.066811,0.294,70,2.8345,-4.9887,0.7093,-0.406,0.00000,6.6707,3.4325,2.4612,0.3589,-0.0000,0.010,0.0433,0.1000,0.9667,60,0.094,30.24,20.21,20.21,30.43,0.3000,0.0000,10.07,1.00,50.31,DO_NOTHING,--,0.00,EXECUTING,132,6.973,-0.0190,-0.0100,3.6593,2.0655,-3.1242,0.014
117.681,114.626,0.993,RETURN_HOME,obstacle1,5.7477,1.9632,-3.1125,0.155034,0.030029,0.066811,0.394,70,2.8345,-4.9887,0.7093,-0.406,0.00000,6.6474,3.4514,2.4612,0.2987,-0.0000,0.006,0.0453,0.1000,0.9667,60,0.094,30.12,20.21,20.21,30.21,0.3000,0.0000,9.98,1.00,50.00,DO_NOTHING,--,0.00,EXECUTING,132,6.973,-0.0190,-0.0100,3.6293,2.0649,-3.1242,0.014
117.780,114.722,0.988,RETURN_HOME,obstacle1,5.7477,1.9632,-3.1125,0.155034,0.030029,0.066811,0.490,70,2.8345,-4.9887,0.7093,-0.410,0.00000,6.6287,3.4665,2.4630,0.4092,0.0270,0.020,0.0367,0.1000,0.9667,60,0.090,30.36,20.26,20.26,30.36,0.3000,0.0256,10.07,1.00,50.00,DO_NOTHING,--,0.00,EXECUTING,132,6.973,-0.0190,-0.0100,3.5993,2.0642,-3.1221,0.010
117.880,114.820,0.988,RETURN_HOME,obstacle1,5.7477,1.9632,-3.1125,0.155034,0.030029,0.066811,0.588,70,2.8345,-4.9887,0.7093,-0.412,0.00000,6.6053,3.4853,2.4656,0.3025,0.0259,0.018,0.0362,0.1000,0.9667,60,0.088,30.43,20.30,20.08,30.43,0.3000,0.0256,10.00,1.00,50.00,DO_NOTHING,--,0.00,EXECUTING,132,6.973,-0.0190,-0.0100,3.5693,2.0633,-3.1194,0.008
117.981,114.918,0.986,RETURN_HOME,obstacle1,5.7477,1.9632,-3.1125,0.155034,0.030029,0.066811,0.686,70,2.8345,-4.9887,0.7093,-0.414,0.00000,6.5819,3.5040,2.4682,0.3025,0.0259,0.016,0.0370,0.1000,0.9667,60,0.086,30.36,20.34,20.08,30.21,0.3000,0.0256,9.91,1.00,49.90,DO_NOTHING,--,0.00,EXECUTING,132,6.973,-0.0190,-0.0100,3.5393,2.0624,-3.1167,0.006
118.081,115.020,0.988,RETURN_HOME,obstacle1,5.7477,1.9632,-3.1125,0.155034,0.030029,0.066811,0.788,70,2.8345,-4.9887,0.7093,-0.412,0.00000,6.5594,3.5219,2.4687,0.2993,0.0053,0.018,0.0370,0.1000,0.9667,60,0.088,30.36,20.26,20.21,30.30,0.3000,0.0256,9.98,1.00,50.10,DO_NOTHING,--,0.00,EXECUTING,132,6.973,-0.0190,-0.0100,3.5107,2.0617,-3.1164,0.008
118.181,115.112,0.982,RETURN_HOME,obstacle1,5.7477,1.9632,-3.1125,0.155034,0.030029,0.066811,0.880,70,2.8345,-4.9887,0.7093,-0.420,0.00000,6.5362,3.5404,2.4706,0.3017,0.0199,0.010,0.0387,0.1000,0.9500,60,0.080,30.49,20.30,20.21,30.49,0.3000,-0.0256,9.87,1.00,49.90,DO_NOTHING,--,0.00,EXECUTING,126,6.672,-0.0190,-0.0100,3.4869,2.0609,-3.1147,0.020
118.280,115.214,0.994,RETURN_HOME,obstacle1,5.7477,1.9632,-3.1125,0.155034,0.030029,0.066811,0.982,70,2.8345,-4.9887,0.7093,-0.418,0.00000,6.5128,3.5591,2.4687,0.3024,-0.0193,0.012,0.0367,0.1000,0.9667,60,0.082,30.36,20.30,20.26,30.08,0.3000,-0.0256,9.98,1.00,50.00,DO_NOTHING,--,0.00,EXECUTING,126,6.672,-0.0190,-0.0100,3.4509,2.0601,-3.1167,0.002
118.381,115.304,0.975,RETURN_HOME,obstacle1,5.7477,1.9632,-3.1125,0.155034,0.030029,0.066811,1.072,70,2.8345,-4.9887,0.7093,-0.428,0.00000,6.4893,3.5778,2.4662,0.3025,-0.0257,0.002,0.0375,0.1000,0.9667,60,0.072,30.49,20.47,20.70,30.49,0.3000,-0.0256,10.00,0.00,49.80,DO_NOTHING,--,0.00,EXECUTING,126,6.672,-0.0190,-0.0100,3.4269,2.0597,-3.1189,0.012
118.480,115.404,0.978,RETURN_HOME,obstacle1,5.4374,1.9601,-3.1205,0.162761,0.035477,0.077626,0.072,71,2.7689,-4.9493,0.6973,-0.428,0.07647,6.4659,3.5966,2.4636,0.3362,-0.0285,0.002,0.0392,0.1000,0.9667,60,0.072,30.67,20.52,20.70,30.67,0.3000,-0.0256,9.96,1.00,50.00,DO_NOTHING,--,0.00,EXECUTING,126,6.672,-0.0190,-0.0100,3.3969,2.0593,-3.1215,0.012
118.580,115.498,0.969,RETURN_HOME,obstacle1,5.4374,1.9601,-3.1205,0.162761,0.035477,0.077626,0.166,71,2.7689,-4.9493,0.6973,-0.434,0.00000,6.4473,3.6116,2.4616,0.3000,-0.0255,0.016,0.0395,0.1000,0.9667,60,0.066,30.86,20.65,20.61,30.80,0.3000,0.0000,10.02,1.00,50.00,DO_NOTHING,--,0.00,EXECUTING,126,6.672,-0.0190,-0.0100,3.3669,2.0590,-3.1242,0.006
118.680,115.598,0.972,RETURN_HOME,obstacle1,5.4374,1.9601,-3.1205,0.162761,0.035477,0.077626,0.266,71,2.7689,-4.9493,0.6973,-0.434,0.00000,6.4239,3.6305,2.4611,0.3050,-0.0057,0.016,0.0387,0.1000,0.9667,60,0.066,30.93,20.61,20.47,30.86,0.3000,0.0000,9.91,1.00,50.00,DO_NOTHING,--,0.00,EXECUTING,126,6.672,-0.0190,-0.0100,3.3369,2.0585,-3.1245,0.006
118.780,115.690,0.967,RETURN_HOME,obstacle1,5.4374,1.9601,-3.1205,0.162761,0.035477,0.077626,0.358,71,2.7689,-4.9493,0.6973,-0.442,0.00000,6.4006,3.6494,2.4611,0.3075,-0.0000,0.010,0.0415,0.1000,0.9667,60,0.058,30.99,20.65,20.65,31.06,0.3000,0.0256,10.00,1.00,50.10,DO_NOTHING,--,0.00,EXECUTING,126,6.672,-0.0190,-0.0100,3.3129,2.0581,-3.1245,0.018
118.881,115.792,0.971,RETURN_HOME,obstacle1,5.4374,1.9601,-3.1205,0.162761,0.035477,0.077626,0.460,71,2.7689,-4.9493,0.6973,-0.440,0.00000,6.3773,3.6682,2.4634,0.3014,0.0235,0.010,0.0262,0.1000,0.9667,60,0.060,31.25,20.65,20.62,31.25,0.3000,0.0256,10.04,1.00,50.00,DO_NOTHING,--,0.00,EXECUTING,126,6.672,-0.0190,-0.0100,3.2830,2.0574,-3.1224,0.020
118.980,115.888,0.971,RETURN_HOME,obstacle1,5.4374,1.9601,-3.1205,0.162761,0.035477,0.077626,0.556,71,2.7689,-4.9493,0.6973,-0.444,0.00000,6.3539,3.6870,2.4659,0.3025,0.0259,0.006,0.0142,0.0500,0.9667,60,0.056,31.25,20.74,20.83,31.19,0.2842,0.0000,10.04,1.00,50.00,DO_NOTHING,--,0.00,EXECUTING,126,6.672,-0.0190,-0.0100,3.2530,2.0565,-3.1197,0.016
119.080,115.986,0.966,RETURN_HOME,obstacle1,5.4374,1.9601,-3.1205,0.162761,0.035477,0.077626,0.654,71,2.7689,-4.9493,0.6973,-0.446,0.00000,6.3316,3.7049,2.4662,0.2990,0.0026,0.004,0.0125,0.0500,1.0000,60,0.054,31.31,20.74,20.83,31.31,0.2842,0.0256,10.16,1.00,50.00,DO_NOTHING,--,0.00,EXECUTING,126,6.672,-0.0190,-0.0100,3.2242,2.0558,-3.1191,0.014
119.181,116.082,0.964,RETURN_HOME,obstacle1,5.4374,1.9601,-3.1205,0.162761,0.035477,0.077626,0.750,71,2.7689,-4.9493,0.6973,-0.450,0.00000,6.3094,3.7226,2.4685,0.2866,0.0232,0.000,0.0145,0.0500,0.9667,60,0.050,31.32,20.65,20.92,31.25,0.2842,0.0256,10.00,1.00,50.00,DO_NOTHING,--,0.00,EXECUTING,132,6.639,-0.0190,-0.0100,3.1958,2.0550,-3.1170,0.010
119.280,116.186,0.972,RETURN_HOME,obstacle1,5.4374,1.9601,-3.1205,0.162761,0.035477,0.077626,0.854,71,2.7689,-4.9493,0.6973,-0.446,0.00000,6.2861,3.7412,2.4688,0.3122,0.0027,0.004,0.0133,0.0500,1.0000,60,0.054,31.12,20.61,20.75,31.12,0.3000,-0.0256,10.00,1.00,50.00,DO_NOTHING,--,0.00,EXECUTING,132,6.639,-0.0190,-0.0100,3.1661,2.0542,-3.1164,0.014
119.381,116.286,0.983,RETURN_HOME,obstacle1,5.4374,1.9601,-3.1205,0.162761,0.035477,0.077626,0.954,71,2.7689,-4.9493,0.6973,-0.446,0.00000,6.2626,3.7600,2.4665,0.3050,-0.0232,0.004,0.0133,0.0500,1.0000,60,0.054,30.55,20.34,20.61,30.55,0.3000,-0.0256,10.00,1.00,50.10,DO_NOTHING,--,0.00,EXECUTING,132,6.639,-0.0190,-0.0100,3.1362,2.0537,-3.1186,0.014
119.480,116.386,0.987,RETURN_HOME,obstacle1,5.4374,1.9601,-3.1205,0.162761,0.035477,0.077626,1.054,71,2.7689,-4.9493,0.6973,-0.446,0.00000,6.2392,3.7787,2.4639,0.3228,-0.0274,0.004,0.0142,0.0500,1.0000,60,0.054,30.61,20.39,20.61,30.55,0.3000,-0.0256,9.96,0.00,50.00,DO_NOTHING,--,0.00,EXECUTING,132,6.639,-0.0190,-0.0100,3.1062,2.0532,-3.1213,0.014
119.581,116.486,0.986,RETURN_HOME,obstacle1,5.1230,1.9647,-3.1106,0.177856,0.037383,0.080398,0.054,72,2.8689,-4.9672,0.7099,-0.446,0.10157,6.2159,3.7976,2.4614,0.3025,-0.0257,0.004,0.0133,0.0500,1.0000,60,0.054,30.30,20.26,20.26,30.36,0.3000,0.0000,10.04,1.00,50.00,DO_NOTHING,--,0.00,EXECUTING,132,6.639,-0.0190,-0.0100,3.0762,2.0529,-3.1240,0.014
119.681,116.586,0.995,RETURN_HOME,obstacle1,5.1230,1.9647,-3.1106,0.177856,0.037383,0.080398,0.154,72,2.8689,-4.9672,0.7099,-0.446,0.00000,6.1926,3.8164,2.4611,0.3337,-0.0026,0.004,0.0150,0.0500,0.9667,60,0.054,30.30,20.26,20.26,30.40,0.3000,0.0000,9.98,1.00,50.10,DO_NOTHING,--,0.00,EXECUTING,132,6.639,-0.0190,-0.0100,3.0462,2.0525,-3.1245,0.014
119.781,116.688,0.996,RETURN_HOME,obstacle1,5.1230,1.9647,-3.1106,0.177856,0.037383,0.080398,0.256,72,2.8689,-4.9672,0.7099,-0.444,0.00000,6.1693,3.8353,2.4611,0.3025,-0.0000,0.006,0.0158,0.0500,0.9667,60,0.056,30.06,20.13,20.00,30.02,0.3000,0.0000,10.09,1.00,50.00,DO_NOTHING,--,0.00,EXECUTING,132,6.639,-0.0190,-0.0100,3.0162,2.0519,-3.1245,0.016
119.880,116.788,0.996,RETURN_HOME,obstacle1,5.1230,1.9647,-3.1106,0.177856,0.037383,0.080398,0.356,72,2.8689,-4.9672,0.7099,-0.444,0.00000,6.1459,3.8542,2.4611,0.3025,0.0000,0.006,0.0183,0.0500,0.9667,60,0.056,30.12,20.13,20.08,30.12,0.3000,0.0256,9.98,1.00,50.00,DO_NOTHING,--,0.00,EXECUTING,132,6.639,-0.0190,-0.0100,2.9862,2.0514,-3.1245,0.016
119.981,116.888,1.002,RETURN_HOME,obstacle1,5.1230,1.9647,-3.1106,0.177856,0.037383,0.080398,0.456,72,2.8689,-4.9672,0.7099,-0.444,0.00000,6.1226,3.8730,2.4634,0.3050,0.0228,0.006,0.0220,0.0736,0.9500,60,0.056,29.77,20.04,20.17,29.77,0.3000,0.0000,10.00,1.00,50.00,DO_NOTHING,--,0.00,EXECUTING,132,6.639,-0.0190,-0.0100,2.9562,2.0507,-3.1224,0.016
120.081,116.984,1.003,RETURN_HOME,obstacle1,5.1230,1.9647,-3.1106,0.177856,0.037383,0.080398,0.552,72,2.8689,-4.9672,0.7099,-0.448,0.00000,6.0992,3.8919,2.4637,0.3050,0.0026,0.002,0.0245,0.1000,0.9500,60,0.052,30.06,20.04,20.21,30.02,0.3000,0.0000,10.00,1.00,50.00,DO_NOTHING,--,0.00,EXECUTING,132,6.639,-0.0190,-0.0100,2.9262,2.0501,-3.1218,0.012
120.181,117.082,1.001,RETURN_HOME,obstacle1,5.1230,1.9647,-3.1106,0.177856,0.037383,0.080398,0.650,72,2.8689,-4.9672,0.7099,-0.450,0.00000,6.0758,3.9106,2.4660,0.3000,0.0230,0.000,0.0270,0.1000,0.9500,60,0.050,30.24,20.13,20.21,30.15,0.3000,0.0256,9.98,1.00,50.00,DO_NOTHING,--,0.00,EXECUTING,132,6.639,-0.0190,-0.0100,2.8962,2.0493,-3.1197,0.010
120.281,117.182,0.995,RETURN_HOME,obstacle1,5.1230,1.9647,-3.1106,0.177856,0.037383,0.080398,0.750,72,2.8689,-4.9672,0.7099,-0.450,0.00000,6.0571,3.9256,2.4680,0.3412,0.0292,0.022,0.0253,0.1000,0.9333,60,0.050,30.12,20.08,20.30,30.12,0.2842,0.0000,10.00,1.00,49.90,DO_NOTHING,--,0.00,EXECUTING,126,6.339,-0.0190,-0.0100,2.8662,2.0483,-3.1170,0.010
120.381,117.282,0.995,RETURN_HOME,obstacle1,5.1230,1.9647,-3.1106,0.177856,0.037383,0.080398,0.850,72,2.8689,-4.9672,0.7099,-0.450,0.00000,6.0346,3.9435,2.4685,0.3049,0.0047,0.022,0.0245,0.1000,0.9333,60,0.050,30.18,20.17,20.30,30.18,0.2842,0.0256,9.96,1.00,50.00,DO_NOTHING,--,0.00,EXECUTING,126,6.339,-0.0190,-0.0100,2.8376,2.0476,-3.1167,0.010
120.480,117.382,0.996,RETURN_HOME,obstacle1,5.1230,1.9647,-3.1106,0.177856,0.037383,0.080398,0.950,72,2.8689,-4.9672,0.7099,-0.450,0.00000,6.0079,3.9648,2.4711,0.2856,0.0257,0.000,0.0278,0.1000,0.9333,60,0.050,30.12,20.13,20.30,30.18,0.3000,-0.0256,9.98,1.00,50.00,DO_NOTHING,--,0.00,EXECUTING,126,6.339,-0.0190,-0.0100,2.8092,2.0467,-3.1143,0.010
120.581,117.482,0.995,RETURN_HOME,obstacle1,5.1230,1.9647,-3.1106,0.177856,0.037383,0.080398,1.050,72,2.8689,-4.9672,0.7099,-0.450,0.00000,5.9892,3.9797,2.4693,0.2992,-0.0135,0.020,0.0253,0.1000,0.9333,60,0.050,30.08,20.13,20.26,30.08,0.3000,-0.0256,9.98,0.00,50.00,DO_NOTHING,--,0.00,EXECUTING,126,6.339,-0.0190,-0.0100,2.7794,2.0460,-3.1163,0.010
120.681,117.582,0.993,RETURN_HOME,obstacle1,4.7857,1.9708,-3.1129,0.194914,0.037628,0.079296,0.050,73,2.8095,-4.9364,0.7028,-0.450,0.06695,5.9610,4.0022,2.4662,0.3050,-0.0259,0.000,0.0267,0.1000,0.9333,60,0.050,30.18,20.17,20.13,30.30,0.2842,0.0769,10.00,1.00,50.00,DO_NOTHING,--,0.00,EXECUTING,126,6.339,-0.0190,-0.0100,2.7494,2.0456,-3.1190,0.010
120.781,117.680,0.990,RETURN_HOME,obstacle1,4.7857,1.9708,-3.1129,0.194914,0.037628,0.079296,0.148,73,2.8095,-4.9364,0.7028,-0.452,0.00000,5.9433,4.0163,2.4715,0.2884,0.0497,0.018,0.0300,0.1000,0.9333,60,0.048,30.18,20.13,20.30,30.27,0.2842,0.0769,10.02,1.00,50.00,DO_NOTHING,--,0.00,EXECUTING,126,6.339,-0.0190,-0.0100,2.7208,2.0444,-3.1130,0.008
120.881,117.780,0.991,RETURN_HOME,obstacle1,4.7857,1.9708,-3.1129,0.194914,0.037628,0.079296,0.248,73,2.8095,-4.9364,0.7028,-0.452,0.00000,5.9199,4.0347,2.4790,0.2966,0.0755,0.018,0.0277,0.1000,0.9333,60,0.048,30.12,20.17,20.21,30.18,0.3000,0.1795,10.02,1.00,50.00,DO_NOTHING,--,0.00,EXECUTING,126,6.339,-0.0190,-0.0100,2.6911,2.0427,-3.1052,0.008
120.981,117.878,0.993,RETURN_HOME,obstacle1,4.7857,1.9708,-3.1129,0.194914,0.037628,0.079296,0.346,73,2.8095,-4.9364,0.7028,-0.454,0.00000,5.8962,4.0530,2.4940,0.3138,0.1582,0.016,0.0312,0.1000,0.9333,60,0.046,30.24,20.17,20.13,30.24,0.3000,0.0769,10.00,1.00,50.00,DO_NOTHING,--,0.00,EXECUTING,126,6.339,-0.0190,-0.0100,2.6611,2.0401,-3.0886,0.006
121.080,117.974,0.991,RETURN_HOME,obstacle1,4.7857,1.9708,-3.1129,0.194914,0.037628,0.079296,0.442,73,2.8095,-4.9364,0.7028,-0.458,0.00000,5.8721,4.0709,2.5048,0.3254,0.1186,0.012,0.0228,0.0521,0.9500,60,0.042,30.36,20.17,20.21,30.49,0.3000,0.0769,10.09,1.00,50.00,DO_NOTHING,--,0.00,EXECUTING,126,6.339,-0.0190,-0.0100,2.6311,2.0374,-3.0786,0.002
121.181,118.074,0.991,RETURN_HOME,obstacle1,4.7857,1.9708,-3.1129,0.194914,0.037628,0.079296,0.542,73,2.8095,-4.9364,0.7028,-0.458,0.00000,5.8480,4.0887,2.5125,0.3000,0.0769,0.012,0.0192,0.0500,0.9833,60,0.042,30.24,20.21,20.26,30.36,0.2842,0.1282,10.00,1.00,50.00,DO_NOTHING,--,0.00,EXECUTING,126,6.339,-0.0190,-0.0100,2.6012,2.0348,-3.0707,0.002
121.281,118.170,0.986,RETURN_HOME,obstacle1,4.7857,1.9708,-3.1129,0.194914,0.037628,0.079296,0.638,73,2.8095,-4.9364,0.7028,-0.462,0.00000,5.8246,4.1054,2.5241,0.2925,0.1172,0.008,0.0208,0.0500,0.9833,60,0.038,30.43,20.21,20.26,30.36,0.3000,0.1795,9.96,1.00,50.20,DO_NOTHING,--,0.00,EXECUTING,120,6.039,-0.0190,-0.0100,2.5783,2.0323,-3.0614,0.018
121.381,118.270,0.986,RETURN_HOME,obstacle1,4.7857,1.9708,-3.1129,0.194914,0.037628,0.079296,0.738,73,2.8095,-4.9364,0.7028,-0.462,0.00000,5.8002,4.1225,2.5409,0.3315,0.1887,0.008,0.0299,0.1000,0.9500,60,0.038,30.36,20.43,20.52,30.30,0.2842,0.1282,9.96,1.00,50.00,DO_NOTHING,--,0.00,EXECUTING,120,6.039,-0.0190,-0.0100,2.5489,2.0283,-3.0453,0.018
121.481,118.366,0.982,RETURN_HOME,obstacle1,4.7857,1.9708,-3.1129,0.194914,0.037628,0.079296,0.834,73,2.8095,-4.9364,0.7028,-0.466,0.00000,5.7765,4.1385,2.5544,0.3098,0.1461,0.004,0.0242,0.0500,0.9833,60,0.034,30.43,20.30,20.52,30.43,0.3000,0.0769,9.89,1.00,50.00,DO_NOTHING,--,0.00,EXECUTING,120,6.039,-0.0190,-0.0100,2.5203,2.0242,-3.0313,0.014
121.580,118.466,0.984,RETURN_HOME,obstacle1,4.7857,1.9708,-3.1129,0.194914,0.037628,0.079296,0.934,73,2.8095,-4.9364,0.7028,-0.466,0.00000,5.7516,4.1549,2.5626,0.3008,0.0834,0.004,0.0217,0.0500,0.9833,60,0.034,30.49,20.34,20.04,30.49,0.2842,0.0769,9.96,1.00,50.00,DO_NOTHING,--,0.00,EXECUTING,120,6.039,-0.0190,-0.0100,2.4908,2.0201,-3.0226,0.014
121.680,118.560,0.979,RETURN_HOME,obstacle1,4.7857,1.9708,-3.1129,0.194914,0.037628,0.079296,1.028,73,2.8095,-4.9364,0.7028,-0.472,0.00000,5.7324,4.1674,2.5688,0.2889,0.0769,0.018,0.0192,0.0500,1.0000,60,0.028,30.61,20.39,20.56,30.86,0.2842,0.0769,9.98,0.00,49.90,DO_NOTHING,--,0.00,EXECUTING,120,6.039,-0.0190,-0.0100,2.4623,2.0159,-3.0152,0.008
121.780,118.660,0.981,RETURN_HOME,obstacle1,4.4702,1.9412,-3.0039,0.233754,0.045265,0.088324,0.028,74,2.8230,-4.9419,0.7038,-0.472,0.01462,5.7074,4.1833,2.5763,0.3029,0.0764,0.018,0.0212,0.0500,1.0000,60,0.028,30.61,20.52,20.47,30.79,0.3000,0.0769,9.96,1.00,50.00,DO_NOTHING,--,0.00,EXECUTING,120,6.039,-0.0190,-0.0100,2.4328,2.0115,-3.0080,0.008
121.881,118.756,0.976,RETURN_HOME,obstacle1,4.4702,1.9412,-3.0039,0.233754,0.045265,0.088324,0.124,74,2.8230,-4.9419,0.7038,-0.476,0.00000,5.6821,4.1994,2.5766,0.3025,0.0033,0.014,0.0217,0.0500,1.0000,60,0.024,30.80,20.43,20.43,30.74,0.3000,0.0256,10.00,1.00,49.90,DO_NOTHING,--,0.00,EXECUTING,120,6.039,-0.0190,-0.0100,2.4030,2.0075,-3.0087,0.004
121.981,118.856,0.979,RETURN_HOME,obstacle1,4.4702,1.9412,-3.0039,0.233754,0.045265,0.088324,0.224,74,2.8230,-4.9419,0.7038,-0.476,0.00000,5.6568,4.2154,2.5780,0.3025,0.0143,0.014,0.0208,0.0500,1.0000,60,0.024,31.12,20.47,20.30,31.12,0.3000,-0.0256,9.93,1.00,49.90,DO_NOTHING,--,0.00,EXECUTING,120,6.039,-0.0190,-0.0100,2.3733,2.0034,-3.0068,0.004
122.080,118.946,0.972,RETURN_HOME,obstacle1,4.4702,1.9412,-3.0039,0.233754,0.045265,0.088324,0.314,74,2.8230,-4.9419,0.7038,-0.486,0.00000,5.6314,4.2315,2.5765,0.3075,-0.0149,0.004,0.0233,0.0500,1.0000,60,0.014,31.06,20.43,20.41,31.06,0.2842,-0.0256,10.02,1.00,50.00,DO_NOTHING,--,0.00,EXECUTING,120,6.039,-0.0190,-0.0100,2.3495,2.0003,-3.0082,0.014
122.181,119.046,0.974,RETURN_HOME,obstacle1,4.4702,1.9412,-3.0039,0.233754,0.045265,0.088324,0.414,74,2.8230,-4.9419,0.7038,-0.486,0.00000,5.6073,4.2468,2.5740,0.2858,-0.0256,0.004,0.0233,0.0500,1.0000,60,0.014,31.12,20.61,20.79,31.12,0.2842,0.0256,10.14,1.00,50.00,DO_NOTHING,--,0.00,EXECUTING,120,6.039,-0.0190,-0.0100,2.3210,1.9967,-3.0107,0.014
122.282,119.142,0.968,RETURN_HOME,obstacle1,4.4702,1.9412,-3.0039,0.233754,0.045265,0.088324,0.510,74,2.8230,-4.9419,0.7038,-0.390,0.00000,5.5833,4.2621,2.5759,0.2866,0.0195,0.000,0.0242,0.0500,1.0000,60,0.010,31.06,20.52,20.58,31.06,0.3000,-0.0769,10.12,1.00,50.00,DO_NOTHING,--,0.00,EXECUTING,114,5.732,-0.0190,-0.0100,2.2928,1.9929,-3.0093,0.010
122.381,119.244,0.975,RETURN_HOME,obstacle1,4.4702,1.9412,-3.0039,0.233754,0.045265,0.088324,0.612,74,2.8230,-4.9419,0.7038,-0.488,0.00000,5.5580,4.2782,2.5692,0.3112,-0.0703,0.002,0.0253,0.0500,1.0000,60,0.012,30.74,20.52,20.74,30.80,0.3000,0.0256,10.04,1.00,50.10,DO_NOTHING,--,0.00,EXECUTING,114,5.732,-0.0190,-0.0100,2.2633,1.9894,-3.0149,0.012
122.481,119.342,0.973,RETURN_HOME,obstacle1,4.4702,1.9412,-3.0039,0.233754,0.045265,0.088324,0.710,74,2.8230,-4.9419,0.7038,-0.390,0.00000,5.5379,4.2912,2.5693,0.3114,-0.0143,0.020,0.0267,0.0500,1.0000,60,0.010,30.86,20.52,20.70,30.80,0.2842,0.0000,10.14,1.00,50.00,DO_NOTHING,--,0.00,EXECUTING,114,5.732,-0.0190,-0.0100,2.2335,1.9857,-3.0153,0.010
122.581,119.442,0.979,RETURN_HOME,obstacle1,4.4702,1.9412,-3.0039,0.233754,0.045265,0.088324,0.810,74,2.8230,-4.9419,0.7038,-0.390,0.00000,5.5137,4.3068,2.5698,0.2921,0.0051,0.020,0.0275,0.0500,1.0000,60,0.010,30.86,20.61,20.88,30.74,0.3000,-0.0769,10.00,1.00,50.10,DO_NOTHING,--,0.00,EXECUTING,114,5.732,-0.0190,-0.0100,2.2052,1.9821,-3.0150,0.010
122.680,119.540,0.978,RETURN_HOME,obstacle1,4.4702,1.9412,-3.0039,0.233754,0.045265,0.088324,0.908,74,2.8230,-4.9419,0.7038,-0.392,0.00000,5.4889,4.3228,2.5651,0.3285,-0.0551,0.018,0.0292,0.0550,1.0000,60,0.008,30.61,20.39,20.39,30.67,0.2842,0.0000,10.00,1.00,50.00,DO_NOTHING,--,0.00,EXECUTING,114,5.732,-0.0190,-0.0100,2.1757,1.9788,-3.0204,0.008
122.781,119.642,0.985,RETURN_HOME,obstacle1,4.4702,1.9412,-3.0039,0.233754,0.045265,0.088324,1.010,74,2.8230,-4.9419,0.7038,-0.390,0.00000,5.4649,4.3385,2.5632,0.2982,-0.0191,0.020,0.0278,0.0521,1.0000,60,0.010,30.61,20.47,20.39,30.61,0.3000,-0.0256,9.98,1.00,50.00,DO_NOTHING,--,0.00,EXECUTING,114,5.732,-0.0190,-0.0100,2.1473,1.9755,-3.0215,0.010
122.881,119.742,0.986,RETURN_HOME,obstacle1,4.4702,1.9412,-3.0039,0.233754,0.045265,0.088324,1.110,74,2.8230,-4.9419,0.7038,-0.390,0.00000,5.4401,4.3547,2.5613,0.2990,-0.0192,0.020,0.0302,0.0550,0.9833,60,0.010,30.55,20.34,20.26,30.49,0.3000,-0.0256,10.00,0.00,50.00,DO_NOTHING,--,0.00,EXECUTING,114,5.732,-0.0190,-0.0100,2.1177,1.9721,-3.0237,0.010
122.980,119.842,0.986,RETURN_HOME,obstacle1,4.1963,1.9138,-3.0274,0.230556,0.033422,0.081362,0.110,75,2.8079,-4.9138,0.6947,-0.390,0.03192,5.4150,4.3712,2.5587,0.3025,-0.0259,0.020,0.0287,0.0500,1.0000,60,0.010,30.36,20.34,20.30,30.30,0.3000,0.0256,9.96,1.00,50.10,DO_NOTHING,--,0.00,EXECUTING,114,5.732,-0.0190,-0.0100,2.0879,1.9689,-3.0262,0.010
123.081,119.940,0.993,RETURN_HOME,obstacle1,4.1963,1.9138,-3.0274,0.230556,0.033422,0.081362,0.208,75,2.8079,-4.9138,0.6947,-0.392,0.00000,5.3899,4.3877,2.5601,0.3025,0.0143,0.018,0.0295,0.0500,1.0000,60,0.008,30.18,20.08,20.30,30.15,0.3000,0.0256,10.00,1.00,50.00,DO_NOTHING,--,0.00,EXECUTING,114,5.732,-0.0190,-0.0100,2.0581,1.9652,-3.0243,0.008
123.181,120.040,0.994,RETURN_HOME,obstacle1,4.1963,1.9138,-3.0274,0.230556,0.033422,0.081362,0.308,75,2.8079,-4.9138,0.6947,-0.392,0.00000,5.3659,4.4034,2.5627,0.3012,0.0268,0.018,0.0312,0.0500,0.9833,60,0.108,30.30,20.17,20.13,30.24,0.3000,-0.0256,10.00,1.00,50.00,DO_NOTHING,--,0.00,EXECUTING,114,5.732,-0.0190,-0.0100,2.0298,1.9616,-3.0218,0.008
123.282,120.136,0.990,RETURN_HOME,obstacle1,4.1963,1.9138,-3.0274,0.230556,0.033422,0.081362,0.404,75,2.8079,-4.9138,0.6947,-0.396,0.00000,5.3411,4.4197,2.5613,0.3129,-0.0144,0.014,0.0325,0.0550,1.0000,60,0.104,30.18,20.13,20.13,29.84,0.3000,-0.0256,9.93,1.00,50.00,DO_NOTHING,--,0.00,EXECUTING,109,5.479,-0.0190,-0.0100,2.0001,1.9583,-3.0237,0.004
123.381,120.238,0.994,RETURN_HOME,obstacle1,4.1963,1.9138,-3.0274,0.230556,0.033422,0.081362,0.506,75,2.8079,-4.9138,0.6947,-0.394,0.00000,5.3160,4.4362,2.5588,0.3139,-0.0268,0.016,0.0175,0.0500,1.0000,60,0.106,30.18,20.21,20.13,29.90,0.3000,-0.0256,9.98,1.00,50.00,DO_NOTHING,--,0.00,EXECUTING,109,5.479,-0.0190,-0.0100,1.9703,1.9550,-3.0262,0.006
123.481,120.338,0.996,RETURN_HOME,obstacle1,4.1963,1.9138,-3.0274,0.230556,0.033422,0.081362,0.606,75,2.8079,-4.9138,0.6947,-0.394,0.00000,5.2910,4.4527,2.5562,0.3025,-0.0259,0.016,0.0150,0.0500,1.0000,60,0.106,30.06,20.13,20.13,30.12,0.3000,-0.0256,9.96,1.00,50.00,DO_NOTHING,--,0.00,EXECUTING,109,5.479,-0.0190,-0.0100,1.9405,1.9518,-3.0288,0.006
123.581,120.440,0.998,RETURN_HOME,obstacle1,4.1963,1.9138,-3.0274,0.230556,0.033422,0.081362,0.708,75,2.8079,-4.9138,0.6947,-0.392,0.00000,5.2660,4.4693,2.5536,0.3417,-0.0292,0.018,0.0150,0.0500,1.0000,60,0.108,29.90,20.26,20.08,30.12,0.3000,-0.0256,10.00,1.00,50.00,DO_NOTHING,--,0.00,EXECUTING,109,5.479,-0.0190,-0.0100,1.9107,1.9486,-3.0313,0.008
123.681,120.540,0.998,RETURN_HOME,obstacle1,4.1963,1.9138,-3.0274,0.230556,0.033422,0.081362,0.808,75,2.8079,-4.9138,0.6947,-0.392,0.00000,5.2411,4.4860,2.5511,0.3139,-0.0268,0.018,0.0158,0.0500,1.0000,60,0.108,30.06,20.04,19.63,30.06,0.3000,-0.0256,9.96,1.00,49.90,DO_NOTHING,--,0.00,EXECUTING,109,5.479,-0.0190,-0.0100,1.8809,1.9456,-3.0339,0.008
123.781,120.640,0.998,RETURN_HOME,obstacle1,4.1963,1.9138,-3.0274,0.230556,0.033422,0.081362,0.908,75,2.8079,-4.9138,0.6947,-0.392,0.00000,5.2162,4.5027,2.5485,0.3139,-0.0268,0.018,0.0175,0.0500,1.0000,60,0.108,30.12,20.08,19.63,30.12,0.3000,-0.0256,10.00,1.00,50.00,DO_NOTHING,--,0.00,EXECUTING,109,5.479,-0.0190,-0.0100,1.8511,1.9426,-3.0364,0.008
123.880,120.738,0.996,RETURN_HOME,obstacle1,4.1963,1.9138,-3.0274,0.230556,0.033422,0.081362,1.006,75,2.8079,-4.9138,0.6947,-0.394,0.00000,5.1913,4.5195,2.5459,0.3025,-0.0259,0.016,0.0192,0.0500,1.0000,60,0.106,29.53,20.08,19.83,29.84,0.3000,-0.0256,9.98,1.00,50.00,DO_NOTHING,--,0.00,EXECUTING,109,5.479,-0.0190,-0.0100,1.8212,1.9397,-3.0390,0.006
123.980,120.838,0.998,RETURN_HOME,obstacle1,4.1963,1.9138,-3.0274,0.230556,0.033422,0.081362,1.106,75,2.8079,-4.9138,0.6947,-0.394,0.00000,5.1675,4.5357,2.5434,0.2897,-0.0259,0.016,0.0183,0.0500,1.0000,60,0.106,30.12,20.21,20.26,30.12,0.3000,-0.0256,10.00,0.00,50.10,DO_NOTHING,--,0.00,EXECUTING,109,5.479,-0.0190,-0.0100,1.7928,1.9370,-3.0415,0.006
124.081,120.938,0.998,RETURN_HOME,obstacle1,3.9165,1.8820,-3.0387,0.234325,0.045932,0.093307,0.106,76,2.8979,-4.9172,0.7013,-0.394,0.09007,5.1430,4.5524,2.5410,0.3016,-0.0244,0.016,0.0100,0.0500,1.0000,60,0.006,30.12,20.04,19.79,29.77,0.3000,-0.0256,10.00,1.00,50.00,DO_NOTHING,--,0.00,EXECUTING,109,5.479,-0.0190,-0.0100,1.7631,1.9343,-3.0439,0.006
124.180,121.036,0.996,RETURN_HOME,obstacle1,3.9165,1.8820,-3.0387,0.234325,0.045932,0.093307,0.204,76,2.8979,-4.9172,0.7013,-0.396,0.00000,5.1183,4.5694,2.5384,0.3050,-0.0261,0.014,0.0192,0.0500,1.0000,60,0.104,30.00,20.04,19.87,30.06,0.3000,-0.0769,10.07,1.00,50.00,DO_NOTHING,--,0.00,EXECUTING,109,5.479,-0.0190,-0.0100,1.7333,1.9316,-3.0465,0.004
124.281,121.134,0.999,RETURN_HOME,obstacle1,3.9165,1.8820,-3.0387,0.234325,0.045932,0.093307,0.302,76,2.8979,-4.9172,0.7013,-0.398,0.00000,5.0937,4.5865,2.5319,0.3124,-0.0680,0.014,0.0158,0.0500,1.0000,60,0.102,29.77,20.08,19.83,29.90,0.3000,-0.0769,10.04,1.00,50.10,DO_NOTHING,--,0.00,EXECUTING,109,5.479,-0.0190,-0.0100,1.7034,1.9295,-3.0536,0.002
124.381,121.234,0.996,RETURN_HOME,obstacle1,3.9165,1.8820,-3.0387,0.234325,0.045932,0.093307,0.402,76,2.8979,-4.9172,0.7013,-0.398,0.00000,5.0691,4.6037,2.5282,0.3000,-0.0361,0.012,0.0192,0.0500,1.0000,60,0.102,30.12,20.26,20.34,30.24,0.3000,0.0256,9.93,1.00,50.00,DO_NOTHING,--,0.00,EXECUTING,104,5.229,-0.0190,-0.0100,1.6735,1.9271,-3.0568,0.002
124.480,121.332,0.995,RETURN_HOME,obstacle1,3.9165,1.8820,-3.0387,0.234325,0.045932,0.093307,0.500,76,2.8979,-4.9172,0.7013,-0.400,0.00000,5.0446,4.6210,2.5296,0.3225,0.0157,0.014,0.0294,0.0707,1.0000,60,0.100,30.12,20.13,19.87,29.77,0.3000,0.0256,10.07,1.00,50.31,DO_NOTHING,--,0.00,EXECUTING,104,5.229,-0.0190,-0.0100,1.6436,1.9244,-3.0549,0.000
124.581,121.434,0.993,RETURN_HOME,obstacle1,3.9165,1.8820,-3.0387,0.234325,0.045932,0.093307,0.602,76,2.8979,-4.9172,0.7013,-0.398,0.00000,5.0211,4.6375,2.5282,0.2896,-0.0160,0.012,0.0257,0.0707,1.0000,60,0.102,30.06,20.08,19.87,29.84,0.2842,-0.0256,10.07,1.00,50.00,DO_NOTHING,--,0.00,EXECUTING,104,5.229,-0.0190,-0.0100,1.6151,1.9221,-3.0568,0.002
124.681,121.534,0.993,RETURN_HOME,obstacle1,3.9165,1.8820,-3.0387,0.234325,0.045932,0.093307,0.702,76,2.8979,-4.9172,0.7013,-0.398,0.00000,4.9969,4.6546,2.5222,0.2959,-0.0593,0.012,0.0178,0.0500,1.0000,60,0.102,30.18,20.13,19.92,30.12,0.2842,0.0000,9.91,1.00,50.00,DO_NOTHING,--,0.00,EXECUTING,104,5.229,-0.0190,-0.0100,1.5855,1.9203,-3.0634,0.002
124.782,121.632,0.992,RETURN_HOME,obstacle1,3.9165,1.8820,-3.0387,0.234325,0.045932,0.093307,0.800,76,2.8979,-4.9172,0.7013,-0.400,0.00000,4.9735,4.6713,2.5204,0.2981,-0.0187,0.010,0.0303,0.0736,1.0000,60,0.100,30.18,20.26,19.92,30.24,0.2842,-0.0256,10.02,1.00,50.10,DO_NOTHING,--,0.00,EXECUTING,104,5.229,-0.0190,-0.0100,1.5626,1.9186,-3.0645,0.020
124.880,121.732,0.993,RETURN_HOME,obstacle1,3.9165,1.8820,-3.0387,0.234325,0.045932,0.093307,0.900,76,2.8979,-4.9172,0.7013,-0.400,0.00000,4.9504,4.6879,2.5181,0.3185,-0.0259,0.010,0.0278,0.0500,1.0000,60,0.100,30.24,20.17,20.39,30.24,0.3000,-0.0256,9.89,1.00,50.00,DO_NOTHING,--,0.00,EXECUTING,104,5.229,-0.0190,-0.0100,1.5343,1.9166,-3.0666,0.020
124.980,121.830,0.992,RETURN_HOME,obstacle1,3.9165,1.8820,-3.0387,0.234325,0.045932,0.093307,0.998,76,2.8979,-4.9172,0.7013,-0.402,0.00000,4.9263,4.7053,2.5157,0.3006,-0.0240,0.008,0.0333,0.0500,1.0000,60,0.098,30.18,20.21,20.43,30.24,0.3000,-0.0256,10.02,1.00,50.10,DO_NOTHING,--,0.00,EXECUTING,104,5.229,-0.0190,-0.0100,1.5047,1.9146,-3.0691,0.018
125.080,121.918,0.980,RETURN_HOME,obstacle1,3.9165,1.8820,-3.0387,0.234325,0.045932,0.093307,1.086,76,2.8979,-4.9172,0.7013,-0.414,0.00000,4.9068,4.7194,2.5137,0.2999,-0.0251,0.016,0.0324,0.0707,1.0000,60,0.086,30.67,20.47,20.21,30.80,0.3000,-0.1282,10.00,0.00,49.90,DO_NOTHING,--,0.00,EXECUTING,104,5.229,-0.0190,-0.0100,1.4748,1.9127,-3.0717,0.006
125.180,122.018,0.983,RETURN_HOME,obstacle1,3.6062,1.8486,-3.0506,0.239029,0.062960,0.093236,0.086,77,3.0406,-4.9344,0.7204,-0.414,0.14375,4.8827,4.7371,2.5037,0.3135,-0.1014,0.016,0.0233,0.0500,1.0000,60,0.086,30.67,20.39,20.17,30.61,0.3000,-0.0769,9.98,1.00,50.00,DO_NOTHING,--,0.00,EXECUTING,104,5.229,-0.0190,-0.0100,1.4449,1.9117,-3.0830,0.006
125.281,122.110,0.973,RETURN_HOME,obstacle1,3.6062,1.8486,-3.0506,0.239029,0.062960,0.093236,0.178,77,3.0406,-4.9344,0.7204,-0.422,0.00000,4.8587,4.7550,2.4951,0.3023,-0.0875,0.008,0.0337,0.0500,1.0000,60,0.078,31.06,20.56,20.70,31.06,0.3000,-0.0769,10.09,1.00,49.90,DO_NOTHING,--,0.00,EXECUTING,104,5.229,-0.0190,-0.0100,1.4209,1.9110,-3.0900,0.018
125.380,122.210,0.977,RETURN_HOME,obstacle1,3.6062,1.8486,-3.0506,0.239029,0.062960,0.093236,0.278,77,3.0406,-4.9344,0.7204,-0.422,0.00000,4.8348,4.7732,2.4875,0.3138,-0.0793,0.008,0.0377,0.0500,1.0000,60,0.078,30.74,20.56,20.65,30.74,0.3000,-0.0769,9.93,1.00,50.00,DO_NOTHING,--,0.00,EXECUTING,99,4.979,-0.0190,-0.0100,1.3909,1.9102,-3.0980,0.018
125.481,122.306,0.969,RETURN_HOME,obstacle1,3.6062,1.8486,-3.0506,0.239029,0.062960,0.093236,0.374,77,3.0406,-4.9344,0.7204,-0.426,0.00000,4.8111,4.7915,2.4799,0.2999,-0.0760,0.004,0.0419,0.0707,1.0000,60,0.074,31.06,20.61,20.79,31.19,0.3000,-0.0769,9.98,1.00,49.80,DO_NOTHING,--,0.00,EXECUTING,99,4.979,-0.0190,-0.0100,1.3609,1.9098,-3.1060,0.014
125.581,122.408,0.975,RETURN_HOME,obstacle1,3.6062,1.8486,-3.0506,0.239029,0.062960,0.093236,0.476,77,3.0406,-4.9344,0.7204,-0.424,0.00000,4.7886,4.8092,2.4723,0.3039,-0.0807,0.006,0.0549,0.1000,0.9167,60,0.076,31.06,20.61,20.83,31.12,0.3000,-0.0769,10.11,1.00,50.00,DO_NOTHING,--,0.00,EXECUTING,99,4.979,-0.0190,-0.0100,1.3322,1.9095,-3.1139,0.016
125.681,122.500,0.966,RETURN_HOME,obstacle1,3.6062,1.8486,-3.0506,0.239029,0.062960,0.093236,0.568,77,3.0406,-4.9344,0.7204,-0.432,0.00000,4.7699,4.8240,2.4663,0.2949,-0.0744,0.018,0.0647,0.1423,0.8833,60,0.068,31.25,20.70,20.88,31.31,0.3000,-0.0256,10.02,1.00,49.90,DO_NOTHING,--,0.00,EXECUTING,99,4.979,-0.0190,-0.0100,1.3025,1.9095,-3.1217,0.008
125.780,122.602,0.971,RETURN_HOME,obstacle1,3.6062,1.8486,-3.0506,0.239029,0.062960,0.093236,0.670,77,3.0406,-4.9344,0.7204,-0.430,0.00000,4.7466,4.8428,2.4626,0.3025,-0.0388,0.020,0.0655,0.1156,0.8833,60,0.070,31.19,20.61,20.70,31.12,0.3000,-0.0256,10.14,1.00,49.90,DO_NOTHING,--,0.00,EXECUTING,99,4.979,-0.0190,-0.0100,1.2725,1.9093,-3.1252,0.010
125.880,122.700,0.967,RETURN_HOME,obstacle1,3.6062,1.8486,-3.0506,0.239029,0.062960,0.093236,0.768,77,3.0406,-4.9344,0.7204,-0.432,0.00000,4.7233,4.8617,2.4566,0.2999,-0.0598,0.018,0.0622,0.1156,0.8833,60,0.068,30.93,20.70,20.65,30.99,0.3000,-0.0769,9.98,1.00,50.00,DO_NOTHING,--,0.00,EXECUTING,99,4.979,-0.0190,-0.0100,1.2425,1.9095,-3.1320,0.008
125.980,122.802,0.972,RETURN_HOME,obstacle1,3.6062,1.8486,-3.0506,0.239029,0.062960,0.093236,0.870,77,3.0406,-4.9344,0.7204,-0.430,0.00000,4.7001,4.8808,2.4489,0.3025,-0.0774,0.020,0.0649,0.1500,0.8667,60,0.070,30.93,20.61,20.70,30.86,0.3000,0.0256,10.00,1.00,50.00,DO_NOTHING,--,0.00,EXECUTING,99,4.979,-0.0190,-0.0100,1.2125,1.9100,-3.1402,0.010
126.081,122.896,0.975,RETURN_HOME,obstacle1,3.6062,1.8486,-3.0506,0.239029,0.062960,0.093236,0.964,77,3.0406,-4.9344,0.7204,-0.436,0.00000,4.6724,4.9038,2.4491,0.3564,0.0218,0.000,0.0738,0.1500,0.8000,60,0.064,30.55,20.34,20.34,30.61,0.3000,-0.0769,10.02,1.00,50.40,DO_NOTHING,--,0.00,EXECUTING,99,4.979,-0.0190,-0.0100,1.1825,1.9100,-3.1395,0.004
126.180,123.002,0.992,RETURN_HOME,obstacle1,3.6062,1.8486,-3.0506,0.239029,0.062960,0.093236,1.070,77,3.0406,-4.9344,0.7204,-0.430,0.00000,4.6540,4.9191,2.4444,0.3336,-0.0384,0.020,0.0666,0.1423,0.8500,60,0.070,30.43,20.39,20.43,30.49,0.3000,-0.0256,9.96,0.00,50.00,DO_NOTHING,--,0.00,EXECUTING,99,4.979,-0.0190,-0.0100,1.1525,1.9104,3.1383,0.010
126.281,123.096,0.986,RETURN_HOME,obstacle1,3.2956,1.8446,-3.1209,0.241166,0.060700,0.097981,0.064,78,3.0568,-4.9221,0.7202,-0.436,0.02032,4.6311,4.9384,2.4407,0.3075,-0.0379,0.014,0.0674,0.1500,0.8167,60,0.064,30.36,20.17,20.17,30.43,0.3000,0.0000,10.02,1.00,50.00,DO_NOTHING,--,0.00,EXECUTING,99,4.979,-0.0190,-0.0100,1.1225,1.9108,3.1349,0.004
126.380,123.202,0.996,RETURN_HOME,obstacle1,3.2956,1.8446,-3.1209,0.241166,0.060700,0.097981,0.170,78,3.0568,-4.9221,0.7202,-0.430,0.00000,4.6081,4.9578,2.4401,0.3337,-0.0096,0.020,0.0664,0.1500,0.8333,60,0.070,30.30,20.17,20.43,30.24,0.3000,0.1282,9.98,1.00,50.00,DO_NOTHING,--,0.00,EXECUTING,93,4.682,-0.0190,-0.0100,1.0925,1.9111,3.1345,0.010
126.480,123.294,0.989,RETURN_HOME,obstacle1,3.2956,1.8446,-3.1209,0.241166,0.060700,0.097981,0.262,78,3.0568,-4.9221,0.7202,-0.438,0.00000,4.5852,4.9771,2.4488,0.3360,0.0986,0.012,0.0759,0.1500,0.8167,60,0.062,30.36,20.13,20.39,30.43,0.3000,0.0769,10.04,1.00,49.90,DO_NOTHING,--,0.00,EXECUTING,93,4.682,-0.0190,-0.0100,1.0625,1.9104,-3.1382,0.002
126.580,123.400,0.992,RETURN_HOME,obstacle1,3.2956,1.8446,-3.1209,0.241166,0.060700,0.097981,0.368,78,3.0568,-4.9221,0.7202,-0.432,0.00000,4.5620,4.9961,2.4576,0.3114,0.0912,0.018,0.0729,0.1500,0.8333,60,0.068,30.24,20.21,20.13,30.18,0.3000,0.0769,9.93,1.00,50.00,DO_NOTHING,--,0.00,EXECUTING,93,4.682,-0.0190,-0.0100,1.0325,1.9094,-3.1294,0.008
126.680,123.494,0.994,RETURN_HOME,obstacle1,3.2956,1.8446,-3.1209,0.241166,0.060700,0.097981,0.462,78,3.0568,-4.9221,0.7202,-0.438,0.00000,4.5387,5.0150,2.4653,0.4067,0.1043,0.012,0.0689,0.1500,0.8167,60,0.062,30.18,19.96,19.51,29.77,0.3000,0.0769,9.98,1.00,49.90,DO_NOTHING,--,0.00,EXECUTING,93,4.682,-0.0190,-0.0100,1.0025,1.9082,-3.1212,0.002
126.780,123.598,0.996,RETURN_HOME,obstacle1,3.2956,1.8446,-3.1209,0.241166,0.060700,0.097981,0.566,78,3.0568,-4.9221,0.7202,-0.434,0.00000,4.5162,5.0329,2.4730,0.2874,0.0769,0.016,0.0725,0.1500,0.7667,60,0.066,30.12,20.17,19.67,29.84,0.2842,0.0769,10.00,1.00,50.00,DO_NOTHING,--,0.00,EXECUTING,93,4.682,-0.0190,-0.0100,0.9739,1.9068,-3.1134,0.006
126.881,123.692,0.988,RETURN_HOME,obstacle1,3.2956,1.8446,-3.1209,0.241166,0.060700,0.097981,0.660,78,3.0568,-4.9221,0.7202,-0.440,0.00000,4.4939,5.0505,2.4767,0.3021,0.0386,0.012,0.0666,0.1500,0.8333,60,0.060,30.24,20.04,19.55,30.24,0.3000,0.0769,9.96,1.00,49.90,DO_NOTHING,--,0.00,EXECUTING,93,4.682,-0.0190,-0.0100,0.9455,1.9056,-3.1100,0.000
126.980,123.798,1.003,RETURN_HOME,obstacle1,3.2956,1.8446,-3.1209,0.241166,0.060700,0.097981,0.766,78,3.0568,-4.9221,0.7202,-0.434,0.00000,4.4705,5.0687,2.4829,0.3253,0.0700,0.016,0.0724,0.1500,0.7667,60,0.066,30.12,20.08,19.92,30.12,0.2842,0.0256,9.96,1.00,50.10,DO_NOTHING,--,0.00,EXECUTING,93,4.682,-0.0190,-0.0100,0.9158,1.9040,-3.1033,0.006
127.080,123.898,1.003,RETURN_HOME,obstacle1,3.2956,1.8446,-3.1209,0.241166,0.060700,0.097981,0.866,78,3.0568,-4.9221,0.7202,-0.434,0.00000,4.4477,5.0862,2.4866,0.3908,0.0464,0.016,0.0679,0.1500,0.8333,60,0.066,29.90,20.08,20.08,29.66,0.2842,0.0256,9.98,1.00,50.00,DO_NOTHING,--,0.00,EXECUTING,93,4.682,-0.0190,-0.0100,0.8872,1.9026,-3.1000,0.006
127.180,123.998,1.002,RETURN_HOME,obstacle1,3.2956,1.8446,-3.1209,0.241166,0.060700,0.097981,0.966,78,3.0568,-4.9221,0.7202,-0.434,0.00000,4.4242,5.1043,2.4852,0.3099,-0.0130,0.016,0.0659,0.1500,0.8500,60,0.066,30.06,20.13,20.13,29.77,0.3000,-0.0256,10.00,1.00,50.00,DO_NOTHING,--,0.00,EXECUTING,93,4.682,-0.0190,-0.0100,0.8575,1.9015,-3.1020,0.006
127.281,124.096,0.993,RETURN_HOME,obstacle1,3.2956,1.8446,-3.1209,0.241166,0.060700,0.097981,1.064,78,3.0568,-4.9221,0.7202,-0.436,0.00000,4.4005,5.1226,2.4827,0.3050,-0.0258,0.014,0.0658,0.1500,0.8833,60,0.064,30.24,20.13,20.08,30.24,0.3000,0.0000,10.04,0.00,50.20,DO_NOTHING,--,0.00,EXECUTING,93,4.682,-0.0190,-0.0100,0.8275,1.9006,-3.1047,0.004
127.380,124.198,0.996,RETURN_HOME,obstacle1,2.9714,1.8397,-3.0996,0.237583,0.064628,0.091035,0.066,79,2.9303,-4.9126,0.7014,-0.434,0.12687,4.3768,5.1410,2.4821,0.3139,-0.0060,0.016,0.0658,0.1500,0.8833,60,0.066,30.12,20.08,20.04,30.12,0.3000,-0.0256,9.98,1.00,50.00,DO_NOTHING,--,0.00,EXECUTING,87,4.382,-0.0190,-0.0100,0.7975,1.8995,-3.1049,0.006
127.481,124.298,0.998,RETURN_HOME,obstacle1,2.9714,1.8397,-3.0996,0.237583,0.064628,0.091035,0.166,79,2.9303,-4.9126,0.7014,-0.434,0.00000,4.3531,5.1594,2.4801,0.3024,-0.0204,0.016,0.0656,0.1500,0.8667,60,0.066,29.65,20.08,19.83,29.53,0.3000,0.0000,10.02,1.00,50.00,DO_NOTHING,--,0.00,EXECUTING,87,4.382,-0.0190,-0.0100,0.7675,1.8987,-3.1073,0.006
127.580,124.396,0.996,RETURN_HOME,obstacle1,2.9714,1.8397,-3.0996,0.237583,0.064628,0.091035,0.264,79,2.9303,-4.9126,0.7014,-0.436,0.00000,4.3294,5.1778,2.4796,0.3025,-0.0051,0.014,0.0685,0.1500,0.8167,60,0.064,30.06,20.08,19.87,30.12,0.3000,0.0256,10.07,1.00,50.00,DO_NOTHING,--,0.00,EXECUTING,87,4.382,-0.0190,-0.0100,0.7375,1.8977,-3.1076,0.004
127.680,124.496,0.998,RETURN_HOME,obstacle1,2.9714,1.8397,-3.0996,0.237583,0.064628,0.091035,0.364,79,2.9303,-4.9126,0.7014,-0.436,0.00000,4.3057,5.1963,2.4817,0.3437,0.0240,0.016,0.0742,0.1500,0.7667,60,0.064,29.29,20.08,19.87,29.96,0.3000,0.0256,10.02,1.00,50.10,DO_NOTHING,--,0.00,EXECUTING,87,4.382,-0.0190,-0.0100,0.7076,1.8964,-3.1052,0.004
127.781,124.592,1.000,RETURN_HOME,obstacle1,2.9714,1.8397,-3.0996,0.237583,0.064628,0.091035,0.460,79,2.9303,-4.9126,0.7014,-0.440,0.00000,4.2820,5.2146,2.4842,0.2950,0.0252,0.010,0.0634,0.1118,0.8833,60,0.060,30.24,20.13,20.39,30.24,0.2842,0.0769,10.09,1.00,50.00,DO_NOTHING,--,0.00,EXECUTING,87,4.382,-0.0190,-0.0100,0.6836,1.8953,-3.1031,0.020
127.880,124.692,1.000,RETURN_HOME,obstacle1,2.9714,1.8397,-3.0996,0.237583,0.064628,0.091035,0.560,79,2.9303,-4.9126,0.7014,-0.440,0.00000,4.2593,5.2320,2.4913,0.3227,0.0806,0.016,0.0571,0.1000,0.9667,60,0.060,30.06,20.13,20.17,30.06,0.2684,0.0769,10.02,1.00,50.41,DO_NOTHING,--,0.00,EXECUTING,87,4.382,-0.0190,-0.0100,0.6548,1.8937,-3.0967,0.020
127.981,124.790,0.991,RETURN_HOME,obstacle1,2.9714,1.8397,-3.0996,0.237583,0.064628,0.091035,0.658,79,2.9303,-4.9126,0.7014,-0.442,0.00000,4.2378,5.2483,2.4990,0.2895,0.0827,0.008,0.0549,0.1000,0.9667,60,0.058,30.08,20.13,20.08,30.15,0.2684,0.0769,9.93,1.00,50.00,DO_NOTHING,--,0.00,EXECUTING,87,4.382,-0.0190,-0.0100,0.6276,1.8917,-3.0889,0.018
128.081,124.890,0.991,RETURN_HOME,obstacle1,2.9714,1.8397,-3.0996,0.237583,0.064628,0.091035,0.758,79,2.9303,-4.9126,0.7014,-0.442,0.00000,4.2143,5.2658,2.5009,0.3020,0.0200,0.010,0.0539,0.1000,0.9667,60,0.058,30.24,20.17,20.21,30.30,0.3000,-0.0256,10.02,1.00,50.10,DO_NOTHING,--,0.00,EXECUTING,87,4.382,-0.0190,-0.0100,0.5988,1.8899,-3.0862,0.018
128.181,124.986,0.989,RETURN_HOME,obstacle1,2.9714,1.8397,-3.0996,0.237583,0.064628,0.091035,0.854,79,2.9303,-4.9126,0.7014,-0.446,0.00000,4.1903,5.2837,2.4987,0.4091,-0.0322,0.006,0.0560,0.1000,1.0000,60,0.054,30.66,20.13,20.39,30.66,0.3000,-0.0256,9.83,1.00,49.90,DO_NOTHING,--,0.00,EXECUTING,87,4.382,-0.0190,-0.0100,0.5688,1.8884,-3.0883,0.014
128.280,125.086,0.990,RETURN_HOME,obstacle1,2.9714,1.8397,-3.0996,0.237583,0.064628,0.091035,0.954,79,2.9303,-4.9126,0.7014,-0.446,0.00000,4.1663,5.3017,2.4973,0.3424,-0.0163,0.010,0.0574,0.1000,1.0000,60,0.054,30.12,20.26,20.26,30.12,0.2842,0.0256,10.00,1.00,50.00,DO_NOTHING,--,0.00,EXECUTING,87,4.382,-0.0190,-0.0100,0.5389,1.8870,-3.0898,0.014
128.380,125.180,0.982,RETURN_HOME,obstacle1,2.9714,1.8397,-3.0996,0.237583,0.064628,0.091035,1.048,79,2.9303,-4.9126,0.7014,-0.452,0.00000,4.1480,5.3154,2.4988,0.3227,0.0075,0.018,0.0547,0.1000,0.9833,60,0.048,30.55,20.39,20.13,30.55,0.2842,0.0769,10.04,0.00,50.00,DO_NOTHING,--,0.00,EXECUTING,87,4.382,-0.0190,-0.0100,0.5102,1.8853,-3.0883,0.008
128.480,125.274,0.976,RETURN_HOME,obstacle1,2.6419,1.8165,-3.0692,0.244811,0.071396,0.090533,0.042,80,2.9874,-4.9166,0.7110,-0.458,0.05720,4.1252,5.3324,2.5054,0.2996,0.0695,0.012,0.0553,0.1000,0.9833,60,0.042,30.55,20.39,20.39,30.67,0.3000,-0.0256,9.98,1.00,50.00,DO_NOTHING,--,0.00,EXECUTING,81,4.082,-0.0190,-0.0100,0.4818,1.8831,-3.0811,0.002
128.580,125.376,0.978,RETURN_HOME,obstacle1,2.6419,1.8165,-3.0692,0.244811,0.071396,0.090533,0.144,80,2.9874,-4.9166,0.7110,-0.456,0.00000,4.1014,5.3499,2.5061,0.3964,0.0350,0.014,0.0527,0.1000,1.0000,60,0.044,30.67,20.34,20.21,30.67,0.3000,-0.1282,9.96,1.00,50.00,DO_NOTHING,--,0.00,EXECUTING,81,4.082,-0.0190,-0.0100,0.4521,1.8813,-3.0814,0.004
128.681,125.476,0.982,RETURN_HOME,obstacle1,2.6419,1.8165,-3.0692,0.244811,0.071396,0.090533,0.244,80,2.9874,-4.9166,0.7110,-0.456,0.00000,4.0774,5.3678,2.4964,0.3021,-0.0973,0.014,0.0609,0.1000,0.9833,60,0.044,30.93,20.43,20.21,30.74,0.3000,-0.0256,9.91,1.00,49.90,DO_NOTHING,--,0.00,EXECUTING,81,4.082,-0.0190,-0.0100,0.4222,1.8806,-3.0925,0.004
128.781,125.572,0.980,RETURN_HOME,obstacle1,2.6419,1.8165,-3.0692,0.244811,0.071396,0.090533,0.340,80,2.9874,-4.9166,0.7110,-0.460,0.00000,4.0535,5.3859,2.4913,0.3163,-0.0560,0.010,0.0581,0.1000,0.9667,60,0.040,30.67,20.39,20.26,30.61,0.3000,0.0000,10.00,1.00,50.00,DO_NOTHING,--,0.00,EXECUTING,81,4.082,-0.0190,-0.0100,0.3982,1.8798,-3.0963,0.020
128.881,125.670,0.978,RETURN_HOME,obstacle1,2.6419,1.8165,-3.0692,0.244811,0.071396,0.090533,0.438,80,2.9874,-4.9166,0.7110,-0.462,0.00000,4.0296,5.4041,2.4911,0.3000,-0.0025,0.008,0.0593,0.1000,0.9667,60,0.038,30.67,20.47,20.47,30.61,0.2842,-0.0256,10.14,1.00,49.70,DO_NOTHING,--,0.00,EXECUTING,81,4.082,-0.0190,-0.0100,0.3682,1.8785,-3.0968,0.018
128.980,125.766,0.976,RETURN_HOME,obstacle1,2.6419,1.8165,-3.0692,0.244811,0.071396,0.090533,0.534,80,2.9874,-4.9166,0.7110,-0.466,0.00000,4.0069,5.4214,2.4888,0.2885,-0.0224,0.004,0.0652,0.1000,0.9500,60,0.034,30.92,20.43,20.52,30.92,0.2842,-0.0256,10.00,1.00,50.00,DO_NOTHING,--,0.00,EXECUTING,81,4.082,-0.0190,-0.0100,0.3395,1.8774,-3.0988,0.014
129.081,125.866,0.978,RETURN_HOME,obstacle1,2.6419,1.8165,-3.0692,0.244811,0.071396,0.090533,0.634,80,2.9874,-4.9166,0.7110,-0.466,0.00000,3.9833,5.4396,2.4823,0.3165,-0.0699,0.006,0.0692,0.1000,0.9333,60,0.034,30.74,20.47,20.70,30.74,0.3000,-0.0769,10.16,1.00,49.90,DO_NOTHING,--,0.00,EXECUTING,81,4.082,-0.0190,-0.0100,0.3099,1.8767,-3.1051,0.014
129.180,125.962,0.977,RETURN_HOME,obstacle1,2.6419,1.8165,-3.0692,0.244811,0.071396,0.090533,0.730,80,2.9874,-4.9166,0.7110,-0.470,0.00000,3.9644,5.4543,2.4762,0.3063,-0.0778,0.020,0.0729,0.1423,0.8833,60,0.030,30.93,20.47,20.65,30.93,0.3000,-0.0256,10.00,1.00,50.00,DO_NOTHING,--,0.00,EXECUTING,81,4.082,-0.0190,-0.0100,0.2799,1.8765,-3.1131,0.010
129.281,126.062,0.980,RETURN_HOME,obstacle1,2.6419,1.8165,-3.0692,0.244811,0.071396,0.090533,0.830,80,2.9874,-4.9166,0.7110,-0.470,0.00000,3.9408,5.4729,2.4725,0.3000,-0.0367,0.020,0.0722,0.1012,0.9000,60,0.030,30.67,20.52,20.74,30.72,0.3000,-0.0256,9.96,1.00,50.00,DO_NOTHING,--,0.00,EXECUTING,81,4.082,-0.0190,-0.0100,0.2500,1.8760,-3.1165,0.010
129.382,126.162,0.985,RETURN_HOME,obstacle1,2.6419,1.8165,-3.0692,0.244811,0.071396,0.090533,0.930,80,2.9874,-4.9166,0.7110,-0.470,0.00000,3.9126,5.4953,2.4695,0.3164,-0.0268,0.000,0.0705,0.1012,0.9000,60,0.030,30.55,20.43,20.39,30.61,0.2842,-0.0769,10.00,1.00,50.00,DO_NOTHING,--,0.00,EXECUTING,81,4.082,-0.0190,-0.0100,0.2200,1.8755,-3.1192,0.010
129.480,126.262,0.984,RETURN_HOME,obstacle1,2.6419,1.8165,-3.0692,0.244811,0.071396,0.090533,1.030,80,2.9874,-4.9166,0.7110,-0.470,0.00000,3.8949,5.5095,2.4634,0.2922,-0.0668,0.020,0.0720,0.1000,0.9167,60,0.030,30.43,20.47,20.65,30.36,0.3000,-0.0769,9.98,0.00,50.00,DO_NOTHING,--,0.00,EXECUTING,75,3.782,-0.0190,-0.0100,0.1913,1.8755,-3.1261,0.010
129.580,126.362,0.985,RETURN_HOME,obstacle1,2.2947,1.8187,-3.1308,0.231058,0.068759,0.079610,0.030,81,2.8627,-4.9064,0.6957,-0.470,0.12510,3.8719,5.5282,2.4559,0.3347,-0.0819,0.020,0.0747,0.1041,0.9000,60,0.030,30.36,20.30,20.30,30.36,0.2842,-0.0256,10.04,1.00,50.00,DO_NOTHING,--,0.00,EXECUTING,75,3.782,-0.0190,-0.0100,0.1615,1.8759,-3.1340,0.010
129.681,126.460,0.986,RETURN_HOME,obstacle1,2.2947,1.8187,-3.1308,0.231058,0.068759,0.079610,0.128,81,2.8627,-4.9064,0.6957,-0.472,0.00000,3.8453,5.5500,2.4517,0.2913,-0.0274,0.000,0.0744,0.1148,0.8833,60,0.028,30.21,20.34,20.30,30.40,0.2842,-0.0256,10.00,1.00,50.10,DO_NOTHING,--,0.00,EXECUTING,75,3.782,-0.0190,-0.0100,0.1329,1.8760,-3.1373,0.008
129.781,126.562,0.991,RETURN_HOME,obstacle1,2.2947,1.8187,-3.1308,0.231058,0.068759,0.079610,0.230,81,2.8627,-4.9064,0.6957,-0.470,0.00000,3.8269,5.5652,2.4531,0.2997,0.0079,0.020,0.0751,0.1012,0.9000,60,0.030,30.24,20.26,20.21,30.24,0.2842,0.1282,10.02,1.00,50.00,DO_NOTHING,--,0.00,EXECUTING,75,3.782,-0.0190,-0.0100,0.1032,1.8757,-3.1359,0.010
129.880,126.658,0.988,RETURN_HOME,obstacle1,2.2947,1.8187,-3.1308,0.231058,0.068759,0.079610,0.326,81,2.8627,-4.9064,0.6957,-0.474,0.00000,3.8046,5.5834,2.4629,0.2873,0.0988,0.016,0.0764,0.1156,0.8833,60,0.026,30.30,20.13,20.43,30.36,0.3000,0.0256,9.98,1.00,50.00,DO_NOTHING,--,0.00,EXECUTING,75,3.782,-0.0190,-0.0100,0.0746,1.8747,-3.1249,0.006
129.981,126.762,0.995,RETURN_HOME,obstacle1,2.2947,1.8187,-3.1308,0.231058,0.068759,0.079610,0.430,81,2.8627,-4.9064,0.6957,-0.470,0.00000,3.7768,5.6056,2.4691,0.3978,0.0417,0.000,0.0724,0.1000,0.9500,60,0.030,30.18,20.08,20.34,30.24,0.3000,0.0256,10.00,1.00,50.00,DO_NOTHING,--,0.00,EXECUTING,75,3.782,-0.0190,-0.0100,0.0448,1.8737,-3.1200,0.010
130.081,126.856,0.990,RETURN_HOME,obstacle1,2.2947,1.8187,-3.1308,0.231058,0.068759,0.079610,0.524,81,2.8627,-4.9064,0.6957,-0.476,0.00000,3.7533,5.6243,2.4716,0.3475,0.0297,0.000,0.0345,0.1000,1.0000,60,0.024,30.24,20.08,20.34,30.24,0.3000,0.0256,9.96,1.00,50.30,DO_NOTHING,--,0.00,EXECUTING,75,3.782,-0.0190,-0.0100,0.0148,1.8727,-3.1173,0.004
130.180,126.962,1.000,RETURN_HOME,obstacle1,2.2947,1.8187,-3.1308,0.231058,0.068759,0.079610,0.630,81,2.8627,-4.9064,0.6957,-0.470,0.00000,3.7345,5.6392,2.4737,0.3362,0.0287,0.020,0.0337,0.0521,1.0000,60,0.030,29.18,20.00,19.59,29.12,0.3000,0.0769,10.02,1.00,50.10,DO_NOTHING,--,0.00,EXECUTING,75,3.782,-0.0190,-0.0100,-0.0152,1.8717,-3.1146,0.010
130.280,127.058,0.996,RETURN_HOME,obstacle1,2.2947,1.8187,-3.1308,0.231058,0.068759,0.079610,0.726,81,2.8627,-4.9064,0.6957,-0.474,0.00000,3.7109,5.6577,2.4802,0.3000,0.0653,0.016,0.0328,0.0500,1.0000,60,0.026,30.30,20.04,19.79,30.43,0.3000,0.0769,9.93,1.00,50.00,DO_NOTHING,--,0.00,EXECUTING,75,3.782,-0.0190,-0.0100,-0.0452,1.8702,-3.1073,0.006
130.380,127.160,1.000,RETURN_HOME,obstacle1,2.2947,1.8187,-3.1308,0.231058,0.068759,0.079610,0.828,81,2.8627,-4.9064,0.6957,-0.472,0.00000,3.6871,5.6760,2.4879,0.3025,0.0776,0.018,0.0307,0.0500,1.0000,60,0.028,30.06,20.04,20.04,30.06,0.3000,0.0256,10.09,1.00,50.00,DO_NOTHING,--,0.00,EXECUTING,75,3.782,-0.0190,-0.0100,-0.0751,1.8684,-3.0993,0.008
130.481,127.254,0.991,RETURN_HOME,obstacle1,2.2947,1.8187,-3.1308,0.231058,0.068759,0.079610,0.922,81,2.8627,-4.9064,0.6957,-0.478,0.00000,3.6633,5.6942,2.4916,0.3000,0.0370,0.012,0.0303,0.0500,1.0000,60,0.022,30.18,20.08,20.08,29.84,0.3000,0.0256,9.98,1.00,50.10,DO_NOTHING,--,0.00,EXECUTING,69,3.476,-0.0190,-0.0100,-0.1051,1.8667,-3.0960,0.002
130.580,127.358,0.996,RETURN_HOME,obstacle1,2.2947,1.8187,-3.1308,0.231058,0.068759,0.079610,1.026,81,2.8627,-4.9064,0.6957,-0.474,0.00000,3.6403,5.7116,2.4923,0.4001,0.0164,0.016,0.0283,0.0500,1.0000,60,0.026,30.24,20.17,20.04,30.18,0.2842,0.0256,9.93,1.00,50.00,DO_NOTHING,--,0.00,EXECUTING,69,3.476,-0.0190,-0.0100,-0.1338,1.8654,-3.0956,0.006
130.680,127.454,0.995,RETURN_HOME,obstacle1,1.9471,1.8191,-3.0979,0.223872,0.066495,0.072564,0.022,82,2.8089,-4.9011,0.6912,-0.478,0.05405,3.6176,5.7288,2.4943,0.2866,0.0207,0.012,0.0290,0.0500,1.0000,60,0.022,30.24,20.00,19.55,30.24,0.3000,0.0256,9.98,1.00,49.80,DO_NOTHING,--,0.00,EXECUTING,69,3.476,-0.0190,-0.0100,-0.1622,1.8639,-3.0932,0.002
130.780,127.550,0.989,RETURN_HOME,obstacle1,1.9471,1.8191,-3.0979,0.223872,0.066495,0.072564,0.118,82,2.8089,-4.9011,0.6912,-0.482,0.00000,3.5940,5.7466,2.4968,0.3183,0.0270,0.008,0.0327,0.0500,1.0000,60,0.018,30.30,20.26,19.79,30.02,0.3000,0.0256,9.98,1.00,50.00,DO_NOTHING,--,0.00,EXECUTING,69,3.476,-0.0190,-0.0100,-0.1859,1.8625,-3.0912,0.018
130.881,127.648,0.984,RETURN_HOME,obstacle1,1.9471,1.8191,-3.0979,0.223872,0.066495,0.072564,0.216,82,2.8089,-4.9011,0.6912,-0.484,0.00000,3.5700,5.7647,2.4949,0.3099,-0.0197,0.008,0.0328,0.0500,1.0000,60,0.016,30.36,20.08,19.87,30.30,0.3000,-0.0256,10.04,1.00,49.70,DO_NOTHING,--,0.00,EXECUTING,69,3.476,-0.0190,-0.0100,-0.2159,1.8611,-3.0926,0.016
130.981,127.750,0.988,RETURN_HOME,obstacle1,1.9471,1.8191,-3.0979,0.223872,0.066495,0.072564,0.318,82,2.8089,-4.9011,0.6912,-0.482,0.00000,3.5461,5.7828,2.4924,0.3014,-0.0254,0.008,0.0315,0.0500,1.0000,60,0.018,30.36,20.30,20.56,30.30,0.3000,-0.0256,10.00,1.00,50.00,DO_NOTHING,--,0.00,EXECUTING,69,3.476,-0.0190,-0.0100,-0.2458,1.8599,-3.0953,0.018
131.080,127.844,0.988,RETURN_HOME,obstacle1,1.9471,1.8191,-3.0979,0.223872,0.066495,0.072564,0.412,82,2.8089,-4.9011,0.6912,-0.488,0.00000,3.5222,5.8010,2.4899,0.3049,-0.0257,0.002,0.0327,0.0500,1.0000,60,0.012,30.43,20.13,20.00,30.36,0.3000,-0.0256,10.07,1.00,49.70,DO_NOTHING,--,0.00,EXECUTING,69,3.476,-0.0190,-0.0100,-0.2758,1.8588,-3.0979,0.012
131.180,127.944,0.982,RETURN_HOME,obstacle1,1.9471,1.8191,-3.0979,0.223872,0.066495,0.072564,0.512,82,2.8089,-4.9011,0.6912,-0.488,0.00000,3.4984,5.8192,2.4873,0.2999,-0.0253,0.002,0.0303,0.0500,1.0000,60,0.012,30.49,20.34,20.13,30.55,0.3000,-0.0256,10.07,1.00,49.90,DO_NOTHING,--,0.00,EXECUTING,69,3.476,-0.0190,-0.0100,-0.3058,1.8578,-3.1006,0.012
131.280,128.044,0.986,RETURN_HOME,obstacle1,1.9471,1.8191,-3.0979,0.223872,0.066495,0.072564,0.612,82,2.8089,-4.9011,0.6912,-0.388,0.00000,3.4746,5.8375,2.4848,0.3025,-0.0255,0.002,0.0150,0.0500,1.0000,60,0.112,30.24,20.34,20.56,30.24,0.3000,-0.0769,10.07,1.00,50.00,DO_NOTHING,--,0.00,EXECUTING,69,3.476,-0.0190,-0.0100,-0.3358,1.8568,-3.1033,0.012
131.380,128.144,0.989,RETURN_HOME,obstacle1,1.9471,1.8191,-3.0979,0.223872,0.066495,0.072564,0.712,82,2.8089,-4.9011,0.6912,-0.388,0.00000,3.4509,5.8558,2.4781,0.3450,-0.0725,0.002,0.0324,0.0500,1.0000,60,0.012,30.49,20.34,20.39,30.43,0.3000,-0.0769,9.98,1.00,49.90,DO_NOTHING,--,0.00,EXECUTING,69,3.476,-0.0190,-0.0100,-0.3657,1.8563,-3.1098,0.012
131.481,128.242,0.988,RETURN_HOME,obstacle1,1.9471,1.8191,-3.0979,0.223872,0.066495,0.072564,0.810,82,2.8089,-4.9011,0.6912,-0.390,0.00000,3.4321,5.8707,2.4720,0.2913,-0.0741,0.020,0.0212,0.0500,1.0000,60,0.110,30.27,20.17,20.26,30.27,0.3000,-0.0769,10.05,1.00,49.90,DO_NOTHING,--,0.00,EXECUTING,62,3.132,-0.0190,-0.0100,-0.3957,1.8562,-3.1179,0.010
131.581,128.344,0.988,RETURN_HOME,obstacle1,1.9471,1.8191,-3.0979,0.223872,0.066495,0.072564,0.912,82,2.8089,-4.9011,0.6912,-0.388,0.00000,3.4040,5.8931,2.4628,0.3476,-0.0886,0.002,0.0315,0.0500,1.0000,60,0.012,30.30,20.30,20.34,30.40,0.3000,-0.0769,10.06,1.00,49.90,DO_NOTHING,--,0.00,EXECUTING,62,3.132,-0.0190,-0.0100,-0.4257,1.8563,-3.1259,0.012
131.681,128.432,0.980,RETURN_HOME,obstacle1,1.9471,1.8191,-3.0979,0.223872,0.066495,0.072564,1.000,82,2.8089,-4.9011,0.6912,-0.400,0.00000,3.3862,5.9076,2.4567,0.2912,-0.0774,0.010,0.0208,0.0500,1.0000,60,0.100,31.00,20.17,20.49,31.00,0.3000,-0.1282,10.00,1.00,50.10,DO_NOTHING,--,0.00,EXECUTING,62,3.132,-0.0190,-0.0100,-0.4545,1.8567,-3.1338,0.000
131.780,128.536,0.986,RETURN_HOME,obstacle1,1.9471,1.8191,-3.0979,0.223872,0.066495,0.072564,1.104,82,2.8089,-4.9011,0.6912,-0.396,0.00000,3.3633,5.9264,2.4454,0.2962,-0.1124,0.014,0.0217,0.0500,1.0000,60,0.104,30.49,20.39,20.17,30.46,0.3000,-0.1282,10.04,0.00,50.10,DO_NOTHING,--,0.00,EXECUTING,62,3.132,-0.0190,-0.0100,-0.4842,1.8577,3.1370,0.004
131.880,128.632,0.985,RETURN_HOME,obstacle1,1.5754,1.8209,3.1299,0.194803,0.064470,0.082568,0.100,83,2.7280,-4.8957,0.6857,-0.400,0.08100,3.3414,5.9449,2.4401,0.2899,-0.0541,0.010,0.0208,0.0500,1.0000,60,0.100,30.43,20.26,20.26,30.49,0.3000,-0.0256,9.96,1.00,50.10,DO_NOTHING,--,0.00,EXECUTING,62,3.132,-0.0190,-0.0100,-0.5128,1.8583,3.1325,0.000
131.980,128.730,0.981,RETURN_HOME,obstacle1,1.5754,1.8209,3.1299,0.194803,0.064470,0.082568,0.198,83,2.7280,-4.8957,0.6857,-0.402,0.00000,3.3187,5.9641,2.4377,0.2992,-0.0248,0.008,0.0200,0.0500,1.0000,60,0.098,30.61,20.43,20.61,30.67,0.3000,0.0256,10.04,1.00,50.00,DO_NOTHING,--,0.00,EXECUTING,62,3.132,-0.0190,-0.0100,-0.5366,1.8588,3.1304,0.018
132.081,128.828,0.982,RETURN_HOME,obstacle1,1.5754,1.8209,3.1299,0.194803,0.064470,0.082568,0.296,83,2.7280,-4.8957,0.6857,-0.404,0.00000,3.2958,5.9835,2.4396,0.3025,0.0194,0.006,0.0217,0.0500,1.0000,60,0.096,30.49,20.34,20.56,30.55,0.3000,0.0769,9.91,1.00,50.00,DO_NOTHING,--,0.00,EXECUTING,62,3.132,-0.0190,-0.0100,-0.5666,1.8590,3.1319,0.016
132.180,128.918,0.971,RETURN_HOME,obstacle1,1.5754,1.8209,3.1299,0.194803,0.064470,0.082568,0.386,83,2.7280,-4.8957,0.6857,-0.414,0.00000,3.2775,5.9989,2.4451,0.3025,0.0607,0.016,0.0333,0.0500,1.0000,60,0.086,30.80,20.61,20.65,30.80,0.3000,-0.0769,10.00,1.00,50.00,DO_NOTHING,--,0.00,EXECUTING,62,3.132,-0.0190,-0.0100,-0.5966,1.8586,3.1388,0.006
132.280,129.018,0.971,RETURN_HOME,obstacle1,1.5754,1.8209,3.1299,0.194803,0.064470,0.082568,0.486,83,2.7280,-4.8957,0.6857,-0.414,0.00000,3.2545,6.0182,2.4425,0.3213,-0.0301,0.018,0.0192,0.0500,1.0000,60,0.086,30.86,20.56,20.56,30.80,0.3000,-0.0256,10.11,1.00,50.00,DO_NOTHING,--,0.00,EXECUTING,62,3.132,-0.0190,-0.0100,-0.6266,1.8590,3.1345,0.006
132.381,129.114,0.968,RETURN_HOME,obstacle1,1.5754,1.8209,3.1299,0.194803,0.064470,0.082568,0.582,83,2.7280,-4.8957,0.6857,-0.418,0.00000,3.2315,6.0375,2.4388,0.3050,-0.0366,0.014,0.0233,0.0500,1.0000,60,0.082,30.93,20.70,20.70,30.93,0.3000,0.0000,10.04,1.00,50.10,DO_NOTHING,--,0.00,EXECUTING,62,3.132,-0.0190,-0.0100,-0.6566,1.8596,3.1311,0.002
132.481,129.212,0.965,RETURN_HOME,obstacle1,1.5754,1.8209,3.1299,0.194803,0.064470,0.082568,0.680,83,2.7280,-4.8957,0.6857,-0.420,0.00000,3.2087,6.0569,2.4383,0.3287,-0.0047,0.010,0.0228,0.0500,1.0000,60,0.080,31.06,20.70,20.65,31.06,0.1737,0.1282,10.11,1.00,50.10,DO_NOTHING,--,0.00,EXECUTING,62,3.132,-0.0190,-0.0100,-0.6806,1.8599,3.1308,0.020
132.580,129.308,0.965,RETURN_HOME,obstacle1,1.5754,1.8209,3.1299,0.194803,0.064470,0.082568,0.776,83,2.7280,-4.8957,0.6857,-0.424,0.00000,3.1918,6.0711,2.4484,0.2265,0.1051,0.008,0.0217,0.0500,1.0000,60,0.076,31.25,20.83,21.02,31.31,0.3000,0.0000,10.02,1.00,50.10,DO_NOTHING,--,0.00,EXECUTING,55,2.836,-0.0190,-0.0100,-0.7048,1.8600,3.1343,0.016
132.680,129.408,0.976,RETURN_HOME,obstacle1,1.5754,1.8209,3.1299,0.194803,0.064470,0.082568,0.876,83,2.7280,-4.8957,0.6857,-0.424,0.00000,3.1721,6.0874,2.4508,0.2546,0.0226,0.006,0.0225,0.0500,1.0000,60,0.076,31.00,20.61,20.75,31.19,0.3000,0.0000,9.93,1.00,50.00,DO_NOTHING,--,0.00,EXECUTING,55,2.836,-0.0190,-0.0100,-0.7290,1.8599,3.1382,0.016
132.780,129.508,0.972,RETURN_HOME,obstacle1,1.5754,1.8209,3.1299,0.194803,0.064470,0.082568,0.976,83,2.7280,-4.8957,0.6857,-0.424,0.00000,3.1501,6.1056,2.4508,0.3201,-0.0000,0.006,0.0208,0.0500,1.0000,60,0.076,30.92,20.61,20.61,30.98,0.2842,0.0000,9.96,1.00,50.00,DO_NOTHING,--,0.00,EXECUTING,55,2.836,-0.0190,-0.0100,-0.7578,1.8599,3.1382,0.016
132.880,129.608,0.976,RETURN_HOME,obstacle1,1.5754,1.8209,3.1299,0.194803,0.064470,0.082568,1.076,83,2.7280,-4.8957,0.6857,-0.424,0.00000,3.1271,6.1247,2.4487,0.2982,-0.0218,0.006,0.0208,0.0500,1.0000,60,0.076,31.12,20.47,20.79,31.19,0.3000,-0.0256,9.98,0.00,50.00,DO_NOTHING,--,0.00,EXECUTING,55,2.836,-0.0190,-0.0100,-0.7874,1.8603,3.1362,0.016
132.980,129.704,0.974,RETURN_HOME,obstacle1,1.5754,1.8209,3.1299,0.194803,0.064470,0.082568,1.172,83,2.7280,-4.8957,0.6857,-0.428,0.00000,3.1041,6.1438,2.4461,0.3200,-0.0274,0.006,0.0208,0.0500,1.0000,60,0.072,30.99,20.56,20.79,30.80,0.2842,0.0256,10.04,0.00,49.90,DO_NOTHING,--,0.00,EXECUTING,55,2.836,-0.0190,-0.0100,-0.8174,1.8607,3.1335,0.012
133.081,129.802,0.974,RETURN_HOME,obstacle1,1.2041,1.8285,3.1282,0.193952,0.083590,0.099920,0.070,84,2.6751,-4.8980,0.6819,-0.430,0.05298,3.0865,6.1585,2.4476,0.3027,0.0095,0.020,0.0217,0.0500,1.0000,60,0.070,30.74,20.52,20.74,30.98,0.2842,0.0256,9.98,1.00,50.00,DO_NOTHING,--,0.00,EXECUTING,55,2.836,-0.0190,-0.0100,-0.8462,1.8608,3.1350,0.010
133.181,129.902,0.981,RETURN_HOME,obstacle1,1.2041,1.8285,3.1282,0.193952,0.083590,0.099920,0.170,84,2.6751,-4.8980,0.6819,-0.430,0.00000,3.0638,6.1773,2.4533,0.3132,0.0598,0.020,0.0225,0.0500,1.0000,60,0.070,30.55,20.34,20.30,30.55,0.2684,0.1282,10.04,1.00,50.00,DO_NOTHING,--,0.00,EXECUTING,55,2.836,-0.0190,-0.0100,-0.8758,1.8604,3.1414,0.010
133.280,130.002,0.987,RETURN_HOME,obstacle1,1.2041,1.8285,3.1282,0.193952,0.083590,0.099920,0.270,84,2.6751,-4.8980,0.6819,-0.430,0.00000,3.0424,6.1947,2.4650,0.2780,0.1180,0.020,0.0233,0.0500,1.0000,60,0.070,30.43,20.39,20.43,30.49,0.2526,0.1282,9.96,1.00,50.00,DO_NOTHING,--,0.00,EXECUTING,55,2.836,-0.0190,-0.0100,-0.9032,1.8593,-3.1300,0.010
133.380,130.102,0.989,RETURN_HOME,obstacle1,1.2041,1.8285,3.1282,0.193952,0.083590,0.099920,0.370,84,2.6751,-4.8980,0.6819,-0.430,0.00000,3.0224,6.2106,2.4778,0.2842,0.1426,0.020,0.0245,0.0500,1.0000,60,0.070,30.61,20.26,20.21,30.67,0.3000,0.1282,10.00,1.00,50.00,DO_NOTHING,--,0.00,EXECUTING,55,2.836,-0.0190,-0.0100,-0.9286,1.8577,-3.1167,0.010
133.480,130.202,0.990,RETURN_HOME,obstacle1,1.2041,1.8285,3.1282,0.193952,0.083590,0.099920,0.470,84,2.6751,-4.8980,0.6819,-0.430,0.00000,2.9997,6.2281,2.4899,0.2859,0.1207,0.020,0.0242,0.0500,1.0000,60,0.070,30.30,20.26,20.04,30.30,0.3000,0.0769,9.96,1.00,49.90,DO_NOTHING,--,0.00,EXECUTING,55,2.836,-0.0190,-0.0100,-0.9576,1.8557,-3.1047,0.010
133.581,130.298,0.989,RETURN_HOME,obstacle1,1.2041,1.8285,3.1282,0.193952,0.083590,0.099920,0.566,84,2.6751,-4.8980,0.6819,-0.434,0.00000,2.9758,6.2461,2.4987,0.3050,0.0896,0.016,0.0245,0.0500,1.0000,60,0.066,30.12,20.17,20.13,30.06,0.2684,0.1282,10.04,1.00,49.90,DO_NOTHING,--,0.00,EXECUTING,49,2.490,-0.0190,-0.0100,-0.9876,1.8537,-3.0960,0.006
133.681,130.400,0.991,RETURN_HOME,obstacle1,1.2041,1.8285,3.1282,0.193952,0.083590,0.099920,0.668,84,2.6751,-4.8980,0.6819,-0.432,0.00000,2.9537,6.2625,2.5105,0.2991,0.1263,0.018,0.0250,0.0500,1.0000,60,0.068,30.36,20.17,20.17,30.30,0.3000,0.0769,10.07,1.00,50.00,DO_NOTHING,--,0.00,EXECUTING,49,2.490,-0.0190,-0.0100,-1.0149,1.8515,-3.0845,0.008
133.781,130.500,0.990,RETURN_HOME,obstacle1,1.2041,1.8285,3.1282,0.193952,0.083590,0.099920,0.768,84,2.6751,-4.8980,0.6819,-0.432,0.00000,2.9300,6.2797,2.5192,0.2922,0.0871,0.018,0.0242,0.0500,1.0000,60,0.068,30.24,20.17,20.21,30.02,0.3000,0.0769,9.96,1.00,50.00,DO_NOTHING,--,0.00,EXECUTING,49,2.490,-0.0190,-0.0100,-1.0444,1.8490,-3.0762,0.008
133.880,130.600,0.995,RETURN_HOME,obstacle1,1.2041,1.8285,3.1282,0.193952,0.083590,0.099920,0.868,84,2.6751,-4.8980,0.6819,-0.432,0.00000,2.9055,6.2970,2.5309,0.3139,0.1215,0.018,0.0250,0.0500,1.0000,60,0.068,30.24,20.17,20.13,30.18,0.2842,0.1282,10.00,1.00,50.00,DO_NOTHING,--,0.00,EXECUTING,49,2.490,-0.0190,-0.0100,-1.0743,1.8458,-3.0638,0.008
133.980,130.696,0.994,RETURN_HOME,obstacle1,1.2041,1.8285,3.1282,0.193952,0.083590,0.099920,0.964,84,2.6751,-4.8980,0.6819,-0.436,0.00000,2.8819,6.3133,2.5437,0.2897,0.1293,0.014,0.0275,0.0500,1.0000,60,0.064,30.24,20.21,20.13,30.24,0.3000,0.1282,10.00,1.00,50.00,DO_NOTHING,--,0.00,EXECUTING,49,2.490,-0.0190,-0.0100,-1.1028,1.8423,-3.0510,0.004
134.080,130.798,0.996,RETURN_HOME,obstacle1,1.2041,1.8285,3.1282,0.193952,0.083590,0.099920,1.066,84,2.6751,-4.8980,0.6819,-0.434,0.00000,2.8573,6.3299,2.5564,0.3099,0.1322,0.016,0.0250,0.0500,1.0000,60,0.066,30.18,20.17,19.67,30.18,0.2842,0.1282,10.00,0.00,50.00,DO_NOTHING,--,0.00,EXECUTING,49,2.490,-0.0190,-0.0100,-1.1324,1.8384,-3.0384,0.006
134.181,130.898,0.996,RETURN_HOME,obstacle1,0.8628,1.7999,-3.0334,0.168959,0.085337,0.100708,0.066,85,2.6819,-4.9049,0.6868,-0.434,0.00970,2.8332,6.3456,2.5692,0.3077,0.1374,0.018,0.0258,0.0500,1.0000,60,0.066,30.12,20.17,19.67,30.12,0.3000,0.1282,10.02,1.00,50.10,DO_NOTHING,--,0.00,EXECUTING,49,2.490,-0.0190,-0.0100,-1.1609,1.8342,-3.0258,0.006
134.280,130.994,0.991,RETURN_HOME,obstacle1,0.8628,1.7999,-3.0334,0.168959,0.085337,0.100708,0.162,85,2.6819,-4.9049,0.6868,-0.438,0.00000,2.8082,6.3615,2.5818,0.2943,0.1249,0.012,0.0258,0.0500,1.0000,60,0.062,30.24,20.17,20.13,30.24,0.2842,0.1282,10.07,1.00,50.10,DO_NOTHING,--,0.00,EXECUTING,49,2.490,-0.0190,-0.0100,-1.1904,1.8296,-3.0135,0.002
134.382,131.094,0.989,RETURN_HOME,obstacle1,0.8628,1.7999,-3.0334,0.168959,0.085337,0.100708,0.262,85,2.6819,-4.9049,0.6868,-0.438,0.00000,2.7837,6.3766,2.5946,0.3217,0.1437,0.012,0.0233,0.0500,1.0000,60,0.062,29.59,20.17,19.71,29.65,0.2842,0.1795,10.02,1.00,50.00,DO_NOTHING,--,0.00,EXECUTING,49,2.490,-0.0190,-0.0100,-1.2188,1.8247,-3.0011,0.002
134.480,131.192,0.990,RETURN_HOME,obstacle1,0.8628,1.7999,-3.0334,0.168959,0.085337,0.100708,0.360,85,2.6819,-4.9049,0.6868,-0.440,0.00000,2.7594,6.3912,2.6117,0.3270,0.1913,0.010,0.0233,0.0500,1.0000,60,0.060,30.30,20.26,19.79,30.30,0.2526,0.1282,10.07,1.00,50.00,DO_NOTHING,--,0.00,EXECUTING,49,2.490,-0.0190,-0.0100,-1.2413,1.8203,-2.9875,0.020
134.580,131.292,0.994,RETURN_HOME,obstacle1,0.8628,1.7999,-3.0334,0.168959,0.085337,0.100708,0.460,85,2.6819,-4.9049,0.6868,-0.440,0.00000,2.7371,6.4040,2.6251,0.2780,0.1451,0.014,0.0283,0.0500,1.0000,60,0.060,30.24,20.17,19.92,30.18,0.2211,0.0769,9.98,1.00,50.20,DO_NOTHING,--,0.00,EXECUTING,43,2.173,-0.0190,-0.0100,-1.2670,1.8151,-2.9741,0.020
134.681,131.392,0.991,RETURN_HOME,obstacle1,0.8628,1.7999,-3.0334,0.168959,0.085337,0.100708,0.560,85,2.6819,-4.9049,0.6868,-0.440,0.00000,2.7175,6.4150,2.6333,0.2175,0.0784,0.010,0.0258,0.0500,1.0000,60,0.060,30.18,20.17,19.96,30.24,0.3000,0.2308,9.91,1.00,50.00,DO_NOTHING,--,0.00,EXECUTING,43,2.173,-0.0190,-0.0100,-1.2938,1.8096,-2.9643,0.000
134.780,131.492,0.993,RETURN_HOME,obstacle1,0.8628,1.7999,-3.0334,0.168959,0.085337,0.100708,0.660,85,2.6819,-4.9049,0.6868,-0.440,0.00000,2.6938,6.4281,2.6467,0.4180,0.2211,0.018,0.0275,0.0500,1.0000,60,0.060,30.30,20.21,20.39,30.24,0.2842,0.2308,9.96,1.00,50.41,DO_NOTHING,--,0.00,EXECUTING,43,2.173,-0.0190,-0.0100,-1.3146,1.8054,-2.9588,0.020
134.880,131.592,0.992,RETURN_HOME,obstacle1,0.8628,1.7999,-3.0334,0.168959,0.085337,0.100708,0.760,85,2.6819,-4.9049,0.6868,-0.440,0.00000,2.6685,6.4413,2.6694,0.2806,0.2255,0.010,0.0308,0.0500,1.0000,60,0.060,30.18,20.17,19.92,30.24,0.3000,0.2308,9.83,1.00,50.00,DO_NOTHING,--,0.00,EXECUTING,43,2.173,-0.0190,-0.0100,-1.3426,1.7985,-2.9386,0.020
134.981,131.692,0.992,RETURN_HOME,obstacle1,0.8628,1.7999,-3.0334,0.168959,0.085337,0.100708,0.860,85,2.6819,-4.9049,0.6868,-0.440,0.00000,2.6419,6.4546,2.6921,0.3002,0.2278,0.010,0.0325,0.0550,1.0000,60,0.060,29.29,20.13,19.83,29.77,0.3000,0.2308,9.93,1.00,49.90,DO_NOTHING,--,0.00,EXECUTING,43,2.173,-0.0190,-0.0100,-1.3773,1.7890,-2.9135,0.000
135.080,131.786,0.987,RETURN_HOME,obstacle1,0.8628,1.7999,-3.0334,0.168959,0.085337,0.100708,0.954,85,2.6819,-4.9049,0.6868,-0.446,0.00000,2.6149,6.4672,2.7145,0.2999,0.2261,0.004,0.0325,0.0550,1.0000,60,0.054,30.36,20.39,20.26,30.36,0.3000,0.3333,10.00,1.00,49.90,DO_NOTHING,--,0.00,EXECUTING,43,2.173,-0.0190,-0.0100,-1.4003,1.7823,-2.8976,0.014
135.182,131.884,0.988,RETURN_HOME,obstacle1,0.8628,1.7999,-3.0334,0.168959,0.085337,0.100708,1.052,85,2.6819,-4.9049,0.6868,-0.448,0.00000,2.5875,6.4792,2.7456,0.3108,0.3216,0.002,0.0335,0.1000,0.9833,60,0.052,30.43,20.26,20.21,30.43,0.3000,0.3333,9.96,0.00,50.00,DO_NOTHING,--,0.00,EXECUTING,43,2.173,-0.0190,-0.0100,-1.4293,1.7728,-2.8705,0.012
135.280,131.980,0.986,RETURN_HOME,obstacle1,0.5674,1.7292,-2.8280,0.125358,0.094745,0.096135,0.048,86,2.7298,-4.9041,0.6929,-0.452,0.04790,2.5652,6.4882,2.7723,0.3000,0.3333,0.018,0.0292,0.0550,1.0000,60,0.048,30.49,20.34,20.13,30.43,0.3000,0.4359,10.00,1.00,50.00,DO_NOTHING,--,0.00,EXECUTING,43,2.173,-0.0190,-0.0100,-1.4580,1.7623,-2.8406,0.008
135.381,132.080,0.988,RETURN_HOME,obstacle1,0.5674,1.7292,-2.8280,0.125358,0.094745,0.096135,0.148,86,2.7298,-4.9041,0.6929,-0.452,0.00000,2.5372,6.4984,2.8117,0.2982,0.3949,0.018,0.0300,0.0550,1.0000,60,0.048,30.43,20.34,20.30,30.18,0.2684,0.3846,9.96,1.00,49.90,DO_NOTHING,--,0.00,EXECUTING,43,2.173,-0.0190,-0.0100,-1.4862,1.7509,-2.8063,0.008
135.481,132.176,0.982,RETURN_HOME,obstacle1,0.5674,1.7292,-2.8280,0.125358,0.094745,0.096135,0.244,86,2.7298,-4.9041,0.6929,-0.456,0.00000,2.5110,6.5068,2.8510,0.2755,0.3928,0.014,0.0339,0.1000,0.9833,60,0.044,30.49,20.30,20.13,30.49,0.2842,0.3846,10.02,1.00,49.90,DO_NOTHING,--,0.00,EXECUTING,43,2.173,-0.0190,-0.0100,-1.5118,1.7395,-2.7727,0.004
135.580,132.274,0.981,RETURN_HOME,obstacle1,0.5674,1.7292,-2.8280,0.125358,0.094745,0.096135,0.342,86,2.7298,-4.9041,0.6929,-0.458,0.00000,2.4844,6.5142,2.8865,0.2789,0.3575,0.012,0.0378,0.1000,0.9833,60,0.042,30.61,20.39,20.21,30.74,0.3000,0.4359,10.14,1.00,49.80,DO_NOTHING,--,0.00,EXECUTING,43,2.173,-0.0190,-0.0100,-1.5370,1.7279,-2.7457,0.002
135.680,132.370,0.979,RETURN_HOME,obstacle1,0.5674,1.7292,-2.8280,0.125358,0.094745,0.096135,0.438,86,2.7298,-4.9041,0.6929,-0.462,0.00000,2.4567,6.5209,2.9210,0.2953,0.3582,0.008,0.0450,0.1000,0.9167,60,0.038,30.61,20.43,20.04,31.00,0.3000,0.4359,10.02,1.00,50.00,DO_NOTHING,--,0.00,EXECUTING,37,1.847,-0.0190,-0.0100,-1.5571,1.7184,-2.7281,0.018
135.781,132.468,0.973,RETURN_HOME,obstacle1,0.5674,1.7292,-2.8280,0.125358,0.094745,0.096135,0.536,86,2.7298,-4.9041,0.6929,-0.464,0.00000,2.4286,6.5267,2.9561,0.2895,0.3535,0.006,0.0620,0.1500,0.8333,60,0.036,30.67,20.47,20.43,30.74,0.2842,0.4359,10.16,1.00,49.60,DO_NOTHING,--,0.00,EXECUTING,37,1.847,-0.0190,-0.0100,-1.5820,1.7060,-2.7063,0.016
135.881,132.568,0.974,RETURN_HOME,obstacle1,0.4095,1.6559,-2.6154,0.110509,0.088416,0.080676,0.036,87,2.6775,-4.9246,0.6853,-0.464,0.05618,2.4014,6.5313,2.9928,0.2894,0.3837,0.006,0.0670,0.2000,0.7833,60,0.036,31.06,20.52,20.92,31.00,0.2842,0.3846,10.04,1.66,50.00,DO_NOTHING,--,0.00,EXECUTING,37,1.847,-0.0190,-0.0100,-1.6061,1.6934,-2.6820,0.016
135.981,132.662,0.970,RETURN_HOME,obstacle1,0.4095,1.6559,-2.6154,0.110509,0.088416,0.080676,0.130,87,2.6775,-4.9246,0.6853,-0.470,0.00000,2.3742,6.5349,3.0256,0.2746,0.3274,0.000,0.0754,0.2000,0.7500,60,0.030,31.19,20.56,20.75,31.19,0.2842,0.4872,10.02,1.66,50.00,DO_NOTHING,--,0.00,EXECUTING,37,1.847,-0.0190,-0.0100,-1.6297,1.6805,-2.6605,0.010
136.080,132.766,0.980,RETURN_HOME,obstacle1,0.4095,1.6559,-2.6154,0.110509,0.088416,0.080676,0.234,87,2.6775,-4.9246,0.6853,-0.466,0.00000,2.3469,6.5376,3.0656,0.2785,0.4075,0.004,0.0887,0.2000,0.6833,60,0.034,30.67,20.39,20.56,30.61,0.3000,0.4359,10.00,1.66,50.10,DO_NOTHING,--,0.00,EXECUTING,37,1.847,-0.0190,-0.0100,-1.6530,1.6671,-2.6349,0.014
136.180,132.864,0.981,RETURN_HOME,obstacle1,0.4095,1.6559,-2.6154,0.110509,0.088416,0.080676,0.332,87,2.6775,-4.9246,0.6853,-0.468,0.00000,2.3180,6.5392,3.1038,0.3219,0.4230,0.002,0.0965,0.2500,0.6500,60,0.032,30.55,20.47,20.65,30.53,0.3000,0.4359,10.00,1.66,50.00,DO_NOTHING,--,0.00,EXECUTING,37,1.847,-0.0190,-0.0100,-1.6770,1.6523,-2.6088,0.012
136.281,132.966,0.984,RETURN_HOME,obstacle1,0.4095,1.6559,-2.6154,0.110509,0.088416,0.080676,0.434,87,2.6775,-4.9246,0.6853,-0.466,0.00000,2.2899,6.5398,3.1394,0.3247,0.4129,0.004,0.1001,0.2500,0.6500,60,0.034,30.43,20.30,20.34,30.43,0.3000,0.5385,9.98,1.00,50.00,DO_NOTHING,--,0.00,EXECUTING,37,1.847,-0.0190,-0.0100,-1.7006,1.6373,-2.5841,0.014
136.380,133.066,0.986,RETURN_HOME,obstacle1,0.4095,1.6559,-2.6154,0.110509,0.088416,0.080676,0.534,87,2.6775,-4.9246,0.6853,-0.466,0.00000,2.2622,6.5393,-3.1001,0.3064,0.4856,0.008,0.1083,0.2550,0.6667,60,0.034,30.43,20.30,20.30,30.67,0.3000,0.4359,10.00,1.00,50.20,DO_NOTHING,--,25.00,EXECUTING,37,1.847,-0.0190,-0.0100,-1.7234,1.6219,-2.5546,0.014
136.480,133.166,0.990,RETURN_HOME,obstacle1,0.2684,1.5661,-2.4049,0.071351,0.085513,0.075644,0.034,88,2.5491,-4.9585,0.6666,-0.466,0.13282,2.2329,6.5375,-3.0591,0.2876,0.4003,0.004,0.1210,0.3000,0.6167,60,0.034,30.30,20.21,20.17,30.24,0.3000,0.4872,10.02,1.68,50.00,DO_NOTHING,--,25.00,EXECUTING,37,1.847,-0.0190,-0.0100,-1.7468,1.6051,-2.5256,0.014
136.580,133.262,0.991,RETURN_HOME,obstacle1,0.2684,1.5661,-2.4049,0.071351,0.085513,0.075644,0.130,88,2.5491,-4.9585,0.6666,-0.470,0.00000,2.2034,6.5343,-3.0127,0.3087,0.4816,0.000,0.1349,0.3050,0.5500,60,0.030,30.18,20.26,20.17,30.18,0.2842,0.5385,10.02,1.68,50.00,DO_NOTHING,--,25.00,EXECUTING,37,1.847,-0.0190,-0.0100,-1.7706,1.5874,-2.4936,0.010
136.681,133.366,0.997,RETURN_HOME,obstacle1,0.2684,1.5661,-2.4049,0.071351,0.085513,0.075644,0.234,88,2.5491,-4.9585,0.6666,-0.466,0.00000,2.1771,6.5303,-2.9628,0.2658,0.4996,0.004,0.1472,0.3500,0.5500,60,0.034,30.12,20.08,20.08,30.21,0.2639,0.5000,9.96,1.68,50.00,DO_NOTHING,--,8.98,EXECUTING,31,1.543,-0.0190,-0.0100,-1.7918,1.5708,-2.4584,0.014
136.780,133.466,0.998,RETURN_HOME,obstacle1,0.2684,1.5661,-2.4049,0.071351,0.085513,0.075644,0.334,88,2.5491,-4.9585,0.6666,-0.466,0.00000,2.1523,6.5252,-2.9122,0.2724,0.5474,0.008,0.1634,0.3550,0.5000,60,0.034,30.30,20.04,20.04,30.06,0.2842,0.6410,9.98,1.68,50.20,DO_NOTHING,--,11.36,EXECUTING,31,1.543,-0.0190,-0.0100,-1.8114,1.5542,-2.4217,0.014
136.881,133.566,0.998,RETURN_HOME,obstacle1,0.2684,1.5661,-2.4049,0.071351,0.085513,0.075644,0.434,88,2.5491,-4.9585,0.6666,-0.466,0.00000,2.1297,6.5193,-2.8614,0.2344,0.5098,0.006,0.1621,0.3504,0.5667,60,0.034,30.06,20.04,20.39,30.12,0.3000,0.6410,9.98,1.00,50.00,DO_NOTHING,--,12.96,EXECUTING,31,1.543,-0.0190,-0.0100,-1.8287,1.5384,-2.3841,0.014
136.982,133.666,0.998,RETURN_HOME,obstacle1,0.1860,1.4780,-2.2006,0.052175,0.075120,0.062795,0.034,89,2.2823,-5.0420,0.6248,-0.466,0.27960,2.1071,6.5121,-2.8104,0.2436,0.5209,0.004,0.1707,0.4000,0.5500,60,0.034,29.77,20.13,20.21,29.77,0.2842,0.6410,10.02,2.00,50.00,DO_NOTHING,--,14.06,EXECUTING,31,1.543,-0.0190,-0.0100,-1.8454,1.5219,-2.3452,0.014
137.081,133.762,0.998,RETURN_HOME,obstacle1,0.1860,1.4780,-2.2006,0.052175,0.075120,0.062795,0.130,89,2.2823,-5.0420,0.6248,-0.470,0.00000,2.0892,6.5056,-2.7696,0.2411,0.5160,0.020,0.1688,0.3582,0.5500,60,0.030,30.00,20.04,20.17,30.06,0.3000,0.6923,10.04,2.00,50.00,DO_NOTHING,--,14.99,EXECUTING,31,1.543,-0.0190,-0.0100,-1.8616,1.5046,-2.3072,0.010
137.181,133.862,0.995,RETURN_HOME,obstacle1,0.1860,1.4780,-2.2006,0.052175,0.075120,0.062795,0.230,89,2.2823,-5.0420,0.6248,-0.470,0.00000,2.0672,6.4963,-2.7178,0.2443,0.5306,0.022,0.1830,0.4003,0.5167,60,0.030,30.36,20.04,20.30,30.36,0.3000,0.5385,10.00,2.00,50.00,DO_NOTHING,--,15.55,EXECUTING,31,1.543,-0.0190,-0.0100,-1.8773,1.4865,-2.2690,0.010
137.281,133.962,0.994,RETURN_HOME,obstacle1,0.1860,1.4780,-2.2006,0.052175,0.075120,0.062795,0.330,89,2.2823,-5.0420,0.6248,-0.470,0.00000,2.0387,6.4824,-2.6584,0.3039,0.5503,0.000,0.2049,0.5050,0.4500,60,0.030,30.12,20.13,20.26,30.18,0.2842,0.4872,9.96,2.00,50.00,DO_NOTHING,--,15.99,EXECUTING,31,1.543,-0.0190,-0.0100,-1.8941,1.4659,-2.2333,0.010
137.380,134.056,0.990,RETURN_HOME,obstacle1,0.1208,1.4067,-2.0597,0.037312,0.060733,0.056749,0.024,90,1.8790,-5.1423,0.5649,-0.476,0.41557,2.0189,6.4715,-2.6205,0.2908,0.4940,0.016,0.2150,0.4600,0.4667,60,0.024,30.06,20.08,20.30,30.06,0.2842,0.6410,10.00,2.22,49.80,DO_NOTHING,--,19.76,EXECUTING,31,1.543,-0.0190,-0.0100,-1.9112,1.4435,-2.2000,0.004
137.481,134.162,0.999,RETURN_HOME,obstacle1,0.1208,1.4067,-2.0597,0.037312,0.060733,0.056749,0.130,90,1.8790,-5.1423,0.5649,-0.470,0.00000,1.9932,6.4558,-2.5598,0.2373,0.4995,0.000,0.2124,0.5550,0.4667,60,0.030,30.12,20.00,20.26,30.18,0.3000,0.6923,9.96,2.50,50.00,DO_NOTHING,--,17.52,EXECUTING,31,1.543,-0.0190,-0.0100,-1.9261,1.4230,-2.1628,0.010
137.581,134.260,0.994,RETURN_HOME,obstacle1,0.1208,1.4067,-2.0597,0.037312,0.060733,0.056749,0.228,90,1.8790,-5.1423,0.5649,-0.472,0.00000,1.9751,6.4434,-2.5158,0.2641,0.5392,0.018,0.2068,0.5100,0.4667,60,0.028,30.36,20.08,19.87,30.36,0.3000,0.5897,10.11,2.50,50.00,DO_NOTHING,--,17.52,EXECUTING,31,1.543,-0.0190,-0.0100,-1.9401,1.4007,-2.1215,0.008
137.680,134.360,0.994,RETURN_HOME,obstacle1,0.1208,1.4067,-2.0597,0.037312,0.060733,0.056749,0.328,90,1.8790,-5.1423,0.5649,-0.472,0.00000,1.9517,6.4254,-2.4583,0.3310,0.6427,0.018,0.2358,0.6000,0.4500,60,0.028,30.24,20.13,20.34,30.24,0.2842,0.3846,10.02,2.50,50.00,DO_NOTHING,--,17.66,EXECUTING,27,1.316,-0.0190,-0.0100,-1.9544,1.3757,-2.0799,0.008
137.781,134.454,0.986,RETURN_HOME,obstacle1,0.0622,1.3165,-1.9149,0.031202,0.057685,0.049837,0.022,91,1.4416,-5.2335,0.5004,-0.478,0.44677,1.9301,6.4068,-2.4111,0.2876,0.4769,0.012,0.2308,0.6050,0.4333,60,0.022,30.30,20.13,20.17,30.55,0.3000,0.4359,10.07,2.51,49.80,DO_NOTHING,--,17.30,EXECUTING,27,1.316,-0.0190,-0.0100,-1.9672,1.3508,-2.0446,0.002
137.880,134.556,0.990,RETURN_HOME,obstacle1,0.0622,1.3165,-1.9149,0.031202,0.057685,0.049837,0.124,91,1.4416,-5.2335,0.5004,-0.476,0.00000,1.9086,6.3868,-2.3700,0.3065,0.4305,0.014,0.1798,0.5050,0.4833,60,0.024,30.36,20.21,20.21,30.30,0.2842,0.4359,9.98,2.51,50.00,DO_NOTHING,--,16.73,EXECUTING,27,1.316,-0.0190,-0.0100,-1.9793,1.3247,-2.0128,0.004
137.980,134.648,0.983,RETURN_HOME,obstacle1,0.0622,1.3165,-1.9149,0.031202,0.057685,0.049837,0.216,91,1.4416,-5.2335,0.5004,-0.384,0.00000,1.8886,6.3664,-2.3275,0.2942,0.4380,0.006,0.2176,0.6000,0.4746,59,0.116,30.61,20.26,20.21,30.61,0.3000,0.2821,9.95,2.51,50.10,DO_NOTHING,--,16.06,EXECUTING,27,1.316,-0.0190,-0.0100,-1.9879,1.3040,-1.9854,0.016
138.081,134.756,0.994,RETURN_HOME,obstacle1,0.0622,1.3165,-1.9149,0.031202,0.057685,0.049837,0.324,91,1.4416,-5.2335,0.5004,-0.476,0.00000,1.8686,6.3445,-2.2951,0.4347,0.4721,0.014,0.1981,0.5200,0.4746,59,0.024,30.24,20.17,20.13,29.90,0.3000,0.2821,9.96,2.53,50.10,DO_NOTHING,--,14.71,EXECUTING,27,1.316,-0.0190,-0.0100,-1.9999,1.2714,-1.9524,0.004
138.182,134.854,0.991,RETURN_HOME,obstacle1,0.0622,1.3165,-1.9149,0.031202,0.057685,0.049837,0.422,91,1.4416,-5.2335,0.5004,-0.478,0.00000,1.8492,6.3219,-2.2581,0.3319,0.4085,0.012,0.1933,0.4600,0.4915,59,0.022,30.02,20.26,20.17,29.72,0.3000,0.4359,9.91,2.53,50.10,DO_NOTHING,--,12.50,EXECUTING,27,1.316,-0.0190,-0.0100,-2.0090,1.2437,-1.9204,0.002
138.281,134.954,0.993,RETURN_HOME,obstacle1,0.0622,1.3165,-1.9149,0.031202,0.057685,0.049837,0.522,91,1.4416,-5.2335,0.5004,-0.478,0.00000,1.8314,6.2993,-2.2225,0.3958,0.5109,0.012,0.1367,0.3500,0.5932,59,0.022,30.24,20.17,19.75,30.24,0.3000,0.3333,9.96,2.53,50.00,DO_NOTHING,--,26.32,EXECUTING,27,1.316,-0.0190,-0.0100,-2.0166,1.2167,-1.8902,0.002
138.381,135.046,0.983,RETURN_HOME,obstacle1,0.0622,1.3165,-1.9149,0.031202,0.057685,0.049837,0.614,91,1.4416,-5.2335,0.5004,-0.386,0.00000,1.8138,6.2754,-2.1895,0.2979,0.3302,0.004,0.1543,0.4100,0.5763,59,0.014,30.36,20.21,20.21,30.30,0.3000,0.1795,10.04,2.53,50.10,DO_NOTHING,--,26.32,EXECUTING,27,1.316,-0.0190,-0.0100,-2.0223,1.1940,-1.8667,0.014
138.481,135.148,0.986,RETURN_HOME,obstacle1,0.0259,1.1321,-1.7133,0.025981,0.057279,0.050964,0.116,92,1.3112,-5.2753,0.4795,-0.484,0.13696,1.7967,6.2507,-2.1678,0.3337,0.2372,0.006,0.1704,0.4198,0.5763,59,0.016,30.43,20.30,20.52,30.43,0.3000,0.2821,9.98,1.66,50.00,DO_NOTHING,--,0.00,EXECUTING,27,1.316,-0.0190,-0.0100,-2.0293,1.1652,-1.8458,0.016
138.581,135.240,0.977,RETURN_HOME,obstacle1,0.0259,1.1321,-1.7133,0.025981,0.057279,0.050964,0.208,92,1.3112,-5.2753,0.4795,-0.392,0.00000,1.7834,6.2308,-2.1473,0.3073,0.2483,0.020,0.1860,0.4600,0.5593,59,0.108,30.55,20.34,20.30,30.55,0.2842,0.2308,10.03,1.66,50.00,DO_NOTHING,--,0.00,EXECUTING,27,1.316,-0.0190,-0.0100,-2.0356,1.1362,-1.8231,0.008
138.681,135.340,0.985,RETURN_HOME,obstacle1,0.0259,1.1321,-1.7133,0.025981,0.057279,0.050964,0.308,92,1.3112,-5.2753,0.4795,-0.392,0.00000,1.7680,6.2065,-2.1230,0.2824,0.2375,0.018,0.1752,0.4100,0.5254,59,0.108,30.67,20.47,20.21,30.61,0.3000,-0.0256,10.00,1.66,50.00,DO_NOTHING,--,0.00,EXECUTING,22,1.050,-0.0190,-0.0100,-2.0409,1.1085,-1.8013,0.008
138.780,135.432,0.979,RETURN_HOME,obstacle1,0.0259,1.1321,-1.7133,0.025981,0.057279,0.050964,0.400,92,1.3112,-5.2753,0.4795,-0.400,0.00000,1.7527,6.1811,-2.1105,0.3081,0.1283,0.010,0.1621,0.4100,0.5932,59,0.100,31.06,20.39,20.41,31.06,0.3000,-0.0256,9.89,1.66,50.00,DO_NOTHING,--,0.00,EXECUTING,22,1.050,-0.0190,-0.0100,-2.0467,1.0794,-1.7909,0.000
138.881,135.532,0.982,RETURN_HOME,obstacle1,0.0259,1.1321,-1.7133,0.025981,0.057279,0.050964,0.500,92,1.3112,-5.2753,0.4795,-0.400,0.00000,1.7373,6.1553,-2.1104,0.3025,0.0009,0.010,0.1389,0.3550,0.6500,60,0.100,30.67,20.47,20.26,30.74,0.2842,0.0769,10.00,1.00,50.00,DO_NOTHING,--,0.00,EXECUTING,22,1.050,-0.0190,-0.0100,-2.0533,1.0501,-1.7916,0.000
138.981,135.632,0.973,RETURN_HOME,obstacle1,0.0259,1.1321,-1.7133,0.025981,0.057279,0.050964,0.600,92,1.3112,-5.2753,0.4795,-0.400,0.00000,1.7226,6.1308,-2.1046,0.2942,0.0600,0.010,0.1430,0.3550,0.6500,60,0.100,30.49,20.47,20.26,30.43,0.3000,-0.0256,10.20,1.00,50.00,DO_NOTHING,--,0.00,EXECUTING,22,1.050,-0.0190,-0.0100,-2.0579,1.0279,-1.7868,0.020
139.080,135.724,0.968,RETURN_HOME,obstacle1,0.0259,1.1321,-1.7133,0.025981,0.057279,0.050964,0.692,92,1.3112,-5.2753,0.4795,-0.408,0.00000,1.7076,6.1052,-2.1043,0.2988,0.0040,0.002,0.1358,0.3550,0.6333,60,0.092,31.19,20.61,20.83,31.25,0.3000,-0.0256,10.07,1.00,50.00,DO_NOTHING,--,0.00,EXECUTING,22,1.050,-0.0190,-0.0100,-2.0641,0.9991,-1.7855,0.012
139.181,135.824,0.971,RETURN_HOME,obstacle1,0.0259,1.1321,-1.7133,0.025981,0.057279,0.050964,0.792,92,1.3112,-5.2753,0.4795,-0.408,0.00000,1.6923,6.0794,-2.1069,0.3187,-0.0272,0.002,0.1352,0.3563,0.6167,60,0.092,31.12,20.61,20.83,31.19,0.3000,0.0769,10.09,1.00,49.90,DO_NOTHING,--,0.00,EXECUTING,22,1.050,-0.0190,-0.0100,-2.0707,0.9698,-1.7879,0.012
139.280,135.924,0.970,RETURN_HOME,obstacle1,0.0259,1.1321,-1.7133,0.025981,0.057279,0.050964,0.892,92,1.3112,-5.2753,0.4795,-0.408,0.00000,1.6770,6.0536,-2.1012,0.3049,0.0567,0.002,0.1402,0.3640,0.6000,60,0.092,31.25,20.65,20.79,31.19,0.3000,-0.0256,10.02,1.00,49.90,DO_NOTHING,--,0.00,EXECUTING,22,1.050,-0.0190,-0.0100,-2.0768,0.9405,-1.7837,0.012
139.380,136.024,0.978,RETURN_HOME,obstacle1,0.0259,1.1321,-1.7133,0.025981,0.057279,0.050964,0.992,92,1.3112,-5.2753,0.4795,-0.408,0.00000,1.6618,6.0277,-2.1019,0.3000,-0.0067,0.002,0.1315,0.3369,0.6167,60,0.092,31.25,20.56,20.79,31.31,0.3000,-0.0256,9.98,1.00,50.00,DO_NOTHING,--,0.00,EXECUTING,22,1.050,-0.0190,-0.0100,-2.0831,0.9112,-1.7833,0.012
139.481,136.126,0.978,RETURN_HOME,obstacle1,0.0076,0.8578,-1.6499,0.031128,0.071367,0.072801,0.094,93,1.1470,-5.2872,0.4522,-0.406,0.16466,1.6466,6.0019,-2.1045,0.3114,-0.0266,0.004,0.1280,0.3041,0.6333,60,0.094,30.74,20.52,20.74,30.67,0.2842,0.0256,10.00,1.00,50.00,DO_NOTHING,--,0.00,EXECUTING,22,1.050,-0.0190,-0.0100,-2.0897,0.8819,-1.7857,0.014
139.580,136.224,0.984,RETURN_HOME,obstacle1,0.0076,0.8578,-1.6499,0.031128,0.071367,0.072801,0.192,93,1.1470,-5.2872,0.4522,-0.408,0.00000,1.6321,5.9773,-2.1025,0.2858,0.0192,0.002,0.1411,0.3196,0.6333,60,0.092,30.30,20.34,20.30,30.30,0.3000,0.0769,10.00,1.00,50.00,DO_NOTHING,--,0.00,EXECUTING,22,1.050,-0.0190,-0.0100,-2.0957,0.8538,-1.7844,0.012
139.681,136.326,0.992,RETURN_HOME,obstacle1,0.0076,0.8578,-1.6499,0.031128,0.071367,0.072801,0.294,93,1.1470,-5.2872,0.4522,-0.406,0.00000,1.6171,5.9515,-2.0959,0.3362,0.0753,0.004,0.1436,0.3550,0.6167,60,0.094,30.36,20.34,20.34,30.36,0.2842,0.0256,10.04,1.00,50.10,DO_NOTHING,--,0.00,EXECUTING,16,0.750,-0.0190,-0.0100,-2.1015,0.8248,-1.7788,0.014
139.780,136.424,0.992,RETURN_HOME,obstacle1,0.0076,0.8578,-1.6499,0.031128,0.071367,0.072801,0.392,93,1.1470,-5.2872,0.4522,-0.408,0.00000,1.6028,5.9268,-2.0927,0.2858,0.0319,0.002,0.1404,0.3550,0.6333,60,0.092,30.27,20.08,20.26,30.27,0.2842,0.0256,10.00,1.00,50.00,DO_NOTHING,--,0.00,EXECUTING,16,0.750,-0.0190,-0.0100,-2.1071,0.7967,-1.7754,0.012
139.881,136.526,0.994,RETURN_HOME,obstacle1,0.0076,0.8578,-1.6499,0.031128,0.071367,0.072801,0.494,93,1.1470,-5.2872,0.4522,-0.406,0.00000,1.5880,5.9009,-2.0903,0.3084,0.0259,0.004,0.1226,0.3050,0.6667,60,0.094,30.18,20.21,20.17,30.18,0.2842,0.0000,9.98,1.00,50.00,DO_NOTHING,--,0.00,EXECUTING,16,0.750,-0.0190,-0.0100,-2.1129,0.7677,-1.7731,0.014
139.981,136.624,0.999,RETURN_HOME,obstacle1,0.0076,0.8578,-1.6499,0.031128,0.071367,0.072801,0.592,93,1.1470,-5.2872,0.4522,-0.408,0.00000,1.5738,5.8761,-2.0900,0.3041,0.0032,0.002,0.1099,0.3000,0.6833,60,0.092,30.21,20.13,20.26,30.27,0.2842,0.0000,9.98,1.00,50.10,DO_NOTHING,--,0.00,EXECUTING,16,0.750,-0.0190,-0.0100,-2.1187,0.7395,-1.7727,0.012
140.082,136.726,1.001,RETURN_HOME,obstacle1,0.0076,0.8578,-1.6499,0.031128,0.071367,0.072801,0.694,93,1.1470,-5.2872,0.4522,-0.406,0.00000,1.5590,5.8502,-2.0878,0.3007,0.0222,0.004,0.1102,0.2550,0.6833,60,0.094,29.77,20.00,20.21,29.71,0.2842,0.0000,10.00,1.00,50.10,DO_NOTHING,--,0.00,EXECUTING,16,0.750,-0.0190,-0.0100,-2.1245,0.7105,-1.7709,0.014
140.180,136.822,0.998,RETURN_HOME,obstacle1,0.0076,0.8578,-1.6499,0.031128,0.071367,0.072801,0.790,93,1.1470,-5.2872,0.4522,-0.410,0.00000,1.5449,5.8254,-2.0876,0.2990,0.0026,0.000,0.1100,0.2550,0.6833,60,0.090,30.06,20.08,20.21,30.06,0.3000,0.0256,10.00,1.00,50.10,DO_NOTHING,--,0.00,EXECUTING,16,0.750,-0.0190,-0.0100,-2.1301,0.6823,-1.7704,0.010
140.281,136.926,1.002,RETURN_HOME,obstacle1,0.0076,0.8578,-1.6499,0.031128,0.071367,0.072801,0.894,93,1.1470,-5.2872,0.4522,-0.406,0.00000,1.5302,5.7994,-2.0854,0.3047,0.0225,0.004,0.1228,0.3035,0.6667,60,0.094,29.84,20.04,20.21,29.77,0.2842,0.0000,10.00,1.00,50.00,DO_NOTHING,--,0.00,EXECUTING,16,0.750,-0.0190,-0.0100,-2.1359,0.6532,-1.7686,0.014
140.381,137.022,0.995,RETURN_HOME,obstacle1,0.0076,0.8578,-1.6499,0.031128,0.071367,0.072801,0.990,93,1.1470,-5.2872,0.4522,-0.410,0.00000,1.5161,5.7746,-2.0851,0.2953,0.0026,0.002,0.1192,0.2723,0.6833,60,0.090,30.00,20.04,20.21,30.00,0.3000,0.0256,9.96,1.00,50.00,DO_NOTHING,--,0.00,EXECUTING,16,0.750,-0.0190,-0.0100,-2.1415,0.6250,-1.7681,0.010
140.480,137.126,1.000,RETURN_HOME,obstacle1,-0.0503,0.5718,-1.6819,0.036124,0.074550,0.085269,0.094,94,0.8209,-5.3314,0.4031,-0.406,0.32905,1.5015,5.7486,-2.0829,0.3295,0.0248,0.004,0.1213,0.2595,0.6500,60,0.094,29.77,20.04,20.26,29.84,0.3000,0.2308,9.98,1.00,50.00,DO_NOTHING,--,0.00,EXECUTING,16,0.750,-0.0190,-0.0100,-2.1471,0.5959,-1.7663,0.014
140.581,137.224,0.998,RETURN_HOME,obstacle1,-0.0503,0.5718,-1.6819,0.036124,0.074550,0.085269,0.192,94,0.8209,-5.3314,0.4031,-0.408,0.00000,1.4869,5.7224,-2.0685,0.3199,0.1570,0.006,0.1225,0.3004,0.6500,60,0.092,29.96,20.04,20.21,29.96,0.2842,0.1795,10.00,1.00,50.20,DO_NOTHING,--,0.00,EXECUTING,16,0.750,-0.0190,-0.0100,-2.1520,0.5665,-1.7542,0.012
140.680,137.324,0.999,RETURN_HOME,obstacle1,-0.0503,0.5718,-1.6819,0.036124,0.074550,0.085269,0.292,94,0.8209,-5.3314,0.4031,-0.408,0.00000,1.4735,5.6971,-2.0504,0.2772,0.1748,0.002,0.1276,0.3196,0.6333,60,0.092,30.06,20.04,20.17,30.12,0.2842,0.2308,9.96,1.00,50.00,DO_NOTHING,--,0.00,EXECUTING,16,0.750,-0.0190,-0.0100,-2.1557,0.5382,-1.7371,0.012
140.780,137.420,0.996,RETURN_HOME,obstacle1,-0.0503,0.5718,-1.6819,0.036124,0.074550,0.085269,0.388,94,0.8209,-5.3314,0.4031,-0.412,0.00000,1.4607,5.6718,-2.0281,0.2937,0.2303,0.000,0.1290,0.3050,0.6167,60,0.088,30.18,20.04,20.26,30.24,0.3000,0.2308,10.02,1.00,50.10,DO_NOTHING,--,0.00,EXECUTING,10,0.450,-0.0190,-0.0100,-2.1585,0.5101,-1.7160,0.008
140.880,137.526,1.000,RETURN_HOME,obstacle1,-0.0503,0.5718,-1.6819,0.036124,0.074550,0.085269,0.494,94,0.8209,-5.3314,0.4031,-0.406,0.00000,1.4478,5.6449,-2.0053,0.2981,0.2268,0.004,0.0836,0.2050,0.7667,60,0.094,29.84,20.00,20.21,29.84,0.2842,0.1795,9.98,1.00,50.00,DO_NOTHING,--,0.00,EXECUTING,10,0.450,-0.0190,-0.0100,-2.1606,0.4807,-1.6934,0.014
140.980,137.618,0.994,RETURN_HOME,obstacle1,-0.0503,0.5718,-1.6819,0.036124,0.074550,0.085269,0.586,94,0.8209,-5.3314,0.4031,-0.414,0.00000,1.4360,5.6189,-1.9868,0.3156,0.2045,0.000,0.0835,0.2000,0.7833,60,0.086,30.18,20.00,20.30,30.18,0.2684,0.1795,10.07,1.00,50.20,DO_NOTHING,--,0.00,EXECUTING,10,0.450,-0.0190,-0.0100,-2.1622,0.4522,-1.6745,0.006
141.080,137.720,0.996,RETURN_HOME,obstacle1,-0.0503,0.5718,-1.6819,0.036124,0.074550,0.085269,0.688,94,0.8209,-5.3314,0.4031,-0.412,0.00000,1.4275,5.5991,-1.9724,0.2854,0.1878,0.018,0.0809,0.2000,0.7667,60,0.088,30.18,20.13,20.04,30.18,0.2526,0.1795,10.00,1.00,50.00,DO_NOTHING,--,0.00,EXECUTING,10,0.450,-0.0190,-0.0100,-2.1633,0.4252,-1.6566,0.008
141.181,137.812,0.984,RETURN_HOME,obstacle1,-0.0503,0.5718,-1.6819,0.036124,0.074550,0.085269,0.780,94,0.8209,-5.3314,0.4031,-0.420,0.00000,1.4177,5.5755,-1.9544,0.2579,0.1810,0.010,0.0806,0.2000,0.7966,59,0.080,30.30,20.13,19.83,29.96,0.2526,0.1795,10.07,1.00,50.00,DO_NOTHING,--,0.00,EXECUTING,10,0.450,-0.0190,-0.0100,-2.1637,0.3998,-1.6386,0.000
141.281,137.914,0.992,RETURN_HOME,obstacle1,-0.0503,0.5718,-1.6819,0.036124,0.074550,0.085269,0.882,94,0.8209,-5.3314,0.4031,-0.418,0.00000,1.4089,5.5532,-1.9365,0.2420,0.1810,0.012,0.0613,0.1600,0.8475,59,0.082,30.30,20.26,20.21,30.30,0.2211,0.1795,9.98,1.00,50.00,DO_NOTHING,--,0.00,EXECUTING,10,0.450,-0.0190,-0.0100,-2.1635,0.3760,-1.6203,0.002
141.380,138.010,0.989,RETURN_HOME,obstacle1,-0.0503,0.5718,-1.6819,0.036124,0.074550,0.085269,0.978,94,0.8209,-5.3314,0.4031,-0.422,0.00000,1.4011,5.5321,-1.9185,0.2491,0.1997,0.008,0.0627,0.1600,0.7966,59,0.078,30.36,20.13,20.21,30.36,0.2053,0.1282,9.89,1.00,50.00,DO_NOTHING,--,0.00,EXECUTING,10,0.450,-0.0190,-0.0100,-2.1630,0.3581,-1.6056,0.018
141.481,138.114,0.989,RETURN_HOME,obstacle1,-0.0503,0.5718,-1.6819,0.036124,0.074550,0.085269,1.082,94,0.8209,-5.3314,0.4031,-0.418,0.00000,1.3942,5.5126,-1.9050,0.2107,0.1384,0.012,0.0577,0.1500,0.8167,60,0.082,30.30,20.26,20.34,30.30,0.1895,0.1282,10.00,0.00,50.00,DO_NOTHING,--,0.00,EXECUTING,10,0.450,-0.0190,-0.0100,-2.1621,0.3332,-1.5883,0.002
141.580,138.212,0.988,RETURN_HOME,obstacle1,-0.0945,0.2832,-1.5328,0.048432,0.089142,0.086440,0.080,95,0.5895,-5.3559,0.3683,-0.420,0.23266,1.3880,5.4946,-1.8922,0.2584,0.1738,0.010,0.0711,0.1500,0.8305,59,0.080,30.18,20.30,20.21,30.18,0.1737,0.2821,9.91,1.00,49.80,DO_NOTHING,--,0.00,EXECUTING,10,0.450,-0.0190,-0.0100,-2.1614,0.3180,-1.5776,0.020
141.680,138.314,0.990,RETURN_HOME,obstacle1,-0.0945,0.2832,-1.5328,0.048432,0.089142,0.086440,0.182,95,0.5895,-5.3559,0.3683,-0.418,0.00000,1.3826,5.4777,-1.8693,0.1768,0.2287,0.012,0.0736,0.2000,0.8136,59,0.082,30.30,20.21,20.21,30.24,0.1579,0.2308,9.93,1.00,50.00,DO_NOTHING,--,0.00,EXECUTING,10,0.450,-0.0190,-0.0100,-2.1593,0.2966,-1.5496,0.002
141.780,138.406,0.978,RETURN_HOME,obstacle1,-0.0945,0.2832,-1.5328,0.048432,0.089142,0.086440,0.274,95,0.5895,-5.3559,0.3683,-0.426,0.00000,1.3780,5.4623,-1.8451,0.1624,0.2441,0.004,0.0765,0.2000,0.8305,59,0.074,30.43,20.34,20.56,30.43,0.1579,0.2308,10.04,1.00,49.80,DO_NOTHING,--,0.00,EXECUTING,6,0.271,-0.0190,-0.0100,-2.1571,0.2838,-1.5296,0.014
141.880,138.508,0.982,RETURN_HOME,obstacle1,-0.0945,0.2832,-1.5328,0.048432,0.089142,0.086440,0.376,95,0.5895,-5.3559,0.3683,-0.424,0.00000,1.3739,5.4470,-1.8220,0.1809,0.2644,0.008,0.0660,0.1600,0.8136,59,0.076,30.55,20.34,20.52,30.55,0.1421,0.2308,9.93,1.00,50.00,DO_NOTHING,--,0.00,EXECUTING,6,0.271,-0.0190,-0.0100,-2.1542,0.2680,-1.5059,0.016
141.980,138.598,0.975,RETURN_HOME,obstacle1,-0.0945,0.2832,-1.5328,0.048432,0.089142,0.086440,0.466,95,0.5895,-5.3559,0.3683,-0.434,0.00000,1.3712,5.4358,-1.8036,0.1517,0.2385,0.018,0.0500,0.1100,0.8983,59,0.066,30.61,20.39,20.00,30.27,0.1421,0.2308,10.02,1.00,50.00,DO_NOTHING,--,0.00,EXECUTING,6,0.271,-0.0190,-0.0100,-2.1511,0.2535,-1.4826,0.006
142.081,138.700,0.986,RETURN_HOME,obstacle1,-0.0945,0.2832,-1.5328,0.048432,0.089142,0.086440,0.568,95,0.5895,-5.3559,0.3683,-0.432,0.00000,1.3684,5.4232,-1.7732,0.1345,0.3196,0.020,0.0336,0.1000,0.9655,58,0.068,30.61,20.43,20.26,30.67,0.1263,0.1795,9.96,1.00,50.00,DO_NOTHING,--,0.00,EXECUTING,6,0.271,-0.0190,-0.0100,-2.1473,0.2407,-1.4516,0.008
142.181,138.796,0.980,RETURN_HOME,obstacle1,-0.0945,0.2832,-1.5328,0.048432,0.089142,0.086440,0.664,95,0.5895,-5.3559,0.3683,-0.436,0.00000,1.3660,5.4108,-1.7499,0.1253,0.2284,0.014,0.0212,0.0500,1.0000,59,0.064,30.55,20.30,20.17,30.55,0.1105,0.1282,10.07,1.00,50.00,DO_NOTHING,--,0.00,EXECUTING,6,0.271,-0.0190,-0.0100,-2.1439,0.2282,-1.4301,0.004
142.280,138.896,0.982,RETURN_HOME,obstacle1,-0.0945,0.2832,-1.5328,0.048432,0.089142,0.086440,0.764,95,0.5895,-5.3559,0.3683,-0.436,0.00000,1.3641,5.3996,-1.7360,0.1201,0.1474,0.018,0.0304,0.0707,0.9831,59,0.064,30.61,20.39,20.17,30.55,0.1105,0.1282,10.14,1.00,50.00,DO_NOTHING,--,0.00,EXECUTING,6,0.271,-0.0190,-0.0100,-2.1412,0.2171,-1.4170,0.004
142.381,138.992,0.975,RETURN_HOME,obstacle1,-0.0945,0.2832,-1.5328,0.048432,0.089142,0.086440,0.860,95,0.5895,-5.3559,0.3683,-0.440,0.00000,1.3623,5.3887,-1.7232,0.1083,0.1256,0.010,0.0316,0.0600,0.9661,59,0.060,30.67,20.39,20.52,30.61,0.0947,0.2308,10.02,1.00,50.00,DO_NOTHING,--,0.00,EXECUTING,6,0.271,-0.0190,-0.0100,-2.1390,0.2084,-1.4071,0.020
142.480,139.090,0.976,RETURN_HOME,obstacle1,-0.0945,0.2832,-1.5328,0.048432,0.089142,0.086440,0.958,95,0.5895,-5.3559,0.3683,-0.442,0.00000,1.3609,5.3792,-1.7021,0.0979,0.2135,0.008,0.0363,0.1000,0.9661,59,0.058,31.06,20.56,20.26,31.00,0.0947,0.1282,10.14,1.00,50.00,DO_NOTHING,--,0.00,EXECUTING,6,0.271,-0.0190,-0.0100,-2.1360,0.1986,-1.3882,0.018
142.580,139.188,0.971,RETURN_HOME,obstacle1,-0.0829,0.1584,-1.3443,0.045010,0.079624,0.070978,0.056,96,0.4793,-5.3570,0.3495,-0.444,0.11022,1.3598,5.3698,-1.6874,0.0947,0.1470,0.006,0.0250,0.0500,0.9831,59,0.056,31.06,20.47,20.75,31.06,0.1263,0.1282,10.07,1.00,50.00,DO_NOTHING,--,0.00,EXECUTING,6,0.271,-0.0190,-0.0100,-2.1330,0.1893,-1.3732,0.016
142.680,139.288,0.974,RETURN_HOME,obstacle1,-0.0829,0.1584,-1.3443,0.045010,0.079624,0.070978,0.156,96,0.4793,-5.3570,0.3495,-0.444,0.00000,1.3584,5.3577,-1.6753,0.1296,0.1297,0.006,0.0233,0.0500,0.9831,59,0.056,31.06,20.61,20.75,31.00,0.1105,0.1282,9.96,1.00,50.00,DO_NOTHING,--,0.00,EXECUTING,6,0.271,-0.0190,-0.0100,-2.1299,0.1779,-1.3625,0.016
142.781,139.384,0.973,RETURN_HOME,obstacle1,-0.0829,0.1584,-1.3443,0.045010,0.079624,0.070978,0.252,96,0.4793,-5.3570,0.3495,-0.448,0.00000,1.3573,5.3466,-1.6625,0.1121,0.1281,0.002,0.0222,0.0500,0.9661,59,0.052,30.80,20.52,20.74,30.74,0.1105,0.1282,10.04,1.00,50.10,DO_NOTHING,--,0.00,EXECUTING,3,0.141,-0.0190,-0.0100,-2.1266,0.1668,-1.3506,0.012
142.881,139.486,0.986,RETURN_HOME,obstacle1,-0.0829,0.1584,-1.3443,0.045010,0.079624,0.070978,0.354,96,0.4793,-5.3570,0.3495,-0.446,0.00000,1.3564,5.3356,-1.6497,0.1114,0.1293,0.004,0.0351,0.1000,0.9661,59,0.054,30.67,20.52,20.74,30.67,0.0947,0.2308,9.96,1.00,50.00,DO_NOTHING,--,0.00,EXECUTING,3,0.141,-0.0190,-0.0100,-2.1232,0.1560,-1.3387,0.014
142.980,139.584,0.986,RETURN_HOME,obstacle1,-0.0829,0.1584,-1.3443,0.045010,0.079624,0.070978,0.452,96,0.4793,-5.3570,0.3495,-0.448,0.00000,1.3557,5.3260,-1.6285,0.0995,0.2191,0.004,0.0305,0.0500,0.9831,59,0.052,30.49,20.43,20.30,30.61,0.0947,0.0769,9.98,1.00,50.00,DO_NOTHING,--,0.00,EXECUTING,3,0.141,-0.0190,-0.0100,-2.1197,0.1465,-1.3205,0.012
143.081,139.686,0.989,RETURN_HOME,obstacle1,-0.0829,0.1584,-1.3443,0.045010,0.079624,0.070978,0.554,96,0.4793,-5.3570,0.3495,-0.446,0.00000,1.3553,5.3165,-1.6172,0.0968,0.1175,0.004,0.0220,0.0500,0.9500,60,0.054,30.40,20.39,20.34,30.40,0.0947,0.0769,10.00,1.00,50.10,DO_NOTHING,--,0.00,EXECUTING,3,0.141,-0.0190,-0.0100,-2.1164,0.1373,-1.3086,0.014
143.181,139.782,0.984,RETURN_HOME,obstacle1,-0.0829,0.1584,-1.3443,0.045010,0.079624,0.070978,0.650,96,0.4793,-5.3570,0.3495,-0.450,0.00000,1.3548,5.3070,-1.6095,0.0991,0.0805,0.000,0.0251,0.0500,0.9500,60,0.050,30.43,20.30,20.13,30.36,0.0789,0.0256,10.00,1.00,50.00,DO_NOTHING,--,0.00,EXECUTING,3,0.141,-0.0190,-0.0100,-2.1134,0.1282,-1.3016,0.010
143.281,139.880,0.987,RETURN_HOME,obstacle1,-0.0829,0.1584,-1.3443,0.045010,0.079624,0.070978,0.748,96,0.4793,-5.3570,0.3495,-0.452,0.00000,1.3546,5.3007,-1.6073,0.0825,0.0363,0.020,0.0147,0.0500,0.9667,60,0.048,30.49,20.30,20.26,30.55,0.0789,0.0256,9.96,1.00,50.00,DO_NOTHING,--,0.00,EXECUTING,3,0.141,-0.0190,-0.0100,-2.1111,0.1204,-1.2987,0.008
143.381,139.980,0.988,RETURN_HOME,obstacle1,-0.0829,0.1584,-1.3443,0.045010,0.079624,0.070978,0.848,96,0.4793,-5.3570,0.3495,-0.452,0.00000,1.3543,5.2928,-1.6048,0.0787,0.0255,0.018,0.0127,0.0500,0.9833,60,0.048,30.30,20.26,20.17,30.30,0.0632,0.0256,10.02,1.00,50.00,DO_NOTHING,--,0.00,EXECUTING,3,0.141,-0.0190,-0.0100,-2.1088,0.1128,-1.2964,0.008
143.481,140.080,0.991,RETURN_HOME,obstacle1,-0.0829,0.1584,-1.3443,0.045010,0.079624,0.070978,0.948,96,0.4793,-5.3570,0.3495,-0.452,0.00000,1.3541,5.2862,-1.6022,0.0716,0.0275,0.022,0.0133,0.0500,0.9833,60,0.048,30.30,20.21,20.21,30.36,0.0632,0.0256,9.98,1.00,50.20,DO_NOTHING,--,0.00,EXECUTING,3,0.141,-0.0190,-0.0100,-2.1069,0.1066,-1.2941,0.008
143.580,140.180,0.992,RETURN_HOME,obstacle1,-0.0829,0.1584,-1.3443,0.045010,0.079624,0.070978,1.048,96,0.4793,-5.3570,0.3495,-0.452,0.00000,1.3539,5.2799,-1.5997,0.0619,0.0251,0.018,0.0119,0.0500,0.9833,60,0.048,30.24,20.17,20.13,30.30,0.0632,0.0256,10.02,0.00,50.00,DO_NOTHING,--,0.00,EXECUTING,3,0.141,-0.0190,-0.0100,-2.1050,0.1005,-1.2918,0.008
143.680,140.280,0.996,RETURN_HOME,obstacle1,-0.0829,0.1584,-1.3443,0.045010,0.079624,0.070978,1.148,96,0.4793,-5.3570,0.3495,-0.452,0.00000,1.3538,5.2736,-1.5971,0.0656,0.0266,0.018,0.0145,0.0500,0.9500,60,0.048,30.24,20.13,20.39,30.30,0.0632,0.0256,9.96,0.00,50.00,DO_NOTHING,--,0.00,EXECUTING,3,0.141,-0.0190,-0.0100,-2.1031,0.0944,-1.2895,0.008
143.780,140.380,0.996,RETURN_HOME,obstacle1,-0.0829,0.1584,-1.3443,0.045010,0.079624,0.070978,1.248,96,0.4793,-5.3570,0.3495,-0.452,0.00000,1.3536,5.2673,-1.5945,0.0632,0.0256,0.018,0.0162,0.0500,0.9500,60,0.048,30.00,20.13,20.04,30.06,0.0474,0.0256,9.96,0.00,50.00,DO_NOTHING,--,0.00,EXECUTING,2,0.071,-0.0190,-0.0100,-2.1011,0.0884,-1.2872,0.008
143.881,140.478,0.992,RETURN_HOME,obstacle1,-0.0829,0.1584,-1.3443,0.045010,0.079624,0.070978,1.346,96,0.4793,-5.3570,0.3495,-0.454,0.00000,1.3535,5.2622,-1.5920,0.0524,0.0263,0.016,0.0160,0.0500,0.9500,60,0.046,30.18,20.08,20.13,30.24,0.0474,0.0256,10.00,0.00,50.00,DO_NOTHING,--,0.00,EXECUTING,2,0.071,-0.0190,-0.0100,-2.0996,0.0837,-1.2849,0.006
143.980,140.578,0.992,RETURN_HOME,obstacle1,-0.0829,0.1584,-1.3443,0.045010,0.079624,0.070978,1.446,96,0.4793,-5.3570,0.3495,-0.454,0.00000,1.3534,5.2575,-1.5894,0.0478,0.0259,0.016,0.0167,0.0500,0.9500,60,0.046,30.18,20.17,20.13,30.12,0.0474,0.0000,9.96,0.00,50.00,DO_NOTHING,--,0.00,EXECUTING,2,0.071,-0.0190,-0.0100,-2.0981,0.0791,-1.2826,0.006
144.080,140.676,0.991,RETURN_HOME,obstacle1,-0.0829,0.1584,-1.3443,0.045010,0.079624,0.070978,1.544,96,0.4793,-5.3570,0.3495,-0.456,0.00000,1.3533,5.2527,-1.5889,0.0492,0.0051,0.014,0.0152,0.0500,0.9667,60,0.044,30.36,20.13,20.21,30.36,0.0474,0.0000,10.02,0.00,50.00,DO_NOTHING,--,0.00,EXECUTING,2,0.071,-0.0190,-0.0100,-2.0968,0.0746,-1.2824,0.004
144.181,140.776,0.995,RETURN_HOME,obstacle1,-0.0829,0.1584,-1.3443,0.045010,0.079624,0.070978,1.644,96,0.4793,-5.3570,0.3495,-0.456,0.00000,1.3532,5.2480,-1.5889,0.0478,-0.0000,0.014,0.0152,0.0500,0.9667,60,0.044,30.18,20.30,20.08,30.18,0.0474,0.0000,10.02,0.00,50.00,DO_NOTHING,--,0.00,EXECUTING,2,0.071,-0.0190,-0.0100,-2.0954,0.0700,-1.2824,0.004
144.280,140.870,0.991,RETURN_HOME,obstacle1,-0.0829,0.1584,-1.3443,0.045010,0.079624,0.070978,1.738,96,0.4793,-5.3570,0.3495,-0.462,0.00000,1.3531,5.2433,-1.5889,0.0474,-0.0000,0.008,0.0130,0.0500,0.9833,60,0.038,30.24,20.13,20.00,30.24,0.0316,0.0000,10.02,0.00,50.10,DO_NOTHING,--,0.00,EXECUTING,2,0.071,-0.0190,-0.0100,-2.0943,0.0664,-1.2824,0.018
144.380,140.970,0.991,RETURN_HOME,obstacle1,-0.0829,0.1584,-1.3443,0.045010,0.079624,0.070978,1.838,96,0.4793,-5.3570,0.3495,-0.462,0.00000,1.3531,5.2399,-1.5889,0.0332,-0.0000,0.008,0.0137,0.0500,0.9667,60,0.038,30.33,20.43,20.13,30.33,0.0316,0.0000,9.93,0.00,50.10,DO_NOTHING,--,0.00,EXECUTING,2,0.071,-0.0190,-0.0100,-2.0934,0.0631,-1.2824,0.018
144.481,141.066,0.984,RETURN_HOME,obstacle1,-0.0829,0.1584,-1.3443,0.045010,0.079624,0.070978,1.934,96,0.4793,-5.3570,0.3495,-0.466,0.00000,1.3531,5.2395,-1.5772,0.0047,0.1349,0.004,0.0170,0.0500,0.9833,60,0.034,30.33,20.26,20.26,30.33,0.0000,0.1600,10.04,0.00,50.10,DO_NOTHING,--,0.00,EXECUTING,2,0.071,-0.0190,-0.0100,-2.0927,0.0623,-1.2737,0.014
144.581,141.166,0.984,RETURN_HOME,obstacle1,-0.0829,0.1584,-1.3443,0.045010,0.079624,0.070978,2.034,96,0.4793,-5.3570,0.3495,-0.466,0.00000,1.3531,5.2395,-1.5597,-0.0000,0.1780,0.004,0.0188,0.0500,0.9667,60,0.034,30.53,20.43,20.34,30.46,0.0000,0.1600,9.98,0.00,50.10,DO_NOTHING,--,0.00,EXECUTING,2,0.071,-0.0190,-0.0100,-2.0917,0.0623,-1.2581,0.014
144.680,141.262,0.982,RETURN_HOME,obstacle1,-0.0829,0.1584,-1.3443,0.045010,0.079624,0.070978,2.130,96,0.4793,-5.3570,0.3495,-0.470,0.00000,1.3531,5.2395,-1.5384,-0.0001,0.2492,0.020,0.0298,0.0500,0.9500,60,0.030,30.46,20.39,20.34,30.46,0.0000,0.3200,9.89,0.00,50.00,DO_NOTHING,--,0.00,EXECUTING,2,0.071,-0.0190,-0.0100,-2.0903,0.0623,-1.2354,0.010
144.781,141.362,0.982,RETURN_HOME,obstacle1,-0.0829,0.1584,-1.3443,0.045010,0.079624,0.070978,2.230,96,0.4793,-5.3570,0.3495,-0.470,0.00000,1.3531,5.2395,-1.4985,-0.0000,0.3405,0.000,0.0244,0.1000,0.9667,60,0.030,30.59,20.47,20.39,30.59,0.0000,0.3200,9.98,0.00,50.00,DO_NOTHING,--,0.00,EXECUTING,2,0.071,-0.0190,-0.0100,-2.0886,0.0623,-1.2064,0.010
144.880,141.462,0.984,RETURN_HOME,obstacle1,-0.0557,0.0384,-1.1585,0.032353,0.058761,0.048499,0.030,97,0.2520,-5.3642,0.3096,-0.470,0.22738,1.3531,5.2395,-1.4643,-0.0002,0.4243,0.022,0.0368,0.0541,0.9661,59,0.030,30.46,20.39,20.34,30.46,0.0000,0.4800,9.91,1.00,50.00,DO_NOTHING,--,0.00,EXECUTING,2,0.050,-0.0190,-0.0100,-2.0867,0.0623,-1.1709,0.010
144.981,141.562,0.984,RETURN_HOME,obstacle1,-0.0557,0.0384,-1.1585,0.032353,0.058761,0.048499,0.130,97,0.2520,-5.3642,0.3096,-0.470,0.00000,1.3531,5.2395,-1.4163,0.0000,0.4903,0.020,0.0337,0.1000,0.9474,57,0.030,30.53,20.47,20.26,30.53,0.0000,0.4800,9.98,1.00,50.00,DO_NOTHING,--,0.00,EXECUTING,2,0.050,-0.0190,-0.0100,-2.0847,0.0623,-1.1311,0.010
145.082,141.652,0.971,RETURN_HOME,obstacle1,-0.0557,0.0384,-1.1585,0.032353,0.058761,0.048499,0.220,97,0.2520,-5.3642,0.3096,-0.480,0.00000,1.3531,5.2395,-1.3677,-0.0002,0.6808,0.012,0.0477,0.1000,0.9310,58,0.020,30.40,20.30,20.30,30.74,0.0000,0.4800,9.98,1.00,50.00,DO_NOTHING,--,0.00,EXECUTING,2,0.050,-0.0190,-0.0100,-2.0830,0.0623,-1.0917,0.000
145.181,141.752,0.980,RETURN_HOME,obstacle1,-0.0557,0.0384,-1.1585,0.032353,0.058761,0.048499,0.320,97,0.2520,-5.3642,0.3096,-0.480,0.00000,1.3530,5.2397,-1.3106,-0.0018,0.5624,0.010,0.0486,0.1000,0.9138,58,0.020,31.00,20.47,20.26,30.67,0.0000,0.6400,9.98,1.00,50.00,DO_NOTHING,--,0.00,EXECUTING,2,0.050,-0.0190,-0.0100,-2.0819,0.0626,-1.0562,0.020
145.282,141.842,0.968,RETURN_HOME,obstacle1,-0.0557,0.0384,-1.1585,0.032353,0.058761,0.048499,0.410,97,0.2520,-5.3642,0.3096,-0.390,0.00000,1.3529,5.2400,-1.2450,-0.0036,0.6624,0.000,0.0537,0.1500,0.8421,57,0.010,30.43,20.39,20.33,30.49,0.0000,0.6923,10.09,1.00,50.00,DO_NOTHING,--,0.00,EXECUTING,2,0.050,-0.0190,-0.0100,-2.0808,0.0632,-1.0076,0.010
145.381,141.942,0.973,RETURN_HOME,obstacle1,-0.0671,0.0408,-0.9553,0.022145,0.051581,0.036283,0.110,98,0.1654,-5.3660,0.2957,-0.390,0.08669,1.3527,5.2406,-1.1794,-0.0079,0.8917,0.000,0.0602,0.1440,0.8793,58,0.010,31.05,20.61,20.88,31.12,0.0000,0.6923,10.08,2.55,50.00,DO_NOTHING,--,0.00,EXECUTING,2,0.050,-0.0190,-0.0100,-2.0805,0.0641,-0.9612,0.010
145.481,142.040,0.971,RETURN_HOME,obstacle1,-0.0671,0.0408,-0.9553,0.022145,0.051581,0.036283,0.208,98,0.1654,-5.3660,0.2957,-0.392,0.00000,1.3526,5.2408,-1.1271,-0.0044,0.6695,0.018,0.0550,0.1500,0.8448,58,0.008,30.92,20.52,20.70,30.92,0.0000,0.6923,10.07,2.55,50.00,DO_NOTHING,--,0.00,EXECUTING,2,0.050,-0.0190,-0.0100,-2.0805,0.0647,-0.9154,0.008
145.581,142.140,0.975,RETURN_HOME,obstacle1,-0.0671,0.0408,-0.9553,0.022145,0.051581,0.036283,0.308,98,0.1654,-5.3660,0.2957,-0.392,0.00000,1.3526,5.2409,-1.0656,-0.0006,0.6198,0.018,0.1073,0.2500,0.6379,58,0.108,30.86,20.61,20.61,30.86,0.0000,0.5385,10.07,2.55,50.00,DO_NOTHING,--,0.00,EXECUTING,2,0.050,-0.0190,-0.0100,-2.0805,0.0649,-0.8724,0.008
145.681,142.232,0.967,RETURN_HOME,obstacle1,-0.0671,0.0408,-0.9553,0.022145,0.051581,0.036283,0.400,98,0.1654,-5.3660,0.2957,-0.400,0.00000,1.3526,5.2409,-1.0107,0.0000,0.5498,0.010,0.1117,0.2500,0.5862,58,0.100,30.99,20.52,20.52,31.06,0.0000,0.4872,10.16,2.55,50.00,DO_NOTHING,--,0.00,EXECUTING,2,0.050,-0.0190,-0.0100,-2.0805,0.0653,-0.8323,0.000
145.780,142.336,0.974,RETURN_HOME,obstacle1,-0.0533,0.0214,-0.7392,0.016283,0.050910,0.033264,0.104,99,0.0201,-5.3907,0.2661,-0.396,0.14738,1.3526,5.2409,-0.9609,-0.0000,0.5104,0.014,0.1124,0.2500,0.6034,58,0.104,30.93,20.61,20.79,30.72,0.0000,0.4872,10.02,2.53,50.10,DO_NOTHING,--,0.00,EXECUTING,2,0.050,-0.0190,-0.0100,-2.0805,0.0656,-0.7945,0.004
145.881,142.432,0.966,RETURN_HOME,obstacle1,-0.0533,0.0214,-0.7392,0.016283,0.050910,0.033264,0.200,99,0.0201,-5.3907,0.2661,-0.400,0.00000,1.3526,5.2409,-0.9122,0.0000,0.4872,0.010,0.1154,0.2500,0.5862,58,0.100,30.72,20.61,20.13,30.66,0.0000,0.4872,10.09,2.53,50.00,DO_NOTHING,--,0.00,EXECUTING,2,0.071,-0.0190,-0.0100,-2.0805,0.0656,-0.7566,0.000
145.980,142.532,0.970,RETURN_HOME,obstacle1,-0.0533,0.0214,-0.7392,0.016283,0.050910,0.033264,0.300,99,0.0201,-5.3907,0.2661,-0.400,0.00000,1.3526,5.2409,-0.8674,0.0000,0.4473,0.010,0.1383,0.3000,0.5172,58,0.100,31.06,20.70,20.47,31.05,0.0000,0.4359,10.00,2.51,50.00,DO_NOTHING,--,0.00,EXECUTING,2,0.071,-0.0190,-0.0100,-2.0806,0.0656,-0.7298,0.020
146.080,142.632,0.982,RETURN_HOME,obstacle1,-0.0533,0.0214,-0.7392,0.016283,0.050910,0.033264,0.400,99,0.0201,-5.3907,0.2661,-0.400,0.00000,1.3526,5.2409,-0.8239,0.0000,0.4468,0.010,0.1329,0.3012,0.5517,58,0.100,30.53,20.47,20.21,30.46,0.0000,0.4359,10.02,2.51,50.00,DO_NOTHING,--,0.00,EXECUTING,2,0.071,-0.0190,-0.0100,-2.0809,0.0656,-0.6978,0.020
146.181,142.728,0.985,RETURN_HOME,obstacle1,-0.0533,0.0214,-0.7392,0.016283,0.050910,0.033264,0.496,99,0.0201,-5.3907,0.2661,-0.404,0.00000,1.3526,5.2409,-0.7843,0.0001,0.3987,0.006,0.1151,0.2633,0.6034,58,0.096,31.12,20.56,20.75,31.12,0.0000,0.3846,9.98,2.51,49.90,DO_NOTHING,--,0.00,EXECUTING,2,0.071,-0.0190,-0.0100,-2.0809,0.0656,-0.6693,0.016
146.281,142.828,0.987,RETURN_HOME,obstacle1,-0.0514,0.0249,-0.5520,0.016454,0.051475,0.028654,0.096,100,-0.1814,-5.3861,0.2285,-0.404,0.20151,1.3526,5.2408,-0.7476,0.0011,0.4083,0.006,0.1136,0.2500,0.6034,58,0.096,31.06,20.34,20.70,31.12,0.0000,0.3846,9.98,2.23,50.00,DO_NOTHING,--,0.00,EXECUTING,2,0.071,-0.0190,-0.0100,-2.0808,0.0656,-0.6434,0.016
146.380,142.926,0.985,RETURN_HOME,obstacle1,-0.0514,0.0249,-0.5520,0.016454,0.051475,0.028654,0.194,100,-0.1814,-5.3861,0.2285,-0.406,0.00000,1.3528,5.2407,-0.7149,0.0020,0.3387,0.004,0.1272,0.3000,0.5690,58,0.094,30.61,20.39,20.56,30.72,0.0000,0.3333,9.98,2.00,50.00,DO_NOTHING,--,0.00,EXECUTING,2,0.071,-0.0190,-0.0100,-2.0805,0.0656,-0.6202,0.014
146.480,143.026,0.987,RETURN_HOME,obstacle1,-0.0514,0.0249,-0.5520,0.016454,0.051475,0.028654,0.294,100,-0.1814,-5.3861,0.2285,-0.406,0.00000,1.3530,5.2405,-0.6835,0.0030,0.3549,0.004,0.1417,0.3150,0.5000,58,0.094,30.46,20.30,20.30,30.53,0.0000,0.3333,9.93,2.00,50.10,DO_NOTHING,--,0.00,EXECUTING,2,0.071,-0.0190,-0.0100,-2.0800,0.0656,-0.5984,0.014
146.581,143.126,0.986,RETURN_HOME,obstacle1,-0.0514,0.0249,-0.5520,0.016454,0.051475,0.028654,0.394,100,-0.1814,-5.3861,0.2285,-0.406,0.00000,1.3532,5.2404,-0.6562,0.0033,0.3793,0.006,0.1324,0.3000,0.5345,58,0.094,30.46,20.30,20.30,30.46,0.0000,0.2821,10.07,2.00,50.00,DO_NOTHING,--,0.00,EXECUTING,2,0.071,-0.0190,-0.0100,-2.0797,0.0657,-0.5789,0.014
146.681,143.224,0.986,RETURN_HOME,obstacle1,-0.0514,0.0249,-0.5520,0.016454,0.051475,0.028654,0.492,100,-0.1814,-5.3861,0.2285,-0.408,0.00000,1.3534,5.2402,-0.6297,0.0024,0.2635,0.002,0.1151,0.2515,0.5862,58,0.092,30.24,20.13,20.21,30.21,0.0000,0.2821,10.02,2.00,50.10,DO_NOTHING,--,0.00,EXECUTING,2,0.071,-0.0190,-0.0100,-2.0792,0.0659,-0.5600,0.012
146.780,143.324,0.988,RETURN_HOME,obstacle1,-0.0514,0.0249,-0.5520,0.016454,0.051475,0.028654,0.592,100,-0.1814,-5.3861,0.2285,-0.408,0.00000,1.3535,5.2401,-0.6025,0.0019,0.3034,0.002,0.1174,0.2880,0.5862,58,0.092,30.46,20.30,20.26,30.46,0.0000,0.2821,10.02,1.00,50.00,DO_NOTHING,--,0.00,EXECUTING,2,0.071,-0.0190,-0.0100,-2.0789,0.0662,-0.5402,0.012
146.881,143.424,0.992,RETURN_HOME,obstacle1,-0.0514,0.0249,-0.5520,0.016454,0.051475,0.028654,0.692,100,-0.1814,-5.3861,0.2285,-0.408,0.00000,1.3535,5.2401,-0.5757,0.0004,0.2773,0.004,0.1320,0.3106,0.5172,58,0.092,30.33,20.13,20.17,30.27,0.0000,0.2821,10.02,1.00,50.10,DO_NOTHING,--,0.00,EXECUTING,2,0.050,-0.0190,-0.0100,-2.0788,0.0668,-0.5198,0.012
146.980,143.522,0.990,RETURN_HOME,obstacle1,-0.0281,0.0173,-0.3873,0.019864,0.037723,0.032595,0.090,101,-0.3926,-5.3825,0.1854,-0.410,0.21120,1.3536,5.2401,-0.5485,0.0002,0.3051,0.000,0.1211,0.2515,0.5690,58,0.090,30.27,20.21,20.13,30.33,0.0000,0.2821,10.02,1.43,50.00,DO_NOTHING,--,0.00,EXECUTING,2,0.050,-0.0190,-0.0100,-2.0788,0.0675,-0.4985,0.010
147.081,143.620,0.992,RETURN_HOME,obstacle1,-0.0281,0.0173,-0.3873,0.019864,0.037723,0.032595,0.188,101,-0.3926,-5.3825,0.1854,-0.412,0.00000,1.3536,5.2401,-0.5248,-0.0000,0.2516,0.000,0.1338,0.3000,0.5345,58,0.088,30.36,20.13,20.30,30.27,0.0000,0.2308,9.98,1.43,50.10,DO_NOTHING,--,0.00,EXECUTING,2,0.050,-0.0190,-0.0100,-2.0788,0.0682,-0.4793,0.008
147.181,143.724,0.996,RETURN_HOME,obstacle1,-0.0281,0.0173,-0.3873,0.019864,0.037723,0.032595,0.292,101,-0.3926,-5.3825,0.1854,-0.408,0.00000,1.3536,5.2401,-0.5017,0.0000,0.2269,0.002,0.1438,0.3150,0.5000,58,0.092,30.27,20.13,20.30,30.27,0.0000,0.2308,9.98,1.43,50.10,DO_NOTHING,--,0.00,EXECUTING,2,0.050,-0.0190,-0.0100,-2.0788,0.0690,-0.4607,0.012
147.281,143.818,0.990,RETURN_HOME,obstacle1,-0.0281,0.0173,-0.3873,0.019864,0.037723,0.032595,0.386,101,-0.3926,-5.3825,0.1854,-0.414,0.00000,1.3536,5.2401,-0.4832,-0.0000,0.2452,0.016,0.1366,0.3012,0.5172,58,0.086,30.30,20.17,20.30,30.21,0.0000,0.2308,10.00,1.00,50.00,DO_NOTHING,--,0.00,EXECUTING,2,0.050,-0.0190,-0.0100,-2.0788,0.0698,-0.4419,0.006
147.380,143.922,0.996,RETURN_HOME,obstacle1,-0.0281,0.0173,-0.3873,0.019864,0.037723,0.032595,0.490,101,-0.3926,-5.3825,0.1854,-0.410,0.00000,1.3536,5.2401,-0.4640,0.0000,0.2221,0.020,0.1022,0.2315,0.6207,58,0.090,30.12,20.13,20.30,30.21,0.0000,0.1795,10.07,1.00,50.00,DO_NOTHING,--,0.00,EXECUTING,2,0.050,-0.0190,-0.0100,-2.0788,0.0706,-0.4265,0.010
147.481,144.020,0.993,PLACE,obstacle1,-0.0281,0.0173,-0.3873,0.019864,0.037723,0.032595,0.588,101,-0.3926,-5.3825,0.1854,-0.412,0.00000,1.3536,5.2401,-0.4548,-0.0000,0.0941,0.020,0.0934,0.2156,0.6379,58,0.088,31.19,20.08,20.30,31.25,0.0000,0.0195,9.96,1.00,50.00,DO_NOTHING,--,0.00,SUCCEEDED,2,0.050,-0.0190,-0.0100,-2.0788,0.0709,-0.4202,0.008
147.581,144.122,0.997,PLACE,obstacle1,-0.0281,0.0173,-0.3873,0.019864,0.037723,0.032595,0.690,101,-0.3926,-5.3825,0.1854,-0.410,0.00000,1.3536,5.2401,-0.4534,-0.0000,0.0099,0.000,0.0926,0.2156,0.6552,58,0.090,30.46,20.13,20.39,29.91,0.0000,0.0000,9.98,1.00,50.00,DO_NOTHING,--,0.00,SUCCEEDED,2,0.050,-0.0190,-0.0100,-2.0788,0.0709,-0.4192,0.010
147.681,144.216,0.991,PLACE,obstacle1,-0.0281,0.0173,-0.3873,0.019864,0.037723,0.032595,0.784,101,-0.3926,-5.3825,0.1854,-0.416,0.00000,1.3536,5.2401,-0.4534,0.0000,-0.0000,0.014,0.0926,0.2156,0.6552,58,0.084,28.93,20.17,20.17,27.72,0.0000,0.0000,10.04,1.00,50.00,DO_NOTHING,--,0.00,SUCCEEDED,2,0.050,-0.0190,-0.0100,-2.0788,0.0709,-0.4192,0.004
147.781,144.316,0.991,PLACE,obstacle1,-0.0281,0.0173,-0.3873,0.019864,0.037723,0.032595,0.884,101,-0.3926,-5.3825,0.1854,-0.416,0.00000,1.3536,5.2401,-0.4534,0.0000,-0.0000,0.014,0.0926,0.2156,0.6552,58,0.084,27.95,20.17,20.13,25.75,0.0000,0.0000,9.96,1.00,50.10,DO_NOTHING,--,0.00,SUCCEEDED,2,0.050,-0.0190,-0.0100,-2.0788,0.0709,-0.4192,0.004
147.882,144.414,0.989,PLACE,obstacle1,-0.0281,0.0173,-0.3873,0.019864,0.037723,0.032595,0.982,101,-0.3926,-5.3825,0.1854,-0.418,0.00000,1.3536,5.2401,-0.4534,0.0000,-0.0000,0.012,0.0926,0.2156,0.6552,58,0.082,26.97,20.17,20.21,23.71,0.0000,0.0000,10.04,1.00,50.00,DO_NOTHING,--,0.00,SUCCEEDED,2,0.050,-0.0190,-0.0100,-2.0788,0.0709,-0.4192,0.002
147.980,144.514,0.992,PLACE,obstacle1,-0.0281,0.0173,-0.3873,0.019864,0.037723,0.032595,1.082,101,-0.3926,-5.3825,0.1854,-0.418,0.00000,1.3536,5.2401,-0.4534,0.0000,-0.0000,0.012,0.0926,0.2156,0.6552,58,0.082,25.93,20.26,20.21,21.51,0.0000,0.0000,10.00,0.00,50.00,DO_NOTHING,--,0.00,SUCCEEDED,2,0.050,-0.0190,-0.0100,-2.0788,0.0709,-0.4192,0.002
148.080,144.614,0.994,PLACE,obstacle1,-0.0281,0.0173,-0.3873,0.019864,0.037723,0.032595,1.182,101,-0.3926,-5.3825,0.1854,-0.418,0.00000,1.3536,5.2401,-0.4534,0.0000,-0.0000,0.012,0.0926,0.2156,0.6552,58,0.082,24.74,20.08,19.75,19.23,0.0000,0.0000,9.96,0.00,49.80,DO_NOTHING,--,0.00,SUCCEEDED,2,0.050,-0.0190,-0.0100,-2.0788,0.0709,-0.4192,0.002
148.180,144.714,0.990,PLACE,obstacle1,-0.0281,0.0173,-0.3873,0.019864,0.037723,0.032595,1.282,101,-0.3926,-5.3825,0.1854,-0.418,0.00000,1.3536,5.2401,-0.4534,0.0000,-0.0000,0.012,0.0926,0.2156,0.6552,58,0.082,23.86,20.21,20.26,17.35,0.0000,0.0000,10.00,0.00,50.00,DO_NOTHING,--,0.00,SUCCEEDED,2,0.050,-0.0190,-0.0100,-2.0788,0.0709,-0.4192,0.002
148.280,144.810,0.993,PLACE,obstacle1,-0.0281,0.0173,-0.3873,0.019864,0.037723,0.032595,1.378,101,-0.3926,-5.3825,0.1854,-0.422,0.00000,1.3536,5.2401,-0.4534,0.0000,-0.0000,0.008,0.0926,0.2156,0.6552,58,0.078,22.63,20.04,19.75,15.15,0.0000,0.0000,9.85,0.00,49.80,DO_NOTHING,--,0.00,SUCCEEDED,2,0.050,-0.0190,-0.0100,-2.0788,0.0709,-0.4192,0.018
148.380,144.914,0.994,PLACE,obstacle1,-0.0281,0.0173,-0.3873,0.019864,0.037723,0.032595,1.482,101,-0.3926,-5.3825,0.1854,-0.418,0.00000,1.3536,5.2401,-0.4534,0.0000,-0.0000,0.012,0.0926,0.2156,0.6552,58,0.082,21.69,20.21,19.71,13.18,0.0000,0.0000,9.98,0.00,50.00,DO_NOTHING,--,0.00,SUCCEEDED,2,0.050,-0.0190,-0.0100,-2.0788,0.0709,-0.4192,0.002
148.480,145.006,0.986,PLACE,obstacle1,-0.0281,0.0173,-0.3873,0.019864,0.037723,0.032595,1.574,101,-0.3926,-5.3825,0.1854,-0.426,0.00000,1.3536,5.2401,-0.4534,0.0000,-0.0000,0.004,0.0926,0.2156,0.6552,58,0.074,19.92,20.26,19.96,10.69,0.0000,0.0000,10.00,0.00,49.90,DO_NOTHING,--,0.00,SUCCEEDED,2,0.050,-0.0190,-0.0100,-2.0788,0.0709,-0.4192,0.014
148.580,145.108,0.987,PLACE,obstacle1,-0.0281,0.0173,-0.3873,0.019864,0.037723,0.032595,1.676,101,-0.3926,-5.3825,0.1854,-0.424,0.00000,1.3536,5.2401,-0.4534,0.0000,-0.0000,0.006,0.0926,0.2156,0.6552,58,0.076,20.63,20.43,20.68,10.72,0.0000,0.0000,9.98,0.00,49.90,DO_NOTHING,--,0.00,SUCCEEDED,2,0.050,-0.0190,-0.0100,-2.0788,0.0709,-0.4192,0.016
148.681,145.198,0.982,PLACE,obstacle1,-0.0281,0.0173,-0.3873,0.019864,0.037723,0.032595,1.766,101,-0.3926,-5.3825,0.1854,-0.434,0.00000,1.3536,5.2401,-0.4534,0.0000,-0.0000,0.016,0.0926,0.2156,0.6552,58,0.066,20.22,20.22,20.27,10.80,0.0000,0.0000,10.04,0.00,50.00,DO_NOTHING,--,0.00,SUCCEEDED,2,0.050,-0.0190,-0.0100,-2.0788,0.0709,-0.4192,0.006
148.781,145.298,0.982,PLACE,obstacle1,-0.0281,0.0173,-0.3873,0.019864,0.037723,0.032595,1.866,101,-0.3926,-5.3825,0.1854,-0.434,0.00000,1.3536,5.2401,-0.4534,0.0000,-0.0000,0.016,0.0926,0.2156,0.6552,58,0.066,20.19,20.38,20.25,10.79,0.0000,0.0000,9.93,0.00,50.00,DO_NOTHING,--,0.00,SUCCEEDED,2,0.050,-0.0190,-0.0100,-2.0788,0.0709,-0.4192,0.006
148.881,145.392,0.979,PLACE,obstacle1,-0.0281,0.0173,-0.3873,0.019864,0.037723,0.032595,1.960,101,-0.3926,-5.3825,0.1854,-0.440,0.00000,1.3536,5.2401,-0.4534,0.0000,-0.0000,0.010,0.0926,0.2156,0.6552,58,0.060,20.15,20.30,20.22,11.11,0.0000,0.0000,10.02,0.00,50.00,DO_NOTHING,--,0.00,SUCCEEDED,2,0.050,-0.0190,-0.0100,-2.0788,0.0709,-0.4192,0.020
148.981,145.490,0.973,PLACE,obstacle1,-0.0281,0.0173,-0.3873,0.019864,0.037723,0.032595,2.058,101,-0.3926,-5.3825,0.1854,-0.442,0.00000,1.3536,5.2401,-0.4534,0.0000,-0.0000,0.008,0.0926,0.2156,0.6552,58,0.058,20.66,20.36,20.27,11.49,0.0000,0.0000,10.04,0.00,50.00,DO_NOTHING,--,0.00,SUCCEEDED,2,0.050,-0.0190,-0.0100,-2.0788,0.0709,-0.4192,0.018
149.080,145.586,0.972,PLACE,obstacle1,-0.0281,0.0173,-0.3873,0.019864,0.037723,0.032595,2.154,101,-0.3926,-5.3825,0.1854,-0.446,0.00000,1.3536,5.2401,-0.4534,0.0000,-0.0000,0.004,0.0926,0.2156,0.6552,58,0.054,20.83,20.35,20.94,10.00,0.0000,0.0000,10.00,0.00,50.10,DO_NOTHING,--,0.00,SUCCEEDED,2,0.050,-0.0190,-0.0100,-2.0788,0.0709,-0.4192,0.014
149.180,145.686,0.972,PLACE,obstacle1,-0.0281,0.0173,-0.3873,0.019864,0.037723,0.032595,2.254,101,-0.3926,-5.3825,0.1854,-0.446,0.00000,1.3536,5.2401,-0.4534,0.0000,-0.0000,0.004,0.0926,0.2156,0.6552,58,0.054,21.13,20.83,21.13,10.00,0.0000,0.0000,10.11,0.00,50.00,DO_NOTHING,--,0.00,SUCCEEDED,2,0.050,-0.0190,-0.0100,-2.0788,0.0709,-0.4192,0.014
149.281,145.784,0.967,PLACE,obstacle1,-0.0281,0.0173,-0.3873,0.019864,0.037723,0.032595,2.352,101,-0.3926,-5.3825,0.1854,-0.448,0.00000,1.3536,5.2401,-0.4534,0.0000,-0.0000,0.002,0.0926,0.2156,0.6552,58,0.052,21.74,21.43,21.74,10.00,0.0000,0.0000,10.04,0.00,50.00,DO_NOTHING,--,0.00,SUCCEEDED,2,0.050,-0.0190,-0.0100,-2.0788,0.0709,-0.4192,0.012
149.380,145.882,0.968,PLACE,obstacle1,-0.0281,0.0173,-0.3873,0.019864,0.037723,0.032595,2.450,101,-0.3926,-5.3825,0.1854,-0.450,0.00000,1.3536,5.2401,-0.4534,0.0000,-0.0000,0.000,0.0926,0.2156,0.6552,58,0.050,23.81,25.00,24.39,1.00,0.0000,0.0000,10.00,0.00,50.10,DO_NOTHING,--,0.00,SUCCEEDED,2,0.050,-0.0190,-0.0100,-2.0788,0.0709,-0.4192,0.010
149.481,145.984,0.972,PLACE,obstacle1,-0.0281,0.0173,-0.3873,0.019864,0.037723,0.032595,2.552,101,-0.3926,-5.3825,0.1854,-0.448,0.00000,1.3536,5.2401,-0.4534,0.0000,-0.0000,0.002,0.1055,0.2315,0.6379,58,0.052,0.00,0.00,0.00,0.00,0.0000,0.0000,10.00,0.00,50.00,DO_NOTHING,--,0.00,SUCCEEDED,2,0.050,-0.0190,-0.0100,-2.0788,0.0709,-0.4192,0.012
149.580,146.082,0.974,PLACE,obstacle1,-0.0281,0.0173,-0.3873,0.019864,0.037723,0.032595,2.650,101,-0.3926,-5.3825,0.1854,-0.450,0.00000,1.3536,5.2401,-0.4534,0.0000,-0.0000,0.000,0.1184,0.2500,0.6207,58,0.050,0.00,0.00,0.00,0.00,0.0000,0.0000,10.00,0.00,50.00,DO_NOTHING,--,0.00,SUCCEEDED,2,0.050,-0.0190,-0.0100,-2.0788,0.0709,-0.4192,0.010
149.680,146.182,0.984,PLACE,obstacle1,-0.0281,0.0173,-0.3873,0.019864,0.037723,0.032595,2.750,101,-0.3926,-5.3825,0.1854,-0.450,0.00000,1.3536,5.2401,-0.4534,0.0000,-0.0000,0.000,0.1184,0.2500,0.6207,58,0.050,0.00,0.00,0.00,0.00,0.0000,0.0000,10.00,0.00,50.00,DO_NOTHING,--,0.00,SUCCEEDED,2,0.050,-0.0190,-0.0100,-2.0788,0.0709,-0.4192,0.010
149.782,146.284,0.990,PLACE,obstacle1,-0.0281,0.0173,-0.3873,0.019864,0.037723,0.032595,2.852,101,-0.3926,-5.3825,0.1854,-0.448,0.00000,1.3536,5.2401,-0.4534,0.0000,-0.0000,0.002,0.1184,0.2500,0.6207,58,0.052,0.00,0.00,0.00,0.00,0.0000,0.0000,10.02,0.00,49.90,DO_NOTHING,--,0.00,SUCCEEDED,2,0.050,-0.0190,-0.0100,-2.0788,0.0709,-0.4192,0.012
149.881,146.384,0.993,PLACE,obstacle1,-0.0281,0.0173,-0.3873,0.019864,0.037723,0.032595,2.952,101,-0.3926,-5.3825,0.1854,-0.448,0.00000,1.3536,5.2401,-0.4534,0.0000,-0.0000,0.002,0.1184,0.2500,0.6207,58,0.052,0.00,0.00,0.00,0.00,0.0000,0.0000,10.00,0.00,49.90,DO_NOTHING,--,0.00,SUCCEEDED,2,0.050,-0.0190,-0.0100,-2.0788,0.0709,-0.4192,0.012
149.981,146.484,0.994,PLACE,obstacle1,-0.0281,0.0173,-0.3873,0.019864,0.037723,0.032595,3.052,101,-0.3926,-5.3825,0.1854,-0.448,0.00000,1.3536,5.2401,-0.4534,0.0000,-0.0000,0.002,0.1184,0.2500,0.6207,58,0.052,0.00,0.00,0.00,0.00,0.0000,0.0000,10.00,0.00,50.00,DO_NOTHING,--,0.00,SUCCEEDED,2,0.050,-0.0190,-0.0100,-2.0788,0.0709,-0.4192,0.012
150.080,146.584,0.998,PLACE,obstacle1,-0.0281,0.0173,-0.3873,0.019864,0.037723,0.032595,3.152,101,-0.3926,-5.3825,0.1854,-0.448,0.00000,1.3536,5.2401,-0.4534,0.0000,-0.0000,0.002,0.1177,0.2500,0.6207,58,0.052,0.00,0.00,0.00,0.00,0.0000,0.0000,10.04,0.00,50.00,DO_NOTHING,--,0.00,SUCCEEDED,2,0.050,-0.0190,-0.0100,-2.0788,0.0709,-0.4192,0.012
150.180,146.684,1.000,PLACE,obstacle1,-0.0281,0.0173,-0.3873,0.019864,0.037723,0.032595,3.252,101,-0.3926,-5.3825,0.1854,-0.448,0.00000,1.3536,5.2401,-0.4534,0.0000,-0.0000,0.002,0.1177,0.2500,0.6207,58,0.052,0.00,0.00,0.00,0.00,0.0000,0.0000,9.93,0.00,50.00,DO_NOTHING,--,0.00,SUCCEEDED,2,0.050,-0.0190,-0.0100,-2.0788,0.0709,-0.4192,0.012
150.280,146.782,0.998,PLACE,obstacle1,-0.0281,0.0173,-0.3873,0.019864,0.037723,0.032595,3.350,101,-0.3926,-5.3825,0.1854,-0.450,0.00000,1.3536,5.2401,-0.4534,0.0000,-0.0000,0.000,0.1054,0.2315,0.6379,58,0.050,0.00,0.00,0.00,0.00,0.0000,0.0000,10.04,0.00,50.00,DO_NOTHING,--,0.00,SUCCEEDED,2,0.050,-0.0190,-0.0100,-2.0788,0.0709,-0.4192,0.010
150.381,146.884,1.001,PLACE,obstacle1,-0.0281,0.0173,-0.3873,0.019864,0.037723,0.032595,3.452,101,-0.3926,-5.3825,0.1854,-0.448,0.00000,1.3536,5.2401,-0.4534,0.0000,-0.0000,0.002,0.1054,0.2315,0.6379,58,0.052,0.00,0.00,0.00,0.00,0.0000,0.0000,9.98,0.00,50.00,DO_NOTHING,--,0.00,SUCCEEDED,2,0.050,-0.0190,-0.0100,-2.0788,0.0709,-0.4192,0.012
150.480,146.982,0.999,PLACE,obstacle1,-0.0281,0.0173,-0.3873,0.019864,0.037723,0.032595,3.550,101,-0.3926,-5.3825,0.1854,-0.450,0.00000,1.3536,5.2401,-0.4534,0.0000,-0.0000,0.002,0.1054,0.2315,0.6379,58,0.050,0.00,0.00,0.00,0.00,0.0000,0.0000,9.96,0.00,50.00,DO_NOTHING,--,0.00,SUCCEEDED,2,0.050,-0.0190,-0.0100,-2.0788,0.0709,-0.4192,0.010
150.580,147.084,1.002,PLACE,obstacle1,-0.0281,0.0173,-0.3873,0.019864,0.037723,0.032595,3.652,101,-0.3926,-5.3825,0.1854,-0.448,0.00000,1.3536,5.2401,-0.4534,0.0000,-0.0000,0.002,0.1054,0.2315,0.6379,58,0.052,0.00,0.00,0.00,0.00,0.0000,0.0000,10.00,0.00,50.00,DO_NOTHING,--,0.00,SUCCEEDED,2,0.050,-0.0190,-0.0100,-2.0788,0.0709,-0.4192,0.012
150.680,147.182,1.000,PLACE,obstacle1,-0.0281,0.0173,-0.3873,0.019864,0.037723,0.032595,3.750,101,-0.3926,-5.3825,0.1854,-0.450,0.00000,1.3536,5.2401,-0.4534,0.0000,-0.0000,0.000,0.1054,0.2315,0.6379,58,0.050,0.00,0.00,0.00,0.00,0.0000,0.0000,9.98,0.00,50.00,DO_NOTHING,--,0.00,SUCCEEDED,2,0.050,-0.0190,-0.0100,-2.0788,0.0709,-0.4192,0.010
150.781,147.284,1.001,PLACE,obstacle1,-0.0281,0.0173,-0.3873,0.019864,0.037723,0.032595,3.852,101,-0.3926,-5.3825,0.1854,-0.448,0.00000,1.3536,5.2401,-0.4534,0.0000,-0.0000,0.002,0.1049,0.2315,0.6379,58,0.052,0.00,0.00,0.00,0.00,0.0000,0.0000,10.02,0.00,50.10,DO_NOTHING,--,0.00,SUCCEEDED,2,0.050,-0.0190,-0.0100,-2.0788,0.0709,-0.4192,0.012
150.881,147.380,0.996,PLACE,obstacle1,-0.0281,0.0173,-0.3873,0.019864,0.037723,0.032595,3.948,101,-0.3926,-5.3825,0.1854,-0.452,0.00000,1.3536,5.2401,-0.4534,0.0000,-0.0000,0.000,0.1049,0.2315,0.6379,58,0.048,0.00,0.00,0.00,0.00,0.0000,0.0000,9.96,0.00,50.10,DO_NOTHING,--,0.00,SUCCEEDED,2,0.050,-0.0190,-0.0100,-2.0788,0.0709,-0.4192,0.008
150.980,147.484,1.000,PLACE,obstacle1,-0.0281,0.0173,-0.3873,0.019864,0.037723,0.032595,4.052,101,-0.3926,-5.3825,0.1854,-0.448,0.00000,1.3536,5.2401,-0.4534,0.0000,-0.0000,0.002,0.1049,0.2315,0.6379,58,0.052,0.00,0.00,0.00,0.00,0.0000,0.0000,10.02,0.00,50.00,DO_NOTHING,--,0.00,SUCCEEDED,2,0.050,-0.0190,-0.0100,-2.0788,0.0709,-0.4192,0.012
151.080,147.578,0.993,PLACE,obstacle1,-0.0281,0.0173,-0.3873,0.019864,0.037723,0.032595,4.146,101,-0.3926,-5.3825,0.1854,-0.454,0.00000,1.3536,5.2401,-0.4534,0.0000,-0.0000,0.000,0.1049,0.2315,0.6379,58,0.046,0.00,0.00,0.00,0.00,0.0000,0.0000,10.04,0.00,50.20,DO_NOTHING,--,0.00,SUCCEEDED,2,0.050,-0.0190,-0.0100,-2.0788,0.0709,-0.4192,0.006
151.180,147.680,0.998,PLACE,obstacle1,-0.0281,0.0173,-0.3873,0.019864,0.037723,0.032595,4.248,101,-0.3926,-5.3825,0.1854,-0.452,0.00000,1.3536,5.2401,-0.4534,0.0000,-0.0000,0.018,0.1049,0.2315,0.6379,58,0.048,0.00,0.00,0.00,0.00,0.0000,0.0000,10.02,0.00,49.90,DO_NOTHING,--,0.00,SUCCEEDED,2,0.050,-0.0190,-0.0100,-2.0788,0.0709,-0.4192,0.008
151.281,147.776,0.991,PLACE,obstacle1,-0.0281,0.0173,-0.3873,0.019864,0.037723,0.032595,4.344,101,-0.3926,-5.3825,0.1854,-0.456,0.00000,1.3536,5.2401,-0.4534,0.0000,-0.0000,0.014,0.1049,0.2315,0.6379,58,0.044,0.00,0.00,0.00,0.00,0.0000,0.0000,9.98,0.00,50.00,DO_NOTHING,--,0.00,SUCCEEDED,2,0.050,-0.0190,-0.0100,-2.0788,0.0709,-0.4192,0.004
151.381,147.880,0.996,PLACE,obstacle1,-0.0281,0.0173,-0.3873,0.019864,0.037723,0.032595,4.448,101,-0.3926,-5.3825,0.1854,-0.452,0.00000,1.3536,5.2401,-0.4534,0.0000,-0.0000,0.018,0.1049,0.2315,0.6379,58,0.048,0.00,0.00,0.00,0.00,0.0000,0.0000,9.87,0.00,50.00,DO_NOTHING,--,0.00,SUCCEEDED,2,0.050,-0.0190,-0.0100,-2.0788,0.0709,-0.4192,0.008
151.480,147.974,0.989,PLACE,obstacle1,-0.0281,0.0173,-0.3873,0.019864,0.037723,0.032595,4.542,101,-0.3926,-5.3825,0.1854,-0.458,0.00000,1.3536,5.2401,-0.4534,0.0000,-0.0000,0.012,0.1049,0.2315,0.6379,58,0.042,0.00,0.00,0.00,0.00,0.0000,0.0000,9.93,0.00,50.00,DO_NOTHING,--,0.00,SUCCEEDED,2,0.050,-0.0190,-0.0100,-2.0788,0.0709,-0.4192,0.002
151.580,148.080,0.996,PLACE,obstacle1,-0.0281,0.0173,-0.3873,0.019864,0.037723,0.032595,4.648,101,-0.3926,-5.3825,0.1854,-0.452,0.00000,1.3536,5.2401,-0.4534,0.0000,-0.0000,0.018,0.1181,0.2500,0.6207,58,0.048,0.00,0.00,0.00,0.00,0.0000,0.0000,9.87,0.00,50.00,DO_NOTHING,--,0.00,SUCCEEDED,2,0.050,-0.0190,-0.0100,-2.0788,0.0709,-0.4192,0.008
151.680,148.180,0.996,PLACE,obstacle1,-0.0281,0.0173,-0.3873,0.019864,0.037723,0.032595,4.748,101,-0.3926,-5.3825,0.1854,-0.452,0.00000,1.3536,5.2401,-0.4534,0.0000,-0.0000,0.018,0.1310,0.2650,0.6034,58,0.048,0.00,0.00,0.00,0.00,0.0000,0.0000,9.98,0.00,50.00,DO_NOTHING,--,0.00,SUCCEEDED,2,0.050,-0.0190,-0.0100,-2.0788,0.0709,-0.4192,0.008
151.780,148.270,0.986,PLACE,obstacle1,-0.0281,0.0173,-0.3873,0.019864,0.037723,0.032595,4.838,101,-0.3926,-5.3825,0.1854,-0.462,0.00000,1.3536,5.2401,-0.4534,0.0000,-0.0000,0.008,0.1310,0.2650,0.6034,58,0.038,0.00,0.00,0.00,0.00,0.0000,0.0000,10.04,0.00,50.00,DO_NOTHING,--,0.00,SUCCEEDED,2,0.050,-0.0190,-0.0100,-2.0788,0.0709,-0.4192,0.018
151.880,148.370,0.990,PLACE,obstacle1,-0.0281,0.0173,-0.3873,0.019864,0.037723,0.032595,4.938,101,-0.3926,-5.3825,0.1854,-0.462,0.00000,1.3536,5.2401,-0.4534,0.0000,-0.0000,0.008,0.1547,0.3511,0.5862,58,0.038,0.00,0.00,0.00,0.00,0.0000,0.0000,9.98,0.00,49.90,DO_NOTHING,--,0.00,SUCCEEDED,2,0.050,-0.0190,-0.0100,-2.0788,0.0709,-0.4192,0.018
151.980,148.464,0.984,PLACE,obstacle1,-0.0281,0.0173,-0.3873,0.019864,0.037723,0.032595,5.032,101,-0.3926,-5.3825,0.1854,-0.468,0.00000,1.3536,5.2401,-0.4534,0.0000,-0.0000,0.002,0.1654,0.4607,0.5862,58,0.032,0.00,0.00,0.00,0.00,0.0000,0.0000,10.00,0.00,50.10,DO_NOTHING,--,0.00,SUCCEEDED,2,0.050,-0.0190,-0.0100,-2.0788,0.0709,-0.4192,0.012
152.081,148.564,0.982,PLACE,obstacle1,-0.0281,0.0173,-0.3873,0.019864,0.037723,0.032595,5.132,101,-0.3926,-5.3825,0.1854,-0.468,0.00000,1.3536,5.2401,-0.4534,0.0000,-0.0000,0.002,0.1654,0.4607,0.5862,58,0.032,0.00,0.00,0.00,0.00,0.0000,0.0000,9.93,0.00,49.80,DO_NOTHING,--,0.00,SUCCEEDED,2,0.050,-0.0190,-0.0100,-2.0788,0.0709,-0.4192,0.012
152.181,148.662,0.985,PLACE,obstacle1,-0.0281,0.0173,-0.3873,0.019864,0.037723,0.032595,5.230,101,-0.3926,-5.3825,0.1854,-0.470,0.00000,1.3536,5.2401,-0.4534,0.0000,-0.0000,0.022,0.1654,0.4607,0.5862,58,0.030,0.00,0.00,0.00,0.00,0.0000,0.0000,10.04,0.00,50.10,DO_NOTHING,--,0.00,SUCCEEDED,2,0.050,-0.0190,-0.0100,-2.0788,0.0709,-0.4192,0.010
152.280,148.762,0.986,PLACE,obstacle1,-0.0281,0.0173,-0.3873,0.019864,0.037723,0.032595,5.330,101,-0.3926,-5.3825,0.1854,-0.470,0.00000,1.3536,5.2401,-0.4534,0.0000,-0.0000,0.020,0.1654,0.4607,0.5862,58,0.030,0.00,0.00,0.00,0.00,0.0000,0.0000,10.18,0.00,50.00,DO_NOTHING,--,0.00,SUCCEEDED,2,0.050,-0.0190,-0.0100,-2.0788,0.0709,-0.4192,0.010
152.381,148.856,0.977,PLACE,obstacle1,-0.0281,0.0173,-0.3873,0.019864,0.037723,0.032595,5.424,101,-0.3926,-5.3825,0.1854,-0.476,0.00000,1.3536,5.2401,-0.4534,0.0000,-0.0000,0.014,0.1547,0.3511,0.5862,58,0.024,0.00,0.00,0.00,0.00,0.0000,0.0000,10.09,0.00,50.00,DO_NOTHING,--,0.00,SUCCEEDED,2,0.050,-0.0190,-0.0100,-2.0788,0.0709,-0.4192,0.004
152.481,148.956,0.973,PLACE,obstacle1,-0.0281,0.0173,-0.3873,0.019864,0.037723,0.032595,5.524,101,-0.3926,-5.3825,0.1854,-0.476,0.00000,1.3536,5.2401,-0.4534,0.0000,-0.0000,0.014,0.1547,0.3511,0.5862,58,0.024,0.00,0.00,0.00,0.00,0.0000,0.0000,10.16,0.00,50.00,DO_NOTHING,--,0.00,SUCCEEDED,2,0.050,-0.0190,-0.0100,-2.0788,0.0709,-0.4192,0.004
152.580,149.054,0.974,PLACE,obstacle1,-0.0281,0.0173,-0.3873,0.019864,0.037723,0.032595,5.622,101,-0.3926,-5.3825,0.1854,-0.478,0.00000,1.3536,5.2401,-0.4534,0.0000,-0.0000,0.012,0.1547,0.3511,0.5862,58,0.022,0.00,0.00,0.00,0.00,0.0000,0.0000,10.02,0.00,50.00,DO_NOTHING,--,0.00,SUCCEEDED,2,0.050,-0.0190,-0.0100,-2.0788,0.0709,-0.4192,0.002
152.680,149.154,0.974,PLACE,obstacle1,-0.0281,0.0173,-0.3873,0.019864,0.037723,0.032595,5.722,101,-0.3926,-5.3825,0.1854,-0.478,0.00000,1.3536,5.2401,-0.4534,0.0000,-0.0000,0.012,0.1547,0.3511,0.5862,58,0.022,0.00,0.00,0.00,0.00,0.0000,0.0000,9.98,0.00,50.00,DO_NOTHING,--,0.00,SUCCEEDED,2,0.050,-0.0190,-0.0100,-2.0788,0.0709,-0.4192,0.002
152.780,149.254,0.984,PLACE,obstacle1,-0.0281,0.0173,-0.3873,0.019864,0.037723,0.032595,5.822,101,-0.3926,-5.3825,0.1854,-0.478,0.00000,1.3536,5.2401,-0.4534,0.0000,-0.0000,0.014,0.1547,0.3511,0.5862,58,0.022,0.00,0.00,0.00,0.00,0.0000,0.0000,9.98,0.00,49.90,DO_NOTHING,--,0.00,SUCCEEDED,2,0.050,-0.0190,-0.0100,-2.0788,0.0709,-0.4192,0.002
152.881,149.354,0.989,PLACE,obstacle1,-0.0281,0.0173,-0.3873,0.019864,0.037723,0.032595,5.922,101,-0.3926,-5.3825,0.1854,-0.478,0.00000,1.3536,5.2401,-0.4534,0.0000,-0.0000,0.012,0.1444,0.3150,0.5862,58,0.022,0.00,0.00,0.00,0.00,0.0000,0.0000,10.00,0.00,50.00,DO_NOTHING,--,0.00,SUCCEEDED,2,0.050,-0.0190,-0.0100,-2.0788,0.0709,-0.4192,0.002
152.980,149.454,0.990,PLACE,obstacle1,-0.0281,0.0173,-0.3873,0.019864,0.037723,0.032595,6.022,101,-0.3926,-5.3825,0.1854,-0.478,0.00000,1.3536,5.2401,-0.4534,0.0000,-0.0000,0.012,0.1444,0.3150,0.5862,58,0.022,0.00,0.00,0.00,0.00,0.0000,0.0000,9.96,0.00,49.90,DO_NOTHING,--,0.00,SUCCEEDED,2,0.050,-0.0190,-0.0100,-2.0788,0.0709,-0.4192,0.002
153.081,149.554,0.990,PLACE,obstacle1,-0.0281,0.0173,-0.3873,0.019864,0.037723,0.032595,6.122,101,-0.3926,-5.3825,0.1854,-0.478,0.00000,1.3536,5.2401,-0.4534,0.0000,-0.0000,0.012,0.1432,0.3150,0.5862,58,0.022,0.00,0.00,0.00,0.00,0.0000,0.0000,9.98,0.00,50.00,DO_NOTHING,--,0.00,SUCCEEDED,2,0.050,-0.0190,-0.0100,-2.0788,0.0709,-0.4192,0.002
153.180,149.654,0.992,PLACE,obstacle1,-0.0281,0.0173,-0.3873,0.019864,0.037723,0.032595,6.222,101,-0.3926,-5.3825,0.1854,-0.478,0.00000,1.3536,5.2401,-0.4534,0.0000,-0.0000,0.012,0.1432,0.3150,0.5862,58,0.022,0.00,0.00,0.00,0.00,0.0000,0.0000,9.93,0.00,50.00,DO_NOTHING,--,0.00,SUCCEEDED,2,0.050,-0.0190,-0.0100,-2.0788,0.0709,-0.4192,0.002
153.280,149.754,0.992,PLACE,obstacle1,-0.0281,0.0173,-0.3873,0.019864,0.037723,0.032595,6.322,101,-0.3926,-5.3825,0.1854,-0.478,0.00000,1.3536,5.2401,-0.4534,0.0000,-0.0000,0.012,0.1432,0.3150,0.5862,58,0.022,0.00,0.00,0.00,0.00,0.0000,0.0000,9.98,0.00,50.10,DO_NOTHING,--,0.00,SUCCEEDED,2,0.050,-0.0190,-0.0100,-2.0788,0.0709,-0.4192,0.002
153.380,149.854,0.998,PLACE,obstacle1,-0.0281,0.0173,-0.3873,0.019864,0.037723,0.032595,6.422,101,-0.3926,-5.3825,0.1854,-0.478,0.00000,1.3536,5.2401,-0.4534,0.0000,-0.0000,0.012,0.1432,0.3150,0.5862,58,0.022,0.00,0.00,0.00,0.00,0.0000,0.0000,9.93,0.00,49.90,DO_NOTHING,--,0.00,SUCCEEDED,2,0.050,-0.0190,-0.0100,-2.0788,0.0709,-0.4192,0.002
153.481,149.954,0.998,PLACE,obstacle1,-0.0281,0.0173,-0.3873,0.019864,0.037723,0.032595,6.522,101,-0.3926,-5.3825,0.1854,-0.478,0.00000,1.3536,5.2401,-0.4534,0.0000,-0.0000,0.012,0.1438,0.3150,0.5862,58,0.022,0.00,0.00,0.00,0.00,0.0000,0.0000,10.00,0.00,50.00,DO_NOTHING,--,0.00,SUCCEEDED,2,0.050,-0.0190,-0.0100,-2.0788,0.0709,-0.4192,0.002
153.581,150.052,0.997,PLACE,obstacle1,-0.0281,0.0173,-0.3873,0.019864,0.037723,0.032595,6.620,101,-0.3926,-5.3825,0.1854,-0.480,0.00000,1.3536,5.2401,-0.4534,0.0000,-0.0000,0.010,0.1317,0.2650,0.6034,58,0.020,0.00,0.00,0.00,0.00,0.0000,0.0000,9.98,0.00,50.00,DO_NOTHING,--,0.00,SUCCEEDED,2,0.050,-0.0190,-0.0100,-2.0788,0.0709,-0.4192,0.000
153.680,150.154,1.000,PLACE,obstacle1,-0.0281,0.0173,-0.3873,0.019864,0.037723,0.032595,6.722,101,-0.3926,-5.3825,0.1854,-0.478,0.00000,1.3536,5.2401,-0.4534,0.0000,-0.0000,0.012,0.1317,0.2650,0.6034,58,0.022,0.00,0.00,0.00,0.00,0.0000,0.0000,9.98,0.00,50.00,DO_NOTHING,--,0.00,SUCCEEDED,2,0.050,-0.0190,-0.0100,-2.0788,0.0709,-0.4192,0.002
153.780,150.252,0.998,PLACE,obstacle1,-0.0281,0.0173,-0.3873,0.019864,0.037723,0.032595,6.820,101,-0.3926,-5.3825,0.1854,-0.480,0.00000,1.3536,5.2401,-0.4534,0.0000,-0.0000,0.010,0.1317,0.2650,0.6034,58,0.020,0.00,0.00,0.00,0.00,0.0000,0.0000,9.96,0.00,49.90,DO_NOTHING,--,0.00,SUCCEEDED,2,0.050,-0.0190,-0.0100,-2.0788,0.0709,-0.4192,0.000
153.880,150.352,0.998,PLACE,obstacle1,-0.0281,0.0173,-0.3873,0.019864,0.037723,0.032595,6.920,101,-0.3926,-5.3825,0.1854,-0.480,0.00000,1.3536,5.2401,-0.4534,0.0000,-0.0000,0.010,0.1312,0.2650,0.6034,58,0.020,0.00,0.00,0.00,0.00,0.0000,0.0000,10.04,0.00,50.00,DO_NOTHING,--,0.00,SUCCEEDED,2,0.050,-0.0190,-0.0100,-2.0788,0.0709,-0.4192,0.020
153.981,150.452,0.998,PLACE,obstacle1,-0.0281,0.0173,-0.3873,0.019864,0.037723,0.032595,7.020,101,-0.3926,-5.3825,0.1854,-0.480,0.00000,1.3536,5.2401,-0.4534,0.0000,-0.0000,0.010,0.1306,0.2650,0.6034,58,0.020,0.00,0.00,0.00,0.00,0.0000,0.0000,10.00,0.00,50.00,DO_NOTHING,--,0.00,SUCCEEDED,2,0.050,-0.0190,-0.0100,-2.0788,0.0709,-0.4192,0.000
154.080,150.548,0.994,PLACE,obstacle1,-0.0281,0.0173,-0.3873,0.019864,0.037723,0.032595,7.116,101,-0.3926,-5.3825,0.1854,-0.484,0.00000,1.3536,5.2401,-0.4534,0.0000,-0.0000,0.006,0.1299,0.2650,0.6034,58,0.016,0.00,0.00,0.00,0.00,0.0000,0.0000,10.07,0.00,49.90,DO_NOTHING,--,0.00,SUCCEEDED,2,0.050,-0.0190,-0.0100,-2.0788,0.0709,-0.4192,0.016
154.180,150.650,0.995,PLACE,obstacle1,-0.0281,0.0173,-0.3873,0.019864,0.037723,0.032595,7.218,101,-0.3926,-5.3825,0.1854,-0.482,0.00000,1.3536,5.2401,-0.4534,0.0000,-0.0000,0.008,0.1299,0.2650,0.6034,58,0.018,0.00,0.00,0.00,0.00,0.0000,0.0000,10.00,0.00,49.90,DO_NOTHING,--,0.00,SUCCEEDED,2,0.050,-0.0190,-0.0100,-2.0788,0.0709,-0.4192,0.018
154.281,150.744,0.989,PLACE,obstacle1,-0.0281,0.0173,-0.3873,0.019864,0.037723,0.032595,7.312,101,-0.3926,-5.3825,0.1854,-0.488,0.00000,1.3536,5.2401,-0.4534,0.0000,-0.0000,0.002,0.1299,0.2650,0.6034,58,0.012,0.00,0.00,0.00,0.00,0.0000,0.0000,10.09,0.00,49.80,DO_NOTHING,--,0.00,SUCCEEDED,2,0.050,-0.0190,-0.0100,-2.0788,0.0709,-0.4192,0.012
154.382,150.842,0.985,PLACE,obstacle1,-0.0281,0.0173,-0.3873,0.019864,0.037723,0.032595,7.410,101,-0.3926,-5.3825,0.1854,-0.390,0.00000,1.3536,5.2401,-0.4534,0.0000,-0.0000,0.002,0.1177,0.2500,0.6207,58,0.010,0.00,0.00,0.00,0.00,0.0000,0.0000,10.02,0.00,50.10,DO_NOTHING,--,0.00,SUCCEEDED,2,0.050,-0.0190,-0.0100,-2.0788,0.0709,-0.4192,0.010
154.481,150.942,0.989,PLACE,obstacle1,-0.0281,0.0173,-0.3873,0.019864,0.037723,0.032595,7.510,101,-0.3926,-5.3825,0.1854,-0.390,0.00000,1.3536,5.2401,-0.4534,0.0000,-0.0000,0.022,0.1177,0.2500,0.6207,58,0.010,0.00,0.00,0.00,0.00,0.0000,0.0000,10.11,0.00,50.00,DO_NOTHING,--,0.00,SUCCEEDED,2,0.050,-0.0190,-0.0100,-2.0788,0.0709,-0.4192,0.010
154.581,151.042,0.986,PLACE,obstacle1,-0.0281,0.0173,-0.3873,0.019864,0.037723,0.032595,7.610,101,-0.3926,-5.3825,0.1854,-0.390,0.00000,1.3536,5.2401,-0.4534,0.0000,-0.0000,0.026,0.1177,0.2500,0.6207,58,0.110,0.00,0.00,0.00,0.00,0.0000,0.0000,10.11,0.00,50.31,DO_NOTHING,--,0.00,SUCCEEDED,2,0.050,-0.0190,-0.0100,-2.0788,0.0709,-0.4192,0.010
154.681,151.140,0.986,PLACE,obstacle1,-0.0281,0.0173,-0.3873,0.019864,0.037723,0.032595,7.708,101,-0.3926,-5.3825,0.1854,-0.392,0.00000,1.3536,5.2401,-0.4534,0.0000,-0.0000,0.018,0.1177,0.2500,0.6207,58,0.108,0.00,0.00,0.00,0.00,0.0000,0.0000,10.00,0.00,49.90,DO_NOTHING,--,0.00,SUCCEEDED,2,0.050,-0.0190,-0.0100,-2.0788,0.0709,-0.4192,0.008
154.780,151.240,0.986,PLACE,obstacle1,-0.0281,0.0173,-0.3873,0.019864,0.037723,0.032595,7.808,101,-0.3926,-5.3825,0.1854,-0.392,0.00000,1.3536,5.2401,-0.4534,0.0000,-0.0000,0.018,0.1177,0.2500,0.6207,58,0.008,0.00,0.00,0.00,0.00,0.0000,0.0000,10.04,0.00,50.10,DO_NOTHING,--,0.00,SUCCEEDED,2,0.050,-0.0190,-0.0100,-2.0788,0.0709,-0.4192,0.008
154.881,151.342,0.989,PLACE,obstacle1,-0.0281,0.0173,-0.3873,0.019864,0.037723,0.032595,7.910,101,-0.3926,-5.3825,0.1854,-0.390,0.00000,1.3536,5.2401,-0.4534,0.0000,-0.0000,0.020,0.1177,0.2500,0.6207,58,0.110,0.00,0.00,0.00,0.00,0.0000,0.0000,10.00,0.00,50.00,DO_NOTHING,--,0.00,SUCCEEDED,2,0.050,-0.0190,-0.0100,-2.0788,0.0709,-0.4192,0.010
154.981,151.442,0.990,PLACE,obstacle1,-0.0281,0.0173,-0.3873,0.019864,0.037723,0.032595,8.010,101,-0.3926,-5.3825,0.1854,-0.390,0.00000,1.3536,5.2401,-0.4534,0.0000,-0.0000,0.020,0.1177,0.2500,0.6207,58,0.010,0.00,0.00,0.00,0.00,0.0000,0.0000,10.00,0.00,49.90,DO_NOTHING,--,0.00,SUCCEEDED,2,0.050,-0.0190,-0.0100,-2.0788,0.0709,-0.4192,0.010
155.081,151.532,0.980,PLACE,obstacle1,-0.0281,0.0173,-0.3873,0.019864,0.037723,0.032595,8.100,101,-0.3926,-5.3825,0.1854,-0.400,0.00000,1.3536,5.2401,-0.4534,0.0000,-0.0000,0.010,0.1177,0.2500,0.6207,58,0.100,0.00,0.00,0.00,0.00,0.0000,0.0000,10.00,0.00,50.00,DO_NOTHING,--,0.00,SUCCEEDED,2,0.050,-0.0190,-0.0100,-2.0788,0.0709,-0.4192,0.000
155.180,151.632,0.982,PLACE,obstacle1,-0.0281,0.0173,-0.3873,0.019864,0.037723,0.032595,8.200,101,-0.3926,-5.3825,0.1854,-0.400,0.00000,1.3536,5.2401,-0.4534,0.0000,-0.0000,0.010,0.1177,0.2500,0.6207,58,0.100,0.00,0.00,0.00,0.00,0.0000,0.0000,10.00,0.00,50.10,DO_NOTHING,--,0.00,SUCCEEDED,2,0.050,-0.0190,-0.0100,-2.0788,0.0709,-0.4192,0.020
155.281,151.732,0.990,PLACE,obstacle1,-0.0281,0.0173,-0.3873,0.019864,0.037723,0.032595,8.300,101,-0.3926,-5.3825,0.1854,-0.400,0.00000,1.3536,5.2401,-0.4534,0.0000,-0.0000,0.010,0.1177,0.2500,0.6207,58,0.100,0.00,0.00,0.00,0.00,0.0000,0.0000,9.96,0.00,50.00,DO_NOTHING,--,0.00,SUCCEEDED,2,0.050,-0.0190,-0.0100,-2.0788,0.0709,-0.4192,0.020
155.380,151.820,0.980,PLACE,obstacle1,-0.0281,0.0173,-0.3873,0.019864,0.037723,0.032595,8.388,101,-0.3926,-5.3825,0.1854,-0.412,0.00000,1.3536,5.2401,-0.4534,0.0000,-0.0000,0.018,0.1177,0.2500,0.6207,58,0.088,0.00,0.00,0.00,0.00,0.0000,0.0000,10.02,0.00,50.00,DO_NOTHING,--,0.00,SUCCEEDED,2,0.050,-0.0190,-0.0100,-2.0788,0.0709,-0.4192,0.008
155.480,151.920,0.978,PLACE,obstacle1,-0.0281,0.0173,-0.3873,0.019864,0.037723,0.032595,8.488,101,-0.3926,-5.3825,0.1854,-0.412,0.00000,1.3536,5.2401,-0.4534,0.0000,-0.0000,0.018,0.1177,0.2500,0.6207,58,0.088,0.00,0.00,0.00,0.00,0.0000,0.0000,9.93,0.00,50.00,DO_NOTHING,--,0.00,SUCCEEDED,2,0.050,-0.0190,-0.0100,-2.0788,0.0709,-0.4192,0.008
155.581,152.010,0.968,PLACE,obstacle1,-0.0281,0.0173,-0.3873,0.019864,0.037723,0.032595,8.578,101,-0.3926,-5.3825,0.1854,-0.422,0.00000,1.3536,5.2401,-0.4534,0.0000,-0.0000,0.008,0.1171,0.2500,0.6207,58,0.078,0.00,0.00,0.00,0.00,0.0000,0.0000,10.04,0.00,49.70,DO_NOTHING,--,0.00,SUCCEEDED,2,0.050,-0.0190,-0.0100,-2.0788,0.0709,-0.4192,0.018
155.680,152.110,0.971,PLACE,obstacle1,-0.0281,0.0173,-0.3873,0.019864,0.037723,0.032595,8.678,101,-0.3926,-5.3825,0.1854,-0.422,0.00000,1.3536,5.2401,-0.4534,0.0000,-0.0000,0.008,0.0926,0.2156,0.6552,58,0.078,0.00,0.00,0.00,0.00,0.0000,0.0000,10.14,0.00,50.10,DO_NOTHING,--,0.00,SUCCEEDED,2,0.050,-0.0190,-0.0100,-2.0788,0.0709,-0.4192,0.018
155.781,152.202,0.955,PLACE,obstacle1,-0.0281,0.0173,-0.3873,0.019864,0.037723,0.032595,8.770,101,-0.3926,-5.3825,0.1854,-0.430,0.00000,1.3536,5.2401,-0.4534,0.0000,-0.0000,0.020,0.0926,0.2156,0.6552,58,0.070,0.00,0.00,0.00,0.00,0.0000,0.0000,10.02,0.00,50.00,DO_NOTHING,--,0.00,SUCCEEDED,2,0.050,-0.0190,-0.0100,-2.0788,0.0709,-0.4192,0.010
155.881,152.296,0.954,PLACE,obstacle1,-0.0281,0.0173,-0.3873,0.019864,0.037723,0.032595,8.864,101,-0.3926,-5.3825,0.1854,-0.436,0.00000,1.3536,5.2401,-0.4534,0.0000,-0.0000,0.014,0.0926,0.2156,0.6552,58,0.064,0.00,0.00,0.00,0.00,0.0000,0.0000,10.14,0.00,49.90,DO_NOTHING,--,0.00,SUCCEEDED,2,0.050,-0.0190,-0.0100,-2.0788,0.0709,-0.4192,0.004
155.981,152.392,0.955,PLACE,obstacle1,-0.0281,0.0173,-0.3873,0.019864,0.037723,0.032595,8.960,101,-0.3926,-5.3825,0.1854,-0.440,0.00000,1.3536,5.2401,-0.4534,0.0000,-0.0000,0.010,0.0926,0.2156,0.6552,58,0.060,0.00,0.00,0.00,0.00,0.0000,0.0000,9.98,0.00,50.00,DO_NOTHING,--,0.00,SUCCEEDED,2,0.050,-0.0190,-0.0100,-2.0788,0.0709,-0.4192,0.000
156.081,152.492,0.955,PLACE,obstacle1,-0.0281,0.0173,-0.3873,0.019864,0.037723,0.032595,9.060,101,-0.3926,-5.3825,0.1854,-0.440,0.00000,1.3536,5.2401,-0.4534,0.0000,-0.0000,0.010,0.0926,0.2156,0.6552,58,0.060,0.00,0.00,0.00,0.00,0.0000,0.0000,9.91,0.00,50.10,DO_NOTHING,--,0.00,SUCCEEDED,2,0.050,-0.0190,-0.0100,-2.0788,0.0709,-0.4192,0.020
156.181,152.576,0.938,PLACE,obstacle1,-0.0281,0.0173,-0.3873,0.019864,0.037723,0.032595,9.144,101,-0.3926,-5.3825,0.1854,-0.456,0.00000,1.3536,5.2401,-0.4534,0.0000,-0.0000,0.014,0.0926,0.2156,0.6552,58,0.044,0.00,0.00,0.00,0.00,0.0000,0.0000,9.98,0.00,50.00,DO_NOTHING,--,0.00,SUCCEEDED,2,0.050,-0.0190,-0.0100,-2.0788,0.0709,-0.4192,0.004
156.281,152.674,0.942,PLACE,obstacle1,-0.0281,0.0173,-0.3873,0.019864,0.037723,0.032595,9.242,101,-0.3926,-5.3825,0.1854,-0.458,0.00000,1.3536,5.2401,-0.4534,0.0000,-0.0000,0.012,0.0926,0.2156,0.6552,58,0.042,0.00,0.00,0.00,0.00,0.0000,0.0000,9.98,0.00,50.10,DO_NOTHING,--,0.00,SUCCEEDED,2,0.050,-0.0190,-0.0100,-2.0788,0.0709,-0.4192,0.002
156.380,152.776,0.956,PLACE,obstacle1,-0.0281,0.0173,-0.3873,0.019864,0.037723,0.032595,9.344,101,-0.3926,-5.3825,0.1854,-0.456,0.00000,1.3536,5.2401,-0.4534,0.0000,-0.0000,0.014,0.0926,0.2156,0.6552,58,0.044,0.00,0.00,0.00,0.00,0.0000,0.0000,10.00,0.00,50.00,DO_NOTHING,--,0.00,SUCCEEDED,2,0.050,-0.0190,-0.0100,-2.0788,0.0709,-0.4192,0.004
156.480,152.872,0.958,PLACE,obstacle1,-0.0281,0.0173,-0.3873,0.019864,0.037723,0.032595,9.440,101,-0.3926,-5.3825,0.1854,-0.460,0.00000,1.3536,5.2401,-0.4534,0.0000,-0.0000,0.010,0.0926,0.2156,0.6552,58,0.040,0.00,0.00,0.00,0.00,0.0000,0.0000,9.93,0.00,49.90,DO_NOTHING,--,0.00,SUCCEEDED,2,0.050,-0.0190,-0.0100,-2.0788,0.0709,-0.4192,0.000
156.581,152.972,0.962,PLACE,obstacle1,-0.0281,0.0173,-0.3873,0.019864,0.037723,0.032595,9.540,101,-0.3926,-5.3825,0.1854,-0.460,0.00000,1.3536,5.2401,-0.4534,0.0000,-0.0000,0.010,0.0926,0.2156,0.6552,58,0.040,0.00,0.00,0.00,0.00,0.0000,0.0000,10.04,0.00,50.10,DO_NOTHING,--,0.00,SUCCEEDED,2,0.050,-0.0190,-0.0100,-2.0788,0.0709,-0.4192,0.000
156.681,153.074,0.969,PLACE,obstacle1,-0.0281,0.0173,-0.3873,0.019864,0.037723,0.032595,9.642,101,-0.3926,-5.3825,0.1854,-0.458,0.00000,1.3536,5.2401,-0.4534,0.0000,-0.0000,0.014,0.0926,0.2156,0.6552,58,0.042,0.00,0.00,0.00,0.00,0.0000,0.0000,9.96,0.00,50.10,DO_NOTHING,--,0.00,SUCCEEDED,2,0.050,-0.0190,-0.0100,-2.0788,0.0709,-0.4192,0.002
156.780,153.172,0.971,PLACE,obstacle1,-0.0281,0.0173,-0.3873,0.019864,0.037723,0.032595,9.740,101,-0.3926,-5.3825,0.1854,-0.460,0.00000,1.3536,5.2401,-0.4534,0.0000,-0.0000,0.010,0.0926,0.2156,0.6552,58,0.040,0.00,0.00,0.00,0.00,0.0000,0.0000,9.98,0.00,49.90,DO_NOTHING,--,0.00,SUCCEEDED,2,0.050,-0.0190,-0.0100,-2.0788,0.0709,-0.4192,0.020
156.881,153.272,0.976,PLACE,obstacle1,-0.0281,0.0173,-0.3873,0.019864,0.037723,0.032595,9.840,101,-0.3926,-5.3825,0.1854,-0.460,0.00000,1.3536,5.2401,-0.4534,0.0000,-0.0000,0.010,0.0926,0.2156,0.6552,58,0.040,0.00,0.00,0.00,0.00,0.0000,0.0000,10.00,0.00,50.10,DO_NOTHING,--,0.00,SUCCEEDED,2,0.050,-0.0190,-0.0100,-2.0788,0.0709,-0.4192,0.000
156.981,153.374,0.980,PLACE,obstacle1,-0.0281,0.0173,-0.3873,0.019864,0.037723,0.032595,9.942,101,-0.3926,-5.3825,0.1854,-0.458,0.00000,1.3536,5.2401,-0.4534,0.0000,-0.0000,0.012,0.0926,0.2156,0.6552,58,0.042,0.00,0.00,0.00,0.00,0.0000,0.0000,10.09,0.00,50.00,DO_NOTHING,--,0.00,SUCCEEDED,2,0.050,-0.0190,-0.0100,-2.0788,0.0709,-0.4192,0.002
157.082,153.472,0.994,PLACE,obstacle1,-0.0281,0.0173,-0.3873,0.019864,0.037723,0.032595,10.040,101,-0.3926,-5.3825,0.1854,-0.460,0.00000,1.3536,5.2401,-0.4534,0.0000,-0.0000,0.016,0.0926,0.2156,0.6552,58,0.040,0.00,0.00,0.00,0.00,0.0000,0.0000,10.00,0.00,50.31,DO_NOTHING,--,0.00,SUCCEEDED,2,0.050,-0.0190,-0.0100,-2.0788,0.0709,-0.4192,0.000
157.181,153.572,0.996,PLACE,obstacle1,-0.0281,0.0173,-0.3873,0.019864,0.037723,0.032595,10.140,101,-0.3926,-5.3825,0.1854,-0.460,0.00000,1.3536,5.2401,-0.4534,0.0000,-0.0000,0.010,0.0926,0.2156,0.6552,58,0.040,0.00,0.00,0.00,0.00,0.0000,0.0000,10.02,0.00,50.00,DO_NOTHING,--,0.00,SUCCEEDED,2,0.050,-0.0190,-0.0100,-2.0788,0.0709,-0.4192,0.000
157.281,153.674,0.997,PLACE,obstacle1,-0.0281,0.0173,-0.3873,0.019864,0.037723,0.032595,10.242,101,-0.3926,-5.3825,0.1854,-0.458,0.00000,1.3536,5.2401,-0.4534,0.0000,-0.0000,0.018,0.0926,0.2156,0.6552,58,0.042,0.00,0.00,0.00,0.00,0.0000,0.0000,10.00,0.00,50.31,DO_NOTHING,--,0.00,SUCCEEDED,2,0.050,-0.0190,-0.0100,-2.0788,0.0709,-0.4192,0.002
157.380,153.772,1.000,PLACE,obstacle1,-0.0281,0.0173,-0.3873,0.019864,0.037723,0.032595,10.340,101,-0.3926,-5.3825,0.1854,-0.460,0.00000,1.3536,5.2401,-0.4534,0.0000,-0.0000,0.010,0.0926,0.2156,0.6552,58,0.040,0.00,0.00,0.00,0.00,0.0000,0.0000,10.04,0.00,50.00,DO_NOTHING,--,0.00,SUCCEEDED,2,0.050,-0.0190,-0.0100,-2.0788,0.0709,-0.4192,0.000
157.480,153.872,1.000,PLACE,obstacle1,-0.0281,0.0173,-0.3873,0.019864,0.037723,0.032595,10.440,101,-0.3926,-5.3825,0.1854,-0.460,0.00000,1.3536,5.2401,-0.4534,0.0000,-0.0000,0.010,0.0926,0.2156,0.6552,58,0.040,0.00,0.00,0.00,0.00,0.0000,0.0000,10.00,0.00,50.00,DO_NOTHING,--,0.00,SUCCEEDED,2,0.050,-0.0190,-0.0100,-2.0788,0.0709,-0.4192,0.000
157.580,153.972,1.000,PLACE,obstacle1,-0.0281,0.0173,-0.3873,0.019864,0.037723,0.032595,10.540,101,-0.3926,-5.3825,0.1854,-0.460,0.00000,1.3536,5.2401,-0.4534,0.0000,-0.0000,0.010,0.0926,0.2156,0.6552,58,0.040,0.00,0.00,0.00,0.00,0.0000,0.0000,10.00,0.00,50.00,DO_NOTHING,--,0.00,SUCCEEDED,2,0.050,-0.0190,-0.0100,-2.0788,0.0709,-0.4192,0.000
157.680,154.072,0.998,PLACE,obstacle1,-0.0281,0.0173,-0.3873,0.019864,0.037723,0.032595,10.640,101,-0.3926,-5.3825,0.1854,-0.460,0.00000,1.3536,5.2401,-0.4534,0.0000,-0.0000,0.010,0.0926,0.2156,0.6552,58,0.040,0.00,0.00,0.00,0.00,0.0000,0.0000,10.04,0.00,50.00,DO_NOTHING,--,0.00,SUCCEEDED,2,0.050,-0.0190,-0.0100,-2.0788,0.0709,-0.4192,0.000
157.780,154.174,1.002,PLACE,obstacle1,-0.0281,0.0173,-0.3873,0.019864,0.037723,0.032595,10.742,101,-0.3926,-5.3825,0.1854,-0.458,0.00000,1.3536,5.2401,-0.4535,0.0002,-0.0014,0.012,0.0926,0.2156,0.6552,58,0.042,0.00,0.00,0.00,0.00,0.0000,0.0000,10.00,0.00,50.10,DO_NOTHING,--,0.00,SUCCEEDED,2,0.050,-0.0190,-0.0100,-2.0788,0.0709,-0.4196,0.002
157.880,154.266,0.994,PLACE,obstacle1,-0.0281,0.0173,-0.3873,0.019864,0.037723,0.032595,10.834,101,-0.3926,-5.3825,0.1854,-0.466,0.00000,1.3536,5.2401,-0.4536,0.0002,-0.0003,0.004,0.0926,0.2156,0.6552,58,0.034,0.00,0.00,0.00,0.00,0.0000,0.0000,10.07,0.00,50.00,DO_NOTHING,--,0.00,SUCCEEDED,2,0.050,-0.0190,-0.0100,-2.0788,0.0709,-0.4196,0.014
157.980,154.362,0.988,PLACE,obstacle1,-0.0281,0.0173,-0.3873,0.019864,0.037723,0.032595,10.930,101,-0.3926,-5.3825,0.1854,-0.470,0.00000,1.3536,5.2401,-0.4536,0.0000,-0.0000,0.004,0.0926,0.2156,0.6552,58,0.030,0.00,0.00,0.00,0.00,0.0000,0.0000,9.98,0.00,50.00,DO_NOTHING,--,0.00,SUCCEEDED,2,0.050,-0.0190,-0.0100,-2.0788,0.0709,-0.4196,0.010
158.080,154.436,0.966,PLACE,obstacle1,-0.0281,0.0173,-0.3873,0.019864,0.037723,0.032595,11.004,101,-0.3926,-5.3825,0.1854,-0.396,0.00000,1.3536,5.2401,-0.4536,0.0000,-0.0000,0.014,0.0926,0.2156,0.6552,58,0.104,0.00,0.00,0.00,0.00,0.0000,0.0000,9.98,0.00,50.00,DO_NOTHING,--,0.00,SUCCEEDED,2,0.050,-0.0190,-0.0100,-2.0788,0.0709,-0.4196,0.004
158.181,154.532,0.954,PLACE,obstacle1,-0.0281,0.0173,-0.3873,0.019864,0.037723,0.032595,11.100,101,-0.3926,-5.3825,0.1854,-0.400,0.00000,1.3536,5.2401,-0.4536,0.0000,-0.0000,0.010,0.0926,0.2156,0.6552,58,0.100,0.00,0.00,0.00,0.00,0.0000,0.0000,9.85,0.00,50.00,DO_NOTHING,--,0.00,SUCCEEDED,2,0.050,-0.0190,-0.0100,-2.0788,0.0709,-0.4196,0.000
158.281,154.632,0.958,PLACE,obstacle1,-0.0281,0.0173,-0.3873,0.019864,0.037723,0.032595,11.200,101,-0.3926,-5.3825,0.1854,-0.400,0.00000,1.3536,5.2401,-0.4536,0.0000,-0.0000,0.010,0.0926,0.2156,0.6552,58,0.100,0.00,0.00,0.00,0.00,0.0000,0.0000,10.02,0.00,50.00,DO_NOTHING,--,0.00,SUCCEEDED,2,0.050,-0.0190,-0.0100,-2.0788,0.0709,-0.4196,0.000
158.381,154.732,0.955,PLACE,obstacle1,-0.0281,0.0173,-0.3873,0.019864,0.037723,0.032595,11.300,101,-0.3926,-5.3825,0.1854,-0.400,0.00000,1.3536,5.2401,-0.4536,0.0000,-0.0000,0.010,0.0926,0.2156,0.6552,58,0.100,0.00,0.00,0.00,0.00,0.0000,0.0000,9.87,0.00,50.00,DO_NOTHING,--,0.00,SUCCEEDED,2,0.050,-0.0190,-0.0100,-2.0788,0.0709,-0.4196,0.000
158.480,154.830,0.953,PLACE,obstacle1,-0.0281,0.0173,-0.3873,0.019864,0.037723,0.032595,11.398,101,-0.3926,-5.3825,0.1854,-0.402,0.00000,1.3536,5.2401,-0.4536,0.0000,-0.0000,0.010,0.0926,0.2156,0.6552,58,0.098,0.00,0.00,0.00,0.00,0.0000,0.0000,9.89,0.00,49.90,DO_NOTHING,--,0.00,SUCCEEDED,2,0.050,-0.0190,-0.0100,-2.0788,0.0709,-0.4196,0.018
158.581,154.924,0.946,PLACE,obstacle1,-0.0281,0.0173,-0.3873,0.019864,0.037723,0.032595,11.492,101,-0.3926,-5.3825,0.1854,-0.408,0.00000,1.3536,5.2401,-0.4536,0.0000,-0.0000,0.002,0.0926,0.2156,0.6552,58,0.092,0.00,0.00,0.00,0.00,0.0000,0.0000,10.04,0.00,50.10,DO_NOTHING,--,0.00,SUCCEEDED,2,0.050,-0.0190,-0.0100,-2.0788,0.0709,-0.4196,0.012
158.681,155.022,0.942,PLACE,obstacle1,-0.0281,0.0173,-0.3873,0.019864,0.037723,0.032595,11.590,101,-0.3926,-5.3825,0.1854,-0.410,0.00000,1.3536,5.2401,-0.4536,0.0000,-0.0000,0.020,0.0926,0.2156,0.6552,58,0.090,0.00,0.00,0.00,0.00,0.0000,0.0000,9.91,0.00,50.00,DO_NOTHING,--,0.00,SUCCEEDED,2,0.050,-0.0190,-0.0100,-2.0788,0.0709,-0.4196,0.010
158.780,155.102,0.928,PLACE,obstacle1,-0.0281,0.0173,-0.3873,0.019864,0.037723,0.032595,11.670,101,-0.3926,-5.3825,0.1854,-0.430,0.00000,1.3536,5.2401,-0.4536,0.0000,-0.0000,0.000,0.0926,0.2156,0.6552,58,0.070,0.00,0.00,0.00,0.00,0.0000,0.0000,10.02,0.00,50.00,DO_NOTHING,--,0.00,SUCCEEDED,2,0.050,-0.0190,-0.0100,-2.0788,0.0709,-0.4196,0.010
158.880,155.208,0.942,PLACE,obstacle1,-0.0281,0.0173,-0.3873,0.019864,0.037723,0.032595,11.776,101,-0.3926,-5.3825,0.1854,-0.424,0.00000,1.3536,5.2401,-0.4536,0.0000,-0.0000,0.006,0.0926,0.2156,0.6552,58,0.076,0.00,0.00,0.00,0.00,0.0000,0.0000,9.96,0.00,50.00,DO_NOTHING,--,0.00,SUCCEEDED,2,0.050,-0.0190,-0.0100,-2.0788,0.0709,-0.4196,0.016
158.980,155.298,0.936,PLACE,obstacle1,-0.0281,0.0173,-0.3873,0.019864,0.037723,0.032595,11.866,101,-0.3926,-5.3825,0.1854,-0.434,0.00000,1.3536,5.2401,-0.4536,0.0000,-0.0000,0.016,0.0926,0.2156,0.6552,58,0.066,0.00,0.00,0.00,0.00,0.0000,0.0000,10.07,0.00,50.00,DO_NOTHING,--,0.00,SUCCEEDED,2,0.050,-0.0190,-0.0100,-2.0788,0.0709,-0.4196,0.006
159.081,155.398,0.962,PLACE,obstacle1,-0.0281,0.0173,-0.3873,0.019864,0.037723,0.032595,11.966,101,-0.3926,-5.3825,0.1854,-0.434,0.00000,1.3536,5.2401,-0.4536,0.0000,-0.0000,0.016,0.0926,0.2156,0.6552,58,0.066,0.00,0.00,0.00,0.00,0.0000,0.0000,10.16,0.00,50.00,DO_NOTHING,--,0.00,SUCCEEDED,2,0.050,-0.0190,-0.0100,-2.0788,0.0709,-0.4196,0.006
159.180,155.488,0.957,PLACE,obstacle1,-0.0281,0.0173,-0.3873,0.019864,0.037723,0.032595,12.056,101,-0.3926,-5.3825,0.1854,-0.444,0.00000,1.3536,5.2401,-0.4536,0.0000,-0.0000,0.006,0.0926,0.2156,0.6552,58,0.056,0.00,0.00,0.00,0.00,0.0000,0.0000,10.00,0.00,50.00,DO_NOTHING,--,0.00,SUCCEEDED,2,0.050,-0.0190,-0.0100,-2.0788,0.0709,-0.4196,0.016
159.281,155.588,0.956,PLACE,obstacle1,-0.0281,0.0173,-0.3873,0.019864,0.037723,0.032595,12.156,101,-0.3926,-5.3825,0.1854,-0.444,0.00000,1.3536,5.2401,-0.4536,0.0000,-0.0000,0.006,0.0926,0.2156,0.6552,58,0.056,0.00,0.00,0.00,0.00,0.0000,0.0000,10.14,0.00,49.90,DO_NOTHING,--,0.00,SUCCEEDED,2,0.050,-0.0190,-0.0100,-2.0788,0.0709,-0.4196,0.016
159.381,155.688,0.956,PLACE,obstacle1,-0.0281,0.0173,-0.3873,0.019864,0.037723,0.032595,12.256,101,-0.3926,-5.3825,0.1854,-0.444,0.00000,1.3536,5.2401,-0.4536,0.0000,-0.0000,0.008,0.0926,0.2156,0.6552,58,0.056,0.00,0.00,0.00,0.00,0.0000,0.0000,10.11,0.00,50.00,DO_NOTHING,--,0.00,SUCCEEDED,2,0.050,-0.0190,-0.0100,-2.0788,0.0709,-0.4196,0.016
159.480,155.788,0.958,PLACE,obstacle1,-0.0281,0.0173,-0.3873,0.019864,0.037723,0.032595,12.356,101,-0.3926,-5.3825,0.1854,-0.444,0.00000,1.3536,5.2401,-0.4536,0.0000,-0.0000,0.006,0.0926,0.2156,0.6552,58,0.056,0.00,0.00,0.00,0.00,0.0000,0.0000,10.00,0.00,50.10,DO_NOTHING,--,0.00,SUCCEEDED,2,0.050,-0.0190,-0.0100,-2.0788,0.0709,-0.4196,0.016
159.581,155.884,0.957,PLACE,obstacle1,-0.0281,0.0173,-0.3873,0.019864,0.037723,0.032595,12.452,101,-0.3926,-5.3825,0.1854,-0.448,0.00000,1.3536,5.2401,-0.4536,0.0000,-0.0000,0.002,0.0926,0.2156,0.6552,58,0.052,0.00,0.00,0.00,0.00,0.0000,0.0000,10.07,0.00,50.00,DO_NOTHING,--,0.00,SUCCEEDED,2,0.050,-0.0190,-0.0100,-2.0788,0.0709,-0.4196,0.012
159.681,155.984,0.980,PLACE,obstacle1,-0.0281,0.0173,-0.3873,0.019864,0.037723,0.032595,12.552,101,-0.3926,-5.3825,0.1854,-0.448,0.00000,1.3536,5.2401,-0.4536,0.0000,-0.0000,0.002,0.0926,0.2156,0.6552,58,0.052,0.00,0.00,0.00,0.00,0.0000,0.0000,10.02,0.00,50.00,DO_NOTHING,--,0.00,SUCCEEDED,2,0.050,-0.0190,-0.0100,-2.0788,0.0709,-0.4196,0.012
159.780,156.084,0.973,PLACE,obstacle1,-0.0281,0.0173,-0.3873,0.019864,0.037723,0.032595,12.652,101,-0.3926,-5.3825,0.1854,-0.448,0.00000,1.3536,5.2401,-0.4536,0.0000,-0.0000,0.002,0.0926,0.2156,0.6552,58,0.052,0.00,0.00,0.00,0.00,0.0000,0.0000,10.02,0.00,50.00,DO_NOTHING,--,0.00,SUCCEEDED,2,0.050,-0.0190,-0.0100,-2.0788,0.0709,-0.4196,0.012
159.881,156.182,0.981,PLACE,obstacle1,-0.0281,0.0173,-0.3873,0.019864,0.037723,0.032595,12.750,101,-0.3926,-5.3825,0.1854,-0.450,0.00000,1.3536,5.2401,-0.4536,0.0000,-0.0000,0.002,0.0926,0.2156,0.6552,58,0.050,0.00,0.00,0.00,0.00,0.0000,0.0000,10.02,0.00,50.10,DO_NOTHING,--,0.00,SUCCEEDED,2,0.050,-0.0190,-0.0100,-2.0788,0.0709,-0.4196,0.010
159.981,156.282,0.982,PLACE,obstacle1,-0.0281,0.0173,-0.3873,0.019864,0.037723,0.032595,12.850,101,-0.3926,-5.3825,0.1854,-0.450,0.00000,1.3536,5.2401,-0.4536,0.0000,-0.0000,0.000,0.0926,0.2156,0.6552,58,0.050,0.00,0.00,0.00,0.00,0.0000,0.0000,10.02,0.00,50.00,DO_NOTHING,--,0.00,SUCCEEDED,2,0.050,-0.0190,-0.0100,-2.0788,0.0709,-0.4196,0.010
160.081,156.382,0.993,PLACE,obstacle1,-0.0281,0.0173,-0.3873,0.019864,0.037723,0.032595,12.950,101,-0.3926,-5.3825,0.1854,-0.450,0.00000,1.3536,5.2401,-0.4536,0.0000,-0.0000,0.000,0.0926,0.2156,0.6552,58,0.050,0.00,0.00,0.00,0.00,0.0000,0.0000,10.00,0.00,50.00,DO_NOTHING,--,0.00,SUCCEEDED,2,0.050,-0.0190,-0.0100,-2.0788,0.0709,-0.4196,0.010
160.181,156.482,0.993,PLACE,obstacle1,-0.0281,0.0173,-0.3873,0.019864,0.037723,0.032595,13.050,101,-0.3926,-5.3825,0.1854,-0.450,0.00000,1.3536,5.2401,-0.4536,0.0000,-0.0000,0.000,0.0926,0.2156,0.6552,58,0.050,0.00,0.00,0.00,0.00,0.0000,0.0000,9.96,0.00,50.00,DO_NOTHING,--,0.00,SUCCEEDED,2,0.050,-0.0190,-0.0100,-2.0788,0.0709,-0.4196,0.010
160.280,156.580,0.993,PLACE,obstacle1,-0.0281,0.0173,-0.3873,0.019864,0.037723,0.032595,13.148,101,-0.3926,-5.3825,0.1854,-0.452,0.00000,1.3536,5.2401,-0.4536,0.0000,-0.0000,0.022,0.0926,0.2156,0.6552,58,0.048,0.00,0.00,0.00,0.00,0.0000,0.0000,9.96,0.00,50.31,DO_NOTHING,--,0.00,SUCCEEDED,2,0.050,-0.0190,-0.0100,-2.0788,0.0709,-0.4196,0.008
160.381,156.676,0.988,PLACE,obstacle1,-0.0281,0.0173,-0.3873,0.019864,0.037723,0.032595,13.244,101,-0.3926,-5.3825,0.1854,-0.456,0.00000,1.3536,5.2401,-0.4536,0.0000,-0.0000,0.016,0.0926,0.2156,0.6552,58,0.044,0.00,0.00,0.00,0.00,0.0000,0.0000,9.96,0.00,50.00,DO_NOTHING,--,0.00,SUCCEEDED,2,0.050,-0.0190,-0.0100,-2.0788,0.0709,-0.4196,0.004
160.480,156.778,0.994,PLACE,obstacle1,-0.0281,0.0173,-0.3873,0.019864,0.037723,0.032595,13.346,101,-0.3926,-5.3825,0.1854,-0.454,0.00000,1.3536,5.2401,-0.4536,0.0000,-0.0000,0.016,0.0926,0.2156,0.6552,58,0.046,0.00,0.00,0.00,0.00,0.0000,0.0000,10.00,0.00,50.00,DO_NOTHING,--,0.00,SUCCEEDED,2,0.050,-0.0190,-0.0100,-2.0788,0.0709,-0.4196,0.006
160.581,156.878,0.994,PLACE,obstacle1,-0.0281,0.0173,-0.3873,0.019864,0.037723,0.032595,13.446,101,-0.3926,-5.3825,0.1854,-0.454,0.00000,1.3536,5.2401,-0.4536,0.0000,-0.0000,0.016,0.0926,0.2156,0.6552,58,0.046,0.00,0.00,0.00,0.00,0.0000,0.0000,9.96,0.00,50.00,DO_NOTHING,--,0.00,SUCCEEDED,2,0.050,-0.0190,-0.0100,-2.0788,0.0709,-0.4196,0.006
160.680,156.978,0.995,PLACE,obstacle1,-0.0281,0.0173,-0.3873,0.019864,0.037723,0.032595,13.546,101,-0.3926,-5.3825,0.1854,-0.454,0.00000,1.3536,5.2401,-0.4536,0.0000,-0.0000,0.020,0.0926,0.2156,0.6552,58,0.046,0.00,0.00,0.00,0.00,0.0000,0.0000,9.96,0.00,50.20,DO_NOTHING,--,0.00,SUCCEEDED,2,0.050,-0.0190,-0.0100,-2.0788,0.0709,-0.4196,0.006
160.780,157.078,0.994,PLACE,obstacle1,-0.0281,0.0173,-0.3873,0.019864,0.037723,0.032595,13.646,101,-0.3926,-5.3825,0.1854,-0.454,0.00000,1.3536,5.2401,-0.4536,0.0000,-0.0000,0.016,0.0926,0.2156,0.6552,58,0.046,0.00,0.00,0.00,0.00,0.0000,0.0000,10.00,0.00,50.00,DO_NOTHING,--,0.00,SUCCEEDED,2,0.050,-0.0190,-0.0100,-2.0788,0.0709,-0.4196,0.006
160.880,157.178,0.997,PLACE,obstacle1,-0.0281,0.0173,-0.3873,0.019864,0.037723,0.032595,13.746,101,-0.3926,-5.3825,0.1854,-0.454,0.00000,1.3536,5.2401,-0.4536,0.0000,-0.0000,0.016,0.0926,0.2156,0.6552,58,0.046,0.00,0.00,0.00,0.00,0.0000,0.0000,10.00,0.00,50.00,DO_NOTHING,--,0.00,SUCCEEDED,2,0.050,-0.0190,-0.0100,-2.0788,0.0709,-0.4196,0.006
160.980,157.278,0.997,PLACE,obstacle1,-0.0281,0.0173,-0.3873,0.019864,0.037723,0.032595,13.846,101,-0.3926,-5.3825,0.1854,-0.454,0.00000,1.3536,5.2401,-0.4536,0.0000,-0.0000,0.016,0.0926,0.2156,0.6552,58,0.046,0.00,0.00,0.00,0.00,0.0000,0.0000,10.00,0.00,50.00,DO_NOTHING,--,0.00,SUCCEEDED,2,0.050,-0.0190,-0.0100,-2.0788,0.0709,-0.4196,0.006
161.081,157.378,0.996,PLACE,obstacle1,-0.0281,0.0173,-0.3873,0.019864,0.037723,0.032595,13.946,101,-0.3926,-5.3825,0.1854,-0.454,0.00000,1.3536,5.2401,-0.4536,0.0000,-0.0000,0.022,0.0926,0.2156,0.6552,58,0.046,0.00,0.00,0.00,0.00,0.0000,0.0000,10.09,0.00,50.00,DO_NOTHING,--,0.00,SUCCEEDED,2,0.050,-0.0190,-0.0100,-2.0788,0.0709,-0.4196,0.006
161.181,157.478,0.996,PLACE,obstacle1,-0.0281,0.0173,-0.3873,0.019864,0.037723,0.032595,14.046,101,-0.3926,-5.3825,0.1854,-0.454,0.00000,1.3536,5.2401,-0.4536,0.0000,-0.0000,0.016,0.0926,0.2156,0.6552,58,0.046,0.00,0.00,0.00,0.00,0.0000,0.0000,10.02,0.00,50.00,DO_NOTHING,--,0.00,SUCCEEDED,2,0.050,-0.0190,-0.0100,-2.0788,0.0709,-0.4196,0.006
161.280,157.574,0.998,PLACE,obstacle1,-0.0281,0.0173,-0.3873,0.019864,0.037723,0.032595,14.142,101,-0.3926,-5.3825,0.1854,-0.458,0.00000,1.3536,5.2401,-0.4536,0.0000,-0.0000,0.012,0.0926,0.2156,0.6552,58,0.042,0.00,0.00,0.00,0.00,0.0000,0.0000,10.09,0.00,50.10,DO_NOTHING,--,0.00,SUCCEEDED,2,0.050,-0.0190,-0.0100,-2.0788,0.0709,-0.4196,0.002
161.381,157.676,1.000,PLACE,obstacle1,-0.0281,0.0173,-0.3873,0.019864,0.037723,0.032595,14.244,101,-0.3926,-5.3825,0.1854,-0.456,0.00000,1.3536,5.2401,-0.4536,0.0000,-0.0000,0.014,0.0926,0.2156,0.6552,58,0.044,0.00,0.00,0.00,0.00,0.0000,0.0000,9.98,0.00,50.00,DO_NOTHING,--,0.00,SUCCEEDED,2,0.050,-0.0190,-0.0100,-2.0788,0.0709,-0.4196,0.004
161.480,157.776,0.998,PLACE,obstacle1,-0.0281,0.0173,-0.3873,0.019864,0.037723,0.032595,14.344,101,-0.3926,-5.3825,0.1854,-0.456,0.00000,1.3536,5.2401,-0.4536,0.0000,-0.0000,0.014,0.0926,0.2156,0.6552,58,0.044,0.00,0.00,0.00,0.00,0.0000,0.0000,9.89,0.00,50.00,DO_NOTHING,--,0.00,SUCCEEDED,2,0.050,-0.0190,-0.0100,-2.0788,0.0709,-0.4196,0.004
161.580,157.874,0.996,PLACE,obstacle1,-0.0281,0.0173,-0.3873,0.019864,0.037723,0.032595,14.442,101,-0.3926,-5.3825,0.1854,-0.458,0.00000,1.3536,5.2401,-0.4536,0.0000,-0.0000,0.012,0.0926,0.2156,0.6552,58,0.042,0.00,0.00,0.00,0.00,0.0000,0.0000,10.02,0.00,50.00,DO_NOTHING,--,0.00,SUCCEEDED,2,0.050,-0.0190,-0.0100,-2.0788,0.0709,-0.4196,0.002
161.680,157.976,0.998,PLACE,obstacle1,-0.0281,0.0173,-0.3873,0.019864,0.037723,0.032595,14.544,101,-0.3926,-5.3825,0.1854,-0.456,0.00000,1.3536,5.2401,-0.4536,0.0000,-0.0000,0.014,0.1160,0.2500,0.6207,58,0.044,0.00,0.00,0.00,0.00,0.0000,0.0000,9.83,0.00,50.00,DO_NOTHING,--,0.00,SUCCEEDED,2,0.050,-0.0190,-0.0100,-2.0788,0.0709,-0.4196,0.004
161.780,158.074,0.996,PLACE,obstacle1,-0.0281,0.0173,-0.3873,0.019864,0.037723,0.032595,14.642,101,-0.3926,-5.3825,0.1854,-0.458,0.00000,1.3536,5.2401,-0.4536,0.0000,-0.0000,0.012,0.1160,0.2500,0.6207,58,0.042,0.00,0.00,0.00,0.00,0.0000,0.0000,10.00,0.00,50.00,DO_NOTHING,--,0.00,SUCCEEDED,2,0.050,-0.0190,-0.0100,-2.0788,0.0709,-0.4196,0.002
161.880,158.170,0.991,PLACE,obstacle1,-0.0281,0.0173,-0.3873,0.019864,0.037723,0.032595,14.738,101,-0.3926,-5.3825,0.1854,-0.462,0.00000,1.3536,5.2401,-0.4536,0.0000,-0.0000,0.008,0.1303,0.2650,0.6034,58,0.038,0.00,0.00,0.00,0.00,0.0000,0.0000,10.00,0.00,50.00,DO_NOTHING,--,0.00,SUCCEEDED,2,0.050,-0.0190,-0.0100,-2.0788,0.0709,-0.4196,0.018
161.980,158.270,0.992,PLACE,obstacle1,-0.0281,0.0173,-0.3873,0.019864,0.037723,0.032595,14.838,101,-0.3926,-5.3825,0.1854,-0.462,0.00000,1.3536,5.2401,-0.4536,0.0000,-0.0000,0.008,0.1324,0.2650,0.6034,58,0.038,0.00,0.00,0.00,0.00,0.0000,0.0000,9.91,0.00,50.00,DO_NOTHING,--,0.00,SUCCEEDED,2,0.050,-0.0190,-0.0100,-2.0788,0.0709,-0.4196,0.018
162.081,158.362,0.982,PLACE,obstacle1,-0.0281,0.0173,-0.3873,0.019864,0.037723,0.032595,14.930,101,-0.3926,-5.3825,0.1854,-0.470,0.00000,1.3536,5.2401,-0.4536,0.0000,-0.0000,0.000,0.1324,0.2650,0.6034,58,0.030,0.00,0.00,0.00,0.00,0.0000,0.0000,10.00,0.00,50.00,DO_NOTHING,--,0.00,SUCCEEDED,2,0.050,-0.0190,-0.0100,-2.0788,0.0709,-0.4196,0.010
162.181,158.462,0.985,PLACE,obstacle1,-0.0281,0.0173,-0.3873,0.019864,0.037723,0.032595,15.030,101,-0.3926,-5.3825,0.1854,-0.470,0.00000,1.3536,5.2401,-0.4536,0.0000,-0.0000,0.002,0.1316,0.2650,0.6034,58,0.030,0.00,0.00,0.00,0.00,0.0000,0.0000,9.91,0.00,50.00,DO_NOTHING,--,0.00,SUCCEEDED,2,0.050,-0.0190,-0.0100,-2.0788,0.0709,-0.4196,0.010
162.281,158.558,0.980,PLACE,obstacle1,-0.0281,0.0173,-0.3873,0.019864,0.037723,0.032595,15.126,101,-0.3926,-5.3825,0.1854,-0.474,0.00000,1.3536,5.2401,-0.4536,0.0000,-0.0000,0.018,0.1316,0.2650,0.6034,58,0.026,0.00,0.00,0.00,0.00,0.0000,0.0000,10.02,0.00,50.10,DO_NOTHING,--,0.00,SUCCEEDED,2,0.050,-0.0190,-0.0100,-2.0788,0.0709,-0.4196,0.006
162.380,158.658,0.982,PLACE,obstacle1,-0.0281,0.0173,-0.3873,0.019864,0.037723,0.032595,15.226,101,-0.3926,-5.3825,0.1854,-0.474,0.00000,1.3536,5.2401,-0.4536,0.0000,-0.0000,0.016,0.1316,0.2650,0.6034,58,0.026,0.00,0.00,0.00,0.00,0.0000,0.0000,10.09,0.00,49.90,DO_NOTHING,--,0.00,SUCCEEDED,2,0.050,-0.0190,-0.0100,-2.0788,0.0709,-0.4196,0.006
162.481,158.752,0.975,PLACE,obstacle1,-0.0281,0.0173,-0.3873,0.019864,0.037723,0.032595,15.320,101,-0.3926,-5.3825,0.1854,-0.480,0.00000,1.3536,5.2401,-0.4536,0.0000,-0.0000,0.010,0.1316,0.2650,0.6034,58,0.020,0.00,0.00,0.00,0.00,0.0000,0.0000,9.98,0.00,50.00,DO_NOTHING,--,0.00,SUCCEEDED,2,0.050,-0.0190,-0.0100,-2.0788,0.0709,-0.4196,0.020
162.580,158.852,0.973,PLACE,obstacle1,-0.0281,0.0173,-0.3873,0.019864,0.037723,0.032595,15.420,101,-0.3926,-5.3825,0.1854,-0.480,0.00000,1.3536,5.2401,-0.4536,0.0000,-0.0000,0.010,0.1316,0.2650,0.6034,58,0.020,0.00,0.00,0.00,0.00,0.0000,0.0000,10.14,0.00,49.90,DO_NOTHING,--,0.00,SUCCEEDED,2,0.050,-0.0190,-0.0100,-2.0788,0.0709,-0.4196,0.020
162.680,158.888,0.904,PLACE,obstacle1,-0.0281,0.0173,-0.3873,0.019864,0.037723,0.032595,15.456,101,-0.3926,-5.3825,0.1854,-0.444,0.00000,1.3536,5.2401,-0.4536,0.0000,-0.0000,0.006,0.1316,0.2650,0.6034,58,0.056,0.00,0.00,0.00,0.00,0.0000,0.0000,10.14,0.00,50.00,DO_NOTHING,--,0.00,SUCCEEDED,2,0.050,-0.0190,-0.0100,-2.0788,0.0709,-0.4196,0.016
162.780,158.924,0.838,PLACE,obstacle1,-0.0281,0.0173,-0.3873,0.019864,0.037723,0.032595,15.492,101,-0.3926,-5.3825,0.1854,-0.408,0.00000,1.3536,5.2401,-0.4536,0.0000,-0.0000,0.002,0.1316,0.2650,0.6034,58,0.092,0.00,0.00,0.00,0.00,0.0000,0.0000,10.14,0.00,50.00,DO_NOTHING,--,0.00,SUCCEEDED,2,0.050,-0.0190,-0.0100,-2.0788,0.0709,-0.4196,0.012
162.880,159.016,0.846,PLACE,obstacle1,-0.0281,0.0173,-0.3873,0.019864,0.037723,0.032595,15.584,101,-0.3926,-5.3825,0.1854,-0.416,0.00000,1.3536,5.2401,-0.4536,0.0000,-0.0000,0.020,0.1316,0.2650,0.6034,58,0.084,0.00,0.00,0.00,0.00,0.0000,0.0000,9.98,0.00,50.31,DO_NOTHING,--,0.00,SUCCEEDED,2,0.050,-0.0190,-0.0100,-2.0788,0.0709,-0.4196,0.004
162.980,159.118,0.841,PLACE,obstacle1,-0.0281,0.0173,-0.3873,0.019864,0.037723,0.032595,15.686,101,-0.3926,-5.3825,0.1854,-0.414,0.00000,1.3536,5.2401,-0.4536,0.0000,-0.0000,0.016,0.1316,0.2650,0.6034,58,0.086,0.00,0.00,0.00,0.00,0.0000,0.0000,10.00,0.00,50.00,DO_NOTHING,--,0.00,SUCCEEDED,2,0.050,-0.0190,-0.0100,-2.0788,0.0709,-0.4196,0.006
163.081,159.212,0.833,PLACE,obstacle1,-0.0281,0.0173,-0.3873,0.019864,0.037723,0.032595,15.780,101,-0.3926,-5.3825,0.1854,-0.420,0.00000,1.3536,5.2401,-0.4536,0.0000,-0.0000,0.014,0.1316,0.2650,0.6034,58,0.080,0.00,0.00,0.00,0.00,0.0000,0.0000,10.07,0.00,50.10,DO_NOTHING,--,0.00,SUCCEEDED,2,0.050,-0.0190,-0.0100,-2.0788,0.0709,-0.4196,0.000
163.181,159.312,0.838,PLACE,obstacle1,-0.0281,0.0173,-0.3873,0.019864,0.037723,0.032595,15.880,101,-0.3926,-5.3825,0.1854,-0.420,0.00000,1.3536,5.2401,-0.4536,0.0000,-0.0000,0.010,0.1316,0.2650,0.6034,58,0.080,0.00,0.00,0.00,0.00,0.0000,0.0000,10.00,0.00,50.00,DO_NOTHING,--,0.00,SUCCEEDED,2,0.050,-0.0190,-0.0100,-2.0788,0.0709,-0.4196,0.000
163.280,159.412,0.854,PLACE,obstacle1,-0.0281,0.0173,-0.3873,0.019864,0.037723,0.032595,15.980,101,-0.3926,-5.3825,0.1854,-0.420,0.00000,1.3536,5.2401,-0.4536,0.0000,-0.0000,0.012,0.1316,0.2650,0.6034,58,0.080,0.00,0.00,0.00,0.00,0.0000,0.0000,10.02,0.00,50.10,DO_NOTHING,--,0.00,SUCCEEDED,2,0.050,-0.0190,-0.0100,-2.0788,0.0709,-0.4196,0.020
163.380,159.508,0.850,PLACE,obstacle1,-0.0281,0.0173,-0.3873,0.019864,0.037723,0.032595,16.076,101,-0.3926,-5.3825,0.1854,-0.424,0.00000,1.3536,5.2401,-0.4536,0.0000,-0.0000,0.008,0.1316,0.2650,0.6034,58,0.076,0.00,0.00,0.00,0.00,0.0000,0.0000,10.00,0.00,50.00,DO_NOTHING,--,0.00,SUCCEEDED,2,0.050,-0.0190,-0.0100,-2.0788,0.0709,-0.4196,0.016
163.482,159.602,0.832,PLACE,obstacle1,-0.0281,0.0173,-0.3873,0.019864,0.037723,0.032595,16.170,101,-0.3926,-5.3825,0.1854,-0.430,0.00000,1.3536,5.2401,-0.4536,0.0000,-0.0000,0.020,0.1316,0.2650,0.6034,58,0.070,0.00,0.00,0.00,0.00,0.0000,0.0000,10.04,0.00,50.00,DO_NOTHING,--,0.00,SUCCEEDED,2,0.050,-0.0190,-0.0100,-2.0788,0.0709,-0.4196,0.010
163.581,159.700,0.902,PLACE,obstacle1,-0.0281,0.0173,-0.3873,0.019864,0.037723,0.032595,16.268,101,-0.3926,-5.3825,0.1854,-0.432,0.00000,1.3536,5.2401,-0.4536,0.0000,-0.0000,0.018,0.1316,0.2650,0.6034,58,0.068,0.00,0.00,0.00,0.00,0.0000,0.0000,9.98,0.00,49.90,DO_NOTHING,--,0.00,SUCCEEDED,2,0.050,-0.0190,-0.0100,-2.0788,0.0709,-0.4196,0.008
163.681,159.800,0.973,PLACE,obstacle1,-0.0281,0.0173,-0.3873,0.019864,0.037723,0.032595,16.368,101,-0.3926,-5.3825,0.1854,-0.432,0.00000,1.3536,5.2401,-0.4536,0.0000,-0.0000,0.018,0.1316,0.2650,0.6034,58,0.068,0.00,0.00,0.00,0.00,0.0000,0.0000,10.00,0.00,50.00,DO_NOTHING,--,0.00,SUCCEEDED,2,0.050,-0.0190,-0.0100,-2.0788,0.0709,-0.4196,0.008
163.780,159.900,0.982,PLACE,obstacle1,-0.0281,0.0173,-0.3873,0.019864,0.037723,0.032595,16.468,101,-0.3926,-5.3825,0.1854,-0.432,0.00000,1.3536,5.2401,-0.4536,0.0000,-0.0000,0.018,0.1316,0.2650,0.6034,58,0.068,0.00,0.00,0.00,0.00,0.0000,0.0000,10.02,0.00,50.10,DO_NOTHING,--,0.00,SUCCEEDED,2,0.050,-0.0190,-0.0100,-2.0788,0.0709,-0.4196,0.008
163.880,159.990,0.974,PLACE,obstacle1,-0.0281,0.0173,-0.3873,0.019864,0.037723,0.032595,16.558,101,-0.3926,-5.3825,0.1854,-0.442,0.00000,1.3536,5.2401,-0.4536,0.0000,-0.0000,0.008,0.1324,0.2650,0.6034,58,0.058,0.00,0.00,0.00,0.00,0.0000,0.0000,9.98,0.00,49.70,DO_NOTHING,--,0.00,SUCCEEDED,2,0.050,-0.0190,-0.0100,-2.0788,0.0709,-0.4196,0.018
163.980,160.096,0.978,PLACE,obstacle1,-0.0281,0.0173,-0.3873,0.019864,0.037723,0.032595,16.664,101,-0.3926,-5.3825,0.1854,-0.436,0.00000,1.3536,5.2401,-0.4536,0.0000,-0.0000,0.014,0.1046,0.2315,0.6379,58,0.064,0.00,0.00,0.00,0.00,0.0000,0.0000,9.93,0.00,50.00,DO_NOTHING,--,0.00,SUCCEEDED,2,0.050,-0.0190,-0.0100,-2.0788,0.0709,-0.4196,0.004
164.080,160.194,0.983,PLACE,obstacle1,-0.0281,0.0173,-0.3873,0.019864,0.037723,0.032595,16.762,101,-0.3926,-5.3825,0.1854,-0.438,0.00000,1.3536,5.2401,-0.4536,0.0000,-0.0000,0.012,0.0926,0.2156,0.6552,58,0.062,0.00,0.00,0.00,0.00,0.0000,0.0000,10.00,0.00,50.00,DO_NOTHING,--,0.00,SUCCEEDED,2,0.050,-0.0190,-0.0100,-2.0788,0.0709,-0.4196,0.002
164.181,160.292,0.981,PLACE,obstacle1,-0.0281,0.0173,-0.3873,0.019864,0.037723,0.032595,16.860,101,-0.3926,-5.3825,0.1854,-0.440,0.00000,1.3536,5.2401,-0.4536,0.0000,-0.0000,0.010,0.0926,0.2156,0.6552,58,0.060,0.00,0.00,0.00,0.00,0.0000,0.0000,10.00,0.00,50.00,DO_NOTHING,--,0.00,SUCCEEDED,2,0.050,-0.0190,-0.0100,-2.0788,0.0709,-0.4196,0.000
164.281,160.392,0.981,PLACE,obstacle1,-0.0281,0.0173,-0.3873,0.019864,0.037723,0.032595,16.960,101,-0.3926,-5.3825,0.1854,-0.440,0.00000,1.3536,5.2401,-0.4536,0.0000,-0.0000,0.010,0.0926,0.2156,0.6552,58,0.060,0.00,0.00,0.00,0.00,0.0000,0.0000,9.98,0.00,49.90,DO_NOTHING,--,0.00,SUCCEEDED,2,0.050,-0.0190,-0.0100,-2.0788,0.0709,-0.4196,0.000
164.380,160.492,0.991,PLACE,obstacle1,-0.0281,0.0173,-0.3873,0.019864,0.037723,0.032595,17.060,101,-0.3926,-5.3825,0.1854,-0.440,0.00000,1.3536,5.2401,-0.4536,0.0000,-0.0000,0.010,0.0926,0.2156,0.6552,58,0.060,0.00,0.00,0.00,0.00,0.0000,0.0000,10.00,0.00,50.00,DO_NOTHING,--,0.00,SUCCEEDED,2,0.050,-0.0190,-0.0100,-2.0788,0.0709,-0.4196,0.000
164.481,160.592,0.991,PLACE,obstacle1,-0.0281,0.0173,-0.3873,0.019864,0.037723,0.032595,17.160,101,-0.3926,-5.3825,0.1854,-0.440,0.00000,1.3536,5.2401,-0.4536,0.0000,-0.0000,0.010,0.0926,0.2156,0.6552,58,0.060,0.00,0.00,0.00,0.00,0.0000,0.0000,10.00,0.00,50.20,DO_NOTHING,--,0.00,SUCCEEDED,2,0.050,-0.0190,-0.0100,-2.0788,0.0709,-0.4196,0.000
164.581,160.692,0.992,VERIFY_PLACEMENT,obstacle1,-0.0281,0.0173,-0.3873,0.019864,0.037723,0.032595,17.260,101,-0.3926,-5.3825,0.1854,-0.440,0.00000,1.3536,5.2401,-0.4536,0.0000,-0.0000,0.010,0.0926,0.2156,0.6552,58,0.060,0.00,0.00,0.00,0.00,0.0000,0.0000,10.02,0.00,50.10,DO_NOTHING,--,0.00,SUCCEEDED,2,0.050,-0.0190,-0.0100,-2.0788,0.0709,-0.4196,0.000
164.680,160.792,0.992,VERIFY_PLACEMENT,obstacle1,-0.0281,0.0173,-0.3873,0.019864,0.037723,0.032595,17.360,101,-0.3926,-5.3825,0.1854,-0.440,0.00000,1.3536,5.2401,-0.4536,0.0000,-0.0000,0.012,0.0926,0.2156,0.6552,58,0.060,0.00,0.00,0.00,0.00,0.0000,0.0000,9.96,0.00,50.20,DO_NOTHING,--,0.00,SUCCEEDED,2,0.050,-0.0190,-0.0100,-2.0788,0.0709,-0.4196,0.000
