t_wall,t_sim,tag,state,verdict,reason,degraded,healthy,held,d,near,beams,mapped,sigma,mo_age,arb_mode,arb_active,wheel_vx,wheel_wz,gt_x,gt_y,gt_yaw
22965.605,0.000,exp4,IDLE,--,--,--,--,--,--,--,--,--,--,--,--,--,nan,nan,-2.0000,0.0000,0.0000
22965.617,0.014,exp4,IDLE,--,--,--,--,--,--,--,--,--,--,--,--,--,nan,nan,-2.0000,0.0000,0.0000
22965.725,0.114,exp4,IDLE,CONSISTENT,OK,0,1,3.00,0.016,0.983,60,1,0.000,-0.40,--,--,nan,nan,-2.0000,0.0000,0.0000
22965.839,0.214,exp4,IDLE,CONSISTENT,OK,0,1,3.00,0.016,0.983,60,1,0.000,-0.40,--,--,nan,nan,-2.0000,0.0000,0.0000
22965.972,0.314,exp4,IDLE,CONSISTENT,OK,0,1,3.00,0.016,0.983,60,1,0.000,-0.40,--,--,nan,nan,-2.0000,0.0000,0.0000
22966.118,0.414,exp4,IDLE,CONSISTENT,OK,0,1,3.00,0.016,0.983,60,1,0.000,-0.40,idle,none,nan,nan,-2.0000,0.0000,0.0000
22966.256,0.514,exp4,IDLE,CONSISTENT,OK,0,1,3.00,0.016,0.983,60,1,0.000,-0.40,idle,none,nan,nan,-2.0000,0.0000,0.0000
22966.408,0.614,exp4,IDLE,CONSISTENT,OK,0,1,3.00,0.016,0.983,60,1,0.000,-0.40,idle,none,nan,nan,-2.0000,0.0000,0.0000
22966.542,0.714,exp4,IDLE,CONSISTENT,OK,0,1,3.00,0.016,0.983,60,1,0.000,-0.40,idle,none,nan,nan,-2.0000,0.0000,0.0000
22966.707,0.814,exp4,IDLE,CONSISTENT,OK,0,1,3.00,0.016,0.983,60,1,0.000,-0.40,idle,none,nan,nan,-2.0000,0.0000,0.0000
22966.842,0.914,exp4,IDLE,CONSISTENT,OK,0,1,3.00,0.016,0.983,60,1,0.000,-0.40,idle,none,nan,nan,-2.0000,0.0000,0.0000
22967.017,1.014,exp4,IDLE,CONSISTENT,OK,0,1,3.00,0.016,0.983,60,1,0.000,-0.40,idle,none,nan,nan,-2.0000,0.0000,0.0000
22967.152,1.114,exp4,IDLE,CONSISTENT,OK,0,1,3.00,0.016,0.983,60,1,0.000,-0.40,idle,none,nan,nan,-2.0000,0.0000,0.0000
22967.307,1.214,exp4,IDLE,CONSISTENT,OK,0,1,3.00,0.016,0.983,60,1,0.000,-0.40,idle,none,nan,nan,-2.0000,0.0000,0.0000
22967.454,1.314,exp4,IDLE,CONSISTENT,OK,0,1,3.00,0.016,0.983,60,1,0.000,-0.40,idle,none,nan,nan,-2.0000,0.0000,0.0000
22967.621,1.414,exp4,IDLE,CONSISTENT,OK,0,1,3.00,0.016,0.983,60,1,0.000,-0.40,idle,none,nan,nan,-2.0000,0.0000,0.0000
22967.726,1.514,exp4,IDLE,CONSISTENT,OK,0,1,3.00,0.016,0.983,60,1,0.000,-0.40,idle,none,nan,nan,-2.0000,0.0000,0.0000
22967.848,1.614,exp4,IDLE,CONSISTENT,OK,0,1,3.00,0.016,0.983,60,1,0.000,-0.40,idle,none,nan,nan,-2.0000,0.0000,0.0000
22967.974,1.714,exp4,IDLE,CONSISTENT,OK,0,1,3.00,0.016,0.983,60,1,0.000,-0.40,idle,none,nan,nan,-2.0000,0.0000,0.0000
22968.117,1.814,exp4,IDLE,CONSISTENT,OK,0,1,3.00,0.016,0.983,60,1,0.000,-0.40,idle,none,nan,nan,-2.0000,0.0000,0.0000
22968.219,1.914,exp4,IDLE,CONSISTENT,OK,0,1,3.00,0.016,0.983,60,1,0.000,-0.40,idle,none,nan,nan,-2.0000,0.0000,0.0000
22968.331,2.014,exp4,IDLE,CONSISTENT,OK,0,1,3.00,0.016,0.983,60,1,0.000,-0.40,idle,none,nan,nan,-2.0000,0.0000,0.0000
22968.451,2.118,exp4,IDLE,CONSISTENT,OK,0,1,3.00,0.016,0.983,60,1,0.000,-0.40,idle,none,nan,nan,-2.0000,0.0000,0.0000
22968.559,2.214,exp4,IDLE,CONSISTENT,OK,0,1,3.00,0.016,0.983,60,1,0.000,-0.40,idle,none,nan,nan,-2.0000,0.0000,0.0000
22968.687,2.314,exp4,IDLE,CONSISTENT,OK,0,1,3.00,0.016,0.983,60,1,0.000,-0.40,idle,none,nan,nan,-2.0000,0.0000,0.0000
22968.827,2.414,exp4,LOCALIZE,CONSISTENT,OK,0,1,3.00,0.016,0.983,60,1,0.000,-0.40,idle,none,nan,nan,-2.0000,0.0000,0.0000
22968.962,2.514,exp4,NAVIGATE_TO_RAMP,CONSISTENT,OK,0,1,3.00,0.016,0.983,60,1,0.000,-0.40,idle,none,nan,nan,-2.0000,0.0000,0.0000
22969.127,2.614,exp4,NAVIGATE_TO_RAMP,CONSISTENT,OK,0,1,3.00,0.016,0.983,60,1,0.000,-0.40,nav,none,0.2684,-0.0769,-1.9984,-0.0001,-0.0012
22969.300,2.714,exp4,NAVIGATE_TO_RAMP,CONSISTENT,OK,0,1,3.00,0.016,0.983,60,1,0.000,-0.40,nav,none,0.2500,-0.0769,-1.9854,-0.0006,-0.0065
22969.421,2.814,exp4,NAVIGATE_TO_RAMP,CONSISTENT,OK,0,1,3.00,0.016,0.983,60,1,0.000,-0.40,nav,none,0.2526,-0.0769,-1.9616,-0.0013,-0.0123
22969.580,2.914,exp4,NAVIGATE_TO_RAMP,CONSISTENT,OK,0,1,3.00,0.011,0.983,60,1,0.000,-0.40,nav,nav,0.3000,0.0769,-1.9358,-0.0023,-0.0191
22969.708,3.014,exp4,NAVIGATE_TO_RAMP,CONSISTENT,OK,0,1,3.00,0.008,0.983,60,1,0.000,-0.40,nav,nav,0.3000,0.0769,-1.9058,-0.0022,-0.0115
22969.869,3.114,exp4,NAVIGATE_TO_RAMP,CONSISTENT,OK,0,1,3.00,0.012,0.983,60,1,0.000,-0.40,nav,nav,0.2842,0.0256,-1.8769,-0.0021,-0.0079
22970.017,3.214,exp4,NAVIGATE_TO_RAMP,CONSISTENT,OK,0,1,3.00,0.012,0.967,60,1,0.000,-0.40,nav,nav,0.2684,0.0256,-1.8485,-0.0021,-0.0051
22970.157,3.314,exp4,NAVIGATE_TO_RAMP,CONSISTENT,OK,0,1,3.00,0.008,0.983,60,1,0.000,-0.40,nav,nav,0.3000,0.0256,-1.8212,-0.0020,-0.0027
22970.266,3.414,exp4,NAVIGATE_TO_RAMP,CONSISTENT,OK,0,1,3.00,0.007,1.000,60,1,0.000,-0.40,nav,nav,0.3000,0.0256,-1.7912,-0.0018,-0.0001
22970.398,3.514,exp4,NAVIGATE_TO_RAMP,CONSISTENT,OK,0,1,3.00,0.008,1.000,60,1,0.000,-0.40,nav,nav,0.3000,0.0256,-1.7614,-0.0015,0.0024
22970.541,3.614,exp4,NAVIGATE_TO_RAMP,CONSISTENT,OK,0,1,3.00,0.008,1.000,60,1,0.000,-0.40,nav,nav,0.2368,0.0256,-1.7343,-0.0013,0.0048
22970.711,3.714,exp4,NAVIGATE_TO_RAMP,CONSISTENT,OK,0,1,3.00,0.008,1.000,60,1,0.000,-0.40,nav,nav,0.2368,0.0256,-1.7108,-0.0009,0.0072
22970.843,3.814,exp4,NAVIGATE_TO_RAMP,CONSISTENT,OK,0,1,3.00,0.008,1.000,60,1,0.119,-0.40,nav,nav,0.3000,0.1795,-1.6871,-0.0005,0.0099
22970.987,3.914,exp4,NAVIGATE_TO_RAMP,CONSISTENT,OK,0,1,3.00,0.009,0.983,60,1,0.119,-0.40,nav,nav,0.3000,0.1795,-1.6585,0.0009,0.0215
22971.139,4.014,exp4,NAVIGATE_TO_RAMP,CONSISTENT,OK,0,1,3.00,0.014,0.967,60,1,0.119,-0.40,nav,nav,0.3000,0.1282,-1.6285,0.0035,0.0403
22971.297,4.114,exp4,NAVIGATE_TO_RAMP,CONSISTENT,OK,0,1,3.00,0.017,0.983,60,1,0.119,-0.40,nav,nav,0.3000,0.1282,-1.5928,0.0066,0.0564
22971.434,4.214,exp4,NAVIGATE_TO_RAMP,CONSISTENT,OK,0,1,3.00,0.011,1.000,60,1,0.119,-0.40,nav,nav,0.3000,0.0769,-1.5697,0.0089,0.0667
22971.595,4.314,exp4,NAVIGATE_TO_RAMP,CONSISTENT,OK,0,1,3.00,0.011,1.000,60,1,0.119,-0.40,nav,nav,0.2842,0.0769,-1.5407,0.0117,0.0751
22971.742,4.414,exp4,NAVIGATE_TO_RAMP,CONSISTENT,OK,0,1,3.00,0.013,0.983,60,1,0.119,-0.40,nav,nav,0.3000,0.0769,-1.5115,0.0147,0.0827
22971.912,4.514,exp4,NAVIGATE_TO_RAMP,CONSISTENT,OK,0,1,3.00,0.013,0.983,60,1,0.119,-0.40,nav,nav,0.3000,-0.0769,-1.4818,0.0178,0.0899
22972.087,4.614,exp4,NAVIGATE_TO_RAMP,CONSISTENT,OK,0,1,3.00,0.015,0.983,60,1,0.119,-0.40,nav,nav,0.3000,-0.0769,-1.4520,0.0204,0.0877
22972.256,4.714,exp4,NAVIGATE_TO_RAMP,CONSISTENT,OK,0,1,3.00,0.006,1.000,60,1,0.168,-0.40,nav,nav,0.3000,-0.0769,-1.4221,0.0223,0.0800
22972.427,4.814,exp4,NAVIGATE_TO_RAMP,CONSISTENT,OK,0,1,3.00,0.010,1.000,60,1,0.168,-0.40,nav,nav,0.2842,-0.0769,-1.3926,0.0240,0.0729
22972.558,4.914,exp4,NAVIGATE_TO_RAMP,CONSISTENT,OK,0,1,3.00,0.005,1.000,60,1,0.168,-0.40,nav,nav,0.2842,-0.0769,-1.3641,0.0254,0.0655
22972.679,5.014,exp4,NAVIGATE_TO_RAMP,CONSISTENT,OK,0,1,3.00,0.004,1.000,60,1,0.168,-0.40,nav,nav,0.2684,-0.0769,-1.3363,0.0264,0.0579
22972.814,5.114,exp4,NAVIGATE_TO_RAMP,CONSISTENT,OK,0,1,3.00,0.004,0.983,60,1,0.168,-0.40,nav,nav,0.2842,-0.1282,-1.3094,0.0272,0.0501
22972.997,5.214,exp4,NAVIGATE_TO_RAMP,CONSISTENT,OK,0,1,3.00,0.003,0.983,60,1,0.168,-0.40,nav,nav,0.3000,-0.1282,-1.2768,0.0279,0.0408
22973.139,5.314,exp4,NAVIGATE_TO_RAMP,CONSISTENT,OK,0,1,3.00,0.004,0.983,60,1,0.168,-0.39,nav,nav,0.2842,-0.1795,-1.2528,0.0278,0.0302
22973.324,5.422,exp4,NAVIGATE_TO_RAMP,CONSISTENT,OK,0,1,3.00,0.003,0.983,60,1,0.168,-0.40,nav,nav,0.2842,-0.0769,-1.2235,0.0274,0.0162
22973.480,5.514,exp4,NAVIGATE_TO_RAMP,CONSISTENT,OK,0,1,3.00,0.004,0.983,60,1,0.168,-0.40,nav,nav,0.2842,-0.0769,-1.1947,0.0271,0.0083
22973.628,5.614,exp4,NAVIGATE_TO_RAMP,CONSISTENT,OK,0,1,3.00,0.003,0.983,60,1,0.212,-0.40,nav,nav,0.2842,-0.1282,-1.1655,0.0263,-0.0025
22973.762,5.714,exp4,NAVIGATE_TO_RAMP,CONSISTENT,OK,0,1,3.00,0.003,0.983,60,1,0.212,-0.40,nav,nav,0.2842,-0.1282,-1.1368,0.0248,-0.0158
22973.911,5.814,exp4,NAVIGATE_TO_RAMP,CONSISTENT,OK,0,1,3.00,0.003,0.983,60,1,0.212,-0.40,nav,nav,0.2842,-0.1795,-1.1077,0.0228,-0.0312
22974.052,5.914,exp4,NAVIGATE_TO_RAMP,CONSISTENT,OK,0,1,3.00,0.004,0.983,60,1,0.212,-0.40,nav,nav,0.3000,-0.1282,-1.0788,0.0201,-0.0491
22974.201,6.014,exp4,NAVIGATE_TO_RAMP,CONSISTENT,OK,0,1,3.00,0.004,1.000,60,1,0.212,-0.40,nav,nav,0.3000,-0.1282,-1.0489,0.0173,-0.0623
22974.351,6.114,exp4,NAVIGATE_TO_RAMP,CONSISTENT,OK,0,1,3.00,0.003,1.000,60,1,0.212,-0.40,nav,nav,0.3000,-0.0769,-1.0189,0.0142,-0.0750
22974.492,6.214,exp4,NAVIGATE_TO_RAMP,CONSISTENT,OK,0,1,3.00,0.003,1.000,60,1,0.212,-0.40,nav,nav,0.2842,-0.0769,-0.9841,0.0106,-0.0842
22974.600,6.314,exp4,NAVIGATE_TO_RAMP,CONSISTENT,OK,0,1,3.00,0.002,0.983,60,1,0.212,-0.40,nav,nav,0.3000,-0.1282,-0.9606,0.0078,-0.0926
22974.713,6.414,exp4,NAVIGATE_TO_RAMP,CONSISTENT,OK,0,1,3.00,0.003,1.000,60,1,0.212,-0.40,nav,nav,0.3000,-0.1282,-0.9308,0.0038,-0.1054
22974.824,6.514,exp4,NAVIGATE_TO_RAMP,CONSISTENT,OK,0,1,3.00,0.003,1.000,60,1,0.247,-0.40,nav,nav,0.3000,-0.1282,-0.9010,-0.0006,-0.1182
22974.951,6.614,exp4,NAVIGATE_TO_RAMP,CONSISTENT,OK,0,1,3.00,0.003,1.000,60,1,0.247,-0.40,nav,nav,0.3000,-0.1282,-0.8713,-0.0053,-0.1307
22975.073,6.714,exp4,NAVIGATE_TO_RAMP,CONSISTENT,OK,0,1,3.00,0.001,1.000,60,1,0.247,-0.40,nav,nav,0.3000,-0.1282,-0.8420,-0.0104,-0.1432
22975.240,6.814,exp4,NAVIGATE_TO_RAMP,CONSISTENT,OK,0,1,3.00,0.003,1.000,60,1,0.247,-0.40,nav,nav,0.3000,-0.0769,-0.8125,-0.0156,-0.1532
22975.357,6.914,exp4,NAVIGATE_TO_RAMP,CONSISTENT,OK,0,1,3.00,0.008,1.000,60,1,0.247,-0.40,nav,nav,0.2842,-0.1282,-0.7831,-0.0209,-0.1617
22975.506,7.014,exp4,NAVIGATE_TO_RAMP,CONSISTENT,OK,0,1,3.00,0.008,1.000,60,1,0.247,-0.40,nav,nav,0.3000,-0.0769,-0.7547,-0.0264,-0.1720
22975.618,7.114,exp4,NAVIGATE_TO_RAMP,CONSISTENT,OK,0,1,3.00,0.010,1.000,60,1,0.247,-0.40,nav,nav,0.3000,-0.0256,-0.7256,-0.0321,-0.1792
22975.771,7.214,exp4,NAVIGATE_TO_RAMP,CONSISTENT,OK,0,1,3.00,0.008,1.000,60,1,0.247,-0.40,nav,nav,0.2842,-0.0256,-0.6965,-0.0376,-0.1820
22975.911,7.314,exp4,NAVIGATE_TO_RAMP,CONSISTENT,OK,0,1,3.00,0.007,1.000,60,1,0.247,-0.40,nav,nav,0.3000,-0.0256,-0.6678,-0.0431,-0.1843
22976.054,7.414,exp4,NAVIGATE_TO_RAMP,CONSISTENT,OK,0,1,3.00,0.006,1.000,60,1,0.291,-0.40,nav,nav,0.2842,-0.0256,-0.6385,-0.0488,-0.1867
22976.192,7.514,exp4,NAVIGATE_TO_RAMP,CONSISTENT,OK,0,1,3.00,0.005,1.000,60,1,0.291,-0.40,nav,nav,0.2842,-0.0256,-0.6106,-0.0542,-0.1891
22976.369,7.614,exp4,NAVIGATE_TO_RAMP,CONSISTENT,OK,0,1,3.00,0.007,1.000,60,1,0.291,-0.40,nav,nav,0.3000,0.0256,-0.5825,-0.0597,-0.1902
22976.534,7.714,exp4,NAVIGATE_TO_RAMP,CONSISTENT,OK,0,1,3.00,0.007,1.000,60,1,0.291,-0.40,nav,nav,0.2842,0.0256,-0.5531,-0.0652,-0.1878
22976.678,7.814,exp4,NAVIGATE_TO_RAMP,CONSISTENT,OK,0,1,3.00,0.010,1.000,60,1,0.291,-0.40,nav,nav,0.3000,0.1795,-0.5248,-0.0703,-0.1848
22976.812,7.914,exp4,NAVIGATE_TO_RAMP,CONSISTENT,OK,0,1,3.00,0.011,1.000,60,1,0.291,-0.40,nav,nav,0.3000,0.1282,-0.4962,-0.0745,-0.1684
22976.959,8.014,exp4,NAVIGATE_TO_RAMP,CONSISTENT,OK,0,1,3.00,0.012,0.983,60,1,0.291,-0.40,nav,nav,0.3000,0.2308,-0.4678,-0.0781,-0.1520
22977.088,8.114,exp4,NAVIGATE_TO_RAMP,CONSISTENT,OK,0,1,3.00,0.011,1.000,60,1,0.291,-0.40,nav,nav,0.2842,0.2308,-0.4331,-0.0809,-0.1253
22977.235,8.216,exp4,NAVIGATE_TO_RAMP,CONSISTENT,OK,0,1,3.00,0.012,0.983,60,1,0.303,-0.40,nav,nav,0.2842,0.0769,-0.4047,-0.0824,-0.1031
22977.348,8.314,exp4,NAVIGATE_TO_RAMP,CONSISTENT,OK,0,1,3.00,0.012,0.983,60,1,0.303,-0.40,nav,nav,0.3000,0.1795,-0.3820,-0.0840,-0.0957
22977.455,8.414,exp4,NAVIGATE_TO_RAMP,CONSISTENT,OK,0,1,3.00,0.011,1.000,60,1,0.303,-0.40,nav,nav,0.2842,0.1795,-0.3524,-0.0852,-0.0783
22977.615,8.514,exp4,NAVIGATE_TO_RAMP,CONSISTENT,OK,0,1,3.00,0.013,1.000,60,1,0.303,-0.40,nav,nav,0.2842,0.1795,-0.3239,-0.0857,-0.0603
22977.745,8.614,exp4,NAVIGATE_TO_RAMP,CONSISTENT,OK,0,1,3.00,0.013,1.000,60,1,0.303,-0.40,nav,nav,0.2842,0.1795,-0.2946,-0.0856,-0.0422
22977.849,8.716,exp4,NAVIGATE_TO_RAMP,CONSISTENT,OK,0,1,3.00,0.016,0.983,60,1,0.303,-0.40,nav,nav,0.3000,0.2308,-0.2601,-0.0847,-0.0187
22977.964,8.814,exp4,NAVIGATE_TO_RAMP,CONSISTENT,OK,0,1,3.00,0.014,0.967,60,1,0.303,-0.40,nav,nav,0.2842,0.2308,-0.2364,-0.0832,0.0006
22978.109,8.914,exp4,NAVIGATE_TO_RAMP,CONSISTENT,OK,0,1,3.00,0.016,0.967,60,1,0.303,-0.40,nav,nav,0.3000,0.2308,-0.2074,-0.0807,0.0248
22978.258,9.014,exp4,NAVIGATE_TO_RAMP,CONSISTENT,OK,0,1,3.00,0.014,0.967,60,1,0.303,-0.40,nav,nav,0.3000,0.2308,-0.1784,-0.0779,0.0451
22978.415,9.114,exp4,NAVIGATE_TO_RAMP,CONSISTENT,OK,0,1,3.00,0.015,0.967,60,1,0.303,-0.40,nav,nav,0.2842,0.2821,-0.1485,-0.0741,0.0709
22978.561,9.214,exp4,NAVIGATE_TO_RAMP,CONSISTENT,OK,0,1,3.00,0.016,0.967,60,1,0.323,-0.40,nav,nav,0.2842,0.3333,-0.1189,-0.0692,0.0990
22978.711,9.316,exp4,NAVIGATE_TO_RAMP,CONSISTENT,OK,0,1,3.00,0.014,0.967,60,1,0.323,-0.40,nav,nav,0.3000,0.2821,-0.0900,-0.0634,0.1299
22978.852,9.414,exp4,NAVIGATE_TO_RAMP,CONSISTENT,OK,0,1,3.00,0.015,0.967,60,1,0.323,-0.40,nav,nav,0.2842,0.3846,-0.0603,-0.0569,0.1576
22979.000,9.514,exp4,NAVIGATE_TO_RAMP,CONSISTENT,OK,0,1,3.00,0.018,0.967,60,1,0.323,-0.40,nav,nav,0.2842,0.3846,-0.0323,-0.0495,0.1942
22979.145,9.614,exp4,NAVIGATE_TO_RAMP,CONSISTENT,OK,0,1,3.00,0.016,0.967,60,1,0.323,-0.40,nav,nav,0.2842,0.3846,-0.0039,-0.0406,0.2314
22979.296,9.714,exp4,NAVIGATE_TO_RAMP,CONSISTENT,OK,0,1,3.00,0.018,0.950,60,1,0.323,-0.40,nav,nav,0.2842,0.3846,0.0236,-0.0311,0.2666
22979.431,9.814,exp4,NAVIGATE_TO_RAMP,CONSISTENT,OK,0,1,3.00,0.016,0.967,60,1,0.323,-0.40,nav,nav,0.3000,0.3846,0.0518,-0.0208,0.2976
22979.533,9.914,exp4,NAVIGATE_TO_RAMP,CONSISTENT,OK,0,1,3.00,0.017,0.967,60,1,0.329,-0.40,nav,nav,0.2842,0.4359,0.0803,-0.0094,0.3310
22979.652,10.014,exp4,NAVIGATE_TO_RAMP,CONSISTENT,OK,0,1,3.00,0.021,0.950,60,1,0.329,-0.40,nav,nav,0.2684,0.3846,0.1069,0.0024,0.3677
22979.787,10.114,exp4,NAVIGATE_TO_RAMP,CONSISTENT,OK,0,1,3.00,0.017,0.967,60,1,0.329,-0.40,nav,nav,0.2526,0.3333,0.1314,0.0140,0.3990
22979.928,10.214,exp4,NAVIGATE_TO_RAMP,CONSISTENT,OK,0,1,3.00,0.017,0.967,60,1,0.329,-0.40,nav,nav,0.2842,0.3333,0.1544,0.0254,0.4258
22980.148,10.314,exp4,NAVIGATE_TO_RAMP,CONSISTENT,OK,0,1,3.00,0.020,0.950,60,1,0.329,-0.40,nav,nav,0.2211,0.2821,0.1776,0.0371,0.4453
22980.270,10.414,exp4,NAVIGATE_TO_RAMP,CONSISTENT,OK,0,1,3.00,0.016,0.967,60,1,0.329,-0.40,nav,nav,0.2053,0.2821,0.1969,0.0475,0.4674
22980.433,10.514,exp4,NAVIGATE_TO_RAMP,CONSISTENT,OK,0,1,3.00,0.026,0.917,60,1,0.306,-0.40,nav,nav,0.1895,0.2308,0.2141,0.0572,0.4888
22980.593,10.614,exp4,NAVIGATE_TO_RAMP,CONSISTENT,OK,0,1,3.00,0.024,0.933,60,1,0.306,-0.40,nav,nav,0.1737,0.2308,0.2301,0.0665,0.5062
22980.754,10.714,exp4,NAVIGATE_TO_RAMP,CONSISTENT,OK,0,1,3.00,0.020,0.917,60,1,0.306,-0.40,nav,nav,0.1579,0.2308,0.2446,0.0752,0.5214
22980.922,10.814,exp4,NAVIGATE_TO_RAMP,CONSISTENT,OK,0,1,3.00,0.026,0.900,60,1,0.306,-0.40,nav,nav,0.1579,0.2308,0.2579,0.0834,0.5365
22981.034,10.914,exp4,NAVIGATE_TO_RAMP,CONSISTENT,OK,0,1,3.00,0.025,0.933,60,1,0.306,-0.40,nav,nav,0.1421,0.1795,0.2707,0.0915,0.5505
22981.134,11.014,exp4,NAVIGATE_TO_RAMP,CONSISTENT,OK,0,1,3.00,0.028,0.917,60,1,0.306,-0.40,nav,nav,0.1263,0.2308,0.2824,0.0991,0.5627
22981.240,11.114,exp4,NAVIGATE_TO_RAMP,CONSISTENT,OK,0,1,3.00,0.031,0.900,60,1,0.306,-0.40,nav,nav,0.1263,0.2308,0.2926,0.1060,0.5777
22981.341,11.214,exp4,NAVIGATE_TO_RAMP,CONSISTENT,OK,0,1,3.00,0.038,0.883,60,1,0.306,-0.40,nav,nav,0.1263,0.2308,0.3027,0.1129,0.5923
22981.450,11.314,exp4,NAVIGATE_TO_RAMP,CONSISTENT,OK,0,1,3.00,0.038,0.850,60,1,0.306,-0.40,nav,nav,0.1263,0.2308,0.3127,0.1201,0.6073
22981.551,11.414,exp4,NAVIGATE_TO_RAMP,CONSISTENT,OK,0,1,3.00,0.043,0.867,60,1,0.306,-0.40,nav,nav,0.0947,0.1795,0.3222,0.1269,0.6218
22981.652,11.514,exp4,NAVIGATE_TO_RAMP,CONSISTENT,OK,0,1,3.00,0.048,0.833,60,1,0.285,-0.40,nav,nav,0.0947,0.0256,0.3297,0.1325,0.6323
22981.754,11.614,exp4,NAVIGATE_TO_RAMP,CONSISTENT,OK,0,1,3.00,0.043,0.833,60,1,0.285,-0.40,nav,nav,0.0789,0.1795,0.3371,0.1379,0.6348
22981.852,11.714,exp4,NAVIGATE_TO_RAMP,CONSISTENT,OK,0,1,3.00,0.043,0.833,60,1,0.285,-0.40,nav,nav,0.0789,0.0769,0.3433,0.1426,0.6453
22981.957,11.814,exp4,NAVIGATE_TO_RAMP,CONSISTENT,OK,0,1,3.00,0.055,0.767,60,1,0.285,-0.40,nav,nav,0.0789,0.0000,0.3496,0.1474,0.6492
22982.082,11.914,exp4,NAVIGATE_TO_RAMP,CONSISTENT,OK,0,1,3.00,0.047,0.833,60,1,0.285,-0.40,nav,nav,0.0789,0.0000,0.3558,0.1522,0.6494
22982.186,12.018,exp4,NAVIGATE_TO_RAMP,CONSISTENT,OK,0,1,3.00,0.045,0.850,60,1,0.285,-0.40,nav,nav,0.0789,0.0000,0.3621,0.1569,0.6494
22982.280,12.114,exp4,NAVIGATE_TO_RAMP,CONSISTENT,OK,0,1,3.00,0.043,0.850,60,1,0.285,-0.40,nav,nav,0.0789,0.0000,0.3684,0.1617,0.6494
22982.385,12.214,exp4,NAVIGATE_TO_RAMP,CONSISTENT,OK,0,1,3.00,0.042,0.850,60,1,0.285,-0.40,nav,nav,0.0789,0.0000,0.3745,0.1664,0.6496
22982.480,12.314,exp4,NAVIGATE_TO_RAMP,CONSISTENT,OK,0,1,3.00,0.043,0.850,60,1,0.285,-0.40,nav,nav,0.0789,0.0000,0.3808,0.1711,0.6496
22982.581,12.414,exp4,NAVIGATE_TO_RAMP,CONSISTENT,OK,0,1,3.00,0.048,0.817,60,1,0.285,-0.40,nav,nav,0.0789,0.0000,0.3871,0.1759,0.6496
22982.681,12.514,exp4,NAVIGATE_TO_RAMP,CONSISTENT,OK,0,1,3.00,0.049,0.817,60,1,0.285,-0.40,nav,nav,0.0789,0.0000,0.3933,0.1806,0.6499
22982.785,12.614,exp4,NAVIGATE_TO_RAMP,CONSISTENT,OK,0,1,3.00,0.049,0.817,60,1,0.285,-0.40,nav,nav,0.0632,0.0256,0.3989,0.1849,0.6507
22982.884,12.714,exp4,NAVIGATE_TO_RAMP,CONSISTENT,OK,0,1,3.00,0.049,0.817,60,1,0.285,-0.40,nav,nav,0.0632,0.0256,0.4039,0.1887,0.6525
22982.997,12.818,exp4,NAVIGATE_TO_RAMP,CONSISTENT,OK,0,1,3.00,0.039,0.833,60,1,0.285,-0.40,nav,nav,0.0632,0.0256,0.4098,0.1933,0.6548
22983.094,12.914,exp4,NAVIGATE_TO_RAMP,CONSISTENT,OK,0,1,3.00,0.040,0.833,60,1,0.285,-0.40,nav,nav,0.0474,0.0769,0.4130,0.1957,0.6587
22983.207,13.014,exp4,NAVIGATE_TO_RAMP,CONSISTENT,OK,0,1,3.00,0.047,0.817,60,1,0.285,-0.40,nav,nav,0.0316,0.1795,0.4158,0.1979,0.6683
22983.310,13.114,exp4,NAVIGATE_TO_RAMP,CONSISTENT,OK,0,1,3.00,0.054,0.767,60,1,0.285,-0.40,nav,nav,0.0316,0.1282,0.4183,0.1999,0.6810
22983.410,13.214,exp4,NAVIGATE_TO_RAMP,CONSISTENT,OK,0,1,3.00,0.058,0.750,60,1,0.285,-0.40,nav,nav,0.0000,-0.5385,0.4207,0.2019,0.6905
22983.510,13.314,exp4,NAVIGATE_TO_RAMP,CONSISTENT,OK,0,1,3.00,0.062,0.733,60,1,0.285,-0.40,nav,nav,0.0000,-0.5385,0.4213,0.2024,0.6920
22983.615,13.416,exp4,NAVIGATE_TO_RAMP,CONSISTENT,OK,0,1,3.00,0.047,0.833,60,1,0.285,-0.40,nav,nav,0.0000,-0.5385,0.4213,0.2024,0.6792
22983.712,13.514,exp4,NAVIGATE_TO_RAMP,CONSISTENT,OK,0,1,3.00,0.047,0.833,60,1,0.285,-0.40,nav,nav,0.0000,-0.4872,0.4213,0.2024,0.6592
22983.822,13.614,exp4,NAVIGATE_TO_RAMP,CONSISTENT,OK,0,1,3.00,0.032,0.867,60,1,0.285,-0.40,nav,nav,0.0000,-0.4872,0.4216,0.2024,0.6281
22983.922,13.714,exp4,NAVIGATE_TO_RAMP,CONSISTENT,OK,0,1,3.00,0.022,0.917,60,1,0.285,-0.40,nav,nav,0.0000,-0.4872,0.4220,0.2024,0.5961
22984.033,13.814,exp4,NAVIGATE_TO_RAMP,CONSISTENT,OK,0,1,3.00,0.019,0.933,60,1,0.285,-0.40,nav,nav,0.0000,-0.4359,0.4225,0.2024,0.5648
22984.133,13.914,exp4,NAVIGATE_TO_RAMP,CONSISTENT,OK,0,1,3.00,0.017,0.950,60,1,0.285,-0.40,nav,nav,0.0000,-0.3846,0.4228,0.2024,0.5330
22984.248,14.014,exp4,NAVIGATE_TO_RAMP,CONSISTENT,OK,0,1,3.00,0.013,0.950,60,1,0.285,-0.40,nav,nav,0.0000,-0.3846,0.4228,0.2016,0.5029
22984.350,14.114,exp4,NAVIGATE_TO_RAMP,CONSISTENT,OK,0,1,3.00,0.009,1.000,60,1,0.285,-0.40,nav,nav,0.0000,-0.3333,0.4228,0.2005,0.4731
22984.452,14.214,exp4,NAVIGATE_TO_RAMP,CONSISTENT,OK,0,1,3.00,0.008,0.983,60,1,0.285,-0.40,nav,nav,0.0000,-0.3333,0.4228,0.1993,0.4461
22984.551,14.314,exp4,NAVIGATE_TO_RAMP,CONSISTENT,OK,0,1,3.00,0.006,1.000,60,1,0.285,-0.40,nav,nav,0.0000,-0.2821,0.4228,0.1981,0.4194
22984.658,14.414,exp4,NAVIGATE_TO_RAMP,CONSISTENT,OK,0,1,3.00,0.005,1.000,60,1,0.292,-0.40,nav,nav,0.0000,-0.2308,0.4228,0.1969,0.3970
22984.759,14.514,exp4,NAVIGATE_TO_RAMP,CONSISTENT,OK,0,1,3.00,0.007,0.983,60,1,0.292,-0.40,nav,nav,0.0000,-0.2308,0.4228,0.1959,0.3775
22984.875,14.616,exp4,NAVIGATE_TO_RAMP,CONSISTENT,OK,0,1,3.00,0.010,1.000,60,1,0.292,-0.40,nav,nav,0.0000,-0.2308,0.4228,0.1945,0.3538
22984.977,14.714,exp4,NAVIGATE_TO_RAMP,CONSISTENT,OK,0,1,3.00,0.010,1.000,60,1,0.292,-0.40,nav,nav,0.0000,-0.2308,0.4228,0.1935,0.3378
22985.074,14.814,exp4,NAVIGATE_TO_RAMP,CONSISTENT,OK,0,1,3.00,0.021,0.933,60,1,0.292,-0.40,nav,nav,0.0000,-0.1795,0.4228,0.1924,0.3197
22985.174,14.914,exp4,NAVIGATE_TO_RAMP,CONSISTENT,OK,0,1,3.00,0.021,0.933,60,1,0.292,-0.40,nav,nav,0.0000,-0.1795,0.4228,0.1914,0.3039
22985.274,15.014,exp4,NAVIGATE_TO_RAMP,CONSISTENT,OK,0,1,3.00,0.023,0.917,60,1,0.292,-0.40,nav,nav,0.0000,-0.1795,0.4228,0.1903,0.2878
22985.380,15.118,exp4,NAVIGATE_TO_RAMP,CONSISTENT,OK,0,1,3.00,0.027,0.900,60,1,0.292,-0.40,nav,nav,0.0000,-0.1795,0.4228,0.1892,0.2717
22985.474,15.214,exp4,ALIGN_FOR_CLIMB,CONSISTENT,OK,0,1,3.00,0.028,0.883,60,1,0.292,-0.40,nav,nav,0.0000,-0.0195,0.4228,0.1884,0.2606
22985.581,15.318,exp4,CLIMB,CONSISTENT,OK,0,1,3.00,0.013,0.967,60,1,0.274,-0.40,idle,none,0.0000,0.0000,0.4228,0.1883,0.2590
22985.677,15.414,exp4,CLIMB,CONSISTENT,OK,0,1,3.00,0.013,0.967,60,1,0.274,-0.40,idle,none,0.0000,0.0000,0.4228,0.1883,0.2590
22985.782,15.514,exp4,CLIMB,CONSISTENT,OK,0,1,3.00,0.013,0.967,60,1,0.274,-0.40,idle,none,0.0000,0.0000,0.4228,0.1883,0.2590
22985.881,15.614,exp4,CLIMB,CONSISTENT,OK,0,1,3.00,0.013,0.967,60,1,0.274,-0.40,idle,none,0.0000,0.0000,0.4228,0.1883,0.2590
22985.984,15.714,exp4,CLIMB,CONSISTENT,OK,0,1,3.00,0.013,0.967,60,1,0.274,-0.40,idle,none,0.0000,0.0000,0.4228,0.1883,0.2590
22986.085,15.814,exp4,CLIMB,CONSISTENT,OK,0,1,3.00,0.007,1.000,60,1,0.274,-0.40,rl,none,0.0000,0.0000,0.4228,0.1883,0.2590
22986.184,15.914,exp4,CLIMB,CONSISTENT,OK,0,1,3.00,0.007,1.000,60,1,0.274,-0.40,rl,none,0.0000,0.0000,0.4228,0.1883,0.2590
22986.285,16.014,exp4,CLIMB,CONSISTENT,OK,0,1,3.00,0.007,1.000,60,1,0.274,-0.40,rl,none,0.0000,0.0000,0.4228,0.1883,0.2590
22986.394,16.114,exp4,CLIMB,CONSISTENT,OK,0,1,3.00,0.007,1.000,60,1,0.274,-0.40,rl,none,0.0000,0.0000,0.4228,0.1883,0.2590
22986.493,16.214,exp4,CLIMB,CONSISTENT,OK,0,1,3.00,0.007,1.000,60,1,0.274,-0.40,rl,none,0.0000,0.0000,0.4228,0.1883,0.2590
22986.601,16.314,exp4,CLIMB,CONSISTENT,OK,0,1,3.00,0.007,1.000,60,1,0.274,-0.40,rl,none,0.0000,0.0000,0.4228,0.1883,0.2590
22986.701,16.414,exp4,CLIMB,CONSISTENT,OK,0,1,3.00,0.007,1.000,60,1,0.274,-0.40,rl,none,0.0000,0.0000,0.4228,0.1883,0.2590
22986.801,16.514,exp4,CLIMB,CONSISTENT,OK,0,1,3.00,0.007,1.000,60,1,0.274,-0.40,rl,none,0.0000,0.0000,0.4228,0.1883,0.2590
22986.901,16.614,exp4,CLIMB,CONSISTENT,OK,0,1,3.00,0.007,1.000,60,1,0.274,-0.40,rl,none,0.0000,0.0000,0.4228,0.1883,0.2590
22987.002,16.714,exp4,CLIMB,CONSISTENT,OK,0,1,3.00,0.007,1.000,60,1,0.274,-0.40,rl,none,0.0000,0.0000,0.4228,0.1883,0.2590
22987.101,16.814,exp4,CLIMB,CONSISTENT,OK,0,1,3.00,0.007,1.000,60,1,0.274,-0.40,rl,none,0.0000,0.0000,0.4228,0.1883,0.2590
22987.220,16.914,exp4,CLIMB,CONSISTENT,OK,0,1,3.00,0.007,1.000,60,1,0.274,-0.40,rl,none,0.0000,0.0000,0.4228,0.1883,0.2590
22987.320,17.014,exp4,CLIMB,CONSISTENT,OK,0,1,3.00,0.007,1.000,60,1,0.274,-0.40,rl,none,0.0000,0.0000,0.4228,0.1883,0.2590
22987.425,17.114,exp4,CLIMB,CONSISTENT,OK,0,1,3.00,0.007,1.000,60,1,0.274,-0.40,rl,none,0.0000,0.0000,0.4228,0.1883,0.2590
22987.525,17.214,exp4,CLIMB,CONSISTENT,OK,0,1,3.00,0.007,1.000,60,1,0.274,-0.40,rl,none,0.0000,0.0000,0.4228,0.1883,0.2590
22987.630,17.314,exp4,CLIMB,CONSISTENT,OK,0,1,3.00,0.007,1.000,60,1,0.274,-0.40,rl,none,0.0000,0.0000,0.4228,0.1883,0.2590
22987.730,17.414,exp4,CLIMB,CONSISTENT,OK,0,1,3.00,0.007,1.000,60,1,0.274,-0.40,rl,none,0.0000,0.0000,0.4228,0.1883,0.2590
22987.835,17.514,exp4,CLIMB,CONSISTENT,OK,0,1,3.00,0.007,1.000,60,1,0.274,-0.40,rl,none,0.0000,0.0000,0.4228,0.1883,0.2590
22987.935,17.614,exp4,CLIMB,CONSISTENT,OK,0,1,3.00,0.007,1.000,60,1,0.274,-0.40,rl,none,0.0000,0.0000,0.4228,0.1883,0.2590
22988.037,17.714,exp4,CLIMB,CONSISTENT,OK,0,1,3.00,0.007,1.000,60,1,0.274,-0.40,rl,none,0.0000,0.0000,0.4228,0.1883,0.2590
22988.142,17.814,exp4,CLIMB,CONSISTENT,OK,0,1,3.00,0.007,1.000,60,1,0.274,-0.40,rl,none,0.0000,0.0000,0.4228,0.1883,0.2590
22988.244,17.914,exp4,CLIMB,CONSISTENT,OK,0,1,3.00,0.007,1.000,60,1,0.274,-0.40,rl,none,0.0000,0.0000,0.4228,0.1883,0.2590
22988.345,18.014,exp4,CLIMB,CONSISTENT,OK,0,1,3.00,0.007,1.000,60,1,0.274,-0.40,rl,none,0.0000,0.0000,0.4228,0.1883,0.2590
22988.446,18.114,exp4,CLIMB,CONSISTENT,OK,0,1,3.00,0.007,1.000,60,1,0.274,-0.40,rl,none,0.0000,0.0000,0.4228,0.1883,0.2590
22988.551,18.214,exp4,CLIMB,CONSISTENT,OK,0,1,3.00,0.007,1.000,60,1,0.274,-0.40,rl,none,0.0000,0.0000,0.4228,0.1883,0.2590
22988.650,18.314,exp4,CLIMB,CONSISTENT,OK,0,1,3.00,0.007,1.000,60,1,0.274,-0.40,rl,none,0.0000,0.0000,0.4228,0.1883,0.2590
22988.755,18.414,exp4,CLIMB,CONSISTENT,OK,0,1,3.00,0.007,1.000,60,1,0.274,-0.40,rl,none,0.0000,0.0000,0.4228,0.1883,0.2590
22988.856,18.514,exp4,CLIMB,CONSISTENT,OK,0,1,3.00,0.007,1.000,60,1,0.274,-0.40,rl,none,0.0000,0.0000,0.4228,0.1883,0.2590
22988.999,18.614,exp4,CLIMB,CONSISTENT,OK,0,1,3.00,0.007,1.000,60,1,0.274,-0.40,rl,none,0.0000,0.0000,0.4228,0.1883,0.2590
22989.115,18.714,exp4,CLIMB,CONSISTENT,OK,0,1,3.00,0.007,1.000,60,1,0.274,-0.40,rl,none,0.0000,0.0000,0.4228,0.1883,0.2590
22989.222,18.814,exp4,CLIMB,CONSISTENT,OK,0,1,3.00,0.007,1.000,60,1,0.274,-0.40,rl,none,0.0000,0.0000,0.4228,0.1883,0.2590
22989.326,18.914,exp4,CLIMB,CONSISTENT,OK,0,1,3.00,0.007,1.000,60,1,0.274,-0.40,rl,none,0.0000,0.0000,0.4228,0.1883,0.2590
22989.427,19.014,exp4,CLIMB,CONSISTENT,OK,0,1,3.00,0.007,1.000,60,1,0.274,-0.40,rl,none,0.0000,0.0000,0.4228,0.1883,0.2590
22989.526,19.114,exp4,CLIMB,CONSISTENT,OK,0,1,3.00,0.007,1.000,60,1,0.274,-0.40,rl,none,0.0000,0.0000,0.4228,0.1883,0.2590
22989.626,19.214,exp4,CLIMB,CONSISTENT,OK,0,1,3.00,0.007,1.000,60,1,0.274,-0.40,rl,none,0.0000,0.0000,0.4228,0.1883,0.2590
22989.729,19.314,exp4,CLIMB,CONSISTENT,OK,0,1,3.00,0.007,1.000,60,1,0.274,-0.40,rl,none,0.0000,0.0000,0.4228,0.1883,0.2590
22989.833,19.414,exp4,CLIMB,CONSISTENT,OK,0,1,3.00,0.007,1.000,60,1,0.274,-0.40,rl,none,0.0000,0.0000,0.4228,0.1883,0.2590
22989.933,19.514,exp4,CLIMB,CONSISTENT,OK,0,1,3.00,0.007,1.000,60,1,0.274,-0.40,rl,none,0.0000,0.0000,0.4228,0.1883,0.2590
22990.038,19.614,exp4,CLIMB,CONSISTENT,OK,0,1,3.00,0.007,1.000,60,1,0.274,-0.40,rl,none,0.0000,0.0000,0.4228,0.1883,0.2590
22990.142,19.714,exp4,CLIMB,CONSISTENT,OK,0,1,3.00,0.007,1.000,60,1,0.274,-0.40,rl,none,0.0000,0.0000,0.4228,0.1883,0.2590
22990.242,19.814,exp4,CLIMB,CONSISTENT,OK,0,1,3.00,0.007,1.000,60,1,0.274,-0.40,rl,none,0.0000,0.0000,0.4228,0.1883,0.2590
22990.342,19.914,exp4,CLIMB,CONSISTENT,OK,0,1,3.00,0.007,1.000,60,1,0.274,-0.40,rl,none,0.0000,0.0000,0.4228,0.1883,0.2590
22990.445,20.014,exp4,CLIMB,CONSISTENT,OK,0,1,3.00,0.007,1.000,60,1,0.274,-0.40,rl,none,0.0000,0.0000,0.4228,0.1883,0.2590
22990.544,20.114,exp4,CLIMB,CONSISTENT,OK,0,1,3.00,0.007,1.000,60,1,0.274,-0.40,rl,rl,0.0927,-0.0756,0.4252,0.1889,0.2571
22990.650,20.214,exp4,CLIMB,CONSISTENT,OK,0,1,3.00,0.006,1.000,60,1,0.274,-0.40,rl,rl,0.1626,-0.1321,0.4352,0.1910,0.2500
22990.752,20.314,exp4,CLIMB,CONSISTENT,OK,0,1,3.00,0.008,1.000,60,1,0.274,-0.40,rl,rl,0.2153,-0.1726,0.4511,0.1941,0.2380
22990.860,20.414,exp4,CLIMB,CONSISTENT,OK,0,1,3.00,0.011,0.983,60,1,0.274,-0.40,rl,rl,0.2551,-0.2003,0.4720,0.1978,0.2227
22990.960,20.514,exp4,CLIMB,CONSISTENT,OK,0,1,3.00,0.012,0.983,60,1,0.274,-0.40,rl,rl,0.2853,-0.2164,0.4968,0.2018,0.2044
22991.066,20.614,exp4,CLIMB,CONSISTENT,OK,0,1,3.00,0.012,0.983,60,1,0.274,-0.40,rl,rl,0.2853,-0.2164,0.5243,0.2057,0.1845
22991.166,20.714,exp4,CLIMB,CONSISTENT,OK,0,1,3.00,0.015,0.967,60,1,0.274,-0.40,rl,rl,0.3083,-0.2228,0.5538,0.2093,0.1637
22991.268,20.814,exp4,CLIMB,CONSISTENT,OK,0,1,3.00,0.015,0.950,60,1,0.274,-0.40,rl,rl,0.3259,-0.2225,0.5855,0.2124,0.1423
22991.370,20.914,exp4,CLIMB,CONSISTENT,OK,0,1,3.00,0.015,0.950,60,1,0.274,-0.40,rl,rl,0.3394,-0.2155,0.6184,0.2150,0.1209
22991.471,21.014,exp4,CLIMB,CONSISTENT,OK,0,1,3.00,0.015,0.950,60,1,0.274,-0.40,rl,rl,0.3498,-0.2045,0.6526,0.2170,0.1000
22991.571,21.114,exp4,CLIMB,CONSISTENT,OK,0,1,3.00,0.013,0.967,60,1,0.274,-0.40,rl,rl,0.3579,-0.1892,0.6877,0.2185,0.0799
22991.672,21.214,exp4,CLIMB,CONSISTENT,OK,0,1,3.00,0.012,0.967,60,1,0.274,-0.40,rl,rl,0.3642,-0.1720,0.7236,0.2193,0.0611
22991.773,21.314,exp4,CLIMB,CONSISTENT,OK,0,1,3.00,0.012,0.983,60,1,0.287,-0.40,rl,rl,0.3692,-0.1526,0.7600,0.2197,0.0436
22991.871,21.414,exp4,CLIMB,CONSISTENT,OK,0,1,3.00,0.012,0.983,60,1,0.287,-0.40,rl,rl,0.3732,-0.1330,0.7970,0.2196,0.0279
22991.971,21.514,exp4,CLIMB,CONSISTENT,OK,0,1,3.00,0.008,0.983,60,1,0.287,-0.40,rl,rl,0.3764,-0.1126,0.8343,0.2192,0.0139
22992.077,21.614,exp4,CLIMB,CONSISTENT,OK,0,1,3.00,0.008,0.983,60,1,0.287,-0.40,rl,rl,0.3764,-0.1126,0.8719,0.2184,0.0018
22992.177,21.714,exp4,CLIMB,CONSISTENT,OK,0,1,3.00,0.008,1.000,60,1,0.287,-0.40,rl,rl,0.3789,-0.0924,0.9094,0.2176,-0.0065
22992.278,21.814,exp4,CLIMB,CONSISTENT,OK,0,1,3.00,0.006,1.000,60,1,0.287,-0.40,rl,rl,0.3813,-0.0750,0.9460,0.2173,-0.0065
22992.378,21.914,exp4,CLIMB,CONSISTENT,OK,0,1,3.00,0.017,1.000,60,1,0.287,-0.40,rl,rl,0.3837,-0.0619,0.9826,0.2171,-0.0065
22992.476,22.014,exp4,CLIMB,CONSISTENT,OK,0,1,3.00,0.074,0.633,60,1,0.302,-0.40,rl,rl,0.3858,-0.0519,1.0193,0.2168,-0.0065
22992.576,22.114,exp4,CLIMB,CONSISTENT,OK,0,1,3.00,0.165,0.600,60,1,0.302,-0.40,rl,rl,0.3878,-0.0443,1.0559,0.2166,-0.0065
22992.677,22.214,exp4,CLIMB,CONSISTENT,OK,0,1,3.00,0.089,0.804,56,1,0.302,-0.40,rl,rl,0.3898,-0.0383,1.0925,0.2164,-0.0065
22992.776,22.314,exp4,CLIMB,CONSISTENT,OK,0,1,3.00,0.131,0.806,36,1,0.302,-0.40,rl,rl,0.3914,-0.0340,1.1270,0.2162,-0.0061
22992.878,22.416,exp4,CLIMB,CONSISTENT,OK,0,1,3.00,0.161,0.735,34,1,0.302,-0.40,rl,rl,0.3926,-0.0309,1.1637,0.2160,-0.0061
22992.975,22.514,exp4,CLIMB,CONSISTENT,OK,0,1,3.00,0.161,0.735,34,1,0.302,-0.40,rl,rl,0.3935,-0.0285,1.2006,0.2157,-0.0061
22993.076,22.614,exp4,CLIMB,CONSISTENT,OK,0,1,3.00,0.144,0.765,34,1,0.302,-0.40,rl,rl,0.3935,-0.0285,1.2376,0.2155,-0.0061
22993.178,22.714,exp4,CLIMB,UNKNOWN,OFF_MAPPED_GROUND,0,1,2.90,0.136,0.735,34,0,0.330,-0.40,rl,rl,0.3940,-0.0266,1.2747,0.2153,-0.0061
22993.282,22.814,exp4,CLIMB,UNKNOWN,OFF_MAPPED_GROUND,0,1,2.80,0.130,0.758,33,0,0.330,-0.40,rl,rl,0.3944,-0.0252,1.3118,0.2151,-0.0061
22993.386,22.914,exp4,CLIMB,UNKNOWN,OFF_MAPPED_GROUND,0,1,2.70,0.120,0.788,33,0,0.330,-0.40,rl,rl,0.3946,-0.0240,1.3490,0.2148,-0.0061
22993.486,23.014,exp4,CLIMB,UNKNOWN,OFF_MAPPED_GROUND,0,1,2.60,0.112,0.781,32,0,0.330,-0.40,rl,rl,0.3946,-0.0231,1.3862,0.2146,-0.0061
22993.586,23.114,exp4,CLIMB,UNKNOWN,OFF_MAPPED_GROUND,0,1,2.50,0.107,0.781,32,0,0.330,-0.40,rl,rl,0.3946,-0.0224,1.4234,0.2144,-0.0061
22993.686,23.214,exp4,CLIMB,UNKNOWN,OFF_MAPPED_GROUND,0,1,2.40,0.091,0.812,32,0,0.330,-0.40,rl,rl,0.3945,-0.0218,1.4606,0.2142,-0.0061
22993.788,23.314,exp4,CLIMB,UNKNOWN,OFF_MAPPED_GROUND,0,1,2.30,0.084,0.812,32,0,0.330,-0.40,rl,rl,0.3944,-0.0213,1.4978,0.2139,-0.0061
22993.888,23.414,exp4,CLIMB,UNKNOWN,OFF_MAPPED_GROUND,0,1,2.20,0.078,0.812,32,0,0.361,-0.40,rl,rl,0.3942,-0.0208,1.5350,0.2137,-0.0061
22993.993,23.514,exp4,CLIMB,UNKNOWN,OFF_MAPPED_GROUND,0,1,2.10,0.075,0.812,32,0,0.361,-0.40,rl,rl,0.3939,-0.0204,1.5722,0.2135,-0.0061
22994.097,23.614,exp4,CLIMB,UNKNOWN,OFF_MAPPED_GROUND,0,1,2.00,0.064,0.844,32,0,0.361,-0.40,rl,rl,0.3939,-0.0204,1.6094,0.2132,-0.0061
22994.209,23.714,exp4,CLIMB,UNKNOWN,OFF_MAPPED_GROUND,0,1,1.90,0.063,0.806,31,0,0.361,-0.40,rl,rl,0.3937,-0.0200,1.6465,0.2130,-0.0061
22994.309,23.814,exp4,CLIMB,UNKNOWN,OFF_MAPPED_GROUND,0,1,1.80,0.038,0.900,30,0,0.361,-0.40,rl,rl,0.3934,-0.0197,1.6837,0.2128,-0.0062
22994.422,23.914,exp4,CLIMB,UNKNOWN,OFF_MAPPED_GROUND,0,1,1.70,0.035,0.933,30,0,0.361,-0.40,rl,rl,0.3931,-0.0193,1.7208,0.2126,-0.0062
22994.521,24.014,exp4,CLIMB,UNKNOWN,OFF_MAPPED_GROUND,0,1,1.60,0.032,0.933,30,0,0.361,-0.40,rl,rl,0.3928,-0.0190,1.7579,0.2123,-0.0062
22994.628,24.114,exp4,CLIMB,UNKNOWN,OFF_MAPPED_GROUND,0,1,1.50,0.028,0.933,30,0,0.395,-0.40,rl,rl,0.3925,-0.0187,1.7950,0.2121,-0.0062
22994.727,24.214,exp4,CLIMB,UNKNOWN,OFF_MAPPED_GROUND,0,1,1.40,0.027,0.933,30,0,0.395,-0.40,rl,rl,0.3922,-0.0184,1.8320,0.2119,-0.0062
22994.832,24.314,exp4,CLIMB,UNKNOWN,OFF_MAPPED_GROUND,0,1,1.30,0.025,0.933,30,0,0.395,-0.40,rl,rl,0.3918,-0.0181,1.8690,0.2116,-0.0063
22994.933,24.414,exp4,CLIMB,UNKNOWN,OFF_MAPPED_GROUND,0,1,1.20,0.023,0.900,30,0,0.395,-0.40,rl,rl,0.3915,-0.0178,1.9060,0.2114,-0.0063
22995.037,24.514,exp4,CLIMB,UNKNOWN,OFF_MAPPED_GROUND,0,1,1.10,0.017,0.967,30,0,0.395,-0.40,rl,rl,0.3911,-0.0175,1.9430,0.2112,-0.0063
22995.138,24.614,exp4,CLIMB,UNKNOWN,OFF_MAPPED_GROUND,0,1,1.00,0.013,1.000,28,0,0.395,-0.40,rl,rl,0.3911,-0.0175,1.9800,0.2109,-0.0063
22995.237,24.714,exp4,CLIMB,UNKNOWN,OFF_MAPPED_GROUND,0,1,0.90,0.013,1.000,28,0,0.395,-0.40,rl,rl,0.3908,-0.0171,2.0169,0.2107,-0.0063
22995.343,24.818,exp4,CLIMB,UNKNOWN,OFF_MAPPED_GROUND,0,1,0.80,0.014,0.964,28,0,0.412,-0.40,rl,rl,0.3904,-0.0168,2.0612,0.2104,-0.0063
22995.438,24.914,exp4,CLIMB,UNKNOWN,OFF_MAPPED_GROUND,0,1,0.70,0.014,0.964,28,0,0.412,-0.40,rl,rl,0.3900,-0.0165,2.0907,0.2102,-0.0064
22995.538,25.014,exp4,CLIMB,UNKNOWN,OFF_MAPPED_GROUND,0,1,0.60,0.011,0.964,28,0,0.412,-0.40,rl,rl,0.3897,-0.0162,2.1275,0.2100,-0.0064
22995.640,25.114,exp4,CLIMB,UNKNOWN,OFF_MAPPED_GROUND,0,1,0.50,0.016,0.929,28,0,0.412,-0.40,rl,rl,0.3893,-0.0159,2.1643,0.2098,-0.0064
22995.739,25.214,exp4,CLIMB,UNKNOWN,OFF_MAPPED_GROUND,0,1,0.40,0.034,0.857,28,0,0.412,-0.40,rl,rl,0.3889,-0.0156,2.2011,0.2095,-0.0064
22995.839,25.314,exp4,CLIMB,UNKNOWN,OFF_MAPPED_GROUND,0,1,0.30,0.028,0.889,27,0,0.412,-0.40,rl,rl,0.3885,-0.0153,2.2379,0.2093,-0.0064
22995.986,25.414,exp4,CLIMB,UNKNOWN,OFF_MAPPED_GROUND,0,1,0.20,0.029,0.885,26,0,0.412,-0.40,rl,rl,0.3881,-0.0150,2.2746,0.2090,-0.0064
22996.088,25.514,exp4,CLIMB,UNKNOWN,OFF_MAPPED_GROUND,0,1,0.10,0.023,0.885,26,0,0.439,-0.40,rl,rl,0.3878,-0.0147,2.3113,0.2088,-0.0064
22996.195,25.614,exp4,CLIMB,UNKNOWN,OFF_MAPPED_GROUND,0,0,0.00,0.021,0.885,26,0,0.439,-0.40,rl,rl,0.3878,-0.0147,2.3553,0.2085,-0.0065
22996.294,25.714,exp4,CLIMB,UNKNOWN,OFF_MAPPED_GROUND,0,0,0.00,0.044,0.846,26,0,0.439,-0.40,rl,rl,0.3873,-0.0143,2.3846,0.2083,-0.0065
22996.412,25.814,exp4,CLIMB,UNKNOWN,OFF_MAPPED_GROUND,0,0,0.00,0.044,0.846,26,0,0.439,-0.40,rl,rl,0.3869,-0.0140,2.4212,0.2081,-0.0065
22996.512,25.914,exp4,CLIMB,UNKNOWN,OFF_MAPPED_GROUND,0,0,0.00,0.029,0.885,26,0,0.439,-0.40,rl,rl,0.3865,-0.0137,2.4578,0.2079,-0.0065
22996.614,26.014,exp4,CLIMB,UNKNOWN,OFF_MAPPED_GROUND,0,0,0.00,0.026,0.920,25,0,0.439,-0.40,rl,rl,0.3861,-0.0134,2.4944,0.2076,-0.0065
22996.714,26.114,exp4,CLIMB,UNKNOWN,OFF_MAPPED_GROUND,0,0,0.00,0.025,0.917,24,0,0.439,-0.40,rl,rl,0.3857,-0.0130,2.5309,0.2074,-0.0065
22996.823,26.214,exp4,CLIMB,UNKNOWN,OFF_MAPPED_GROUND,0,0,0.00,0.021,0.875,24,0,0.444,-0.40,rl,rl,0.3853,-0.0127,2.5674,0.2071,-0.0065
22996.923,26.314,exp4,CLIMB,UNKNOWN,OFF_MAPPED_GROUND,0,0,0.00,0.019,0.917,24,0,0.444,-0.40,rl,rl,0.3849,-0.0124,2.6039,0.2069,-0.0066
22997.024,26.414,exp4,CLIMB,UNKNOWN,OFF_MAPPED_GROUND,0,0,0.00,0.021,0.917,24,0,0.444,-0.40,rl,rl,0.3845,-0.0121,2.6403,0.2067,-0.0066
22997.123,26.514,exp4,CLIMB,UNKNOWN,OFF_MAPPED_GROUND,0,0,0.00,0.021,0.917,24,0,0.444,-0.40,rl,rl,0.3841,-0.0117,2.6767,0.2064,-0.0066
22997.225,26.614,exp4,CLIMB,UNKNOWN,OFF_MAPPED_GROUND,0,0,0.00,0.007,1.000,23,0,0.444,-0.40,rl,rl,0.3841,-0.0117,2.7130,0.2062,-0.0066
22997.323,26.714,exp4,CLIMB,UNKNOWN,OFF_MAPPED_GROUND,0,0,0.00,0.007,1.000,23,0,0.444,-0.40,rl,rl,0.0000,0.0000,2.7443,0.2060,-0.0066
22997.447,26.814,exp4,CLIMB,UNKNOWN,OFF_MAPPED_GROUND,0,0,0.00,0.009,1.000,22,0,0.444,-0.40,rl,rl,0.0000,0.0000,2.7571,0.2059,-0.0066
22997.547,26.914,exp4,VERIFY_CLIMB,UNKNOWN,OFF_MAPPED_GROUND,0,0,0.00,0.009,1.000,22,0,0.442,-0.40,idle,none,0.0000,0.0000,2.7573,0.2059,-0.0066
22997.662,27.014,exp4,VERIFY_CLIMB,UNKNOWN,OFF_MAPPED_GROUND,0,0,0.00,0.009,1.000,22,0,0.442,-0.40,idle,none,0.0000,0.0000,2.7573,0.2059,-0.0066
22997.766,27.114,exp4,SEARCH_TARGET,UNKNOWN,OFF_MAPPED_GROUND,0,0,0.00,0.009,1.000,22,0,0.442,-0.40,idle,none,0.0000,0.0000,2.7573,0.2059,-0.0066
22997.876,27.214,exp4,SEARCH_TARGET,UNKNOWN,OFF_MAPPED_GROUND,0,0,0.00,0.009,1.000,22,0,0.442,-0.40,idle,none,0.0000,0.0000,2.7573,0.2059,-0.0066
22997.979,27.314,exp4,STOW_ARM,UNKNOWN,OFF_MAPPED_GROUND,0,0,0.00,0.002,1.000,22,0,0.442,-0.40,idle,none,0.0000,0.0000,2.7573,0.2059,-0.0066
22998.090,27.414,exp4,STOW_ARM,UNKNOWN,OFF_MAPPED_GROUND,0,0,0.00,0.002,1.000,22,0,0.442,-0.40,idle,none,0.0000,0.0000,2.7573,0.2059,-0.0066
22998.188,27.514,exp4,STOW_ARM,UNKNOWN,OFF_MAPPED_GROUND,0,0,0.00,0.002,1.000,22,0,0.442,-0.40,idle,none,0.0000,0.0000,2.7573,0.2059,-0.0066
22998.294,27.614,exp4,STOW_ARM,UNKNOWN,OFF_MAPPED_GROUND,0,0,0.00,0.002,1.000,22,0,0.442,-0.40,idle,none,0.0000,0.0000,2.7573,0.2059,-0.0066
22998.397,27.714,exp4,STOW_ARM,UNKNOWN,OFF_MAPPED_GROUND,0,0,0.00,0.002,1.000,22,0,0.442,-0.40,idle,none,0.0000,0.0000,2.7573,0.2059,-0.0066
22998.494,27.814,exp4,STOW_ARM,UNKNOWN,OFF_MAPPED_GROUND,0,0,0.00,0.002,1.000,22,0,0.442,-0.40,idle,none,0.0000,0.0000,2.7573,0.2059,-0.0066
22998.594,27.914,exp4,STOW_ARM,UNKNOWN,OFF_MAPPED_GROUND,0,0,0.00,0.002,1.000,22,0,0.442,-0.40,idle,none,0.0000,0.0000,2.7573,0.2059,-0.0066
22998.695,28.014,exp4,STOW_ARM,UNKNOWN,OFF_MAPPED_GROUND,0,0,0.00,0.002,1.000,22,0,0.442,-0.40,idle,none,0.0000,0.0000,2.7573,0.2059,-0.0066
22998.798,28.114,exp4,STOW_ARM,UNKNOWN,OFF_MAPPED_GROUND,0,0,0.00,0.002,1.000,22,0,0.442,-0.40,idle,none,0.0000,0.0000,2.7573,0.2059,-0.0066
22998.894,28.214,exp4,STOW_ARM,UNKNOWN,OFF_MAPPED_GROUND,0,0,0.00,0.002,1.000,22,0,0.442,-0.40,idle,none,0.0000,0.0000,2.7573,0.2059,-0.0066
22998.995,28.314,exp4,STOW_ARM,UNKNOWN,OFF_MAPPED_GROUND,0,0,0.00,0.002,1.000,22,0,0.442,-0.40,idle,none,0.0000,0.0000,2.7573,0.2059,-0.0066
22999.099,28.414,exp4,STOW_ARM,UNKNOWN,OFF_MAPPED_GROUND,0,0,0.00,0.002,1.000,22,0,0.442,-0.40,idle,none,0.0000,0.0000,2.7573,0.2059,-0.0066
22999.206,28.514,exp4,STOW_ARM,UNKNOWN,OFF_MAPPED_GROUND,0,0,0.00,0.002,1.000,22,0,0.442,-0.40,idle,none,0.0000,0.0000,2.7573,0.2059,-0.0066
22999.313,28.614,exp4,STOW_ARM,UNKNOWN,OFF_MAPPED_GROUND,0,0,0.00,0.002,1.000,22,0,0.442,-0.40,idle,none,0.0000,0.0000,2.7573,0.2059,-0.0066
22999.425,28.714,exp4,STOW_ARM,UNKNOWN,OFF_MAPPED_GROUND,0,0,0.00,0.002,1.000,22,0,0.442,-0.40,idle,none,0.0000,0.0000,2.7573,0.2059,-0.0066
22999.525,28.814,exp4,STOW_ARM,UNKNOWN,OFF_MAPPED_GROUND,0,0,0.00,0.002,1.000,22,0,0.442,-0.40,idle,none,0.0000,0.0000,2.7573,0.2059,-0.0066
22999.631,28.914,exp4,STOW_ARM,UNKNOWN,OFF_MAPPED_GROUND,0,0,0.00,0.002,1.000,22,0,0.442,-0.40,idle,none,0.0000,0.0000,2.7573,0.2059,-0.0066
22999.729,29.014,exp4,STOW_ARM,UNKNOWN,OFF_MAPPED_GROUND,0,0,0.00,0.021,0.880,25,0,0.442,-0.40,idle,none,0.0000,0.0000,2.7573,0.2059,-0.0066
22999.836,29.114,exp4,STOW_ARM,UNKNOWN,OFF_MAPPED_GROUND,0,0,0.00,0.025,0.880,25,0,0.442,-0.40,idle,none,0.0000,0.0000,2.7573,0.2059,-0.0066
22999.935,29.214,exp4,STOW_ARM,UNKNOWN,OFF_MAPPED_GROUND,0,0,0.00,0.032,0.846,26,0,0.442,-0.40,idle,none,0.0000,0.0000,2.7573,0.2059,-0.0066
23000.041,29.314,exp4,STOW_ARM,UNKNOWN,OFF_MAPPED_GROUND,0,0,0.00,0.019,0.917,24,0,0.442,-0.40,idle,none,0.0000,0.0000,2.7573,0.2059,-0.0066
23000.142,29.414,exp4,STOW_ARM,UNKNOWN,OFF_MAPPED_GROUND,0,0,0.00,0.002,1.000,22,0,0.442,-0.40,idle,none,0.0000,0.0000,2.7573,0.2059,-0.0066
23000.251,29.514,exp4,STOW_ARM,UNKNOWN,OFF_MAPPED_GROUND,0,0,0.00,0.002,1.000,22,0,0.442,-0.40,idle,none,0.0000,0.0000,2.7573,0.2059,-0.0066
23000.352,29.614,exp4,STOW_ARM,UNKNOWN,OFF_MAPPED_GROUND,0,0,0.00,0.002,1.000,22,0,0.442,-0.40,idle,none,0.0000,0.0000,2.7573,0.2059,-0.0066
23000.451,29.714,exp4,STOW_ARM,UNKNOWN,OFF_MAPPED_GROUND,0,0,0.00,0.002,1.000,22,0,0.442,-0.40,idle,none,0.0000,0.0000,2.7573,0.2059,-0.0066
23000.553,29.814,exp4,STOW_ARM,UNKNOWN,OFF_MAPPED_GROUND,0,0,0.00,0.002,1.000,22,0,0.442,-0.40,idle,none,0.0000,0.0000,2.7573,0.2059,-0.0066
23000.654,29.914,exp4,STOW_ARM,UNKNOWN,OFF_MAPPED_GROUND,0,0,0.00,0.002,1.000,22,0,0.442,-0.40,idle,none,0.0000,0.0000,2.7573,0.2059,-0.0066
23000.754,30.014,exp4,STOW_ARM,UNKNOWN,OFF_MAPPED_GROUND,0,0,0.00,0.002,1.000,22,0,0.442,-0.40,idle,none,0.0000,0.0000,2.7573,0.2059,-0.0066
23000.869,30.114,exp4,STOW_ARM,UNKNOWN,OFF_MAPPED_GROUND,0,0,0.00,0.002,1.000,22,0,0.442,-0.40,idle,none,0.0000,0.0000,2.7573,0.2059,-0.0066
23000.969,30.214,exp4,STOW_ARM,UNKNOWN,OFF_MAPPED_GROUND,0,0,0.00,0.002,1.000,22,0,0.442,-0.40,idle,none,0.0000,0.0000,2.7573,0.2059,-0.0066
23001.079,30.314,exp4,APPROACH_TARGET,UNKNOWN,OFF_MAPPED_GROUND,0,0,0.00,0.002,1.000,22,0,0.442,-0.40,idle,none,0.0000,0.0000,2.7573,0.2059,-0.0066
23001.180,30.414,exp4,APPROACH_TARGET,UNKNOWN,OFF_MAPPED_GROUND,0,0,0.00,0.002,1.000,22,0,0.442,-0.40,idle,none,0.1800,-0.0000,2.7573,0.2059,-0.0066
23001.293,30.514,exp4,APPROACH_TARGET,UNKNOWN,OFF_MAPPED_GROUND,0,0,0.00,0.002,1.000,22,0,0.442,-0.40,idle,none,0.1800,-0.0000,2.7638,0.2058,-0.0066
23001.393,30.614,exp4,APPROACH_TARGET,UNKNOWN,OFF_MAPPED_GROUND,0,0,0.00,0.002,1.000,22,0,0.442,-0.40,idle,none,0.1800,-0.0000,2.7809,0.2057,-0.0066
23001.507,30.714,exp4,APPROACH_TARGET,UNKNOWN,OFF_MAPPED_GROUND,0,0,0.00,0.000,1.000,22,0,0.442,-0.40,approach,approach,0.1800,-0.0000,2.7980,0.2056,-0.0066
23001.607,30.814,exp4,APPROACH_TARGET,UNKNOWN,OFF_MAPPED_GROUND,0,0,0.00,0.000,1.000,22,0,0.442,-0.40,approach,approach,0.1800,-0.0000,2.8151,0.2055,-0.0066
23001.717,30.914,exp4,APPROACH_TARGET,UNKNOWN,OFF_MAPPED_GROUND,0,0,0.00,0.000,1.000,22,0,0.442,-0.40,approach,approach,0.1800,-0.0000,2.8322,0.2054,-0.0066
23001.822,31.014,exp4,APPROACH_TARGET,UNKNOWN,OFF_MAPPED_GROUND,0,0,0.00,0.000,1.000,22,0,0.442,-0.40,approach,approach,0.1800,-0.0000,2.8494,0.2053,-0.0066
23001.938,31.114,exp4,APPROACH_TARGET,UNKNOWN,OFF_MAPPED_GROUND,0,0,0.00,0.000,1.000,22,0,0.442,-0.40,approach,approach,0.1800,-0.0000,2.8665,0.2052,-0.0066
23002.043,31.214,exp4,APPROACH_TARGET,UNKNOWN,OFF_MAPPED_GROUND,0,0,0.00,0.002,1.000,21,0,0.442,-0.40,approach,approach,0.1800,-0.0000,2.8836,0.2050,-0.0066
23002.169,31.314,exp4,APPROACH_TARGET,UNKNOWN,OFF_MAPPED_GROUND,0,0,0.00,0.002,1.000,21,0,0.442,-0.40,approach,approach,0.1800,-0.0000,2.9007,0.2049,-0.0066
23002.271,31.416,exp4,APPROACH_TARGET,UNKNOWN,OFF_MAPPED_GROUND,0,0,0.00,0.005,1.000,21,0,0.442,-0.40,approach,approach,0.1800,-0.0000,2.9213,0.2048,-0.0066
23002.372,31.514,exp4,APPROACH_TARGET,UNKNOWN,OFF_MAPPED_GROUND,0,0,0.00,0.005,1.000,21,0,0.442,-0.40,approach,approach,0.1800,-0.0004,2.9351,0.2047,-0.0066
23002.472,31.614,exp4,APPROACH_TARGET,UNKNOWN,OFF_MAPPED_GROUND,0,0,0.00,0.005,1.000,21,0,0.442,-0.40,approach,approach,0.1800,-0.0019,2.9524,0.2046,-0.0065
23002.571,31.714,exp4,APPROACH_TARGET,UNKNOWN,OFF_MAPPED_GROUND,0,0,0.00,0.002,1.000,21,0,0.442,-0.40,approach,approach,0.1800,-0.0030,2.9696,0.2045,-0.0064
23002.672,31.814,exp4,APPROACH_TARGET,UNKNOWN,OFF_MAPPED_GROUND,0,0,0.00,0.005,1.000,22,0,0.442,-0.40,approach,approach,0.1800,-0.0035,2.9870,0.2044,-0.0063
23002.771,31.914,exp4,APPROACH_TARGET,UNKNOWN,OFF_MAPPED_GROUND,0,0,0.00,0.007,1.000,22,0,0.442,-0.40,approach,approach,0.1800,-0.0036,3.0044,0.2043,-0.0063
23002.873,32.014,exp4,APPROACH_TARGET,UNKNOWN,OFF_MAPPED_GROUND,0,0,0.00,0.007,1.000,23,0,0.459,-0.40,approach,approach,0.1800,-0.0033,3.0219,0.2042,-0.0062
23003.018,32.114,exp4,APPROACH_TARGET,UNKNOWN,OFF_MAPPED_GROUND,0,0,0.00,0.006,1.000,25,0,0.459,-0.40,approach,approach,0.1800,-0.0024,3.0393,0.2041,-0.0061
23003.117,32.214,exp4,APPROACH_TARGET,UNKNOWN,OFF_MAPPED_GROUND,0,0,0.00,0.007,1.000,27,0,0.459,-0.40,approach,approach,0.1800,-0.0012,3.0566,0.2039,-0.0061
23003.224,32.314,exp4,APPROACH_TARGET,UNKNOWN,OFF_MAPPED_GROUND,0,0,0.00,0.006,1.000,31,0,0.459,-0.40,approach,approach,0.1800,0.0001,3.0737,0.2038,-0.0060
23003.325,32.414,exp4,APPROACH_TARGET,UNKNOWN,OFF_MAPPED_GROUND,0,0,0.00,0.020,0.921,38,0,0.459,-0.40,approach,approach,0.1800,0.0009,3.0915,0.2037,-0.0059
23003.424,32.514,exp4,APPROACH_TARGET,UNKNOWN,OFF_MAPPED_GROUND,0,0,0.00,0.027,0.887,53,0,0.459,-0.40,approach,approach,0.1800,0.0008,3.1095,0.2036,-0.0059
23003.532,32.614,exp4,APPROACH_TARGET,UNKNOWN,OFF_MAPPED_GROUND,0,0,0.00,0.025,0.887,53,0,0.459,-0.40,approach,approach,0.1800,0.0008,3.1275,0.2035,-0.0059
23003.631,32.714,exp4,APPROACH_TARGET,UNKNOWN,OFF_MAPPED_GROUND,0,0,0.00,0.027,0.868,53,0,0.459,-0.40,approach,approach,0.2200,0.0903,3.1456,0.2034,-0.0058
23003.733,32.814,exp4,APPROACH_TARGET,UNKNOWN,OFF_MAPPED_GROUND,0,0,0.00,0.027,0.868,53,0,0.459,-0.40,approach,approach,0.2200,0.0901,3.1675,0.2042,0.0028
23003.833,32.914,exp4,APPROACH_TARGET,UNKNOWN,OFF_MAPPED_GROUND,0,0,0.00,0.020,0.943,53,0,0.459,-0.40,approach,approach,0.2200,0.0695,3.1895,0.2051,0.0115
23003.935,33.014,exp4,APPROACH_TARGET,UNKNOWN,OFF_MAPPED_GROUND,0,0,0.00,0.021,0.943,53,0,0.459,-0.40,approach,approach,0.2200,0.0606,3.2115,0.2061,0.0188
23004.036,33.114,exp4,APPROACH_TARGET,UNKNOWN,OFF_MAPPED_GROUND,0,0,0.00,0.020,0.943,53,0,0.459,-0.40,approach,approach,0.2200,0.0488,3.2335,0.2071,0.0247
23004.135,33.214,exp4,APPROACH_TARGET,UNKNOWN,OFF_MAPPED_GROUND,0,0,0.00,0.025,0.925,53,0,0.459,-0.40,approach,approach,0.2200,0.0457,3.2555,0.2081,0.0298
23004.236,33.314,exp4,APPROACH_TARGET,UNKNOWN,OFF_MAPPED_GROUND,0,0,0.00,0.024,0.906,53,0,0.450,-0.40,approach,approach,0.2200,0.0341,3.2775,0.2092,0.0341
23004.359,33.414,exp4,APPROACH_TARGET,UNKNOWN,OFF_MAPPED_GROUND,0,0,0.00,0.024,0.865,52,0,0.450,-0.40,approach,approach,0.2102,0.0254,3.2993,0.2103,0.0376
23004.462,33.514,exp4,APPROACH_TARGET,UNKNOWN,OFF_MAPPED_GROUND,0,0,0.00,0.027,0.868,53,0,0.450,-0.40,approach,approach,0.2053,0.0253,3.3204,0.2114,0.0403
23004.570,33.614,exp4,APPROACH_TARGET,UNKNOWN,OFF_MAPPED_GROUND,0,0,0.00,0.027,0.868,53,0,0.450,-0.40,approach,approach,0.1957,0.0195,3.3408,0.2124,0.0427
23004.670,33.714,exp4,APPROACH_TARGET,UNKNOWN,OFF_MAPPED_GROUND,0,0,0.00,0.043,0.759,54,0,0.450,-0.40,approach,approach,0.1914,0.0167,3.3604,0.2135,0.0447
23004.775,33.814,exp4,APPROACH_TARGET,UNKNOWN,OFF_MAPPED_GROUND,0,0,0.00,0.047,0.741,54,0,0.450,-0.40,approach,approach,0.1865,0.0165,3.3794,0.2145,0.0465
23004.879,33.914,exp4,APPROACH_TARGET,UNKNOWN,OFF_MAPPED_GROUND,0,0,0.00,0.048,0.741,54,0,0.450,-0.40,approach,approach,0.1780,0.0110,3.3978,0.2155,0.0480
23004.977,34.014,exp4,APPROACH_TARGET,UNKNOWN,OFF_MAPPED_GROUND,0,0,0.00,0.046,0.759,54,0,0.450,-0.40,approach,approach,0.1695,0.0082,3.4155,0.2164,0.0490
23005.077,34.114,exp4,APPROACH_TARGET,UNKNOWN,OFF_MAPPED_GROUND,0,0,0.00,0.044,0.759,54,0,0.450,-0.40,approach,approach,0.1655,0.0081,3.4325,0.2174,0.0498
23005.182,34.214,exp4,APPROACH_TARGET,UNKNOWN,OFF_MAPPED_GROUND,0,0,0.00,0.046,0.759,54,0,0.450,-0.40,approach,approach,0.1580,0.0054,3.4489,0.2182,0.0506
23005.288,34.318,exp4,APPROACH_TARGET,UNKNOWN,OFF_MAPPED_GROUND,0,0,0.00,0.049,0.736,53,0,0.450,-0.40,approach,approach,0.1542,0.0053,3.4677,0.2193,0.0513
23005.382,34.414,exp4,APPROACH_TARGET,UNKNOWN,OFF_MAPPED_GROUND,0,0,0.00,0.050,0.736,53,0,0.450,-0.40,approach,approach,0.1470,0.0027,3.4799,0.2199,0.0517
23005.482,34.514,exp4,APPROACH_TARGET,UNKNOWN,OFF_MAPPED_GROUND,0,0,0.00,0.050,0.736,53,0,0.450,-0.40,approach,approach,0.1436,0.0026,3.4946,0.2207,0.0520
23005.591,34.614,exp4,APPROACH_TARGET,UNKNOWN,OFF_MAPPED_GROUND,0,0,0.00,0.051,0.736,53,0,0.450,-0.40,approach,approach,0.1369,0.0026,3.5088,0.2215,0.0523
23005.692,34.714,exp4,APPROACH_TARGET,UNKNOWN,OFF_MAPPED_GROUND,0,0,0.00,0.053,0.736,53,0,0.453,-0.40,approach,approach,0.1337,0.0051,3.5225,0.2222,0.0526
23005.793,34.814,exp4,APPROACH_TARGET,UNKNOWN,OFF_MAPPED_GROUND,0,0,0.00,0.053,0.717,53,0,0.453,-0.40,approach,approach,0.1275,0.0026,3.5357,0.2230,0.0530
23005.894,34.914,exp4,APPROACH_TARGET,UNKNOWN,OFF_MAPPED_GROUND,0,0,0.00,0.053,0.717,53,0,0.453,-0.40,approach,approach,0.1245,0.0025,3.5484,0.2237,0.0532
23005.993,35.014,exp4,APPROACH_TARGET,UNKNOWN,OFF_MAPPED_GROUND,0,0,0.00,0.053,0.717,53,0,0.453,-0.40,approach,approach,0.1188,0.0000,3.5607,0.2243,0.0535
23006.094,35.114,exp4,APPROACH_TARGET,UNKNOWN,OFF_MAPPED_GROUND,0,0,0.00,0.036,0.796,54,0,0.453,-0.40,approach,approach,0.1160,0.0000,3.5725,0.2250,0.0535
23006.195,35.214,exp4,APPROACH_TARGET,UNKNOWN,OFF_MAPPED_GROUND,0,0,0.00,0.036,0.796,54,0,0.453,-0.40,approach,approach,0.1105,0.0024,3.5840,0.2256,0.0535
23006.296,35.314,exp4,APPROACH_TARGET,UNKNOWN,OFF_MAPPED_GROUND,0,0,0.00,0.035,0.800,55,0,0.453,-0.40,approach,approach,0.1081,0.0000,3.5949,0.2262,0.0536
23006.395,35.414,exp4,APPROACH_TARGET,UNKNOWN,OFF_MAPPED_GROUND,0,0,0.00,0.035,0.800,55,0,0.453,-0.40,approach,approach,0.1031,0.0000,3.6055,0.2268,0.0536
23006.496,35.514,exp4,APPROACH_TARGET,UNKNOWN,OFF_MAPPED_GROUND,0,0,0.00,0.036,0.800,55,0,0.453,-0.40,approach,approach,0.1006,0.0000,3.6157,0.2273,0.0536
23006.595,35.614,exp4,APPROACH_TARGET,UNKNOWN,OFF_MAPPED_GROUND,0,0,0.00,0.036,0.800,55,0,0.453,-0.40,approach,approach,0.0959,0.0000,3.6257,0.2278,0.0537
23006.697,35.714,exp4,APPROACH_TARGET,UNKNOWN,OFF_MAPPED_GROUND,0,0,0.00,0.035,0.800,55,0,0.453,-0.40,approach,approach,0.0936,0.0000,3.6353,0.2284,0.0537
23006.797,35.814,exp4,APPROACH_TARGET,UNKNOWN,OFF_MAPPED_GROUND,0,0,0.00,0.034,0.800,55,0,0.453,-0.40,approach,approach,0.0892,-0.0000,3.6445,0.2289,0.0537
23006.902,35.914,exp4,APPROACH_TARGET,UNKNOWN,OFF_MAPPED_GROUND,0,0,0.00,0.034,0.818,55,0,0.453,-0.40,approach,approach,0.0872,-0.0000,3.6534,0.2293,0.0537
23007.003,36.014,exp4,APPROACH_TARGET,UNKNOWN,OFF_MAPPED_GROUND,0,0,0.00,0.034,0.818,55,0,0.453,-0.40,approach,approach,0.0831,-0.0000,3.6620,0.2298,0.0537
23007.108,36.114,exp4,APPROACH_TARGET,UNKNOWN,OFF_MAPPED_GROUND,0,0,0.00,0.035,0.800,55,0,0.453,-0.40,approach,approach,0.0812,-0.0000,3.6703,0.2302,0.0537
23007.208,36.214,exp4,APPROACH_TARGET,UNKNOWN,OFF_MAPPED_GROUND,0,0,0.00,0.036,0.800,55,0,0.453,-0.40,approach,approach,0.0774,-0.0000,3.6783,0.2307,0.0537
23007.308,36.314,exp4,APPROACH_TARGET,UNKNOWN,OFF_MAPPED_GROUND,0,0,0.00,0.037,0.782,55,0,0.453,-0.40,approach,approach,0.0755,-0.0000,3.6859,0.2311,0.0537
23007.409,36.414,exp4,APPROACH_TARGET,UNKNOWN,OFF_MAPPED_GROUND,0,0,0.00,0.038,0.782,55,0,0.453,-0.40,approach,approach,0.0721,-0.0001,3.6934,0.2315,0.0536
23007.510,36.514,exp4,APPROACH_TARGET,UNKNOWN,OFF_MAPPED_GROUND,0,0,0.00,0.037,0.782,55,0,0.453,-0.40,approach,approach,0.0703,-0.0000,3.7005,0.2319,0.0536
23007.610,36.614,exp4,APPROACH_TARGET,UNKNOWN,OFF_MAPPED_GROUND,0,0,0.00,0.037,0.782,55,0,0.453,-0.40,approach,approach,0.0671,-0.0021,3.7074,0.2322,0.0536
23007.727,36.714,exp4,APPROACH_TARGET,UNKNOWN,OFF_MAPPED_GROUND,0,0,0.00,0.036,0.782,55,0,0.453,-0.40,approach,approach,0.0654,-0.0000,3.7140,0.2326,0.0535
23007.828,36.814,exp4,APPROACH_TARGET,UNKNOWN,OFF_MAPPED_GROUND,0,0,0.00,0.036,0.782,55,0,0.453,-0.40,approach,approach,0.0624,-0.0020,3.7204,0.2329,0.0535
23007.955,36.914,exp4,APPROACH_TARGET,UNKNOWN,OFF_MAPPED_GROUND,0,0,0.00,0.037,0.800,55,0,0.453,-0.40,approach,approach,0.0610,-0.0000,3.7266,0.2332,0.0534
23008.055,37.014,exp4,APPROACH_TARGET,UNKNOWN,OFF_MAPPED_GROUND,0,0,0.00,0.038,0.800,55,0,0.453,-0.40,approach,approach,0.0000,0.0000,3.7326,0.2336,0.0534
23008.161,37.114,exp4,APPROACH_TARGET,UNKNOWN,OFF_MAPPED_GROUND,0,0,0.00,0.038,0.800,55,0,0.453,-0.40,approach,approach,0.0000,0.0000,3.7339,0.2336,0.0534
23008.261,37.214,exp4,APPROACH_TARGET,UNKNOWN,OFF_MAPPED_GROUND,0,0,0.00,0.038,0.800,55,0,0.453,-0.40,approach,approach,0.0000,0.0000,3.7339,0.2336,0.0534
23008.367,37.314,exp4,APPROACH_TARGET,UNKNOWN,OFF_MAPPED_GROUND,0,0,0.00,0.038,0.800,55,0,0.453,-0.40,approach,approach,0.0000,0.0000,3.7339,0.2336,0.0534
23008.467,37.414,exp4,APPROACH_TARGET,UNKNOWN,OFF_MAPPED_GROUND,0,0,0.00,0.038,0.800,55,0,0.453,-0.40,approach,approach,0.0300,-0.0000,3.7339,0.2336,0.0534
23008.571,37.514,exp4,APPROACH_TARGET,UNKNOWN,OFF_MAPPED_GROUND,0,0,0.00,0.038,0.800,55,0,0.453,-0.40,approach,approach,0.0300,-0.0000,3.7367,0.2338,0.0534
23008.671,37.614,exp4,APPROACH_TARGET,UNKNOWN,OFF_MAPPED_GROUND,0,0,0.00,0.038,0.800,55,0,0.453,-0.40,approach,approach,0.0300,-0.0000,3.7397,0.2339,0.0534
23008.774,37.714,exp4,APPROACH_TARGET,UNKNOWN,OFF_MAPPED_GROUND,0,0,0.00,0.037,0.800,55,0,0.453,-0.40,approach,approach,0.0300,-0.0000,3.7427,0.2341,0.0534
23008.878,37.818,exp4,APPROACH_TARGET,UNKNOWN,OFF_MAPPED_GROUND,0,0,0.00,0.036,0.800,55,0,0.453,-0.40,approach,approach,0.0300,-0.0000,3.7457,0.2343,0.0534
23008.973,37.914,exp4,APPROACH_TARGET,UNKNOWN,OFF_MAPPED_GROUND,0,0,0.00,0.035,0.800,55,0,0.453,-0.40,approach,approach,0.0300,-0.0000,3.7487,0.2344,0.0534
23009.075,38.014,exp4,APPROACH_TARGET,UNKNOWN,OFF_MAPPED_GROUND,0,0,0.00,0.037,0.800,55,0,0.453,-0.40,approach,approach,0.0300,-0.0000,3.7517,0.2346,0.0534
23009.177,38.114,exp4,APPROACH_TARGET,UNKNOWN,OFF_MAPPED_GROUND,0,0,0.00,0.039,0.782,55,0,0.471,-0.40,approach,approach,0.0300,-0.0000,3.7547,0.2347,0.0534
23009.279,38.216,exp4,APPROACH_TARGET,UNKNOWN,OFF_MAPPED_GROUND,0,0,0.00,0.039,0.782,55,0,0.471,-0.40,approach,approach,0.0300,-0.0000,3.7583,0.2349,0.0534
23009.377,38.314,exp4,APPROACH_TARGET,UNKNOWN,OFF_MAPPED_GROUND,0,0,0.00,0.039,0.782,55,0,0.471,-0.40,approach,approach,0.0300,-0.0000,3.7607,0.2351,0.0534
23009.480,38.414,exp4,APPROACH_TARGET,UNKNOWN,OFF_MAPPED_GROUND,0,0,0.00,0.039,0.782,55,0,0.471,-0.40,approach,approach,0.0300,-0.0000,3.7637,0.2352,0.0534
23009.579,38.514,exp4,APPROACH_TARGET,UNKNOWN,OFF_MAPPED_GROUND,0,0,0.00,0.036,0.821,56,0,0.471,-0.40,approach,approach,0.0300,-0.0000,3.7667,0.2354,0.0534
23009.680,38.614,exp4,APPROACH_TARGET,UNKNOWN,OFF_MAPPED_GROUND,0,0,0.00,0.034,0.821,56,0,0.471,-0.40,approach,approach,0.0300,-0.0000,3.7697,0.2355,0.0534
23009.779,38.714,exp4,APPROACH_TARGET,UNKNOWN,OFF_MAPPED_GROUND,0,0,0.00,0.034,0.821,56,0,0.471,-0.40,approach,approach,0.0300,-0.0000,3.7727,0.2357,0.0534
23009.888,38.814,exp4,APPROACH_TARGET,UNKNOWN,OFF_MAPPED_GROUND,0,0,0.00,0.035,0.821,56,0,0.471,-0.40,approach,approach,0.0300,-0.0000,3.7757,0.2359,0.0534
23010.002,38.914,exp4,APPROACH_TARGET,UNKNOWN,OFF_MAPPED_GROUND,0,0,0.00,0.035,0.821,56,0,0.471,-0.40,approach,approach,0.0300,-0.0000,3.7787,0.2360,0.0534
23010.108,39.014,exp4,APPROACH_TARGET,UNKNOWN,OFF_MAPPED_GROUND,0,0,0.00,0.036,0.821,56,0,0.471,-0.40,approach,approach,0.0300,-0.0000,3.7817,0.2362,0.0534
23010.205,39.114,exp4,APPROACH_TARGET,UNKNOWN,OFF_MAPPED_GROUND,0,0,0.00,0.036,0.821,56,0,0.471,-0.40,approach,approach,0.0300,-0.0000,3.7847,0.2363,0.0534
23010.310,39.214,exp4,APPROACH_TARGET,UNKNOWN,OFF_MAPPED_GROUND,0,0,0.00,0.037,0.821,56,0,0.471,-0.40,approach,approach,0.0300,-0.0000,3.7877,0.2365,0.0534
23010.410,39.314,exp4,APPROACH_TARGET,UNKNOWN,OFF_MAPPED_GROUND,0,0,0.00,0.037,0.821,56,0,0.471,-0.40,approach,approach,0.0300,-0.0000,3.7907,0.2367,0.0534
23010.523,39.414,exp4,APPROACH_TARGET,UNKNOWN,OFF_MAPPED_GROUND,0,0,0.00,0.037,0.821,56,0,0.471,-0.40,approach,approach,0.0300,-0.0000,3.7937,0.2368,0.0534
23010.623,39.514,exp4,APPROACH_TARGET,UNKNOWN,OFF_MAPPED_GROUND,0,0,0.00,0.038,0.821,56,0,0.471,-0.40,approach,approach,0.0300,-0.0000,3.7967,0.2370,0.0534
23010.723,39.614,exp4,APPROACH_TARGET,UNKNOWN,OFF_MAPPED_GROUND,0,0,0.00,0.038,0.804,56,0,0.471,-0.40,approach,approach,0.0300,-0.0000,3.7997,0.2371,0.0534
23010.823,39.714,exp4,APPROACH_TARGET,UNKNOWN,OFF_MAPPED_GROUND,0,0,0.00,0.038,0.786,56,0,0.471,-0.40,approach,approach,0.0300,-0.0000,3.8026,0.2373,0.0534
23010.926,39.814,exp4,APPROACH_TARGET,UNKNOWN,OFF_MAPPED_GROUND,0,0,0.00,0.037,0.786,56,0,0.471,-0.40,approach,approach,0.0300,-0.0000,3.8056,0.2375,0.0534
23011.026,39.914,exp4,APPROACH_TARGET,UNKNOWN,OFF_MAPPED_GROUND,0,0,0.00,0.037,0.786,56,0,0.471,-0.40,approach,approach,0.0300,-0.0000,3.8086,0.2376,0.0534
23011.149,40.014,exp4,APPROACH_TARGET,UNKNOWN,OFF_MAPPED_GROUND,0,0,0.00,0.037,0.786,56,0,0.471,-0.40,approach,approach,0.0300,-0.0000,3.8116,0.2378,0.0534
23011.249,40.114,exp4,APPROACH_TARGET,UNKNOWN,OFF_MAPPED_GROUND,0,0,0.00,0.037,0.786,56,0,0.471,-0.40,approach,approach,0.0300,-0.0000,3.8146,0.2379,0.0534
23011.373,40.214,exp4,APPROACH_TARGET,UNKNOWN,OFF_MAPPED_GROUND,0,0,0.00,0.037,0.786,56,0,0.471,-0.40,approach,approach,0.0300,-0.0000,3.8176,0.2381,0.0534
23011.475,40.314,exp4,APPROACH_TARGET,UNKNOWN,OFF_MAPPED_GROUND,0,0,0.00,0.037,0.786,56,0,0.471,-0.40,approach,approach,0.0300,-0.0000,3.8206,0.2383,0.0534
23011.593,40.414,exp4,APPROACH_TARGET,UNKNOWN,OFF_MAPPED_GROUND,0,0,0.00,0.037,0.786,56,0,0.471,-0.40,approach,approach,0.0300,-0.0000,3.8236,0.2384,0.0534
23011.692,40.514,exp4,APPROACH_TARGET,UNKNOWN,OFF_MAPPED_GROUND,0,0,0.00,0.036,0.786,56,0,0.471,-0.40,approach,approach,0.0300,-0.0000,3.8266,0.2386,0.0534
23011.807,40.614,exp4,APPROACH_TARGET,UNKNOWN,OFF_MAPPED_GROUND,0,0,0.00,0.034,0.786,56,0,0.471,-0.40,approach,approach,0.0300,-0.0000,3.8296,0.2387,0.0534
23011.907,40.714,exp4,APPROACH_TARGET,UNKNOWN,OFF_MAPPED_GROUND,0,0,0.00,0.034,0.786,56,0,0.471,-0.40,approach,approach,0.0300,-0.0000,3.8326,0.2389,0.0534
23012.007,40.814,exp4,APPROACH_TARGET,UNKNOWN,OFF_MAPPED_GROUND,0,0,0.00,0.034,0.786,56,0,0.471,-0.40,approach,approach,0.0300,-0.0000,3.8356,0.2391,0.0534
23012.106,40.914,exp4,APPROACH_TARGET,UNKNOWN,OFF_MAPPED_GROUND,0,0,0.00,0.034,0.786,56,0,0.471,-0.40,approach,approach,0.0300,-0.0000,3.8386,0.2392,0.0534
23012.213,41.014,exp4,APPROACH_TARGET,UNKNOWN,OFF_MAPPED_GROUND,0,0,0.00,0.035,0.786,56,0,0.471,-0.40,approach,approach,0.0300,-0.0000,3.8416,0.2394,0.0534
23012.321,41.118,exp4,APPROACH_TARGET,UNKNOWN,OFF_MAPPED_GROUND,0,0,0.00,0.034,0.786,56,0,0.471,-0.40,approach,approach,0.0300,-0.0000,3.8452,0.2396,0.0534
23012.413,41.214,exp4,APPROACH_TARGET,UNKNOWN,OFF_MAPPED_GROUND,0,0,0.00,0.034,0.786,56,0,0.471,-0.40,approach,approach,0.0300,-0.0000,3.8476,0.2397,0.0534
23012.513,41.314,exp4,APPROACH_TARGET,UNKNOWN,OFF_MAPPED_GROUND,0,0,0.00,0.034,0.786,56,0,0.471,-0.40,approach,approach,0.0300,-0.0000,3.8506,0.2399,0.0534
23012.613,41.414,exp4,APPROACH_TARGET,UNKNOWN,OFF_MAPPED_GROUND,0,0,0.00,0.036,0.786,56,0,0.471,-0.40,approach,approach,0.0300,-0.0000,3.8536,0.2400,0.0534
23012.715,41.514,exp4,APPROACH_TARGET,UNKNOWN,OFF_MAPPED_GROUND,0,0,0.00,0.035,0.786,56,0,0.471,-0.40,approach,approach,0.0300,-0.0000,3.8566,0.2402,0.0534
23012.814,41.614,exp4,APPROACH_TARGET,UNKNOWN,OFF_MAPPED_GROUND,0,0,0.00,0.035,0.786,56,0,0.471,-0.40,approach,approach,0.0300,-0.0000,3.8596,0.2403,0.0534
23012.914,41.714,exp4,APPROACH_TARGET,UNKNOWN,OFF_MAPPED_GROUND,0,0,0.00,0.035,0.786,56,0,0.471,-0.40,approach,approach,0.0300,-0.0000,3.8626,0.2405,0.0534
23013.016,41.814,exp4,APPROACH_TARGET,UNKNOWN,OFF_MAPPED_GROUND,0,0,0.00,0.035,0.786,56,0,0.471,-0.40,approach,approach,0.0300,-0.0000,3.8656,0.2407,0.0534
23013.119,41.914,exp4,APPROACH_TARGET,UNKNOWN,OFF_MAPPED_GROUND,0,0,0.00,0.035,0.786,56,0,0.471,-0.40,approach,approach,0.0300,-0.0000,3.8686,0.2408,0.0534
23013.215,42.014,exp4,APPROACH_TARGET,UNKNOWN,OFF_MAPPED_GROUND,0,0,0.00,0.035,0.786,56,0,0.471,-0.40,approach,approach,0.0300,-0.0000,3.8716,0.2410,0.0534
23013.321,42.114,exp4,APPROACH_TARGET,UNKNOWN,OFF_MAPPED_GROUND,0,0,0.00,0.035,0.786,56,0,0.471,-0.40,approach,approach,0.0300,-0.0000,3.8745,0.2411,0.0534
23013.422,42.214,exp4,APPROACH_TARGET,UNKNOWN,OFF_MAPPED_GROUND,0,0,0.00,0.036,0.786,56,0,0.471,-0.40,approach,approach,0.0300,-0.0000,3.8775,0.2413,0.0534
23013.528,42.314,exp4,APPROACH_TARGET,UNKNOWN,OFF_MAPPED_GROUND,0,0,0.00,0.036,0.786,56,0,0.471,-0.40,approach,approach,0.0300,-0.0000,3.8805,0.2415,0.0534
23013.628,42.414,exp4,APPROACH_TARGET,UNKNOWN,OFF_MAPPED_GROUND,0,0,0.00,0.036,0.786,56,0,0.471,-0.40,approach,approach,0.0300,-0.0000,3.8835,0.2416,0.0534
23013.744,42.514,exp4,APPROACH_TARGET,UNKNOWN,OFF_MAPPED_GROUND,0,0,0.00,0.036,0.786,56,0,0.471,-0.40,approach,approach,0.0300,-0.0000,3.8865,0.2418,0.0534
23013.842,42.614,exp4,APPROACH_TARGET,UNKNOWN,OFF_MAPPED_GROUND,0,0,0.00,0.036,0.786,56,0,0.471,-0.40,approach,approach,0.0300,-0.0000,3.8901,0.2420,0.0534
23013.945,42.714,exp4,APPROACH_TARGET,UNKNOWN,OFF_MAPPED_GROUND,0,0,0.00,0.037,0.786,56,0,0.471,-0.40,approach,approach,0.0300,-0.0000,3.8925,0.2421,0.0534
23014.044,42.814,exp4,APPROACH_TARGET,UNKNOWN,OFF_MAPPED_GROUND,0,0,0.00,0.037,0.786,56,0,0.471,-0.40,approach,approach,0.0000,0.0000,3.8953,0.2422,0.0534
23014.144,42.914,exp4,GRASP,UNKNOWN,OFF_MAPPED_GROUND,0,0,0.00,0.037,0.786,56,0,0.471,-0.40,approach,approach,0.0000,0.0000,3.8953,0.2422,0.0534
23014.244,43.014,exp4,GRASP,UNKNOWN,OFF_MAPPED_GROUND,0,0,0.00,0.038,0.786,56,0,0.471,-0.40,approach,approach,0.0000,0.0000,3.8953,0.2422,0.0534
23014.344,43.114,exp4,GRASP,UNKNOWN,OFF_MAPPED_GROUND,0,0,0.00,0.038,0.786,56,0,0.471,-0.40,approach,approach,0.0000,0.0000,3.8953,0.2422,0.0534
23014.446,43.214,exp4,GRASP,UNKNOWN,OFF_MAPPED_GROUND,0,0,0.00,0.038,0.786,56,0,0.471,-0.40,approach,approach,0.0000,0.0000,3.8953,0.2422,0.0534
23014.563,43.314,exp4,GRASP,UNKNOWN,OFF_MAPPED_GROUND,0,0,0.00,0.038,0.786,56,0,0.471,-0.40,idle,none,0.0000,0.0000,3.8953,0.2422,0.0534
23014.664,43.414,exp4,GRASP,UNKNOWN,OFF_MAPPED_GROUND,0,0,0.00,0.038,0.786,56,0,0.471,-0.40,idle,none,0.0000,0.0000,3.8953,0.2422,0.0534
23014.780,43.514,exp4,GRASP,UNKNOWN,OFF_MAPPED_GROUND,0,0,0.00,0.038,0.786,56,0,0.471,-0.40,idle,none,0.0000,0.0000,3.8953,0.2422,0.0534
23014.880,43.614,exp4,GRASP,UNKNOWN,OFF_MAPPED_GROUND,0,0,0.00,0.038,0.786,56,0,0.471,-0.40,idle,none,0.0000,0.0000,3.8953,0.2422,0.0534
23014.988,43.714,exp4,GRASP,UNKNOWN,OFF_MAPPED_GROUND,0,0,0.00,0.038,0.786,56,0,0.471,-0.40,idle,none,0.0000,0.0000,3.8953,0.2422,0.0534
23015.088,43.814,exp4,GRASP,UNKNOWN,OFF_MAPPED_GROUND,0,0,0.00,0.038,0.786,56,0,0.471,-0.40,idle,none,0.0000,0.0000,3.8953,0.2422,0.0534
23015.194,43.914,exp4,GRASP,UNKNOWN,OFF_MAPPED_GROUND,0,0,0.00,0.038,0.786,56,0,0.471,-0.40,idle,none,0.0000,0.0000,3.8953,0.2422,0.0534
23015.294,44.014,exp4,GRASP,UNKNOWN,OFF_MAPPED_GROUND,0,0,0.00,0.038,0.786,56,0,0.471,-0.40,idle,none,0.0000,0.0000,3.8953,0.2422,0.0534
23015.396,44.114,exp4,GRASP,UNKNOWN,OFF_MAPPED_GROUND,0,0,0.00,0.038,0.786,56,0,0.471,-0.40,idle,none,0.0000,0.0000,3.8953,0.2422,0.0534
23015.496,44.214,exp4,GRASP,UNKNOWN,OFF_MAPPED_GROUND,0,0,0.00,0.038,0.786,56,0,0.471,-0.40,idle,none,0.0000,0.0000,3.8953,0.2422,0.0534
23015.599,44.314,exp4,GRASP,UNKNOWN,OFF_MAPPED_GROUND,0,0,0.00,0.038,0.786,56,0,0.471,-0.40,idle,none,0.0000,0.0000,3.8953,0.2422,0.0534
23015.699,44.414,exp4,GRASP,UNKNOWN,OFF_MAPPED_GROUND,0,0,0.00,0.038,0.786,56,0,0.471,-0.40,idle,none,0.0000,0.0000,3.8953,0.2422,0.0534
23015.804,44.514,exp4,GRASP,UNKNOWN,OFF_MAPPED_GROUND,0,0,0.00,0.038,0.786,56,0,0.471,-0.40,idle,none,0.0000,0.0000,3.8953,0.2422,0.0534
23015.908,44.614,exp4,GRASP,UNKNOWN,OFF_MAPPED_GROUND,0,0,0.00,0.038,0.786,56,0,0.471,-0.40,idle,none,0.0000,0.0000,3.8953,0.2422,0.0534
23016.013,44.714,exp4,GRASP,UNKNOWN,OFF_MAPPED_GROUND,0,0,0.00,0.038,0.786,56,0,0.471,-0.40,idle,none,0.0000,0.0000,3.8953,0.2422,0.0534
23016.119,44.818,exp4,GRASP,UNKNOWN,OFF_MAPPED_GROUND,0,0,0.00,0.038,0.786,56,0,0.471,-0.40,idle,none,0.0000,0.0000,3.8953,0.2422,0.0534
23016.213,44.914,exp4,GRASP,UNKNOWN,OFF_MAPPED_GROUND,0,0,0.00,0.038,0.786,56,0,0.471,-0.40,idle,none,0.0000,0.0000,3.8953,0.2422,0.0534
23016.321,45.018,exp4,GRASP,UNKNOWN,OFF_MAPPED_GROUND,0,0,0.00,0.038,0.786,56,0,0.471,-0.40,idle,none,0.0000,0.0000,3.8953,0.2422,0.0534
23016.413,45.114,exp4,GRASP,UNKNOWN,OFF_MAPPED_GROUND,0,0,0.00,0.038,0.786,56,0,0.471,-0.40,idle,none,0.0000,0.0000,3.8953,0.2422,0.0534
23016.513,45.214,exp4,GRASP,UNKNOWN,OFF_MAPPED_GROUND,0,0,0.00,0.038,0.786,56,0,0.471,-0.40,idle,none,0.0000,0.0000,3.8953,0.2422,0.0534
23016.613,45.314,exp4,GRASP,UNKNOWN,OFF_MAPPED_GROUND,0,0,0.00,0.038,0.786,56,0,0.471,-0.40,idle,none,0.0000,0.0000,3.8953,0.2422,0.0534
23016.714,45.414,exp4,GRASP,UNKNOWN,OFF_MAPPED_GROUND,0,0,0.00,0.038,0.786,56,0,0.471,-0.40,idle,none,0.0000,0.0000,3.8953,0.2422,0.0534
23016.813,45.514,exp4,GRASP,UNKNOWN,OFF_MAPPED_GROUND,0,0,0.00,0.038,0.786,56,0,0.471,-0.40,idle,none,0.0000,0.0000,3.8953,0.2422,0.0534
23016.927,45.614,exp4,GRASP,UNKNOWN,OFF_MAPPED_GROUND,0,0,0.00,0.038,0.786,56,0,0.471,-0.40,idle,none,0.0000,0.0000,3.8953,0.2422,0.0534
23017.036,45.714,exp4,GRASP,UNKNOWN,OFF_MAPPED_GROUND,0,0,0.00,0.038,0.786,56,0,0.471,-0.40,idle,none,0.0000,0.0000,3.8953,0.2422,0.0534
23017.162,45.814,exp4,GRASP,UNKNOWN,OFF_MAPPED_GROUND,0,0,0.00,0.038,0.786,56,0,0.471,-0.40,idle,none,0.0000,0.0000,3.8953,0.2422,0.0534
23017.262,45.914,exp4,GRASP,UNKNOWN,OFF_MAPPED_GROUND,0,0,0.00,0.038,0.786,56,0,0.471,-0.40,idle,none,0.0000,0.0000,3.8953,0.2422,0.0534
23017.368,46.014,exp4,GRASP,UNKNOWN,OFF_MAPPED_GROUND,0,0,0.00,0.038,0.786,56,0,0.471,-0.40,idle,none,0.0000,0.0000,3.8953,0.2422,0.0534
23017.470,46.114,exp4,GRASP,UNKNOWN,OFF_MAPPED_GROUND,0,0,0.00,0.038,0.786,56,0,0.471,-0.40,idle,none,0.0000,0.0000,3.8953,0.2422,0.0534
23017.569,46.214,exp4,GRASP,UNKNOWN,OFF_MAPPED_GROUND,0,0,0.00,0.038,0.786,56,0,0.471,-0.40,idle,none,0.0000,0.0000,3.8953,0.2422,0.0534
23017.669,46.314,exp4,GRASP,UNKNOWN,OFF_MAPPED_GROUND,0,0,0.00,0.038,0.786,56,0,0.471,-0.40,idle,none,0.0000,0.0000,3.8953,0.2422,0.0534
23017.769,46.414,exp4,GRASP,UNKNOWN,OFF_MAPPED_GROUND,0,0,0.00,0.038,0.786,56,0,0.471,-0.40,idle,none,0.0000,0.0000,3.8953,0.2422,0.0534
23017.869,46.514,exp4,GRASP,UNKNOWN,OFF_MAPPED_GROUND,0,0,0.00,0.038,0.786,56,0,0.471,-0.40,idle,none,0.0000,0.0000,3.8953,0.2422,0.0534
23017.974,46.614,exp4,GRASP,UNKNOWN,OFF_MAPPED_GROUND,0,0,0.00,0.038,0.786,56,0,0.471,-0.40,idle,none,0.0000,0.0000,3.8953,0.2422,0.0534
23018.075,46.714,exp4,GRASP,UNKNOWN,OFF_MAPPED_GROUND,0,0,0.00,0.038,0.786,56,0,0.471,-0.40,idle,none,0.0000,0.0000,3.8953,0.2422,0.0534
23018.186,46.814,exp4,GRASP,UNKNOWN,OFF_MAPPED_GROUND,0,0,0.00,0.038,0.786,56,0,0.471,-0.40,idle,none,0.0000,0.0000,3.8953,0.2422,0.0534
23018.287,46.914,exp4,GRASP,UNKNOWN,OFF_MAPPED_GROUND,0,0,0.00,0.052,0.768,56,0,0.471,-0.40,idle,none,0.0000,0.0000,3.8953,0.2422,0.0534
23018.401,47.014,exp4,GRASP,UNKNOWN,OFF_MAPPED_GROUND,0,0,0.00,0.092,0.732,56,0,0.471,-0.40,idle,none,0.0000,0.0000,3.8953,0.2422,0.0534
23018.502,47.114,exp4,GRASP,UNKNOWN,OFF_MAPPED_GROUND,0,0,0.00,0.092,0.732,56,0,0.471,-0.40,idle,none,0.0000,0.0000,3.8953,0.2422,0.0534
23018.601,47.214,exp4,GRASP,UNKNOWN,OFF_MAPPED_GROUND,0,0,0.00,0.080,0.732,56,0,0.471,-0.40,idle,none,0.0000,0.0000,3.8953,0.2422,0.0534
23018.701,47.314,exp4,GRASP,UNKNOWN,OFF_MAPPED_GROUND,0,0,0.00,0.082,0.732,56,0,0.471,-0.40,idle,none,0.0000,0.0000,3.8953,0.2422,0.0534
23018.805,47.414,exp4,GRASP,UNKNOWN,OFF_MAPPED_GROUND,0,0,0.00,0.069,0.750,56,0,0.471,-0.40,idle,none,0.0000,0.0000,3.8953,0.2422,0.0534
23018.909,47.518,exp4,GRASP,UNKNOWN,OFF_MAPPED_GROUND,0,0,0.00,0.038,0.786,56,0,0.471,-0.40,idle,none,0.0000,0.0000,3.8953,0.2422,0.0534
23019.007,47.614,exp4,GRASP,UNKNOWN,OFF_MAPPED_GROUND,0,0,0.00,0.038,0.786,56,0,0.471,-0.40,idle,none,0.0000,0.0000,3.8953,0.2422,0.0534
23019.107,47.714,exp4,GRASP,UNKNOWN,OFF_MAPPED_GROUND,0,0,0.00,0.038,0.786,56,0,0.471,-0.40,idle,none,0.0000,0.0000,3.8953,0.2422,0.0534
23019.207,47.814,exp4,GRASP,UNKNOWN,OFF_MAPPED_GROUND,0,0,0.00,0.038,0.786,56,0,0.471,-0.40,idle,none,0.0000,0.0000,3.8953,0.2422,0.0534
23019.309,47.914,exp4,GRASP,UNKNOWN,OFF_MAPPED_GROUND,0,0,0.00,0.038,0.786,56,0,0.471,-0.40,idle,none,0.0000,0.0000,3.8953,0.2422,0.0534
23019.409,48.014,exp4,GRASP,UNKNOWN,OFF_MAPPED_GROUND,0,0,0.00,0.038,0.786,56,0,0.471,-0.40,idle,none,0.0000,0.0000,3.8953,0.2422,0.0534
23019.511,48.114,exp4,GRASP,UNKNOWN,OFF_MAPPED_GROUND,0,0,0.00,0.038,0.786,56,0,0.471,-0.40,idle,none,0.0000,0.0000,3.8953,0.2422,0.0534
23019.612,48.214,exp4,GRASP,UNKNOWN,OFF_MAPPED_GROUND,0,0,0.00,0.038,0.786,56,0,0.471,-0.40,idle,none,0.0000,0.0000,3.8953,0.2422,0.0534
23019.716,48.314,exp4,GRASP,UNKNOWN,OFF_MAPPED_GROUND,0,0,0.00,0.038,0.786,56,0,0.471,-0.40,idle,none,0.0000,0.0000,3.8953,0.2422,0.0534
23019.812,48.414,exp4,GRASP,UNKNOWN,OFF_MAPPED_GROUND,0,0,0.00,0.038,0.786,56,0,0.471,-0.40,idle,none,0.0000,0.0000,3.8953,0.2422,0.0534
23019.912,48.514,exp4,GRASP,UNKNOWN,OFF_MAPPED_GROUND,0,0,0.00,0.038,0.786,56,0,0.471,-0.40,idle,none,0.0000,0.0000,3.8953,0.2422,0.0534
23020.011,48.614,exp4,GRASP,UNKNOWN,OFF_MAPPED_GROUND,0,0,0.00,0.038,0.786,56,0,0.471,-0.40,idle,none,0.0000,0.0000,3.8953,0.2422,0.0534
23020.112,48.714,exp4,GRASP,UNKNOWN,OFF_MAPPED_GROUND,0,0,0.00,0.038,0.786,56,0,0.471,-0.40,idle,none,0.0000,0.0000,3.8953,0.2422,0.0534
23020.211,48.814,exp4,GRASP,UNKNOWN,OFF_MAPPED_GROUND,0,0,0.00,0.038,0.786,56,0,0.471,-0.40,idle,none,0.0000,0.0000,3.8953,0.2422,0.0534
23020.315,48.914,exp4,GRASP,UNKNOWN,OFF_MAPPED_GROUND,0,0,0.00,0.038,0.786,56,0,0.471,-0.40,idle,none,0.0000,0.0000,3.8953,0.2422,0.0534
23020.414,49.014,exp4,GRASP,UNKNOWN,OFF_MAPPED_GROUND,0,0,0.00,0.038,0.786,56,0,0.471,-0.40,idle,none,0.0000,0.0000,3.8953,0.2422,0.0534
23020.515,49.114,exp4,GRASP,UNKNOWN,OFF_MAPPED_GROUND,0,0,0.00,0.038,0.786,56,0,0.471,-0.40,idle,none,0.0000,0.0000,3.8953,0.2422,0.0534
23020.614,49.214,exp4,GRASP,UNKNOWN,OFF_MAPPED_GROUND,0,0,0.00,0.038,0.786,56,0,0.471,-0.40,idle,none,0.0000,0.0000,3.8953,0.2422,0.0534
23020.718,49.314,exp4,GRASP,UNKNOWN,OFF_MAPPED_GROUND,0,0,0.00,0.038,0.786,56,0,0.471,-0.40,idle,none,0.0000,0.0000,3.8953,0.2422,0.0534
23020.817,49.414,exp4,GRASP,UNKNOWN,OFF_MAPPED_GROUND,0,0,0.00,0.038,0.786,56,0,0.471,-0.40,idle,none,0.0000,0.0000,3.8953,0.2422,0.0534
23020.918,49.514,exp4,GRASP,UNKNOWN,OFF_MAPPED_GROUND,0,0,0.00,0.038,0.786,56,0,0.471,-0.40,idle,none,0.0000,0.0000,3.8953,0.2422,0.0534
23021.019,49.614,exp4,GRASP,UNKNOWN,OFF_MAPPED_GROUND,0,0,0.00,0.038,0.786,56,0,0.471,-0.40,idle,none,0.0000,0.0000,3.8953,0.2422,0.0534
23021.119,49.714,exp4,GRASP,UNKNOWN,OFF_MAPPED_GROUND,0,0,0.00,0.038,0.786,56,0,0.471,-0.40,idle,none,0.0000,0.0000,3.8953,0.2422,0.0534
23021.222,49.814,exp4,GRASP,UNKNOWN,OFF_MAPPED_GROUND,0,0,0.00,0.038,0.786,56,0,0.471,-0.40,idle,none,0.0000,0.0000,3.8953,0.2422,0.0534
23021.328,49.914,exp4,GRASP,UNKNOWN,OFF_MAPPED_GROUND,0,0,0.00,0.038,0.786,56,0,0.471,-0.40,idle,none,0.0000,0.0000,3.8953,0.2422,0.0534
23021.427,50.014,exp4,GRASP,UNKNOWN,OFF_MAPPED_GROUND,0,0,0.00,0.038,0.786,56,0,0.471,-0.40,idle,none,0.0000,0.0000,3.8953,0.2422,0.0534
23021.532,50.114,exp4,GRASP,UNKNOWN,OFF_MAPPED_GROUND,0,0,0.00,0.038,0.786,56,0,0.471,-0.40,idle,none,0.0000,0.0000,3.8953,0.2422,0.0534
23021.632,50.214,exp4,GRASP,UNKNOWN,OFF_MAPPED_GROUND,0,0,0.00,0.038,0.786,56,0,0.471,-0.40,idle,none,0.0000,0.0000,3.8953,0.2422,0.0534
23021.741,50.314,exp4,GRASP,UNKNOWN,OFF_MAPPED_GROUND,0,0,0.00,0.038,0.786,56,0,0.471,-0.40,idle,none,0.0000,0.0000,3.8953,0.2422,0.0534
23021.842,50.414,exp4,GRASP,UNKNOWN,OFF_MAPPED_GROUND,0,0,0.00,0.038,0.786,56,0,0.471,-0.40,idle,none,0.0000,0.0000,3.8953,0.2422,0.0534
23021.947,50.514,exp4,GRASP,UNKNOWN,OFF_MAPPED_GROUND,0,0,0.00,0.038,0.786,56,0,0.471,-0.40,idle,none,0.0000,0.0000,3.8953,0.2422,0.0534
23022.049,50.614,exp4,GRASP,UNKNOWN,OFF_MAPPED_GROUND,0,0,0.00,0.038,0.786,56,0,0.471,-0.40,idle,none,0.0000,0.0000,3.8953,0.2422,0.0534
23022.154,50.714,exp4,GRASP,UNKNOWN,OFF_MAPPED_GROUND,0,0,0.00,0.038,0.786,56,0,0.471,-0.40,idle,none,0.0000,0.0000,3.8953,0.2422,0.0534
23022.255,50.814,exp4,GRASP,UNKNOWN,OFF_MAPPED_GROUND,0,0,0.00,0.038,0.786,56,0,0.471,-0.40,idle,none,0.0000,0.0000,3.8953,0.2422,0.0534
23022.354,50.914,exp4,GRASP,UNKNOWN,OFF_MAPPED_GROUND,0,0,0.00,0.038,0.786,56,0,0.471,-0.40,idle,none,0.0000,0.0000,3.8953,0.2422,0.0534
23022.454,51.014,exp4,GRASP,UNKNOWN,OFF_MAPPED_GROUND,0,0,0.00,0.038,0.786,56,0,0.471,-0.40,idle,none,0.0000,0.0000,3.8953,0.2422,0.0534
23022.554,51.114,exp4,GRASP,UNKNOWN,OFF_MAPPED_GROUND,0,0,0.00,0.038,0.786,56,0,0.471,-0.40,idle,none,0.0000,0.0000,3.8953,0.2422,0.0534
23022.655,51.214,exp4,GRASP,UNKNOWN,OFF_MAPPED_GROUND,0,0,0.00,0.038,0.786,56,0,0.471,-0.40,idle,none,0.0000,0.0000,3.8953,0.2422,0.0534
23022.757,51.314,exp4,GRASP,UNKNOWN,OFF_MAPPED_GROUND,0,0,0.00,0.038,0.786,56,0,0.471,-0.40,idle,none,0.0000,0.0000,3.8953,0.2422,0.0534
23022.865,51.418,exp4,GRASP,UNKNOWN,OFF_MAPPED_GROUND,0,0,0.00,0.038,0.786,56,0,0.471,-0.40,idle,none,0.0000,0.0000,3.8953,0.2422,0.0534
23023.085,51.514,exp4,GRASP,UNKNOWN,OFF_MAPPED_GROUND,0,0,0.00,0.038,0.786,56,0,0.471,-0.40,idle,none,0.0000,0.0000,3.8953,0.2422,0.0534
23023.188,51.614,exp4,GRASP,UNKNOWN,OFF_MAPPED_GROUND,0,0,0.00,0.038,0.786,56,0,0.471,-0.40,idle,none,0.0000,0.0000,3.8953,0.2422,0.0534
23023.289,51.714,exp4,GRASP,UNKNOWN,OFF_MAPPED_GROUND,0,0,0.00,0.038,0.786,56,0,0.471,-0.40,idle,none,0.0000,0.0000,3.8953,0.2422,0.0534
23023.395,51.814,exp4,GRASP,UNKNOWN,OFF_MAPPED_GROUND,0,0,0.00,0.038,0.786,56,0,0.471,-0.40,idle,none,0.0000,0.0000,3.8953,0.2422,0.0534
23023.494,51.914,exp4,GRASP,UNKNOWN,OFF_MAPPED_GROUND,0,0,0.00,0.038,0.786,56,0,0.471,-0.40,idle,none,0.0000,0.0000,3.8953,0.2422,0.0534
23023.593,52.014,exp4,GRASP,UNKNOWN,OFF_MAPPED_GROUND,0,0,0.00,0.038,0.786,56,0,0.471,-0.40,idle,none,0.0000,0.0000,3.8953,0.2422,0.0534
23023.693,52.114,exp4,GRASP,UNKNOWN,OFF_MAPPED_GROUND,0,0,0.00,0.038,0.786,56,0,0.471,-0.40,idle,none,0.0000,0.0000,3.8953,0.2422,0.0534
23023.794,52.214,exp4,GRASP,UNKNOWN,OFF_MAPPED_GROUND,0,0,0.00,0.038,0.786,56,0,0.471,-0.40,idle,none,0.0000,0.0000,3.8953,0.2422,0.0534
23023.910,52.314,exp4,GRASP,UNKNOWN,OFF_MAPPED_GROUND,0,0,0.00,0.038,0.786,56,0,0.471,-0.40,idle,none,0.0000,0.0000,3.8953,0.2422,0.0534
23024.042,52.414,exp4,GRASP,UNKNOWN,OFF_MAPPED_GROUND,0,0,0.00,0.038,0.786,56,0,0.471,-0.40,idle,none,0.0000,0.0000,3.8953,0.2422,0.0534
23024.145,52.514,exp4,GRASP,UNKNOWN,OFF_MAPPED_GROUND,0,0,0.00,0.038,0.786,56,0,0.471,-0.40,idle,none,0.0000,0.0000,3.8953,0.2422,0.0534
23024.252,52.614,exp4,GRASP,UNKNOWN,OFF_MAPPED_GROUND,0,0,0.00,0.038,0.786,56,0,0.471,-0.40,idle,none,0.0000,0.0000,3.8953,0.2422,0.0534
23024.353,52.714,exp4,GRASP,UNKNOWN,OFF_MAPPED_GROUND,0,0,0.00,0.038,0.786,56,0,0.471,-0.40,idle,none,0.0000,0.0000,3.8953,0.2422,0.0534
23024.453,52.814,exp4,GRASP,UNKNOWN,OFF_MAPPED_GROUND,0,0,0.00,0.038,0.786,56,0,0.471,-0.40,idle,none,0.0000,0.0000,3.8953,0.2422,0.0534
23024.553,52.914,exp4,GRASP,UNKNOWN,OFF_MAPPED_GROUND,0,0,0.00,0.038,0.786,56,0,0.471,-0.40,idle,none,0.0000,0.0000,3.8953,0.2422,0.0534
23024.653,53.014,exp4,GRASP,UNKNOWN,OFF_MAPPED_GROUND,0,0,0.00,0.038,0.786,56,0,0.471,-0.40,idle,none,0.0000,0.0000,3.8953,0.2422,0.0534
23024.752,53.114,exp4,GRASP,UNKNOWN,OFF_MAPPED_GROUND,0,0,0.00,0.038,0.786,56,0,0.471,-0.40,idle,none,0.0000,0.0000,3.8953,0.2422,0.0534
23024.865,53.214,exp4,GRASP,UNKNOWN,OFF_MAPPED_GROUND,0,0,0.00,0.038,0.786,56,0,0.471,-0.40,idle,none,0.0000,0.0000,3.8953,0.2422,0.0534
23024.965,53.314,exp4,GRASP,UNKNOWN,OFF_MAPPED_GROUND,0,0,0.00,0.038,0.786,56,0,0.471,-0.40,idle,none,0.0000,0.0000,3.8953,0.2422,0.0534
23025.080,53.414,exp4,GRASP,UNKNOWN,OFF_MAPPED_GROUND,0,0,0.00,0.038,0.786,56,0,0.471,-0.40,idle,none,0.0000,0.0000,3.8953,0.2422,0.0534
23025.181,53.514,exp4,GRASP,UNKNOWN,OFF_MAPPED_GROUND,0,0,0.00,0.038,0.786,56,0,0.471,-0.40,idle,none,0.0000,0.0000,3.8953,0.2422,0.0534
23025.289,53.614,exp4,GRASP,UNKNOWN,OFF_MAPPED_GROUND,0,0,0.00,0.038,0.786,56,0,0.471,-0.40,idle,none,0.0000,0.0000,3.8953,0.2422,0.0534
23025.394,53.714,exp4,GRASP,UNKNOWN,OFF_MAPPED_GROUND,0,0,0.00,0.038,0.786,56,0,0.471,-0.40,idle,none,0.0000,0.0000,3.8953,0.2422,0.0534
23025.499,53.814,exp4,GRASP,UNKNOWN,OFF_MAPPED_GROUND,0,0,0.00,0.038,0.786,56,0,0.471,-0.40,idle,none,0.0000,0.0000,3.8953,0.2422,0.0534
23025.598,53.914,exp4,GRASP,UNKNOWN,OFF_MAPPED_GROUND,0,0,0.00,0.038,0.786,56,0,0.471,-0.40,idle,none,0.0000,0.0000,3.8953,0.2422,0.0534
23025.702,54.014,exp4,GRASP,UNKNOWN,OFF_MAPPED_GROUND,0,0,0.00,0.038,0.786,56,0,0.471,-0.40,idle,none,0.0000,0.0000,3.8953,0.2422,0.0534
23025.806,54.114,exp4,GRASP,UNKNOWN,OFF_MAPPED_GROUND,0,0,0.00,0.038,0.786,56,0,0.471,-0.40,idle,none,0.0000,0.0000,3.8953,0.2422,0.0534
23025.901,54.214,exp4,GRASP,UNKNOWN,OFF_MAPPED_GROUND,0,0,0.00,0.038,0.786,56,0,0.471,-0.40,idle,none,0.0000,0.0000,3.8953,0.2422,0.0534
23026.001,54.314,exp4,GRASP,UNKNOWN,OFF_MAPPED_GROUND,0,0,0.00,0.038,0.786,56,0,0.471,-0.40,idle,none,0.0000,0.0000,3.8953,0.2422,0.0534
23026.104,54.414,exp4,GRASP,UNKNOWN,OFF_MAPPED_GROUND,0,0,0.00,0.038,0.786,56,0,0.471,-0.40,idle,none,0.0000,0.0000,3.8953,0.2422,0.0534
23026.205,54.514,exp4,GRASP,UNKNOWN,OFF_MAPPED_GROUND,0,0,0.00,0.038,0.786,56,0,0.471,-0.40,idle,none,0.0000,0.0000,3.8953,0.2422,0.0534
23026.311,54.614,exp4,GRASP,UNKNOWN,OFF_MAPPED_GROUND,0,0,0.00,0.038,0.786,56,0,0.471,-0.40,idle,none,0.0000,0.0000,3.8953,0.2422,0.0534
23026.414,54.714,exp4,GRASP,UNKNOWN,OFF_MAPPED_GROUND,0,0,0.00,0.038,0.786,56,0,0.471,-0.40,idle,none,0.0000,0.0000,3.8953,0.2422,0.0534
23026.510,54.814,exp4,GRASP,UNKNOWN,OFF_MAPPED_GROUND,0,0,0.00,0.038,0.786,56,0,0.471,-0.40,idle,none,0.0000,0.0000,3.8953,0.2422,0.0534
23026.611,54.914,exp4,GRASP,UNKNOWN,OFF_MAPPED_GROUND,0,0,0.00,0.038,0.786,56,0,0.471,-0.40,idle,none,0.0000,0.0000,3.8953,0.2422,0.0534
23026.711,55.014,exp4,GRASP,UNKNOWN,OFF_MAPPED_GROUND,0,0,0.00,0.038,0.786,56,0,0.471,-0.40,idle,none,0.0000,0.0000,3.8953,0.2422,0.0534
23026.812,55.114,exp4,GRASP,UNKNOWN,OFF_MAPPED_GROUND,0,0,0.00,0.038,0.786,56,0,0.471,-0.40,idle,none,0.0000,0.0000,3.8953,0.2422,0.0534
23026.910,55.214,exp4,GRASP,UNKNOWN,OFF_MAPPED_GROUND,0,0,0.00,0.038,0.786,56,0,0.471,-0.40,idle,none,0.0000,0.0000,3.8953,0.2422,0.0534
23027.013,55.316,exp4,GRASP,UNKNOWN,OFF_MAPPED_GROUND,0,0,0.00,0.038,0.786,56,0,0.471,-0.40,idle,none,0.0000,0.0000,3.8953,0.2422,0.0534
23027.110,55.414,exp4,GRASP,UNKNOWN,OFF_MAPPED_GROUND,0,0,0.00,0.038,0.786,56,0,0.471,-0.40,idle,none,0.0000,0.0000,3.8953,0.2422,0.0534
23027.210,55.514,exp4,GRASP,UNKNOWN,OFF_MAPPED_GROUND,0,0,0.00,0.038,0.786,56,0,0.471,-0.40,idle,none,0.0000,0.0000,3.8953,0.2422,0.0534
23027.310,55.614,exp4,GRASP,UNKNOWN,OFF_MAPPED_GROUND,0,0,0.00,0.038,0.786,56,0,0.471,-0.40,idle,none,0.0000,0.0000,3.8953,0.2422,0.0534
23027.416,55.714,exp4,GRASP,UNKNOWN,OFF_MAPPED_GROUND,0,0,0.00,0.038,0.786,56,0,0.471,-0.40,idle,none,0.0000,0.0000,3.8953,0.2422,0.0534
23027.516,55.814,exp4,GRASP,UNKNOWN,OFF_MAPPED_GROUND,0,0,0.00,0.038,0.786,56,0,0.471,-0.40,idle,none,0.0000,0.0000,3.8953,0.2422,0.0534
23027.626,55.914,exp4,GRASP,UNKNOWN,OFF_MAPPED_GROUND,0,0,0.00,0.038,0.786,56,0,0.471,-0.40,idle,none,0.0000,0.0000,3.8953,0.2422,0.0534
23027.726,56.014,exp4,GRASP,UNKNOWN,OFF_MAPPED_GROUND,0,0,0.00,0.038,0.786,56,0,0.471,-0.40,idle,none,0.0000,0.0000,3.8953,0.2422,0.0534
23027.827,56.114,exp4,GRASP,UNKNOWN,OFF_MAPPED_GROUND,0,0,0.00,0.038,0.786,56,0,0.471,-0.40,idle,none,0.0000,0.0000,3.8953,0.2422,0.0534
23027.926,56.214,exp4,GRASP,UNKNOWN,OFF_MAPPED_GROUND,0,0,0.00,0.038,0.786,56,0,0.471,-0.40,idle,none,0.0000,0.0000,3.8953,0.2422,0.0534
23028.026,56.314,exp4,GRASP,UNKNOWN,OFF_MAPPED_GROUND,0,0,0.00,0.038,0.786,56,0,0.471,-0.40,idle,none,0.0000,0.0000,3.8953,0.2422,0.0534
23028.126,56.414,exp4,GRASP,UNKNOWN,OFF_MAPPED_GROUND,0,0,0.00,0.038,0.786,56,0,0.471,-0.40,idle,none,0.0000,0.0000,3.8953,0.2422,0.0534
23028.247,56.514,exp4,GRASP,UNKNOWN,OFF_MAPPED_GROUND,0,0,0.00,0.038,0.786,56,0,0.471,-0.40,idle,none,0.0000,0.0000,3.8953,0.2422,0.0534
23028.347,56.614,exp4,GRASP,UNKNOWN,OFF_MAPPED_GROUND,0,0,0.00,0.038,0.786,56,0,0.471,-0.40,idle,none,0.0000,0.0000,3.8953,0.2422,0.0534
23028.465,56.714,exp4,GRASP,UNKNOWN,OFF_MAPPED_GROUND,0,0,0.00,0.038,0.786,56,0,0.471,-0.40,idle,none,0.0000,0.0000,3.8953,0.2422,0.0534
23028.564,56.814,exp4,GRASP,UNKNOWN,OFF_MAPPED_GROUND,0,0,0.00,0.038,0.786,56,0,0.471,-0.40,idle,none,0.0000,0.0000,3.8953,0.2422,0.0534
23028.686,56.914,exp4,GRASP,UNKNOWN,OFF_MAPPED_GROUND,0,0,0.00,0.038,0.786,56,0,0.471,-0.40,idle,none,0.0000,0.0000,3.8953,0.2422,0.0534
23028.907,57.014,exp4,GRASP,UNKNOWN,OFF_MAPPED_GROUND,0,0,0.00,0.038,0.786,56,0,0.471,-0.40,idle,none,0.0000,0.0000,3.8953,0.2422,0.0534
23029.030,57.114,exp4,GRASP,UNKNOWN,OFF_MAPPED_GROUND,0,0,0.00,0.038,0.786,56,0,0.471,-0.40,idle,none,0.0000,0.0000,3.8953,0.2422,0.0534
23029.130,57.214,exp4,GRASP,UNKNOWN,OFF_MAPPED_GROUND,0,0,0.00,0.038,0.786,56,0,0.471,-0.40,idle,none,0.0000,0.0000,3.8953,0.2422,0.0534
23029.236,57.314,exp4,GRASP,UNKNOWN,OFF_MAPPED_GROUND,0,0,0.00,0.038,0.786,56,0,0.471,-0.40,idle,none,0.0000,0.0000,3.8953,0.2422,0.0534
23029.335,57.414,exp4,GRASP,UNKNOWN,OFF_MAPPED_GROUND,0,0,0.00,0.038,0.786,56,0,0.471,-0.40,idle,none,0.0000,0.0000,3.8953,0.2422,0.0534
23029.435,57.514,exp4,GRASP,UNKNOWN,OFF_MAPPED_GROUND,0,0,0.00,0.038,0.786,56,0,0.471,-0.40,idle,none,0.0000,0.0000,3.8953,0.2422,0.0534
23029.535,57.614,exp4,GRASP,UNKNOWN,OFF_MAPPED_GROUND,0,0,0.00,0.038,0.786,56,0,0.471,-0.40,idle,none,0.0000,0.0000,3.8953,0.2422,0.0534
23029.635,57.714,exp4,GRASP,UNKNOWN,OFF_MAPPED_GROUND,0,0,0.00,0.038,0.786,56,0,0.471,-0.40,idle,none,0.0000,0.0000,3.8953,0.2422,0.0534
23029.736,57.814,exp4,GRASP,UNKNOWN,OFF_MAPPED_GROUND,0,0,0.00,0.038,0.786,56,0,0.471,-0.40,idle,none,0.0000,0.0000,3.8953,0.2422,0.0534
23029.834,57.914,exp4,GRASP,UNKNOWN,OFF_MAPPED_GROUND,0,0,0.00,0.038,0.786,56,0,0.471,-0.40,idle,none,0.0000,0.0000,3.8953,0.2422,0.0534
23029.936,58.014,exp4,GRASP,UNKNOWN,OFF_MAPPED_GROUND,0,0,0.00,0.038,0.786,56,0,0.471,-0.40,idle,none,0.0000,0.0000,3.8953,0.2422,0.0534
23030.034,58.114,exp4,GRASP,UNKNOWN,OFF_MAPPED_GROUND,0,0,0.00,0.038,0.786,56,0,0.471,-0.40,idle,none,0.0000,0.0000,3.8953,0.2422,0.0534
23030.140,58.218,exp4,GRASP,UNKNOWN,OFF_MAPPED_GROUND,0,0,0.00,0.038,0.786,56,0,0.471,-0.40,idle,none,0.0000,0.0000,3.8953,0.2422,0.0534
23030.236,58.314,exp4,GRASP,UNKNOWN,OFF_MAPPED_GROUND,0,0,0.00,0.038,0.786,56,0,0.471,-0.40,idle,none,0.0000,0.0000,3.8953,0.2422,0.0534
23030.339,58.414,exp4,GRASP,UNKNOWN,OFF_MAPPED_GROUND,0,0,0.00,0.038,0.786,56,0,0.471,-0.40,idle,none,0.0000,0.0000,3.8953,0.2422,0.0534
23030.438,58.514,exp4,GRASP,UNKNOWN,OFF_MAPPED_GROUND,0,0,0.00,0.038,0.786,56,0,0.471,-0.40,idle,none,0.0000,0.0000,3.8953,0.2422,0.0534
23030.537,58.614,exp4,GRASP,UNKNOWN,OFF_MAPPED_GROUND,0,0,0.00,0.038,0.786,56,0,0.471,-0.40,idle,none,0.0000,0.0000,3.8953,0.2422,0.0534
23030.637,58.714,exp4,GRASP,UNKNOWN,OFF_MAPPED_GROUND,0,0,0.00,0.038,0.786,56,0,0.471,-0.40,idle,none,0.0000,0.0000,3.8953,0.2422,0.0534
23030.738,58.814,exp4,GRASP,UNKNOWN,OFF_MAPPED_GROUND,0,0,0.00,0.038,0.786,56,0,0.471,-0.40,idle,none,0.0000,0.0000,3.8953,0.2422,0.0534
23030.837,58.914,exp4,GRASP,UNKNOWN,OFF_MAPPED_GROUND,0,0,0.00,0.038,0.786,56,0,0.471,-0.40,idle,none,0.0000,0.0000,3.8953,0.2422,0.0534
23030.951,59.014,exp4,GRASP,UNKNOWN,OFF_MAPPED_GROUND,0,0,0.00,0.038,0.786,56,0,0.471,-0.40,idle,none,0.0000,0.0000,3.8953,0.2422,0.0534
23031.051,59.114,exp4,GRASP,UNKNOWN,OFF_MAPPED_GROUND,0,0,0.00,0.070,0.750,56,0,0.471,-0.40,idle,none,0.0000,0.0000,3.8953,0.2422,0.0534
23031.156,59.214,exp4,GRASP,UNKNOWN,OFF_MAPPED_GROUND,0,0,0.00,0.069,0.750,56,0,0.471,-0.40,idle,none,0.0000,0.0000,3.8953,0.2422,0.0534
23031.255,59.314,exp4,GRASP,UNKNOWN,OFF_MAPPED_GROUND,0,0,0.00,0.069,0.750,56,0,0.471,-0.40,idle,none,0.0000,0.0000,3.8953,0.2422,0.0534
23031.355,59.414,exp4,GRASP,UNKNOWN,OFF_MAPPED_GROUND,0,0,0.00,0.069,0.750,56,0,0.471,-0.40,idle,none,0.0000,0.0000,3.8953,0.2422,0.0534
23031.455,59.514,exp4,GRASP,UNKNOWN,OFF_MAPPED_GROUND,0,0,0.00,0.069,0.750,56,0,0.471,-0.40,idle,none,0.0000,0.0000,3.8953,0.2422,0.0534
23031.555,59.614,exp4,GRASP,UNKNOWN,OFF_MAPPED_GROUND,0,0,0.00,0.069,0.750,56,0,0.471,-0.40,idle,none,0.0000,0.0000,3.8953,0.2422,0.0534
23031.655,59.714,exp4,GRASP,UNKNOWN,OFF_MAPPED_GROUND,0,0,0.00,0.069,0.750,56,0,0.471,-0.40,idle,none,0.0000,0.0000,3.8953,0.2422,0.0534
23031.769,59.814,exp4,GRASP,UNKNOWN,OFF_MAPPED_GROUND,0,0,0.00,0.069,0.750,56,0,0.471,-0.40,idle,none,0.0000,0.0000,3.8953,0.2422,0.0534
23031.868,59.914,exp4,GRASP,UNKNOWN,OFF_MAPPED_GROUND,0,0,0.00,0.069,0.750,56,0,0.471,-0.40,idle,none,0.0000,0.0000,3.8953,0.2422,0.0534
23031.979,60.014,exp4,GRASP,UNKNOWN,OFF_MAPPED_GROUND,0,0,0.00,0.069,0.750,56,0,0.471,-0.40,idle,none,0.0000,0.0000,3.8953,0.2422,0.0534
23032.078,60.114,exp4,GRASP,UNKNOWN,OFF_MAPPED_GROUND,0,0,0.00,0.069,0.750,56,0,0.471,-0.40,idle,none,0.0000,0.0000,3.8953,0.2422,0.0534
23032.197,60.214,exp4,GRASP,UNKNOWN,OFF_MAPPED_GROUND,0,0,0.00,0.069,0.750,56,0,0.471,-0.40,idle,none,0.0000,0.0000,3.8953,0.2422,0.0534
23032.298,60.314,exp4,GRASP,UNKNOWN,OFF_MAPPED_GROUND,0,0,0.00,0.069,0.750,56,0,0.471,-0.40,idle,none,0.0000,0.0000,3.8953,0.2422,0.0534
23032.424,60.414,exp4,GRASP,UNKNOWN,OFF_MAPPED_GROUND,0,0,0.00,0.069,0.750,56,0,0.471,-0.40,idle,none,0.0000,0.0000,3.8953,0.2422,0.0534
23032.527,60.514,exp4,GRASP,UNKNOWN,OFF_MAPPED_GROUND,0,0,0.00,0.069,0.750,56,0,0.471,-0.40,idle,none,0.0000,0.0000,3.8953,0.2422,0.0534
23032.634,60.614,exp4,GRASP,UNKNOWN,OFF_MAPPED_GROUND,0,0,0.00,0.084,0.732,56,0,0.471,-0.40,idle,none,0.0000,0.0000,3.8953,0.2422,0.0534
23032.736,60.716,exp4,GRASP,UNKNOWN,OFF_MAPPED_GROUND,0,0,0.00,0.084,0.732,56,0,0.471,-0.40,idle,none,0.0000,0.0000,3.8953,0.2422,0.0534
23032.835,60.814,exp4,GRASP,UNKNOWN,OFF_MAPPED_GROUND,0,0,0.00,0.084,0.732,56,0,0.471,-0.40,idle,none,0.0000,0.0000,3.8953,0.2422,0.0534
23032.939,60.914,exp4,GRASP,UNKNOWN,OFF_MAPPED_GROUND,0,0,0.00,0.084,0.732,56,0,0.471,-0.40,idle,none,0.0000,0.0000,3.8953,0.2422,0.0534
23033.037,61.014,exp4,GRASP,UNKNOWN,OFF_MAPPED_GROUND,0,0,0.00,0.084,0.732,56,0,0.471,-0.40,idle,none,0.0000,0.0000,3.8953,0.2422,0.0534
23033.138,61.114,exp4,GRASP,UNKNOWN,OFF_MAPPED_GROUND,0,0,0.00,0.084,0.732,56,0,0.471,-0.40,idle,none,0.0000,0.0000,3.8953,0.2422,0.0534
23033.237,61.214,exp4,GRASP,UNKNOWN,OFF_MAPPED_GROUND,0,0,0.00,0.083,0.732,56,0,0.471,-0.40,idle,none,0.0000,0.0000,3.8953,0.2422,0.0534
23033.341,61.316,exp4,GRASP,UNKNOWN,OFF_MAPPED_GROUND,0,0,0.00,0.083,0.732,56,0,0.471,-0.40,idle,none,0.0000,0.0000,3.8953,0.2422,0.0534
23033.437,61.414,exp4,GRASP,UNKNOWN,OFF_MAPPED_GROUND,0,0,0.00,0.083,0.732,56,0,0.471,-0.40,idle,none,0.0000,0.0000,3.8953,0.2422,0.0534
23033.537,61.514,exp4,GRASP,UNKNOWN,OFF_MAPPED_GROUND,0,0,0.00,0.098,0.714,56,0,0.471,-0.40,idle,none,0.0000,0.0000,3.8953,0.2422,0.0534
23033.637,61.614,exp4,GRASP,UNKNOWN,OFF_MAPPED_GROUND,0,0,0.00,0.098,0.714,56,0,0.471,-0.40,idle,none,0.0000,0.0000,3.8953,0.2422,0.0534
23033.737,61.714,exp4,GRASP,UNKNOWN,OFF_MAPPED_GROUND,0,0,0.00,0.098,0.714,56,0,0.471,-0.40,idle,none,0.0000,0.0000,3.8953,0.2422,0.0534
23033.837,61.814,exp4,GRASP,UNKNOWN,OFF_MAPPED_GROUND,0,0,0.00,0.111,0.696,56,0,0.471,-0.40,idle,none,0.0000,0.0000,3.8953,0.2422,0.0534
23033.937,61.914,exp4,GRASP,UNKNOWN,OFF_MAPPED_GROUND,0,0,0.00,0.111,0.696,56,0,0.471,-0.40,idle,none,0.0000,0.0000,3.8953,0.2422,0.0534
23034.040,62.014,exp4,GRASP,UNKNOWN,OFF_MAPPED_GROUND,0,0,0.00,0.111,0.696,56,0,0.471,-0.40,idle,none,0.0000,0.0000,3.8953,0.2422,0.0534
23034.139,62.114,exp4,GRASP,UNKNOWN,OFF_MAPPED_GROUND,0,0,0.00,0.111,0.696,56,0,0.471,-0.40,idle,none,0.0000,0.0000,3.8953,0.2422,0.0534
23034.240,62.214,exp4,GRASP,UNKNOWN,OFF_MAPPED_GROUND,0,0,0.00,0.110,0.696,56,0,0.471,-0.40,idle,none,0.0000,0.0000,3.8953,0.2422,0.0534
23034.340,62.314,exp4,GRASP,UNKNOWN,OFF_MAPPED_GROUND,0,0,0.00,0.110,0.696,56,0,0.471,-0.40,idle,none,0.0000,0.0000,3.8953,0.2422,0.0534
23034.439,62.414,exp4,GRASP,UNKNOWN,OFF_MAPPED_GROUND,0,0,0.00,0.110,0.696,56,0,0.471,-0.40,idle,none,0.0000,0.0000,3.8953,0.2422,0.0534
23034.543,62.514,exp4,GRASP,UNKNOWN,OFF_MAPPED_GROUND,0,0,0.00,0.110,0.696,56,0,0.471,-0.40,idle,none,0.0000,0.0000,3.8953,0.2422,0.0534
23034.643,62.614,exp4,GRASP,UNKNOWN,OFF_MAPPED_GROUND,0,0,0.00,0.110,0.696,56,0,0.471,-0.40,idle,none,0.0000,0.0000,3.8953,0.2422,0.0534
23034.744,62.714,exp4,GRASP,UNKNOWN,OFF_MAPPED_GROUND,0,0,0.00,0.123,0.696,56,0,0.471,-0.40,idle,none,0.0000,0.0000,3.8953,0.2422,0.0534
23034.843,62.814,exp4,GRASP,UNKNOWN,OFF_MAPPED_GROUND,0,0,0.00,0.123,0.696,56,0,0.471,-0.40,idle,none,0.0000,0.0000,3.8953,0.2422,0.0534
23034.942,62.914,exp4,GRASP,UNKNOWN,OFF_MAPPED_GROUND,0,0,0.00,0.123,0.696,56,0,0.471,-0.40,idle,none,0.0000,0.0000,3.8953,0.2422,0.0534
23035.045,63.014,exp4,GRASP,UNKNOWN,OFF_MAPPED_GROUND,0,0,0.00,0.123,0.696,56,0,0.471,-0.40,idle,none,0.0000,0.0000,3.8953,0.2422,0.0534
23035.152,63.114,exp4,GRASP,UNKNOWN,OFF_MAPPED_GROUND,0,0,0.00,0.123,0.696,56,0,0.471,-0.40,idle,none,0.0000,0.0000,3.8953,0.2422,0.0534
23035.253,63.214,exp4,GRASP,UNKNOWN,OFF_MAPPED_GROUND,0,0,0.00,0.123,0.696,56,0,0.471,-0.40,idle,none,0.0000,0.0000,3.8953,0.2422,0.0534
23035.362,63.314,exp4,GRASP,UNKNOWN,OFF_MAPPED_GROUND,0,0,0.00,0.110,0.696,56,0,0.471,-0.40,idle,none,0.0000,0.0000,3.8953,0.2422,0.0534
23035.460,63.414,exp4,GRASP,UNKNOWN,OFF_MAPPED_GROUND,0,0,0.00,0.110,0.696,56,0,0.471,-0.40,idle,none,0.0000,0.0000,3.8953,0.2422,0.0534
23035.563,63.514,exp4,GRASP,UNKNOWN,OFF_MAPPED_GROUND,0,0,0.00,0.110,0.696,56,0,0.471,-0.40,idle,none,0.0000,0.0000,3.8953,0.2422,0.0534
23035.663,63.614,exp4,GRASP,UNKNOWN,OFF_MAPPED_GROUND,0,0,0.00,0.067,0.750,56,0,0.471,-0.40,idle,none,0.0000,0.0000,3.8953,0.2422,0.0534
23035.767,63.714,exp4,GRASP,UNKNOWN,OFF_MAPPED_GROUND,0,0,0.00,0.067,0.750,56,0,0.471,-0.40,idle,none,0.0000,0.0000,3.8953,0.2422,0.0534
23035.872,63.818,exp4,GRASP,UNKNOWN,OFF_MAPPED_GROUND,0,0,0.00,0.067,0.750,56,0,0.471,-0.40,idle,none,0.0000,0.0000,3.8953,0.2422,0.0534
23035.970,63.914,exp4,GRASP,UNKNOWN,OFF_MAPPED_GROUND,0,0,0.00,0.067,0.750,56,0,0.471,-0.40,idle,none,0.0000,0.0000,3.8953,0.2422,0.0534
23036.071,64.014,exp4,GRASP,UNKNOWN,OFF_MAPPED_GROUND,0,0,0.00,0.067,0.750,56,0,0.471,-0.40,idle,none,0.0000,0.0000,3.8953,0.2422,0.0534
23036.174,64.114,exp4,GRASP,UNKNOWN,OFF_MAPPED_GROUND,0,0,0.00,0.067,0.750,56,0,0.471,-0.40,idle,none,0.0000,0.0000,3.8953,0.2422,0.0534
23036.281,64.218,exp4,GRASP,UNKNOWN,OFF_MAPPED_GROUND,0,0,0.00,0.053,0.768,56,0,0.471,-0.40,idle,none,0.0000,0.0000,3.8953,0.2422,0.0534
23036.376,64.314,exp4,GRASP,UNKNOWN,OFF_MAPPED_GROUND,0,0,0.00,0.053,0.768,56,0,0.471,-0.40,idle,none,0.0000,0.0000,3.8953,0.2422,0.0534
23036.481,64.414,exp4,GRASP,UNKNOWN,OFF_MAPPED_GROUND,0,0,0.00,0.053,0.768,56,0,0.471,-0.40,idle,none,0.0000,0.0000,3.8953,0.2422,0.0534
23036.576,64.514,exp4,GRASP,UNKNOWN,OFF_MAPPED_GROUND,0,0,0.00,0.053,0.768,56,0,0.471,-0.40,idle,none,0.0000,0.0000,3.8953,0.2422,0.0534
23036.678,64.614,exp4,GRASP,UNKNOWN,OFF_MAPPED_GROUND,0,0,0.00,0.053,0.768,56,0,0.471,-0.40,idle,none,0.0000,0.0000,3.8953,0.2422,0.0534
23036.776,64.714,exp4,GRASP,UNKNOWN,OFF_MAPPED_GROUND,0,0,0.00,0.053,0.768,56,0,0.471,-0.40,idle,none,0.0000,0.0000,3.8953,0.2422,0.0534
23036.880,64.814,exp4,GRASP,UNKNOWN,OFF_MAPPED_GROUND,0,0,0.00,0.053,0.768,56,0,0.471,-0.40,idle,none,0.0000,0.0000,3.8953,0.2422,0.0534
23036.978,64.914,exp4,GRASP,UNKNOWN,OFF_MAPPED_GROUND,0,0,0.00,0.053,0.768,56,0,0.471,-0.40,idle,none,0.0000,0.0000,3.8953,0.2422,0.0534
23037.080,65.014,exp4,GRASP,UNKNOWN,OFF_MAPPED_GROUND,0,0,0.00,0.053,0.768,56,0,0.471,-0.40,idle,none,0.0000,0.0000,3.8953,0.2422,0.0534
23037.181,65.114,exp4,GRASP,UNKNOWN,OFF_MAPPED_GROUND,0,0,0.00,0.053,0.768,56,0,0.471,-0.40,idle,none,0.0000,0.0000,3.8953,0.2422,0.0534
23037.289,65.214,exp4,GRASP,UNKNOWN,OFF_MAPPED_GROUND,0,0,0.00,0.053,0.768,56,0,0.471,-0.40,idle,none,0.0000,0.0000,3.8953,0.2422,0.0534
23037.391,65.314,exp4,GRASP,UNKNOWN,OFF_MAPPED_GROUND,0,0,0.00,0.053,0.768,56,0,0.471,-0.40,idle,none,0.0000,0.0000,3.8953,0.2422,0.0534
23037.497,65.416,exp4,GRASP,UNKNOWN,OFF_MAPPED_GROUND,0,0,0.00,0.053,0.768,56,0,0.471,-0.40,idle,none,0.0000,0.0000,3.8953,0.2422,0.0534
23037.594,65.514,exp4,GRASP,UNKNOWN,OFF_MAPPED_GROUND,0,0,0.00,0.053,0.768,56,0,0.471,-0.40,idle,none,0.0000,0.0000,3.8953,0.2422,0.0534
23037.694,65.614,exp4,GRASP,UNKNOWN,OFF_MAPPED_GROUND,0,0,0.00,0.053,0.768,56,0,0.471,-0.40,idle,none,0.0000,0.0000,3.8953,0.2422,0.0534
23037.794,65.714,exp4,GRASP,UNKNOWN,OFF_MAPPED_GROUND,0,0,0.00,0.053,0.768,56,0,0.471,-0.40,idle,none,0.0000,0.0000,3.8953,0.2422,0.0534
23037.912,65.814,exp4,GRASP,UNKNOWN,OFF_MAPPED_GROUND,0,0,0.00,0.053,0.768,56,0,0.471,-0.40,idle,none,0.0000,0.0000,3.8953,0.2422,0.0534
23038.016,65.914,exp4,GRASP,UNKNOWN,OFF_MAPPED_GROUND,0,0,0.00,0.053,0.768,56,0,0.471,-0.40,idle,none,0.0000,0.0000,3.8953,0.2422,0.0534
23038.119,66.014,exp4,GRASP,UNKNOWN,OFF_MAPPED_GROUND,0,0,0.00,0.053,0.768,56,0,0.471,-0.40,idle,none,0.0000,0.0000,3.8953,0.2422,0.0534
23038.218,66.114,exp4,GRASP,UNKNOWN,OFF_MAPPED_GROUND,0,0,0.00,0.053,0.768,56,0,0.471,-0.40,idle,none,0.0000,0.0000,3.8953,0.2422,0.0534
23038.318,66.214,exp4,GRASP,UNKNOWN,OFF_MAPPED_GROUND,0,0,0.00,0.053,0.768,56,0,0.471,-0.40,idle,none,0.0000,0.0000,3.8953,0.2422,0.0534
23038.418,66.314,exp4,GRASP,UNKNOWN,OFF_MAPPED_GROUND,0,0,0.00,0.053,0.768,56,0,0.471,-0.40,idle,none,0.0000,0.0000,3.8953,0.2422,0.0534
23038.528,66.414,exp4,GRASP,UNKNOWN,OFF_MAPPED_GROUND,0,0,0.00,0.053,0.768,56,0,0.471,-0.40,idle,none,0.0000,0.0000,3.8953,0.2422,0.0534
23038.628,66.514,exp4,GRASP,UNKNOWN,OFF_MAPPED_GROUND,0,0,0.00,0.069,0.750,56,0,0.471,-0.40,idle,none,0.0000,0.0000,3.8953,0.2422,0.0534
23038.753,66.614,exp4,GRASP,UNKNOWN,OFF_MAPPED_GROUND,0,0,0.00,0.069,0.750,56,0,0.471,-0.40,idle,none,0.0000,0.0000,3.8953,0.2422,0.0534
23038.855,66.714,exp4,GRASP,UNKNOWN,OFF_MAPPED_GROUND,0,0,0.00,0.069,0.750,56,0,0.471,-0.40,idle,none,0.0000,0.0000,3.8953,0.2422,0.0534
23038.964,66.814,exp4,GRASP,UNKNOWN,OFF_MAPPED_GROUND,0,0,0.00,0.069,0.750,56,0,0.471,-0.40,idle,none,0.0000,0.0000,3.8953,0.2422,0.0534
23039.063,66.914,exp4,GRASP,UNKNOWN,OFF_MAPPED_GROUND,0,0,0.00,0.069,0.750,56,0,0.471,-0.40,idle,none,0.0000,0.0000,3.8953,0.2422,0.0534
23039.173,67.014,exp4,GRASP,UNKNOWN,OFF_MAPPED_GROUND,0,0,0.00,0.069,0.750,56,0,0.471,-0.40,idle,none,0.0000,0.0000,3.8953,0.2422,0.0534
23039.275,67.114,exp4,GRASP,UNKNOWN,OFF_MAPPED_GROUND,0,0,0.00,0.069,0.750,56,0,0.471,-0.40,idle,none,0.0000,0.0000,3.8953,0.2422,0.0534
23039.402,67.214,exp4,GRASP,UNKNOWN,OFF_MAPPED_GROUND,0,0,0.00,0.069,0.750,56,0,0.471,-0.40,idle,none,0.0000,0.0000,3.8953,0.2422,0.0534
23039.502,67.314,exp4,GRASP,UNKNOWN,OFF_MAPPED_GROUND,0,0,0.00,0.069,0.750,56,0,0.471,-0.40,idle,none,0.0000,0.0000,3.8953,0.2422,0.0534
23039.602,67.414,exp4,GRASP,UNKNOWN,OFF_MAPPED_GROUND,0,0,0.00,0.069,0.750,56,0,0.471,-0.40,idle,none,0.0000,0.0000,3.8953,0.2422,0.0534
23039.707,67.518,exp4,GRASP,UNKNOWN,OFF_MAPPED_GROUND,0,0,0.00,0.069,0.750,56,0,0.471,-0.40,idle,none,0.0000,0.0000,3.8953,0.2422,0.0534
23039.804,67.614,exp4,GRASP,UNKNOWN,OFF_MAPPED_GROUND,0,0,0.00,0.069,0.750,56,0,0.471,-0.40,idle,none,0.0000,0.0000,3.8953,0.2422,0.0534
23039.913,67.718,exp4,GRASP,UNKNOWN,OFF_MAPPED_GROUND,0,0,0.00,0.069,0.750,56,0,0.471,-0.40,idle,none,0.0000,0.0000,3.8953,0.2422,0.0534
23040.006,67.814,exp4,GRASP,UNKNOWN,OFF_MAPPED_GROUND,0,0,0.00,0.069,0.750,56,0,0.471,-0.40,idle,none,0.0000,0.0000,3.8953,0.2422,0.0534
23040.116,67.914,exp4,GRASP,UNKNOWN,OFF_MAPPED_GROUND,0,0,0.00,0.053,0.768,56,0,0.471,-0.40,idle,none,0.0000,0.0000,3.8953,0.2422,0.0534
23040.216,68.014,exp4,GRASP,UNKNOWN,OFF_MAPPED_GROUND,0,0,0.00,0.053,0.768,56,0,0.471,-0.40,idle,none,0.0000,0.0000,3.8953,0.2422,0.0534
23040.318,68.114,exp4,GRASP,UNKNOWN,OFF_MAPPED_GROUND,0,0,0.00,0.038,0.786,56,0,0.471,-0.40,idle,none,0.0000,0.0000,3.8953,0.2422,0.0534
23040.416,68.214,exp4,GRASP,UNKNOWN,OFF_MAPPED_GROUND,0,0,0.00,0.038,0.786,56,0,0.471,-0.40,idle,none,0.0000,0.0000,3.8953,0.2422,0.0534
23040.517,68.314,exp4,GRASP,UNKNOWN,OFF_MAPPED_GROUND,0,0,0.00,0.038,0.786,56,0,0.471,-0.40,idle,none,0.0000,0.0000,3.8953,0.2422,0.0534
23040.616,68.414,exp4,GRASP,UNKNOWN,OFF_MAPPED_GROUND,0,0,0.00,0.038,0.786,56,0,0.471,-0.40,idle,none,0.0000,0.0000,3.8953,0.2422,0.0534
23040.717,68.514,exp4,GRASP,UNKNOWN,OFF_MAPPED_GROUND,0,0,0.00,0.038,0.786,56,0,0.471,-0.40,idle,none,0.0000,0.0000,3.8953,0.2422,0.0534
23040.816,68.614,exp4,GRASP,UNKNOWN,OFF_MAPPED_GROUND,0,0,0.00,0.038,0.786,56,0,0.471,-0.40,idle,none,0.0000,0.0000,3.8953,0.2422,0.0534
23040.916,68.714,exp4,GRASP,UNKNOWN,OFF_MAPPED_GROUND,0,0,0.00,0.038,0.786,56,0,0.471,-0.40,idle,none,0.0000,0.0000,3.8953,0.2422,0.0534
23041.016,68.814,exp4,GRASP,UNKNOWN,OFF_MAPPED_GROUND,0,0,0.00,0.038,0.786,56,0,0.471,-0.40,idle,none,0.0000,0.0000,3.8953,0.2422,0.0534
23041.122,68.914,exp4,GRASP,UNKNOWN,OFF_MAPPED_GROUND,0,0,0.00,0.038,0.786,56,0,0.471,-0.40,idle,none,0.0000,0.0000,3.8953,0.2422,0.0534
23041.221,69.014,exp4,GRASP,UNKNOWN,OFF_MAPPED_GROUND,0,0,0.00,0.038,0.786,56,0,0.471,-0.40,idle,none,0.0000,0.0000,3.8953,0.2422,0.0534
23041.340,69.114,exp4,VERIFY_GRASP,UNKNOWN,OFF_MAPPED_GROUND,0,0,0.00,0.038,0.786,56,0,0.471,-0.40,idle,none,0.0000,0.0000,3.8953,0.2422,0.0534
23041.438,69.214,exp4,VERIFY_GRASP,UNKNOWN,OFF_MAPPED_GROUND,0,0,0.00,0.038,0.786,56,0,0.471,-0.40,idle,none,0.0000,0.0000,3.8953,0.2422,0.0534
23041.539,69.314,exp4,DESCEND,UNKNOWN,OFF_MAPPED_GROUND,0,0,0.00,0.038,0.786,56,0,0.471,-0.40,rl,none,0.0000,0.0000,3.8953,0.2422,0.0534
23041.638,69.414,exp4,DESCEND,UNKNOWN,OFF_MAPPED_GROUND,0,0,0.00,0.038,0.786,56,0,0.471,-0.40,rl,none,0.1800,-0.0643,3.8972,0.2424,0.0536
23041.738,69.514,exp4,DESCEND,UNKNOWN,OFF_MAPPED_GROUND,0,0,0.00,0.037,0.786,56,0,0.471,-0.40,rl,none,0.1800,-0.0597,3.9129,0.2429,0.0497
23041.838,69.614,exp4,DESCEND,UNKNOWN,OFF_MAPPED_GROUND,0,0,0.00,0.040,0.782,55,0,0.471,-0.40,rl,none,0.1800,-0.0524,3.9308,0.2432,0.0436
23041.948,69.714,exp4,DESCEND,UNKNOWN,OFF_MAPPED_GROUND,0,0,0.00,0.039,0.782,55,0,0.471,-0.40,rl,none,0.1800,-0.0472,3.9488,0.2434,0.0383
23042.048,69.814,exp4,DESCEND,UNKNOWN,OFF_MAPPED_GROUND,0,0,0.00,0.037,0.782,55,0,0.471,-0.40,rl,rl,0.1800,-0.0413,3.9668,0.2436,0.0335
23042.157,69.914,exp4,DESCEND,UNKNOWN,OFF_MAPPED_GROUND,0,0,0.00,0.036,0.786,56,0,0.471,-0.40,rl,rl,0.1800,-0.0362,3.9848,0.2438,0.0294
23042.256,70.014,exp4,DESCEND,UNKNOWN,OFF_MAPPED_GROUND,0,0,0.00,0.036,0.786,56,0,0.471,-0.40,rl,rl,0.1800,-0.0316,4.0028,0.2440,0.0257
23042.365,70.114,exp4,DESCEND,UNKNOWN,OFF_MAPPED_GROUND,0,0,0.00,0.037,0.782,55,0,0.471,-0.40,rl,rl,0.1800,-0.0277,4.0208,0.2442,0.0225
23042.466,70.214,exp4,DESCEND,UNKNOWN,OFF_MAPPED_GROUND,0,0,0.00,0.036,0.800,55,0,0.452,-0.40,rl,rl,0.1800,-0.0242,4.0388,0.2443,0.0197
23042.574,70.314,exp4,DESCEND,UNKNOWN,OFF_MAPPED_GROUND,0,0,0.00,0.037,0.800,55,0,0.452,-0.40,rl,rl,0.1800,-0.0212,4.0568,0.2444,0.0172
23042.675,70.414,exp4,DESCEND,UNKNOWN,OFF_MAPPED_GROUND,0,0,0.00,0.036,0.800,55,0,0.452,-0.40,rl,rl,0.1800,-0.0185,4.0748,0.2445,0.0150
23042.786,70.514,exp4,DESCEND,UNKNOWN,OFF_MAPPED_GROUND,0,0,0.00,0.037,0.782,55,0,0.452,-0.40,rl,rl,0.1800,-0.0162,4.0928,0.2446,0.0131
23042.886,70.614,exp4,DESCEND,UNKNOWN,OFF_MAPPED_GROUND,0,0,0.00,0.025,0.893,56,0,0.452,-0.40,rl,rl,0.1800,-0.0142,4.1108,0.2447,0.0115
23042.990,70.714,exp4,DESCEND,UNKNOWN,OFF_MAPPED_GROUND,0,0,0.00,0.026,0.895,57,0,0.452,-0.40,rl,rl,0.1800,-0.0124,4.1288,0.2447,0.0100
23043.096,70.814,exp4,DESCEND,UNKNOWN,OFF_MAPPED_GROUND,0,0,0.00,0.026,0.895,57,0,0.452,-0.40,rl,rl,0.1800,-0.0108,4.1468,0.2448,0.0088
23043.189,70.914,exp4,DESCEND,UNKNOWN,OFF_MAPPED_GROUND,0,0,0.00,0.027,0.912,57,0,0.452,-0.40,rl,rl,0.1800,-0.0095,4.1648,0.2448,0.0077
23043.292,71.014,exp4,DESCEND,UNKNOWN,OFF_MAPPED_GROUND,0,0,0.00,0.027,0.930,57,0,0.452,-0.40,rl,rl,0.1800,-0.0083,4.1828,0.2449,0.0067
23043.390,71.114,exp4,DESCEND,UNKNOWN,OFF_MAPPED_GROUND,0,0,0.00,0.027,0.930,57,0,0.452,-0.40,rl,rl,0.1800,-0.0072,4.2008,0.2449,0.0059
23043.491,71.214,exp4,DESCEND,UNKNOWN,OFF_MAPPED_GROUND,0,0,0.00,0.025,0.930,57,0,0.452,-0.40,rl,rl,0.1800,-0.0062,4.2188,0.2449,0.0051
23043.593,71.314,exp4,DESCEND,UNKNOWN,OFF_MAPPED_GROUND,0,0,0.00,0.024,0.947,57,0,0.452,-0.40,rl,rl,0.1800,-0.0055,4.2368,0.2450,0.0045
23043.697,71.414,exp4,DESCEND,UNKNOWN,OFF_MAPPED_GROUND,0,0,0.00,0.026,0.930,57,0,0.452,-0.40,rl,rl,0.1800,-0.0047,4.2548,0.2450,0.0039
23043.792,71.514,exp4,DESCEND,UNKNOWN,OFF_MAPPED_GROUND,0,0,0.00,0.027,0.912,57,0,0.452,-0.40,rl,rl,0.1800,-0.0041,4.2728,0.2450,0.0034
23043.893,71.614,exp4,DESCEND,UNKNOWN,OFF_MAPPED_GROUND,0,0,0.00,0.026,0.930,57,0,0.453,-0.40,rl,rl,0.1800,-0.0036,4.2908,0.2450,0.0030
23043.992,71.714,exp4,DESCEND,UNKNOWN,OFF_MAPPED_GROUND,0,0,0.00,0.026,0.930,57,0,0.453,-0.40,rl,rl,0.1800,-0.0031,4.3088,0.2450,0.0026
23044.092,71.814,exp4,DESCEND,UNKNOWN,OFF_MAPPED_GROUND,0,0,0.00,0.026,0.930,57,0,0.453,-0.40,rl,rl,0.1800,-0.0027,4.3268,0.2451,0.0023
23044.197,71.914,exp4,DESCEND,UNKNOWN,OFF_MAPPED_GROUND,0,0,0.00,0.025,0.930,57,0,0.453,-0.40,rl,rl,0.1800,-0.0024,4.3448,0.2451,0.0020
23044.302,72.014,exp4,DESCEND,UNKNOWN,OFF_MAPPED_GROUND,0,0,0.00,0.031,0.898,59,0,0.453,-0.40,rl,rl,0.1800,-0.0021,4.3628,0.2451,0.0017
23044.402,72.114,exp4,DESCEND,UNKNOWN,OFF_MAPPED_GROUND,0,0,0.00,0.031,0.898,59,0,0.453,-0.40,rl,rl,0.1800,-0.0018,4.3808,0.2451,0.0015
23044.505,72.214,exp4,DESCEND,UNKNOWN,OFF_MAPPED_GROUND,0,0,0.00,0.032,0.897,58,0,0.453,-0.40,rl,rl,0.1800,-0.0016,4.3988,0.2451,0.0013
23044.605,72.314,exp4,DESCEND,UNKNOWN,OFF_MAPPED_GROUND,0,0,0.00,0.032,0.897,58,0,0.453,-0.40,rl,rl,0.1800,-0.0014,4.4168,0.2451,0.0012
23044.710,72.414,exp4,DESCEND,UNKNOWN,OFF_MAPPED_GROUND,0,0,0.00,0.030,0.897,58,0,0.453,-0.40,rl,rl,0.1800,-0.0015,4.4346,0.2451,0.0012
23044.808,72.514,exp4,DESCEND,UNKNOWN,OFF_MAPPED_GROUND,0,0,0.00,0.030,0.897,58,0,0.453,-0.40,rl,rl,0.1800,-0.0015,4.4525,0.2452,0.0012
23044.923,72.614,exp4,DESCEND,UNKNOWN,OFF_MAPPED_GROUND,0,0,0.00,0.031,0.897,58,0,0.453,-0.40,rl,rl,0.1800,-0.0015,4.4702,0.2452,0.0012
23045.038,72.714,exp4,DESCEND,UNKNOWN,OFF_MAPPED_GROUND,0,0,0.00,0.033,0.895,57,0,0.453,-0.40,rl,rl,0.1800,-0.0015,4.4878,0.2452,0.0012
23045.137,72.814,exp4,DESCEND,UNKNOWN,OFF_MAPPED_GROUND,0,0,0.00,0.034,0.889,54,0,0.453,-0.40,rl,rl,0.1800,-0.0012,4.5052,0.2452,0.0009
23045.237,72.914,exp4,DESCEND,UNKNOWN,OFF_MAPPED_GROUND,0,0,0.00,0.037,0.882,51,0,0.453,-0.40,rl,rl,0.1800,-0.0008,4.5228,0.2452,0.0006
23045.347,73.014,exp4,DESCEND,UNKNOWN,OFF_MAPPED_GROUND,0,0,0.00,0.035,0.878,49,0,0.445,-0.40,rl,rl,0.1800,-0.0005,4.5406,0.2452,0.0003
23045.447,73.114,exp4,DESCEND,UNKNOWN,OFF_MAPPED_GROUND,0,0,0.00,0.036,0.875,48,0,0.445,-0.40,rl,rl,0.1800,-0.0003,4.5585,0.2452,0.0002
23045.555,73.214,exp4,DESCEND,UNKNOWN,OFF_MAPPED_GROUND,0,0,0.00,0.037,0.875,48,0,0.445,-0.40,rl,rl,0.1800,-0.0001,4.5764,0.2452,0.0001
23045.655,73.314,exp4,DESCEND,UNKNOWN,OFF_MAPPED_GROUND,0,0,0.00,0.177,0.490,49,0,0.445,-0.40,rl,rl,0.1800,-0.0001,4.5937,0.2452,0.0001
23045.763,73.414,exp4,DESCEND,UNKNOWN,OFF_MAPPED_GROUND,0,0,0.00,0.297,0.367,49,0,0.445,-0.40,rl,rl,0.1800,-0.0001,4.6108,0.2452,0.0001
23045.863,73.514,exp4,DESCEND,UNKNOWN,OFF_MAPPED_GROUND,0,0,0.00,0.307,0.367,49,0,0.445,-0.40,rl,rl,0.1800,-0.0001,4.6279,0.2452,0.0001
23045.970,73.614,exp4,DESCEND,UNKNOWN,OFF_MAPPED_GROUND,0,0,0.00,0.308,0.367,49,0,0.445,-0.40,rl,rl,0.1800,-0.0001,4.6450,0.2452,0.0001
23046.070,73.714,exp4,DESCEND,UNKNOWN,OFF_MAPPED_GROUND,0,0,0.00,0.310,0.367,49,0,0.445,-0.40,rl,rl,0.1800,-0.0001,4.6622,0.2452,0.0001
23046.175,73.814,exp4,DESCEND,UNKNOWN,OFF_MAPPED_GROUND,0,0,0.00,0.305,0.400,50,0,0.445,-0.40,rl,rl,0.1800,-0.0001,4.6793,0.2452,0.0001
23046.274,73.914,exp4,DESCEND,UNKNOWN,OFF_MAPPED_GROUND,0,0,0.00,0.304,0.420,50,0,0.445,-0.40,rl,rl,0.1800,-0.0001,4.6964,0.2452,0.0001
23046.408,74.014,exp4,DESCEND,UNKNOWN,OFF_MAPPED_GROUND,0,0,0.00,0.306,0.400,50,0,0.445,-0.40,rl,rl,0.1800,-0.0001,4.7135,0.2452,0.0001
23046.508,74.114,exp4,DESCEND,UNKNOWN,OFF_MAPPED_GROUND,0,0,0.00,0.307,0.400,50,0,0.445,-0.40,rl,rl,0.1800,-0.0001,4.7306,0.2452,0.0001
23046.617,74.214,exp4,DESCEND,UNKNOWN,OFF_MAPPED_GROUND,0,0,0.00,0.302,0.412,51,0,0.445,-0.40,rl,rl,0.1800,-0.0001,4.7478,0.2452,0.0001
23046.717,74.314,exp4,DESCEND,UNKNOWN,OFF_MAPPED_GROUND,0,0,0.00,0.306,0.412,51,0,0.445,-0.40,rl,rl,0.1800,-0.0001,4.7649,0.2452,0.0001
23046.822,74.414,exp4,DESCEND,UNKNOWN,OFF_MAPPED_GROUND,0,0,0.00,0.307,0.412,51,0,0.488,-0.40,rl,rl,0.1800,-0.0001,4.7820,0.2452,0.0001
23046.927,74.514,exp4,DESCEND,UNKNOWN,OFF_MAPPED_GROUND,0,0,0.00,0.307,0.412,51,0,0.488,-0.40,rl,rl,0.1800,-0.0001,4.7991,0.2452,0.0001
23047.024,74.614,exp4,DESCEND,UNKNOWN,OFF_MAPPED_GROUND,0,0,0.00,0.306,0.412,51,0,0.488,-0.40,rl,rl,0.1800,-0.0001,4.8162,0.2452,0.0001
23047.134,74.714,exp4,DESCEND,UNKNOWN,OFF_MAPPED_GROUND,0,0,0.00,0.305,0.412,51,0,0.488,-0.40,rl,rl,0.1800,-0.0001,4.8334,0.2452,0.0001
23047.247,74.814,exp4,DESCEND,UNKNOWN,OFF_MAPPED_GROUND,0,0,0.00,0.293,0.392,51,0,0.488,-0.40,rl,rl,0.1800,-0.0001,4.8505,0.2452,0.0001
23047.362,74.914,exp4,DESCEND,UNKNOWN,OFF_MAPPED_GROUND,0,0,0.00,0.295,0.412,51,0,0.488,-0.40,rl,rl,0.1800,-0.0001,4.8676,0.2452,0.0001
23047.466,75.014,exp4,DESCEND,UNKNOWN,OFF_MAPPED_GROUND,0,0,0.00,0.296,0.412,51,0,0.488,-0.40,rl,rl,0.1800,-0.0001,4.8847,0.2452,0.0001
23047.565,75.114,exp4,DESCEND,UNKNOWN,OFF_MAPPED_GROUND,0,0,0.00,0.291,0.404,52,0,0.488,-0.40,rl,rl,0.1800,-0.0001,4.9019,0.2452,0.0001
23047.665,75.214,exp4,DESCEND,UNKNOWN,OFF_MAPPED_GROUND,0,0,0.00,0.291,0.404,52,0,0.488,-0.40,rl,rl,0.1800,-0.0001,4.9190,0.2452,0.0001
23047.772,75.314,exp4,DESCEND,UNKNOWN,OFF_MAPPED_GROUND,0,0,0.00,0.294,0.385,52,0,0.488,-0.40,rl,rl,0.1800,-0.0001,4.9361,0.2452,0.0001
23047.874,75.414,exp4,DESCEND,UNKNOWN,OFF_MAPPED_GROUND,0,0,0.00,0.295,0.385,52,0,0.488,-0.40,rl,rl,0.1800,-0.0001,4.9532,0.2452,0.0001
23047.977,75.514,exp4,DESCEND,UNKNOWN,OFF_MAPPED_GROUND,0,0,0.00,0.296,0.385,52,0,0.488,-0.40,rl,rl,0.1800,-0.0001,4.9703,0.2452,0.0001
23048.078,75.614,exp4,DESCEND,UNKNOWN,OFF_MAPPED_GROUND,0,0,0.00,0.299,0.365,52,0,0.488,-0.40,rl,rl,0.1800,-0.0001,4.9875,0.2452,0.0001
23048.182,75.714,exp4,DESCEND,UNKNOWN,OFF_MAPPED_GROUND,0,0,0.00,0.296,0.358,53,0,0.488,-0.40,rl,rl,0.1800,-0.0001,5.0046,0.2452,0.0001
23048.284,75.814,exp4,DESCEND,UNKNOWN,OFF_MAPPED_GROUND,0,0,0.00,0.297,0.358,53,0,0.512,-0.40,rl,rl,0.1800,-0.0001,5.0217,0.2452,0.0001
23048.385,75.914,exp4,DESCEND,UNKNOWN,OFF_MAPPED_GROUND,0,0,0.00,0.296,0.358,53,0,0.512,-0.40,rl,rl,0.1800,-0.0001,5.0388,0.2452,0.0001
23048.487,76.014,exp4,DESCEND,UNKNOWN,OFF_MAPPED_GROUND,0,0,0.00,0.297,0.396,53,0,0.512,-0.40,rl,rl,0.1800,-0.0001,5.0559,0.2452,0.0001
23048.586,76.114,exp4,DESCEND,UNKNOWN,OFF_MAPPED_GROUND,0,0,0.00,0.297,0.415,53,0,0.512,-0.40,rl,rl,0.1800,-0.0001,5.0731,0.2452,0.0001
23048.686,76.214,exp4,DESCEND,UNKNOWN,OFF_MAPPED_GROUND,0,0,0.00,0.289,0.415,53,0,0.512,-0.40,rl,rl,0.1800,-0.0001,5.0902,0.2452,0.0001
23048.792,76.314,exp4,DESCEND,UNKNOWN,OFF_MAPPED_GROUND,0,0,0.00,0.285,0.407,54,0,0.512,-0.40,rl,rl,0.1800,-0.0001,5.1073,0.2452,0.0001
23048.893,76.414,exp4,DESCEND,UNKNOWN,OFF_MAPPED_GROUND,0,0,0.00,0.286,0.407,54,0,0.512,-0.40,rl,rl,0.1800,-0.0001,5.1244,0.2452,0.0001
23048.997,76.514,exp4,DESCEND,UNKNOWN,OFF_MAPPED_GROUND,0,0,0.00,0.285,0.407,54,0,0.512,-0.40,rl,rl,0.1800,-0.0001,5.1415,0.2452,0.0001
23049.098,76.614,exp4,DESCEND,UNKNOWN,OFF_MAPPED_GROUND,0,0,0.00,0.286,0.407,54,0,0.512,-0.40,rl,rl,0.1800,-0.0001,5.1587,0.2452,0.0001
23049.204,76.714,exp4,DESCEND,UNKNOWN,OFF_MAPPED_GROUND,0,0,0.00,0.287,0.407,54,0,0.512,-0.40,rl,rl,0.1800,-0.0001,5.1758,0.2452,0.0001
23049.304,76.814,exp4,DESCEND,UNKNOWN,OFF_MAPPED_GROUND,0,0,0.00,0.291,0.389,54,0,0.512,-0.40,rl,rl,0.1800,-0.0001,5.1929,0.2452,0.0001
23049.406,76.914,exp4,DESCEND,UNKNOWN,OFF_MAPPED_GROUND,0,0,0.00,0.291,0.370,54,0,0.512,-0.40,rl,rl,0.1800,-0.0001,5.2100,0.2452,0.0001
23049.508,77.014,exp4,DESCEND,UNKNOWN,OFF_MAPPED_GROUND,0,0,0.00,0.291,0.370,54,0,0.512,-0.40,rl,rl,0.1800,-0.0001,5.2272,0.2453,0.0001
23049.606,77.114,exp4,DESCEND,UNKNOWN,OFF_MAPPED_GROUND,0,0,0.00,0.292,0.352,54,0,0.512,-0.40,rl,rl,0.1800,-0.0001,5.2443,0.2453,0.0001
23049.709,77.216,exp4,DESCEND,UNKNOWN,OFF_MAPPED_GROUND,0,0,0.00,0.292,0.370,54,0,0.550,-0.40,rl,rl,0.1800,-0.0001,5.2648,0.2453,0.0001
23049.810,77.314,exp4,DESCEND,UNKNOWN,OFF_MAPPED_GROUND,0,0,0.00,0.292,0.382,55,0,0.550,-0.40,rl,rl,0.1800,-0.0001,5.2785,0.2453,0.0001
23049.912,77.414,exp4,DESCEND,UNKNOWN,OFF_MAPPED_GROUND,0,0,0.00,0.293,0.382,55,0,0.550,-0.40,rl,rl,0.1800,-0.0001,5.2956,0.2453,0.0001
23050.010,77.514,exp4,DESCEND,UNKNOWN,OFF_MAPPED_GROUND,0,0,0.00,0.294,0.382,55,0,0.550,-0.40,rl,rl,0.1800,-0.0001,5.3128,0.2453,0.0001
23050.110,77.614,exp4,DESCEND,UNKNOWN,OFF_MAPPED_GROUND,0,0,0.00,0.277,0.393,56,0,0.550,-0.40,rl,rl,0.1800,-0.0001,5.3299,0.2453,0.0001
23050.210,77.714,exp4,DESCEND,UNKNOWN,OFF_MAPPED_GROUND,0,0,0.00,0.277,0.393,56,0,0.550,-0.40,rl,rl,0.1800,-0.0001,5.3470,0.2453,0.0001
23050.314,77.816,exp4,DESCEND,UNKNOWN,OFF_MAPPED_GROUND,0,0,0.00,0.280,0.393,56,0,0.550,-0.40,rl,rl,0.1800,-0.0001,5.3675,0.2453,0.0001
23050.410,77.914,exp4,DESCEND,UNKNOWN,OFF_MAPPED_GROUND,0,0,0.00,0.281,0.393,56,0,0.550,-0.40,rl,rl,0.1800,-0.0001,5.3812,0.2453,0.0001
23050.510,78.014,exp4,DESCEND,UNKNOWN,OFF_MAPPED_GROUND,0,0,0.00,0.282,0.393,56,0,0.550,-0.40,rl,rl,0.1800,-0.0001,5.3984,0.2453,0.0001
23050.610,78.114,exp4,DESCEND,UNKNOWN,OFF_MAPPED_GROUND,0,0,0.00,0.282,0.393,56,0,0.550,-0.40,rl,rl,0.1800,-0.0001,5.4155,0.2453,0.0001
23050.711,78.214,exp4,DESCEND,UNKNOWN,OFF_MAPPED_GROUND,0,0,0.00,0.282,0.393,56,0,0.550,-0.40,rl,rl,0.1800,-0.0001,5.4326,0.2453,0.0001
23050.810,78.314,exp4,DESCEND,UNKNOWN,OFF_MAPPED_GROUND,0,0,0.00,0.284,0.375,56,0,0.550,-0.40,rl,rl,0.1800,-0.0001,5.4497,0.2453,0.0001
23050.911,78.414,exp4,DESCEND,UNKNOWN,OFF_MAPPED_GROUND,0,0,0.00,0.283,0.375,56,0,0.550,-0.40,rl,rl,0.1800,-0.0001,5.4668,0.2453,0.0001
23051.012,78.514,exp4,DESCEND,UNKNOWN,OFF_MAPPED_GROUND,0,0,0.00,0.284,0.411,56,0,0.550,-0.40,rl,rl,0.1800,-0.0001,5.4840,0.2453,0.0001
23051.116,78.614,exp4,DESCEND,UNKNOWN,OFF_MAPPED_GROUND,0,0,0.00,0.285,0.411,56,0,0.556,-0.40,rl,rl,0.1800,-0.0001,5.5011,0.2453,0.0001
23051.216,78.714,exp4,DESCEND,UNKNOWN,OFF_MAPPED_GROUND,0,0,0.00,0.288,0.393,56,0,0.556,-0.40,rl,rl,0.1800,-0.0001,5.5182,0.2453,0.0001
23051.318,78.814,exp4,DESCEND,UNKNOWN,OFF_MAPPED_GROUND,0,0,0.00,0.289,0.393,56,0,0.556,-0.40,rl,rl,0.1800,-0.0001,5.5353,0.2453,0.0001
23051.418,78.914,exp4,DESCEND,UNKNOWN,OFF_MAPPED_GROUND,0,0,0.00,0.291,0.411,56,0,0.556,-0.40,rl,rl,0.1800,-0.0001,5.5524,0.2453,0.0001
23051.521,79.014,exp4,DESCEND,UNKNOWN,OFF_MAPPED_GROUND,0,0,0.00,0.263,0.439,57,0,0.556,-0.40,rl,rl,0.1800,-0.0001,5.5696,0.2453,0.0001
23051.621,79.114,exp4,DESCEND,UNKNOWN,OFF_MAPPED_GROUND,0,0,0.00,0.262,0.431,58,0,0.556,-0.40,rl,rl,0.1800,-0.0001,5.5867,0.2453,0.0001
23051.721,79.214,exp4,DESCEND,UNKNOWN,OFF_MAPPED_GROUND,0,0,0.00,0.263,0.431,58,0,0.556,-0.40,rl,rl,0.1800,-0.0001,5.6038,0.2453,0.0001
23051.821,79.314,exp4,DESCEND,UNKNOWN,OFF_MAPPED_GROUND,0,0,0.00,0.265,0.414,58,0,0.556,-0.40,rl,rl,0.1800,-0.0001,5.6209,0.2453,0.0001
23051.936,79.416,exp4,DESCEND,UNKNOWN,OFF_MAPPED_GROUND,0,0,0.00,0.264,0.431,58,0,0.556,-0.40,rl,rl,0.1800,-0.0001,5.6415,0.2453,0.0001
23052.041,79.514,exp4,DESCEND,UNKNOWN,OFF_MAPPED_GROUND,0,0,0.00,0.264,0.431,58,0,0.556,-0.40,rl,rl,0.1800,-0.0001,5.6552,0.2453,0.0001
23052.152,79.614,exp4,DESCEND,UNKNOWN,OFF_MAPPED_GROUND,0,0,0.00,0.264,0.448,58,0,0.556,-0.40,rl,rl,0.1800,-0.0001,5.6723,0.2453,0.0001
23052.253,79.714,exp4,DESCEND,UNKNOWN,OFF_MAPPED_GROUND,0,0,0.00,0.267,0.431,58,0,0.556,-0.40,rl,rl,0.1800,-0.0001,5.6894,0.2453,0.0001
23052.364,79.814,exp4,DESCEND,UNKNOWN,OFF_MAPPED_GROUND,0,0,0.00,0.267,0.431,58,0,0.556,-0.40,rl,rl,0.1800,-0.0001,5.7065,0.2453,0.0001
23052.464,79.914,exp4,DESCEND,UNKNOWN,OFF_MAPPED_GROUND,0,0,0.00,0.267,0.431,58,0,0.556,-0.40,rl,rl,0.1800,-0.0001,5.7237,0.2453,0.0001
23052.571,80.014,exp4,DESCEND,UNKNOWN,OFF_MAPPED_GROUND,0,0,0.00,0.269,0.431,58,0,0.593,-0.40,rl,rl,0.1800,-0.0001,5.7408,0.2453,0.0001
23052.672,80.114,exp4,DESCEND,UNKNOWN,OFF_MAPPED_GROUND,0,0,0.00,0.274,0.431,58,0,0.593,-0.40,rl,rl,0.1800,-0.0001,5.7579,0.2453,0.0001
23052.776,80.214,exp4,DESCEND,UNKNOWN,OFF_MAPPED_GROUND,0,0,0.00,0.274,0.431,58,0,0.593,-0.40,rl,rl,0.1800,-0.0001,5.7750,0.2453,0.0001
23052.876,80.314,exp4,DESCEND,UNKNOWN,OFF_MAPPED_GROUND,0,0,0.00,0.273,0.431,58,0,0.593,-0.40,rl,rl,0.1800,-0.0001,5.7921,0.2453,0.0001
23052.976,80.414,exp4,DESCEND,UNKNOWN,OFF_MAPPED_GROUND,0,0,0.00,0.243,0.414,58,0,0.593,-0.40,rl,rl,0.1800,-0.0001,5.8093,0.2453,0.0001
23053.076,80.514,exp4,DESCEND,UNKNOWN,OFF_MAPPED_GROUND,0,0,0.00,0.242,0.397,58,0,0.593,-0.40,rl,rl,0.1800,-0.0001,5.8264,0.2453,0.0001
23053.176,80.614,exp4,DESCEND,UNKNOWN,OFF_MAPPED_GROUND,0,0,0.00,0.243,0.397,58,0,0.593,-0.40,rl,rl,0.1800,-0.0001,5.8435,0.2453,0.0001
23053.281,80.714,exp4,DESCEND,UNKNOWN,OFF_MAPPED_GROUND,0,0,0.00,0.241,0.424,59,0,0.593,-0.40,rl,rl,0.1800,-0.0001,5.8606,0.2453,0.0001
23053.378,80.814,exp4,DESCEND,UNKNOWN,OFF_MAPPED_GROUND,0,0,0.00,0.241,0.424,59,0,0.593,-0.40,rl,rl,0.1800,-0.0001,5.8777,0.2453,0.0001
23053.483,80.918,exp4,DESCEND,UNKNOWN,OFF_MAPPED_GROUND,0,0,0.00,0.242,0.424,59,0,0.593,-0.40,rl,rl,0.1800,-0.0001,5.8983,0.2453,0.0001
23053.578,81.014,exp4,DESCEND,UNKNOWN,OFF_MAPPED_GROUND,0,0,0.00,0.244,0.424,59,0,0.593,-0.40,rl,rl,0.1800,-0.0001,5.9120,0.2453,0.0001
23053.679,81.114,exp4,DESCEND,UNKNOWN,OFF_MAPPED_GROUND,0,0,0.00,0.246,0.424,59,0,0.593,-0.40,rl,rl,0.1800,-0.0001,5.9291,0.2453,0.0001
23053.778,81.214,exp4,DESCEND,UNKNOWN,OFF_MAPPED_GROUND,0,0,0.00,0.249,0.424,59,0,0.593,-0.40,rl,rl,0.1800,-0.0001,5.9462,0.2453,0.0001
23053.879,81.314,exp4,DESCEND,UNKNOWN,OFF_MAPPED_GROUND,0,0,0.00,0.249,0.424,59,0,0.593,-0.40,rl,rl,0.1800,-0.0001,5.9634,0.2453,0.0001
23053.978,81.414,exp4,DESCEND,UNKNOWN,OFF_MAPPED_GROUND,0,0,0.00,0.250,0.424,59,0,0.615,-0.40,rl,rl,0.1800,-0.0001,5.9805,0.2453,0.0001
23054.082,81.514,exp4,DESCEND,UNKNOWN,OFF_MAPPED_GROUND,0,0,0.00,0.251,0.424,59,0,0.615,-0.40,rl,rl,0.1800,-0.0001,5.9976,0.2453,0.0001
23054.181,81.614,exp4,DESCEND,UNKNOWN,OFF_MAPPED_GROUND,0,0,0.00,0.252,0.424,59,0,0.615,-0.40,rl,rl,0.1800,-0.0001,6.0147,0.2453,0.0001
23054.289,81.718,exp4,DESCEND,UNKNOWN,OFF_MAPPED_GROUND,0,0,0.00,0.251,0.424,59,0,0.615,-0.40,rl,rl,0.1800,-0.0001,6.0353,0.2453,0.0001
23054.384,81.814,exp4,DESCEND,UNKNOWN,OFF_MAPPED_GROUND,0,0,0.00,0.226,0.424,59,0,0.615,-0.40,rl,rl,0.1800,-0.0001,6.0490,0.2453,0.0001
23054.493,81.914,exp4,DESCEND,UNKNOWN,OFF_MAPPED_GROUND,0,0,0.00,0.226,0.424,59,0,0.615,-0.40,rl,rl,0.1800,-0.0001,6.0661,0.2453,0.0001
23054.592,82.014,exp4,DESCEND,UNKNOWN,OFF_MAPPED_GROUND,0,0,0.00,0.228,0.390,59,0,0.615,-0.40,rl,rl,0.1800,-0.0001,6.0832,0.2453,0.0001
23054.695,82.114,exp4,DESCEND,UNKNOWN,OFF_MAPPED_GROUND,0,0,0.00,0.227,0.390,59,0,0.615,-0.40,rl,rl,0.1800,-0.0001,6.1003,0.2453,0.0001
23054.795,82.214,exp4,DESCEND,UNKNOWN,OFF_MAPPED_GROUND,0,0,0.00,0.230,0.390,59,0,0.615,-0.40,rl,rl,0.1800,-0.0001,6.1174,0.2453,0.0001
23054.902,82.314,exp4,DESCEND,UNKNOWN,OFF_MAPPED_GROUND,0,0,0.00,0.235,0.390,59,0,0.615,-0.40,rl,rl,0.1800,-0.0001,6.1346,0.2453,0.0001
23055.001,82.414,exp4,DESCEND,UNKNOWN,OFF_MAPPED_GROUND,0,0,0.00,0.235,0.390,59,0,0.615,-0.40,rl,rl,0.1800,-0.0001,6.1517,0.2453,0.0001
23055.100,82.514,exp4,DESCEND,UNKNOWN,OFF_MAPPED_GROUND,0,0,0.00,0.231,0.400,60,0,0.615,-0.40,rl,rl,0.1800,-0.0001,6.1688,0.2454,0.0001
23055.200,82.614,exp4,DESCEND,UNKNOWN,OFF_MAPPED_GROUND,0,0,0.00,0.232,0.400,60,0,0.615,-0.40,rl,rl,0.1800,-0.0001,6.1859,0.2454,0.0001
23055.302,82.714,exp4,DESCEND,UNKNOWN,OFF_MAPPED_GROUND,0,0,0.00,0.233,0.400,60,0,0.615,-0.40,rl,rl,0.1800,-0.0001,6.2030,0.2454,0.0001
23055.402,82.814,exp4,DESCEND,CONSISTENT,OK,0,0,0.10,0.235,0.400,60,1,0.613,-0.40,rl,rl,0.1800,-0.0001,6.2202,0.2454,0.0001
23055.510,82.914,exp4,DESCEND,CONSISTENT,OK,0,0,0.20,0.235,0.400,60,1,0.613,-0.40,rl,rl,0.1800,-0.0001,6.2373,0.2454,0.0001
23055.616,83.014,exp4,DESCEND,CONSISTENT,OK,0,0,0.30,0.234,0.400,60,1,0.613,-0.40,rl,rl,0.1800,-0.0001,6.2544,0.2454,0.0001
23055.731,83.114,exp4,DESCEND,CONSISTENT,OK,0,0,0.40,0.236,0.400,60,1,0.613,-0.40,rl,rl,0.1800,-0.0001,6.2715,0.2454,0.0001
23055.831,83.214,exp4,DESCEND,CONSISTENT,OK,0,0,0.50,0.204,0.433,60,1,0.613,-0.40,rl,rl,0.1800,-0.0001,6.2886,0.2454,0.0001
23055.934,83.314,exp4,DESCEND,CONSISTENT,OK,0,0,0.60,0.201,0.467,60,1,0.613,-0.40,rl,rl,0.1800,-0.0001,6.3058,0.2454,0.0001
23056.034,83.414,exp4,DESCEND,CONSISTENT,OK,0,0,0.70,0.205,0.450,60,1,0.613,-0.40,rl,rl,0.1800,-0.0001,6.3229,0.2454,0.0001
23056.138,83.514,exp4,DESCEND,CONSISTENT,OK,0,0,0.80,0.207,0.433,60,1,0.613,-0.40,rl,rl,0.1800,-0.0001,6.3400,0.2454,0.0001
23056.239,83.614,exp4,DESCEND,CONSISTENT,OK,0,0,0.90,0.208,0.433,60,1,0.613,-0.40,rl,rl,0.1800,-0.0001,6.3571,0.2454,0.0001
23056.346,83.714,exp4,DESCEND,CONSISTENT,OK,0,0,1.00,0.211,0.433,60,1,0.613,-0.40,rl,rl,0.1800,-0.0001,6.3743,0.2454,0.0001
23056.447,83.814,exp4,DESCEND,CONSISTENT,OK,0,0,1.10,0.212,0.433,60,1,0.613,-0.40,rl,rl,0.1800,-0.0001,6.3914,0.2454,0.0001
23056.559,83.914,exp4,DESCEND,CONSISTENT,OK,0,0,1.20,0.214,0.433,60,1,0.613,-0.40,rl,rl,0.1800,-0.0001,6.4086,0.2454,0.0001
23056.667,84.014,exp4,DESCEND,CONSISTENT,OK,0,0,1.30,0.215,0.433,60,1,0.613,-0.40,rl,rl,0.1800,-0.0001,6.4258,0.2454,0.0001
23056.774,84.114,exp4,DESCEND,CONSISTENT,OK,0,0,1.40,0.199,0.433,60,1,0.613,-0.40,rl,rl,0.1800,-0.0001,6.4431,0.2454,0.0001
23056.874,84.214,exp4,DESCEND,CONSISTENT,OK,0,0,1.50,0.153,0.450,60,1,0.600,-0.40,rl,rl,0.1800,-0.0001,6.4605,0.2454,0.0001
23056.984,84.314,exp4,DESCEND,CONSISTENT,OK,0,0,1.60,0.100,0.433,60,1,0.600,-0.40,rl,rl,0.1800,-0.0001,6.4779,0.2454,0.0000
23057.088,84.416,exp4,DESCEND,CONSISTENT,OK,0,0,1.70,0.032,0.967,60,1,0.600,-0.40,rl,rl,0.1800,-0.0000,6.4989,0.2454,0.0000
23057.184,84.514,exp4,DESCEND,CONSISTENT,OK,0,0,1.80,0.023,1.000,36,1,0.600,-0.40,rl,rl,0.1800,-0.0000,6.5130,0.2454,0.0000
23057.285,84.614,exp4,DESCEND,CONSISTENT,OK,0,0,1.90,0.016,1.000,30,1,0.600,-0.40,rl,rl,0.1800,-0.0000,6.5307,0.2454,0.0000
23057.384,84.714,exp4,DESCEND,CONSISTENT,OK,0,0,2.00,0.020,0.967,30,1,0.600,-0.40,rl,rl,0.1800,-0.0000,6.5484,0.2454,0.0000
23057.489,84.818,exp4,DESCEND,CONSISTENT,OK,0,0,2.10,0.017,0.967,30,1,0.600,-0.40,rl,rl,0.1800,-0.0000,6.5662,0.2454,0.0000
23057.584,84.914,exp4,DESCEND,CONSISTENT,OK,0,0,2.20,0.019,0.933,30,1,0.600,-0.40,rl,rl,0.1800,-0.0000,6.5841,0.2454,0.0000
23057.696,85.016,exp4,DESCEND,CONSISTENT,OK,0,0,2.30,0.035,0.897,29,1,0.600,-0.40,rl,rl,0.1800,-0.0000,6.6057,0.2454,0.0000
23057.795,85.114,exp4,DESCEND,CONSISTENT,OK,0,0,2.40,0.039,0.926,27,1,0.600,-0.40,rl,rl,0.1800,-0.0000,6.6201,0.2454,0.0000
23057.895,85.214,exp4,DESCEND,CONSISTENT,OK,0,0,2.50,0.043,0.926,27,1,0.600,-0.40,rl,rl,0.1800,-0.0000,6.6381,0.2454,0.0000
23057.995,85.314,exp4,DESCEND,CONSISTENT,OK,0,0,2.60,0.041,0.926,27,1,0.600,-0.40,rl,rl,0.0000,0.0000,6.6561,0.2454,0.0000
23058.098,85.414,exp4,DESCEND,CONSISTENT,OK,0,0,2.70,0.043,0.926,27,1,0.600,-0.40,rl,rl,0.0000,0.0000,6.6634,0.2454,0.0000
23058.199,85.514,exp4,RETURN_HOME,CONSISTENT,OK,0,0,2.80,0.045,0.893,28,1,0.600,-0.40,rl,rl,0.0000,0.0000,6.6634,0.2454,0.0000
23058.306,85.614,exp4,RETURN_HOME,CONSISTENT,OK,0,0,2.90,0.040,0.893,28,1,0.600,-0.40,rl,rl,0.0000,0.8974,6.6634,0.2454,0.0000
23058.406,85.714,exp4,RETURN_HOME,CONSISTENT,OK,0,1,3.00,0.040,0.893,28,1,0.600,-0.40,rl,rl,0.0000,0.8974,6.6634,0.2462,0.0130
23058.506,85.814,exp4,RETURN_HOME,CONSISTENT,OK,0,1,3.00,0.049,0.857,28,1,0.600,-0.40,nav,nav,0.0000,0.3200,6.6634,0.2484,0.0404
23058.606,85.914,exp4,RETURN_HOME,CONSISTENT,OK,0,1,3.00,0.057,0.833,30,1,0.600,-0.40,nav,nav,0.0000,0.3200,6.6634,0.2513,0.0737
23058.706,86.014,exp4,RETURN_HOME,CONSISTENT,OK,0,1,3.00,0.035,0.893,28,1,0.600,-0.40,nav,nav,0.0000,0.3200,6.6634,0.2541,0.1060
23058.806,86.114,exp4,RETURN_HOME,CONSISTENT,OK,0,1,3.00,0.048,0.828,29,1,0.600,-0.40,nav,nav,0.0000,0.3200,6.6634,0.2567,0.1376
23058.954,86.214,exp4,RETURN_HOME,CONSISTENT,OK,0,1,3.00,0.026,0.893,28,1,0.600,-0.40,nav,nav,0.0000,0.4800,6.6634,0.2593,0.1696
23059.054,86.314,exp4,RETURN_HOME,CONSISTENT,OK,0,1,3.00,0.032,0.821,28,1,0.600,-0.40,nav,nav,0.0000,0.6400,6.6634,0.2628,0.2166
23059.162,86.414,exp4,RETURN_HOME,CONSISTENT,OK,0,1,3.00,0.045,0.714,28,1,0.600,-0.40,nav,nav,0.0000,0.6400,6.6634,0.2671,0.2760
23059.263,86.514,exp4,RETURN_HOME,CONSISTENT,OK,0,1,3.00,0.064,0.621,29,1,0.609,-0.40,nav,nav,0.0000,0.6400,6.6634,0.2708,0.3328
23059.371,86.614,exp4,RETURN_HOME,CONSISTENT,OK,0,1,3.00,0.080,0.571,28,1,0.609,-0.40,nav,nav,0.0000,0.8000,6.6633,0.2742,0.3922
23059.471,86.714,exp4,RETURN_HOME,CONSISTENT,OK,0,1,3.00,0.100,0.481,27,1,0.609,-0.40,nav,nav,0.0947,0.7949,6.6641,0.2778,0.4525
23059.577,86.814,exp4,RETURN_HOME,CONSISTENT,OK,0,1,3.00,0.116,0.444,27,1,0.618,-0.40,nav,nav,0.1263,0.9487,6.6692,0.2828,0.4986
23059.676,86.914,exp4,RETURN_HOME,CONSISTENT,OK,0,1,3.00,0.110,0.464,28,1,0.618,-0.40,nav,nav,0.1263,0.9487,6.6769,0.2891,0.5543
23059.780,87.014,exp4,RETURN_HOME,CONSISTENT,OK,0,1,3.00,0.131,0.448,29,1,0.618,-0.40,nav,nav,0.1263,0.9487,6.6856,0.2962,0.6144
23059.880,87.114,exp4,RETURN_HOME,CONSISTENT,OK,0,1,3.00,0.157,0.321,28,1,0.569,-0.40,nav,nav,0.1263,0.9487,6.6951,0.3039,0.6794
23059.994,87.214,exp4,RETURN_HOME,CONSISTENT,OK,0,1,3.00,0.150,0.344,32,1,0.569,-0.40,nav,nav,0.1263,0.9487,6.7051,0.3127,0.7475
23060.097,87.318,exp4,RETURN_HOME,CONSISTENT,OK,0,1,3.00,0.158,0.333,33,1,0.569,-0.40,nav,nav,0.2513,0.9487,6.7171,0.3247,0.8155
23060.194,87.414,exp4,RETURN_HOME,CONSISTENT,OK,0,1,3.00,0.169,0.343,35,1,0.522,-0.40,nav,nav,0.3000,0.8462,6.7355,0.3450,0.8803
23060.299,87.514,exp4,RETURN_HOME,CONSISTENT,OK,0,1,3.00,0.168,0.436,39,1,0.522,-0.40,nav,nav,0.3000,0.6923,6.7534,0.3676,0.9351
23060.395,87.614,exp4,RETURN_HOME,CONSISTENT,OK,0,1,3.00,0.171,0.439,41,1,0.522,-0.40,nav,nav,0.3000,0.6923,6.7703,0.3907,0.9819
23060.495,87.714,exp4,RETURN_HOME,CONSISTENT,OK,0,1,3.00,0.168,0.452,42,1,0.444,-0.40,nav,nav,0.2526,0.8523,6.7851,0.4128,1.0363
23060.598,87.814,exp4,RETURN_HOME,CONSISTENT,OK,0,1,3.00,0.178,0.478,46,1,0.444,-0.40,nav,nav,0.3000,1.0000,6.7966,0.4360,1.1016
23060.699,87.914,exp4,RETURN_HOME,CONSISTENT,OK,0,1,3.00,0.214,0.426,47,1,0.444,-0.40,nav,nav,0.3000,0.9487,6.8065,0.4601,1.1799
23060.798,88.014,exp4,RETURN_HOME,CONSISTENT,OK,0,1,3.00,0.231,0.388,49,1,0.397,-0.40,nav,nav,0.3000,1.0000,6.8131,0.4856,1.2554
23060.898,88.114,exp4,RETURN_HOME,CONSISTENT,OK,0,1,3.00,0.236,0.380,50,1,0.397,-0.40,nav,nav,0.2842,0.8462,6.8156,0.5138,1.3404
23060.998,88.214,exp4,RETURN_HOME,CONSISTENT,OK,0,1,3.00,0.244,0.333,51,1,0.397,-0.40,nav,nav,0.3000,0.8462,6.8145,0.5429,1.4336
23061.113,88.314,exp4,RETURN_HOME,CONSISTENT,OK,0,1,3.00,0.249,0.321,53,1,0.343,-0.40,nav,nav,0.3000,0.6410,6.8096,0.5787,1.5545
23061.211,88.414,exp4,RETURN_HOME,CONSISTENT,OK,0,1,3.00,0.245,0.309,55,1,0.343,-0.40,nav,nav,0.3000,0.4872,6.8042,0.6027,1.6246
23061.312,88.514,exp4,RETURN_HOME,CONSISTENT,OK,0,1,3.00,0.227,0.333,57,1,0.343,-0.40,nav,nav,0.3000,0.5385,6.7958,0.6326,1.6959
23061.411,88.614,exp4,RETURN_HOME,CONSISTENT,OK,0,1,3.00,0.216,0.379,58,1,0.334,-0.40,nav,nav,0.3000,0.3333,6.7868,0.6622,1.7514
23061.514,88.714,exp4,RETURN_HOME,CONSISTENT,OK,0,1,3.00,0.172,0.441,59,1,0.334,-0.40,nav,nav,0.3000,0.3333,6.7778,0.6916,1.7901
23061.617,88.814,exp4,RETURN_HOME,CONSISTENT,OK,0,1,3.00,0.154,0.433,60,1,0.334,-0.40,nav,nav,0.3000,0.3333,6.7685,0.7208,1.8215
23061.728,88.914,exp4,RETURN_HOME,CONSISTENT,OK,0,1,3.00,0.161,0.450,60,1,0.334,-0.40,nav,nav,0.3000,0.3333,6.7585,0.7497,1.8517
23061.828,89.014,exp4,RETURN_HOME,CONSISTENT,OK,0,1,3.00,0.146,0.483,60,1,0.334,-0.40,nav,nav,0.2842,0.2308,6.7478,0.7784,1.8815
23061.928,89.114,exp4,RETURN_HOME,CONSISTENT,OK,0,1,3.00,0.153,0.433,60,1,0.299,-0.40,nav,nav,0.2842,0.2308,6.7375,0.8054,1.9028
23062.028,89.214,exp4,RETURN_HOME,CONSISTENT,OK,0,1,3.00,0.155,0.467,60,1,0.299,-0.40,nav,nav,0.3000,0.2308,6.7267,0.8322,1.9224
23062.128,89.314,exp4,RETURN_HOME,CONSISTENT,OK,0,1,3.00,0.163,0.417,60,1,0.299,-0.40,nav,nav,0.3000,0.1795,6.7156,0.8595,1.9373
23062.229,89.414,exp4,RETURN_HOME,CONSISTENT,OK,0,1,3.00,0.153,0.433,60,1,0.299,-0.40,nav,nav,0.3000,0.1795,6.7042,0.8869,1.9493
23062.377,89.514,exp4,RETURN_HOME,CONSISTENT,OK,0,1,3.00,0.134,0.533,60,1,0.299,-0.40,nav,nav,0.3000,0.1795,6.6927,0.9140,1.9600
23062.478,89.614,exp4,RETURN_HOME,CONSISTENT,OK,0,1,3.00,0.138,0.517,60,1,0.299,-0.40,nav,nav,0.3000,0.1282,6.6812,0.9409,1.9676
23062.587,89.714,exp4,RETURN_HOME,CONSISTENT,OK,0,1,3.00,0.140,0.467,60,1,0.299,-0.40,nav,nav,0.3000,0.1282,6.6695,0.9678,1.9737
23062.686,89.814,exp4,RETURN_HOME,CONSISTENT,OK,0,1,3.00,0.146,0.467,60,1,0.299,-0.40,nav,nav,0.2842,-0.0318,6.6584,0.9940,1.9773
23062.792,89.914,exp4,RETURN_HOME,CONSISTENT,OK,0,1,3.00,0.141,0.500,60,1,0.299,-0.40,nav,nav,0.2842,-0.0318,6.6474,1.0200,1.9755
23062.892,90.014,exp4,RETURN_HOME,CONSISTENT,OK,0,1,3.00,0.158,0.417,60,1,0.299,-0.40,nav,nav,0.3000,-0.1282,6.6366,1.0468,1.9699
23062.995,90.114,exp4,RETURN_HOME,CONSISTENT,OK,0,1,3.00,0.156,0.383,60,1,0.299,-0.40,nav,nav,0.3000,-0.0769,6.6259,1.0743,1.9622
23063.094,90.214,exp4,RETURN_HOME,CONSISTENT,OK,0,1,3.00,0.170,0.350,60,1,0.299,-0.40,nav,nav,0.3000,-0.1282,6.6155,1.1020,1.9529
23063.200,90.314,exp4,RETURN_HOME,CONSISTENT,OK,0,1,3.00,0.165,0.317,60,1,0.309,-0.40,nav,nav,0.3000,0.1282,6.6055,1.1287,1.9472
23063.299,90.414,exp4,RETURN_HOME,CONSISTENT,OK,0,1,3.00,0.183,0.333,60,1,0.309,-0.40,nav,nav,0.2842,0.1282,6.5953,1.1551,1.9453
23063.400,90.514,exp4,RETURN_HOME,CONSISTENT,OK,0,1,3.00,0.186,0.300,60,1,0.309,-0.40,nav,nav,0.3000,0.0769,6.5854,1.1805,1.9451
23063.504,90.614,exp4,RETURN_HOME,CONSISTENT,OK,0,1,3.00,0.198,0.317,60,1,0.309,-0.40,nav,nav,0.3000,0.0769,6.5750,1.2069,1.9451
23063.601,90.714,exp4,RETURN_HOME,CONSISTENT,OK,0,1,3.00,0.166,0.317,60,1,0.309,-0.40,nav,nav,0.3000,0.2308,6.5644,1.2336,1.9463
23063.702,90.816,exp4,RETURN_HOME,CONSISTENT,OK,0,1,3.00,0.163,0.293,58,1,0.309,-0.40,nav,nav,0.2842,0.2308,6.5542,1.2636,1.9985
23063.799,90.914,exp4,RETURN_HOME,CONSISTENT,OK,0,1,3.00,0.187,0.254,59,1,0.309,-0.40,nav,nav,0.3000,0.3333,6.5523,1.2758,2.0785
23063.904,91.014,exp4,RETURN_HOME,CONSISTENT,OK,0,1,3.00,0.171,0.267,60,1,0.309,-0.40,nav,nav,0.3000,0.2308,6.5497,1.2875,2.1632
23063.999,91.114,exp4,RETURN_HOME,CONSISTENT,OK,0,1,3.00,0.095,0.533,60,1,0.309,-0.40,nav,nav,0.2842,0.2308,6.5463,1.2994,2.2498
23064.105,91.218,exp4,RETURN_HOME,CONSISTENT,OK,0,1,3.00,0.147,0.464,56,1,0.309,-0.40,nav,nav,0.3000,0.0769,6.5411,1.3118,2.3434
23064.199,91.314,exp4,RETURN_HOME,CONSISTENT,OK,0,1,3.00,0.184,0.417,48,1,0.309,-0.40,nav,nav,0.3000,0.3846,6.5369,1.3197,2.4018
23064.300,91.414,exp4,RETURN_HOME,CONSISTENT,OK,0,1,3.00,0.216,0.413,46,1,0.309,-0.40,nav,nav,0.3000,0.2308,6.5312,1.3288,2.4713
23064.400,91.514,exp4,RETURN_HOME,UNKNOWN,OFF_MAPPED_GROUND,0,1,2.90,0.248,0.318,44,0,0.383,-0.40,nav,nav,0.3000,0.1795,6.5252,1.3371,2.5372
23064.499,91.614,exp4,RETURN_HOME,UNKNOWN,OFF_MAPPED_GROUND,0,1,2.80,0.293,0.214,42,0,0.383,-0.40,nav,nav,0.2842,0.0769,6.5188,1.3447,2.6007
23064.602,91.714,exp4,RETURN_HOME,UNKNOWN,OFF_MAPPED_GROUND,0,1,2.70,0.329,0.171,41,0,0.383,-0.40,nav,nav,0.2842,0.0256,6.5135,1.3508,2.6531
23064.705,91.814,exp4,RETURN_HOME,UNKNOWN,OFF_MAPPED_GROUND,0,1,2.60,0.342,0.175,40,0,0.383,-0.40,nav,nav,0.1250,0.0256,6.5113,1.3532,2.6751
23064.804,91.914,exp4,RETURN_HOME,UNKNOWN,OFF_MAPPED_GROUND,0,1,2.50,0.340,0.195,41,0,0.383,-0.40,nav,nav,0.1250,0.0256,6.5071,1.3577,2.7159
23064.906,92.014,exp4,RETURN_HOME,UNKNOWN,OFF_MAPPED_GROUND,0,1,2.40,0.342,0.125,40,0,0.383,-0.40,nav,nav,0.1250,0.0256,6.5025,1.3622,2.7597
23065.006,92.114,exp4,RETURN_HOME,UNKNOWN,OFF_MAPPED_GROUND,0,1,2.30,0.353,0.125,40,0,0.383,-0.40,nav,nav,0.1250,0.0256,6.4977,1.3666,2.8039
23065.106,92.214,exp4,RETURN_HOME,UNKNOWN,OFF_MAPPED_GROUND,0,1,2.20,0.355,0.128,39,0,0.383,-0.40,nav,nav,0.1250,0.0256,6.4926,1.3708,2.8484
23065.206,92.314,exp4,RETURN_HOME,UNKNOWN,OFF_MAPPED_GROUND,0,1,2.10,0.357,0.128,39,0,0.383,-0.40,nav,nav,0.1250,0.0256,6.4874,1.3748,2.8932
23065.307,92.414,exp4,RETURN_HOME,UNKNOWN,OFF_MAPPED_GROUND,0,1,2.00,0.331,0.158,38,0,0.383,-0.40,nav,nav,0.1895,-0.1282,6.4820,1.3786,2.9383
23065.407,92.514,exp4,RETURN_HOME,UNKNOWN,OFF_MAPPED_GROUND,0,1,1.90,0.347,0.158,38,0,0.383,-0.40,nav,nav,0.1421,0.0769,6.4750,1.3843,2.9958
23065.507,92.614,exp4,RETURN_HOME,UNKNOWN,OFF_MAPPED_GROUND,0,1,1.80,0.336,0.211,38,0,0.383,-0.40,nav,nav,0.1421,0.0318,6.4627,1.3877,3.0112
23065.606,92.714,exp4,RETURN_HOME,UNKNOWN,OFF_MAPPED_GROUND,0,1,1.70,0.337,0.231,39,0,0.383,-0.40,nav,nav,0.1421,0.0318,6.4486,1.3894,3.0144
23065.711,92.814,exp4,RETURN_HOME,UNKNOWN,OFF_MAPPED_GROUND,0,1,1.60,0.348,0.179,39,0,0.383,-0.40,nav,nav,0.2842,-0.8974,6.4346,1.3910,3.0179
23065.811,92.914,exp4,RETURN_HOME,UNKNOWN,OFF_MAPPED_GROUND,0,1,1.50,0.352,0.154,39,0,0.383,-0.40,nav,nav,0.1895,-0.8462,6.4140,1.3935,3.0184
23065.934,93.014,exp4,RETURN_HOME,UNKNOWN,OFF_MAPPED_GROUND,0,1,1.40,0.360,0.179,39,0,0.383,-0.40,nav,nav,0.1895,-0.2882,6.3963,1.3958,3.0182
23066.048,93.114,exp4,RETURN_HOME,UNKNOWN,OFF_MAPPED_GROUND,0,1,1.30,0.344,0.205,39,0,0.383,-0.40,nav,nav,0.1737,-0.4482,6.3825,1.3976,3.0177
23066.156,93.214,exp4,RETURN_HOME,UNKNOWN,OFF_MAPPED_GROUND,0,1,1.20,0.341,0.128,39,0,0.383,-0.40,nav,nav,0.1737,-0.4482,6.3720,1.3990,3.0174
23066.257,93.314,exp4,RETURN_HOME,UNKNOWN,OFF_MAPPED_GROUND,0,1,1.10,0.326,0.256,39,0,0.383,-0.40,nav,nav,0.2368,-0.6082,6.3604,1.4009,3.0182
23066.360,93.414,exp4,RETURN_HOME,UNKNOWN,OFF_MAPPED_GROUND,0,1,1.00,0.351,0.184,38,0,0.383,-0.40,nav,nav,0.1947,-0.5000,6.3461,1.4067,3.0181
23066.465,93.514,exp4,RETURN_HOME,UNKNOWN,OFF_MAPPED_GROUND,0,1,0.90,0.342,0.158,38,0,0.383,-0.40,nav,nav,0.1947,-0.5000,6.3284,1.4121,2.9822
23066.564,93.614,exp4,RETURN_HOME,CONSISTENT,OK,0,1,1.00,0.316,0.237,38,1,0.486,-0.40,nav,nav,0.0584,-0.1500,6.3092,1.4193,2.9346
23066.667,93.714,exp4,RETURN_HOME,CONSISTENT,OK,0,1,1.10,0.328,0.243,37,1,0.486,-0.40,nav,nav,0.0063,-0.0540,6.3010,1.4229,2.9095
23066.763,93.814,exp4,RETURN_HOME,CONSISTENT,OK,0,1,1.20,0.311,0.167,36,1,0.486,-0.40,nav,nav,0.0006,-0.0049,6.3003,1.4234,2.9054
23066.865,93.914,exp4,RETURN_HOME,CONSISTENT,OK,0,1,1.30,0.331,0.135,37,1,0.486,-0.40,nav,nav,0.0001,-0.0004,6.3003,1.4234,2.9051
23066.963,94.014,exp4,RETURN_HOME,CONSISTENT,OK,0,1,1.40,0.332,0.184,38,1,0.486,-0.40,nav,nav,0.0000,-0.0000,6.3003,1.4234,2.9050
23067.068,94.118,exp4,RETURN_HOME,CONSISTENT,OK,0,1,1.50,0.337,0.162,37,1,0.486,-0.40,nav,nav,0.0000,-0.0000,6.3001,1.4235,2.9049
23067.166,94.214,exp4,RETURN_HOME,CONSISTENT,OK,0,1,1.60,0.337,0.162,37,1,0.486,-0.40,nav,nav,0.0000,-0.0000,6.3001,1.4235,2.9049
23067.274,94.316,exp4,RETURN_HOME,CONSISTENT,OK,0,1,1.70,0.336,0.158,38,1,0.486,-0.40,nav,nav,0.0375,-0.0480,6.2965,1.4246,2.9008
23067.371,94.414,exp4,RETURN_HOME,CONSISTENT,OK,0,1,1.80,0.336,0.184,38,1,0.486,-0.40,nav,nav,0.0488,-0.0624,6.2915,1.4262,2.8963
23067.470,94.514,exp4,RETURN_HOME,CONSISTENT,OK,0,1,1.90,0.326,0.184,38,1,0.486,-0.40,nav,nav,0.0521,-0.0667,6.2807,1.4298,2.8849
23067.572,94.614,exp4,RETURN_HOME,CONSISTENT,OK,0,1,2.00,0.321,0.184,38,1,0.486,-0.40,nav,nav,0.0531,-0.0680,6.2665,1.4348,2.8689
23067.673,94.714,exp4,RETURN_HOME,CONSISTENT,OK,0,1,2.10,0.295,0.158,38,1,0.486,-0.40,nav,nav,0.0534,-0.0684,6.2492,1.4412,2.8483
23067.772,94.814,exp4,RETURN_HOME,CONSISTENT,OK,0,1,2.20,0.308,0.222,36,1,0.486,-0.40,nav,nav,0.0535,-0.0685,6.2285,1.4496,2.8224
23067.873,94.914,exp4,RETURN_HOME,CONSISTENT,OK,0,1,2.30,0.320,0.167,36,1,0.509,-0.40,nav,nav,0.0536,-0.0686,6.2063,1.4593,2.7897
23067.972,95.014,exp4,RETURN_HOME,CONSISTENT,OK,0,1,2.40,0.295,0.162,37,1,0.509,-0.40,nav,nav,0.0536,-0.0686,6.1867,1.4693,2.7487
23068.078,95.114,exp4,RETURN_HOME,CONSISTENT,OK,0,1,2.50,0.322,0.143,35,1,0.509,-0.40,nav,nav,0.0536,-0.0686,6.1691,1.4794,2.7049
23068.180,95.214,exp4,RETURN_HOME,CONSISTENT,OK,0,1,2.60,0.327,0.167,36,1,0.509,-0.40,nav,nav,0.0048,-0.0062,6.1528,1.4893,2.6576
23068.281,95.314,exp4,RETURN_HOME,CONSISTENT,OK,0,1,2.70,0.286,0.162,37,1,0.520,-0.40,nav,nav,0.0004,-0.0006,6.1493,1.4916,2.6349
23068.380,95.414,exp4,RETURN_HOME,CONSISTENT,OK,0,1,2.80,0.305,0.158,38,1,0.520,-0.40,nav,nav,0.0000,-0.0000,6.1492,1.4917,2.6328
23068.491,95.514,exp4,RETURN_HOME,CONSISTENT,OK,0,1,2.90,0.314,0.158,38,1,0.520,-0.40,nav,nav,0.0000,-0.0000,6.1485,1.4921,2.6320
23068.593,95.614,exp4,RETURN_HOME,CONSISTENT,OK,0,1,3.00,0.314,0.158,38,1,0.520,-0.40,nav,nav,0.0375,-0.0480,6.1447,1.4945,2.6266
23068.693,95.714,exp4,RETURN_HOME,CONSISTENT,OK,0,1,3.00,0.303,0.132,38,1,0.520,-0.40,nav,nav,0.0474,-0.0624,6.1379,1.4988,2.6173
23068.795,95.814,exp4,RETURN_HOME,CONSISTENT,OK,0,1,3.00,0.291,0.179,39,1,0.520,-0.40,nav,nav,0.0128,-0.0200,6.1284,1.5049,2.6032
23068.895,95.914,exp4,RETURN_HOME,CONSISTENT,OK,0,1,3.00,0.291,0.179,39,1,0.520,-0.40,nav,nav,0.0128,-0.0204,6.1215,1.5096,2.5904
23068.997,96.014,exp4,RETURN_HOME,CONSISTENT,OK,0,1,3.00,0.302,0.184,38,1,0.520,-0.40,nav,nav,0.0128,-0.0205,6.1144,1.5147,2.5744
23069.115,96.114,exp4,RETURN_HOME,CONSISTENT,OK,0,1,3.00,0.300,0.132,38,1,0.520,-0.40,nav,nav,0.1263,-1.0000,6.1081,1.5193,2.5595
23069.218,96.214,exp4,RETURN_HOME,CONSISTENT,OK,0,1,3.00,0.316,0.132,38,1,0.520,-0.40,nav,nav,0.1263,-1.0000,6.1016,1.5241,2.5431
23069.337,96.314,exp4,RETURN_HOME,CONSISTENT,OK,0,1,3.00,0.320,0.105,38,1,0.520,-0.40,nav,nav,0.0332,-0.0686,6.0958,1.5286,2.5270
23069.440,96.414,exp4,RETURN_HOME,CONSISTENT,OK,0,1,3.00,0.309,0.158,38,1,0.542,-0.40,nav,nav,0.0099,-0.0206,6.0921,1.5315,2.5172
23069.560,96.514,exp4,RETURN_HOME,CONSISTENT,OK,0,1,3.00,0.310,0.128,39,1,0.542,-0.40,nav,nav,0.0003,-0.0006,6.0916,1.5319,2.5163
23069.662,96.614,exp4,RETURN_HOME,CONSISTENT,OK,0,1,3.00,0.303,0.154,39,1,0.542,-0.40,nav,nav,0.0000,-0.0000,6.0915,1.5319,2.5163
23069.769,96.714,exp4,RETURN_HOME,CONSISTENT,OK,0,1,3.00,0.302,0.154,39,1,0.542,-0.40,nav,nav,0.0332,-0.0480,6.0895,1.5335,2.5132
23069.871,96.814,exp4,RETURN_HOME,CONSISTENT,OK,0,1,3.00,0.274,0.175,40,1,0.542,-0.40,nav,nav,0.0332,-0.0624,6.0838,1.5380,2.5038
23069.979,96.914,exp4,RETURN_HOME,CONSISTENT,OK,0,1,3.00,0.269,0.150,40,1,0.542,-0.40,nav,nav,0.0030,-0.0056,6.0805,1.5405,2.4949
23070.080,97.014,exp4,RETURN_HOME,CONSISTENT,OK,0,1,3.00,0.262,0.150,40,1,0.542,-0.40,nav,nav,0.0003,-0.0005,6.0802,1.5407,2.4944
23070.195,97.114,exp4,RETURN_HOME,CONSISTENT,OK,0,1,3.00,0.258,0.175,40,1,0.542,-0.40,nav,nav,0.0000,-0.0000,6.0794,1.5413,2.4933
23070.296,97.214,exp4,RETURN_HOME,CONSISTENT,OK,0,1,3.00,0.256,0.175,40,1,0.542,-0.40,nav,nav,0.0099,-0.0144,6.0763,1.5438,2.4881
23070.395,97.314,exp4,RETURN_HOME,CONSISTENT,OK,0,1,3.00,0.258,0.200,40,1,0.542,-0.40,nav,nav,0.0099,-0.0187,6.0715,1.5477,2.4807
23070.495,97.414,exp4,RETURN_HOME,CONSISTENT,OK,0,1,3.00,0.252,0.200,40,1,0.542,-0.40,nav,nav,0.0099,-0.0200,6.0669,1.5515,2.4729
23070.599,97.514,exp4,RETURN_HOME,CONSISTENT,OK,0,1,3.00,0.256,0.220,41,1,0.542,-0.40,nav,nav,0.0947,-1.0000,6.0621,1.5554,2.4633
23070.697,97.614,exp4,RETURN_HOME,CONSISTENT,OK,0,1,3.00,0.263,0.195,41,1,0.542,-0.40,nav,nav,0.3000,0.2821,6.0585,1.5584,2.4557
23070.801,97.714,exp4,RETURN_HOME,CONSISTENT,OK,0,1,3.00,0.267,0.200,40,1,0.542,-0.40,nav,nav,0.2526,0.1795,6.0527,1.5632,2.4573
23070.903,97.814,exp4,RETURN_HOME,CONSISTENT,OK,0,1,3.00,0.278,0.175,40,1,0.542,-0.40,nav,nav,0.0012,0.0007,6.0510,1.5646,2.4581
23071.002,97.914,exp4,RETURN_HOME,CONSISTENT,OK,0,1,3.00,0.267,0.171,41,1,0.542,-0.40,nav,nav,0.3000,0.2821,6.0508,1.5647,2.4583
23071.109,98.016,exp4,RETURN_HOME,CONSISTENT,OK,0,1,3.00,0.267,0.171,41,1,0.542,-0.40,nav,nav,0.0000,0.0000,6.0506,1.5649,2.4586
23071.206,98.114,exp4,RETURN_HOME,CONSISTENT,OK,0,1,3.00,0.266,0.195,41,1,0.542,-0.40,nav,nav,0.0000,0.0000,6.0506,1.5649,2.4586
23071.312,98.214,exp4,RETURN_HOME,CONSISTENT,OK,0,1,3.00,0.266,0.195,41,1,0.542,-0.40,nav,nav,0.2526,0.1795,6.0506,1.5649,2.4586
23071.410,98.314,exp4,RETURN_HOME,CONSISTENT,OK,0,1,3.00,0.266,0.195,41,1,0.542,-0.40,nav,nav,0.2842,0.1282,6.0459,1.5687,2.4649
23071.516,98.414,exp4,RETURN_HOME,CONSISTENT,OK,0,1,3.00,0.262,0.220,41,1,0.542,-0.40,nav,nav,0.2684,0.1282,6.0389,1.5742,2.4703
23071.616,98.514,exp4,RETURN_HOME,CONSISTENT,OK,0,1,3.00,0.271,0.200,40,1,0.542,-0.40,nav,nav,0.3000,0.2308,6.0289,1.5821,2.4760
23071.731,98.614,exp4,RETURN_HOME,CONSISTENT,OK,0,1,3.00,0.275,0.175,40,1,0.542,-0.40,nav,nav,0.0159,0.0179,6.0202,1.5889,2.4814
23071.827,98.714,exp4,RETURN_HOME,CONSISTENT,OK,0,1,3.00,0.277,0.128,39,1,0.542,-0.40,nav,nav,0.0014,0.0016,6.0191,1.5897,2.4824
23071.937,98.814,exp4,RETURN_HOME,CONSISTENT,OK,0,1,3.00,0.278,0.128,39,1,0.542,-0.40,nav,nav,0.0376,0.0481,6.0189,1.5899,2.4827
23072.037,98.914,exp4,RETURN_HOME,CONSISTENT,OK,0,1,3.00,0.278,0.128,39,1,0.542,-0.40,nav,nav,0.3000,0.2308,6.0154,1.5926,2.4870
23072.138,99.014,exp4,RETURN_HOME,CONSISTENT,OK,0,1,3.00,0.277,0.128,39,1,0.542,-0.40,nav,nav,0.2842,0.2308,6.0065,1.5994,2.4975
23072.237,99.114,exp4,RETURN_HOME,CONSISTENT,OK,0,1,3.00,0.273,0.150,40,1,0.542,-0.40,nav,nav,0.2842,0.1795,5.9950,1.6078,2.5069
23072.337,99.214,exp4,RETURN_HOME,CONSISTENT,OK,0,1,3.00,0.258,0.220,41,1,0.542,-0.40,nav,nav,0.3000,0.2821,5.9834,1.6163,2.5130
23072.436,99.314,exp4,RETURN_HOME,CONSISTENT,OK,0,1,3.00,0.270,0.200,40,1,0.542,-0.40,nav,nav,0.3000,0.2821,5.9716,1.6249,2.5202
23072.547,99.414,exp4,RETURN_HOME,CONSISTENT,OK,0,1,3.00,0.283,0.125,40,1,0.542,-0.40,nav,nav,0.0048,0.0061,5.9592,1.6337,2.5284
23072.647,99.514,exp4,RETURN_HOME,CONSISTENT,OK,0,1,3.00,0.282,0.125,40,1,0.542,-0.40,nav,nav,0.0004,0.0005,5.9565,1.6356,2.5292
23072.754,99.614,exp4,RETURN_HOME,CONSISTENT,OK,0,1,3.00,0.287,0.125,40,1,0.542,-0.40,nav,nav,0.0376,0.0482,5.9556,1.6362,2.5303
23072.854,99.714,exp4,RETURN_HOME,CONSISTENT,OK,0,1,3.00,0.288,0.125,40,1,0.542,-0.40,nav,nav,0.0488,0.0624,5.9511,1.6393,2.5367
23072.985,99.814,exp4,RETURN_HOME,CONSISTENT,OK,0,1,3.00,0.284,0.150,40,1,0.542,-0.40,nav,nav,0.0521,0.0667,5.9441,1.6442,2.5460
23073.093,99.914,exp4,RETURN_HOME,CONSISTENT,OK,0,1,3.00,0.290,0.154,39,1,0.542,-0.40,nav,nav,0.0047,0.0060,5.9407,1.6466,2.5506
23073.199,100.014,exp4,RETURN_HOME,CONSISTENT,OK,0,1,3.00,0.290,0.154,39,1,0.542,-0.40,nav,nav,0.0389,0.0498,5.9377,1.6486,2.5549
23073.299,100.114,exp4,RETURN_HOME,CONSISTENT,OK,0,1,3.00,0.288,0.179,39,1,0.542,-0.40,nav,nav,0.2842,0.3333,5.9362,1.6496,2.5566
23073.415,100.214,exp4,RETURN_HOME,CONSISTENT,OK,0,1,3.00,0.290,0.179,39,1,0.542,-0.40,nav,nav,0.2842,0.3333,5.9359,1.6498,2.5569
23073.514,100.314,exp4,RETURN_HOME,CONSISTENT,OK,0,1,3.00,0.288,0.179,39,1,0.542,-0.40,nav,nav,0.3000,0.3333,5.9310,1.6532,2.5647
23073.617,100.414,exp4,RETURN_HOME,CONSISTENT,OK,0,1,3.00,0.292,0.154,39,1,0.542,-0.40,nav,nav,0.3000,0.2821,5.9255,1.6568,2.5726
23073.720,100.514,exp4,RETURN_HOME,CONSISTENT,OK,0,1,3.00,0.291,0.128,39,1,0.542,-0.40,nav,nav,0.0156,0.0200,5.9194,1.6608,2.5805
23073.827,100.614,exp4,RETURN_HOME,CONSISTENT,OK,0,1,3.00,0.289,0.150,40,1,0.542,-0.40,nav,nav,0.0014,0.0018,5.9176,1.6620,2.5824
23073.927,100.714,exp4,RETURN_HOME,CONSISTENT,OK,0,1,3.00,0.294,0.150,40,1,0.542,-0.40,nav,nav,0.3000,0.4359,5.9174,1.6621,2.5827
23074.036,100.814,exp4,RETURN_HOME,CONSISTENT,OK,0,1,3.00,0.292,0.150,40,1,0.542,-0.40,nav,nav,0.3000,0.3846,5.9130,1.6649,2.5890
23074.148,100.914,exp4,RETURN_HOME,CONSISTENT,OK,0,1,3.00,0.293,0.150,40,1,0.542,-0.40,nav,nav,0.0521,0.0667,5.9058,1.6692,2.5983
23074.255,101.014,exp4,RETURN_HOME,CONSISTENT,OK,0,1,3.00,0.290,0.146,41,1,0.542,-0.40,nav,nav,0.0531,0.0680,5.8956,1.6751,2.6136
23074.355,101.114,exp4,RETURN_HOME,CONSISTENT,OK,0,1,3.00,0.306,0.128,39,1,0.542,-0.40,nav,nav,0.0534,-0.0276,5.8850,1.6814,2.6258
23074.460,101.214,exp4,RETURN_HOME,CONSISTENT,OK,0,1,3.00,0.316,0.103,39,1,0.603,-0.40,nav,nav,0.0048,-0.0025,5.8735,1.6880,2.6236
23074.565,101.314,exp4,RETURN_HOME,CONSISTENT,OK,0,1,3.00,0.323,0.103,39,1,0.603,-0.40,nav,nav,0.0004,-0.0002,5.8725,1.6885,2.6234
23074.666,101.414,exp4,RETURN_HOME,CONSISTENT,OK,0,1,3.00,0.317,0.077,39,1,0.603,-0.40,nav,nav,0.0000,-0.0000,5.8725,1.6886,2.6234
23074.768,101.514,exp4,RETURN_HOME,CONSISTENT,OK,0,1,3.00,0.317,0.077,39,1,0.603,-0.40,nav,nav,0.0000,-0.0000,5.8725,1.6886,2.6234
23074.868,101.614,exp4,RETURN_HOME,CONSISTENT,OK,0,1,3.00,0.235,0.233,43,1,0.603,-0.40,nav,nav,0.0375,-0.0077,5.8700,1.6901,2.6229
23074.971,101.714,exp4,RETURN_HOME,CONSISTENT,OK,0,1,3.00,0.223,0.209,43,1,0.603,-0.40,nav,nav,0.0488,-0.0385,5.8637,1.6937,2.6201
23075.072,101.814,exp4,RETURN_HOME,CONSISTENT,OK,0,1,3.00,0.227,0.209,43,1,0.603,-0.40,nav,nav,0.0521,-0.0385,5.8531,1.7001,2.6150
23075.185,101.914,exp4,RETURN_HOME,CONSISTENT,OK,0,1,3.00,0.226,0.186,43,1,0.603,-0.40,nav,nav,0.0014,-0.0010,5.8413,1.7071,2.6119
23075.287,102.014,exp4,RETURN_HOME,CONSISTENT,OK,0,1,3.00,0.229,0.209,43,1,0.603,-0.40,nav,nav,0.0389,-0.0385,5.8382,1.7090,2.6089
23075.391,102.114,exp4,RETURN_HOME,CONSISTENT,OK,0,1,3.00,0.231,0.186,43,1,0.603,-0.40,nav,nav,0.0035,-0.0035,5.8352,1.7109,2.6062
23075.494,102.214,exp4,RETURN_HOME,CONSISTENT,OK,0,1,3.00,0.234,0.186,43,1,0.603,-0.40,nav,nav,0.0116,-0.0115,5.8313,1.7133,2.6025
23075.595,102.314,exp4,RETURN_HOME,CONSISTENT,OK,0,1,3.00,0.235,0.186,43,1,0.603,-0.40,nav,nav,0.0147,-0.0069,5.8258,1.7167,2.5996
23075.694,102.414,exp4,RETURN_HOME,CONSISTENT,OK,0,1,3.00,0.236,0.186,43,1,0.603,-0.40,nav,nav,0.0157,0.0000,5.8172,1.7219,2.5991
23075.795,102.514,exp4,RETURN_HOME,CONSISTENT,OK,0,1,3.00,0.234,0.209,43,1,0.603,-0.40,nav,nav,0.0532,0.0000,5.8049,1.7294,2.5990
23075.895,102.614,exp4,RETURN_HOME,CONSISTENT,OK,0,1,3.00,0.239,0.209,43,1,0.603,-0.40,nav,nav,0.1782,0.1600,5.7924,1.7369,2.6041
23076.008,102.714,exp4,RETURN_HOME,CONSISTENT,OK,0,1,3.00,0.236,0.205,44,1,0.603,-0.40,nav,nav,0.3000,0.3200,5.7732,1.7476,2.6192
23076.111,102.814,exp4,RETURN_HOME,CONSISTENT,OK,0,1,3.00,0.238,0.273,44,1,0.603,-0.40,nav,nav,0.3000,0.2821,5.7474,1.7616,2.6423
23076.222,102.914,exp4,RETURN_HOME,CONSISTENT,OK,0,1,3.00,0.247,0.209,43,1,0.603,-0.40,nav,nav,0.3000,0.2821,5.7213,1.7752,2.6626
23076.322,103.014,exp4,RETURN_HOME,CONSISTENT,OK,0,1,3.00,0.242,0.250,44,1,0.603,-0.40,nav,nav,0.3000,0.2821,5.6950,1.7881,2.6830
23076.430,103.114,exp4,RETURN_HOME,CONSISTENT,OK,0,1,3.00,0.240,0.250,44,1,0.603,-0.40,nav,nav,0.3000,0.2821,5.6682,1.8003,2.7039
23076.530,103.214,exp4,RETURN_HOME,CONSISTENT,OK,0,1,3.00,0.249,0.222,45,1,0.603,-0.40,nav,nav,0.2842,-0.3846,5.6412,1.8118,2.7256
23076.633,103.314,exp4,RETURN_HOME,CONSISTENT,OK,0,1,3.00,0.244,0.244,45,1,0.648,-0.40,nav,nav,0.3000,-0.3846,5.6151,1.8227,2.7359
23076.732,103.414,exp4,RETURN_HOME,CONSISTENT,OK,0,1,3.00,0.259,0.222,45,1,0.648,-0.40,nav,nav,0.3000,-0.2821,5.5878,1.8345,2.7341
23076.837,103.514,exp4,RETURN_HOME,CONSISTENT,OK,0,1,3.00,0.263,0.196,46,1,0.648,-0.40,nav,nav,0.3000,-0.0379,5.5613,1.8466,2.7247
23076.937,103.614,exp4,RETURN_HOME,CONSISTENT,OK,0,1,3.00,0.278,0.222,45,1,0.648,-0.40,nav,nav,0.2684,0.0256,5.5346,1.8585,2.7232
23077.054,103.714,exp4,RETURN_HOME,CONSISTENT,OK,0,1,3.00,0.197,0.271,48,1,0.648,-0.40,nav,nav,0.3000,0.0769,5.5094,1.8696,2.7256
23077.205,103.814,exp4,RETURN_HOME,CONSISTENT,OK,0,1,3.00,0.184,0.300,50,1,0.648,-0.40,nav,nav,0.2842,0.0769,5.4827,1.8812,2.7313
23077.316,103.914,exp4,RETURN_HOME,CONSISTENT,OK,0,1,3.00,0.189,0.280,50,1,0.648,-0.40,nav,nav,0.2842,-0.0256,5.4566,1.8921,2.7377
23077.416,104.014,exp4,RETURN_HOME,CONSISTENT,OK,0,1,3.00,0.188,0.320,50,1,0.648,-0.40,nav,nav,0.3000,0.0000,5.4306,1.9032,2.7378
23077.520,104.114,exp4,RETURN_HOME,CONSISTENT,OK,0,1,3.00,0.191,0.300,50,1,0.648,-0.40,nav,nav,0.3000,0.0000,5.4032,1.9149,2.7377
23077.620,104.214,exp4,RETURN_HOME,CONSISTENT,OK,0,1,3.00,0.194,0.300,50,1,0.666,-0.40,nav,nav,0.3000,0.0000,5.3758,1.9267,2.7374
23077.720,104.314,exp4,RETURN_HOME,CONSISTENT,OK,0,1,3.00,0.196,0.306,49,1,0.666,-0.40,nav,nav,0.3000,0.0000,5.3482,1.9385,2.7372
23077.823,104.414,exp4,RETURN_HOME,CONSISTENT,OK,0,1,3.00,0.200,0.306,49,1,0.666,-0.40,nav,nav,0.3000,0.0000,5.3206,1.9503,2.7370
23077.922,104.514,exp4,RETURN_HOME,CONSISTENT,OK,0,1,3.00,0.205,0.306,49,1,0.666,-0.40,nav,nav,0.3000,0.0000,5.2931,1.9621,2.7370
23078.027,104.614,exp4,RETURN_HOME,CONSISTENT,OK,0,1,3.00,0.131,0.407,54,1,0.666,-0.40,nav,nav,0.3000,0.0000,5.2655,1.9739,2.7373
23078.126,104.714,exp4,RETURN_HOME,CONSISTENT,OK,0,1,3.00,0.116,0.463,54,1,0.666,-0.40,nav,nav,0.3000,0.0000,5.2379,1.9857,2.7373
23078.226,104.814,exp4,RETURN_HOME,CONSISTENT,OK,0,1,3.00,0.113,0.481,54,1,0.666,-0.40,nav,nav,0.3000,0.0000,5.2103,1.9975,2.7373
23078.327,104.914,exp4,RETURN_HOME,CONSISTENT,OK,0,1,3.00,0.118,0.500,54,1,0.666,-0.40,nav,nav,0.3000,0.0000,5.1828,2.0093,2.7376
23078.430,105.014,exp4,RETURN_HOME,CONSISTENT,OK,0,1,3.00,0.117,0.481,54,1,0.666,-0.40,nav,nav,0.3000,0.6410,5.1552,2.0210,2.7385
23078.530,105.114,exp4,RETURN_HOME,CONSISTENT,OK,0,1,3.00,0.103,0.491,53,1,0.700,-0.40,nav,nav,0.3000,0.5385,5.1278,2.0323,2.7487
23078.630,105.214,exp4,RETURN_HOME,CONSISTENT,OK,0,1,3.00,0.102,0.537,54,1,0.700,-0.40,nav,nav,0.3000,0.4359,5.1003,2.0422,2.7741
23078.730,105.314,exp4,RETURN_HOME,CONSISTENT,OK,0,1,3.00,0.103,0.518,56,1,0.700,-0.40,nav,nav,0.3000,0.5897,5.0724,2.0504,2.8101
23078.832,105.414,exp4,RETURN_HOME,CONSISTENT,OK,0,1,3.00,0.096,0.518,56,1,0.700,-0.40,nav,nav,0.2842,0.5385,5.0443,2.0564,2.8593
23078.932,105.514,exp4,RETURN_HOME,CONSISTENT,OK,0,1,3.00,0.055,0.776,58,1,0.700,-0.40,nav,nav,0.3000,0.3846,5.0167,2.0604,2.9083
23079.034,105.614,exp4,RETURN_HOME,CONSISTENT,OK,0,1,3.00,0.049,0.877,57,1,0.700,-0.40,nav,nav,0.2842,0.2821,4.9875,2.0640,2.9451
23079.137,105.714,exp4,RETURN_HOME,CONSISTENT,OK,0,1,3.00,0.065,0.719,57,1,0.696,-0.40,nav,nav,0.3000,0.2821,4.9595,2.0671,2.9722
23079.236,105.814,exp4,RETURN_HOME,CONSISTENT,OK,0,1,3.00,0.061,0.707,58,1,0.696,-0.40,nav,nav,0.3000,0.2308,4.9298,2.0696,2.9986
23079.336,105.914,exp4,RETURN_HOME,CONSISTENT,OK,0,1,3.00,0.068,0.667,57,1,0.696,-0.40,nav,nav,0.3000,0.2821,4.9001,2.0717,3.0216
23079.450,106.014,exp4,RETURN_HOME,CONSISTENT,OK,0,1,3.00,0.068,0.672,58,1,0.696,-0.40,nav,nav,0.3000,0.2821,4.8703,2.0725,3.0497
23079.551,106.114,exp4,RETURN_HOME,CONSISTENT,OK,0,1,3.00,0.026,1.000,57,1,0.696,-0.40,nav,nav,0.3000,0.1795,4.8404,2.0726,3.0764
23079.655,106.214,exp4,RETURN_HOME,CONSISTENT,OK,0,1,3.00,0.025,0.982,56,1,0.696,-0.40,nav,nav,0.2842,0.2308,4.8108,2.0726,3.0959
23079.755,106.314,exp4,RETURN_HOME,CONSISTENT,OK,0,1,3.00,0.029,0.982,57,1,0.696,-0.40,nav,nav,0.3000,0.1282,4.7820,2.0717,3.1176
23079.864,106.414,exp4,RETURN_HOME,CONSISTENT,OK,0,1,3.00,0.028,1.000,57,1,0.696,-0.40,nav,nav,0.3000,0.1282,4.7520,2.0710,3.1311
23080.008,106.514,exp4,RETURN_HOME,CONSISTENT,OK,0,1,3.00,0.040,0.982,57,1,0.668,-0.40,nav,nav,0.3000,0.1282,4.7220,2.0699,-3.1385
23080.118,106.614,exp4,RETURN_HOME,CONSISTENT,OK,0,1,3.00,0.038,0.982,56,1,0.668,-0.40,nav,nav,0.3000,0.0256,4.6920,2.0684,-3.1249
23080.218,106.714,exp4,RETURN_HOME,CONSISTENT,OK,0,1,3.00,0.038,0.982,56,1,0.668,-0.40,nav,nav,0.3000,0.0256,4.6620,2.0675,-3.1214
23080.318,106.814,exp4,RETURN_HOME,CONSISTENT,OK,0,1,3.00,0.047,0.930,57,1,0.668,-0.40,nav,nav,0.3000,-0.0769,4.6320,2.0666,-3.1188
23080.418,106.914,exp4,RETURN_HOME,CONSISTENT,OK,0,1,3.00,0.027,0.982,57,1,0.668,-0.40,nav,nav,0.3000,0.0769,4.6020,2.0665,-3.1248
23080.521,107.014,exp4,RETURN_HOME,CONSISTENT,OK,0,1,3.00,0.031,0.982,57,1,0.668,-0.40,nav,nav,0.3000,0.0769,4.5720,2.0657,-3.1207
23080.621,107.114,exp4,RETURN_HOME,CONSISTENT,OK,0,1,3.00,0.022,1.000,56,1,0.668,-0.40,nav,nav,0.3000,0.0769,4.5420,2.0644,-3.1136
23080.721,107.214,exp4,RETURN_HOME,CONSISTENT,OK,0,1,3.00,0.028,0.982,57,1,0.668,-0.40,nav,nav,0.3000,0.0769,4.5120,2.0628,-3.1061
23080.821,107.314,exp4,RETURN_HOME,CONSISTENT,OK,0,1,3.00,0.026,0.982,57,1,0.668,-0.40,nav,nav,0.3000,0.0769,4.4821,2.0610,-3.0986
23080.921,107.414,exp4,RETURN_HOME,CONSISTENT,OK,0,1,3.00,0.029,0.982,56,1,0.668,-0.40,nav,nav,0.3000,0.0769,4.4521,2.0590,-3.0911
23081.021,107.514,exp4,RETURN_HOME,CONSISTENT,OK,0,1,3.00,0.032,0.947,57,1,0.668,-0.40,nav,nav,0.3000,0.0769,4.4221,2.0567,-3.0836
23081.121,107.614,exp4,RETURN_HOME,CONSISTENT,OK,0,1,3.00,0.029,0.965,57,1,0.668,-0.40,nav,nav,0.3000,0.0769,4.3924,2.0543,-3.0768
23081.221,107.714,exp4,RETURN_HOME,CONSISTENT,OK,0,1,3.00,0.032,0.965,57,1,0.653,-0.40,nav,nav,0.3000,0.0769,4.3625,2.0517,-3.0696
23081.322,107.814,exp4,RETURN_HOME,CONSISTENT,OK,0,1,3.00,0.028,0.982,57,1,0.653,-0.40,nav,nav,0.3000,0.0769,4.3326,2.0488,-3.0622
23081.423,107.914,exp4,RETURN_HOME,CONSISTENT,OK,0,1,3.00,0.030,1.000,56,1,0.653,-0.40,nav,nav,0.3000,0.0769,4.3027,2.0457,-3.0549
23081.521,108.014,exp4,RETURN_HOME,CONSISTENT,OK,0,1,3.00,0.029,1.000,56,1,0.653,-0.40,nav,nav,0.0500,0.0000,4.2759,2.0430,-3.0514
23081.623,108.114,exp4,RETURN_HOME,CONSISTENT,OK,0,1,3.00,0.009,0.964,56,1,0.653,-0.40,nav,nav,0.3000,-0.1795,4.2625,2.0419,-3.0515
23081.724,108.214,exp4,RETURN_HOME,CONSISTENT,OK,0,1,3.00,0.011,0.946,56,1,0.653,-0.40,nav,nav,0.1250,-0.1600,4.2517,2.0419,-3.0627
23081.827,108.314,exp4,RETURN_HOME,CONSISTENT,OK,0,1,3.00,0.004,1.000,56,1,0.653,-0.40,nav,nav,0.1250,-0.1600,4.2391,2.0424,-3.0788
23081.927,108.414,exp4,RETURN_HOME,CONSISTENT,OK,0,1,3.00,0.002,1.000,56,1,0.653,-0.40,nav,nav,0.3000,-0.1795,4.2265,2.0431,-3.0952
23082.030,108.514,exp4,RETURN_HOME,CONSISTENT,OK,0,1,3.00,0.007,0.965,57,1,0.653,-0.40,nav,nav,0.3000,-0.0256,4.2056,2.0436,-3.1096
23082.130,108.614,exp4,RETURN_HOME,CONSISTENT,OK,0,1,3.00,0.015,0.947,57,1,0.653,-0.40,nav,nav,0.3000,0.0769,4.1760,2.0431,-3.1138
23082.234,108.714,exp4,RETURN_HOME,CONSISTENT,OK,0,1,3.00,0.011,0.964,55,1,0.653,-0.40,nav,nav,0.3000,-0.0256,4.1400,2.0413,-3.1068
23082.333,108.814,exp4,RETURN_HOME,CONSISTENT,OK,0,1,3.00,0.012,0.964,55,1,0.653,-0.40,nav,nav,0.3000,0.0256,4.1160,2.0407,-3.1085
23082.433,108.914,exp4,RETURN_HOME,CONSISTENT,OK,0,1,3.00,0.011,0.964,55,1,0.653,-0.40,nav,nav,0.3000,-0.0256,4.0861,2.0395,-3.1063
23082.533,109.014,exp4,RETURN_HOME,CONSISTENT,OK,0,1,3.00,0.013,0.945,55,1,0.653,-0.40,nav,nav,0.3000,-0.0769,4.0561,2.0387,-3.1094
23082.633,109.114,exp4,RETURN_HOME,CONSISTENT,OK,0,1,3.00,0.015,0.946,56,1,0.653,-0.40,nav,nav,0.2842,-0.0256,4.0262,2.0385,-3.1169
23082.733,109.214,exp4,RETURN_HOME,CONSISTENT,OK,0,1,3.00,0.009,0.982,55,1,0.633,-0.40,nav,nav,0.2842,0.0000,3.9978,2.0381,-3.1194
23082.843,109.314,exp4,RETURN_HOME,CONSISTENT,OK,0,1,3.00,0.012,0.964,55,1,0.633,-0.40,nav,nav,0.2842,0.0000,3.9694,2.0374,-3.1194
23082.945,109.414,exp4,RETURN_HOME,CONSISTENT,OK,0,1,3.00,0.013,0.945,55,1,0.633,-0.40,nav,nav,0.2842,0.0000,3.9409,2.0368,-3.1194
23083.051,109.514,exp4,RETURN_HOME,CONSISTENT,OK,0,1,3.00,0.014,0.945,55,1,0.633,-0.40,nav,nav,0.3000,-0.0256,3.9120,2.0362,-3.1200
23083.151,109.614,exp4,RETURN_HOME,CONSISTENT,OK,0,1,3.00,0.014,0.927,55,1,0.633,-0.40,nav,nav,0.2842,-0.0256,3.8825,2.0358,-3.1226
23083.268,109.714,exp4,RETURN_HOME,CONSISTENT,OK,0,1,3.00,0.015,0.927,55,1,0.633,-0.40,nav,nav,0.2842,-0.0256,3.8540,2.0356,-3.1253
23083.367,109.814,exp4,RETURN_HOME,CONSISTENT,OK,0,1,3.00,0.017,0.911,56,1,0.633,-0.40,nav,nav,0.3000,-0.0256,3.8250,2.0354,-3.1279
23083.471,109.914,exp4,RETURN_HOME,CONSISTENT,OK,0,1,3.00,0.021,0.895,57,1,0.633,-0.40,nav,nav,0.2842,-0.0256,3.7958,2.0352,-3.1305
23083.571,110.014,exp4,RETURN_HOME,CONSISTENT,OK,0,1,3.00,0.018,0.947,57,1,0.633,-0.40,nav,nav,0.3000,0.0256,3.7666,2.0350,-3.1307
23083.675,110.114,exp4,RETURN_HOME,CONSISTENT,OK,0,1,3.00,0.015,0.965,57,1,0.633,-0.40,nav,nav,0.3000,-0.0769,3.7366,2.0347,-3.1324
23083.775,110.214,exp4,RETURN_HOME,CONSISTENT,OK,0,1,3.00,0.014,0.965,57,1,0.633,-0.40,nav,nav,0.3000,0.0000,3.7066,2.0349,-3.1369
23083.880,110.314,exp4,RETURN_HOME,CONSISTENT,OK,0,1,3.00,0.012,0.965,57,1,0.633,-0.40,nav,nav,0.3000,0.0000,3.6766,2.0348,-3.1371
23083.981,110.414,exp4,RETURN_HOME,CONSISTENT,OK,0,1,3.00,0.015,0.965,57,1,0.631,-0.40,nav,nav,0.3000,0.0000,3.6466,2.0347,-3.1375
23084.080,110.514,exp4,RETURN_HOME,CONSISTENT,OK,0,1,3.00,0.015,0.947,57,1,0.631,-0.40,nav,nav,0.3000,0.0000,3.6168,2.0346,-3.1373
23084.180,110.614,exp4,RETURN_HOME,CONSISTENT,OK,0,1,3.00,0.016,0.947,57,1,0.631,-0.40,nav,nav,0.3000,0.0000,3.5868,2.0345,-3.1376
23084.283,110.714,exp4,RETURN_HOME,CONSISTENT,OK,0,1,3.00,0.018,0.930,57,1,0.631,-0.40,nav,nav,0.3000,0.0000,3.5568,2.0343,-3.1376
23084.387,110.816,exp4,RETURN_HOME,CONSISTENT,OK,0,1,3.00,0.018,0.912,57,1,0.631,-0.40,nav,nav,0.3000,0.0000,3.5208,2.0342,-3.1376
23084.483,110.914,exp4,RETURN_HOME,CONSISTENT,OK,0,1,3.00,0.019,0.912,57,1,0.631,-0.40,nav,nav,0.3000,0.0000,3.4968,2.0341,-3.1376
23084.584,111.014,exp4,RETURN_HOME,CONSISTENT,OK,0,1,3.00,0.022,0.860,57,1,0.631,-0.40,nav,nav,0.3000,0.0000,3.4668,2.0340,-3.1376
23084.687,111.114,exp4,RETURN_HOME,CONSISTENT,OK,0,1,3.00,0.021,0.875,56,1,0.631,-0.40,nav,nav,0.3000,0.0000,3.4368,2.0339,-3.1376
23084.789,111.214,exp4,RETURN_HOME,CONSISTENT,OK,0,1,3.00,0.021,0.875,56,1,0.631,-0.40,nav,nav,0.0500,0.0000,3.4073,2.0337,-3.1376
23084.887,111.314,exp4,RETURN_HOME,CONSISTENT,OK,0,1,3.00,0.022,0.875,56,1,0.631,-0.40,nav,nav,0.1750,0.0000,3.3824,2.0336,-3.1376
23084.988,111.414,exp4,RETURN_HOME,CONSISTENT,OK,0,1,3.00,0.022,0.857,56,1,0.631,-0.40,nav,nav,0.2842,0.0000,3.3573,2.0335,-3.1376
23085.090,111.514,exp4,RETURN_HOME,CONSISTENT,OK,0,1,3.00,0.025,0.857,56,1,0.631,-0.40,nav,nav,0.3000,0.0256,3.3278,2.0333,-3.1358
23085.195,111.614,exp4,RETURN_HOME,CONSISTENT,OK,0,1,3.00,0.022,0.875,56,1,0.621,-0.40,nav,nav,0.2842,0.0769,3.2988,2.0326,-3.1299
23085.296,111.714,exp4,RETURN_HOME,CONSISTENT,OK,0,1,3.00,0.031,0.768,56,1,0.621,-0.40,nav,nav,0.2842,0.1282,3.2694,2.0311,-3.1187
23085.399,111.814,exp4,RETURN_HOME,CONSISTENT,OK,0,1,3.00,0.034,0.732,56,1,0.621,-0.40,nav,nav,0.3000,0.0769,3.2406,2.0291,-3.1055
23085.499,111.914,exp4,RETURN_HOME,CONSISTENT,OK,0,1,3.00,0.043,0.719,57,1,0.621,-0.40,nav,nav,0.3000,0.0256,3.2120,2.0268,-3.0929
23085.605,112.014,exp4,RETURN_HOME,CONSISTENT,OK,0,1,3.00,0.044,0.712,59,1,0.621,-0.40,nav,nav,0.2842,0.1282,3.1835,2.0242,-3.0806
23085.705,112.114,exp4,RETURN_HOME,CONSISTENT,OK,0,1,3.00,0.049,0.700,60,1,0.621,-0.40,nav,nav,0.2842,0.1282,3.1551,2.0212,-3.0675
23085.810,112.214,exp4,RETURN_HOME,CONSISTENT,OK,0,1,3.00,0.045,0.717,60,1,0.621,-0.40,nav,nav,0.2842,0.1282,3.1268,2.0178,-3.0545
23085.911,112.314,exp4,RETURN_HOME,CONSISTENT,OK,0,1,3.00,0.045,0.712,59,1,0.621,-0.40,nav,nav,0.3000,-0.0256,3.0985,2.0140,-3.0416
23086.010,112.414,exp4,RETURN_HOME,CONSISTENT,OK,0,1,3.00,0.048,0.695,59,1,0.621,-0.40,nav,nav,0.3000,-0.0769,3.0688,2.0109,-3.0404
23086.110,112.514,exp4,RETURN_HOME,CONSISTENT,OK,0,1,3.00,0.041,0.767,60,1,0.621,-0.40,nav,nav,0.3000,-0.0256,3.0390,2.0085,-3.0473
23086.227,112.614,exp4,RETURN_HOME,CONSISTENT,OK,0,1,3.00,0.039,0.817,60,1,0.621,-0.40,nav,nav,0.3000,-0.0256,3.0091,2.0060,-3.0505
23086.329,112.714,exp4,RETURN_HOME,CONSISTENT,OK,0,1,3.00,0.039,0.767,60,1,0.621,-0.40,nav,nav,0.3000,-0.0769,2.9792,2.0035,-3.0531
23086.444,112.814,exp4,RETURN_HOME,CONSISTENT,OK,0,1,3.00,0.041,0.767,60,1,0.621,-0.40,nav,nav,0.3000,-0.0769,2.9493,2.0016,-3.0607
23086.544,112.914,exp4,RETURN_HOME,CONSISTENT,OK,0,1,3.00,0.039,0.817,60,1,0.610,-0.40,nav,nav,0.3000,-0.0769,2.9194,2.0000,-3.0685
23086.654,113.014,exp4,RETURN_HOME,CONSISTENT,OK,0,1,3.00,0.038,0.817,60,1,0.610,-0.40,nav,nav,0.3000,0.0256,2.8895,1.9984,-3.0741
23086.767,113.114,exp4,RETURN_HOME,CONSISTENT,OK,0,1,3.00,0.043,0.767,60,1,0.610,-0.40,nav,nav,0.2842,0.0256,2.8600,1.9962,-3.0715
23086.875,113.214,exp4,RETURN_HOME,CONSISTENT,OK,0,1,3.00,0.050,0.695,59,1,0.610,-0.40,nav,nav,0.3000,-0.0256,2.8308,1.9941,-3.0713
23086.987,113.314,exp4,RETURN_HOME,CONSISTENT,OK,0,1,3.00,0.034,0.867,60,1,0.610,-0.40,nav,nav,0.3000,0.0000,2.8009,1.9922,-3.0729
23087.097,113.414,exp4,RETURN_HOME,CONSISTENT,OK,0,1,3.00,0.033,0.850,60,1,0.610,-0.40,nav,nav,0.3000,0.0256,2.7710,1.9899,-3.0711
23087.201,113.514,exp4,RETURN_HOME,CONSISTENT,OK,0,1,3.00,0.036,0.833,60,1,0.610,-0.40,nav,nav,0.3000,0.0000,2.7411,1.9882,-3.0759
23087.306,113.614,exp4,RETURN_HOME,CONSISTENT,OK,0,1,3.00,0.034,0.867,60,1,0.610,-0.40,nav,nav,0.3000,-0.0769,2.7111,1.9870,-3.0833
23087.406,113.714,exp4,RETURN_HOME,CONSISTENT,OK,0,1,3.00,0.032,0.883,60,1,0.610,-0.40,nav,nav,0.3000,-0.0769,2.6812,1.9861,-3.0912
23087.510,113.814,exp4,RETURN_HOME,CONSISTENT,OK,0,1,3.00,0.035,0.850,60,1,0.610,-0.40,nav,nav,0.3000,0.0769,2.6512,1.9854,-3.0992
23087.611,113.914,exp4,RETURN_HOME,CONSISTENT,OK,0,1,3.00,0.033,0.850,60,1,0.610,-0.40,nav,nav,0.2842,0.0256,2.6212,1.9838,-3.0952
23087.715,114.014,exp4,RETURN_HOME,CONSISTENT,OK,0,1,3.00,0.040,0.817,60,1,0.610,-0.40,nav,nav,0.3000,0.0000,2.5925,1.9821,-3.0914
23087.816,114.114,exp4,RETURN_HOME,CONSISTENT,OK,0,1,3.00,0.039,0.850,60,1,0.588,-0.40,nav,nav,0.3000,-0.0256,2.5627,1.9805,-3.0911
23087.917,114.214,exp4,RETURN_HOME,CONSISTENT,OK,0,1,3.00,0.037,0.867,60,1,0.588,-0.40,nav,nav,0.3000,-0.0256,2.5328,1.9793,-3.0935
23088.021,114.314,exp4,RETURN_HOME,CONSISTENT,OK,0,1,3.00,0.039,0.833,60,1,0.588,-0.40,nav,nav,0.3000,-0.0256,2.4968,1.9779,-3.0967
23088.119,114.414,exp4,RETURN_HOME,CONSISTENT,OK,0,1,3.00,0.039,0.833,60,1,0.588,-0.40,nav,nav,0.3000,-0.0256,2.4728,1.9770,-3.0988
23088.219,114.514,exp4,RETURN_HOME,CONSISTENT,OK,0,1,3.00,0.042,0.783,60,1,0.588,-0.40,nav,nav,0.3000,-0.0256,2.4429,1.9760,-3.1015
23088.320,114.614,exp4,RETURN_HOME,CONSISTENT,OK,0,1,3.00,0.046,0.733,60,1,0.588,-0.40,nav,nav,0.3000,-0.0256,2.4129,1.9750,-3.1039
23088.423,114.714,exp4,RETURN_HOME,CONSISTENT,OK,0,1,3.00,0.044,0.750,60,1,0.588,-0.40,nav,nav,0.3000,-0.0256,2.3829,1.9742,-3.1065
23088.528,114.814,exp4,RETURN_HOME,CONSISTENT,OK,0,1,3.00,0.046,0.733,60,1,0.588,-0.40,nav,nav,0.3000,-0.0256,2.3529,1.9734,-3.1092
23088.630,114.914,exp4,RETURN_HOME,CONSISTENT,OK,0,1,3.00,0.049,0.717,60,1,0.588,-0.40,nav,nav,0.3000,-0.0256,2.3229,1.9727,-3.1119
23088.730,115.014,exp4,RETURN_HOME,CONSISTENT,OK,0,1,3.00,0.048,0.733,60,1,0.588,-0.40,nav,nav,0.3000,0.0256,2.2929,1.9721,-3.1142
23088.833,115.114,exp4,RETURN_HOME,CONSISTENT,OK,0,1,3.00,0.053,0.683,60,1,0.588,-0.40,nav,nav,0.3000,0.0000,2.2630,1.9710,-3.1118
23088.933,115.214,exp4,RETURN_HOME,CONSISTENT,OK,0,1,3.00,0.052,0.700,60,1,0.588,-0.40,nav,nav,0.3000,0.0769,2.2330,1.9701,-3.1114
23089.044,115.314,exp4,RETURN_HOME,CONSISTENT,OK,0,1,3.00,0.051,0.717,60,1,0.554,-0.40,nav,nav,0.3000,0.0769,2.2030,1.9684,-3.1034
23089.145,115.414,exp4,RETURN_HOME,CONSISTENT,OK,0,1,3.00,0.060,0.667,60,1,0.554,-0.40,nav,nav,0.3000,0.0769,2.1730,1.9664,-3.0954
23089.244,115.514,exp4,RETURN_HOME,CONSISTENT,OK,0,1,3.00,0.061,0.633,60,1,0.554,-0.40,nav,nav,0.3000,0.0769,2.1431,1.9642,-3.0875
23089.343,115.614,exp4,RETURN_HOME,CONSISTENT,OK,0,1,3.00,0.060,0.633,60,1,0.554,-0.40,nav,nav,0.3000,0.0769,2.1131,1.9618,-3.0796
23089.444,115.714,exp4,RETURN_HOME,CONSISTENT,OK,0,1,3.00,0.038,0.900,60,1,0.554,-0.40,nav,nav,0.3000,0.0769,2.0832,1.9591,-3.0717
23089.544,115.814,exp4,RETURN_HOME,CONSISTENT,OK,0,1,3.00,0.034,0.917,60,1,0.554,-0.40,nav,nav,0.3000,0.0769,2.0533,1.9563,-3.0639
23089.657,115.914,exp4,RETURN_HOME,CONSISTENT,OK,0,1,3.00,0.035,0.867,60,1,0.554,-0.40,nav,nav,0.3000,0.0769,2.0234,1.9531,-3.0561
23089.756,116.014,exp4,RETURN_HOME,CONSISTENT,OK,0,1,3.00,0.033,0.883,60,1,0.554,-0.40,nav,nav,0.3000,0.0000,1.9935,1.9500,-3.0501
23089.867,116.114,exp4,RETURN_HOME,CONSISTENT,OK,0,1,3.00,0.033,0.883,60,1,0.554,-0.40,nav,nav,0.3000,0.0000,1.9636,1.9472,-3.0501
23089.967,116.214,exp4,RETURN_HOME,CONSISTENT,OK,0,1,3.00,0.027,0.917,60,1,0.554,-0.40,nav,nav,0.3000,0.0000,1.9339,1.9445,-3.0500
23090.075,116.314,exp4,RETURN_HOME,CONSISTENT,OK,0,1,3.00,0.027,0.900,60,1,0.554,-0.40,nav,nav,0.2842,0.0256,1.9048,1.9417,-3.0487
23090.176,116.414,exp4,RETURN_HOME,CONSISTENT,OK,0,1,3.00,0.027,0.917,60,1,0.554,-0.40,nav,nav,0.3000,-0.0256,1.8757,1.9390,-3.0485
23090.282,116.514,exp4,RETURN_HOME,CONSISTENT,OK,0,1,3.00,0.025,0.917,60,1,0.545,-0.40,nav,nav,0.3000,-0.0256,1.8458,1.9364,-3.0509
23090.382,116.614,exp4,RETURN_HOME,CONSISTENT,OK,0,1,3.00,0.026,0.917,60,1,0.545,-0.40,nav,nav,0.3000,-0.0256,1.8160,1.9339,-3.0534
23090.488,116.714,exp4,RETURN_HOME,CONSISTENT,OK,0,1,3.00,0.028,0.900,60,1,0.545,-0.40,nav,nav,0.3000,-0.0256,1.7861,1.9315,-3.0556
23090.587,116.814,exp4,RETURN_HOME,CONSISTENT,OK,0,1,3.00,0.028,0.917,60,1,0.545,-0.40,nav,nav,0.3000,-0.0769,1.7562,1.9295,-3.0612
23090.692,116.914,exp4,RETURN_HOME,CONSISTENT,OK,0,1,3.00,0.023,1.000,60,1,0.545,-0.40,nav,nav,0.3000,-0.0769,1.7267,1.9277,-3.0674
23090.794,117.014,exp4,RETURN_HOME,CONSISTENT,OK,0,1,3.00,0.026,1.000,60,1,0.545,-0.40,nav,nav,0.3000,-0.0256,1.6967,1.9259,-3.0717
23090.898,117.114,exp4,RETURN_HOME,CONSISTENT,OK,0,1,3.00,0.037,0.883,60,1,0.545,-0.40,nav,nav,0.3000,-0.0769,1.6668,1.9244,-3.0778
23090.998,117.214,exp4,RETURN_HOME,CONSISTENT,OK,0,1,3.00,0.029,0.983,60,1,0.545,-0.40,nav,nav,0.3000,-0.0256,1.6369,1.9230,-3.0821
23091.097,117.314,exp4,RETURN_HOME,CONSISTENT,OK,0,1,3.00,0.039,0.883,60,1,0.545,-0.40,nav,nav,0.3000,-0.0256,1.6069,1.9214,-3.0847
23091.200,117.416,exp4,RETURN_HOME,CONSISTENT,OK,0,1,3.00,0.040,0.883,60,1,0.545,-0.40,nav,nav,0.2842,0.6923,1.5710,1.9189,-3.0794
23091.297,117.514,exp4,RETURN_HOME,CONSISTENT,OK,0,1,3.00,0.043,0.867,60,1,0.545,-0.40,nav,nav,0.2842,0.2369,1.5481,1.9165,-3.0635
23091.404,117.614,exp4,RETURN_HOME,CONSISTENT,OK,0,1,3.00,0.043,0.833,60,1,0.545,-0.40,nav,nav,0.3000,0.3969,1.5189,1.9114,-3.0326
23091.499,117.714,exp4,RETURN_HOME,CONSISTENT,OK,0,1,3.00,0.050,0.767,60,1,0.565,-0.40,nav,nav,0.3000,0.6410,1.4893,1.9043,-2.9937
23091.609,117.816,exp4,RETURN_HOME,CONSISTENT,OK,0,1,3.00,0.055,0.767,60,1,0.565,-0.40,nav,nav,0.3000,0.3969,1.4598,1.8963,-2.9552
23091.705,117.914,exp4,RETURN_HOME,CONSISTENT,OK,0,1,3.00,0.054,0.750,60,1,0.565,-0.40,nav,nav,0.3000,0.3969,1.4304,1.8874,-2.9178
23091.805,118.014,exp4,RETURN_HOME,CONSISTENT,OK,0,1,3.00,0.052,0.767,60,1,0.565,-0.40,nav,nav,0.3000,0.3969,1.4013,1.8775,-2.8813
23091.905,118.114,exp4,RETURN_HOME,CONSISTENT,OK,0,1,3.00,0.091,0.550,60,1,0.565,-0.40,nav,nav,0.3000,0.3969,1.3724,1.8668,-2.8455
23092.008,118.214,exp4,RETURN_HOME,CONSISTENT,OK,0,1,3.00,0.097,0.500,60,1,0.565,-0.40,nav,nav,0.3000,0.4359,1.3439,1.8553,-2.8104
23092.134,118.314,exp4,RETURN_HOME,CONSISTENT,OK,0,1,3.00,0.111,0.467,60,1,0.563,-0.40,nav,nav,0.2842,0.4359,1.3160,1.8431,-2.7746
23092.283,118.414,exp4,RETURN_HOME,CONSISTENT,OK,0,1,3.00,0.109,0.483,60,1,0.563,-0.40,nav,nav,0.2842,0.4359,1.2900,1.8306,-2.7394
23092.382,118.514,exp4,RETURN_HOME,CONSISTENT,OK,0,1,3.00,0.118,0.450,60,1,0.563,-0.40,nav,nav,0.2842,0.4359,1.2650,1.8180,-2.7091
23092.485,118.614,exp4,RETURN_HOME,CONSISTENT,OK,0,1,3.00,0.121,0.450,60,1,0.563,-0.40,nav,nav,0.2842,0.4359,1.2411,1.8056,-2.6845
23092.586,118.714,exp4,RETURN_HOME,CONSISTENT,OK,0,1,3.00,0.127,0.417,60,1,0.563,-0.40,nav,nav,0.2842,0.4359,1.2177,1.7927,-2.6610
23092.686,118.814,exp4,RETURN_HOME,CONSISTENT,OK,0,1,3.00,0.132,0.400,60,1,0.507,-0.40,nav,nav,0.2842,0.4359,1.1944,1.7793,-2.6366
23092.786,118.914,exp4,RETURN_HOME,CONSISTENT,OK,0,1,3.00,0.148,0.350,60,1,0.507,-0.40,nav,nav,0.2842,0.4359,1.1712,1.7652,-2.6113
23092.888,119.014,exp4,RETURN_HOME,CONSISTENT,OK,0,1,3.00,0.176,0.283,60,1,0.507,-0.40,nav,nav,0.2842,0.4359,1.1481,1.7505,-2.5851
23092.989,119.114,exp4,RETURN_HOME,CONSISTENT,OK,0,1,3.00,0.179,0.300,60,1,0.507,-0.40,nav,nav,0.2842,0.2759,1.1249,1.7352,-2.5637
23093.095,119.214,exp4,RETURN_HOME,CONSISTENT,OK,0,1,3.00,0.181,0.250,60,1,0.507,-0.40,nav,nav,0.3000,0.2308,1.1008,1.7189,-2.5482
23093.195,119.314,exp4,RETURN_HOME,CONSISTENT,OK,0,1,3.00,0.188,0.267,60,1,0.507,-0.40,nav,nav,0.2842,0.2308,1.0773,1.7026,-2.5330
23093.304,119.414,exp4,RETURN_HOME,CONSISTENT,OK,0,1,3.00,0.195,0.200,60,1,0.466,-0.40,nav,nav,0.3000,0.1795,1.0535,1.6855,-2.5202
23093.403,119.514,exp4,RETURN_HOME,CONSISTENT,OK,0,1,3.00,0.200,0.217,60,1,0.466,-0.40,nav,nav,0.3000,-0.9487,1.0294,1.6679,-2.5082
23093.512,119.614,exp4,RETURN_HOME,CONSISTENT,OK,0,1,3.00,0.211,0.200,60,1,0.466,-0.40,nav,nav,0.3000,-0.9487,1.0055,1.6500,-2.4960
23093.611,119.714,exp4,RETURN_HOME,CONSISTENT,OK,0,1,3.00,0.207,0.233,60,1,0.466,-0.40,nav,nav,0.3000,-1.0000,0.9816,1.6319,-2.4926
23093.717,119.814,exp4,RETURN_HOME,CONSISTENT,OK,0,1,3.00,0.181,0.233,60,1,0.466,-0.40,nav,nav,0.2842,-1.0000,0.9577,1.6138,-2.4997
23093.816,119.914,exp4,RETURN_HOME,CONSISTENT,OK,0,1,3.00,0.165,0.250,60,1,0.466,-0.40,nav,nav,0.2842,-1.0000,0.9349,1.5969,-2.5180
23093.948,120.014,exp4,RETURN_HOME,CONSISTENT,OK,0,1,3.00,0.152,0.283,60,1,0.466,-0.40,nav,nav,0.2842,-0.4605,0.9122,1.5806,-2.5456
23094.082,120.114,exp4,RETURN_HOME,CONSISTENT,OK,0,1,3.00,0.132,0.367,60,1,0.466,-0.40,nav,nav,0.2526,-0.6205,0.8904,1.5660,-2.5816
23094.191,120.214,exp4,RETURN_HOME,CONSISTENT,OK,0,1,3.00,0.108,0.450,60,1,0.466,-0.40,nav,nav,0.2526,-0.6205,0.8695,1.5539,-2.6252
23094.301,120.320,exp4,RETURN_HOME,CONSISTENT,OK,0,1,3.00,0.061,0.700,60,1,0.468,-0.40,nav,nav,0.3000,0.9487,0.8425,1.5410,-2.6878
23094.393,120.414,exp4,RETURN_HOME,CONSISTENT,OK,0,1,3.00,0.061,0.700,60,1,0.468,-0.40,nav,nav,0.3000,-0.6205,0.8216,1.5330,-2.7299
23094.498,120.516,exp4,RETURN_HOME,CONSISTENT,OK,0,1,3.00,0.046,0.817,60,1,0.468,-0.40,nav,nav,0.3000,-0.4605,0.7884,1.5222,-2.7805
23094.593,120.614,exp4,RETURN_HOME,CONSISTENT,OK,0,1,3.00,0.046,0.833,60,1,0.468,-0.40,nav,nav,0.3000,-0.3005,0.7658,1.5154,-2.8034
23094.694,120.714,exp4,RETURN_HOME,CONSISTENT,OK,0,1,3.00,0.049,0.800,60,1,0.420,-0.40,nav,nav,0.3000,-0.1405,0.7374,1.5068,-2.8217
23094.794,120.814,exp4,RETURN_HOME,CONSISTENT,OK,0,1,3.00,0.053,0.817,60,1,0.420,-0.40,nav,nav,0.2842,0.0195,0.7100,1.4981,-2.8251
23094.894,120.914,exp4,RETURN_HOME,CONSISTENT,OK,0,1,3.00,0.065,0.717,60,1,0.420,-0.40,nav,nav,0.2684,0.1795,0.6843,1.4891,-2.8171
23094.994,121.014,exp4,RETURN_HOME,CONSISTENT,OK,0,1,3.00,0.083,0.567,60,1,0.420,-0.40,nav,nav,0.3000,0.3395,0.6585,1.4793,-2.8026
23095.093,121.114,exp4,RETURN_HOME,CONSISTENT,OK,0,1,3.00,0.063,0.717,60,1,0.420,-0.40,nav,nav,0.3000,0.4995,0.6328,1.4687,-2.7805
23095.193,121.214,exp4,RETURN_HOME,CONSISTENT,OK,0,1,3.00,0.075,0.650,60,1,0.420,-0.40,nav,nav,0.2842,0.6595,0.6085,1.4572,-2.7465
23095.294,121.314,exp4,RETURN_HOME,CONSISTENT,OK,0,1,3.00,0.112,0.500,60,1,0.420,-0.40,nav,nav,0.2842,0.8195,0.5861,1.4453,-2.7059
23095.393,121.414,exp4,RETURN_HOME,CONSISTENT,OK,0,1,3.00,0.136,0.417,60,1,0.420,-0.40,nav,nav,0.2842,0.9795,0.5649,1.4328,-2.6576
23095.493,121.514,exp4,RETURN_HOME,CONSISTENT,OK,0,1,3.00,0.162,0.317,60,1,0.420,-0.40,nav,nav,0.2368,1.0000,0.5453,1.4197,-2.5957
23095.593,121.614,exp4,RETURN_HOME,CONSISTENT,OK,0,1,3.00,0.220,0.233,60,1,0.424,-0.40,nav,nav,0.2842,1.0000,0.5266,1.4052,-2.5334
23095.695,121.714,exp4,RETURN_HOME,CONSISTENT,OK,0,1,3.00,0.243,0.169,59,1,0.424,-0.40,nav,nav,0.3000,1.0000,0.5059,1.3876,-2.4658
23095.796,121.814,exp4,RETURN_HOME,CONSISTENT,OK,0,1,3.00,0.278,0.119,59,1,0.424,-0.40,nav,nav,0.2684,1.0000,0.4851,1.3694,-2.3928
23095.904,121.914,exp4,RETURN_HOME,CONSISTENT,OK,0,1,3.00,0.297,0.169,59,1,0.373,-0.40,nav,nav,0.2842,1.0000,0.4653,1.3499,-2.3159
23096.005,122.014,exp4,RETURN_HOME,CONSISTENT,OK,0,1,3.00,0.284,0.237,59,1,0.373,-0.40,nav,nav,0.2842,1.0000,0.4468,1.3289,-2.2429
23096.105,122.114,exp4,RETURN_HOME,CONSISTENT,OK,0,1,3.00,0.278,0.203,59,1,0.334,-0.40,nav,nav,0.2842,1.0000,0.4298,1.3068,-2.1752
23096.204,122.214,exp4,RETURN_HOME,CONSISTENT,OK,0,1,3.00,0.282,0.220,59,1,0.334,-0.40,nav,nav,0.2842,1.0000,0.4150,1.2844,-2.1083
23096.307,122.316,exp4,RETURN_HOME,CONSISTENT,OK,0,1,3.00,0.301,0.203,59,1,0.334,-0.40,nav,nav,0.2842,1.0000,0.4031,1.2609,-2.0377
23096.404,122.414,exp4,RETURN_HOME,CONSISTENT,OK,0,1,3.00,0.313,0.186,59,1,0.281,-0.40,nav,nav,0.2842,1.0000,0.3943,1.2362,-1.9622
23096.510,122.514,exp4,RETURN_HOME,CONSISTENT,OK,0,1,3.00,0.283,0.288,59,1,0.281,-0.40,nav,nav,0.0000,-1.0000,0.3890,1.2104,-1.8810
23096.610,122.614,exp4,RETURN_HOME,CONSISTENT,OK,0,1,3.00,0.289,0.263,57,1,0.281,-0.40,nav,nav,0.0000,-1.0000,0.3857,1.1906,-1.8067
23096.716,122.714,exp4,RETURN_HOME,CONSISTENT,OK,0,1,3.00,0.290,0.268,56,1,0.266,-0.40,nav,nav,0.0000,-1.0000,0.3826,1.1871,-1.7604
23096.817,122.814,exp4,RETURN_HOME,CONSISTENT,OK,0,1,3.00,0.224,0.375,56,1,0.266,-0.40,nav,nav,0.0000,-1.0000,0.3812,1.1871,-1.7273
23096.922,122.914,exp4,RETURN_HOME,CONSISTENT,OK,0,1,3.00,0.188,0.411,56,1,0.266,-0.40,nav,nav,0.0000,0.1800,0.3819,1.1871,-1.7058
23097.020,123.014,exp4,RETURN_HOME,CONSISTENT,OK,0,1,3.00,0.200,0.429,56,1,0.266,-0.40,nav,nav,0.0000,0.1800,0.3834,1.1871,-1.6885
23097.121,123.114,exp4,RETURN_HOME,CONSISTENT,OK,0,1,3.00,0.163,0.482,56,1,0.266,-0.40,nav,nav,0.0000,0.1800,0.3848,1.1871,-1.6710
23097.221,123.214,exp4,RETURN_HOME,CONSISTENT,OK,0,1,3.00,0.156,0.491,55,1,0.266,-0.40,nav,nav,0.0000,0.1800,0.3862,1.1871,-1.6537
23097.320,123.314,exp4,RETURN_HOME,CONSISTENT,OK,0,1,3.00,0.162,0.455,55,1,0.255,-0.40,nav,nav,0.0000,0.1800,0.3877,1.1871,-1.6360
23097.424,123.416,exp4,RETURN_HOME,CONSISTENT,OK,0,1,3.00,0.169,0.491,55,1,0.255,-0.40,nav,nav,0.0000,0.1800,0.3893,1.1871,-1.6181
23097.520,123.514,exp4,RETURN_HOME,CONSISTENT,OK,0,1,3.00,0.155,0.473,55,1,0.255,-0.40,nav,nav,0.0000,0.1800,0.3909,1.1869,-1.5996
23097.624,123.616,exp4,RETURN_HOME,CONSISTENT,OK,0,1,3.00,0.126,0.564,55,1,0.255,-0.40,nav,nav,0.0000,0.1800,0.3929,1.1866,-1.5771
23097.720,123.714,exp4,RETURN_HOME,CONSISTENT,OK,0,1,3.00,0.126,0.564,55,1,0.255,-0.40,nav,nav,0.0000,0.1800,0.3942,1.1866,-1.5618
23097.824,123.816,exp4,RETURN_HOME,CONSISTENT,OK,0,1,3.00,0.127,0.545,55,1,0.255,-0.40,nav,nav,0.0000,0.1800,0.3962,1.1863,-1.5395
23097.922,123.914,exp4,RETURN_HOME,CONSISTENT,OK,0,1,3.00,0.119,0.537,54,1,0.255,-0.40,nav,nav,0.0000,0.0000,0.3969,1.1863,-1.5320
23098.025,124.014,exp4,RETURN_HOME,CONSISTENT,OK,0,1,3.00,0.114,0.519,54,1,0.255,-0.40,nav,nav,0.2526,0.2821,0.3969,1.1863,-1.5320
23098.125,124.114,exp4,RETURN_HOME,CONSISTENT,OK,0,1,3.00,0.113,0.500,54,1,0.255,-0.40,nav,nav,0.1250,0.1600,0.3978,1.1783,-1.5258
23098.228,124.216,exp4,RETURN_HOME,CONSISTENT,OK,0,1,3.00,0.120,0.500,54,1,0.255,-0.40,nav,nav,0.1250,0.1600,0.4003,1.1633,-1.5060
23098.325,124.314,exp4,RETURN_HOME,CONSISTENT,OK,0,1,3.00,0.121,0.556,54,1,0.255,-0.40,nav,nav,0.1250,0.1600,0.4021,1.1533,-1.4930
23098.426,124.414,exp4,RETURN_HOME,CONSISTENT,OK,0,1,3.00,0.128,0.556,54,1,0.255,-0.40,nav,nav,0.1250,0.1600,0.4046,1.1409,-1.4768
23098.528,124.514,exp4,RETURN_HOME,CONSISTENT,OK,0,1,3.00,0.110,0.566,53,1,0.255,-0.40,nav,nav,0.1250,0.1600,0.4072,1.1283,-1.4612
23098.630,124.614,exp4,RETURN_HOME,CONSISTENT,OK,0,1,3.00,0.115,0.528,53,1,0.255,-0.40,nav,nav,0.2053,0.2308,0.4100,1.1156,-1.4456
23098.730,124.714,exp4,RETURN_HOME,CONSISTENT,OK,0,1,3.00,0.125,0.537,54,1,0.247,-0.40,nav,nav,0.2211,0.2821,0.4137,1.0970,-1.4306
23098.832,124.814,exp4,RETURN_HOME,CONSISTENT,OK,0,1,3.00,0.122,0.537,54,1,0.247,-0.40,nav,nav,0.3000,0.1282,0.4192,1.0751,-1.4040
23098.930,124.914,exp4,RETURN_HOME,CONSISTENT,OK,0,1,3.00,0.128,0.547,53,1,0.247,-0.40,nav,nav,0.1263,0.1795,0.4249,1.0469,-1.3938
23099.035,125.014,exp4,RETURN_HOME,CONSISTENT,OK,0,1,3.00,0.101,0.536,56,1,0.247,-0.40,nav,nav,0.1105,0.1795,0.4292,1.0268,-1.3810
23099.134,125.114,exp4,RETURN_HOME,CONSISTENT,OK,0,1,3.00,0.101,0.536,56,1,0.247,-0.40,nav,nav,0.1105,0.1795,0.4326,1.0156,-1.3647
23099.241,125.214,exp4,RETURN_HOME,CONSISTENT,OK,0,1,3.00,0.093,0.571,56,1,0.247,-0.40,nav,nav,0.1105,0.1795,0.4362,1.0047,-1.3481
23099.340,125.314,exp4,RETURN_HOME,CONSISTENT,OK,0,1,3.00,0.091,0.527,55,1,0.247,-0.40,nav,nav,0.1105,0.1795,0.4399,0.9937,-1.3325
23099.441,125.414,exp4,RETURN_HOME,CONSISTENT,OK,0,1,3.00,0.097,0.564,55,1,0.247,-0.40,nav,nav,0.1105,0.1795,0.4436,0.9833,-1.3170
23099.540,125.514,exp4,RETURN_HOME,CONSISTENT,OK,0,1,3.00,0.097,0.589,56,1,0.247,-0.40,nav,nav,0.1105,0.1795,0.4474,0.9731,-1.3027
23099.640,125.614,exp4,RETURN_HOME,CONSISTENT,OK,0,1,3.00,0.090,0.536,56,1,0.247,-0.40,nav,nav,0.1105,0.1795,0.4512,0.9630,-1.2889
23099.740,125.714,exp4,RETURN_HOME,CONSISTENT,OK,0,1,3.00,0.086,0.545,55,1,0.247,-0.40,nav,nav,0.1105,0.1795,0.4551,0.9530,-1.2752
23099.855,125.814,exp4,RETURN_HOME,CONSISTENT,OK,0,1,3.00,0.091,0.545,55,1,0.247,-0.40,nav,nav,0.0947,0.0769,0.4588,0.9433,-1.2638
23099.956,125.914,exp4,RETURN_HOME,CONSISTENT,OK,0,1,3.00,0.087,0.600,55,1,0.237,-0.40,nav,nav,0.1105,0.2308,0.4623,0.9340,-1.2558
23100.084,126.014,exp4,RETURN_HOME,CONSISTENT,OK,0,1,3.00,0.084,0.564,55,1,0.237,-0.40,nav,nav,0.0789,0.0769,0.4663,0.9250,-1.2410
23100.184,126.114,exp4,RETURN_HOME,CONSISTENT,OK,0,1,3.00,0.089,0.545,55,1,0.237,-0.40,nav,nav,0.0789,0.0769,0.4692,0.9175,-1.2343
23100.290,126.214,exp4,RETURN_HOME,CONSISTENT,OK,0,1,3.00,0.091,0.536,56,1,0.237,-0.40,nav,nav,0.0789,0.0769,0.4723,0.9098,-1.2292
23100.390,126.314,exp4,RETURN_HOME,CONSISTENT,OK,0,1,3.00,0.064,0.719,57,1,0.237,-0.40,nav,nav,0.0947,0.0000,0.4754,0.9014,-1.2270
23100.506,126.414,exp4,RETURN_HOME,CONSISTENT,OK,0,1,3.00,0.060,0.707,58,1,0.237,-0.40,nav,nav,0.0947,0.0000,0.4786,0.8924,-1.2270
23100.605,126.514,exp4,RETURN_HOME,CONSISTENT,OK,0,1,3.00,0.059,0.724,58,1,0.237,-0.40,nav,nav,0.0947,0.0000,0.4818,0.8835,-1.2270
23100.714,126.614,exp4,RETURN_HOME,CONSISTENT,OK,0,1,3.00,0.059,0.724,58,1,0.237,-0.40,nav,nav,0.0316,0.1795,0.4850,0.8746,-1.2270
23100.811,126.714,exp4,RETURN_HOME,CONSISTENT,OK,0,1,3.00,0.059,0.724,58,1,0.237,-0.40,nav,nav,0.0632,-0.0256,0.4869,0.8702,-1.2174
23100.932,126.814,exp4,RETURN_HOME,CONSISTENT,OK,0,1,3.00,0.068,0.719,57,1,0.237,-0.40,nav,nav,0.0632,0.0000,0.4891,0.8648,-1.2148
23101.064,126.914,exp4,RETURN_HOME,CONSISTENT,OK,0,1,3.00,0.068,0.655,58,1,0.237,-0.40,nav,nav,0.0632,0.0000,0.4913,0.8589,-1.2150
23101.168,127.014,exp4,RETURN_HOME,CONSISTENT,OK,0,1,3.00,0.068,0.672,58,1,0.237,-0.40,nav,nav,0.0632,-0.0256,0.4934,0.8530,-1.2161
23101.268,127.114,exp4,RETURN_HOME,CONSISTENT,OK,0,1,3.00,0.067,0.672,58,1,0.237,-0.40,nav,nav,0.0158,0.1344,0.4950,0.8488,-1.2137
23101.380,127.214,exp4,RETURN_HOME,CONSISTENT,OK,0,1,3.00,0.071,0.672,58,1,0.237,-0.40,nav,nav,0.0158,0.1344,0.4962,0.8474,-1.2018
23101.480,127.314,exp4,RETURN_HOME,CONSISTENT,OK,0,1,3.00,0.071,0.667,57,1,0.237,-0.40,nav,nav,0.0158,0.1344,0.4975,0.8459,-1.1901
23101.583,127.414,exp4,RETURN_HOME,CONSISTENT,OK,0,1,3.00,0.072,0.667,57,1,0.237,-0.40,nav,nav,0.0158,0.1344,0.4987,0.8445,-1.1791
23101.683,127.514,exp4,RETURN_HOME,CONSISTENT,OK,0,1,3.00,0.061,0.696,56,1,0.237,-0.40,nav,nav,0.0158,0.1344,0.4999,0.8430,-1.1678
23101.785,127.614,exp4,RETURN_HOME,CONSISTENT,OK,0,1,3.00,0.067,0.661,56,1,0.237,-0.40,nav,nav,0.0158,0.1344,0.5011,0.8415,-1.1566
23101.891,127.714,exp4,RETURN_HOME,CONSISTENT,OK,0,1,3.00,0.072,0.643,56,1,0.237,-0.40,nav,nav,0.0158,0.1344,0.5023,0.8401,-1.1454
23101.991,127.814,exp4,RETURN_HOME,CONSISTENT,OK,0,1,3.00,0.072,0.643,56,1,0.237,-0.40,nav,nav,0.0158,-0.0256,0.5031,0.8387,-1.1423
23102.096,127.914,exp4,RETURN_HOME,CONSISTENT,OK,0,1,3.00,0.073,0.649,57,1,0.237,-0.40,nav,nav,0.0158,-0.1856,0.5033,0.8372,-1.1516
23102.197,128.014,exp4,RETURN_HOME,CONSISTENT,OK,0,1,3.00,0.065,0.690,58,1,0.237,-0.40,nav,nav,0.0000,-0.3456,0.5034,0.8365,-1.1731
23102.297,128.114,exp4,RETURN_HOME,CONSISTENT,OK,0,1,3.00,0.056,0.729,59,1,0.237,-0.40,nav,nav,0.0000,-0.3846,0.5022,0.8365,-1.2046
23102.396,128.214,exp4,RETURN_HOME,CONSISTENT,OK,0,1,3.00,0.051,0.783,60,1,0.237,-0.40,nav,nav,0.0000,-0.3846,0.5002,0.8365,-1.2379
23102.503,128.314,exp4,RETURN_HOME,CONSISTENT,OK,0,1,3.00,0.046,0.867,60,1,0.237,-0.40,nav,nav,0.0158,-0.2308,0.4979,0.8365,-1.2747
23102.600,128.414,exp4,RETURN_HOME,CONSISTENT,OK,0,1,3.00,0.046,0.867,60,1,0.237,-0.40,nav,nav,0.0158,-0.1795,0.4967,0.8362,-1.2976
23102.709,128.514,exp4,RETURN_HOME,CONSISTENT,OK,0,1,3.00,0.042,0.817,60,1,0.237,-0.40,nav,nav,0.0158,-0.1282,0.4949,0.8360,-1.3270
23102.809,128.614,exp4,RETURN_HOME,CONSISTENT,OK,0,1,3.00,0.041,0.833,60,1,0.237,-0.40,nav,nav,0.0158,-0.0769,0.4938,0.8346,-1.3461
23102.909,128.714,exp4,RETURN_HOME,CONSISTENT,OK,0,1,3.00,0.044,0.800,60,1,0.237,-0.40,nav,nav,0.0158,-0.0769,0.4935,0.8331,-1.3549
23103.009,128.814,exp4,RETURN_HOME,CONSISTENT,OK,0,1,3.00,0.050,0.763,59,1,0.237,-0.40,nav,nav,0.0000,-0.2308,0.4933,0.8315,-1.3621
23103.109,128.914,exp4,RETURN_HOME,CONSISTENT,OK,0,1,3.00,0.052,0.780,59,1,0.237,-0.40,nav,nav,0.0000,-0.2308,0.4926,0.8312,-1.3794
23103.209,129.014,exp4,RETURN_HOME,CONSISTENT,OK,0,1,3.00,0.044,0.850,60,1,0.237,-0.40,nav,nav,0.0000,-0.1795,0.4909,0.8312,-1.4015
23103.317,129.114,exp4,RETURN_HOME,CONSISTENT,OK,0,1,3.00,0.049,0.783,60,1,0.237,-0.40,nav,nav,0.0000,-0.1795,0.4892,0.8312,-1.4228
23103.417,129.214,exp4,RETURN_HOME,CONSISTENT,OK,0,1,3.00,0.043,0.850,60,1,0.237,-0.40,nav,nav,0.0000,-0.1795,0.4878,0.8312,-1.4406
23103.531,129.314,exp4,RETURN_HOME,CONSISTENT,OK,0,1,3.00,0.050,0.800,60,1,0.237,-0.40,nav,nav,0.0000,-0.1795,0.4863,0.8312,-1.4583
23103.630,129.414,exp4,RETURN_HOME,CONSISTENT,OK,0,1,3.00,0.052,0.767,60,1,0.237,-0.40,nav,nav,0.0000,-0.1795,0.4848,0.8312,-1.4763
23103.741,129.514,exp4,RETURN_HOME,CONSISTENT,OK,0,1,3.00,0.049,0.750,60,1,0.237,-0.40,nav,nav,0.1105,0.0000,0.4833,0.8307,-1.4933
23103.842,129.614,exp4,RETURN_HOME,CONSISTENT,OK,0,1,3.00,0.047,0.800,60,1,0.248,-0.40,nav,nav,0.1105,-0.0195,0.4839,0.8207,-1.4954
23103.968,129.714,exp4,RETURN_HOME,CONSISTENT,OK,0,1,3.00,0.052,0.746,59,1,0.248,-0.40,nav,nav,0.1105,-0.0195,0.4846,0.8097,-1.4973
23104.068,129.814,exp4,RETURN_HOME,CONSISTENT,OK,0,1,3.00,0.052,0.746,59,1,0.248,-0.40,nav,nav,0.0947,0.0256,0.4853,0.7994,-1.4971
23104.178,129.916,exp4,RETURN_HOME,CONSISTENT,OK,0,1,3.00,0.047,0.800,60,1,0.248,-0.40,nav,nav,0.0789,0.1856,0.4869,0.7893,-1.4826
23104.275,130.014,exp4,RETURN_HOME,CONSISTENT,OK,0,1,3.00,0.047,0.800,60,1,0.248,-0.40,nav,nav,0.0789,0.0769,0.4884,0.7830,-1.4721
23104.379,130.114,exp4,RETURN_HOME,CONSISTENT,OK,0,1,3.00,0.047,0.817,60,1,0.248,-0.40,nav,nav,0.0789,-0.0256,0.4895,0.7751,-1.4687
23104.478,130.214,exp4,RETURN_HOME,CONSISTENT,OK,0,1,3.00,0.043,0.817,60,1,0.248,-0.40,nav,nav,0.0789,0.0256,0.4903,0.7673,-1.4683
23104.578,130.314,exp4,RETURN_HOME,CONSISTENT,OK,0,1,3.00,0.042,0.833,60,1,0.248,-0.40,nav,nav,0.0789,0.0256,0.4913,0.7596,-1.4659
23104.680,130.414,exp4,RETURN_HOME,CONSISTENT,OK,0,1,3.00,0.045,0.817,60,1,0.248,-0.40,nav,nav,0.1263,-0.0256,0.4926,0.7468,-1.4666
23104.778,130.514,exp4,RETURN_HOME,CONSISTENT,OK,0,1,3.00,0.043,0.833,60,1,0.248,-0.40,nav,nav,0.0474,0.0000,0.4932,0.7402,-1.4671
23104.882,130.618,exp4,RETURN_HOME,CONSISTENT,OK,0,1,3.00,0.041,0.883,60,1,0.248,-0.40,nav,nav,0.0474,-0.0769,0.4934,0.7355,-1.4713
23104.978,130.714,exp4,RETURN_HOME,CONSISTENT,OK,0,1,3.00,0.039,0.883,60,1,0.248,-0.40,nav,nav,0.0474,-0.0769,0.4934,0.7305,-1.4780
23105.080,130.814,exp4,RETURN_HOME,CONSISTENT,OK,0,1,3.00,0.037,0.867,60,1,0.248,-0.40,nav,nav,0.1105,-0.0769,0.4934,0.7236,-1.4848
23105.178,130.914,exp4,RETURN_HOME,CONSISTENT,OK,0,1,3.00,0.037,0.867,60,1,0.248,-0.40,nav,nav,0.1105,-0.0769,0.4937,0.7128,-1.4920
23105.286,131.014,exp4,RETURN_HOME,CONSISTENT,OK,0,1,3.00,0.036,0.833,60,1,0.248,-0.40,nav,nav,0.0947,0.0000,0.4942,0.7027,-1.4956
23105.381,131.114,exp4,RETURN_HOME,CONSISTENT,OK,0,1,3.00,0.037,0.850,60,1,0.248,-0.40,nav,nav,0.0947,0.0000,0.4949,0.6932,-1.4960
23105.483,131.214,exp4,RETURN_HOME,CONSISTENT,OK,0,1,3.00,0.033,0.883,60,1,0.248,-0.40,nav,nav,0.0947,0.0000,0.4956,0.6840,-1.4962
23105.585,131.314,exp4,RETURN_HOME,CONSISTENT,OK,0,1,3.00,0.033,0.883,60,1,0.248,-0.40,nav,nav,0.0789,-0.0769,0.4959,0.6754,-1.5003
23105.689,131.414,exp4,RETURN_HOME,CONSISTENT,OK,0,1,3.00,0.032,0.867,60,1,0.248,-0.40,nav,nav,0.0789,-0.0769,0.4957,0.6676,-1.5093
23105.790,131.514,exp4,RETURN_HOME,CONSISTENT,OK,0,1,3.00,0.027,0.917,60,1,0.248,-0.40,nav,nav,0.0000,-0.2369,0.4956,0.6627,-1.5189
23105.903,131.614,exp4,RETURN_HOME,CONSISTENT,OK,0,1,3.00,0.024,0.933,60,1,0.248,-0.40,nav,nav,0.0000,-0.2369,0.4941,0.6627,-1.5451
23106.003,131.714,exp4,RETURN_HOME,CONSISTENT,OK,0,1,3.00,0.015,0.983,60,1,0.248,-0.40,nav,nav,0.0000,-0.2369,0.4918,0.6627,-1.5702
23106.111,131.814,exp4,RETURN_HOME,CONSISTENT,OK,0,1,3.00,0.015,0.967,60,1,0.248,-0.40,nav,nav,0.0000,-0.8462,0.4896,0.6627,-1.5952
23106.210,131.914,exp4,RETURN_HOME,CONSISTENT,OK,0,1,3.00,0.015,0.967,60,1,0.248,-0.40,nav,nav,0.0000,-0.8462,0.4865,0.6627,-1.6336
23106.311,132.014,exp4,RETURN_HOME,CONSISTENT,OK,0,1,3.00,0.015,0.983,60,1,0.248,-0.40,nav,nav,0.0000,-0.7949,0.4822,0.6627,-1.6874
23106.410,132.114,exp4,RETURN_HOME,CONSISTENT,OK,0,1,3.00,0.011,0.983,60,1,0.248,-0.40,nav,nav,0.0000,-0.7436,0.4774,0.6627,-1.7488
23106.510,132.214,exp4,RETURN_HOME,CONSISTENT,OK,0,1,3.00,0.009,0.983,60,1,0.246,-0.40,nav,nav,0.0000,-0.6923,0.4726,0.6627,-1.8123
23106.610,132.314,exp4,RETURN_HOME,CONSISTENT,OK,0,1,3.00,0.009,1.000,60,1,0.246,-0.40,nav,nav,0.2211,0.3846,0.4686,0.6627,-1.8710
23106.730,132.414,exp4,RETURN_HOME,CONSISTENT,OK,0,1,3.00,0.010,1.000,60,1,0.246,-0.40,nav,nav,0.1105,0.7436,0.4649,0.6571,-1.8964
23106.835,132.514,exp4,RETURN_HOME,CONSISTENT,OK,0,1,3.00,0.022,0.900,60,1,0.246,-0.40,nav,nav,0.2211,0.4872,0.4604,0.6466,-1.9104
23106.948,132.614,exp4,RETURN_HOME,CONSISTENT,OK,0,1,3.00,0.023,0.900,60,1,0.255,-0.40,nav,nav,0.3000,0.1400,0.4533,0.6266,-1.9111
23107.048,132.714,exp4,RETURN_HOME,CONSISTENT,OK,0,1,3.00,0.032,0.883,60,1,0.255,-0.40,nav,nav,0.3000,0.1400,0.4441,0.5987,-1.9002
23107.162,132.814,exp4,RETURN_HOME,CONSISTENT,OK,0,1,3.00,0.042,0.817,60,1,0.255,-0.40,nav,nav,0.3000,0.1400,0.4353,0.5704,-1.8882
23107.262,132.914,exp4,RETURN_HOME,CONSISTENT,OK,0,1,3.00,0.037,0.867,60,1,0.255,-0.40,nav,nav,0.3000,0.1400,0.4269,0.5418,-1.8758
23107.369,133.014,exp4,RETURN_HOME,CONSISTENT,OK,0,1,3.00,0.038,0.850,60,1,0.255,-0.40,nav,nav,0.3000,0.0769,0.4187,0.5132,-1.8659
23107.471,133.114,exp4,RETURN_HOME,CONSISTENT,OK,0,1,3.00,0.036,0.900,60,1,0.255,-0.40,nav,nav,0.3000,-0.0769,0.4102,0.4845,-1.8634
23107.574,133.214,exp4,RETURN_HOME,CONSISTENT,OK,0,1,3.00,0.026,0.900,60,1,0.255,-0.40,nav,nav,0.3000,-0.1282,0.4009,0.4559,-1.8721
23107.674,133.314,exp4,RETURN_HOME,CONSISTENT,OK,0,1,3.00,0.026,0.883,60,1,0.255,-0.40,nav,nav,0.2842,-0.1795,0.3913,0.4280,-1.8853
23107.780,133.414,exp4,RETURN_HOME,CONSISTENT,OK,0,1,3.00,0.021,0.917,60,1,0.255,-0.40,nav,nav,0.2684,-0.1795,0.3816,0.4019,-1.9011
23107.883,133.514,exp4,RETURN_HOME,CONSISTENT,OK,0,1,3.00,0.022,0.900,60,1,0.255,-0.40,nav,nav,0.2684,-0.1795,0.3721,0.3771,-1.9138
23108.017,133.614,exp4,RETURN_HOME,CONSISTENT,OK,0,1,3.00,0.023,0.883,60,1,0.255,-0.40,nav,nav,0.2684,-0.1795,0.3622,0.3518,-1.9268
23108.124,133.716,exp4,RETURN_HOME,CONSISTENT,OK,0,1,3.00,0.024,0.883,60,1,0.255,-0.40,nav,nav,0.2684,-0.1795,0.3518,0.3266,-1.9415
23108.220,133.814,exp4,RETURN_HOME,CONSISTENT,OK,0,1,3.00,0.024,0.950,60,1,0.255,-0.40,nav,nav,0.2684,-0.1795,0.3411,0.3017,-1.9568
23108.320,133.914,exp4,RETURN_HOME,CONSISTENT,OK,0,1,3.00,0.021,0.967,60,1,0.288,-0.40,nav,nav,0.2684,-0.1795,0.3300,0.2769,-1.9715
23108.423,134.014,exp4,RETURN_HOME,CONSISTENT,OK,0,1,3.00,0.021,0.967,60,1,0.288,-0.40,nav,nav,0.2684,-0.1795,0.3187,0.2523,-1.9852
23108.524,134.114,exp4,RETURN_HOME,CONSISTENT,OK,0,1,3.00,0.021,0.967,60,1,0.288,-0.40,nav,nav,0.2684,-0.1795,0.3073,0.2283,-1.9974
23108.623,134.214,exp4,RETURN_HOME,CONSISTENT,OK,0,1,3.00,0.023,0.933,60,1,0.288,-0.40,nav,nav,0.2684,-0.1795,0.2956,0.2042,-2.0098
23108.723,134.314,exp4,RETURN_HOME,CONSISTENT,OK,0,1,3.00,0.027,0.917,60,1,0.288,-0.40,nav,nav,0.2684,-0.1795,0.2841,0.1808,-2.0195
23108.823,134.414,exp4,RETURN_HOME,CONSISTENT,OK,0,1,3.00,0.028,0.917,60,1,0.288,-0.40,nav,nav,0.2684,-0.1795,0.2723,0.1575,-2.0290
23108.925,134.514,exp4,RETURN_HOME,CONSISTENT,OK,0,1,3.00,0.030,0.900,60,1,0.288,-0.40,nav,nav,0.2684,-0.1795,0.2603,0.1343,-2.0386
23109.025,134.614,exp4,RETURN_HOME,CONSISTENT,OK,0,1,3.00,0.029,0.900,60,1,0.288,-0.40,nav,nav,0.2684,-0.1795,0.2481,0.1112,-2.0483
23109.133,134.714,exp4,RETURN_HOME,CONSISTENT,OK,0,1,3.00,0.035,0.850,60,1,0.288,-0.40,nav,nav,0.3000,-0.7436,0.2356,0.0881,-2.0583
23109.234,134.814,exp4,RETURN_HOME,CONSISTENT,OK,0,1,3.00,0.035,0.883,60,1,0.288,-0.40,nav,nav,0.2842,-0.7949,0.2213,0.0631,-2.0780
23109.336,134.914,exp4,RETURN_HOME,CONSISTENT,OK,0,1,3.00,0.042,0.833,60,1,0.288,-0.40,nav,nav,0.3000,-0.7436,0.2071,0.0400,-2.1072
23109.438,135.014,exp4,RETURN_HOME,CONSISTENT,OK,0,1,3.00,0.050,0.750,60,1,0.288,-0.40,nav,nav,0.2153,-0.5000,0.1923,0.0182,-2.1481
23109.540,135.114,exp4,RETURN_HOME,CONSISTENT,OK,0,1,3.00,0.071,0.650,60,1,0.325,-0.40,nav,nav,0.2153,-0.5000,0.1784,-0.0008,-2.1883
23109.640,135.214,exp4,RETURN_HOME,CONSISTENT,OK,0,1,3.00,0.082,0.583,60,1,0.325,-0.40,nav,nav,0.2153,-0.5000,0.1655,-0.0179,-2.2223
23109.743,135.316,exp4,RETURN_HOME,CONSISTENT,OK,0,1,3.00,0.084,0.650,60,1,0.325,-0.40,nav,nav,0.2153,-0.5000,0.1492,-0.0381,-2.2647
23109.840,135.414,exp4,RETURN_HOME,CONSISTENT,OK,0,1,3.00,0.096,0.517,60,1,0.325,-0.40,nav,nav,0.2842,-0.7949,0.1379,-0.0514,-2.2939
23109.941,135.514,exp4,RETURN_HOME,CONSISTENT,OK,0,1,3.00,0.104,0.500,60,1,0.290,-0.40,nav,nav,0.2153,-0.5000,0.1217,-0.0690,-2.3334
23110.040,135.614,exp4,RETURN_HOME,CONSISTENT,OK,0,1,3.00,0.116,0.492,59,1,0.290,-0.40,nav,nav,0.3000,-0.9487,0.1062,-0.0846,-2.3721
23110.148,135.714,exp4,RETURN_HOME,CONSISTENT,OK,0,1,3.00,0.116,0.467,60,1,0.290,-0.40,nav,nav,0.2273,-0.5000,0.0869,-0.1022,-2.4148
23110.248,135.814,exp4,RETURN_HOME,CONSISTENT,OK,0,1,3.00,0.132,0.441,59,1,0.290,-0.40,nav,nav,0.2273,-0.5000,0.0674,-0.1185,-2.4585
23110.355,135.914,exp4,RETURN_HOME,CONSISTENT,OK,0,1,3.00,0.120,0.450,60,1,0.279,-0.40,nav,nav,0.2153,-0.5000,0.0491,-0.1330,-2.4941
23110.455,136.014,exp4,RETURN_HOME,CONSISTENT,OK,0,1,3.00,0.126,0.500,60,1,0.279,-0.40,nav,nav,0.2273,-0.5000,0.0291,-0.1477,-2.5366
23110.560,136.114,exp4,RETURN_HOME,CONSISTENT,OK,0,1,3.00,0.141,0.441,59,1,0.279,-0.40,nav,nav,0.2273,-0.5000,0.0082,-0.1614,-2.5803
23110.660,136.214,exp4,RETURN_HOME,CONSISTENT,OK,0,1,3.00,0.146,0.400,60,1,0.279,-0.40,nav,nav,0.2273,-0.5000,-0.0110,-0.1729,-2.6164
23110.764,136.314,exp4,RETURN_HOME,CONSISTENT,OK,0,1,3.00,0.147,0.390,59,1,0.262,-0.40,nav,nav,0.2273,-0.5000,-0.0307,-0.1832,-2.6538
23110.864,136.414,exp4,RETURN_HOME,CONSISTENT,OK,0,1,3.00,0.145,0.390,59,1,0.262,-0.40,nav,nav,0.2273,-0.5000,-0.0507,-0.1920,-2.6930
23110.964,136.514,exp4,RETURN_HOME,CONSISTENT,OK,0,1,3.00,0.158,0.373,59,1,0.262,-0.40,nav,nav,0.2273,-0.5000,-0.0714,-0.1995,-2.7342
23111.066,136.616,exp4,RETURN_HOME,CONSISTENT,OK,0,1,3.00,0.158,0.373,59,1,0.262,-0.40,nav,nav,0.2273,-0.5000,-0.0967,-0.2069,-2.7850
23111.163,136.714,exp4,RETURN_HOME,CONSISTENT,OK,0,1,3.00,0.142,0.383,60,1,0.262,-0.40,nav,nav,0.2273,-0.5000,-0.1138,-0.2108,-2.8198
23111.266,136.816,exp4,RETURN_HOME,CONSISTENT,OK,0,1,3.00,0.141,0.407,59,1,0.260,-0.40,nav,nav,0.2273,-0.5000,-0.1399,-0.2152,-2.8734
23111.364,136.914,exp4,RETURN_HOME,CONSISTENT,OK,0,1,3.00,0.151,0.339,59,1,0.260,-0.40,nav,nav,0.2273,-0.5000,-0.1575,-0.2171,-2.9100
23111.466,137.016,exp4,RETURN_HOME,CONSISTENT,OK,0,1,3.00,0.152,0.367,60,1,0.260,-0.40,nav,nav,0.1023,-0.3400,-0.1798,-0.2182,-2.9569
23111.563,137.114,exp4,RETURN_HOME,CONSISTENT,OK,0,1,3.00,0.167,0.333,60,1,0.260,-0.40,nav,nav,0.0000,-0.0200,-0.1947,-0.2189,-2.9821
23111.664,137.214,exp4,RETURN_HOME,CONSISTENT,OK,0,1,3.00,0.130,0.417,60,1,0.260,-0.40,nav,nav,0.0000,0.0000,-0.1952,-0.2189,-2.9837
23111.763,137.314,exp4,RETURN_HOME,CONSISTENT,OK,0,1,3.00,0.114,0.450,60,1,0.255,-0.40,nav,nav,0.1250,-0.1600,-0.1969,-0.2190,-2.9857
23111.864,137.414,exp4,RETURN_HOME,CONSISTENT,OK,0,1,3.00,0.120,0.450,60,1,0.255,-0.40,nav,nav,0.1250,-0.1600,-0.2087,-0.2196,-2.9999
23111.963,137.514,exp4,RETURN_HOME,CONSISTENT,OK,0,1,3.00,0.127,0.450,60,1,0.255,-0.40,nav,nav,0.1250,-0.1600,-0.2213,-0.2200,-3.0156
23112.064,137.614,exp4,RETURN_HOME,CONSISTENT,OK,0,1,3.00,0.128,0.467,60,1,0.255,-0.40,nav,nav,0.1250,-0.1600,-0.2337,-0.2202,-3.0314
23112.164,137.714,exp4,RETURN_HOME,CONSISTENT,OK,0,1,3.00,0.086,0.583,60,1,0.255,-0.40,nav,nav,0.1250,-0.1600,-0.2461,-0.2201,-3.0474
23112.263,137.814,exp4,RETURN_HOME,CONSISTENT,OK,0,1,3.00,0.081,0.633,60,1,0.255,-0.40,nav,nav,0.1250,-0.1600,-0.2586,-0.2198,-3.0636
23112.363,137.914,exp4,RETURN_HOME,CONSISTENT,OK,0,1,3.00,0.077,0.650,60,1,0.255,-0.40,nav,nav,0.1250,-0.1600,-0.2711,-0.2192,-3.0799
23112.467,138.014,exp4,RETURN_HOME,CONSISTENT,OK,0,1,3.00,0.075,0.633,60,1,0.255,-0.40,nav,nav,0.1250,-0.1600,-0.2835,-0.2185,-3.0964
23112.567,138.114,exp4,RETURN_HOME,CONSISTENT,OK,0,1,3.00,0.078,0.650,60,1,0.255,-0.40,nav,nav,0.2500,-0.3200,-0.2981,-0.2175,-3.1133
23112.672,138.214,exp4,RETURN_HOME,CONSISTENT,OK,0,1,3.00,0.075,0.683,60,1,0.255,-0.40,nav,nav,0.2842,-0.4800,-0.3233,-0.2151,3.1383
23112.772,138.314,exp4,RETURN_HOME,CONSISTENT,OK,0,1,3.00,0.096,0.567,60,1,0.255,-0.40,nav,nav,0.2344,-0.5000,-0.3522,-0.2095,3.0820
23112.876,138.414,exp4,RETURN_HOME,CONSISTENT,OK,0,1,3.00,0.109,0.550,60,1,0.255,-0.40,nav,nav,0.2153,-0.5000,-0.3784,-0.2022,3.0210
23112.976,138.514,exp4,RETURN_HOME,CONSISTENT,OK,0,1,3.00,0.119,0.533,60,1,0.266,-0.40,nav,nav,0.0900,-0.1769,-0.4030,-0.1941,2.9672
23113.076,138.614,exp4,RETURN_HOME,CONSISTENT,OK,0,1,3.00,0.109,0.550,60,1,0.266,-0.40,nav,nav,0.0758,-0.1615,-0.4259,-0.1867,2.9279
23113.176,138.714,exp4,RETURN_HOME,CONSISTENT,OK,0,1,3.00,0.110,0.550,60,1,0.266,-0.40,nav,nav,0.2526,-0.3846,-0.4464,-0.1796,2.8989
23113.276,138.814,exp4,RETURN_HOME,CONSISTENT,OK,0,1,3.00,0.107,0.550,60,1,0.266,-0.40,nav,nav,0.2842,-0.2821,-0.4713,-0.1715,2.8751
23113.379,138.914,exp4,RETURN_HOME,CONSISTENT,OK,0,1,3.00,0.083,0.667,60,1,0.288,-0.40,nav,nav,0.3000,-0.2308,-0.5049,-0.1600,2.8492
23113.495,139.014,exp4,RETURN_HOME,CONSISTENT,OK,0,1,3.00,0.083,0.667,60,1,0.288,-0.40,nav,nav,0.3000,-0.2308,-0.5278,-0.1519,2.8328
23113.595,139.114,exp4,RETURN_HOME,CONSISTENT,OK,0,1,3.00,0.086,0.683,60,1,0.288,-0.40,nav,nav,0.2842,-0.1795,-0.5553,-0.1417,2.8154
23113.703,139.214,exp4,RETURN_HOME,CONSISTENT,OK,0,1,3.00,0.083,0.650,60,1,0.288,-0.40,nav,nav,0.3000,-0.0769,-0.5831,-0.1315,2.8056
23113.803,139.314,exp4,RETURN_HOME,CONSISTENT,OK,0,1,3.00,0.083,0.650,60,1,0.288,-0.40,nav,nav,0.3000,0.0256,-0.6114,-0.1211,2.7990
23113.919,139.414,exp4,RETURN_HOME,CONSISTENT,OK,0,1,3.00,0.072,0.717,60,1,0.288,-0.40,nav,nav,0.3000,-0.0769,-0.6396,-0.1106,2.7930
23114.019,139.514,exp4,RETURN_HOME,CONSISTENT,OK,0,1,3.00,0.075,0.700,60,1,0.288,-0.40,nav,nav,0.3000,-0.0769,-0.6672,-0.1003,2.7888
23114.126,139.614,exp4,RETURN_HOME,CONSISTENT,OK,0,1,3.00,0.073,0.700,60,1,0.288,-0.40,nav,nav,0.3000,-0.0769,-0.6953,-0.0895,2.7830
23114.226,139.714,exp4,RETURN_HOME,CONSISTENT,OK,0,1,3.00,0.068,0.733,60,1,0.288,-0.40,nav,nav,0.3000,-0.0769,-0.7233,-0.0785,2.7767
23114.326,139.814,exp4,RETURN_HOME,CONSISTENT,OK,0,1,3.00,0.068,0.717,60,1,0.288,-0.40,nav,nav,0.3000,-0.0769,-0.7512,-0.0675,2.7711
23114.427,139.914,exp4,RETURN_HOME,CONSISTENT,OK,0,1,3.00,0.068,0.717,60,1,0.288,-0.40,nav,nav,0.3000,-0.0769,-0.7791,-0.0562,2.7648
23114.527,140.014,exp4,RETURN_HOME,CONSISTENT,OK,0,1,3.00,0.072,0.683,60,1,0.306,-0.40,nav,nav,0.3000,-0.0769,-0.8068,-0.0448,2.7589
23114.626,140.114,exp4,RETURN_HOME,CONSISTENT,OK,0,1,3.00,0.075,0.650,60,1,0.306,-0.40,nav,nav,0.3000,-0.0769,-0.8341,-0.0336,2.7553
23114.727,140.214,exp4,RETURN_HOME,CONSISTENT,OK,0,1,3.00,0.072,0.650,60,1,0.306,-0.40,nav,nav,0.1750,0.0000,-0.8614,-0.0222,2.7517
23114.827,140.314,exp4,RETURN_HOME,CONSISTENT,OK,0,1,3.00,0.070,0.678,59,1,0.306,-0.40,nav,nav,0.0000,0.0000,-0.8783,-0.0153,2.7515
23114.958,140.414,exp4,RETURN_HOME,CONSISTENT,OK,0,1,3.00,0.061,0.683,60,1,0.306,-0.40,nav,nav,0.1250,0.1600,-0.8799,-0.0146,2.7515
23115.072,140.514,exp4,RETURN_HOME,CONSISTENT,OK,0,1,3.00,0.059,0.633,60,1,0.306,-0.40,nav,nav,0.2500,0.3200,-0.8937,-0.0100,2.7675
23115.171,140.614,exp4,RETURN_HOME,CONSISTENT,OK,0,1,3.00,0.046,0.717,60,1,0.306,-0.40,nav,nav,0.3000,0.2821,-0.9136,-0.0037,2.7877
23115.271,140.714,exp4,RETURN_HOME,CONSISTENT,OK,0,1,3.00,0.036,0.817,60,1,0.306,-0.40,nav,nav,0.3000,0.3846,-0.9417,0.0048,2.8150
23115.371,140.814,exp4,RETURN_HOME,CONSISTENT,OK,0,1,3.00,0.036,0.800,60,1,0.306,-0.40,nav,nav,0.2842,0.3333,-0.9696,0.0117,2.8468
23115.471,140.914,exp4,RETURN_HOME,CONSISTENT,OK,0,1,3.00,0.032,0.850,60,1,0.306,-0.40,nav,nav,0.3000,0.2821,-0.9976,0.0179,2.8747
23115.571,141.014,exp4,RETURN_HOME,CONSISTENT,OK,0,1,3.00,0.031,0.833,60,1,0.306,-0.40,nav,nav,0.3000,0.3846,-1.0266,0.0234,2.9042
23115.679,141.114,exp4,RETURN_HOME,CONSISTENT,OK,0,1,3.00,0.027,0.850,60,1,0.306,-0.40,nav,nav,0.3000,0.3333,-1.0559,0.0275,2.9372
23115.779,141.214,exp4,RETURN_HOME,CONSISTENT,OK,0,1,3.00,0.022,0.883,60,1,0.381,-0.40,nav,nav,0.2842,0.2308,-1.0844,0.0309,2.9639
23115.885,141.314,exp4,RETURN_HOME,CONSISTENT,OK,0,1,3.00,0.030,0.833,60,1,0.381,-0.40,nav,nav,0.2842,0.2308,-1.1125,0.0339,2.9861
23115.985,141.414,exp4,RETURN_HOME,CONSISTENT,OK,0,1,3.00,0.031,0.833,60,1,0.381,-0.40,nav,nav,0.3000,0.0769,-1.1415,0.0369,3.0019
23116.093,141.514,exp4,RETURN_HOME,CONSISTENT,OK,0,1,3.00,0.036,0.810,58,1,0.381,-0.40,nav,nav,0.3000,0.0769,-1.1712,0.0403,3.0094
23116.193,141.614,exp4,RETURN_HOME,CONSISTENT,OK,0,1,3.00,0.012,1.000,60,1,0.381,-0.40,nav,nav,0.3000,0.1282,-1.2010,0.0432,3.0203
23116.301,141.714,exp4,RETURN_HOME,CONSISTENT,OK,0,1,3.00,0.007,1.000,60,1,0.381,-0.40,nav,nav,0.3000,0.1282,-1.2288,0.0456,3.0324
23116.401,141.814,exp4,RETURN_HOME,CONSISTENT,OK,0,1,3.00,0.008,1.000,60,1,0.381,-0.40,nav,nav,0.3000,0.1795,-1.2557,0.0474,3.0445
23116.503,141.914,exp4,RETURN_HOME,CONSISTENT,OK,0,1,3.00,0.008,1.000,60,1,0.381,-0.40,nav,nav,0.3000,0.1795,-1.2826,0.0487,3.0573
23116.602,142.014,exp4,RETURN_HOME,CONSISTENT,OK,0,1,3.00,0.006,1.000,60,1,0.381,-0.40,nav,nav,0.2684,0.2308,-1.3095,0.0498,3.0700
23116.704,142.114,exp4,RETURN_HOME,CONSISTENT,OK,0,1,3.00,0.007,1.000,60,1,0.381,-0.40,nav,nav,0.3000,0.1795,-1.3416,0.0504,3.0858
23116.802,142.214,exp4,RETURN_HOME,CONSISTENT,OK,0,1,3.00,0.005,1.000,60,1,0.381,-0.40,nav,nav,0.3000,0.2308,-1.3632,0.0506,3.0961
23116.912,142.314,exp4,RETURN_HOME,CONSISTENT,OK,0,1,3.00,0.004,1.000,60,1,0.381,-0.40,nav,nav,0.3000,0.1282,-1.3902,0.0505,3.1093
23117.013,142.414,exp4,RETURN_HOME,CONSISTENT,OK,0,1,3.00,0.005,1.000,60,1,0.388,-0.40,nav,nav,0.3000,0.1282,-1.4196,0.0502,3.1221
23117.119,142.514,exp4,RETURN_HOME,CONSISTENT,OK,0,1,3.00,0.004,1.000,60,1,0.388,-0.40,nav,nav,0.2842,0.0769,-1.4496,0.0493,3.1357
23117.219,142.614,exp4,RETURN_HOME,CONSISTENT,OK,0,1,3.00,0.005,1.000,60,1,0.388,-0.40,nav,nav,0.3000,0.1282,-1.4781,0.0486,-3.1391
23117.326,142.714,exp4,RETURN_HOME,CONSISTENT,OK,0,1,3.00,0.008,1.000,60,1,0.388,-0.40,nav,nav,0.3000,0.1282,-1.5080,0.0472,-3.1262
23117.425,142.814,exp4,RETURN_HOME,CONSISTENT,OK,0,1,3.00,0.001,1.000,60,1,0.388,-0.40,nav,nav,0.3000,0.1282,-1.5380,0.0454,-3.1128
23117.531,142.914,exp4,RETURN_HOME,CONSISTENT,OK,0,1,3.00,0.000,1.000,60,1,0.388,-0.40,nav,nav,0.2684,0.1795,-1.5679,0.0432,-3.0995
23117.630,143.014,exp4,RETURN_HOME,CONSISTENT,OK,0,1,3.00,0.000,1.000,60,1,0.388,-0.40,nav,nav,0.2842,0.1282,-1.5949,0.0403,-3.0819
23117.740,143.114,exp4,RETURN_HOME,CONSISTENT,OK,0,1,3.00,0.000,1.000,60,1,0.388,-0.40,nav,nav,0.2842,0.1282,-1.6234,0.0373,-3.0689
23117.841,143.214,exp4,RETURN_HOME,CONSISTENT,OK,0,1,3.00,0.000,1.000,60,1,0.388,-0.40,nav,nav,0.2842,0.1282,-1.6517,0.0340,-3.0556
23117.947,143.314,exp4,RETURN_HOME,CONSISTENT,OK,0,1,3.00,0.000,1.000,60,1,0.388,-0.40,nav,nav,0.2842,0.1282,-1.6800,0.0302,-3.0427
23118.049,143.414,exp4,RETURN_HOME,CONSISTENT,OK,0,1,3.00,0.000,1.000,60,1,0.388,-0.40,nav,nav,0.2526,0.1282,-1.7075,0.0263,-3.0302
23118.150,143.514,exp4,RETURN_HOME,CONSISTENT,OK,0,1,3.00,0.000,1.000,60,1,0.388,-0.40,nav,nav,0.2368,0.0769,-1.7321,0.0225,-3.0189
23118.255,143.614,exp4,RETURN_HOME,CONSISTENT,OK,0,1,3.00,0.000,1.000,60,1,0.388,-0.40,nav,nav,0.2368,-0.0256,-1.7556,0.0191,-3.0140
23118.366,143.714,exp4,RETURN_HOME,CONSISTENT,OK,0,1,3.00,0.001,1.000,60,1,0.432,-0.40,nav,nav,0.2368,-0.0256,-1.7791,0.0163,-3.0165
23118.467,143.814,exp4,RETURN_HOME,CONSISTENT,OK,0,1,3.00,0.002,1.000,60,1,0.432,-0.40,nav,nav,0.2053,-0.0256,-1.8015,0.0137,-3.0188
23118.567,143.914,exp4,RETURN_HOME,CONSISTENT,OK,0,1,3.00,0.002,1.000,60,1,0.432,-0.40,nav,nav,0.1895,-0.0256,-1.8213,0.0115,-3.0213
23118.669,144.014,exp4,RETURN_HOME,CONSISTENT,OK,0,1,3.00,0.003,1.000,60,1,0.432,-0.40,nav,nav,0.1895,-0.0256,-1.8399,0.0094,-3.0235
23118.768,144.114,exp4,RETURN_HOME,CONSISTENT,OK,0,1,3.00,0.000,1.000,60,1,0.432,-0.40,nav,nav,0.1895,-0.0256,-1.8585,0.0074,-3.0255
23118.870,144.214,exp4,RETURN_HOME,CONSISTENT,OK,0,1,3.00,0.001,1.000,60,1,0.432,-0.40,nav,nav,0.1579,-0.0256,-1.8759,0.0056,-3.0279
23118.969,144.314,exp4,RETURN_HOME,CONSISTENT,OK,0,1,3.00,0.002,1.000,60,1,0.432,-0.40,nav,nav,0.1421,-0.0256,-1.8908,0.0041,-3.0304
23119.069,144.414,exp4,RETURN_HOME,CONSISTENT,OK,0,1,3.00,0.001,1.000,60,1,0.432,-0.40,nav,nav,0.1263,0.0256,-1.9042,0.0027,-3.0305
23119.169,144.514,exp4,RETURN_HOME,CONSISTENT,OK,0,1,3.00,0.001,1.000,60,1,0.432,-0.40,nav,nav,0.1263,-0.0769,-1.9167,0.0013,-3.0322
23119.274,144.614,exp4,RETURN_HOME,CONSISTENT,OK,0,1,3.00,0.003,1.000,60,1,0.432,-0.40,nav,nav,0.1105,0.0256,-1.9285,0.0004,-3.0354
23119.374,144.714,exp4,RETURN_HOME,CONSISTENT,OK,0,1,3.00,0.003,1.000,60,1,0.432,-0.40,nav,nav,0.1105,-0.0769,-1.9395,-0.0007,-3.0370
23119.485,144.814,exp4,RETURN_HOME,CONSISTENT,OK,0,1,3.00,0.003,1.000,60,1,0.432,-0.40,nav,nav,0.1105,-0.0769,-1.9505,-0.0012,-3.0447
23119.584,144.914,exp4,RETURN_HOME,CONSISTENT,OK,0,1,3.00,0.004,1.000,60,1,0.432,-0.40,nav,nav,0.1105,-0.0769,-1.9615,-0.0015,-3.0525
23119.692,145.014,exp4,RETURN_HOME,CONSISTENT,OK,0,1,3.00,0.005,1.000,60,1,0.432,-0.40,nav,nav,0.1105,-0.0769,-1.9719,-0.0020,-3.0582
23119.793,145.114,exp4,RETURN_HOME,CONSISTENT,OK,0,1,3.00,0.003,1.000,60,1,0.432,-0.40,nav,nav,0.0789,-0.0256,-1.9809,-0.0023,-3.0623
23119.897,145.214,exp4,RETURN_HOME,CONSISTENT,OK,0,1,3.00,0.003,1.000,60,1,0.432,-0.40,nav,nav,0.0789,-0.0256,-1.9887,-0.0027,-3.0649
23119.997,145.314,exp4,RETURN_HOME,CONSISTENT,OK,0,1,3.00,0.004,1.000,60,1,0.432,-0.40,nav,nav,0.0632,0.1282,-1.9955,-0.0037,-3.0589
23120.097,145.414,exp4,RETURN_HOME,CONSISTENT,OK,0,1,3.00,0.002,1.000,60,1,0.432,-0.40,nav,nav,0.0632,-0.0256,-2.0018,-0.0045,-3.0561
23120.197,145.514,exp4,RETURN_HOME,CONSISTENT,OK,0,1,3.00,0.001,1.000,60,1,0.432,-0.40,nav,nav,0.0632,-0.0256,-2.0081,-0.0048,-3.0587
23120.308,145.614,exp4,RETURN_HOME,CONSISTENT,OK,0,1,3.00,0.003,1.000,60,1,0.432,-0.40,nav,nav,0.0474,0.2308,-2.0131,-0.0057,-3.0509
23120.409,145.714,exp4,RETURN_HOME,CONSISTENT,OK,0,1,3.00,0.002,1.000,60,1,0.432,-0.40,nav,nav,0.0474,-0.0256,-2.0179,-0.0079,-3.0299
23120.524,145.814,exp4,RETURN_HOME,CONSISTENT,OK,0,1,3.00,0.002,1.000,60,1,0.432,-0.40,nav,nav,0.0474,0.0708,-2.0226,-0.0094,-3.0188
23120.625,145.914,exp4,RETURN_HOME,CONSISTENT,OK,0,1,3.00,0.001,1.000,60,1,0.432,-0.40,nav,nav,0.0474,0.0708,-2.0273,-0.0105,-3.0123
23120.733,146.014,exp4,RETURN_HOME,CONSISTENT,OK,0,1,3.00,0.002,1.000,60,1,0.432,-0.40,nav,nav,0.0474,-0.0769,-2.0319,-0.0117,-3.0057
23120.832,146.114,exp4,RETURN_HOME,CONSISTENT,OK,0,1,3.00,0.002,1.000,60,1,0.432,-0.40,nav,nav,0.0000,-1.0000,-2.0365,-0.0119,-3.0120
23120.938,146.214,exp4,RETURN_HOME,CONSISTENT,OK,0,1,3.00,0.006,1.000,60,1,0.432,-0.40,nav,nav,0.0000,-1.0000,-2.0372,-0.0112,-3.0314
23121.038,146.314,exp4,RETURN_HOME,CONSISTENT,OK,0,1,3.00,0.017,0.967,60,1,0.432,-0.40,nav,nav,0.0000,-0.2369,-2.0372,-0.0085,-3.0701
23121.147,146.414,exp4,RETURN_HOME,CONSISTENT,OK,0,1,3.00,0.023,0.900,60,1,0.432,-0.40,nav,nav,0.0000,-0.0769,-2.0372,-0.0064,-3.0947
23121.248,146.514,exp4,RETURN_HOME,CONSISTENT,OK,0,1,3.00,0.015,0.983,60,1,0.432,-0.40,nav,nav,0.0000,0.0831,-2.0372,-0.0059,-3.1006
23121.353,146.614,exp4,RETURN_HOME,CONSISTENT,OK,0,1,3.00,0.008,1.000,60,1,0.432,-0.40,nav,nav,0.0000,0.2431,-2.0372,-0.0067,-3.0895
23121.455,146.714,exp4,RETURN_HOME,CONSISTENT,OK,0,1,3.00,0.001,1.000,60,1,0.432,-0.40,nav,nav,0.0000,0.4031,-2.0372,-0.0088,-3.0619
23121.558,146.814,exp4,RETURN_HOME,CONSISTENT,OK,0,1,3.00,0.002,1.000,60,1,0.432,-0.40,nav,nav,0.0000,0.5631,-2.0372,-0.0123,-3.0178
23121.658,146.914,exp4,RETURN_HOME,CONSISTENT,OK,0,1,3.00,0.002,1.000,60,1,0.432,-0.40,nav,nav,0.0000,0.5631,-2.0371,-0.0166,-2.9632
23121.761,147.014,exp4,RETURN_HOME,CONSISTENT,OK,0,1,3.00,0.007,1.000,60,1,0.432,-0.40,nav,nav,0.0000,0.5631,-2.0371,-0.0207,-2.9098
23121.884,147.114,exp4,RETURN_HOME,CONSISTENT,OK,0,1,3.00,0.008,1.000,60,1,0.432,-0.40,nav,nav,0.0000,0.7231,-2.0371,-0.0244,-2.8564
23121.987,147.214,exp4,RETURN_HOME,CONSISTENT,OK,0,1,3.00,0.016,0.983,60,1,0.432,-0.40,nav,nav,0.0000,0.7231,-2.0371,-0.0285,-2.7927
23122.129,147.314,exp4,RETURN_HOME,CONSISTENT,OK,0,1,3.00,0.026,0.883,60,1,0.432,-0.40,nav,nav,0.0000,1.0000,-2.0371,-0.0319,-2.7313
23122.246,147.414,exp4,RETURN_HOME,CONSISTENT,OK,0,1,3.00,0.037,0.817,60,1,0.501,-0.40,nav,nav,0.0000,0.8831,-2.0370,-0.0350,-2.6623
23122.346,147.514,exp4,RETURN_HOME,CONSISTENT,OK,0,1,3.00,0.059,0.683,60,1,0.501,-0.40,nav,nav,0.0000,0.8831,-2.0370,-0.0373,-2.5931
23122.446,147.614,exp4,RETURN_HOME,CONSISTENT,OK,0,1,3.00,0.067,0.644,59,1,0.501,-0.40,nav,nav,0.0000,0.8831,-2.0366,-0.0384,-2.5288
23122.548,147.714,exp4,RETURN_HOME,CONSISTENT,OK,0,1,3.00,0.088,0.534,58,1,0.462,-0.40,nav,nav,0.0000,0.8831,-2.0361,-0.0385,-2.4684
23122.646,147.814,exp4,RETURN_HOME,CONSISTENT,OK,0,1,3.00,0.106,0.491,57,1,0.462,-0.40,nav,nav,0.0000,0.8831,-2.0356,-0.0385,-2.4043
23122.746,147.914,exp4,RETURN_HOME,CONSISTENT,OK,0,1,3.00,0.126,0.429,56,1,0.462,-0.40,nav,nav,0.0000,0.8831,-2.0352,-0.0385,-2.3361
23122.846,148.014,exp4,RETURN_HOME,CONSISTENT,OK,0,1,3.00,0.150,0.400,55,1,0.436,-0.40,nav,nav,0.0000,0.8831,-2.0352,-0.0384,-2.2701
23122.948,148.114,exp4,RETURN_HOME,CONSISTENT,OK,0,1,3.00,0.152,0.426,54,1,0.436,-0.40,nav,nav,0.0000,0.8831,-2.0352,-0.0385,-2.2083
23123.053,148.214,exp4,RETURN_HOME,CONSISTENT,OK,0,1,3.00,0.164,0.407,54,1,0.436,-0.40,nav,nav,0.0000,1.0000,-2.0352,-0.0389,-2.1493
23123.160,148.314,exp4,RETURN_HOME,CONSISTENT,OK,0,1,3.00,0.180,0.396,53,1,0.404,-0.40,nav,nav,0.0000,1.0000,-2.0352,-0.0394,-2.0887
23123.260,148.414,exp4,RETURN_HOME,CONSISTENT,OK,0,1,3.00,0.174,0.407,54,1,0.404,-0.40,nav,nav,0.0000,1.0000,-2.0349,-0.0398,-2.0295
23123.363,148.514,exp4,RETURN_HOME,CONSISTENT,OK,0,1,3.00,0.192,0.377,53,1,0.404,-0.40,nav,nav,0.0000,1.0000,-2.0339,-0.0402,-1.9615
23123.464,148.614,exp4,RETURN_HOME,CONSISTENT,OK,0,1,3.00,0.215,0.321,53,1,0.361,-0.40,nav,nav,0.0000,1.0000,-2.0319,-0.0404,-1.8770
23123.564,148.714,exp4,RETURN_HOME,CONSISTENT,OK,0,1,3.00,0.212,0.358,53,1,0.361,-0.40,nav,nav,0.0000,1.0000,-2.0279,-0.0404,-1.7860
23123.663,148.814,exp4,RETURN_HOME,CONSISTENT,OK,0,1,3.00,0.230,0.345,55,1,0.361,-0.40,nav,nav,0.0000,1.0000,-2.0217,-0.0404,-1.6899
23123.776,148.914,exp4,RETURN_HOME,CONSISTENT,OK,0,1,3.00,0.243,0.286,56,1,0.356,-0.40,nav,nav,0.0000,1.0000,-2.0134,-0.0404,-1.5878
23123.876,149.014,exp4,RETURN_HOME,CONSISTENT,OK,0,1,3.00,0.202,0.333,57,1,0.356,-0.40,nav,nav,0.0000,1.0000,-2.0042,-0.0404,-1.4838
23123.983,149.114,exp4,RETURN_HOME,CONSISTENT,OK,0,1,3.00,0.202,0.333,57,1,0.356,-0.40,nav,nav,0.0000,1.0000,-1.9962,-0.0404,-1.3858
23124.084,149.214,exp4,RETURN_HOME,CONSISTENT,OK,0,1,3.00,0.193,0.351,57,1,0.363,-0.40,nav,nav,0.0000,1.0000,-1.9893,-0.0404,-1.2931
23124.195,149.314,exp4,RETURN_HOME,CONSISTENT,OK,0,1,3.00,0.157,0.421,57,1,0.363,-0.40,nav,nav,0.0000,1.0000,-1.9838,-0.0404,-1.2056
23124.295,149.414,exp4,RETURN_HOME,CONSISTENT,OK,0,1,3.00,0.149,0.368,57,1,0.363,-0.40,nav,nav,0.0000,0.8400,-1.9799,-0.0404,-1.1296
23124.402,149.514,exp4,RETURN_HOME,CONSISTENT,OK,0,1,3.00,0.159,0.368,57,1,0.361,-0.40,nav,nav,0.0000,0.3846,-1.9774,-0.0404,-1.0691
23124.502,149.614,exp4,RETURN_HOME,CONSISTENT,OK,0,1,3.00,0.134,0.474,57,1,0.361,-0.40,nav,nav,0.0000,0.3333,-1.9758,-0.0403,-1.0171
23124.602,149.714,exp4,RETURN_HOME,CONSISTENT,OK,0,1,3.00,0.133,0.439,57,1,0.361,-0.40,nav,nav,0.0000,-0.8974,-1.9750,-0.0399,-0.9685
23124.703,149.814,exp4,RETURN_HOME,CONSISTENT,OK,0,1,3.00,0.146,0.386,57,1,0.357,-0.40,nav,nav,0.0000,-0.9487,-1.9749,-0.0393,-0.9231
23124.805,149.914,exp4,RETURN_HOME,CONSISTENT,OK,0,1,3.00,0.142,0.386,57,1,0.357,-0.40,nav,nav,0.0000,-1.0000,-1.9749,-0.0390,-0.8658
23124.909,150.018,exp4,RETURN_HOME,CONSISTENT,OK,0,1,3.00,0.142,0.386,57,1,0.357,-0.40,nav,nav,0.0000,0.6800,-1.9749,-0.0386,-0.8258
23125.004,150.114,exp4,RETURN_HOME,CONSISTENT,OK,0,1,3.00,0.164,0.316,57,1,0.357,-0.40,nav,nav,0.0000,-1.0000,-1.9749,-0.0383,-0.7731
23125.106,150.214,exp4,RETURN_HOME,CONSISTENT,OK,0,1,3.00,0.161,0.345,58,1,0.304,-0.40,nav,nav,0.0000,0.6800,-1.9750,-0.0383,-0.7218
23125.206,150.314,exp4,RETURN_HOME,CONSISTENT,OK,0,1,3.00,0.183,0.281,57,1,0.304,-0.40,nav,nav,0.0000,0.6800,-1.9752,-0.0383,-0.6727
23125.306,150.414,exp4,RETURN_HOME,CONSISTENT,OK,0,1,3.00,0.183,0.281,57,1,0.304,-0.40,nav,nav,0.0000,0.6800,-1.9749,-0.0383,-0.6261
23125.404,150.514,exp4,RETURN_HOME,CONSISTENT,OK,0,1,3.00,0.197,0.281,57,1,0.287,-0.40,nav,nav,0.0000,-1.0000,-1.9745,-0.0383,-0.5832
23125.504,150.614,exp4,RETURN_HOME,CONSISTENT,OK,0,1,3.00,0.160,0.328,58,1,0.287,-0.40,nav,nav,0.0000,0.0400,-1.9743,-0.0378,-0.5558
23125.604,150.714,exp4,RETURN_HOME,CONSISTENT,OK,0,1,3.00,0.143,0.421,57,1,0.287,-0.40,nav,nav,0.0000,-1.0000,-1.9743,-0.0376,-0.5494
23125.706,150.814,exp4,RETURN_HOME,CONSISTENT,OK,0,1,3.00,0.081,0.552,58,1,0.287,-0.40,nav,nav,0.0000,-0.1600,-1.9745,-0.0377,-0.5588
23125.804,150.914,exp4,RETURN_HOME,CONSISTENT,OK,0,1,3.00,0.081,0.552,58,1,0.287,-0.40,nav,nav,0.0000,-0.1600,-1.9746,-0.0379,-0.5683
23125.904,151.014,exp4,RETURN_HOME,CONSISTENT,OK,0,1,3.00,0.069,0.603,58,1,0.287,-0.40,nav,nav,0.0000,-0.1600,-1.9746,-0.0382,-0.5804
23126.008,151.114,exp4,RETURN_HOME,CONSISTENT,OK,0,1,3.00,0.067,0.621,58,1,0.287,-0.40,nav,nav,0.0000,-1.0000,-1.9746,-0.0384,-0.5923
23126.112,151.214,exp4,RETURN_HOME,CONSISTENT,OK,0,1,3.00,0.070,0.632,57,1,0.287,-0.40,nav,nav,0.0000,-1.0000,-1.9749,-0.0385,-0.6109
23126.211,151.314,exp4,RETURN_HOME,CONSISTENT,OK,0,1,3.00,0.062,0.719,57,1,0.287,-0.40,nav,nav,0.0000,-1.0000,-1.9754,-0.0385,-0.6406
23126.316,151.414,exp4,RETURN_HOME,CONSISTENT,OK,0,1,3.00,0.038,0.831,59,1,0.287,-0.40,nav,nav,0.0000,-1.0000,-1.9756,-0.0385,-0.6824
23126.415,151.514,exp4,RETURN_HOME,CONSISTENT,OK,0,1,3.00,0.026,0.900,60,1,0.287,-0.40,nav,nav,0.0000,-1.0000,-1.9756,-0.0385,-0.7403
23126.518,151.614,exp4,RETURN_HOME,CONSISTENT,OK,0,1,3.00,0.010,1.000,60,1,0.287,-0.40,nav,nav,0.0000,-1.0000,-1.9756,-0.0386,-0.8112
23126.618,151.714,exp4,RETURN_HOME,CONSISTENT,OK,0,1,3.00,0.019,0.967,60,1,0.287,-0.40,nav,nav,0.0158,-1.0000,-1.9756,-0.0393,-0.8852
23126.718,151.814,exp4,RETURN_HOME,CONSISTENT,OK,0,1,3.00,0.042,0.817,60,1,0.295,-0.40,nav,nav,0.0000,-1.0000,-1.9746,-0.0407,-0.9539
23126.820,151.914,exp4,RETURN_HOME,CONSISTENT,OK,0,1,3.00,0.060,0.700,60,1,0.295,-0.40,nav,nav,0.0000,-1.0000,-1.9746,-0.0415,-1.0177
23126.922,152.014,exp4,RETURN_HOME,CONSISTENT,OK,0,1,3.00,0.077,0.638,58,1,0.295,-0.40,nav,nav,0.0000,-1.0000,-1.9745,-0.0422,-1.0772
23127.023,152.114,exp4,RETURN_HOME,CONSISTENT,OK,0,1,3.00,0.091,0.589,56,1,0.307,-0.40,nav,nav,0.0000,-1.0000,-1.9743,-0.0429,-1.1412
23127.128,152.214,exp4,RETURN_HOME,CONSISTENT,OK,0,1,3.00,0.123,0.509,53,1,0.307,-0.40,nav,nav,0.0000,-1.0000,-1.9739,-0.0435,-1.2204
23127.228,152.314,exp4,RETURN_HOME,CONSISTENT,OK,0,1,3.00,0.142,0.412,51,1,0.307,-0.40,nav,nav,0.0000,-1.0000,-1.9750,-0.0435,-1.3090
23127.335,152.414,exp4,RETURN_HOME,CONSISTENT,OK,0,1,3.00,0.153,0.404,52,1,0.317,-0.40,nav,nav,0.0000,-1.0000,-1.9781,-0.0435,-1.4025
23127.437,152.514,exp4,RETURN_HOME,CONSISTENT,OK,0,1,3.00,0.161,0.358,53,1,0.317,-0.40,nav,nav,0.0000,-1.0000,-1.9834,-0.0435,-1.5014
23127.540,152.614,exp4,RETURN_HOME,CONSISTENT,OK,0,1,3.00,0.156,0.365,52,1,0.317,-0.40,nav,nav,0.0000,-1.0000,-1.9907,-0.0435,-1.6059
23127.642,152.714,exp4,RETURN_HOME,CONSISTENT,OK,0,1,3.00,0.149,0.365,52,1,0.305,-0.40,nav,nav,0.0000,-1.0000,-1.9993,-0.0436,-1.7068
23127.742,152.814,exp4,RETURN_HOME,CONSISTENT,OK,0,1,3.00,0.106,0.453,53,1,0.305,-0.40,nav,nav,0.0000,-1.0000,-2.0068,-0.0437,-1.8020
23127.843,152.914,exp4,RETURN_HOME,CONSISTENT,OK,0,1,3.00,0.119,0.491,55,1,0.305,-0.40,nav,nav,0.0000,-1.0000,-2.0130,-0.0439,-1.8916
23127.943,153.014,exp4,RETURN_HOME,CONSISTENT,OK,0,1,3.00,0.118,0.444,54,1,0.280,-0.40,nav,nav,0.0000,-1.0000,-2.0179,-0.0440,-1.9766
23128.045,153.114,exp4,RETURN_HOME,CONSISTENT,OK,0,1,3.00,0.111,0.500,54,1,0.280,-0.40,nav,nav,0.0316,-1.0000,-2.0217,-0.0443,-2.0556
23128.146,153.214,exp4,RETURN_HOME,CONSISTENT,OK,0,1,3.00,0.122,0.436,55,1,0.280,-0.40,nav,nav,0.0316,-1.0000,-2.0247,-0.0456,-2.1249
23128.253,153.318,exp4,RETURN_HOME,CONSISTENT,OK,0,1,3.00,0.131,0.444,54,1,0.291,-0.40,nav,nav,0.0000,-1.0000,-2.0264,-0.0465,-2.1905
23128.347,153.414,exp4,RETURN_HOME,CONSISTENT,OK,0,1,3.00,0.141,0.389,54,1,0.291,-0.40,nav,nav,0.0000,-1.0000,-2.0265,-0.0471,-2.2592
23128.449,153.514,exp4,RETURN_HOME,CONSISTENT,OK,0,1,3.00,0.168,0.315,54,1,0.291,-0.40,nav,nav,0.0000,-1.0000,-2.0267,-0.0473,-2.3329
23128.547,153.614,exp4,RETURN_HOME,CONSISTENT,OK,0,1,3.00,0.184,0.365,52,1,0.285,-0.40,nav,nav,0.0474,-1.0000,-2.0273,-0.0480,-2.4094
23128.651,153.714,exp4,RETURN_HOME,CONSISTENT,OK,0,1,3.00,0.180,0.365,52,1,0.285,-0.40,nav,nav,0.0474,-1.0000,-2.0306,-0.0510,-2.4815
23128.747,153.814,exp4,RETURN_HOME,CONSISTENT,OK,0,1,3.00,0.184,0.327,52,1,0.285,-0.40,nav,nav,0.0316,-1.0000,-2.0344,-0.0536,-2.5487
23128.849,153.914,exp4,RETURN_HOME,CONSISTENT,OK,0,1,3.00,0.188,0.314,51,1,0.301,-0.40,nav,nav,0.0000,-1.0000,-2.0374,-0.0552,-2.6116
23128.967,154.014,exp4,RETURN_HOME,CONSISTENT,OK,0,1,3.00,0.182,0.353,51,1,0.301,-0.40,nav,nav,0.0000,-1.0000,-2.0385,-0.0568,-2.6803
23129.071,154.114,exp4,RETURN_HOME,CONSISTENT,OK,0,1,3.00,0.196,0.294,51,1,0.301,-0.40,nav,nav,0.0316,-1.0000,-2.0398,-0.0582,-2.7570
23129.170,154.214,exp4,RETURN_HOME,CONSISTENT,OK,0,1,3.00,0.211,0.280,50,1,0.317,-0.40,nav,nav,0.0316,-1.0000,-2.0428,-0.0570,-2.8438
23129.269,154.314,exp4,RETURN_HOME,CONSISTENT,OK,0,1,3.00,0.217,0.300,50,1,0.317,-0.40,nav,nav,0.0158,-1.0000,-2.0452,-0.0538,-2.9347
23129.369,154.414,exp4,RETURN_HOME,CONSISTENT,OK,0,1,3.00,0.242,0.220,50,1,0.317,-0.40,nav,nav,0.0158,-0.8400,-2.0468,-0.0487,-3.0255
23129.475,154.514,exp4,RETURN_HOME,CONSISTENT,OK,0,1,3.00,0.257,0.260,50,1,0.312,-0.40,nav,nav,0.0158,-0.7436,-2.0483,-0.0421,-3.1061
23129.580,154.614,exp4,RETURN_HOME,CONSISTENT,OK,0,1,3.00,0.213,0.314,51,1,0.312,-0.40,nav,nav,0.0158,-0.7436,-2.0499,-0.0351,3.0988
23129.690,154.714,exp4,RETURN_HOME,CONSISTENT,OK,0,1,3.00,0.212,0.314,51,1,0.312,-0.40,nav,nav,0.0158,-0.7436,-2.0515,-0.0285,3.0235
23129.790,154.814,exp4,RETURN_HOME,CONSISTENT,OK,0,1,3.00,0.213,0.314,51,1,0.293,-0.40,nav,nav,0.0947,-0.9036,-2.0553,-0.0219,2.9505
23129.896,154.914,exp4,RETURN_HOME,CONSISTENT,OK,0,1,3.00,0.192,0.308,52,1,0.293,-0.40,nav,nav,0.0789,-0.8974,-2.0632,-0.0142,2.8697
23129.996,155.014,exp4,RETURN_HOME,CONSISTENT,OK,0,1,3.00,0.201,0.327,52,1,0.293,-0.40,nav,nav,0.0789,-1.0000,-2.0707,-0.0063,2.7852
23130.096,155.114,exp4,RETURN_HOME,CONSISTENT,OK,0,1,3.00,0.216,0.353,51,1,0.277,-0.40,nav,nav,0.0316,-0.8400,-2.0758,-0.0004,2.7087
23130.202,155.214,exp4,RETURN_HOME,CONSISTENT,OK,0,1,3.00,0.198,0.302,53,1,0.277,-0.40,nav,nav,0.0632,-0.8462,-2.0792,0.0041,2.6451
23130.304,155.314,exp4,RETURN_HOME,CONSISTENT,OK,0,1,3.00,0.214,0.288,52,1,0.277,-0.40,nav,nav,0.0632,-0.8974,-2.0828,0.0080,2.5863
23130.403,155.414,exp4,RETURN_HOME,CONSISTENT,OK,0,1,3.00,0.232,0.294,51,1,0.267,-0.40,nav,nav,0.0632,-0.8974,-2.0863,0.0115,2.5290
23130.514,155.514,exp4,RETURN_HOME,CONSISTENT,OK,0,1,3.00,0.233,0.250,52,1,0.267,-0.40,nav,nav,0.0316,-0.8462,-2.0907,0.0153,2.4681
23130.614,155.614,exp4,RETURN_HOME,CONSISTENT,OK,0,1,3.00,0.253,0.212,52,1,0.267,-0.40,nav,nav,0.0316,-0.8462,-2.0940,0.0176,2.4060
23130.725,155.714,exp4,RETURN_HOME,CONSISTENT,OK,0,1,3.00,0.256,0.240,50,1,0.269,-0.40,nav,nav,0.0316,-0.8462,-2.0966,0.0198,2.3408
23130.825,155.814,exp4,RETURN_HOME,CONSISTENT,OK,0,1,3.00,0.250,0.196,51,1,0.269,-0.40,nav,nav,0.0158,-0.9487,-2.0982,0.0223,2.2743
23130.947,155.914,exp4,RETURN_HOME,CONSISTENT,OK,0,1,3.00,0.257,0.220,50,1,0.269,-0.40,nav,nav,0.0158,-0.9487,-2.0992,0.0238,2.2076
23131.046,156.014,exp4,RETURN_HOME,CONSISTENT,OK,0,1,3.00,0.271,0.255,51,1,0.256,-0.40,nav,nav,0.0000,-1.0000,-2.0995,0.0249,2.1436
23131.160,156.114,exp4,RETURN_HOME,CONSISTENT,OK,0,1,3.00,0.238,0.269,52,1,0.256,-0.40,nav,nav,0.0000,-1.0000,-2.0995,0.0256,2.0833
23131.260,156.214,exp4,RETURN_HOME,CONSISTENT,OK,0,1,3.00,0.248,0.250,52,1,0.256,-0.40,nav,nav,0.0000,-1.0000,-2.0997,0.0262,2.0220
23131.364,156.314,exp4,RETURN_HOME,CONSISTENT,OK,0,1,3.00,0.284,0.208,53,1,0.257,-0.40,nav,nav,0.0000,-1.0000,-2.1001,0.0269,1.9480
23131.464,156.414,exp4,RETURN_HOME,CONSISTENT,OK,0,1,3.00,0.264,0.204,54,1,0.257,-0.40,nav,nav,0.0158,-1.0000,-2.0997,0.0270,1.8613
23131.567,156.514,exp4,RETURN_HOME,CONSISTENT,OK,0,1,3.00,0.283,0.236,55,1,0.257,-0.40,nav,nav,0.0158,-1.0000,-2.0969,0.0283,1.7698
23131.667,156.614,exp4,RETURN_HOME,CONSISTENT,OK,0,1,3.00,0.274,0.232,56,1,0.269,-0.40,nav,nav,0.0000,-1.0000,-2.0919,0.0299,1.6728
23131.769,156.714,exp4,RETURN_HOME,CONSISTENT,OK,0,1,3.00,0.243,0.193,57,1,0.269,-0.40,nav,nav,0.0000,-1.0000,-2.0851,0.0300,1.5698
23131.872,156.814,exp4,RETURN_HOME,CONSISTENT,OK,0,1,3.00,0.250,0.203,59,1,0.269,-0.40,nav,nav,0.0316,-1.0000,-2.0766,0.0300,1.4667
23131.967,156.914,exp4,RETURN_HOME,CONSISTENT,OK,0,1,3.00,0.233,0.233,60,1,0.282,-0.40,nav,nav,0.0316,-1.0000,-2.0683,0.0327,1.3697
23132.067,157.014,exp4,RETURN_HOME,CONSISTENT,OK,0,1,3.00,0.203,0.317,60,1,0.282,-0.40,nav,nav,0.0000,-1.0000,-2.0609,0.0357,1.2779
23132.170,157.114,exp4,RETURN_HOME,CONSISTENT,OK,0,1,3.00,0.193,0.288,59,1,0.282,-0.40,nav,nav,0.0316,-1.0000,-2.0555,0.0371,1.1948
23132.272,157.216,exp4,RETURN_HOME,CONSISTENT,OK,0,1,3.00,0.214,0.217,60,1,0.283,-0.40,nav,nav,0.0316,-1.0000,-2.0498,0.0396,1.1008
23132.370,157.314,exp4,RETURN_HOME,CONSISTENT,OK,0,1,3.00,0.198,0.283,60,1,0.283,-0.40,nav,nav,0.0000,-0.7436,-2.0469,0.0411,1.0419
23132.475,157.414,exp4,RETURN_HOME,CONSISTENT,OK,0,1,3.00,0.213,0.217,60,1,0.283,-0.40,nav,nav,0.0000,-0.8400,-2.0454,0.0414,0.9783
23132.574,157.514,exp4,RETURN_HOME,CONSISTENT,OK,0,1,3.00,0.230,0.183,60,1,0.309,-0.40,nav,nav,0.0000,-0.8400,-2.0451,0.0409,0.9201
23132.675,157.614,exp4,RETURN_HOME,CONSISTENT,OK,0,1,3.00,0.211,0.217,60,1,0.309,-0.40,nav,nav,0.0000,-0.8400,-2.0451,0.0408,0.8594
23132.775,157.714,exp4,RETURN_HOME,CONSISTENT,OK,0,1,3.00,0.216,0.203,59,1,0.309,-0.40,nav,nav,0.0000,-0.8400,-2.0451,0.0409,0.7957
23132.881,157.814,exp4,RETURN_HOME,CONSISTENT,OK,0,1,3.00,0.239,0.153,59,1,0.308,-0.40,nav,nav,0.0000,-0.8400,-2.0447,0.0409,0.7308
23132.989,157.914,exp4,RETURN_HOME,CONSISTENT,OK,0,1,3.00,0.228,0.153,59,1,0.308,-0.40,nav,nav,0.0000,-0.8400,-2.0443,0.0409,0.6697
23133.114,158.014,exp4,RETURN_HOME,CONSISTENT,OK,0,1,3.00,0.243,0.167,60,1,0.308,-0.40,nav,nav,0.0000,-0.8400,-2.0439,0.0409,0.6127
23133.214,158.114,exp4,RETURN_HOME,CONSISTENT,OK,0,1,3.00,0.258,0.150,60,1,0.313,-0.40,nav,nav,0.0000,-0.8400,-2.0433,0.0409,0.5593
23133.321,158.214,exp4,PLACE,CONSISTENT,OK,0,1,3.00,0.245,0.183,60,1,0.313,-0.40,nav,nav,0.0000,-0.8400,-2.0426,0.0409,0.5088
23133.422,158.314,exp4,PLACE,CONSISTENT,OK,0,1,3.00,0.234,0.203,59,1,0.313,-0.40,nav,nav,0.0000,0.0000,-2.0421,0.0410,0.4565
23133.522,158.414,exp4,PLACE,CONSISTENT,OK,0,1,3.00,0.269,0.167,60,1,0.305,-0.40,idle,none,0.0000,0.0000,-2.0421,0.0401,0.4254
23133.622,158.514,exp4,PLACE,CONSISTENT,OK,0,1,3.00,0.220,0.217,60,1,0.305,-0.40,idle,none,0.0000,0.0000,-2.0421,0.0400,0.4220
23133.733,158.614,exp4,PLACE,CONSISTENT,OK,0,1,3.00,0.195,0.283,60,1,0.305,-0.40,idle,none,0.0000,0.0000,-2.0421,0.0400,0.4220
23133.833,158.714,exp4,PLACE,CONSISTENT,OK,0,1,3.00,0.189,0.288,59,1,0.305,-0.40,idle,none,0.0000,0.0000,-2.0421,0.0400,0.4220
23133.950,158.814,exp4,PLACE,CONSISTENT,OK,0,1,3.00,0.163,0.339,59,1,0.305,-0.40,idle,none,0.0000,0.0000,-2.0421,0.0400,0.4220
23134.051,158.914,exp4,PLACE,CONSISTENT,OK,0,1,3.00,0.158,0.339,59,1,0.305,-0.40,idle,none,0.0000,0.0000,-2.0421,0.0400,0.4220
23134.160,159.014,exp4,PLACE,CONSISTENT,OK,0,1,3.00,0.158,0.339,59,1,0.305,-0.40,idle,none,0.0000,0.0000,-2.0421,0.0400,0.4220
23134.262,159.114,exp4,PLACE,CONSISTENT,OK,0,1,3.00,0.158,0.339,59,1,0.305,-0.40,idle,none,0.0000,0.0000,-2.0421,0.0400,0.4220
23134.370,159.214,exp4,PLACE,CONSISTENT,OK,0,1,3.00,0.158,0.339,59,1,0.305,-0.40,idle,none,0.0000,0.0000,-2.0421,0.0400,0.4220
23134.470,159.314,exp4,PLACE,CONSISTENT,OK,0,1,3.00,0.158,0.339,59,1,0.305,-0.40,idle,none,0.0000,0.0000,-2.0421,0.0400,0.4220
23134.578,159.414,exp4,PLACE,CONSISTENT,OK,0,1,3.00,0.158,0.339,59,1,0.305,-0.40,idle,none,0.0000,0.0000,-2.0421,0.0400,0.4220
23134.679,159.514,exp4,PLACE,CONSISTENT,OK,0,1,3.00,0.158,0.339,59,1,0.305,-0.40,idle,none,0.0000,0.0000,-2.0421,0.0400,0.4220
23134.786,159.614,exp4,PLACE,CONSISTENT,OK,0,1,3.00,0.158,0.339,59,1,0.305,-0.40,idle,none,0.0000,0.0000,-2.0421,0.0400,0.4220
23134.887,159.714,exp4,PLACE,CONSISTENT,OK,0,1,3.00,0.158,0.339,59,1,0.305,-0.40,idle,none,0.0000,0.0000,-2.0421,0.0400,0.4220
23134.990,159.814,exp4,PLACE,CONSISTENT,OK,0,1,3.00,0.158,0.339,59,1,0.305,-0.40,idle,none,0.0000,0.0000,-2.0421,0.0400,0.4220
23135.092,159.914,exp4,PLACE,CONSISTENT,OK,0,1,3.00,0.158,0.339,59,1,0.305,-0.40,idle,none,0.0000,0.0000,-2.0421,0.0400,0.4220
23135.197,160.014,exp4,PLACE,CONSISTENT,OK,0,1,3.00,0.158,0.339,59,1,0.305,-0.40,idle,none,0.0000,0.0000,-2.0421,0.0400,0.4220
23135.295,160.114,exp4,PLACE,CONSISTENT,OK,0,1,3.00,0.158,0.339,59,1,0.305,-0.40,idle,none,0.0000,0.0000,-2.0421,0.0400,0.4220
23135.422,160.214,exp4,PLACE,CONSISTENT,OK,0,1,3.00,0.158,0.339,59,1,0.305,-0.40,idle,none,0.0000,0.0000,-2.0421,0.0400,0.4220
23135.523,160.314,exp4,PLACE,CONSISTENT,OK,0,1,3.00,0.170,0.339,59,1,0.305,-0.40,idle,none,0.0000,0.0000,-2.0421,0.0400,0.4220
23135.623,160.414,exp4,PLACE,CONSISTENT,OK,0,1,3.00,0.184,0.322,59,1,0.305,-0.40,idle,none,0.0000,0.0000,-2.0421,0.0400,0.4220
23135.724,160.514,exp4,PLACE,CONSISTENT,OK,0,1,3.00,0.184,0.322,59,1,0.305,-0.40,idle,none,0.0000,0.0000,-2.0421,0.0400,0.4220
23135.825,160.614,exp4,PLACE,CONSISTENT,OK,0,1,3.00,0.184,0.322,59,1,0.305,-0.40,idle,none,0.0000,0.0000,-2.0421,0.0400,0.4220
23135.954,160.714,exp4,PLACE,CONSISTENT,OK,0,1,3.00,0.184,0.322,59,1,0.305,-0.40,idle,none,0.0000,0.0000,-2.0421,0.0400,0.4220
23136.061,160.814,exp4,PLACE,CONSISTENT,OK,0,1,3.00,0.184,0.322,59,1,0.305,-0.40,idle,none,0.0000,0.0000,-2.0421,0.0400,0.4220
23136.166,160.914,exp4,PLACE,CONSISTENT,OK,0,1,3.00,0.184,0.322,59,1,0.305,-0.40,idle,none,0.0000,0.0000,-2.0421,0.0400,0.4220
23136.264,161.014,exp4,PLACE,CONSISTENT,OK,0,1,3.00,0.171,0.322,59,1,0.305,-0.40,idle,none,0.0000,0.0000,-2.0421,0.0400,0.4220
23136.372,161.114,exp4,PLACE,CONSISTENT,OK,0,1,3.00,0.171,0.322,59,1,0.305,-0.40,idle,none,0.0000,0.0000,-2.0421,0.0400,0.4220
23136.472,161.214,exp4,PLACE,CONSISTENT,OK,0,1,3.00,0.171,0.322,59,1,0.305,-0.40,idle,none,0.0000,0.0000,-2.0421,0.0400,0.4220
23136.582,161.314,exp4,PLACE,CONSISTENT,OK,0,1,3.00,0.171,0.322,59,1,0.305,-0.40,idle,none,0.0000,0.0000,-2.0421,0.0400,0.4220
23136.683,161.414,exp4,PLACE,CONSISTENT,OK,0,1,3.00,0.171,0.322,59,1,0.305,-0.40,idle,none,0.0000,0.0000,-2.0421,0.0400,0.4220
23136.790,161.514,exp4,PLACE,CONSISTENT,OK,0,1,3.00,0.171,0.322,59,1,0.305,-0.40,idle,none,0.0000,0.0000,-2.0421,0.0400,0.4220
23136.891,161.614,exp4,PLACE,CONSISTENT,OK,0,1,3.00,0.171,0.322,59,1,0.305,-0.40,idle,none,0.0000,0.0000,-2.0421,0.0400,0.4220
23136.993,161.714,exp4,PLACE,CONSISTENT,OK,0,1,3.00,0.171,0.322,59,1,0.305,-0.40,idle,none,0.0000,0.0000,-2.0421,0.0400,0.4220
23137.093,161.814,exp4,PLACE,CONSISTENT,OK,0,1,3.00,0.171,0.322,59,1,0.305,-0.40,idle,none,0.0000,0.0000,-2.0421,0.0400,0.4220
23137.197,161.916,exp4,PLACE,CONSISTENT,OK,0,1,3.00,0.171,0.322,59,1,0.305,-0.40,idle,none,0.0000,0.0000,-2.0421,0.0400,0.4220
23137.295,162.014,exp4,PLACE,CONSISTENT,OK,0,1,3.00,0.171,0.322,59,1,0.305,-0.40,idle,none,0.0000,0.0000,-2.0421,0.0400,0.4220
23137.413,162.114,exp4,PLACE,CONSISTENT,OK,0,1,3.00,0.171,0.322,59,1,0.305,-0.40,idle,none,0.0000,0.0000,-2.0421,0.0400,0.4220
23137.514,162.214,exp4,PLACE,CONSISTENT,OK,0,1,3.00,0.171,0.322,59,1,0.305,-0.40,idle,none,0.0000,0.0000,-2.0421,0.0400,0.4220
23137.625,162.314,exp4,PLACE,CONSISTENT,OK,0,1,3.00,0.182,0.322,59,1,0.305,-0.40,idle,none,0.0000,0.0000,-2.0421,0.0400,0.4220
23137.725,162.414,exp4,PLACE,CONSISTENT,OK,0,1,3.00,0.196,0.305,59,1,0.305,-0.40,idle,none,0.0000,0.0000,-2.0421,0.0400,0.4220
23137.838,162.514,exp4,PLACE,CONSISTENT,OK,0,1,3.00,0.196,0.305,59,1,0.305,-0.40,idle,none,0.0000,0.0000,-2.0421,0.0400,0.4220
23137.940,162.614,exp4,PLACE,CONSISTENT,OK,0,1,3.00,0.218,0.305,59,1,0.305,-0.40,idle,none,0.0000,0.0000,-2.0421,0.0400,0.4220
23138.042,162.714,exp4,PLACE,CONSISTENT,OK,0,1,3.00,0.228,0.305,59,1,0.305,-0.40,idle,none,0.0000,0.0000,-2.0421,0.0400,0.4220
23138.145,162.814,exp4,PLACE,CONSISTENT,OK,0,1,3.00,0.228,0.305,59,1,0.305,-0.40,idle,none,0.0000,0.0000,-2.0421,0.0400,0.4220
23138.245,162.914,exp4,PLACE,CONSISTENT,OK,0,1,3.00,0.228,0.305,59,1,0.305,-0.40,idle,none,0.0000,0.0000,-2.0421,0.0400,0.4220
23138.347,163.014,exp4,PLACE,CONSISTENT,OK,0,1,3.00,0.228,0.305,59,1,0.305,-0.40,idle,none,0.0000,0.0000,-2.0421,0.0400,0.4220
23138.449,163.114,exp4,PLACE,CONSISTENT,OK,0,1,3.00,0.218,0.305,59,1,0.305,-0.40,idle,none,0.0000,0.0000,-2.0421,0.0400,0.4220
23138.549,163.214,exp4,PLACE,CONSISTENT,OK,0,1,3.00,0.218,0.305,59,1,0.305,-0.40,idle,none,0.0000,0.0000,-2.0421,0.0400,0.4220
23138.650,163.314,exp4,PLACE,CONSISTENT,OK,0,1,3.00,0.219,0.305,59,1,0.305,-0.40,idle,none,0.0000,0.0000,-2.0421,0.0400,0.4220
23138.749,163.414,exp4,PLACE,CONSISTENT,OK,0,1,3.00,0.218,0.305,59,1,0.305,-0.40,idle,none,0.0000,0.0000,-2.0421,0.0400,0.4220
23138.855,163.514,exp4,PLACE,CONSISTENT,OK,0,1,3.00,0.218,0.305,59,1,0.305,-0.40,idle,none,0.0000,0.0000,-2.0421,0.0400,0.4220
23138.955,163.614,exp4,PLACE,CONSISTENT,OK,0,1,3.00,0.209,0.305,59,1,0.305,-0.40,idle,none,0.0000,0.0000,-2.0421,0.0400,0.4220
23139.057,163.716,exp4,PLACE,CONSISTENT,OK,0,1,3.00,0.209,0.305,59,1,0.305,-0.40,idle,none,0.0000,0.0000,-2.0421,0.0400,0.4220
23139.155,163.814,exp4,PLACE,CONSISTENT,OK,0,1,3.00,0.209,0.305,59,1,0.305,-0.40,idle,none,0.0000,0.0000,-2.0421,0.0400,0.4220
23139.255,163.914,exp4,PLACE,CONSISTENT,OK,0,1,3.00,0.208,0.305,59,1,0.305,-0.40,idle,none,0.0000,0.0000,-2.0421,0.0400,0.4220
23139.355,164.014,exp4,PLACE,CONSISTENT,OK,0,1,3.00,0.208,0.305,59,1,0.305,-0.40,idle,none,0.0000,0.0000,-2.0421,0.0400,0.4220
23139.454,164.114,exp4,PLACE,CONSISTENT,OK,0,1,3.00,0.208,0.305,59,1,0.305,-0.40,idle,none,0.0000,0.0000,-2.0421,0.0400,0.4220
23139.562,164.214,exp4,PLACE,CONSISTENT,OK,0,1,3.00,0.208,0.305,59,1,0.305,-0.40,idle,none,0.0000,0.0000,-2.0421,0.0400,0.4220
23139.662,164.314,exp4,PLACE,CONSISTENT,OK,0,1,3.00,0.208,0.305,59,1,0.305,-0.40,idle,none,0.0000,0.0000,-2.0421,0.0400,0.4220
23139.762,164.414,exp4,PLACE,CONSISTENT,OK,0,1,3.00,0.197,0.305,59,1,0.305,-0.40,idle,none,0.0000,0.0000,-2.0421,0.0400,0.4220
23139.862,164.514,exp4,PLACE,CONSISTENT,OK,0,1,3.00,0.197,0.305,59,1,0.305,-0.40,idle,none,0.0000,0.0000,-2.0421,0.0400,0.4220
23139.969,164.614,exp4,PLACE,CONSISTENT,OK,0,1,3.00,0.197,0.305,59,1,0.305,-0.40,idle,none,0.0000,0.0000,-2.0421,0.0400,0.4220
23140.070,164.714,exp4,PLACE,CONSISTENT,OK,0,1,3.00,0.197,0.305,59,1,0.305,-0.40,idle,none,0.0000,0.0000,-2.0421,0.0400,0.4220
23140.178,164.814,exp4,PLACE,CONSISTENT,OK,0,1,3.00,0.197,0.305,59,1,0.305,-0.40,idle,none,0.0000,0.0000,-2.0421,0.0400,0.4220
23140.282,164.914,exp4,PLACE,CONSISTENT,OK,0,1,3.00,0.197,0.305,59,1,0.305,-0.40,idle,none,0.0000,0.0000,-2.0421,0.0400,0.4220
23140.382,165.014,exp4,PLACE,CONSISTENT,OK,0,1,3.00,0.197,0.305,59,1,0.305,-0.40,idle,none,0.0000,0.0000,-2.0421,0.0400,0.4220
23140.482,165.114,exp4,PLACE,CONSISTENT,OK,0,1,3.00,0.196,0.305,59,1,0.305,-0.40,idle,none,0.0000,0.0000,-2.0421,0.0400,0.4220
23140.585,165.214,exp4,PLACE,CONSISTENT,OK,0,1,3.00,0.184,0.305,59,1,0.305,-0.40,idle,none,0.0000,0.0000,-2.0421,0.0400,0.4220
23140.685,165.314,exp4,PLACE,CONSISTENT,OK,0,1,3.00,0.184,0.305,59,1,0.305,-0.40,idle,none,0.0000,0.0000,-2.0421,0.0400,0.4220
23140.791,165.414,exp4,PLACE,CONSISTENT,OK,0,1,3.00,0.184,0.305,59,1,0.305,-0.40,idle,none,0.0000,0.0000,-2.0421,0.0400,0.4220
23140.890,165.514,exp4,PLACE,CONSISTENT,OK,0,1,3.00,0.184,0.305,59,1,0.305,-0.40,idle,none,0.0000,0.0000,-2.0421,0.0400,0.4220
23140.996,165.614,exp4,PLACE,CONSISTENT,OK,0,1,3.00,0.184,0.305,59,1,0.305,-0.40,idle,none,0.0000,0.0000,-2.0421,0.0400,0.4220
23141.096,165.714,exp4,PLACE,CONSISTENT,OK,0,1,3.00,0.184,0.305,59,1,0.305,-0.40,idle,none,0.0000,0.0000,-2.0421,0.0400,0.4220
23141.197,165.814,exp4,PLACE,CONSISTENT,OK,0,1,3.00,0.184,0.305,59,1,0.305,-0.40,idle,none,0.0000,0.0000,-2.0421,0.0400,0.4220
23141.297,165.914,exp4,PLACE,CONSISTENT,OK,0,1,3.00,0.184,0.305,59,1,0.305,-0.40,idle,none,0.0000,0.0000,-2.0421,0.0400,0.4220
23141.397,166.014,exp4,PLACE,CONSISTENT,OK,0,1,3.00,0.184,0.305,59,1,0.305,-0.40,idle,none,0.0000,0.0000,-2.0421,0.0400,0.4220
23141.498,166.114,exp4,PLACE,CONSISTENT,OK,0,1,3.00,0.184,0.305,59,1,0.305,-0.40,idle,none,0.0000,0.0000,-2.0421,0.0400,0.4220
23141.599,166.214,exp4,PLACE,CONSISTENT,OK,0,1,3.00,0.184,0.305,59,1,0.305,-0.40,idle,none,0.0000,0.0000,-2.0421,0.0400,0.4220
23141.698,166.314,exp4,PLACE,CONSISTENT,OK,0,1,3.00,0.158,0.339,59,1,0.305,-0.40,idle,none,0.0000,0.0000,-2.0421,0.0400,0.4220
23141.800,166.414,exp4,PLACE,CONSISTENT,OK,0,1,3.00,0.158,0.339,59,1,0.305,-0.40,idle,none,0.0000,0.0000,-2.0421,0.0400,0.4220
23141.903,166.514,exp4,PLACE,CONSISTENT,OK,0,1,3.00,0.158,0.339,59,1,0.305,-0.40,idle,none,0.0000,0.0000,-2.0421,0.0400,0.4220
23142.003,166.614,exp4,PLACE,CONSISTENT,OK,0,1,3.00,0.158,0.339,59,1,0.305,-0.40,idle,none,0.0000,0.0000,-2.0421,0.0400,0.4220
23142.104,166.714,exp4,PLACE,CONSISTENT,OK,0,1,3.00,0.158,0.339,59,1,0.305,-0.40,idle,none,0.0000,0.0000,-2.0421,0.0400,0.4220
23142.203,166.814,exp4,PLACE,CONSISTENT,OK,0,1,3.00,0.158,0.339,59,1,0.305,-0.40,idle,none,0.0000,0.0000,-2.0421,0.0400,0.4220
23142.309,166.914,exp4,PLACE,CONSISTENT,OK,0,1,3.00,0.158,0.339,59,1,0.305,-0.40,idle,none,0.0000,0.0000,-2.0421,0.0400,0.4220
23142.403,167.014,exp4,PLACE,CONSISTENT,OK,0,1,3.00,0.158,0.339,59,1,0.305,-0.40,idle,none,0.0000,0.0000,-2.0421,0.0400,0.4220
23142.504,167.114,exp4,PLACE,CONSISTENT,OK,0,1,3.00,0.158,0.339,59,1,0.305,-0.40,idle,none,0.0000,0.0000,-2.0421,0.0400,0.4220
23142.603,167.214,exp4,PLACE,CONSISTENT,OK,0,1,3.00,0.158,0.339,59,1,0.305,-0.40,idle,none,0.0000,0.0000,-2.0421,0.0400,0.4220
23142.703,167.314,exp4,PLACE,CONSISTENT,OK,0,1,3.00,0.158,0.339,59,1,0.305,-0.40,idle,none,0.0000,0.0000,-2.0421,0.0400,0.4220
23142.804,167.414,exp4,PLACE,CONSISTENT,OK,0,1,3.00,0.158,0.339,59,1,0.305,-0.40,idle,none,0.0000,0.0000,-2.0421,0.0400,0.4220
23142.925,167.516,exp4,PLACE,CONSISTENT,OK,0,1,3.00,0.158,0.339,59,1,0.305,-0.40,idle,none,0.0000,0.0000,-2.0421,0.0400,0.4220
23143.037,167.614,exp4,PLACE,CONSISTENT,OK,0,1,3.00,0.158,0.339,59,1,0.305,-0.40,idle,none,0.0000,0.0000,-2.0421,0.0400,0.4220
23143.139,167.714,exp4,PLACE,CONSISTENT,OK,0,1,3.00,0.158,0.339,59,1,0.305,-0.40,idle,none,0.0000,0.0000,-2.0421,0.0400,0.4220
23143.238,167.814,exp4,PLACE,CONSISTENT,OK,0,1,3.00,0.158,0.339,59,1,0.305,-0.40,idle,none,0.0000,0.0000,-2.0421,0.0400,0.4220
23143.344,167.914,exp4,PLACE,CONSISTENT,OK,0,1,3.00,0.158,0.339,59,1,0.305,-0.40,idle,none,0.0000,0.0000,-2.0421,0.0400,0.4220
23143.445,168.014,exp4,PLACE,CONSISTENT,OK,0,1,3.00,0.158,0.339,59,1,0.305,-0.40,idle,none,0.0000,0.0000,-2.0421,0.0400,0.4220
23143.549,168.114,exp4,PLACE,CONSISTENT,OK,0,1,3.00,0.158,0.339,59,1,0.305,-0.40,idle,none,0.0000,0.0000,-2.0421,0.0400,0.4220
23143.649,168.214,exp4,PLACE,CONSISTENT,OK,0,1,3.00,0.158,0.339,59,1,0.305,-0.40,idle,none,0.0000,0.0000,-2.0421,0.0400,0.4220
23143.749,168.314,exp4,PLACE,CONSISTENT,OK,0,1,3.00,0.158,0.339,59,1,0.305,-0.40,idle,none,0.0000,0.0000,-2.0421,0.0400,0.4224
23143.849,168.414,exp4,PLACE,CONSISTENT,OK,0,1,3.00,0.158,0.339,59,1,0.305,-0.40,idle,none,0.0000,0.0000,-2.0421,0.0400,0.4224
23143.949,168.514,exp4,PLACE,CONSISTENT,OK,0,1,3.00,0.162,0.333,60,1,0.305,-0.40,idle,none,0.0000,0.0000,-2.0421,0.0400,0.4224
23144.049,168.614,exp4,PLACE,CONSISTENT,OK,0,1,3.00,0.162,0.333,60,1,0.305,-0.40,idle,none,0.0000,0.0000,-2.0421,0.0400,0.4224
23144.172,168.714,exp4,PLACE,CONSISTENT,OK,0,1,3.00,0.162,0.333,60,1,0.305,-0.40,idle,none,0.0000,0.0000,-2.0421,0.0400,0.4224
23144.272,168.814,exp4,PLACE,CONSISTENT,OK,0,1,3.00,0.162,0.333,60,1,0.305,-0.40,idle,none,0.0000,0.0000,-2.0421,0.0400,0.4224
23144.385,168.914,exp4,PLACE,CONSISTENT,OK,0,1,3.00,0.162,0.333,60,1,0.305,-0.40,idle,none,0.0000,0.0000,-2.0421,0.0400,0.4224
23144.490,169.014,exp4,PLACE,CONSISTENT,OK,0,1,3.00,0.162,0.333,60,1,0.305,-0.40,idle,none,0.0000,0.0000,-2.0421,0.0400,0.4224
23144.597,169.114,exp4,PLACE,CONSISTENT,OK,0,1,3.00,0.162,0.333,60,1,0.305,-0.40,idle,none,0.0000,0.0000,-2.0421,0.0400,0.4224
23144.698,169.214,exp4,PLACE,CONSISTENT,OK,0,1,3.00,0.162,0.333,60,1,0.305,-0.40,idle,none,0.0000,0.0000,-2.0421,0.0400,0.4224
23144.807,169.314,exp4,PLACE,CONSISTENT,OK,0,1,3.00,0.162,0.333,60,1,0.305,-0.40,idle,none,0.0000,0.0000,-2.0421,0.0400,0.4224
23144.910,169.414,exp4,PLACE,CONSISTENT,OK,0,1,3.00,0.162,0.333,60,1,0.305,-0.40,idle,none,0.0000,0.0000,-2.0421,0.0400,0.4224
23145.010,169.514,exp4,PLACE,CONSISTENT,OK,0,1,3.00,0.162,0.333,60,1,0.305,-0.40,idle,none,0.0000,0.0000,-2.0421,0.0400,0.4224
23145.112,169.614,exp4,PLACE,CONSISTENT,OK,0,1,3.00,0.162,0.333,60,1,0.305,-0.40,idle,none,0.0000,0.0000,-2.0421,0.0400,0.4224
23145.214,169.714,exp4,PLACE,CONSISTENT,OK,0,1,3.00,0.162,0.333,60,1,0.305,-0.40,idle,none,0.0000,0.0000,-2.0421,0.0400,0.4224
23145.315,169.814,exp4,PLACE,CONSISTENT,OK,0,1,3.00,0.162,0.333,60,1,0.305,-0.40,idle,none,0.0000,0.0000,-2.0421,0.0400,0.4224
23145.414,169.914,exp4,PLACE,CONSISTENT,OK,0,1,3.00,0.162,0.333,60,1,0.305,-0.40,idle,none,0.0000,0.0000,-2.0421,0.0400,0.4224
23145.515,170.014,exp4,PLACE,CONSISTENT,OK,0,1,3.00,0.162,0.333,60,1,0.305,-0.40,idle,none,0.0000,0.0000,-2.0421,0.0400,0.4224
23145.617,170.116,exp4,PLACE,CONSISTENT,OK,0,1,3.00,0.162,0.333,60,1,0.305,-0.40,idle,none,0.0000,0.0000,-2.0421,0.0400,0.4224
23145.715,170.214,exp4,PLACE,CONSISTENT,OK,0,1,3.00,0.162,0.333,60,1,0.305,-0.40,idle,none,0.0000,0.0000,-2.0421,0.0400,0.4224
23145.814,170.314,exp4,PLACE,CONSISTENT,OK,0,1,3.00,0.162,0.333,60,1,0.305,-0.40,idle,none,0.0000,0.0000,-2.0421,0.0400,0.4224
23145.915,170.414,exp4,PLACE,CONSISTENT,OK,0,1,3.00,0.162,0.333,60,1,0.305,-0.40,idle,none,0.0000,0.0000,-2.0421,0.0400,0.4224
23146.016,170.514,exp4,PLACE,CONSISTENT,OK,0,1,3.00,0.162,0.333,60,1,0.305,-0.40,idle,none,0.0000,0.0000,-2.0421,0.0400,0.4224
23146.114,170.614,exp4,PLACE,CONSISTENT,OK,0,1,3.00,0.162,0.333,60,1,0.305,-0.40,idle,none,0.0000,0.0000,-2.0421,0.0400,0.4224
23146.214,170.714,exp4,PLACE,CONSISTENT,OK,0,1,3.00,0.162,0.333,60,1,0.305,-0.40,idle,none,0.0000,0.0000,-2.0421,0.0400,0.4224
23146.320,170.814,exp4,PLACE,CONSISTENT,OK,0,1,3.00,0.162,0.333,60,1,0.305,-0.40,idle,none,0.0000,0.0000,-2.0421,0.0400,0.4224
23146.420,170.914,exp4,PLACE,CONSISTENT,OK,0,1,3.00,0.162,0.333,60,1,0.305,-0.40,idle,none,0.0000,0.0000,-2.0421,0.0400,0.4224
23146.524,171.014,exp4,PLACE,CONSISTENT,OK,0,1,3.00,0.162,0.333,60,1,0.305,-0.40,idle,none,0.0000,0.0000,-2.0421,0.0400,0.4224
23146.625,171.114,exp4,PLACE,CONSISTENT,OK,0,1,3.00,0.162,0.333,60,1,0.305,-0.40,idle,none,0.0000,0.0000,-2.0421,0.0400,0.4224
23146.731,171.214,exp4,PLACE,CONSISTENT,OK,0,1,3.00,0.162,0.333,60,1,0.305,-0.40,idle,none,0.0000,0.0000,-2.0421,0.0400,0.4224
23146.834,171.314,exp4,PLACE,CONSISTENT,OK,0,1,3.00,0.162,0.333,60,1,0.305,-0.40,idle,none,0.0000,0.0000,-2.0421,0.0400,0.4224
23146.945,171.414,exp4,PLACE,CONSISTENT,OK,0,1,3.00,0.162,0.333,60,1,0.305,-0.40,idle,none,0.0000,0.0000,-2.0421,0.0400,0.4224
23147.046,171.514,exp4,PLACE,CONSISTENT,OK,0,1,3.00,0.162,0.333,60,1,0.305,-0.40,idle,none,0.0000,0.0000,-2.0421,0.0400,0.4224
23147.146,171.614,exp4,PLACE,CONSISTENT,OK,0,1,3.00,0.162,0.333,60,1,0.305,-0.40,idle,none,0.0000,0.0000,-2.0421,0.0400,0.4224
23147.246,171.714,exp4,PLACE,CONSISTENT,OK,0,1,3.00,0.162,0.333,60,1,0.305,-0.40,idle,none,0.0000,0.0000,-2.0421,0.0400,0.4224
23147.346,171.814,exp4,PLACE,CONSISTENT,OK,0,1,3.00,0.162,0.333,60,1,0.305,-0.40,idle,none,0.0000,0.0000,-2.0421,0.0400,0.4224
23147.446,171.914,exp4,PLACE,CONSISTENT,OK,0,1,3.00,0.162,0.333,60,1,0.305,-0.40,idle,none,0.0000,0.0000,-2.0421,0.0400,0.4224
23147.560,172.014,exp4,PLACE,CONSISTENT,OK,0,1,3.00,0.162,0.333,60,1,0.305,-0.40,idle,none,0.0000,0.0000,-2.0421,0.0400,0.4224
23147.659,172.114,exp4,PLACE,CONSISTENT,OK,0,1,3.00,0.162,0.333,60,1,0.305,-0.40,idle,none,0.0000,0.0000,-2.0421,0.0400,0.4224
23147.771,172.214,exp4,PLACE,CONSISTENT,OK,0,1,3.00,0.162,0.333,60,1,0.305,-0.40,idle,none,0.0000,0.0000,-2.0421,0.0400,0.4224
23147.871,172.314,exp4,PLACE,CONSISTENT,OK,0,1,3.00,0.186,0.317,60,1,0.305,-0.40,idle,none,0.0000,0.0000,-2.0421,0.0400,0.4224
23147.980,172.414,exp4,PLACE,CONSISTENT,OK,0,1,3.00,0.188,0.317,60,1,0.305,-0.40,idle,none,0.0000,0.0000,-2.0421,0.0400,0.4224
23148.080,172.514,exp4,PLACE,CONSISTENT,OK,0,1,3.00,0.202,0.300,60,1,0.305,-0.40,idle,none,0.0000,0.0000,-2.0421,0.0400,0.4224
23148.188,172.614,exp4,PLACE,CONSISTENT,OK,0,1,3.00,0.201,0.300,60,1,0.305,-0.40,idle,none,0.0000,0.0000,-2.0421,0.0400,0.4224
23148.293,172.714,exp4,PLACE,CONSISTENT,OK,0,1,3.00,0.197,0.317,60,1,0.305,-0.40,idle,none,0.0000,0.0000,-2.0421,0.0400,0.4224
23148.397,172.814,exp4,PLACE,CONSISTENT,OK,0,1,3.00,0.197,0.317,60,1,0.305,-0.40,idle,none,0.0000,0.0000,-2.0421,0.0400,0.4224
23148.497,172.914,exp4,PLACE,CONSISTENT,OK,0,1,3.00,0.199,0.317,60,1,0.305,-0.40,idle,none,0.0000,0.0000,-2.0421,0.0400,0.4224
23148.712,173.014,exp4,PLACE,CONSISTENT,OK,0,1,3.00,0.199,0.317,60,1,0.305,-0.40,idle,none,0.0000,0.0000,-2.0421,0.0400,0.4224
23148.828,173.114,exp4,PLACE,CONSISTENT,OK,0,1,3.00,0.199,0.317,60,1,0.305,-0.40,idle,none,0.0000,0.0000,-2.0421,0.0400,0.4224
23148.927,173.214,exp4,PLACE,CONSISTENT,OK,0,1,3.00,0.199,0.317,60,1,0.305,-0.40,idle,none,0.0000,0.0000,-2.0421,0.0400,0.4224
23149.031,173.314,exp4,PLACE,CONSISTENT,OK,0,1,3.00,0.199,0.317,60,1,0.305,-0.40,idle,none,0.0000,0.0000,-2.0421,0.0400,0.4224
23149.127,173.414,exp4,PLACE,CONSISTENT,OK,0,1,3.00,0.199,0.317,60,1,0.305,-0.40,idle,none,0.0000,0.0000,-2.0421,0.0400,0.4224
23149.229,173.514,exp4,PLACE,CONSISTENT,OK,0,1,3.00,0.199,0.317,60,1,0.305,-0.40,idle,none,0.0000,0.0000,-2.0421,0.0400,0.4224
23149.327,173.614,exp4,PLACE,CONSISTENT,OK,0,1,3.00,0.199,0.317,60,1,0.305,-0.40,idle,none,0.0000,0.0000,-2.0421,0.0400,0.4224
23149.434,173.720,exp4,PLACE,CONSISTENT,OK,0,1,3.00,0.199,0.317,60,1,0.305,-0.40,idle,none,0.0000,0.0000,-2.0421,0.0400,0.4224
23149.527,173.814,exp4,PLACE,CONSISTENT,OK,0,1,3.00,0.199,0.317,60,1,0.305,-0.40,idle,none,0.0000,0.0000,-2.0421,0.0400,0.4224
23149.627,173.914,exp4,PLACE,CONSISTENT,OK,0,1,3.00,0.199,0.317,60,1,0.305,-0.40,idle,none,0.0000,0.0000,-2.0421,0.0400,0.4224
23149.727,174.014,exp4,PLACE,CONSISTENT,OK,0,1,3.00,0.197,0.317,60,1,0.305,-0.40,idle,none,0.0000,0.0000,-2.0421,0.0400,0.4224
23149.830,174.114,exp4,PLACE,CONSISTENT,OK,0,1,3.00,0.201,0.300,60,1,0.305,-0.40,idle,none,0.0000,0.0000,-2.0421,0.0400,0.4224
23149.970,174.214,exp4,PLACE,CONSISTENT,OK,0,1,3.00,0.188,0.317,60,1,0.305,-0.40,idle,none,0.0000,0.0000,-2.0421,0.0400,0.4224
23150.083,174.314,exp4,PLACE,CONSISTENT,OK,0,1,3.00,0.162,0.333,60,1,0.305,-0.40,idle,none,0.0000,0.0000,-2.0421,0.0400,0.4224
23150.185,174.414,exp4,PLACE,CONSISTENT,OK,0,1,3.00,0.162,0.333,60,1,0.305,-0.40,idle,none,0.0000,0.0000,-2.0421,0.0400,0.4224
23150.293,174.514,exp4,PLACE,CONSISTENT,OK,0,1,3.00,0.162,0.333,60,1,0.305,-0.40,idle,none,0.0000,0.0000,-2.0421,0.0400,0.4224
23150.392,174.614,exp4,PLACE,CONSISTENT,OK,0,1,3.00,0.162,0.333,60,1,0.305,-0.40,idle,none,0.0000,0.0000,-2.0421,0.0400,0.4224
23150.502,174.714,exp4,PLACE,CONSISTENT,OK,0,1,3.00,0.162,0.333,60,1,0.305,-0.40,idle,none,0.0000,0.0000,-2.0421,0.0400,0.4224
23150.601,174.814,exp4,PLACE,CONSISTENT,OK,0,1,3.00,0.162,0.333,60,1,0.305,-0.40,idle,none,0.0000,0.0000,-2.0421,0.0400,0.4224
23150.701,174.914,exp4,VERIFY_PLACEMENT,CONSISTENT,OK,0,1,3.00,0.162,0.333,60,1,0.305,-0.40,idle,none,0.0000,0.0000,-2.0421,0.0400,0.4224
23150.801,175.014,exp4,VERIFY_PLACEMENT,CONSISTENT,OK,0,1,3.00,0.162,0.333,60,1,0.305,-0.40,idle,none,0.0000,0.0000,-2.0421,0.0400,0.4224
23150.902,175.114,exp4,COMPLETE,CONSISTENT,OK,0,1,3.00,0.162,0.333,60,1,0.305,-0.40,idle,none,0.0000,0.0000,-2.0421,0.0400,0.4224
