t_wall,t_sim,rtf,state,tag,amcl_x,amcl_y,amcl_yaw,amcl_cxx,amcl_cyy,amcl_caa,amcl_age,amcl_n,mo_x,mo_y,mo_yaw,mo_age,mo_step,odom_x,odom_y,odom_yaw,odom_vx,odom_wz,odom_age,lik_mean_d,lik_p90_d,lik_frac_near,lik_n,scan_age,hz_cmd_nav,hz_cmd_smoothed,hz_cmd_out,hz_cmd_wheels,wheel_vx,wheel_wz,hz_scan,hz_amcl,hz_odom,cm_action,cm_polygon,hz_cm,nav_status,plan_n,plan_len,goal_x,goal_y,gt_x,gt_y,gt_yaw,gt_age
0.208,0.000,nan,--,diverged1,0.0000,0.0000,0.0000,0.000000,0.000000,0.000000,25.862,1,0.0006,-0.0000,-0.0000,-0.438,nan,-0.0006,-0.0000,0.0000,-0.0000,0.0000,0.012,nan,nan,nan,0,nan,0.00,0.00,0.00,0.00,nan,nan,1.00,1.00,50.00,--,--,0.00,--,0,nan,nan,nan,-2.0003,0.0000,0.0000,0.002
0.308,0.098,0.981,--,diverged1,0.0000,0.0000,0.0000,0.000000,0.000000,0.000000,25.960,1,0.0006,-0.0000,-0.0000,-0.440,0.00000,-0.0006,-0.0000,0.0000,-0.0000,0.0000,0.010,nan,nan,nan,0,nan,0.00,0.00,0.00,0.00,nan,nan,9.62,1.00,50.00,--,--,0.00,--,0,nan,nan,nan,-2.0003,0.0000,0.0000,0.020
0.409,0.196,0.978,--,diverged1,0.0000,0.0000,0.0000,0.000000,0.000000,0.000000,26.058,1,0.0006,-0.0000,-0.0000,-0.442,0.00000,-0.0006,-0.0000,0.0000,-0.0000,0.0000,0.008,nan,nan,nan,0,nan,0.00,0.00,0.00,0.00,nan,nan,10.10,1.00,50.00,--,--,0.00,--,0,nan,nan,nan,-2.0003,0.0000,0.0000,0.018
0.509,0.296,0.986,--,diverged1,0.0000,0.0000,0.0000,0.000000,0.000000,0.000000,26.158,1,0.0006,-0.0000,-0.0000,-0.442,0.00000,-0.0006,-0.0000,0.0000,-0.0000,0.0000,0.012,nan,nan,nan,0,nan,0.00,0.00,0.00,0.00,nan,nan,9.93,1.00,50.53,--,--,0.00,--,0,nan,nan,nan,-2.0003,0.0000,0.0000,0.018
0.608,0.388,0.970,IDLE,diverged1,0.0000,0.0000,0.0000,0.000000,0.000000,0.000000,26.250,1,0.0006,-0.0000,-0.0000,-0.450,0.00000,-0.0006,-0.0000,0.0000,-0.0000,0.0000,0.000,nan,nan,nan,0,nan,0.00,0.00,0.00,0.00,nan,nan,10.10,1.00,50.00,--,--,0.00,--,0,nan,nan,nan,-2.0003,0.0000,0.0000,0.010
0.709,0.488,0.975,IDLE,diverged1,0.0000,0.0000,0.0000,0.000000,0.000000,0.000000,26.350,1,0.0006,-0.0000,-0.0000,-0.450,0.00000,-0.0006,-0.0000,0.0000,-0.0000,0.0000,0.000,0.0158,0.0500,1.0000,60,0.050,0.00,0.00,0.00,0.00,nan,nan,9.96,1.00,50.00,--,--,0.00,--,0,nan,nan,nan,-2.0003,0.0000,0.0000,0.010
0.809,0.588,0.979,IDLE,diverged1,0.0000,0.0000,0.0000,0.000000,0.000000,0.000000,26.450,1,0.0006,-0.0000,-0.0000,-0.450,0.00000,-0.0006,-0.0000,0.0000,-0.0000,0.0000,0.000,0.0158,0.0500,1.0000,60,0.050,0.00,0.00,0.00,0.00,nan,nan,9.80,1.00,50.00,--,--,0.00,--,0,nan,nan,nan,-2.0003,0.0000,0.0000,0.010
0.909,0.690,0.985,IDLE,diverged1,0.0000,0.0000,0.0000,0.000000,0.000000,0.000000,26.552,1,0.0006,-0.0000,-0.0000,-0.448,0.00000,-0.0006,-0.0000,0.0000,-0.0000,0.0000,0.006,0.0158,0.0500,1.0000,60,0.052,0.00,0.00,0.00,0.00,nan,nan,9.97,1.00,50.26,--,--,0.00,--,0,nan,nan,nan,-2.0003,0.0000,0.0000,0.012
1.009,0.784,0.980,IDLE,diverged1,0.0000,0.0000,0.0000,0.000000,0.000000,0.000000,26.646,1,0.0006,-0.0000,-0.0000,-0.454,0.00000,-0.0006,-0.0000,0.0000,-0.0000,0.0000,0.016,0.0158,0.0500,1.0000,60,0.046,0.00,0.00,0.00,0.00,nan,nan,9.90,1.00,50.00,--,--,0.00,--,0,nan,nan,nan,-2.0003,0.0000,0.0000,0.006
1.109,0.880,0.978,IDLE,diverged1,0.0000,0.0000,0.0000,0.000000,0.000000,0.000000,26.742,1,0.0006,-0.0000,-0.0000,-0.458,0.00000,-0.0006,-0.0000,0.0000,-0.0000,0.0000,0.012,0.0158,0.0500,1.0000,60,0.042,0.00,0.00,0.00,0.00,nan,nan,9.98,1.00,50.00,--,--,0.00,--,0,nan,nan,nan,-2.0003,0.0000,0.0000,0.002
1.209,0.974,0.973,IDLE,diverged1,0.0000,0.0000,0.0000,0.000000,0.000000,0.000000,26.836,1,0.0006,-0.0000,-0.0000,-0.464,0.00000,-0.0006,-0.0000,0.0000,-0.0000,0.0000,0.006,0.0158,0.0500,1.0000,60,0.036,0.00,0.00,0.00,0.00,nan,nan,10.04,0.00,50.00,--,--,0.00,--,0,nan,nan,nan,-2.0003,0.0000,0.0000,0.016
1.309,1.074,0.976,IDLE,diverged1,0.0000,0.0000,0.0000,0.000000,0.000000,0.000000,26.936,1,0.0006,-0.0000,-0.0000,-0.464,0.00000,-0.0006,-0.0000,0.0000,-0.0000,0.0000,0.006,0.0158,0.0500,1.0000,60,0.036,0.00,0.00,0.00,0.00,nan,nan,9.93,0.00,50.00,--,--,0.00,--,0,nan,nan,nan,-2.0003,0.0000,0.0000,0.016
1.409,1.166,0.970,IDLE,diverged1,0.0000,0.0000,0.0000,0.000000,0.000000,0.000000,27.028,1,0.0006,-0.0000,-0.0000,-0.472,0.00000,-0.0006,-0.0000,0.0000,-0.0000,0.0000,0.018,0.0158,0.0500,1.0000,60,0.028,0.00,0.00,0.00,0.00,nan,nan,10.02,0.00,50.10,--,--,0.00,--,0,nan,nan,nan,-2.0003,0.0000,0.0000,0.008
1.508,1.266,0.970,IDLE,diverged1,0.0000,0.0000,0.0000,0.000000,0.000000,0.000000,27.128,1,0.0006,-0.0000,-0.0000,-0.472,0.00000,-0.0006,-0.0000,0.0000,-0.0000,0.0000,0.018,0.0158,0.0500,1.0000,60,0.028,0.00,0.00,0.00,0.00,nan,nan,9.96,0.00,50.00,--,--,0.00,--,0,nan,nan,nan,-2.0003,0.0000,0.0000,0.008
1.608,1.358,0.967,IDLE,diverged1,0.0000,0.0000,0.0000,0.000000,0.000000,0.000000,27.220,1,0.0006,-0.0000,-0.0000,-0.480,0.00000,-0.0006,-0.0000,0.0000,-0.0000,0.0000,0.012,0.0158,0.0500,1.0000,60,0.020,0.00,0.00,0.00,0.00,nan,nan,10.02,0.00,50.00,--,--,0.00,--,0,nan,nan,nan,-2.0003,0.0000,0.0000,0.020
1.709,1.458,0.966,IDLE,diverged1,0.0000,0.0000,0.0000,0.000000,0.000000,0.000000,27.320,1,0.0006,-0.0000,-0.0000,-0.480,0.00000,-0.0006,-0.0000,0.0000,-0.0000,0.0000,0.010,0.0158,0.0500,1.0000,60,0.020,0.00,0.00,0.00,0.00,nan,nan,10.14,0.00,50.00,--,--,0.00,--,0,nan,nan,nan,-2.0003,0.0000,0.0000,0.020
1.808,1.558,0.970,IDLE,diverged1,0.0000,0.0000,0.0000,0.000000,0.000000,0.000000,27.420,1,0.0006,-0.0000,-0.0000,-0.480,0.00000,-0.0006,-0.0000,0.0000,-0.0000,0.0000,0.010,0.0158,0.0500,1.0000,60,0.020,0.00,0.00,0.00,0.00,nan,nan,10.02,0.00,49.90,--,--,0.00,--,0,nan,nan,nan,-2.0003,0.0000,0.0000,0.020
1.909,1.658,0.968,IDLE,diverged1,0.0000,0.0000,0.0000,0.000000,0.000000,0.000000,27.520,1,0.0006,-0.0000,-0.0000,-0.480,0.00000,-0.0006,-0.0000,0.0000,-0.0000,0.0000,0.010,0.0158,0.0500,1.0000,60,0.020,0.00,0.00,0.00,0.00,nan,nan,10.07,0.00,50.00,--,--,0.00,--,0,nan,nan,nan,-2.0003,0.0000,0.0000,0.020
2.009,1.756,0.973,IDLE,diverged1,0.0000,0.0000,0.0000,0.000000,0.000000,0.000000,27.618,1,0.0006,-0.0000,-0.0000,-0.482,0.00000,-0.0006,-0.0000,0.0000,-0.0000,0.0000,0.008,0.0158,0.0500,1.0000,60,0.018,0.00,0.00,0.00,0.00,nan,nan,10.00,0.00,50.00,--,--,0.00,--,0,nan,nan,nan,-2.0003,0.0000,0.0000,0.018
2.109,1.856,0.976,IDLE,diverged1,0.0000,0.0000,0.0000,0.000000,0.000000,0.000000,27.718,1,0.0006,-0.0000,-0.0000,-0.482,0.00000,-0.0006,-0.0000,0.0000,-0.0000,0.0000,0.008,0.0158,0.0500,1.0000,60,0.018,0.00,0.00,0.00,0.00,nan,nan,9.93,0.00,50.00,--,--,0.00,--,0,nan,nan,nan,-2.0003,0.0000,0.0000,0.018
2.209,1.956,0.982,IDLE,diverged1,0.0000,0.0000,0.0000,0.000000,0.000000,0.000000,27.818,1,0.0006,-0.0000,-0.0000,-0.482,0.00000,-0.0006,-0.0000,0.0000,-0.0000,0.0000,0.008,0.0158,0.0500,1.0000,60,0.018,0.00,0.00,0.00,0.00,nan,nan,10.04,0.00,50.00,--,--,0.00,--,0,nan,nan,nan,-2.0003,0.0000,0.0000,0.018
2.309,2.054,0.980,IDLE,diverged1,0.0000,0.0000,0.0000,0.000000,0.000000,0.000000,27.916,1,0.0006,-0.0000,-0.0000,-0.484,0.00000,-0.0006,-0.0000,0.0000,-0.0000,0.0000,0.006,0.0158,0.0500,1.0000,60,0.016,0.00,0.00,0.00,0.00,nan,nan,9.98,0.00,50.00,--,--,0.00,--,0,nan,nan,nan,-2.0003,0.0000,0.0000,0.016
2.409,2.156,0.989,IDLE,diverged1,0.0000,0.0000,0.0000,0.000000,0.000000,0.000000,28.018,1,0.0006,-0.0000,-0.0000,-0.482,0.00000,-0.0006,-0.0000,0.0000,-0.0000,0.0000,0.008,0.0158,0.0500,1.0000,60,0.018,0.00,0.00,0.00,0.00,nan,nan,10.00,0.00,50.00,--,--,0.00,--,0,nan,nan,nan,-2.0003,0.0000,0.0000,0.018
2.509,2.254,0.995,IDLE,diverged1,0.0000,0.0000,0.0000,0.000000,0.000000,0.000000,28.116,1,0.0006,-0.0000,-0.0000,-0.484,0.00000,-0.0006,-0.0000,0.0000,-0.0000,0.0000,0.006,0.0158,0.0500,1.0000,60,0.016,0.00,0.00,0.00,0.00,nan,nan,9.93,0.00,49.90,--,--,0.00,--,0,nan,nan,nan,-2.0003,0.0000,0.0000,0.016
2.609,2.356,0.998,IDLE,diverged1,0.0000,0.0000,0.0000,0.000000,0.000000,0.000000,28.218,1,0.0006,-0.0000,-0.0000,-0.482,0.00000,-0.0006,-0.0000,0.0000,-0.0000,0.0000,0.008,0.0158,0.0500,1.0000,60,0.018,0.00,0.00,0.00,0.00,nan,nan,10.00,0.00,50.10,--,--,0.00,--,0,nan,nan,nan,-2.0003,0.0000,0.0000,0.018
2.709,2.456,0.997,IDLE,diverged1,0.0000,0.0000,0.0000,0.000000,0.000000,0.000000,28.318,1,0.0006,-0.0000,-0.0000,-0.482,0.00000,-0.0006,-0.0000,0.0000,-0.0000,0.0000,0.008,0.0158,0.0500,1.0000,60,0.018,0.00,0.00,0.00,0.00,nan,nan,9.96,0.00,50.00,--,--,0.00,--,0,nan,nan,nan,-2.0003,0.0000,0.0000,0.018
2.809,2.556,0.998,IDLE,diverged1,0.0000,0.0000,0.0000,0.000000,0.000000,0.000000,28.418,1,0.0006,-0.0000,-0.0000,-0.482,0.00000,-0.0006,-0.0000,0.0000,-0.0000,0.0000,0.008,0.0158,0.0500,1.0000,60,0.018,0.00,0.00,0.00,0.00,nan,nan,10.02,0.00,50.00,--,--,0.00,--,0,nan,nan,nan,-2.0003,0.0000,0.0000,0.018
2.909,2.656,0.998,IDLE,diverged1,0.0000,0.0000,0.0000,0.000000,0.000000,0.000000,28.518,1,0.0006,-0.0000,-0.0000,-0.482,0.00000,-0.0006,-0.0000,0.0000,-0.0000,0.0000,0.008,0.0158,0.0500,1.0000,60,0.018,0.00,0.00,0.00,0.00,nan,nan,9.96,0.00,50.00,--,--,0.00,--,0,nan,nan,nan,-2.0003,0.0000,0.0000,0.018
3.009,2.756,1.000,IDLE,diverged1,0.0000,0.0000,0.0000,0.000000,0.000000,0.000000,28.618,1,0.0006,-0.0000,-0.0000,-0.482,0.00000,-0.0006,-0.0000,0.0000,-0.0000,0.0000,0.008,0.0158,0.0500,1.0000,60,0.018,0.00,0.00,0.00,0.00,nan,nan,10.04,0.00,49.90,--,--,0.00,--,0,nan,nan,nan,-2.0003,0.0000,0.0000,0.018
3.108,2.856,1.000,IDLE,diverged1,0.0000,0.0000,0.0000,0.000000,0.000000,0.000000,28.718,1,0.0006,-0.0000,-0.0000,-0.482,0.00000,-0.0006,-0.0000,0.0000,-0.0000,0.0000,0.008,0.0158,0.0500,1.0000,60,0.018,0.00,0.00,0.00,0.00,nan,nan,9.96,0.00,50.00,--,--,0.00,--,0,nan,nan,nan,-2.0003,0.0000,0.0000,0.018
3.209,2.956,1.000,IDLE,diverged1,0.0000,0.0000,0.0000,0.000000,0.000000,0.000000,28.818,1,0.0006,-0.0000,-0.0000,-0.482,0.00000,-0.0006,-0.0000,0.0000,-0.0000,0.0000,0.008,0.0158,0.0500,1.0000,60,0.018,0.00,0.00,0.00,0.00,nan,nan,10.00,0.00,50.00,--,--,0.00,--,0,nan,nan,nan,-2.0003,0.0000,0.0000,0.018
3.309,3.054,1.000,IDLE,diverged1,0.0000,0.0000,0.0000,0.000000,0.000000,0.000000,28.916,1,0.0006,-0.0000,-0.0000,-0.484,0.00000,-0.0006,-0.0000,0.0000,-0.0000,0.0000,0.006,0.0158,0.0500,1.0000,60,0.016,0.00,0.00,0.00,0.00,nan,nan,9.98,0.00,49.90,--,--,0.00,--,0,nan,nan,nan,-2.0003,0.0000,0.0000,0.016
3.408,3.156,1.000,IDLE,diverged1,0.0000,0.0000,0.0000,0.000000,0.000000,0.000000,29.018,1,0.0006,-0.0000,-0.0000,-0.482,0.00000,-0.0006,-0.0000,0.0000,-0.0000,0.0000,0.008,0.0158,0.0500,1.0000,60,0.018,0.00,0.00,0.00,0.00,nan,nan,10.02,0.00,50.00,--,--,0.00,--,0,nan,nan,nan,-2.0003,0.0000,0.0000,0.018
3.509,3.256,1.000,IDLE,diverged1,0.0000,0.0000,0.0000,0.000000,0.000000,0.000000,29.118,1,0.0006,-0.0000,-0.0000,-0.482,0.00000,-0.0006,-0.0000,0.0000,-0.0000,0.0000,0.008,0.0158,0.0500,1.0000,60,0.018,0.00,0.00,0.00,0.00,nan,nan,10.00,0.00,49.80,--,--,0.00,--,0,nan,nan,nan,-2.0003,0.0000,0.0000,0.018
3.608,3.356,1.001,IDLE,diverged1,0.0000,0.0000,0.0000,0.000000,0.000000,0.000000,29.218,1,0.0006,-0.0000,-0.0000,-0.482,0.00000,-0.0006,-0.0000,0.0000,-0.0000,0.0000,0.008,0.0158,0.0500,1.0000,60,0.018,0.00,0.00,0.00,0.00,nan,nan,10.00,0.00,49.90,--,--,0.00,--,0,nan,nan,nan,-2.0003,0.0000,0.0000,0.018
3.709,3.452,0.997,IDLE,diverged1,0.0000,0.0000,0.0000,0.000000,0.000000,0.000000,29.314,1,0.0006,-0.0000,-0.0000,-0.486,0.00000,-0.0006,-0.0000,0.0000,-0.0000,0.0000,0.004,0.0158,0.0500,1.0000,60,0.014,0.00,0.00,0.00,0.00,nan,nan,10.00,0.00,50.00,--,--,0.00,--,0,nan,nan,nan,-2.0003,0.0000,0.0000,0.014
3.809,3.554,0.998,IDLE,diverged1,0.0000,0.0000,0.0000,0.000000,0.000000,0.000000,29.416,1,0.0006,-0.0000,-0.0000,-0.484,0.00000,-0.0006,-0.0000,0.0000,-0.0000,0.0000,0.006,0.0158,0.0500,1.0000,60,0.016,0.00,0.00,0.00,0.00,nan,nan,10.04,0.00,50.00,--,--,0.00,--,0,nan,nan,nan,-2.0003,0.0000,0.0000,0.016
3.909,3.648,0.991,IDLE,diverged1,0.0000,0.0000,0.0000,0.000000,0.000000,0.000000,29.510,1,0.0006,-0.0000,-0.0000,-0.390,0.00000,-0.0006,-0.0000,0.0000,-0.0000,0.0000,0.000,0.0158,0.0500,1.0000,60,0.010,0.00,0.00,0.00,0.00,nan,nan,10.10,0.00,50.10,--,--,0.00,--,0,nan,nan,nan,-2.0003,0.0000,0.0000,0.010
4.008,3.750,0.994,IDLE,diverged1,0.0000,0.0000,0.0000,0.000000,0.000000,0.000000,29.612,1,0.0006,-0.0000,-0.0000,-0.488,0.00000,-0.0006,-0.0000,0.0000,-0.0000,0.0000,0.002,0.0158,0.0500,1.0000,60,0.012,0.00,0.00,0.00,0.00,nan,nan,10.07,0.00,50.10,--,--,0.00,--,0,nan,nan,nan,-2.0003,0.0000,0.0000,0.012
4.109,3.850,0.993,IDLE,diverged1,0.0000,0.0000,0.0000,0.000000,0.000000,0.000000,29.712,1,0.0006,-0.0000,-0.0000,-0.388,0.00000,-0.0006,-0.0000,0.0000,-0.0000,0.0000,0.002,0.0158,0.0500,1.0000,60,0.112,0.00,0.00,0.00,0.00,nan,nan,10.05,0.00,50.00,--,--,0.00,--,0,nan,nan,nan,-2.0003,0.0000,0.0000,0.012
4.209,3.942,0.986,IDLE,diverged1,0.0000,0.0000,0.0000,0.000000,0.000000,0.000000,29.804,1,0.0006,-0.0000,-0.0000,-0.396,0.00000,-0.0006,-0.0000,0.0000,-0.0000,0.0000,0.020,0.0158,0.0500,1.0000,60,0.104,0.00,0.00,0.00,0.00,nan,nan,9.87,0.00,50.31,--,--,0.00,--,0,nan,nan,nan,-2.0003,0.0000,0.0000,0.004
4.309,4.040,0.982,IDLE,diverged1,0.0000,0.0000,0.0000,0.000000,0.000000,0.000000,29.902,1,0.0006,-0.0000,-0.0000,-0.398,0.00000,-0.0006,-0.0000,0.0000,-0.0000,0.0000,0.012,0.0158,0.0500,1.0000,60,0.102,0.00,0.00,0.00,0.00,nan,nan,10.00,0.00,50.00,--,--,0.00,--,0,nan,nan,nan,-2.0003,0.0000,0.0000,0.002
4.409,4.142,0.985,IDLE,diverged1,0.0000,0.0000,0.0000,0.000000,0.000000,0.000000,30.004,1,0.0006,-0.0000,-0.0000,-0.396,0.00000,-0.0006,-0.0000,0.0000,-0.0000,0.0000,0.014,0.0158,0.0500,1.0000,60,0.104,0.00,0.00,0.00,0.00,nan,nan,9.89,0.00,50.00,--,--,0.00,--,0,nan,nan,nan,-2.0003,0.0000,0.0000,0.004
4.509,4.238,0.982,IDLE,diverged1,0.0000,0.0000,0.0000,0.000000,0.000000,0.000000,30.100,1,0.0006,-0.0000,-0.0000,-0.400,0.00000,-0.0006,-0.0000,0.0000,-0.0000,0.0000,0.012,0.0158,0.0500,1.0000,60,0.100,0.00,0.00,0.00,0.00,nan,nan,9.96,0.00,49.90,--,--,0.00,--,0,nan,nan,nan,-2.0003,0.0000,0.0000,0.000
4.609,4.328,0.973,IDLE,diverged1,0.0000,0.0000,0.0000,0.000000,0.000000,0.000000,30.190,1,0.0006,-0.0000,-0.0000,-0.410,0.00000,-0.0006,-0.0000,0.0000,-0.0000,0.0000,0.000,0.0158,0.0500,1.0000,60,0.090,0.00,0.00,0.00,0.00,nan,nan,10.00,0.00,50.10,--,--,0.00,--,0,nan,nan,nan,-2.0003,0.0000,0.0000,0.010
4.710,4.390,0.928,IDLE,diverged1,0.0000,0.0000,0.0000,0.000000,0.000000,0.000000,30.252,1,0.0006,-0.0000,-0.0000,-0.448,0.00000,-0.0006,-0.0000,0.0000,-0.0000,0.0000,0.002,0.0158,0.0500,1.0000,60,0.052,0.00,0.00,0.00,0.00,nan,nan,10.02,0.00,49.90,--,--,0.00,--,0,nan,nan,nan,-2.0003,0.0000,0.0000,0.012
4.809,4.482,0.926,IDLE,diverged1,0.0000,0.0000,0.0000,0.000000,0.000000,0.000000,30.344,1,0.0006,-0.0000,-0.0000,-0.456,0.00000,-0.0006,-0.0000,0.0000,-0.0000,0.0000,0.014,0.0158,0.0500,1.0000,60,0.044,0.00,0.00,0.00,0.00,nan,nan,10.02,0.00,49.90,--,--,0.00,--,0,nan,nan,nan,-2.0003,0.0000,0.0000,0.004
4.909,4.578,0.919,IDLE,diverged1,0.0000,0.0000,0.0000,0.000000,0.000000,0.000000,30.440,1,0.0006,-0.0000,-0.0000,-0.460,0.00000,-0.0006,-0.0000,0.0000,-0.0000,0.0000,0.010,0.0158,0.0500,1.0000,60,0.040,0.00,0.00,0.00,0.00,nan,nan,9.96,0.00,49.80,--,--,0.00,--,0,nan,nan,nan,-2.0003,0.0000,0.0000,0.020
5.009,4.672,0.913,IDLE,diverged1,0.0000,0.0000,0.0000,0.000000,0.000000,0.000000,30.534,1,0.0006,-0.0000,-0.0000,-0.466,0.00000,-0.0006,-0.0000,0.0000,-0.0000,0.0000,0.004,0.0158,0.0500,1.0000,60,0.034,0.00,0.00,0.00,0.00,nan,nan,9.93,0.00,50.00,--,--,0.00,--,0,nan,nan,nan,-2.0003,0.0000,0.0000,0.014
5.109,4.766,0.916,IDLE,diverged1,0.0000,0.0000,0.0000,0.000000,0.000000,0.000000,30.628,1,0.0006,-0.0000,-0.0000,-0.472,0.00000,-0.0006,-0.0000,0.0000,-0.0000,0.0000,0.018,0.0158,0.0500,1.0000,60,0.028,0.00,0.00,0.00,0.00,nan,nan,10.11,0.00,50.00,--,--,0.00,--,0,nan,nan,nan,-2.0003,0.0000,0.0000,0.008
5.209,4.856,0.906,IDLE,diverged1,0.0000,0.0000,0.0000,0.000000,0.000000,0.000000,30.718,1,0.0006,-0.0000,-0.0000,-0.482,0.00000,-0.0006,-0.0000,0.0000,-0.0000,0.0000,0.008,0.0158,0.0500,1.0000,60,0.018,0.00,0.00,0.00,0.00,nan,nan,10.14,0.00,50.00,--,--,0.00,--,0,nan,nan,nan,-2.0003,0.0000,0.0000,0.018
5.309,4.958,0.906,IDLE,diverged1,0.0000,0.0000,0.0000,0.000000,0.000000,0.000000,30.820,1,0.0006,-0.0000,-0.0000,-0.480,0.00000,-0.0006,-0.0000,0.0000,-0.0000,0.0000,0.010,0.0158,0.0500,1.0000,60,0.020,0.00,0.00,0.00,0.00,nan,nan,10.11,0.00,49.90,--,--,0.00,--,0,nan,nan,nan,-2.0003,0.0000,0.0000,0.020
5.409,5.054,0.912,IDLE,diverged1,0.0000,0.0000,0.0000,0.000000,0.000000,0.000000,30.916,1,0.0006,-0.0000,-0.0000,-0.484,0.00000,-0.0006,-0.0000,0.0000,-0.0000,0.0000,0.008,0.0158,0.0500,1.0000,60,0.016,0.00,0.00,0.00,0.00,nan,nan,10.14,0.00,49.90,--,--,0.00,--,0,nan,nan,nan,-2.0003,0.0000,0.0000,0.016
5.509,5.154,0.918,IDLE,diverged1,0.0000,0.0000,0.0000,0.000000,0.000000,0.000000,31.016,1,0.0006,-0.0000,-0.0000,-0.484,0.00000,-0.0006,-0.0000,0.0000,-0.0000,0.0000,0.006,0.0158,0.0500,1.0000,60,0.016,0.00,0.00,0.00,0.00,nan,nan,10.02,0.00,50.00,--,--,0.00,--,0,nan,nan,nan,-2.0003,0.0000,0.0000,0.016
5.609,5.254,0.926,IDLE,diverged1,0.0000,0.0000,0.0000,0.000000,0.000000,0.000000,31.116,1,0.0006,-0.0000,-0.0000,-0.484,0.00000,-0.0006,-0.0000,0.0000,-0.0000,0.0000,0.006,0.0158,0.0500,1.0000,60,0.016,0.00,0.00,0.00,0.00,nan,nan,9.96,0.00,49.90,--,--,0.00,--,0,nan,nan,nan,-2.0003,0.0000,0.0000,0.016
5.708,5.354,0.965,IDLE,diverged1,0.0000,0.0000,0.0000,0.000000,0.000000,0.000000,31.216,1,0.0006,-0.0000,-0.0000,-0.484,0.00000,-0.0006,-0.0000,0.0000,-0.0000,0.0000,0.006,0.0158,0.0500,1.0000,60,0.016,0.00,0.00,0.00,0.00,nan,nan,9.96,0.00,50.00,--,--,0.00,--,0,nan,nan,nan,-2.0003,0.0000,0.0000,0.016
5.809,5.454,0.972,IDLE,diverged1,0.0000,0.0000,0.0000,0.000000,0.000000,0.000000,31.316,1,0.0006,-0.0000,-0.0000,-0.484,0.00000,-0.0006,-0.0000,0.0000,-0.0000,0.0000,0.006,0.0158,0.0500,1.0000,60,0.016,0.00,0.00,0.00,0.00,nan,nan,9.93,0.00,50.00,--,--,0.00,--,0,nan,nan,nan,-2.0003,0.0000,0.0000,0.016
5.909,5.554,0.976,IDLE,diverged1,0.0000,0.0000,0.0000,0.000000,0.000000,0.000000,31.416,1,0.0006,-0.0000,-0.0000,-0.484,0.00000,-0.0006,-0.0000,0.0000,-0.0000,0.0000,0.006,0.0158,0.0500,1.0000,60,0.016,0.00,0.00,0.00,0.00,nan,nan,10.02,0.00,50.10,--,--,0.00,--,0,nan,nan,nan,-2.0003,0.0000,0.0000,0.016
6.008,5.652,0.980,IDLE,diverged1,0.0000,0.0000,0.0000,0.000000,0.000000,0.000000,31.514,1,0.0006,-0.0000,-0.0000,-0.486,0.00000,-0.0006,-0.0000,0.0000,-0.0000,0.0000,0.004,0.0158,0.0500,1.0000,60,0.014,0.00,0.00,0.00,0.00,nan,nan,10.02,0.00,49.90,--,--,0.00,--,0,nan,nan,nan,-2.0003,0.0000,0.0000,0.014
6.109,5.754,0.998,IDLE,diverged1,0.0000,0.0000,0.0000,0.000000,0.000000,0.000000,31.616,1,0.0006,-0.0000,-0.0000,-0.484,0.00000,-0.0006,-0.0000,0.0000,-0.0000,0.0000,0.006,0.0158,0.0500,1.0000,60,0.016,0.00,0.00,0.00,0.00,nan,nan,9.98,0.00,50.10,--,--,0.00,--,0,nan,nan,nan,-2.0003,0.0000,0.0000,0.016
6.209,5.854,0.998,IDLE,diverged1,0.0000,0.0000,0.0000,0.000000,0.000000,0.000000,31.716,1,0.0006,-0.0000,-0.0000,-0.484,0.00000,-0.0006,-0.0000,0.0000,-0.0000,0.0000,0.006,0.0158,0.0500,1.0000,60,0.016,0.00,0.00,0.00,0.00,nan,nan,10.02,0.00,50.00,--,--,0.00,--,0,nan,nan,nan,-2.0003,0.0000,0.0000,0.016
6.309,5.954,0.996,IDLE,diverged1,0.0000,0.0000,0.0000,0.000000,0.000000,0.000000,31.816,1,0.0006,-0.0000,-0.0000,-0.484,0.00000,-0.0006,-0.0000,0.0000,-0.0000,0.0000,0.006,0.0158,0.0500,1.0000,60,0.016,0.00,0.00,0.00,0.00,nan,nan,9.98,0.00,50.00,--,--,0.00,--,0,nan,nan,nan,-2.0003,0.0000,0.0000,0.016
6.408,6.054,1.000,IDLE,diverged1,0.0000,0.0000,0.0000,0.000000,0.000000,0.000000,31.916,1,0.0006,-0.0000,-0.0000,-0.484,0.00000,-0.0006,-0.0000,0.0000,-0.0000,0.0000,0.006,0.0158,0.0500,1.0000,60,0.016,0.00,0.00,0.00,0.00,nan,nan,10.00,0.00,49.90,--,--,0.00,--,0,nan,nan,nan,-2.0003,0.0000,0.0000,0.016
6.509,6.154,1.000,IDLE,diverged1,0.0000,0.0000,0.0000,0.000000,0.000000,0.000000,32.016,1,0.0006,-0.0000,-0.0000,-0.484,0.00000,-0.0006,-0.0000,0.0000,-0.0000,0.0000,0.006,0.0158,0.0500,1.0000,60,0.016,0.00,0.00,0.00,0.00,nan,nan,9.98,0.00,50.00,--,--,0.00,--,0,nan,nan,nan,-2.0003,0.0000,0.0000,0.016
6.609,6.254,1.000,IDLE,diverged1,0.0000,0.0000,0.0000,0.000000,0.000000,0.000000,32.116,1,0.0006,-0.0000,-0.0000,-0.484,0.00000,-0.0006,-0.0000,0.0000,-0.0000,0.0000,0.006,0.0158,0.0500,1.0000,60,0.016,0.00,0.00,0.00,0.00,nan,nan,10.02,0.00,50.00,--,--,0.00,--,0,nan,nan,nan,-2.0003,0.0000,0.0000,0.016
6.709,6.354,1.000,IDLE,diverged1,0.0000,0.0000,0.0000,0.000000,0.000000,0.000000,32.216,1,0.0006,-0.0000,-0.0000,-0.484,0.00000,-0.0006,-0.0000,0.0000,-0.0000,0.0000,0.006,0.0158,0.0500,1.0000,60,0.016,0.00,0.00,0.00,0.00,nan,nan,10.07,0.00,50.00,--,--,0.00,--,0,nan,nan,nan,-2.0003,0.0000,0.0000,0.016
6.809,6.450,0.995,IDLE,diverged1,0.0000,0.0000,0.0000,0.000000,0.000000,0.000000,32.312,1,0.0006,-0.0000,-0.0000,-0.488,0.00000,-0.0006,-0.0000,0.0000,-0.0000,0.0000,0.002,0.0158,0.0500,1.0000,60,0.012,0.00,0.00,0.00,0.00,nan,nan,10.04,0.00,50.10,--,--,0.00,--,0,nan,nan,nan,-2.0003,0.0000,0.0000,0.012
6.909,6.550,0.997,IDLE,diverged1,0.0000,0.0000,0.0000,0.000000,0.000000,0.000000,32.412,1,0.0006,-0.0000,-0.0000,-0.388,0.00000,-0.0006,-0.0000,0.0000,-0.0000,0.0000,0.002,0.0158,0.0500,1.0000,60,0.012,0.00,0.00,0.00,0.00,nan,nan,10.02,0.00,50.00,--,--,0.00,--,0,nan,nan,nan,-2.0003,0.0000,0.0000,0.012
7.009,6.652,0.997,IDLE,diverged1,0.0000,0.0000,0.0000,0.000000,0.000000,0.000000,32.514,1,0.0006,-0.0000,-0.0000,-0.486,0.00000,-0.0006,-0.0000,0.0000,-0.0000,0.0000,0.004,0.0158,0.0500,1.0000,60,0.014,0.00,0.00,0.00,0.00,nan,nan,9.98,0.00,50.00,--,--,0.00,--,0,nan,nan,nan,-2.0003,0.0000,0.0000,0.014
7.109,6.748,0.994,IDLE,diverged1,0.0000,0.0000,0.0000,0.000000,0.000000,0.000000,32.610,1,0.0006,-0.0000,-0.0000,-0.390,0.00000,-0.0006,-0.0000,0.0000,-0.0000,0.0000,0.000,0.0158,0.0500,1.0000,60,0.010,0.00,0.00,0.00,0.00,nan,nan,10.04,0.00,50.00,--,--,0.00,--,0,nan,nan,nan,-2.0003,0.0000,0.0000,0.010
7.209,6.852,0.997,IDLE,diverged1,0.0000,0.0000,0.0000,0.000000,0.000000,0.000000,32.714,1,0.0006,-0.0000,-0.0000,-0.486,0.00000,-0.0006,-0.0000,0.0000,-0.0000,0.0000,0.004,0.0158,0.0500,1.0000,60,0.014,0.00,0.00,0.00,0.00,nan,nan,10.00,0.00,49.90,--,--,0.00,--,0,nan,nan,nan,-2.0003,0.0000,0.0000,0.014
7.309,6.948,0.994,IDLE,diverged1,0.0000,0.0000,0.0000,0.000000,0.000000,0.000000,32.810,1,0.0006,-0.0000,-0.0000,-0.390,0.00000,-0.0006,-0.0000,0.0000,-0.0000,0.0000,0.020,0.0158,0.0500,1.0000,60,0.010,0.00,0.00,0.00,0.00,nan,nan,10.07,0.00,50.00,--,--,0.00,--,0,nan,nan,nan,-2.0003,0.0000,0.0000,0.010
7.409,7.048,0.994,IDLE,diverged1,0.0000,0.0000,0.0000,0.000000,0.000000,0.000000,32.910,1,0.0006,-0.0000,-0.0000,-0.390,0.00000,-0.0006,-0.0000,0.0000,-0.0000,0.0000,0.022,0.0158,0.0500,1.0000,60,0.010,0.00,0.00,0.00,0.00,nan,nan,10.02,0.00,50.10,--,--,0.00,--,0,nan,nan,nan,-2.0003,0.0000,0.0000,0.010
7.508,7.148,0.994,IDLE,diverged1,0.0000,0.0000,0.0000,0.000000,0.000000,0.000000,33.010,1,0.0006,-0.0000,-0.0000,-0.390,0.00000,-0.0006,-0.0000,0.0000,-0.0000,0.0000,0.020,0.0158,0.0500,1.0000,60,0.110,0.00,0.00,0.00,0.00,nan,nan,10.02,0.00,50.00,--,--,0.00,--,0,nan,nan,nan,-2.0003,0.0000,0.0000,0.010
7.609,7.248,0.993,IDLE,diverged1,0.0000,0.0000,0.0000,0.000000,0.000000,0.000000,33.110,1,0.0006,-0.0000,-0.0000,-0.390,0.00000,-0.0006,-0.0000,0.0000,-0.0000,0.0000,0.020,0.0158,0.0500,1.0000,60,0.010,0.00,0.00,0.00,0.00,nan,nan,9.98,0.00,50.00,--,--,0.00,--,0,nan,nan,nan,-2.0003,0.0000,0.0000,0.010
7.709,7.346,0.992,IDLE,diverged1,0.0000,0.0000,0.0000,0.000000,0.000000,0.000000,33.208,1,0.0006,-0.0000,-0.0000,-0.392,0.00000,-0.0006,-0.0000,0.0000,-0.0000,0.0000,0.018,0.0158,0.0500,1.0000,60,0.108,0.00,0.00,0.00,0.00,nan,nan,10.00,0.00,50.00,--,--,0.00,--,0,nan,nan,nan,-2.0003,0.0000,0.0000,0.008
7.809,7.446,0.996,IDLE,diverged1,0.0000,0.0000,0.0000,0.000000,0.000000,0.000000,33.308,1,0.0006,-0.0000,-0.0000,-0.392,0.00000,-0.0006,-0.0000,0.0000,-0.0000,0.0000,0.018,0.0158,0.0500,1.0000,60,0.108,0.00,0.00,0.00,0.00,nan,nan,9.87,0.00,50.00,--,--,0.00,--,0,nan,nan,nan,-2.0003,0.0000,0.0000,0.008
7.909,7.538,0.988,IDLE,diverged1,0.0000,0.0000,0.0000,0.000000,0.000000,0.000000,33.400,1,0.0006,-0.0000,-0.0000,-0.400,0.00000,-0.0006,-0.0000,0.0000,-0.0000,0.0000,0.010,0.0158,0.0500,1.0000,60,0.100,0.00,0.00,0.00,0.00,nan,nan,9.96,0.00,50.00,--,--,0.00,--,0,nan,nan,nan,-2.0003,0.0000,0.0000,0.000
8.009,7.636,0.984,IDLE,diverged1,0.0000,0.0000,0.0000,0.000000,0.000000,0.000000,33.498,1,0.0006,-0.0000,-0.0000,-0.402,0.00000,-0.0006,-0.0000,0.0000,-0.0000,0.0000,0.008,0.0158,0.0500,1.0000,60,0.098,0.00,0.00,0.00,0.00,nan,nan,10.04,0.00,50.00,--,--,0.00,--,0,nan,nan,nan,-2.0003,0.0000,0.0000,0.018
8.112,7.688,0.926,IDLE,diverged1,0.0000,0.0000,0.0000,0.000000,0.000000,0.000000,33.550,1,0.0006,-0.0000,-0.0000,-0.450,0.00000,-0.0006,-0.0000,0.0000,-0.0000,0.0000,0.020,0.0158,0.0500,1.0000,60,0.050,0.00,0.00,0.00,0.00,nan,nan,9.91,0.00,50.00,--,--,0.00,--,0,nan,nan,nan,-2.0003,0.0000,0.0000,0.010
8.209,7.776,0.924,IDLE,diverged1,0.0000,0.0000,0.0000,0.000000,0.000000,0.000000,33.638,1,0.0006,-0.0000,-0.0000,-0.462,0.00000,-0.0006,-0.0000,0.0000,-0.0000,0.0000,0.008,0.0158,0.0500,1.0000,60,0.038,0.00,0.00,0.00,0.00,nan,nan,10.02,0.00,50.00,--,--,0.00,--,0,nan,nan,nan,-2.0003,0.0000,0.0000,0.018
8.308,7.868,0.920,IDLE,diverged1,0.0000,0.0000,0.0000,0.000000,0.000000,0.000000,33.730,1,0.0006,-0.0000,-0.0000,-0.470,0.00000,-0.0006,-0.0000,0.0000,-0.0000,0.0000,0.020,0.0158,0.0500,1.0000,60,0.030,0.00,0.00,0.00,0.00,nan,nan,9.91,0.00,50.10,--,--,0.00,--,0,nan,nan,nan,-2.0003,0.0000,0.0000,0.010
8.409,7.954,0.895,LOCALIZE,diverged1,0.0000,0.0000,0.0000,0.000000,0.000000,0.000000,33.816,1,0.0006,-0.0000,-0.0000,-0.484,0.00000,-0.0006,-0.0000,0.0000,-0.0000,0.0000,0.006,0.0158,0.0500,1.0000,60,0.016,0.00,0.00,0.00,0.00,nan,nan,10.02,0.00,50.10,--,--,0.00,--,0,nan,nan,nan,-2.0003,0.0000,0.0000,0.016
8.508,8.054,0.906,NAVIGATE_TO_RAMP,diverged1,0.0000,0.0000,0.0000,0.000000,0.000000,0.000000,33.916,1,0.0006,-0.0000,-0.0000,-0.484,0.00000,-0.0006,-0.0000,0.0000,-0.0000,0.0000,0.006,0.0158,0.0500,1.0000,60,0.016,0.00,0.00,0.00,0.00,nan,nan,10.14,0.00,50.00,--,--,0.00,--,0,nan,nan,nan,-2.0003,0.0000,0.0000,0.016
8.609,8.148,0.891,NAVIGATE_TO_RAMP,diverged1,0.0000,0.0000,0.0000,0.000000,0.000000,0.000000,34.010,1,0.0006,-0.0000,-0.0000,-0.490,0.00000,-0.0006,-0.0000,0.0000,-0.0000,0.0000,0.000,0.0158,0.0500,1.0000,60,0.010,0.00,0.00,0.00,0.00,nan,nan,10.14,0.00,50.10,--,--,0.00,EXECUTING,52,2.663,2.4810,0.2400,-2.0003,0.0000,0.0000,0.010
8.709,8.246,0.889,NAVIGATE_TO_RAMP,diverged1,0.0000,0.0000,0.0000,0.000000,0.000000,0.000000,34.108,1,0.0006,-0.0000,-0.0000,-0.392,0.00000,0.0045,-0.0000,-0.0031,0.0509,-0.0315,0.018,0.0142,0.0500,1.0000,60,0.108,17.86,21.74,1.00,15.62,0.1250,-0.0769,10.02,0.00,50.10,--,--,0.00,EXECUTING,52,2.663,2.4810,0.2400,-1.9943,-0.0002,-0.0024,0.008
8.809,8.338,0.892,NAVIGATE_TO_RAMP,diverged1,0.0000,0.0000,0.0000,0.000000,0.000000,0.000000,34.200,1,0.0006,-0.0000,-0.0000,-0.400,0.00000,0.0172,-0.0001,-0.0107,0.1278,-0.0761,0.010,0.0192,0.0500,0.9833,60,0.100,28.57,20.83,24.39,28.17,0.1250,-0.0769,10.09,0.00,50.00,--,--,0.00,EXECUTING,52,2.663,2.4810,0.2400,-1.9815,-0.0009,-0.0099,0.000
8.909,8.442,0.896,NAVIGATE_TO_RAMP,diverged1,0.0000,0.0000,0.0000,0.000000,0.000000,0.000000,34.304,1,0.0006,-0.0000,-0.0000,-0.396,0.00000,0.0304,-0.0003,-0.0180,0.1465,-0.0821,0.014,0.0183,0.0500,0.9833,60,0.104,27.78,20.66,20.83,28.23,0.1250,-0.0769,10.04,0.00,50.00,--,--,0.00,EXECUTING,52,2.663,2.4810,0.2400,-1.9682,-0.0015,-0.0162,0.004
9.009,8.538,0.902,NAVIGATE_TO_RAMP,diverged1,0.0000,0.0000,0.0000,0.000000,0.000000,0.000000,34.400,1,0.0006,-0.0000,-0.0000,-0.400,0.00000,0.0436,-0.0006,-0.0243,0.1326,-0.0638,0.010,0.0175,0.0500,0.9833,60,0.100,28.90,20.47,20.69,28.90,0.1250,-0.0769,10.00,0.00,50.10,--,--,0.00,EXECUTING,52,2.663,2.4810,0.2400,-1.9574,-0.0019,-0.0201,0.020
9.109,8.644,0.959,NAVIGATE_TO_RAMP,diverged1,0.0000,0.0000,0.0000,0.000000,0.000000,0.000000,34.506,1,0.0006,-0.0000,-0.0000,-0.394,0.00000,0.0570,-0.0009,-0.0316,0.1489,-0.0817,0.016,0.0185,0.0500,0.9833,60,0.106,29.15,20.27,20.62,29.15,0.1250,-0.0769,10.07,0.00,50.10,--,--,0.00,EXECUTING,52,2.663,2.4810,0.2400,-1.9414,-0.0027,-0.0276,0.006
9.209,8.742,0.970,NAVIGATE_TO_RAMP,diverged1,0.0000,0.0000,0.0000,0.000000,0.000000,0.000000,34.604,1,0.0006,-0.0000,-0.0000,-0.396,0.00000,0.0702,-0.0014,-0.0377,0.1338,-0.0616,0.014,0.0200,0.0500,0.9833,60,0.104,28.91,20.30,20.49,29.30,0.1250,-0.0769,9.96,0.00,49.90,--,--,0.00,EXECUTING,52,2.663,2.4810,0.2400,-1.9280,-0.0035,-0.0330,0.004
9.309,8.838,0.982,NAVIGATE_TO_RAMP,diverged1,0.0000,0.0000,0.0000,0.000000,0.000000,0.000000,34.700,1,0.0006,-0.0000,-0.0000,-0.400,0.00000,0.0837,-0.0019,-0.0435,0.1494,-0.0674,0.010,0.0200,0.0500,1.0000,60,0.100,29.50,20.31,20.41,29.41,0.1250,-0.0769,10.04,0.00,50.00,--,--,0.00,EXECUTING,52,2.663,2.4810,0.2400,-1.9170,-0.0040,-0.0366,0.020
9.409,8.938,0.982,NAVIGATE_TO_RAMP,diverged1,0.0000,0.0000,0.0000,0.000000,0.000000,0.000000,34.800,1,0.0006,-0.0000,-0.0000,-0.400,0.00000,0.0970,-0.0025,-0.0495,0.1346,-0.0600,0.010,0.0192,0.0500,1.0000,60,0.100,29.34,20.27,20.41,29.34,0.2842,0.1282,9.96,0.00,50.00,--,--,0.00,EXECUTING,52,2.663,2.4810,0.2400,-1.9011,-0.0051,-0.0435,0.000
9.509,9.040,0.991,NAVIGATE_TO_RAMP,diverged1,0.0000,0.0000,0.0000,0.000000,0.000000,0.000000,34.902,1,0.0006,-0.0000,-0.0000,-0.398,0.00000,0.1102,-0.0032,-0.0556,0.1338,-0.0614,0.012,0.0167,0.0500,1.0000,60,0.102,29.41,20.24,20.36,29.35,0.3000,0.1282,10.00,0.00,50.00,--,--,0.00,EXECUTING,52,2.663,2.4810,0.2400,-1.8877,-0.0060,-0.0488,0.002
9.609,9.136,0.989,NAVIGATE_TO_RAMP,diverged1,0.0000,0.0000,0.0000,0.000000,0.000000,0.000000,34.998,1,0.0006,-0.0000,-0.0000,-0.402,0.00000,0.1235,-0.0040,-0.0617,0.1328,-0.0608,0.008,0.0167,0.0500,1.0000,60,0.098,29.53,20.21,20.27,29.53,0.3000,0.1282,9.98,0.00,50.00,--,--,0.00,EXECUTING,52,2.663,2.4810,0.2400,-1.8768,-0.0068,-0.0526,0.018
9.709,9.236,0.997,NAVIGATE_TO_RAMP,diverged1,0.0000,0.0000,0.0000,0.000000,0.000000,0.000000,35.098,1,0.0006,-0.0000,-0.0000,-0.402,0.00000,0.1350,-0.0048,-0.0669,0.1184,-0.0546,0.008,0.0170,0.0500,1.0000,60,0.098,30.30,20.17,20.17,30.36,0.2842,0.1282,10.09,0.00,50.00,--,--,0.00,EXECUTING,50,2.563,2.4810,0.2400,-1.8645,-0.0078,-0.0580,0.018
9.809,9.330,0.992,NAVIGATE_TO_RAMP,diverged1,0.0000,0.0000,0.0000,0.000000,0.000000,0.000000,35.192,1,0.0006,-0.0000,-0.0000,-0.408,0.00000,0.1460,-0.0055,-0.0584,0.1130,0.0878,0.002,0.0142,0.0500,1.0000,60,0.092,29.41,19.15,19.27,29.47,0.2842,0.1282,9.96,0.00,50.00,--,--,0.00,EXECUTING,50,2.563,2.4810,0.2400,-1.8545,-0.0082,-0.0542,0.012
9.908,9.436,0.994,NAVIGATE_TO_RAMP,diverged1,0.0000,0.0000,0.0000,0.000000,0.000000,0.000000,35.298,1,0.0006,-0.0000,-0.0000,-0.402,0.00000,0.1592,-0.0061,-0.0460,0.1354,0.1267,0.008,0.0133,0.0500,1.0000,60,0.098,29.18,19.11,19.31,29.23,0.3000,0.1282,9.98,0.00,50.00,--,--,0.00,EXECUTING,50,2.563,2.4810,0.2400,-1.8412,-0.0082,-0.0426,0.018
10.009,9.534,0.988,NAVIGATE_TO_RAMP,diverged1,0.0000,0.0000,0.0000,0.000000,0.000000,0.000000,35.396,1,0.0006,-0.0000,-0.0000,-0.404,0.00000,0.1725,-0.0067,-0.0334,0.1367,0.1297,0.008,0.0167,0.0500,0.9833,60,0.096,30.30,19.19,19.71,29.29,0.1250,0.1282,9.98,0.00,50.20,--,--,0.00,EXECUTING,50,2.563,2.4810,0.2400,-1.8278,-0.0079,-0.0308,0.016
10.109,9.634,0.992,NAVIGATE_TO_RAMP,diverged1,0.0000,0.0000,0.0000,0.000000,0.000000,0.000000,35.496,1,0.0006,-0.0000,-0.0000,-0.404,0.00000,0.1930,-0.0073,-0.0264,0.2302,0.0727,0.006,0.0121,0.0500,0.9833,60,0.096,30.30,19.15,19.59,29.41,0.2500,0.0769,10.02,0.00,50.10,--,--,0.00,EXECUTING,50,2.563,2.4810,0.2400,-1.8088,-0.0078,-0.0242,0.016
10.209,9.728,0.987,NAVIGATE_TO_RAMP,diverged1,0.0000,0.0000,0.0000,0.000000,0.000000,0.000000,35.590,1,0.0006,-0.0000,-0.0000,-0.410,0.00000,0.2209,-0.0079,-0.0191,0.2812,0.0740,0.000,0.0100,0.0500,0.9833,60,0.090,29.41,19.19,19.15,29.35,0.2842,0.0769,9.98,0.00,50.10,--,--,0.00,EXECUTING,50,2.563,2.4810,0.2400,-1.7813,-0.0078,-0.0166,0.010
10.309,9.832,0.994,NAVIGATE_TO_RAMP,diverged1,0.0000,0.0000,0.0000,0.000000,0.000000,0.000000,35.694,1,0.0006,-0.0000,-0.0000,-0.406,0.00000,0.2491,-0.0083,-0.0115,0.2848,0.0760,0.004,0.0067,0.0500,1.0000,60,0.094,29.35,19.15,19.11,29.35,0.2526,0.0769,10.00,0.00,50.00,--,--,0.00,EXECUTING,50,2.563,2.4810,0.2400,-1.7530,-0.0074,-0.0089,0.014
10.409,9.928,0.990,NAVIGATE_TO_RAMP,diverged1,0.2620,-0.0087,-0.0046,0.011755,0.000775,0.015969,0.090,2,0.0101,-0.0019,0.0062,-0.410,0.00970,0.2716,-0.0085,-0.0056,0.2841,0.0746,0.020,0.0058,0.0500,1.0000,60,0.090,29.35,19.23,19.23,29.29,0.2211,0.0769,10.02,1.00,50.00,--,--,0.00,EXECUTING,50,2.563,2.4810,0.2400,-1.7248,-0.0069,-0.0015,0.010
10.509,10.028,0.990,NAVIGATE_TO_RAMP,diverged1,0.2620,-0.0087,-0.0046,0.011755,0.000775,0.015969,0.190,2,0.0101,-0.0019,0.0062,-0.410,0.00000,0.3057,-0.0086,0.0036,0.2842,0.0769,0.000,0.0067,0.0500,1.0000,60,0.090,29.35,19.23,19.27,29.35,0.2053,0.0769,9.98,1.00,50.00,--,--,0.00,EXECUTING,50,2.563,2.4810,0.2400,-1.6964,-0.0061,0.0067,0.010
10.608,10.120,0.984,NAVIGATE_TO_RAMP,diverged1,0.2620,-0.0087,-0.0046,0.011755,0.000775,0.015969,0.282,2,0.0101,-0.0019,0.0062,-0.418,0.00000,0.3282,-0.0084,0.0095,0.2841,0.0746,0.012,0.0083,0.0500,0.9833,60,0.082,29.47,19.27,19.23,29.47,0.3000,0.1795,10.00,1.00,50.00,--,--,0.00,EXECUTING,50,2.563,2.4810,0.2400,-1.6682,-0.0052,0.0142,0.002
10.709,10.224,0.989,NAVIGATE_TO_RAMP,diverged1,0.2620,-0.0087,-0.0046,0.011755,0.000775,0.015969,0.386,2,0.0101,-0.0019,0.0062,-0.414,0.00000,0.3568,-0.0080,0.0173,0.2962,0.0808,0.016,0.0100,0.0500,0.9833,60,0.086,29.41,20.26,20.22,29.35,0.3000,0.1795,10.02,1.00,50.00,--,--,0.00,EXECUTING,45,2.313,2.4810,0.2400,-1.6397,-0.0040,0.0221,0.006
10.809,10.318,0.980,NAVIGATE_TO_RAMP,diverged1,0.2620,-0.0087,-0.0046,0.011755,0.000775,0.015969,0.480,2,0.0101,-0.0019,0.0062,-0.420,0.00000,0.3854,-0.0074,0.0262,0.2867,0.0885,0.010,0.0108,0.0500,0.9833,60,0.080,30.36,20.33,20.61,30.59,0.2842,0.0769,10.07,1.00,50.00,--,--,0.00,EXECUTING,45,2.313,2.4810,0.2400,-1.6167,-0.0028,0.0294,0.020
10.908,10.420,0.984,NAVIGATE_TO_RAMP,diverged1,0.2620,-0.0087,-0.0046,0.011755,0.000775,0.015969,0.582,2,0.0101,-0.0019,0.0062,-0.418,0.00000,0.4138,-0.0065,0.0357,0.2889,0.0968,0.012,0.0075,0.0500,1.0000,60,0.082,30.49,20.33,20.56,30.79,0.2842,0.0769,10.00,1.00,50.00,--,--,0.00,EXECUTING,45,2.313,2.4810,0.2400,-1.5826,-0.0007,0.0410,0.002
11.009,10.518,0.984,NAVIGATE_TO_RAMP,diverged1,0.2620,-0.0087,-0.0046,0.011755,0.000775,0.015969,0.680,2,0.0101,-0.0019,0.0062,-0.420,0.00000,0.4425,-0.0054,0.0446,0.2867,0.0883,0.010,0.0083,0.0500,1.0000,60,0.080,30.43,20.24,20.00,30.72,0.2842,0.0769,9.89,1.00,49.90,--,--,0.00,EXECUTING,45,2.313,2.4810,0.2400,-1.5597,0.0010,0.0481,0.020
11.109,10.618,0.988,NAVIGATE_TO_RAMP,diverged1,0.2620,-0.0087,-0.0046,0.011755,0.000775,0.015969,0.780,2,0.0101,-0.0019,0.0062,-0.420,0.00000,0.4708,-0.0040,0.0526,0.2974,0.0843,0.010,0.0067,0.0500,1.0000,60,0.080,30.43,20.37,20.13,30.72,0.2842,0.0769,10.02,1.00,49.90,--,--,0.00,EXECUTING,45,2.313,2.4810,0.2400,-1.5313,0.0032,0.0564,0.020
11.209,10.718,0.984,NAVIGATE_TO_RAMP,diverged1,0.2620,-0.0087,-0.0046,0.011755,0.000775,0.015969,0.880,2,0.0101,-0.0019,0.0062,-0.420,0.00000,0.4980,-0.0025,0.0585,0.2769,0.0594,0.010,0.0103,0.0500,0.9833,60,0.080,30.66,20.28,20.30,30.59,0.1592,0.0000,9.80,1.00,50.00,--,--,0.00,EXECUTING,45,2.313,2.4810,0.2400,-1.5035,0.0054,0.0628,0.020
11.309,10.816,0.987,NAVIGATE_TO_RAMP,diverged1,0.5425,-0.0027,0.0527,0.020668,0.003640,0.029321,0.078,3,0.0388,0.0024,-0.0058,-0.422,0.02905,0.5122,-0.0016,0.0587,0.1419,0.0022,0.008,0.0108,0.0500,0.9833,60,0.078,30.55,20.30,20.34,30.49,0.3000,-0.0256,9.96,1.11,50.00,--,--,0.00,EXECUTING,45,2.313,2.4810,0.2400,-1.4877,0.0064,0.0629,0.018
11.410,10.910,0.979,NAVIGATE_TO_RAMP,diverged1,0.5425,-0.0027,0.0527,0.020668,0.003640,0.029321,0.172,3,0.0388,0.0024,-0.0058,-0.428,0.00000,0.5239,-0.0010,0.0569,0.1169,-0.0178,0.002,0.0078,0.0050,0.9833,60,0.072,29.53,19.35,18.99,29.59,0.3000,-0.0256,10.02,1.00,50.00,--,--,0.00,EXECUTING,45,2.313,2.4810,0.2400,-1.4768,0.0070,0.0620,0.012
11.509,11.010,0.983,NAVIGATE_TO_RAMP,diverged1,0.5425,-0.0027,0.0527,0.020668,0.003640,0.029321,0.272,3,0.0388,0.0024,-0.0058,-0.428,0.00000,0.5363,-0.0003,0.0543,0.1298,-0.0266,0.002,0.0058,0.0000,0.9833,60,0.072,29.59,19.35,19.15,29.59,0.2842,-0.0256,9.98,1.00,50.00,--,--,0.00,EXECUTING,45,2.313,2.4810,0.2400,-1.4641,0.0076,0.0596,0.012
11.609,11.102,0.976,NAVIGATE_TO_RAMP,diverged1,0.5425,-0.0027,0.0527,0.020668,0.003640,0.029321,0.364,3,0.0388,0.0024,-0.0058,-0.436,0.00000,0.5465,0.0003,0.0523,0.1278,-0.0251,0.014,0.0075,0.0050,0.9833,60,0.064,29.59,19.47,19.40,29.53,0.2842,-0.0256,10.02,1.00,50.00,--,--,0.00,EXECUTING,45,2.313,2.4810,0.2400,-1.4515,0.0081,0.0572,0.004
11.709,11.202,0.978,NAVIGATE_TO_RAMP,diverged1,0.5425,-0.0027,0.0527,0.020668,0.003640,0.029321,0.464,3,0.0388,0.0024,-0.0058,-0.436,0.00000,0.5595,0.0010,0.0499,0.1355,-0.0249,0.014,0.0075,0.0500,0.9833,60,0.064,29.59,19.39,19.61,29.65,0.3000,-0.0256,9.93,1.00,50.00,--,--,0.00,EXECUTING,41,2.115,2.4810,0.2400,-1.4384,0.0087,0.0550,0.004
11.809,11.298,0.975,NAVIGATE_TO_RAMP,diverged1,0.5425,-0.0027,0.0527,0.020668,0.003640,0.029321,0.560,3,0.0388,0.0024,-0.0058,-0.440,0.00000,0.5728,0.0016,0.0475,0.1326,-0.0241,0.010,0.0133,0.0500,1.0000,60,0.060,29.65,19.43,19.69,29.71,0.3000,-0.0256,10.02,1.00,50.00,--,--,0.00,EXECUTING,41,2.115,2.4810,0.2400,-1.4276,0.0092,0.0534,0.020
11.909,11.394,0.973,NAVIGATE_TO_RAMP,diverged1,0.5425,-0.0027,0.0527,0.020668,0.003640,0.029321,0.656,3,0.0388,0.0024,-0.0058,-0.444,0.00000,0.5860,0.0022,0.0451,0.1336,-0.0243,0.006,0.0133,0.0500,1.0000,60,0.056,29.84,19.55,19.57,29.84,0.2842,-0.0256,10.11,1.00,50.00,--,--,0.00,EXECUTING,41,2.115,2.4810,0.2400,-1.4144,0.0097,0.0513,0.016
12.009,11.490,0.972,NAVIGATE_TO_RAMP,diverged1,0.5425,-0.0027,0.0527,0.020668,0.003640,0.029321,0.752,3,0.0388,0.0024,-0.0058,-0.448,0.00000,0.5987,0.0028,0.0426,0.1278,-0.0251,0.002,0.0133,0.0500,1.0000,60,0.052,29.96,19.63,19.52,29.90,0.2842,-0.0256,10.00,1.00,50.00,--,--,0.00,EXECUTING,41,2.115,2.4810,0.2400,-1.4017,0.0102,0.0490,0.012
12.109,11.590,0.969,NAVIGATE_TO_RAMP,diverged1,0.5425,-0.0027,0.0527,0.020668,0.003640,0.029321,0.852,3,0.0388,0.0024,-0.0058,-0.448,0.00000,0.6113,0.0033,0.0401,0.1316,-0.0259,0.002,0.0117,0.0500,1.0000,60,0.052,29.90,19.55,19.52,29.96,0.3000,-0.0256,10.25,1.00,50.00,--,--,0.00,EXECUTING,41,2.115,2.4810,0.2400,-1.3890,0.0106,0.0466,0.012
12.209,11.690,0.972,NAVIGATE_TO_RAMP,diverged1,0.5425,-0.0027,0.0527,0.020668,0.003640,0.029321,0.952,3,0.0388,0.0024,-0.0058,-0.448,0.00000,0.6242,0.0038,0.0377,0.1340,-0.0260,0.002,0.0108,0.0500,1.0000,60,0.052,29.84,19.55,19.48,29.84,0.3000,-0.0256,10.00,1.00,50.00,--,--,0.00,EXECUTING,41,2.115,2.4810,0.2400,-1.3762,0.0110,0.0443,0.012
12.309,11.790,0.979,NAVIGATE_TO_RAMP,diverged1,0.5425,-0.0027,0.0527,0.020668,0.003640,0.029321,1.052,3,0.0388,0.0024,-0.0058,-0.448,0.00000,0.6370,0.0043,0.0352,0.1584,-0.0295,0.002,0.0100,0.0500,1.0000,60,0.052,29.72,20.47,20.45,29.72,0.1250,-0.0256,10.00,0.00,50.00,--,--,0.00,EXECUTING,41,2.115,2.4810,0.2400,-1.3634,0.0114,0.0420,0.012
12.409,11.890,0.981,NAVIGATE_TO_RAMP,diverged1,0.5425,-0.0027,0.0527,0.020668,0.003640,0.029321,1.152,3,0.0388,0.0024,-0.0058,-0.448,0.00000,0.6482,0.0046,0.0334,0.1130,-0.0180,0.002,0.0108,0.0500,1.0000,60,0.052,30.61,20.43,20.17,30.61,0.2842,-0.0256,10.00,0.00,49.90,--,--,0.00,EXECUTING,41,2.115,2.4810,0.2400,-1.3515,0.0117,0.0399,0.012
12.509,11.988,0.984,NAVIGATE_TO_RAMP,diverged1,0.5425,-0.0027,0.0527,0.020668,0.003640,0.029321,1.250,3,0.0388,0.0024,-0.0058,-0.450,0.00000,0.6601,0.0050,0.0319,0.1336,-0.0149,0.020,0.0100,0.0500,1.0000,60,0.050,29.65,19.43,19.15,29.59,0.3000,-0.0256,9.98,0.00,50.10,--,--,0.00,EXECUTING,41,2.115,2.4810,0.2400,-1.3373,0.0122,0.0388,0.010
12.609,12.088,0.984,NAVIGATE_TO_RAMP,diverged1,0.5425,-0.0027,0.0527,0.020668,0.003640,0.029321,1.350,3,0.0388,0.0024,-0.0058,-0.450,0.00000,0.6746,0.0055,0.0294,0.1689,-0.0284,0.020,0.0125,0.0500,1.0000,60,0.050,29.41,19.27,19.15,29.41,0.2842,-0.0256,10.00,0.00,50.00,--,--,0.00,EXECUTING,41,2.115,2.4810,0.2400,-1.3231,0.0126,0.0368,0.010
12.709,12.186,0.987,NAVIGATE_TO_RAMP,diverged1,0.5425,-0.0027,0.0527,0.020668,0.003640,0.029321,1.448,3,0.0388,0.0024,-0.0058,-0.452,0.00000,0.6873,0.0058,0.0269,0.1409,-0.0278,0.018,0.0117,0.0500,1.0000,60,0.048,29.53,19.35,19.23,29.47,0.2842,-0.0256,9.98,0.00,50.00,--,--,0.00,EXECUTING,38,1.982,2.4810,0.2400,-1.3105,0.0128,0.0344,0.008
12.809,12.284,0.989,NAVIGATE_TO_RAMP,diverged1,0.5425,-0.0027,0.0527,0.020668,0.003640,0.029321,1.546,3,0.0388,0.0024,-0.0058,-0.454,0.00000,0.7000,0.0062,0.0245,0.1316,-0.0259,0.016,0.0108,0.0500,1.0000,60,0.046,29.41,19.27,19.11,29.35,0.2684,-0.0256,10.02,0.00,50.00,--,--,0.00,EXECUTING,38,1.982,2.4810,0.2400,-1.2978,0.0131,0.0320,0.006
12.909,12.386,0.993,NAVIGATE_TO_RAMP,diverged1,0.5425,-0.0027,0.0527,0.020668,0.003640,0.029321,1.648,3,0.0388,0.0024,-0.0058,-0.452,0.00000,0.7126,0.0065,0.0220,0.1304,-0.0260,0.020,0.0108,0.0500,1.0000,60,0.048,29.23,19.15,19.35,30.30,0.3000,-0.1282,10.00,0.00,50.10,--,--,0.00,EXECUTING,38,1.982,2.4810,0.2400,-1.2851,0.0132,0.0296,0.008
13.009,12.484,0.995,NAVIGATE_TO_RAMP,diverged1,0.5425,-0.0027,0.0527,0.020668,0.003640,0.029321,1.746,3,0.0388,0.0024,-0.0058,-0.454,0.00000,0.7253,0.0067,0.0193,0.1245,-0.0264,0.016,0.0133,0.0500,1.0000,60,0.046,29.12,19.07,18.99,30.12,0.2842,-0.0769,9.96,0.00,50.00,--,--,0.00,EXECUTING,38,1.982,2.4810,0.2400,-1.2725,0.0134,0.0270,0.006
13.109,12.584,0.994,NAVIGATE_TO_RAMP,diverged1,0.5425,-0.0027,0.0527,0.020668,0.003640,0.029321,1.846,3,0.0388,0.0024,-0.0058,-0.454,0.00000,0.7385,0.0070,0.0163,0.1436,-0.0324,0.022,0.0133,0.0500,1.0000,60,0.046,29.12,19.11,19.07,30.12,0.2842,-0.1282,10.02,0.00,50.41,--,--,0.00,EXECUTING,38,1.982,2.4810,0.2400,-1.2593,0.0136,0.0247,0.006
13.209,12.686,0.995,NAVIGATE_TO_RAMP,diverged1,0.5425,-0.0027,0.0527,0.020668,0.003640,0.029321,1.948,3,0.0388,0.0024,-0.0058,-0.452,0.00000,0.7512,0.0071,0.0135,0.1237,-0.0272,0.018,0.0117,0.0500,1.0000,60,0.048,29.18,19.07,19.31,31.12,0.3000,-0.0769,9.98,0.00,50.00,--,--,0.00,EXECUTING,38,1.982,2.4810,0.2400,-1.2466,0.0136,0.0221,0.008
13.309,12.784,0.993,NAVIGATE_TO_RAMP,diverged1,0.8182,0.0073,0.0132,0.029952,0.008682,0.040188,0.046,4,0.0581,-0.0012,0.0017,-0.454,0.01962,0.7639,0.0073,0.0107,0.1294,-0.0283,0.016,0.0117,0.0500,1.0000,60,0.046,29.18,19.07,19.07,31.25,0.3000,-0.0256,10.00,1.00,50.00,--,--,0.00,EXECUTING,38,1.982,2.4810,0.2400,-1.2339,0.0137,0.0195,0.006
13.409,12.884,0.995,NAVIGATE_TO_RAMP,diverged1,0.8182,0.0073,0.0132,0.029952,0.008682,0.040188,0.146,4,0.0581,-0.0012,0.0017,-0.454,0.00000,0.7771,0.0074,0.0083,0.1330,-0.0246,0.016,0.0108,0.0500,1.0000,60,0.046,29.12,20.13,20.36,31.45,0.1250,-0.0256,9.98,1.00,50.10,--,--,0.00,EXECUTING,38,1.982,2.4810,0.2400,-1.2206,0.0138,0.0173,0.006
13.509,12.982,0.994,NAVIGATE_TO_RAMP,diverged1,0.8182,0.0073,0.0132,0.029952,0.008682,0.040188,0.244,4,0.0581,-0.0012,0.0017,-0.456,0.00000,0.7895,0.0075,0.0064,0.1295,-0.0199,0.014,0.0108,0.0500,1.0000,60,0.044,30.06,20.13,20.08,32.19,0.2842,-0.0256,10.00,1.00,50.10,--,--,0.00,EXECUTING,38,1.982,2.4810,0.2400,-1.2087,0.0139,0.0158,0.004
13.609,13.082,0.996,NAVIGATE_TO_RAMP,diverged1,0.8182,0.0073,0.0132,0.029952,0.008682,0.040188,0.344,4,0.0581,-0.0012,0.0017,-0.456,0.00000,0.8000,0.0076,0.0048,0.1093,-0.0167,0.014,0.0117,0.0500,1.0000,60,0.044,29.18,19.11,19.07,31.19,0.2684,-0.0256,10.00,1.00,50.10,--,--,0.00,EXECUTING,38,1.982,2.4810,0.2400,-1.1976,0.0140,0.0146,0.004
13.709,13.182,0.998,NAVIGATE_TO_RAMP,diverged1,0.8182,0.0073,0.0132,0.029952,0.008682,0.040188,0.444,4,0.0581,-0.0012,0.0017,-0.456,0.00000,0.8130,0.0076,0.0023,0.1464,-0.0267,0.014,0.0075,0.0500,1.0000,60,0.044,29.29,19.07,19.07,31.38,0.1250,-0.0256,10.00,1.00,50.10,--,--,0.00,EXECUTING,35,1.831,2.4810,0.2400,-1.1847,0.0139,0.0122,0.004
13.809,13.282,0.998,NAVIGATE_TO_RAMP,diverged1,0.8182,0.0073,0.0132,0.029952,0.008682,0.040188,0.544,4,0.0581,-0.0012,0.0017,-0.456,0.00000,0.8263,0.0076,-0.0001,0.1374,-0.0251,0.014,0.0025,0.0000,1.0000,60,0.044,29.00,18.99,18.99,31.45,0.1250,-0.0256,9.98,1.00,50.00,--,--,0.00,EXECUTING,35,1.831,2.4810,0.2400,-1.1714,0.0139,0.0101,0.004
13.909,13.380,0.995,NAVIGATE_TO_RAMP,diverged1,0.8182,0.0073,0.0132,0.029952,0.008682,0.040188,0.642,4,0.0581,-0.0012,0.0017,-0.458,0.00000,0.8394,0.0076,-0.0026,0.1362,-0.0255,0.012,0.0017,0.0000,1.0000,60,0.042,29.12,19.03,18.99,31.06,0.2526,-0.0256,10.07,1.00,50.10,--,--,0.00,EXECUTING,35,1.831,2.4810,0.2400,-1.1582,0.0139,0.0080,0.002
14.008,13.480,0.996,NAVIGATE_TO_RAMP,diverged1,0.8182,0.0073,0.0132,0.029952,0.008682,0.040188,0.742,4,0.0581,-0.0012,0.0017,-0.458,0.00000,0.8521,0.0076,-0.0050,0.1326,-0.0261,0.012,0.0025,0.0000,1.0000,60,0.042,29.06,19.07,19.19,30.40,0.1250,-0.0256,10.02,1.00,50.00,--,--,0.00,EXECUTING,35,1.831,2.4810,0.2400,-1.1455,0.0138,0.0056,0.002
14.109,13.578,0.994,NAVIGATE_TO_RAMP,diverged1,0.8182,0.0073,0.0132,0.029952,0.008682,0.040188,0.840,4,0.0581,-0.0012,0.0017,-0.460,0.00000,0.8653,0.0075,-0.0080,0.1373,-0.0307,0.010,0.0042,0.0000,1.0000,60,0.040,29.23,19.11,19.07,30.24,0.3000,-0.1282,10.09,1.00,50.00,--,--,0.00,EXECUTING,35,1.831,2.4810,0.2400,-1.1348,0.0137,0.0037,0.020
14.209,13.676,0.991,NAVIGATE_TO_RAMP,diverged1,0.8182,0.0073,0.0132,0.029952,0.008682,0.040188,0.938,4,0.0581,-0.0012,0.0017,-0.462,0.00000,0.8785,0.0073,-0.0115,0.1330,-0.0349,0.008,0.0042,0.0000,1.0000,60,0.038,29.23,19.11,19.15,30.46,0.1250,-0.0256,9.98,1.00,50.00,--,--,0.00,EXECUTING,35,1.831,2.4810,0.2400,-1.1216,0.0135,0.0010,0.018
14.309,13.778,0.994,NAVIGATE_TO_RAMP,diverged1,0.8182,0.0073,0.0132,0.029952,0.008682,0.040188,1.040,4,0.0581,-0.0012,0.0017,-0.460,0.00000,0.8915,0.0072,-0.0147,0.1349,-0.0325,0.010,0.0042,0.0000,1.0000,60,0.040,29.23,19.11,19.27,29.18,0.2842,-0.1282,9.93,0.00,50.00,--,--,0.00,EXECUTING,35,1.831,2.4810,0.2400,-1.1087,0.0133,-0.0016,0.020
14.409,13.876,0.992,NAVIGATE_TO_RAMP,diverged1,0.8182,0.0073,0.0132,0.029952,0.008682,0.040188,1.138,4,0.0581,-0.0012,0.0017,-0.462,0.00000,0.9047,0.0070,-0.0181,0.1330,-0.0350,0.008,0.0042,0.0000,1.0000,60,0.038,29.23,19.15,19.23,29.29,0.3000,-0.0769,10.00,0.00,50.00,--,--,0.00,EXECUTING,35,1.831,2.4810,0.2400,-1.0955,0.0130,-0.0044,0.018
14.509,13.978,0.996,NAVIGATE_TO_RAMP,diverged1,0.8182,0.0073,0.0132,0.029952,0.008682,0.040188,1.240,4,0.0581,-0.0012,0.0017,-0.460,0.00000,0.9176,0.0067,-0.0212,0.1349,-0.0311,0.010,0.0042,0.0000,1.0000,60,0.040,29.18,20.04,20.09,29.12,0.3000,-0.1795,9.87,0.00,50.00,--,--,0.00,EXECUTING,35,1.831,2.4810,0.2400,-1.0825,0.0128,-0.0070,0.020
14.609,14.078,0.995,NAVIGATE_TO_RAMP,diverged1,0.8182,0.0073,0.0132,0.029952,0.008682,0.040188,1.340,4,0.0581,-0.0012,0.0017,-0.460,0.00000,0.9296,0.0064,-0.0239,0.1210,-0.0274,0.010,0.0042,0.0000,1.0000,60,0.040,30.06,20.18,20.17,30.40,0.0000,0.0000,10.00,0.00,50.00,--,--,0.00,EXECUTING,35,1.831,2.4810,0.2400,-1.0699,0.0125,-0.0091,0.020
14.709,14.172,0.989,NAVIGATE_TO_RAMP,diverged1,0.8182,0.0073,0.0132,0.029952,0.008682,0.040188,1.434,4,0.0581,-0.0012,0.0017,-0.466,0.00000,0.9378,0.0062,-0.0313,0.0839,-0.0739,0.004,0.0042,0.0000,1.0000,60,0.034,29.41,19.19,19.27,29.41,0.2842,-0.1795,10.02,0.00,50.00,--,--,0.00,EXECUTING,35,1.831,2.4810,0.2400,-1.0628,0.0121,-0.0125,0.014
14.809,14.272,0.990,NAVIGATE_TO_RAMP,diverged1,0.8182,0.0073,0.0132,0.029952,0.008682,0.040188,1.534,4,0.0581,-0.0012,0.0017,-0.466,0.00000,0.9504,0.0057,-0.0473,0.1277,-0.1609,0.004,0.0042,0.0000,1.0000,60,0.034,29.23,19.19,19.15,29.23,0.1250,-0.1600,9.93,0.00,49.60,--,--,0.00,EXECUTING,32,1.678,2.4810,0.2400,-1.0501,0.0105,-0.0289,0.014
14.909,14.358,0.975,NAVIGATE_TO_RAMP,diverged1,0.8182,0.0073,0.0132,0.029952,0.008682,0.040188,1.620,4,0.0581,-0.0012,0.0017,-0.480,0.00000,0.9606,0.0052,-0.0600,0.1350,-0.1702,0.014,0.0050,0.0050,1.0000,60,0.020,29.23,19.39,19.11,29.23,0.1250,-0.1600,9.98,0.00,50.10,--,--,0.00,EXECUTING,32,1.678,2.4810,0.2400,-1.0374,0.0086,-0.0450,0.000
15.009,14.458,0.978,NAVIGATE_TO_RAMP,diverged1,0.8182,0.0073,0.0132,0.029952,0.008682,0.040188,1.720,4,0.0581,-0.0012,0.0017,-0.480,0.00000,0.9732,0.0043,-0.0756,0.1244,-0.1528,0.010,0.0025,0.0000,1.0000,60,0.020,29.77,19.43,19.74,29.77,0.3000,-0.1795,9.91,0.00,50.00,--,--,0.00,EXECUTING,32,1.678,2.4810,0.2400,-1.0272,0.0071,-0.0571,0.020
15.109,14.552,0.972,NAVIGATE_TO_RAMP,diverged1,0.8182,0.0073,0.0132,0.029952,0.008682,0.040188,1.814,4,0.0581,-0.0012,0.0017,-0.486,0.00000,0.9864,0.0032,-0.0914,0.1341,-0.1588,0.004,0.0008,0.0000,1.0000,60,0.014,29.85,19.51,19.57,29.85,0.1250,-0.1600,10.02,0.00,49.90,--,--,0.00,EXECUTING,32,1.678,2.4810,0.2400,-1.0139,0.0051,-0.0721,0.014
15.209,14.650,0.969,NAVIGATE_TO_RAMP,diverged1,0.8182,0.0073,0.0132,0.029952,0.008682,0.040188,1.912,4,0.0581,-0.0012,0.0017,-0.488,0.00000,0.9991,0.0019,-0.1070,0.1287,-0.1564,0.002,0.0033,0.0000,1.0000,60,0.012,29.72,19.55,19.48,29.79,0.1250,-0.1600,10.09,0.00,50.00,--,--,0.00,EXECUTING,32,1.678,2.4810,0.2400,-1.0012,0.0028,-0.0873,0.012
15.308,14.744,0.966,NAVIGATE_TO_RAMP,diverged1,0.8182,0.0073,0.0132,0.029952,0.008682,0.040188,2.006,4,0.0581,-0.0012,0.0017,-0.394,0.00000,1.0092,0.0008,-0.1197,0.1314,-0.1654,0.016,0.0028,0.0000,1.0000,60,0.006,29.96,19.67,19.52,30.02,0.3000,-0.0256,10.10,0.00,50.00,--,--,0.00,EXECUTING,32,1.678,2.4810,0.2400,-0.9885,0.0004,-0.1029,0.006
15.409,14.844,0.962,NAVIGATE_TO_RAMP,diverged1,1.0749,-0.0049,-0.1330,0.037721,0.014528,0.046779,0.106,5,0.0645,0.0062,-0.0117,-0.394,0.00984,1.0224,-0.0009,-0.1339,0.1338,-0.1434,0.016,0.0067,0.0500,1.0000,60,0.106,30.02,19.63,20.09,30.99,0.3000,-0.1282,10.02,1.00,50.00,--,--,0.00,EXECUTING,32,1.678,2.4810,0.2400,-0.9751,-0.0018,-0.1149,0.006
15.509,14.938,0.960,NAVIGATE_TO_RAMP,diverged1,1.0749,-0.0049,-0.1330,0.037721,0.014528,0.046779,0.200,5,0.0645,0.0062,-0.0117,-0.400,0.00000,1.0356,-0.0027,-0.1489,0.1422,-0.1594,0.012,0.0075,0.0500,1.0000,60,0.100,30.15,19.71,19.87,31.25,0.3000,-0.0769,10.14,1.00,50.00,--,--,0.00,EXECUTING,32,1.678,2.4810,0.2400,-0.9617,-0.0043,-0.1280,0.000
15.609,15.032,0.955,NAVIGATE_TO_RAMP,diverged1,1.0749,-0.0049,-0.1330,0.037721,0.014528,0.046779,0.294,5,0.0645,0.0062,-0.0117,-0.406,0.00000,1.0482,-0.0047,-0.1642,0.1297,-0.1558,0.006,0.0083,0.0500,1.0000,60,0.094,30.12,20.97,19.79,31.12,0.2842,-0.0769,10.00,1.00,50.00,--,--,0.00,EXECUTING,32,1.678,2.4810,0.2400,-0.9514,-0.0064,-0.1391,0.014
15.709,15.134,0.957,NAVIGATE_TO_RAMP,diverged1,1.0749,-0.0049,-0.1330,0.037721,0.014528,0.046779,0.396,5,0.0645,0.0062,-0.0117,-0.404,0.00000,1.0624,-0.0072,-0.1770,0.1424,-0.1250,0.006,0.0100,0.0500,1.0000,60,0.096,31.06,20.83,20.75,32.06,0.2684,-0.0256,9.98,1.00,49.90,--,--,0.00,EXECUTING,32,1.678,2.4810,0.2400,-0.9367,-0.0090,-0.1474,0.016
15.809,15.228,0.967,NAVIGATE_TO_RAMP,diverged1,1.0749,-0.0049,-0.1330,0.037721,0.014528,0.046779,0.490,5,0.0645,0.0062,-0.0117,-0.410,0.00000,1.0696,-0.0085,-0.1808,0.0738,-0.0388,0.002,0.0170,0.0500,1.0000,60,0.090,30.36,20.93,21.11,31.38,0.0000,0.0000,10.04,1.00,50.00,--,--,0.00,EXECUTING,30,1.580,2.4810,0.2400,-0.9282,-0.0105,-0.1524,0.010
15.909,15.330,0.972,NAVIGATE_TO_RAMP,diverged1,1.0749,-0.0049,-0.1330,0.037721,0.014528,0.046779,0.592,5,0.0645,0.0062,-0.0117,-0.408,0.00000,1.0774,-0.0099,-0.1827,0.0798,-0.0187,0.002,0.0165,0.0500,1.0000,60,0.092,29.29,18.56,18.79,31.25,0.2684,-0.0256,10.00,1.00,49.90,--,--,0.00,EXECUTING,30,1.580,2.4810,0.2400,-0.9216,-0.0116,-0.1537,0.012
16.009,15.430,0.972,NAVIGATE_TO_RAMP,diverged1,1.0749,-0.0049,-0.1330,0.037721,0.014528,0.046779,0.692,5,0.0645,0.0062,-0.0117,-0.408,0.00000,1.0897,-0.0122,-0.1853,0.1260,-0.0259,0.002,0.0192,0.0500,1.0000,60,0.092,28.75,18.52,18.44,30.86,0.2526,-0.0256,10.07,1.00,50.00,--,--,0.00,EXECUTING,30,1.580,2.4810,0.2400,-0.9092,-0.0138,-0.1562,0.012
16.109,15.528,0.976,NAVIGATE_TO_RAMP,diverged1,1.0749,-0.0049,-0.1330,0.037721,0.014528,0.046779,0.790,5,0.0645,0.0062,-0.0117,-0.410,0.00000,1.1022,-0.0146,-0.1877,0.1409,-0.0275,0.000,0.0167,0.0500,1.0000,60,0.090,28.75,18.40,18.16,30.86,0.2526,-0.0256,9.96,1.00,50.00,--,--,0.00,EXECUTING,30,1.580,2.4810,0.2400,-0.8967,-0.0159,-0.1585,0.010
16.210,15.630,0.983,NAVIGATE_TO_RAMP,diverged1,1.0749,-0.0049,-0.1330,0.037721,0.014528,0.046779,0.892,5,0.0645,0.0062,-0.0117,-0.408,0.00000,1.1145,-0.0169,-0.1903,0.1271,-0.0261,0.002,0.0175,0.0500,1.0000,60,0.092,28.69,18.37,18.12,30.67,0.3000,0.0000,10.02,1.00,50.00,--,--,0.00,EXECUTING,30,1.580,2.4810,0.2400,-0.8844,-0.0181,-0.1610,0.012
16.309,15.730,0.985,NAVIGATE_TO_RAMP,diverged1,1.0749,-0.0049,-0.1330,0.037721,0.014528,0.046779,0.992,5,0.0645,0.0062,-0.0117,-0.408,0.00000,1.1269,-0.0193,-0.1926,0.1352,-0.0252,0.004,0.0175,0.0500,1.0000,60,0.092,28.46,18.26,18.16,30.49,0.3000,-0.0256,9.98,1.00,50.10,--,--,0.00,EXECUTING,30,1.580,2.4810,0.2400,-0.8719,-0.0203,-0.1631,0.012
16.409,15.830,0.986,NAVIGATE_TO_RAMP,diverged1,1.0749,-0.0049,-0.1330,0.037721,0.014528,0.046779,1.092,5,0.0645,0.0062,-0.0117,-0.408,0.00000,1.1392,-0.0217,-0.1951,0.1240,-0.0254,0.002,0.0187,0.0500,1.0000,60,0.092,28.40,18.26,18.16,30.43,0.2842,-0.0256,9.98,0.00,50.10,--,--,0.00,EXECUTING,30,1.580,2.4810,0.2400,-0.8595,-0.0225,-0.1656,0.012
16.509,15.928,0.995,NAVIGATE_TO_RAMP,diverged1,1.0749,-0.0049,-0.1330,0.037721,0.014528,0.046779,1.190,5,0.0645,0.0062,-0.0117,-0.410,0.00000,1.1490,-0.0237,-0.1972,0.1298,-0.0266,0.020,0.0175,0.0500,1.0000,60,0.090,28.28,18.26,18.01,29.11,0.1250,-0.0256,9.93,0.00,50.00,--,--,0.00,EXECUTING,30,1.580,2.4810,0.2400,-0.8472,-0.0248,-0.1681,0.010
16.609,16.028,0.993,NAVIGATE_TO_RAMP,diverged1,1.0749,-0.0049,-0.1330,0.037721,0.014528,0.046779,1.290,5,0.0645,0.0062,-0.0117,-0.410,0.00000,1.1639,-0.0267,-0.2002,0.1310,-0.0254,0.002,0.0192,0.0500,1.0000,60,0.090,28.23,18.11,18.20,29.18,0.3000,0.0000,10.00,0.00,50.00,--,--,0.00,EXECUTING,30,1.580,2.4810,0.2400,-0.8347,-0.0271,-0.1703,0.010
16.709,16.126,0.993,NAVIGATE_TO_RAMP,diverged1,1.0749,-0.0049,-0.1330,0.037721,0.014528,0.046779,1.388,5,0.0645,0.0062,-0.0117,-0.412,0.00000,1.1738,-0.0287,-0.2020,0.1305,-0.0243,0.020,0.0175,0.0500,1.0000,60,0.088,28.17,18.07,17.78,29.23,0.3000,0.0000,10.00,0.00,50.10,--,--,0.00,EXECUTING,30,1.580,2.4810,0.2400,-0.8222,-0.0294,-0.1725,0.008
16.809,16.228,0.998,NAVIGATE_TO_RAMP,diverged1,1.0749,-0.0049,-0.1330,0.037721,0.014528,0.046779,1.490,5,0.0645,0.0062,-0.0117,-0.410,0.00000,1.1862,-0.0313,-0.2043,0.1389,-0.0254,0.020,0.0167,0.0500,1.0000,60,0.090,29.06,20.04,20.09,30.00,0.3000,-0.0769,9.98,0.00,50.00,--,--,0.00,EXECUTING,28,1.441,2.4810,0.2400,-0.8097,-0.0318,-0.1746,0.010
16.909,16.328,0.998,NAVIGATE_TO_RAMP,diverged1,1.0749,-0.0049,-0.1330,0.037721,0.014528,0.046779,1.590,5,0.0645,0.0062,-0.0117,-0.410,0.00000,1.1985,-0.0338,-0.2068,0.1263,-0.0255,0.020,0.0175,0.0500,1.0000,60,0.090,30.06,20.04,19.83,30.02,0.0000,0.0000,9.96,0.00,50.00,--,--,0.00,EXECUTING,28,1.441,2.4810,0.2400,-0.7977,-0.0340,-0.1765,0.010
17.009,16.428,1.000,NAVIGATE_TO_RAMP,diverged1,1.0749,-0.0049,-0.1330,0.037721,0.014528,0.046779,1.690,5,0.0645,0.0062,-0.0117,-0.410,0.00000,1.2089,-0.0360,-0.2102,0.1091,-0.0344,0.020,0.0183,0.0500,1.0000,60,0.090,29.06,18.95,18.83,29.00,0.3000,0.0769,10.00,0.00,50.00,--,--,0.00,EXECUTING,28,1.441,2.4810,0.2400,-0.7869,-0.0361,-0.1787,0.010
17.109,16.520,0.993,NAVIGATE_TO_RAMP,diverged1,1.0749,-0.0049,-0.1330,0.037721,0.014528,0.046779,1.782,5,0.0645,0.0062,-0.0117,-0.418,0.00000,1.2214,-0.0387,-0.2173,0.1288,-0.0718,0.012,0.0208,0.0500,1.0000,60,0.082,29.23,19.08,18.79,29.23,0.3000,-0.0256,10.00,0.00,50.00,--,--,0.00,EXECUTING,28,1.441,2.4810,0.2400,-0.7743,-0.0387,-0.1847,0.002
17.208,16.624,0.995,NAVIGATE_TO_RAMP,diverged1,1.0749,-0.0049,-0.1330,0.037721,0.014528,0.046779,1.886,5,0.0645,0.0062,-0.0117,-0.414,0.00000,1.2338,-0.0415,-0.2245,0.1289,-0.0729,0.016,0.0212,0.0500,1.0000,60,0.086,29.12,19.08,18.79,29.18,0.3000,-0.0769,10.00,0.00,50.00,--,--,0.00,EXECUTING,28,1.441,2.4810,0.2400,-0.7618,-0.0415,-0.1910,0.006
17.309,16.724,0.993,NAVIGATE_TO_RAMP,diverged1,1.0749,-0.0049,-0.1330,0.037721,0.014528,0.046779,1.986,5,0.0645,0.0062,-0.0117,-0.414,0.00000,1.2462,-0.0444,-0.2320,0.1315,-0.0774,0.016,0.0200,0.0500,1.0000,60,0.086,29.18,19.15,19.03,29.12,0.3000,-0.0256,10.07,0.00,49.90,--,--,0.00,EXECUTING,28,1.441,2.4810,0.2400,-0.7494,-0.0443,-0.1976,0.006
17.409,16.824,0.996,NAVIGATE_TO_RAMP,diverged1,1.0749,-0.0049,-0.1330,0.037721,0.014528,0.046779,2.086,5,0.0645,0.0062,-0.0117,-0.414,0.00000,1.2590,-0.0475,-0.2385,0.1342,-0.0670,0.016,0.0207,0.0500,1.0000,60,0.086,29.18,19.11,19.11,29.12,0.2842,-0.0256,9.98,0.00,50.00,--,--,0.00,EXECUTING,28,1.441,2.4810,0.2400,-0.7363,-0.0473,-0.2030,0.006
17.509,16.920,0.992,NAVIGATE_TO_RAMP,diverged1,1.3259,-0.0660,-0.2452,0.043205,0.019675,0.054747,0.082,6,0.0633,-0.0113,-0.0050,-0.418,0.01755,1.2719,-0.0506,-0.2449,0.1327,-0.0641,0.012,0.0203,0.0500,1.0000,60,0.082,29.29,19.15,19.11,29.23,0.3000,-0.0256,10.07,1.00,50.00,--,--,0.00,EXECUTING,28,1.441,2.4810,0.2400,-0.7232,-0.0502,-0.2082,0.002
17.610,17.020,0.992,NAVIGATE_TO_RAMP,diverged1,1.3259,-0.0660,-0.2452,0.043205,0.019675,0.054747,0.182,6,0.0633,-0.0113,-0.0050,-0.418,0.00000,1.2841,-0.0537,-0.2523,0.1353,-0.0807,0.012,0.0196,0.0500,0.9667,60,0.082,29.18,19.15,19.11,29.18,0.3000,0.0000,9.98,1.00,50.00,--,--,0.00,EXECUTING,28,1.441,2.4810,0.2400,-0.7109,-0.0534,-0.2149,0.002
17.709,17.116,0.987,NAVIGATE_TO_RAMP,diverged1,1.3259,-0.0660,-0.2452,0.043205,0.019675,0.054747,0.278,6,0.0633,-0.0113,-0.0050,-0.422,0.00000,1.2964,-0.0569,-0.2594,0.1290,-0.0728,0.008,0.0234,0.0500,0.9500,60,0.078,29.29,19.19,18.99,29.29,0.2842,0.0000,9.91,1.00,50.00,--,--,0.00,EXECUTING,28,1.441,2.4810,0.2400,-0.7009,-0.0558,-0.2198,0.018
17.809,17.218,0.990,NAVIGATE_TO_RAMP,diverged1,1.3259,-0.0660,-0.2452,0.043205,0.019675,0.054747,0.380,6,0.0633,-0.0113,-0.0050,-0.420,0.00000,1.3092,-0.0604,-0.2655,0.1332,-0.0621,0.010,0.0254,0.0736,0.9500,60,0.080,29.29,19.19,19.15,29.35,0.2842,0.0000,9.98,1.00,50.00,--,--,0.00,EXECUTING,28,1.441,2.4810,0.2400,-0.6879,-0.0590,-0.2249,0.020
17.909,17.316,0.988,NAVIGATE_TO_RAMP,diverged1,1.3259,-0.0660,-0.2452,0.043205,0.019675,0.054747,0.478,6,0.0633,-0.0113,-0.0050,-0.422,0.00000,1.3219,-0.0639,-0.2717,0.1325,-0.0624,0.008,0.0251,0.0707,0.9667,60,0.078,29.29,20.21,20.41,29.60,0.1250,-0.0769,9.89,1.00,50.00,--,--,0.00,EXECUTING,26,1.332,2.4810,0.2400,-0.6750,-0.0623,-0.2300,0.018
18.009,17.418,0.990,NAVIGATE_TO_RAMP,diverged1,1.3259,-0.0660,-0.2452,0.043205,0.019675,0.054747,0.580,6,0.0633,-0.0113,-0.0050,-0.420,0.00000,1.3335,-0.0671,-0.2758,0.1227,-0.0423,0.010,0.0237,0.0500,0.9833,60,0.080,30.30,20.21,20.21,30.30,0.3000,0.0769,9.98,1.00,50.10,--,--,0.00,EXECUTING,26,1.332,2.4810,0.2400,-0.6627,-0.0654,-0.2339,0.020
18.109,17.510,0.983,NAVIGATE_TO_RAMP,diverged1,1.3259,-0.0660,-0.2452,0.043205,0.019675,0.054747,0.672,6,0.0633,-0.0113,-0.0050,-0.428,0.00000,1.3450,-0.0704,-0.2714,0.1196,0.0437,0.002,0.0228,0.0500,1.0000,60,0.072,29.35,19.31,19.07,29.29,0.2842,0.0769,10.00,1.00,50.00,--,--,0.00,EXECUTING,26,1.332,2.4810,0.2400,-0.6518,-0.0679,-0.2313,0.012
18.209,17.610,0.984,NAVIGATE_TO_RAMP,diverged1,1.3259,-0.0660,-0.2452,0.043205,0.019675,0.054747,0.772,6,0.0633,-0.0113,-0.0050,-0.428,0.00000,1.3572,-0.0737,-0.2638,0.1406,0.0858,0.002,0.0228,0.0500,1.0000,60,0.072,29.41,19.27,19.03,29.41,0.2842,0.0769,9.91,1.00,50.00,--,--,0.00,EXECUTING,26,1.332,2.4810,0.2400,-0.6393,-0.0704,-0.2247,0.012
18.308,17.706,0.983,NAVIGATE_TO_RAMP,diverged1,1.3259,-0.0660,-0.2452,0.043205,0.019675,0.054747,0.868,6,0.0633,-0.0113,-0.0050,-0.432,0.00000,1.3670,-0.0763,-0.2578,0.1267,0.0751,0.018,0.0212,0.0500,1.0000,60,0.068,29.53,19.27,19.57,29.53,0.3000,0.0769,10.09,1.00,50.10,--,--,0.00,EXECUTING,26,1.332,2.4810,0.2400,-0.6269,-0.0728,-0.2180,0.008
18.409,17.804,0.982,NAVIGATE_TO_RAMP,diverged1,1.3259,-0.0660,-0.2452,0.043205,0.019675,0.054747,0.966,6,0.0633,-0.0113,-0.0050,-0.434,0.00000,1.3793,-0.0795,-0.2503,0.1298,0.0771,0.018,0.0217,0.0500,1.0000,60,0.066,29.53,19.43,19.57,29.59,0.3000,0.0769,9.96,1.00,49.90,--,--,0.00,EXECUTING,26,1.332,2.4810,0.2400,-0.6145,-0.0751,-0.2113,0.006
18.509,17.898,0.978,NAVIGATE_TO_RAMP,diverged1,1.3259,-0.0660,-0.2452,0.043205,0.019675,0.054747,1.060,6,0.0633,-0.0113,-0.0050,-0.440,0.00000,1.3920,-0.0827,-0.2430,0.1311,0.0731,0.010,0.0233,0.0500,1.0000,60,0.060,29.65,19.43,19.61,29.71,0.2842,0.0256,10.02,0.00,50.00,--,--,0.00,EXECUTING,26,1.332,2.4810,0.2400,-0.6040,-0.0771,-0.2065,0.020
18.609,17.996,0.977,NAVIGATE_TO_RAMP,diverged1,1.3259,-0.0660,-0.2452,0.043205,0.019675,0.054747,1.158,6,0.0633,-0.0113,-0.0050,-0.442,0.00000,1.4047,-0.0858,-0.2363,0.1467,0.0775,0.008,0.0219,0.0500,1.0000,60,0.058,29.65,19.47,19.61,29.71,0.2842,0.0256,10.09,0.00,50.00,--,--,0.00,EXECUTING,26,1.332,2.4810,0.2400,-0.5911,-0.0796,-0.2008,0.018
18.709,18.092,0.976,NAVIGATE_TO_RAMP,diverged1,1.3259,-0.0660,-0.2452,0.043205,0.019675,0.054747,1.254,6,0.0633,-0.0113,-0.0050,-0.446,0.00000,1.4176,-0.0889,-0.2298,0.1326,0.0650,0.004,0.0224,0.0500,1.0000,60,0.054,29.77,19.51,19.48,29.77,0.3000,0.0769,10.02,0.00,50.00,--,--,0.00,EXECUTING,26,1.332,2.4810,0.2400,-0.5780,-0.0819,-0.1952,0.014
18.808,18.190,0.972,NAVIGATE_TO_RAMP,diverged1,1.3259,-0.0660,-0.2452,0.043205,0.019675,0.054747,1.352,6,0.0633,-0.0113,-0.0050,-0.448,0.00000,1.4300,-0.0917,-0.2223,0.1315,0.0781,0.002,0.0237,0.0500,1.0000,60,0.052,29.77,19.51,19.44,29.60,0.1250,0.0769,10.11,0.00,50.00,--,--,0.00,EXECUTING,26,1.332,2.4810,0.2400,-0.5655,-0.0839,-0.1885,0.012
18.909,18.292,0.971,NAVIGATE_TO_RAMP,diverged1,1.3259,-0.0660,-0.2452,0.043205,0.019675,0.054747,1.454,6,0.0633,-0.0113,-0.0050,-0.446,0.00000,1.4423,-0.0945,-0.2148,0.1267,0.0752,0.004,0.0252,0.0500,0.9833,60,0.054,29.77,19.51,19.48,29.71,0.2842,0.0256,9.96,0.00,50.00,--,--,0.00,EXECUTING,23,1.175,2.4810,0.2400,-0.5530,-0.0858,-0.1816,0.014
19.009,18.392,0.980,NAVIGATE_TO_RAMP,diverged1,1.3259,-0.0660,-0.2452,0.043205,0.019675,0.054747,1.554,6,0.0633,-0.0113,-0.0050,-0.446,0.00000,1.4548,-0.0971,-0.2076,0.1334,0.0746,0.004,0.0208,0.0500,1.0000,60,0.054,29.71,20.39,20.45,29.77,0.2842,0.0256,10.02,0.00,50.00,--,--,0.00,EXECUTING,23,1.175,2.4810,0.2400,-0.5405,-0.0877,-0.1751,0.014
19.109,18.492,0.983,NAVIGATE_TO_RAMP,diverged1,1.3259,-0.0660,-0.2452,0.043205,0.019675,0.054747,1.654,6,0.0633,-0.0113,-0.0050,-0.446,0.00000,1.4667,-0.0996,-0.2014,0.1245,0.0635,0.004,0.0217,0.0500,1.0000,60,0.054,30.49,20.39,20.08,30.55,0.3000,0.1795,10.09,0.00,50.00,--,--,0.00,EXECUTING,23,1.175,2.4810,0.2400,-0.5281,-0.0895,-0.1690,0.014
19.209,18.592,0.982,NAVIGATE_TO_RAMP,diverged1,1.3259,-0.0660,-0.2452,0.043205,0.019675,0.054747,1.754,6,0.0633,-0.0113,-0.0050,-0.446,0.00000,1.4802,-0.1023,-0.1924,0.1679,0.1101,0.004,0.0212,0.0500,1.0000,60,0.054,29.53,19.39,19.15,29.41,0.1250,0.1600,10.00,0.00,50.00,--,--,0.00,EXECUTING,23,1.175,2.4810,0.2400,-0.5156,-0.0912,-0.1637,0.014
19.308,18.692,0.987,NAVIGATE_TO_RAMP,diverged1,1.3259,-0.0660,-0.2452,0.043205,0.019675,0.054747,1.854,6,0.0633,-0.0113,-0.0050,-0.446,0.00000,1.4932,-0.1047,-0.1765,0.1374,0.1652,0.004,0.0203,0.0500,1.0000,60,0.054,29.41,19.31,18.99,29.41,0.2842,0.1282,9.98,0.00,50.00,--,--,0.00,EXECUTING,23,1.175,2.4810,0.2400,-0.5018,-0.0933,-0.1499,0.014
19.409,18.792,0.988,NAVIGATE_TO_RAMP,diverged1,1.3259,-0.0660,-0.2452,0.043205,0.019675,0.054747,1.954,6,0.0633,-0.0113,-0.0050,-0.446,0.00000,1.5057,-0.1069,-0.1609,0.1268,0.1558,0.004,0.0187,0.0500,1.0000,60,0.054,29.35,19.19,19.19,29.23,0.1250,0.1600,9.96,0.00,50.00,--,--,0.00,EXECUTING,23,1.175,2.4810,0.2400,-0.4891,-0.0943,-0.1353,0.014
19.509,18.892,0.995,NAVIGATE_TO_RAMP,diverged1,1.3259,-0.0660,-0.2452,0.043205,0.019675,0.054747,2.054,6,0.0633,-0.0113,-0.0050,-0.446,0.00000,1.5182,-0.1088,-0.1453,0.1316,0.1622,0.004,0.0170,0.0500,1.0000,60,0.054,29.12,19.11,19.11,29.12,0.3000,0.1282,10.02,0.00,50.00,--,--,0.00,EXECUTING,23,1.175,2.4810,0.2400,-0.4765,-0.0949,-0.1204,0.014
19.609,18.992,1.000,NAVIGATE_TO_RAMP,diverged1,1.5785,-0.1180,-0.1237,0.046315,0.024759,0.057304,0.054,7,0.0525,-0.0296,0.0140,-0.446,0.02129,1.5308,-0.1105,-0.1297,0.1316,0.1623,0.004,0.0183,0.0500,1.0000,60,0.054,29.12,18.99,19.03,29.12,0.2842,0.0769,10.00,1.00,50.00,--,--,0.00,EXECUTING,23,1.175,2.4810,0.2400,-0.4638,-0.0953,-0.1054,0.014
19.709,19.092,1.001,NAVIGATE_TO_RAMP,diverged1,1.5785,-0.1180,-0.1237,0.046315,0.024759,0.057304,0.154,7,0.0525,-0.0296,0.0140,-0.446,0.00000,1.5434,-0.1121,-0.1141,0.1316,0.1618,0.004,0.0200,0.0500,1.0000,60,0.054,28.17,18.95,18.75,28.17,0.2842,0.0769,10.02,1.00,50.00,--,--,0.00,EXECUTING,23,1.175,2.4810,0.2400,-0.4511,-0.0954,-0.0904,0.014
19.809,19.190,0.997,NAVIGATE_TO_RAMP,diverged1,1.5785,-0.1180,-0.1237,0.046315,0.024759,0.057304,0.252,7,0.0525,-0.0296,0.0140,-0.448,0.00000,1.5560,-0.1134,-0.0985,0.1316,0.1618,0.002,0.0208,0.0500,1.0000,60,0.052,29.00,18.99,18.79,29.05,0.1250,0.1600,10.07,1.00,50.00,--,--,0.00,EXECUTING,23,1.175,2.4810,0.2400,-0.4383,-0.0953,-0.0753,0.012
19.911,19.290,0.996,NAVIGATE_TO_RAMP,diverged1,1.5785,-0.1180,-0.1237,0.046315,0.024759,0.057304,0.352,7,0.0525,-0.0296,0.0140,-0.448,0.00000,1.5685,-0.1146,-0.0825,0.1308,0.1674,0.002,0.0200,0.0500,1.0000,60,0.052,29.00,18.99,18.79,29.06,0.3000,0.0256,10.00,1.00,49.90,--,--,0.00,EXECUTING,21,1.079,2.4810,0.2400,-0.4259,-0.0948,-0.0589,0.012
20.009,19.390,0.999,NAVIGATE_TO_RAMP,diverged1,1.5785,-0.1180,-0.1237,0.046315,0.024759,0.057304,0.452,7,0.0525,-0.0296,0.0140,-0.448,0.00000,1.5809,-0.1155,-0.0665,0.1271,0.1627,0.002,0.0117,0.0500,1.0000,60,0.052,29.12,18.99,18.79,29.06,0.2842,0.0256,9.96,1.00,49.90,--,--,0.00,EXECUTING,21,1.079,2.4810,0.2400,-0.4134,-0.0940,-0.0424,0.012
20.109,19.488,0.996,NAVIGATE_TO_RAMP,diverged1,1.5785,-0.1180,-0.1237,0.046315,0.024759,0.057304,0.550,7,0.0525,-0.0296,0.0140,-0.450,0.00000,1.5934,-0.1162,-0.0505,0.1250,0.1600,0.000,0.0174,0.0500,1.0000,60,0.050,29.12,20.04,20.50,29.12,0.1250,0.1600,10.00,1.00,50.10,--,--,0.00,EXECUTING,21,1.079,2.4810,0.2400,-0.4009,-0.0929,-0.0258,0.010
20.209,19.588,0.995,NAVIGATE_TO_RAMP,diverged1,1.5785,-0.1180,-0.1237,0.046315,0.024759,0.057304,0.650,7,0.0525,-0.0296,0.0140,-0.450,0.00000,1.6032,-0.1167,-0.0381,0.1230,0.1560,0.020,0.0153,0.0500,1.0000,60,0.050,30.18,20.04,19.92,31.19,0.3000,-0.0256,10.02,1.00,50.00,--,--,0.00,EXECUTING,21,1.079,2.4810,0.2400,-0.3889,-0.0918,-0.0104,0.010
20.309,19.688,0.996,NAVIGATE_TO_RAMP,diverged1,1.5785,-0.1180,-0.1237,0.046315,0.024759,0.057304,0.750,7,0.0525,-0.0296,0.0140,-0.450,0.00000,1.6147,-0.1171,-0.0384,0.1160,-0.0026,0.020,0.0150,0.0500,1.0000,60,0.050,29.12,19.03,19.23,31.12,0.3000,-0.0256,10.02,1.00,50.00,--,--,0.00,EXECUTING,21,1.079,2.4810,0.2400,-0.3770,-0.0919,-0.0114,0.010
20.409,19.788,0.996,NAVIGATE_TO_RAMP,diverged1,1.5785,-0.1180,-0.1237,0.046315,0.024759,0.057304,0.850,7,0.0525,-0.0296,0.0140,-0.450,0.00000,1.6275,-0.1176,-0.0409,0.1464,-0.0271,0.020,0.0162,0.0500,1.0000,60,0.050,29.12,18.99,18.83,31.19,0.1250,-0.0256,10.02,1.00,49.90,--,--,0.00,EXECUTING,21,1.079,2.4810,0.2400,-0.3642,-0.0923,-0.0138,0.010
20.509,19.888,0.996,NAVIGATE_TO_RAMP,diverged1,1.5785,-0.1180,-0.1237,0.046315,0.024759,0.057304,0.950,7,0.0525,-0.0296,0.0140,-0.450,0.00000,1.6400,-0.1181,-0.0434,0.1308,-0.0268,0.020,0.0162,0.0500,1.0000,60,0.050,29.12,19.03,18.87,31.12,0.1250,-0.0256,10.02,1.00,50.00,--,--,0.00,EXECUTING,21,1.079,2.4810,0.2400,-0.3517,-0.0927,-0.0165,0.010
20.610,19.988,0.995,NAVIGATE_TO_RAMP,diverged1,1.5785,-0.1180,-0.1237,0.046315,0.024759,0.057304,1.050,7,0.0525,-0.0296,0.0140,-0.450,0.00000,1.6550,-0.1188,-0.0465,0.1260,-0.0259,0.000,0.0167,0.0500,1.0000,60,0.050,29.18,18.95,18.87,31.12,0.3000,0.1282,10.02,0.00,50.00,--,--,0.00,EXECUTING,21,1.079,2.4810,0.2400,-0.3392,-0.0932,-0.0192,0.010
20.709,20.086,0.994,NAVIGATE_TO_RAMP,diverged1,1.5785,-0.1180,-0.1237,0.046315,0.024759,0.057304,1.148,7,0.0525,-0.0296,0.0140,-0.452,0.00000,1.6649,-0.1193,-0.0486,0.1250,-0.0256,0.018,0.0137,0.0500,1.0000,60,0.048,29.18,19.08,18.83,31.19,0.3000,0.1282,10.00,0.00,50.00,--,--,0.00,EXECUTING,21,1.079,2.4810,0.2400,-0.3267,-0.0937,-0.0219,0.008
20.809,20.186,0.996,NAVIGATE_TO_RAMP,diverged1,1.5785,-0.1180,-0.1237,0.046315,0.024759,0.057304,1.248,7,0.0525,-0.0296,0.0140,-0.452,0.00000,1.6776,-0.1199,-0.0508,0.1284,-0.0236,0.018,0.0150,0.0500,1.0000,60,0.048,29.18,19.03,18.87,31.25,0.2842,0.1282,10.04,0.00,50.00,--,--,0.00,EXECUTING,21,1.079,2.4810,0.2400,-0.3141,-0.0942,-0.0242,0.008
20.908,20.284,0.996,NAVIGATE_TO_RAMP,diverged1,1.5785,-0.1180,-0.1237,0.046315,0.024759,0.057304,1.346,7,0.0525,-0.0296,0.0140,-0.454,0.00000,1.6903,-0.1206,-0.0530,0.1269,-0.0221,0.016,0.0137,0.0500,1.0000,60,0.046,29.23,19.08,19.23,31.25,0.1250,-0.0256,9.98,0.00,50.00,--,--,0.00,EXECUTING,18,0.944,2.4810,0.2400,-0.3014,-0.0947,-0.0263,0.006
21.008,20.386,0.996,NAVIGATE_TO_RAMP,diverged1,1.5785,-0.1180,-0.1237,0.046315,0.024759,0.057304,1.448,7,0.0525,-0.0296,0.0140,-0.452,0.00000,1.7029,-0.1213,-0.0554,0.1354,-0.0259,0.018,0.0133,0.0500,1.0000,60,0.048,29.05,19.03,18.83,32.22,0.1250,-0.0256,9.80,0.00,50.00,--,--,0.00,EXECUTING,18,0.944,2.4810,0.2400,-0.2887,-0.0952,-0.0287,0.008
21.109,20.486,0.998,NAVIGATE_TO_RAMP,diverged1,1.5785,-0.1180,-0.1237,0.046315,0.024759,0.057304,1.548,7,0.0525,-0.0296,0.0140,-0.452,0.00000,1.7155,-0.1220,-0.0576,0.1316,-0.0231,0.018,0.0137,0.0500,1.0000,60,0.048,29.12,18.99,18.71,32.06,0.3000,0.2308,9.98,0.00,50.00,--,--,0.00,EXECUTING,18,0.944,2.4810,0.2400,-0.2760,-0.0958,-0.0309,0.008
21.208,20.586,0.999,NAVIGATE_TO_RAMP,diverged1,1.5785,-0.1180,-0.1237,0.046315,0.024759,0.057304,1.648,7,0.0525,-0.0296,0.0140,-0.452,0.00000,1.7282,-0.1227,-0.0598,0.1315,-0.0242,0.020,0.0133,0.0500,1.0000,60,0.048,29.06,20.04,19.65,31.12,0.3000,0.2308,9.87,0.00,50.10,--,--,0.00,EXECUTING,18,0.944,2.4810,0.2400,-0.2634,-0.0964,-0.0331,0.008
21.309,20.682,0.994,NAVIGATE_TO_RAMP,diverged1,1.5785,-0.1180,-0.1237,0.046315,0.024759,0.057304,1.744,7,0.0525,-0.0296,0.0140,-0.456,0.00000,1.7406,-0.1235,-0.0618,0.1276,-0.0202,0.014,0.0162,0.0500,1.0000,60,0.044,30.12,20.04,19.79,32.13,0.2842,0.2821,9.98,0.00,50.10,--,--,0.00,EXECUTING,18,0.944,2.4810,0.2400,-0.2512,-0.0969,-0.0348,0.004
21.409,20.778,0.991,NAVIGATE_TO_RAMP,diverged1,1.5785,-0.1180,-0.1237,0.046315,0.024759,0.057304,1.840,7,0.0525,-0.0296,0.0140,-0.460,0.00000,1.7533,-0.1242,-0.0528,0.1341,0.0894,0.010,0.0170,0.0500,1.0000,60,0.040,29.35,19.19,18.75,30.43,0.2842,0.2308,10.02,0.00,50.10,--,--,0.00,EXECUTING,18,0.944,2.4810,0.2400,-0.2418,-0.0969,-0.0317,0.020
21.509,20.878,0.990,NAVIGATE_TO_RAMP,diverged1,1.5785,-0.1180,-0.1237,0.046315,0.024759,0.057304,1.940,7,0.0525,-0.0296,0.0140,-0.460,0.00000,1.7687,-0.1249,-0.0354,0.1538,0.1736,0.010,0.0150,0.0500,1.0000,60,0.040,29.35,19.19,19.19,30.36,0.2684,0.2308,9.98,0.00,50.00,--,--,0.00,EXECUTING,18,0.944,2.4810,0.2400,-0.2258,-0.0961,-0.0153,0.020
21.608,20.970,0.983,NAVIGATE_TO_RAMP,diverged1,1.8367,-0.1235,-0.0161,0.048571,0.036037,0.059662,0.032,8,0.0576,-0.0113,0.0073,-0.468,0.01903,1.7819,-0.1253,-0.0188,0.1329,0.1681,0.002,0.0153,0.0500,1.0000,60,0.032,29.47,19.35,19.15,30.59,0.1250,0.1600,9.98,1.00,50.00,--,--,0.00,EXECUTING,18,0.944,2.4810,0.2400,-0.2126,-0.0948,0.0015,0.012
21.709,21.070,0.982,NAVIGATE_TO_RAMP,diverged1,1.8367,-0.1235,-0.0161,0.048571,0.036037,0.059662,0.132,8,0.0576,-0.0113,0.0073,-0.468,0.00000,1.7944,-0.1254,-0.0028,0.1250,0.1600,0.002,0.0174,0.0500,1.0000,60,0.032,29.47,19.31,19.07,30.49,0.2842,0.1795,9.93,1.00,49.90,--,--,0.00,EXECUTING,18,0.944,2.4810,0.2400,-0.2001,-0.0932,0.0184,0.012
21.808,21.162,0.976,NAVIGATE_TO_RAMP,diverged1,1.8367,-0.1235,-0.0161,0.048571,0.036037,0.059662,0.224,8,0.0576,-0.0113,0.0073,-0.476,0.00000,1.8044,-0.1253,0.0100,0.1260,0.1613,0.014,0.0128,0.0500,1.0000,60,0.024,29.35,19.43,19.07,30.40,0.1250,0.1600,10.02,1.00,50.00,--,--,0.00,EXECUTING,18,0.944,2.4810,0.2400,-0.1876,-0.0913,0.0352,0.004
21.909,21.264,0.975,NAVIGATE_TO_RAMP,diverged1,1.8367,-0.1235,-0.0161,0.048571,0.036037,0.059662,0.326,8,0.0576,-0.0113,0.0073,-0.474,0.00000,1.8176,-0.1251,0.0259,0.1352,0.1612,0.016,0.0120,0.0500,1.0000,60,0.026,29.59,19.47,19.40,30.61,0.3000,0.2308,10.18,1.00,49.90,--,--,0.00,EXECUTING,18,0.944,2.4810,0.2400,-0.1744,-0.0895,0.0507,0.006
22.009,21.360,0.971,NAVIGATE_TO_RAMP,diverged1,1.8367,-0.1235,-0.0161,0.048571,0.036037,0.059662,0.422,8,0.0576,-0.0113,0.0073,-0.478,0.00000,1.8307,-0.1247,0.0425,0.1316,0.1670,0.012,0.0128,0.0500,1.0000,60,0.022,29.98,19.51,19.40,29.98,0.1250,0.1600,10.16,1.00,50.10,--,--,0.00,EXECUTING,16,0.819,2.4810,0.2400,-0.1614,-0.0873,0.0669,0.002
22.108,21.456,0.971,NAVIGATE_TO_RAMP,diverged1,1.8367,-0.1235,-0.0161,0.048571,0.036037,0.059662,0.518,8,0.0576,-0.0113,0.0073,-0.482,0.00000,1.8438,-0.1240,0.0592,0.1328,0.1688,0.008,0.0133,0.0500,1.0000,60,0.018,29.84,19.59,19.40,30.17,0.1250,0.1600,10.16,1.00,50.00,--,--,0.00,EXECUTING,16,0.819,2.4810,0.2400,-0.1508,-0.0855,0.0797,0.018
22.209,21.556,0.971,NAVIGATE_TO_RAMP,diverged1,1.8367,-0.1235,-0.0161,0.048571,0.036037,0.059662,0.618,8,0.0576,-0.0113,0.0073,-0.482,0.00000,1.8570,-0.1231,0.0758,0.1317,0.1658,0.008,0.0137,0.0500,1.0000,60,0.018,30.93,19.59,19.75,29.90,0.1250,0.1600,10.14,1.00,50.00,--,--,0.00,EXECUTING,16,0.819,2.4810,0.2400,-0.1377,-0.0830,0.0955,0.018
22.309,21.658,0.977,NAVIGATE_TO_RAMP,diverged1,1.8367,-0.1235,-0.0161,0.048571,0.036037,0.059662,0.720,8,0.0576,-0.0113,0.0073,-0.480,0.00000,1.8762,-0.1215,0.0943,0.1947,0.1865,0.010,0.0145,0.0500,1.0000,60,0.020,29.77,20.61,21.18,29.71,0.3000,0.2821,9.93,1.00,49.90,--,--,0.00,EXECUTING,16,0.819,2.4810,0.2400,-0.1207,-0.0803,0.1074,0.020
22.409,21.758,0.977,NAVIGATE_TO_RAMP,diverged1,1.8367,-0.1235,-0.0161,0.048571,0.036037,0.059662,0.820,8,0.0576,-0.0113,0.0073,-0.480,0.00000,1.9014,-0.1188,0.1202,0.2553,0.2612,0.010,0.0153,0.0500,1.0000,60,0.020,30.61,20.45,20.70,31.00,0.3000,0.3846,10.00,1.00,50.00,--,--,0.00,EXECUTING,16,0.819,2.4810,0.2400,-0.0960,-0.0760,0.1289,0.020
22.509,21.858,0.986,NAVIGATE_TO_RAMP,diverged1,1.8367,-0.1235,-0.0161,0.048571,0.036037,0.059662,0.920,8,0.0576,-0.0113,0.0073,-0.480,0.00000,1.9268,-0.1153,0.1488,0.2561,0.2857,0.010,0.0128,0.0500,1.0000,60,0.020,30.98,20.41,20.70,30.92,0.2500,0.2821,9.93,1.00,50.00,--,--,0.00,EXECUTING,16,0.819,2.4810,0.2400,-0.0707,-0.0704,0.1557,0.020
22.609,21.954,0.983,NAVIGATE_TO_RAMP,diverged1,1.8367,-0.1235,-0.0161,0.048571,0.036037,0.059662,1.016,8,0.0576,-0.0113,0.0073,-0.484,0.00000,1.9516,-0.1113,0.1770,0.2593,0.2916,0.008,0.0153,0.0500,1.0000,60,0.016,30.49,20.33,20.26,30.49,0.3000,0.3333,10.02,1.00,49.90,--,--,0.00,EXECUTING,16,0.819,2.4810,0.2400,-0.0460,-0.0641,0.1826,0.016
22.709,22.052,0.982,NAVIGATE_TO_RAMP,diverged1,2.0312,-0.1058,0.2082,0.048238,0.028889,0.053329,0.014,9,0.0561,-0.0108,0.0060,-0.486,0.00151,1.9769,-0.1064,0.2050,0.2556,0.2775,0.004,0.0162,0.0500,1.0000,60,0.014,30.55,20.37,20.26,30.55,0.3000,0.3846,9.96,1.00,49.90,--,--,0.00,EXECUTING,16,0.819,2.4810,0.2400,-0.0209,-0.0572,0.2079,0.014
22.809,22.154,0.989,NAVIGATE_TO_RAMP,diverged1,2.0312,-0.1058,0.2082,0.048238,0.028889,0.053329,0.116,9,0.0561,-0.0108,0.0060,-0.484,0.00000,2.0014,-0.1009,0.2332,0.2609,0.2927,0.006,0.0112,0.0500,1.0000,60,0.016,30.24,20.20,20.21,30.36,0.2842,0.3846,10.04,1.00,50.00,--,--,0.00,EXECUTING,16,0.819,2.4810,0.2400,0.0036,-0.0498,0.2339,0.016
22.909,22.254,0.990,NAVIGATE_TO_RAMP,diverged1,2.0312,-0.1058,0.2082,0.048238,0.028889,0.053329,0.216,9,0.0561,-0.0108,0.0060,-0.484,0.00000,2.0258,-0.0948,0.2614,0.2514,0.2818,0.006,0.0153,0.0500,0.9667,60,0.016,30.24,20.16,20.08,30.21,0.2500,0.2821,9.98,1.00,50.00,--,--,0.00,EXECUTING,16,0.819,2.4810,0.2400,0.0279,-0.0419,0.2595,0.016
23.009,22.354,0.995,NAVIGATE_TO_RAMP,diverged1,2.0312,-0.1058,0.2082,0.048238,0.028889,0.053329,0.316,9,0.0561,-0.0108,0.0060,-0.484,0.00000,2.0500,-0.0879,0.2896,0.2636,0.2955,0.006,0.0145,0.0500,0.9833,60,0.016,30.30,20.12,20.34,30.30,0.3000,0.4359,9.93,1.00,49.90,--,--,0.00,EXECUTING,11,0.604,2.4810,0.2400,0.0521,-0.0334,0.2848,0.016
23.109,22.454,0.998,NAVIGATE_TO_RAMP,diverged1,2.0312,-0.1058,0.2082,0.048238,0.028889,0.053329,0.416,9,0.0561,-0.0108,0.0060,-0.484,0.00000,2.0740,-0.0804,0.3178,0.2816,0.3157,0.006,0.0187,0.0500,0.9667,60,0.016,30.12,20.04,20.26,30.18,0.2842,0.4359,9.98,1.00,50.10,--,--,0.00,EXECUTING,11,0.604,2.4810,0.2400,0.0760,-0.0245,0.3095,0.016
23.210,22.556,0.997,NAVIGATE_TO_RAMP,diverged1,2.0312,-0.1058,0.2082,0.048238,0.028889,0.053329,0.518,9,0.0561,-0.0108,0.0060,-0.482,0.00000,2.0981,-0.0721,0.3462,0.2852,0.3189,0.008,0.0178,0.0500,0.9667,60,0.018,29.85,20.00,19.74,29.00,0.2684,0.3846,10.02,1.00,49.90,--,--,0.00,EXECUTING,11,0.604,2.4810,0.2400,0.1000,-0.0150,0.3334,0.018
23.309,22.654,0.997,NAVIGATE_TO_RAMP,diverged1,2.0312,-0.1058,0.2082,0.048238,0.028889,0.053329,0.616,9,0.0561,-0.0108,0.0060,-0.484,0.00000,2.1210,-0.0635,0.3732,0.2548,0.2800,0.006,0.0203,0.0521,0.9667,60,0.016,30.06,20.00,20.08,30.12,0.2526,0.3846,9.98,1.00,49.80,--,--,0.00,EXECUTING,11,0.604,2.4810,0.2400,0.1234,-0.0052,0.3572,0.016
23.409,22.752,0.994,NAVIGATE_TO_RAMP,diverged1,2.0312,-0.1058,0.2082,0.048238,0.028889,0.053329,0.714,9,0.0561,-0.0108,0.0060,-0.486,0.00000,2.1337,-0.0584,0.3804,0.1596,0.0902,0.004,0.0195,0.0500,0.9833,60,0.014,29.12,20.00,20.32,30.18,0.2368,0.3846,10.07,1.00,50.00,--,--,0.00,EXECUTING,11,0.604,2.4810,0.2400,0.1377,0.0006,0.3648,0.014
23.509,22.848,0.990,NAVIGATE_TO_RAMP,diverged1,2.0312,-0.1058,0.2082,0.048238,0.028889,0.053329,0.810,9,0.0561,-0.0108,0.0060,-0.390,0.00000,2.1430,-0.0546,0.3919,0.1012,0.1154,0.000,0.0219,0.0500,0.9667,60,0.010,28.07,18.11,17.89,29.11,0.1250,0.1600,10.04,1.00,50.00,--,--,0.00,EXECUTING,11,0.604,2.4810,0.2400,0.1460,0.0042,0.3711,0.010
23.609,22.948,0.996,NAVIGATE_TO_RAMP,diverged1,2.0312,-0.1058,0.2082,0.048238,0.028889,0.053329,0.910,9,0.0561,-0.0108,0.0060,-0.390,0.00000,2.1523,-0.0508,0.4047,0.1392,0.1837,0.026,0.0242,0.0550,0.9667,60,0.010,28.23,18.11,18.01,29.18,0.2211,0.3846,10.04,1.00,50.41,--,--,0.00,EXECUTING,11,0.604,2.4810,0.2400,0.1576,0.0096,0.3849,0.010
23.709,23.046,0.994,NAVIGATE_TO_RAMP,diverged1,2.2029,-0.0437,0.3959,0.045124,0.022398,0.044417,0.108,10,0.0499,0.0297,-0.0108,-0.392,0.04096,2.1638,-0.0457,0.4207,0.1227,0.1547,0.018,0.0242,0.1000,0.9667,60,0.008,28.23,18.11,18.32,30.24,0.2211,0.3333,10.04,1.11,50.10,--,--,0.00,EXECUTING,11,0.604,2.4810,0.2400,0.1693,0.0150,0.3979,0.008
23.809,23.146,0.992,NAVIGATE_TO_RAMP,diverged1,2.2029,-0.0437,0.3959,0.045124,0.022398,0.044417,0.208,10,0.0499,0.0297,-0.0108,-0.392,0.00000,2.1753,-0.0404,0.4366,0.1264,0.1594,0.018,0.0295,0.1000,0.9500,60,0.108,28.12,18.15,17.86,30.21,0.1250,0.1600,10.03,1.00,50.00,--,--,0.00,EXECUTING,11,0.604,2.4810,0.2400,0.1808,0.0206,0.4109,0.008
23.908,23.242,0.988,NAVIGATE_TO_RAMP,diverged1,2.2029,-0.0437,0.3959,0.045124,0.022398,0.044417,0.304,10,0.0499,0.0297,-0.0108,-0.396,0.00000,2.1866,-0.0351,0.4526,0.1260,0.1613,0.014,0.0320,0.1000,0.9500,60,0.104,28.34,18.18,18.36,31.38,0.2053,0.2821,10.00,1.00,50.00,--,--,0.00,EXECUTING,11,0.604,2.4810,0.2400,0.1922,0.0264,0.4242,0.004
24.008,23.342,0.988,NAVIGATE_TO_RAMP,diverged1,2.2029,-0.0437,0.3959,0.045124,0.022398,0.044417,0.404,10,0.0499,0.0297,-0.0108,-0.396,0.00000,2.1983,-0.0293,0.4689,0.1313,0.1643,0.014,0.0328,0.1000,0.9667,60,0.104,28.34,18.22,18.09,31.65,0.1250,0.1600,10.09,1.00,50.10,--,--,0.00,EXECUTING,8,0.433,2.4810,0.2400,0.2040,0.0323,0.4370,0.004
24.109,23.440,0.986,NAVIGATE_TO_RAMP,diverged1,2.2029,-0.0437,0.3959,0.045124,0.022398,0.044417,0.502,10,0.0499,0.0297,-0.0108,-0.398,0.00000,2.2095,-0.0235,0.4849,0.1275,0.1610,0.012,0.0277,0.1000,0.9500,60,0.102,28.34,18.26,18.32,31.71,0.1250,0.1600,10.02,1.00,49.90,--,--,0.00,EXECUTING,8,0.433,2.4810,0.2400,0.2153,0.0383,0.4497,0.002
24.209,23.534,0.979,NAVIGATE_TO_RAMP,diverged1,2.2029,-0.0437,0.3959,0.045124,0.022398,0.044417,0.596,10,0.0499,0.0297,-0.0108,-0.404,0.00000,2.2207,-0.0175,0.5009,0.1452,0.1837,0.012,0.0314,0.1000,0.9333,60,0.096,28.57,18.37,18.20,31.70,0.1737,0.3333,10.07,1.00,50.10,--,--,0.00,EXECUTING,8,0.433,2.4810,0.2400,0.2244,0.0432,0.4598,0.016
24.309,23.636,0.982,NAVIGATE_TO_RAMP,diverged1,2.2029,-0.0437,0.3959,0.045124,0.022398,0.044417,0.698,10,0.0499,0.0297,-0.0108,-0.402,0.00000,2.2324,-0.0109,0.5181,0.1350,0.1726,0.008,0.0322,0.1000,0.9333,60,0.098,29.53,18.37,18.52,32.59,0.1737,0.2308,10.02,1.00,50.00,--,--,0.00,EXECUTING,8,0.433,2.4810,0.2400,0.2363,0.0497,0.4733,0.018
24.409,23.732,0.981,NAVIGATE_TO_RAMP,diverged1,2.2029,-0.0437,0.3959,0.045124,0.022398,0.044417,0.794,10,0.0499,0.0297,-0.0108,-0.406,0.00000,2.2463,-0.0029,0.5366,0.1597,0.1852,0.004,0.0288,0.1000,0.9500,60,0.094,29.65,20.47,20.45,32.72,0.1579,0.2821,9.87,1.00,50.00,--,--,0.00,EXECUTING,8,0.433,2.4810,0.2400,0.2496,0.0572,0.4857,0.014
24.509,23.834,0.984,NAVIGATE_TO_RAMP,diverged1,2.2029,-0.0437,0.3959,0.045124,0.022398,0.044417,0.896,10,0.0499,0.0297,-0.0108,-0.404,0.00000,2.2606,0.0058,0.5569,0.1675,0.2032,0.006,0.0308,0.1000,0.9500,60,0.096,30.67,20.41,20.13,32.65,0.1421,0.3846,10.02,1.00,50.00,--,--,0.00,EXECUTING,8,0.433,2.4810,0.2400,0.2640,0.0654,0.4992,0.016
24.609,23.930,0.982,NAVIGATE_TO_RAMP,diverged1,2.2029,-0.0437,0.3959,0.045124,0.022398,0.044417,0.992,10,0.0499,0.0297,-0.0108,-0.408,0.00000,2.2747,0.0149,0.5775,0.1930,0.2356,0.002,0.0401,0.1000,0.9167,60,0.092,30.55,20.37,20.08,32.65,0.1421,0.2308,9.85,1.00,49.90,--,--,0.00,EXECUTING,8,0.433,2.4810,0.2400,0.2783,0.0737,0.5130,0.012
24.709,24.030,0.982,NAVIGATE_TO_RAMP,diverged1,2.2029,-0.0437,0.3959,0.045124,0.022398,0.044417,1.092,10,0.0499,0.0297,-0.0108,-0.408,0.00000,2.2885,0.0241,0.5978,0.1676,0.2042,0.002,0.0426,0.1500,0.8833,60,0.092,30.49,20.37,20.17,32.45,0.1263,0.2308,9.93,0.00,50.10,--,--,0.00,EXECUTING,8,0.433,2.4810,0.2400,0.2924,0.0822,0.5267,0.012
24.809,24.122,0.978,NAVIGATE_TO_RAMP,diverged1,2.2029,-0.0437,0.3959,0.045124,0.022398,0.044417,1.184,10,0.0499,0.0297,-0.0108,-0.416,0.00000,2.2997,0.0318,0.6141,0.1696,0.2036,0.014,0.0400,0.1012,0.9000,60,0.084,30.86,20.53,20.47,31.89,0.1105,0.2821,10.02,0.00,50.00,--,--,0.00,EXECUTING,8,0.433,2.4810,0.2400,0.3066,0.0910,0.5404,0.004
24.909,24.222,0.977,NAVIGATE_TO_RAMP,diverged1,2.3515,0.0488,0.6074,0.041151,0.025576,0.048412,0.084,11,0.0476,0.0451,-0.0134,-0.416,0.01557,2.3126,0.0411,0.6357,0.1662,0.2236,0.014,0.0466,0.1156,0.8667,60,0.084,30.67,20.45,20.61,31.63,0.1105,0.1795,9.98,1.00,50.00,--,--,0.00,EXECUTING,8,0.433,2.4810,0.2400,0.3201,0.0995,0.5551,0.004
25.009,24.310,0.966,NAVIGATE_TO_RAMP,diverged1,2.3515,0.0488,0.6074,0.041151,0.025576,0.048412,0.172,11,0.0476,0.0451,-0.0134,-0.428,0.00000,2.3256,0.0509,0.6554,0.1625,0.1979,0.002,0.0463,0.1500,0.8833,60,0.072,30.93,20.62,20.56,30.99,0.0947,0.2308,10.00,1.00,50.00,--,--,0.00,EXECUTING,6,0.291,2.4810,0.2400,0.3307,0.1065,0.5662,0.012
25.109,24.410,0.970,NAVIGATE_TO_RAMP,diverged1,2.3515,0.0488,0.6074,0.041151,0.025576,0.048412,0.272,11,0.0476,0.0451,-0.0134,-0.428,0.00000,2.3390,0.0614,0.6767,0.1961,0.2437,0.002,0.0533,0.1500,0.8500,60,0.072,30.93,20.62,20.52,30.93,0.1105,0.6410,9.91,1.00,50.10,--,--,0.00,EXECUTING,6,0.291,2.4810,0.2400,0.3448,0.1159,0.5809,0.012
25.209,24.504,0.965,NAVIGATE_TO_RAMP,diverged1,2.3515,0.0488,0.6074,0.041151,0.025576,0.048412,0.366,11,0.0476,0.0451,-0.0134,-0.434,0.00000,2.3496,0.0701,0.6938,0.1739,0.2170,0.016,0.0621,0.1550,0.8167,60,0.066,30.93,20.66,20.93,30.93,0.1105,0.3333,10.02,1.00,50.10,--,--,0.00,EXECUTING,6,0.291,2.4810,0.2400,0.3588,0.1256,0.5956,0.006
25.309,24.604,0.969,NAVIGATE_TO_RAMP,diverged1,2.3515,0.0488,0.6074,0.041151,0.025576,0.048412,0.466,11,0.0476,0.0451,-0.0134,-0.434,0.00000,2.3621,0.0807,0.7168,0.1738,0.2420,0.018,0.0689,0.2000,0.8167,60,0.066,30.99,20.66,20.04,30.93,0.0947,0.4872,10.14,1.00,50.00,--,--,0.00,EXECUTING,6,0.291,2.4810,0.2400,0.3721,0.1350,0.6117,0.006
25.409,24.698,0.960,NAVIGATE_TO_RAMP,diverged1,2.3515,0.0488,0.6074,0.041151,0.025576,0.048412,0.560,11,0.0476,0.0451,-0.0134,-0.440,0.00000,2.3739,0.0913,0.7389,0.1571,0.2190,0.010,0.0652,0.2000,0.8333,60,0.060,31.25,20.53,20.83,31.25,0.0487,0.0708,10.02,1.00,50.00,--,--,0.00,EXECUTING,6,0.291,2.4810,0.2400,0.3825,0.1425,0.6249,0.020
25.509,24.798,0.964,NAVIGATE_TO_RAMP,diverged1,2.3515,0.0488,0.6074,0.041151,0.025576,0.048412,0.660,11,0.0476,0.0451,-0.0134,-0.440,0.00000,2.3781,0.0952,0.7453,0.0576,0.0637,0.010,0.0637,0.2000,0.8333,60,0.060,30.06,20.69,20.70,31.06,0.0789,0.6923,10.16,1.00,50.10,--,--,0.00,EXECUTING,6,0.291,2.4810,0.2400,0.3883,0.1468,0.6308,0.000
25.609,24.898,0.964,NAVIGATE_TO_RAMP,diverged1,2.3515,0.0488,0.6074,0.041151,0.025576,0.048412,0.760,11,0.0476,0.0451,-0.0134,-0.440,0.00000,2.3818,0.0986,0.7548,0.0496,0.0957,0.010,0.0727,0.2050,0.8333,60,0.060,29.12,18.60,18.87,30.18,0.0789,0.4872,10.09,1.00,50.00,--,--,0.00,EXECUTING,6,0.291,2.4810,0.2400,0.3916,0.1493,0.6365,0.020
25.709,24.998,0.968,NAVIGATE_TO_RAMP,diverged1,2.3515,0.0488,0.6074,0.041151,0.025576,0.048412,0.860,11,0.0476,0.0451,-0.0134,-0.440,0.00000,2.3874,0.1040,0.7720,0.0783,0.1715,0.010,0.0807,0.2262,0.7833,60,0.060,29.06,18.60,18.52,30.06,0.0789,0.4872,10.02,1.00,50.00,--,--,0.00,EXECUTING,6,0.291,2.4810,0.2400,0.3978,0.1540,0.6485,0.020
25.809,25.098,0.973,NAVIGATE_TO_RAMP,diverged1,2.3515,0.0488,0.6074,0.041151,0.025576,0.048412,0.960,11,0.0476,0.0451,-0.0134,-0.440,0.00000,2.3930,0.1095,0.7893,0.0792,0.1744,0.010,0.0824,0.2500,0.7833,60,0.060,28.69,18.40,18.56,29.71,0.0789,0.5385,10.00,1.00,50.00,--,--,0.00,EXECUTING,6,0.291,2.4810,0.2400,0.4040,0.1588,0.6607,0.020
25.908,25.198,0.976,NAVIGATE_TO_RAMP,diverged1,2.3515,0.0488,0.6074,0.041151,0.025576,0.048412,1.060,11,0.0476,0.0451,-0.0134,-0.440,0.00000,2.3985,0.1151,0.8061,0.0876,0.1900,0.010,0.0798,0.2500,0.7833,60,0.060,28.75,18.44,18.60,29.77,0.0632,0.6410,9.96,0.00,50.00,--,--,0.00,EXECUTING,6,0.291,2.4810,0.2400,0.4101,0.1637,0.6726,0.020
26.009,25.298,0.986,NAVIGATE_TO_RAMP,diverged1,2.3515,0.0488,0.6074,0.041151,0.025576,0.048412,1.160,11,0.0476,0.0451,-0.0134,-0.440,0.00000,2.4037,0.1207,0.8236,0.0764,0.1756,0.010,0.0858,0.2550,0.7667,60,0.060,28.54,18.29,18.05,29.60,0.0789,0.1600,10.04,0.00,50.00,--,--,0.00,EXECUTING,6,0.291,2.4810,0.2400,0.4160,0.1685,0.6850,0.020
26.109,25.394,0.989,NAVIGATE_TO_RAMP,diverged1,2.4482,0.1356,0.7876,0.038217,0.031526,0.054395,0.056,12,0.0388,0.1188,-0.0443,-0.444,0.07424,2.4089,0.1264,0.8397,0.0817,0.1684,0.006,0.0989,0.3000,0.7167,60,0.056,28.46,18.26,18.12,29.60,0.0789,0.1600,9.96,1.00,50.00,--,--,0.00,EXECUTING,4,0.171,2.4810,0.2400,0.4220,0.1734,0.6966,0.016
26.209,25.488,0.981,NAVIGATE_TO_RAMP,diverged1,2.4482,0.1356,0.7876,0.038217,0.031526,0.054395,0.150,12,0.0388,0.1188,-0.0443,-0.450,0.00000,2.4139,0.1321,0.8572,0.0758,0.1746,0.000,0.1009,0.3000,0.7333,60,0.050,28.46,18.29,18.16,29.47,0.0632,0.4872,10.02,1.00,50.00,--,--,0.00,EXECUTING,4,0.171,2.4810,0.2400,0.4277,0.1783,0.7092,0.010
26.309,25.588,0.984,NAVIGATE_TO_RAMP,diverged1,2.4482,0.1356,0.7876,0.038217,0.031526,0.054395,0.250,12,0.0388,0.1188,-0.0443,-0.450,0.00000,2.4189,0.1380,0.8735,0.0780,0.1643,0.000,0.0933,0.2600,0.7288,59,0.050,28.30,18.29,18.20,29.41,0.0789,0.1600,9.96,1.00,50.00,--,--,0.00,EXECUTING,4,0.171,2.4810,0.2400,0.4334,0.1834,0.7212,0.010
26.409,25.686,0.988,NAVIGATE_TO_RAMP,diverged1,2.4482,0.1356,0.7876,0.038217,0.031526,0.054395,0.348,12,0.0388,0.1188,-0.0443,-0.452,0.00000,2.4230,0.1428,0.8863,0.0865,0.1753,0.018,0.1003,0.2550,0.7000,60,0.048,28.48,18.29,18.16,29.47,0.0789,0.1600,10.02,1.00,50.00,--,--,0.00,EXECUTING,4,0.171,2.4810,0.2400,0.4391,0.1886,0.7331,0.008
26.509,25.784,0.986,NAVIGATE_TO_RAMP,diverged1,2.4482,0.1356,0.7876,0.038217,0.031526,0.054395,0.446,12,0.0388,0.1188,-0.0443,-0.454,0.00000,2.4278,0.1489,0.9025,0.0790,0.1663,0.018,0.0973,0.2600,0.7288,59,0.046,29.41,20.17,20.04,30.33,0.0789,0.1600,9.98,1.00,50.10,--,--,0.00,EXECUTING,4,0.171,2.4810,0.2400,0.4447,0.1938,0.7454,0.006
26.609,25.886,0.988,NAVIGATE_TO_RAMP,diverged1,2.4482,0.1356,0.7876,0.038217,0.031526,0.054395,0.548,12,0.0388,0.1188,-0.0443,-0.452,0.00000,2.4318,0.1540,0.9163,0.0637,0.1354,0.018,0.0894,0.3000,0.7667,60,0.048,31.12,20.30,20.65,30.36,0.0000,0.0000,9.93,1.00,50.00,--,--,0.00,EXECUTING,4,0.171,2.4810,0.2400,0.4489,0.1977,0.7548,0.008
26.709,25.986,0.987,NAVIGATE_TO_RAMP,diverged1,2.4482,0.1356,0.7876,0.038217,0.031526,0.054395,0.648,12,0.0388,0.1188,-0.0443,-0.452,0.00000,2.4338,0.1566,0.9294,0.0334,0.1309,0.018,0.0935,0.3000,0.7333,60,0.048,29.29,19.23,19.15,30.27,0.0474,0.1600,9.98,1.00,50.00,--,--,0.00,EXECUTING,4,0.171,2.4810,0.2400,0.4515,0.2003,0.7663,0.008
26.809,26.086,0.986,NAVIGATE_TO_RAMP,diverged1,2.4482,0.1356,0.7876,0.038217,0.031526,0.054395,0.748,12,0.0388,0.1188,-0.0443,-0.452,0.00000,2.4365,0.1603,0.9461,0.0466,0.1698,0.018,0.0905,0.2924,0.7500,60,0.048,29.35,19.23,19.57,30.92,0.0474,0.1600,10.02,1.00,50.00,--,--,0.00,EXECUTING,4,0.171,2.4810,0.2400,0.4547,0.2035,0.7789,0.008
26.909,26.184,0.985,NAVIGATE_TO_RAMP,diverged1,2.4482,0.1356,0.7876,0.038217,0.031526,0.054395,0.846,12,0.0388,0.1188,-0.0443,-0.454,0.00000,2.4391,0.1640,0.9626,0.0511,0.1889,0.022,0.0864,0.2500,0.7667,60,0.046,28.99,19.23,19.03,30.02,0.0474,0.1600,9.98,1.00,50.31,--,--,0.00,EXECUTING,4,0.171,2.4810,0.2400,0.4580,0.2067,0.7917,0.006
27.009,26.284,0.986,NAVIGATE_TO_RAMP,diverged1,2.4482,0.1356,0.7876,0.038217,0.031526,0.054395,0.946,12,0.0388,0.1188,-0.0443,-0.454,0.00000,2.4416,0.1677,0.9801,0.0429,0.1706,0.016,0.0912,0.2550,0.7333,60,0.046,29.47,19.23,19.40,30.79,0.0474,0.1600,10.04,1.00,50.00,--,--,0.00,EXECUTING,4,0.171,2.4810,0.2400,0.4610,0.2099,0.8052,0.006
27.108,26.380,0.987,NAVIGATE_TO_RAMP,diverged1,2.4482,0.1356,0.7876,0.038217,0.031526,0.054395,1.042,12,0.0388,0.1188,-0.0443,-0.458,0.00000,2.4440,0.1714,0.9976,0.0518,0.2007,0.018,0.1009,0.3100,0.7288,59,0.042,29.66,19.27,19.44,30.85,0.0474,0.1600,10.00,0.00,49.90,--,--,0.00,EXECUTING,3,0.100,2.4810,0.2400,0.4641,0.2130,0.8186,0.002
27.209,26.480,0.993,NAVIGATE_TO_RAMP,diverged1,2.4482,0.1356,0.7876,0.038217,0.031526,0.054395,1.142,12,0.0388,0.1188,-0.0443,-0.458,0.00000,2.4464,0.1751,1.0152,0.0482,0.1887,0.012,0.1045,0.3100,0.7288,59,0.042,29.18,19.15,19.15,30.24,0.0316,0.7949,10.04,0.00,50.00,--,--,0.00,EXECUTING,3,0.100,2.4810,0.2400,0.4671,0.2162,0.8319,0.002
27.309,26.578,0.991,NAVIGATE_TO_RAMP,diverged1,2.4482,0.1356,0.7876,0.038217,0.031526,0.054395,1.240,12,0.0388,0.1188,-0.0443,-0.460,0.00000,2.4488,0.1790,1.0318,0.0674,0.2523,0.018,0.1004,0.3100,0.7119,59,0.040,29.41,19.19,19.11,30.43,0.0316,0.8462,10.02,0.00,50.00,--,--,0.00,EXECUTING,3,0.100,2.4810,0.2400,0.4694,0.2187,0.8419,0.020
27.409,26.678,0.993,NAVIGATE_TO_RAMP,diverged1,2.4782,0.1955,0.9844,0.029039,0.030610,0.058629,0.040,13,0.0214,0.1645,-0.0614,-0.460,0.04895,2.4510,0.1828,1.0506,0.0422,0.1807,0.010,0.1063,0.3100,0.6780,59,0.040,29.23,19.15,19.11,30.53,0.0474,0.1600,10.00,1.00,50.10,--,--,0.00,EXECUTING,3,0.100,2.4810,0.2400,0.4724,0.2219,0.8558,0.020
27.509,26.776,0.989,NAVIGATE_TO_RAMP,diverged1,2.4782,0.1955,0.9844,0.029039,0.030610,0.058629,0.138,13,0.0214,0.1645,-0.0614,-0.462,0.00000,2.4529,0.1863,1.0647,0.0408,0.1442,0.008,0.1129,0.3500,0.6780,59,0.038,29.47,19.23,19.11,30.66,0.0474,0.1600,10.11,1.00,50.00,--,--,0.00,EXECUTING,3,0.100,2.4810,0.2400,0.4750,0.2249,0.8663,0.018
27.609,26.876,0.990,NAVIGATE_TO_RAMP,diverged1,2.4782,0.1955,0.9844,0.029039,0.030610,0.058629,0.238,13,0.0214,0.1645,-0.0614,-0.462,0.00000,2.4552,0.1904,1.0807,0.0492,0.1661,0.008,0.1183,0.3650,0.6724,58,0.038,29.29,20.21,20.22,30.21,0.0474,0.1600,10.00,1.00,50.00,--,--,0.00,EXECUTING,3,0.100,2.4810,0.2400,0.4780,0.2285,0.8778,0.018
27.709,26.968,0.982,NAVIGATE_TO_RAMP,diverged1,2.4782,0.1955,0.9844,0.029039,0.030610,0.058629,0.330,13,0.0214,0.1645,-0.0614,-0.470,0.00000,2.4568,0.1935,1.0928,0.0452,0.1573,0.020,0.1183,0.3650,0.6552,58,0.030,30.40,20.34,20.08,30.40,0.0000,0.0000,9.85,1.00,50.00,--,--,0.00,EXECUTING,3,0.100,2.4810,0.2400,0.4807,0.2317,0.8887,0.010
27.809,27.068,0.982,NAVIGATE_TO_RAMP,diverged1,2.4782,0.1955,0.9844,0.029039,0.030610,0.058629,0.430,13,0.0214,0.1645,-0.0614,-0.470,0.00000,2.4570,0.1939,1.0878,0.0057,-0.0451,0.020,0.1196,0.3650,0.6379,58,0.030,29.47,19.35,19.15,29.60,0.0000,-0.1600,10.00,1.00,49.90,--,--,0.00,EXECUTING,3,0.100,2.4810,0.2400,0.4809,0.2319,0.8832,0.010
27.909,27.168,0.982,NAVIGATE_TO_RAMP,diverged1,2.4782,0.1955,0.9844,0.029039,0.030610,0.058629,0.530,13,0.0214,0.1645,-0.0614,-0.470,0.00000,2.4570,0.1939,1.0714,-0.0000,-0.1701,0.020,0.1055,0.3050,0.6833,60,0.030,29.54,19.35,19.27,29.47,0.0000,-0.1600,9.85,1.00,50.00,--,--,0.00,EXECUTING,3,0.100,2.4810,0.2400,0.4809,0.2319,0.8714,0.010
28.009,27.268,0.984,NAVIGATE_TO_RAMP,diverged1,2.4782,0.1955,0.9844,0.029039,0.030610,0.058629,0.630,13,0.0214,0.1645,-0.0614,-0.470,0.00000,2.4570,0.1939,1.0554,-0.0000,-0.1627,0.020,0.0968,0.3000,0.7167,60,0.030,29.41,19.35,19.27,29.54,0.0000,-0.1600,9.96,1.00,49.90,--,--,0.00,EXECUTING,3,0.100,2.4810,0.2400,0.4809,0.2320,0.8598,0.010
28.110,27.352,0.968,NAVIGATE_TO_RAMP,diverged1,2.4782,0.1955,0.9844,0.029039,0.030610,0.058629,0.714,13,0.0214,0.1645,-0.0614,-0.486,0.00000,2.4570,0.1939,1.0394,-0.0000,-0.1600,0.004,0.0894,0.2550,0.7500,60,0.014,29.85,19.55,19.52,29.79,0.0000,-0.1600,10.00,1.00,50.10,--,--,0.00,EXECUTING,2,0.050,2.4810,0.2400,0.4809,0.2321,0.8504,0.014
28.208,27.452,0.972,NAVIGATE_TO_RAMP,diverged1,2.4782,0.1955,0.9844,0.029039,0.030610,0.058629,0.814,13,0.0214,0.1645,-0.0614,-0.486,0.00000,2.4570,0.1939,1.0234,-0.0000,-0.1793,0.004,0.0859,0.2542,0.7833,60,0.014,29.85,19.59,19.44,29.72,0.0000,-0.1600,9.91,1.00,50.00,--,--,0.00,EXECUTING,2,0.050,2.4810,0.2400,0.4809,0.2323,0.8385,0.014
28.308,27.546,0.968,NAVIGATE_TO_RAMP,diverged1,2.4782,0.1955,0.9844,0.029039,0.030610,0.058629,0.908,13,0.0214,0.1645,-0.0614,-0.392,0.00000,2.4570,0.1939,1.0102,0.0000,-0.1640,0.018,0.0918,0.3000,0.7333,60,0.008,29.66,19.67,19.44,29.72,0.0000,-0.1600,10.02,1.00,50.20,--,--,0.00,EXECUTING,2,0.050,2.4810,0.2400,0.4809,0.2324,0.8262,0.008
28.409,27.648,0.970,NAVIGATE_TO_RAMP,diverged1,2.4782,0.1955,0.9844,0.029039,0.030610,0.058629,1.010,13,0.0214,0.1645,-0.0614,-0.390,0.00000,2.4570,0.1939,0.9942,0.0000,-0.1600,0.020,0.0917,0.3000,0.7500,60,0.010,29.98,19.63,19.65,30.04,0.0000,-0.1600,9.91,1.00,50.00,--,--,0.00,EXECUTING,2,0.050,2.4810,0.2400,0.4809,0.2326,0.8140,0.010
28.509,27.744,0.964,NAVIGATE_TO_RAMP,diverged1,2.4782,0.1955,0.9844,0.029039,0.030610,0.058629,1.106,13,0.0214,0.1645,-0.0614,-0.394,0.00000,2.4570,0.1939,0.9782,0.0000,-0.1613,0.016,0.0774,0.2500,0.7833,60,0.106,30.21,19.59,19.31,30.15,0.0000,-0.6410,9.98,0.00,50.00,--,--,0.00,EXECUTING,2,0.050,2.4810,0.2400,0.4809,0.2326,0.8017,0.006
28.608,27.842,0.966,NAVIGATE_TO_RAMP,diverged1,2.4782,0.1955,0.9844,0.029039,0.030610,0.058629,1.204,13,0.0214,0.1645,-0.0614,-0.396,0.00000,2.4570,0.1939,0.9607,0.0000,-0.1760,0.014,0.0724,0.2262,0.8000,60,0.104,30.27,19.67,19.83,30.27,0.0000,-0.1600,10.00,0.00,50.00,--,--,0.00,EXECUTING,2,0.050,2.4810,0.2400,0.4809,0.2327,0.7880,0.004
28.709,27.938,0.970,NAVIGATE_TO_RAMP,diverged1,2.4782,0.1955,0.9844,0.029039,0.030610,0.058629,1.300,13,0.0214,0.1645,-0.0614,-0.400,0.00000,2.4570,0.1939,0.9428,-0.0000,-0.1821,0.010,0.0677,0.2006,0.7833,60,0.100,30.21,20.52,19.75,30.15,0.0000,-0.1600,10.11,0.00,50.00,--,--,0.00,EXECUTING,2,0.050,2.4810,0.2400,0.4809,0.2327,0.7741,0.000
28.810,28.038,0.966,NAVIGATE_TO_RAMP,diverged1,2.4782,0.1955,0.9844,0.029039,0.030610,0.058629,1.400,13,0.0214,0.1645,-0.0614,-0.400,0.00000,2.4570,0.1939,0.9287,0.0000,-0.1427,0.010,0.0682,0.2050,0.8167,60,0.100,30.93,20.65,20.65,31.32,0.0000,0.0000,10.02,0.00,50.00,--,--,0.00,EXECUTING,2,0.050,2.4810,0.2400,0.4809,0.2327,0.7647,0.020
28.909,28.138,0.970,NAVIGATE_TO_RAMP,diverged1,2.4782,0.1955,0.9844,0.029039,0.030610,0.058629,1.500,13,0.0214,0.1645,-0.0614,-0.400,0.00000,2.4570,0.1939,0.9181,-0.0000,-0.1103,0.010,0.0668,0.2105,0.8167,60,0.100,30.37,19.59,19.57,30.30,0.0000,-0.1600,10.11,0.00,50.00,--,--,0.00,EXECUTING,2,0.050,2.4810,0.2400,0.4810,0.2327,0.7575,0.020
29.009,28.234,0.981,NAVIGATE_TO_RAMP,diverged1,2.4782,0.1955,0.9844,0.029039,0.030610,0.058629,1.596,13,0.0214,0.1645,-0.0614,-0.404,0.00000,2.4570,0.1939,0.9005,-0.0000,-0.1760,0.006,0.0587,0.2000,0.8167,60,0.096,30.00,19.63,19.83,30.21,0.0000,-0.1600,10.02,0.00,50.00,--,--,0.00,EXECUTING,2,0.050,2.4810,0.2400,0.4811,0.2327,0.7442,0.016
29.109,28.332,0.981,NAVIGATE_TO_RAMP,diverged1,2.4782,0.1955,0.9844,0.029039,0.030610,0.058629,1.694,13,0.0214,0.1645,-0.0614,-0.406,0.00000,2.4570,0.1939,0.8841,-0.0000,-0.1640,0.004,0.0579,0.2000,0.8333,60,0.094,29.77,19.43,19.61,30.50,0.0000,-0.1600,9.98,0.00,50.00,--,--,0.00,EXECUTING,2,0.050,2.4810,0.2400,0.4812,0.2327,0.7319,0.014
29.208,28.426,0.978,NAVIGATE_TO_RAMP,diverged1,2.4782,0.1955,0.9844,0.029039,0.030610,0.058629,1.788,13,0.0214,0.1645,-0.0614,-0.412,0.00000,2.4570,0.1939,0.8709,0.0000,-0.1680,0.020,0.0558,0.1623,0.8333,60,0.088,30.17,19.47,19.48,30.17,0.0000,-0.1600,10.07,0.00,50.10,--,--,0.00,EXECUTING,2,0.050,2.4810,0.2400,0.4814,0.2327,0.7197,0.008
29.309,28.526,0.975,NAVIGATE_TO_RAMP,diverged1,2.4782,0.1955,0.9844,0.029039,0.030610,0.058629,1.888,13,0.0214,0.1645,-0.0614,-0.412,0.00000,2.4570,0.1939,0.8549,0.0000,-0.1600,0.018,0.0551,0.1550,0.8167,60,0.088,30.11,19.39,19.40,30.17,0.0000,-0.1600,10.00,0.00,50.00,--,--,0.00,EXECUTING,2,0.050,2.4810,0.2400,0.4815,0.2327,0.7080,0.008
29.409,28.622,0.976,NAVIGATE_TO_RAMP,diverged1,2.4782,0.1955,0.9844,0.029039,0.030610,0.058629,1.984,13,0.0214,0.1645,-0.0614,-0.416,0.00000,2.4570,0.1939,0.8373,0.0000,-0.1760,0.014,0.0512,0.1550,0.8333,60,0.084,29.84,19.47,19.19,29.79,0.0000,-0.1600,10.02,0.00,50.00,--,--,0.00,EXECUTING,2,0.050,2.4810,0.2400,0.4816,0.2327,0.6952,0.004
29.509,28.720,0.976,NAVIGATE_TO_RAMP,diverged1,2.4994,0.2207,0.7505,0.029730,0.032495,0.051886,0.082,14,0.0348,0.2282,-0.0818,-0.418,0.06513,2.4570,0.1939,0.8209,0.0000,-0.1640,0.012,0.0454,0.1550,0.8667,60,0.082,29.53,19.47,19.65,29.98,0.0000,-0.1600,10.00,1.00,49.90,--,--,0.00,EXECUTING,2,0.050,2.4810,0.2400,0.4817,0.2327,0.6835,0.002
29.609,28.818,0.978,NAVIGATE_TO_RAMP,diverged1,2.4994,0.2207,0.7505,0.029730,0.032495,0.051886,0.180,14,0.0348,0.2282,-0.0818,-0.420,0.00000,2.4570,0.1939,0.8043,0.0000,-0.1778,0.012,0.0413,0.1500,0.8667,60,0.080,30.04,19.43,19.65,30.04,0.0000,-0.1600,10.04,1.00,49.90,--,--,0.00,EXECUTING,2,0.050,2.4810,0.2400,0.4817,0.2327,0.6718,0.000
29.709,28.920,0.982,NAVIGATE_TO_RAMP,diverged1,2.4994,0.2207,0.7505,0.029730,0.032495,0.051886,0.282,14,0.0348,0.2282,-0.0818,-0.418,0.00000,2.4570,0.1939,0.7880,0.0002,-0.1675,0.012,0.0410,0.1500,0.8667,60,0.082,29.79,19.43,19.52,29.79,0.0000,-0.1600,9.98,1.00,50.00,--,--,0.00,EXECUTING,2,0.050,2.4810,0.2400,0.4817,0.2327,0.6603,0.002
29.809,29.018,0.981,NAVIGATE_TO_RAMP,diverged1,2.4994,0.2207,0.7505,0.029730,0.032495,0.051886,0.380,14,0.0348,0.2282,-0.0818,-0.420,0.00000,2.4571,0.1939,0.7715,0.0005,-0.1916,0.010,0.0384,0.1423,0.8667,60,0.080,29.85,20.47,20.45,29.85,0.0000,-0.1600,10.04,1.00,50.10,--,--,0.00,EXECUTING,2,0.050,2.4810,0.2400,0.4818,0.2327,0.6509,0.020
29.908,29.118,0.980,NAVIGATE_TO_RAMP,diverged1,2.4994,0.2207,0.7505,0.029730,0.032495,0.051886,0.480,14,0.0348,0.2282,-0.0818,-0.420,0.00000,2.4571,0.1940,0.7583,0.0004,-0.1384,0.010,0.0331,0.1000,0.9167,60,0.080,30.98,20.43,20.79,30.92,0.0000,0.0000,10.00,1.00,50.00,--,--,0.00,EXECUTING,2,0.050,2.4810,0.2400,0.4818,0.2326,0.6406,0.020
30.009,29.216,0.982,NAVIGATE_TO_RAMP,diverged1,2.4994,0.2207,0.7505,0.029730,0.032495,0.051886,0.578,14,0.0348,0.2282,-0.0818,-0.422,0.00000,2.4571,0.1940,0.7477,0.0004,-0.1053,0.008,0.0235,0.0550,0.9500,60,0.078,29.53,19.39,19.23,29.72,0.0000,-0.1600,10.00,1.00,50.10,--,--,0.00,EXECUTING,2,0.050,2.4810,0.2400,0.4819,0.2326,0.6342,0.018
30.109,29.316,0.988,NAVIGATE_TO_RAMP,diverged1,2.4994,0.2207,0.7505,0.029730,0.032495,0.051886,0.678,14,0.0348,0.2282,-0.0818,-0.422,0.00000,2.4572,0.1941,0.7318,0.0007,-0.1591,0.008,0.0187,0.0500,0.9667,60,0.078,29.79,19.31,19.27,29.72,0.0000,-0.1600,9.96,1.00,50.00,--,--,0.00,EXECUTING,2,0.050,2.4810,0.2400,0.4820,0.2326,0.6229,0.018
30.209,29.416,0.989,NAVIGATE_TO_RAMP,diverged1,2.4994,0.2207,0.7505,0.029730,0.032495,0.051886,0.778,14,0.0348,0.2282,-0.0818,-0.422,0.00000,2.4572,0.1941,0.7159,0.0008,-0.1601,0.008,0.0183,0.0500,1.0000,60,0.078,29.66,19.23,19.23,29.66,0.0000,-0.1600,9.96,1.00,50.00,--,--,0.00,EXECUTING,2,0.050,2.4810,0.2400,0.4821,0.2325,0.6116,0.018
30.309,29.516,0.990,NAVIGATE_TO_RAMP,diverged1,2.4994,0.2207,0.7505,0.029730,0.032495,0.051886,0.878,14,0.0348,0.2282,-0.0818,-0.422,0.00000,2.4573,0.1941,0.6999,0.0005,-0.1603,0.008,0.0175,0.0500,1.0000,60,0.078,29.41,19.15,19.55,29.47,0.0000,-0.1600,10.00,1.00,50.00,--,--,0.00,EXECUTING,2,0.050,2.4810,0.2400,0.4822,0.2324,0.6001,0.018
30.409,29.616,0.994,NAVIGATE_TO_RAMP,diverged1,2.4994,0.2207,0.7505,0.029730,0.032495,0.051886,0.978,14,0.0348,0.2282,-0.0818,-0.422,0.00000,2.4574,0.1942,0.6702,0.0015,-0.2969,0.008,0.0050,0.0000,1.0000,60,0.078,29.17,19.11,19.11,29.17,0.0000,-0.3200,9.96,1.00,49.90,--,--,0.00,EXECUTING,2,0.050,2.4810,0.2400,0.4825,0.2324,0.5807,0.018
30.509,29.716,0.997,NAVIGATE_TO_RAMP,diverged1,2.4994,0.2207,0.7505,0.029730,0.032495,0.051886,1.078,14,0.0348,0.2282,-0.0818,-0.422,0.00000,2.4574,0.1943,0.6383,0.0005,-0.3216,0.008,0.0033,0.0000,1.0000,60,0.078,29.41,19.03,19.19,29.47,0.0000,-0.3200,10.02,0.00,50.00,--,--,0.00,EXECUTING,2,0.050,2.4810,0.2400,0.4826,0.2320,0.5567,0.018
30.609,29.816,0.995,NAVIGATE_TO_RAMP,diverged1,2.5007,0.2230,0.5484,0.027394,0.030566,0.052254,0.078,15,0.0356,0.2254,-0.0798,-0.422,0.00300,2.4574,0.1943,0.6063,0.0000,-0.3294,0.008,0.0042,0.0000,1.0000,60,0.078,29.54,19.07,19.27,29.54,0.0000,-0.3200,10.00,1.00,50.00,--,--,0.00,EXECUTING,2,0.050,2.4810,0.2400,0.4826,0.2313,0.5321,0.018
30.709,29.914,0.995,NAVIGATE_TO_RAMP,diverged1,2.5007,0.2230,0.5484,0.027394,0.030566,0.052254,0.176,15,0.0356,0.2254,-0.0798,-0.424,0.00000,2.4574,0.1943,0.5743,0.0000,-0.3227,0.006,0.0042,0.0000,1.0000,60,0.076,29.47,19.08,19.19,29.47,0.0000,-0.3200,10.02,1.00,50.00,--,--,0.00,EXECUTING,2,0.050,2.4810,0.2400,0.4826,0.2305,0.5071,0.016
30.809,30.016,0.997,NAVIGATE_TO_RAMP,diverged1,2.5007,0.2230,0.5484,0.027394,0.030566,0.052254,0.278,15,0.0356,0.2254,-0.0798,-0.422,0.00000,2.4574,0.1943,0.5423,0.0000,-0.3295,0.008,0.0078,0.0500,1.0000,60,0.078,29.41,19.03,19.23,29.41,0.0000,-0.3200,10.00,1.00,50.00,--,--,0.00,EXECUTING,2,0.050,2.4810,0.2400,0.4826,0.2296,0.4818,0.018
30.909,30.112,0.996,NAVIGATE_TO_RAMP,diverged1,2.5007,0.2230,0.5484,0.027394,0.030566,0.052254,0.374,15,0.0356,0.2254,-0.0798,-0.426,0.00000,2.4574,0.1943,0.5101,0.0000,-0.3253,0.004,0.0108,0.0500,1.0000,60,0.074,29.23,20.13,19.91,29.17,0.0000,-0.3200,10.07,1.00,50.00,--,--,0.00,EXECUTING,2,0.050,2.4810,0.2400,0.4826,0.2285,0.4558,0.014
31.009,30.212,0.996,NAVIGATE_TO_RAMP,diverged1,2.5007,0.2230,0.5484,0.027394,0.030566,0.052254,0.474,15,0.0356,0.2254,-0.0798,-0.426,0.00000,2.4574,0.1943,0.4785,0.0000,-0.3517,0.004,0.0125,0.0500,1.0000,60,0.074,30.15,20.04,19.87,30.08,0.0000,-0.3200,10.04,1.00,50.00,--,--,0.00,EXECUTING,2,0.050,2.4810,0.2400,0.4826,0.2273,0.4300,0.014
31.109,30.312,0.996,NAVIGATE_TO_RAMP,diverged1,2.5007,0.2230,0.5484,0.027394,0.030566,0.052254,0.574,15,0.0356,0.2254,-0.0798,-0.426,0.00000,2.4574,0.1943,0.4469,0.0000,-0.3158,0.004,0.0187,0.0500,1.0000,60,0.074,30.08,20.04,19.79,30.08,0.0000,-0.3200,9.91,1.00,49.90,--,--,0.00,EXECUTING,2,0.050,2.4810,0.2400,0.4826,0.2261,0.4038,0.014
31.208,30.408,0.993,NAVIGATE_TO_RAMP,diverged1,2.5007,0.2230,0.5484,0.027394,0.030566,0.052254,0.670,15,0.0356,0.2254,-0.0798,-0.430,0.00000,2.4574,0.1943,0.4218,0.0000,-0.3156,0.020,0.0145,0.0500,1.0000,60,0.070,30.15,20.16,19.87,30.21,0.0000,-0.3200,9.98,1.00,50.00,--,--,0.00,EXECUTING,2,0.050,2.4810,0.2400,0.4826,0.2246,0.3772,0.010
31.308,30.508,0.992,NAVIGATE_TO_RAMP,diverged1,2.5185,0.2089,0.3094,0.028622,0.027563,0.045051,0.070,16,0.0538,0.2521,-0.0964,-0.430,0.03230,2.4574,0.1943,0.3898,0.0000,-0.3200,0.020,0.0183,0.0500,1.0000,60,0.070,30.08,20.16,19.71,30.08,0.0000,-0.3200,9.93,1.41,50.00,--,--,0.00,EXECUTING,2,0.050,2.4810,0.2400,0.4826,0.2231,0.3498,0.010
31.409,30.608,0.992,NAVIGATE_TO_RAMP,diverged1,2.5185,0.2089,0.3094,0.028622,0.027563,0.045051,0.170,16,0.0538,0.2521,-0.0964,-0.430,0.00000,2.4574,0.1943,0.3582,-0.0000,-0.3580,0.026,0.0247,0.0707,0.9667,60,0.070,30.27,20.16,19.96,30.21,0.0000,-0.1600,9.98,1.41,50.41,--,--,0.00,EXECUTING,2,0.050,2.4810,0.2400,0.4826,0.2214,0.3227,0.010
31.509,30.698,0.982,NAVIGATE_TO_RAMP,diverged1,2.5185,0.2089,0.3094,0.028622,0.027563,0.045051,0.260,16,0.0538,0.2521,-0.0964,-0.440,0.00000,2.4574,0.1943,0.3495,-0.0000,-0.0765,0.010,0.0153,0.0500,1.0000,60,0.060,31.18,20.18,20.22,29.71,0.0000,0.0000,10.00,1.41,50.00,--,--,0.00,EXECUTING,2,0.050,2.4810,0.2400,0.4826,0.2210,0.3173,0.000
31.609,30.798,0.983,NAVIGATE_TO_RAMP,diverged1,2.5185,0.2089,0.3094,0.028622,0.027563,0.045051,0.360,16,0.0538,0.2521,-0.0964,-0.440,0.00000,2.4574,0.1943,0.3392,0.0000,-0.1053,0.010,0.0203,0.0500,0.9667,60,0.060,28.78,18.29,18.20,29.85,0.0000,-0.1600,9.96,1.00,50.00,--,--,0.00,EXECUTING,2,0.050,2.4810,0.2400,0.4826,0.2207,0.3097,0.020
31.709,30.888,0.968,NAVIGATE_TO_RAMP,diverged1,2.5185,0.2089,0.3094,0.028622,0.027563,0.045051,0.450,16,0.0538,0.2521,-0.0964,-0.450,0.00000,2.4575,0.1943,0.3262,0.0000,-0.1646,0.020,0.0180,0.0500,0.9833,60,0.050,28.87,18.56,18.09,29.79,0.0000,-0.1600,10.00,1.00,50.00,--,--,0.00,EXECUTING,2,0.050,2.4810,0.2400,0.4826,0.2198,0.2953,0.010
31.810,30.988,0.972,ALIGN_FOR_CLIMB,diverged1,2.5185,0.2089,0.3094,0.028622,0.027563,0.045051,0.550,16,0.0538,0.2521,-0.0964,-0.450,0.00000,2.4575,0.1943,0.3070,0.0000,-0.1613,0.000,0.0322,0.1000,0.9333,60,0.050,29.79,18.48,18.44,30.92,0.0000,-0.1600,9.93,1.00,50.10,--,--,0.00,SUCCEEDED,2,0.050,2.4810,0.2400,0.4826,0.2188,0.2809,0.010
31.909,31.084,0.969,CLIMB,diverged1,2.5185,0.2089,0.3094,0.028622,0.027563,0.045051,0.646,16,0.0538,0.2521,-0.0964,-0.454,0.00000,2.4575,0.1943,0.2966,-0.0000,-0.1373,0.016,0.0297,0.1000,0.9500,60,0.046,28.42,18.56,18.09,29.35,0.0000,0.0000,10.00,1.00,49.90,--,--,0.00,SUCCEEDED,2,0.050,2.4810,0.2400,0.4826,0.2180,0.2700,0.006
32.009,31.178,0.966,CLIMB,diverged1,2.5185,0.2089,0.3094,0.028622,0.027563,0.045051,0.740,16,0.0538,0.2521,-0.0964,-0.460,0.00000,2.4575,0.1943,0.2966,-0.0000,-0.0000,0.010,0.0294,0.1000,0.9500,60,0.040,28.01,18.52,18.71,27.37,0.0000,0.0000,10.11,1.00,49.90,--,--,0.00,SUCCEEDED,2,0.050,2.4810,0.2400,0.4826,0.2180,0.2700,0.000
32.109,31.278,0.966,CLIMB,diverged1,2.5185,0.2089,0.3094,0.028622,0.027563,0.045051,0.840,16,0.0538,0.2521,-0.0964,-0.460,0.00000,2.4575,0.1943,0.2966,-0.0000,0.0000,0.010,0.0294,0.1000,0.9500,60,0.040,27.14,18.63,18.79,25.26,0.0000,0.0000,10.04,1.00,50.00,--,--,0.00,SUCCEEDED,2,0.050,2.4810,0.2400,0.4826,0.2180,0.2700,0.020
32.209,31.378,0.966,CLIMB,diverged1,2.5185,0.2089,0.3094,0.028622,0.027563,0.045051,0.940,16,0.0538,0.2521,-0.0964,-0.460,0.00000,2.4575,0.1943,0.2966,-0.0000,0.0000,0.010,0.0294,0.1000,0.9500,60,0.040,26.15,18.56,18.48,23.21,0.0000,0.0000,10.11,1.00,50.00,--,--,0.00,SUCCEEDED,2,0.050,2.4810,0.2400,0.4826,0.2180,0.2700,0.020
32.309,31.478,0.966,CLIMB,diverged1,2.5185,0.2089,0.3094,0.028622,0.027563,0.045051,1.040,16,0.0538,0.2521,-0.0964,-0.460,0.00000,2.4575,0.1943,0.2966,-0.0000,0.0000,0.010,0.0294,0.1000,0.9500,60,0.040,24.89,18.56,18.48,20.79,0.0000,0.0000,10.00,0.00,50.00,--,--,0.00,SUCCEEDED,2,0.050,2.4810,0.2400,0.4826,0.2180,0.2700,0.000
32.409,31.574,0.966,CLIMB,diverged1,2.5185,0.2089,0.3094,0.028622,0.027563,0.045051,1.136,16,0.0538,0.2521,-0.0964,-0.464,0.00000,2.4575,0.1943,0.2966,-0.0000,0.0000,0.006,0.0294,0.1000,0.9500,60,0.036,24.01,18.63,18.75,18.99,0.0000,0.0000,10.00,0.00,49.70,--,--,0.00,SUCCEEDED,2,0.050,2.4810,0.2400,0.4826,0.2180,0.2700,0.016
32.509,31.678,0.980,CLIMB,diverged1,2.5185,0.2089,0.3094,0.028622,0.027563,0.045051,1.240,16,0.0538,0.2521,-0.0964,-0.460,0.00000,2.4575,0.1943,0.2966,-0.0000,0.0000,0.010,0.0294,0.1000,0.9500,60,0.040,23.61,20.43,20.45,17.20,0.0000,0.0000,9.98,0.00,49.90,--,--,0.00,SUCCEEDED,2,0.050,2.4810,0.2400,0.4826,0.2180,0.2700,0.020
32.609,31.774,0.985,CLIMB,diverged1,2.5185,0.2089,0.3094,0.028622,0.027563,0.045051,1.336,16,0.0538,0.2521,-0.0964,-0.464,0.00000,2.4575,0.1943,0.2966,-0.0000,0.0000,0.006,0.0294,0.1000,0.9500,60,0.036,23.55,20.43,20.65,15.15,0.0000,0.0000,9.98,0.00,50.00,--,--,0.00,SUCCEEDED,2,0.050,2.4810,0.2400,0.4826,0.2180,0.2700,0.016
32.709,31.868,0.980,CLIMB,diverged1,2.5185,0.2089,0.3094,0.028622,0.027563,0.045051,1.430,16,0.0538,0.2521,-0.0964,-0.470,0.00000,2.4575,0.1943,0.2966,-0.0000,0.0000,0.020,0.0294,0.1000,0.9500,60,0.030,22.41,20.19,20.24,12.90,0.0000,0.0000,10.00,0.00,50.00,--,--,0.00,SUCCEEDED,2,0.050,2.4810,0.2400,0.4826,0.2180,0.2700,0.010
32.809,31.968,0.981,CLIMB,diverged1,2.5185,0.2089,0.3094,0.028622,0.027563,0.045051,1.530,16,0.0538,0.2521,-0.0964,-0.470,0.00000,2.4575,0.1943,0.2966,-0.0000,0.0000,0.000,0.0294,0.1000,0.9500,60,0.030,20.27,20.27,20.33,10.18,0.0000,0.0000,9.96,0.00,50.00,--,--,0.00,SUCCEEDED,2,0.050,2.4810,0.2400,0.4826,0.2180,0.2700,0.010
32.909,32.070,0.986,CLIMB,diverged1,2.5185,0.2089,0.3094,0.028622,0.027563,0.045051,1.632,16,0.0538,0.2521,-0.0964,-0.468,0.00000,2.4575,0.1943,0.2966,-0.0000,0.0000,0.002,0.0294,0.1000,0.9500,60,0.032,20.50,20.12,20.57,10.13,0.0000,0.0000,9.96,0.00,50.10,--,--,0.00,SUCCEEDED,2,0.050,2.4810,0.2400,0.4826,0.2180,0.2700,0.012
33.009,32.166,0.988,CLIMB,diverged1,2.5185,0.2089,0.3094,0.028622,0.027563,0.045051,1.728,16,0.0538,0.2521,-0.0964,-0.472,0.00000,2.4575,0.1943,0.2966,-0.0000,0.0000,0.018,0.0294,0.1000,0.9500,60,0.028,20.52,20.22,20.60,10.14,0.0000,0.0000,9.91,0.00,50.10,--,--,0.00,SUCCEEDED,2,0.050,2.4810,0.2400,0.4826,0.2180,0.2700,0.008
33.108,32.266,0.988,CLIMB,diverged1,2.5185,0.2089,0.3094,0.028622,0.027563,0.045051,1.828,16,0.0538,0.2521,-0.0964,-0.472,0.00000,2.4575,0.1943,0.2966,-0.0000,0.0000,0.018,0.0294,0.1000,0.9500,60,0.028,20.36,20.00,20.45,10.10,0.0000,0.0000,10.00,0.00,50.00,--,--,0.00,SUCCEEDED,2,0.050,2.4810,0.2400,0.4826,0.2180,0.2700,0.008
33.209,32.362,0.985,CLIMB,diverged1,2.5185,0.2089,0.3094,0.028622,0.027563,0.045051,1.924,16,0.0538,0.2521,-0.0964,-0.476,0.00000,2.4575,0.1943,0.2966,-0.0000,0.0000,0.014,0.0294,0.1000,0.9500,60,0.024,20.59,19.89,20.59,10.12,0.0000,0.0000,9.96,0.00,49.90,--,--,0.00,SUCCEEDED,2,0.050,2.4810,0.2400,0.4826,0.2180,0.2700,0.004
33.309,32.464,0.987,CLIMB,diverged1,2.5185,0.2089,0.3094,0.028622,0.027563,0.045051,2.026,16,0.0538,0.2521,-0.0964,-0.474,0.00000,2.4575,0.1943,0.2966,-0.0000,0.0000,0.016,0.0294,0.1000,0.9500,60,0.026,20.66,20.00,20.83,10.15,0.0000,0.0000,9.98,0.00,50.00,--,--,0.00,SUCCEEDED,2,0.050,2.4810,0.2400,0.4826,0.2180,0.2700,0.006
33.409,32.560,0.980,CLIMB,diverged1,2.5185,0.2089,0.3094,0.028622,0.027563,0.045051,2.122,16,0.0538,0.2521,-0.0964,-0.478,0.00000,2.4575,0.1943,0.2966,-0.0000,0.0000,0.014,0.0294,0.1000,0.9500,60,0.022,21.43,19.48,21.74,10.20,0.0000,0.0000,9.98,0.00,49.90,--,--,0.00,SUCCEEDED,2,0.050,2.4810,0.2400,0.4826,0.2180,0.2700,0.002
33.509,32.662,0.986,CLIMB,diverged1,2.5185,0.2089,0.3094,0.028622,0.027563,0.045051,2.224,16,0.0538,0.2521,-0.0964,-0.476,0.00000,2.4575,0.1943,0.2966,-0.0000,0.0000,0.014,0.0294,0.1000,0.9500,60,0.024,23.81,20.00,25.00,10.31,0.0000,0.0000,10.02,0.00,50.10,--,--,0.00,SUCCEEDED,2,0.050,2.4810,0.2400,0.4826,0.2180,0.2700,0.004
33.609,32.760,0.991,CLIMB,diverged1,2.5185,0.2089,0.3094,0.028622,0.027563,0.045051,2.322,16,0.0538,0.2521,-0.0964,-0.478,0.00000,2.4575,0.1943,0.2966,-0.0000,0.0000,0.012,0.0294,0.1000,0.9500,60,0.022,0.00,0.00,0.00,10.20,0.0000,0.0000,10.00,0.00,50.00,--,--,0.00,SUCCEEDED,2,0.050,2.4810,0.2400,0.4826,0.2180,0.2700,0.002
33.709,32.862,0.993,CLIMB,diverged1,2.5185,0.2089,0.3094,0.028622,0.027563,0.045051,2.424,16,0.0538,0.2521,-0.0964,-0.476,0.00000,2.4575,0.1943,0.2966,-0.0000,0.0000,0.014,0.0294,0.1000,0.9500,60,0.024,0.00,0.00,0.00,1.00,0.0000,0.0000,10.02,0.00,50.10,--,--,0.00,SUCCEEDED,2,0.050,2.4810,0.2400,0.4826,0.2180,0.2700,0.004
33.809,32.954,0.986,CLIMB,diverged1,2.5185,0.2089,0.3094,0.028622,0.027563,0.045051,2.516,16,0.0538,0.2521,-0.0964,-0.484,0.00000,2.4575,0.1943,0.2966,-0.0000,0.0000,0.006,0.0294,0.1000,0.9500,60,0.016,0.00,0.00,0.00,0.00,0.0000,0.0000,10.07,0.00,49.90,--,--,0.00,SUCCEEDED,2,0.050,2.4810,0.2400,0.4826,0.2180,0.2700,0.016
33.909,33.058,0.990,CLIMB,diverged1,2.5185,0.2089,0.3094,0.028622,0.027563,0.045051,2.620,16,0.0538,0.2521,-0.0964,-0.480,0.00000,2.4575,0.1943,0.2966,-0.0000,0.0000,0.010,0.0294,0.1000,0.9500,60,0.020,0.00,0.00,0.00,0.00,0.0000,0.0000,10.07,0.00,50.00,--,--,0.00,SUCCEEDED,2,0.050,2.4810,0.2400,0.4826,0.2180,0.2700,0.000
34.009,33.156,0.990,CLIMB,diverged1,2.5185,0.2089,0.3094,0.028622,0.027563,0.045051,2.718,16,0.0538,0.2521,-0.0964,-0.482,0.00000,2.4575,0.1943,0.2966,-0.0000,0.0000,0.008,0.0294,0.1000,0.9500,60,0.018,0.00,0.00,0.00,0.00,0.0000,0.0000,10.04,0.00,49.90,--,--,0.00,SUCCEEDED,2,0.050,2.4810,0.2400,0.4826,0.2180,0.2700,0.018
34.109,33.254,0.991,CLIMB,diverged1,2.5185,0.2089,0.3094,0.028622,0.027563,0.045051,2.816,16,0.0538,0.2521,-0.0964,-0.484,0.00000,2.4575,0.1943,0.2966,-0.0000,0.0000,0.006,0.0294,0.1000,0.9500,60,0.016,0.00,0.00,0.00,0.00,0.0000,0.0000,10.02,0.00,49.90,--,--,0.00,SUCCEEDED,2,0.050,2.4810,0.2400,0.4826,0.2180,0.2700,0.016
34.209,33.348,0.982,CLIMB,diverged1,2.5185,0.2089,0.3094,0.028622,0.027563,0.045051,2.910,16,0.0538,0.2521,-0.0964,-0.390,0.00000,2.4575,0.1943,0.2966,-0.0000,0.0000,0.000,0.0294,0.1000,0.9500,60,0.010,0.00,0.00,0.00,0.00,0.0000,0.0000,10.10,0.00,50.10,--,--,0.00,SUCCEEDED,2,0.050,2.4810,0.2400,0.4826,0.2180,0.2700,0.010
34.309,33.446,0.982,CLIMB,diverged1,2.5185,0.2089,0.3094,0.028622,0.027563,0.045051,3.008,16,0.0538,0.2521,-0.0964,-0.392,0.00000,2.4575,0.1943,0.2966,-0.0000,0.0000,0.024,0.0294,0.1000,0.9500,60,0.108,0.00,0.00,0.00,0.00,0.0000,0.0000,10.09,0.00,50.00,--,--,0.00,SUCCEEDED,2,0.050,2.4810,0.2400,0.4826,0.2180,0.2700,0.008
34.410,33.546,0.981,CLIMB,diverged1,2.5185,0.2089,0.3094,0.028622,0.027563,0.045051,3.108,16,0.0538,0.2521,-0.0964,-0.392,0.00000,2.4575,0.1943,0.2966,-0.0000,0.0000,0.018,0.0294,0.1000,0.9500,60,0.108,0.00,0.00,0.00,0.00,0.0000,0.0000,10.02,0.00,50.10,--,--,0.00,SUCCEEDED,2,0.050,2.4810,0.2400,0.4826,0.2180,0.2700,0.008
34.509,33.646,0.984,CLIMB,diverged1,2.5185,0.2089,0.3094,0.028622,0.027563,0.045051,3.208,16,0.0538,0.2521,-0.0964,-0.392,0.00000,2.4575,0.1943,0.2966,-0.0000,0.0000,0.024,0.0294,0.1000,0.9500,60,0.108,0.00,0.00,0.00,0.00,0.0000,0.0000,9.89,0.00,50.31,--,--,0.00,SUCCEEDED,2,0.050,2.4810,0.2400,0.4826,0.2180,0.2700,0.008
34.609,33.742,0.978,CLIMB,diverged1,2.5185,0.2089,0.3094,0.028622,0.027563,0.045051,3.304,16,0.0538,0.2521,-0.0964,-0.396,0.00000,2.4575,0.1943,0.2966,-0.0000,0.0000,0.014,0.0294,0.1000,0.9500,60,0.104,0.00,0.00,0.00,0.00,0.0000,0.0000,9.96,0.00,50.00,--,--,0.00,SUCCEEDED,2,0.050,2.4810,0.2400,0.4826,0.2180,0.2700,0.004
34.709,33.838,0.977,CLIMB,diverged1,2.5185,0.2089,0.3094,0.028622,0.027563,0.045051,3.400,16,0.0538,0.2521,-0.0964,-0.400,0.00000,2.4575,0.1943,0.2966,-0.0000,0.0000,0.012,0.0294,0.1000,0.9500,60,0.100,0.00,0.00,0.00,0.00,0.0000,0.0000,9.87,0.00,50.00,--,--,0.00,SUCCEEDED,2,0.050,2.4810,0.2400,0.4826,0.2180,0.2700,0.020
34.809,33.938,0.978,CLIMB,diverged1,2.5185,0.2089,0.3094,0.028622,0.027563,0.045051,3.500,16,0.0538,0.2521,-0.0964,-0.400,0.00000,2.4575,0.1943,0.2966,-0.0000,0.0000,0.010,0.0294,0.1000,0.9500,60,0.100,0.00,0.00,0.00,0.00,0.0000,0.0000,9.89,0.00,50.10,--,--,0.00,SUCCEEDED,2,0.050,2.4810,0.2400,0.4826,0.2180,0.2700,0.000
34.909,34.032,0.975,CLIMB,diverged1,2.5185,0.2089,0.3094,0.028622,0.027563,0.045051,3.594,16,0.0538,0.2521,-0.0964,-0.406,0.00000,2.4575,0.1943,0.2966,-0.0000,0.0000,0.004,0.0294,0.1000,0.9500,60,0.094,0.00,0.00,0.00,0.00,0.0000,0.0000,10.00,0.00,50.00,--,--,0.00,SUCCEEDED,2,0.050,2.4810,0.2400,0.4826,0.2180,0.2700,0.014
35.008,34.126,0.970,CLIMB,diverged1,2.5185,0.2089,0.3094,0.028622,0.027563,0.045051,3.688,16,0.0538,0.2521,-0.0964,-0.412,0.00000,2.4575,0.1943,0.2966,-0.0000,0.0000,0.018,0.0294,0.1000,0.9500,60,0.088,0.00,0.00,0.00,0.00,0.0000,0.0000,9.98,0.00,50.10,--,--,0.00,SUCCEEDED,2,0.050,2.4810,0.2400,0.4826,0.2180,0.2700,0.008
35.109,34.200,0.947,CLIMB,diverged1,2.5185,0.2089,0.3094,0.028622,0.027563,0.045051,3.762,16,0.0538,0.2521,-0.0964,-0.438,0.00000,2.4575,0.1943,0.2966,-0.0000,0.0000,0.012,0.0294,0.1000,0.9500,60,0.062,0.00,0.00,0.00,0.00,0.0000,0.0000,10.04,0.00,50.00,--,--,0.00,SUCCEEDED,2,0.050,2.4810,0.2400,0.4826,0.2180,0.2700,0.002
35.209,34.302,0.954,CLIMB,diverged1,2.5185,0.2089,0.3094,0.028622,0.027563,0.045051,3.864,16,0.0538,0.2521,-0.0964,-0.436,0.00000,2.4575,0.1943,0.2966,-0.0000,0.0000,0.014,0.0294,0.1000,0.9500,60,0.064,0.00,0.00,0.00,0.00,0.0000,0.0000,9.89,0.00,49.90,--,--,0.00,SUCCEEDED,2,0.050,2.4810,0.2400,0.4826,0.2180,0.2700,0.004
35.309,34.396,0.946,CLIMB,diverged1,2.5185,0.2089,0.3094,0.028622,0.027563,0.045051,3.958,16,0.0538,0.2521,-0.0964,-0.442,0.00000,2.4575,0.1943,0.2966,-0.0000,0.0000,0.008,0.0294,0.1000,0.9500,60,0.058,0.00,0.00,0.00,0.00,0.0000,0.0000,10.04,0.00,50.00,--,--,0.00,SUCCEEDED,2,0.050,2.4810,0.2400,0.4826,0.2180,0.2700,0.018
35.409,34.494,0.949,CLIMB,diverged1,2.5185,0.2089,0.3094,0.028622,0.027563,0.045051,4.056,16,0.0538,0.2521,-0.0964,-0.444,0.00000,2.4575,0.1943,0.2966,-0.0000,0.0000,0.006,0.0294,0.1000,0.9500,60,0.056,0.00,0.00,0.00,0.00,0.0000,0.0000,10.07,0.00,50.00,--,--,0.00,SUCCEEDED,2,0.050,2.4810,0.2400,0.4826,0.2180,0.2700,0.016
35.509,34.592,0.945,CLIMB,diverged1,2.5185,0.2089,0.3094,0.028622,0.027563,0.045051,4.154,16,0.0538,0.2521,-0.0964,-0.446,0.00000,2.4575,0.1943,0.2966,-0.0000,0.0000,0.004,0.0294,0.1000,0.9500,60,0.054,0.00,0.00,0.00,0.00,0.0000,0.0000,10.07,0.00,50.10,--,--,0.00,SUCCEEDED,2,0.050,2.4810,0.2400,0.4826,0.2180,0.2700,0.014
35.609,34.690,0.949,CLIMB,diverged1,2.5185,0.2089,0.3094,0.028622,0.027563,0.045051,4.252,16,0.0538,0.2521,-0.0964,-0.448,0.00000,2.4575,0.1943,0.2966,-0.0000,0.0000,0.002,0.0294,0.1000,0.9500,60,0.052,0.00,0.00,0.00,0.00,0.0000,0.0000,10.09,0.00,50.00,--,--,0.00,SUCCEEDED,2,0.050,2.4810,0.2400,0.4826,0.2180,0.2700,0.012
35.708,34.790,0.952,CLIMB,diverged1,2.5185,0.2089,0.3094,0.028622,0.027563,0.045051,4.352,16,0.0538,0.2521,-0.0964,-0.448,0.00000,2.4575,0.1943,0.2966,-0.0000,0.0000,0.004,0.0294,0.1000,0.9500,60,0.052,0.00,0.00,0.00,0.00,0.0000,0.0000,10.09,0.00,50.00,--,--,0.00,SUCCEEDED,2,0.050,2.4810,0.2400,0.4826,0.2180,0.2700,0.012
35.808,34.888,0.951,CLIMB,diverged1,2.5185,0.2089,0.3094,0.028622,0.027563,0.045051,4.450,16,0.0538,0.2521,-0.0964,-0.450,0.00000,2.4575,0.1943,0.2966,-0.0000,0.0000,0.000,0.0294,0.1000,0.9500,60,0.050,0.00,0.00,0.00,0.00,0.0000,0.0000,9.98,0.00,50.10,--,--,0.00,SUCCEEDED,2,0.050,2.4810,0.2400,0.4826,0.2180,0.2700,0.010
35.910,34.988,0.957,CLIMB,diverged1,2.5185,0.2089,0.3094,0.028622,0.027563,0.045051,4.550,16,0.0538,0.2521,-0.0964,-0.450,0.00000,2.4575,0.1943,0.2966,-0.0000,0.0000,0.000,0.0294,0.1000,0.9500,60,0.050,0.00,0.00,0.00,0.00,0.0000,0.0000,10.00,0.00,50.00,--,--,0.00,SUCCEEDED,2,0.050,2.4810,0.2400,0.4826,0.2180,0.2700,0.010
36.009,35.086,0.985,CLIMB,diverged1,2.5185,0.2089,0.3094,0.028622,0.027563,0.045051,4.648,16,0.0538,0.2521,-0.0964,-0.452,0.00000,2.4575,0.1943,0.2966,-0.0000,0.0000,0.018,0.0294,0.1000,0.9500,60,0.048,0.00,0.00,0.00,0.00,0.0000,0.0000,10.00,0.00,50.10,--,--,0.00,SUCCEEDED,2,0.050,2.4810,0.2400,0.4826,0.2180,0.2700,0.008
36.108,35.186,0.986,CLIMB,diverged1,2.5185,0.2089,0.3094,0.028622,0.027563,0.045051,4.748,16,0.0538,0.2521,-0.0964,-0.452,0.00000,2.4575,0.1943,0.2966,-0.0000,0.0000,0.018,0.0294,0.1000,0.9500,60,0.048,0.00,0.00,0.00,0.00,0.0000,0.0000,10.07,0.00,50.00,--,--,0.00,SUCCEEDED,2,0.050,2.4810,0.2400,0.4826,0.2180,0.2700,0.008
36.209,35.282,0.984,CLIMB,diverged1,2.5185,0.2089,0.3094,0.028622,0.027563,0.045051,4.844,16,0.0538,0.2521,-0.0964,-0.456,0.00000,2.4575,0.1943,0.2966,-0.0000,0.0000,0.016,0.0294,0.1000,0.9500,60,0.044,0.00,0.00,0.00,0.00,0.0000,0.0000,9.98,0.00,50.20,--,--,0.00,SUCCEEDED,2,0.050,2.4810,0.2400,0.4826,0.2180,0.2700,0.004
36.309,35.382,0.986,CLIMB,diverged1,2.5185,0.2089,0.3094,0.028622,0.027563,0.045051,4.944,16,0.0538,0.2521,-0.0964,-0.456,0.00000,2.4575,0.1943,0.2966,-0.0000,0.0000,0.014,0.0294,0.1000,0.9500,60,0.044,0.00,0.00,0.00,0.00,0.0000,0.0000,10.04,0.00,50.00,--,--,0.00,SUCCEEDED,2,0.050,2.4810,0.2400,0.4826,0.2180,0.2700,0.004
36.408,35.482,0.988,CLIMB,diverged1,2.5185,0.2089,0.3094,0.028622,0.027563,0.045051,5.044,16,0.0538,0.2521,-0.0964,-0.456,0.00000,2.4575,0.1943,0.2966,-0.0000,0.0000,0.014,0.0294,0.1000,0.9500,60,0.044,0.00,0.00,0.00,0.00,0.0000,0.0000,9.93,0.00,50.00,--,--,0.00,SUCCEEDED,2,0.050,2.4810,0.2400,0.4826,0.2180,0.2700,0.004
36.509,35.582,0.990,CLIMB,diverged1,2.5185,0.2089,0.3094,0.028622,0.027563,0.045051,5.144,16,0.0538,0.2521,-0.0964,-0.456,0.00000,2.4575,0.1943,0.2966,-0.0000,0.0000,0.014,0.0294,0.1000,0.9500,60,0.044,0.00,0.00,0.00,0.00,0.0000,0.0000,10.02,0.00,50.00,--,--,0.00,SUCCEEDED,2,0.050,2.4810,0.2400,0.4826,0.2180,0.2700,0.004
36.609,35.678,0.986,CLIMB,diverged1,2.5185,0.2089,0.3094,0.028622,0.027563,0.045051,5.240,16,0.0538,0.2521,-0.0964,-0.460,0.00000,2.4575,0.1943,0.2966,-0.0000,0.0000,0.010,0.0294,0.1000,0.9500,60,0.040,0.00,0.00,0.00,0.00,0.0000,0.0000,9.98,0.00,50.00,--,--,0.00,SUCCEEDED,2,0.050,2.4810,0.2400,0.4826,0.2180,0.2700,0.000
36.709,35.780,0.990,CLIMB,diverged1,2.5185,0.2089,0.3094,0.028622,0.027563,0.045051,5.342,16,0.0538,0.2521,-0.0964,-0.458,0.00000,2.4575,0.1943,0.2966,-0.0000,0.0000,0.012,0.0294,0.1000,0.9500,60,0.042,0.00,0.00,0.00,0.00,0.0000,0.0000,10.00,0.00,50.00,--,--,0.00,SUCCEEDED,2,0.050,2.4810,0.2400,0.4826,0.2180,0.2700,0.002
36.809,35.878,0.990,CLIMB,diverged1,2.5185,0.2089,0.3094,0.028622,0.027563,0.045051,5.440,16,0.0538,0.2521,-0.0964,-0.460,0.00000,2.4575,0.1943,0.2966,-0.0000,0.0000,0.018,0.0294,0.1000,0.9500,60,0.040,0.00,0.00,0.00,0.00,0.0000,0.0000,10.00,0.00,49.90,--,--,0.00,SUCCEEDED,2,0.050,2.4810,0.2400,0.4826,0.2180,0.2700,0.000
36.909,35.978,0.991,CLIMB,diverged1,2.5185,0.2089,0.3094,0.028622,0.027563,0.045051,5.540,16,0.0538,0.2521,-0.0964,-0.460,0.00000,2.4575,0.1943,0.2966,-0.0000,0.0000,0.010,0.0294,0.1000,0.9500,60,0.040,0.00,0.00,0.00,0.00,0.0000,0.0000,9.96,0.00,49.90,--,--,0.00,SUCCEEDED,2,0.050,2.4810,0.2400,0.4826,0.2180,0.2700,0.000
37.009,36.074,0.988,CLIMB,diverged1,2.5185,0.2089,0.3094,0.028622,0.027563,0.045051,5.636,16,0.0538,0.2521,-0.0964,-0.464,0.00000,2.4575,0.1943,0.2966,-0.0000,0.0000,0.014,0.0294,0.1000,0.9500,60,0.036,0.00,0.00,0.00,0.00,0.0000,0.0000,9.98,0.00,50.00,--,--,0.00,SUCCEEDED,2,0.050,2.4810,0.2400,0.4826,0.2180,0.2700,0.016
37.109,36.174,0.991,CLIMB,diverged1,2.5185,0.2089,0.3094,0.028622,0.027563,0.045051,5.736,16,0.0538,0.2521,-0.0964,-0.464,0.00000,2.4575,0.1943,0.2966,-0.0000,0.0000,0.006,0.0294,0.1000,0.9500,60,0.036,0.00,0.00,0.00,0.00,0.0000,0.0000,9.96,0.00,50.00,--,--,0.00,SUCCEEDED,2,0.050,2.4810,0.2400,0.4826,0.2180,0.2700,0.016
37.209,36.270,0.986,CLIMB,diverged1,2.5185,0.2089,0.3094,0.028622,0.027563,0.045051,5.832,16,0.0538,0.2521,-0.0964,-0.468,0.00000,2.4575,0.1943,0.2966,-0.0000,0.0000,0.002,0.0294,0.1000,0.9500,60,0.032,0.00,0.00,0.00,17.86,0.0000,0.0000,10.02,0.00,49.90,--,--,0.00,SUCCEEDED,2,0.050,2.4810,0.2400,0.4826,0.2180,0.2700,0.012
37.309,36.372,0.988,CLIMB,diverged1,2.5185,0.2089,0.3094,0.028622,0.027563,0.045051,5.934,16,0.0538,0.2521,-0.0964,-0.466,0.00000,2.4575,0.1943,0.2966,-0.0000,0.0000,0.004,0.0294,0.1000,0.9500,60,0.034,0.00,0.00,0.00,18.87,0.0000,0.0000,10.04,0.00,50.00,--,--,0.00,SUCCEEDED,2,0.050,2.4810,0.2400,0.4826,0.2180,0.2700,0.014
37.409,36.468,0.984,CLIMB,diverged1,2.5185,0.2089,0.3094,0.028622,0.027563,0.045051,6.030,16,0.0538,0.2521,-0.0964,-0.470,0.00000,2.4575,0.1943,0.2966,-0.0000,0.0000,0.020,0.0294,0.1000,0.9500,60,0.030,0.00,0.00,0.00,15.62,0.0000,0.0000,10.07,0.00,50.00,--,--,0.00,SUCCEEDED,2,0.050,2.4810,0.2400,0.4826,0.2180,0.2700,0.010
37.509,36.568,0.986,CLIMB,diverged1,2.5185,0.2089,0.3094,0.028622,0.027563,0.045051,6.130,16,0.0538,0.2521,-0.0964,-0.470,0.00000,2.4578,0.1944,0.2961,0.0036,-0.0039,0.020,0.0294,0.1000,0.9500,60,0.030,0.00,0.00,0.00,16.13,0.0925,-0.0792,10.00,0.00,50.00,--,--,0.00,SUCCEEDED,2,0.050,2.4810,0.2400,0.4835,0.2183,0.2695,0.010
37.609,36.662,0.984,CLIMB,diverged1,2.5185,0.2089,0.3094,0.028622,0.027563,0.045051,6.224,16,0.0538,0.2521,-0.0964,-0.476,0.00000,2.4661,0.1969,0.2890,0.0872,-0.0718,0.014,0.0285,0.1000,0.9500,60,0.024,0.00,0.00,0.00,16.36,0.1622,-0.1386,10.09,0.00,50.00,--,--,0.00,SUCCEEDED,2,0.050,2.4810,0.2400,0.4923,0.2202,0.2628,0.004
37.709,36.764,0.984,CLIMB,diverged1,2.5185,0.2089,0.3094,0.028622,0.027563,0.045051,6.326,16,0.0538,0.2521,-0.0964,-0.474,0.00000,2.4806,0.2011,0.2768,0.1525,-0.1237,0.016,0.0282,0.1000,0.9333,60,0.026,0.00,0.00,0.00,16.30,0.2148,-0.1810,9.98,0.00,49.90,--,--,0.00,SUCCEEDED,2,0.050,2.4810,0.2400,0.5074,0.2234,0.2511,0.006
37.809,36.862,0.982,CLIMB,diverged1,2.5185,0.2089,0.3094,0.028622,0.027563,0.045051,6.424,16,0.0538,0.2521,-0.0964,-0.476,0.00000,2.4997,0.2064,0.2610,0.1996,-0.1587,0.014,0.0285,0.1000,0.9333,60,0.024,0.00,0.00,0.00,15.38,0.2148,-0.1810,9.87,0.00,50.00,--,--,0.00,SUCCEEDED,2,0.050,2.4810,0.2400,0.5271,0.2272,0.2360,0.004
37.909,36.964,0.986,CLIMB,diverged1,2.5185,0.2089,0.3094,0.028622,0.027563,0.045051,6.526,16,0.0538,0.2521,-0.0964,-0.474,0.00000,2.5233,0.2124,0.2420,0.2763,-0.2182,0.018,0.0307,0.1000,0.9333,60,0.026,0.00,0.00,0.00,16.00,0.2545,-0.2100,9.98,0.00,50.10,--,--,0.00,SUCCEEDED,2,0.050,2.4810,0.2400,0.5513,0.2314,0.2177,0.006
38.009,37.058,0.982,CLIMB,diverged1,2.5185,0.2089,0.3094,0.028622,0.027563,0.045051,6.620,16,0.0538,0.2521,-0.0964,-0.480,0.00000,2.5496,0.2186,0.2206,0.2750,-0.2183,0.010,0.0300,0.1000,0.9333,60,0.020,0.00,0.00,0.00,16.59,0.2846,-0.2270,9.98,0.00,50.00,--,--,0.00,SUCCEEDED,2,0.050,2.4810,0.2400,0.5779,0.2355,0.1972,0.000
38.109,37.158,0.987,CLIMB,diverged1,2.6474,0.2271,0.1051,0.031413,0.028964,0.042333,0.020,17,0.0618,0.2482,-0.0950,-0.480,0.00891,2.5786,0.2248,0.1980,0.3097,-0.2353,0.012,0.0305,0.1000,0.9500,60,0.020,0.00,0.00,0.00,16.95,0.3075,-0.2349,9.93,1.00,50.00,--,--,0.00,SUCCEEDED,2,0.050,2.4810,0.2400,0.6013,0.2386,0.1799,0.020
38.209,37.250,0.980,CLIMB,diverged1,2.6474,0.2271,0.1051,0.031413,0.028964,0.042333,0.112,17,0.0618,0.2482,-0.0950,-0.488,0.00000,2.6095,0.2306,0.1750,0.3088,-0.2265,0.002,0.0299,0.0736,0.9500,60,0.012,0.00,0.00,0.00,17.31,0.3250,-0.2342,10.02,1.00,50.10,--,--,0.00,SUCCEEDED,2,0.050,2.4810,0.2400,0.6321,0.2420,0.1575,0.012
38.309,37.352,0.980,CLIMB,diverged1,2.6474,0.2271,0.1051,0.031413,0.028964,0.042333,0.214,17,0.0618,0.2482,-0.0950,-0.486,0.00000,2.6420,0.2360,0.1521,0.3427,-0.2362,0.004,0.0275,0.0550,0.9667,60,0.014,0.00,0.00,0.00,18.10,0.3385,-0.2279,9.93,1.00,50.00,--,--,0.00,SUCCEEDED,2,0.050,2.4810,0.2400,0.6646,0.2450,0.1350,0.014
38.408,37.444,0.977,CLIMB,diverged1,2.6474,0.2271,0.1051,0.031413,0.028964,0.042333,0.306,17,0.0618,0.2482,-0.0950,-0.394,0.00000,2.6688,0.2398,0.1339,0.3413,-0.2298,0.016,0.0258,0.0550,0.9667,60,0.006,0.00,0.00,0.00,17.78,0.3489,-0.2158,10.04,1.00,49.90,--,--,0.00,SUCCEEDED,2,0.050,2.4810,0.2400,0.6983,0.2473,0.1127,0.006
38.509,37.544,0.980,CLIMB,diverged1,2.6474,0.2271,0.1051,0.031413,0.028964,0.042333,0.406,17,0.0618,0.2482,-0.0950,-0.394,0.00000,2.7034,0.2441,0.1125,0.3486,-0.2139,0.016,0.0397,0.1000,0.9167,60,0.106,0.00,0.00,0.00,18.26,0.3489,-0.2158,10.04,1.00,50.00,--,--,0.00,SUCCEEDED,2,0.050,2.4810,0.2400,0.7330,0.2490,0.0911,0.006
38.609,37.638,0.976,CLIMB,diverged1,2.6474,0.2271,0.1051,0.031413,0.028964,0.042333,0.500,17,0.0618,0.2482,-0.0950,-0.400,0.00000,2.7387,0.2477,0.0927,0.3547,-0.1978,0.010,0.0357,0.1000,0.9500,60,0.100,0.00,0.00,0.00,18.04,0.3634,-0.1810,9.93,1.00,50.00,--,--,0.00,SUCCEEDED,2,0.050,2.4810,0.2400,0.7685,0.2501,0.0707,0.000
38.710,37.740,0.975,CLIMB,diverged1,2.6474,0.2271,0.1051,0.031413,0.028964,0.042333,0.602,17,0.0618,0.2482,-0.0950,-0.398,0.00000,2.7748,0.2508,0.0746,0.3646,-0.1825,0.012,0.0349,0.1000,0.9500,60,0.102,0.00,0.00,0.00,17.49,0.3634,-0.1810,10.02,1.00,50.10,--,--,0.00,SUCCEEDED,2,0.050,2.4810,0.2400,0.8047,0.2507,0.0520,0.002
38.809,37.838,0.971,CLIMB,diverged1,2.6474,0.2271,0.1051,0.031413,0.028964,0.042333,0.700,17,0.0618,0.2482,-0.0950,-0.400,0.00000,2.8113,0.2532,0.0580,0.3661,-0.1662,0.010,0.0312,0.1000,0.9500,60,0.100,0.00,0.00,0.00,18.52,0.3685,-0.1603,10.14,1.00,50.00,--,--,0.00,SUCCEEDED,2,0.050,2.4810,0.2400,0.8340,0.2508,0.0381,0.020
38.909,37.930,0.966,CLIMB,diverged1,2.6474,0.2271,0.1051,0.031413,0.028964,0.042333,0.792,17,0.0618,0.2482,-0.0950,-0.408,0.00000,2.8483,0.2550,0.0433,0.3831,-0.1510,0.004,0.0324,0.1000,0.9500,60,0.092,0.00,0.00,0.00,18.63,0.3725,-0.1394,10.04,1.00,50.00,--,--,0.00,SUCCEEDED,2,0.050,2.4810,0.2400,0.8710,0.2505,0.0224,0.012
39.009,38.030,0.972,CLIMB,diverged1,2.9350,0.2347,-0.0477,0.035072,0.033098,0.060225,0.092,18,0.0713,0.2355,-0.0895,-0.408,0.01584,2.8855,0.2564,0.0319,0.3660,-0.1122,0.002,0.0287,0.0736,0.9667,60,0.092,0.00,0.00,0.00,19.40,0.3757,-0.1179,10.07,1.25,50.00,--,--,0.00,SUCCEEDED,2,0.050,2.4810,0.2400,0.9080,0.2502,0.0096,0.012
39.109,38.128,0.975,CLIMB,diverged1,2.9350,0.2347,-0.0477,0.035072,0.033098,0.060225,0.190,18,0.0713,0.2355,-0.0895,-0.410,0.00000,2.9221,0.2575,0.0279,0.3814,-0.0416,0.002,0.0292,0.0550,0.9833,60,0.090,0.00,0.00,0.00,19.44,0.3788,-0.1000,10.04,1.25,50.00,--,--,0.00,SUCCEEDED,2,0.050,2.4810,0.2400,0.9427,0.2506,0.0083,0.010
39.210,38.228,0.972,CLIMB,diverged1,2.9350,0.2347,-0.0477,0.035072,0.033098,0.060225,0.290,18,0.0713,0.2355,-0.0895,-0.410,0.00000,2.9591,0.2585,0.0239,0.3645,-0.0388,0.000,0.0891,0.2000,0.7000,60,0.090,0.00,0.00,0.00,18.87,0.3816,-0.0868,9.91,1.00,50.10,--,--,0.00,SUCCEEDED,2,0.050,2.4810,0.2400,0.9780,0.2509,0.0083,0.010
39.309,38.326,0.974,CLIMB,diverged1,2.9350,0.2347,-0.0477,0.035072,0.033098,0.060225,0.388,18,0.0713,0.2355,-0.0895,-0.412,0.00000,2.9891,0.2591,0.0205,0.3749,-0.0421,0.018,0.1796,0.4503,0.5833,60,0.088,0.00,0.00,0.00,19.96,0.3841,-0.0770,10.04,1.00,50.00,--,--,0.00,SUCCEEDED,2,0.050,2.4810,0.2400,1.0140,0.2512,0.0083,0.008
39.409,38.426,0.980,CLIMB,diverged1,2.9350,0.2347,-0.0477,0.035072,0.033098,0.060225,0.488,18,0.0713,0.2355,-0.0895,-0.412,0.00000,3.0271,0.2598,0.0157,0.3797,-0.0477,0.018,0.1260,0.2558,0.6552,58,0.088,0.00,0.00,0.00,19.31,0.3865,-0.0699,9.96,1.00,50.10,--,--,0.00,SUCCEEDED,2,0.050,2.4810,0.2400,1.0507,0.2515,0.0083,0.008
39.509,38.526,0.982,CLIMB,diverged1,2.9350,0.2347,-0.0477,0.035072,0.033098,0.060225,0.588,18,0.0713,0.2355,-0.0895,-0.412,0.00000,3.0655,0.2603,0.0101,0.3934,-0.0575,0.020,0.1547,0.4483,0.7568,37,0.088,0.00,0.00,0.00,19.35,0.3865,-0.0699,10.00,1.00,49.90,--,--,0.00,SUCCEEDED,2,0.050,2.4810,0.2400,1.0879,0.2519,0.0083,0.008
39.608,38.626,0.988,CLIMB,diverged1,2.9350,0.2347,-0.0477,0.035072,0.033098,0.060225,0.688,18,0.0713,0.2355,-0.0895,-0.412,0.00000,3.1036,0.2606,0.0062,0.3809,-0.0383,0.018,0.1886,0.5583,0.7059,34,0.088,0.00,0.00,0.00,19.27,0.3888,-0.0644,9.98,1.00,50.00,--,--,0.00,SUCCEEDED,2,0.050,2.4810,0.2400,1.1235,0.2521,0.0080,0.008
39.708,38.726,0.987,CLIMB,diverged1,3.1975,0.2214,-0.0550,0.047969,0.040614,0.071960,0.088,19,0.0724,0.1487,-0.0602,-0.412,0.08683,3.1420,0.2608,0.0031,0.3913,-0.0318,0.018,0.1860,0.4672,0.7059,34,0.088,0.00,0.00,0.00,19.23,0.3904,-0.0606,9.96,1.42,50.00,--,--,0.00,SUCCEEDED,2,0.050,2.4810,0.2400,1.1597,0.2524,0.0080,0.008
39.809,38.826,0.988,CLIMB,diverged1,3.1975,0.2214,-0.0550,0.047969,0.040614,0.071960,0.188,19,0.0724,0.1487,-0.0602,-0.412,0.00000,3.1807,0.2608,0.0001,0.4011,-0.0310,0.018,0.1771,0.3584,0.6970,33,0.088,0.00,0.00,0.00,19.19,0.3916,-0.0580,9.93,1.42,50.00,--,--,0.00,SUCCEEDED,2,0.050,2.4810,0.2400,1.1960,0.2527,0.0080,0.008
39.909,38.926,0.996,CLIMB,diverged1,3.1975,0.2214,-0.0550,0.047969,0.040614,0.071960,0.288,19,0.0724,0.1487,-0.0602,-0.412,0.00000,3.2194,0.2608,-0.0027,0.3909,-0.0289,0.018,0.1671,0.3328,0.6970,33,0.088,0.00,0.00,0.00,19.08,0.3924,-0.0562,10.00,1.42,50.00,--,--,0.00,SUCCEEDED,2,0.050,2.4810,0.2400,1.2325,0.2530,0.0080,0.008
40.009,39.026,0.998,CLIMB,diverged1,3.1975,0.2214,-0.0550,0.047969,0.040614,0.071960,0.388,19,0.0724,0.1487,-0.0602,-0.412,0.00000,3.2583,0.2606,-0.0055,0.4031,-0.0290,0.018,0.1579,0.2832,0.7273,33,0.088,0.00,0.00,0.00,18.76,0.3930,-0.0550,10.00,1.00,50.00,--,--,0.00,SUCCEEDED,2,0.050,2.4810,0.2400,1.2690,0.2533,0.0080,0.008
40.108,39.124,0.997,CLIMB,diverged1,3.1975,0.2214,-0.0550,0.047969,0.040614,0.071960,0.486,19,0.0724,0.1487,-0.0602,-0.414,0.00000,3.2972,0.2604,-0.0083,0.4475,-0.0316,0.016,0.1383,0.2447,0.7879,33,0.086,0.00,0.00,0.00,18.81,0.3933,-0.0543,9.98,1.00,50.00,--,--,0.00,SUCCEEDED,2,0.050,2.4810,0.2400,1.3056,0.2536,0.0080,0.006
40.209,39.222,0.995,CLIMB,diverged1,3.1975,0.2214,-0.0550,0.047969,0.040614,0.071960,0.584,19,0.0724,0.1487,-0.0602,-0.416,0.00000,3.3361,0.2600,-0.0110,0.4330,-0.0302,0.014,0.1219,0.2189,0.8182,33,0.084,0.00,0.00,0.00,18.32,0.3935,-0.0539,9.96,1.00,50.00,--,--,0.00,SUCCEEDED,2,0.050,2.4810,0.2400,1.3423,0.2539,0.0080,0.004
40.309,39.324,0.998,CLIMB,diverged1,3.1975,0.2214,-0.0550,0.047969,0.040614,0.071960,0.686,19,0.0724,0.1487,-0.0602,-0.414,0.00000,3.3750,0.2595,-0.0137,0.4365,-0.0302,0.016,0.1197,0.2400,0.7879,33,0.086,0.00,0.00,0.00,18.12,0.3936,-0.0538,10.02,1.00,50.00,--,--,0.00,SUCCEEDED,2,0.050,2.4810,0.2400,1.3789,0.2542,0.0080,0.006
40.409,39.422,0.995,CLIMB,diverged1,3.4593,0.2197,-0.0473,0.057488,0.048167,0.070882,0.084,20,0.0659,0.0715,-0.0328,-0.416,0.07744,3.4140,0.2589,-0.0164,0.3928,-0.0271,0.014,0.1094,0.2400,0.8438,32,0.084,0.00,0.00,0.00,18.07,0.3935,-0.0539,10.02,1.44,50.10,--,--,0.00,SUCCEEDED,2,0.050,2.4810,0.2400,1.4156,0.2545,0.0080,0.004
40.509,39.522,0.995,CLIMB,diverged1,3.4593,0.2197,-0.0473,0.057488,0.048167,0.070882,0.184,20,0.0659,0.0715,-0.0328,-0.416,0.00000,3.4529,0.2582,-0.0191,0.4043,-0.0279,0.014,0.1016,0.1500,0.8438,32,0.084,0.00,0.00,0.00,17.42,0.3935,-0.0539,10.00,1.44,50.00,--,--,0.00,SUCCEEDED,2,0.050,2.4810,0.2400,1.4522,0.2548,0.0080,0.004
40.609,39.612,0.984,CLIMB,diverged1,3.4593,0.2197,-0.0473,0.057488,0.048167,0.070882,0.274,20,0.0659,0.0715,-0.0328,-0.426,0.00000,3.4919,0.2574,-0.0218,0.3926,-0.0272,0.004,0.0882,0.1500,0.8438,32,0.074,0.00,0.00,0.00,18.22,0.3934,-0.0541,10.09,1.44,50.00,--,--,0.00,SUCCEEDED,2,0.050,2.4810,0.2400,1.4815,0.2550,0.0080,0.014
40.709,39.710,0.983,CLIMB,diverged1,3.4593,0.2197,-0.0473,0.057488,0.048167,0.070882,0.372,20,0.0659,0.0715,-0.0328,-0.428,0.00000,3.5308,0.2565,-0.0245,0.4478,-0.0312,0.002,0.0857,0.1500,0.8387,31,0.072,0.00,0.00,0.00,18.29,0.3932,-0.0544,10.04,1.00,49.90,--,--,0.00,SUCCEEDED,2,0.050,2.4810,0.2400,1.5182,0.2553,0.0080,0.012
40.808,39.808,0.983,CLIMB,diverged1,3.4593,0.2197,-0.0473,0.057488,0.048167,0.070882,0.470,20,0.0659,0.0715,-0.0328,-0.430,0.00000,3.5619,0.2557,-0.0267,0.4477,-0.0314,0.020,0.0694,0.1000,0.9032,31,0.070,0.00,0.00,0.00,19.07,0.3930,-0.0548,10.04,1.00,50.10,--,--,0.00,SUCCEEDED,2,0.050,2.4810,0.2400,1.5548,0.2556,0.0080,0.010
40.909,39.906,0.978,CLIMB,diverged1,3.4593,0.2197,-0.0473,0.057488,0.048167,0.070882,0.568,20,0.0659,0.0715,-0.0328,-0.432,0.00000,3.6007,0.2547,-0.0294,0.3888,-0.0275,0.018,0.0581,0.1000,0.9355,31,0.068,0.00,0.00,0.00,19.15,0.3928,-0.0553,10.00,1.00,50.00,--,--,0.00,SUCCEEDED,2,0.050,2.4810,0.2400,1.5914,0.2559,0.0080,0.008
41.009,40.002,0.975,CLIMB,diverged1,3.4593,0.2197,-0.0473,0.057488,0.048167,0.070882,0.664,20,0.0659,0.0715,-0.0328,-0.436,0.00000,3.6396,0.2535,-0.0322,0.3886,-0.0276,0.014,0.0500,0.1000,0.9355,31,0.064,0.00,0.00,0.00,19.82,0.3925,-0.0558,10.16,1.00,50.00,--,--,0.00,SUCCEEDED,2,0.050,2.4810,0.2400,1.6279,0.2562,0.0080,0.004
41.109,40.102,0.978,CLIMB,diverged1,3.7348,0.1946,-0.0805,0.070296,0.058199,0.063410,0.064,21,0.0680,0.1135,-0.0469,-0.436,0.04202,3.6784,0.2522,-0.0350,0.4174,-0.0300,0.018,0.0500,0.1000,0.9677,31,0.064,0.00,0.00,0.00,19.69,0.3922,-0.0563,10.02,1.42,50.20,--,--,0.00,SUCCEEDED,2,0.050,2.4810,0.2400,1.6644,0.2565,0.0080,0.004
41.209,40.202,0.976,CLIMB,diverged1,3.7348,0.1946,-0.0805,0.070296,0.058199,0.063410,0.164,21,0.0680,0.1135,-0.0469,-0.436,0.00000,3.7172,0.2507,-0.0378,0.3769,-0.0274,0.014,0.0417,0.0550,0.9667,30,0.064,0.00,0.00,0.00,18.99,0.3922,-0.0563,9.87,1.42,50.00,--,--,0.00,SUCCEEDED,2,0.050,2.4810,0.2400,1.7009,0.2567,0.0080,0.004
41.310,40.302,0.977,CLIMB,diverged1,3.7348,0.1946,-0.0805,0.070296,0.058199,0.063410,0.264,21,0.0680,0.1135,-0.0469,-0.436,0.00000,3.7559,0.2492,-0.0406,0.3909,-0.0286,0.014,0.0400,0.0550,0.9667,30,0.064,0.00,0.00,0.00,18.11,0.3919,-0.0569,10.00,1.42,50.00,--,--,0.00,SUCCEEDED,2,0.050,2.4810,0.2400,1.7374,0.2570,0.0080,0.004
41.409,40.400,0.978,CLIMB,diverged1,3.7348,0.1946,-0.0805,0.070296,0.058199,0.063410,0.362,21,0.0680,0.1135,-0.0469,-0.438,0.00000,3.7946,0.2476,-0.0435,0.3873,-0.0287,0.012,0.0383,0.1000,0.9333,30,0.062,0.00,0.00,0.00,18.40,0.3916,-0.0574,9.87,1.00,50.00,--,--,0.00,SUCCEEDED,2,0.050,2.4810,0.2400,1.7738,0.2573,0.0080,0.002
41.509,40.500,0.978,CLIMB,diverged1,3.7348,0.1946,-0.0805,0.070296,0.058199,0.063410,0.462,21,0.0680,0.1135,-0.0469,-0.438,0.00000,3.8333,0.2459,-0.0464,0.3903,-0.0291,0.012,0.0433,0.1050,0.9000,30,0.062,0.00,0.00,0.00,19.43,0.3912,-0.0580,9.98,1.00,50.00,--,--,0.00,SUCCEEDED,2,0.050,2.4810,0.2400,1.8102,0.2576,0.0080,0.002
41.608,40.594,0.982,CLIMB,diverged1,3.7348,0.1946,-0.0805,0.070296,0.058199,0.063410,0.556,21,0.0680,0.1135,-0.0469,-0.444,0.00000,3.8719,0.2440,-0.0493,0.3867,-0.0291,0.006,0.0500,0.1500,0.8621,29,0.056,0.00,0.00,0.00,19.39,0.3909,-0.0586,10.02,1.00,50.00,--,--,0.00,SUCCEEDED,2,0.050,2.4810,0.2400,1.8393,0.2579,0.0080,0.016
41.709,40.694,0.984,CLIMB,diverged1,3.7348,0.1946,-0.0805,0.070296,0.058199,0.063410,0.656,21,0.0680,0.1135,-0.0469,-0.444,0.00000,3.9105,0.2420,-0.0522,0.3895,-0.0297,0.006,0.0517,0.1100,0.8966,29,0.056,0.00,0.00,0.00,20.34,0.3905,-0.0592,9.91,1.00,50.00,--,--,0.00,SUCCEEDED,2,0.050,2.4810,0.2400,1.8756,0.2581,0.0080,0.016
41.808,40.786,0.978,CLIMB,diverged1,4.0033,0.1662,-0.0948,0.078656,0.062917,0.067628,0.048,22,0.0669,0.0868,-0.0411,-0.452,0.02677,3.9413,0.2404,-0.0546,0.3893,-0.0298,0.018,0.0438,0.1100,0.8966,29,0.048,0.00,0.00,0.00,19.91,0.3902,-0.0598,10.00,1.43,50.00,--,--,0.00,SUCCEEDED,2,0.050,2.4810,0.2400,1.9119,0.2584,0.0080,0.008
41.909,40.880,0.976,CLIMB,diverged1,4.0033,0.1662,-0.0948,0.078656,0.062917,0.067628,0.142,22,0.0669,0.0868,-0.0411,-0.458,0.00000,3.9798,0.2382,-0.0576,0.3889,-0.0302,0.012,0.0455,0.1100,0.8966,29,0.042,0.00,0.00,0.00,19.69,0.3898,-0.0604,9.96,1.43,49.90,--,--,0.00,SUCCEEDED,2,0.050,2.4810,0.2400,1.9481,0.2587,0.0080,0.002
42.009,40.976,0.971,CLIMB,diverged1,4.0033,0.1662,-0.0948,0.078656,0.062917,0.067628,0.238,22,0.0669,0.0868,-0.0411,-0.462,0.00000,4.0183,0.2360,-0.0606,0.3853,-0.0302,0.008,0.0482,0.1150,0.8929,28,0.038,0.00,0.00,0.00,18.91,0.3898,-0.0604,10.02,1.43,50.00,--,--,0.00,SUCCEEDED,2,0.050,2.4810,0.2400,1.9771,0.2590,0.0080,0.018
42.109,41.072,0.970,CLIMB,diverged1,4.0033,0.1662,-0.0948,0.078656,0.062917,0.067628,0.334,22,0.0669,0.0868,-0.0411,-0.466,0.00000,4.0567,0.2336,-0.0637,0.3849,-0.0304,0.004,0.0464,0.1150,0.8929,28,0.034,0.00,0.00,0.00,18.22,0.3894,-0.0610,10.14,1.00,49.80,--,--,0.00,SUCCEEDED,2,0.050,2.4810,0.2400,2.0133,0.2592,0.0080,0.014
42.209,41.174,0.972,CLIMB,diverged1,4.0033,0.1662,-0.0948,0.078656,0.062917,0.067628,0.436,22,0.0669,0.0868,-0.0411,-0.464,0.00000,4.0951,0.2311,-0.0667,0.4310,-0.0344,0.006,0.0454,0.1150,0.8929,28,0.036,0.00,0.00,0.00,18.63,0.3891,-0.0616,10.02,1.00,50.00,--,--,0.00,SUCCEEDED,2,0.050,2.4810,0.2400,2.0494,0.2595,0.0080,0.016
42.309,41.272,0.971,CLIMB,diverged1,4.0033,0.1662,-0.0948,0.078656,0.062917,0.067628,0.534,22,0.0669,0.0868,-0.0411,-0.466,0.00000,4.1334,0.2284,-0.0698,0.3874,-0.0312,0.004,0.0482,0.1500,0.8571,28,0.034,0.00,0.00,0.00,19.59,0.3887,-0.0622,10.14,1.00,50.00,--,--,0.00,SUCCEEDED,2,0.050,2.4810,0.2400,2.0855,0.2598,0.0080,0.014
42.409,41.370,0.971,CLIMB,diverged1,4.0033,0.1662,-0.0948,0.078656,0.062917,0.067628,0.632,22,0.0669,0.0868,-0.0411,-0.468,0.00000,4.1717,0.2257,-0.0730,0.3869,-0.0315,0.002,0.0556,0.1500,0.8519,27,0.032,0.00,0.00,0.00,19.59,0.3883,-0.0628,10.00,1.00,49.90,--,--,0.00,SUCCEEDED,2,0.050,2.4810,0.2400,2.1216,0.2601,0.0080,0.012
42.509,41.468,0.968,CLIMB,diverged1,4.2614,0.1510,-0.0971,0.091855,0.067897,0.072270,0.030,23,0.0590,0.0194,-0.0220,-0.470,0.06777,4.2023,0.2234,-0.0755,0.3867,-0.0317,0.020,0.0648,0.1700,0.8148,27,0.030,0.00,0.00,0.00,19.44,0.3879,-0.0634,9.98,1.43,50.00,--,--,0.00,SUCCEEDED,2,0.050,2.4810,0.2400,2.1576,0.2604,0.0080,0.010
42.608,41.564,0.970,CLIMB,diverged1,4.2614,0.1510,-0.0971,0.091855,0.067897,0.072270,0.126,23,0.0590,0.0194,-0.0220,-0.474,0.00000,4.2404,0.2205,-0.0782,0.3857,-0.0280,0.016,0.0667,0.1700,0.8148,27,0.026,0.00,0.00,0.00,18.87,0.3875,-0.0640,10.07,1.43,50.10,--,--,0.00,SUCCEEDED,2,0.050,2.4810,0.2400,2.1936,0.2607,0.0080,0.006
42.709,41.664,0.975,CLIMB,diverged1,4.2614,0.1510,-0.0971,0.091855,0.067897,0.072270,0.226,23,0.0590,0.0194,-0.0220,-0.474,0.00000,4.2783,0.2175,-0.0796,0.3800,-0.0140,0.016,0.0489,0.1250,0.8846,26,0.026,0.00,0.00,0.00,18.81,0.3871,-0.0646,10.00,1.43,49.90,--,--,0.00,SUCCEEDED,2,0.050,2.4810,0.2400,2.2295,0.2610,0.0080,0.006
42.808,41.764,0.978,CLIMB,diverged1,4.2614,0.1510,-0.0971,0.091855,0.067897,0.072270,0.326,23,0.0590,0.0194,-0.0220,-0.474,0.00000,4.3163,0.2144,-0.0824,0.3815,-0.0273,0.016,0.0566,0.1500,0.8462,26,0.026,0.00,0.00,0.00,18.22,0.3871,-0.0646,10.00,1.00,49.90,--,--,0.00,SUCCEEDED,2,0.050,2.4810,0.2400,2.2654,0.2613,0.0080,0.006
42.909,41.864,0.984,CLIMB,diverged1,4.2614,0.1510,-0.0971,0.091855,0.067897,0.072270,0.426,23,0.0590,0.0194,-0.0220,-0.474,0.00000,4.3544,0.2112,-0.0856,0.4280,-0.0365,0.016,0.0750,0.1750,0.8077,26,0.026,0.00,0.00,0.00,18.00,0.3863,-0.0658,9.96,1.00,50.10,--,--,0.00,SUCCEEDED,2,0.050,2.4810,0.2400,2.3012,0.2616,0.0080,0.006
43.009,41.960,0.984,CLIMB,diverged1,4.2614,0.1510,-0.0971,0.091855,0.067897,0.072270,0.522,23,0.0590,0.0194,-0.0220,-0.478,0.00000,4.3924,0.2079,-0.0889,0.3960,-0.0341,0.012,0.0643,0.1500,0.8462,26,0.022,0.00,0.00,0.00,17.42,0.3863,-0.0658,10.02,1.00,50.00,--,--,0.00,SUCCEEDED,2,0.050,2.4810,0.2400,2.3370,0.2618,0.0080,0.002
43.109,42.062,0.986,CLIMB,diverged1,4.2614,0.1510,-0.0971,0.091855,0.067897,0.072270,0.624,23,0.0590,0.0194,-0.0220,-0.476,0.00000,4.4303,0.2044,-0.0922,0.3842,-0.0333,0.014,0.0596,0.1750,0.8462,26,0.024,0.00,0.00,0.00,18.22,0.3859,-0.0663,9.96,1.00,50.00,--,--,0.00,SUCCEEDED,2,0.050,2.4810,0.2400,2.3728,0.2621,0.0080,0.004
43.209,42.162,0.988,CLIMB,diverged1,4.5102,0.1531,-0.0674,0.097474,0.071695,0.073898,0.024,24,0.0531,-0.1722,0.0278,-0.476,0.19179,4.4682,0.2009,-0.0955,0.3901,-0.0342,0.014,0.0600,0.1800,0.8000,25,0.024,0.00,0.00,0.00,18.15,0.3855,-0.0669,9.98,1.43,50.00,--,--,0.00,SUCCEEDED,2,0.050,2.4810,0.2400,2.4085,0.2624,0.0080,0.004
43.309,42.262,0.990,CLIMB,diverged1,4.5102,0.1531,-0.0674,0.097474,0.071695,0.073898,0.124,24,0.0531,-0.1722,0.0278,-0.476,0.00000,4.5060,0.1972,-0.0989,0.3834,-0.0338,0.014,0.0640,0.1800,0.8000,25,0.024,0.00,0.00,0.00,18.22,0.3851,-0.0675,9.96,1.43,50.00,--,--,0.00,SUCCEEDED,2,0.050,2.4810,0.2400,2.4442,0.2627,0.0080,0.004
43.409,42.362,0.993,CLIMB,diverged1,4.5102,0.1531,-0.0674,0.097474,0.071695,0.073898,0.224,24,0.0531,-0.1722,0.0278,-0.476,0.00000,4.5438,0.1934,-0.1023,0.3974,-0.0354,0.014,0.0604,0.1850,0.8333,24,0.024,0.00,0.00,0.00,18.15,0.3846,-0.0681,9.98,1.43,50.10,--,--,0.00,SUCCEEDED,2,0.050,2.4810,0.2400,2.4798,0.2630,0.0080,0.004
43.509,42.460,0.995,CLIMB,diverged1,4.5102,0.1531,-0.0674,0.097474,0.071695,0.073898,0.322,24,0.0531,-0.1722,0.0278,-0.478,0.00000,4.5816,0.1894,-0.1057,0.3794,-0.0341,0.012,0.0571,0.1500,0.8333,24,0.022,0.00,0.00,0.00,18.68,0.3842,-0.0687,9.96,1.00,50.00,--,--,0.00,SUCCEEDED,2,0.050,2.4810,0.2400,2.5154,0.2633,0.0080,0.002
43.609,42.558,0.993,CLIMB,diverged1,4.5102,0.1531,-0.0674,0.097474,0.071695,0.073898,0.420,24,0.0531,-0.1722,0.0278,-0.480,0.00000,4.6193,0.1854,-0.1091,0.3822,-0.0346,0.010,0.0613,0.1350,0.8750,24,0.020,0.00,0.00,0.00,18.28,0.3838,-0.0692,9.96,1.00,50.00,--,--,0.00,SUCCEEDED,2,0.050,2.4810,0.2400,2.5509,0.2636,0.0080,0.000
43.709,42.658,0.994,CLIMB,diverged1,4.5102,0.1531,-0.0674,0.097474,0.071695,0.073898,0.520,24,0.0531,-0.1722,0.0278,-0.480,0.00000,4.6569,0.1812,-0.1126,0.3817,-0.0349,0.010,0.0292,0.0850,0.9583,24,0.020,0.00,0.00,0.00,18.28,0.3834,-0.0698,9.98,1.00,50.00,--,--,0.00,SUCCEEDED,2,0.050,2.4810,0.2400,2.5793,0.2638,0.0080,0.020
43.809,42.758,0.993,CLIMB,diverged1,4.5102,0.1531,-0.0674,0.097474,0.071695,0.073898,0.620,24,0.0531,-0.1722,0.0278,-0.480,0.00000,4.6944,0.1769,-0.1161,0.4350,-0.0402,0.010,0.0312,0.1000,0.9583,24,0.020,0.00,0.00,0.00,18.01,0.3834,-0.0698,9.96,1.00,49.90,--,--,0.00,SUCCEEDED,2,0.050,2.4810,0.2400,2.6219,0.2641,0.0080,0.000
43.909,42.854,0.993,CLIMB,diverged1,4.7536,0.1498,-0.0664,0.105590,0.072582,0.072142,0.016,25,0.0407,-0.2726,0.0529,-0.484,0.10108,4.7319,0.1724,-0.1196,0.3903,-0.0363,0.008,0.0391,0.1000,0.9130,23,0.016,0.00,0.00,0.00,18.15,0.3829,-0.0704,10.00,1.43,50.00,--,--,0.00,SUCCEEDED,2,0.050,2.4810,0.2400,2.6502,0.2643,0.0080,0.016
44.009,42.952,0.992,CLIMB,diverged1,4.7536,0.1498,-0.0664,0.105590,0.072582,0.072142,0.114,25,0.0407,-0.2726,0.0529,-0.486,0.00000,4.7694,0.1679,-0.1231,0.3710,-0.0348,0.004,0.0318,0.0950,0.9545,22,0.014,0.00,0.00,0.00,18.18,0.3825,-0.0710,9.98,1.43,50.00,--,--,0.00,SUCCEEDED,2,0.050,2.4810,0.2400,2.6856,0.2646,0.0080,0.014
44.109,43.048,0.984,CLIMB,diverged1,4.7536,0.1498,-0.0664,0.105590,0.072582,0.072142,0.210,25,0.0407,-0.2726,0.0529,-0.390,0.00000,4.8068,0.1632,-0.1267,0.3769,-0.0356,0.000,0.0341,0.0950,0.9545,22,0.010,0.00,0.00,0.00,18.26,0.3821,-0.0715,10.07,1.43,50.00,--,--,0.00,SUCCEEDED,2,0.050,2.4810,0.2400,2.7209,0.2649,0.0080,0.010
44.209,43.148,0.984,CLIMB,diverged1,4.7536,0.1498,-0.0664,0.105590,0.072582,0.072142,0.310,25,0.0407,-0.2726,0.0529,-0.390,0.00000,4.8404,0.1589,-0.1284,0.3475,-0.0171,0.000,0.0364,0.0950,0.9545,22,0.110,0.00,0.00,0.00,19.31,0.0000,0.0000,10.07,1.43,50.00,--,--,0.00,SUCCEEDED,2,0.050,2.4810,0.2400,2.7539,0.2652,0.0079,0.010
44.309,43.246,0.984,CLIMB,diverged1,4.7536,0.1498,-0.0664,0.105590,0.072582,0.072142,0.408,25,0.0407,-0.2726,0.0529,-0.392,0.00000,4.8541,0.1571,-0.1284,0.2032,-0.0000,0.018,0.0386,0.1000,0.9545,22,0.008,0.00,0.00,0.00,18.29,0.0000,0.0000,10.08,1.00,50.00,--,--,0.00,SUCCEEDED,2,0.050,2.4810,0.2400,2.7705,0.2653,0.0079,0.008
44.409,43.346,0.984,VERIFY_CLIMB,diverged1,4.7536,0.1498,-0.0664,0.105590,0.072582,0.072142,0.508,25,0.0407,-0.2726,0.0529,-0.392,0.00000,4.8563,0.1568,-0.1284,0.0274,0.0000,0.022,0.0273,0.0500,1.0000,22,0.008,0.00,0.00,0.00,18.20,0.0000,0.0000,10.02,1.00,50.20,--,--,0.00,SUCCEEDED,2,0.050,2.4810,0.2400,2.7718,0.2653,0.0079,0.008
44.509,43.446,0.987,VERIFY_CLIMB,diverged1,4.7536,0.1498,-0.0664,0.105590,0.072582,0.072142,0.608,25,0.0407,-0.2726,0.0529,-0.392,0.00000,4.8563,0.1568,-0.1284,-0.0000,0.0000,0.018,0.0273,0.0500,1.0000,22,0.108,0.00,0.00,0.00,18.06,0.0000,0.0000,10.02,1.00,50.00,--,--,0.00,SUCCEEDED,2,0.050,2.4810,0.2400,2.7718,0.2653,0.0079,0.008
44.609,43.546,0.989,SEARCH_TARGET,diverged1,4.7536,0.1498,-0.0664,0.105590,0.072582,0.072142,0.708,25,0.0407,-0.2726,0.0529,-0.392,0.00000,4.8563,0.1568,-0.1284,-0.0000,0.0000,0.018,0.0273,0.0500,1.0000,22,0.108,0.00,0.00,0.00,16.93,0.0000,0.0000,9.93,1.00,50.00,--,--,0.00,SUCCEEDED,2,0.050,2.4810,0.2400,2.7718,0.2653,0.0079,0.008
44.709,43.646,0.988,SEARCH_TARGET,diverged1,4.7536,0.1498,-0.0664,0.105590,0.072582,0.072142,0.808,25,0.0407,-0.2726,0.0529,-0.392,0.00000,4.8563,0.1568,-0.1284,-0.0000,0.0000,0.018,0.0273,0.0500,1.0000,22,0.108,0.00,0.00,0.00,16.03,0.0000,0.0000,9.98,1.00,50.00,--,--,0.00,SUCCEEDED,2,0.050,2.4810,0.2400,2.7718,0.2653,0.0079,0.008
44.809,43.746,0.988,STOW_ARM,diverged1,4.7536,0.1498,-0.0664,0.105590,0.072582,0.072142,0.908,25,0.0407,-0.2726,0.0529,-0.392,0.00000,4.8563,0.1568,-0.1284,-0.0000,0.0000,0.018,0.0273,0.0500,1.0000,22,0.008,0.00,0.00,0.00,15.31,0.0000,0.0000,10.06,1.00,50.10,--,--,0.00,SUCCEEDED,2,0.050,2.4810,0.2400,2.7718,0.2653,0.0079,0.008
44.909,43.838,0.984,STOW_ARM,diverged1,4.7536,0.1498,-0.0664,0.105590,0.072582,0.072142,1.000,25,0.0407,-0.2726,0.0529,-0.400,0.00000,4.8563,0.1568,-0.1284,-0.0000,0.0000,0.010,0.0273,0.0500,1.0000,22,0.100,0.00,0.00,0.00,15.24,0.0000,0.0000,9.98,1.00,50.00,--,--,0.00,SUCCEEDED,2,0.050,2.4810,0.2400,2.7718,0.2653,0.0079,0.000
45.009,43.938,0.989,STOW_ARM,diverged1,4.7536,0.1498,-0.0664,0.105590,0.072582,0.072142,1.100,25,0.0407,-0.2726,0.0529,-0.400,0.00000,4.8563,0.1568,-0.1284,-0.0000,0.0000,0.010,0.0273,0.0500,1.0000,22,0.100,0.00,0.00,0.00,14.20,0.0000,0.0000,10.04,0.00,50.00,--,--,0.00,SUCCEEDED,2,0.050,2.4810,0.2400,2.7718,0.2653,0.0079,0.000
45.109,44.038,0.989,STOW_ARM,diverged1,4.7536,0.1498,-0.0664,0.105590,0.072582,0.072142,1.200,25,0.0407,-0.2726,0.0529,-0.400,0.00000,4.8563,0.1568,-0.1284,-0.0000,0.0000,0.010,0.0273,0.0500,1.0000,22,0.100,0.00,0.00,0.00,13.83,0.0000,0.0000,9.93,0.00,50.00,--,--,0.00,SUCCEEDED,2,0.050,2.4810,0.2400,2.7718,0.2653,0.0079,0.020
45.209,44.134,0.986,STOW_ARM,diverged1,4.7536,0.1498,-0.0664,0.105590,0.072582,0.072142,1.296,25,0.0407,-0.2726,0.0529,-0.404,0.00000,4.8563,0.1568,-0.1284,-0.0000,0.0000,0.008,0.0273,0.0500,1.0000,22,0.096,0.00,0.00,0.00,11.75,0.0000,0.0000,10.07,0.00,50.00,--,--,0.00,SUCCEEDED,2,0.050,2.4810,0.2400,2.7718,0.2653,0.0079,0.016
45.309,44.234,0.987,STOW_ARM,diverged1,4.7536,0.1498,-0.0664,0.105590,0.072582,0.072142,1.396,25,0.0407,-0.2726,0.0529,-0.404,0.00000,4.8563,0.1568,-0.1284,-0.0000,0.0000,0.006,0.0273,0.0500,1.0000,22,0.096,0.00,0.00,0.00,11.73,0.0000,0.0000,9.96,0.00,50.00,--,--,0.00,SUCCEEDED,2,0.050,2.4810,0.2400,2.7718,0.2653,0.0079,0.016
45.409,44.326,0.980,STOW_ARM,diverged1,4.7536,0.1498,-0.0664,0.105590,0.072582,0.072142,1.488,25,0.0407,-0.2726,0.0529,-0.412,0.00000,4.8563,0.1568,-0.1284,-0.0000,0.0000,0.018,0.0273,0.0500,1.0000,22,0.088,0.00,0.00,0.00,11.31,0.0000,0.0000,10.02,0.00,50.00,--,--,0.00,SUCCEEDED,2,0.050,2.4810,0.2400,2.7718,0.2653,0.0079,0.008
45.509,44.428,0.980,STOW_ARM,diverged1,4.7536,0.1498,-0.0664,0.105590,0.072582,0.072142,1.590,25,0.0407,-0.2726,0.0529,-0.410,0.00000,4.8563,0.1568,-0.1284,-0.0000,0.0000,0.020,0.0273,0.0500,1.0000,22,0.090,0.00,0.00,0.00,11.48,0.0000,0.0000,10.14,0.00,49.90,--,--,0.00,SUCCEEDED,2,0.050,2.4810,0.2400,2.7718,0.2653,0.0079,0.010
45.609,44.528,0.980,STOW_ARM,diverged1,4.7536,0.1498,-0.0664,0.105590,0.072582,0.072142,1.690,25,0.0407,-0.2726,0.0529,-0.410,0.00000,4.8563,0.1568,-0.1284,-0.0000,0.0000,0.022,0.0273,0.0500,1.0000,22,0.090,0.00,0.00,0.00,11.70,0.0000,0.0000,10.00,0.00,50.10,--,--,0.00,SUCCEEDED,2,0.050,2.4810,0.2400,2.7718,0.2653,0.0079,0.010
45.709,44.628,0.982,STOW_ARM,diverged1,4.7536,0.1498,-0.0664,0.105590,0.072582,0.072142,1.790,25,0.0407,-0.2726,0.0529,-0.410,0.00000,4.8563,0.1568,-0.1284,-0.0000,0.0000,0.020,0.0273,0.0500,1.0000,22,0.090,0.00,0.00,0.00,11.04,0.0000,0.0000,10.14,0.00,50.00,--,--,0.00,SUCCEEDED,2,0.050,2.4810,0.2400,2.7718,0.2653,0.0079,0.010
45.809,44.728,0.982,STOW_ARM,diverged1,4.7536,0.1498,-0.0664,0.105590,0.072582,0.072142,1.890,25,0.0407,-0.2726,0.0529,-0.410,0.00000,4.8563,0.1568,-0.1284,-0.0000,0.0000,0.028,0.0273,0.0500,1.0000,22,0.090,0.00,0.00,0.00,11.24,0.0000,0.0000,10.04,0.00,50.41,--,--,0.00,SUCCEEDED,2,0.050,2.4810,0.2400,2.7718,0.2653,0.0079,0.010
45.909,44.828,0.989,STOW_ARM,diverged1,4.7536,0.1498,-0.0664,0.105590,0.072582,0.072142,1.990,25,0.0407,-0.2726,0.0529,-0.410,0.00000,4.8563,0.1568,-0.1284,-0.0000,0.0000,0.022,0.0273,0.0500,1.0000,22,0.090,0.00,0.00,0.00,11.36,0.0000,0.0000,9.98,0.00,50.00,--,--,0.00,SUCCEEDED,2,0.050,2.4810,0.2400,2.7718,0.2653,0.0079,0.010
46.009,44.928,0.990,STOW_ARM,diverged1,4.7536,0.1498,-0.0664,0.105590,0.072582,0.072142,2.090,25,0.0407,-0.2726,0.0529,-0.410,0.00000,4.8563,0.1568,-0.1284,-0.0000,0.0000,0.022,0.0273,0.0500,1.0000,22,0.090,0.00,0.00,0.00,11.70,0.0000,0.0000,10.02,0.00,50.10,--,--,0.00,SUCCEEDED,2,0.050,2.4810,0.2400,2.7718,0.2653,0.0079,0.010
46.109,45.026,0.989,STOW_ARM,diverged1,4.7536,0.1498,-0.0664,0.105590,0.072582,0.072142,2.188,25,0.0407,-0.2726,0.0529,-0.412,0.00000,4.8563,0.1568,-0.1284,-0.0000,0.0000,0.018,0.0273,0.0500,1.0000,22,0.088,0.00,0.00,0.00,10.20,0.0000,0.0000,9.98,0.00,50.00,--,--,0.00,SUCCEEDED,2,0.050,2.4810,0.2400,2.7718,0.2653,0.0079,0.008
46.209,45.126,0.992,STOW_ARM,diverged1,4.7536,0.1498,-0.0664,0.105590,0.072582,0.072142,2.288,25,0.0407,-0.2726,0.0529,-0.412,0.00000,4.8563,0.1568,-0.1284,-0.0000,0.0000,0.018,0.0273,0.0500,1.0000,22,0.088,0.00,0.00,0.00,10.42,0.0000,0.0000,10.02,0.00,50.00,--,--,0.00,SUCCEEDED,2,0.050,2.4810,0.2400,2.7718,0.2653,0.0079,0.008
46.309,45.226,1.000,STOW_ARM,diverged1,4.7536,0.1498,-0.0664,0.105590,0.072582,0.072142,2.388,25,0.0407,-0.2726,0.0529,-0.412,0.00000,4.8563,0.1568,-0.1284,-0.0000,0.0000,0.020,0.0273,0.0500,1.0000,22,0.088,0.00,0.00,0.00,1.00,0.0000,0.0000,10.00,0.00,50.00,--,--,0.00,SUCCEEDED,2,0.050,2.4810,0.2400,2.7718,0.2653,0.0079,0.008
46.409,45.326,1.000,STOW_ARM,diverged1,4.7536,0.1498,-0.0664,0.105590,0.072582,0.072142,2.488,25,0.0407,-0.2726,0.0529,-0.412,0.00000,4.8563,0.1568,-0.1284,-0.0000,0.0000,0.018,0.0399,0.1047,0.8889,27,0.088,0.00,0.00,0.00,0.00,0.0000,0.0000,9.96,0.00,50.00,--,--,0.00,SUCCEEDED,2,0.050,2.4810,0.2400,2.7718,0.2653,0.0079,0.008
46.509,45.426,0.997,STOW_ARM,diverged1,4.7536,0.1498,-0.0664,0.105590,0.072582,0.072142,2.588,25,0.0407,-0.2726,0.0529,-0.412,0.00000,4.8563,0.1568,-0.1284,-0.0000,0.0000,0.018,0.0411,0.1071,0.8800,25,0.088,0.00,0.00,0.00,0.00,0.0000,0.0000,10.04,0.00,50.00,--,--,0.00,SUCCEEDED,2,0.050,2.4810,0.2400,2.7718,0.2653,0.0079,0.008
46.609,45.526,0.998,STOW_ARM,diverged1,4.7536,0.1498,-0.0664,0.105590,0.072582,0.072142,2.688,25,0.0407,-0.2726,0.0529,-0.412,0.00000,4.8563,0.1568,-0.1284,-0.0000,0.0000,0.018,0.0456,0.1350,0.8462,26,0.088,0.00,0.00,0.00,0.00,0.0000,0.0000,10.02,0.00,50.00,--,--,0.00,SUCCEEDED,2,0.050,2.4810,0.2400,2.7718,0.2653,0.0079,0.008
46.709,45.626,0.998,STOW_ARM,diverged1,4.7536,0.1498,-0.0664,0.105590,0.072582,0.072142,2.788,25,0.0407,-0.2726,0.0529,-0.412,0.00000,4.8563,0.1568,-0.1284,-0.0000,0.0000,0.018,0.0330,0.0900,0.9565,23,0.088,0.00,0.00,0.00,0.00,0.0000,0.0000,9.96,0.00,50.00,--,--,0.00,SUCCEEDED,2,0.050,2.4810,0.2400,2.7718,0.2653,0.0079,0.008
46.808,45.726,0.998,STOW_ARM,diverged1,4.7536,0.1498,-0.0664,0.105590,0.072582,0.072142,2.888,25,0.0407,-0.2726,0.0529,-0.412,0.00000,4.8563,0.1568,-0.1284,-0.0000,0.0000,0.018,0.0273,0.0500,1.0000,22,0.088,0.00,0.00,0.00,0.00,0.0000,0.0000,9.96,0.00,49.90,--,--,0.00,SUCCEEDED,2,0.050,2.4810,0.2400,2.7718,0.2653,0.0079,0.008
46.909,45.824,0.996,STOW_ARM,diverged1,4.7536,0.1498,-0.0664,0.105590,0.072582,0.072142,2.986,25,0.0407,-0.2726,0.0529,-0.414,0.00000,4.8563,0.1568,-0.1284,-0.0000,0.0000,0.016,0.0273,0.0500,1.0000,22,0.086,0.00,0.00,0.00,0.00,0.0000,0.0000,10.02,0.00,50.10,--,--,0.00,SUCCEEDED,2,0.050,2.4810,0.2400,2.7718,0.2653,0.0079,0.006
47.009,45.926,1.000,STOW_ARM,diverged1,4.7536,0.1498,-0.0664,0.105590,0.072582,0.072142,3.088,25,0.0407,-0.2726,0.0529,-0.412,0.00000,4.8563,0.1568,-0.1284,-0.0000,0.0000,0.018,0.0273,0.0500,1.0000,22,0.088,0.00,0.00,0.00,0.00,0.0000,0.0000,10.00,0.00,50.00,--,--,0.00,SUCCEEDED,2,0.050,2.4810,0.2400,2.7718,0.2653,0.0079,0.008
47.109,46.026,0.999,STOW_ARM,diverged1,4.7536,0.1498,-0.0664,0.105590,0.072582,0.072142,3.188,25,0.0407,-0.2726,0.0529,-0.412,0.00000,4.8563,0.1568,-0.1284,-0.0000,0.0000,0.018,0.0273,0.0500,1.0000,22,0.088,0.00,0.00,0.00,0.00,0.0000,0.0000,9.98,0.00,50.10,--,--,0.00,SUCCEEDED,2,0.050,2.4810,0.2400,2.7718,0.2653,0.0079,0.008
47.209,46.124,0.998,STOW_ARM,diverged1,4.7536,0.1498,-0.0664,0.105590,0.072582,0.072142,3.286,25,0.0407,-0.2726,0.0529,-0.414,0.00000,4.8563,0.1568,-0.1284,-0.0000,0.0000,0.016,0.0273,0.0500,1.0000,22,0.086,0.00,0.00,0.00,0.00,0.0000,0.0000,9.96,0.00,50.10,--,--,0.00,SUCCEEDED,2,0.050,2.4810,0.2400,2.7718,0.2653,0.0079,0.006
47.309,46.220,0.994,STOW_ARM,diverged1,4.7536,0.1498,-0.0664,0.105590,0.072582,0.072142,3.382,25,0.0407,-0.2726,0.0529,-0.418,0.00000,4.8563,0.1568,-0.1284,-0.0000,0.0000,0.012,0.0273,0.0500,1.0000,22,0.082,0.00,0.00,0.00,0.00,0.0000,0.0000,10.04,0.00,50.00,--,--,0.00,SUCCEEDED,2,0.050,2.4810,0.2400,2.7718,0.2653,0.0079,0.002
47.409,46.320,0.994,STOW_ARM,diverged1,4.7536,0.1498,-0.0664,0.105590,0.072582,0.072142,3.482,25,0.0407,-0.2726,0.0529,-0.418,0.00000,4.8563,0.1568,-0.1284,-0.0000,0.0000,0.012,0.0273,0.0500,1.0000,22,0.082,0.00,0.00,0.00,0.00,0.0000,0.0000,9.93,0.00,50.00,--,--,0.00,SUCCEEDED,2,0.050,2.4810,0.2400,2.7718,0.2653,0.0079,0.002
47.509,46.416,0.990,STOW_ARM,diverged1,4.7536,0.1498,-0.0664,0.105590,0.072582,0.072142,3.578,25,0.0407,-0.2726,0.0529,-0.422,0.00000,4.8563,0.1568,-0.1284,-0.0000,0.0000,0.008,0.0273,0.0500,1.0000,22,0.078,0.00,0.00,0.00,0.00,0.0000,0.0000,10.00,0.00,50.00,--,--,0.00,SUCCEEDED,2,0.050,2.4810,0.2400,2.7718,0.2653,0.0079,0.018
47.609,46.514,0.987,STOW_ARM,diverged1,4.7536,0.1498,-0.0664,0.105590,0.072582,0.072142,3.676,25,0.0407,-0.2726,0.0529,-0.424,0.00000,4.8563,0.1568,-0.1284,-0.0000,0.0000,0.006,0.0273,0.0500,1.0000,22,0.076,0.00,0.00,0.00,0.00,0.0000,0.0000,9.98,0.00,50.10,--,--,0.00,SUCCEEDED,2,0.050,2.4810,0.2400,2.7718,0.2653,0.0079,0.016
47.709,46.610,0.982,STOW_ARM,diverged1,4.7536,0.1498,-0.0664,0.105590,0.072582,0.072142,3.772,25,0.0407,-0.2726,0.0529,-0.428,0.00000,4.8563,0.1568,-0.1284,-0.0000,0.0000,0.002,0.0273,0.0500,1.0000,22,0.072,0.00,0.00,0.00,0.00,0.0000,0.0000,10.11,0.00,50.00,--,--,0.00,SUCCEEDED,2,0.050,2.4810,0.2400,2.7718,0.2653,0.0079,0.012
47.808,46.710,0.984,APPROACH_TARGET,diverged1,4.7536,0.1498,-0.0664,0.105590,0.072582,0.072142,3.872,25,0.0407,-0.2726,0.0529,-0.428,0.00000,4.8563,0.1568,-0.1284,-0.0000,0.0000,0.002,0.0273,0.0500,1.0000,22,0.072,0.00,0.00,0.00,0.00,0.0000,0.0000,9.98,0.00,50.10,--,--,0.00,SUCCEEDED,2,0.050,2.4810,0.2400,2.7718,0.2653,0.0079,0.012
47.909,46.810,0.982,APPROACH_TARGET,diverged1,4.7536,0.1498,-0.0664,0.105590,0.072582,0.072142,3.972,25,0.0407,-0.2726,0.0529,-0.428,0.00000,4.8569,0.1567,-0.1284,0.0056,0.0001,0.002,0.0273,0.0500,1.0000,22,0.072,0.00,0.00,0.00,1.00,0.1800,-0.0000,9.93,0.00,50.00,--,--,0.00,SUCCEEDED,2,0.050,2.4810,0.2400,2.7720,0.2653,0.0079,0.012
48.009,46.910,0.982,APPROACH_TARGET,diverged1,4.7536,0.1498,-0.0664,0.105590,0.072582,0.072142,4.072,25,0.0407,-0.2726,0.0529,-0.428,0.00000,4.8704,0.1550,-0.1284,0.1379,0.0001,0.002,0.0273,0.0500,1.0000,22,0.072,0.00,0.00,0.00,19.61,0.1800,-0.0000,10.02,0.00,50.00,--,--,0.00,SUCCEEDED,2,0.050,2.4810,0.2400,2.7834,0.2654,0.0079,0.012
48.108,47.010,0.985,APPROACH_TARGET,diverged1,4.7536,0.1498,-0.0664,0.105590,0.072582,0.072142,4.172,25,0.0407,-0.2726,0.0529,-0.428,0.00000,4.8883,0.1527,-0.1284,0.1800,-0.0000,0.002,0.0227,0.0500,1.0000,22,0.072,0.00,0.00,0.00,19.61,0.1800,-0.0000,9.89,0.00,49.90,--,--,0.00,SUCCEEDED,2,0.050,2.4810,0.2400,2.8005,0.2655,0.0079,0.012
48.208,47.110,0.986,APPROACH_TARGET,diverged1,4.7536,0.1498,-0.0664,0.105590,0.072582,0.072142,4.272,25,0.0407,-0.2726,0.0529,-0.428,0.00000,4.9061,0.1504,-0.1284,0.1830,-0.0000,0.002,0.0182,0.0500,1.0000,22,0.072,0.00,0.00,0.00,19.74,0.1800,-0.0000,9.98,0.00,50.10,--,--,0.00,SUCCEEDED,2,0.050,2.4810,0.2400,2.8177,0.2657,0.0079,0.012
48.309,47.200,0.977,APPROACH_TARGET,diverged1,4.7536,0.1498,-0.0664,0.105590,0.072582,0.072142,4.362,25,0.0407,-0.2726,0.0529,-0.438,0.00000,4.9204,0.1485,-0.1284,0.1845,-0.0000,0.014,0.0159,0.0500,1.0000,22,0.062,0.00,0.00,0.00,20.10,0.1800,-0.0000,10.07,0.00,50.00,--,--,0.00,SUCCEEDED,2,0.050,2.4810,0.2400,2.8348,0.2658,0.0079,0.002
48.409,47.302,0.984,APPROACH_TARGET,diverged1,4.7536,0.1498,-0.0664,0.105590,0.072582,0.072142,4.464,25,0.0407,-0.2726,0.0529,-0.436,0.00000,4.9382,0.1462,-0.1284,0.1972,-0.0000,0.014,0.0159,0.0500,1.0000,22,0.064,0.00,0.00,0.00,20.08,0.1800,-0.0000,9.98,0.00,49.90,--,--,0.00,SUCCEEDED,2,0.050,2.4810,0.2400,2.8519,0.2660,0.0079,0.004
48.509,47.388,0.972,APPROACH_TARGET,diverged1,4.7536,0.1498,-0.0664,0.105590,0.072582,0.072142,4.550,25,0.0407,-0.2726,0.0529,-0.450,0.00000,4.9525,0.1444,-0.1284,0.1815,-0.0000,0.020,0.0159,0.0500,1.0000,22,0.050,0.00,0.00,0.00,20.27,0.1800,-0.0000,10.04,0.00,50.00,--,--,0.00,SUCCEEDED,2,0.050,2.4810,0.2400,2.8656,0.2661,0.0079,0.010
48.609,47.486,0.973,APPROACH_TARGET,diverged1,4.7536,0.1498,-0.0664,0.105590,0.072582,0.072142,4.648,25,0.0407,-0.2726,0.0529,-0.452,0.00000,4.9704,0.1421,-0.1284,0.1860,-0.0000,0.020,0.0205,0.0950,1.0000,22,0.048,0.00,0.00,0.00,20.35,0.1800,-0.0000,9.91,0.00,49.90,--,--,0.00,SUCCEEDED,2,0.050,2.4810,0.2400,2.8827,0.2662,0.0079,0.008
48.709,47.580,0.970,APPROACH_TARGET,diverged1,4.9958,0.1469,-0.0465,0.113490,0.080882,0.078554,0.042,26,0.0411,-0.4004,0.0818,-0.458,0.12778,4.9882,0.1398,-0.1284,0.1770,-0.0000,0.012,0.0205,0.0950,1.0000,22,0.042,0.00,0.00,0.00,20.41,0.1800,-0.0000,10.02,1.00,50.00,--,--,0.00,SUCCEEDED,2,0.050,2.4810,0.2400,2.8998,0.2663,0.0079,0.002
48.809,47.680,0.966,APPROACH_TARGET,diverged1,4.9958,0.1469,-0.0465,0.113490,0.080882,0.078554,0.142,26,0.0411,-0.4004,0.0818,-0.458,0.00000,5.0061,0.1375,-0.1284,0.1815,-0.0000,0.012,0.0190,0.0500,1.0000,21,0.042,0.00,0.00,0.00,20.32,0.1800,-0.0000,10.04,1.00,49.90,--,--,0.00,SUCCEEDED,2,0.050,2.4810,0.2400,2.9135,0.2664,0.0079,0.022
48.910,47.770,0.955,APPROACH_TARGET,diverged1,4.9958,0.1469,-0.0465,0.113490,0.080882,0.078554,0.232,26,0.0411,-0.4004,0.0818,-0.468,0.00000,5.0239,0.1352,-0.1288,0.1881,-0.0049,0.004,0.0214,0.0500,1.0000,21,0.032,0.00,0.00,0.00,20.49,0.1800,0.0002,10.00,1.00,49.90,--,--,0.00,SUCCEEDED,2,0.050,2.4810,0.2400,2.9308,0.2666,0.0079,0.012
49.009,47.870,0.961,APPROACH_TARGET,diverged1,4.9958,0.1469,-0.0465,0.113490,0.080882,0.078554,0.332,26,0.0411,-0.4004,0.0818,-0.468,0.00000,5.0415,0.1329,-0.1301,0.1818,-0.0128,0.002,0.0295,0.0950,1.0000,22,0.032,0.00,0.00,0.00,20.53,0.1800,0.0018,10.14,1.00,49.90,--,--,0.00,SUCCEEDED,2,0.050,2.4810,0.2400,2.9480,0.2667,0.0078,0.012
49.109,47.968,0.953,APPROACH_TARGET,diverged1,4.9958,0.1469,-0.0465,0.113490,0.080882,0.078554,0.430,26,0.0411,-0.4004,0.0818,-0.470,0.00000,5.0592,0.1305,-0.1309,0.1814,-0.0083,0.000,0.0295,0.0500,1.0000,22,0.030,0.00,0.00,0.00,20.58,0.1800,0.0029,10.02,1.00,50.00,--,--,0.00,SUCCEEDED,2,0.050,2.4810,0.2400,2.9653,0.2668,0.0077,0.010
49.209,48.068,0.965,APPROACH_TARGET,diverged1,4.9958,0.1469,-0.0465,0.113490,0.080882,0.078554,0.530,26,0.0411,-0.4004,0.0818,-0.470,0.00000,5.0734,0.1287,-0.1313,0.1960,-0.0054,0.020,0.0196,0.0500,1.0000,23,0.030,0.00,0.00,0.00,20.53,0.1800,0.0035,9.96,1.00,50.00,--,--,0.00,SUCCEEDED,2,0.050,2.4810,0.2400,2.9826,0.2670,0.0076,0.010
49.309,48.168,0.962,APPROACH_TARGET,diverged1,4.9958,0.1469,-0.0465,0.113490,0.080882,0.078554,0.630,26,0.0411,-0.4004,0.0818,-0.470,0.00000,5.0947,0.1259,-0.1314,0.1824,-0.0005,0.000,0.0187,0.0500,1.0000,24,0.030,0.00,0.00,0.00,20.41,0.1800,0.0036,10.00,1.00,50.00,--,--,0.00,SUCCEEDED,2,0.050,2.4810,0.2400,3.0000,0.2671,0.0075,0.010
49.409,48.268,0.966,APPROACH_TARGET,diverged1,4.9958,0.1469,-0.0465,0.113490,0.080882,0.078554,0.730,26,0.0411,-0.4004,0.0818,-0.470,0.00000,5.1090,0.1240,-0.1311,0.1798,0.0024,0.020,0.0212,0.0750,1.0000,26,0.030,0.00,0.00,0.00,20.41,0.1800,0.0033,9.96,1.00,50.00,--,--,0.00,SUCCEEDED,2,0.050,2.4810,0.2400,3.0175,0.2672,0.0075,0.010
49.509,48.368,0.980,APPROACH_TARGET,diverged1,4.9958,0.1469,-0.0465,0.113490,0.080882,0.078554,0.830,26,0.0411,-0.4004,0.0818,-0.470,0.00000,5.1303,0.1212,-0.1304,0.1863,0.0070,0.000,0.0259,0.1000,1.0000,29,0.030,0.00,0.00,0.00,20.24,0.1800,0.0026,10.04,1.00,50.00,--,--,0.00,SUCCEEDED,2,0.050,2.4810,0.2400,3.0349,0.2674,0.0074,0.010
49.609,48.466,0.980,APPROACH_TARGET,diverged1,4.9958,0.1469,-0.0465,0.113490,0.080882,0.078554,0.928,26,0.0411,-0.4004,0.0818,-0.472,0.00000,5.1445,0.1193,-0.1296,0.1790,0.0092,0.018,0.0303,0.1000,1.0000,33,0.028,0.00,0.00,0.00,20.16,0.1800,0.0015,9.96,1.00,50.00,--,--,0.00,SUCCEEDED,2,0.050,2.4810,0.2400,3.0522,0.2675,0.0073,0.008
49.708,48.566,0.986,APPROACH_TARGET,diverged1,4.9958,0.1469,-0.0465,0.113490,0.080882,0.078554,1.028,26,0.0411,-0.4004,0.0818,-0.472,0.00000,5.1622,0.1170,-0.1284,0.1828,0.0125,0.020,0.0330,0.1000,0.9800,50,0.028,0.00,0.00,0.00,20.08,0.1800,0.0000,10.07,0.00,50.00,--,--,0.00,SUCCEEDED,2,0.050,2.4810,0.2400,3.0694,0.2676,0.0072,0.008
49.809,48.662,0.983,APPROACH_TARGET,diverged1,4.9958,0.1469,-0.0465,0.113490,0.080882,0.078554,1.124,26,0.0411,-0.4004,0.0818,-0.476,0.00000,5.1800,0.1147,-0.1276,0.1759,0.0073,0.014,0.0311,0.1000,0.9811,53,0.024,0.00,0.00,0.00,20.12,0.1800,-0.0009,9.98,0.00,50.00,--,--,0.00,SUCCEEDED,2,0.050,2.4810,0.2400,3.0870,0.2677,0.0071,0.004
49.909,48.764,0.995,APPROACH_TARGET,diverged1,4.9958,0.1469,-0.0465,0.113490,0.080882,0.078554,1.226,26,0.0411,-0.4004,0.0818,-0.474,0.00000,5.1978,0.1124,-0.1277,0.2071,-0.0008,0.016,0.0324,0.1000,0.9815,54,0.026,0.00,0.00,0.00,21.01,0.1800,-0.0008,9.98,0.00,50.10,--,--,0.00,SUCCEEDED,2,0.050,2.4810,0.2400,3.1050,0.2679,0.0070,0.006
50.009,48.862,0.992,APPROACH_TARGET,diverged1,4.9958,0.1469,-0.0465,0.113490,0.080882,0.078554,1.324,26,0.0411,-0.4004,0.0818,-0.476,0.00000,5.2157,0.1101,-0.1278,0.1815,-0.0008,0.014,0.0340,0.1000,0.9811,53,0.024,0.00,0.00,0.00,21.01,0.1800,-0.0007,10.00,0.00,50.00,--,--,0.00,SUCCEEDED,2,0.050,2.4810,0.2400,3.1230,0.2680,0.0070,0.004
50.109,48.962,0.994,APPROACH_TARGET,diverged1,4.9958,0.1469,-0.0465,0.113490,0.080882,0.078554,1.424,26,0.0411,-0.4004,0.0818,-0.476,0.00000,5.2335,0.1079,-0.1278,0.1869,-0.0007,0.014,0.0319,0.1000,0.9811,53,0.024,0.00,0.00,0.00,21.02,0.1800,-0.0007,10.02,0.00,50.00,--,--,0.00,SUCCEEDED,2,0.050,2.4810,0.2400,3.1410,0.2681,0.0069,0.004
50.208,49.058,0.990,APPROACH_TARGET,diverged1,5.2255,0.1291,-0.0491,0.118772,0.072509,0.074554,0.020,27,0.0003,-0.3923,0.0793,-0.480,0.04157,5.2523,0.1054,-0.1287,0.1894,-0.0085,0.010,0.0329,0.1000,0.9811,53,0.020,0.00,0.00,0.00,21.97,0.2200,-0.0379,9.98,1.00,50.00,--,--,0.00,SUCCEEDED,2,0.050,2.4810,0.2400,3.1603,0.2681,0.0058,0.000
50.308,49.162,0.995,APPROACH_TARGET,diverged1,5.2255,0.1291,-0.0491,0.118772,0.072509,0.074554,0.124,27,0.0003,-0.3923,0.0793,-0.476,0.00000,5.2741,0.1026,-0.1325,0.2200,-0.0379,0.014,0.0344,0.1000,0.9434,53,0.024,0.00,0.00,0.00,22.12,0.2200,-0.0378,10.02,1.00,50.00,--,--,0.00,SUCCEEDED,2,0.050,2.4810,0.2400,3.1823,0.2679,0.0018,0.004
50.409,49.258,0.989,APPROACH_TARGET,diverged1,5.2255,0.1291,-0.0491,0.118772,0.072509,0.074554,0.220,27,0.0003,-0.3923,0.0793,-0.480,0.00000,5.2959,0.0996,-0.1357,0.2200,-0.0322,0.010,0.0336,0.1000,0.9623,53,0.020,0.00,0.00,0.00,22.01,0.2200,-0.0289,9.98,1.00,50.00,--,--,0.00,SUCCEEDED,2,0.050,2.4810,0.2400,3.1999,0.2676,-0.0009,0.020
50.509,49.362,0.995,APPROACH_TARGET,diverged1,5.2255,0.1291,-0.0491,0.118772,0.072509,0.074554,0.324,27,0.0003,-0.3923,0.0793,-0.476,0.00000,5.3177,0.0966,-0.1385,0.2218,-0.0283,0.014,0.0346,0.1000,0.9623,53,0.024,0.00,0.00,0.00,22.01,0.2200,-0.0259,10.00,1.00,50.00,--,--,0.00,SUCCEEDED,2,0.050,2.4810,0.2400,3.2263,0.2672,-0.0045,0.004
50.609,49.460,0.994,APPROACH_TARGET,diverged1,5.2255,0.1291,-0.0491,0.118772,0.072509,0.074554,0.422,27,0.0003,-0.3923,0.0793,-0.478,0.00000,5.3395,0.0936,-0.1409,0.2200,-0.0236,0.012,0.0332,0.1000,0.9623,53,0.022,0.00,0.00,0.00,21.97,0.2200,-0.0229,9.98,1.00,50.10,--,--,0.00,SUCCEEDED,2,0.050,2.4810,0.2400,3.2483,0.2669,-0.0070,0.002
50.709,49.560,0.997,APPROACH_TARGET,diverged1,5.2255,0.1291,-0.0491,0.118772,0.072509,0.074554,0.522,27,0.0003,-0.3923,0.0793,-0.478,0.00000,5.3613,0.0904,-0.1430,0.2218,-0.0214,0.012,0.0420,0.1000,0.9455,55,0.022,0.00,0.00,0.00,22.01,0.2200,-0.0172,9.98,1.00,50.00,--,--,0.00,SUCCEEDED,2,0.050,2.4810,0.2400,3.2703,0.2665,-0.0092,0.002
50.809,49.658,0.993,APPROACH_TARGET,diverged1,5.2255,0.1291,-0.0491,0.118772,0.072509,0.074554,0.620,27,0.0003,-0.3923,0.0793,-0.480,0.00000,5.3830,0.0873,-0.1446,0.2192,-0.0163,0.010,0.0420,0.1000,0.9455,55,0.020,0.00,0.00,0.00,21.97,0.2174,-0.0142,10.07,1.00,50.00,--,--,0.00,SUCCEEDED,2,0.050,2.4810,0.2400,3.2878,0.2662,-0.0106,0.020
50.909,49.760,0.998,APPROACH_TARGET,diverged1,5.2255,0.1291,-0.0491,0.118772,0.072509,0.074554,0.722,27,0.0003,-0.3923,0.0793,-0.478,0.00000,5.4044,0.0842,-0.1460,0.2164,-0.0142,0.012,0.0409,0.1000,0.9636,55,0.022,0.00,0.00,0.00,20.92,0.2123,-0.0141,9.98,1.00,50.00,--,--,0.00,SUCCEEDED,2,0.050,2.4810,0.2400,3.3137,0.2658,-0.0123,0.002
51.009,49.854,0.991,APPROACH_TARGET,diverged1,5.2255,0.1291,-0.0491,0.118772,0.072509,0.074554,0.816,27,0.0003,-0.3923,0.0793,-0.484,0.00000,5.4249,0.0811,-0.1473,0.2094,-0.0131,0.006,0.0391,0.1000,0.9636,55,0.016,0.00,0.00,0.00,20.88,0.2022,-0.0084,10.07,1.00,49.70,--,--,0.00,SUCCEEDED,2,0.050,2.4810,0.2400,3.3304,0.2654,-0.0134,0.016
51.109,49.956,0.998,APPROACH_TARGET,diverged1,5.2255,0.1291,-0.0491,0.118772,0.072509,0.074554,0.918,27,0.0003,-0.3923,0.0793,-0.482,0.00000,5.4448,0.0782,-0.1482,0.2025,-0.0085,0.008,0.0382,0.1000,0.9636,55,0.018,0.00,0.00,0.00,21.01,0.1976,-0.0084,10.00,1.00,50.00,--,--,0.00,SUCCEEDED,2,0.050,2.4810,0.2400,3.3505,0.2651,-0.0143,0.018
51.209,50.048,0.984,APPROACH_TARGET,diverged1,5.2255,0.1291,-0.0491,0.118772,0.072509,0.074554,1.010,27,0.0003,-0.3923,0.0793,-0.390,0.00000,5.4638,0.0753,-0.1489,0.2013,-0.0079,0.000,0.0398,0.1000,0.9444,54,0.110,0.00,0.00,0.00,20.00,0.1883,-0.0056,10.00,1.00,50.00,--,--,0.00,SUCCEEDED,2,0.050,2.4810,0.2400,3.3698,0.2647,-0.0151,0.010
51.308,50.154,0.996,APPROACH_TARGET,diverged1,5.2255,0.1291,-0.0491,0.118772,0.072509,0.074554,1.116,27,0.0003,-0.3923,0.0793,-0.484,0.00000,5.4821,0.0726,-0.1495,0.1864,-0.0056,0.006,0.0373,0.1000,0.9636,55,0.016,0.00,0.00,0.00,19.96,0.1839,-0.0055,10.00,0.00,50.00,--,--,0.00,SUCCEEDED,2,0.050,2.4810,0.2400,3.3883,0.2644,-0.0157,0.016
51.409,50.254,0.991,APPROACH_TARGET,diverged1,5.2255,0.1291,-0.0491,0.118772,0.072509,0.074554,1.216,27,0.0003,-0.3923,0.0793,-0.384,0.00000,5.4998,0.0699,-0.1500,0.1807,-0.0056,0.006,0.0397,0.1000,0.9444,54,0.116,0.00,0.00,0.00,19.92,0.1754,-0.0055,10.03,0.00,50.00,--,--,0.00,SUCCEEDED,2,0.050,2.4810,0.2400,3.4063,0.2641,-0.0163,0.016
51.509,50.354,0.993,APPROACH_TARGET,diverged1,5.2255,0.1291,-0.0491,0.118772,0.072509,0.074554,1.316,27,0.0003,-0.3923,0.0793,-0.384,0.00000,5.5168,0.0673,-0.1508,0.1852,-0.0081,0.006,0.0375,0.1000,0.9455,55,0.016,0.00,0.00,0.00,20.08,0.1712,-0.0081,10.00,0.00,50.00,--,--,0.00,SUCCEEDED,2,0.050,2.4810,0.2400,3.4236,0.2637,-0.0170,0.016
51.609,50.448,0.987,APPROACH_TARGET,diverged1,5.4565,0.1286,-0.0662,0.114905,0.076508,0.078334,0.110,28,-0.0332,-0.4044,0.0845,-0.390,0.03564,5.5301,0.0653,-0.1513,0.1688,-0.0065,0.020,0.0388,0.1000,0.9455,55,0.010,0.00,0.00,0.00,19.96,0.1634,-0.0054,10.04,1.00,50.00,--,--,0.00,SUCCEEDED,2,0.050,2.4810,0.2400,3.4404,0.2633,-0.0177,0.010
51.709,50.546,0.986,APPROACH_TARGET,diverged1,5.4565,0.1286,-0.0662,0.114905,0.076508,0.078334,0.208,28,-0.0332,-0.4044,0.0845,-0.392,0.00000,5.5460,0.0629,-0.1518,0.1624,-0.0054,0.018,0.0410,0.1000,0.9455,55,0.008,0.00,0.00,0.00,20.17,0.1594,-0.0053,10.02,1.00,50.00,--,--,0.00,SUCCEEDED,2,0.050,2.4810,0.2400,3.4564,0.2630,-0.0182,0.008
51.809,50.638,0.975,APPROACH_TARGET,diverged1,5.4565,0.1286,-0.0662,0.114905,0.076508,0.078334,0.300,28,-0.0332,-0.4044,0.0845,-0.400,0.00000,5.5615,0.0605,-0.1523,0.1628,-0.0053,0.010,0.0395,0.1000,0.9455,55,0.100,0.00,0.00,0.00,20.08,0.1521,-0.0027,9.96,1.00,50.00,--,--,0.00,SUCCEEDED,2,0.050,2.4810,0.2400,3.4721,0.2627,-0.0187,0.000
51.909,50.742,0.982,APPROACH_TARGET,diverged1,5.4565,0.1286,-0.0662,0.114905,0.076508,0.078334,0.404,28,-0.0332,-0.4044,0.0845,-0.396,0.00000,5.5763,0.0582,-0.1526,0.1511,-0.0027,0.014,0.0402,0.1000,0.9636,55,0.104,0.00,0.00,0.00,20.21,0.1484,-0.0027,10.02,1.00,50.00,--,--,0.00,SUCCEEDED,2,0.050,2.4810,0.2400,3.4870,0.2624,-0.0190,0.004
52.009,50.838,0.984,APPROACH_TARGET,diverged1,5.4565,0.1286,-0.0662,0.114905,0.076508,0.078334,0.500,28,-0.0332,-0.4044,0.0845,-0.400,0.00000,5.5908,0.0560,-0.1528,0.1484,-0.0027,0.010,0.0297,0.1000,1.0000,57,0.100,0.00,0.00,0.00,20.04,0.1415,-0.0026,9.96,1.00,50.10,--,--,0.00,SUCCEEDED,2,0.050,2.4810,0.2400,3.5015,0.2621,-0.0192,0.000
52.109,50.938,0.982,APPROACH_TARGET,diverged1,5.4565,0.1286,-0.0662,0.114905,0.076508,0.078334,0.600,28,-0.0332,-0.4044,0.0845,-0.400,0.00000,5.6046,0.0539,-0.1529,0.1562,-0.0011,0.010,0.0302,0.1000,1.0000,57,0.100,0.00,0.00,0.00,20.13,0.1382,-0.0000,10.02,1.00,49.90,--,--,0.00,SUCCEEDED,2,0.050,2.4810,0.2400,3.5127,0.2618,-0.0193,0.020
52.209,51.038,0.990,APPROACH_TARGET,diverged1,5.4565,0.1286,-0.0662,0.114905,0.076508,0.078334,0.700,28,-0.0332,-0.4044,0.0845,-0.400,0.00000,5.6180,0.0518,-0.1529,0.1359,-0.0000,0.010,0.0289,0.1000,1.0000,57,0.100,0.00,0.00,0.00,20.13,0.1318,-0.0001,10.11,1.00,50.00,--,--,0.00,SUCCEEDED,2,0.050,2.4810,0.2400,3.5263,0.2616,-0.0193,0.020
52.309,51.134,0.978,APPROACH_TARGET,diverged1,5.4565,0.1286,-0.0662,0.114905,0.076508,0.078334,0.796,28,-0.0332,-0.4044,0.0845,-0.404,0.00000,5.6308,0.0498,-0.1531,0.1298,-0.0015,0.006,0.0293,0.1000,1.0000,57,0.096,0.00,0.00,0.00,20.17,0.1285,-0.0025,10.02,1.00,50.00,--,--,0.00,SUCCEEDED,2,0.050,2.4810,0.2400,3.5394,0.2613,-0.0195,0.016
52.408,51.234,0.980,APPROACH_TARGET,diverged1,5.4565,0.1286,-0.0662,0.114905,0.076508,0.078334,0.896,28,-0.0332,-0.4044,0.0845,-0.404,0.00000,5.6433,0.0479,-0.1533,0.1310,-0.0026,0.006,0.0284,0.1000,1.0000,57,0.096,0.00,0.00,0.00,20.21,0.1226,-0.0025,10.16,1.00,49.90,--,--,0.00,SUCCEEDED,2,0.050,2.4810,0.2400,3.5520,0.2610,-0.0197,0.016
52.509,51.334,0.985,APPROACH_TARGET,diverged1,5.4565,0.1286,-0.0662,0.114905,0.076508,0.078334,0.996,28,-0.0332,-0.4044,0.0845,-0.404,0.00000,5.6552,0.0461,-0.1535,0.1344,-0.0010,0.006,0.0276,0.1000,1.0000,57,0.096,0.00,0.00,0.00,20.17,0.1198,-0.0000,9.98,1.00,50.00,--,--,0.00,SUCCEEDED,2,0.050,2.4810,0.2400,3.5641,0.2608,-0.0199,0.016
52.609,51.432,0.985,APPROACH_TARGET,diverged1,5.4565,0.1286,-0.0662,0.114905,0.076508,0.078334,1.094,28,-0.0332,-0.4044,0.0845,-0.406,0.00000,5.6669,0.0443,-0.1535,0.1189,-0.0000,0.004,0.0270,0.1000,1.0000,57,0.094,0.00,0.00,0.00,20.04,0.1142,0.0000,9.98,0.00,49.90,--,--,0.00,SUCCEEDED,2,0.050,2.4810,0.2400,3.5760,0.2606,-0.0199,0.014
52.709,51.532,0.986,APPROACH_TARGET,diverged1,5.4565,0.1286,-0.0662,0.114905,0.076508,0.078334,1.194,28,-0.0332,-0.4044,0.0845,-0.406,0.00000,5.6780,0.0425,-0.1536,0.1125,-0.0015,0.004,0.0297,0.1000,1.0000,57,0.094,0.00,0.00,0.00,20.08,0.1114,-0.0025,10.00,0.00,50.10,--,--,0.00,SUCCEEDED,2,0.050,2.4810,0.2400,3.5873,0.2603,-0.0200,0.014
52.809,51.628,0.990,APPROACH_TARGET,diverged1,5.4565,0.1286,-0.0662,0.114905,0.076508,0.078334,1.290,28,-0.0332,-0.4044,0.0845,-0.410,0.00000,5.6888,0.0409,-0.1538,0.1096,-0.0022,0.000,0.0288,0.1000,1.0000,57,0.090,0.00,0.00,0.00,19.96,0.1064,-0.0000,9.98,0.00,50.00,--,--,0.00,SUCCEEDED,2,0.050,2.4810,0.2400,3.5983,0.2601,-0.0202,0.010
52.909,51.728,0.988,APPROACH_TARGET,diverged1,5.4565,0.1286,-0.0662,0.114905,0.076508,0.078334,1.390,28,-0.0332,-0.4044,0.0845,-0.410,0.00000,5.6992,0.0393,-0.1538,0.1055,-0.0000,0.000,0.0307,0.1000,0.9828,58,0.090,0.00,0.00,0.00,19.96,0.1014,0.0000,10.00,0.00,50.00,--,--,0.00,SUCCEEDED,2,0.050,2.4810,0.2400,3.6088,0.2599,-0.0202,0.010
53.008,51.828,0.990,APPROACH_TARGET,diverged1,5.4565,0.1286,-0.0662,0.114905,0.076508,0.078334,1.490,28,-0.0332,-0.4044,0.0845,-0.410,0.00000,5.7092,0.0377,-0.1538,0.1050,-0.0002,0.000,0.0316,0.1000,0.9828,58,0.090,0.00,0.00,0.00,19.92,0.0990,-0.0023,10.00,0.00,50.00,--,--,0.00,SUCCEEDED,2,0.050,2.4810,0.2400,3.6189,0.2597,-0.0202,0.010
53.109,51.928,0.989,APPROACH_TARGET,diverged1,5.4565,0.1286,-0.0662,0.114905,0.076508,0.078334,1.590,28,-0.0332,-0.4044,0.0845,-0.410,0.00000,5.7188,0.0362,-0.1541,0.1011,-0.0022,0.000,0.0312,0.1000,0.9828,58,0.090,0.00,0.00,0.00,19.96,0.0944,-0.0000,10.00,0.00,50.10,--,--,0.00,SUCCEEDED,2,0.050,2.4810,0.2400,3.6287,0.2594,-0.0205,0.010
53.209,52.028,0.993,APPROACH_TARGET,diverged1,5.4565,0.1286,-0.0662,0.114905,0.076508,0.078334,1.690,28,-0.0332,-0.4044,0.0845,-0.410,0.00000,5.7281,0.0348,-0.1541,0.0950,-0.0000,0.000,0.0300,0.1000,0.9825,57,0.090,0.00,0.00,0.00,19.87,0.0922,-0.0000,9.98,0.00,50.00,--,--,0.00,SUCCEEDED,2,0.050,2.4810,0.2400,3.6381,0.2592,-0.0205,0.010
53.309,52.128,0.993,APPROACH_TARGET,diverged1,5.4565,0.1286,-0.0662,0.114905,0.076508,0.078334,1.790,28,-0.0332,-0.4044,0.0845,-0.410,0.00000,5.7353,0.0337,-0.1541,0.0992,-0.0000,0.020,0.0318,0.1000,0.9825,57,0.090,0.00,0.00,0.00,19.87,0.0878,-0.0023,9.98,0.00,50.00,--,--,0.00,SUCCEEDED,2,0.050,2.4810,0.2400,3.6472,0.2591,-0.0205,0.010
53.408,52.226,0.992,APPROACH_TARGET,diverged1,5.4565,0.1286,-0.0662,0.114905,0.076508,0.078334,1.888,28,-0.0332,-0.4044,0.0845,-0.412,0.00000,5.7440,0.0323,-0.1543,0.0888,-0.0020,0.018,0.0330,0.1000,0.9825,57,0.088,0.00,0.00,0.00,19.87,0.0859,-0.0000,10.00,0.00,50.10,--,--,0.00,SUCCEEDED,2,0.050,2.4810,0.2400,3.6560,0.2589,-0.0207,0.008
53.509,52.324,0.990,APPROACH_TARGET,diverged1,5.4565,0.1286,-0.0662,0.114905,0.076508,0.078334,1.986,28,-0.0332,-0.4044,0.0845,-0.414,0.00000,5.7524,0.0310,-0.1543,0.0892,-0.0002,0.016,0.0321,0.1000,0.9825,57,0.086,0.00,0.00,0.00,19.96,0.0818,0.0000,10.00,0.00,50.00,--,--,0.00,SUCCEEDED,2,0.050,2.4810,0.2400,3.6645,0.2587,-0.0207,0.006
53.609,52.422,0.989,APPROACH_TARGET,diverged1,5.4565,0.1286,-0.0662,0.114905,0.076508,0.078334,2.084,28,-0.0332,-0.4044,0.0845,-0.416,0.00000,5.7605,0.0297,-0.1543,0.0827,-0.0000,0.014,0.0329,0.1000,0.9649,57,0.084,0.00,0.00,0.00,19.96,0.0799,-0.0022,9.98,0.00,50.10,--,--,0.00,SUCCEEDED,2,0.050,2.4810,0.2400,3.6727,0.2585,-0.0207,0.004
53.709,52.522,0.993,APPROACH_TARGET,diverged1,5.4565,0.1286,-0.0662,0.114905,0.076508,0.078334,2.184,28,-0.0332,-0.4044,0.0845,-0.416,0.00000,5.7684,0.0285,-0.1544,0.0894,-0.0011,0.014,0.0329,0.1000,0.9649,57,0.084,0.00,0.00,0.00,19.96,0.0762,-0.0000,9.98,0.00,50.00,--,--,0.00,SUCCEEDED,2,0.050,2.4810,0.2400,3.6806,0.2583,-0.0209,0.004
53.810,52.618,0.988,APPROACH_TARGET,diverged1,5.7025,0.1078,-0.0603,0.118289,0.077986,0.068524,0.080,29,-0.0400,-0.4624,0.0941,-0.420,0.05834,5.7759,0.0273,-0.1544,0.0849,-0.0000,0.010,0.0316,0.1000,0.9825,57,0.080,0.00,0.00,0.00,20.00,0.0744,-0.0000,9.98,1.00,50.00,--,--,0.00,SUCCEEDED,2,0.050,2.4810,0.2400,3.6882,0.2582,-0.0209,0.000
53.909,52.718,0.991,APPROACH_TARGET,diverged1,5.7025,0.1078,-0.0603,0.118289,0.077986,0.068524,0.180,29,-0.0400,-0.4624,0.0941,-0.420,0.00000,5.7832,0.0262,-0.1544,0.0751,-0.0000,0.010,0.0325,0.1000,0.9825,57,0.080,0.00,0.00,0.00,20.04,0.0710,-0.0000,9.96,1.00,50.00,--,--,0.00,SUCCEEDED,2,0.050,2.4810,0.2400,3.6941,0.2581,-0.0209,0.020
54.009,52.818,0.989,APPROACH_TARGET,diverged1,5.7025,0.1078,-0.0603,0.118289,0.077986,0.068524,0.280,29,-0.0400,-0.4624,0.0941,-0.420,0.00000,5.7902,0.0251,-0.1544,0.0711,-0.0000,0.010,0.0332,0.1000,1.0000,57,0.080,0.00,0.00,0.00,20.04,0.0693,-0.0000,10.02,1.00,50.00,--,--,0.00,SUCCEEDED,2,0.050,2.4810,0.2400,3.7012,0.2579,-0.0209,0.020
54.109,52.916,0.988,APPROACH_TARGET,diverged1,5.7025,0.1078,-0.0603,0.118289,0.077986,0.068524,0.378,29,-0.0400,-0.4624,0.0941,-0.422,0.00000,5.7970,0.0240,-0.1545,0.0782,-0.0009,0.010,0.0332,0.1000,1.0000,57,0.078,0.00,0.00,0.00,20.08,0.0660,-0.0000,10.00,1.00,50.00,--,--,0.00,SUCCEEDED,2,0.050,2.4810,0.2400,3.7081,0.2578,-0.0209,0.018
54.209,53.014,0.984,APPROACH_TARGET,diverged1,5.7025,0.1078,-0.0603,0.118289,0.077986,0.068524,0.476,29,-0.0400,-0.4624,0.0941,-0.424,0.00000,5.8036,0.0230,-0.1545,0.0656,-0.0002,0.006,0.0311,0.0795,0.9828,58,0.076,0.00,0.00,0.00,20.12,0.0645,-0.0000,10.04,1.00,50.00,--,--,0.00,SUCCEEDED,2,0.050,2.4810,0.2400,3.7147,0.2576,-0.0210,0.016
54.308,53.114,0.986,APPROACH_TARGET,diverged1,5.7025,0.1078,-0.0603,0.118289,0.077986,0.068524,0.576,29,-0.0400,-0.4624,0.0941,-0.424,0.00000,5.8099,0.0220,-0.1545,0.0668,-0.0000,0.006,0.0302,0.1000,0.9831,59,0.076,0.00,0.00,0.00,20.12,0.0615,-0.0000,9.98,1.00,50.10,--,--,0.00,SUCCEEDED,2,0.050,2.4810,0.2400,3.7212,0.2575,-0.0210,0.016
54.409,53.206,0.980,APPROACH_TARGET,diverged1,5.7025,0.1078,-0.0603,0.118289,0.077986,0.068524,0.668,29,-0.0400,-0.4624,0.0941,-0.432,0.00000,5.8147,0.0213,-0.1545,0.0632,-0.0000,0.018,0.0306,0.0766,0.9831,59,0.068,0.00,0.00,0.00,20.24,0.0600,-0.0000,10.07,1.00,50.00,--,--,0.00,SUCCEEDED,2,0.050,2.4810,0.2400,3.7273,0.2574,-0.0210,0.008
54.509,53.300,0.976,APPROACH_TARGET,diverged1,5.7025,0.1078,-0.0603,0.118289,0.077986,0.068524,0.762,29,-0.0400,-0.4624,0.0941,-0.438,0.00000,5.8207,0.0204,-0.1545,0.0643,-0.0000,0.016,0.0297,0.0766,0.9831,59,0.062,0.00,0.00,0.00,21.21,0.0000,0.0000,9.98,1.00,50.20,--,--,0.00,SUCCEEDED,2,0.050,2.4810,0.2400,3.7333,0.2572,-0.0210,0.002
54.609,53.400,0.975,APPROACH_TARGET,diverged1,5.7025,0.1078,-0.0603,0.118289,0.077986,0.068524,0.862,29,-0.0400,-0.4624,0.0941,-0.438,0.00000,5.8224,0.0201,-0.1545,0.0168,-0.0000,0.012,0.0306,0.0766,0.9831,59,0.062,0.00,0.00,0.00,20.28,0.0000,0.0000,9.89,1.00,50.00,--,--,0.00,SUCCEEDED,2,0.050,2.4810,0.2400,3.7345,0.2572,-0.0210,0.002
54.709,53.500,0.978,APPROACH_TARGET,diverged1,5.7025,0.1078,-0.0603,0.118289,0.077986,0.068524,0.962,29,-0.0400,-0.4624,0.0941,-0.438,0.00000,5.8224,0.0201,-0.1545,0.0000,0.0000,0.014,0.0306,0.0766,0.9831,59,0.062,0.00,0.00,0.00,19.23,0.0000,0.0000,10.00,1.00,50.10,--,--,0.00,SUCCEEDED,2,0.050,2.4810,0.2400,3.7345,0.2572,-0.0210,0.002
54.809,53.600,0.983,APPROACH_TARGET,diverged1,5.7025,0.1078,-0.0603,0.118289,0.077986,0.068524,1.062,29,-0.0400,-0.4624,0.0941,-0.438,0.00000,5.8224,0.0201,-0.1545,0.0000,0.0000,0.012,0.0306,0.0766,0.9831,59,0.062,0.00,0.00,0.00,19.23,0.0000,0.0000,9.91,0.00,50.00,--,--,0.00,SUCCEEDED,2,0.050,2.4810,0.2400,3.7345,0.2572,-0.0210,0.002
54.909,53.702,0.982,APPROACH_TARGET,diverged1,5.7025,0.1078,-0.0603,0.118289,0.077986,0.068524,1.164,29,-0.0400,-0.4624,0.0941,-0.436,0.00000,5.8224,0.0201,-0.1545,0.0000,0.0000,0.014,0.0306,0.0766,0.9831,59,0.064,0.00,0.00,0.00,18.18,0.0300,-0.0000,9.98,0.00,50.00,--,--,0.00,SUCCEEDED,2,0.050,2.4810,0.2400,3.7345,0.2572,-0.0210,0.004
55.009,53.786,0.966,APPROACH_TARGET,diverged1,5.7025,0.1078,-0.0603,0.118289,0.077986,0.068524,1.248,29,-0.0400,-0.4624,0.0941,-0.452,0.00000,5.8241,0.0198,-0.1545,0.0169,-0.0000,0.018,0.0306,0.0766,0.9831,59,0.048,0.00,0.00,0.00,18.44,0.0300,0.0000,10.02,0.00,50.00,--,--,0.00,SUCCEEDED,2,0.050,2.4810,0.2400,3.7365,0.2572,-0.0210,0.008
55.109,53.886,0.969,APPROACH_TARGET,diverged1,5.7025,0.1078,-0.0603,0.118289,0.077986,0.068524,1.348,29,-0.0400,-0.4624,0.0941,-0.452,0.00000,5.8271,0.0194,-0.1545,0.0300,0.0000,0.018,0.0302,0.0766,0.9831,59,0.048,0.00,0.00,0.00,18.44,0.0300,0.0000,9.96,0.00,50.00,--,--,0.00,SUCCEEDED,2,0.050,2.4810,0.2400,3.7395,0.2571,-0.0210,0.008
55.208,53.976,0.962,APPROACH_TARGET,diverged1,5.7025,0.1078,-0.0603,0.118289,0.077986,0.068524,1.438,29,-0.0400,-0.4624,0.0941,-0.462,0.00000,5.8300,0.0189,-0.1545,0.0302,0.0000,0.008,0.0302,0.0766,0.9831,59,0.038,0.00,0.00,0.00,18.32,0.0300,0.0000,10.04,0.00,50.00,--,--,0.00,SUCCEEDED,2,0.050,2.4810,0.2400,3.7419,0.2570,-0.0210,0.018
55.309,54.076,0.967,APPROACH_TARGET,diverged1,5.7025,0.1078,-0.0603,0.118289,0.077986,0.068524,1.538,29,-0.0400,-0.4624,0.0941,-0.462,0.00000,5.8330,0.0184,-0.1545,0.0302,0.0000,0.008,0.0302,0.0766,0.9831,59,0.038,0.00,0.00,0.00,18.52,0.0300,0.0000,9.89,0.00,49.90,--,--,0.00,SUCCEEDED,2,0.050,2.4810,0.2400,3.7449,0.2570,-0.0210,0.018
55.409,54.168,0.962,APPROACH_TARGET,diverged1,5.7025,0.1078,-0.0603,0.118289,0.077986,0.068524,1.630,29,-0.0400,-0.4624,0.0941,-0.470,0.00000,5.8354,0.0181,-0.1545,0.0302,0.0000,0.020,0.0302,0.0766,0.9831,59,0.030,0.00,0.00,0.00,18.44,0.0300,0.0000,10.09,0.00,50.00,--,--,0.00,SUCCEEDED,2,0.050,2.4810,0.2400,3.7479,0.2569,-0.0210,0.010
55.509,54.268,0.965,APPROACH_TARGET,diverged1,5.7025,0.1078,-0.0603,0.118289,0.077986,0.068524,1.730,29,-0.0400,-0.4624,0.0941,-0.470,0.00000,5.8389,0.0175,-0.1545,0.0305,0.0000,0.000,0.0302,0.0766,0.9831,59,0.030,0.00,0.00,0.00,18.40,0.0300,0.0000,10.14,0.00,50.00,--,--,0.00,SUCCEEDED,2,0.050,2.4810,0.2400,3.7509,0.2569,-0.0210,0.010
55.609,54.364,0.965,APPROACH_TARGET,diverged1,5.7025,0.1078,-0.0603,0.118289,0.077986,0.068524,1.826,29,-0.0400,-0.4624,0.0941,-0.474,0.00000,5.8413,0.0172,-0.1545,0.0306,0.0000,0.016,0.0302,0.0766,0.9831,59,0.026,0.00,0.00,0.00,18.44,0.0300,0.0000,10.00,0.00,50.00,--,--,0.00,SUCCEEDED,2,0.050,2.4810,0.2400,3.7539,0.2568,-0.0210,0.006
55.709,54.464,0.960,APPROACH_TARGET,diverged1,5.7025,0.1078,-0.0603,0.118289,0.077986,0.068524,1.926,29,-0.0400,-0.4624,0.0941,-0.474,0.00000,5.8443,0.0167,-0.1545,0.0310,0.0000,0.018,0.0302,0.0766,0.9831,59,0.026,0.00,0.00,0.00,19.57,0.0300,0.0000,10.09,0.00,50.00,--,--,0.00,SUCCEEDED,2,0.050,2.4810,0.2400,3.7569,0.2567,-0.0210,0.006
55.808,54.562,0.962,APPROACH_TARGET,diverged1,5.7025,0.1078,-0.0603,0.118289,0.077986,0.068524,2.024,29,-0.0400,-0.4624,0.0941,-0.476,0.00000,5.8472,0.0162,-0.1545,0.0295,0.0000,0.014,0.0302,0.0766,0.9831,59,0.024,0.00,0.00,0.00,20.64,0.0300,0.0000,10.02,0.00,50.00,--,--,0.00,SUCCEEDED,2,0.050,2.4810,0.2400,3.7599,0.2567,-0.0210,0.004
55.909,54.662,0.960,APPROACH_TARGET,diverged1,5.7025,0.1078,-0.0603,0.118289,0.077986,0.068524,2.124,29,-0.0400,-0.4624,0.0941,-0.476,0.00000,5.8502,0.0158,-0.1545,0.0302,0.0000,0.014,0.0302,0.0766,0.9831,59,0.024,0.00,0.00,0.00,20.65,0.0300,0.0000,9.98,0.00,50.00,--,--,0.00,SUCCEEDED,2,0.050,2.4810,0.2400,3.7629,0.2566,-0.0210,0.004
56.008,54.762,0.976,APPROACH_TARGET,diverged1,5.7025,0.1078,-0.0603,0.118289,0.077986,0.068524,2.224,29,-0.0400,-0.4624,0.0941,-0.476,0.00000,5.8531,0.0153,-0.1545,0.0302,0.0000,0.014,0.0295,0.0707,1.0000,59,0.024,0.00,0.00,0.00,20.30,0.0300,0.0000,10.00,0.00,49.90,--,--,0.00,SUCCEEDED,2,0.050,2.4810,0.2400,3.7659,0.2565,-0.0210,0.004
56.109,54.862,0.976,APPROACH_TARGET,diverged1,5.7025,0.1078,-0.0603,0.118289,0.077986,0.068524,2.324,29,-0.0400,-0.4624,0.0941,-0.476,0.00000,5.8561,0.0148,-0.1545,0.0305,0.0000,0.014,0.0295,0.0707,1.0000,59,0.024,0.00,0.00,0.00,20.30,0.0300,0.0000,9.98,0.00,50.00,--,--,0.00,SUCCEEDED,2,0.050,2.4810,0.2400,3.7689,0.2565,-0.0210,0.004
56.209,54.962,0.985,APPROACH_TARGET,diverged1,5.7025,0.1078,-0.0603,0.118289,0.077986,0.068524,2.424,29,-0.0400,-0.4624,0.0941,-0.476,0.00000,5.8591,0.0144,-0.1545,0.0311,0.0000,0.014,0.0295,0.0707,1.0000,59,0.024,0.00,0.00,0.00,20.08,0.0300,0.0000,10.07,0.00,50.00,--,--,0.00,SUCCEEDED,2,0.050,2.4810,0.2400,3.7719,0.2564,-0.0210,0.004
56.309,55.062,0.986,APPROACH_TARGET,diverged1,5.7025,0.1078,-0.0603,0.118289,0.077986,0.068524,2.524,29,-0.0400,-0.4624,0.0941,-0.476,0.00000,5.8620,0.0139,-0.1545,0.0300,0.0000,0.014,0.0292,0.0541,1.0000,59,0.024,0.00,0.00,0.00,20.04,0.0300,0.0000,9.96,0.00,50.00,--,--,0.00,SUCCEEDED,2,0.050,2.4810,0.2400,3.7749,0.2564,-0.0210,0.004
56.409,55.160,0.992,APPROACH_TARGET,diverged1,5.7025,0.1078,-0.0603,0.118289,0.077986,0.068524,2.622,29,-0.0400,-0.4624,0.0941,-0.478,0.00000,5.8650,0.0135,-0.1545,0.0311,0.0000,0.012,0.0292,0.0541,1.0000,59,0.022,0.00,0.00,0.00,19.92,0.0300,0.0000,10.04,0.00,50.00,--,--,0.00,SUCCEEDED,2,0.050,2.4810,0.2400,3.7779,0.2563,-0.0210,0.002
56.509,55.258,0.991,APPROACH_TARGET,diverged1,5.7025,0.1078,-0.0603,0.118289,0.077986,0.068524,2.720,29,-0.0400,-0.4624,0.0941,-0.480,0.00000,5.8680,0.0130,-0.1545,0.0314,0.0000,0.010,0.0292,0.0541,1.0000,59,0.020,0.00,0.00,0.00,20.00,0.0300,0.0000,10.00,0.00,50.00,--,--,0.00,SUCCEEDED,2,0.050,2.4810,0.2400,3.7803,0.2562,-0.0210,0.020
56.609,55.358,0.993,APPROACH_TARGET,diverged1,5.7025,0.1078,-0.0603,0.118289,0.077986,0.068524,2.820,29,-0.0400,-0.4624,0.0941,-0.480,0.00000,5.8709,0.0125,-0.1545,0.0302,0.0000,0.010,0.0292,0.0541,1.0000,59,0.020,0.00,0.00,0.00,19.96,0.0300,0.0000,10.07,0.00,50.00,--,--,0.00,SUCCEEDED,2,0.050,2.4810,0.2400,3.7839,0.2562,-0.0210,0.000
56.708,55.458,0.994,APPROACH_TARGET,diverged1,5.7025,0.1078,-0.0603,0.118289,0.077986,0.068524,2.920,29,-0.0400,-0.4624,0.0941,-0.480,0.00000,5.8739,0.0121,-0.1545,0.0311,0.0000,0.010,0.0300,0.0541,1.0000,59,0.020,0.00,0.00,0.00,19.92,0.0300,0.0000,9.98,0.00,50.00,--,--,0.00,SUCCEEDED,2,0.050,2.4810,0.2400,3.7863,0.2561,-0.0210,0.020
56.808,55.556,0.994,APPROACH_TARGET,diverged1,5.7025,0.1078,-0.0603,0.118289,0.077986,0.068524,3.018,29,-0.0400,-0.4624,0.0941,-0.482,0.00000,5.8769,0.0116,-0.1545,0.0306,0.0000,0.008,0.0292,0.0541,1.0000,59,0.018,0.00,0.00,0.00,19.92,0.0300,0.0000,10.00,0.00,50.10,--,--,0.00,SUCCEEDED,2,0.050,2.4810,0.2400,3.7893,0.2560,-0.0210,0.018
56.909,55.656,0.994,APPROACH_TARGET,diverged1,5.7025,0.1078,-0.0603,0.118289,0.077986,0.068524,3.118,29,-0.0400,-0.4624,0.0941,-0.482,0.00000,5.8798,0.0112,-0.1545,0.0300,0.0000,0.008,0.0292,0.0541,1.0000,59,0.018,0.00,0.00,0.00,19.92,0.0300,0.0000,10.00,0.00,50.00,--,--,0.00,SUCCEEDED,2,0.050,2.4810,0.2400,3.7923,0.2560,-0.0210,0.018
57.009,55.754,0.991,APPROACH_TARGET,diverged1,5.7025,0.1078,-0.0603,0.118289,0.077986,0.068524,3.216,29,-0.0400,-0.4624,0.0941,-0.484,0.00000,5.8828,0.0107,-0.1545,0.0300,0.0000,0.006,0.0292,0.0541,1.0000,59,0.016,0.00,0.00,0.00,19.92,0.0300,0.0000,9.98,0.00,50.00,--,--,0.00,SUCCEEDED,2,0.050,2.4810,0.2400,3.7953,0.2559,-0.0210,0.016
57.109,55.854,0.991,APPROACH_TARGET,diverged1,5.7025,0.1078,-0.0603,0.118289,0.077986,0.068524,3.316,29,-0.0400,-0.4624,0.0941,-0.484,0.00000,5.8858,0.0102,-0.1545,0.0305,0.0000,0.006,0.0292,0.0541,1.0000,59,0.016,0.00,0.00,0.00,19.92,0.0300,0.0000,10.00,0.00,50.00,--,--,0.00,SUCCEEDED,2,0.050,2.4810,0.2400,3.7983,0.2559,-0.0210,0.016
57.209,55.954,0.991,APPROACH_TARGET,diverged1,5.7025,0.1078,-0.0603,0.118289,0.077986,0.068524,3.416,29,-0.0400,-0.4624,0.0941,-0.484,0.00000,5.8887,0.0098,-0.1545,0.0300,0.0000,0.006,0.0292,0.0541,1.0000,59,0.016,0.00,0.00,0.00,19.96,0.0300,0.0000,9.98,0.00,50.00,--,--,0.00,SUCCEEDED,2,0.050,2.4810,0.2400,3.8013,0.2558,-0.0210,0.016
57.309,56.052,0.991,APPROACH_TARGET,diverged1,5.7025,0.1078,-0.0603,0.118289,0.077986,0.068524,3.514,29,-0.0400,-0.4624,0.0941,-0.486,0.00000,5.8917,0.0093,-0.1545,0.0300,0.0000,0.004,0.0300,0.0766,1.0000,59,0.014,0.00,0.00,0.00,19.92,0.0300,0.0000,9.98,0.00,50.00,--,--,0.00,SUCCEEDED,2,0.050,2.4810,0.2400,3.8043,0.2557,-0.0210,0.014
57.409,56.154,0.996,APPROACH_TARGET,diverged1,5.7025,0.1078,-0.0603,0.118289,0.077986,0.068524,3.616,29,-0.0400,-0.4624,0.0941,-0.484,0.00000,5.8946,0.0088,-0.1545,0.0300,0.0000,0.006,0.0300,0.0766,1.0000,59,0.016,0.00,0.00,0.00,19.92,0.0300,0.0000,10.02,0.00,50.10,--,--,0.00,SUCCEEDED,2,0.050,2.4810,0.2400,3.8073,0.2557,-0.0210,0.016
57.509,56.250,0.991,APPROACH_TARGET,diverged1,5.7025,0.1078,-0.0603,0.118289,0.077986,0.068524,3.712,29,-0.0400,-0.4624,0.0941,-0.488,0.00000,5.8976,0.0084,-0.1545,0.0305,0.0000,0.002,0.0300,0.0766,1.0000,59,0.012,0.00,0.00,0.00,19.83,0.0300,0.0000,10.00,0.00,50.00,--,--,0.00,SUCCEEDED,2,0.050,2.4810,0.2400,3.8103,0.2556,-0.0210,0.012
57.609,56.346,0.988,APPROACH_TARGET,diverged1,5.7025,0.1078,-0.0603,0.118289,0.077986,0.068524,3.808,29,-0.0400,-0.4624,0.0941,-0.392,0.00000,5.9000,0.0080,-0.1545,0.0297,0.0000,0.018,0.0278,0.0707,1.0000,59,0.108,0.00,0.00,0.00,20.08,0.0300,0.0000,10.05,0.00,50.00,--,--,0.00,SUCCEEDED,2,0.050,2.4810,0.2400,3.8133,0.2555,-0.0210,0.008
57.709,56.442,0.984,APPROACH_TARGET,diverged1,5.7025,0.1078,-0.0603,0.118289,0.077986,0.068524,3.904,29,-0.0400,-0.4624,0.0941,-0.396,0.00000,5.9029,0.0075,-0.1545,0.0302,0.0000,0.014,0.0295,0.0707,1.0000,59,0.004,0.00,0.00,0.00,20.00,0.0300,0.0000,10.06,0.00,50.00,--,--,0.00,SUCCEEDED,2,0.050,2.4810,0.2400,3.8163,0.2555,-0.0210,0.004
57.809,56.540,0.982,APPROACH_TARGET,diverged1,5.7025,0.1078,-0.0603,0.118289,0.077986,0.068524,4.002,29,-0.0400,-0.4624,0.0941,-0.398,0.00000,5.9059,0.0071,-0.1545,0.0302,0.0000,0.012,0.0278,0.0707,1.0000,59,0.102,0.00,0.00,0.00,20.08,0.0300,0.0000,10.07,0.00,50.00,--,--,0.00,SUCCEEDED,2,0.050,2.4810,0.2400,3.8193,0.2554,-0.0210,0.002
57.908,56.642,0.986,APPROACH_TARGET,diverged1,5.7025,0.1078,-0.0603,0.118289,0.077986,0.068524,4.104,29,-0.0400,-0.4624,0.0941,-0.396,0.00000,5.9089,0.0066,-0.1545,0.0306,0.0000,0.014,0.0278,0.0707,1.0000,59,0.104,0.00,0.00,0.00,20.00,0.0300,0.0000,10.00,0.00,49.90,--,--,0.00,SUCCEEDED,2,0.050,2.4810,0.2400,3.8223,0.2554,-0.0210,0.004
58.008,56.742,0.988,APPROACH_TARGET,diverged1,5.7025,0.1078,-0.0603,0.118289,0.077986,0.068524,4.204,29,-0.0400,-0.4624,0.0941,-0.396,0.00000,5.9118,0.0062,-0.1545,0.0302,0.0000,0.014,0.0273,0.0707,1.0000,59,0.104,0.00,0.00,0.00,19.96,0.0300,0.0000,9.91,0.00,50.00,--,--,0.00,SUCCEEDED,2,0.050,2.4810,0.2400,3.8253,0.2553,-0.0210,0.004
58.109,56.842,0.988,APPROACH_TARGET,diverged1,5.7025,0.1078,-0.0603,0.118289,0.077986,0.068524,4.304,29,-0.0400,-0.4624,0.0941,-0.396,0.00000,5.9148,0.0057,-0.1545,0.0302,0.0000,0.014,0.0273,0.0707,1.0000,59,0.104,0.00,0.00,0.00,20.04,0.0300,0.0000,9.98,0.00,50.00,--,--,0.00,SUCCEEDED,2,0.050,2.4810,0.2400,3.8283,0.2552,-0.0210,0.004
58.210,56.942,0.988,APPROACH_TARGET,diverged1,5.7025,0.1078,-0.0603,0.118289,0.077986,0.068524,4.404,29,-0.0400,-0.4624,0.0941,-0.396,0.00000,5.9178,0.0052,-0.1545,0.0302,0.0000,0.014,0.0273,0.0707,1.0000,59,0.104,0.00,0.00,0.00,20.00,0.0300,0.0000,9.91,0.00,50.00,--,--,0.00,SUCCEEDED,2,0.050,2.4810,0.2400,3.8313,0.2552,-0.0210,0.004
58.309,57.038,0.982,APPROACH_TARGET,diverged1,5.7025,0.1078,-0.0603,0.118289,0.077986,0.068524,4.500,29,-0.0400,-0.4624,0.0941,-0.400,0.00000,5.9207,0.0048,-0.1545,0.0300,0.0000,0.010,0.0273,0.0707,1.0000,59,0.100,0.00,0.00,0.00,20.04,0.0300,0.0000,9.98,0.00,50.00,--,--,0.00,SUCCEEDED,2,0.050,2.4810,0.2400,3.8343,0.2551,-0.0210,0.000
58.409,57.128,0.974,APPROACH_TARGET,diverged1,5.7025,0.1078,-0.0603,0.118289,0.077986,0.068524,4.590,29,-0.0400,-0.4624,0.0941,-0.410,0.00000,5.9237,0.0043,-0.1545,0.0311,0.0000,0.000,0.0273,0.0707,1.0000,59,0.090,0.00,0.00,0.00,20.28,0.0300,0.0000,10.00,0.00,50.00,--,--,0.00,SUCCEEDED,2,0.050,2.4810,0.2400,3.8367,0.2551,-0.0210,0.010
58.509,57.228,0.979,APPROACH_TARGET,diverged1,5.7025,0.1078,-0.0603,0.118289,0.077986,0.068524,4.690,29,-0.0400,-0.4624,0.0941,-0.410,0.00000,5.9267,0.0039,-0.1545,0.0300,0.0000,0.000,0.0290,0.0707,1.0000,59,0.090,0.00,0.00,0.00,20.24,0.0300,0.0000,9.98,0.00,50.00,--,--,0.00,SUCCEEDED,2,0.050,2.4810,0.2400,3.8397,0.2550,-0.0210,0.010
58.609,57.324,0.980,APPROACH_TARGET,diverged1,5.7025,0.1078,-0.0603,0.118289,0.077986,0.068524,4.786,29,-0.0400,-0.4624,0.0941,-0.414,0.00000,5.9290,0.0035,-0.1545,0.0300,0.0000,0.016,0.0290,0.0707,1.0000,59,0.086,0.00,0.00,0.00,20.26,0.0300,0.0000,10.02,0.00,50.00,--,--,0.00,SUCCEEDED,2,0.050,2.4810,0.2400,3.8427,0.2549,-0.0210,0.006
58.708,57.424,0.982,APPROACH_TARGET,diverged1,5.7025,0.1078,-0.0603,0.118289,0.077986,0.068524,4.886,29,-0.0400,-0.4624,0.0941,-0.414,0.00000,5.9320,0.0030,-0.1545,0.0311,0.0000,0.016,0.0290,0.0707,1.0000,59,0.086,0.00,0.00,0.00,20.20,0.0300,0.0000,9.93,0.00,50.00,--,--,0.00,SUCCEEDED,2,0.050,2.4810,0.2400,3.8457,0.2549,-0.0210,0.006
58.809,57.522,0.977,APPROACH_TARGET,diverged1,5.7025,0.1078,-0.0603,0.118289,0.077986,0.068524,4.984,29,-0.0400,-0.4624,0.0941,-0.416,0.00000,5.9350,0.0026,-0.1545,0.0300,0.0000,0.014,0.0290,0.0707,1.0000,59,0.084,0.00,0.00,0.00,20.30,0.0300,0.0000,10.00,0.00,50.00,--,--,0.00,SUCCEEDED,2,0.050,2.4810,0.2400,3.8487,0.2548,-0.0210,0.004
58.909,57.622,0.978,APPROACH_TARGET,diverged1,5.7025,0.1078,-0.0603,0.118289,0.077986,0.068524,5.084,29,-0.0400,-0.4624,0.0941,-0.416,0.00000,5.9379,0.0021,-0.1545,0.0305,0.0000,0.014,0.0290,0.0707,1.0000,59,0.084,0.00,0.00,0.00,20.24,0.0300,0.0000,10.09,0.00,50.10,--,--,0.00,SUCCEEDED,2,0.050,2.4810,0.2400,3.8517,0.2547,-0.0210,0.004
59.009,57.718,0.973,APPROACH_TARGET,diverged1,5.7025,0.1078,-0.0603,0.118289,0.077986,0.068524,5.180,29,-0.0400,-0.4624,0.0941,-0.420,0.00000,5.9409,0.0016,-0.1545,0.0310,0.0000,0.012,0.0290,0.0707,1.0000,59,0.080,0.00,0.00,0.00,20.41,0.0300,0.0000,10.02,0.00,50.10,--,--,0.00,SUCCEEDED,2,0.050,2.4810,0.2400,3.8541,0.2547,-0.0210,0.020
59.108,57.816,0.974,APPROACH_TARGET,diverged1,5.7025,0.1078,-0.0603,0.118289,0.077986,0.068524,5.278,29,-0.0400,-0.4624,0.0941,-0.422,0.00000,5.9439,0.0012,-0.1545,0.0295,0.0000,0.008,0.0290,0.0707,1.0000,59,0.078,0.00,0.00,0.00,20.33,0.0300,0.0000,10.14,0.00,50.00,--,--,0.00,SUCCEEDED,2,0.050,2.4810,0.2400,3.8571,0.2546,-0.0210,0.018
59.208,57.916,0.975,APPROACH_TARGET,diverged1,5.7025,0.1078,-0.0603,0.118289,0.077986,0.068524,5.378,29,-0.0400,-0.4624,0.0941,-0.422,0.00000,5.9468,0.0007,-0.1545,0.0320,0.0000,0.012,0.0290,0.0707,1.0000,59,0.078,0.00,0.00,0.00,20.28,0.0300,0.0000,10.00,0.00,50.20,--,--,0.00,SUCCEEDED,2,0.050,2.4810,0.2400,3.8601,0.2546,-0.0210,0.018
59.309,58.014,0.984,APPROACH_TARGET,diverged1,5.7025,0.1078,-0.0603,0.118289,0.077986,0.068524,5.476,29,-0.0400,-0.4624,0.0941,-0.424,0.00000,5.9498,0.0003,-0.1545,0.0303,0.0000,0.006,0.0287,0.0707,1.0000,59,0.076,0.00,0.00,0.00,20.41,0.0300,0.0000,9.96,0.00,50.00,--,--,0.00,SUCCEEDED,2,0.050,2.4810,0.2400,3.8631,0.2545,-0.0210,0.016
59.409,58.114,0.985,APPROACH_TARGET,diverged1,5.7025,0.1078,-0.0603,0.118289,0.077986,0.068524,5.576,29,-0.0400,-0.4624,0.0941,-0.424,0.00000,5.9527,-0.0002,-0.1545,0.0305,0.0000,0.006,0.0287,0.0707,1.0000,59,0.076,0.00,0.00,0.00,20.08,0.0300,0.0000,9.96,0.00,50.00,--,--,0.00,SUCCEEDED,2,0.050,2.4810,0.2400,3.8661,0.2544,-0.0210,0.016
59.509,58.212,0.986,APPROACH_TARGET,diverged1,5.7025,0.1078,-0.0603,0.118289,0.077986,0.068524,5.674,29,-0.0400,-0.4624,0.0941,-0.426,0.00000,5.9557,-0.0007,-0.1545,0.0302,0.0000,0.004,0.0287,0.0707,1.0000,59,0.074,0.00,0.00,0.00,20.20,0.0300,0.0000,10.02,0.00,50.00,--,--,0.00,SUCCEEDED,2,0.050,2.4810,0.2400,3.8691,0.2544,-0.0210,0.014
59.610,58.310,0.983,APPROACH_TARGET,diverged1,5.7025,0.1078,-0.0603,0.118289,0.077986,0.068524,5.772,29,-0.0400,-0.4624,0.0941,-0.428,0.00000,5.9587,-0.0011,-0.1545,0.0302,0.0000,0.002,0.0295,0.0707,1.0000,59,0.072,0.00,0.00,0.00,20.00,0.0300,0.0000,10.02,0.00,50.10,--,--,0.00,SUCCEEDED,2,0.050,2.4810,0.2400,3.8721,0.2543,-0.0210,0.012
59.709,58.412,0.989,APPROACH_TARGET,diverged1,5.7025,0.1078,-0.0603,0.118289,0.077986,0.068524,5.874,29,-0.0400,-0.4624,0.0941,-0.426,0.00000,5.9616,-0.0016,-0.1545,0.0302,0.0000,0.004,0.0295,0.0707,1.0000,59,0.074,0.00,0.00,0.00,20.04,0.0300,0.0000,10.02,0.00,49.90,--,--,0.00,SUCCEEDED,2,0.050,2.4810,0.2400,3.8751,0.2542,-0.0210,0.014
59.809,58.508,0.986,APPROACH_TARGET,diverged1,5.7025,0.1078,-0.0603,0.118289,0.077986,0.068524,5.970,29,-0.0400,-0.4624,0.0941,-0.430,0.00000,5.9640,-0.0020,-0.1545,0.0311,0.0000,0.020,0.0292,0.0541,1.0000,59,0.070,0.00,0.00,0.00,19.96,0.0300,0.0000,10.07,0.00,50.00,--,--,0.00,SUCCEEDED,2,0.050,2.4810,0.2400,3.8781,0.2542,-0.0210,0.010
59.908,58.608,0.986,APPROACH_TARGET,diverged1,5.7025,0.1078,-0.0603,0.118289,0.077986,0.068524,6.070,29,-0.0400,-0.4624,0.0941,-0.430,0.00000,5.9670,-0.0024,-0.1545,0.0314,0.0000,0.020,0.0292,0.0541,1.0000,59,0.070,0.00,0.00,0.00,20.00,0.0300,0.0000,10.00,0.00,50.00,--,--,0.00,SUCCEEDED,2,0.050,2.4810,0.2400,3.8811,0.2541,-0.0210,0.010
60.009,58.706,0.988,APPROACH_TARGET,diverged1,5.7025,0.1078,-0.0603,0.118289,0.077986,0.068524,6.168,29,-0.0400,-0.4624,0.0941,-0.432,0.00000,5.9699,-0.0029,-0.1545,0.0311,0.0000,0.018,0.0292,0.0541,1.0000,59,0.068,0.00,0.00,0.00,19.87,0.0300,0.0000,9.96,0.00,49.90,--,--,0.00,SUCCEEDED,2,0.050,2.4810,0.2400,3.8841,0.2541,-0.0210,0.008
60.109,58.806,0.989,APPROACH_TARGET,diverged1,5.7025,0.1078,-0.0603,0.118289,0.077986,0.068524,6.268,29,-0.0400,-0.4624,0.0941,-0.432,0.00000,5.9729,-0.0033,-0.1545,0.0302,0.0000,0.018,0.0292,0.0541,1.0000,59,0.068,0.00,0.00,0.00,19.96,0.0300,0.0000,10.00,0.00,50.00,--,--,0.00,SUCCEEDED,2,0.050,2.4810,0.2400,3.8871,0.2540,-0.0210,0.008
60.209,58.902,0.987,APPROACH_TARGET,diverged1,5.7025,0.1078,-0.0603,0.118289,0.077986,0.068524,6.364,29,-0.0400,-0.4624,0.0941,-0.436,0.00000,5.9759,-0.0038,-0.1545,0.0300,0.0000,0.014,0.0292,0.0541,1.0000,59,0.064,0.00,0.00,0.00,20.08,0.0300,0.0000,10.04,0.00,49.80,--,--,0.00,SUCCEEDED,2,0.050,2.4810,0.2400,3.8901,0.2539,-0.0210,0.004
60.309,59.000,0.986,APPROACH_TARGET,diverged1,5.7025,0.1078,-0.0603,0.118289,0.077986,0.068524,6.462,29,-0.0400,-0.4624,0.0941,-0.438,0.00000,5.9788,-0.0043,-0.1545,0.0336,0.0000,0.012,0.0283,0.0541,1.0000,59,0.062,0.00,0.00,0.00,19.87,0.0300,0.0000,9.98,0.00,50.00,--,--,0.00,SUCCEEDED,2,0.050,2.4810,0.2400,3.8931,0.2539,-0.0210,0.002
60.410,59.098,0.983,APPROACH_TARGET,diverged1,5.7025,0.1078,-0.0603,0.118289,0.077986,0.068524,6.560,29,-0.0400,-0.4624,0.0941,-0.440,0.00000,5.9813,-0.0047,-0.1545,0.0253,-0.0000,0.010,0.0309,0.0766,1.0000,59,0.060,0.00,0.00,0.00,20.96,0.0000,0.0000,9.96,0.00,50.00,--,--,0.00,SUCCEEDED,2,0.050,2.4810,0.2400,3.8953,0.2538,-0.0210,0.020
60.508,59.198,0.987,APPROACH_TARGET,diverged1,5.7025,0.1078,-0.0603,0.118289,0.077986,0.068524,6.660,29,-0.0400,-0.4624,0.0941,-0.440,0.00000,5.9813,-0.0047,-0.1545,0.0000,0.0000,0.010,0.0300,0.0766,1.0000,59,0.060,0.00,0.00,0.00,20.26,0.0000,0.0000,9.98,0.00,50.00,--,--,0.00,SUCCEEDED,2,0.050,2.4810,0.2400,3.8953,0.2538,-0.0210,0.020
60.609,59.298,0.989,GRASP,diverged1,5.7025,0.1078,-0.0603,0.118289,0.077986,0.068524,6.760,29,-0.0400,-0.4624,0.0941,-0.440,0.00000,5.9813,-0.0047,-0.1545,0.0000,0.0000,0.010,0.0300,0.0766,1.0000,59,0.060,0.00,0.00,0.00,19.31,0.0000,0.0000,9.96,0.00,50.00,--,--,0.00,SUCCEEDED,2,0.050,2.4810,0.2400,3.8953,0.2538,-0.0210,0.020
60.709,59.396,0.985,GRASP,diverged1,5.7025,0.1078,-0.0603,0.118289,0.077986,0.068524,6.858,29,-0.0400,-0.4624,0.0941,-0.442,0.00000,5.9813,-0.0047,-0.1545,0.0000,0.0000,0.008,0.0300,0.0766,1.0000,59,0.058,0.00,0.00,0.00,18.33,0.0000,0.0000,9.98,0.00,50.10,--,--,0.00,SUCCEEDED,2,0.050,2.4810,0.2400,3.8953,0.2538,-0.0210,0.018
60.809,59.496,0.986,GRASP,diverged1,5.7025,0.1078,-0.0603,0.118289,0.077986,0.068524,6.958,29,-0.0400,-0.4624,0.0941,-0.442,0.00000,5.9813,-0.0047,-0.1545,0.0000,0.0000,0.008,0.0300,0.0766,1.0000,59,0.058,0.00,0.00,0.00,17.24,0.0000,0.0000,9.96,0.00,50.00,--,--,0.00,SUCCEEDED,2,0.050,2.4810,0.2400,3.8953,0.2538,-0.0210,0.018
60.909,59.594,0.986,GRASP,diverged1,5.7025,0.1078,-0.0603,0.118289,0.077986,0.068524,7.056,29,-0.0400,-0.4624,0.0941,-0.444,0.00000,5.9813,-0.0047,-0.1545,0.0000,0.0000,0.006,0.0300,0.0766,1.0000,59,0.056,0.00,0.00,0.00,16.29,0.0000,0.0000,10.07,0.00,50.10,--,--,0.00,SUCCEEDED,2,0.050,2.4810,0.2400,3.8953,0.2538,-0.0210,0.016
61.009,59.694,0.986,GRASP,diverged1,5.7025,0.1078,-0.0603,0.118289,0.077986,0.068524,7.156,29,-0.0400,-0.4624,0.0941,-0.444,0.00000,5.9813,-0.0047,-0.1545,0.0000,0.0000,0.006,0.0300,0.0766,1.0000,59,0.056,0.00,0.00,0.00,15.37,0.0000,0.0000,10.02,0.00,50.00,--,--,0.00,SUCCEEDED,2,0.050,2.4810,0.2400,3.8953,0.2538,-0.0210,0.016
61.109,59.788,0.984,GRASP,diverged1,5.7025,0.1078,-0.0603,0.118289,0.077986,0.068524,7.250,29,-0.0400,-0.4624,0.0941,-0.450,0.00000,5.9813,-0.0047,-0.1545,0.0000,0.0000,0.000,0.0300,0.0766,1.0000,59,0.050,0.00,0.00,0.00,15.05,0.0000,0.0000,10.04,0.00,50.00,--,--,0.00,SUCCEEDED,2,0.050,2.4810,0.2400,3.8953,0.2538,-0.0210,0.010
61.209,59.886,0.984,GRASP,diverged1,5.7025,0.1078,-0.0603,0.118289,0.077986,0.068524,7.348,29,-0.0400,-0.4624,0.0941,-0.452,0.00000,5.9813,-0.0047,-0.1545,0.0000,0.0000,0.018,0.0300,0.0766,1.0000,59,0.048,0.00,0.00,0.00,14.37,0.0000,0.0000,10.04,0.00,49.90,--,--,0.00,SUCCEEDED,2,0.050,2.4810,0.2400,3.8953,0.2538,-0.0210,0.008
61.309,59.988,0.990,GRASP,diverged1,5.7025,0.1078,-0.0603,0.118289,0.077986,0.068524,7.450,29,-0.0400,-0.4624,0.0941,-0.450,0.00000,5.9813,-0.0047,-0.1545,0.0000,0.0000,0.000,0.0300,0.0766,1.0000,59,0.050,0.00,0.00,0.00,13.32,0.0000,0.0000,9.93,0.00,50.00,--,--,0.00,SUCCEEDED,2,0.050,2.4810,0.2400,3.8953,0.2538,-0.0210,0.010
61.410,60.084,0.987,GRASP,diverged1,5.7025,0.1078,-0.0603,0.118289,0.077986,0.068524,7.546,29,-0.0400,-0.4624,0.0941,-0.454,0.00000,5.9813,-0.0047,-0.1545,0.0000,0.0000,0.000,0.0300,0.0766,1.0000,59,0.046,0.00,0.00,0.00,11.73,0.0000,0.0000,10.02,0.00,50.20,--,--,0.00,SUCCEEDED,2,0.050,2.4810,0.2400,3.8953,0.2538,-0.0210,0.006
61.509,60.188,0.989,GRASP,diverged1,5.7025,0.1078,-0.0603,0.118289,0.077986,0.068524,7.650,29,-0.0400,-0.4624,0.0941,-0.450,0.00000,5.9813,-0.0047,-0.1545,0.0000,0.0000,0.000,0.0300,0.0766,1.0000,59,0.050,0.00,0.00,0.00,11.70,0.0000,0.0000,9.87,0.00,50.00,--,--,0.00,SUCCEEDED,2,0.050,2.4810,0.2400,3.8953,0.2538,-0.0210,0.010
61.609,60.288,0.990,GRASP,diverged1,5.7025,0.1078,-0.0603,0.118289,0.077986,0.068524,7.750,29,-0.0400,-0.4624,0.0941,-0.450,0.00000,5.9813,-0.0047,-0.1545,0.0000,0.0000,0.020,0.0300,0.0766,1.0000,59,0.050,0.00,0.00,0.00,11.88,0.0000,0.0000,9.98,0.00,50.00,--,--,0.00,SUCCEEDED,2,0.050,2.4810,0.2400,3.8953,0.2538,-0.0210,0.010
61.709,60.378,0.981,GRASP,diverged1,5.7025,0.1078,-0.0603,0.118289,0.077986,0.068524,7.840,29,-0.0400,-0.4624,0.0941,-0.460,0.00000,5.9813,-0.0047,-0.1545,0.0000,0.0000,0.010,0.0300,0.0766,1.0000,59,0.040,0.00,0.00,0.00,11.36,0.0000,0.0000,10.04,0.00,50.00,--,--,0.00,SUCCEEDED,2,0.050,2.4810,0.2400,3.8953,0.2538,-0.0210,0.000
61.809,60.480,0.984,GRASP,diverged1,5.7025,0.1078,-0.0603,0.118289,0.077986,0.068524,7.942,29,-0.0400,-0.4624,0.0941,-0.458,0.00000,5.9813,-0.0047,-0.1545,0.0000,0.0000,0.012,0.0300,0.0766,1.0000,59,0.042,0.00,0.00,0.00,11.56,0.0000,0.0000,9.93,0.00,50.00,--,--,0.00,SUCCEEDED,2,0.050,2.4810,0.2400,3.8953,0.2538,-0.0210,0.002
61.909,60.572,0.975,GRASP,diverged1,5.7025,0.1078,-0.0603,0.118289,0.077986,0.068524,8.034,29,-0.0400,-0.4624,0.0941,-0.466,0.00000,5.9813,-0.0047,-0.1545,0.0000,0.0000,0.004,0.0300,0.0766,1.0000,59,0.034,0.00,0.00,0.00,11.78,0.0000,0.0000,10.00,0.00,50.00,--,--,0.00,SUCCEEDED,2,0.050,2.4810,0.2400,3.8953,0.2538,-0.0210,0.014
62.009,60.672,0.978,GRASP,diverged1,5.7025,0.1078,-0.0603,0.118289,0.077986,0.068524,8.134,29,-0.0400,-0.4624,0.0941,-0.466,0.00000,5.9813,-0.0047,-0.1545,0.0000,0.0000,0.004,0.0300,0.0766,1.0000,59,0.034,0.00,0.00,0.00,12.05,0.0000,0.0000,9.87,0.00,50.00,--,--,0.00,SUCCEEDED,2,0.050,2.4810,0.2400,3.8953,0.2538,-0.0210,0.014
62.109,60.768,0.980,GRASP,diverged1,5.7025,0.1078,-0.0603,0.118289,0.077986,0.068524,8.230,29,-0.0400,-0.4624,0.0941,-0.470,0.00000,5.9813,-0.0047,-0.1545,0.0000,0.0000,0.000,0.0300,0.0766,1.0000,59,0.030,0.00,0.00,0.00,11.43,0.0000,0.0000,10.02,0.00,50.00,--,--,0.00,SUCCEEDED,2,0.050,2.4810,0.2400,3.8953,0.2538,-0.0210,0.010
62.209,60.866,0.980,GRASP,diverged1,5.7025,0.1078,-0.0603,0.118289,0.077986,0.068524,8.328,29,-0.0400,-0.4624,0.0941,-0.472,0.00000,5.9813,-0.0047,-0.1545,0.0000,0.0000,0.018,0.0300,0.0766,1.0000,59,0.028,0.00,0.00,0.00,10.00,0.0000,0.0000,10.07,0.00,50.10,--,--,0.00,SUCCEEDED,2,0.050,2.4810,0.2400,3.8953,0.2538,-0.0210,0.008
62.309,60.962,0.976,GRASP,diverged1,5.7025,0.1078,-0.0603,0.118289,0.077986,0.068524,8.424,29,-0.0400,-0.4624,0.0941,-0.476,0.00000,5.9813,-0.0047,-0.1545,0.0000,0.0000,0.014,0.0300,0.0766,1.0000,59,0.024,0.00,0.00,0.00,10.00,0.0000,0.0000,10.00,0.00,50.00,--,--,0.00,SUCCEEDED,2,0.050,2.4810,0.2400,3.8953,0.2538,-0.0210,0.004
62.408,61.062,0.979,GRASP,diverged1,5.7025,0.1078,-0.0603,0.118289,0.077986,0.068524,8.524,29,-0.0400,-0.4624,0.0941,-0.476,0.00000,5.9813,-0.0047,-0.1545,0.0000,0.0000,0.014,0.0300,0.0766,1.0000,59,0.024,0.00,0.00,0.00,9.80,0.0000,0.0000,10.16,0.00,50.00,--,--,0.00,SUCCEEDED,2,0.050,2.4810,0.2400,3.8953,0.2538,-0.0210,0.004
62.509,61.162,0.975,GRASP,diverged1,5.7025,0.1078,-0.0603,0.118289,0.077986,0.068524,8.624,29,-0.0400,-0.4624,0.0941,-0.476,0.00000,5.9813,-0.0047,-0.1545,0.0000,0.0000,0.014,0.0300,0.0766,1.0000,59,0.024,0.00,0.00,0.00,1.00,0.0000,0.0000,10.00,0.00,50.00,--,--,0.00,SUCCEEDED,2,0.050,2.4810,0.2400,3.8953,0.2538,-0.0210,0.004
62.609,61.262,0.981,GRASP,diverged1,5.7025,0.1078,-0.0603,0.118289,0.077986,0.068524,8.724,29,-0.0400,-0.4624,0.0941,-0.476,0.00000,5.9813,-0.0047,-0.1545,0.0000,0.0000,0.014,0.0300,0.0766,1.0000,59,0.024,0.00,0.00,0.00,0.00,0.0000,0.0000,9.98,0.00,50.00,--,--,0.00,SUCCEEDED,2,0.050,2.4810,0.2400,3.8953,0.2538,-0.0210,0.004
62.709,61.362,0.984,GRASP,diverged1,5.7025,0.1078,-0.0603,0.118289,0.077986,0.068524,8.824,29,-0.0400,-0.4624,0.0941,-0.476,0.00000,5.9813,-0.0047,-0.1545,0.0000,0.0000,0.014,0.0300,0.0766,1.0000,59,0.024,0.00,0.00,0.00,0.00,0.0000,0.0000,10.00,0.00,50.00,--,--,0.00,SUCCEEDED,2,0.050,2.4810,0.2400,3.8953,0.2538,-0.0210,0.004
62.809,61.462,0.989,GRASP,diverged1,5.7025,0.1078,-0.0603,0.118289,0.077986,0.068524,8.924,29,-0.0400,-0.4624,0.0941,-0.476,0.00000,5.9813,-0.0047,-0.1545,0.0000,0.0000,0.016,0.0300,0.0766,1.0000,59,0.024,0.00,0.00,0.00,0.00,0.0000,0.0000,9.93,0.00,50.00,--,--,0.00,SUCCEEDED,2,0.050,2.4810,0.2400,3.8953,0.2538,-0.0210,0.004
62.909,61.558,0.984,GRASP,diverged1,5.7025,0.1078,-0.0603,0.118289,0.077986,0.068524,9.020,29,-0.0400,-0.4624,0.0941,-0.480,0.00000,5.9813,-0.0047,-0.1545,0.0000,0.0000,0.010,0.0300,0.0766,1.0000,59,0.020,0.00,0.00,0.00,0.00,0.0000,0.0000,10.11,0.00,50.00,--,--,0.00,SUCCEEDED,2,0.050,2.4810,0.2400,3.8953,0.2538,-0.0210,0.000
63.009,61.658,0.989,GRASP,diverged1,5.7025,0.1078,-0.0603,0.118289,0.077986,0.068524,9.120,29,-0.0400,-0.4624,0.0941,-0.480,0.00000,5.9813,-0.0047,-0.1545,0.0000,0.0000,0.010,0.0300,0.0766,1.0000,59,0.020,0.00,0.00,0.00,0.00,0.0000,0.0000,9.98,0.00,50.00,--,--,0.00,SUCCEEDED,2,0.050,2.4810,0.2400,3.8953,0.2538,-0.0210,0.000
63.108,61.756,0.989,GRASP,diverged1,5.7025,0.1078,-0.0603,0.118289,0.077986,0.068524,9.218,29,-0.0400,-0.4624,0.0941,-0.482,0.00000,5.9813,-0.0047,-0.1545,0.0000,0.0000,0.010,0.0300,0.0766,1.0000,59,0.018,0.00,0.00,0.00,0.00,0.0000,0.0000,10.04,0.00,50.00,--,--,0.00,SUCCEEDED,2,0.050,2.4810,0.2400,3.8953,0.2538,-0.0210,0.018
63.210,61.848,0.984,GRASP,diverged1,5.7025,0.1078,-0.0603,0.118289,0.077986,0.068524,9.310,29,-0.0400,-0.4624,0.0941,-0.390,0.00000,5.9813,-0.0047,-0.1545,0.0000,0.0000,0.000,0.0300,0.0766,1.0000,59,0.010,0.00,0.00,0.00,0.00,0.0000,0.0000,10.02,0.00,50.00,--,--,0.00,SUCCEEDED,2,0.050,2.4810,0.2400,3.8953,0.2538,-0.0210,0.010
63.309,61.936,0.974,GRASP,diverged1,5.7025,0.1078,-0.0603,0.118289,0.077986,0.068524,9.398,29,-0.0400,-0.4624,0.0941,-0.402,0.00000,5.9813,-0.0047,-0.1545,0.0000,0.0000,0.008,0.0300,0.0766,1.0000,59,0.098,0.00,0.00,0.00,0.00,0.0000,0.0000,9.98,0.00,50.10,--,--,0.00,SUCCEEDED,2,0.050,2.4810,0.2400,3.8953,0.2538,-0.0210,0.018
63.410,62.040,0.974,GRASP,diverged1,5.7025,0.1078,-0.0603,0.118289,0.077986,0.068524,9.502,29,-0.0400,-0.4624,0.0941,-0.398,0.00000,5.9813,-0.0047,-0.1545,0.0000,0.0000,0.012,0.0300,0.0766,1.0000,59,0.102,0.00,0.00,0.00,0.00,0.0000,0.0000,10.02,0.00,50.00,--,--,0.00,SUCCEEDED,2,0.050,2.4810,0.2400,3.8953,0.2538,-0.0210,0.002
63.509,62.138,0.974,GRASP,diverged1,5.7025,0.1078,-0.0603,0.118289,0.077986,0.068524,9.600,29,-0.0400,-0.4624,0.0941,-0.400,0.00000,5.9813,-0.0047,-0.1545,0.0000,0.0000,0.010,0.0300,0.0766,1.0000,59,0.100,0.00,0.00,0.00,0.00,0.0000,0.0000,9.96,0.00,49.90,--,--,0.00,SUCCEEDED,2,0.050,2.4810,0.2400,3.8953,0.2538,-0.0210,0.000
63.609,62.238,0.977,GRASP,diverged1,5.7025,0.1078,-0.0603,0.118289,0.077986,0.068524,9.700,29,-0.0400,-0.4624,0.0941,-0.400,0.00000,5.9813,-0.0047,-0.1545,0.0000,0.0000,0.010,0.0300,0.0766,1.0000,59,0.100,0.00,0.00,0.00,0.00,0.0000,0.0000,10.02,0.00,50.00,--,--,0.00,SUCCEEDED,2,0.050,2.4810,0.2400,3.8953,0.2538,-0.0210,0.000
63.709,62.338,0.973,GRASP,diverged1,5.7025,0.1078,-0.0603,0.118289,0.077986,0.068524,9.800,29,-0.0400,-0.4624,0.0941,-0.400,0.00000,5.9813,-0.0047,-0.1545,0.0000,0.0000,0.014,0.0300,0.0766,1.0000,59,0.100,0.00,0.00,0.00,0.00,0.0000,0.0000,10.00,0.00,50.20,--,--,0.00,SUCCEEDED,2,0.050,2.4810,0.2400,3.8953,0.2538,-0.0210,0.000
63.809,62.438,0.978,GRASP,diverged1,5.7025,0.1078,-0.0603,0.118289,0.077986,0.068524,9.900,29,-0.0400,-0.4624,0.0941,-0.400,0.00000,5.9813,-0.0047,-0.1545,0.0000,0.0000,0.010,0.0300,0.0766,1.0000,59,0.100,0.00,0.00,0.00,0.00,0.0000,0.0000,10.04,0.00,50.00,--,--,0.00,SUCCEEDED,2,0.050,2.4810,0.2400,3.8953,0.2538,-0.0210,0.000
63.908,62.536,0.979,GRASP,diverged1,5.7025,0.1078,-0.0603,0.118289,0.077986,0.068524,9.998,29,-0.0400,-0.4624,0.0941,-0.402,0.00000,5.9813,-0.0047,-0.1545,0.0000,0.0000,0.008,0.0300,0.0766,1.0000,59,0.098,0.00,0.00,0.00,0.00,0.0000,0.0000,9.96,0.00,50.00,--,--,0.00,SUCCEEDED,2,0.050,2.4810,0.2400,3.8953,0.2538,-0.0210,0.018
64.008,62.636,0.979,GRASP,diverged1,5.7025,0.1078,-0.0603,0.118289,0.077986,0.068524,10.098,29,-0.0400,-0.4624,0.0941,-0.402,0.00000,5.9813,-0.0047,-0.1545,0.0000,0.0000,0.008,0.0300,0.0766,1.0000,59,0.098,0.00,0.00,0.00,0.00,0.0000,0.0000,9.98,0.00,50.00,--,--,0.00,SUCCEEDED,2,0.050,2.4810,0.2400,3.8953,0.2538,-0.0210,0.018
64.109,62.736,0.987,GRASP,diverged1,5.7025,0.1078,-0.0603,0.118289,0.077986,0.068524,10.198,29,-0.0400,-0.4624,0.0941,-0.402,0.00000,5.9813,-0.0047,-0.1545,0.0000,0.0000,0.014,0.0300,0.0766,1.0000,59,0.098,0.00,0.00,0.00,0.00,0.0000,0.0000,10.00,0.00,50.31,--,--,0.00,SUCCEEDED,2,0.050,2.4810,0.2400,3.8953,0.2538,-0.0210,0.018
64.208,62.826,0.979,GRASP,diverged1,5.7025,0.1078,-0.0603,0.118289,0.077986,0.068524,10.288,29,-0.0400,-0.4624,0.0941,-0.412,0.00000,5.9813,-0.0047,-0.1545,0.0000,0.0000,0.018,0.0300,0.0766,1.0000,59,0.088,0.00,0.00,0.00,0.00,0.0000,0.0000,10.00,0.00,50.00,--,--,0.00,SUCCEEDED,2,0.050,2.4810,0.2400,3.8953,0.2538,-0.0210,0.008
64.309,62.918,0.982,GRASP,diverged1,5.7025,0.1078,-0.0603,0.118289,0.077986,0.068524,10.380,29,-0.0400,-0.4624,0.0941,-0.420,0.00000,5.9813,-0.0047,-0.1545,0.0000,0.0000,0.010,0.0300,0.0766,1.0000,59,0.080,0.00,0.00,0.00,0.00,0.0000,0.0000,10.02,0.00,50.00,--,--,0.00,SUCCEEDED,2,0.050,2.4810,0.2400,3.8953,0.2538,-0.0210,0.020
64.409,63.022,0.983,GRASP,diverged1,5.7025,0.1078,-0.0603,0.118289,0.077986,0.068524,10.484,29,-0.0400,-0.4624,0.0941,-0.416,0.00000,5.9813,-0.0047,-0.1545,0.0000,0.0000,0.014,0.0300,0.0766,1.0000,59,0.084,0.00,0.00,0.00,0.00,0.0000,0.0000,10.07,0.00,50.00,--,--,0.00,SUCCEEDED,2,0.050,2.4810,0.2400,3.8953,0.2538,-0.0210,0.004
64.509,63.118,0.978,GRASP,diverged1,5.7025,0.1078,-0.0603,0.118289,0.077986,0.068524,10.580,29,-0.0400,-0.4624,0.0941,-0.420,0.00000,5.9813,-0.0047,-0.1545,0.0000,0.0000,0.010,0.0300,0.0766,1.0000,59,0.080,0.00,0.00,0.00,0.00,0.0000,0.0000,10.04,0.00,50.10,--,--,0.00,SUCCEEDED,2,0.050,2.4810,0.2400,3.8953,0.2538,-0.0210,0.020
64.609,63.218,0.980,GRASP,diverged1,5.7025,0.1078,-0.0603,0.118289,0.077986,0.068524,10.680,29,-0.0400,-0.4624,0.0941,-0.420,0.00000,5.9813,-0.0047,-0.1545,0.0000,0.0000,0.010,0.0300,0.0766,1.0000,59,0.080,0.00,0.00,0.00,0.00,0.0000,0.0000,10.04,0.00,50.00,--,--,0.00,SUCCEEDED,2,0.050,2.4810,0.2400,3.8953,0.2538,-0.0210,0.020
64.709,63.318,0.978,GRASP,diverged1,5.7025,0.1078,-0.0603,0.118289,0.077986,0.068524,10.780,29,-0.0400,-0.4624,0.0941,-0.420,0.00000,5.9813,-0.0047,-0.1545,0.0000,0.0000,0.010,0.0430,0.1000,0.9831,59,0.080,0.00,0.00,0.00,0.00,0.0000,0.0000,9.87,0.00,49.80,--,--,0.00,SUCCEEDED,2,0.050,2.4810,0.2400,3.8953,0.2538,-0.0210,0.020
64.809,63.418,0.980,GRASP,diverged1,5.7025,0.1078,-0.0603,0.118289,0.077986,0.068524,10.880,29,-0.0400,-0.4624,0.0941,-0.420,0.00000,5.9813,-0.0047,-0.1545,0.0000,0.0000,0.010,0.0834,0.1000,0.9322,59,0.080,0.00,0.00,0.00,0.00,0.0000,0.0000,10.00,0.00,50.00,--,--,0.00,SUCCEEDED,2,0.050,2.4810,0.2400,3.8953,0.2538,-0.0210,0.020
64.908,63.516,0.978,GRASP,diverged1,5.7025,0.1078,-0.0603,0.118289,0.077986,0.068524,10.978,29,-0.0400,-0.4624,0.0941,-0.422,0.00000,5.9813,-0.0047,-0.1545,0.0000,0.0000,0.008,0.0697,0.1000,0.9492,59,0.078,0.00,0.00,0.00,0.00,0.0000,0.0000,9.85,0.00,49.90,--,--,0.00,SUCCEEDED,2,0.050,2.4810,0.2400,3.8953,0.2538,-0.0210,0.018
65.008,63.618,0.982,GRASP,diverged1,5.7025,0.1078,-0.0603,0.118289,0.077986,0.068524,11.080,29,-0.0400,-0.4624,0.0941,-0.420,0.00000,5.9813,-0.0047,-0.1545,0.0000,0.0000,0.010,0.0704,0.1000,0.9492,59,0.080,0.00,0.00,0.00,0.00,0.0000,0.0000,10.00,0.00,50.00,--,--,0.00,SUCCEEDED,2,0.050,2.4810,0.2400,3.8953,0.2538,-0.0210,0.020
65.109,63.708,0.972,GRASP,diverged1,5.7025,0.1078,-0.0603,0.118289,0.077986,0.068524,11.170,29,-0.0400,-0.4624,0.0941,-0.430,0.00000,5.9813,-0.0047,-0.1545,0.0000,0.0000,0.020,0.0735,0.1000,0.9492,59,0.070,0.00,0.00,0.00,0.00,0.0000,0.0000,10.02,0.00,50.00,--,--,0.00,SUCCEEDED,2,0.050,2.4810,0.2400,3.8953,0.2538,-0.0210,0.010
65.208,63.808,0.989,GRASP,diverged1,5.7025,0.1078,-0.0603,0.118289,0.077986,0.068524,11.270,29,-0.0400,-0.4624,0.0941,-0.430,0.00000,5.9813,-0.0047,-0.1545,0.0000,0.0000,0.020,0.0591,0.1000,0.9661,59,0.070,0.00,0.00,0.00,0.00,0.0000,0.0000,9.96,0.00,49.90,--,--,0.00,SUCCEEDED,2,0.050,2.4810,0.2400,3.8953,0.2538,-0.0210,0.010
65.309,63.902,0.977,GRASP,diverged1,5.7025,0.1078,-0.0603,0.118289,0.077986,0.068524,11.364,29,-0.0400,-0.4624,0.0941,-0.436,0.00000,5.9813,-0.0047,-0.1545,0.0000,0.0000,0.014,0.0300,0.0766,1.0000,59,0.064,0.00,0.00,0.00,0.00,0.0000,0.0000,10.00,0.00,50.00,--,--,0.00,SUCCEEDED,2,0.050,2.4810,0.2400,3.8953,0.2538,-0.0210,0.004
65.409,64.002,0.980,GRASP,diverged1,5.7025,0.1078,-0.0603,0.118289,0.077986,0.068524,11.464,29,-0.0400,-0.4624,0.0941,-0.436,0.00000,5.9813,-0.0047,-0.1545,0.0000,0.0000,0.014,0.0300,0.0766,1.0000,59,0.064,0.00,0.00,0.00,0.00,0.0000,0.0000,9.93,0.00,50.00,--,--,0.00,SUCCEEDED,2,0.050,2.4810,0.2400,3.8953,0.2538,-0.0210,0.004
65.509,64.102,0.984,GRASP,diverged1,5.7025,0.1078,-0.0603,0.118289,0.077986,0.068524,11.564,29,-0.0400,-0.4624,0.0941,-0.436,0.00000,5.9813,-0.0047,-0.1545,0.0000,0.0000,0.014,0.0300,0.0766,1.0000,59,0.064,0.00,0.00,0.00,0.00,0.0000,0.0000,9.96,0.00,50.00,--,--,0.00,SUCCEEDED,2,0.050,2.4810,0.2400,3.8953,0.2538,-0.0210,0.004
65.609,64.202,0.984,GRASP,diverged1,5.7025,0.1078,-0.0603,0.118289,0.077986,0.068524,11.664,29,-0.0400,-0.4624,0.0941,-0.436,0.00000,5.9813,-0.0047,-0.1545,0.0000,0.0000,0.014,0.0300,0.0766,1.0000,59,0.064,0.00,0.00,0.00,0.00,0.0000,0.0000,10.14,0.00,50.00,--,--,0.00,SUCCEEDED,2,0.050,2.4810,0.2400,3.8953,0.2538,-0.0210,0.004
65.710,64.298,0.977,GRASP,diverged1,5.7025,0.1078,-0.0603,0.118289,0.077986,0.068524,11.760,29,-0.0400,-0.4624,0.0941,-0.440,0.00000,5.9813,-0.0047,-0.1545,0.0000,0.0000,0.010,0.0300,0.0766,1.0000,59,0.060,0.00,0.00,0.00,0.00,0.0000,0.0000,10.02,0.00,50.00,--,--,0.00,SUCCEEDED,2,0.050,2.4810,0.2400,3.8953,0.2538,-0.0210,0.000
65.809,64.398,0.979,GRASP,diverged1,5.7025,0.1078,-0.0603,0.118289,0.077986,0.068524,11.860,29,-0.0400,-0.4624,0.0941,-0.440,0.00000,5.9813,-0.0047,-0.1545,0.0000,0.0000,0.010,0.0300,0.0766,1.0000,59,0.060,0.00,0.00,0.00,0.00,0.0000,0.0000,10.20,0.00,50.00,--,--,0.00,SUCCEEDED,2,0.050,2.4810,0.2400,3.8953,0.2538,-0.0210,0.000
65.909,64.498,0.978,GRASP,diverged1,5.7025,0.1078,-0.0603,0.118289,0.077986,0.068524,11.960,29,-0.0400,-0.4624,0.0941,-0.440,0.00000,5.9813,-0.0047,-0.1545,0.0000,0.0000,0.010,0.0300,0.0766,1.0000,59,0.060,0.00,0.00,0.00,0.00,0.0000,0.0000,9.98,0.00,50.10,--,--,0.00,SUCCEEDED,2,0.050,2.4810,0.2400,3.8953,0.2538,-0.0210,0.020
66.009,64.598,0.989,GRASP,diverged1,5.7025,0.1078,-0.0603,0.118289,0.077986,0.068524,12.060,29,-0.0400,-0.4624,0.0941,-0.440,0.00000,5.9813,-0.0047,-0.1545,0.0000,0.0000,0.010,0.0300,0.0766,1.0000,59,0.060,0.00,0.00,0.00,0.00,0.0000,0.0000,9.98,0.00,50.00,--,--,0.00,SUCCEEDED,2,0.050,2.4810,0.2400,3.8953,0.2538,-0.0210,0.000
66.109,64.696,0.986,GRASP,diverged1,5.7025,0.1078,-0.0603,0.118289,0.077986,0.068524,12.158,29,-0.0400,-0.4624,0.0941,-0.442,0.00000,5.9813,-0.0047,-0.1545,0.0000,0.0000,0.008,0.0300,0.0766,1.0000,59,0.058,0.00,0.00,0.00,0.00,0.0000,0.0000,10.00,0.00,50.00,--,--,0.00,SUCCEEDED,2,0.050,2.4810,0.2400,3.8953,0.2538,-0.0210,0.018
66.208,64.796,0.988,GRASP,diverged1,5.7025,0.1078,-0.0603,0.118289,0.077986,0.068524,12.258,29,-0.0400,-0.4624,0.0941,-0.442,0.00000,5.9813,-0.0047,-0.1545,0.0000,0.0000,0.010,0.0300,0.0766,1.0000,59,0.058,0.00,0.00,0.00,0.00,0.0000,0.0000,10.00,0.00,50.00,--,--,0.00,SUCCEEDED,2,0.050,2.4810,0.2400,3.8953,0.2538,-0.0210,0.018
66.308,64.894,0.993,GRASP,diverged1,5.7025,0.1078,-0.0603,0.118289,0.077986,0.068524,12.356,29,-0.0400,-0.4624,0.0941,-0.444,0.00000,5.9813,-0.0047,-0.1545,0.0000,0.0000,0.006,0.0300,0.0766,1.0000,59,0.056,0.00,0.00,0.00,0.00,0.0000,0.0000,10.00,0.00,50.00,--,--,0.00,SUCCEEDED,2,0.050,2.4810,0.2400,3.8953,0.2538,-0.0210,0.016
66.408,64.994,0.992,GRASP,diverged1,5.7025,0.1078,-0.0603,0.118289,0.077986,0.068524,12.456,29,-0.0400,-0.4624,0.0941,-0.444,0.00000,5.9813,-0.0047,-0.1545,0.0000,0.0000,0.006,0.0300,0.0766,1.0000,59,0.056,0.00,0.00,0.00,0.00,0.0000,0.0000,10.02,0.00,50.00,--,--,0.00,SUCCEEDED,2,0.050,2.4810,0.2400,3.8953,0.2538,-0.0210,0.016
66.509,65.094,0.991,GRASP,diverged1,5.7025,0.1078,-0.0603,0.118289,0.077986,0.068524,12.556,29,-0.0400,-0.4624,0.0941,-0.444,0.00000,5.9813,-0.0047,-0.1545,0.0000,0.0000,0.006,0.0300,0.0766,1.0000,59,0.056,0.00,0.00,0.00,0.00,0.0000,0.0000,10.02,0.00,50.00,--,--,0.00,SUCCEEDED,2,0.050,2.4810,0.2400,3.8953,0.2538,-0.0210,0.016
66.608,65.194,0.992,GRASP,diverged1,5.7025,0.1078,-0.0603,0.118289,0.077986,0.068524,12.656,29,-0.0400,-0.4624,0.0941,-0.444,0.00000,5.9813,-0.0047,-0.1545,0.0000,0.0000,0.006,0.0300,0.0766,1.0000,59,0.056,0.00,0.00,0.00,0.00,0.0000,0.0000,9.93,0.00,50.00,--,--,0.00,SUCCEEDED,2,0.050,2.4810,0.2400,3.8953,0.2538,-0.0210,0.016
66.709,65.294,0.996,GRASP,diverged1,5.7025,0.1078,-0.0603,0.118289,0.077986,0.068524,12.756,29,-0.0400,-0.4624,0.0941,-0.444,0.00000,5.9813,-0.0047,-0.1545,0.0000,0.0000,0.006,0.0300,0.0766,1.0000,59,0.056,0.00,0.00,0.00,0.00,0.0000,0.0000,9.93,0.00,49.90,--,--,0.00,SUCCEEDED,2,0.050,2.4810,0.2400,3.8953,0.2538,-0.0210,0.016
66.809,65.392,0.995,GRASP,diverged1,5.7025,0.1078,-0.0603,0.118289,0.077986,0.068524,12.854,29,-0.0400,-0.4624,0.0941,-0.446,0.00000,5.9813,-0.0047,-0.1545,0.0000,0.0000,0.004,0.0300,0.0766,1.0000,59,0.054,0.00,0.00,0.00,0.00,0.0000,0.0000,10.00,0.00,50.00,--,--,0.00,SUCCEEDED,2,0.050,2.4810,0.2400,3.8953,0.2538,-0.0210,0.014
66.908,65.492,0.994,GRASP,diverged1,5.7025,0.1078,-0.0603,0.118289,0.077986,0.068524,12.954,29,-0.0400,-0.4624,0.0941,-0.446,0.00000,5.9813,-0.0047,-0.1545,0.0000,0.0000,0.004,0.0300,0.0766,1.0000,59,0.054,0.00,0.00,0.00,0.00,0.0000,0.0000,10.02,0.00,49.80,--,--,0.00,SUCCEEDED,2,0.050,2.4810,0.2400,3.8953,0.2538,-0.0210,0.014
67.008,65.592,0.994,GRASP,diverged1,5.7025,0.1078,-0.0603,0.118289,0.077986,0.068524,13.054,29,-0.0400,-0.4624,0.0941,-0.446,0.00000,5.9813,-0.0047,-0.1545,0.0000,0.0000,0.006,0.0300,0.0766,1.0000,59,0.054,0.00,0.00,0.00,0.00,0.0000,0.0000,9.98,0.00,50.00,--,--,0.00,SUCCEEDED,2,0.050,2.4810,0.2400,3.8953,0.2538,-0.0210,0.014
67.108,65.692,0.996,GRASP,diverged1,5.7025,0.1078,-0.0603,0.118289,0.077986,0.068524,13.154,29,-0.0400,-0.4624,0.0941,-0.446,0.00000,5.9813,-0.0047,-0.1545,0.0000,0.0000,0.004,0.0300,0.0766,1.0000,59,0.054,0.00,0.00,0.00,0.00,0.0000,0.0000,9.98,0.00,50.00,--,--,0.00,SUCCEEDED,2,0.050,2.4810,0.2400,3.8953,0.2538,-0.0210,0.014
67.209,65.792,0.997,GRASP,diverged1,5.7025,0.1078,-0.0603,0.118289,0.077986,0.068524,13.254,29,-0.0400,-0.4624,0.0941,-0.446,0.00000,5.9813,-0.0047,-0.1545,0.0000,0.0000,0.004,0.0300,0.0766,1.0000,59,0.054,0.00,0.00,0.00,0.00,0.0000,0.0000,10.02,0.00,50.10,--,--,0.00,SUCCEEDED,2,0.050,2.4810,0.2400,3.8953,0.2538,-0.0210,0.014
67.309,65.888,0.993,GRASP,diverged1,5.7025,0.1078,-0.0603,0.118289,0.077986,0.068524,13.350,29,-0.0400,-0.4624,0.0941,-0.450,0.00000,5.9813,-0.0047,-0.1545,0.0000,0.0000,0.000,0.0300,0.0766,1.0000,59,0.050,0.00,0.00,0.00,0.00,0.0000,0.0000,10.02,0.00,50.00,--,--,0.00,SUCCEEDED,2,0.050,2.4810,0.2400,3.8953,0.2538,-0.0210,0.010
67.409,65.992,0.998,GRASP,diverged1,5.7025,0.1078,-0.0603,0.118289,0.077986,0.068524,13.454,29,-0.0400,-0.4624,0.0941,-0.446,0.00000,5.9813,-0.0047,-0.1545,0.0000,0.0000,0.004,0.0300,0.0766,1.0000,59,0.054,0.00,0.00,0.00,0.00,0.0000,0.0000,10.00,0.00,50.00,--,--,0.00,SUCCEEDED,2,0.050,2.4810,0.2400,3.8953,0.2538,-0.0210,0.014
67.508,66.088,0.994,GRASP,diverged1,5.7025,0.1078,-0.0603,0.118289,0.077986,0.068524,13.550,29,-0.0400,-0.4624,0.0941,-0.450,0.00000,5.9813,-0.0047,-0.1545,0.0000,0.0000,0.000,0.0300,0.0766,1.0000,59,0.050,0.00,0.00,0.00,0.00,0.0000,0.0000,10.04,0.00,50.00,--,--,0.00,SUCCEEDED,2,0.050,2.4810,0.2400,3.8953,0.2538,-0.0210,0.010
67.609,66.188,0.994,GRASP,diverged1,5.7025,0.1078,-0.0603,0.118289,0.077986,0.068524,13.650,29,-0.0400,-0.4624,0.0941,-0.450,0.00000,5.9813,-0.0047,-0.1545,0.0000,0.0000,0.020,0.0300,0.0766,1.0000,59,0.050,0.00,0.00,0.00,0.00,0.0000,0.0000,10.09,0.00,49.90,--,--,0.00,SUCCEEDED,2,0.050,2.4810,0.2400,3.8953,0.2538,-0.0210,0.010
67.709,66.286,0.993,GRASP,diverged1,5.7025,0.1078,-0.0603,0.118289,0.077986,0.068524,13.748,29,-0.0400,-0.4624,0.0941,-0.452,0.00000,5.9813,-0.0047,-0.1545,0.0000,0.0000,0.018,0.0300,0.0766,1.0000,59,0.048,0.00,0.00,0.00,0.00,0.0000,0.0000,10.02,0.00,50.00,--,--,0.00,SUCCEEDED,2,0.050,2.4810,0.2400,3.8953,0.2538,-0.0210,0.008
67.809,66.388,0.996,GRASP,diverged1,5.7025,0.1078,-0.0603,0.118289,0.077986,0.068524,13.850,29,-0.0400,-0.4624,0.0941,-0.450,0.00000,5.9813,-0.0047,-0.1545,0.0000,0.0000,0.020,0.0300,0.0766,1.0000,59,0.050,0.00,0.00,0.00,0.00,0.0000,0.0000,10.04,0.00,50.00,--,--,0.00,SUCCEEDED,2,0.050,2.4810,0.2400,3.8953,0.2538,-0.0210,0.010
67.909,66.482,0.989,GRASP,diverged1,5.7025,0.1078,-0.0603,0.118289,0.077986,0.068524,13.944,29,-0.0400,-0.4624,0.0941,-0.456,0.00000,5.9813,-0.0047,-0.1545,0.0000,0.0000,0.014,0.0300,0.0766,1.0000,59,0.044,0.00,0.00,0.00,0.00,0.0000,0.0000,10.02,0.00,50.00,--,--,0.00,SUCCEEDED,2,0.050,2.4810,0.2400,3.8953,0.2538,-0.0210,0.004
68.008,66.584,0.992,GRASP,diverged1,5.7025,0.1078,-0.0603,0.118289,0.077986,0.068524,14.046,29,-0.0400,-0.4624,0.0941,-0.454,0.00000,5.9813,-0.0047,-0.1545,0.0000,0.0000,0.016,0.0300,0.0766,1.0000,59,0.046,0.00,0.00,0.00,0.00,0.0000,0.0000,9.89,0.00,50.00,--,--,0.00,SUCCEEDED,2,0.050,2.4810,0.2400,3.8953,0.2538,-0.0210,0.006
68.109,66.682,0.989,GRASP,diverged1,5.7025,0.1078,-0.0603,0.118289,0.077986,0.068524,14.144,29,-0.0400,-0.4624,0.0941,-0.456,0.00000,5.9813,-0.0047,-0.1545,0.0000,0.0000,0.014,0.0300,0.0766,1.0000,59,0.044,0.00,0.00,0.00,0.00,0.0000,0.0000,9.98,0.00,50.00,--,--,0.00,SUCCEEDED,2,0.050,2.4810,0.2400,3.8953,0.2538,-0.0210,0.004
68.209,66.784,0.995,GRASP,diverged1,5.7025,0.1078,-0.0603,0.118289,0.077986,0.068524,14.246,29,-0.0400,-0.4624,0.0941,-0.454,0.00000,5.9813,-0.0047,-0.1545,0.0000,0.0000,0.016,0.0300,0.0766,1.0000,59,0.046,0.00,0.00,0.00,0.00,0.0000,0.0000,9.89,0.00,50.00,--,--,0.00,SUCCEEDED,2,0.050,2.4810,0.2400,3.8953,0.2538,-0.0210,0.006
68.309,66.878,0.990,GRASP,diverged1,5.7025,0.1078,-0.0603,0.118289,0.077986,0.068524,14.340,29,-0.0400,-0.4624,0.0941,-0.460,0.00000,5.9813,-0.0047,-0.1545,0.0000,0.0000,0.010,0.0300,0.0766,1.0000,59,0.040,0.00,0.00,0.00,0.00,0.0000,0.0000,9.98,0.00,50.00,--,--,0.00,SUCCEEDED,2,0.050,2.4810,0.2400,3.8953,0.2538,-0.0210,0.020
68.409,66.972,0.982,GRASP,diverged1,5.7025,0.1078,-0.0603,0.118289,0.077986,0.068524,14.434,29,-0.0400,-0.4624,0.0941,-0.466,0.00000,5.9813,-0.0047,-0.1545,0.0000,0.0000,0.004,0.0300,0.0766,1.0000,59,0.034,0.00,0.00,0.00,0.00,0.0000,0.0000,10.02,0.00,49.90,--,--,0.00,SUCCEEDED,2,0.050,2.4810,0.2400,3.8953,0.2538,-0.0210,0.014
68.509,67.072,0.982,GRASP,diverged1,5.7025,0.1078,-0.0603,0.118289,0.077986,0.068524,14.534,29,-0.0400,-0.4624,0.0941,-0.466,0.00000,5.9813,-0.0047,-0.1545,0.0000,0.0000,0.006,0.0300,0.0766,1.0000,59,0.034,0.00,0.00,0.00,0.00,0.0000,0.0000,9.93,0.00,50.00,--,--,0.00,SUCCEEDED,2,0.050,2.4810,0.2400,3.8953,0.2538,-0.0210,0.014
68.609,67.166,0.978,GRASP,diverged1,5.7025,0.1078,-0.0603,0.118289,0.077986,0.068524,14.628,29,-0.0400,-0.4624,0.0941,-0.472,0.00000,5.9813,-0.0047,-0.1545,0.0000,0.0000,0.018,0.0300,0.0766,1.0000,59,0.028,0.00,0.00,0.00,0.00,0.0000,0.0000,10.00,0.00,50.10,--,--,0.00,SUCCEEDED,2,0.050,2.4810,0.2400,3.8953,0.2538,-0.0210,0.008
68.709,67.266,0.980,GRASP,diverged1,5.7025,0.1078,-0.0603,0.118289,0.077986,0.068524,14.728,29,-0.0400,-0.4624,0.0941,-0.472,0.00000,5.9813,-0.0047,-0.1545,0.0000,0.0000,0.018,0.0300,0.0766,1.0000,59,0.028,0.00,0.00,0.00,0.00,0.0000,0.0000,9.93,0.00,50.00,--,--,0.00,SUCCEEDED,2,0.050,2.4810,0.2400,3.8953,0.2538,-0.0210,0.008
68.809,67.362,0.978,GRASP,diverged1,5.7025,0.1078,-0.0603,0.118289,0.077986,0.068524,14.824,29,-0.0400,-0.4624,0.0941,-0.476,0.00000,5.9813,-0.0047,-0.1545,0.0000,0.0000,0.014,0.0300,0.0766,1.0000,59,0.024,0.00,0.00,0.00,0.00,0.0000,0.0000,10.00,0.00,50.00,--,--,0.00,SUCCEEDED,2,0.050,2.4810,0.2400,3.8953,0.2538,-0.0210,0.004
68.909,67.462,0.975,GRASP,diverged1,5.7025,0.1078,-0.0603,0.118289,0.077986,0.068524,14.924,29,-0.0400,-0.4624,0.0941,-0.476,0.00000,5.9813,-0.0047,-0.1545,0.0000,0.0000,0.014,0.0300,0.0766,1.0000,59,0.024,0.00,0.00,0.00,0.00,0.0000,0.0000,10.09,0.00,49.80,--,--,0.00,SUCCEEDED,2,0.050,2.4810,0.2400,3.8953,0.2538,-0.0210,0.004
69.008,67.556,0.971,GRASP,diverged1,5.7025,0.1078,-0.0603,0.118289,0.077986,0.068524,15.018,29,-0.0400,-0.4624,0.0941,-0.482,0.00000,5.9813,-0.0047,-0.1545,0.0000,0.0000,0.008,0.0300,0.0766,1.0000,59,0.018,0.00,0.00,0.00,0.00,0.0000,0.0000,10.12,0.00,50.00,--,--,0.00,SUCCEEDED,2,0.050,2.4810,0.2400,3.8953,0.2538,-0.0210,0.018
69.109,67.656,0.974,GRASP,diverged1,5.7025,0.1078,-0.0603,0.118289,0.077986,0.068524,15.118,29,-0.0400,-0.4624,0.0941,-0.482,0.00000,5.9813,-0.0047,-0.1545,0.0000,0.0000,0.008,0.0300,0.0766,1.0000,59,0.018,0.00,0.00,0.00,0.00,0.0000,0.0000,10.11,0.00,50.00,--,--,0.00,SUCCEEDED,2,0.050,2.4810,0.2400,3.8953,0.2538,-0.0210,0.018
69.209,67.752,0.968,GRASP,diverged1,5.7025,0.1078,-0.0603,0.118289,0.077986,0.068524,15.214,29,-0.0400,-0.4624,0.0941,-0.486,0.00000,5.9813,-0.0047,-0.1545,0.0000,0.0000,0.004,0.0300,0.0766,1.0000,59,0.014,0.00,0.00,0.00,0.00,0.0000,0.0000,10.10,0.00,49.90,--,--,0.00,SUCCEEDED,2,0.050,2.4810,0.2400,3.8953,0.2538,-0.0210,0.014
69.309,67.852,0.978,GRASP,diverged1,5.7025,0.1078,-0.0603,0.118289,0.077986,0.068524,15.314,29,-0.0400,-0.4624,0.0941,-0.486,0.00000,5.9813,-0.0047,-0.1545,0.0000,0.0000,0.004,0.0300,0.0766,1.0000,59,0.014,0.00,0.00,0.00,0.00,0.0000,0.0000,10.00,0.00,50.00,--,--,0.00,SUCCEEDED,2,0.050,2.4810,0.2400,3.8953,0.2538,-0.0210,0.014
69.409,67.952,0.977,GRASP,diverged1,5.7025,0.1078,-0.0603,0.118289,0.077986,0.068524,15.414,29,-0.0400,-0.4624,0.0941,-0.386,0.00000,5.9813,-0.0047,-0.1545,0.0000,0.0000,0.004,0.0300,0.0766,1.0000,59,0.014,0.00,0.00,0.00,0.00,0.0000,0.0000,10.00,0.00,50.10,--,--,0.00,SUCCEEDED,2,0.050,2.4810,0.2400,3.8953,0.2538,-0.0210,0.014
69.509,68.016,0.944,GRASP,diverged1,5.7025,0.1078,-0.0603,0.118289,0.077986,0.068524,15.478,29,-0.0400,-0.4624,0.0941,-0.422,0.00000,5.9813,-0.0047,-0.1545,0.0000,0.0000,0.012,0.0300,0.0766,1.0000,59,0.078,0.00,0.00,0.00,0.00,0.0000,0.0000,10.00,0.00,50.31,--,--,0.00,SUCCEEDED,2,0.050,2.4810,0.2400,3.8953,0.2538,-0.0210,0.018
69.609,68.036,0.855,GRASP,diverged1,5.7025,0.1078,-0.0603,0.118289,0.077986,0.068524,15.498,29,-0.0400,-0.4624,0.0941,-0.402,0.00000,5.9813,-0.0047,-0.1545,0.0000,0.0000,0.008,0.0300,0.0766,1.0000,59,0.098,0.00,0.00,0.00,0.00,0.0000,0.0000,10.00,0.00,50.00,--,--,0.00,SUCCEEDED,2,0.050,2.4810,0.2400,3.8953,0.2538,-0.0210,0.018
69.708,68.120,0.854,GRASP,diverged1,5.7025,0.1078,-0.0603,0.118289,0.077986,0.068524,15.582,29,-0.0400,-0.4624,0.0941,-0.418,0.00000,5.9813,-0.0047,-0.1545,0.0000,0.0000,0.012,0.0300,0.0766,1.0000,59,0.082,0.00,0.00,0.00,0.00,0.0000,0.0000,10.00,0.00,50.00,--,--,0.00,SUCCEEDED,2,0.050,2.4810,0.2400,3.8953,0.2538,-0.0210,0.002
69.809,68.220,0.842,GRASP,diverged1,5.7025,0.1078,-0.0603,0.118289,0.077986,0.068524,15.682,29,-0.0400,-0.4624,0.0941,-0.418,0.00000,5.9813,-0.0047,-0.1545,0.0000,0.0000,0.018,0.0300,0.0766,1.0000,59,0.082,0.00,0.00,0.00,0.00,0.0000,0.0000,10.02,0.00,50.10,--,--,0.00,SUCCEEDED,2,0.050,2.4810,0.2400,3.8953,0.2538,-0.0210,0.002
69.909,68.320,0.858,GRASP,diverged1,5.7025,0.1078,-0.0603,0.118289,0.077986,0.068524,15.782,29,-0.0400,-0.4624,0.0941,-0.418,0.00000,5.9813,-0.0047,-0.1545,0.0000,0.0000,0.012,0.0300,0.0766,1.0000,59,0.082,0.00,0.00,0.00,0.00,0.0000,0.0000,10.00,0.00,50.00,--,--,0.00,SUCCEEDED,2,0.050,2.4810,0.2400,3.8953,0.2538,-0.0210,0.002
70.009,68.418,0.846,GRASP,diverged1,5.7025,0.1078,-0.0603,0.118289,0.077986,0.068524,15.880,29,-0.0400,-0.4624,0.0941,-0.420,0.00000,5.9813,-0.0047,-0.1545,0.0000,0.0000,0.010,0.0300,0.0766,1.0000,59,0.080,0.00,0.00,0.00,0.00,0.0000,0.0000,10.04,0.00,50.00,--,--,0.00,SUCCEEDED,2,0.050,2.4810,0.2400,3.8953,0.2538,-0.0210,0.020
70.109,68.518,0.851,GRASP,diverged1,5.7025,0.1078,-0.0603,0.118289,0.077986,0.068524,15.980,29,-0.0400,-0.4624,0.0941,-0.420,0.00000,5.9813,-0.0047,-0.1545,0.0000,0.0000,0.010,0.0300,0.0766,1.0000,59,0.080,0.00,0.00,0.00,0.00,0.0000,0.0000,9.93,0.00,50.00,--,--,0.00,SUCCEEDED,2,0.050,2.4810,0.2400,3.8953,0.2538,-0.0210,0.020
70.209,68.616,0.864,GRASP,diverged1,5.7025,0.1078,-0.0603,0.118289,0.077986,0.068524,16.078,29,-0.0400,-0.4624,0.0941,-0.422,0.00000,5.9813,-0.0047,-0.1545,0.0000,0.0000,0.008,0.0300,0.0766,1.0000,59,0.078,0.00,0.00,0.00,0.00,0.0000,0.0000,10.02,0.00,50.00,--,--,0.00,SUCCEEDED,2,0.050,2.4810,0.2400,3.8953,0.2538,-0.0210,0.018
70.309,68.716,0.849,GRASP,diverged1,5.7025,0.1078,-0.0603,0.118289,0.077986,0.068524,16.178,29,-0.0400,-0.4624,0.0941,-0.422,0.00000,5.9813,-0.0047,-0.1545,0.0000,0.0000,0.008,0.0300,0.0766,1.0000,59,0.078,0.00,0.00,0.00,0.00,0.0000,0.0000,9.93,0.00,50.00,--,--,0.00,SUCCEEDED,2,0.050,2.4810,0.2400,3.8953,0.2538,-0.0210,0.018
70.409,68.814,0.862,GRASP,diverged1,5.7025,0.1078,-0.0603,0.118289,0.077986,0.068524,16.276,29,-0.0400,-0.4624,0.0941,-0.424,0.00000,5.9813,-0.0047,-0.1545,0.0000,-0.0000,0.006,0.0300,0.0766,1.0000,59,0.076,0.00,0.00,0.00,0.00,0.0000,0.0000,9.96,0.00,50.00,--,--,0.00,SUCCEEDED,2,0.050,2.4810,0.2400,3.8953,0.2538,-0.0210,0.016
70.509,68.914,0.976,GRASP,diverged1,5.7025,0.1078,-0.0603,0.118289,0.077986,0.068524,16.376,29,-0.0400,-0.4624,0.0941,-0.424,0.00000,5.9813,-0.0047,-0.1545,0.0000,-0.0000,0.006,0.0300,0.0766,1.0000,59,0.076,0.00,0.00,0.00,0.00,0.0000,0.0000,10.04,0.00,50.00,--,--,0.00,SUCCEEDED,2,0.050,2.4810,0.2400,3.8953,0.2538,-0.0210,0.016
70.609,69.012,0.976,GRASP,diverged1,5.7025,0.1078,-0.0603,0.118289,0.077986,0.068524,16.474,29,-0.0400,-0.4624,0.0941,-0.426,0.00000,5.9813,-0.0047,-0.1545,0.0000,0.0000,0.004,0.0300,0.0766,1.0000,59,0.074,0.00,0.00,0.00,0.00,0.0000,0.0000,9.98,0.00,50.00,--,--,0.00,SUCCEEDED,2,0.050,2.4810,0.2400,3.8953,0.2538,-0.0210,0.014
70.709,69.112,0.991,GRASP,diverged1,5.7025,0.1078,-0.0603,0.118289,0.077986,0.068524,16.574,29,-0.0400,-0.4624,0.0941,-0.426,0.00000,5.9813,-0.0047,-0.1545,0.0000,0.0000,0.004,0.0300,0.0766,1.0000,59,0.074,0.00,0.00,0.00,0.00,0.0000,0.0000,10.00,0.00,50.10,--,--,0.00,SUCCEEDED,2,0.050,2.4810,0.2400,3.8953,0.2538,-0.0210,0.014
70.809,69.202,0.980,GRASP,diverged1,5.7025,0.1078,-0.0603,0.118289,0.077986,0.068524,16.664,29,-0.0400,-0.4624,0.0941,-0.436,0.00000,5.9813,-0.0047,-0.1545,0.0000,0.0000,0.014,0.0300,0.0766,1.0000,59,0.064,0.00,0.00,0.00,0.00,0.0000,0.0000,10.00,0.00,49.90,--,--,0.00,SUCCEEDED,2,0.050,2.4810,0.2400,3.8953,0.2538,-0.0210,0.004
70.908,69.302,0.982,GRASP,diverged1,5.7025,0.1078,-0.0603,0.118289,0.077986,0.068524,16.764,29,-0.0400,-0.4624,0.0941,-0.436,0.00000,5.9813,-0.0047,-0.1545,0.0000,0.0000,0.014,0.0300,0.0766,1.0000,59,0.064,0.00,0.00,0.00,0.00,0.0000,0.0000,10.00,0.00,50.00,--,--,0.00,SUCCEEDED,2,0.050,2.4810,0.2400,3.8953,0.2538,-0.0210,0.004
71.010,69.400,0.979,GRASP,diverged1,5.7025,0.1078,-0.0603,0.118289,0.077986,0.068524,16.862,29,-0.0400,-0.4624,0.0941,-0.438,0.00000,5.9813,-0.0047,-0.1545,0.0000,0.0000,0.012,0.0300,0.0766,1.0000,59,0.062,0.00,0.00,0.00,0.00,0.0000,0.0000,10.04,0.00,50.00,--,--,0.00,SUCCEEDED,2,0.050,2.4810,0.2400,3.8953,0.2538,-0.0210,0.002
71.109,69.498,0.980,GRASP,diverged1,5.7025,0.1078,-0.0603,0.118289,0.077986,0.068524,16.960,29,-0.0400,-0.4624,0.0941,-0.440,0.00000,5.9813,-0.0047,-0.1545,0.0000,0.0000,0.010,0.0300,0.0766,1.0000,59,0.060,0.00,0.00,0.00,0.00,0.0000,0.0000,10.00,0.00,50.00,--,--,0.00,SUCCEEDED,2,0.050,2.4810,0.2400,3.8953,0.2538,-0.0210,0.020
71.209,69.598,0.980,GRASP,diverged1,5.7025,0.1078,-0.0603,0.118289,0.077986,0.068524,17.060,29,-0.0400,-0.4624,0.0941,-0.440,0.00000,5.9813,-0.0047,-0.1545,0.0000,0.0000,0.010,0.0300,0.0766,1.0000,59,0.060,0.00,0.00,0.00,0.00,0.0000,0.0000,10.04,0.00,50.00,--,--,0.00,SUCCEEDED,2,0.050,2.4810,0.2400,3.8953,0.2538,-0.0210,0.020
71.309,69.692,0.977,GRASP,diverged1,5.7025,0.1078,-0.0603,0.118289,0.077986,0.068524,17.154,29,-0.0400,-0.4624,0.0941,-0.446,0.00000,5.9813,-0.0047,-0.1545,0.0000,0.0000,0.004,0.0300,0.0766,1.0000,59,0.054,0.00,0.00,0.00,0.00,0.0000,0.0000,10.09,0.00,50.00,--,--,0.00,SUCCEEDED,2,0.050,2.4810,0.2400,3.8953,0.2538,-0.0210,0.014
71.409,69.792,0.978,GRASP,diverged1,5.7025,0.1078,-0.0603,0.118289,0.077986,0.068524,17.254,29,-0.0400,-0.4624,0.0941,-0.446,0.00000,5.9813,-0.0047,-0.1545,0.0000,0.0000,0.008,0.0300,0.0766,1.0000,59,0.054,0.00,0.00,0.00,0.00,0.0000,0.0000,10.00,0.00,50.20,--,--,0.00,SUCCEEDED,2,0.050,2.4810,0.2400,3.8953,0.2538,-0.0210,0.014
71.509,69.890,0.976,GRASP,diverged1,5.7025,0.1078,-0.0603,0.118289,0.077986,0.068524,17.352,29,-0.0400,-0.4624,0.0941,-0.448,0.00000,5.9813,-0.0047,-0.1545,0.0000,0.0000,0.002,0.0300,0.0766,1.0000,59,0.052,0.00,0.00,0.00,0.00,0.0000,0.0000,9.89,0.00,50.00,--,--,0.00,SUCCEEDED,2,0.050,2.4810,0.2400,3.8953,0.2538,-0.0210,0.012
71.609,69.988,0.977,GRASP,diverged1,5.7025,0.1078,-0.0603,0.118289,0.077986,0.068524,17.450,29,-0.0400,-0.4624,0.0941,-0.450,0.00000,5.9813,-0.0047,-0.1545,0.0000,0.0000,0.020,0.0300,0.0766,1.0000,59,0.050,0.00,0.00,0.00,0.00,0.0000,0.0000,9.98,0.00,50.00,--,--,0.00,SUCCEEDED,2,0.050,2.4810,0.2400,3.8953,0.2538,-0.0210,0.010
71.708,70.086,0.975,GRASP,diverged1,5.7025,0.1078,-0.0603,0.118289,0.077986,0.068524,17.548,29,-0.0400,-0.4624,0.0941,-0.452,0.00000,5.9813,-0.0047,-0.1545,0.0000,0.0000,0.018,0.0300,0.0766,1.0000,59,0.048,0.00,0.00,0.00,0.00,0.0000,0.0000,9.87,0.00,50.00,--,--,0.00,SUCCEEDED,2,0.050,2.4810,0.2400,3.8953,0.2538,-0.0210,0.008
71.809,70.180,0.978,GRASP,diverged1,5.7025,0.1078,-0.0603,0.118289,0.077986,0.068524,17.642,29,-0.0400,-0.4624,0.0941,-0.458,0.00000,5.9813,-0.0047,-0.1545,0.0000,0.0000,0.012,0.0300,0.0766,1.0000,59,0.042,0.00,0.00,0.00,0.00,0.0000,0.0000,9.98,0.00,50.10,--,--,0.00,SUCCEEDED,2,0.050,2.4810,0.2400,3.8953,0.2538,-0.0210,0.002
71.909,70.262,0.958,GRASP,diverged1,5.7025,0.1078,-0.0603,0.118289,0.077986,0.068524,17.724,29,-0.0400,-0.4624,0.0941,-0.476,0.00000,5.9813,-0.0047,-0.1545,0.0000,0.0000,0.014,0.0300,0.0766,1.0000,59,0.024,0.00,0.00,0.00,0.00,0.0000,0.0000,10.00,0.00,50.00,--,--,0.00,SUCCEEDED,2,0.050,2.4810,0.2400,3.8953,0.2538,-0.0210,0.004
72.009,70.360,0.961,GRASP,diverged1,5.7025,0.1078,-0.0603,0.118289,0.077986,0.068524,17.822,29,-0.0400,-0.4624,0.0941,-0.478,0.00000,5.9813,-0.0047,-0.1545,0.0000,0.0000,0.012,0.0300,0.0766,1.0000,59,0.022,0.00,0.00,0.00,0.00,0.0000,0.0000,9.96,0.00,50.00,--,--,0.00,SUCCEEDED,2,0.050,2.4810,0.2400,3.8953,0.2538,-0.0210,0.002
72.109,70.452,0.949,GRASP,diverged1,5.7025,0.1078,-0.0603,0.118289,0.077986,0.068524,17.914,29,-0.0400,-0.4624,0.0941,-0.486,0.00000,5.9813,-0.0047,-0.1545,0.0000,0.0000,0.004,0.0300,0.0766,1.0000,59,0.014,0.00,0.00,0.00,0.00,0.0000,0.0000,10.00,0.00,50.00,--,--,0.00,SUCCEEDED,2,0.050,2.4810,0.2400,3.8953,0.2538,-0.0210,0.014
72.208,70.552,0.954,GRASP,diverged1,5.7025,0.1078,-0.0603,0.118289,0.077986,0.068524,18.014,29,-0.0400,-0.4624,0.0941,-0.486,0.00000,5.9813,-0.0047,-0.1545,0.0000,0.0000,0.004,0.0300,0.0766,1.0000,59,0.014,0.00,0.00,0.00,0.00,0.0000,0.0000,9.96,0.00,50.00,--,--,0.00,SUCCEEDED,2,0.050,2.4810,0.2400,3.8953,0.2538,-0.0210,0.014
72.309,70.644,0.947,GRASP,diverged1,5.7025,0.1078,-0.0603,0.118289,0.077986,0.068524,18.106,29,-0.0400,-0.4624,0.0941,-0.394,0.00000,5.9813,-0.0047,-0.1545,0.0000,0.0000,0.016,0.0300,0.0766,1.0000,59,0.106,0.00,0.00,0.00,0.00,0.0000,0.0000,10.00,0.00,50.00,--,--,0.00,SUCCEEDED,2,0.050,2.4810,0.2400,3.8953,0.2538,-0.0210,0.006
72.408,70.742,0.950,GRASP,diverged1,5.7025,0.1078,-0.0603,0.118289,0.077986,0.068524,18.204,29,-0.0400,-0.4624,0.0941,-0.396,0.00000,5.9813,-0.0047,-0.1545,0.0000,0.0000,0.016,0.0300,0.0766,1.0000,59,0.104,0.00,0.00,0.00,0.00,0.0000,0.0000,10.00,0.00,50.00,--,--,0.00,SUCCEEDED,2,0.050,2.4810,0.2400,3.8953,0.2538,-0.0210,0.004
72.509,70.838,0.948,GRASP,diverged1,5.7025,0.1078,-0.0603,0.118289,0.077986,0.068524,18.300,29,-0.0400,-0.4624,0.0941,-0.400,0.00000,5.9813,-0.0047,-0.1545,0.0000,0.0000,0.010,0.0300,0.0766,1.0000,59,0.100,0.00,0.00,0.00,0.00,0.0000,0.0000,10.11,0.00,50.10,--,--,0.00,SUCCEEDED,2,0.050,2.4810,0.2400,3.8953,0.2538,-0.0210,0.000
72.609,70.938,0.946,GRASP,diverged1,5.7025,0.1078,-0.0603,0.118289,0.077986,0.068524,18.400,29,-0.0400,-0.4624,0.0941,-0.400,0.00000,5.9813,-0.0047,-0.1545,0.0000,0.0000,0.010,0.0300,0.0766,1.0000,59,0.100,0.00,0.00,0.00,0.00,0.0000,0.0000,10.02,0.00,50.00,--,--,0.00,SUCCEEDED,2,0.050,2.4810,0.2400,3.8953,0.2538,-0.0210,0.020
72.709,71.038,0.953,GRASP,diverged1,5.7025,0.1078,-0.0603,0.118289,0.077986,0.068524,18.500,29,-0.0400,-0.4624,0.0941,-0.400,0.00000,5.9813,-0.0047,-0.1545,0.0000,0.0000,0.010,0.0300,0.0766,1.0000,59,0.100,0.00,0.00,0.00,0.00,0.0000,0.0000,10.16,0.00,50.00,--,--,0.00,SUCCEEDED,2,0.050,2.4810,0.2400,3.8953,0.2538,-0.0210,0.020
72.809,71.140,0.976,GRASP,diverged1,5.7025,0.1078,-0.0603,0.118289,0.077986,0.068524,18.602,29,-0.0400,-0.4624,0.0941,-0.398,0.00000,5.9813,-0.0047,-0.1545,0.0000,0.0000,0.012,0.0300,0.0766,1.0000,59,0.102,0.00,0.00,0.00,0.00,0.0000,0.0000,10.00,0.00,50.00,--,--,0.00,SUCCEEDED,2,0.050,2.4810,0.2400,3.8953,0.2538,-0.0210,0.002
72.909,71.238,0.977,GRASP,diverged1,5.7025,0.1078,-0.0603,0.118289,0.077986,0.068524,18.700,29,-0.0400,-0.4624,0.0941,-0.400,0.00000,5.9813,-0.0047,-0.1545,0.0000,0.0000,0.010,0.0300,0.0766,1.0000,59,0.100,0.00,0.00,0.00,0.00,0.0000,0.0000,10.00,0.00,50.00,--,--,0.00,SUCCEEDED,2,0.050,2.4810,0.2400,3.8953,0.2538,-0.0210,0.020
73.009,71.338,0.978,GRASP,diverged1,5.7025,0.1078,-0.0603,0.118289,0.077986,0.068524,18.800,29,-0.0400,-0.4624,0.0941,-0.400,0.00000,5.9813,-0.0047,-0.1545,0.0000,0.0000,0.010,0.0300,0.0766,1.0000,59,0.100,0.00,0.00,0.00,0.00,0.0000,0.0000,9.98,0.00,50.00,--,--,0.00,SUCCEEDED,2,0.050,2.4810,0.2400,3.8953,0.2538,-0.0210,0.000
73.108,71.438,0.986,GRASP,diverged1,5.7025,0.1078,-0.0603,0.118289,0.077986,0.068524,18.900,29,-0.0400,-0.4624,0.0941,-0.400,0.00000,5.9813,-0.0047,-0.1545,0.0000,0.0000,0.010,0.0300,0.0766,1.0000,59,0.100,0.00,0.00,0.00,0.00,0.0000,0.0000,10.02,0.00,50.00,--,--,0.00,SUCCEEDED,2,0.050,2.4810,0.2400,3.8953,0.2538,-0.0210,0.020
73.209,71.540,0.995,GRASP,diverged1,5.7025,0.1078,-0.0603,0.118289,0.077986,0.068524,19.002,29,-0.0400,-0.4624,0.0941,-0.398,0.00000,5.9813,-0.0047,-0.1545,0.0000,0.0000,0.012,0.0300,0.0766,1.0000,59,0.102,0.00,0.00,0.00,0.00,0.0000,0.0000,9.93,0.00,50.00,--,--,0.00,SUCCEEDED,2,0.050,2.4810,0.2400,3.8953,0.2538,-0.0210,0.002
73.309,71.636,0.993,GRASP,diverged1,5.7025,0.1078,-0.0603,0.118289,0.077986,0.068524,19.098,29,-0.0400,-0.4624,0.0941,-0.402,0.00000,5.9813,-0.0047,-0.1545,0.0000,0.0000,0.008,0.0300,0.0766,1.0000,59,0.098,0.00,0.00,0.00,0.00,0.0000,0.0000,9.98,0.00,50.00,--,--,0.00,SUCCEEDED,2,0.050,2.4810,0.2400,3.8953,0.2538,-0.0210,0.018
73.409,71.738,1.000,GRASP,diverged1,5.7025,0.1078,-0.0603,0.118289,0.077986,0.068524,19.200,29,-0.0400,-0.4624,0.0941,-0.400,0.00000,5.9813,-0.0047,-0.1545,0.0000,0.0000,0.010,0.0300,0.0766,1.0000,59,0.100,0.00,0.00,0.00,0.00,0.0000,0.0000,9.98,0.00,50.00,--,--,0.00,SUCCEEDED,2,0.050,2.4810,0.2400,3.8953,0.2538,-0.0210,0.000
73.510,71.838,0.999,GRASP,diverged1,5.7025,0.1078,-0.0603,0.118289,0.077986,0.068524,19.300,29,-0.0400,-0.4624,0.0941,-0.400,0.00000,5.9813,-0.0047,-0.1545,0.0000,0.0000,0.010,0.0300,0.0766,1.0000,59,0.100,0.00,0.00,0.00,0.00,0.0000,0.0000,10.00,0.00,50.00,--,--,0.00,SUCCEEDED,2,0.050,2.4810,0.2400,3.8953,0.2538,-0.0210,0.000
73.609,71.940,1.002,GRASP,diverged1,5.7025,0.1078,-0.0603,0.118289,0.077986,0.068524,19.402,29,-0.0400,-0.4624,0.0941,-0.398,0.00000,5.9813,-0.0047,-0.1545,0.0000,0.0000,0.012,0.0300,0.0766,1.0000,59,0.102,0.00,0.00,0.00,0.00,0.0000,0.0000,9.93,0.00,50.00,--,--,0.00,SUCCEEDED,2,0.050,2.4810,0.2400,3.8953,0.2538,-0.0210,0.002
73.709,72.038,0.998,GRASP,diverged1,5.7025,0.1078,-0.0603,0.118289,0.077986,0.068524,19.500,29,-0.0400,-0.4624,0.0941,-0.400,0.00000,5.9813,-0.0047,-0.1545,0.0000,0.0000,0.010,0.0300,0.0766,1.0000,59,0.100,0.00,0.00,0.00,0.00,0.0000,0.0000,10.00,0.00,50.00,--,--,0.00,SUCCEEDED,2,0.050,2.4810,0.2400,3.8953,0.2538,-0.0210,0.020
73.809,72.140,1.000,GRASP,diverged1,5.7025,0.1078,-0.0603,0.118289,0.077986,0.068524,19.602,29,-0.0400,-0.4624,0.0941,-0.398,0.00000,5.9813,-0.0047,-0.1545,0.0000,0.0000,0.012,0.0300,0.0766,1.0000,59,0.102,0.00,0.00,0.00,0.00,0.0000,0.0000,9.98,0.00,49.90,--,--,0.00,SUCCEEDED,2,0.050,2.4810,0.2400,3.8953,0.2538,-0.0210,0.002
73.909,72.238,1.000,GRASP,diverged1,5.7025,0.1078,-0.0603,0.118289,0.077986,0.068524,19.700,29,-0.0400,-0.4624,0.0941,-0.400,0.00000,5.9813,-0.0047,-0.1545,0.0000,0.0000,0.010,0.0300,0.0766,1.0000,59,0.100,0.00,0.00,0.00,0.00,0.0000,0.0000,10.04,0.00,50.00,--,--,0.00,SUCCEEDED,2,0.050,2.4810,0.2400,3.8953,0.2538,-0.0210,0.000
74.009,72.340,1.002,GRASP,diverged1,5.7025,0.1078,-0.0603,0.118289,0.077986,0.068524,19.802,29,-0.0400,-0.4624,0.0941,-0.398,0.00000,5.9813,-0.0047,-0.1545,0.0000,0.0000,0.012,0.0300,0.0766,1.0000,59,0.102,0.00,0.00,0.00,0.00,0.0000,0.0000,9.93,0.00,49.90,--,--,0.00,SUCCEEDED,2,0.050,2.4810,0.2400,3.8953,0.2538,-0.0210,0.002
74.109,72.438,0.998,GRASP,diverged1,5.7025,0.1078,-0.0603,0.118289,0.077986,0.068524,19.900,29,-0.0400,-0.4624,0.0941,-0.400,0.00000,5.9813,-0.0047,-0.1545,0.0000,0.0000,0.012,0.0300,0.0766,1.0000,59,0.100,0.00,0.00,0.00,0.00,0.0000,0.0000,10.07,0.00,50.20,--,--,0.00,SUCCEEDED,2,0.050,2.4810,0.2400,3.8953,0.2538,-0.0210,0.000
74.209,72.538,0.998,GRASP,diverged1,5.7025,0.1078,-0.0603,0.118289,0.077986,0.068524,20.000,29,-0.0400,-0.4624,0.0941,-0.400,0.00000,5.9813,-0.0047,-0.1545,0.0000,0.0000,0.010,0.0300,0.0766,1.0000,59,0.100,0.00,0.00,0.00,0.00,0.0000,0.0000,10.00,0.00,50.00,--,--,0.00,SUCCEEDED,2,0.050,2.4810,0.2400,3.8953,0.2538,-0.0210,0.000
74.309,72.638,1.000,GRASP,diverged1,5.7025,0.1078,-0.0603,0.118289,0.077986,0.068524,20.100,29,-0.0400,-0.4624,0.0941,-0.400,0.00000,5.9813,-0.0047,-0.1545,0.0000,0.0000,0.012,0.0300,0.0766,1.0000,59,0.100,0.00,0.00,0.00,0.00,0.0000,0.0000,10.04,0.00,50.10,--,--,0.00,SUCCEEDED,2,0.050,2.4810,0.2400,3.8953,0.2538,-0.0210,0.000
74.409,72.740,1.002,GRASP,diverged1,5.7025,0.1078,-0.0603,0.118289,0.077986,0.068524,20.202,29,-0.0400,-0.4624,0.0941,-0.398,0.00000,5.9813,-0.0047,-0.1545,0.0000,0.0000,0.012,0.0300,0.0766,1.0000,59,0.102,0.00,0.00,0.00,0.00,0.0000,0.0000,9.98,0.00,50.00,--,--,0.00,SUCCEEDED,2,0.050,2.4810,0.2400,3.8953,0.2538,-0.0210,0.002
74.510,72.838,1.000,GRASP,diverged1,5.7025,0.1078,-0.0603,0.118289,0.077986,0.068524,20.300,29,-0.0400,-0.4624,0.0941,-0.400,0.00000,5.9813,-0.0047,-0.1545,0.0000,0.0000,0.014,0.0300,0.0766,1.0000,59,0.100,0.00,0.00,0.00,0.00,0.0000,0.0000,10.09,0.00,49.90,--,--,0.00,SUCCEEDED,2,0.050,2.4810,0.2400,3.8953,0.2538,-0.0210,0.000
74.609,72.940,1.000,GRASP,diverged1,5.7025,0.1078,-0.0603,0.118289,0.077986,0.068524,20.402,29,-0.0400,-0.4624,0.0941,-0.398,0.00000,5.9813,-0.0047,-0.1545,0.0000,0.0000,0.012,0.0300,0.0766,1.0000,59,0.102,0.00,0.00,0.00,0.00,0.0000,0.0000,10.02,0.00,50.00,--,--,0.00,SUCCEEDED,2,0.050,2.4810,0.2400,3.8953,0.2538,-0.0210,0.002
74.709,73.038,1.000,GRASP,diverged1,5.7025,0.1078,-0.0603,0.118289,0.077986,0.068524,20.500,29,-0.0400,-0.4624,0.0941,-0.400,0.00000,5.9813,-0.0047,-0.1545,0.0000,0.0000,0.016,0.0300,0.0766,1.0000,59,0.100,0.00,0.00,0.00,0.00,0.0000,0.0000,10.09,0.00,50.41,--,--,0.00,SUCCEEDED,2,0.050,2.4810,0.2400,3.8953,0.2538,-0.0210,0.000
74.809,73.140,1.002,GRASP,diverged1,5.7025,0.1078,-0.0603,0.118289,0.077986,0.068524,20.602,29,-0.0400,-0.4624,0.0941,-0.398,0.00000,5.9813,-0.0047,-0.1545,0.0000,0.0000,0.012,0.0300,0.0766,1.0000,59,0.102,0.00,0.00,0.00,0.00,0.0000,0.0000,10.00,0.00,50.00,--,--,0.00,SUCCEEDED,2,0.050,2.4810,0.2400,3.8953,0.2538,-0.0210,0.002
74.909,73.238,0.998,GRASP,diverged1,5.7025,0.1078,-0.0603,0.118289,0.077986,0.068524,20.700,29,-0.0400,-0.4624,0.0941,-0.400,0.00000,5.9813,-0.0047,-0.1545,0.0000,0.0000,0.010,0.0300,0.0766,1.0000,59,0.100,0.00,0.00,0.00,0.00,0.0000,0.0000,9.96,0.00,50.10,--,--,0.00,SUCCEEDED,2,0.050,2.4810,0.2400,3.8953,0.2538,-0.0210,0.000
75.009,73.340,1.002,GRASP,diverged1,5.7025,0.1078,-0.0603,0.118289,0.077986,0.068524,20.802,29,-0.0400,-0.4624,0.0941,-0.398,0.00000,5.9813,-0.0047,-0.1545,0.0000,0.0000,0.012,0.0300,0.0766,1.0000,59,0.102,0.00,0.00,0.00,0.00,0.0000,0.0000,10.00,0.00,50.00,--,--,0.00,SUCCEEDED,2,0.050,2.4810,0.2400,3.8953,0.2538,-0.0210,0.002
75.108,73.438,1.000,GRASP,diverged1,5.7025,0.1078,-0.0603,0.118289,0.077986,0.068524,20.900,29,-0.0400,-0.4624,0.0941,-0.400,0.00000,5.9813,-0.0047,-0.1545,0.0000,0.0000,0.012,0.0300,0.0766,1.0000,59,0.100,0.00,0.00,0.00,0.00,0.0000,0.0000,9.83,0.00,50.00,--,--,0.00,SUCCEEDED,2,0.050,2.4810,0.2400,3.8953,0.2538,-0.0210,0.020
75.208,73.538,1.000,GRASP,diverged1,5.7025,0.1078,-0.0603,0.118289,0.077986,0.068524,21.000,29,-0.0400,-0.4624,0.0941,-0.400,0.00000,5.9813,-0.0047,-0.1545,0.0000,0.0000,0.010,0.0300,0.0766,1.0000,59,0.100,0.00,0.00,0.00,0.00,0.0000,0.0000,9.91,0.00,50.00,--,--,0.00,SUCCEEDED,2,0.050,2.4810,0.2400,3.8953,0.2538,-0.0210,0.020
75.309,73.632,0.995,GRASP,diverged1,5.7025,0.1078,-0.0603,0.118289,0.077986,0.068524,21.094,29,-0.0400,-0.4624,0.0941,-0.406,0.00000,5.9813,-0.0047,-0.1545,0.0000,0.0000,0.004,0.0300,0.0766,1.0000,59,0.094,0.00,0.00,0.00,0.00,0.0000,0.0000,10.02,0.00,50.00,--,--,0.00,SUCCEEDED,2,0.050,2.4810,0.2400,3.8953,0.2538,-0.0210,0.014
75.409,73.640,0.900,GRASP,diverged1,5.7025,0.1078,-0.0603,0.118289,0.077986,0.068524,21.102,29,-0.0400,-0.4624,0.0941,-0.398,0.00000,5.9813,-0.0047,-0.1545,0.0000,0.0000,0.012,0.0300,0.0766,1.0000,59,0.102,0.00,0.00,0.00,0.00,0.0000,0.0000,10.02,0.00,50.00,--,--,0.00,SUCCEEDED,2,0.050,2.4810,0.2400,3.8953,0.2538,-0.0210,0.002
75.509,73.704,0.866,GRASP,diverged1,5.7025,0.1078,-0.0603,0.118289,0.077986,0.068524,21.166,29,-0.0400,-0.4624,0.0941,-0.434,0.00000,5.9813,-0.0047,-0.1545,0.0000,0.0000,0.020,0.0300,0.0766,1.0000,59,0.066,0.00,0.00,0.00,0.00,0.0000,0.0000,10.00,0.00,50.20,--,--,0.00,SUCCEEDED,2,0.050,2.4810,0.2400,3.8953,0.2538,-0.0210,0.006
75.609,73.798,0.858,GRASP,diverged1,5.7025,0.1078,-0.0603,0.118289,0.077986,0.068524,21.260,29,-0.0400,-0.4624,0.0941,-0.440,0.00000,5.9813,-0.0047,-0.1545,0.0000,0.0000,0.010,0.0300,0.0766,1.0000,59,0.060,0.00,0.00,0.00,0.00,0.0000,0.0000,10.00,0.00,50.00,--,--,0.00,SUCCEEDED,2,0.050,2.4810,0.2400,3.8953,0.2538,-0.0210,0.000
75.709,73.898,0.860,GRASP,diverged1,5.7025,0.1078,-0.0603,0.118289,0.077986,0.068524,21.360,29,-0.0400,-0.4624,0.0941,-0.440,0.00000,5.9813,-0.0047,-0.1545,0.0000,0.0000,0.010,0.0300,0.0766,1.0000,59,0.060,0.00,0.00,0.00,0.00,0.0000,0.0000,9.96,0.00,50.00,--,--,0.00,SUCCEEDED,2,0.050,2.4810,0.2400,3.8953,0.2538,-0.0210,0.000
75.809,73.998,0.844,GRASP,diverged1,5.7025,0.1078,-0.0603,0.118289,0.077986,0.068524,21.460,29,-0.0400,-0.4624,0.0941,-0.440,0.00000,5.9813,-0.0047,-0.1545,0.0000,0.0000,0.010,0.0300,0.0766,1.0000,59,0.060,0.00,0.00,0.00,0.00,0.0000,0.0000,10.00,0.00,50.00,--,--,0.00,SUCCEEDED,2,0.050,2.4810,0.2400,3.8953,0.2538,-0.0210,0.020
75.909,74.098,0.842,GRASP,diverged1,5.7025,0.1078,-0.0603,0.118289,0.077986,0.068524,21.560,29,-0.0400,-0.4624,0.0941,-0.440,0.00000,5.9813,-0.0047,-0.1545,0.0000,0.0000,0.012,0.0300,0.0766,1.0000,59,0.060,0.00,0.00,0.00,0.00,0.0000,0.0000,10.09,0.00,50.00,--,--,0.00,SUCCEEDED,2,0.050,2.4810,0.2400,3.8953,0.2538,-0.0210,0.020
76.009,74.194,0.854,GRASP,diverged1,5.7025,0.1078,-0.0603,0.118289,0.077986,0.068524,21.656,29,-0.0400,-0.4624,0.0941,-0.444,0.00000,5.9813,-0.0047,-0.1545,0.0000,0.0000,0.006,0.0300,0.0766,1.0000,59,0.056,0.00,0.00,0.00,0.00,0.0000,0.0000,10.00,0.00,50.00,--,--,0.00,SUCCEEDED,2,0.050,2.4810,0.2400,3.8953,0.2538,-0.0210,0.016
76.110,74.288,0.832,GRASP,diverged1,5.7025,0.1078,-0.0603,0.118289,0.077986,0.068524,21.750,29,-0.0400,-0.4624,0.0941,-0.450,0.00000,5.9813,-0.0047,-0.1545,0.0000,0.0000,0.020,0.0300,0.0766,1.0000,59,0.050,0.00,0.00,0.00,0.00,0.0000,0.0000,10.18,0.00,50.00,--,--,0.00,SUCCEEDED,2,0.050,2.4810,0.2400,3.8953,0.2538,-0.0210,0.010
76.209,74.388,0.840,GRASP,diverged1,5.7025,0.1078,-0.0603,0.118289,0.077986,0.068524,21.850,29,-0.0400,-0.4624,0.0941,-0.450,0.00000,5.9813,-0.0047,-0.1545,0.0000,0.0000,0.020,0.0300,0.0766,1.0000,59,0.050,0.00,0.00,0.00,0.00,0.0000,0.0000,10.04,0.00,50.00,--,--,0.00,SUCCEEDED,2,0.050,2.4810,0.2400,3.8953,0.2538,-0.0210,0.010
76.309,74.488,0.942,GRASP,diverged1,5.7025,0.1078,-0.0603,0.118289,0.077986,0.068524,21.950,29,-0.0400,-0.4624,0.0941,-0.450,0.00000,5.9813,-0.0047,-0.1545,0.0000,0.0000,0.022,0.0300,0.0766,1.0000,59,0.050,0.00,0.00,0.00,0.00,0.0000,0.0000,9.96,0.00,49.90,--,--,0.00,SUCCEEDED,2,0.050,2.4810,0.2400,3.8953,0.2538,-0.0210,0.010
76.409,74.588,0.982,GRASP,diverged1,5.7025,0.1078,-0.0603,0.118289,0.077986,0.068524,22.050,29,-0.0400,-0.4624,0.0941,-0.450,0.00000,5.9813,-0.0047,-0.1545,0.0000,0.0000,0.020,0.0300,0.0766,1.0000,59,0.050,0.00,0.00,0.00,0.00,0.0000,0.0000,10.00,0.00,50.00,--,--,0.00,SUCCEEDED,2,0.050,2.4810,0.2400,3.8953,0.2538,-0.0210,0.010
76.509,74.688,0.984,GRASP,diverged1,5.7025,0.1078,-0.0603,0.118289,0.077986,0.068524,22.150,29,-0.0400,-0.4624,0.0941,-0.450,0.00000,5.9813,-0.0047,-0.1545,0.0000,0.0000,0.020,0.0300,0.0766,1.0000,59,0.050,0.00,0.00,0.00,0.00,0.0000,0.0000,9.96,0.00,50.00,--,--,0.00,SUCCEEDED,2,0.050,2.4810,0.2400,3.8953,0.2538,-0.0210,0.010
76.609,74.788,0.989,GRASP,diverged1,5.7025,0.1078,-0.0603,0.118289,0.077986,0.068524,22.250,29,-0.0400,-0.4624,0.0941,-0.450,0.00000,5.9813,-0.0047,-0.1545,0.0000,0.0000,0.020,0.0300,0.0766,1.0000,59,0.050,0.00,0.00,0.00,0.00,0.0000,0.0000,9.98,0.00,50.00,--,--,0.00,SUCCEEDED,2,0.050,2.4810,0.2400,3.8953,0.2538,-0.0210,0.010
76.709,74.888,0.989,GRASP,diverged1,5.7025,0.1078,-0.0603,0.118289,0.077986,0.068524,22.350,29,-0.0400,-0.4624,0.0941,-0.450,0.00000,5.9813,-0.0047,-0.1545,0.0000,0.0000,0.022,0.0300,0.0766,1.0000,59,0.050,0.00,0.00,0.00,0.00,0.0000,0.0000,9.96,0.00,50.10,--,--,0.00,SUCCEEDED,2,0.050,2.4810,0.2400,3.8953,0.2538,-0.0210,0.010
76.809,74.988,0.990,GRASP,diverged1,5.7025,0.1078,-0.0603,0.118289,0.077986,0.068524,22.450,29,-0.0400,-0.4624,0.0941,-0.450,0.00000,5.9813,-0.0047,-0.1545,0.0000,0.0000,0.020,0.0300,0.0766,1.0000,59,0.050,0.00,0.00,0.00,0.00,0.0000,0.0000,10.02,0.00,50.00,--,--,0.00,SUCCEEDED,2,0.050,2.4810,0.2400,3.8953,0.2538,-0.0210,0.010
76.909,75.088,0.990,GRASP,diverged1,5.7025,0.1078,-0.0603,0.118289,0.077986,0.068524,22.550,29,-0.0400,-0.4624,0.0941,-0.450,0.00000,5.9813,-0.0047,-0.1545,0.0000,0.0000,0.022,0.0300,0.0766,1.0000,59,0.050,0.00,0.00,0.00,0.00,0.0000,0.0000,9.98,0.00,50.10,--,--,0.00,SUCCEEDED,2,0.050,2.4810,0.2400,3.8953,0.2538,-0.0210,0.010
77.009,75.188,1.001,GRASP,diverged1,5.7025,0.1078,-0.0603,0.118289,0.077986,0.068524,22.650,29,-0.0400,-0.4624,0.0941,-0.450,0.00000,5.9813,-0.0047,-0.1545,0.0000,0.0000,0.022,0.0300,0.0766,1.0000,59,0.050,0.00,0.00,0.00,0.00,0.0000,0.0000,9.98,0.00,50.10,--,--,0.00,SUCCEEDED,2,0.050,2.4810,0.2400,3.8953,0.2538,-0.0210,0.010
77.109,75.288,1.001,GRASP,diverged1,5.7025,0.1078,-0.0603,0.118289,0.077986,0.068524,22.750,29,-0.0400,-0.4624,0.0941,-0.450,0.00000,5.9813,-0.0047,-0.1545,0.0000,0.0000,0.020,0.0300,0.0766,1.0000,59,0.050,0.00,0.00,0.00,0.00,0.0000,0.0000,10.02,0.00,50.00,--,--,0.00,SUCCEEDED,2,0.050,2.4810,0.2400,3.8953,0.2538,-0.0210,0.010
77.209,75.388,1.000,GRASP,diverged1,5.7025,0.1078,-0.0603,0.118289,0.077986,0.068524,22.850,29,-0.0400,-0.4624,0.0941,-0.450,0.00000,5.9813,-0.0047,-0.1545,0.0000,0.0000,0.020,0.0300,0.0766,1.0000,59,0.050,0.00,0.00,0.00,0.00,0.0000,0.0000,10.02,0.00,50.10,--,--,0.00,SUCCEEDED,2,0.050,2.4810,0.2400,3.8953,0.2538,-0.0210,0.010
77.309,75.486,0.997,GRASP,diverged1,5.7025,0.1078,-0.0603,0.118289,0.077986,0.068524,22.948,29,-0.0400,-0.4624,0.0941,-0.452,0.00000,5.9813,-0.0047,-0.1545,0.0000,0.0000,0.018,0.0300,0.0766,1.0000,59,0.048,0.00,0.00,0.00,0.00,0.0000,0.0000,9.98,0.00,50.10,--,--,0.00,SUCCEEDED,2,0.050,2.4810,0.2400,3.8953,0.2538,-0.0210,0.008
77.409,75.586,0.998,GRASP,diverged1,5.7025,0.1078,-0.0603,0.118289,0.077986,0.068524,23.048,29,-0.0400,-0.4624,0.0941,-0.452,0.00000,5.9813,-0.0047,-0.1545,0.0000,0.0000,0.018,0.0300,0.0766,1.0000,59,0.048,0.00,0.00,0.00,0.00,0.0000,0.0000,10.02,0.00,50.10,--,--,0.00,SUCCEEDED,2,0.050,2.4810,0.2400,3.8953,0.2538,-0.0210,0.008
77.509,75.688,1.000,GRASP,diverged1,5.7025,0.1078,-0.0603,0.118289,0.077986,0.068524,23.150,29,-0.0400,-0.4624,0.0941,-0.450,0.00000,5.9813,-0.0047,-0.1545,0.0000,0.0000,0.020,0.0596,0.1000,0.9661,59,0.050,0.00,0.00,0.00,0.00,0.0000,0.0000,10.00,0.00,50.10,--,--,0.00,SUCCEEDED,2,0.050,2.4810,0.2400,3.8953,0.2538,-0.0210,0.010
77.609,75.786,0.997,GRASP,diverged1,5.7025,0.1078,-0.0603,0.118289,0.077986,0.068524,23.248,29,-0.0400,-0.4624,0.0941,-0.452,0.00000,5.9813,-0.0047,-0.1545,0.0000,0.0000,0.018,0.0596,0.1000,0.9661,59,0.048,0.00,0.00,0.00,0.00,0.0000,0.0000,10.00,0.00,50.10,--,--,0.00,SUCCEEDED,2,0.050,2.4810,0.2400,3.8953,0.2538,-0.0210,0.008
77.709,75.888,1.000,GRASP,diverged1,5.7025,0.1078,-0.0603,0.118289,0.077986,0.068524,23.350,29,-0.0400,-0.4624,0.0941,-0.450,0.00000,5.9813,-0.0047,-0.1545,0.0000,0.0000,0.020,0.0596,0.1000,0.9661,59,0.050,0.00,0.00,0.00,0.00,0.0000,0.0000,10.00,0.00,50.00,--,--,0.00,SUCCEEDED,2,0.050,2.4810,0.2400,3.8953,0.2538,-0.0210,0.010
77.809,75.986,0.998,GRASP,diverged1,5.7025,0.1078,-0.0603,0.118289,0.077986,0.068524,23.448,29,-0.0400,-0.4624,0.0941,-0.452,0.00000,5.9813,-0.0047,-0.1545,0.0000,0.0000,0.018,0.0596,0.1000,0.9661,59,0.048,0.00,0.00,0.00,0.00,0.0000,0.0000,10.00,0.00,50.10,--,--,0.00,SUCCEEDED,2,0.050,2.4810,0.2400,3.8953,0.2538,-0.0210,0.008
77.909,76.086,0.998,GRASP,diverged1,5.7025,0.1078,-0.0603,0.118289,0.077986,0.068524,23.548,29,-0.0400,-0.4624,0.0941,-0.452,0.00000,5.9813,-0.0047,-0.1545,0.0000,0.0000,0.018,0.0596,0.1000,0.9661,59,0.048,0.00,0.00,0.00,0.00,0.0000,0.0000,10.07,0.00,50.10,--,--,0.00,SUCCEEDED,2,0.050,2.4810,0.2400,3.8953,0.2538,-0.0210,0.008
78.009,76.186,0.997,GRASP,diverged1,5.7025,0.1078,-0.0603,0.118289,0.077986,0.068524,23.648,29,-0.0400,-0.4624,0.0941,-0.452,0.00000,5.9813,-0.0047,-0.1545,0.0000,0.0000,0.018,0.0596,0.1000,0.9661,59,0.048,0.00,0.00,0.00,0.00,0.0000,0.0000,9.93,0.00,50.00,--,--,0.00,SUCCEEDED,2,0.050,2.4810,0.2400,3.8953,0.2538,-0.0210,0.008
78.109,76.272,0.984,GRASP,diverged1,5.7025,0.1078,-0.0603,0.118289,0.077986,0.068524,23.734,29,-0.0400,-0.4624,0.0941,-0.466,0.00000,5.9813,-0.0047,-0.1545,0.0000,0.0000,0.006,0.0596,0.1000,0.9661,59,0.034,0.00,0.00,0.00,0.00,0.0000,0.0000,10.07,0.00,50.10,--,--,0.00,SUCCEEDED,2,0.050,2.4810,0.2400,3.8953,0.2538,-0.0210,0.014
78.209,76.374,0.986,GRASP,diverged1,5.7025,0.1078,-0.0603,0.118289,0.077986,0.068524,23.836,29,-0.0400,-0.4624,0.0941,-0.464,0.00000,5.9813,-0.0047,-0.1545,0.0000,0.0000,0.008,0.0596,0.1000,0.9661,59,0.036,0.00,0.00,0.00,0.00,0.0000,0.0000,9.98,0.00,50.10,--,--,0.00,SUCCEEDED,2,0.050,2.4810,0.2400,3.8953,0.2538,-0.0210,0.016
78.309,76.474,0.989,GRASP,diverged1,5.7025,0.1078,-0.0603,0.118289,0.077986,0.068524,23.936,29,-0.0400,-0.4624,0.0941,-0.464,0.00000,5.9813,-0.0047,-0.1545,0.0000,0.0000,0.006,0.0596,0.1000,0.9661,59,0.036,0.00,0.00,0.00,0.00,0.0000,0.0000,9.87,0.00,50.10,--,--,0.00,SUCCEEDED,2,0.050,2.4810,0.2400,3.8953,0.2538,-0.0210,0.016
78.409,76.574,0.988,GRASP,diverged1,5.7025,0.1078,-0.0603,0.118289,0.077986,0.068524,24.036,29,-0.0400,-0.4624,0.0941,-0.464,0.00000,5.9813,-0.0047,-0.1545,0.0000,0.0000,0.006,0.0596,0.1000,0.9661,59,0.036,0.00,0.00,0.00,0.00,0.0000,0.0000,9.98,0.00,50.10,--,--,0.00,SUCCEEDED,2,0.050,2.4810,0.2400,3.8953,0.2538,-0.0210,0.016
78.508,76.674,0.986,GRASP,diverged1,5.7025,0.1078,-0.0603,0.118289,0.077986,0.068524,24.136,29,-0.0400,-0.4624,0.0941,-0.464,0.00000,5.9813,-0.0047,-0.1545,0.0000,0.0000,0.006,0.0596,0.1000,0.9661,59,0.036,0.00,0.00,0.00,0.00,0.0000,0.0000,9.87,0.00,50.10,--,--,0.00,SUCCEEDED,2,0.050,2.4810,0.2400,3.8953,0.2538,-0.0210,0.016
78.609,76.774,0.989,GRASP,diverged1,5.7025,0.1078,-0.0603,0.118289,0.077986,0.068524,24.236,29,-0.0400,-0.4624,0.0941,-0.464,0.00000,5.9813,-0.0047,-0.1545,0.0000,0.0000,0.006,0.0596,0.1000,0.9661,59,0.036,0.00,0.00,0.00,0.00,0.0000,0.0000,9.96,0.00,50.10,--,--,0.00,SUCCEEDED,2,0.050,2.4810,0.2400,3.8953,0.2538,-0.0210,0.016
78.709,76.868,0.980,GRASP,diverged1,5.7025,0.1078,-0.0603,0.118289,0.077986,0.068524,24.330,29,-0.0400,-0.4624,0.0941,-0.470,0.00000,5.9813,-0.0047,-0.1545,0.0000,0.0000,0.020,0.0596,0.1000,0.9661,59,0.030,0.00,0.00,0.00,0.00,0.0000,0.0000,10.02,0.00,49.90,--,--,0.00,SUCCEEDED,2,0.050,2.4810,0.2400,3.8953,0.2538,-0.0210,0.010
78.809,76.968,0.980,GRASP,diverged1,5.7025,0.1078,-0.0603,0.118289,0.077986,0.068524,24.430,29,-0.0400,-0.4624,0.0941,-0.470,0.00000,5.9813,-0.0047,-0.1545,0.0000,0.0000,0.020,0.0596,0.1000,0.9661,59,0.030,0.00,0.00,0.00,0.00,0.0000,0.0000,9.96,0.00,50.00,--,--,0.00,SUCCEEDED,2,0.050,2.4810,0.2400,3.8953,0.2538,-0.0210,0.010
78.909,77.060,0.975,GRASP,diverged1,5.7025,0.1078,-0.0603,0.118289,0.077986,0.068524,24.522,29,-0.0400,-0.4624,0.0941,-0.478,0.00000,5.9813,-0.0047,-0.1545,0.0000,0.0000,0.012,0.0596,0.1000,0.9661,59,0.022,0.00,0.00,0.00,0.00,0.0000,0.0000,10.07,0.00,49.90,--,--,0.00,SUCCEEDED,2,0.050,2.4810,0.2400,3.8953,0.2538,-0.0210,0.002
79.008,77.158,0.973,GRASP,diverged1,5.7025,0.1078,-0.0603,0.118289,0.077986,0.068524,24.620,29,-0.0400,-0.4624,0.0941,-0.480,0.00000,5.9813,-0.0047,-0.1545,0.0000,0.0000,0.010,0.0750,0.1000,0.9492,59,0.020,0.00,0.00,0.00,0.00,0.0000,0.0000,9.93,0.00,49.90,--,--,0.00,SUCCEEDED,2,0.050,2.4810,0.2400,3.8953,0.2538,-0.0210,0.000
79.109,77.256,0.980,GRASP,diverged1,5.7025,0.1078,-0.0603,0.118289,0.077986,0.068524,24.718,29,-0.0400,-0.4624,0.0941,-0.482,0.00000,5.9813,-0.0047,-0.1545,0.0000,0.0000,0.008,0.0750,0.1000,0.9492,59,0.018,0.00,0.00,0.00,0.00,0.0000,0.0000,10.02,0.00,50.00,--,--,0.00,SUCCEEDED,2,0.050,2.4810,0.2400,3.8953,0.2538,-0.0210,0.018
79.209,77.356,0.980,GRASP,diverged1,5.7025,0.1078,-0.0603,0.118289,0.077986,0.068524,24.818,29,-0.0400,-0.4624,0.0941,-0.482,0.00000,5.9813,-0.0047,-0.1545,0.0000,0.0000,0.008,0.0750,0.1000,0.9492,59,0.018,0.00,0.00,0.00,0.00,0.0000,0.0000,10.11,0.00,50.00,--,--,0.00,SUCCEEDED,2,0.050,2.4810,0.2400,3.8953,0.2538,-0.0210,0.018
79.309,77.452,0.975,GRASP,diverged1,5.7025,0.1078,-0.0603,0.118289,0.077986,0.068524,24.914,29,-0.0400,-0.4624,0.0941,-0.486,0.00000,5.9813,-0.0047,-0.1545,0.0000,0.0000,0.004,0.0750,0.1000,0.9492,59,0.014,0.00,0.00,0.00,0.00,0.0000,0.0000,10.12,0.00,50.00,--,--,0.00,SUCCEEDED,2,0.050,2.4810,0.2400,3.8953,0.2538,-0.0210,0.014
79.409,77.550,0.973,GRASP,diverged1,5.7025,0.1078,-0.0603,0.118289,0.077986,0.068524,25.012,29,-0.0400,-0.4624,0.0941,-0.488,0.00000,5.9813,-0.0047,-0.1545,0.0000,0.0000,0.002,0.0741,0.1000,0.9492,59,0.012,0.00,0.00,0.00,0.00,0.0000,0.0000,10.18,0.00,50.00,--,--,0.00,SUCCEEDED,2,0.050,2.4810,0.2400,3.8953,0.2538,-0.0210,0.012
79.509,77.646,0.969,GRASP,diverged1,5.7025,0.1078,-0.0603,0.118289,0.077986,0.068524,25.108,29,-0.0400,-0.4624,0.0941,-0.392,0.00000,5.9813,-0.0047,-0.1545,0.0000,0.0000,0.018,0.0742,0.1000,0.9492,59,0.008,0.00,0.00,0.00,0.00,0.0000,0.0000,10.18,0.00,50.00,--,--,0.00,SUCCEEDED,2,0.050,2.4810,0.2400,3.8953,0.2538,-0.0210,0.008
79.609,77.746,0.975,GRASP,diverged1,5.7025,0.1078,-0.0603,0.118289,0.077986,0.068524,25.208,29,-0.0400,-0.4624,0.0941,-0.392,0.00000,5.9813,-0.0047,-0.1545,0.0000,0.0000,0.018,0.0734,0.1000,0.9492,59,0.008,0.00,0.00,0.00,0.00,0.0000,0.0000,10.04,0.00,50.00,--,--,0.00,SUCCEEDED,2,0.050,2.4810,0.2400,3.8953,0.2538,-0.0210,0.008
79.709,77.848,0.978,GRASP,diverged1,5.7025,0.1078,-0.0603,0.118289,0.077986,0.068524,25.310,29,-0.0400,-0.4624,0.0941,-0.390,0.00000,5.9813,-0.0047,-0.1545,0.0000,0.0000,0.022,0.0735,0.1000,0.9492,59,0.010,0.00,0.00,0.00,0.00,0.0000,0.0000,10.04,0.00,50.10,--,--,0.00,SUCCEEDED,2,0.050,2.4810,0.2400,3.8953,0.2538,-0.0210,0.010
79.809,77.946,0.983,GRASP,diverged1,5.7025,0.1078,-0.0603,0.118289,0.077986,0.068524,25.408,29,-0.0400,-0.4624,0.0941,-0.392,0.00000,5.9813,-0.0047,-0.1545,0.0000,0.0000,0.018,0.0735,0.1000,0.9492,59,0.008,0.00,0.00,0.00,0.00,0.0000,0.0000,10.02,0.00,50.00,--,--,0.00,SUCCEEDED,2,0.050,2.4810,0.2400,3.8953,0.2538,-0.0210,0.008
79.909,78.046,0.986,GRASP,diverged1,5.7025,0.1078,-0.0603,0.118289,0.077986,0.068524,25.508,29,-0.0400,-0.4624,0.0941,-0.392,0.00000,5.9813,-0.0047,-0.1545,0.0000,0.0000,0.018,0.0872,0.1000,0.9322,59,0.008,0.00,0.00,0.00,0.00,0.0000,0.0000,10.00,0.00,50.10,--,--,0.00,SUCCEEDED,2,0.050,2.4810,0.2400,3.8953,0.2538,-0.0210,0.008
80.009,78.146,0.989,GRASP,diverged1,5.7025,0.1078,-0.0603,0.118289,0.077986,0.068524,25.608,29,-0.0400,-0.4624,0.0941,-0.392,0.00000,5.9813,-0.0047,-0.1545,0.0000,0.0000,0.018,0.0872,0.1000,0.9322,59,0.008,0.00,0.00,0.00,0.00,0.0000,0.0000,10.00,0.00,50.10,--,--,0.00,SUCCEEDED,2,0.050,2.4810,0.2400,3.8953,0.2538,-0.0210,0.008
80.109,78.244,0.988,GRASP,diverged1,5.7025,0.1078,-0.0603,0.118289,0.077986,0.068524,25.706,29,-0.0400,-0.4624,0.0941,-0.394,0.00000,5.9813,-0.0047,-0.1545,0.0000,0.0000,0.016,0.0872,0.1000,0.9322,59,0.006,0.00,0.00,0.00,0.00,0.0000,0.0000,10.00,0.00,49.90,--,--,0.00,SUCCEEDED,2,0.050,2.4810,0.2400,3.8953,0.2538,-0.0210,0.006
80.209,78.348,0.992,GRASP,diverged1,5.7025,0.1078,-0.0603,0.118289,0.077986,0.068524,25.810,29,-0.0400,-0.4624,0.0941,-0.390,0.00000,5.9813,-0.0047,-0.1545,0.0000,0.0000,0.020,0.0872,0.1000,0.9322,59,0.110,0.00,0.00,0.00,0.00,0.0000,0.0000,10.04,0.00,49.90,--,--,0.00,SUCCEEDED,2,0.050,2.4810,0.2400,3.8953,0.2538,-0.0210,0.010
80.309,78.448,0.997,GRASP,diverged1,5.7025,0.1078,-0.0603,0.118289,0.077986,0.068524,25.910,29,-0.0400,-0.4624,0.0941,-0.390,0.00000,5.9813,-0.0047,-0.1545,0.0000,0.0000,0.020,0.1000,0.1000,0.9153,59,0.010,0.00,0.00,0.00,0.00,0.0000,0.0000,10.00,0.00,50.00,--,--,0.00,SUCCEEDED,2,0.050,2.4810,0.2400,3.8953,0.2538,-0.0210,0.010
80.409,78.546,1.000,GRASP,diverged1,5.7025,0.1078,-0.0603,0.118289,0.077986,0.068524,26.008,29,-0.0400,-0.4624,0.0941,-0.392,0.00000,5.9813,-0.0047,-0.1545,0.0000,0.0000,0.018,0.1000,0.1000,0.9153,59,0.108,0.00,0.00,0.00,0.00,0.0000,0.0000,9.98,0.00,50.00,--,--,0.00,SUCCEEDED,2,0.050,2.4810,0.2400,3.8953,0.2538,-0.0210,0.008
80.509,78.642,0.996,GRASP,diverged1,5.7025,0.1078,-0.0603,0.118289,0.077986,0.068524,26.104,29,-0.0400,-0.4624,0.0941,-0.396,0.00000,5.9813,-0.0047,-0.1545,0.0000,0.0000,0.014,0.1000,0.1000,0.9153,59,0.104,0.00,0.00,0.00,0.00,0.0000,0.0000,9.93,0.00,50.10,--,--,0.00,SUCCEEDED,2,0.050,2.4810,0.2400,3.8953,0.2538,-0.0210,0.004
80.609,78.742,0.996,GRASP,diverged1,5.7025,0.1078,-0.0603,0.118289,0.077986,0.068524,26.204,29,-0.0400,-0.4624,0.0941,-0.396,0.00000,5.9813,-0.0047,-0.1545,0.0000,0.0000,0.014,0.0992,0.1000,0.9153,59,0.104,0.00,0.00,0.00,0.00,0.0000,0.0000,9.98,0.00,50.10,--,--,0.00,SUCCEEDED,2,0.050,2.4810,0.2400,3.8953,0.2538,-0.0210,0.004
80.709,78.842,0.994,GRASP,diverged1,5.7025,0.1078,-0.0603,0.118289,0.077986,0.068524,26.304,29,-0.0400,-0.4624,0.0941,-0.396,0.00000,5.9813,-0.0047,-0.1545,0.0000,0.0000,0.014,0.0993,0.1000,0.9153,59,0.104,0.00,0.00,0.00,0.00,0.0000,0.0000,9.93,0.00,50.10,--,--,0.00,SUCCEEDED,2,0.050,2.4810,0.2400,3.8953,0.2538,-0.0210,0.004
80.809,78.942,0.997,GRASP,diverged1,5.7025,0.1078,-0.0603,0.118289,0.077986,0.068524,26.404,29,-0.0400,-0.4624,0.0941,-0.396,0.00000,5.9813,-0.0047,-0.1545,0.0000,0.0000,0.014,0.0993,0.1000,0.9153,59,0.104,0.00,0.00,0.00,0.00,0.0000,0.0000,9.96,0.00,50.10,--,--,0.00,SUCCEEDED,2,0.050,2.4810,0.2400,3.8953,0.2538,-0.0210,0.004
80.909,79.042,0.996,GRASP,diverged1,5.7025,0.1078,-0.0603,0.118289,0.077986,0.068524,26.504,29,-0.0400,-0.4624,0.0941,-0.396,0.00000,5.9813,-0.0047,-0.1545,0.0000,0.0000,0.016,0.0993,0.1000,0.9153,59,0.104,0.00,0.00,0.00,0.00,0.0000,0.0000,10.00,0.00,50.20,--,--,0.00,SUCCEEDED,2,0.050,2.4810,0.2400,3.8953,0.2538,-0.0210,0.004
81.009,79.142,0.996,GRASP,diverged1,5.7025,0.1078,-0.0603,0.118289,0.077986,0.068524,26.604,29,-0.0400,-0.4624,0.0941,-0.396,0.00000,5.9813,-0.0047,-0.1545,0.0000,0.0000,0.014,0.0993,0.1000,0.9153,59,0.104,0.00,0.00,0.00,0.00,0.0000,0.0000,10.02,0.00,50.10,--,--,0.00,SUCCEEDED,2,0.050,2.4810,0.2400,3.8953,0.2538,-0.0210,0.004
81.109,79.238,0.994,GRASP,diverged1,5.7025,0.1078,-0.0603,0.118289,0.077986,0.068524,26.700,29,-0.0400,-0.4624,0.0941,-0.400,0.00000,5.9813,-0.0047,-0.1545,0.0000,0.0000,0.010,0.0993,0.1000,0.9153,59,0.100,0.00,0.00,0.00,0.00,0.0000,0.0000,10.00,0.00,50.10,--,--,0.00,SUCCEEDED,2,0.050,2.4810,0.2400,3.8953,0.2538,-0.0210,0.000
81.209,79.340,0.992,GRASP,diverged1,5.7025,0.1078,-0.0603,0.118289,0.077986,0.068524,26.802,29,-0.0400,-0.4624,0.0941,-0.398,0.00000,5.9813,-0.0047,-0.1545,0.0000,0.0000,0.012,0.1121,0.2412,0.8983,59,0.102,0.00,0.00,0.00,0.00,0.0000,0.0000,10.00,0.00,50.10,--,--,0.00,SUCCEEDED,2,0.050,2.4810,0.2400,3.8953,0.2538,-0.0210,0.002
81.309,79.440,0.994,GRASP,diverged1,5.7025,0.1078,-0.0603,0.118289,0.077986,0.068524,26.902,29,-0.0400,-0.4624,0.0941,-0.398,0.00000,5.9813,-0.0047,-0.1545,0.0000,0.0000,0.012,0.1121,0.2412,0.8983,59,0.102,0.00,0.00,0.00,0.00,0.0000,0.0000,10.02,0.00,50.00,--,--,0.00,SUCCEEDED,2,0.050,2.4810,0.2400,3.8953,0.2538,-0.0210,0.002
81.408,79.540,0.995,GRASP,diverged1,5.7025,0.1078,-0.0603,0.118289,0.077986,0.068524,27.002,29,-0.0400,-0.4624,0.0941,-0.398,0.00000,5.9813,-0.0047,-0.1545,0.0000,0.0000,0.012,0.1121,0.2412,0.8983,59,0.102,0.00,0.00,0.00,0.00,0.0000,0.0000,10.04,0.00,50.00,--,--,0.00,SUCCEEDED,2,0.050,2.4810,0.2400,3.8953,0.2538,-0.0210,0.002
81.509,79.638,0.995,GRASP,diverged1,5.7025,0.1078,-0.0603,0.118289,0.077986,0.068524,27.100,29,-0.0400,-0.4624,0.0941,-0.400,0.00000,5.9813,-0.0047,-0.1545,0.0000,0.0000,0.010,0.1121,0.2412,0.8983,59,0.100,0.00,0.00,0.00,0.00,0.0000,0.0000,10.07,0.00,50.00,--,--,0.00,SUCCEEDED,2,0.050,2.4810,0.2400,3.8953,0.2538,-0.0210,0.020
81.609,79.738,0.995,GRASP,diverged1,5.7025,0.1078,-0.0603,0.118289,0.077986,0.068524,27.200,29,-0.0400,-0.4624,0.0941,-0.400,0.00000,5.9813,-0.0047,-0.1545,0.0000,0.0000,0.010,0.1121,0.2412,0.8983,59,0.100,0.00,0.00,0.00,0.00,0.0000,0.0000,10.02,0.00,49.90,--,--,0.00,SUCCEEDED,2,0.050,2.4810,0.2400,3.8953,0.2538,-0.0210,0.000
81.709,79.836,0.994,GRASP,diverged1,5.7025,0.1078,-0.0603,0.118289,0.077986,0.068524,27.298,29,-0.0400,-0.4624,0.0941,-0.402,0.00000,5.9813,-0.0047,-0.1545,0.0000,0.0000,0.008,0.1121,0.2412,0.8983,59,0.098,0.00,0.00,0.00,0.00,0.0000,0.0000,9.93,0.00,50.00,--,--,0.00,SUCCEEDED,2,0.050,2.4810,0.2400,3.8953,0.2538,-0.0210,0.018
81.809,79.936,0.994,GRASP,diverged1,5.7025,0.1078,-0.0603,0.118289,0.077986,0.068524,27.398,29,-0.0400,-0.4624,0.0941,-0.402,0.00000,5.9813,-0.0047,-0.1545,0.0000,0.0000,0.008,0.1130,0.2412,0.8983,59,0.098,0.00,0.00,0.00,0.00,0.0000,0.0000,10.02,0.00,50.00,--,--,0.00,SUCCEEDED,2,0.050,2.4810,0.2400,3.8953,0.2538,-0.0210,0.018
81.909,80.036,0.993,GRASP,diverged1,5.7025,0.1078,-0.0603,0.118289,0.077986,0.068524,27.498,29,-0.0400,-0.4624,0.0941,-0.402,0.00000,5.9813,-0.0047,-0.1545,0.0000,0.0000,0.008,0.1130,0.2412,0.8983,59,0.098,0.00,0.00,0.00,0.00,0.0000,0.0000,9.85,0.00,50.00,--,--,0.00,SUCCEEDED,2,0.050,2.4810,0.2400,3.8953,0.2538,-0.0210,0.018
82.008,80.136,0.994,GRASP,diverged1,5.7025,0.1078,-0.0603,0.118289,0.077986,0.068524,27.598,29,-0.0400,-0.4624,0.0941,-0.402,0.00000,5.9813,-0.0047,-0.1545,0.0000,0.0000,0.008,0.1002,0.1000,0.9153,59,0.098,0.00,0.00,0.00,0.00,0.0000,0.0000,9.98,0.00,50.00,--,--,0.00,SUCCEEDED,2,0.050,2.4810,0.2400,3.8953,0.2538,-0.0210,0.018
82.109,80.230,0.989,GRASP,diverged1,5.7025,0.1078,-0.0603,0.118289,0.077986,0.068524,27.692,29,-0.0400,-0.4624,0.0941,-0.408,0.00000,5.9813,-0.0047,-0.1545,0.0000,0.0000,0.002,0.0726,0.1000,0.9492,59,0.092,0.00,0.00,0.00,0.00,0.0000,0.0000,10.07,0.00,50.00,--,--,0.00,SUCCEEDED,2,0.050,2.4810,0.2400,3.8953,0.2538,-0.0210,0.012
82.209,80.330,0.990,GRASP,diverged1,5.7025,0.1078,-0.0603,0.118289,0.077986,0.068524,27.792,29,-0.0400,-0.4624,0.0941,-0.408,0.00000,5.9813,-0.0047,-0.1545,0.0000,0.0000,0.004,0.0583,0.1000,0.9661,59,0.092,0.00,0.00,0.00,0.00,0.0000,0.0000,9.96,0.00,50.00,--,--,0.00,SUCCEEDED,2,0.050,2.4810,0.2400,3.8953,0.2538,-0.0210,0.012
82.308,80.422,0.982,GRASP,diverged1,5.7025,0.1078,-0.0603,0.118289,0.077986,0.068524,27.884,29,-0.0400,-0.4624,0.0941,-0.416,0.00000,5.9813,-0.0047,-0.1545,0.0000,0.0000,0.014,0.0583,0.1000,0.9661,59,0.084,0.00,0.00,0.00,0.00,0.0000,0.0000,9.98,0.00,49.90,--,--,0.00,SUCCEEDED,2,0.050,2.4810,0.2400,3.8953,0.2538,-0.0210,0.004
82.409,80.518,0.977,GRASP,diverged1,5.7025,0.1078,-0.0603,0.118289,0.077986,0.068524,27.980,29,-0.0400,-0.4624,0.0941,-0.420,0.00000,5.9813,-0.0047,-0.1545,0.0000,0.0000,0.010,0.0583,0.1000,0.9661,59,0.080,0.00,0.00,0.00,0.00,0.0000,0.0000,9.96,0.00,50.00,--,--,0.00,SUCCEEDED,2,0.050,2.4810,0.2400,3.8953,0.2538,-0.0210,0.000
82.509,80.618,0.980,GRASP,diverged1,5.7025,0.1078,-0.0603,0.118289,0.077986,0.068524,28.080,29,-0.0400,-0.4624,0.0941,-0.420,0.00000,5.9813,-0.0047,-0.1545,0.0000,0.0000,0.012,0.0583,0.1000,0.9661,59,0.080,0.00,0.00,0.00,0.00,0.0000,0.0000,10.02,0.00,50.00,--,--,0.00,SUCCEEDED,2,0.050,2.4810,0.2400,3.8953,0.2538,-0.0210,0.020
82.609,80.718,0.981,GRASP,diverged1,5.7025,0.1078,-0.0603,0.118289,0.077986,0.068524,28.180,29,-0.0400,-0.4624,0.0941,-0.420,0.00000,5.9813,-0.0047,-0.1545,0.0000,0.0000,0.010,0.0584,0.1000,0.9661,59,0.080,0.00,0.00,0.00,0.00,0.0000,0.0000,10.04,0.00,50.10,--,--,0.00,SUCCEEDED,2,0.050,2.4810,0.2400,3.8953,0.2538,-0.0210,0.020
82.708,80.814,0.978,GRASP,diverged1,5.7025,0.1078,-0.0603,0.118289,0.077986,0.068524,28.276,29,-0.0400,-0.4624,0.0941,-0.424,0.00000,5.9813,-0.0047,-0.1545,0.0000,0.0000,0.010,0.0455,0.1000,0.9831,59,0.076,0.00,0.00,0.00,0.00,0.0000,0.0000,10.00,0.00,50.20,--,--,0.00,SUCCEEDED,2,0.050,2.4810,0.2400,3.8953,0.2538,-0.0210,0.016
82.808,80.914,0.978,GRASP,diverged1,5.7025,0.1078,-0.0603,0.118289,0.077986,0.068524,28.376,29,-0.0400,-0.4624,0.0941,-0.424,0.00000,5.9813,-0.0047,-0.1545,0.0000,0.0000,0.006,0.0455,0.1000,0.9831,59,0.076,0.00,0.00,0.00,0.00,0.0000,0.0000,10.11,0.00,50.00,--,--,0.00,SUCCEEDED,2,0.050,2.4810,0.2400,3.8953,0.2538,-0.0210,0.016
82.908,81.012,0.976,GRASP,diverged1,5.7025,0.1078,-0.0603,0.118289,0.077986,0.068524,28.474,29,-0.0400,-0.4624,0.0941,-0.426,0.00000,5.9813,-0.0047,-0.1545,0.0000,0.0000,0.008,0.0455,0.1000,0.9831,59,0.074,0.00,0.00,0.00,0.00,0.0000,0.0000,10.02,0.00,50.20,--,--,0.00,SUCCEEDED,2,0.050,2.4810,0.2400,3.8953,0.2538,-0.0210,0.014
83.008,81.112,0.980,GRASP,diverged1,5.7025,0.1078,-0.0603,0.118289,0.077986,0.068524,28.574,29,-0.0400,-0.4624,0.0941,-0.426,0.00000,5.9813,-0.0047,-0.1545,0.0000,0.0000,0.004,0.0455,0.1000,0.9831,59,0.074,0.00,0.00,0.00,0.00,0.0000,0.0000,10.00,0.00,50.00,--,--,0.00,SUCCEEDED,2,0.050,2.4810,0.2400,3.8953,0.2538,-0.0210,0.014
83.109,81.212,0.982,GRASP,diverged1,5.7025,0.1078,-0.0603,0.118289,0.077986,0.068524,28.674,29,-0.0400,-0.4624,0.0941,-0.426,0.00000,5.9813,-0.0047,-0.1545,0.0000,0.0000,0.004,0.0455,0.1000,0.9831,59,0.074,0.00,0.00,0.00,0.00,0.0000,0.0000,10.02,0.00,49.90,--,--,0.00,SUCCEEDED,2,0.050,2.4810,0.2400,3.8953,0.2538,-0.0210,0.014
83.209,81.312,0.982,GRASP,diverged1,5.7025,0.1078,-0.0603,0.118289,0.077986,0.068524,28.774,29,-0.0400,-0.4624,0.0941,-0.426,0.00000,5.9813,-0.0047,-0.1545,0.0000,0.0000,0.004,0.0455,0.1000,0.9831,59,0.074,0.00,0.00,0.00,0.00,0.0000,0.0000,10.04,0.00,50.00,--,--,0.00,SUCCEEDED,2,0.050,2.4810,0.2400,3.8953,0.2538,-0.0210,0.014
83.309,81.412,0.994,GRASP,diverged1,5.7025,0.1078,-0.0603,0.118289,0.077986,0.068524,28.874,29,-0.0400,-0.4624,0.0941,-0.426,0.00000,5.9813,-0.0047,-0.1545,0.0000,0.0000,0.004,0.0455,0.1000,0.9831,59,0.074,0.00,0.00,0.00,0.00,0.0000,0.0000,9.96,0.00,50.10,--,--,0.00,SUCCEEDED,2,0.050,2.4810,0.2400,3.8953,0.2538,-0.0210,0.014
83.408,81.512,0.995,GRASP,diverged1,5.7025,0.1078,-0.0603,0.118289,0.077986,0.068524,28.974,29,-0.0400,-0.4624,0.0941,-0.426,0.00000,5.9813,-0.0047,-0.1545,0.0000,0.0000,0.004,0.0455,0.1000,0.9831,59,0.074,0.00,0.00,0.00,0.00,0.0000,0.0000,9.98,0.00,50.00,--,--,0.00,SUCCEEDED,2,0.050,2.4810,0.2400,3.8953,0.2538,-0.0210,0.014
83.509,81.612,0.994,GRASP,diverged1,5.7025,0.1078,-0.0603,0.118289,0.077986,0.068524,29.074,29,-0.0400,-0.4624,0.0941,-0.426,0.00000,5.9813,-0.0047,-0.1545,0.0000,0.0000,0.004,0.0455,0.1000,0.9831,59,0.074,0.00,0.00,0.00,0.00,0.0000,0.0000,10.07,0.00,50.00,--,--,0.00,SUCCEEDED,2,0.050,2.4810,0.2400,3.8953,0.2538,-0.0210,0.014
83.608,81.712,0.994,GRASP,diverged1,5.7025,0.1078,-0.0603,0.118289,0.077986,0.068524,29.174,29,-0.0400,-0.4624,0.0941,-0.426,0.00000,5.9813,-0.0047,-0.1545,0.0000,0.0000,0.004,0.0455,0.1000,0.9831,59,0.074,0.00,0.00,0.00,0.00,0.0000,0.0000,10.00,0.00,50.00,--,--,0.00,SUCCEEDED,2,0.050,2.4810,0.2400,3.8953,0.2538,-0.0210,0.014
83.708,81.812,0.998,GRASP,diverged1,5.7025,0.1078,-0.0603,0.118289,0.077986,0.068524,29.274,29,-0.0400,-0.4624,0.0941,-0.426,0.00000,5.9813,-0.0047,-0.1545,0.0000,0.0000,0.004,0.0455,0.1000,0.9831,59,0.074,0.00,0.00,0.00,0.00,0.0000,0.0000,10.04,0.00,50.00,--,--,0.00,SUCCEEDED,2,0.050,2.4810,0.2400,3.8953,0.2538,-0.0210,0.014
83.808,81.912,1.000,GRASP,diverged1,5.7025,0.1078,-0.0603,0.118289,0.077986,0.068524,29.374,29,-0.0400,-0.4624,0.0941,-0.426,0.00000,5.9813,-0.0047,-0.1545,0.0000,0.0000,0.004,0.0455,0.1000,0.9831,59,0.074,0.00,0.00,0.00,0.00,0.0000,0.0000,10.00,0.00,50.00,--,--,0.00,SUCCEEDED,2,0.050,2.4810,0.2400,3.8953,0.2538,-0.0210,0.014
83.908,82.012,1.000,GRASP,diverged1,5.7025,0.1078,-0.0603,0.118289,0.077986,0.068524,29.474,29,-0.0400,-0.4624,0.0941,-0.426,0.00000,5.9813,-0.0047,-0.1545,0.0000,0.0000,0.004,0.0455,0.1000,0.9831,59,0.074,0.00,0.00,0.00,0.00,0.0000,0.0000,9.93,0.00,50.10,--,--,0.00,SUCCEEDED,2,0.050,2.4810,0.2400,3.8953,0.2538,-0.0210,0.014
84.009,82.112,1.000,GRASP,diverged1,5.7025,0.1078,-0.0603,0.118289,0.077986,0.068524,29.574,29,-0.0400,-0.4624,0.0941,-0.426,0.00000,5.9813,-0.0047,-0.1545,0.0000,0.0000,0.004,0.0455,0.1000,0.9831,59,0.074,0.00,0.00,0.00,0.00,0.0000,0.0000,9.98,0.00,49.90,--,--,0.00,SUCCEEDED,2,0.050,2.4810,0.2400,3.8953,0.2538,-0.0210,0.014
84.109,82.212,1.000,GRASP,diverged1,5.7025,0.1078,-0.0603,0.118289,0.077986,0.068524,29.674,29,-0.0400,-0.4624,0.0941,-0.426,0.00000,5.9813,-0.0047,-0.1545,0.0000,0.0000,0.004,0.0455,0.1000,0.9831,59,0.074,0.00,0.00,0.00,0.00,0.0000,0.0000,9.96,0.00,49.90,--,--,0.00,SUCCEEDED,2,0.050,2.4810,0.2400,3.8953,0.2538,-0.0210,0.014
84.208,82.312,1.000,GRASP,diverged1,5.7025,0.1078,-0.0603,0.118289,0.077986,0.068524,29.774,29,-0.0400,-0.4624,0.0941,-0.426,0.00000,5.9813,-0.0047,-0.1545,0.0000,0.0000,0.004,0.0455,0.1000,0.9831,59,0.074,0.00,0.00,0.00,0.00,0.0000,0.0000,10.02,0.00,50.10,--,--,0.00,SUCCEEDED,2,0.050,2.4810,0.2400,3.8953,0.2538,-0.0210,0.014
84.309,82.412,1.000,GRASP,diverged1,5.7025,0.1078,-0.0603,0.118289,0.077986,0.068524,29.874,29,-0.0400,-0.4624,0.0941,-0.426,0.00000,5.9813,-0.0047,-0.1545,0.0000,0.0000,0.004,0.0455,0.1000,0.9831,59,0.074,0.00,0.00,0.00,0.00,0.0000,0.0000,10.02,0.00,50.00,--,--,0.00,SUCCEEDED,2,0.050,2.4810,0.2400,3.8953,0.2538,-0.0210,0.014
84.408,82.508,0.996,GRASP,diverged1,5.7025,0.1078,-0.0603,0.118289,0.077986,0.068524,29.970,29,-0.0400,-0.4624,0.0941,-0.430,0.00000,5.9813,-0.0047,-0.1545,0.0000,0.0000,0.000,0.0455,0.1000,0.9831,59,0.070,0.00,0.00,0.00,0.00,0.0000,0.0000,10.00,0.00,50.00,--,--,0.00,SUCCEEDED,2,0.050,2.4810,0.2400,3.8953,0.2538,-0.0210,0.010
84.510,82.608,0.994,GRASP,diverged1,5.7025,0.1078,-0.0603,0.118289,0.077986,0.068524,30.070,29,-0.0400,-0.4624,0.0941,-0.430,0.00000,5.9813,-0.0047,-0.1545,0.0000,0.0000,0.000,0.0455,0.1000,0.9831,59,0.070,0.00,0.00,0.00,0.00,0.0000,0.0000,10.00,0.00,50.00,--,--,0.00,SUCCEEDED,2,0.050,2.4810,0.2400,3.8953,0.2538,-0.0210,0.010
84.609,82.708,0.995,GRASP,diverged1,5.7025,0.1078,-0.0603,0.118289,0.077986,0.068524,30.170,29,-0.0400,-0.4624,0.0941,-0.430,0.00000,5.9813,-0.0047,-0.1545,0.0000,0.0000,0.000,0.0455,0.1000,0.9831,59,0.070,0.00,0.00,0.00,0.00,0.0000,0.0000,10.02,0.00,50.00,--,--,0.00,SUCCEEDED,2,0.050,2.4810,0.2400,3.8953,0.2538,-0.0210,0.010
84.708,82.810,0.998,GRASP,diverged1,5.7025,0.1078,-0.0603,0.118289,0.077986,0.068524,30.272,29,-0.0400,-0.4624,0.0941,-0.428,0.00000,5.9813,-0.0047,-0.1545,0.0000,0.0000,0.002,0.0455,0.1000,0.9831,59,0.072,0.00,0.00,0.00,0.00,0.0000,0.0000,10.02,0.00,50.00,--,--,0.00,SUCCEEDED,2,0.050,2.4810,0.2400,3.8953,0.2538,-0.0210,0.012
84.808,82.908,0.996,GRASP,diverged1,5.7025,0.1078,-0.0603,0.118289,0.077986,0.068524,30.370,29,-0.0400,-0.4624,0.0941,-0.430,0.00000,5.9813,-0.0047,-0.1545,0.0000,0.0000,0.020,0.0455,0.1000,0.9831,59,0.070,0.00,0.00,0.00,0.00,0.0000,0.0000,10.11,0.00,50.00,--,--,0.00,SUCCEEDED,2,0.050,2.4810,0.2400,3.8953,0.2538,-0.0210,0.010
84.909,83.008,0.996,GRASP,diverged1,5.7025,0.1078,-0.0603,0.118289,0.077986,0.068524,30.470,29,-0.0400,-0.4624,0.0941,-0.430,0.00000,5.9813,-0.0047,-0.1545,0.0000,0.0000,0.024,0.0455,0.1000,0.9831,59,0.070,0.00,0.00,0.00,0.00,0.0000,0.0000,10.02,0.00,50.20,--,--,0.00,SUCCEEDED,2,0.050,2.4810,0.2400,3.8953,0.2538,-0.0210,0.010
85.008,83.108,0.996,GRASP,diverged1,5.7025,0.1078,-0.0603,0.118289,0.077986,0.068524,30.570,29,-0.0400,-0.4624,0.0941,-0.430,0.00000,5.9813,-0.0047,-0.1545,0.0000,0.0000,0.020,0.0455,0.1000,0.9831,59,0.070,0.00,0.00,0.00,0.00,0.0000,0.0000,9.89,0.00,50.10,--,--,0.00,SUCCEEDED,2,0.050,2.4810,0.2400,3.8953,0.2538,-0.0210,0.010
85.108,83.208,0.996,GRASP,diverged1,5.7025,0.1078,-0.0603,0.118289,0.077986,0.068524,30.670,29,-0.0400,-0.4624,0.0941,-0.430,0.00000,5.9813,-0.0047,-0.1545,0.0000,0.0000,0.024,0.0608,0.1000,0.9661,59,0.070,0.00,0.00,0.00,0.00,0.0000,0.0000,10.00,0.00,50.31,--,--,0.00,SUCCEEDED,2,0.050,2.4810,0.2400,3.8953,0.2538,-0.0210,0.010
85.209,83.308,0.995,GRASP,diverged1,5.7025,0.1078,-0.0603,0.118289,0.077986,0.068524,30.770,29,-0.0400,-0.4624,0.0941,-0.430,0.00000,5.9813,-0.0047,-0.1545,0.0000,0.0000,0.020,0.0608,0.1000,0.9661,59,0.070,0.00,0.00,0.00,0.00,0.0000,0.0000,9.85,0.00,50.00,--,--,0.00,SUCCEEDED,2,0.050,2.4810,0.2400,3.8953,0.2538,-0.0210,0.010
85.309,83.408,0.999,GRASP,diverged1,5.7025,0.1078,-0.0603,0.118289,0.077986,0.068524,30.870,29,-0.0400,-0.4624,0.0941,-0.430,0.00000,5.9813,-0.0047,-0.1545,0.0000,0.0000,0.020,0.0608,0.1000,0.9661,59,0.070,0.00,0.00,0.00,0.00,0.0000,0.0000,9.98,0.00,50.00,--,--,0.00,SUCCEEDED,2,0.050,2.4810,0.2400,3.8953,0.2538,-0.0210,0.010
85.409,83.500,0.992,GRASP,diverged1,5.7025,0.1078,-0.0603,0.118289,0.077986,0.068524,30.962,29,-0.0400,-0.4624,0.0941,-0.438,0.00000,5.9813,-0.0047,-0.1545,0.0000,0.0000,0.012,0.0608,0.1000,0.9661,59,0.062,0.00,0.00,0.00,0.00,0.0000,0.0000,10.00,0.00,50.00,--,--,0.00,SUCCEEDED,2,0.050,2.4810,0.2400,3.8953,0.2538,-0.0210,0.002
85.509,83.600,0.993,GRASP,diverged1,5.7025,0.1078,-0.0603,0.118289,0.077986,0.068524,31.062,29,-0.0400,-0.4624,0.0941,-0.438,0.00000,5.9813,-0.0047,-0.1545,0.0000,0.0000,0.012,0.0600,0.1000,0.9661,59,0.062,0.00,0.00,0.00,0.00,0.0000,0.0000,9.98,0.00,50.00,--,--,0.00,SUCCEEDED,2,0.050,2.4810,0.2400,3.8953,0.2538,-0.0210,0.002
85.609,83.696,0.988,GRASP,diverged1,5.7025,0.1078,-0.0603,0.118289,0.077986,0.068524,31.158,29,-0.0400,-0.4624,0.0941,-0.442,0.00000,5.9813,-0.0047,-0.1545,0.0000,0.0000,0.008,0.0600,0.1000,0.9661,59,0.058,0.00,0.00,0.00,0.00,0.0000,0.0000,9.96,0.00,50.00,--,--,0.00,SUCCEEDED,2,0.050,2.4810,0.2400,3.8953,0.2538,-0.0210,0.018
85.709,83.796,0.986,GRASP,diverged1,5.7025,0.1078,-0.0603,0.118289,0.077986,0.068524,31.258,29,-0.0400,-0.4624,0.0941,-0.442,0.00000,5.9813,-0.0047,-0.1545,0.0000,0.0000,0.008,0.0600,0.1000,0.9661,59,0.058,0.00,0.00,0.00,0.00,0.0000,0.0000,9.91,0.00,50.00,--,--,0.00,SUCCEEDED,2,0.050,2.4810,0.2400,3.8953,0.2538,-0.0210,0.018
85.809,83.888,0.978,GRASP,diverged1,5.7025,0.1078,-0.0603,0.118289,0.077986,0.068524,31.350,29,-0.0400,-0.4624,0.0941,-0.450,0.00000,5.9813,-0.0047,-0.1545,0.0000,0.0000,0.020,0.0591,0.1000,0.9661,59,0.050,0.00,0.00,0.00,0.00,0.0000,0.0000,10.00,0.00,49.90,--,--,0.00,SUCCEEDED,2,0.050,2.4810,0.2400,3.8953,0.2538,-0.0210,0.010
85.908,83.986,0.978,GRASP,diverged1,5.7025,0.1078,-0.0603,0.118289,0.077986,0.068524,31.448,29,-0.0400,-0.4624,0.0941,-0.452,0.00000,5.9813,-0.0047,-0.1545,0.0000,0.0000,0.018,0.0591,0.1000,0.9661,59,0.048,0.00,0.00,0.00,0.00,0.0000,0.0000,10.14,0.00,50.10,--,--,0.00,SUCCEEDED,2,0.050,2.4810,0.2400,3.8953,0.2538,-0.0210,0.008
86.009,84.082,0.971,GRASP,diverged1,5.7025,0.1078,-0.0603,0.118289,0.077986,0.068524,31.544,29,-0.0400,-0.4624,0.0941,-0.456,0.00000,5.9813,-0.0047,-0.1545,0.0000,0.0000,0.014,0.0591,0.1000,0.9661,59,0.044,0.00,0.00,0.00,0.00,0.0000,0.0000,10.02,0.00,50.00,--,--,0.00,SUCCEEDED,2,0.050,2.4810,0.2400,3.8953,0.2538,-0.0210,0.004
86.109,84.180,0.969,GRASP,diverged1,5.7025,0.1078,-0.0603,0.118289,0.077986,0.068524,31.642,29,-0.0400,-0.4624,0.0941,-0.458,0.00000,5.9813,-0.0047,-0.1545,0.0000,0.0000,0.012,0.0591,0.1000,0.9661,59,0.042,0.00,0.00,0.00,0.00,0.0000,0.0000,10.16,0.00,49.80,--,--,0.00,SUCCEEDED,2,0.050,2.4810,0.2400,3.8953,0.2538,-0.0210,0.002
86.209,84.276,0.969,GRASP,diverged1,5.7025,0.1078,-0.0603,0.118289,0.077986,0.068524,31.738,29,-0.0400,-0.4624,0.0941,-0.462,0.00000,5.9813,-0.0047,-0.1545,0.0000,0.0000,0.008,0.0591,0.1000,0.9661,59,0.038,0.00,0.00,0.00,0.00,0.0000,0.0000,10.00,0.00,50.00,--,--,0.00,SUCCEEDED,2,0.050,2.4810,0.2400,3.8953,0.2538,-0.0210,0.018
86.309,84.376,0.973,GRASP,diverged1,5.7025,0.1078,-0.0603,0.118289,0.077986,0.068524,31.838,29,-0.0400,-0.4624,0.0941,-0.462,0.00000,5.9813,-0.0047,-0.1545,0.0000,0.0000,0.008,0.0591,0.1000,0.9661,59,0.038,0.00,0.00,0.00,0.00,0.0000,0.0000,9.98,0.00,50.00,--,--,0.00,SUCCEEDED,2,0.050,2.4810,0.2400,3.8953,0.2538,-0.0210,0.018
86.408,84.476,0.977,GRASP,diverged1,5.7025,0.1078,-0.0603,0.118289,0.077986,0.068524,31.938,29,-0.0400,-0.4624,0.0941,-0.462,0.00000,5.9813,-0.0047,-0.1545,0.0000,0.0000,0.008,0.0445,0.1000,0.9831,59,0.038,0.00,0.00,0.00,0.00,0.0000,0.0000,9.96,0.00,50.00,--,--,0.00,SUCCEEDED,2,0.050,2.4810,0.2400,3.8953,0.2538,-0.0210,0.018
86.509,84.576,0.977,GRASP,diverged1,5.7025,0.1078,-0.0603,0.118289,0.077986,0.068524,32.038,29,-0.0400,-0.4624,0.0941,-0.462,0.00000,5.9813,-0.0047,-0.1545,0.0000,0.0000,0.010,0.0445,0.1000,0.9831,59,0.038,0.00,0.00,0.00,0.00,0.0000,0.0000,9.98,0.00,50.10,--,--,0.00,SUCCEEDED,2,0.050,2.4810,0.2400,3.8953,0.2538,-0.0210,0.018
86.609,84.674,0.975,GRASP,diverged1,5.7025,0.1078,-0.0603,0.118289,0.077986,0.068524,32.136,29,-0.0400,-0.4624,0.0941,-0.464,0.00000,5.9813,-0.0047,-0.1545,0.0000,0.0000,0.006,0.0300,0.0766,1.0000,59,0.036,0.00,0.00,0.00,0.00,0.0000,0.0000,10.00,0.00,50.00,--,--,0.00,SUCCEEDED,2,0.050,2.4810,0.2400,3.8953,0.2538,-0.0210,0.016
86.709,84.774,0.984,GRASP,diverged1,5.7025,0.1078,-0.0603,0.118289,0.077986,0.068524,32.236,29,-0.0400,-0.4624,0.0941,-0.464,0.00000,5.9813,-0.0047,-0.1545,0.0000,0.0000,0.008,0.0300,0.0766,1.0000,59,0.036,0.00,0.00,0.00,0.00,0.0000,0.0000,9.98,0.00,50.10,--,--,0.00,SUCCEEDED,2,0.050,2.4810,0.2400,3.8953,0.2538,-0.0210,0.016
86.809,84.874,0.986,GRASP,diverged1,5.7025,0.1078,-0.0603,0.118289,0.077986,0.068524,32.336,29,-0.0400,-0.4624,0.0941,-0.464,0.00000,5.9813,-0.0047,-0.1545,0.0000,0.0000,0.006,0.0300,0.0766,1.0000,59,0.036,0.00,0.00,0.00,0.00,0.0000,0.0000,9.93,0.00,50.00,--,--,0.00,SUCCEEDED,2,0.050,2.4810,0.2400,3.8953,0.2538,-0.0210,0.016
86.909,84.968,0.985,GRASP,diverged1,5.7025,0.1078,-0.0603,0.118289,0.077986,0.068524,32.430,29,-0.0400,-0.4624,0.0941,-0.470,0.00000,5.9813,-0.0047,-0.1545,0.0000,0.0000,0.000,0.0300,0.0766,1.0000,59,0.030,0.00,0.00,0.00,0.00,0.0000,0.0000,10.00,0.00,50.00,--,--,0.00,SUCCEEDED,2,0.050,2.4810,0.2400,3.8953,0.2538,-0.0210,0.010
87.009,85.072,0.991,GRASP,diverged1,5.7025,0.1078,-0.0603,0.118289,0.077986,0.068524,32.534,29,-0.0400,-0.4624,0.0941,-0.466,0.00000,5.9813,-0.0047,-0.1545,0.0000,0.0000,0.004,0.0300,0.0766,1.0000,59,0.034,0.00,0.00,0.00,0.00,0.0000,0.0000,9.98,0.00,50.00,--,--,0.00,SUCCEEDED,2,0.050,2.4810,0.2400,3.8953,0.2538,-0.0210,0.014
87.109,85.170,0.991,GRASP,diverged1,5.7025,0.1078,-0.0603,0.118289,0.077986,0.068524,32.632,29,-0.0400,-0.4624,0.0941,-0.468,0.00000,5.9813,-0.0047,-0.1545,0.0000,0.0000,0.008,0.0300,0.0766,1.0000,59,0.032,0.00,0.00,0.00,0.00,0.0000,0.0000,9.98,0.00,50.41,--,--,0.00,SUCCEEDED,2,0.050,2.4810,0.2400,3.8953,0.2538,-0.0210,0.012
87.209,85.270,0.993,GRASP,diverged1,5.7025,0.1078,-0.0603,0.118289,0.077986,0.068524,32.732,29,-0.0400,-0.4624,0.0941,-0.468,0.00000,5.9813,-0.0047,-0.1545,0.0000,0.0000,0.002,0.0300,0.0766,1.0000,59,0.032,0.00,0.00,0.00,0.00,0.0000,0.0000,10.00,0.00,50.00,--,--,0.00,SUCCEEDED,2,0.050,2.4810,0.2400,3.8953,0.2538,-0.0210,0.012
87.308,85.370,0.995,GRASP,diverged1,5.7025,0.1078,-0.0603,0.118289,0.077986,0.068524,32.832,29,-0.0400,-0.4624,0.0941,-0.468,0.00000,5.9813,-0.0047,-0.1545,0.0000,0.0000,0.002,0.0300,0.0766,1.0000,59,0.032,0.00,0.00,0.00,0.00,0.0000,0.0000,10.04,0.00,50.00,--,--,0.00,SUCCEEDED,2,0.050,2.4810,0.2400,3.8953,0.2538,-0.0210,0.012
87.409,85.472,0.996,GRASP,diverged1,5.7025,0.1078,-0.0603,0.118289,0.077986,0.068524,32.934,29,-0.0400,-0.4624,0.0941,-0.466,0.00000,5.9813,-0.0047,-0.1545,0.0000,0.0000,0.004,0.0300,0.0766,1.0000,59,0.034,0.00,0.00,0.00,0.00,0.0000,0.0000,10.00,0.00,50.00,--,--,0.00,SUCCEEDED,2,0.050,2.4810,0.2400,3.8953,0.2538,-0.0210,0.014
87.509,85.572,0.997,GRASP,diverged1,5.7025,0.1078,-0.0603,0.118289,0.077986,0.068524,33.034,29,-0.0400,-0.4624,0.0941,-0.466,0.00000,5.9813,-0.0047,-0.1545,0.0000,0.0000,0.004,0.0300,0.0766,1.0000,59,0.034,0.00,0.00,0.00,0.00,0.0000,0.0000,10.02,0.00,50.00,--,--,0.00,SUCCEEDED,2,0.050,2.4810,0.2400,3.8953,0.2538,-0.0210,0.014
87.609,85.668,0.994,GRASP,diverged1,5.7025,0.1078,-0.0603,0.118289,0.077986,0.068524,33.130,29,-0.0400,-0.4624,0.0941,-0.470,0.00000,5.9813,-0.0047,-0.1545,0.0000,0.0000,0.020,0.0300,0.0766,1.0000,59,0.030,0.00,0.00,0.00,0.00,0.0000,0.0000,9.98,0.00,50.00,--,--,0.00,SUCCEEDED,2,0.050,2.4810,0.2400,3.8953,0.2538,-0.0210,0.010
87.710,85.768,0.992,GRASP,diverged1,5.7025,0.1078,-0.0603,0.118289,0.077986,0.068524,33.230,29,-0.0400,-0.4624,0.0941,-0.470,0.00000,5.9813,-0.0047,-0.1545,0.0000,0.0000,0.000,0.0300,0.0766,1.0000,59,0.030,0.00,0.00,0.00,0.00,0.0000,0.0000,10.07,0.00,50.00,--,--,0.00,SUCCEEDED,2,0.050,2.4810,0.2400,3.8953,0.2538,-0.0210,0.010
87.810,85.868,0.999,GRASP,diverged1,5.7025,0.1078,-0.0603,0.118289,0.077986,0.068524,33.330,29,-0.0400,-0.4624,0.0941,-0.470,0.00000,5.9813,-0.0047,-0.1545,0.0000,0.0000,0.000,0.0300,0.0766,1.0000,59,0.030,0.00,0.00,0.00,0.00,0.0000,0.0000,9.98,0.00,50.00,--,--,0.00,SUCCEEDED,2,0.050,2.4810,0.2400,3.8953,0.2538,-0.0210,0.010
87.909,85.962,0.989,VERIFY_GRASP,diverged1,5.7025,0.1078,-0.0603,0.118289,0.077986,0.068524,33.424,29,-0.0400,-0.4624,0.0941,-0.476,0.00000,5.9813,-0.0047,-0.1545,0.0000,0.0000,0.014,0.0300,0.0766,1.0000,59,0.024,0.00,0.00,0.00,0.00,0.0000,0.0000,10.04,0.00,50.00,--,--,0.00,SUCCEEDED,2,0.050,2.4810,0.2400,3.8953,0.2538,-0.0210,0.004
88.009,86.062,0.990,VERIFY_GRASP,diverged1,5.7025,0.1078,-0.0603,0.118289,0.077986,0.068524,33.524,29,-0.0400,-0.4624,0.0941,-0.476,0.00000,5.9813,-0.0047,-0.1545,0.0000,0.0000,0.014,0.0300,0.0766,1.0000,59,0.024,0.00,0.00,0.00,0.00,0.0000,0.0000,10.02,0.00,50.00,--,--,0.00,SUCCEEDED,2,0.050,2.4810,0.2400,3.8953,0.2538,-0.0210,0.004
88.109,86.160,0.989,DESCEND,diverged1,5.7025,0.1078,-0.0603,0.118289,0.077986,0.068524,33.622,29,-0.0400,-0.4624,0.0941,-0.478,0.00000,5.9813,-0.0047,-0.1545,0.0000,0.0000,0.014,0.0300,0.0766,1.0000,59,0.022,0.00,0.00,0.00,0.00,0.0000,0.0000,10.07,0.00,49.60,--,--,0.00,SUCCEEDED,2,0.050,2.4810,0.2400,3.8953,0.2538,-0.0210,0.022
88.209,86.260,0.990,DESCEND,diverged1,5.7025,0.1078,-0.0603,0.118289,0.077986,0.068524,33.722,29,-0.0400,-0.4624,0.0941,-0.478,0.00000,5.9815,-0.0047,-0.1546,0.0024,-0.0009,0.014,0.0300,0.0766,1.0000,59,0.022,0.00,0.00,0.00,1.00,0.1800,-0.0096,9.98,0.00,50.00,--,--,0.00,SUCCEEDED,2,0.050,2.4810,0.2400,3.8958,0.2538,-0.0211,0.002
88.309,86.358,0.985,DESCEND,diverged1,5.7025,0.1078,-0.0603,0.118289,0.077986,0.068524,33.820,29,-0.0400,-0.4624,0.0941,-0.480,0.00000,5.9935,-0.0066,-0.1537,0.1243,0.0081,0.010,0.0283,0.0541,1.0000,59,0.020,0.00,0.00,0.00,19.61,0.1800,0.0252,9.93,0.00,50.00,--,--,0.00,SUCCEEDED,2,0.050,2.4810,0.2400,3.9093,0.2536,-0.0201,0.000
88.409,86.460,0.988,DESCEND,diverged1,5.7025,0.1078,-0.0603,0.118289,0.077986,0.068524,33.922,29,-0.0400,-0.4624,0.0941,-0.478,0.00000,6.0113,-0.0093,-0.1513,0.1815,0.0245,0.012,0.0300,0.0766,1.0000,59,0.022,0.00,0.00,0.00,19.42,0.1800,0.0222,10.00,0.00,50.00,--,--,0.00,SUCCEEDED,2,0.050,2.4810,0.2400,3.9273,0.2535,-0.0176,0.002
88.510,86.558,0.988,DESCEND,diverged1,5.7025,0.1078,-0.0603,0.118289,0.077986,0.068524,34.020,29,-0.0400,-0.4624,0.0941,-0.380,0.00000,6.0291,-0.0120,-0.1491,0.1815,0.0215,0.010,0.0283,0.0766,1.0000,59,0.020,0.00,0.00,0.00,19.48,0.1800,0.0194,9.91,0.00,50.00,--,--,0.00,SUCCEEDED,2,0.050,2.4810,0.2400,3.9417,0.2534,-0.0158,0.020
88.608,86.658,0.990,DESCEND,diverged1,5.9579,0.0926,-0.0651,0.123624,0.071381,0.066245,0.120,30,-0.0490,-0.4032,0.0843,-0.480,0.05988,6.0469,-0.0146,-0.1473,0.2116,0.0220,0.012,0.0283,0.0766,1.0000,59,0.020,0.00,0.00,0.00,19.42,0.1800,0.0165,10.00,1.00,50.00,--,--,0.00,SUCCEEDED,2,0.050,2.4810,0.2400,3.9633,0.2533,-0.0134,0.000
88.709,86.752,0.985,DESCEND,diverged1,5.9579,0.0926,-0.0651,0.123624,0.071381,0.066245,0.214,30,-0.0490,-0.4032,0.0843,-0.486,0.00000,6.0647,-0.0173,-0.1457,0.1770,0.0158,0.004,0.0295,0.0707,1.0000,59,0.014,0.00,0.00,0.00,19.53,0.1800,0.0144,10.00,1.00,50.00,--,--,0.00,SUCCEEDED,2,0.050,2.4810,0.2400,3.9777,0.2532,-0.0120,0.014
88.809,86.848,0.980,DESCEND,diverged1,5.9579,0.0926,-0.0651,0.123624,0.071381,0.066245,0.310,30,-0.0490,-0.4032,0.0843,-0.390,0.00000,6.0825,-0.0199,-0.1443,0.1800,0.0141,0.000,0.0287,0.0766,1.0000,59,0.010,0.00,0.00,0.00,19.61,0.1800,0.0126,9.96,1.00,50.00,--,--,0.00,SUCCEEDED,2,0.050,2.4810,0.2400,3.9957,0.2532,-0.0105,0.010
88.909,86.938,0.974,DESCEND,diverged1,5.9579,0.0926,-0.0651,0.123624,0.071381,0.066245,0.400,30,-0.0490,-0.4032,0.0843,-0.400,0.00000,6.0968,-0.0219,-0.1433,0.1800,0.0126,0.010,0.0249,0.0541,1.0000,59,0.100,0.00,0.00,0.00,21.08,0.1800,0.0120,9.96,1.00,50.00,--,--,0.00,SUCCEEDED,2,0.050,2.4810,0.2400,4.0137,0.2531,-0.0092,0.000
89.009,87.042,0.980,DESCEND,diverged1,5.9579,0.0926,-0.0651,0.123624,0.071381,0.066245,0.504,30,-0.0490,-0.4032,0.0843,-0.396,0.00000,6.1146,-0.0245,-0.1422,0.1800,0.0111,0.014,0.0336,0.1000,1.0000,58,0.104,0.00,0.00,0.00,20.94,0.1800,0.0105,10.00,1.00,50.00,--,--,0.00,SUCCEEDED,2,0.050,2.4810,0.2400,4.0317,0.2531,-0.0081,0.004
89.108,87.138,0.979,DESCEND,diverged1,5.9579,0.0926,-0.0651,0.123624,0.071381,0.066245,0.600,30,-0.0490,-0.4032,0.0843,-0.400,0.00000,6.1324,-0.0270,-0.1412,0.1815,0.0098,0.010,0.0357,0.1000,1.0000,58,0.100,0.00,0.00,0.00,20.88,0.1800,0.0091,9.91,1.00,50.10,--,--,0.00,SUCCEEDED,2,0.050,2.4810,0.2400,4.0497,0.2530,-0.0070,0.000
89.209,87.236,0.976,DESCEND,diverged1,5.9579,0.0926,-0.0651,0.123624,0.071381,0.066245,0.698,30,-0.0490,-0.4032,0.0843,-0.402,0.00000,6.1502,-0.0296,-0.1403,0.1815,0.0085,0.008,0.0347,0.1000,1.0000,58,0.098,0.00,0.00,0.00,20.83,0.1800,0.0080,10.02,1.00,50.00,--,--,0.00,SUCCEEDED,2,0.050,2.4810,0.2400,4.0641,0.2530,-0.0063,0.018
89.309,87.336,0.978,DESCEND,diverged1,5.9579,0.0926,-0.0651,0.123624,0.071381,0.066245,0.798,30,-0.0490,-0.4032,0.0843,-0.402,0.00000,6.1680,-0.0321,-0.1396,0.1800,0.0074,0.008,0.0343,0.1000,1.0000,58,0.098,0.00,0.00,0.00,20.79,0.1800,0.0070,10.07,1.00,50.00,--,--,0.00,SUCCEEDED,2,0.050,2.4810,0.2400,4.0821,0.2530,-0.0055,0.018
89.409,87.432,0.972,DESCEND,diverged1,5.9579,0.0926,-0.0651,0.123624,0.071381,0.066245,0.894,30,-0.0490,-0.4032,0.0843,-0.406,0.00000,6.1859,-0.0346,-0.1390,0.1884,0.0067,0.004,0.0343,0.1000,1.0000,58,0.094,0.00,0.00,0.00,20.92,0.1800,0.0061,10.04,1.00,50.00,--,--,0.00,SUCCEEDED,2,0.050,2.4810,0.2400,4.1001,0.2529,-0.0048,0.014
89.509,87.532,0.975,DESCEND,diverged1,5.9579,0.0926,-0.0651,0.123624,0.071381,0.066245,0.994,30,-0.0490,-0.4032,0.0843,-0.406,0.00000,6.2037,-0.0371,-0.1384,0.1869,0.0059,0.004,0.0361,0.1000,1.0000,58,0.094,0.00,0.00,0.00,20.96,0.1800,0.0053,10.14,1.00,50.00,--,--,0.00,SUCCEEDED,2,0.050,2.4810,0.2400,4.1181,0.2529,-0.0042,0.014
89.609,87.628,0.973,DESCEND,diverged1,5.9579,0.0926,-0.0651,0.123624,0.071381,0.066245,1.090,30,-0.0490,-0.4032,0.0843,-0.410,0.00000,6.2215,-0.0395,-0.1379,0.2071,0.0059,0.000,0.0378,0.1000,1.0000,58,0.090,0.00,0.00,0.00,21.01,0.1800,0.0047,10.00,0.00,50.00,--,--,0.00,SUCCEEDED,2,0.050,2.4810,0.2400,4.1361,0.2529,-0.0037,0.010
89.709,87.728,0.976,DESCEND,diverged1,5.9579,0.0926,-0.0651,0.123624,0.071381,0.066245,1.190,30,-0.0490,-0.4032,0.0843,-0.410,0.00000,6.2394,-0.0420,-0.1375,0.1815,0.0044,0.000,0.0395,0.1000,1.0000,58,0.090,0.00,0.00,0.00,20.96,0.1800,0.0041,10.00,0.00,50.00,--,--,0.00,SUCCEEDED,2,0.050,2.4810,0.2400,4.1541,0.2529,-0.0032,0.010
89.810,87.830,0.990,DESCEND,diverged1,5.9579,0.0926,-0.0651,0.123624,0.071381,0.066245,1.292,30,-0.0490,-0.4032,0.0843,-0.408,0.00000,6.2572,-0.0445,-0.1371,0.1860,0.0039,0.002,0.0386,0.1000,1.0000,58,0.092,0.00,0.00,0.00,20.96,0.1800,0.0034,10.00,0.00,49.90,--,--,0.00,SUCCEEDED,2,0.050,2.4810,0.2400,4.1721,0.2528,-0.0028,0.012
89.909,87.928,0.984,DESCEND,diverged1,5.9579,0.0926,-0.0651,0.123624,0.071381,0.066245,1.390,30,-0.0490,-0.4032,0.0843,-0.410,0.00000,6.2714,-0.0464,-0.1368,0.1785,0.0033,0.022,0.0411,0.1000,0.9828,58,0.090,0.00,0.00,0.00,19.83,0.1800,0.0030,9.96,0.00,50.00,--,--,0.00,SUCCEEDED,2,0.050,2.4810,0.2400,4.1901,0.2528,-0.0024,0.010
90.009,88.026,0.984,DESCEND,diverged1,5.9579,0.0926,-0.0651,0.123624,0.071381,0.066245,1.488,30,-0.0490,-0.4032,0.0843,-0.412,0.00000,6.2893,-0.0489,-0.1365,0.1815,0.0030,0.020,0.0397,0.1000,0.9828,58,0.088,0.00,0.00,0.00,19.87,0.1800,0.0026,10.02,0.00,50.10,--,--,0.00,SUCCEEDED,2,0.050,2.4810,0.2400,4.2081,0.2528,-0.0021,0.008
90.109,88.126,0.989,DESCEND,diverged1,6.2114,0.0862,-0.0499,0.122888,0.074263,0.068636,0.088,31,-0.0640,-0.4085,0.0865,-0.412,0.01589,6.3071,-0.0513,-0.1363,0.1815,0.0026,0.020,0.0402,0.1000,0.9828,58,0.088,0.00,0.00,0.00,19.71,0.1800,0.0023,9.93,1.00,50.00,--,--,0.00,SUCCEEDED,2,0.050,2.4810,0.2400,4.2261,0.2528,-0.0019,0.008
90.209,88.226,0.989,DESCEND,diverged1,6.2114,0.0862,-0.0499,0.122888,0.074263,0.068636,0.188,31,-0.0640,-0.4085,0.0865,-0.412,0.00000,6.3249,-0.0538,-0.1360,0.1770,0.0022,0.018,0.0404,0.1000,1.0000,58,0.088,0.00,0.00,0.00,19.67,0.1800,0.0020,10.02,1.00,49.90,--,--,0.00,SUCCEEDED,2,0.050,2.4810,0.2400,4.2441,0.2528,-0.0016,0.008
90.309,88.326,0.993,DESCEND,diverged1,6.2114,0.0862,-0.0499,0.122888,0.074263,0.068636,0.288,31,-0.0640,-0.4085,0.0865,-0.412,0.00000,6.3428,-0.0562,-0.1358,0.1815,0.0020,0.018,0.0400,0.1000,1.0000,58,0.088,0.00,0.00,0.00,19.59,0.1800,0.0018,9.96,1.00,50.00,--,--,0.00,SUCCEEDED,2,0.050,2.4810,0.2400,4.2621,0.2528,-0.0014,0.008
90.409,88.424,0.992,DESCEND,diverged1,6.2114,0.0862,-0.0499,0.122888,0.074263,0.068636,0.386,31,-0.0640,-0.4085,0.0865,-0.414,0.00000,6.3606,-0.0587,-0.1357,0.1800,0.0017,0.016,0.0400,0.1000,0.9828,58,0.086,0.00,0.00,0.00,19.63,0.1800,0.0015,9.98,1.00,49.90,--,--,0.00,SUCCEEDED,2,0.050,2.4810,0.2400,4.2801,0.2528,-0.0012,0.006
90.509,88.522,0.991,DESCEND,diverged1,6.2114,0.0862,-0.0499,0.122888,0.074263,0.068636,0.484,31,-0.0640,-0.4085,0.0865,-0.416,0.00000,6.3784,-0.0611,-0.1355,0.2002,0.0017,0.014,0.0385,0.1000,0.9831,59,0.084,0.00,0.00,0.00,19.67,0.1800,0.0013,9.96,1.00,49.90,--,--,0.00,SUCCEEDED,2,0.050,2.4810,0.2400,4.2981,0.2528,-0.0011,0.004
90.609,88.622,0.995,DESCEND,diverged1,6.2114,0.0862,-0.0499,0.122888,0.074263,0.068636,0.584,31,-0.0640,-0.4085,0.0865,-0.416,0.00000,6.3963,-0.0635,-0.1354,0.1815,0.0013,0.014,0.0364,0.1000,0.9831,59,0.084,0.00,0.00,0.00,19.63,0.1800,0.0012,9.98,1.00,50.00,--,--,0.00,SUCCEEDED,2,0.050,2.4810,0.2400,4.3161,0.2528,-0.0009,0.004
90.709,88.722,0.992,DESCEND,diverged1,6.2114,0.0862,-0.0499,0.122888,0.074263,0.068636,0.684,31,-0.0640,-0.4085,0.0865,-0.416,0.00000,6.4141,-0.0659,-0.1353,0.1800,0.0012,0.014,0.0356,0.1000,0.9831,59,0.084,0.00,0.00,0.00,20.62,0.1800,0.0010,9.98,1.00,50.00,--,--,0.00,SUCCEEDED,2,0.050,2.4810,0.2400,4.3341,0.2528,-0.0008,0.004
90.809,88.818,0.989,DESCEND,diverged1,6.2114,0.0862,-0.0499,0.122888,0.074263,0.068636,0.780,31,-0.0640,-0.4085,0.0865,-0.420,0.00000,6.4320,-0.0684,-0.1352,0.1884,0.0011,0.010,0.0364,0.1000,0.9831,59,0.080,0.00,0.00,0.00,20.79,0.1800,0.0009,10.07,1.00,50.10,--,--,0.00,SUCCEEDED,2,0.050,2.4810,0.2400,4.3485,0.2528,-0.0007,0.020
90.909,88.920,0.993,DESCEND,diverged1,6.2114,0.0862,-0.0499,0.122888,0.074263,0.068636,0.882,31,-0.0640,-0.4085,0.0865,-0.418,0.00000,6.4498,-0.0708,-0.1351,0.1860,0.0009,0.014,0.0364,0.1000,0.9831,59,0.082,0.00,0.00,0.00,20.79,0.1800,0.0008,10.00,1.00,50.10,--,--,0.00,SUCCEEDED,2,0.050,2.4810,0.2400,4.3701,0.2527,-0.0006,0.002
91.009,89.018,0.990,DESCEND,diverged1,6.2114,0.0862,-0.0499,0.122888,0.074263,0.068636,0.980,31,-0.0640,-0.4085,0.0865,-0.420,0.00000,6.4676,-0.0732,-0.1350,0.1830,0.0008,0.012,0.0379,0.1000,0.9828,58,0.080,0.00,0.00,0.00,20.88,0.1800,0.0007,10.02,1.00,50.10,--,--,0.00,SUCCEEDED,2,0.050,2.4810,0.2400,4.3881,0.2527,-0.0006,0.000
91.108,89.118,0.992,DESCEND,diverged1,6.2114,0.0862,-0.0499,0.122888,0.074263,0.068636,1.080,31,-0.0640,-0.4085,0.0865,-0.420,0.00000,6.4855,-0.0756,-0.1349,0.1785,0.0007,0.010,0.0381,0.1000,0.9828,58,0.080,0.00,0.00,0.00,20.88,0.1800,0.0006,10.02,0.00,50.00,--,--,0.00,SUCCEEDED,2,0.050,2.4810,0.2400,4.4025,0.2527,-0.0005,0.020
91.209,89.218,0.991,DESCEND,diverged1,6.2114,0.0862,-0.0499,0.122888,0.074263,0.068636,1.180,31,-0.0640,-0.4085,0.0865,-0.420,0.00000,6.5033,-0.0781,-0.1348,0.1813,0.0018,0.010,0.0350,0.1000,0.9828,58,0.080,0.00,0.00,0.00,20.88,0.1800,0.0006,10.00,0.00,50.10,--,--,0.00,SUCCEEDED,2,0.050,2.4810,0.2400,4.4205,0.2527,-0.0005,0.020
91.309,89.318,0.993,DESCEND,diverged1,6.2114,0.0862,-0.0499,0.122888,0.074263,0.068636,1.280,31,-0.0640,-0.4085,0.0865,-0.420,0.00000,6.5213,-0.0805,-0.1334,0.1833,0.0134,0.010,0.0362,0.1000,0.9828,58,0.080,0.00,0.00,0.00,20.83,0.1800,0.0006,10.04,0.00,50.00,--,--,0.00,SUCCEEDED,2,0.050,2.4810,0.2400,4.4384,0.2527,-0.0005,0.020
91.409,89.418,0.995,DESCEND,diverged1,6.2114,0.0862,-0.0499,0.122888,0.074263,0.068636,1.380,31,-0.0640,-0.4085,0.0865,-0.420,0.00000,6.5393,-0.0829,-0.1324,0.1815,0.0108,0.010,0.0385,0.1000,0.9831,59,0.080,0.00,0.00,0.00,20.65,0.1800,0.0006,10.02,0.00,50.00,--,--,0.00,SUCCEEDED,2,0.050,2.4810,0.2400,4.4562,0.2527,-0.0005,0.020
91.509,89.514,0.991,DESCEND,diverged1,6.4669,0.0603,-0.0421,0.128350,0.075256,0.071652,0.076,32,-0.0588,-0.4447,0.0900,-0.424,0.03659,6.5572,-0.0853,-0.1317,0.1810,0.0069,0.006,0.0371,0.1000,1.0000,57,0.076,0.00,0.00,0.00,20.75,0.1800,0.0006,10.09,1.00,50.00,--,--,0.00,SUCCEEDED,2,0.050,2.4810,0.2400,4.4739,0.2527,-0.0005,0.016
91.609,89.614,0.992,DESCEND,diverged1,6.4669,0.0603,-0.0421,0.128350,0.075256,0.071652,0.176,32,-0.0588,-0.4447,0.0900,-0.424,0.00000,6.5751,-0.0876,-0.1314,0.2007,0.0034,0.006,0.0369,0.0941,1.0000,53,0.076,0.00,0.00,0.00,20.75,0.1800,0.0006,10.02,1.00,50.00,--,--,0.00,SUCCEEDED,2,0.050,2.4810,0.2400,4.4915,0.2527,-0.0005,0.016
91.709,89.714,0.995,DESCEND,diverged1,6.4669,0.0603,-0.0421,0.128350,0.075256,0.071652,0.276,32,-0.0588,-0.4447,0.0900,-0.424,0.00000,6.5929,-0.0900,-0.1314,0.1798,-0.0002,0.006,0.0340,0.1000,1.0000,51,0.076,0.00,0.00,0.00,20.70,0.1800,0.0005,9.91,1.00,49.90,--,--,0.00,SUCCEEDED,2,0.050,2.4810,0.2400,4.5089,0.2527,-0.0004,0.016
91.809,89.814,0.993,DESCEND,diverged1,6.4669,0.0603,-0.0421,0.128350,0.075256,0.071652,0.376,32,-0.0588,-0.4447,0.0900,-0.424,0.00000,6.6109,-0.0924,-0.1318,0.1837,-0.0041,0.006,0.0351,0.1000,1.0000,48,0.076,0.00,0.00,0.00,19.71,0.1800,0.0004,9.98,1.00,50.00,--,--,0.00,SUCCEEDED,2,0.050,2.4810,0.2400,4.5265,0.2527,-0.0003,0.016
91.909,89.914,0.996,DESCEND,diverged1,6.4669,0.0603,-0.0421,0.128350,0.075256,0.071652,0.476,32,-0.0588,-0.4447,0.0900,-0.424,0.00000,6.6288,-0.0948,-0.1326,0.2062,-0.0091,0.008,0.0363,0.1000,1.0000,48,0.076,0.00,0.00,0.00,19.59,0.1800,0.0003,9.89,1.00,49.90,--,--,0.00,SUCCEEDED,2,0.050,2.4810,0.2400,4.5443,0.2527,-0.0003,0.016
92.009,90.014,0.997,DESCEND,diverged1,6.4669,0.0603,-0.0421,0.128350,0.075256,0.071652,0.576,32,-0.0588,-0.4447,0.0900,-0.424,0.00000,6.6468,-0.0972,-0.1338,0.1803,-0.0119,0.006,0.0990,0.2024,0.6600,50,0.076,0.00,0.00,0.00,19.55,0.1800,0.0003,9.96,1.00,50.00,--,--,0.00,SUCCEEDED,2,0.050,2.4810,0.2400,4.5623,0.2527,-0.0002,0.016
92.109,90.108,0.989,DESCEND,diverged1,6.4669,0.0603,-0.0421,0.128350,0.075256,0.071652,0.670,32,-0.0588,-0.4447,0.0900,-0.430,0.00000,6.6612,-0.0991,-0.1344,0.1845,-0.0090,0.020,0.2415,0.5540,0.5102,49,0.070,0.00,0.00,0.00,19.51,0.1800,0.0002,10.02,1.00,50.00,--,--,0.00,SUCCEEDED,2,0.050,2.4810,0.2400,4.5801,0.2527,-0.0002,0.010
92.209,90.206,0.986,DESCEND,diverged1,6.4669,0.0603,-0.0421,0.128350,0.075256,0.071652,0.768,32,-0.0588,-0.4447,0.0900,-0.432,0.00000,6.6791,-0.1015,-0.1343,0.2085,0.0005,0.024,0.2999,0.7000,0.4898,49,0.068,0.00,0.00,0.00,19.43,0.1800,0.0002,9.87,1.00,50.31,--,--,0.00,SUCCEEDED,2,0.050,2.4810,0.2400,4.5973,0.2527,-0.0002,0.008
92.309,90.298,0.977,DESCEND,diverged1,6.4669,0.0603,-0.0421,0.128350,0.075256,0.071652,0.860,32,-0.0588,-0.4447,0.0900,-0.440,0.00000,6.6969,-0.1039,-0.1343,0.1733,0.0002,0.010,0.3024,0.7000,0.4898,49,0.060,0.00,0.00,0.00,19.63,0.1800,0.0002,10.00,1.00,49.90,--,--,0.00,SUCCEEDED,2,0.050,2.4810,0.2400,4.6144,0.2527,-0.0002,0.000
92.409,90.400,0.982,DESCEND,diverged1,6.4669,0.0603,-0.0421,0.128350,0.075256,0.071652,0.962,32,-0.0588,-0.4447,0.0900,-0.438,0.00000,6.7147,-0.1063,-0.1343,0.1830,0.0003,0.012,0.3013,0.7000,0.4898,49,0.062,0.00,0.00,0.00,20.74,0.1800,0.0002,9.93,1.00,50.00,--,--,0.00,SUCCEEDED,2,0.050,2.4810,0.2400,4.6315,0.2527,-0.0002,0.002
92.509,90.496,0.982,DESCEND,diverged1,6.4669,0.0603,-0.0421,0.128350,0.075256,0.071652,1.058,32,-0.0588,-0.4447,0.0900,-0.442,0.00000,6.7326,-0.1088,-0.1343,0.1845,0.0003,0.010,0.2993,0.7000,0.4800,50,0.058,0.00,0.00,0.00,20.79,0.1800,0.0002,10.00,0.00,50.00,--,--,0.00,SUCCEEDED,2,0.050,2.4810,0.2400,4.6452,0.2527,-0.0002,0.018
92.609,90.596,0.982,DESCEND,diverged1,6.4669,0.0603,-0.0421,0.128350,0.075256,0.071652,1.158,32,-0.0588,-0.4447,0.0900,-0.442,0.00000,6.7504,-0.1112,-0.1343,0.1839,0.0003,0.008,0.3009,0.7000,0.4800,50,0.058,0.00,0.00,0.00,20.70,0.1800,0.0002,10.04,0.00,50.00,--,--,0.00,SUCCEEDED,2,0.050,2.4810,0.2400,4.6623,0.2527,-0.0002,0.018
92.709,90.692,0.975,DESCEND,diverged1,6.4669,0.0603,-0.0421,0.128350,0.075256,0.071652,1.254,32,-0.0588,-0.4447,0.0900,-0.446,0.00000,6.7683,-0.1136,-0.1342,0.1800,0.0002,0.004,0.3004,0.7000,0.4800,50,0.054,0.00,0.00,0.00,20.79,0.1800,0.0002,10.04,0.00,50.00,--,--,0.00,SUCCEEDED,2,0.050,2.4810,0.2400,4.6795,0.2527,-0.0002,0.014
92.809,90.790,0.976,DESCEND,diverged1,6.4669,0.0603,-0.0421,0.128350,0.075256,0.071652,1.352,32,-0.0588,-0.4447,0.0900,-0.448,0.00000,6.7861,-0.1160,-0.1342,0.1815,0.0002,0.002,0.3046,0.7000,0.4800,50,0.052,0.00,0.00,0.00,20.83,0.1800,0.0002,10.14,0.00,50.00,--,--,0.00,SUCCEEDED,2,0.050,2.4810,0.2400,4.6966,0.2527,-0.0002,0.012
92.909,90.892,0.978,DESCEND,diverged1,6.7462,0.0662,-0.0446,0.145718,0.072667,0.075224,0.054,33,-0.0320,-0.4248,0.0896,-0.446,0.03338,6.8039,-0.1184,-0.1342,0.1800,0.0002,0.004,0.3059,0.7000,0.4800,50,0.054,0.00,0.00,0.00,20.93,0.1800,0.0002,10.02,1.00,50.10,--,--,0.00,SUCCEEDED,2,0.050,2.4810,0.2400,4.7137,0.2527,-0.0002,0.014
93.009,90.990,0.980,DESCEND,diverged1,6.7462,0.0662,-0.0446,0.145718,0.072667,0.075224,0.152,33,-0.0320,-0.4248,0.0896,-0.448,0.00000,6.8218,-0.1208,-0.1342,0.1884,0.0003,0.002,0.3003,0.7000,0.4902,51,0.052,0.00,0.00,0.00,20.83,0.1800,0.0002,9.98,1.00,50.00,--,--,0.00,SUCCEEDED,2,0.050,2.4810,0.2400,4.7308,0.2527,-0.0002,0.012
93.109,91.084,0.976,DESCEND,diverged1,6.7462,0.0662,-0.0446,0.145718,0.072667,0.075224,0.246,33,-0.0320,-0.4248,0.0896,-0.454,0.00000,6.8360,-0.1227,-0.1341,0.1830,0.0003,0.016,0.3006,0.7000,0.4902,51,0.046,0.00,0.00,0.00,20.92,0.1800,0.0002,10.09,1.00,50.00,--,--,0.00,SUCCEEDED,2,0.050,2.4810,0.2400,4.7480,0.2527,-0.0002,0.006
93.208,91.178,0.973,DESCEND,diverged1,6.7462,0.0662,-0.0446,0.145718,0.072667,0.075224,0.340,33,-0.0320,-0.4248,0.0896,-0.460,0.00000,6.8539,-0.1251,-0.1341,0.1815,0.0002,0.010,0.3043,0.7000,0.4902,51,0.040,0.00,0.00,0.00,20.96,0.1800,0.0002,10.00,1.00,49.70,--,--,0.00,SUCCEEDED,2,0.050,2.4810,0.2400,4.7651,0.2527,-0.0002,0.000
93.309,91.280,0.983,DESCEND,diverged1,6.7462,0.0662,-0.0446,0.145718,0.072667,0.075224,0.442,33,-0.0320,-0.4248,0.0896,-0.458,0.00000,6.8717,-0.1275,-0.1341,0.1869,0.0003,0.012,0.2991,0.7000,0.4902,51,0.042,0.00,0.00,0.00,20.92,0.1800,0.0002,10.04,1.00,50.10,--,--,0.00,SUCCEEDED,2,0.050,2.4810,0.2400,4.7822,0.2527,-0.0002,0.002
93.409,91.380,0.982,DESCEND,diverged1,6.7462,0.0662,-0.0446,0.145718,0.072667,0.075224,0.542,33,-0.0320,-0.4248,0.0896,-0.458,0.00000,6.8896,-0.1299,-0.1341,0.1869,0.0003,0.012,0.2872,0.6500,0.4902,51,0.042,0.00,0.00,0.00,19.87,0.1800,0.0002,10.02,1.00,50.00,--,--,0.00,SUCCEEDED,2,0.050,2.4810,0.2400,4.7993,0.2526,-0.0002,0.002
93.509,91.480,0.982,DESCEND,diverged1,6.7462,0.0662,-0.0446,0.145718,0.072667,0.075224,0.642,33,-0.0320,-0.4248,0.0896,-0.458,0.00000,6.9074,-0.1323,-0.1340,0.1869,0.0003,0.012,0.2877,0.6500,0.4902,51,0.042,0.00,0.00,0.00,19.83,0.1800,0.0002,10.07,1.00,50.00,--,--,0.00,SUCCEEDED,2,0.050,2.4810,0.2400,4.8165,0.2526,-0.0002,0.002
93.609,91.578,0.984,DESCEND,diverged1,6.7462,0.0662,-0.0446,0.145718,0.072667,0.075224,0.740,33,-0.0320,-0.4248,0.0896,-0.460,0.00000,6.9252,-0.1348,-0.1340,0.1845,0.0003,0.012,0.2877,0.6500,0.4902,51,0.040,0.00,0.00,0.00,19.83,0.1800,0.0002,10.00,1.00,50.10,--,--,0.00,SUCCEEDED,2,0.050,2.4810,0.2400,4.8336,0.2526,-0.0002,0.000
93.709,91.680,0.988,DESCEND,diverged1,6.7462,0.0662,-0.0446,0.145718,0.072667,0.075224,0.842,33,-0.0320,-0.4248,0.0896,-0.458,0.00000,6.9431,-0.1372,-0.1340,0.1988,0.0003,0.012,0.2875,0.6500,0.4902,51,0.042,0.00,0.00,0.00,19.75,0.1800,0.0002,10.00,1.00,50.00,--,--,0.00,SUCCEEDED,2,0.050,2.4810,0.2400,4.8507,0.2526,-0.0002,0.002
93.809,91.778,0.988,DESCEND,diverged1,6.7462,0.0662,-0.0446,0.145718,0.072667,0.075224,0.940,33,-0.0320,-0.4248,0.0896,-0.460,0.00000,6.9609,-0.1396,-0.1340,0.2085,0.0003,0.016,0.2856,0.6500,0.5000,52,0.040,0.00,0.00,0.00,19.79,0.1800,0.0002,10.04,1.00,50.31,--,--,0.00,SUCCEEDED,2,0.050,2.4810,0.2400,4.8644,0.2526,-0.0002,0.020
93.909,91.878,0.987,DESCEND,diverged1,6.7462,0.0662,-0.0446,0.145718,0.072667,0.075224,1.040,33,-0.0320,-0.4248,0.0896,-0.460,0.00000,6.9787,-0.1420,-0.1339,0.1748,0.0002,0.010,0.2864,0.6500,0.4808,52,0.040,0.00,0.00,0.00,19.71,0.1800,0.0002,10.00,0.00,50.00,--,--,0.00,SUCCEEDED,2,0.050,2.4810,0.2400,4.8849,0.2526,-0.0002,0.000
94.009,91.978,0.993,DESCEND,diverged1,6.7462,0.0662,-0.0446,0.145718,0.072667,0.075224,1.140,33,-0.0320,-0.4248,0.0896,-0.460,0.00000,6.9966,-0.1444,-0.1339,0.1815,0.0002,0.010,0.2860,0.6500,0.4808,52,0.040,0.00,0.00,0.00,19.71,0.1800,0.0002,10.02,0.00,50.00,--,--,0.00,SUCCEEDED,2,0.050,2.4810,0.2400,4.8986,0.2526,-0.0002,0.020
94.109,92.078,0.994,DESCEND,diverged1,6.7462,0.0662,-0.0446,0.145718,0.072667,0.075224,1.240,33,-0.0320,-0.4248,0.0896,-0.460,0.00000,7.0144,-0.1468,-0.1339,0.1989,0.0003,0.010,0.2888,0.6500,0.4808,52,0.040,0.00,0.00,0.00,19.59,0.1800,0.0002,9.96,0.00,49.90,--,--,0.00,SUCCEEDED,2,0.050,2.4810,0.2400,4.9158,0.2526,-0.0002,0.020
94.209,92.176,0.995,DESCEND,diverged1,6.7462,0.0662,-0.0446,0.145718,0.072667,0.075224,1.338,33,-0.0320,-0.4248,0.0896,-0.462,0.00000,7.0323,-0.1492,-0.1339,0.1830,0.0003,0.008,0.2897,0.6500,0.4808,52,0.038,0.00,0.00,0.00,19.59,0.1800,0.0002,9.98,0.00,50.00,--,--,0.00,SUCCEEDED,2,0.050,2.4810,0.2400,4.9329,0.2526,-0.0002,0.018
94.309,92.276,0.995,DESCEND,diverged1,6.7462,0.0662,-0.0446,0.145718,0.072667,0.075224,1.438,33,-0.0320,-0.4248,0.0896,-0.462,0.00000,7.0501,-0.1516,-0.1338,0.1815,0.0002,0.008,0.2924,0.6500,0.4808,52,0.038,0.00,0.00,0.00,20.66,0.1800,0.0002,9.98,0.00,50.00,--,--,0.00,SUCCEEDED,2,0.050,2.4810,0.2400,4.9500,0.2526,-0.0002,0.018
94.409,92.372,0.991,DESCEND,diverged1,7.0305,0.0711,-0.0193,0.160800,0.093522,0.089745,0.034,34,-0.0033,-0.5837,0.1145,-0.466,0.16155,7.0679,-0.1540,-0.1338,0.2104,0.0003,0.004,0.2944,0.6500,0.4808,52,0.034,0.00,0.00,0.00,21.78,0.1800,0.0002,9.98,1.00,50.00,--,--,0.00,SUCCEEDED,2,0.050,2.4810,0.2400,4.9671,0.2526,-0.0002,0.014
94.509,92.472,0.992,DESCEND,diverged1,7.0305,0.0711,-0.0193,0.160800,0.093522,0.089745,0.134,34,-0.0033,-0.5837,0.1145,-0.466,0.00000,7.0858,-0.1564,-0.1338,0.1815,0.0002,0.004,0.2893,0.6500,0.4906,53,0.034,0.00,0.00,0.00,21.88,0.1800,0.0002,9.98,1.00,50.00,--,--,0.00,SUCCEEDED,2,0.050,2.4810,0.2400,4.9843,0.2526,-0.0002,0.014
94.609,92.572,0.995,DESCEND,diverged1,7.0305,0.0711,-0.0193,0.160800,0.093522,0.089745,0.234,34,-0.0033,-0.5837,0.1145,-0.466,0.00000,7.1036,-0.1588,-0.1338,0.1815,0.0002,0.004,0.2920,0.6500,0.4717,53,0.034,0.00,0.00,0.00,21.93,0.1800,0.0002,10.04,1.00,49.90,--,--,0.00,SUCCEEDED,2,0.050,2.4810,0.2400,5.0014,0.2526,-0.0002,0.014
94.708,92.672,0.993,DESCEND,diverged1,7.0305,0.0711,-0.0193,0.160800,0.093522,0.089745,0.334,34,-0.0033,-0.5837,0.1145,-0.466,0.00000,7.1215,-0.1612,-0.1337,0.1898,0.0003,0.004,0.2950,0.6500,0.4717,53,0.034,0.00,0.00,0.00,21.83,0.1800,0.0002,9.96,1.00,49.90,--,--,0.00,SUCCEEDED,2,0.050,2.4810,0.2400,5.0185,0.2526,-0.0002,0.014
94.809,92.770,0.990,DESCEND,diverged1,7.0305,0.0711,-0.0193,0.160800,0.093522,0.089745,0.432,34,-0.0033,-0.5837,0.1145,-0.468,0.00000,7.1393,-0.1636,-0.1337,0.2071,0.0003,0.002,0.2895,0.6500,0.4717,53,0.032,0.00,0.00,0.00,21.83,0.1800,0.0002,10.07,1.00,50.10,--,--,0.00,SUCCEEDED,2,0.050,2.4810,0.2400,5.0356,0.2526,-0.0002,0.012
94.910,92.870,0.991,DESCEND,diverged1,7.0305,0.0711,-0.0193,0.160800,0.093522,0.089745,0.532,34,-0.0033,-0.5837,0.1145,-0.468,0.00000,7.1571,-0.1660,-0.1337,0.1815,0.0002,0.002,0.2759,0.6500,0.4717,53,0.032,0.00,0.00,0.00,21.88,0.1800,0.0002,9.96,1.00,50.00,--,--,0.00,SUCCEEDED,2,0.050,2.4810,0.2400,5.0527,0.2526,-0.0002,0.012
95.009,92.966,0.989,DESCEND,diverged1,7.0305,0.0711,-0.0193,0.160800,0.093522,0.089745,0.628,34,-0.0033,-0.5837,0.1145,-0.472,0.00000,7.1714,-0.1679,-0.1337,0.1869,0.0003,0.018,0.2768,0.6500,0.4815,54,0.028,0.00,0.00,0.00,21.88,0.1800,0.0002,9.93,1.00,50.00,--,--,0.00,SUCCEEDED,2,0.050,2.4810,0.2400,5.0699,0.2526,-0.0002,0.008
95.109,93.068,0.991,DESCEND,diverged1,7.0305,0.0711,-0.0193,0.160800,0.093522,0.089745,0.730,34,-0.0033,-0.5837,0.1145,-0.470,0.00000,7.1892,-0.1703,-0.1336,0.1815,0.0002,0.020,0.2777,0.6500,0.4815,54,0.030,0.00,0.00,0.00,21.97,0.1800,0.0002,9.96,1.00,50.10,--,--,0.00,SUCCEEDED,2,0.050,2.4810,0.2400,5.0870,0.2526,-0.0002,0.010
95.209,93.166,0.989,DESCEND,diverged1,7.0305,0.0711,-0.0193,0.160800,0.093522,0.089745,0.828,34,-0.0033,-0.5837,0.1145,-0.472,0.00000,7.2071,-0.1727,-0.1336,0.1839,0.0003,0.018,0.2778,0.6500,0.4815,54,0.028,0.00,0.00,0.00,21.78,0.1800,0.0002,9.87,1.00,50.00,--,--,0.00,SUCCEEDED,2,0.050,2.4810,0.2400,5.1041,0.2526,-0.0002,0.008
95.309,93.266,0.990,DESCEND,diverged1,7.0305,0.0711,-0.0193,0.160800,0.093522,0.089745,0.928,34,-0.0033,-0.5837,0.1145,-0.472,0.00000,7.2249,-0.1751,-0.1336,0.1869,0.0003,0.018,0.2785,0.6500,0.4815,54,0.028,0.00,0.00,0.00,20.75,0.1800,0.0002,9.96,1.00,50.00,--,--,0.00,SUCCEEDED,2,0.050,2.4810,0.2400,5.1212,0.2526,-0.0002,0.008
95.409,93.354,0.982,DESCEND,diverged1,7.0305,0.0711,-0.0193,0.160800,0.093522,0.089745,1.016,34,-0.0033,-0.5837,0.1145,-0.484,0.00000,7.2428,-0.1775,-0.1336,0.1875,0.0003,0.008,0.2824,0.6500,0.4815,54,0.016,0.00,0.00,0.00,19.63,0.1800,0.0002,10.00,0.00,50.00,--,--,0.00,SUCCEEDED,2,0.050,2.4810,0.2400,5.1349,0.2526,-0.0002,0.016
95.509,93.456,0.982,DESCEND,diverged1,7.0305,0.0711,-0.0193,0.160800,0.093522,0.089745,1.118,34,-0.0033,-0.5837,0.1145,-0.482,0.00000,7.2606,-0.1799,-0.1335,0.1770,0.0002,0.008,0.2817,0.6500,0.4815,54,0.018,0.00,0.00,0.00,19.79,0.1800,0.0002,9.93,0.00,49.90,--,--,0.00,SUCCEEDED,2,0.050,2.4810,0.2400,5.1521,0.2526,-0.0002,0.018
95.609,93.548,0.973,DESCEND,diverged1,7.0305,0.0711,-0.0193,0.160800,0.093522,0.089745,1.210,34,-0.0033,-0.5837,0.1145,-0.390,0.00000,7.2784,-0.1823,-0.1335,0.1830,0.0003,0.000,0.2846,0.6500,0.4630,54,0.010,0.00,0.00,0.00,19.87,0.1800,0.0002,10.02,0.00,50.00,--,--,0.00,SUCCEEDED,2,0.050,2.4810,0.2400,5.1692,0.2526,-0.0002,0.010
95.709,93.652,0.980,DESCEND,diverged1,7.0305,0.0711,-0.0193,0.160800,0.093522,0.089745,1.314,34,-0.0033,-0.5837,0.1145,-0.486,0.00000,7.2963,-0.1847,-0.1335,0.1800,0.0002,0.004,0.2837,0.6500,0.4630,54,0.014,0.00,0.00,0.00,19.96,0.1800,0.0002,9.93,0.00,50.10,--,--,0.00,SUCCEEDED,2,0.050,2.4810,0.2400,5.1863,0.2526,-0.0002,0.014
95.809,93.748,0.979,DESCEND,diverged1,7.0305,0.0711,-0.0193,0.160800,0.093522,0.089745,1.410,34,-0.0033,-0.5837,0.1145,-0.390,0.00000,7.3106,-0.1866,-0.1335,0.1869,0.0003,0.020,0.2866,0.6500,0.4630,54,0.010,0.00,0.00,0.00,19.87,0.1800,0.0002,10.04,0.00,50.00,--,--,0.00,SUCCEEDED,2,0.050,2.4810,0.2400,5.2034,0.2526,-0.0002,0.010
95.909,93.848,0.979,DESCEND,diverged1,7.0305,0.0711,-0.0193,0.160800,0.093522,0.089745,1.510,34,-0.0033,-0.5837,0.1145,-0.390,0.00000,7.3284,-0.1890,-0.1335,0.1800,0.0002,0.020,0.2788,0.6500,0.4630,54,0.110,0.00,0.00,0.00,19.92,0.1800,0.0002,10.04,0.00,49.90,--,--,0.00,SUCCEEDED,2,0.050,2.4810,0.2400,5.2205,0.2526,-0.0002,0.010
96.009,93.940,0.969,DESCEND,diverged1,7.3307,0.0744,-0.0166,0.177533,0.104299,0.091543,0.102,35,0.0284,-0.5924,0.1169,-0.398,0.03290,7.3462,-0.1914,-0.1334,0.1800,0.0002,0.012,0.2799,0.6447,0.4630,54,0.102,0.00,0.00,0.00,19.87,0.1800,0.0002,10.09,1.00,49.90,--,--,0.00,SUCCEEDED,2,0.050,2.4810,0.2400,5.2377,0.2526,-0.0002,0.002
96.109,94.046,0.978,DESCEND,diverged1,7.3307,0.0744,-0.0166,0.177533,0.104299,0.091543,0.208,35,0.0284,-0.5924,0.1169,-0.392,0.00000,7.3641,-0.1938,-0.1334,0.1815,0.0002,0.018,0.2801,0.6447,0.4630,54,0.108,0.00,0.00,0.00,20.00,0.1800,0.0002,10.00,1.00,50.00,--,--,0.00,SUCCEEDED,2,0.050,2.4810,0.2400,5.2548,0.2526,-0.0002,0.008
96.210,94.138,0.968,DESCEND,diverged1,7.3307,0.0744,-0.0166,0.177533,0.104299,0.091543,0.300,35,0.0284,-0.5924,0.1169,-0.400,0.00000,7.3819,-0.1962,-0.1334,0.1884,0.0003,0.010,0.2751,0.6430,0.4727,55,0.100,0.00,0.00,0.00,19.96,0.1800,0.0002,10.11,1.00,50.00,--,--,0.00,SUCCEEDED,2,0.050,2.4810,0.2400,5.2719,0.2526,-0.0002,0.000
96.308,94.242,0.976,DESCEND,diverged1,7.3307,0.0744,-0.0166,0.177533,0.104299,0.091543,0.404,35,0.0284,-0.5924,0.1169,-0.396,0.00000,7.3998,-0.1986,-0.1334,0.2003,0.0003,0.014,0.2780,0.6430,0.4727,55,0.104,0.00,0.00,0.00,19.96,0.1800,0.0002,10.02,1.00,50.00,--,--,0.00,SUCCEEDED,2,0.050,2.4810,0.2400,5.2890,0.2525,-0.0002,0.004
96.409,94.338,0.984,DESCEND,diverged1,7.3307,0.0744,-0.0166,0.177533,0.104299,0.091543,0.500,35,0.0284,-0.5924,0.1169,-0.400,0.00000,7.4176,-0.2010,-0.1333,0.1830,0.0003,0.010,0.2616,0.6000,0.4821,56,0.100,0.00,0.00,0.00,21.00,0.1800,0.0002,9.98,1.00,50.00,--,--,0.00,SUCCEEDED,2,0.050,2.4810,0.2400,5.3062,0.2525,-0.0002,0.000
96.509,94.440,0.991,DESCEND,diverged1,7.3307,0.0744,-0.0166,0.177533,0.104299,0.091543,0.602,35,0.0284,-0.5924,0.1169,-0.398,0.00000,7.4354,-0.2034,-0.1333,0.1884,0.0003,0.012,0.2625,0.6000,0.4821,56,0.102,0.00,0.00,0.00,20.97,0.1800,0.0002,10.02,1.00,50.10,--,--,0.00,SUCCEEDED,2,0.050,2.4810,0.2400,5.3233,0.2525,-0.0002,0.002
96.609,94.536,0.988,DESCEND,diverged1,7.3307,0.0744,-0.0166,0.177533,0.104299,0.091543,0.698,35,0.0284,-0.5924,0.1169,-0.402,0.00000,7.4533,-0.2057,-0.1333,0.1845,0.0003,0.010,0.2639,0.6000,0.4821,56,0.098,0.00,0.00,0.00,20.88,0.1800,0.0002,9.98,1.00,50.00,--,--,0.00,SUCCEEDED,2,0.050,2.4810,0.2400,5.3370,0.2525,-0.0002,0.018
96.709,94.640,0.988,DESCEND,diverged1,7.3307,0.0744,-0.0166,0.177533,0.104299,0.091543,0.802,35,0.0284,-0.5924,0.1169,-0.398,0.00000,7.4711,-0.2081,-0.1333,0.1785,0.0002,0.012,0.2635,0.6000,0.4643,56,0.102,0.00,0.00,0.00,20.88,0.1800,0.0002,10.02,1.00,50.00,--,--,0.00,SUCCEEDED,2,0.050,2.4810,0.2400,5.3575,0.2525,-0.0002,0.002
96.809,94.736,0.987,DESCEND,diverged1,7.3307,0.0744,-0.0166,0.177533,0.104299,0.091543,0.898,35,0.0284,-0.5924,0.1169,-0.402,0.00000,7.4890,-0.2105,-0.1332,0.2003,0.0003,0.008,0.2656,0.6000,0.4643,56,0.098,0.00,0.00,0.00,20.79,0.1800,0.0002,9.96,1.00,50.10,--,--,0.00,SUCCEEDED,2,0.050,2.4810,0.2400,5.3712,0.2525,-0.0002,0.018
96.909,94.836,0.988,DESCEND,diverged1,7.3307,0.0744,-0.0166,0.177533,0.104299,0.091543,0.998,35,0.0284,-0.5924,0.1169,-0.402,0.00000,7.5068,-0.2129,-0.1332,0.1830,0.0002,0.008,0.2650,0.6000,0.4643,56,0.098,0.00,0.00,0.00,20.79,0.1800,0.0002,10.07,1.00,50.00,--,--,0.00,SUCCEEDED,2,0.050,2.4810,0.2400,5.3883,0.2525,-0.0002,0.018
97.009,94.932,0.992,DESCEND,diverged1,7.3307,0.0744,-0.0166,0.177533,0.104299,0.091543,1.094,35,0.0284,-0.5924,0.1169,-0.406,0.00000,7.5246,-0.2153,-0.1332,0.2018,0.0003,0.004,0.2679,0.6000,0.4643,56,0.094,0.00,0.00,0.00,20.79,0.1800,0.0002,10.00,0.00,50.10,--,--,0.00,SUCCEEDED,2,0.050,2.4810,0.2400,5.4055,0.2525,-0.0002,0.014
97.109,95.036,0.999,DESCEND,diverged1,7.3307,0.0744,-0.0166,0.177533,0.104299,0.091543,1.198,35,0.0284,-0.5924,0.1169,-0.402,0.00000,7.5425,-0.2177,-0.1332,0.2018,0.0003,0.008,0.2705,0.6000,0.4643,56,0.098,0.00,0.00,0.00,20.65,0.1800,0.0002,9.96,0.00,50.00,--,--,0.00,SUCCEEDED,2,0.050,2.4810,0.2400,5.4226,0.2525,-0.0002,0.018
97.209,95.132,0.995,DESCEND,diverged1,7.3307,0.0744,-0.0166,0.177533,0.104299,0.091543,1.294,35,0.0284,-0.5924,0.1169,-0.406,0.00000,7.5603,-0.2201,-0.1331,0.1815,0.0002,0.004,0.2719,0.6000,0.4643,56,0.094,0.00,0.00,0.00,20.62,0.1800,0.0002,10.02,0.00,50.00,--,--,0.00,SUCCEEDED,2,0.050,2.4810,0.2400,5.4397,0.2525,-0.0002,0.014
97.309,95.234,0.995,DESCEND,diverged1,7.3307,0.0744,-0.0166,0.177533,0.104299,0.091543,1.396,35,0.0284,-0.5924,0.1169,-0.404,0.00000,7.5782,-0.2225,-0.1331,0.2003,0.0003,0.006,0.2713,0.6000,0.4643,56,0.096,0.00,0.00,0.00,20.70,0.1800,0.0002,9.98,0.00,50.00,--,--,0.00,SUCCEEDED,2,0.050,2.4810,0.2400,5.4568,0.2525,-0.0002,0.016
97.409,95.328,0.987,DESCEND,diverged1,7.3307,0.0744,-0.0166,0.177533,0.104299,0.091543,1.490,35,0.0284,-0.5924,0.1169,-0.410,0.00000,7.5960,-0.2249,-0.1331,0.1815,0.0002,0.000,0.2719,0.6000,0.4643,56,0.090,0.00,0.00,0.00,20.58,0.1800,0.0002,10.00,0.00,50.00,--,--,0.00,SUCCEEDED,2,0.050,2.4810,0.2400,5.4740,0.2525,-0.0002,0.010
97.509,95.432,0.992,DESCEND,diverged1,7.6476,0.0698,-0.0190,0.204504,0.149974,0.103320,0.094,36,0.0736,-0.5714,0.1141,-0.406,0.04979,7.6138,-0.2273,-0.1331,0.2018,0.0003,0.004,0.2734,0.6000,0.4464,56,0.094,0.00,0.00,0.00,19.59,0.1800,0.0002,9.98,1.00,49.90,--,--,0.00,SUCCEEDED,2,0.050,2.4810,0.2400,5.4911,0.2525,-0.0002,0.014
97.609,95.530,0.994,DESCEND,diverged1,7.6476,0.0698,-0.0190,0.204504,0.149974,0.103320,0.192,36,0.0736,-0.5714,0.1141,-0.408,0.00000,7.6317,-0.2296,-0.1330,0.1935,0.0003,0.006,0.2726,0.6000,0.4464,56,0.092,0.00,0.00,0.00,19.51,0.1800,0.0002,9.98,1.00,50.31,--,--,0.00,SUCCEEDED,2,0.050,2.4810,0.2400,5.5082,0.2525,-0.0002,0.012
97.709,95.630,0.993,DESCEND,diverged1,7.6476,0.0698,-0.0190,0.204504,0.149974,0.103320,0.292,36,0.0736,-0.5714,0.1141,-0.408,0.00000,7.6495,-0.2320,-0.1330,0.1764,0.0002,0.002,0.2720,0.6000,0.4464,56,0.092,0.00,0.00,0.00,19.55,0.1800,0.0002,9.96,1.00,50.00,--,--,0.00,SUCCEEDED,2,0.050,2.4810,0.2400,5.5253,0.2525,-0.0002,0.012
97.809,95.726,0.990,DESCEND,diverged1,7.6476,0.0698,-0.0190,0.204504,0.149974,0.103320,0.388,36,0.0736,-0.5714,0.1141,-0.412,0.00000,7.6674,-0.2344,-0.1330,0.1845,0.0003,0.000,0.2691,0.6000,0.4561,57,0.088,0.00,0.00,0.00,19.47,0.1800,0.0002,9.98,1.00,50.10,--,--,0.00,SUCCEEDED,2,0.050,2.4810,0.2400,5.5424,0.2525,-0.0002,0.008
97.909,95.828,0.992,DESCEND,diverged1,7.6476,0.0698,-0.0190,0.204504,0.149974,0.103320,0.490,36,0.0736,-0.5714,0.1141,-0.410,0.00000,7.6816,-0.2363,-0.1330,0.1800,0.0002,0.020,0.2517,0.6000,0.4655,58,0.090,0.00,0.00,0.00,19.55,0.1800,0.0002,9.96,1.00,50.00,--,--,0.00,SUCCEEDED,2,0.050,2.4810,0.2400,5.5596,0.2525,-0.0002,0.010
98.009,95.928,0.991,DESCEND,diverged1,7.6476,0.0698,-0.0190,0.204504,0.149974,0.103320,0.590,36,0.0736,-0.5714,0.1141,-0.410,0.00000,7.6995,-0.2387,-0.1329,0.1815,0.0002,0.020,0.2496,0.5500,0.4655,58,0.090,0.00,0.00,0.00,19.63,0.1800,0.0002,10.11,1.00,49.90,--,--,0.00,SUCCEEDED,2,0.050,2.4810,0.2400,5.5767,0.2525,-0.0002,0.010
98.109,96.028,0.992,DESCEND,diverged1,7.6476,0.0698,-0.0190,0.204504,0.149974,0.103320,0.690,36,0.0736,-0.5714,0.1141,-0.410,0.00000,7.7173,-0.2411,-0.1329,0.1830,0.0002,0.020,0.2503,0.5500,0.4655,58,0.090,0.00,0.00,0.00,19.67,0.1800,0.0002,9.98,1.00,50.00,--,--,0.00,SUCCEEDED,2,0.050,2.4810,0.2400,5.5938,0.2525,-0.0002,0.010
98.208,96.120,0.988,DESCEND,diverged1,7.6476,0.0698,-0.0190,0.204504,0.149974,0.103320,0.782,36,0.0736,-0.5714,0.1141,-0.418,0.00000,7.7352,-0.2435,-0.1329,0.1800,0.0002,0.012,0.2534,0.5500,0.4655,58,0.082,0.00,0.00,0.00,20.75,0.1800,0.0002,10.11,1.00,50.00,--,--,0.00,SUCCEEDED,2,0.050,2.4810,0.2400,5.6109,0.2525,-0.0002,0.002
98.309,96.224,0.995,DESCEND,diverged1,7.6476,0.0698,-0.0190,0.204504,0.149974,0.103320,0.886,36,0.0736,-0.5714,0.1141,-0.414,0.00000,7.7530,-0.2459,-0.1329,0.1815,0.0002,0.016,0.2537,0.5500,0.4483,58,0.086,0.00,0.00,0.00,20.79,0.1800,0.0002,10.02,1.00,50.00,--,--,0.00,SUCCEEDED,2,0.050,2.4810,0.2400,5.6281,0.2525,-0.0002,0.006
98.409,96.318,0.990,DESCEND,diverged1,7.6476,0.0698,-0.0190,0.204504,0.149974,0.103320,0.980,36,0.0736,-0.5714,0.1141,-0.420,0.00000,7.7708,-0.2483,-0.1328,0.2003,0.0003,0.010,0.2548,0.5527,0.4483,58,0.080,0.00,0.00,0.00,20.79,0.1800,0.0002,9.89,1.00,50.00,--,--,0.00,SUCCEEDED,2,0.050,2.4810,0.2400,5.6452,0.2525,-0.0002,0.000
98.509,96.422,0.991,DESCEND,diverged1,7.6476,0.0698,-0.0190,0.204504,0.149974,0.103320,1.084,36,0.0736,-0.5714,0.1141,-0.416,0.00000,7.7887,-0.2506,-0.1328,0.1815,0.0002,0.014,0.2549,0.5527,0.4483,58,0.084,0.00,0.00,0.00,20.93,0.1800,0.0002,10.00,0.00,50.10,--,--,0.00,SUCCEEDED,2,0.050,2.4810,0.2400,5.6623,0.2525,-0.0002,0.004
98.608,96.518,0.988,DESCEND,diverged1,7.6476,0.0698,-0.0190,0.204504,0.149974,0.103320,1.180,36,0.0736,-0.5714,0.1141,-0.420,0.00000,7.8065,-0.2530,-0.1328,0.1815,0.0002,0.010,0.2569,0.5527,0.4483,58,0.080,0.00,0.00,0.00,20.79,0.1800,0.0002,9.98,0.00,49.80,--,--,0.00,SUCCEEDED,2,0.050,2.4810,0.2400,5.6760,0.2525,-0.0002,0.020
98.709,96.616,0.986,DESCEND,diverged1,7.6476,0.0698,-0.0190,0.204504,0.149974,0.103320,1.278,36,0.0736,-0.5714,0.1141,-0.422,0.00000,7.8244,-0.2554,-0.1328,0.1815,0.0002,0.008,0.2591,0.5527,0.4483,58,0.078,0.00,0.00,0.00,20.79,0.1800,0.0002,10.00,0.00,50.00,--,--,0.00,SUCCEEDED,2,0.050,2.4810,0.2400,5.6931,0.2525,-0.0002,0.018
98.809,96.708,0.977,DESCEND,diverged1,7.6476,0.0698,-0.0190,0.204504,0.149974,0.103320,1.370,36,0.0736,-0.5714,0.1141,-0.430,0.00000,7.8386,-0.2573,-0.1327,0.1770,0.0002,0.020,0.2604,0.5527,0.4483,58,0.070,0.00,0.00,0.00,21.05,0.1800,0.0002,10.09,0.00,50.00,--,--,0.00,SUCCEEDED,2,0.050,2.4810,0.2400,5.7102,0.2525,-0.0002,0.010
98.909,96.808,0.978,DESCEND,diverged1,7.6476,0.0698,-0.0190,0.204504,0.149974,0.103320,1.470,36,0.0736,-0.5714,0.1141,-0.430,0.00000,7.8565,-0.2597,-0.1327,0.1929,0.0003,0.022,0.2602,0.5527,0.4483,58,0.070,0.00,0.00,0.00,20.96,0.1800,0.0002,9.96,0.00,50.00,--,--,0.00,SUCCEEDED,2,0.050,2.4810,0.2400,5.7274,0.2525,-0.0002,0.010
99.009,96.900,0.968,DESCEND,diverged1,7.9527,0.0566,-0.0278,0.241359,0.211831,0.118763,0.062,37,0.1032,-0.5074,0.1049,-0.438,0.07053,7.8743,-0.2621,-0.1327,0.1770,0.0002,0.012,0.2590,0.5527,0.4483,58,0.062,0.00,0.00,0.00,21.19,0.1800,0.0002,10.00,1.00,50.10,--,--,0.00,SUCCEEDED,2,0.050,2.4810,0.2400,5.7445,0.2525,-0.0002,0.002
99.109,96.998,0.975,DESCEND,diverged1,7.9527,0.0566,-0.0278,0.241359,0.211831,0.118763,0.160,37,0.1032,-0.5074,0.1049,-0.440,0.00000,7.8922,-0.2645,-0.1327,0.2018,0.0003,0.010,0.2609,0.5527,0.4483,58,0.060,0.00,0.00,0.00,21.14,0.1800,0.0002,9.89,1.00,50.00,--,--,0.00,SUCCEEDED,2,0.050,2.4810,0.2400,5.7616,0.2525,-0.0002,0.000
99.209,97.096,0.969,DESCEND,diverged1,7.9527,0.0566,-0.0278,0.241359,0.211831,0.118763,0.258,37,0.1032,-0.5074,0.1049,-0.442,0.00000,7.9100,-0.2668,-0.1327,0.1830,0.0002,0.008,0.2619,0.5527,0.4483,58,0.058,0.00,0.00,0.00,21.05,0.1800,0.0002,10.00,1.00,50.00,--,--,0.00,SUCCEEDED,2,0.050,2.4810,0.2400,5.7753,0.2524,-0.0002,0.018
99.308,97.196,0.973,DESCEND,diverged1,7.9527,0.0566,-0.0278,0.241359,0.211831,0.118763,0.358,37,0.1032,-0.5074,0.1049,-0.442,0.00000,7.9279,-0.2692,-0.1326,0.1815,0.0002,0.008,0.2645,0.5560,0.4310,58,0.058,0.00,0.00,0.00,20.13,0.1800,0.0002,10.16,1.00,50.00,--,--,0.00,SUCCEEDED,2,0.050,2.4810,0.2400,5.7924,0.2524,-0.0002,0.018
99.409,97.296,0.978,DESCEND,diverged1,7.9527,0.0566,-0.0278,0.241359,0.211831,0.118763,0.458,37,0.1032,-0.5074,0.1049,-0.442,0.00000,7.9457,-0.2716,-0.1326,0.1830,0.0002,0.008,0.2561,0.5500,0.4310,58,0.058,0.00,0.00,0.00,20.00,0.1800,0.0002,10.00,1.00,50.00,--,--,0.00,SUCCEEDED,2,0.050,2.4810,0.2400,5.8096,0.2524,-0.0002,0.018
99.508,97.396,0.975,DESCEND,diverged1,7.9527,0.0566,-0.0278,0.241359,0.211831,0.118763,0.558,37,0.1032,-0.5074,0.1049,-0.442,0.00000,7.9635,-0.2740,-0.1326,0.1830,0.0002,0.008,0.2504,0.5500,0.4310,58,0.058,0.00,0.00,0.00,20.00,0.1800,0.0002,10.11,1.00,50.00,--,--,0.00,SUCCEEDED,2,0.050,2.4810,0.2400,5.8267,0.2524,-0.0002,0.018
99.609,97.496,0.978,DESCEND,diverged1,7.9527,0.0566,-0.0278,0.241359,0.211831,0.118763,0.658,37,0.1032,-0.5074,0.1049,-0.442,0.00000,7.9814,-0.2764,-0.1326,0.1815,0.0002,0.008,0.2468,0.5500,0.4407,59,0.058,0.00,0.00,0.00,19.96,0.1800,0.0002,10.00,1.00,50.00,--,--,0.00,SUCCEEDED,2,0.050,2.4810,0.2400,5.8438,0.2524,-0.0002,0.018
99.709,97.594,0.978,DESCEND,diverged1,7.9527,0.0566,-0.0278,0.241359,0.211831,0.118763,0.756,37,0.1032,-0.5074,0.1049,-0.444,0.00000,7.9992,-0.2787,-0.1325,0.2018,0.0003,0.006,0.2471,0.5500,0.4237,59,0.056,0.00,0.00,0.00,20.00,0.1800,0.0002,10.00,1.00,50.00,--,--,0.00,SUCCEEDED,2,0.050,2.4810,0.2400,5.8609,0.2524,-0.0002,0.016
99.809,97.694,0.984,DESCEND,diverged1,7.9527,0.0566,-0.0278,0.241359,0.211831,0.118763,0.856,37,0.1032,-0.5074,0.1049,-0.444,0.00000,8.0171,-0.2811,-0.1325,0.1830,0.0002,0.006,0.2480,0.5500,0.4237,59,0.056,0.00,0.00,0.00,19.75,0.1800,0.0002,10.00,1.00,50.10,--,--,0.00,SUCCEEDED,2,0.050,2.4810,0.2400,5.8780,0.2524,-0.0002,0.016
99.908,97.792,0.985,DESCEND,diverged1,7.9527,0.0566,-0.0278,0.241359,0.211831,0.118763,0.954,37,0.1032,-0.5074,0.1049,-0.446,0.00000,8.0349,-0.2835,-0.1325,0.1815,0.0002,0.004,0.2513,0.5500,0.4237,59,0.054,0.00,0.00,0.00,19.79,0.1800,0.0002,10.00,1.00,50.10,--,--,0.00,SUCCEEDED,2,0.050,2.4810,0.2400,5.8952,0.2524,-0.0002,0.014
100.009,97.892,0.992,DESCEND,diverged1,7.9527,0.0566,-0.0278,0.241359,0.211831,0.118763,1.054,37,0.1032,-0.5074,0.1049,-0.446,0.00000,8.0527,-0.2859,-0.1325,0.1869,0.0003,0.004,0.2508,0.5500,0.4237,59,0.054,0.00,0.00,0.00,19.75,0.1800,0.0002,10.04,0.00,50.00,--,--,0.00,SUCCEEDED,2,0.050,2.4810,0.2400,5.9123,0.2524,-0.0002,0.014
100.109,97.988,0.991,DESCEND,diverged1,7.9527,0.0566,-0.0278,0.241359,0.211831,0.118763,1.150,37,0.1032,-0.5074,0.1049,-0.450,0.00000,8.0706,-0.2882,-0.1324,0.1929,0.0003,0.000,0.2541,0.5500,0.4237,59,0.050,0.00,0.00,0.00,19.71,0.1800,0.0002,9.98,0.00,50.00,--,--,0.00,SUCCEEDED,2,0.050,2.4810,0.2400,5.9294,0.2524,-0.0002,0.010
100.209,98.088,0.992,DESCEND,diverged1,7.9527,0.0566,-0.0278,0.241359,0.211831,0.118763,1.250,37,0.1032,-0.5074,0.1049,-0.450,0.00000,8.0849,-0.2901,-0.1324,0.1951,0.0003,0.020,0.2569,0.5500,0.4237,59,0.050,0.00,0.00,0.00,19.75,0.1800,0.0002,9.96,0.00,49.90,--,--,0.00,SUCCEEDED,2,0.050,2.4810,0.2400,5.9465,0.2524,-0.0002,0.010
100.309,98.176,0.978,DESCEND,diverged1,7.9527,0.0566,-0.0278,0.241359,0.211831,0.118763,1.338,37,0.1032,-0.5074,0.1049,-0.462,0.00000,8.1027,-0.2925,-0.1324,0.2048,0.0003,0.010,0.2548,0.5500,0.4237,59,0.038,0.00,0.00,0.00,19.96,0.1800,0.0002,10.02,0.00,50.10,--,--,0.00,SUCCEEDED,2,0.050,2.4810,0.2400,5.9602,0.2524,-0.0002,0.018
100.409,98.272,0.973,DESCEND,diverged1,7.9527,0.0566,-0.0278,0.241359,0.211831,0.118763,1.434,37,0.1032,-0.5074,0.1049,-0.466,0.00000,8.1205,-0.2949,-0.1324,0.1839,0.0003,0.004,0.2555,0.5500,0.4237,59,0.034,0.00,0.00,0.00,20.04,0.1800,0.0002,10.00,0.00,50.00,--,--,0.00,SUCCEEDED,2,0.050,2.4810,0.2400,5.9774,0.2524,-0.0002,0.014
100.508,98.368,0.969,DESCEND,diverged1,8.2741,0.0544,-0.0183,0.299844,0.283995,0.128187,0.030,38,0.1599,-0.5767,0.1141,-0.470,0.08952,8.1384,-0.2973,-0.1323,0.1929,0.0003,0.002,0.2566,0.5500,0.4237,59,0.030,0.00,0.00,0.00,20.04,0.1800,0.0002,9.98,1.00,50.00,--,--,0.00,SUCCEEDED,2,0.050,2.4810,0.2400,5.9945,0.2524,-0.0002,0.010
100.609,98.474,0.977,DESCEND,diverged1,8.2741,0.0544,-0.0183,0.299844,0.283995,0.128187,0.136,38,0.1599,-0.5767,0.1141,-0.464,0.00000,8.1562,-0.2996,-0.1323,0.1800,0.0002,0.006,0.2587,0.5500,0.4237,59,0.036,0.00,0.00,0.00,20.04,0.1800,0.0002,9.96,1.00,50.00,--,--,0.00,SUCCEEDED,2,0.050,2.4810,0.2400,6.0116,0.2524,-0.0002,0.016
100.709,98.572,0.976,DESCEND,diverged1,8.2741,0.0544,-0.0183,0.299844,0.283995,0.128187,0.234,38,0.1599,-0.5767,0.1141,-0.466,0.00000,8.1741,-0.3020,-0.1323,0.1800,0.0002,0.004,0.2605,0.5500,0.4237,59,0.034,0.00,0.00,0.00,19.96,0.1800,0.0002,10.02,1.00,50.00,--,--,0.00,SUCCEEDED,2,0.050,2.4810,0.2400,6.0287,0.2524,-0.0002,0.014
100.809,98.670,0.976,DESCEND,diverged1,8.2741,0.0544,-0.0183,0.299844,0.283995,0.128187,0.332,38,0.1599,-0.5767,0.1141,-0.468,0.00000,8.1919,-0.3044,-0.1323,0.1800,0.0002,0.002,0.2623,0.5500,0.4237,59,0.032,0.00,0.00,0.00,20.08,0.1800,0.0002,10.00,1.00,50.00,--,--,0.00,SUCCEEDED,2,0.050,2.4810,0.2400,6.0458,0.2524,-0.0002,0.012
100.909,98.764,0.969,DESCEND,diverged1,8.2741,0.0544,-0.0183,0.299844,0.283995,0.128187,0.426,38,0.1599,-0.5767,0.1141,-0.474,0.00000,8.2098,-0.3068,-0.1322,0.1920,0.0003,0.000,0.2549,0.5253,0.4068,59,0.026,0.00,0.00,0.00,20.00,0.1800,0.0002,9.98,1.00,50.10,--,--,0.00,SUCCEEDED,2,0.050,2.4810,0.2400,6.0630,0.2524,-0.0002,0.006
101.009,98.870,0.978,DESCEND,diverged1,8.2741,0.0544,-0.0183,0.299844,0.283995,0.128187,0.532,38,0.1599,-0.5767,0.1141,-0.468,0.00000,8.2276,-0.3091,-0.1322,0.1749,0.0002,0.002,0.2365,0.5000,0.4068,59,0.032,0.00,0.00,0.00,19.92,0.1800,0.0002,9.98,1.00,50.00,--,--,0.00,SUCCEEDED,2,0.050,2.4810,0.2400,6.0801,0.2524,-0.0002,0.012
101.109,98.966,0.978,DESCEND,diverged1,8.2741,0.0544,-0.0183,0.299844,0.283995,0.128187,0.628,38,0.1599,-0.5767,0.1141,-0.472,0.00000,8.2419,-0.3110,-0.1322,0.1869,0.0003,0.018,0.2415,0.5000,0.3898,59,0.028,0.00,0.00,0.00,19.96,0.1800,0.0002,10.04,1.00,50.00,--,--,0.00,SUCCEEDED,2,0.050,2.4810,0.2400,6.0972,0.2524,-0.0002,0.008
101.208,99.068,0.980,DESCEND,diverged1,8.2741,0.0544,-0.0183,0.299844,0.283995,0.128187,0.730,38,0.1599,-0.5767,0.1141,-0.470,0.00000,8.2597,-0.3134,-0.1322,0.1830,0.0002,0.020,0.2417,0.5000,0.3898,59,0.030,0.00,0.00,0.00,19.92,0.1800,0.0002,9.96,1.00,50.10,--,--,0.00,SUCCEEDED,2,0.050,2.4810,0.2400,6.1143,0.2524,-0.0002,0.010
101.309,99.162,0.989,DESCEND,diverged1,8.2741,0.0544,-0.0183,0.299844,0.283995,0.128187,0.824,38,0.1599,-0.5767,0.1141,-0.476,0.00000,8.2776,-0.3158,-0.1321,0.1800,0.0002,0.014,0.2453,0.5000,0.3898,59,0.024,0.00,0.00,0.00,19.63,0.1800,0.0002,10.02,1.00,49.90,--,--,0.00,SUCCEEDED,2,0.050,2.4810,0.2400,6.1315,0.2524,-0.0002,0.004
101.409,99.268,1.000,DESCEND,diverged1,8.2741,0.0544,-0.0183,0.299844,0.283995,0.128187,0.930,38,0.1599,-0.5767,0.1141,-0.470,0.00000,8.2954,-0.3182,-0.1321,0.2071,0.0003,0.020,0.2429,0.5000,0.4000,60,0.030,0.00,0.00,0.00,19.55,0.1800,0.0002,10.00,1.00,50.00,--,--,0.00,SUCCEEDED,2,0.050,2.4810,0.2400,6.1486,0.2524,-0.0002,0.010
101.509,99.364,0.989,DESCEND,diverged1,8.2741,0.0544,-0.0183,0.299844,0.283995,0.128187,1.026,38,0.1599,-0.5767,0.1141,-0.474,0.00000,8.3133,-0.3205,-0.1321,0.1815,0.0002,0.016,0.2434,0.5000,0.4000,60,0.026,0.00,0.00,0.00,19.63,0.1800,0.0002,10.09,0.00,49.90,--,--,0.00,SUCCEEDED,2,0.050,2.4810,0.2400,6.1657,0.2524,-0.0002,0.006
101.609,99.462,0.988,DESCEND,diverged1,8.2741,0.0544,-0.0183,0.299844,0.283995,0.128187,1.124,38,0.1599,-0.5767,0.1141,-0.476,0.00000,8.3311,-0.3229,-0.1321,0.1815,0.0002,0.014,0.2449,0.5000,0.4000,60,0.024,0.00,0.00,0.00,19.71,0.1800,0.0002,9.98,0.00,50.00,--,--,0.00,SUCCEEDED,2,0.050,2.4810,0.2400,6.1828,0.2524,-0.0002,0.004
101.709,99.562,0.990,DESCEND,diverged1,8.2741,0.0544,-0.0183,0.299844,0.283995,0.128187,1.224,38,0.1599,-0.5767,0.1141,-0.476,0.00000,8.3489,-0.3253,-0.1320,0.1815,0.0002,0.014,0.2443,0.5000,0.4000,60,0.024,0.00,0.00,0.00,19.67,0.1800,0.0002,9.89,0.00,50.00,--,--,0.00,SUCCEEDED,2,0.050,2.4810,0.2400,6.2000,0.2524,-0.0002,0.004
101.809,99.662,0.992,DESCEND,diverged1,8.2741,0.0544,-0.0183,0.299844,0.283995,0.128187,1.324,38,0.1599,-0.5767,0.1141,-0.476,0.00000,8.3668,-0.3276,-0.1320,0.1815,0.0002,0.014,0.2456,0.5000,0.4000,60,0.024,0.00,0.00,0.00,19.67,0.1800,0.0002,9.98,0.00,50.00,--,--,0.00,SUCCEEDED,2,0.050,2.4810,0.2400,6.2171,0.2524,-0.0002,0.004
101.909,99.762,0.998,DESCEND,diverged1,8.2741,0.0544,-0.0183,0.299844,0.283995,0.128187,1.424,38,0.1599,-0.5767,0.1141,-0.476,0.00000,8.3846,-0.3300,-0.1320,0.1869,0.0003,0.014,0.2479,0.5000,0.4000,60,0.024,0.00,0.00,0.00,19.67,0.1800,0.0002,9.89,0.00,49.80,--,--,0.00,SUCCEEDED,2,0.050,2.4810,0.2400,6.2342,0.2524,-0.0002,0.004
102.009,99.862,0.995,DESCEND,diverged1,8.2741,0.0544,-0.0183,0.299844,0.283995,0.128187,1.524,38,0.1599,-0.5767,0.1141,-0.376,0.00000,8.4025,-0.3324,-0.1320,0.1815,0.0002,0.014,0.2469,0.5000,0.4000,60,0.024,0.00,0.00,0.00,19.67,0.1800,0.0002,9.96,0.00,50.00,--,--,0.00,SUCCEEDED,2,0.050,2.4810,0.2400,6.2513,0.2524,-0.0002,0.004
102.109,99.956,0.986,DESCEND,diverged1,8.5887,0.0346,-0.0298,0.395331,0.486434,0.165564,0.118,39,0.1978,-0.4917,0.1022,-0.482,0.09302,8.4203,-0.3347,-0.1320,0.1815,0.0002,0.008,0.2472,0.5000,0.4000,60,0.018,0.00,0.00,0.00,19.67,0.1800,0.0002,10.04,1.00,50.00,--,--,0.00,SUCCEEDED,2,0.050,2.4810,0.2400,6.2650,0.2523,-0.0002,0.018
102.208,100.056,0.994,DESCEND,diverged1,8.5887,0.0346,-0.0298,0.395331,0.486434,0.165564,0.218,39,0.1978,-0.4917,0.1022,-0.482,0.00000,8.4382,-0.3371,-0.1319,0.1929,0.0003,0.010,0.2498,0.5000,0.4000,60,0.018,0.00,0.00,0.00,19.71,0.1800,0.0002,9.96,1.00,50.10,--,--,0.00,SUCCEEDED,2,0.050,2.4810,0.2400,6.2821,0.2523,-0.0002,0.018
102.308,100.148,0.986,DESCEND,diverged1,8.5887,0.0346,-0.0298,0.395331,0.486434,0.165564,0.310,39,0.1978,-0.4917,0.1022,-0.390,0.00000,8.4560,-0.3395,-0.1319,0.1770,0.0002,0.000,0.2516,0.5000,0.3833,60,0.010,0.00,0.00,0.00,20.83,0.1800,0.0002,10.00,1.00,50.00,--,--,0.00,SUCCEEDED,2,0.050,2.4810,0.2400,6.2993,0.2523,-0.0002,0.010
102.409,100.250,0.982,DESCEND,diverged1,8.5887,0.0346,-0.0298,0.395331,0.486434,0.165564,0.412,39,0.1978,-0.4917,0.1022,-0.488,0.00000,8.4738,-0.3418,-0.1319,0.1815,0.0002,0.002,0.2533,0.5000,0.3667,60,0.012,0.00,0.00,0.00,20.93,0.1800,0.0002,9.91,1.00,50.00,--,--,0.00,SUCCEEDED,2,0.050,2.4810,0.2400,6.3164,0.2523,-0.0002,0.012
102.509,100.344,0.979,DESCEND,diverged1,8.5887,0.0346,-0.0298,0.395331,0.486434,0.165564,0.506,39,0.1978,-0.4917,0.1022,-0.394,0.00000,8.4881,-0.3437,-0.1319,0.1830,0.0002,0.016,0.2244,0.4500,0.4500,60,0.106,0.00,0.00,0.00,20.88,0.1800,0.0002,9.98,1.00,50.10,--,--,0.00,SUCCEEDED,2,0.050,2.4810,0.2400,6.3335,0.2523,-0.0002,0.006
102.609,100.444,0.979,DESCEND,diverged1,8.5887,0.0346,-0.0298,0.395331,0.486434,0.165564,0.606,39,0.1978,-0.4917,0.1022,-0.394,0.00000,8.5060,-0.3461,-0.1318,0.1800,0.0002,0.016,0.2268,0.4500,0.4333,60,0.106,0.00,0.00,0.00,20.97,0.1800,0.0002,10.02,1.00,50.00,--,--,0.00,SUCCEEDED,2,0.050,2.4810,0.2400,6.3506,0.2523,-0.0002,0.006
102.709,100.538,0.973,DESCEND,diverged1,8.5887,0.0346,-0.0298,0.395331,0.486434,0.165564,0.700,39,0.1978,-0.4917,0.1022,-0.400,0.00000,8.5238,-0.3485,-0.1318,0.1830,0.0002,0.010,0.2282,0.4500,0.4333,60,0.100,0.00,0.00,0.00,20.96,0.1800,0.0002,10.09,1.00,50.00,--,--,0.00,SUCCEEDED,2,0.050,2.4810,0.2400,6.3678,0.2523,-0.0002,0.000
102.809,100.638,0.973,DESCEND,diverged1,8.5887,0.0346,-0.0298,0.395331,0.486434,0.165564,0.800,39,0.1978,-0.4917,0.1022,-0.400,0.00000,8.5416,-0.3508,-0.1318,0.1830,0.0002,0.010,0.2301,0.4500,0.4333,60,0.100,0.00,0.00,0.00,21.01,0.1800,0.0002,10.04,1.00,50.00,--,--,0.00,SUCCEEDED,2,0.050,2.4810,0.2400,6.3849,0.2523,-0.0002,0.000
102.909,100.738,0.974,DESCEND,diverged1,8.5887,0.0346,-0.0298,0.395331,0.486434,0.165564,0.900,39,0.1978,-0.4917,0.1022,-0.400,0.00000,8.5595,-0.3532,-0.1318,0.1815,0.0002,0.010,0.2313,0.4500,0.4167,60,0.100,0.00,0.00,0.00,21.01,0.1800,0.0002,10.16,1.00,50.00,--,--,0.00,SUCCEEDED,2,0.050,2.4810,0.2400,6.3986,0.2523,-0.0002,0.020
103.009,100.838,0.977,DESCEND,diverged1,8.5887,0.0346,-0.0298,0.395331,0.486434,0.165564,1.000,39,0.1978,-0.4917,0.1022,-0.400,0.00000,8.5773,-0.3556,-0.1325,0.1801,-0.0076,0.010,0.2317,0.4500,0.4167,60,0.100,0.00,0.00,0.00,21.05,0.1800,0.0002,10.02,1.00,49.90,--,--,0.00,SUCCEEDED,2,0.050,2.4810,0.2400,6.4160,0.2523,-0.0002,0.020
103.109,100.938,0.982,DESCEND,diverged1,8.5887,0.0346,-0.0298,0.395331,0.486434,0.165564,1.100,39,0.1978,-0.4917,0.1022,-0.400,0.00000,8.5952,-0.3580,-0.1334,0.1815,-0.0093,0.010,0.1925,0.3500,0.4333,60,0.100,0.00,0.00,0.00,20.88,0.1800,0.0001,10.00,0.00,50.00,--,--,0.00,SUCCEEDED,2,0.050,2.4810,0.2400,6.4335,0.2523,-0.0001,0.020
103.209,101.038,0.988,DESCEND,diverged1,8.5887,0.0346,-0.0298,0.395331,0.486434,0.165564,1.200,39,0.1978,-0.4917,0.1022,-0.400,0.00000,8.6131,-0.3604,-0.1341,0.1866,-0.0069,0.010,0.1357,0.2500,0.5000,60,0.100,0.00,0.00,0.00,20.83,0.1800,0.0001,9.96,0.00,49.90,--,--,0.00,SUCCEEDED,2,0.050,2.4810,0.2400,6.4548,0.2523,-0.0001,0.000
103.309,101.138,0.986,DESCEND,diverged1,8.5887,0.0346,-0.0298,0.395331,0.486434,0.165564,1.300,39,0.1978,-0.4917,0.1022,-0.400,0.00000,8.6310,-0.3628,-0.1345,0.1821,-0.0043,0.010,0.0851,0.1500,0.5667,60,0.100,0.00,0.00,0.00,19.67,0.1800,0.0001,9.96,0.00,50.00,--,--,0.00,SUCCEEDED,2,0.050,2.4810,0.2400,6.4689,0.2523,-0.0000,0.020
103.409,101.234,0.984,DESCEND,diverged1,8.5887,0.0346,-0.0298,0.395331,0.486434,0.165564,1.396,39,0.1978,-0.4917,0.1022,-0.404,0.00000,8.6489,-0.3652,-0.1348,0.1833,-0.0023,0.006,0.0067,0.0500,1.0000,60,0.096,0.00,0.00,0.00,19.79,0.1800,0.0000,10.04,0.00,50.00,--,--,0.00,SUCCEEDED,2,0.050,2.4810,0.2400,6.4866,0.2523,-0.0000,0.016
103.509,101.332,0.987,DESCEND,diverged1,8.5887,0.0346,-0.0298,0.395331,0.486434,0.165564,1.494,39,0.1978,-0.4917,0.1022,-0.406,0.00000,8.6667,-0.3676,-0.1348,0.1801,-0.0005,0.004,0.0109,0.0500,1.0000,32,0.094,0.00,0.00,0.00,19.75,0.1800,0.0000,10.00,0.00,50.20,--,--,0.00,SUCCEEDED,2,0.050,2.4810,0.2400,6.5042,0.2523,-0.0000,0.014
103.608,101.434,0.991,DESCEND,diverged1,8.8115,0.0185,-0.0421,0.427686,0.595196,0.185379,0.096,40,0.1462,-0.4180,0.0927,-0.404,0.09002,8.6846,-0.3701,-0.1346,0.2020,0.0018,0.006,0.0117,0.0500,1.0000,30,0.096,0.00,0.00,0.00,19.67,0.1800,0.0000,10.02,1.00,50.00,--,--,0.00,SUCCEEDED,2,0.050,2.4810,0.2400,6.5218,0.2523,-0.0000,0.016
103.709,101.534,0.996,DESCEND,diverged1,8.8115,0.0185,-0.0421,0.427686,0.595196,0.185379,0.196,40,0.1462,-0.4180,0.0927,-0.404,0.00000,8.7025,-0.3725,-0.1342,0.1875,0.0043,0.006,0.0124,0.0500,1.0000,30,0.096,0.00,0.00,0.00,19.47,0.1800,0.0000,10.00,1.00,50.00,--,--,0.00,SUCCEEDED,2,0.050,2.4810,0.2400,6.5395,0.2523,-0.0000,0.016
103.809,101.634,0.997,DESCEND,diverged1,8.8115,0.0185,-0.0421,0.427686,0.595196,0.185379,0.296,40,0.1462,-0.4180,0.0927,-0.404,0.00000,8.7204,-0.3749,-0.1335,0.1840,0.0068,0.006,0.0124,0.0500,1.0000,30,0.096,0.00,0.00,0.00,19.51,0.1800,0.0000,10.00,1.00,49.90,--,--,0.00,SUCCEEDED,2,0.050,2.4810,0.2400,6.5573,0.2523,-0.0000,0.016
103.909,101.728,0.990,DESCEND,diverged1,8.8115,0.0185,-0.0421,0.427686,0.595196,0.185379,0.390,40,0.1462,-0.4180,0.0927,-0.410,0.00000,8.7384,-0.3773,-0.1326,0.2018,0.0103,0.000,0.0200,0.0500,1.0000,30,0.090,0.00,0.00,0.00,19.51,0.1800,0.0000,9.96,1.00,50.00,--,--,0.00,SUCCEEDED,2,0.050,2.4810,0.2400,6.5752,0.2523,-0.0000,0.010
104.009,101.834,0.996,DESCEND,diverged1,8.8115,0.0185,-0.0421,0.427686,0.595196,0.185379,0.496,40,0.1462,-0.4180,0.0927,-0.404,0.00000,8.7564,-0.3797,-0.1314,0.1833,0.0120,0.006,0.0357,0.0500,0.9032,31,0.096,0.00,0.00,0.00,19.55,0.1800,0.0000,9.96,1.00,50.00,--,--,0.00,SUCCEEDED,2,0.050,2.4810,0.2400,6.5931,0.2523,-0.0000,0.016
104.108,101.928,0.991,DESCEND,diverged1,8.8115,0.0185,-0.0421,0.427686,0.595196,0.185379,0.590,40,0.1462,-0.4180,0.0927,-0.410,0.00000,8.7743,-0.3820,-0.1311,0.1819,0.0037,0.000,0.0380,0.0707,0.9032,31,0.090,0.00,0.00,0.00,19.63,0.1800,0.0000,10.00,1.00,50.00,--,--,0.00,SUCCEEDED,2,0.050,2.4810,0.2400,6.6111,0.2523,-0.0000,0.010
104.209,102.028,0.988,DESCEND,diverged1,8.8115,0.0185,-0.0421,0.427686,0.595196,0.185379,0.690,40,0.1462,-0.4180,0.0927,-0.410,0.00000,8.7921,-0.3844,-0.1311,0.1800,0.0000,0.000,0.0410,0.0707,0.9032,31,0.090,0.00,0.00,0.00,20.79,0.1800,0.0000,10.04,1.00,50.10,--,--,0.00,SUCCEEDED,2,0.050,2.4810,0.2400,6.6291,0.2523,-0.0000,0.010
104.310,102.128,0.992,DESCEND,diverged1,8.8115,0.0185,-0.0421,0.427686,0.595196,0.185379,0.790,40,0.1462,-0.4180,0.0927,-0.410,0.00000,8.8100,-0.3868,-0.1311,0.1800,0.0000,0.000,0.0426,0.1000,0.9355,31,0.090,0.00,0.00,0.00,20.79,0.1800,0.0000,10.00,1.00,50.00,--,--,0.00,SUCCEEDED,2,0.050,2.4810,0.2400,6.6471,0.2523,-0.0000,0.010
104.409,102.228,0.996,DESCEND,diverged1,8.8115,0.0185,-0.0421,0.427686,0.595196,0.185379,0.890,40,0.1462,-0.4180,0.0927,-0.410,0.00000,8.8237,-0.3886,-0.1311,0.2380,0.0000,0.020,0.0378,0.1000,0.9355,31,0.090,0.00,0.00,0.00,20.74,0.0000,0.0000,10.00,1.00,50.00,--,--,0.00,SUCCEEDED,2,0.050,2.4810,0.2400,6.6639,0.2523,-0.0000,0.010
104.509,102.326,0.995,RETURN_HOME,diverged1,8.8115,0.0185,-0.0421,0.427686,0.595196,0.185379,0.988,40,0.1462,-0.4180,0.0927,-0.412,0.00000,8.8279,-0.3891,-0.1311,0.0448,-0.0001,0.018,0.0362,0.0707,0.9355,31,0.088,0.00,0.00,0.00,19.78,0.0000,0.0000,10.02,1.00,50.00,--,--,0.00,SUCCEEDED,2,0.050,2.4810,0.2400,6.6671,0.2523,-0.0000,0.008
104.609,102.424,0.989,RETURN_HOME,diverged1,8.8115,0.0185,-0.0421,0.427686,0.595196,0.185379,1.086,40,0.1462,-0.4180,0.0927,-0.414,0.00000,8.8279,-0.3891,-0.1311,0.0000,0.0000,0.016,0.0362,0.0707,0.9355,31,0.086,0.00,0.00,0.00,18.87,0.0000,0.0000,9.98,0.00,49.90,--,--,0.00,EXECUTING,210,11.061,-0.0190,-0.0100,6.6671,0.2523,-0.0000,0.006
104.709,102.522,0.986,RETURN_HOME,diverged1,8.8115,0.0185,-0.0421,0.427686,0.595196,0.185379,1.184,40,0.1462,-0.4180,0.0927,-0.416,0.00000,8.8279,-0.3891,-0.1216,0.0001,0.0974,0.014,0.0407,0.1000,0.9032,31,0.084,22.73,20.83,1.00,19.83,0.0000,0.1600,10.00,0.00,50.00,--,--,0.00,EXECUTING,210,11.061,-0.0190,-0.0100,6.6671,0.2530,0.0116,0.004
104.809,102.622,0.993,RETURN_HOME,diverged1,8.8115,0.0185,-0.0421,0.427686,0.595196,0.185379,1.284,40,0.1462,-0.4180,0.0927,-0.416,0.00000,8.8279,-0.3891,-0.1049,0.0000,0.1744,0.014,0.0469,0.1058,0.9000,30,0.084,27.78,20.27,20.00,20.92,0.0000,0.1600,10.07,0.00,50.10,--,--,0.00,EXECUTING,210,11.061,-0.0190,-0.0100,6.6671,0.2545,0.0291,0.004
104.909,102.716,0.980,RETURN_HOME,diverged1,8.8115,0.0185,-0.0421,0.427686,0.595196,0.185379,1.378,40,0.1462,-0.4180,0.0927,-0.422,0.00000,8.8279,-0.3891,-0.0885,0.0000,0.1653,0.008,0.0421,0.0541,0.9310,29,0.078,29.17,20.33,20.41,22.11,0.0000,0.1600,10.09,0.00,50.00,--,--,0.00,EXECUTING,210,11.061,-0.0190,-0.0100,6.6671,0.2557,0.0428,0.018
105.009,102.816,0.982,RETURN_HOME,diverged1,8.8115,0.0185,-0.0421,0.427686,0.595196,0.185379,1.478,40,0.1462,-0.4180,0.0927,-0.422,0.00000,8.8279,-0.3891,-0.0721,-0.0000,0.1820,0.008,0.0324,0.0500,0.9667,30,0.078,29.41,20.35,20.41,23.26,0.0000,0.1600,10.07,0.00,50.00,--,--,0.00,EXECUTING,210,11.061,-0.0190,-0.0100,6.6671,0.2572,0.0597,0.018
105.109,102.916,0.987,RETURN_HOME,diverged1,8.8115,0.0185,-0.0421,0.427686,0.595196,0.185379,1.578,40,0.1462,-0.4180,0.0927,-0.422,0.00000,8.8279,-0.3891,-0.0557,-0.0000,0.1639,0.008,0.0384,0.0707,0.9677,31,0.078,29.68,20.27,20.30,24.31,0.0000,0.1600,9.91,0.00,50.00,--,--,0.00,EXECUTING,210,11.061,-0.0190,-0.0100,6.6671,0.2586,0.0764,0.018
105.209,103.016,0.989,RETURN_HOME,diverged1,8.8115,0.0185,-0.0421,0.427686,0.595196,0.185379,1.678,40,0.1462,-0.4180,0.0927,-0.422,0.00000,8.8279,-0.3891,-0.0394,-0.0000,0.1820,0.008,0.0404,0.0550,0.9333,30,0.078,29.74,20.22,20.24,24.36,0.0000,0.1600,10.00,0.00,49.90,--,--,0.00,EXECUTING,210,11.061,-0.0190,-0.0100,6.6671,0.2600,0.0929,0.018
105.309,103.116,0.989,RETURN_HOME,diverged1,8.8115,0.0185,-0.0421,0.427686,0.595196,0.185379,1.778,40,0.1462,-0.4180,0.0927,-0.422,0.00000,8.8279,-0.3891,-0.0229,-0.0000,0.1667,0.008,0.0434,0.0521,0.9333,30,0.078,29.78,20.19,20.20,25.42,0.0000,0.1600,9.85,0.00,50.00,--,--,0.00,EXECUTING,210,11.061,-0.0190,-0.0100,6.6671,0.2614,0.1095,0.018
105.409,103.216,0.989,RETURN_HOME,diverged1,8.8115,0.0185,-0.0421,0.427686,0.595196,0.185379,1.878,40,0.1462,-0.4180,0.0927,-0.422,0.00000,8.8279,-0.3891,-0.0063,-0.0000,0.1847,0.008,0.0267,0.0500,1.0000,30,0.078,29.73,20.16,20.17,27.78,0.0000,0.1600,9.98,0.00,50.10,--,--,0.00,EXECUTING,210,11.061,-0.0190,-0.0100,6.6671,0.2627,0.1258,0.018
105.509,103.308,0.982,RETURN_HOME,diverged1,8.8115,0.0185,-0.0421,0.427686,0.595196,0.185379,1.970,40,0.1462,-0.4180,0.0927,-0.430,0.00000,8.8279,-0.3891,0.0069,-0.0000,0.1578,0.020,0.0329,0.0500,1.0000,31,0.070,29.69,20.33,20.10,29.93,0.0000,0.1600,10.02,0.00,50.00,--,--,0.00,EXECUTING,210,11.061,-0.0190,-0.0100,6.6671,0.2640,0.1419,0.010
105.610,103.408,0.984,RETURN_HOME,diverged1,8.8115,0.0185,-0.0421,0.427686,0.595196,0.185379,2.070,40,0.1462,-0.4180,0.0927,-0.430,0.00000,8.8279,-0.3891,0.0396,-0.0000,0.3009,0.000,0.0365,0.1000,0.9655,29,0.070,29.79,20.30,20.09,30.46,0.0000,0.3200,10.00,0.00,50.10,--,--,0.00,EXECUTING,210,11.061,-0.0190,-0.0100,6.6671,0.2660,0.1689,0.010
105.709,103.504,0.982,RETURN_HOME,diverged1,8.8115,0.0185,-0.0421,0.427686,0.595196,0.185379,2.166,40,0.1462,-0.4180,0.0927,-0.434,0.00000,8.8279,-0.3891,0.0723,-0.0000,0.3904,0.016,0.0361,0.1000,0.9667,30,0.066,31.25,20.37,20.65,31.25,0.0000,0.4800,10.00,0.00,50.00,--,--,0.00,EXECUTING,210,11.061,-0.0190,-0.0100,6.6671,0.2689,0.2075,0.006
105.809,103.602,0.984,RETURN_HOME,diverged1,8.9035,0.0093,0.1854,0.385783,0.511436,0.166006,0.064,41,0.0758,-0.3861,0.0888,-0.436,0.07726,8.8279,-0.3891,0.1206,-0.0000,0.4905,0.014,0.0543,0.1000,0.9333,30,0.064,31.18,20.41,20.61,31.25,0.0000,0.4800,9.96,1.00,50.00,--,--,0.00,EXECUTING,210,11.061,-0.0190,-0.0100,6.6671,0.2722,0.2523,0.004
105.909,103.698,0.980,RETURN_HOME,diverged1,8.9035,0.0093,0.1854,0.385783,0.511436,0.166006,0.160,41,0.0758,-0.3861,0.0888,-0.440,0.00000,8.8279,-0.3891,0.1690,-0.0000,0.4837,0.010,0.0598,0.1000,0.9032,31,0.060,31.25,20.45,20.61,31.32,0.0000,0.4800,10.00,1.00,50.00,--,--,0.00,EXECUTING,210,11.061,-0.0190,-0.0100,6.6671,0.2746,0.2874,0.020
106.009,103.798,0.979,RETURN_HOME,diverged1,8.9035,0.0093,0.1854,0.385783,0.511436,0.166006,0.260,41,0.0758,-0.3861,0.0888,-0.440,0.00000,8.8279,-0.3891,0.2170,0.0000,0.5380,0.010,0.0704,0.1164,0.8667,30,0.060,31.25,20.37,20.65,31.32,0.0000,0.4800,10.09,1.00,50.00,--,--,0.00,EXECUTING,210,11.061,-0.0190,-0.0100,6.6671,0.2774,0.3299,0.020
106.109,103.894,0.975,RETURN_HOME,diverged1,8.9035,0.0093,0.1854,0.385783,0.511436,0.166006,0.356,41,0.0758,-0.3861,0.0888,-0.444,0.00000,8.8279,-0.3891,0.2650,0.0000,0.4800,0.006,0.0908,0.1700,0.6897,29,0.056,31.05,20.49,20.52,31.05,0.0000,0.4800,10.00,1.00,50.00,--,--,0.00,EXECUTING,210,11.061,-0.0190,-0.0100,6.6671,0.2799,0.3714,0.016
106.209,103.994,0.976,RETURN_HOME,diverged1,8.9035,0.0093,0.1854,0.385783,0.511436,0.166006,0.456,41,0.0758,-0.3861,0.0888,-0.444,0.00000,8.8279,-0.3891,0.3244,-0.0007,0.6006,0.006,0.0817,0.2000,0.7097,31,0.056,31.05,20.49,20.52,30.98,0.0000,0.6400,10.14,1.00,50.10,--,--,0.00,EXECUTING,210,11.061,-0.0190,-0.0100,6.6669,0.2823,0.4195,0.016
106.309,104.094,0.975,RETURN_HOME,diverged1,8.8347,0.0223,0.4278,0.343739,0.464719,0.159751,0.056,42,0.0011,-0.2014,0.0694,-0.444,0.19926,8.8278,-0.3892,0.3954,-0.0005,0.7100,0.006,0.0845,0.2000,0.6875,32,0.056,31.12,20.45,20.47,30.98,0.0000,0.7436,10.00,1.98,50.00,--,--,0.00,EXECUTING,210,11.061,-0.0190,-0.0100,6.6668,0.2849,0.4763,0.016
106.409,104.194,0.984,RETURN_HOME,diverged1,8.8347,0.0223,0.4278,0.343739,0.464719,0.159751,0.156,42,0.0011,-0.2014,0.0694,-0.444,0.00000,8.8297,-0.3883,0.4734,0.0207,1.0514,0.006,0.0922,0.2000,0.6250,32,0.056,31.18,20.49,20.56,31.12,0.0474,0.9036,10.00,1.98,49.90,--,--,0.00,EXECUTING,210,11.061,-0.0190,-0.0100,6.6673,0.2873,0.5326,0.016
106.509,104.292,0.983,RETURN_HOME,diverged1,8.8347,0.0223,0.4278,0.343739,0.464719,0.159751,0.254,42,0.0011,-0.2014,0.0694,-0.446,0.00000,8.8327,-0.3866,0.5588,0.0356,0.8826,0.006,0.1064,0.2500,0.5938,32,0.054,30.46,20.33,20.00,30.46,0.0474,0.9487,10.00,1.98,50.10,--,--,0.00,EXECUTING,210,11.061,-0.0190,-0.0100,6.6690,0.2898,0.5901,0.014
106.609,104.388,0.981,RETURN_HOME,diverged1,8.7642,0.0324,0.6476,0.273588,0.397980,0.142745,0.050,43,-0.0790,0.0288,0.0440,-0.450,0.24371,8.8375,-0.3832,0.6500,0.0704,1.1026,0.000,0.1139,0.3000,0.5882,34,0.050,30.79,20.41,20.13,30.79,0.0789,1.0000,10.00,2.51,50.00,--,--,0.00,EXECUTING,210,11.061,-0.0190,-0.0100,6.6720,0.2937,0.6550,0.010
106.709,104.492,0.989,RETURN_HOME,diverged1,8.6657,-2.7020,0.0005,0.002400,0.002522,0.000365,0.054,44,2.1366,3.2714,-0.6980,-0.446,3.92721,8.8451,-0.3768,0.7472,0.1010,0.9919,0.004,0.1154,0.3200,0.7297,37,0.054,30.53,20.24,20.26,30.53,0.1105,1.0000,9.91,3.33,50.00,--,--,0.00,EXECUTING,210,11.043,-0.0190,-0.0100,6.6779,0.3000,0.7260,0.014
106.808,104.588,0.986,RETURN_HOME,diverged1,8.6657,-2.7020,0.0005,0.002400,0.002522,0.000365,0.150,44,2.1366,3.2714,-0.6980,-0.450,0.00000,8.8485,-0.3735,0.8193,0.0700,0.9413,0.022,0.1042,0.3000,0.7250,40,0.050,30.66,20.24,20.30,30.66,0.0000,0.8400,10.00,5.03,50.10,--,--,0.00,EXECUTING,210,11.043,-0.0190,-0.0100,6.6825,0.3044,0.7931,0.010
106.909,104.688,0.988,RETURN_HOME,diverged1,8.6657,-2.7020,0.0005,0.002400,0.002522,0.000365,0.250,44,2.1366,3.2714,-0.6980,-0.450,0.00000,8.8485,-0.3735,0.8957,0.0000,0.7500,0.020,0.1110,0.3000,0.7143,42,0.050,30.66,20.16,20.13,30.66,0.0000,0.6800,10.00,5.03,50.00,--,--,0.00,EXECUTING,210,11.043,-0.0190,-0.0100,6.6825,0.3044,0.8500,0.010
107.009,104.784,0.986,RETURN_HOME,diverged1,8.6699,-2.7046,0.2416,0.011161,0.002439,0.008273,0.046,45,2.1342,3.2721,-0.6986,-0.454,0.00252,8.8485,-0.3735,0.9558,-0.0000,0.6162,0.016,0.1024,0.3300,0.7333,45,0.046,31.12,20.33,20.47,31.12,0.0000,0.5200,9.98,4.35,50.00,--,--,0.00,EXECUTING,210,11.043,-0.0190,-0.0100,6.6825,0.3043,0.8923,0.006
107.108,104.878,0.984,RETURN_HOME,diverged1,8.6699,-2.7046,0.2416,0.011161,0.002439,0.008273,0.140,45,2.1342,3.2721,-0.6986,-0.460,0.00000,8.8485,-0.3734,1.0073,0.0009,0.5314,0.012,0.5463,0.9000,0.1154,26,0.040,30.92,20.28,20.21,30.85,0.0000,0.5200,10.02,4.35,50.00,--,--,0.00,EXECUTING,210,11.043,-0.0190,-0.0100,6.6825,0.3044,0.9213,0.020
107.209,104.972,0.978,RETURN_HOME,diverged1,8.6699,-2.7046,0.2416,0.011161,0.002439,0.008273,0.234,45,2.1342,3.2721,-0.6986,-0.466,0.00000,8.8487,-0.3732,1.0571,0.0027,0.5233,0.008,0.3666,0.7000,0.2927,41,0.034,30.04,20.45,20.39,29.98,0.0000,0.5200,10.00,4.35,49.90,--,--,0.00,EXECUTING,210,11.043,-0.0190,-0.0100,6.6825,0.3048,0.9562,0.014
107.309,105.068,0.974,RECOVERY,diverged1,8.6699,-2.7046,0.2416,0.011161,0.002439,0.008273,0.330,45,2.1342,3.2721,-0.6986,-0.470,0.00000,8.8487,-0.3731,1.0913,0.0021,0.4589,0.020,0.3579,0.7232,0.3333,42,0.030,29.85,20.53,20.21,29.85,0.0000,0.3600,10.02,5.05,50.00,--,--,0.00,ABORTED,210,11.043,-0.0190,-0.0100,6.6824,0.3051,0.9864,0.010
107.409,105.162,0.968,RECOVERY,diverged1,8.6699,-2.7046,0.2416,0.011161,0.002439,0.008273,0.424,45,2.1342,3.2721,-0.6986,-0.476,0.00000,8.8488,-0.3729,1.1239,0.0013,0.3289,0.014,0.3735,0.7280,0.3171,41,0.024,28.85,20.53,20.34,28.45,0.0000,0.0000,9.93,5.05,49.90,--,--,0.00,ABORTED,210,11.043,-0.0190,-0.0100,6.6820,0.3053,1.0093,0.004
107.509,105.262,0.970,RECOVERY,diverged1,8.6699,-2.7046,0.2416,0.011161,0.002439,0.008273,0.524,45,2.1342,3.2721,-0.6986,-0.476,0.00000,8.8488,-0.3729,1.1301,-0.0000,0.0810,0.014,0.3815,0.7252,0.2857,42,0.024,28.42,20.62,20.83,26.32,0.0000,0.0000,9.98,5.05,50.00,--,--,0.00,ABORTED,210,11.043,-0.0190,-0.0100,6.6819,0.3053,1.0125,0.004
107.609,105.360,0.972,RECOVERY,diverged1,8.6699,-2.7046,0.2416,0.011161,0.002439,0.008273,0.622,45,2.1342,3.2721,-0.6986,-0.478,0.00000,8.8488,-0.3729,1.1301,0.0000,0.0000,0.012,0.3815,0.7252,0.2857,42,0.022,27.11,20.53,20.61,24.12,0.0000,0.0000,10.07,3.42,49.90,--,--,0.00,ABORTED,210,11.043,-0.0190,-0.0100,6.6819,0.3053,1.0125,0.002
107.709,105.454,0.961,RECOVERY,diverged1,8.6699,-2.7046,0.2416,0.011161,0.002439,0.008273,0.716,45,2.1342,3.2721,-0.6986,-0.484,0.00000,8.8488,-0.3729,1.1301,0.0000,0.0000,0.008,0.3815,0.7252,0.2857,42,0.016,25.99,20.75,20.79,22.09,0.0000,0.0000,9.98,3.42,50.00,--,--,0.00,ABORTED,210,11.043,-0.0190,-0.0100,6.6819,0.3053,1.0125,0.016
107.810,105.548,0.955,RETURN_HOME,diverged1,8.6699,-2.7046,0.2416,0.011161,0.002439,0.008273,0.810,45,2.1342,3.2721,-0.6986,-0.390,0.00000,8.8488,-0.3729,1.1301,0.0000,0.0000,0.000,0.3815,0.7252,0.2857,42,0.010,24.90,20.79,20.75,20.20,0.0000,0.3600,10.02,1.00,50.00,--,--,0.00,ABORTED,210,11.043,-0.0190,-0.0100,6.6819,0.3053,1.0125,0.010
107.908,105.644,0.957,RETURN_HOME,diverged1,8.6699,-2.7046,0.2416,0.011161,0.002439,0.008273,0.906,45,2.1342,3.2721,-0.6986,-0.394,0.00000,8.8488,-0.3728,1.1432,0.0012,0.1379,0.018,0.3730,0.7224,0.3023,43,0.106,24.24,20.88,20.75,20.20,0.0000,0.8974,10.02,1.00,50.00,--,--,0.00,EXECUTING,195,10.163,-0.0190,-0.0100,6.6819,0.3056,1.0236,0.006
108.008,105.742,0.958,RETURN_HOME,diverged1,8.6638,-2.7080,0.4539,0.018186,0.002868,0.019577,0.104,46,2.0933,3.2309,-0.6928,-0.396,0.05812,8.8489,-0.3726,1.1782,0.0021,0.3448,0.014,0.3734,0.7456,0.3256,43,0.104,24.42,20.70,21.06,20.00,0.0000,0.8462,9.96,1.11,50.00,--,--,0.00,EXECUTING,195,10.163,-0.0190,-0.0100,6.6817,0.3059,1.0492,0.004
108.109,105.832,0.956,RETURN_HOME,diverged1,8.6638,-2.7080,0.4539,0.018186,0.002868,0.019577,0.194,46,2.0933,3.2309,-0.6928,-0.406,0.00000,8.8490,-0.3726,1.2145,0.0009,0.5211,0.012,0.3711,0.7538,0.2727,44,0.094,24.11,20.83,20.96,19.92,0.0000,0.3600,10.02,1.00,50.00,--,--,0.00,EXECUTING,195,10.163,-0.0190,-0.0100,6.6810,0.3060,1.0716,0.014
108.209,105.930,0.957,RETURN_HOME,diverged1,8.6638,-2.7080,0.4539,0.018186,0.002868,0.019577,0.292,46,2.0933,3.2309,-0.6928,-0.408,0.00000,8.8490,-0.3725,1.2553,0.0004,0.4075,0.002,0.3864,0.7980,0.3023,43,0.092,25.15,20.83,20.75,21.17,0.0000,0.7949,9.93,1.00,50.00,--,--,0.00,EXECUTING,195,10.163,-0.0190,-0.0100,6.6800,0.3061,1.1034,0.012
108.309,106.020,0.952,RETURN_HOME,diverged1,8.6638,-2.7080,0.4539,0.018186,0.002868,0.019577,0.382,46,2.0933,3.2309,-0.6928,-0.418,0.00000,8.8490,-0.3725,1.2844,0.0000,0.3662,0.012,0.3763,0.7992,0.3182,44,0.082,25.46,20.88,20.92,21.38,0.0000,0.7949,10.04,1.00,50.00,--,--,0.00,EXECUTING,195,10.163,-0.0190,-0.0100,6.6787,0.3061,1.1329,0.002
108.409,106.122,0.956,RETURN_HOME,diverged1,8.6638,-2.7080,0.4539,0.018186,0.002868,0.019577,0.484,46,2.0933,3.2309,-0.6928,-0.416,0.00000,8.8490,-0.3725,1.3179,0.0001,0.3379,0.014,0.3908,0.8392,0.2955,44,0.084,26.32,20.92,21.14,24.14,0.0000,0.0400,10.02,1.00,49.90,--,--,0.00,EXECUTING,195,10.163,-0.0190,-0.0100,6.6774,0.3061,1.1589,0.004
108.510,106.218,0.952,RETURN_HOME,diverged1,8.6638,-2.7080,0.4539,0.018186,0.002868,0.019577,0.580,46,2.0933,3.2309,-0.6928,-0.420,0.00000,8.8490,-0.3725,1.3283,0.0000,0.1055,0.010,0.3993,0.8475,0.3256,43,0.080,27.91,20.93,20.93,25.39,0.0000,0.0000,9.91,1.00,49.90,--,--,0.00,EXECUTING,195,10.163,-0.0190,-0.0100,6.6771,0.3061,1.1662,0.000
108.609,106.318,0.961,RETURN_HOME,diverged1,8.6638,-2.7080,0.4539,0.018186,0.002868,0.019577,0.680,46,2.0933,3.2309,-0.6928,-0.420,0.00000,8.8490,-0.3725,1.3395,0.0003,0.1149,0.010,0.3968,0.8459,0.3256,43,0.080,26.15,18.83,18.79,26.14,0.0000,0.1600,10.02,1.00,50.00,--,--,0.00,EXECUTING,195,10.163,-0.0190,-0.0100,6.6768,0.3062,1.1739,0.020
108.709,106.418,0.967,RETURN_HOME,diverged1,8.6638,-2.7080,0.4539,0.018186,0.002868,0.019577,0.780,46,2.0933,3.2309,-0.6928,-0.420,0.00000,8.8490,-0.3725,1.3570,0.0000,0.1776,0.010,0.3967,0.8392,0.3182,44,0.080,27.25,18.63,18.87,28.26,0.0000,0.1600,9.87,1.00,50.00,--,--,0.00,EXECUTING,195,10.163,-0.0190,-0.0100,6.6760,0.3062,1.1886,0.020
108.809,106.514,0.967,RETURN_HOME,diverged1,8.6601,-2.7054,0.6888,0.022429,0.005000,0.032384,0.076,47,1.9754,3.1047,-0.6734,-0.424,0.17268,8.8490,-0.3725,1.3732,0.0000,0.2246,0.006,0.4006,0.8433,0.2955,44,0.076,28.07,18.67,18.71,29.98,0.0000,0.1600,9.96,1.26,49.90,--,--,0.00,EXECUTING,195,10.163,-0.0190,-0.0100,6.6752,0.3062,1.2024,0.016
108.912,106.588,0.936,RETURN_HOME,diverged1,8.6601,-2.7054,0.6888,0.022429,0.005000,0.032384,0.150,47,1.9754,3.1047,-0.6734,-0.450,0.00000,8.8490,-0.3725,1.3865,0.0000,0.1594,0.000,0.4130,0.8541,0.2955,44,0.050,29.85,19.15,19.19,30.92,0.0000,0.1600,10.04,1.26,50.00,--,--,0.00,EXECUTING,195,10.163,-0.0190,-0.0100,6.6746,0.3062,1.2137,0.010
109.009,106.678,0.940,RETURN_HOME,diverged1,8.6601,-2.7054,0.6888,0.022429,0.005000,0.032384,0.240,47,1.9754,3.1047,-0.6734,-0.460,0.00000,8.8490,-0.3725,1.3993,0.0000,0.1661,0.010,0.4195,0.8912,0.2791,43,0.040,29.91,19.35,19.23,31.05,0.0000,0.1600,9.98,1.00,50.00,--,--,0.00,EXECUTING,195,10.233,-0.0190,-0.0100,6.6739,0.3062,1.2248,0.020
109.110,106.768,0.930,RETURN_HOME,diverged1,8.6601,-2.7054,0.6888,0.022429,0.005000,0.032384,0.330,47,1.9754,3.1047,-0.6734,-0.470,0.00000,8.8490,-0.3725,1.4124,0.0000,0.1650,0.020,0.4105,0.8868,0.3182,44,0.030,29.77,19.43,19.03,30.80,0.0000,0.6923,10.07,1.00,50.00,--,--,0.00,EXECUTING,195,10.233,-0.0190,-0.0100,6.6731,0.3062,1.2390,0.010
109.209,106.868,0.942,RETURN_HOME,diverged1,8.6601,-2.7054,0.6888,0.022429,0.005000,0.032384,0.430,47,1.9754,3.1047,-0.6734,-0.470,0.00000,8.8490,-0.3725,1.4288,0.0000,0.1816,0.020,0.4140,0.8877,0.3409,44,0.030,29.91,19.39,19.27,30.98,0.0000,0.1600,9.93,1.00,50.00,--,--,0.00,EXECUTING,195,10.233,-0.0190,-0.0100,6.6722,0.3062,1.2533,0.010
109.309,106.960,0.931,RETURN_HOME,diverged1,8.6601,-2.7054,0.6888,0.022429,0.005000,0.032384,0.522,47,1.9754,3.1047,-0.6734,-0.478,0.00000,8.8490,-0.3725,1.4448,0.0000,0.1780,0.012,0.4253,0.9010,0.2727,44,0.022,29.85,19.31,19.15,30.92,0.0000,0.1600,10.02,1.00,50.00,--,--,0.00,EXECUTING,195,10.233,-0.0190,-0.0100,6.6713,0.3062,1.2674,0.002
109.409,107.056,0.932,RETURN_HOME,diverged1,8.6601,-2.7054,0.6888,0.022429,0.005000,0.032384,0.618,47,1.9754,3.1047,-0.6734,-0.482,0.00000,8.8490,-0.3725,1.4623,0.0000,0.1752,0.008,0.4204,0.9008,0.3333,45,0.018,29.71,19.31,19.23,31.05,0.0000,0.1600,10.09,1.00,50.00,--,--,0.00,EXECUTING,195,10.233,-0.0190,-0.0100,6.6705,0.3062,1.2802,0.018
109.509,107.148,0.931,RETURN_HOME,diverged1,8.6601,-2.7054,0.6888,0.022429,0.005000,0.032384,0.710,47,1.9754,3.1047,-0.6734,-0.390,0.00000,8.8490,-0.3725,1.4768,0.0000,0.1892,0.022,0.4304,0.9043,0.2955,44,0.010,30.97,21.69,21.28,32.01,0.0000,0.1600,10.10,1.00,50.00,--,--,0.00,EXECUTING,195,10.233,-0.0190,-0.0100,6.6694,0.3062,1.2960,0.010
109.610,107.246,0.920,RETURN_HOME,diverged1,8.6601,-2.7054,0.6888,0.022429,0.005000,0.032384,0.808,47,1.9754,3.1047,-0.6734,-0.392,0.00000,8.8490,-0.3725,1.4928,-0.0000,0.2142,0.018,0.4350,0.9376,0.2955,44,0.008,31.96,21.52,21.41,32.19,0.0000,0.1600,10.14,1.00,49.90,--,--,0.00,EXECUTING,195,10.233,-0.0190,-0.0100,6.6684,0.3062,1.3105,0.008
109.709,107.338,0.921,RETURN_HOME,diverged1,8.6601,-2.7054,0.6888,0.022429,0.005000,0.032384,0.900,47,1.9754,3.1047,-0.6734,-0.400,0.00000,8.8490,-0.3725,1.5013,0.0000,0.0877,0.010,0.4388,0.9376,0.3182,44,0.100,31.12,21.64,21.64,31.19,0.0000,0.0000,10.14,1.00,50.00,--,--,0.00,EXECUTING,195,10.233,-0.0190,-0.0100,6.6680,0.3062,1.3169,0.020
109.809,107.398,0.903,RETURN_HOME,diverged1,8.6601,-2.7054,0.6888,0.022429,0.005000,0.032384,0.960,47,1.9754,3.1047,-0.6734,-0.440,0.00000,8.8490,-0.3725,1.5052,0.0000,0.0412,0.010,0.4351,0.9376,0.3182,44,0.060,30.93,20.37,19.92,31.96,0.0000,0.1600,10.02,1.00,50.00,--,--,0.00,EXECUTING,195,10.233,-0.0190,-0.0100,6.6679,0.3062,1.3190,0.020
109.908,107.470,0.885,RETURN_HOME,diverged1,8.6601,-2.7054,0.6888,0.022429,0.005000,0.032384,1.032,47,1.9754,3.1047,-0.6734,-0.468,0.00000,8.8490,-0.3725,1.5204,0.0000,0.2054,0.002,0.4476,0.9354,0.3182,44,0.032,31.83,20.83,20.53,32.85,0.0000,0.1600,9.96,0.00,49.60,--,--,0.00,EXECUTING,195,10.233,-0.0190,-0.0100,6.6670,0.3062,1.3329,0.012
110.008,107.564,0.887,RETURN_HOME,diverged1,8.6601,-2.7054,0.6888,0.022429,0.005000,0.032384,1.126,47,1.9754,3.1047,-0.6734,-0.474,0.00000,8.8490,-0.3725,1.5335,0.0000,0.1657,0.016,0.4375,0.9322,0.3333,45,0.026,31.71,20.58,20.13,33.41,0.0000,0.1600,10.00,0.00,50.00,--,--,0.00,EXECUTING,195,10.289,-0.0190,-0.0100,6.6659,0.3062,1.3480,0.006
110.109,107.658,0.891,RETURN_HOME,diverged1,8.6601,-2.7054,0.6888,0.022429,0.005000,0.032384,1.220,47,1.9754,3.1047,-0.6734,-0.480,0.00000,8.8490,-0.3725,1.5511,0.0000,0.1768,0.010,0.4382,0.9805,0.3111,45,0.020,31.63,20.33,20.47,32.72,0.0000,0.5897,9.98,0.00,50.00,--,--,0.00,EXECUTING,195,10.289,-0.0190,-0.0100,6.6649,0.3062,1.3614,0.020
110.209,107.748,0.880,RETURN_HOME,diverged1,8.6601,-2.7054,0.6888,0.022429,0.005000,0.032384,1.310,47,1.9754,3.1047,-0.6734,-0.390,0.00000,8.8490,-0.3725,1.5654,0.0000,0.1781,0.020,0.4498,0.9854,0.3182,44,0.010,31.57,20.20,20.04,32.65,0.0000,1.0000,10.02,0.00,50.00,--,--,0.00,EXECUTING,195,10.289,-0.0190,-0.0100,6.6637,0.3062,1.3779,0.010
110.309,107.848,0.888,RETURN_HOME,diverged1,8.6375,-2.7174,0.9311,0.022821,0.008646,0.050648,0.110,48,1.7395,2.8379,-0.6359,-0.390,0.35612,8.8490,-0.3725,1.5818,0.0000,0.1638,0.020,0.4513,0.9509,0.3182,44,0.110,31.65,20.37,20.21,32.70,0.0000,0.1600,10.03,1.00,49.90,--,--,0.00,EXECUTING,195,10.289,-0.0190,-0.0100,6.6624,0.3062,1.3935,0.010
110.408,107.944,0.889,RETURN_HOME,diverged1,8.6375,-2.7174,0.9311,0.022821,0.008646,0.050648,0.206,48,1.7395,2.8379,-0.6359,-0.394,0.00000,8.8490,-0.3725,1.5978,-0.0000,0.1627,0.016,0.4522,0.9513,0.3409,44,0.106,31.51,20.37,20.26,32.56,0.0000,0.1600,9.93,1.00,50.00,--,--,0.00,EXECUTING,195,10.289,-0.0190,-0.0100,6.6612,0.3062,1.4089,0.006
110.509,108.040,0.883,RETURN_HOME,diverged1,8.6375,-2.7174,0.9311,0.022821,0.008646,0.050648,0.302,48,1.7395,2.8379,-0.6359,-0.398,0.00000,8.8490,-0.3725,1.6138,-0.0000,0.2230,0.012,0.4530,0.9805,0.3111,45,0.102,31.85,20.28,20.56,32.98,0.0000,0.1600,9.93,1.00,49.90,--,--,0.00,EXECUTING,195,10.289,-0.0190,-0.0100,6.6600,0.3062,1.4244,0.002
110.609,108.132,0.886,RETURN_HOME,diverged1,8.6375,-2.7174,0.9311,0.022821,0.008646,0.050648,0.394,48,1.7395,2.8379,-0.6359,-0.406,0.00000,8.8490,-0.3725,1.6314,0.0000,0.1756,0.004,0.4506,0.9805,0.3333,45,0.094,31.50,20.16,20.21,32.77,0.0000,0.1600,9.96,1.00,50.10,--,--,0.00,EXECUTING,195,10.289,-0.0190,-0.0100,6.6589,0.3062,1.4384,0.014
110.709,108.194,0.885,RETURN_HOME,diverged1,8.6375,-2.7174,0.9311,0.022821,0.008646,0.050648,0.456,48,1.7395,2.8379,-0.6359,-0.444,0.00000,8.8490,-0.3725,1.6423,0.0000,0.1903,0.006,0.4611,0.9805,0.3333,45,0.056,31.57,20.92,20.37,32.59,0.0000,0.1600,9.96,1.00,50.10,--,--,0.00,EXECUTING,195,10.289,-0.0190,-0.0100,6.6580,0.3062,1.4491,0.016
110.809,108.276,0.878,RETURN_HOME,diverged1,8.6375,-2.7174,0.9311,0.022821,0.008646,0.050648,0.538,48,1.7395,2.8379,-0.6359,-0.462,0.00000,8.8490,-0.3725,1.6565,0.0000,0.1996,0.014,0.4514,0.9757,0.3478,46,0.038,34.52,23.39,23.64,35.48,0.0000,0.1600,10.00,1.00,50.41,--,--,0.00,EXECUTING,195,10.289,-0.0190,-0.0100,6.6569,0.3062,1.4633,0.018
110.909,108.370,0.895,RETURN_HOME,diverged1,8.6375,-2.7174,0.9311,0.022821,0.008646,0.050648,0.632,48,1.7395,2.8379,-0.6359,-0.468,0.00000,8.8490,-0.3725,1.6750,0.0000,0.1789,0.002,0.4749,0.9805,0.3333,45,0.032,35.11,23.09,23.40,35.11,0.0000,0.1600,10.00,1.00,50.00,--,--,0.00,EXECUTING,195,10.289,-0.0190,-0.0100,6.6554,0.3062,1.4818,0.012
111.010,108.466,0.896,RETURN_HOME,diverged1,8.6375,-2.7174,0.9311,0.022821,0.008646,0.050648,0.728,48,1.7395,2.8379,-0.6359,-0.472,0.00000,8.8490,-0.3725,1.6791,-0.0000,0.0740,0.018,0.4751,0.9805,0.3333,45,0.028,32.39,22.22,22.22,33.27,0.0000,0.9487,10.00,1.00,50.00,--,--,0.00,EXECUTING,195,10.314,-0.0190,-0.0100,6.6549,0.3062,1.4876,0.008
111.109,108.560,0.902,RETURN_HOME,diverged1,8.6375,-2.7174,0.9311,0.022821,0.008646,0.050648,0.822,48,1.7395,2.8379,-0.6359,-0.478,0.00000,8.8490,-0.3725,1.6925,0.0001,0.1331,0.012,0.4713,0.9805,0.3556,45,0.022,31.25,20.08,19.96,32.16,0.0000,0.1600,10.04,1.00,50.00,--,--,0.00,EXECUTING,195,10.314,-0.0190,-0.0100,6.6540,0.3062,1.5031,0.002
111.209,108.656,0.908,RETURN_HOME,diverged1,8.6375,-2.7174,0.9311,0.022821,0.008646,0.050648,0.918,48,1.7395,2.8379,-0.6359,-0.482,0.00000,8.8490,-0.3725,1.7092,0.0000,0.1693,0.008,0.4650,0.9507,0.3478,46,0.018,31.38,19.96,20.13,32.36,0.0000,0.1600,9.98,1.00,50.00,--,--,0.00,EXECUTING,195,10.314,-0.0190,-0.0100,6.6529,0.3062,1.5165,0.018
111.309,108.758,0.904,RETURN_HOME,diverged1,8.6375,-2.7174,0.9311,0.022821,0.008646,0.050648,1.020,48,1.7395,2.8379,-0.6359,-0.480,0.00000,8.8490,-0.3724,1.7268,0.0000,0.1758,0.010,0.4900,1.0000,0.3111,45,0.020,30.33,19.83,20.00,31.32,0.0000,0.1600,10.00,0.00,50.00,--,--,0.00,EXECUTING,195,10.314,-0.0190,-0.0100,6.6513,0.3062,1.5347,0.020
111.408,108.854,0.910,RETURN_HOME,diverged1,8.6375,-2.7174,0.9311,0.022821,0.008646,0.050648,1.116,48,1.7395,2.8379,-0.6359,-0.484,0.00000,8.8490,-0.3724,1.7432,0.0000,0.1713,0.006,0.4921,0.9805,0.3333,45,0.016,30.15,19.83,19.79,31.19,0.0000,0.1600,10.07,0.00,49.90,--,--,0.00,EXECUTING,195,10.314,-0.0190,-0.0100,6.6498,0.3062,1.5519,0.016
111.509,108.948,0.908,RETURN_HOME,diverged1,8.6375,-2.7174,0.9311,0.022821,0.008646,0.050648,1.210,48,1.7395,2.8379,-0.6359,-0.390,0.00000,8.8490,-0.3724,1.7575,0.0000,0.2012,0.026,0.4878,0.9508,0.3333,45,0.110,31.06,19.87,19.63,32.00,0.0000,0.8462,10.07,0.00,49.90,--,--,0.00,EXECUTING,195,10.314,-0.0190,-0.0100,6.6482,0.3062,1.5704,0.010
111.609,109.034,0.903,RETURN_HOME,diverged1,8.6375,-2.7174,0.9311,0.022821,0.008646,0.050648,1.296,48,1.7395,2.8379,-0.6359,-0.404,0.00000,8.8490,-0.3724,1.7739,0.0000,0.1593,0.006,0.4902,0.9508,0.3556,45,0.096,30.99,20.08,19.87,31.96,0.0000,0.1600,9.96,0.00,50.10,--,--,0.00,EXECUTING,195,10.314,-0.0190,-0.0100,6.6470,0.3062,1.5844,0.016
111.709,109.092,0.898,RETURN_HOME,diverged1,8.6229,-2.7188,1.1756,0.022128,0.016670,0.058590,0.054,49,1.5306,2.5861,-0.6001,-0.446,0.32717,8.8490,-0.3724,1.7857,0.0000,0.1886,0.004,0.4844,1.0000,0.3478,46,0.054,31.63,20.88,20.37,32.59,0.0000,0.3200,10.09,1.00,50.00,--,--,0.00,EXECUTING,195,10.314,-0.0190,-0.0100,6.6460,0.3062,1.5963,0.014
111.810,109.188,0.908,RETURN_HOME,diverged1,8.6229,-2.7188,1.1756,0.022128,0.016670,0.058590,0.150,49,1.5306,2.5861,-0.6001,-0.450,0.00000,8.8490,-0.3725,1.8057,-0.0009,0.2385,0.020,0.5049,1.0000,0.3111,45,0.050,32.13,20.24,20.70,33.13,0.0000,0.3200,10.04,1.00,50.00,--,--,0.00,EXECUTING,195,10.314,-0.0190,-0.0100,6.6450,0.3060,1.6152,0.010
111.909,109.280,0.906,RETURN_HOME,diverged1,8.6229,-2.7188,1.1756,0.022128,0.016670,0.058590,0.242,49,1.5306,2.5861,-0.6001,-0.458,0.00000,8.8491,-0.3728,1.8226,-0.0027,0.1748,0.012,0.4986,0.9508,0.2889,45,0.042,30.36,19.83,19.75,31.25,0.0000,0.3200,10.11,1.00,50.10,--,--,0.00,EXECUTING,195,10.314,-0.0190,-0.0100,6.6452,0.3055,1.6167,0.002
112.010,109.378,0.913,RETURN_HOME,diverged1,8.6229,-2.7188,1.1756,0.022128,0.016670,0.058590,0.340,49,1.5306,2.5861,-0.6001,-0.460,0.00000,8.8491,-0.3729,1.8400,-0.0009,0.1753,0.010,0.5049,0.9513,0.3111,45,0.040,30.00,21.94,22.28,31.00,0.0000,0.7949,9.93,1.00,50.10,--,--,0.00,EXECUTING,195,10.344,-0.0190,-0.0100,6.6453,0.3053,1.6179,0.000
112.109,109.472,0.912,RETURN_HOME,diverged1,8.6229,-2.7188,1.1756,0.022128,0.016670,0.058590,0.434,49,1.5306,2.5861,-0.6001,-0.466,0.00000,8.8491,-0.3730,1.8566,-0.0010,0.1912,0.004,0.4947,0.9757,0.3261,46,0.034,32.91,22.01,22.17,33.19,0.0000,0.3200,9.83,1.00,50.10,--,--,0.00,EXECUTING,195,10.344,-0.0190,-0.0100,6.6454,0.3052,1.6188,0.014
112.209,109.572,0.904,RETURN_HOME,diverged1,8.6229,-2.7188,1.1756,0.022128,0.016670,0.058590,0.534,49,1.5306,2.5861,-0.6001,-0.466,0.00000,8.8491,-0.3730,1.8734,-0.0009,0.1691,0.004,0.4764,0.9659,0.3125,48,0.034,32.13,21.78,21.83,32.09,0.0000,0.3200,9.98,1.00,50.00,--,--,0.00,EXECUTING,195,10.344,-0.0190,-0.0100,6.6455,0.3050,1.6201,0.014
112.309,109.670,0.912,RETURN_HOME,diverged1,8.6229,-2.7188,1.1756,0.022128,0.016670,0.058590,0.632,49,1.5306,2.5861,-0.6001,-0.468,0.00000,8.8491,-0.3730,1.8897,-0.0000,0.1748,0.006,0.4664,0.9611,0.3469,49,0.032,32.16,21.74,21.83,32.16,0.0000,0.3200,9.93,1.00,50.00,--,--,0.00,EXECUTING,195,10.344,-0.0190,-0.0100,6.6455,0.3050,1.6201,0.012
112.409,109.772,0.915,RETURN_HOME,diverged1,8.6229,-2.7188,1.1756,0.022128,0.016670,0.058590,0.734,49,1.5306,2.5861,-0.6001,-0.466,0.00000,8.8491,-0.3730,1.9060,-0.0000,0.1590,0.004,0.4625,0.9611,0.3673,49,0.034,32.22,21.78,21.78,32.16,0.0000,0.3200,10.00,1.00,50.00,--,--,0.00,EXECUTING,195,10.344,-0.0190,-0.0100,6.6455,0.3050,1.6201,0.014
112.511,109.866,0.922,RETURN_HOME,diverged1,8.6229,-2.7188,1.1756,0.022128,0.016670,0.058590,0.828,49,1.5306,2.5861,-0.6001,-0.472,0.00000,8.8491,-0.3730,1.9190,-0.0000,0.1660,0.020,0.4540,0.9501,0.3600,50,0.028,32.29,21.78,21.83,32.36,0.0000,0.3200,10.07,1.00,50.00,--,--,0.00,EXECUTING,195,10.344,-0.0190,-0.0100,6.6455,0.3050,1.6201,0.008
112.609,109.912,0.911,RETURN_HOME,diverged1,8.6229,-2.7188,1.1756,0.022128,0.016670,0.058590,0.874,49,1.5306,2.5861,-0.6001,-0.426,0.00000,8.8491,-0.3730,1.9288,-0.0000,0.1673,0.006,0.4558,0.9501,0.3600,50,0.074,33.20,22.73,21.92,33.20,0.0000,0.3200,10.07,1.00,50.10,--,--,0.00,EXECUTING,195,10.344,-0.0190,-0.0100,6.6455,0.3050,1.6201,0.014
112.709,110.012,0.916,RETURN_HOME,diverged1,8.6229,-2.7188,1.1756,0.022128,0.016670,0.058590,0.974,49,1.5306,2.5861,-0.6001,-0.426,0.00000,8.8491,-0.3730,1.9448,-0.0000,0.1661,0.004,0.4561,0.9562,0.3600,50,0.074,34.16,22.59,22.77,35.20,0.0000,0.3200,9.93,1.00,50.00,--,--,0.00,EXECUTING,195,10.344,-0.0190,-0.0100,6.6455,0.3050,1.6201,0.014
112.809,110.104,0.917,RETURN_HOME,diverged1,8.6229,-2.7188,1.1756,0.022128,0.016670,0.058590,1.066,49,1.5306,2.5861,-0.6001,-0.434,0.00000,8.8491,-0.3730,1.9566,-0.0000,0.1454,0.016,0.4434,0.9513,0.3725,51,0.066,32.77,21.78,22.37,34.60,0.0000,0.1600,9.98,0.00,50.10,--,--,0.00,EXECUTING,195,10.344,-0.0190,-0.0100,6.6455,0.3050,1.6201,0.006
112.909,110.202,0.922,RETURN_HOME,diverged1,8.6229,-2.7188,1.1756,0.022128,0.016670,0.058590,1.164,49,1.5306,2.5861,-0.6001,-0.436,0.00000,8.8491,-0.3730,1.9614,-0.0000,0.0597,0.020,0.4440,0.9513,0.3725,51,0.064,33.80,21.94,22.14,32.77,0.0000,0.0000,9.93,0.00,50.31,--,--,0.00,EXECUTING,195,10.344,-0.0190,-0.0100,6.6455,0.3050,1.6201,0.004
113.009,110.298,0.921,RETURN_HOME,diverged1,8.6229,-2.7188,1.1756,0.022128,0.016670,0.058590,1.260,49,1.5306,2.5861,-0.6001,-0.440,0.00000,8.8491,-0.3730,1.9667,-0.0000,0.0537,0.010,0.4367,0.9512,0.3846,52,0.060,30.33,19.55,19.87,32.43,0.0000,0.1600,10.07,0.00,50.00,--,--,0.00,EXECUTING,195,10.344,-0.0190,-0.0100,6.6455,0.3050,1.6201,0.020
113.109,110.394,0.913,RETURN_HOME,diverged1,8.6229,-2.7188,1.1756,0.022128,0.016670,0.058590,1.356,49,1.5306,2.5861,-0.6001,-0.444,0.00000,8.8491,-0.3730,1.9751,-0.0000,0.0948,0.006,0.4287,0.9511,0.3962,53,0.056,30.00,19.55,19.79,32.00,0.0000,0.6923,10.16,0.00,50.00,--,--,0.00,EXECUTING,194,10.379,-0.0190,-0.0100,6.6455,0.3050,1.6201,0.016
113.209,110.490,0.910,RETURN_HOME,diverged1,8.6082,-2.7202,1.4063,0.015288,0.019311,0.069868,0.052,50,1.3773,2.3945,-0.5735,-0.448,0.24535,8.8491,-0.3730,1.9839,-0.0000,0.0887,0.002,0.4260,0.9500,0.3962,53,0.052,30.57,19.63,19.65,32.82,0.0000,0.1600,10.04,1.00,50.00,--,--,0.00,EXECUTING,194,10.379,-0.0190,-0.0100,6.6455,0.3050,1.6201,0.012
113.309,110.586,0.904,RETURN_HOME,diverged1,8.6082,-2.7202,1.4063,0.015288,0.019311,0.069868,0.148,50,1.3773,2.3945,-0.5735,-0.452,0.00000,8.8491,-0.3730,1.9903,-0.0000,0.0807,0.018,0.4260,0.9500,0.3962,53,0.048,30.98,19.79,19.69,32.84,0.0000,0.6923,10.16,1.00,49.80,--,--,0.00,EXECUTING,194,10.379,-0.0190,-0.0100,6.6455,0.3050,1.6201,0.008
113.409,110.680,0.908,RETURN_HOME,diverged1,8.6082,-2.7202,1.4063,0.015288,0.019311,0.069868,0.242,50,1.3773,2.3945,-0.5735,-0.458,0.00000,8.8491,-0.3730,1.9985,-0.0000,0.0823,0.012,0.4297,0.9403,0.3962,53,0.042,31.39,19.83,20.18,32.98,0.0000,0.1600,10.00,1.00,50.00,--,--,0.00,EXECUTING,194,10.379,-0.0190,-0.0100,6.6455,0.3050,1.6201,0.002
113.516,110.756,0.930,RETURN_HOME,diverged1,8.6082,-2.7202,1.4063,0.015288,0.019311,0.069868,0.318,50,1.3773,2.3945,-0.5735,-0.482,0.00000,8.8491,-0.3730,2.0051,-0.0000,0.0900,0.012,0.4296,0.9500,0.3962,53,0.018,31.45,20.20,20.00,34.45,0.0000,0.1600,10.00,1.00,50.10,--,--,0.00,EXECUTING,194,10.379,-0.0190,-0.0100,6.6455,0.3050,1.6201,0.018
113.609,110.858,0.940,RETURN_HOME,diverged1,8.6082,-2.7202,1.4063,0.015288,0.019311,0.069868,0.420,50,1.3773,2.3945,-0.5735,-0.480,0.00000,8.8491,-0.3730,2.0132,-0.0000,0.0795,0.010,0.4272,0.9500,0.3962,53,0.020,31.58,20.20,20.17,34.66,0.0000,0.1600,10.04,1.00,50.10,--,--,0.00,EXECUTING,194,10.379,-0.0190,-0.0100,6.6455,0.3050,1.6201,0.000
113.709,110.958,0.946,RETURN_HOME,diverged1,8.6082,-2.7202,1.4063,0.015288,0.019311,0.069868,0.520,50,1.3773,2.3945,-0.5735,-0.480,0.00000,8.8491,-0.3730,2.0214,-0.0000,0.0830,0.010,0.4119,0.9500,0.4107,56,0.020,29.65,19.03,19.23,31.76,0.0000,0.6410,10.00,1.00,50.00,--,--,0.00,EXECUTING,194,10.379,-0.0190,-0.0100,6.6455,0.3050,1.6201,0.020
113.809,111.058,0.951,RETURN_HOME,diverged1,8.6082,-2.7202,1.4063,0.015288,0.019311,0.069868,0.620,50,1.3773,2.3945,-0.5735,-0.480,0.00000,8.8491,-0.3730,2.0303,-0.0000,0.0964,0.012,0.4109,0.9500,0.4107,56,0.020,29.41,18.87,18.85,31.58,0.0000,0.6410,10.00,1.00,50.20,--,--,0.00,EXECUTING,194,10.379,-0.0190,-0.0100,6.6455,0.3050,1.6201,0.020
113.909,111.158,0.955,RETURN_HOME,diverged1,8.6082,-2.7202,1.4063,0.015288,0.019311,0.069868,0.720,50,1.3773,2.3945,-0.5735,-0.480,0.00000,8.8491,-0.3730,2.0393,-0.0000,0.0900,0.010,0.4096,0.9250,0.4107,56,0.020,30.46,20.74,20.93,32.75,0.0000,0.1600,9.93,1.00,50.00,--,--,0.00,EXECUTING,194,10.379,-0.0190,-0.0100,6.6455,0.3050,1.6201,0.020
114.009,111.256,0.958,RETURN_HOME,diverged1,8.6082,-2.7202,1.4063,0.015288,0.019311,0.069868,0.818,50,1.3773,2.3945,-0.5735,-0.482,0.00000,8.8491,-0.3730,2.0491,-0.0000,0.1017,0.010,0.4032,0.9200,0.4035,57,0.018,31.59,20.88,21.06,32.29,0.0000,0.1600,10.00,1.00,50.00,--,--,0.00,EXECUTING,194,10.379,-0.0190,-0.0100,6.6455,0.3050,1.6201,0.018
114.109,111.356,0.962,RETURN_HOME,diverged1,8.6082,-2.7202,1.4063,0.015288,0.019311,0.069868,0.918,50,1.3773,2.3945,-0.5735,-0.482,0.00000,8.8491,-0.3730,2.0555,-0.0000,0.0683,0.008,0.4048,0.9200,0.4035,57,0.018,30.15,20.98,20.98,31.25,0.0000,0.0000,9.93,1.00,50.00,--,--,0.00,EXECUTING,265,13.686,-0.0190,-0.0100,6.6455,0.3050,1.6201,0.018
114.210,111.446,0.955,RETURN_HOME,diverged1,8.6082,-2.7202,1.4063,0.015288,0.019311,0.069868,1.008,50,1.3773,2.3945,-0.5735,-0.392,0.00000,8.8470,-0.3690,2.0605,0.0454,0.0502,0.018,0.4075,0.9200,0.4035,57,0.108,29.29,18.83,18.79,31.32,0.1250,0.1600,9.93,1.00,50.00,--,--,0.00,EXECUTING,265,13.686,-0.0190,-0.0100,6.6453,0.3097,1.6201,0.008
114.309,111.544,0.958,RETURN_HOME,diverged1,8.6082,-2.7202,1.4063,0.015288,0.019311,0.069868,1.106,50,1.3773,2.3945,-0.5735,-0.394,0.00000,8.8414,-0.3586,2.0698,0.1319,0.1024,0.016,0.3976,0.9150,0.4138,58,0.006,29.29,18.67,18.75,31.25,0.1250,0.1600,10.00,0.00,50.00,--,--,0.00,EXECUTING,265,13.686,-0.0190,-0.0100,6.6449,0.3204,1.6218,0.006
114.409,111.642,0.993,RETURN_HOME,diverged1,8.6082,-2.7202,1.4063,0.015288,0.019311,0.069868,1.204,50,1.3773,2.3945,-0.5735,-0.396,0.00000,8.8355,-0.3478,2.0796,0.1399,0.1111,0.014,0.3994,0.9150,0.3966,58,0.004,29.23,18.67,19.06,31.80,0.1250,0.1600,10.04,0.00,50.10,--,--,0.00,EXECUTING,265,13.686,-0.0190,-0.0100,6.6445,0.3316,1.6238,0.004
114.509,111.744,0.996,RETURN_HOME,diverged1,8.6082,-2.7202,1.4063,0.015288,0.019311,0.069868,1.306,50,1.3773,2.3945,-0.5735,-0.394,0.00000,8.8294,-0.3372,2.0896,0.1225,0.1006,0.016,0.4054,0.9500,0.3966,58,0.106,28.87,18.33,18.32,29.84,0.3000,0.2308,10.04,0.00,49.90,--,--,0.00,EXECUTING,265,13.686,-0.0190,-0.0100,6.6441,0.3428,1.6265,0.006
114.609,111.842,0.984,RETURN_HOME,diverged1,8.6082,-2.7202,1.4063,0.015288,0.019311,0.069868,1.404,50,1.3773,2.3945,-0.5735,-0.396,0.00000,8.8233,-0.3265,2.0995,0.1298,0.1050,0.014,0.4018,0.9500,0.4068,59,0.104,28.46,18.22,18.40,29.59,0.3000,0.2308,10.00,0.00,49.90,--,--,0.00,EXECUTING,265,13.686,-0.0190,-0.0100,6.6437,0.3540,1.6289,0.004
114.709,111.942,0.982,RETURN_HOME,diverged1,8.6082,-2.7202,1.4063,0.015288,0.019311,0.069868,1.504,50,1.3773,2.3945,-0.5735,-0.396,0.00000,8.8168,-0.3155,2.1105,0.1440,0.1209,0.014,0.4085,0.9100,0.3898,59,0.104,28.40,18.29,18.40,29.41,0.2842,0.2308,9.98,0.00,50.00,--,--,0.00,EXECUTING,265,13.686,-0.0190,-0.0100,6.6435,0.3660,1.6340,0.004
114.809,112.040,0.982,RETURN_HOME,diverged1,8.6082,-2.7202,1.4063,0.015288,0.019311,0.069868,1.602,50,1.3773,2.3945,-0.5735,-0.398,0.00000,8.8104,-0.3049,2.1208,0.1421,0.1170,0.012,0.4119,0.9500,0.3898,59,0.102,28.51,18.29,18.40,29.53,0.2842,0.1795,10.00,0.00,49.90,--,--,0.00,EXECUTING,265,13.686,-0.0190,-0.0100,6.6429,0.3772,1.6362,0.002
114.909,112.140,0.982,RETURN_HOME,diverged1,8.6082,-2.7202,1.4063,0.015288,0.019311,0.069868,1.702,50,1.3773,2.3945,-0.5735,-0.398,0.00000,8.8038,-0.2943,2.1310,0.1247,0.1018,0.012,0.4144,0.9500,0.3898,59,0.102,28.51,18.37,18.56,29.53,0.3000,0.2308,10.04,0.00,50.10,--,--,0.00,EXECUTING,265,13.686,-0.0190,-0.0100,6.6425,0.3888,1.6402,0.002
115.010,112.238,0.979,RETURN_HOME,diverged1,8.6082,-2.7202,1.4063,0.015288,0.019311,0.069868,1.800,50,1.3773,2.3945,-0.5735,-0.400,0.00000,8.7976,-0.2846,2.1392,0.1202,0.0863,0.012,0.4170,0.9500,0.3898,59,0.100,28.51,18.29,18.40,29.79,0.1250,0.1600,10.00,0.00,50.10,--,--,0.00,EXECUTING,265,13.686,-0.0190,-0.0100,6.6420,0.3971,1.6402,0.020
115.109,112.340,0.994,RETURN_HOME,diverged1,8.6082,-2.7202,1.4063,0.015288,0.019311,0.069868,1.902,50,1.3773,2.3945,-0.5735,-0.398,0.00000,8.7910,-0.2743,2.1480,0.1211,0.0868,0.012,0.4161,0.9500,0.3898,59,0.102,29.53,20.34,20.41,30.49,0.3000,0.2308,10.02,0.00,50.00,--,--,0.00,EXECUTING,263,13.586,-0.0190,-0.0100,6.6411,0.4102,1.6413,0.002
115.209,112.436,0.991,RETURN_HOME,diverged1,8.6082,-2.7202,1.4063,0.015288,0.019311,0.069868,1.998,50,1.3773,2.3945,-0.5735,-0.402,0.00000,8.7852,-0.2654,2.1553,0.1360,0.0861,0.016,0.4144,0.9500,0.3898,59,0.098,30.30,20.21,20.34,30.43,0.3000,0.1795,10.09,0.00,50.20,--,--,0.00,EXECUTING,263,13.586,-0.0190,-0.0100,6.6406,0.4183,1.6416,0.018
115.308,112.536,0.993,RETURN_HOME,diverged1,8.6082,-2.7202,1.4063,0.015288,0.019311,0.069868,2.098,50,1.3773,2.3945,-0.5735,-0.402,0.00000,8.7779,-0.2545,2.1633,0.1292,0.0798,0.008,0.4076,0.9050,0.4000,60,0.098,29.29,19.15,19.35,29.29,0.2842,0.1795,9.96,0.00,50.00,--,--,0.00,EXECUTING,263,13.586,-0.0190,-0.0100,6.6398,0.4298,1.6424,0.018
115.409,112.632,0.990,RETURN_HOME,diverged1,8.6082,-2.7202,1.4063,0.015288,0.019311,0.069868,2.194,50,1.3773,2.3945,-0.5735,-0.406,0.00000,8.7702,-0.2433,2.1758,0.1414,0.1319,0.006,0.4090,0.9050,0.4000,60,0.094,29.29,19.23,19.19,29.41,0.3000,0.1795,10.02,0.00,50.20,--,--,0.00,EXECUTING,263,13.586,-0.0190,-0.0100,6.6395,0.4433,1.6502,0.014
115.509,112.734,0.992,RETURN_HOME,diverged1,8.6082,-2.7202,1.4063,0.015288,0.019311,0.069868,2.296,50,1.3773,2.3945,-0.5735,-0.404,0.00000,8.7636,-0.2337,2.1841,0.1191,0.0851,0.006,0.4128,0.9500,0.3833,60,0.096,29.17,19.15,19.11,29.23,0.1250,0.1600,9.96,0.00,50.00,--,--,0.00,EXECUTING,263,13.586,-0.0190,-0.0100,6.6388,0.4540,1.6521,0.016
115.610,112.834,0.990,RETURN_HOME,diverged1,8.5976,-2.5619,1.6348,0.015611,0.027233,0.078493,0.096,51,1.2494,2.2179,-0.5502,-0.404,0.21804,8.7564,-0.2236,2.1932,0.1324,0.0973,0.010,0.4180,0.9500,0.3833,60,0.096,29.17,19.19,19.15,29.17,0.1250,0.1600,9.91,1.00,50.10,--,--,0.00,EXECUTING,263,13.586,-0.0190,-0.0100,6.6381,0.4654,1.6539,0.016
115.709,112.934,0.992,RETURN_HOME,diverged1,8.5976,-2.5619,1.6348,0.015611,0.027233,0.078493,0.196,51,1.2494,2.2179,-0.5502,-0.404,0.00000,8.7495,-0.2140,2.2017,0.1151,0.0824,0.006,0.4197,0.9500,0.3833,60,0.096,29.23,19.15,19.15,29.17,0.1250,0.1600,10.02,1.00,50.00,--,--,0.00,EXECUTING,263,13.586,-0.0190,-0.0100,6.6373,0.4761,1.6556,0.016
115.809,113.032,0.992,RETURN_HOME,diverged1,8.5976,-2.5619,1.6348,0.015611,0.027233,0.078493,0.294,51,1.2494,2.2179,-0.5502,-0.406,0.00000,8.7425,-0.2046,2.2103,0.1332,0.0952,0.008,0.4263,0.9500,0.3833,60,0.094,29.41,19.23,19.07,29.47,0.3000,0.0769,9.87,1.00,50.20,--,--,0.00,EXECUTING,263,13.586,-0.0190,-0.0100,6.6365,0.4868,1.6571,0.014
115.909,113.134,0.994,RETURN_HOME,diverged1,8.5976,-2.5619,1.6348,0.015611,0.027233,0.078493,0.396,51,1.2494,2.2179,-0.5502,-0.404,0.00000,8.7353,-0.1950,2.2195,0.1181,0.0912,0.006,0.4316,0.9500,0.3500,60,0.096,29.23,19.11,19.07,29.05,0.1250,0.1600,9.98,1.00,50.00,--,--,0.00,EXECUTING,263,13.586,-0.0190,-0.0100,6.6358,0.4980,1.6600,0.016
116.009,113.224,0.987,RETURN_HOME,diverged1,8.5976,-2.5619,1.6348,0.015611,0.027233,0.078493,0.486,51,1.2494,2.2179,-0.5502,-0.414,0.00000,8.7296,-0.1875,2.2258,0.1166,0.0787,0.016,0.4493,0.9500,0.3333,60,0.086,29.41,19.27,19.44,29.53,0.3000,0.0256,10.04,1.00,49.90,--,--,0.00,EXECUTING,263,13.586,-0.0190,-0.0100,6.6348,0.5086,1.6601,0.006
116.119,113.326,0.978,RETURN_HOME,diverged1,8.5976,-2.5619,1.6348,0.015611,0.027233,0.078493,0.588,51,1.2494,2.2179,-0.5502,-0.412,0.00000,8.7224,-0.1783,2.2336,0.1176,0.0787,0.018,0.4560,0.9500,0.3167,60,0.088,29.41,19.27,19.15,29.35,0.3000,0.0000,9.98,1.00,50.00,--,--,0.00,EXECUTING,260,13.436,-0.0190,-0.0100,6.6339,0.5192,1.6601,0.008
116.209,113.418,0.982,RETURN_HOME,diverged1,8.5976,-2.5619,1.6348,0.015611,0.027233,0.078493,0.680,51,1.2494,2.2179,-0.5502,-0.420,0.00000,8.7152,-0.1691,2.2420,0.1180,0.0860,0.010,0.4593,0.9500,0.3167,60,0.080,30.61,20.47,20.74,30.55,0.3000,-0.0256,10.04,1.00,50.00,--,--,0.00,EXECUTING,260,13.436,-0.0190,-0.0100,6.6332,0.5278,1.6613,0.020
116.309,113.518,0.984,RETURN_HOME,diverged1,8.5976,-2.5619,1.6348,0.015611,0.027233,0.078493,0.780,51,1.2494,2.2179,-0.5502,-0.420,0.00000,8.7028,-0.1535,2.2439,0.2095,0.0177,0.010,0.4595,0.9500,0.3167,60,0.080,30.49,20.41,20.79,30.92,0.2500,0.0000,9.93,1.00,50.00,--,--,0.00,EXECUTING,260,13.436,-0.0190,-0.0100,6.6316,0.5457,1.6611,0.020
116.409,113.612,0.976,RETURN_HOME,diverged1,8.5976,-2.5619,1.6348,0.015611,0.027233,0.078493,0.874,51,1.2494,2.2179,-0.5502,-0.426,0.00000,8.6868,-0.1334,2.2428,0.2618,-0.0112,0.004,0.4593,0.9500,0.3167,60,0.074,30.61,20.37,20.17,30.53,0.2500,0.0000,10.04,1.00,49.90,--,--,0.00,EXECUTING,260,13.436,-0.0190,-0.0100,6.6294,0.5713,1.6603,0.014
116.509,113.712,0.977,RETURN_HOME,diverged1,8.5976,-2.5619,1.6348,0.015611,0.027233,0.078493,0.974,51,1.2494,2.2179,-0.5502,-0.426,0.00000,8.6711,-0.1137,2.2426,0.2559,-0.0023,0.004,0.4597,0.9500,0.3167,60,0.074,30.74,20.53,20.47,30.74,0.3000,0.0000,10.11,1.00,50.00,--,--,0.00,EXECUTING,260,13.436,-0.0190,-0.0100,6.6272,0.5963,1.6602,0.014
116.609,113.804,0.971,RETURN_HOME,diverged1,8.5976,-2.5619,1.6348,0.015611,0.027233,0.078493,1.066,51,1.2494,2.2179,-0.5502,-0.434,0.00000,8.6586,-0.0979,2.2426,0.2540,0.0001,0.016,0.4590,0.9050,0.3000,60,0.066,31.73,20.62,20.88,31.12,0.2500,0.0000,10.00,0.00,50.00,--,--,0.00,EXECUTING,260,13.436,-0.0190,-0.0100,6.6249,0.6214,1.6602,0.006
116.708,113.904,0.970,RETURN_HOME,diverged1,8.5976,-2.5619,1.6348,0.015611,0.027233,0.078493,1.166,51,1.2494,2.2179,-0.5502,-0.434,0.00000,8.6427,-0.0779,2.2417,0.2692,-0.0084,0.016,0.4580,0.9500,0.3000,60,0.066,31.59,20.62,20.83,32.68,0.2500,0.0000,10.14,0.00,50.00,--,--,0.00,EXECUTING,260,13.436,-0.0190,-0.0100,6.6227,0.6468,1.6596,0.006
116.809,114.000,0.962,RETURN_HOME,diverged1,8.5976,-2.5619,1.6348,0.015611,0.027233,0.078493,1.262,51,1.2494,2.2179,-0.5502,-0.438,0.00000,8.6270,-0.0582,2.2415,0.2517,-0.0023,0.012,0.4531,0.9050,0.3000,60,0.062,31.06,20.58,20.88,32.29,0.2500,0.0000,10.07,0.00,50.00,--,--,0.00,EXECUTING,260,13.436,-0.0190,-0.0100,6.6205,0.6718,1.6594,0.002
116.909,114.100,0.973,RETURN_HOME,diverged1,8.5976,-2.5619,1.6348,0.015611,0.027233,0.078493,1.362,51,1.2494,2.2179,-0.5502,-0.438,0.00000,8.6113,-0.0384,2.2402,0.2646,-0.0129,0.012,0.4530,0.9500,0.3167,60,0.062,31.06,20.70,20.88,32.43,0.2500,0.0000,9.93,0.00,50.00,--,--,0.00,EXECUTING,260,13.436,-0.0190,-0.0100,6.6184,0.6970,1.6582,0.002
117.009,114.198,0.974,RETURN_HOME,diverged1,8.5976,-2.5619,1.6348,0.015611,0.027233,0.078493,1.460,51,1.2494,2.2179,-0.5502,-0.440,0.00000,8.5954,-0.0183,2.2393,0.2685,-0.0098,0.010,0.4458,0.9050,0.3167,60,0.060,30.80,20.53,20.61,32.12,0.2500,0.0000,9.98,0.00,49.90,--,--,0.00,EXECUTING,260,13.436,-0.0190,-0.0100,6.6162,0.7224,1.6579,0.000
117.108,114.294,0.978,RETURN_HOME,diverged1,8.5976,-2.5619,1.6348,0.015611,0.027233,0.078493,1.556,51,1.2494,2.2179,-0.5502,-0.444,0.00000,8.5797,0.0017,2.2387,0.2883,-0.0083,0.006,0.4491,0.9500,0.3167,60,0.056,31.00,20.62,20.74,32.22,0.2500,0.0000,9.96,0.00,50.00,--,--,0.00,EXECUTING,260,13.436,-0.0190,-0.0100,6.6144,0.7428,1.6575,0.016
117.209,114.378,0.955,RETURN_HOME,diverged1,8.5976,-2.5619,1.6348,0.015611,0.027233,0.078493,1.640,51,1.2494,2.2179,-0.5502,-0.460,0.00000,8.5672,0.0176,2.2385,0.2559,-0.0023,0.010,0.4497,0.9500,0.3000,60,0.040,30.61,20.70,20.00,31.63,0.2500,0.0000,10.00,0.00,50.00,--,--,0.00,EXECUTING,256,13.231,-0.0190,-0.0100,6.6127,0.7628,1.6574,0.020
117.310,114.466,0.947,RETURN_HOME,diverged1,8.5492,-2.2577,1.6835,0.028462,0.045718,0.107934,0.028,52,1.2595,2.2223,-0.5547,-0.472,0.01096,8.5547,0.0334,2.2382,0.2476,-0.0023,0.018,0.4460,0.9050,0.2833,60,0.028,30.99,21.10,20.75,31.96,0.1250,0.0000,9.93,1.00,50.00,--,--,0.00,EXECUTING,256,13.231,-0.0190,-0.0100,6.6105,0.7877,1.6572,0.008
117.411,114.550,0.929,RETURN_HOME,diverged1,8.5492,-2.2577,1.6835,0.028462,0.045718,0.107934,0.112,52,1.2595,2.2223,-0.5547,-0.488,0.00000,8.5432,0.0480,2.2376,0.2277,-0.0084,0.002,0.4472,0.9050,0.2833,60,0.012,32.29,21.06,21.16,32.02,0.0000,0.0000,9.96,1.00,50.00,--,--,0.00,EXECUTING,256,13.231,-0.0190,-0.0100,6.6093,0.8028,1.6572,0.012
117.509,114.640,0.928,RETURN_HOME,diverged1,8.5492,-2.2577,1.6835,0.028462,0.045718,0.107934,0.202,52,1.2595,2.2223,-0.5547,-0.398,0.00000,8.5360,0.0572,2.2330,0.1577,-0.0455,0.012,0.4388,0.9500,0.2833,60,0.102,30.08,19.31,19.23,31.98,0.1250,-0.1282,9.96,1.00,50.00,--,--,0.00,EXECUTING,256,13.231,-0.0190,-0.0100,6.6083,0.8168,1.6551,0.002
117.609,114.728,0.915,RETURN_HOME,diverged1,8.5492,-2.2577,1.6835,0.028462,0.045718,0.107934,0.290,52,1.2595,2.2223,-0.5547,-0.410,0.00000,8.5269,0.0689,2.2210,0.1564,-0.1255,0.000,0.4311,0.9050,0.3000,60,0.090,29.79,19.43,19.11,31.91,0.1250,-0.1282,9.93,1.00,50.10,--,--,0.00,EXECUTING,256,13.231,-0.0190,-0.0100,6.6082,0.8287,1.6459,0.010
117.709,114.822,0.914,RETURN_HOME,diverged1,8.5492,-2.2577,1.6835,0.028462,0.045718,0.107934,0.384,52,1.2595,2.2223,-0.5547,-0.416,0.00000,8.5209,0.0769,2.2107,0.1391,-0.1426,0.014,0.4352,0.9050,0.3000,60,0.084,29.84,19.63,19.15,30.80,0.1250,-0.1282,9.98,1.00,50.00,--,--,0.00,EXECUTING,256,13.231,-0.0190,-0.0100,6.6085,0.8411,1.6325,0.004
117.809,114.914,0.904,RETURN_HOME,diverged1,8.5492,-2.2577,1.6835,0.028462,0.045718,0.107934,0.476,52,1.2595,2.2223,-0.5547,-0.424,0.00000,8.5131,0.0876,2.1987,0.1368,-0.1232,0.006,0.4325,0.9500,0.3167,60,0.076,30.57,19.75,19.61,31.06,0.1250,-0.1282,9.98,1.00,49.90,--,--,0.00,EXECUTING,256,13.231,-0.0190,-0.0100,6.6086,0.8518,1.6235,0.016
117.909,115.002,0.893,RETURN_HOME,diverged1,8.5492,-2.2577,1.6835,0.028462,0.045718,0.107934,0.564,52,1.2595,2.2223,-0.5547,-0.436,0.00000,8.5072,0.0957,2.1884,0.1329,-0.1363,0.016,0.4318,0.9050,0.3500,60,0.064,30.74,20.04,19.83,32.26,0.3000,-0.0256,10.04,1.00,49.90,--,--,0.00,EXECUTING,256,13.231,-0.0190,-0.0100,6.6093,0.8643,1.6104,0.004
118.009,115.094,0.888,RETURN_HOME,diverged1,8.5492,-2.2577,1.6835,0.028462,0.045718,0.107934,0.656,52,1.2595,2.2223,-0.5547,-0.444,0.00000,8.4994,0.1069,2.1781,0.1399,-0.1071,0.006,0.4288,0.9050,0.3333,60,0.056,31.25,20.08,20.17,32.19,0.3000,-0.0256,10.00,1.00,50.00,--,--,0.00,EXECUTING,256,13.231,-0.0190,-0.0100,6.6096,0.8754,1.6027,0.016
118.109,115.178,0.888,RETURN_HOME,diverged1,8.5492,-2.2577,1.6835,0.028462,0.045718,0.107934,0.740,52,1.2595,2.2223,-0.5547,-0.460,0.00000,8.4936,0.1153,2.1684,0.1261,-0.1216,0.010,0.4286,0.9050,0.3333,60,0.040,31.12,20.41,20.30,32.22,0.1250,-0.1282,10.00,1.00,50.00,--,--,0.00,EXECUTING,256,13.231,-0.0190,-0.0100,6.6102,0.8856,1.5928,0.020
118.209,115.262,0.884,RETURN_HOME,diverged1,8.5492,-2.2577,1.6835,0.028462,0.045718,0.107934,0.824,52,1.2595,2.2223,-0.5547,-0.476,0.00000,8.4879,0.1237,2.1586,0.1270,-0.1231,0.014,0.4269,0.9050,0.3500,60,0.024,32.02,20.58,20.21,32.63,0.1250,-0.1282,10.00,1.00,50.00,--,--,0.00,EXECUTING,253,13.081,-0.0190,-0.0100,6.6111,0.8983,1.5800,0.004
118.309,115.356,0.892,RETURN_HOME,diverged1,8.5492,-2.2577,1.6835,0.028462,0.045718,0.107934,0.918,52,1.2595,2.2223,-0.5547,-0.482,0.00000,8.4810,0.1342,2.1461,0.1405,-0.1417,0.008,0.4187,0.9050,0.3667,60,0.018,32.22,20.45,20.79,33.20,0.1250,-0.1282,10.02,1.00,50.00,--,--,0.00,EXECUTING,253,13.081,-0.0190,-0.0100,6.6120,0.9084,1.5695,0.018
118.408,115.444,0.896,RETURN_HOME,diverged1,8.5492,-2.2577,1.6835,0.028462,0.045718,0.107934,1.006,52,1.2595,2.2223,-0.5547,-0.394,0.00000,8.4751,0.1434,2.1395,0.1373,-0.0901,0.016,0.4084,0.8600,0.3833,60,0.106,31.83,20.37,20.30,33.00,0.3000,-0.0256,10.02,1.00,50.00,--,--,0.00,EXECUTING,253,13.081,-0.0190,-0.0100,6.6127,0.9217,1.5622,0.006
118.509,115.532,0.892,RETURN_HOME,diverged1,8.5492,-2.2577,1.6835,0.028462,0.045718,0.107934,1.094,52,1.2595,2.2223,-0.5547,-0.406,0.00000,8.4681,0.1545,2.1301,0.1333,-0.0956,0.004,0.4097,0.8550,0.3667,60,0.094,32.91,22.44,22.62,33.76,0.1250,-0.1282,10.02,0.00,50.10,--,--,0.00,EXECUTING,253,13.081,-0.0190,-0.0100,6.6134,0.9323,1.5565,0.014
118.609,115.622,0.895,RETURN_HOME,diverged1,8.5492,-2.2577,1.6835,0.028462,0.045718,0.107934,1.184,52,1.2595,2.2223,-0.5547,-0.416,0.00000,8.4629,0.1628,2.1229,0.1377,-0.1062,0.014,0.4080,0.9000,0.3333,60,0.084,33.68,22.53,22.48,33.83,0.0000,0.0000,10.07,0.00,50.00,--,--,0.00,EXECUTING,253,13.081,-0.0190,-0.0100,6.6141,0.9440,1.5504,0.004
118.709,115.706,0.880,RETURN_HOME,diverged1,8.5492,-2.2577,1.6835,0.028462,0.045718,0.107934,1.268,52,1.2595,2.2223,-0.5547,-0.432,0.00000,8.4582,0.1706,2.1216,0.1318,-0.0432,0.020,0.4110,0.9000,0.3333,60,0.068,32.91,21.56,21.23,32.84,0.1250,-0.0256,10.04,0.00,50.00,--,--,0.00,EXECUTING,253,13.081,-0.0190,-0.0100,6.6143,0.9533,1.5498,0.008
118.809,115.798,0.884,RETURN_HOME,diverged1,8.5492,-2.2577,1.6835,0.028462,0.045718,0.107934,1.360,52,1.2595,2.2223,-0.5547,-0.440,0.00000,8.4516,0.1814,2.1196,0.1255,-0.0194,0.010,0.4044,0.8550,0.3333,60,0.060,33.12,21.56,21.79,33.19,0.1250,-0.0256,9.91,0.00,50.00,--,--,0.00,EXECUTING,253,13.081,-0.0190,-0.0100,6.6147,0.9634,1.5487,0.020
118.909,115.890,0.889,RETURN_HOME,diverged1,8.5492,-2.2577,1.6835,0.028462,0.045718,0.107934,1.452,52,1.2595,2.2223,-0.5547,-0.448,0.00000,8.4450,0.1921,2.1182,0.1269,-0.0149,0.002,0.4025,0.8550,0.3333,60,0.052,32.99,21.52,21.46,32.99,0.3000,0.0769,10.04,0.00,50.00,--,--,0.00,EXECUTING,253,13.081,-0.0190,-0.0100,6.6150,0.9759,1.5478,0.012
119.009,115.982,0.889,RETURN_HOME,diverged1,8.5492,-2.2577,1.6835,0.028462,0.045718,0.107934,1.544,52,1.2595,2.2223,-0.5547,-0.456,0.00000,8.4397,0.2008,2.1168,0.1278,-0.0158,0.014,0.4001,0.8550,0.3333,60,0.044,32.39,21.30,21.32,32.22,0.1250,-0.0256,10.00,0.00,50.00,--,--,0.00,EXECUTING,253,13.081,-0.0190,-0.0100,6.6154,0.9884,1.5466,0.004
119.109,116.080,0.903,RETURN_HOME,diverged1,8.5492,-2.2577,1.6835,0.028462,0.045718,0.107934,1.642,52,1.2595,2.2223,-0.5547,-0.458,0.00000,8.4332,0.2115,2.1152,0.1403,-0.0186,0.012,0.3982,0.8550,0.3333,60,0.042,32.70,21.30,21.37,32.70,0.1250,-0.0256,9.85,0.00,50.00,--,--,0.00,EXECUTING,253,13.081,-0.0190,-0.0100,6.6158,1.0009,1.5456,0.002
119.209,116.178,0.913,RETURN_HOME,diverged1,8.5492,-2.2577,1.6835,0.028462,0.045718,0.107934,1.740,52,1.2595,2.2223,-0.5547,-0.460,0.00000,8.4264,0.2228,2.1141,0.1319,-0.0114,0.010,0.3971,0.8500,0.3500,60,0.040,32.36,21.05,21.19,32.36,0.1250,-0.0256,10.00,0.00,50.00,--,--,0.00,EXECUTING,257,13.745,-0.0190,-0.0100,6.6162,1.0115,1.5451,0.020
119.310,116.264,0.910,RETURN_HOME,diverged1,8.5492,-2.2577,1.6835,0.028462,0.045718,0.107934,1.826,52,1.2595,2.2223,-0.5547,-0.474,0.00000,8.4212,0.2314,2.1125,0.1389,-0.0219,0.016,0.4016,0.8500,0.3333,60,0.026,31.19,21.10,20.88,31.19,0.1250,-0.0256,9.91,0.00,50.10,--,--,0.00,EXECUTING,257,13.745,-0.0190,-0.0100,6.6167,1.0240,1.5436,0.006
119.408,116.360,0.921,RETURN_HOME,diverged1,8.5492,-2.2577,1.6835,0.028462,0.045718,0.107934,1.922,52,1.2595,2.2223,-0.5547,-0.478,0.00000,8.4143,0.2429,2.1112,0.1825,-0.0225,0.014,0.3979,0.8500,0.3500,60,0.022,32.36,20.79,21.41,32.29,0.1250,-0.0256,9.96,0.00,50.00,--,--,0.00,EXECUTING,257,13.745,-0.0190,-0.0100,6.6171,1.0373,1.5421,0.002
119.510,116.444,0.912,RETURN_HOME,diverged1,8.5492,-2.2577,1.6835,0.028462,0.045718,0.107934,2.006,52,1.2595,2.2223,-0.5547,-0.394,0.00000,8.4087,0.2522,2.1100,0.1352,-0.0146,0.016,0.3932,0.8050,0.3500,60,0.106,32.00,20.96,20.79,31.76,0.1250,-0.0256,9.96,0.00,50.00,--,--,0.00,EXECUTING,257,13.745,-0.0190,-0.0100,6.6175,1.0481,1.5415,0.006
119.609,116.542,0.929,RETURN_HOME,diverged1,8.5492,-2.2577,1.6835,0.028462,0.045718,0.107934,2.104,52,1.2595,2.2223,-0.5547,-0.396,0.00000,8.4016,0.2641,2.1079,0.1272,-0.0196,0.004,0.3910,0.8000,0.3500,60,0.104,31.25,20.66,20.83,31.19,0.1250,-0.0256,9.96,0.00,49.60,--,--,0.00,EXECUTING,257,13.745,-0.0190,-0.0100,6.6181,1.0607,1.5398,0.004
119.709,116.636,0.930,RETURN_HOME,diverged1,8.5492,-2.2577,1.6835,0.028462,0.045718,0.107934,2.198,52,1.2595,2.2223,-0.5547,-0.402,0.00000,8.3958,0.2739,2.1063,0.1426,-0.0205,0.008,0.3924,0.8000,0.3667,60,0.098,32.22,21.60,21.69,32.47,0.1250,-0.0256,10.00,0.00,50.00,--,--,0.00,EXECUTING,257,13.745,-0.0190,-0.0100,6.6185,1.0708,1.5386,0.018
119.809,116.724,0.927,RETURN_HOME,diverged1,8.5492,-2.2577,1.6835,0.028462,0.045718,0.107934,2.286,52,1.2595,2.2223,-0.5547,-0.414,0.00000,8.3909,0.2821,2.1066,0.1214,-0.0017,0.016,0.3872,0.8000,0.3667,60,0.086,31.00,21.49,21.25,32.19,0.0000,0.0000,10.04,0.00,50.00,--,--,0.00,EXECUTING,257,13.745,-0.0190,-0.0100,6.6189,1.0822,1.5381,0.006
119.909,116.812,0.922,RETURN_HOME,diverged1,8.5410,-1.9940,1.5366,0.042600,0.068244,0.132054,0.074,53,1.3247,2.2956,-0.5701,-0.426,0.09803,8.3862,0.2900,2.1096,0.1078,0.0311,0.004,0.3852,0.8050,0.3667,60,0.074,30.15,19.63,19.75,31.19,0.1250,0.0769,9.89,1.00,49.80,--,--,0.00,EXECUTING,257,13.745,-0.0190,-0.0100,6.6192,1.0892,1.5379,0.014
120.010,116.898,0.907,RETURN_HOME,diverged1,8.5410,-1.9940,1.5366,0.042600,0.068244,0.132054,0.160,53,1.3247,2.2956,-0.5701,-0.440,0.00000,8.3810,0.2987,2.1156,0.1246,0.0707,0.010,0.3893,0.8050,0.3167,60,0.060,30.79,19.75,19.96,32.08,0.1250,0.0769,10.00,1.00,50.00,--,--,0.00,EXECUTING,257,13.745,-0.0190,-0.0100,6.6202,1.1018,1.5456,0.000
120.109,116.996,0.916,RETURN_HOME,diverged1,8.5410,-1.9940,1.5366,0.042600,0.068244,0.132054,0.258,53,1.3247,2.2956,-0.5701,-0.442,0.00000,8.3742,0.3098,2.1220,0.1468,0.0691,0.008,0.3939,0.8500,0.3333,60,0.058,30.33,19.75,19.65,31.80,0.1250,0.0769,10.16,1.00,50.00,--,--,0.00,EXECUTING,257,13.745,-0.0190,-0.0100,6.6209,1.1123,1.5502,0.018
120.210,117.076,0.902,RETURN_HOME,diverged1,8.5410,-1.9940,1.5366,0.042600,0.068244,0.132054,0.338,53,1.3247,2.2956,-0.5701,-0.462,0.00000,8.3685,0.3190,2.1267,0.1338,0.0627,0.008,0.3950,0.8064,0.3333,60,0.038,30.80,19.75,19.83,31.89,0.1250,0.0769,10.00,1.00,50.00,--,--,0.00,EXECUTING,258,14.403,-0.0190,-0.0100,6.6215,1.1231,1.5548,0.018
120.310,117.178,0.914,RETURN_HOME,diverged1,8.5410,-1.9940,1.5366,0.042600,0.068244,0.132054,0.440,53,1.3247,2.2956,-0.5701,-0.460,0.00000,8.3615,0.3303,2.1325,0.1381,0.0597,0.012,0.3897,0.8064,0.3500,60,0.040,31.25,19.87,20.08,32.36,0.1250,0.0769,10.09,1.00,49.80,--,--,0.00,EXECUTING,258,14.403,-0.0190,-0.0100,6.6222,1.1364,1.5606,0.020
120.411,117.268,0.915,RETURN_HOME,diverged1,8.5410,-1.9940,1.5366,0.042600,0.068244,0.132054,0.530,53,1.3247,2.2956,-0.5701,-0.470,0.00000,8.3545,0.3413,2.1388,0.1376,0.0661,0.002,0.3853,0.8500,0.3667,60,0.030,30.33,19.87,19.92,31.38,0.1250,0.0769,10.04,1.00,50.10,--,--,0.00,EXECUTING,258,14.403,-0.0190,-0.0100,6.6229,1.1494,1.5670,0.010
120.509,117.364,0.921,RETURN_HOME,diverged1,8.5410,-1.9940,1.5366,0.042600,0.068244,0.132054,0.626,53,1.3247,2.2956,-0.5701,-0.474,0.00000,8.3491,0.3497,2.1445,0.1273,0.0735,0.018,0.3887,0.8064,0.3333,60,0.026,30.98,19.87,20.34,32.05,0.1250,0.0769,9.96,1.00,50.10,--,--,0.00,EXECUTING,258,14.403,-0.0190,-0.0100,6.6235,1.1617,1.5734,0.006
120.609,117.454,0.912,RETURN_HOME,diverged1,8.5410,-1.9940,1.5366,0.042600,0.068244,0.132054,0.716,53,1.3247,2.2956,-0.5701,-0.484,0.00000,8.3423,0.3601,2.1505,0.1275,0.0620,0.008,0.3874,0.8064,0.3167,60,0.016,30.46,19.71,19.65,32.22,0.1250,0.0769,9.96,1.00,49.90,--,--,0.00,EXECUTING,258,14.403,-0.0190,-0.0100,6.6238,1.1716,1.5774,0.016
120.709,117.548,0.915,RETURN_HOME,diverged1,8.5410,-1.9940,1.5366,0.042600,0.068244,0.132054,0.810,53,1.3247,2.2956,-0.5701,-0.390,0.00000,8.3349,0.3714,2.1563,0.1333,0.0579,0.000,0.3884,0.8002,0.3000,60,0.110,29.84,19.75,19.55,32.79,0.1250,0.0769,10.00,1.00,50.00,--,--,0.00,EXECUTING,258,14.403,-0.0190,-0.0100,6.6242,1.1850,1.5835,0.010
120.809,117.638,0.914,RETURN_HOME,diverged1,8.5410,-1.9940,1.5366,0.042600,0.068244,0.132054,0.900,53,1.3247,2.2956,-0.5701,-0.400,0.00000,8.3294,0.3797,2.1625,0.1411,0.0869,0.010,0.3860,0.8006,0.3167,60,0.100,30.98,21.79,20.21,33.12,0.1250,0.0769,9.96,1.00,50.00,--,--,0.00,EXECUTING,258,14.403,-0.0190,-0.0100,6.6247,1.1975,1.5919,0.000
120.909,117.736,0.933,RETURN_HOME,diverged1,8.5410,-1.9940,1.5366,0.042600,0.068244,0.132054,0.998,53,1.3247,2.2956,-0.5701,-0.402,0.00000,8.3219,0.3907,2.1683,0.1360,0.0607,0.008,0.3838,0.8006,0.3167,60,0.098,32.75,21.74,21.83,34.86,0.1250,0.0769,10.07,1.00,50.00,--,--,0.00,EXECUTING,258,14.403,-0.0190,-0.0100,6.6249,1.2083,1.5963,0.018
121.009,117.830,0.933,RETURN_HOME,diverged1,8.5410,-1.9940,1.5366,0.042600,0.068244,0.132054,1.092,53,1.3247,2.2956,-0.5701,-0.408,0.00000,8.3169,0.3980,2.1703,0.1331,0.0218,0.004,0.3737,0.8006,0.3167,60,0.092,32.37,21.44,21.21,32.99,0.0000,0.0000,10.00,0.00,50.10,--,--,0.00,EXECUTING,258,14.403,-0.0190,-0.0100,6.6249,1.2183,1.5993,0.012
121.109,117.918,0.937,RETURN_HOME,diverged1,8.5410,-1.9940,1.5366,0.042600,0.068244,0.132054,1.180,53,1.3247,2.2956,-0.5701,-0.420,0.00000,8.3141,0.4022,2.1678,0.0539,-0.0251,0.010,0.3723,0.8006,0.3167,60,0.080,29.85,19.59,19.19,32.98,0.1250,-0.0769,10.00,0.00,50.10,--,--,0.00,EXECUTING,258,14.403,-0.0190,-0.0100,6.6248,1.2220,1.5989,0.020
121.209,118.012,0.937,RETURN_HOME,diverged1,8.5410,-1.9940,1.5366,0.042600,0.068244,0.132054,1.274,53,1.3247,2.2956,-0.5701,-0.426,0.00000,8.3073,0.4122,2.1635,0.1214,-0.0428,0.004,0.3702,0.8000,0.3167,60,0.074,30.27,19.59,19.79,33.47,0.1250,-0.0769,10.00,0.00,50.00,--,--,0.00,EXECUTING,258,14.403,-0.0190,-0.0100,6.6245,1.2333,1.5978,0.014
121.308,118.098,0.921,RETURN_HOME,diverged1,8.5410,-1.9940,1.5366,0.042600,0.068244,0.132054,1.360,53,1.3247,2.2956,-0.5701,-0.440,0.00000,8.3017,0.4205,2.1598,0.1265,-0.0444,0.010,0.3682,0.8000,0.3167,60,0.060,30.06,19.59,19.47,33.07,0.3000,0.0000,10.02,0.00,49.80,--,--,0.00,EXECUTING,258,14.403,-0.0190,-0.0100,6.6244,1.2431,1.5961,0.020
121.409,118.190,0.923,RETURN_HOME,diverged1,8.5410,-1.9940,1.5366,0.042600,0.068244,0.132054,1.452,53,1.3247,2.2956,-0.5701,-0.448,0.00000,8.2944,0.4315,2.1556,0.1359,-0.0434,0.002,0.3723,0.8000,0.3333,60,0.052,30.49,19.67,20.04,33.54,0.3000,0.0000,9.96,0.00,50.40,--,--,0.00,EXECUTING,258,14.403,-0.0190,-0.0100,6.6243,1.2561,1.5937,0.012
121.509,118.278,0.915,RETURN_HOME,diverged1,8.5410,-1.9940,1.5366,0.042600,0.068244,0.132054,1.540,53,1.3247,2.2956,-0.5701,-0.460,0.00000,8.2889,0.4399,2.1517,0.1256,-0.0513,0.010,0.3718,0.8000,0.3500,60,0.040,30.37,19.63,19.48,33.70,0.1250,-0.0769,10.02,0.00,49.90,--,--,0.00,EXECUTING,201,10.542,-0.0190,-0.0100,6.6243,1.2682,1.5909,0.000
121.609,118.362,0.908,RETURN_HOME,diverged1,8.5410,-1.9940,1.5366,0.042600,0.068244,0.132054,1.624,53,1.3247,2.2956,-0.5701,-0.476,0.00000,8.2840,0.4474,2.1492,0.1157,-0.0359,0.014,0.3727,0.8000,0.3667,60,0.024,30.93,19.87,19.75,34.02,0.1250,-0.0769,10.00,0.00,50.10,--,--,0.00,EXECUTING,201,10.542,-0.0190,-0.0100,6.6242,1.2768,1.5907,0.004
121.709,118.458,0.911,RETURN_HOME,diverged1,8.5410,-1.9940,1.5366,0.042600,0.068244,0.132054,1.720,53,1.3247,2.2956,-0.5701,-0.480,0.00000,8.2775,0.4573,2.1453,0.1336,-0.0431,0.010,0.3675,0.8000,0.3833,60,0.020,30.59,19.87,20.00,32.70,0.1250,-0.0769,10.04,0.00,50.10,--,--,0.00,EXECUTING,201,10.542,-0.0190,-0.0100,6.6240,1.2859,1.5907,0.020
121.809,118.550,0.904,RETURN_HOME,diverged1,8.5410,-1.9940,1.5366,0.042600,0.068244,0.132054,1.812,53,1.3247,2.2956,-0.5701,-0.488,0.00000,8.2713,0.4669,2.1421,0.1275,-0.0355,0.002,0.3654,0.7915,0.3833,60,0.012,31.25,19.87,19.87,33.33,0.1250,-0.0769,10.04,0.00,50.00,--,--,0.00,EXECUTING,201,10.542,-0.0190,-0.0100,6.6238,1.2968,1.5905,0.012
121.909,118.636,0.896,RETURN_HOME,diverged1,8.5410,-1.9940,1.5366,0.042600,0.068244,0.132054,1.898,53,1.3247,2.2956,-0.5701,-0.402,0.00000,8.2663,0.4748,2.1391,0.1183,-0.0377,0.008,0.3606,0.7500,0.3833,60,0.098,31.06,20.08,19.79,32.59,0.1250,-0.0769,9.98,0.00,49.90,--,--,0.00,EXECUTING,201,10.542,-0.0190,-0.0100,6.6236,1.3058,1.5904,0.018
122.010,118.728,0.899,RETURN_HOME,diverged1,8.5410,-1.9940,1.5366,0.042600,0.068244,0.132054,1.990,53,1.3247,2.2956,-0.5701,-0.410,0.00000,8.2602,0.4843,2.1360,0.1209,-0.0335,0.000,0.3614,0.7500,0.3833,60,0.090,31.25,20.20,20.13,32.36,0.1250,-0.0769,9.93,0.00,50.00,--,--,0.00,EXECUTING,201,10.542,-0.0190,-0.0100,6.6234,1.3167,1.5902,0.010
122.109,118.812,0.889,RETURN_HOME,diverged1,8.5410,-1.9940,1.5366,0.042600,0.068244,0.132054,2.074,53,1.3247,2.2956,-0.5701,-0.426,0.00000,8.2551,0.4924,2.1330,0.1193,-0.0385,0.004,0.3602,0.7500,0.3667,60,0.074,32.98,22.44,22.73,33.83,0.1250,-0.0769,10.04,0.00,50.00,--,--,0.00,EXECUTING,201,10.542,-0.0190,-0.0100,6.6233,1.3257,1.5902,0.014
122.209,118.900,0.891,RETURN_HOME,diverged1,8.5410,-1.9940,1.5366,0.042600,0.068244,0.132054,2.162,53,1.3247,2.2956,-0.5701,-0.438,0.00000,8.2501,0.5003,2.1301,0.1182,-0.0367,0.012,0.3593,0.7500,0.3667,60,0.062,33.74,22.44,22.29,33.47,0.0000,0.0000,10.00,0.00,50.00,--,--,0.00,EXECUTING,201,10.542,-0.0190,-0.0100,6.6231,1.3369,1.5900,0.002
122.309,118.986,0.885,RETURN_HOME,diverged1,8.5410,-1.9940,1.5366,0.042600,0.068244,0.132054,2.248,53,1.3247,2.2956,-0.5701,-0.452,0.00000,8.2482,0.5033,2.1372,0.0638,0.0628,0.018,0.3686,0.7500,0.3500,60,0.048,32.84,21.60,21.37,32.91,0.0000,0.1600,10.04,0.00,50.00,--,--,0.00,EXECUTING,201,10.542,-0.0190,-0.0100,6.6238,1.3396,1.5990,0.008
122.408,119.072,0.883,RETURN_HOME,diverged1,8.5410,-1.9940,1.5366,0.042600,0.068244,0.132054,2.334,53,1.3247,2.2956,-0.5701,-0.466,0.00000,8.2482,0.5034,2.1528,0.0006,0.1737,0.004,0.3589,0.7550,0.3667,60,0.034,34.14,21.56,22.09,33.13,0.0000,0.1600,9.98,0.00,50.00,--,--,0.00,EXECUTING,201,10.542,-0.0190,-0.0100,6.6250,1.3398,1.6119,0.014
122.509,119.154,0.876,RETURN_HOME,diverged1,8.5410,-1.9940,1.5366,0.042600,0.068244,0.132054,2.416,53,1.3247,2.2956,-0.5701,-0.484,0.00000,8.2482,0.5033,2.1743,-0.0005,0.2729,0.006,0.3645,0.7565,0.3833,60,0.016,32.77,21.69,21.32,32.59,0.0000,0.3200,10.07,0.00,50.00,--,--,0.00,EXECUTING,203,10.618,-0.0190,-0.0100,6.6268,1.3398,1.6329,0.016
122.610,119.250,0.879,RETURN_HOME,diverged1,8.5410,-1.9940,1.5366,0.042600,0.068244,0.132054,2.512,53,1.3247,2.2956,-0.5701,-0.388,0.00000,8.2483,0.5033,2.2066,-0.0002,0.3385,0.002,0.3691,0.7500,0.3500,60,0.012,32.99,21.56,21.88,32.99,0.0000,0.8462,10.00,0.00,50.10,--,--,0.00,EXECUTING,203,10.618,-0.0190,-0.0100,6.6301,1.3398,1.6693,0.012
122.710,119.338,0.874,RETURN_HOME,diverged1,8.5410,-1.9940,1.5366,0.042600,0.068244,0.132054,2.600,53,1.3247,2.2956,-0.5701,-0.400,0.00000,8.2483,0.5033,2.2325,-0.0003,0.3209,0.010,0.3868,0.8000,0.3333,60,0.100,33.13,21.60,21.88,33.06,0.0000,0.3200,9.98,0.00,50.00,--,--,0.00,EXECUTING,203,10.618,-0.0190,-0.0100,6.6327,1.3401,1.7042,0.000
122.811,119.422,0.872,RETURN_HOME,diverged1,8.5410,-1.9940,1.5366,0.042600,0.068244,0.132054,2.684,53,1.3247,2.2956,-0.5701,-0.416,0.00000,8.2483,0.5033,2.2585,-0.0000,0.3237,0.014,0.3834,0.8050,0.3667,60,0.084,32.98,21.74,21.79,32.72,0.0000,0.3200,9.87,0.00,50.00,--,--,0.00,EXECUTING,203,10.618,-0.0190,-0.0100,6.6332,1.3404,1.7314,0.004
122.909,119.500,0.864,RETURN_HOME,diverged1,8.5410,-1.9940,1.5366,0.042600,0.068244,0.132054,2.762,53,1.3247,2.2956,-0.5701,-0.438,0.00000,8.2483,0.5033,2.2856,-0.0000,0.3381,0.012,0.3864,0.8000,0.3667,60,0.062,33.33,22.06,21.87,33.40,0.0000,0.3200,10.00,0.00,50.10,--,--,0.00,EXECUTING,203,10.618,-0.0190,-0.0100,6.6324,1.3407,1.7593,0.002
123.009,119.586,0.858,RETURN_HOME,diverged1,8.5410,-1.9940,1.5366,0.042600,0.068244,0.132054,2.848,53,1.3247,2.2956,-0.5701,-0.452,0.00000,8.2483,0.5033,2.3117,-0.0000,0.3666,0.018,0.3898,0.8038,0.3500,60,0.048,34.16,22.27,22.48,34.33,0.0000,0.3200,9.91,0.00,50.10,--,--,0.00,EXECUTING,203,10.618,-0.0190,-0.0100,6.6305,1.3409,1.7856,0.008
123.109,119.672,0.858,RETURN_HOME,diverged1,8.5553,-1.7464,1.7437,0.062910,0.104538,0.140325,0.034,54,1.4247,2.4300,-0.5908,-0.466,0.16758,8.2483,0.5033,2.3441,-0.0000,0.3236,0.004,0.4017,0.8050,0.3167,60,0.034,34.04,22.27,22.39,34.04,0.0000,0.3200,10.00,1.00,50.00,--,--,0.00,EXECUTING,203,10.618,-0.0190,-0.0100,6.6285,1.3412,1.8113,0.014
123.209,119.740,0.840,RETURN_HOME,diverged1,8.5553,-1.7464,1.7437,0.062910,0.104538,0.140325,0.102,54,1.4247,2.4300,-0.5908,-0.398,0.00000,8.2483,0.5033,2.3637,-0.0000,0.3279,0.012,0.4095,0.8050,0.3167,60,0.102,34.16,22.59,22.25,34.04,0.0000,0.3200,10.00,1.00,49.80,--,--,0.00,EXECUTING,203,10.618,-0.0190,-0.0100,6.6267,1.3414,1.8368,0.002
123.309,119.840,0.854,RETURN_HOME,diverged1,8.5553,-1.7464,1.7437,0.062910,0.104538,0.140325,0.202,54,1.4247,2.4300,-0.5908,-0.398,0.00000,8.2483,0.5033,2.3973,-0.0000,0.3609,0.016,0.4150,0.8500,0.2833,60,0.102,34.30,22.27,22.78,34.56,0.0000,0.3200,10.00,1.00,50.00,--,--,0.00,EXECUTING,203,10.618,-0.0190,-0.0100,6.6244,1.3418,1.8689,0.002
123.409,119.932,0.864,RETURN_HOME,diverged1,8.5553,-1.7464,1.7437,0.062910,0.104538,0.140325,0.294,54,1.4247,2.4300,-0.5908,-0.406,0.00000,8.2483,0.5033,2.4308,-0.0000,0.3259,0.004,0.4337,0.8550,0.3000,60,0.094,34.91,23.28,23.61,34.84,0.0000,0.3200,9.96,1.00,50.00,--,--,0.00,EXECUTING,203,10.618,-0.0190,-0.0100,6.6227,1.3420,1.8943,0.014
123.511,120.014,0.848,RETURN_HOME,diverged1,8.5553,-1.7464,1.7437,0.062910,0.104538,0.140325,0.376,54,1.4247,2.4300,-0.5908,-0.424,0.00000,8.2483,0.5033,2.4649,-0.0002,0.4053,0.006,0.4377,0.8550,0.2500,60,0.076,35.33,23.19,23.55,35.26,0.0000,0.4800,10.09,1.00,50.00,--,--,0.00,EXECUTING,203,10.618,-0.0190,-0.0100,6.6209,1.3422,1.9241,0.016
123.609,120.104,0.855,RETURN_HOME,diverged1,8.5553,-1.7464,1.7437,0.062910,0.104538,0.140325,0.466,54,1.4247,2.4300,-0.5908,-0.434,0.00000,8.2483,0.5033,2.5038,-0.0000,0.5326,0.020,0.4398,0.8550,0.3000,60,0.066,35.12,23.28,23.35,35.12,0.0000,0.5897,9.91,1.00,50.31,--,--,0.00,EXECUTING,209,10.895,-0.0190,-0.0100,6.6183,1.3426,1.9675,0.006
123.710,120.194,0.857,RETURN_HOME,diverged1,8.5553,-1.7464,1.7437,0.062910,0.104538,0.140325,0.556,54,1.4247,2.4300,-0.5908,-0.444,0.00000,8.2483,0.5033,2.5532,-0.0001,0.4806,0.006,0.4484,0.9500,0.2833,60,0.056,34.91,23.33,23.26,34.84,0.0000,0.5897,10.04,1.00,50.00,--,--,0.00,EXECUTING,209,10.895,-0.0190,-0.0100,6.6165,1.3428,2.0020,0.016
123.809,120.292,0.871,RETURN_HOME,diverged1,8.5671,-1.7347,1.9447,0.045341,0.120292,0.114718,0.054,55,1.6185,2.7379,-0.6329,-0.446,0.36377,8.2483,0.5033,2.6015,-0.0000,0.5055,0.004,0.4518,0.9000,0.3000,60,0.054,34.41,23.11,22.87,34.52,0.0000,0.4800,10.18,1.66,50.00,--,--,0.00,EXECUTING,209,10.895,-0.0190,-0.0100,6.6146,1.3430,2.0425,0.014
123.908,120.388,0.888,RETURN_HOME,diverged1,8.5671,-1.7347,1.9447,0.045341,0.120292,0.114718,0.150,55,1.6185,2.7379,-0.6329,-0.450,0.00000,8.2483,0.5033,2.6403,-0.0001,0.5055,0.020,0.4495,0.9000,0.2667,60,0.050,34.41,22.87,22.92,34.41,0.0000,0.4872,10.04,1.66,50.00,--,--,0.00,EXECUTING,209,10.895,-0.0190,-0.0100,6.6131,1.3431,2.0814,0.010
124.009,120.486,0.901,RETURN_HOME,diverged1,8.5671,-1.7347,1.9447,0.045341,0.120292,0.114718,0.248,55,1.6185,2.7379,-0.6329,-0.452,0.00000,8.2483,0.5033,2.6883,-0.0000,0.4967,0.020,0.4678,0.9000,0.2500,60,0.048,33.54,22.36,22.39,33.60,0.0000,0.4872,10.16,1.66,50.00,--,--,0.00,EXECUTING,209,10.895,-0.0190,-0.0100,6.6119,1.3431,2.1187,0.008
124.109,120.588,0.916,RETURN_HOME,diverged1,8.5671,-1.7347,1.9447,0.045341,0.120292,0.114718,0.350,55,1.6185,2.7379,-0.6329,-0.450,0.00000,8.2483,0.5033,2.7361,-0.0004,0.4696,0.020,0.4712,0.9000,0.2333,60,0.050,32.19,21.83,21.83,33.13,0.0000,0.4800,10.00,1.66,50.10,--,--,0.00,EXECUTING,209,10.895,-0.0190,-0.0100,6.6111,1.3430,2.1546,0.010
124.209,120.670,0.921,RETURN_HOME,diverged1,8.5671,-1.7347,1.9447,0.045341,0.120292,0.114718,0.432,55,1.6185,2.7379,-0.6329,-0.468,0.00000,8.2486,0.5032,2.7824,-0.0035,0.6407,0.002,0.4780,0.9000,0.2000,60,0.032,33.13,21.78,22.01,33.20,0.0158,0.8462,10.00,1.00,50.00,--,--,0.00,EXECUTING,209,10.895,-0.0190,-0.0100,6.6109,1.3426,2.1811,0.012
124.309,120.764,0.924,RETURN_HOME,diverged1,8.5701,-1.7351,2.1639,0.041533,0.155229,0.112501,0.026,56,1.7015,2.8604,-0.6506,-0.474,0.14797,8.2488,0.5031,2.8191,-0.0033,0.4621,0.016,0.4642,0.9500,0.2333,60,0.026,32.19,21.65,21.46,32.26,0.0000,0.4800,10.00,1.99,50.00,--,--,0.00,EXECUTING,209,10.895,-0.0190,-0.0100,6.6109,1.3421,2.2131,0.006
124.409,120.862,0.944,RETURN_HOME,diverged1,8.5701,-1.7351,2.1639,0.041533,0.155229,0.112501,0.124,56,1.7015,2.8604,-0.6506,-0.476,0.00000,8.2487,0.5031,2.8676,0.0018,0.4897,0.014,0.4743,0.9000,0.2167,60,0.024,32.09,21.47,21.60,32.47,0.0000,0.4800,9.96,1.99,50.00,--,--,0.00,EXECUTING,209,10.895,-0.0190,-0.0100,6.6107,1.3421,2.2476,0.004
124.509,120.964,0.952,RETURN_HOME,diverged1,8.5701,-1.7351,2.1639,0.041533,0.155229,0.112501,0.226,56,1.7015,2.8604,-0.6506,-0.474,0.00000,8.2487,0.5031,2.9166,-0.0000,0.5697,0.016,0.4768,0.9000,0.2167,60,0.026,31.31,21.26,21.14,31.38,0.0316,1.0000,10.02,1.99,50.00,--,--,0.00,EXECUTING,209,10.895,-0.0190,-0.0100,6.6107,1.3419,2.2828,0.006
124.609,121.062,0.958,RETURN_HOME,diverged1,8.5701,-1.7351,2.1639,0.041533,0.155229,0.112501,0.324,56,1.7015,2.8604,-0.6506,-0.476,0.00000,8.2481,0.5032,2.9618,0.0057,0.4564,0.014,0.4853,0.9050,0.1833,60,0.024,31.57,20.92,21.23,31.50,0.0316,0.9487,10.00,1.99,50.00,--,--,0.00,EXECUTING,209,10.895,-0.0190,-0.0100,6.6103,1.3422,2.3148,0.004
124.709,121.164,0.971,RETURN_HOME,diverged1,8.5701,-1.7351,2.1639,0.041533,0.155229,0.112501,0.426,56,1.7015,2.8604,-0.6506,-0.474,0.00000,8.2476,0.5033,2.9836,0.0056,0.2277,0.016,0.4959,0.9500,0.1500,60,0.026,30.15,19.55,20.45,30.08,0.0000,0.0000,9.98,1.99,50.00,--,--,0.00,EXECUTING,209,10.895,-0.0190,-0.0100,6.6099,1.3426,2.3293,0.006
124.809,121.262,0.971,RETURN_HOME,diverged1,8.5701,-1.7351,2.1639,0.041533,0.155229,0.112501,0.524,56,1.7015,2.8604,-0.6506,-0.476,0.00000,8.2476,0.5033,2.9840,-0.0000,0.0040,0.014,0.4842,0.9050,0.1833,60,0.024,30.17,19.59,19.61,30.27,0.0000,0.0000,9.98,1.00,50.00,--,--,0.00,EXECUTING,209,10.895,-0.0190,-0.0100,6.6099,1.3426,2.3293,0.004
124.909,121.364,0.975,RETURN_HOME,diverged1,8.5701,-1.7351,2.1639,0.041533,0.155229,0.112501,0.626,56,1.7015,2.8604,-0.6506,-0.474,0.00000,8.2476,0.5033,2.9840,0.0000,0.0000,0.016,0.4842,0.9050,0.1833,60,0.026,28.91,19.51,19.44,28.97,0.0000,0.0000,10.00,1.00,50.00,--,--,0.00,EXECUTING,209,10.895,-0.0190,-0.0100,6.6099,1.3426,2.3293,0.006
125.008,121.462,0.976,RETURN_HOME,diverged1,8.5701,-1.7351,2.1639,0.041533,0.155229,0.112501,0.724,56,1.7015,2.8604,-0.6506,-0.476,0.00000,8.2476,0.5033,2.9840,0.0000,0.0000,0.014,0.4842,0.9050,0.1833,60,0.024,27.84,19.47,19.48,27.84,0.0000,0.0000,9.93,1.00,49.90,--,--,0.00,EXECUTING,209,10.895,-0.0190,-0.0100,6.6099,1.3426,2.3293,0.004
125.109,121.562,0.974,RETURN_HOME,diverged1,8.5701,-1.7351,2.1639,0.041533,0.155229,0.112501,0.824,56,1.7015,2.8604,-0.6506,-0.476,0.00000,8.2476,0.5033,2.9844,0.0000,0.0040,0.014,0.4834,0.9050,0.1833,60,0.024,27.84,19.51,19.52,27.90,0.0000,0.0000,9.96,1.00,50.00,--,--,0.00,EXECUTING,209,10.895,-0.0190,-0.0100,6.6099,1.3426,2.3296,0.004
125.208,121.658,0.989,RETURN_HOME,diverged1,8.5701,-1.7351,2.1639,0.041533,0.155229,0.112501,0.920,56,1.7015,2.8604,-0.6506,-0.480,0.00000,8.2476,0.5033,2.9848,0.0000,0.0040,0.010,0.4840,0.9500,0.1833,60,0.020,27.37,19.27,19.03,27.43,0.0000,0.0000,9.98,1.00,50.00,--,--,0.00,EXECUTING,209,10.895,-0.0190,-0.0100,6.6099,1.3426,2.3299,0.020
125.309,121.754,0.990,RETURN_HOME,diverged1,8.5701,-1.7351,2.1639,0.041533,0.155229,0.112501,1.016,56,1.7015,2.8604,-0.6506,-0.484,0.00000,8.2476,0.5033,2.9853,0.0000,0.0058,0.006,0.4841,0.9500,0.1833,60,0.016,27.48,19.23,19.35,27.48,0.0000,0.0000,10.04,1.00,50.00,--,--,0.00,EXECUTING,209,10.895,-0.0190,-0.0100,6.6099,1.3426,2.3304,0.016
125.408,121.850,0.988,RETURN_HOME,diverged1,8.5701,-1.7351,2.1639,0.041533,0.155229,0.112501,1.112,56,1.7015,2.8604,-0.6506,-0.488,0.00000,8.2476,0.5033,2.9869,0.0000,0.0160,0.002,0.4823,0.9500,0.1833,60,0.012,27.14,19.19,19.03,27.25,0.0000,0.0000,10.04,0.00,50.00,--,--,0.00,EXECUTING,209,10.895,-0.0190,-0.0100,6.6099,1.3426,2.3316,0.012
125.509,121.944,0.980,RETURN_HOME,diverged1,8.5701,-1.7351,2.1639,0.041533,0.155229,0.112501,1.206,56,1.7015,2.8604,-0.6506,-0.394,0.00000,8.2476,0.5033,2.9886,0.0000,0.0228,0.018,0.4847,0.9500,0.1667,60,0.106,27.25,19.31,19.23,27.25,0.0000,0.0000,10.04,0.00,50.10,--,--,0.00,EXECUTING,209,10.895,-0.0190,-0.0100,6.6099,1.3426,2.3329,0.006
125.609,122.042,0.975,RETURN_HOME,diverged1,8.5701,-1.7351,2.1639,0.041533,0.155229,0.112501,1.304,56,1.7015,2.8604,-0.6506,-0.396,0.00000,8.2476,0.5033,2.9891,0.0000,0.0047,0.014,0.4845,0.9500,0.1667,60,0.104,27.72,19.39,19.61,27.78,0.0000,0.0000,10.02,0.00,50.00,--,--,0.00,EXECUTING,209,10.895,-0.0190,-0.0100,6.6099,1.3426,2.3332,0.004
125.709,122.138,0.973,RETURN_HOME,diverged1,8.5701,-1.7351,2.1639,0.041533,0.155229,0.112501,1.400,56,1.7015,2.8604,-0.6506,-0.400,0.00000,8.2476,0.5033,2.9907,0.0000,0.0160,0.010,0.4862,0.9500,0.1667,60,0.100,28.46,20.62,20.92,28.57,0.0000,0.0000,10.02,0.00,50.00,--,--,0.00,EXECUTING,209,10.895,-0.0190,-0.0100,6.6099,1.3426,2.3344,0.000
125.810,122.238,0.970,RETURN_HOME,diverged1,8.5701,-1.7351,2.1639,0.041533,0.155229,0.112501,1.500,56,1.7015,2.8604,-0.6506,-0.400,0.00000,8.2476,0.5033,2.9927,-0.0000,0.0346,0.010,0.4908,0.9500,0.1667,60,0.100,28.63,19.43,20.98,28.51,0.0000,1.0000,9.98,0.00,49.90,--,--,0.00,EXECUTING,209,10.895,-0.0190,-0.0100,6.6099,1.3425,2.3372,0.000
125.909,122.328,0.964,RETURN_HOME,diverged1,8.5701,-1.7351,2.1639,0.041533,0.155229,0.112501,1.590,56,1.7015,2.8604,-0.6506,-0.410,0.00000,8.2476,0.5033,3.0121,-0.0000,0.2034,0.000,0.5031,0.9050,0.1667,60,0.090,29.28,19.59,19.52,29.22,0.0000,0.1600,10.04,0.00,50.00,--,--,0.00,EXECUTING,209,10.895,-0.0190,-0.0100,6.6099,1.3425,2.3497,0.010
126.008,122.426,0.960,RETURN_HOME,diverged1,8.5701,-1.7351,2.1639,0.041533,0.155229,0.112501,1.688,56,1.7015,2.8604,-0.6506,-0.412,0.00000,8.2476,0.5033,3.0263,0.0000,0.1833,0.020,0.4894,0.9000,0.2167,60,0.088,30.63,19.75,19.74,30.70,0.0000,0.1600,10.07,0.00,50.00,--,--,0.00,EXECUTING,209,10.895,-0.0190,-0.0100,6.6099,1.3425,2.3632,0.008
126.109,122.508,0.943,RETURN_HOME,diverged1,8.5703,-1.7105,2.3602,0.039247,0.170813,0.112729,0.070,57,1.7973,3.0226,-0.6709,-0.430,0.18847,8.2476,0.5033,3.0436,0.0000,0.2300,0.000,0.4920,0.9000,0.2000,60,0.070,30.80,20.04,19.71,30.86,0.0000,0.1600,10.11,1.00,50.00,--,--,0.00,EXECUTING,209,10.895,-0.0190,-0.0100,6.6099,1.3425,2.3742,0.010
126.210,122.586,0.924,RETURN_HOME,diverged1,8.5703,-1.7105,2.3602,0.039247,0.170813,0.112729,0.148,57,1.7973,3.0226,-0.6709,-0.452,0.00000,8.2476,0.5033,3.0535,-0.0000,0.1740,0.018,0.4860,0.9050,0.2000,60,0.048,31.65,20.45,20.30,31.65,0.0000,0.1600,9.96,1.00,50.00,--,--,0.00,EXECUTING,209,10.895,-0.0190,-0.0100,6.6100,1.3425,2.3843,0.008
126.309,122.666,0.912,RETURN_HOME,diverged1,8.5703,-1.7105,2.3602,0.039247,0.170813,0.112729,0.228,57,1.7973,3.0226,-0.6709,-0.472,0.00000,8.2476,0.5033,3.0668,0.0000,0.1683,0.018,0.5013,0.9500,0.1695,59,0.028,32.29,20.79,20.83,32.29,0.0000,0.1600,9.80,1.00,50.00,--,--,0.00,EXECUTING,209,10.895,-0.0190,-0.0100,6.6101,1.3425,2.3944,0.008
126.409,122.758,0.904,RETURN_HOME,diverged1,8.5703,-1.7105,2.3602,0.039247,0.170813,0.112729,0.320,57,1.7973,3.0226,-0.6709,-0.480,0.00000,8.2476,0.5033,3.0833,-0.0000,0.1850,0.010,0.5066,0.9100,0.1525,59,0.020,32.09,20.92,20.79,32.16,0.0000,0.1600,9.93,1.00,50.00,--,--,0.00,EXECUTING,209,10.895,-0.0190,-0.0100,6.6102,1.3425,2.4068,0.000
126.509,122.846,0.893,RETURN_HOME,diverged1,8.5703,-1.7105,2.3602,0.039247,0.170813,0.112729,0.408,57,1.7973,3.0226,-0.6709,-0.392,0.00000,8.2476,0.5033,3.0967,-0.0000,0.1723,0.020,0.5142,0.9442,0.1695,59,0.108,32.36,21.13,20.92,32.36,0.0000,0.1600,9.93,1.00,50.00,--,--,0.00,EXECUTING,209,10.895,-0.0190,-0.0100,6.6103,1.3425,2.4168,0.008
126.609,122.938,0.896,RETURN_HOME,diverged1,8.5703,-1.7105,2.3602,0.039247,0.170813,0.112729,0.500,57,1.7973,3.0226,-0.6709,-0.400,0.00000,8.2476,0.5033,3.1131,0.0000,0.2182,0.010,0.4946,0.9000,0.1864,59,0.100,32.84,21.21,21.28,32.84,0.0000,0.1600,9.85,1.00,50.00,--,--,0.00,EXECUTING,209,10.895,-0.0190,-0.0100,6.6104,1.3425,2.4265,0.020
126.710,123.020,0.869,RETURN_HOME,diverged1,8.5703,-1.7105,2.3602,0.039247,0.170813,0.112729,0.582,57,1.7973,3.0226,-0.6709,-0.418,0.00000,8.2476,0.5033,3.1273,-0.0000,0.1747,0.012,0.5041,0.9000,0.1864,59,0.082,33.19,21.43,21.46,33.19,0.0000,0.1600,9.96,1.00,50.00,--,--,0.00,EXECUTING,209,10.895,-0.0190,-0.0100,6.6105,1.3425,2.4392,0.002
126.809,123.088,0.851,RETURN_HOME,diverged1,8.5703,-1.7105,2.3602,0.039247,0.170813,0.112729,0.650,57,1.7973,3.0226,-0.6709,-0.450,0.00000,8.2476,0.5033,3.1373,-0.0000,0.1787,0.020,0.4911,0.9000,0.2034,59,0.050,34.02,21.97,21.92,34.02,0.0000,0.1600,10.02,1.00,50.00,--,--,0.00,EXECUTING,209,10.895,-0.0190,-0.0100,6.6106,1.3425,2.4464,0.010
126.909,123.174,0.846,RETURN_HOME,diverged1,8.5703,-1.7105,2.3602,0.039247,0.170813,0.112729,0.736,57,1.7973,3.0226,-0.6709,-0.464,0.00000,8.2476,0.5033,-3.1293,-0.0000,0.1669,0.006,0.5001,0.9100,0.1525,59,0.036,34.74,23.50,23.65,34.88,0.0000,0.1600,9.83,1.00,49.90,--,--,0.00,EXECUTING,209,10.895,-0.0190,-0.0100,6.6106,1.3425,2.4560,0.016
127.009,123.258,0.834,RETURN_HOME,diverged1,8.5703,-1.7105,2.3602,0.039247,0.170813,0.112729,0.820,57,1.7973,3.0226,-0.6709,-0.480,0.00000,8.2476,0.5033,-3.1153,0.0000,0.1733,0.010,0.5081,0.9500,0.1379,58,0.020,35.49,23.45,23.45,35.56,0.0000,0.0000,9.98,1.00,49.90,--,--,0.00,EXECUTING,209,10.895,-0.0190,-0.0100,6.6106,1.3425,2.4684,0.000
127.109,123.344,0.836,RETURN_HOME,diverged1,8.5703,-1.7105,2.3602,0.039247,0.170813,0.112729,0.906,57,1.7973,3.0226,-0.6709,-0.394,0.00000,8.2476,0.5033,-3.1081,0.0000,0.1158,0.016,0.5088,0.9150,0.1207,58,0.106,34.63,21.69,23.64,35.64,0.0000,1.0000,9.98,1.00,49.90,--,--,0.00,EXECUTING,209,10.895,-0.0190,-0.0100,6.6106,1.3425,2.4729,0.006
127.210,123.436,0.854,RETURN_HOME,diverged1,8.5703,-1.7105,2.3602,0.039247,0.170813,0.112729,0.998,57,1.7973,3.0226,-0.6709,-0.402,0.00000,8.2476,0.5033,-3.0902,0.0003,0.1971,0.008,0.5216,0.9389,0.1379,58,0.098,34.12,21.65,21.88,35.11,0.0000,0.1600,9.96,1.00,50.00,--,--,0.00,EXECUTING,209,10.895,-0.0190,-0.0100,6.6106,1.3425,2.4836,0.018
127.309,123.512,0.846,RETURN_HOME,diverged1,8.5703,-1.7105,2.3602,0.039247,0.170813,0.112729,1.074,57,1.7973,3.0226,-0.6709,-0.426,0.00000,8.2475,0.5033,-3.0773,0.0004,0.1649,0.004,0.5163,0.9066,0.1552,58,0.074,34.23,21.69,22.04,35.27,0.0000,0.1600,10.09,0.00,50.10,--,--,0.00,EXECUTING,209,10.895,-0.0190,-0.0100,6.6105,1.3425,2.4927,0.014
127.410,123.598,0.835,RETURN_HOME,diverged1,8.5703,-1.7105,2.3602,0.039247,0.170813,0.112729,1.160,57,1.7973,3.0226,-0.6709,-0.440,0.00000,8.2475,0.5033,-3.0632,0.0007,0.1893,0.010,0.5063,0.9000,0.1379,58,0.060,33.81,21.65,21.52,34.91,0.0000,0.1600,10.18,0.00,50.10,--,--,0.00,EXECUTING,209,10.895,-0.0190,-0.0100,6.6104,1.3425,2.5022,0.020
127.509,123.674,0.829,RETURN_HOME,diverged1,8.5703,-1.7105,2.3602,0.039247,0.170813,0.112729,1.236,57,1.7973,3.0226,-0.6709,-0.464,0.00000,8.2474,0.5033,-3.0485,0.0009,0.1900,0.006,0.5100,0.9500,0.1034,58,0.036,33.68,21.78,21.32,34.55,0.0000,0.1600,10.07,0.00,49.90,--,--,0.00,EXECUTING,209,10.895,-0.0190,-0.0100,6.6103,1.3425,2.5121,0.016
127.609,123.756,0.818,RETURN_HOME,diverged1,8.5703,-1.7105,2.3602,0.039247,0.170813,0.112729,1.318,57,1.7973,3.0226,-0.6709,-0.382,0.00000,8.2473,0.5033,-3.0348,0.0008,0.1898,0.008,0.5094,0.9500,0.1034,58,0.018,35.11,22.06,22.54,36.25,0.0000,0.1600,10.09,0.00,50.10,--,--,0.00,EXECUTING,209,10.895,-0.0190,-0.0100,6.6102,1.3424,2.5228,0.018
127.709,123.838,0.819,RETURN_HOME,diverged1,8.5624,-1.7009,2.5602,0.040586,0.200155,0.114762,0.100,58,1.8651,3.1383,-0.6867,-0.400,0.13408,8.2472,0.5033,-3.0211,0.0013,0.1674,0.010,0.5164,0.9189,0.0862,58,0.100,34.23,22.04,21.83,35.20,0.0000,0.1600,10.09,1.00,50.00,--,--,0.00,EXECUTING,209,10.895,-0.0190,-0.0100,6.6100,1.3424,2.5345,0.000
127.811,123.928,0.836,RETURN_HOME,diverged1,8.5624,-1.7009,2.5602,0.040586,0.200155,0.114762,0.190,58,1.8651,3.1383,-0.6867,-0.410,0.00000,8.2472,0.5033,-3.0043,0.0009,0.1758,0.000,0.5340,0.9162,0.0702,57,0.090,34.81,22.13,22.20,35.86,0.0000,0.1600,10.02,1.00,50.00,--,--,0.00,EXECUTING,209,10.895,-0.0190,-0.0100,6.6099,1.3423,2.5442,0.010
127.909,124.022,0.848,RETURN_HOME,diverged1,8.5624,-1.7009,2.5602,0.040586,0.200155,0.114762,0.284,58,1.8651,3.1383,-0.6867,-0.416,0.00000,8.2471,0.5033,-2.9906,0.0008,0.1734,0.014,0.5458,0.9583,0.0702,57,0.084,34.38,21.69,21.88,35.42,0.0000,0.1600,9.93,1.00,50.10,--,--,0.00,EXECUTING,209,10.895,-0.0190,-0.0100,6.6098,1.3422,2.5563,0.004
128.009,124.108,0.849,RETURN_HOME,diverged1,8.5624,-1.7009,2.5602,0.040586,0.200155,0.114762,0.370,58,1.8651,3.1383,-0.6867,-0.430,0.00000,8.2470,0.5033,-2.9734,0.0004,0.1715,0.000,0.5280,0.9500,0.0877,57,0.070,33.61,21.43,21.28,34.66,0.0000,0.1600,10.14,1.00,50.00,--,--,0.00,EXECUTING,209,10.895,-0.0190,-0.0100,6.6097,1.3421,2.5665,0.010
128.109,124.196,0.846,RETURN_HOME,diverged1,8.5624,-1.7009,2.5602,0.040586,0.200155,0.114762,0.458,58,1.8651,3.1383,-0.6867,-0.442,0.00000,8.2470,0.5033,-2.9588,0.0004,0.2000,0.008,0.5287,0.9500,0.0877,57,0.058,33.88,21.52,21.56,34.84,0.0000,0.1600,10.02,1.00,49.90,--,--,0.00,EXECUTING,209,10.895,-0.0190,-0.0100,6.6097,1.3419,2.5766,0.018
128.210,124.278,0.843,RETURN_HOME,diverged1,8.5624,-1.7009,2.5602,0.040586,0.200155,0.114762,0.540,58,1.8651,3.1383,-0.6867,-0.460,0.00000,8.2470,0.5033,-2.9445,0.0004,0.1926,0.010,0.5183,0.9500,0.0877,57,0.040,34.66,23.55,23.54,35.71,0.0000,0.1600,10.00,1.00,50.00,--,--,0.00,EXECUTING,209,10.895,-0.0190,-0.0100,6.6097,1.3416,2.5903,0.000
128.309,124.364,0.852,RETURN_HOME,diverged1,8.5624,-1.7009,2.5602,0.040586,0.200155,0.114762,0.626,58,1.8651,3.1383,-0.6867,-0.474,0.00000,8.2470,0.5033,-2.9308,0.0002,0.1841,0.018,0.5275,0.9278,0.0893,56,0.026,35.49,23.55,23.31,35.42,0.0000,0.0000,9.91,1.00,50.00,--,--,0.00,EXECUTING,209,10.895,-0.0190,-0.0100,6.6096,1.3414,2.6010,0.006
128.409,124.452,0.855,RETURN_HOME,diverged1,8.5624,-1.7009,2.5602,0.040586,0.200155,0.114762,0.714,58,1.8651,3.1383,-0.6867,-0.486,0.00000,8.2470,0.5033,-2.9225,0.0002,0.0790,0.004,0.5394,0.9232,0.0714,56,0.014,34.81,21.43,23.86,35.35,0.0000,1.0000,10.02,1.00,50.00,--,--,0.00,EXECUTING,209,10.895,-0.0190,-0.0100,6.6096,1.3413,2.6049,0.014
128.509,124.540,0.872,RETURN_HOME,diverged1,8.5624,-1.7009,2.5602,0.040586,0.200155,0.114762,0.802,58,1.8651,3.1383,-0.6867,-0.398,0.00000,8.2469,0.5032,-2.9086,0.0009,0.1577,0.012,0.5495,0.9360,0.0536,56,0.102,33.33,21.34,21.32,35.49,0.0000,0.1600,10.02,1.00,50.10,--,--,0.00,EXECUTING,209,10.895,-0.0190,-0.0100,6.6095,1.3411,2.6170,0.002
128.609,124.626,0.871,RETURN_HOME,diverged1,8.5624,-1.7009,2.5602,0.040586,0.200155,0.114762,0.888,58,1.8651,3.1383,-0.6867,-0.412,0.00000,8.2468,0.5032,-2.8949,0.0008,0.1837,0.018,0.5508,0.9500,0.0893,56,0.088,33.20,21.30,21.32,35.34,0.0000,0.1600,9.98,1.00,50.00,--,--,0.00,EXECUTING,209,10.895,-0.0190,-0.0100,6.6095,1.3410,2.6265,0.008
128.709,124.712,0.873,RETURN_HOME,diverged1,8.5624,-1.7009,2.5602,0.040586,0.200155,0.114762,0.974,58,1.8651,3.1383,-0.6867,-0.426,0.00000,8.2465,0.5032,-2.8812,0.0031,0.1395,0.004,0.5379,0.9500,0.0893,56,0.074,32.29,20.92,20.75,34.38,0.0000,0.1600,10.07,1.00,50.00,--,--,0.00,EXECUTING,209,10.895,-0.0190,-0.0100,6.6095,1.3420,2.6362,0.014
128.809,124.802,0.876,RETURN_HOME,diverged1,8.5624,-1.7009,2.5602,0.040586,0.200155,0.114762,1.064,58,1.8651,3.1383,-0.6867,-0.436,0.00000,8.2463,0.5031,-2.8691,0.0034,0.1556,0.014,0.5364,0.9500,0.1071,56,0.064,32.29,20.88,20.83,34.37,0.0000,0.1600,9.98,0.00,50.00,--,--,0.00,EXECUTING,209,10.895,-0.0190,-0.0100,6.6096,1.3434,2.6493,0.004
128.910,124.884,0.862,RETURN_HOME,diverged1,8.5624,-1.7009,2.5602,0.040586,0.200155,0.114762,1.146,58,1.8651,3.1383,-0.6867,-0.454,0.00000,8.2460,0.5030,-2.8577,0.0031,0.1478,0.016,0.5308,0.9500,0.0893,56,0.046,32.63,20.88,20.96,34.66,0.0000,0.1600,10.02,0.00,50.00,--,--,0.00,EXECUTING,209,10.895,-0.0190,-0.0100,6.6097,1.3445,2.6594,0.006
129.010,124.960,0.848,RETURN_HOME,diverged1,8.5624,-1.7009,2.5602,0.040586,0.200155,0.114762,1.222,58,1.8651,3.1383,-0.6867,-0.478,0.00000,8.2458,0.5029,-2.8433,0.0041,0.2010,0.000,0.5401,0.9531,0.0727,55,0.022,33.26,21.26,21.28,35.34,0.0000,0.1600,9.98,0.00,50.40,--,--,0.00,EXECUTING,209,10.895,-0.0190,-0.0100,6.6097,1.3455,2.6696,0.002
129.109,125.052,0.856,RETURN_HOME,diverged1,8.5624,-1.7009,2.5602,0.040586,0.200155,0.114762,1.314,58,1.8651,3.1383,-0.6867,-0.386,0.00000,8.2455,0.5029,-2.8318,0.0043,0.2099,0.004,0.5569,0.9388,0.0727,55,0.014,33.26,21.17,21.23,35.42,0.0000,0.1600,9.98,0.00,50.00,--,--,0.00,EXECUTING,209,10.895,-0.0190,-0.0100,6.6098,1.3466,2.6798,0.014
129.209,125.138,0.860,RETURN_HOME,diverged1,8.5650,-1.6716,2.7354,0.041414,0.226249,0.121680,0.100,59,2.0069,3.3516,-0.7145,-0.400,0.25607,8.2453,0.5028,-2.8205,0.0032,0.1628,0.010,0.5554,0.9500,0.0909,55,0.100,34.04,21.38,21.79,36.25,0.0000,0.1600,9.98,1.00,49.90,--,--,0.00,EXECUTING,209,10.895,-0.0190,-0.0100,6.6098,1.3476,2.6900,0.020
129.309,125.228,0.862,RETURN_HOME,diverged1,8.5650,-1.6716,2.7354,0.041414,0.226249,0.121680,0.190,59,2.0069,3.3516,-0.7145,-0.410,0.00000,8.2451,0.5027,-2.8077,0.0030,0.1573,0.020,0.5469,0.9500,0.0909,55,0.090,33.40,21.17,21.19,35.42,0.0000,0.1600,9.98,1.00,50.00,--,--,0.00,EXECUTING,209,10.895,-0.0190,-0.0100,6.6099,1.3490,2.7040,0.010
129.409,125.318,0.866,RETURN_HOME,diverged1,8.5650,-1.6716,2.7354,0.041414,0.226249,0.121680,0.280,59,2.0069,3.3516,-0.7145,-0.420,0.00000,8.2448,0.5026,-2.7930,0.0035,0.1810,0.010,0.5550,0.9500,0.1273,55,0.080,33.26,23.09,21.32,35.27,0.0000,0.1600,10.04,1.00,50.00,--,--,0.00,EXECUTING,209,10.895,-0.0190,-0.0100,6.6099,1.3501,2.7149,0.020
129.509,125.402,0.862,RETURN_HOME,diverged1,8.5650,-1.6716,2.7354,0.041414,0.226249,0.121680,0.364,59,2.0069,3.3516,-0.7145,-0.436,0.00000,8.2446,0.5025,-2.7803,0.0033,0.1778,0.016,0.5411,0.9500,0.1273,55,0.064,34.23,23.16,22.98,36.31,0.0000,0.1600,10.00,1.00,50.00,--,--,0.00,EXECUTING,209,10.895,-0.0190,-0.0100,6.6099,1.3516,2.7293,0.004
129.610,125.486,0.859,RETURN_HOME,diverged1,8.5650,-1.6716,2.7354,0.041414,0.226249,0.121680,0.448,59,2.0069,3.3516,-0.7145,-0.452,0.00000,8.2444,0.5025,-2.7678,0.0031,0.1706,0.018,0.5388,0.9500,0.0741,54,0.048,35.20,23.21,23.21,35.05,0.0000,0.0000,10.02,1.00,50.00,--,--,0.00,EXECUTING,209,10.895,-0.0190,-0.0100,6.6099,1.3528,2.7411,0.008
129.709,125.568,0.856,RETURN_HOME,diverged1,8.5650,-1.6716,2.7354,0.041414,0.226249,0.121680,0.530,59,2.0069,3.3516,-0.7145,-0.470,0.00000,8.2443,0.5024,-2.7620,0.0017,0.0994,0.020,0.5357,0.9350,0.0926,54,0.030,33.47,21.26,23.15,34.52,0.0000,1.0000,10.02,1.00,50.10,--,--,0.00,EXECUTING,209,10.895,-0.0190,-0.0100,6.6100,1.3532,2.7454,0.010
129.809,125.656,0.854,RETURN_HOME,diverged1,8.5650,-1.6716,2.7354,0.041414,0.226249,0.121680,0.618,59,2.0069,3.3516,-0.7145,-0.482,0.00000,8.2441,0.5023,-2.7470,0.0025,0.1507,0.008,0.5463,0.9452,0.1111,54,0.018,33.20,21.30,20.92,34.23,0.0000,0.1600,10.02,1.00,49.90,--,--,0.00,EXECUTING,209,10.895,-0.0190,-0.0100,6.6100,1.3543,2.7567,0.018
129.909,125.740,0.856,RETURN_HOME,diverged1,8.5650,-1.6716,2.7354,0.041414,0.226249,0.121680,0.702,59,2.0069,3.3516,-0.7145,-0.398,0.00000,8.2439,0.5022,-2.7345,0.0036,0.2173,0.012,0.5506,0.9416,0.0926,54,0.102,33.26,21.34,21.19,34.37,0.0000,0.1600,10.02,1.00,50.00,--,--,0.00,EXECUTING,209,10.895,-0.0190,-0.0100,6.6100,1.3558,2.7716,0.002
130.010,125.824,0.857,RETURN_HOME,diverged1,8.5650,-1.6716,2.7354,0.041414,0.226249,0.121680,0.786,59,2.0069,3.3516,-0.7145,-0.414,0.00000,8.2437,0.5022,-2.7210,0.0030,0.1798,0.016,0.5400,0.9000,0.1111,54,0.086,33.26,21.38,21.10,34.23,0.0000,0.1600,10.11,1.00,49.90,--,--,0.00,EXECUTING,209,10.895,-0.0190,-0.0100,6.6101,1.3571,2.7848,0.006
130.109,125.910,0.858,RETURN_HOME,diverged1,8.5650,-1.6716,2.7354,0.041414,0.226249,0.121680,0.872,59,2.0069,3.3516,-0.7145,-0.428,0.00000,8.2435,0.5021,-2.7053,0.0024,0.1581,0.002,0.5408,0.9496,0.1111,54,0.072,33.76,21.34,21.32,34.88,0.0000,0.1600,10.02,1.00,50.00,--,--,0.00,EXECUTING,209,10.895,-0.0190,-0.0100,6.6101,1.3582,2.7964,0.012
130.209,125.996,0.858,RETURN_HOME,diverged1,8.5650,-1.6716,2.7354,0.041414,0.226249,0.121680,0.958,59,2.0069,3.3516,-0.7145,-0.442,0.00000,8.2433,0.5020,-2.6937,0.0022,0.1454,0.008,0.5314,0.9500,0.0755,53,0.058,33.54,21.30,21.23,34.59,0.0000,0.1600,9.87,1.00,50.00,--,--,0.00,EXECUTING,209,10.895,-0.0190,-0.0100,6.6101,1.3593,2.8075,0.018
130.309,126.078,0.844,RETURN_HOME,diverged1,8.5650,-1.6716,2.7354,0.041414,0.226249,0.121680,1.040,59,2.0069,3.3516,-0.7145,-0.460,0.00000,8.2431,0.5019,-2.6807,0.0023,0.1596,0.010,0.5435,0.9411,0.0755,53,0.040,33.13,21.30,20.70,34.16,0.0000,0.1600,9.96,0.00,50.00,--,--,0.00,EXECUTING,209,10.895,-0.0190,-0.0100,6.6101,1.3608,2.8227,0.000
130.411,126.168,0.849,RETURN_HOME,diverged1,8.5650,-1.6716,2.7354,0.041414,0.226249,0.121680,1.130,59,2.0069,3.3516,-0.7145,-0.470,0.00000,8.2430,0.5018,-2.6680,0.0024,0.1681,0.020,0.5554,0.9468,0.0943,53,0.030,33.06,21.30,21.10,34.16,0.0000,0.1600,9.96,0.00,50.10,--,--,0.00,EXECUTING,209,10.895,-0.0190,-0.0100,6.6101,1.3620,2.8353,0.010
130.509,126.254,0.852,RETURN_HOME,diverged1,8.5650,-1.6716,2.7354,0.041414,0.226249,0.121680,1.216,59,2.0069,3.3516,-0.7145,-0.484,0.00000,8.2428,0.5017,-2.6529,0.0022,0.1672,0.006,0.5394,0.9000,0.0943,53,0.016,33.76,21.34,21.32,34.81,0.0000,0.1600,9.93,0.00,50.00,--,--,0.00,EXECUTING,209,10.895,-0.0190,-0.0100,6.6101,1.3630,2.8467,0.016
130.609,126.338,0.854,RETURN_HOME,diverged1,8.5650,-1.6716,2.7354,0.041414,0.226249,0.121680,1.300,59,2.0069,3.3516,-0.7145,-0.400,0.00000,8.2426,0.5016,-2.6392,0.0021,0.1693,0.010,0.5379,0.9400,0.1321,53,0.100,33.26,21.30,21.23,34.23,0.0000,0.1600,9.93,0.00,50.00,--,--,0.00,EXECUTING,209,10.895,-0.0190,-0.0100,6.6102,1.3646,2.8630,0.000
130.709,126.428,0.857,RETURN_HOME,diverged1,8.5650,-1.6716,2.7354,0.041414,0.226249,0.121680,1.390,59,2.0069,3.3516,-0.7145,-0.410,0.00000,8.2425,0.5015,-2.6225,0.0021,0.1753,0.000,0.5378,0.9500,0.1154,52,0.090,33.47,21.34,21.32,34.45,0.0000,0.1600,10.00,0.00,50.00,--,--,0.00,EXECUTING,209,10.895,-0.0190,-0.0100,6.6102,1.3658,2.8760,0.010
130.809,126.514,0.858,RETURN_HOME,diverged1,8.5602,-1.6536,2.9581,0.046698,0.238291,0.121552,0.076,60,1.9531,3.2997,-0.7041,-0.424,0.07478,8.2423,0.5015,-2.6088,0.0021,0.1867,0.006,0.5428,0.9451,0.0769,52,0.076,34.62,23.26,23.50,35.64,0.0000,0.1600,9.96,1.00,50.00,--,--,0.00,EXECUTING,209,10.895,-0.0190,-0.0100,6.6102,1.3670,2.8886,0.016
130.909,126.608,0.869,RETURN_HOME,diverged1,8.5602,-1.6536,2.9581,0.046698,0.238291,0.121552,0.170,60,1.9531,3.2997,-0.7041,-0.430,0.00000,8.2422,0.5014,-2.5944,0.0018,0.1769,0.020,0.5510,0.9210,0.0962,52,0.070,35.27,23.40,23.35,36.38,0.0000,0.0000,10.00,1.00,50.00,--,--,0.00,EXECUTING,209,10.895,-0.0190,-0.0100,6.6103,1.3686,2.9066,0.010
131.009,126.706,0.882,RETURN_HOME,diverged1,8.5602,-1.6536,2.9581,0.046698,0.238291,0.121552,0.268,60,1.9531,3.2997,-0.7041,-0.432,0.00000,8.2422,0.5014,-2.5883,0.0007,0.0804,0.024,0.5385,0.9112,0.1154,52,0.068,33.05,20.75,23.31,33.40,0.0000,1.0000,9.96,1.00,50.20,--,--,0.00,EXECUTING,209,10.895,-0.0190,-0.0100,6.6103,1.3692,2.9123,0.008
131.109,126.800,0.890,RETURN_HOME,diverged1,8.5602,-1.6536,2.9581,0.046698,0.238291,0.121552,0.362,60,1.9531,3.2997,-0.7041,-0.438,0.00000,8.2420,0.5013,-2.5719,0.0014,0.1606,0.012,0.5300,0.9450,0.1538,52,0.062,32.43,20.53,20.92,34.52,0.0000,0.1600,10.02,1.00,50.10,--,--,0.00,EXECUTING,209,10.895,-0.0190,-0.0100,6.6103,1.3707,2.9288,0.002
131.209,126.902,0.916,RETURN_HOME,diverged1,8.5602,-1.6536,2.9581,0.046698,0.238291,0.121552,0.464,60,1.9531,3.2997,-0.7041,-0.436,0.00000,8.2419,0.5012,-2.5553,0.0015,0.1716,0.016,0.5356,0.9500,0.1176,51,0.064,31.91,20.24,20.21,34.04,0.0000,0.1600,10.16,1.00,50.10,--,--,0.00,EXECUTING,209,10.895,-0.0190,-0.0100,6.6104,1.3722,2.9453,0.004
131.309,126.998,0.921,RETURN_HOME,diverged1,8.5602,-1.6536,2.9581,0.046698,0.238291,0.121552,0.560,60,1.9531,3.2997,-0.7041,-0.440,0.00000,8.2418,0.5011,-2.5398,0.0012,0.1525,0.010,0.5439,0.9500,0.0980,51,0.060,31.91,19.75,20.26,34.04,0.0000,0.1600,10.04,1.00,50.00,--,--,0.00,EXECUTING,209,10.895,-0.0190,-0.0100,6.6104,1.3733,2.9578,0.020
131.409,127.098,0.932,RETURN_HOME,diverged1,8.5602,-1.6536,2.9581,0.046698,0.238291,0.121552,0.660,60,1.9531,3.2997,-0.7041,-0.440,0.00000,8.2417,0.5011,-2.5241,0.0009,0.1770,0.010,0.5569,0.9500,0.0784,51,0.060,30.98,19.55,19.78,33.19,0.0000,0.1600,10.07,1.00,50.00,--,--,0.00,EXECUTING,209,10.895,-0.0190,-0.0100,6.6104,1.3751,2.9765,0.000
131.509,127.198,0.955,RETURN_HOME,diverged1,8.5602,-1.6536,2.9581,0.046698,0.238291,0.121552,0.760,60,1.9531,3.2997,-0.7041,-0.440,0.00000,8.2417,0.5011,-2.5078,0.0001,0.1629,0.010,0.5346,0.9500,0.1346,52,0.060,30.59,19.23,19.19,32.70,0.0000,0.1600,10.07,1.00,50.00,--,--,0.00,EXECUTING,209,10.895,-0.0190,-0.0100,6.6104,1.3765,2.9924,0.000
131.609,127.296,0.958,RETURN_HOME,diverged1,8.5602,-1.6536,2.9581,0.046698,0.238291,0.121552,0.858,60,1.9531,3.2997,-0.7041,-0.442,0.00000,8.2417,0.5011,-2.4914,0.0000,0.1696,0.008,0.5563,0.9500,0.0980,51,0.058,29.79,18.91,19.15,32.29,0.0000,0.1600,10.02,1.00,50.10,--,--,0.00,EXECUTING,209,10.895,-0.0190,-0.0100,6.6104,1.3777,3.0052,0.018
131.709,127.396,0.968,RETURN_HOME,diverged1,8.5602,-1.6536,2.9581,0.046698,0.238291,0.121552,0.958,60,1.9531,3.2997,-0.7041,-0.442,0.00000,8.2417,0.5011,-2.4749,0.0000,0.1676,0.008,0.5405,0.9500,0.0980,51,0.058,29.29,18.60,18.83,31.45,0.0000,0.1600,10.02,1.00,50.10,--,--,0.00,EXECUTING,209,10.895,-0.0190,-0.0100,6.6104,1.3791,3.0214,0.018
131.809,127.498,0.988,RETURN_HOME,diverged1,8.5602,-1.6536,2.9581,0.046698,0.238291,0.121552,1.060,60,1.9531,3.2997,-0.7041,-0.440,0.00000,8.2417,0.5011,-2.4585,0.0000,0.1699,0.010,0.5470,0.9500,0.0980,51,0.060,28.66,18.33,18.09,31.38,0.0000,0.1600,10.00,0.00,50.00,--,--,0.00,EXECUTING,209,10.895,-0.0190,-0.0100,6.6104,1.3806,3.0377,0.020
131.909,127.596,0.989,RETURN_HOME,diverged1,8.5602,-1.6536,2.9581,0.046698,0.238291,0.121552,1.158,60,1.9531,3.2997,-0.7041,-0.442,0.00000,8.2417,0.5011,-2.4420,0.0000,0.1667,0.008,0.5567,0.9578,0.1154,52,0.058,30.07,20.18,20.29,31.18,0.0000,0.1600,10.02,0.00,50.00,--,--,0.00,EXECUTING,209,10.895,-0.0190,-0.0100,6.6104,1.3820,3.0542,0.018
132.009,127.696,0.991,RETURN_HOME,diverged1,8.5602,-1.6536,2.9581,0.046698,0.238291,0.121552,1.258,60,1.9531,3.2997,-0.7041,-0.442,0.00000,8.2417,0.5011,-2.4256,0.0000,0.1700,0.008,0.5419,0.9500,0.1765,51,0.058,30.92,20.20,20.21,31.58,0.0000,0.1600,10.00,0.00,49.90,--,--,0.00,EXECUTING,209,10.895,-0.0190,-0.0100,6.6104,1.3823,3.0708,0.018
132.110,127.796,0.992,RETURN_HOME,diverged1,8.5707,-1.6099,3.1387,0.049468,0.252468,0.120992,0.058,61,2.0725,3.4843,-0.7256,-0.442,0.21991,8.2417,0.5011,-2.4108,0.0001,0.1581,0.008,0.5368,0.9500,0.1176,51,0.058,30.17,19.03,20.09,30.17,0.0000,1.0000,9.93,1.00,50.00,--,--,0.00,EXECUTING,209,10.895,-0.0190,-0.0100,6.6104,1.3814,3.0850,0.018
132.209,127.896,0.994,RETURN_HOME,diverged1,8.5707,-1.6099,3.1387,0.049468,0.252468,0.120992,0.158,61,2.0725,3.4843,-0.7256,-0.442,0.00000,8.2417,0.5011,-2.3832,0.0001,0.2790,0.008,0.5459,0.9500,0.0980,51,0.058,29.98,18.91,19.27,29.98,0.0000,0.1600,9.98,1.00,49.90,--,--,0.00,EXECUTING,209,10.895,-0.0190,-0.0100,6.6104,1.3794,3.1144,0.018
132.309,127.996,0.998,RETURN_HOME,diverged1,8.5707,-1.6099,3.1387,0.049468,0.252468,0.120992,0.258,61,2.0725,3.4843,-0.7256,-0.442,0.00000,8.2417,0.5011,-2.3668,0.0000,0.1639,0.008,0.5240,0.9000,0.1538,52,0.058,29.79,18.99,19.19,29.79,0.0000,0.1600,10.00,1.00,49.90,--,--,0.00,EXECUTING,209,10.895,-0.0190,-0.0100,6.6104,1.3778,3.1318,0.018
132.408,128.096,0.999,RETURN_HOME,diverged1,8.5707,-1.6099,3.1387,0.049468,0.252468,0.120992,0.358,61,2.0725,3.4843,-0.7256,-0.442,0.00000,8.2417,0.5011,-2.3504,0.0000,0.1700,0.008,0.5508,0.9500,0.1600,50,0.058,29.85,18.91,19.19,29.91,0.0000,0.1600,10.00,1.00,50.00,--,--,0.00,EXECUTING,209,10.895,-0.0190,-0.0100,6.6104,1.3763,-3.1340,0.018
132.509,128.194,0.996,RETURN_HOME,diverged1,8.5707,-1.6099,3.1387,0.049468,0.252468,0.120992,0.456,61,2.0725,3.4843,-0.7256,-0.444,0.00000,8.2417,0.5011,-2.3340,0.0000,0.1666,0.006,0.5355,0.9500,0.1400,50,0.056,29.85,18.99,19.23,29.91,0.0000,0.1600,9.96,1.00,49.80,--,--,0.00,EXECUTING,209,10.895,-0.0190,-0.0100,6.6104,1.3748,-3.1168,0.016
132.610,128.296,0.999,RETURN_HOME,diverged1,8.5707,-1.6099,3.1387,0.049468,0.252468,0.120992,0.558,61,2.0725,3.4843,-0.7256,-0.442,0.00000,8.2417,0.5011,-2.3176,0.0000,0.1754,0.008,0.5250,0.9450,0.0769,52,0.058,29.79,18.87,19.15,29.79,0.0000,0.1600,9.96,1.00,50.00,--,--,0.00,EXECUTING,209,10.895,-0.0190,-0.0100,6.6104,1.3733,-3.0997,0.018
132.709,128.392,0.993,RETURN_HOME,diverged1,8.5707,-1.6099,3.1387,0.049468,0.252468,0.120992,0.654,61,2.0725,3.4843,-0.7256,-0.446,0.00000,8.2417,0.5011,-2.3012,-0.0000,0.1653,0.004,0.5180,0.9000,0.1346,52,0.054,29.72,19.04,19.15,29.72,0.0000,0.1600,10.02,1.00,49.80,--,--,0.00,EXECUTING,209,10.895,-0.0190,-0.0100,6.6104,1.3718,-3.0828,0.014
132.808,128.496,0.999,RETURN_HOME,diverged1,8.5707,-1.6099,3.1387,0.049468,0.252468,0.120992,0.758,61,2.0725,3.4843,-0.7256,-0.442,0.00000,8.2417,0.5011,-2.2847,-0.0000,0.1669,0.008,0.5418,0.9500,0.1765,51,0.058,29.85,18.87,19.15,29.79,0.0000,0.1600,9.93,1.00,50.00,--,--,0.00,EXECUTING,209,10.895,-0.0190,-0.0100,6.6105,1.3704,-3.0660,0.018
132.909,128.596,1.000,RETURN_HOME,diverged1,8.5707,-1.6099,3.1387,0.049468,0.252468,0.120992,0.858,61,2.0725,3.4843,-0.7256,-0.442,0.00000,8.2417,0.5011,-2.2683,-0.0000,0.1652,0.008,0.5147,0.9000,0.1569,51,0.058,29.77,18.99,19.51,29.84,0.0000,0.1600,9.93,1.00,50.00,--,--,0.00,EXECUTING,209,10.895,-0.0190,-0.0100,6.6105,1.3690,-3.0494,0.018
133.009,128.698,1.003,RETURN_HOME,diverged1,8.5707,-1.6099,3.1387,0.049468,0.252468,0.120992,0.960,61,2.0725,3.4843,-0.7256,-0.440,0.00000,8.2417,0.5011,-2.2519,-0.0000,0.1668,0.010,0.5212,0.9500,0.1176,51,0.060,29.79,19.96,19.15,29.79,0.0000,0.1600,10.07,1.00,50.00,--,--,0.00,EXECUTING,209,10.895,-0.0190,-0.0100,6.6105,1.3676,-3.0329,0.020
133.109,128.782,0.987,RETURN_HOME,diverged1,8.5707,-1.6099,3.1387,0.049468,0.252468,0.120992,1.044,61,2.0725,3.4843,-0.7256,-0.456,0.00000,8.2417,0.5011,-2.2387,-0.0000,0.1638,0.014,0.5060,0.9000,0.1346,52,0.044,30.85,20.24,20.21,30.85,0.0000,0.1600,10.02,0.00,49.90,--,--,0.00,EXECUTING,209,10.895,-0.0190,-0.0100,6.6105,1.3663,-3.0166,0.004
133.209,128.884,0.987,RETURN_HOME,diverged1,8.5707,-1.6099,3.1387,0.049468,0.252468,0.120992,1.146,61,2.0725,3.4843,-0.7256,-0.454,0.00000,8.2417,0.5011,-2.2274,-0.0000,0.1196,0.016,0.5028,0.9000,0.1765,51,0.046,30.50,19.23,20.41,29.96,0.0000,1.0000,10.04,0.00,50.00,--,--,0.00,EXECUTING,209,10.895,-0.0190,-0.0100,6.6105,1.3654,-3.0053,0.006
133.309,128.984,0.988,RETURN_HOME,diverged1,8.5667,-1.5595,-2.9566,0.054254,0.271404,0.136281,0.046,62,2.1765,3.6694,-0.7465,-0.454,0.21236,8.2417,0.5011,-2.2043,-0.0000,0.2374,0.016,0.5076,0.9000,0.2157,51,0.046,30.30,19.27,19.44,31.32,0.0000,0.1600,9.96,1.00,50.00,--,--,0.00,EXECUTING,209,10.895,-0.0190,-0.0100,6.6105,1.3639,-2.9831,0.006
133.409,129.080,0.984,RETURN_HOME,diverged1,8.5667,-1.5595,-2.9566,0.054254,0.271404,0.136281,0.142,62,2.1765,3.6694,-0.7465,-0.458,0.00000,8.2417,0.5011,-2.1879,-0.0000,0.1691,0.014,0.5047,0.9500,0.1373,51,0.042,30.24,19.31,19.48,31.32,0.0000,0.1600,10.07,1.00,50.00,--,--,0.00,EXECUTING,209,10.895,-0.0190,-0.0100,6.6105,1.3626,-2.9673,0.002
133.509,129.180,0.983,RETURN_HOME,diverged1,8.5667,-1.5595,-2.9566,0.054254,0.271404,0.136281,0.242,62,2.1765,3.6694,-0.7465,-0.458,0.00000,8.2417,0.5011,-2.1716,-0.0000,0.1611,0.012,0.5122,0.9450,0.1154,52,0.042,30.37,19.31,19.52,31.39,0.0000,0.1600,10.02,1.00,50.00,--,--,0.00,EXECUTING,209,10.895,-0.0190,-0.0100,6.6105,1.3614,-2.9517,0.002
133.608,129.278,0.983,RETURN_HOME,diverged1,8.5667,-1.5595,-2.9566,0.054254,0.271404,0.136281,0.340,62,2.1765,3.6694,-0.7465,-0.460,0.00000,8.2417,0.5011,-2.1552,-0.0000,0.1739,0.012,0.4917,0.9000,0.1961,51,0.040,30.24,19.35,19.48,31.39,0.0000,0.1600,9.76,1.00,50.00,--,--,0.00,EXECUTING,209,10.895,-0.0190,-0.0100,6.6105,1.3605,-2.9392,0.020
133.709,129.378,0.987,RETURN_HOME,diverged1,8.5667,-1.5595,-2.9566,0.054254,0.271404,0.136281,0.440,62,2.1765,3.6694,-0.7465,-0.460,0.00000,8.2417,0.5011,-2.1387,-0.0000,0.1639,0.010,0.4901,0.9000,0.2353,51,0.040,30.37,19.35,19.48,31.39,0.0000,0.1600,10.00,1.00,50.00,--,--,0.00,EXECUTING,209,10.895,-0.0190,-0.0100,6.6105,1.3593,-2.9237,0.020
133.809,129.478,0.980,RETURN_HOME,diverged1,8.5667,-1.5595,-2.9566,0.054254,0.271404,0.136281,0.540,62,2.1765,3.6694,-0.7465,-0.460,0.00000,8.2417,0.5011,-2.1223,-0.0000,0.1831,0.010,0.4758,0.9000,0.2157,51,0.040,30.43,19.39,19.52,31.45,0.0000,0.1600,9.89,1.00,49.90,--,--,0.00,EXECUTING,209,10.895,-0.0190,-0.0100,6.6105,1.3582,-2.9085,0.020
133.909,129.578,0.982,RETURN_HOME,diverged1,8.5667,-1.5595,-2.9566,0.054254,0.271404,0.136281,0.640,62,2.1765,3.6694,-0.7465,-0.460,0.00000,8.2417,0.5011,-2.1059,-0.0000,0.1651,0.010,0.4757,0.9000,0.2115,52,0.040,29.54,19.31,18.99,30.53,0.0000,0.1600,9.98,1.00,50.00,--,--,0.00,EXECUTING,209,10.895,-0.0190,-0.0100,6.6105,1.3571,-2.8934,0.020
134.009,129.670,0.972,RETURN_HOME,diverged1,8.5667,-1.5595,-2.9566,0.054254,0.271404,0.136281,0.732,62,2.1765,3.6694,-0.7465,-0.468,0.00000,8.2417,0.5011,-2.0894,-0.0000,0.1845,0.002,0.4767,0.9400,0.1731,52,0.032,30.43,19.59,19.52,31.59,0.0000,0.1600,10.02,1.00,50.00,--,--,0.00,EXECUTING,209,10.895,-0.0190,-0.0100,6.6105,1.3560,-2.8784,0.012
134.109,129.768,0.986,RETURN_HOME,diverged1,8.5667,-1.5595,-2.9566,0.054254,0.271404,0.136281,0.830,62,2.1765,3.6694,-0.7465,-0.470,0.00000,8.2417,0.5011,-2.0719,-0.0000,0.1754,0.000,0.4919,0.9500,0.1765,51,0.030,29.72,19.31,19.11,30.72,0.0000,0.1600,9.98,1.00,50.10,--,--,0.00,EXECUTING,209,10.895,-0.0190,-0.0100,6.6105,1.3550,-2.8626,0.010
134.209,129.858,0.974,RETURN_HOME,diverged1,8.5667,-1.5595,-2.9566,0.054254,0.271404,0.136281,0.920,62,2.1765,3.6694,-0.7465,-0.480,0.00000,8.2417,0.5011,-2.0576,-0.0000,0.1753,0.010,0.4668,0.9000,0.2745,51,0.020,30.98,20.53,20.30,31.32,0.0000,0.1600,10.04,1.00,50.10,--,--,0.00,EXECUTING,209,10.895,-0.0190,-0.0100,6.6105,1.3541,-2.8501,0.020
134.309,129.958,0.974,RETURN_HOME,diverged1,8.5667,-1.5595,-2.9566,0.054254,0.271404,0.136281,1.020,62,2.1765,3.6694,-0.7465,-0.480,0.00000,8.2417,0.5011,-2.0450,-0.0001,0.1298,0.010,0.4613,0.9000,0.2353,51,0.020,30.91,19.47,20.50,30.91,0.0000,1.0000,9.96,1.00,49.90,--,--,0.00,EXECUTING,209,10.895,-0.0190,-0.0100,6.6105,1.3534,-2.8389,0.020
134.409,130.050,0.966,RETURN_HOME,diverged1,8.5667,-1.5595,-2.9566,0.054254,0.271404,0.136281,1.112,62,2.1765,3.6694,-0.7465,-0.488,0.00000,8.2417,0.5011,-2.0220,-0.0001,0.2304,0.002,0.4632,0.9500,0.2115,52,0.012,30.57,19.59,19.61,30.57,0.0000,0.1600,10.02,0.00,50.00,--,--,0.00,EXECUTING,209,10.895,-0.0190,-0.0100,6.6105,1.3522,-2.8183,0.012
134.509,130.150,0.968,RETURN_HOME,diverged1,8.5667,-1.5595,-2.9566,0.054254,0.271404,0.136281,1.212,62,2.1765,3.6694,-0.7465,-0.388,0.00000,8.2417,0.5011,-2.0047,-0.0000,0.1754,0.002,0.4444,0.8500,0.2353,51,0.012,30.43,19.59,19.52,30.43,0.0000,0.1600,10.25,0.00,50.00,--,--,0.00,EXECUTING,209,10.895,-0.0190,-0.0100,6.6105,1.3513,-2.8032,0.012
134.609,130.248,0.967,RETURN_HOME,diverged1,8.5480,-1.5051,-2.7688,0.056330,0.278451,0.143110,0.110,63,2.2415,3.8246,-0.7624,-0.390,0.16818,8.2417,0.5011,-1.9906,-0.0000,0.1763,0.020,0.4672,0.9500,0.2549,51,0.010,30.30,19.67,19.48,30.30,0.0000,0.1600,10.22,1.00,50.00,--,--,0.00,EXECUTING,209,10.895,-0.0190,-0.0100,6.6105,1.3504,-2.7879,0.010
134.708,130.348,0.970,RETURN_HOME,diverged1,8.5480,-1.5051,-2.7688,0.056330,0.278451,0.143110,0.210,63,2.2415,3.8246,-0.7624,-0.390,0.00000,8.2417,0.5011,-1.9726,-0.0000,0.1831,0.020,0.4440,0.9000,0.2745,51,0.010,30.63,19.63,19.69,30.63,0.0000,0.1600,10.02,1.00,50.00,--,--,0.00,EXECUTING,209,10.895,-0.0190,-0.0100,6.6105,1.3495,-2.7729,0.010
134.808,130.448,0.970,RETURN_HOME,diverged1,8.5480,-1.5051,-2.7688,0.056330,0.278451,0.143110,0.310,63,2.2415,3.8246,-0.7624,-0.390,0.00000,8.2417,0.5011,-1.9550,-0.0000,0.1825,0.020,0.4385,0.8900,0.2308,52,0.010,30.43,19.63,19.57,30.43,0.0000,0.1600,10.14,1.00,50.00,--,--,0.00,EXECUTING,209,10.895,-0.0190,-0.0100,6.6106,1.3487,-2.7580,0.010
134.909,130.548,0.976,RETURN_HOME,diverged1,8.5480,-1.5051,-2.7688,0.056330,0.278451,0.143110,0.410,63,2.2415,3.8246,-0.7624,-0.390,0.00000,8.2417,0.5011,-1.9381,-0.0000,0.1763,0.020,0.4508,0.8500,0.1961,51,0.010,30.43,19.63,19.61,30.43,0.0000,0.1600,9.98,1.00,50.00,--,--,0.00,EXECUTING,209,10.895,-0.0190,-0.0100,6.6106,1.3479,-2.7437,0.010
135.009,130.644,0.974,RETURN_HOME,diverged1,8.5480,-1.5051,-2.7688,0.056330,0.278451,0.143110,0.506,63,2.2415,3.8246,-0.7624,-0.394,0.00000,8.2417,0.5011,-1.9206,-0.0001,0.1762,0.016,0.4354,0.9000,0.1961,51,0.106,29.85,19.47,19.15,29.85,0.0000,0.1600,9.98,1.00,49.90,--,--,0.00,EXECUTING,209,10.895,-0.0190,-0.0100,6.6106,1.3472,-2.7291,0.006
135.109,130.744,0.976,RETURN_HOME,diverged1,8.5480,-1.5051,-2.7688,0.056330,0.278451,0.143110,0.606,63,2.2415,3.8246,-0.7624,-0.394,0.00000,8.2417,0.5011,-1.9042,-0.0000,0.1635,0.016,0.4097,0.8276,0.2549,51,0.106,30.30,19.47,19.48,30.30,0.0000,0.1600,9.98,1.00,50.00,--,--,0.00,EXECUTING,209,10.895,-0.0190,-0.0100,6.6106,1.3465,-2.7156,0.006
135.209,130.836,0.976,RETURN_HOME,diverged1,8.5480,-1.5051,-2.7688,0.056330,0.278451,0.143110,0.698,63,2.2415,3.8246,-0.7624,-0.402,0.00000,8.2417,0.5011,-1.8879,-0.0000,0.1704,0.010,0.4205,0.8500,0.2745,51,0.098,30.15,19.31,19.75,30.15,0.0000,0.1600,9.91,1.00,50.00,--,--,0.00,EXECUTING,209,10.895,-0.0190,-0.0100,6.6106,1.3460,-2.7048,0.018
135.309,130.942,0.984,RETURN_HOME,diverged1,8.5480,-1.5051,-2.7688,0.056330,0.278451,0.143110,0.804,63,2.2415,3.8246,-0.7624,-0.396,0.00000,8.2417,0.5011,-1.8715,-0.0000,0.1634,0.014,0.4131,0.8000,0.2745,51,0.104,31.39,20.33,20.52,31.32,0.0000,0.1600,10.02,1.00,50.10,--,--,0.00,EXECUTING,209,10.895,-0.0190,-0.0100,6.6106,1.3453,-2.6888,0.004
135.409,131.038,0.988,RETURN_HOME,diverged1,8.5480,-1.5051,-2.7688,0.056330,0.278451,0.143110,0.900,63,2.2415,3.8246,-0.7624,-0.400,0.00000,8.2417,0.5011,-1.8598,-0.0002,0.1192,0.010,0.4087,0.8181,0.2500,52,0.100,30.11,19.15,20.00,29.71,0.0000,0.9324,9.98,1.00,50.00,--,--,0.00,EXECUTING,209,10.895,-0.0190,-0.0100,6.6106,1.3450,-2.6818,0.020
135.509,131.142,0.992,RETURN_HOME,diverged1,8.5480,-1.5051,-2.7688,0.056330,0.278451,0.143110,1.004,63,2.2415,3.8246,-0.7624,-0.396,0.00000,8.2418,0.5013,-1.8377,-0.0011,0.2234,0.014,0.4266,0.9000,0.2157,51,0.104,29.72,19.15,19.15,30.85,0.0000,0.1600,9.98,1.00,50.00,--,--,0.00,EXECUTING,209,10.895,-0.0190,-0.0100,6.6108,1.3444,-2.6625,0.004
135.610,131.234,0.983,RETURN_HOME,diverged1,8.5480,-1.5051,-2.7688,0.056330,0.278451,0.143110,1.096,63,2.2415,3.8246,-0.7624,-0.404,0.00000,8.2418,0.5013,-1.8214,-0.0000,0.1646,0.006,0.3958,0.8000,0.2745,51,0.096,29.66,19.08,19.07,30.79,0.0000,0.1600,9.98,0.00,50.10,--,--,0.00,EXECUTING,209,10.895,-0.0190,-0.0100,6.6109,1.3440,-2.6521,0.016
135.709,131.342,0.993,RETURN_HOME,diverged1,8.5480,-1.5051,-2.7688,0.056330,0.278451,0.143110,1.204,63,2.2415,3.8246,-0.7624,-0.396,0.00000,8.2418,0.5013,-1.8052,-0.0000,0.1737,0.014,0.4215,0.8500,0.3137,51,0.104,29.85,19.07,19.15,30.92,0.0000,0.1600,10.00,0.00,50.00,--,--,0.00,EXECUTING,209,10.895,-0.0190,-0.0100,6.6109,1.3434,-2.6367,0.004
135.809,131.442,0.993,RETURN_HOME,diverged1,8.5322,-1.4629,-2.5721,0.056358,0.283816,0.137152,0.104,64,2.2582,3.9052,-0.7685,-0.396,0.08232,8.2418,0.5013,-1.7889,-0.0001,0.1632,0.014,0.4043,0.8276,0.2745,51,0.104,29.91,19.03,19.27,30.92,0.0000,0.1600,10.02,1.00,50.52,--,--,0.00,EXECUTING,209,10.895,-0.0190,-0.0100,6.6109,1.3430,-2.6240,0.004
135.909,131.542,0.994,RETURN_HOME,diverged1,8.5322,-1.4629,-2.5721,0.056358,0.283816,0.137152,0.204,64,2.2582,3.9052,-0.7685,-0.396,0.00000,8.2418,0.5013,-1.7726,-0.0000,0.1693,0.016,0.3993,0.7983,0.2308,52,0.104,29.79,19.07,19.11,30.85,0.0000,0.1600,10.00,1.00,50.00,--,--,0.00,EXECUTING,209,10.895,-0.0190,-0.0100,6.6109,1.3426,-2.6113,0.004
136.009,131.640,0.995,RETURN_HOME,diverged1,8.5322,-1.4629,-2.5721,0.056358,0.283816,0.137152,0.302,64,2.2582,3.9052,-0.7685,-0.398,0.00000,8.2418,0.5013,-1.7572,-0.0001,0.1700,0.012,0.4135,0.9000,0.2745,51,0.102,29.85,19.11,19.19,30.92,0.0000,0.1600,10.00,1.00,49.90,--,--,0.00,EXECUTING,209,10.895,-0.0190,-0.0100,6.6109,1.3423,-2.5995,0.002
136.109,131.742,0.998,RETURN_HOME,diverged1,8.5322,-1.4629,-2.5721,0.056358,0.283816,0.137152,0.404,64,2.2582,3.9052,-0.7685,-0.396,0.00000,8.2418,0.5013,-1.7412,-0.0001,0.1607,0.014,0.4029,0.8500,0.3061,49,0.104,28.78,18.99,19.19,29.91,0.0000,0.1600,10.04,1.00,50.00,--,--,0.00,EXECUTING,209,10.895,-0.0190,-0.0100,6.6109,1.3419,-2.5873,0.004
136.209,131.842,0.999,RETURN_HOME,diverged1,8.5322,-1.4629,-2.5721,0.056358,0.283816,0.137152,0.504,64,2.2582,3.9052,-0.7685,-0.396,0.00000,8.2418,0.5013,-1.7252,-0.0000,0.1640,0.016,0.3940,0.8550,0.3200,50,0.104,27.72,18.95,19.15,28.72,0.0000,0.1600,10.00,1.00,50.00,--,--,0.00,EXECUTING,209,10.895,-0.0190,-0.0100,6.6109,1.3416,-2.5751,0.004
136.309,131.942,1.005,RETURN_HOME,diverged1,8.5322,-1.4629,-2.5721,0.056358,0.283816,0.137152,0.604,64,2.2582,3.9052,-0.7685,-0.396,0.00000,8.2418,0.5013,-1.7092,-0.0000,0.1766,0.014,0.3989,0.8550,0.3000,50,0.104,26.60,20.00,19.15,27.72,0.0000,0.1600,9.98,1.00,50.00,--,--,0.00,EXECUTING,209,10.895,-0.0190,-0.0100,6.6109,1.3414,-2.5631,0.004
136.409,132.042,1.004,RETURN_HOME,diverged1,8.5322,-1.4629,-2.5721,0.056358,0.283816,0.137152,0.704,64,2.2582,3.9052,-0.7685,-0.396,0.00000,8.2418,0.5013,-1.6934,-0.0003,0.1831,0.020,0.3908,0.8100,0.2653,49,0.104,26.60,20.00,20.26,26.60,0.0000,0.1600,10.00,1.00,49.90,--,--,0.00,EXECUTING,209,10.895,-0.0190,-0.0100,6.6110,1.3412,-2.5514,0.004
136.509,132.142,1.000,RETURN_HOME,diverged1,8.5322,-1.4629,-2.5721,0.056358,0.283816,0.137152,0.804,64,2.2582,3.9052,-0.7685,-0.396,0.00000,8.2418,0.5014,-1.6847,-0.0003,0.0817,0.014,0.3730,0.8000,0.2885,52,0.104,25.61,20.00,20.00,24.54,0.0000,0.0000,9.98,1.00,50.10,--,--,0.00,EXECUTING,209,10.895,-0.0190,-0.0100,6.6110,1.3411,-2.5462,0.004
136.610,132.240,1.006,RETURN_HOME,diverged1,8.5322,-1.4629,-2.5721,0.056358,0.283816,0.137152,0.902,64,2.2582,3.9052,-0.7685,-0.398,0.00000,8.2418,0.5014,-1.6847,0.0000,0.0000,0.018,0.3764,0.8000,0.2885,52,0.102,25.06,20.00,20.00,22.49,0.0000,0.0000,10.04,1.00,50.00,--,--,0.00,EXECUTING,209,10.895,-0.0190,-0.0100,6.6110,1.3411,-2.5462,0.002
136.709,132.338,0.996,RETURN_HOME,diverged1,8.5322,-1.4629,-2.5721,0.056358,0.283816,0.137152,1.000,64,2.2582,3.9052,-0.7685,-0.400,0.00000,8.2418,0.5014,-1.6847,0.0000,0.0000,0.010,0.3764,0.8000,0.2885,52,0.100,24.29,20.00,20.00,20.49,0.0000,0.0000,9.98,1.00,50.10,--,--,0.00,EXECUTING,209,10.895,-0.0190,-0.0100,6.6110,1.3411,-2.5462,0.020
136.808,132.434,0.993,RETURN_HOME,diverged1,8.5322,-1.4629,-2.5721,0.056358,0.283816,0.137152,1.096,64,2.2582,3.9052,-0.7685,-0.404,0.00000,8.2418,0.5014,-1.6847,0.0000,0.0000,0.010,0.3764,0.8000,0.2885,52,0.096,23.41,20.07,20.00,18.52,0.0000,0.0000,10.07,0.00,50.20,--,--,0.00,EXECUTING,209,10.895,-0.0190,-0.0100,6.6110,1.3411,-2.5462,0.016
136.909,132.536,0.994,RETURN_HOME,diverged1,8.5322,-1.4629,-2.5721,0.056358,0.283816,0.137152,1.198,64,2.2582,3.9052,-0.7685,-0.402,0.00000,8.2418,0.5014,-1.6847,0.0000,0.0000,0.008,0.3764,0.8000,0.2885,52,0.098,22.09,20.00,20.00,17.35,0.0000,0.0000,10.02,0.00,50.00,--,--,0.00,EXECUTING,209,10.895,-0.0190,-0.0100,6.6110,1.3411,-2.5462,0.018
137.009,132.636,0.996,RETURN_HOME,diverged1,8.5322,-1.4629,-2.5721,0.056358,0.283816,0.137152,1.298,64,2.2582,3.9052,-0.7685,-0.402,0.00000,8.2418,0.5014,-1.6847,0.0000,0.0000,0.008,0.3764,0.8000,0.2885,52,0.098,20.00,20.00,20.00,15.18,0.0000,0.0000,9.89,0.00,50.00,--,--,0.00,EXECUTING,209,10.895,-0.0190,-0.0100,6.6110,1.3411,-2.5462,0.018
137.109,132.736,0.993,RETURN_HOME,diverged1,8.5322,-1.4629,-2.5721,0.056358,0.283816,0.137152,1.398,64,2.2582,3.9052,-0.7685,-0.402,0.00000,8.2418,0.5014,-1.6847,0.0000,0.0000,0.008,0.3764,0.8000,0.2885,52,0.098,20.00,20.00,20.00,14.10,0.0000,0.0000,9.98,0.00,50.00,--,--,0.00,EXECUTING,209,10.895,-0.0190,-0.0100,6.6110,1.3411,-2.5462,0.018
137.209,132.836,0.993,RETURN_HOME,diverged1,8.5322,-1.4629,-2.5721,0.056358,0.283816,0.137152,1.498,64,2.2582,3.9052,-0.7685,-0.402,0.00000,8.2418,0.5014,-1.6847,0.0000,0.0000,0.008,0.3764,0.8000,0.2885,52,0.098,20.20,20.00,20.20,13.02,0.0000,0.0000,9.89,0.00,50.00,--,--,0.00,EXECUTING,209,10.895,-0.0190,-0.0100,6.6110,1.3411,-2.5462,0.018
137.309,132.936,0.994,RETURN_HOME,diverged1,8.5322,-1.4629,-2.5721,0.056358,0.283816,0.137152,1.598,64,2.2582,3.9052,-0.7685,-0.402,0.00000,8.2418,0.5014,-1.6847,0.0000,0.0000,0.008,0.3764,0.8000,0.2885,52,0.098,19.61,20.00,19.61,11.88,0.0000,0.0000,9.98,0.00,50.00,--,--,0.00,EXECUTING,209,10.895,-0.0190,-0.0100,6.6110,1.3411,-2.5462,0.018
137.408,133.026,0.985,RETURN_HOME,diverged1,8.5322,-1.4629,-2.5721,0.056358,0.283816,0.137152,1.688,64,2.2582,3.9052,-0.7685,-0.412,0.00000,8.2418,0.5014,-1.6847,0.0000,0.0000,0.018,0.3764,0.8000,0.2885,52,0.088,1.00,1.00,1.00,10.94,0.0000,0.0000,10.04,0.00,50.10,--,--,0.00,EXECUTING,209,10.895,-0.0190,-0.0100,6.6110,1.3411,-2.5462,0.008
137.509,133.126,0.986,RETURN_HOME,diverged1,8.5322,-1.4629,-2.5721,0.056358,0.283816,0.137152,1.788,64,2.2582,3.9052,-0.7685,-0.412,0.00000,8.2418,0.5014,-1.6847,0.0000,0.0000,0.018,0.3764,0.8000,0.2885,52,0.088,0.00,0.00,0.00,10.71,0.0000,0.0000,9.93,0.00,50.00,--,--,0.00,EXECUTING,209,10.895,-0.0190,-0.0100,6.6110,1.3411,-2.5462,0.008
137.609,133.212,0.973,RETURN_HOME,diverged1,8.5322,-1.4629,-2.5721,0.056358,0.283816,0.137152,1.874,64,2.2582,3.9052,-0.7685,-0.426,0.00000,8.2418,0.5014,-1.6847,0.0000,0.0000,0.004,0.3764,0.8000,0.2885,52,0.074,0.00,0.00,0.00,10.80,0.0000,0.0000,10.02,0.00,50.00,--,--,0.00,EXECUTING,209,10.895,-0.0190,-0.0100,6.6110,1.3411,-2.5462,0.014
137.709,133.316,0.978,RETURN_HOME,diverged1,8.5322,-1.4629,-2.5721,0.056358,0.283816,0.137152,1.978,64,2.2582,3.9052,-0.7685,-0.422,0.00000,8.2418,0.5014,-1.6847,0.0000,0.0000,0.010,0.3764,0.8000,0.2885,52,0.078,0.00,0.00,0.00,10.78,0.0000,0.0000,9.93,0.00,50.00,--,--,0.00,EXECUTING,209,10.895,-0.0190,-0.0100,6.6110,1.3411,-2.5462,0.018
137.809,133.408,0.969,RETURN_HOME,diverged1,8.5322,-1.4629,-2.5721,0.056358,0.283816,0.137152,2.070,64,2.2582,3.9052,-0.7685,-0.430,0.00000,8.2418,0.5014,-1.6847,0.0000,0.0000,0.000,0.3764,0.8000,0.2885,52,0.070,0.00,0.00,0.00,10.82,0.0000,0.0000,10.00,0.00,50.00,--,--,0.00,EXECUTING,209,10.895,-0.0190,-0.0100,6.6110,1.3411,-2.5462,0.010
137.908,133.514,0.978,RETURN_HOME,diverged1,8.5322,-1.4629,-2.5721,0.056358,0.283816,0.137152,2.176,64,2.2582,3.9052,-0.7685,-0.424,0.00000,8.2418,0.5014,-1.6847,0.0000,0.0000,0.006,0.3764,0.8000,0.2885,52,0.076,0.00,0.00,0.00,10.26,0.0000,0.0000,10.09,0.00,49.90,--,--,0.00,EXECUTING,209,10.895,-0.0190,-0.0100,6.6110,1.3411,-2.5462,0.016
138.008,133.610,0.974,RETURN_HOME,diverged1,8.5322,-1.4629,-2.5721,0.056358,0.283816,0.137152,2.272,64,2.2582,3.9052,-0.7685,-0.428,0.00000,8.2418,0.5014,-1.6847,0.0000,0.0000,0.002,0.3764,0.8000,0.2885,52,0.072,0.00,0.00,0.00,10.27,0.0000,0.0000,9.98,0.00,50.00,--,--,0.00,EXECUTING,209,10.895,-0.0190,-0.0100,6.6110,1.3411,-2.5462,0.012
138.109,133.714,0.976,RETURN_HOME,diverged1,8.5322,-1.4629,-2.5721,0.056358,0.283816,0.137152,2.376,64,2.2582,3.9052,-0.7685,-0.424,0.00000,8.2418,0.5014,-1.6847,0.0000,0.0000,0.006,0.3764,0.8000,0.2885,52,0.076,0.00,0.00,0.00,10.37,0.0000,0.0000,10.14,0.00,50.00,--,--,0.00,EXECUTING,209,10.895,-0.0190,-0.0100,6.6110,1.3411,-2.5462,0.016
138.209,133.808,0.973,RETURN_HOME,diverged1,8.5322,-1.4629,-2.5721,0.056358,0.283816,0.137152,2.470,64,2.2582,3.9052,-0.7685,-0.430,0.00000,8.2418,0.5014,-1.6847,0.0000,0.0000,0.002,0.3764,0.8000,0.2885,52,0.070,0.00,0.00,0.00,10.47,0.0000,0.0000,10.02,0.00,50.10,--,--,0.00,EXECUTING,209,10.895,-0.0190,-0.0100,6.6110,1.3411,-2.5462,0.010
138.309,133.914,0.978,RETURN_HOME,diverged1,8.5322,-1.4629,-2.5721,0.056358,0.283816,0.137152,2.576,64,2.2582,3.9052,-0.7685,-0.424,0.00000,8.2418,0.5014,-1.6847,0.0000,0.0000,0.006,0.3764,0.8000,0.2885,52,0.076,0.00,0.00,0.00,10.34,0.0000,0.0000,10.00,0.00,50.00,--,--,0.00,EXECUTING,209,10.895,-0.0190,-0.0100,6.6110,1.3411,-2.5462,0.016
138.410,134.010,0.981,RETURN_HOME,diverged1,8.5322,-1.4629,-2.5721,0.056358,0.283816,0.137152,2.672,64,2.2582,3.9052,-0.7685,-0.428,0.00000,8.2418,0.5014,-1.6847,0.0000,0.0000,0.006,0.3764,0.8000,0.2885,52,0.072,0.00,0.00,0.00,10.53,0.0000,0.0000,10.02,0.00,50.20,--,--,0.00,EXECUTING,209,10.895,-0.0190,-0.0100,6.6110,1.3411,-2.5462,0.012
138.509,134.112,1.000,RETURN_HOME,diverged1,8.5322,-1.4629,-2.5721,0.056358,0.283816,0.137152,2.774,64,2.2582,3.9052,-0.7685,-0.426,0.00000,8.2418,0.5014,-1.6847,0.0000,0.0000,0.004,0.3764,0.8000,0.2885,52,0.074,0.00,0.00,0.00,10.00,0.0000,0.0000,9.98,0.00,50.00,--,--,0.00,EXECUTING,209,10.895,-0.0190,-0.0100,6.6110,1.3411,-2.5462,0.014
138.608,134.206,0.994,RETURN_HOME,diverged1,8.5322,-1.4629,-2.5721,0.056358,0.283816,0.137152,2.868,64,2.2582,3.9052,-0.7685,-0.432,0.00000,8.2418,0.5014,-1.6847,0.0000,0.0000,0.002,0.3764,0.8000,0.2885,52,0.068,0.00,0.00,0.00,1.00,0.0000,0.0000,10.00,0.00,50.20,--,--,0.00,EXECUTING,209,10.895,-0.0190,-0.0100,6.6110,1.3411,-2.5462,0.008
138.709,134.312,1.005,RETURN_HOME,diverged1,8.5322,-1.4629,-2.5721,0.056358,0.283816,0.137152,2.974,64,2.2582,3.9052,-0.7685,-0.426,0.00000,8.2418,0.5014,-1.6847,0.0000,0.0000,0.004,0.3764,0.8000,0.2885,52,0.074,0.00,0.00,0.00,0.00,0.0000,0.0000,10.00,0.00,50.00,--,--,0.00,EXECUTING,209,10.895,-0.0190,-0.0100,6.6110,1.3411,-2.5462,0.014
138.809,134.410,0.995,RETURN_HOME,diverged1,8.5322,-1.4629,-2.5721,0.056358,0.283816,0.137152,3.072,64,2.2582,3.9052,-0.7685,-0.428,0.00000,8.2418,0.5014,-1.6847,0.0000,0.0000,0.002,0.3764,0.8000,0.2885,52,0.072,0.00,0.00,0.00,0.00,0.0000,0.0000,10.07,0.00,50.00,--,--,0.00,EXECUTING,209,10.895,-0.0190,-0.0100,6.6110,1.3411,-2.5462,0.012
138.909,134.510,0.999,RETURN_HOME,diverged1,8.5322,-1.4629,-2.5721,0.056358,0.283816,0.137152,3.172,64,2.2582,3.9052,-0.7685,-0.428,0.00000,8.2418,0.5014,-1.6847,0.0000,0.0000,0.002,0.3764,0.8000,0.2885,52,0.072,0.00,0.00,0.00,0.00,0.0000,0.0000,10.02,0.00,50.10,--,--,0.00,EXECUTING,209,10.895,-0.0190,-0.0100,6.6110,1.3411,-2.5462,0.012
139.009,134.612,0.998,RETURN_HOME,diverged1,8.5322,-1.4629,-2.5721,0.056358,0.283816,0.137152,3.274,64,2.2582,3.9052,-0.7685,-0.426,0.00000,8.2418,0.5014,-1.6847,0.0000,0.0000,0.004,0.3764,0.8000,0.2885,52,0.074,0.00,0.00,0.00,0.00,0.0000,0.0000,10.02,0.00,50.00,--,--,0.00,EXECUTING,209,10.895,-0.0190,-0.0100,6.6110,1.3411,-2.5462,0.014
139.109,134.712,0.998,RETURN_HOME,diverged1,8.5322,-1.4629,-2.5721,0.056358,0.283816,0.137152,3.374,64,2.2582,3.9052,-0.7685,-0.426,0.00000,8.2418,0.5014,-1.6847,0.0000,0.0000,0.006,0.3764,0.8000,0.2885,52,0.074,0.00,0.00,0.00,0.00,0.0000,0.0000,10.02,0.00,50.00,--,--,0.00,EXECUTING,209,10.895,-0.0190,-0.0100,6.6110,1.3411,-2.5462,0.014
139.209,134.808,0.993,RETURN_HOME,diverged1,8.5322,-1.4629,-2.5721,0.056358,0.283816,0.137152,3.470,64,2.2582,3.9052,-0.7685,-0.430,0.00000,8.2418,0.5014,-1.6847,0.0000,0.0000,0.000,0.3764,0.8000,0.2885,52,0.070,0.00,0.00,0.00,0.00,0.0000,0.0000,9.98,0.00,50.00,--,--,0.00,EXECUTING,209,10.895,-0.0190,-0.0100,6.6110,1.3411,-2.5462,0.010
139.308,134.912,0.998,RETURN_HOME,diverged1,8.5322,-1.4629,-2.5721,0.056358,0.283816,0.137152,3.574,64,2.2582,3.9052,-0.7685,-0.426,0.00000,8.2418,0.5014,-1.6847,0.0000,0.0000,0.004,0.3764,0.8000,0.2885,52,0.074,0.00,0.00,0.00,0.00,0.0000,0.0000,9.98,0.00,50.00,--,--,0.00,EXECUTING,209,10.895,-0.0190,-0.0100,6.6110,1.3411,-2.5462,0.014
139.408,135.012,1.003,RETURN_HOME,diverged1,8.5322,-1.4629,-2.5721,0.056358,0.283816,0.137152,3.674,64,2.2582,3.9052,-0.7685,-0.426,0.00000,8.2418,0.5014,-1.6847,0.0000,0.0000,0.004,0.3764,0.8000,0.2885,52,0.074,0.00,0.00,0.00,0.00,0.0000,0.0000,9.98,0.00,50.00,--,--,0.00,EXECUTING,209,10.895,-0.0190,-0.0100,6.6110,1.3411,-2.5462,0.014
139.509,135.112,1.006,RETURN_HOME,diverged1,8.5322,-1.4629,-2.5721,0.056358,0.283816,0.137152,3.774,64,2.2582,3.9052,-0.7685,-0.426,0.00000,8.2418,0.5014,-1.6847,0.0000,0.0000,0.004,0.3764,0.8000,0.2885,52,0.074,0.00,0.00,0.00,0.00,0.0000,0.0000,10.00,0.00,50.00,--,--,0.00,EXECUTING,209,10.895,-0.0190,-0.0100,6.6110,1.3411,-2.5462,0.014
139.609,135.208,0.995,RETURN_HOME,diverged1,8.5322,-1.4629,-2.5721,0.056358,0.283816,0.137152,3.870,64,2.2582,3.9052,-0.7685,-0.430,0.00000,8.2418,0.5014,-1.6847,0.0000,0.0000,0.000,0.3764,0.8000,0.2885,52,0.070,0.00,0.00,0.00,0.00,0.0000,0.0000,10.00,0.00,50.00,--,--,0.00,EXECUTING,209,10.895,-0.0190,-0.0100,6.6110,1.3411,-2.5462,0.010
139.709,135.308,0.998,RETURN_HOME,diverged1,8.5322,-1.4629,-2.5721,0.056358,0.283816,0.137152,3.970,64,2.2582,3.9052,-0.7685,-0.430,0.00000,8.2418,0.5014,-1.6847,0.0000,0.0000,0.000,0.3764,0.8000,0.2885,52,0.070,0.00,0.00,0.00,0.00,0.0000,0.0000,9.98,0.00,50.00,--,--,0.00,EXECUTING,209,10.895,-0.0190,-0.0100,6.6110,1.3411,-2.5462,0.010
139.809,135.408,0.998,RETURN_HOME,diverged1,8.5322,-1.4629,-2.5721,0.056358,0.283816,0.137152,4.070,64,2.2582,3.9052,-0.7685,-0.430,0.00000,8.2418,0.5014,-1.6847,0.0000,0.0000,0.000,0.3764,0.8000,0.2885,52,0.070,0.00,0.00,0.00,0.00,0.0000,0.0000,10.02,0.00,50.00,--,--,0.00,EXECUTING,209,10.895,-0.0190,-0.0100,6.6110,1.3411,-2.5462,0.010
139.909,135.508,0.995,RETURN_HOME,diverged1,8.5322,-1.4629,-2.5721,0.056358,0.283816,0.137152,4.170,64,2.2582,3.9052,-0.7685,-0.430,0.00000,8.2418,0.5014,-1.6847,0.0000,0.0000,0.000,0.3764,0.8000,0.2885,52,0.070,0.00,0.00,0.00,0.00,0.0000,0.0000,10.02,0.00,50.00,--,--,0.00,EXECUTING,209,10.895,-0.0190,-0.0100,6.6110,1.3411,-2.5462,0.010
140.009,135.608,0.996,RETURN_HOME,diverged1,8.5322,-1.4629,-2.5721,0.056358,0.283816,0.137152,4.270,64,2.2582,3.9052,-0.7685,-0.430,0.00000,8.2418,0.5014,-1.6847,0.0000,0.0000,0.000,0.3764,0.8000,0.2885,52,0.070,0.00,0.00,0.00,0.00,0.0000,0.0000,9.96,0.00,50.00,--,--,0.00,EXECUTING,209,10.895,-0.0190,-0.0100,6.6110,1.3411,-2.5462,0.010
140.109,135.706,0.994,RETURN_HOME,diverged1,8.5322,-1.4629,-2.5721,0.056358,0.283816,0.137152,4.368,64,2.2582,3.9052,-0.7685,-0.432,0.00000,8.2418,0.5014,-1.6847,0.0000,0.0000,0.018,0.3764,0.8000,0.2885,52,0.068,0.00,0.00,0.00,0.00,0.0000,0.0000,10.07,0.00,50.00,--,--,0.00,EXECUTING,209,10.895,-0.0190,-0.0100,6.6110,1.3411,-2.5462,0.008
140.209,135.806,0.998,RETURN_HOME,diverged1,8.5322,-1.4629,-2.5721,0.056358,0.283816,0.137152,4.468,64,2.2582,3.9052,-0.7685,-0.432,0.00000,8.2418,0.5014,-1.6847,0.0000,0.0000,0.022,0.3764,0.8000,0.2885,52,0.068,0.00,0.00,0.00,0.00,0.0000,0.0000,10.02,0.00,50.20,--,--,0.00,EXECUTING,209,10.895,-0.0190,-0.0100,6.6110,1.3411,-2.5462,0.008
140.309,135.906,0.993,RETURN_HOME,diverged1,8.5322,-1.4629,-2.5721,0.056358,0.283816,0.137152,4.568,64,2.2582,3.9052,-0.7685,-0.432,0.00000,8.2418,0.5014,-1.6847,0.0000,0.0000,0.018,0.3764,0.8000,0.2885,52,0.068,0.00,0.00,0.00,0.00,0.0000,0.0000,9.91,0.00,50.00,--,--,0.00,EXECUTING,209,10.895,-0.0190,-0.0100,6.6110,1.3411,-2.5462,0.008
140.409,136.006,0.994,RETURN_HOME,diverged1,8.5322,-1.4629,-2.5721,0.056358,0.283816,0.137152,4.668,64,2.2582,3.9052,-0.7685,-0.432,0.00000,8.2418,0.5014,-1.6847,0.0000,0.0000,0.024,0.3764,0.8000,0.2885,52,0.068,0.00,0.00,0.00,0.00,0.0000,0.0000,10.00,0.00,50.31,--,--,0.00,EXECUTING,209,10.895,-0.0190,-0.0100,6.6110,1.3411,-2.5462,0.008
140.509,136.106,0.994,RETURN_HOME,diverged1,8.5322,-1.4629,-2.5721,0.056358,0.283816,0.137152,4.768,64,2.2582,3.9052,-0.7685,-0.432,0.00000,8.2418,0.5014,-1.6847,0.0000,0.0000,0.018,0.3764,0.8000,0.2885,52,0.068,0.00,0.00,0.00,0.00,0.0000,0.0000,9.83,0.00,50.00,--,--,0.00,EXECUTING,209,10.895,-0.0190,-0.0100,6.6110,1.3411,-2.5462,0.008
140.609,136.206,0.999,RETURN_HOME,diverged1,8.5322,-1.4629,-2.5721,0.056358,0.283816,0.137152,4.868,64,2.2582,3.9052,-0.7685,-0.432,0.00000,8.2418,0.5014,-1.6847,0.0000,0.0000,0.024,0.3764,0.8000,0.2885,52,0.068,0.00,0.00,0.00,0.00,0.0000,0.0000,9.98,0.00,50.31,--,--,0.00,EXECUTING,209,10.895,-0.0190,-0.0100,6.6110,1.3411,-2.5462,0.008
140.709,136.298,0.991,RETURN_HOME,diverged1,8.5322,-1.4629,-2.5721,0.056358,0.283816,0.137152,4.960,64,2.2582,3.9052,-0.7685,-0.440,0.00000,8.2418,0.5014,-1.6847,0.0000,0.0000,0.010,0.3764,0.8000,0.2885,52,0.060,0.00,0.00,0.00,0.00,0.0000,0.0000,9.98,0.00,50.00,--,--,0.00,EXECUTING,209,10.895,-0.0190,-0.0100,6.6110,1.3411,-2.5462,0.020
140.809,136.398,0.989,RETURN_HOME,diverged1,8.5322,-1.4629,-2.5721,0.056358,0.283816,0.137152,5.060,64,2.2582,3.9052,-0.7685,-0.440,0.00000,8.2418,0.5014,-1.6847,0.0000,0.0000,0.010,0.3764,0.8000,0.2885,52,0.060,0.00,0.00,0.00,0.00,0.0000,0.0000,9.98,0.00,49.90,--,--,0.00,EXECUTING,209,10.895,-0.0190,-0.0100,6.6110,1.3411,-2.5462,0.000
140.909,136.492,0.985,RETURN_HOME,diverged1,8.5322,-1.4629,-2.5721,0.056358,0.283816,0.137152,5.154,64,2.2582,3.9052,-0.7685,-0.446,0.00000,8.2418,0.5014,-1.6847,0.0000,0.0000,0.004,0.3764,0.8000,0.2885,52,0.054,0.00,0.00,0.00,0.00,0.0000,0.0000,10.00,0.00,50.00,--,--,0.00,EXECUTING,209,10.895,-0.0190,-0.0100,6.6110,1.3411,-2.5462,0.014
141.009,136.592,0.984,RETURN_HOME,diverged1,8.5322,-1.4629,-2.5721,0.056358,0.283816,0.137152,5.254,64,2.2582,3.9052,-0.7685,-0.446,0.00000,8.2418,0.5014,-1.6847,0.0000,0.0000,0.006,0.3764,0.8000,0.2885,52,0.054,0.00,0.00,0.00,0.00,0.0000,0.0000,9.96,0.00,50.00,--,--,0.00,EXECUTING,209,10.895,-0.0190,-0.0100,6.6110,1.3411,-2.5462,0.014
141.109,136.688,0.979,RETURN_HOME,diverged1,8.5322,-1.4629,-2.5721,0.056358,0.283816,0.137152,5.350,64,2.2582,3.9052,-0.7685,-0.450,0.00000,8.2418,0.5014,-1.6847,0.0000,0.0000,0.000,0.3764,0.8000,0.2885,52,0.050,0.00,0.00,0.00,0.00,0.0000,0.0000,10.00,0.00,50.00,--,--,0.00,EXECUTING,209,10.895,-0.0190,-0.0100,6.6110,1.3411,-2.5462,0.010
141.209,136.788,0.979,RETURN_HOME,diverged1,8.5322,-1.4629,-2.5721,0.056358,0.283816,0.137152,5.450,64,2.2582,3.9052,-0.7685,-0.450,0.00000,8.2418,0.5014,-1.6847,0.0000,0.0000,0.020,0.3764,0.8000,0.2885,52,0.050,0.00,0.00,0.00,0.00,0.0000,0.0000,10.14,0.00,50.00,--,--,0.00,EXECUTING,209,10.895,-0.0190,-0.0100,6.6110,1.3411,-2.5462,0.010
141.309,136.882,0.974,RETURN_HOME,diverged1,8.5322,-1.4629,-2.5721,0.056358,0.283816,0.137152,5.544,64,2.2582,3.9052,-0.7685,-0.456,0.00000,8.2418,0.5013,-1.6859,0.0001,-0.0113,0.014,0.3754,0.7952,0.2885,52,0.044,1.00,1.00,0.00,1.00,0.0000,-0.7436,10.02,0.00,49.90,--,--,0.00,EXECUTING,239,12.505,-0.0190,-0.0100,6.6110,1.3411,-2.5478,0.004
141.409,136.982,0.973,RETURN_HOME,diverged1,8.5322,-1.4629,-2.5721,0.056358,0.283816,0.137152,5.644,64,2.2582,3.9052,-0.7685,-0.456,0.00000,8.2418,0.5012,-1.7027,0.0012,-0.1727,0.014,0.3744,0.8000,0.2500,52,0.044,29.41,20.83,25.00,29.41,0.0000,-0.1600,10.16,0.00,49.70,--,--,0.00,EXECUTING,239,12.505,-0.0190,-0.0100,6.6108,1.3412,-2.5601,0.004
141.509,137.080,0.971,RETURN_HOME,diverged1,8.5322,-1.4629,-2.5721,0.056358,0.283816,0.137152,5.742,64,2.2582,3.9052,-0.7685,-0.458,0.00000,8.2418,0.5011,-1.7188,0.0009,-0.1809,0.012,0.3796,0.8000,0.3137,51,0.042,30.00,20.20,21.43,30.00,0.0000,-0.1600,10.02,0.00,50.00,--,--,0.00,EXECUTING,239,12.505,-0.0190,-0.0100,6.6107,1.3413,-2.5717,0.002
141.609,137.180,0.974,RETURN_HOME,diverged1,8.5322,-1.4629,-2.5721,0.056358,0.283816,0.137152,5.842,64,2.2582,3.9052,-0.7685,-0.458,0.00000,8.2418,0.5011,-1.7345,0.0005,-0.1583,0.012,0.3887,0.8500,0.3137,51,0.042,30.20,20.13,21.01,30.00,0.0000,-0.1600,10.00,0.00,49.70,--,--,0.00,EXECUTING,239,12.505,-0.0190,-0.0100,6.6106,1.3415,-2.5810,0.022
141.709,137.276,0.976,RETURN_HOME,diverged1,8.5322,-1.4629,-2.5721,0.056358,0.283816,0.137152,5.938,64,2.2582,3.9052,-0.7685,-0.462,0.00000,8.2418,0.5011,-1.7508,0.0001,-0.1704,0.008,0.3708,0.7500,0.2941,51,0.038,30.00,20.20,20.59,30.00,0.0000,-0.1600,9.98,0.00,50.00,--,--,0.00,EXECUTING,239,12.505,-0.0190,-0.0100,6.6106,1.3418,-2.5934,0.018
141.809,137.370,0.972,RETURN_HOME,diverged1,8.5322,-1.4629,-2.5721,0.056358,0.283816,0.137152,6.032,64,2.2582,3.9052,-0.7685,-0.468,0.00000,8.2418,0.5011,-1.7668,0.0000,-0.1781,0.002,0.3855,0.7950,0.2308,52,0.032,30.36,20.24,20.74,30.36,0.0000,-0.1600,10.00,0.00,50.00,--,--,0.00,EXECUTING,239,12.505,-0.0190,-0.0100,6.6106,1.3422,-2.6057,0.012
141.909,137.476,0.982,RETURN_HOME,diverged1,8.5322,-1.4629,-2.5721,0.056358,0.283816,0.137152,6.138,64,2.2582,3.9052,-0.7685,-0.462,0.00000,8.2418,0.5011,-1.7828,0.0000,-0.1600,0.008,0.3787,0.8000,0.2885,52,0.038,30.20,20.20,20.52,30.20,0.0000,-0.1600,10.00,0.00,50.00,--,--,0.00,EXECUTING,239,12.505,-0.0190,-0.0100,6.6106,1.3425,-2.6181,0.018
142.009,137.576,0.984,RETURN_HOME,diverged1,8.5322,-1.4629,-2.5721,0.056358,0.283816,0.137152,6.238,64,2.2582,3.9052,-0.7685,-0.462,0.00000,8.2418,0.5011,-1.7988,0.0000,-0.1833,0.010,0.3837,0.7950,0.2885,52,0.038,29.89,20.29,20.96,29.89,0.0000,-0.1600,9.96,0.00,50.10,--,--,0.00,EXECUTING,239,12.505,-0.0190,-0.0100,6.6106,1.3430,-2.6306,0.018
142.109,137.678,0.990,RETURN_HOME,diverged1,8.5322,-1.4629,-2.5721,0.056358,0.283816,0.137152,6.340,64,2.2582,3.9052,-0.7685,-0.460,0.00000,8.2418,0.5011,-1.8148,-0.0000,-0.1753,0.010,0.3868,0.8000,0.2941,51,0.040,30.23,20.15,20.44,31.49,0.0000,-0.1600,10.00,0.00,50.00,--,--,0.00,EXECUTING,239,12.505,-0.0190,-0.0100,6.6106,1.3434,-2.6432,0.020
142.208,137.776,0.989,RETURN_HOME,diverged1,8.5322,-1.4629,-2.5721,0.056358,0.283816,0.137152,6.438,64,2.2582,3.9052,-0.7685,-0.462,0.00000,8.2418,0.5011,-1.8308,0.0000,-0.2240,0.016,0.4046,0.8500,0.2745,51,0.038,29.91,20.18,20.59,30.98,0.0000,-0.1600,9.96,0.00,50.31,--,--,0.00,EXECUTING,239,12.505,-0.0190,-0.0100,6.6106,1.3439,-2.6559,0.018
142.309,137.874,0.992,RETURN_HOME,diverged1,8.5322,-1.4629,-2.5721,0.056358,0.283816,0.137152,6.536,64,2.2582,3.9052,-0.7685,-0.464,0.00000,8.2418,0.5011,-1.8468,-0.0000,-0.1590,0.006,0.3792,0.7500,0.2941,51,0.036,30.86,20.16,20.58,32.92,0.0000,0.0000,9.98,0.00,50.00,--,--,0.00,EXECUTING,243,12.869,-0.0190,-0.0100,6.6106,1.3444,-2.6687,0.016
142.409,137.974,0.993,RETURN_HOME,diverged1,8.5322,-1.4629,-2.5721,0.056358,0.283816,0.137152,6.636,64,2.2582,3.9052,-0.7685,-0.464,0.00000,8.2418,0.5011,-1.8545,0.0004,-0.1011,0.012,0.3971,0.8000,0.2353,51,0.036,30.24,19.07,20.69,32.40,0.0000,-1.0000,10.00,0.00,50.00,--,--,0.00,EXECUTING,243,12.869,-0.0190,-0.0100,6.6105,1.3446,-2.6750,0.016
142.509,138.072,0.992,RETURN_HOME,diverged1,8.5322,-1.4629,-2.5721,0.056358,0.283816,0.137152,6.734,64,2.2582,3.9052,-0.7685,-0.466,0.00000,8.2417,0.5010,-1.8737,0.0006,-0.1872,0.004,0.3893,0.8000,0.2885,52,0.034,29.66,19.15,19.07,31.85,0.0000,-0.1600,10.00,0.00,49.90,--,--,0.00,EXECUTING,243,12.869,-0.0190,-0.0100,6.6104,1.3451,-2.6898,0.014
142.609,138.170,0.993,RETURN_HOME,diverged1,8.5322,-1.4629,-2.5721,0.056358,0.283816,0.137152,6.832,64,2.2582,3.9052,-0.7685,-0.468,0.00000,8.2417,0.5010,-1.8913,0.0001,-0.1932,0.006,0.3938,0.8500,0.2549,51,0.032,29.85,19.23,19.19,32.05,0.0000,-0.1600,9.98,0.00,50.20,--,--,0.00,EXECUTING,243,12.869,-0.0190,-0.0100,6.6104,1.3457,-2.7039,0.012
142.709,138.268,0.992,RETURN_HOME,diverged1,8.5322,-1.4629,-2.5721,0.056358,0.283816,0.137152,6.930,64,2.2582,3.9052,-0.7685,-0.470,0.00000,8.2417,0.5010,-1.9044,0.0000,-0.1729,0.020,0.3988,0.8500,0.2745,51,0.030,29.72,19.19,19.07,31.91,0.0000,-0.1600,10.02,0.00,50.00,--,--,0.00,EXECUTING,243,12.869,-0.0190,-0.0100,6.6104,1.3463,-2.7174,0.010
142.809,138.368,0.991,RETURN_HOME,diverged1,8.5322,-1.4629,-2.5721,0.056358,0.283816,0.137152,7.030,64,2.2582,3.9052,-0.7685,-0.470,0.00000,8.2417,0.5010,-1.9208,0.0000,-0.1696,0.020,0.3946,0.7762,0.2745,51,0.030,29.79,19.19,19.11,31.85,0.0000,-0.1600,9.98,0.00,50.10,--,--,0.00,EXECUTING,243,12.869,-0.0190,-0.0100,6.6104,1.3470,-2.7310,0.010
142.909,138.468,0.992,RETURN_HOME,diverged1,8.5322,-1.4629,-2.5721,0.056358,0.283816,0.137152,7.130,64,2.2582,3.9052,-0.7685,-0.470,0.00000,8.2417,0.5010,-1.9370,0.0000,-0.2246,0.020,0.4044,0.8500,0.2745,51,0.030,29.66,19.19,19.11,31.78,0.0000,-0.1600,10.07,0.00,49.90,--,--,0.00,EXECUTING,243,12.869,-0.0190,-0.0100,6.6104,1.3477,-2.7445,0.010
143.009,138.560,0.980,RETURN_HOME,diverged1,8.5322,-1.4629,-2.5721,0.056358,0.283816,0.137152,7.222,64,2.2582,3.9052,-0.7685,-0.478,0.00000,8.2417,0.5010,-1.9534,0.0000,-0.1697,0.012,0.4047,0.8900,0.2692,52,0.022,29.17,19.11,18.60,31.25,0.0000,-0.1600,10.00,0.00,49.90,--,--,0.00,EXECUTING,243,12.869,-0.0190,-0.0100,6.6104,1.3484,-2.7583,0.002
143.109,138.666,0.988,RETURN_HOME,diverged1,8.5322,-1.4629,-2.5721,0.056358,0.283816,0.137152,7.328,64,2.2582,3.9052,-0.7685,-0.472,0.00000,8.2417,0.5010,-1.9695,0.0000,-0.1970,0.018,0.4129,0.8500,0.2353,51,0.028,29.91,19.23,19.19,30.98,0.0000,-0.1600,10.02,0.00,49.90,--,--,0.00,EXECUTING,243,12.869,-0.0190,-0.0100,6.6104,1.3492,-2.7721,0.008
143.209,138.762,0.986,RETURN_HOME,diverged1,8.5322,-1.4629,-2.5721,0.056358,0.283816,0.137152,7.424,64,2.2582,3.9052,-0.7685,-0.476,0.00000,8.2417,0.5010,-1.9868,0.0000,-0.1738,0.014,0.4190,0.9000,0.2353,51,0.024,29.72,19.27,19.15,30.72,0.0000,-1.0000,10.07,0.00,49.70,--,--,0.00,EXECUTING,243,12.869,-0.0190,-0.0100,6.6104,1.3501,-2.7878,0.004
143.309,138.862,0.986,RETURN_HOME,diverged1,8.5256,-1.3920,-2.7938,0.057055,0.287780,0.134941,0.024,65,2.2964,4.0277,-0.7767,-0.476,0.12837,8.2417,0.5010,-2.0203,0.0001,-0.3450,0.014,0.4194,0.9500,0.2745,51,0.024,29.54,19.19,18.95,29.54,0.0000,-0.3200,9.98,1.00,49.49,--,--,0.00,EXECUTING,249,13.234,-0.0190,-0.0100,6.6103,1.3518,-2.8171,0.004
143.409,138.958,0.984,RETURN_HOME,diverged1,8.5256,-1.3920,-2.7938,0.057055,0.287780,0.134941,0.120,65,2.2964,4.0277,-0.7767,-0.480,0.00000,8.2417,0.5010,-2.0526,0.0000,-0.3343,0.012,0.4300,0.9000,0.1961,51,0.020,31.25,20.37,20.47,31.25,0.0000,-0.3200,10.07,1.00,50.00,--,--,0.00,EXECUTING,249,13.234,-0.0190,-0.0100,6.6103,1.3536,-2.8457,0.000
143.508,139.058,0.986,RETURN_HOME,diverged1,8.5256,-1.3920,-2.7938,0.057055,0.287780,0.134941,0.220,65,2.2964,4.0277,-0.7767,-0.480,0.00000,8.2417,0.5010,-2.0850,0.0000,-0.3330,0.010,0.4477,0.9500,0.1961,51,0.020,30.92,20.24,20.26,30.92,0.0000,-0.3200,10.02,1.00,50.10,--,--,0.00,EXECUTING,249,13.234,-0.0190,-0.0100,6.6103,1.3556,-2.8748,0.000
143.609,139.158,0.989,RETURN_HOME,diverged1,8.5256,-1.3920,-2.7938,0.057055,0.287780,0.134941,0.320,65,2.2964,4.0277,-0.7767,-0.480,0.00000,8.2417,0.5010,-2.1174,0.0000,-0.3359,0.010,0.4381,0.8950,0.2115,52,0.020,30.85,20.24,20.21,30.85,0.0000,-0.3200,9.89,1.00,49.70,--,--,0.00,EXECUTING,249,13.234,-0.0190,-0.0100,6.6103,1.3573,-2.8985,0.020
143.708,139.258,0.990,RETURN_HOME,diverged1,8.5256,-1.3920,-2.7938,0.057055,0.287780,0.134941,0.420,65,2.2964,4.0277,-0.7767,-0.480,0.00000,8.2417,0.5010,-2.1494,0.0000,-0.3227,0.010,0.4468,0.9000,0.1569,51,0.020,30.85,20.16,20.17,30.79,0.0000,-0.3200,10.00,1.00,50.10,--,--,0.00,EXECUTING,249,13.234,-0.0190,-0.0100,6.6103,1.3599,-2.9342,0.000
143.809,139.354,0.986,RETURN_HOME,diverged1,8.5256,-1.3920,-2.7938,0.057055,0.287780,0.134941,0.516,65,2.2964,4.0277,-0.7767,-0.384,0.00000,8.2417,0.5010,-2.1814,0.0000,-0.3349,0.006,0.4148,0.8500,0.2549,51,0.116,30.85,20.16,20.21,30.85,0.0000,-0.3200,9.98,1.00,50.00,--,--,0.00,EXECUTING,249,13.234,-0.0190,-0.0100,6.6103,1.3618,-2.9584,0.016
143.909,139.460,1.000,RETURN_HOME,diverged1,8.5256,-1.3920,-2.7938,0.057055,0.287780,0.134941,0.622,65,2.2964,4.0277,-0.7767,-0.478,0.00000,8.2417,0.5010,-2.2134,0.0000,-0.3587,0.012,0.4194,0.9000,0.1961,51,0.022,30.79,20.12,20.13,30.79,0.0000,-0.3200,9.96,1.00,50.00,--,--,0.00,EXECUTING,249,13.234,-0.0190,-0.0100,6.6103,1.3647,-2.9954,0.002
144.009,139.548,0.980,RETURN_HOME,diverged1,8.5256,-1.3920,-2.7938,0.057055,0.287780,0.134941,0.710,65,2.2964,4.0277,-0.7767,-0.390,0.00000,8.2417,0.5010,-2.2454,0.0000,-0.3307,0.002,0.4281,0.8500,0.2308,52,0.010,30.79,20.33,20.13,30.79,0.0000,-0.3200,10.02,1.00,50.00,--,--,0.00,EXECUTING,249,13.234,-0.0190,-0.0100,6.6103,1.3668,-3.0205,0.010
144.109,139.650,0.986,RETURN_HOME,diverged1,8.5041,-1.3208,-3.0389,0.060489,0.274049,0.146428,0.112,66,2.3824,4.2201,-0.7963,-0.488,0.21070,8.2417,0.5010,-2.2778,0.0000,-0.3228,0.002,0.4346,0.9000,0.1569,51,0.012,30.66,20.28,20.08,30.72,0.0000,-0.3200,9.93,1.43,50.10,--,--,0.00,EXECUTING,249,13.234,-0.0190,-0.0100,6.6103,1.3695,-3.0529,0.012
144.209,139.738,0.976,RETURN_HOME,diverged1,8.5041,-1.3208,-3.0389,0.060489,0.274049,0.146428,0.200,66,2.3824,4.2201,-0.7963,-0.400,0.00000,8.2417,0.5010,-2.3045,0.0000,-0.3331,0.010,0.4240,0.9000,0.1961,51,0.100,30.92,20.33,20.26,30.98,0.0000,-0.3200,9.93,1.43,49.90,--,--,0.00,EXECUTING,249,13.234,-0.0190,-0.0100,6.6103,1.3724,-3.0870,0.000
144.309,139.842,0.980,RETURN_HOME,diverged1,8.5041,-1.3208,-3.0389,0.060489,0.274049,0.146428,0.304,66,2.3824,4.2201,-0.7963,-0.396,0.00000,8.2417,0.5010,-2.3312,-0.0000,-0.2895,0.014,0.4267,0.8950,0.2115,52,0.104,31.66,20.47,20.65,31.66,0.0000,0.0000,10.02,1.43,50.52,--,--,0.00,EXECUTING,249,13.234,-0.0190,-0.0100,6.6103,1.3746,-3.1123,0.004
144.409,139.938,0.980,RETURN_HOME,diverged1,8.5041,-1.3208,-3.0389,0.060489,0.274049,0.146428,0.400,66,2.3824,4.2201,-0.7963,-0.400,0.00000,8.2417,0.5010,-2.3347,-0.0000,-0.0350,0.010,0.4491,0.9000,0.1373,51,0.100,29.35,18.29,20.68,30.43,0.0000,-1.0000,9.91,1.00,50.10,--,--,0.00,EXECUTING,249,13.234,-0.0190,-0.0100,6.6103,1.3748,-3.1158,0.000
144.509,140.038,0.978,RETURN_HOME,diverged1,8.5041,-1.3208,-3.0389,0.060489,0.274049,0.146428,0.500,66,2.3824,4.2201,-0.7963,-0.400,0.00000,8.2419,0.5011,-2.3509,-0.0025,-0.1640,0.010,0.4096,0.8500,0.1765,51,0.100,30.43,18.40,18.52,31.66,0.0000,-0.1600,10.02,1.00,50.00,--,--,0.00,EXECUTING,249,13.234,-0.0190,-0.0100,6.6106,1.3758,-3.1296,0.020
144.609,140.138,0.980,RETURN_HOME,diverged1,8.5041,-1.3208,-3.0389,0.060489,0.274049,0.146428,0.600,66,2.3824,4.2201,-0.7963,-0.400,0.00000,8.2422,0.5014,-2.3659,-0.0038,-0.1530,0.010,0.4047,0.9000,0.2353,51,0.100,30.43,18.33,18.48,31.59,0.0000,-0.1600,10.14,1.00,50.10,--,--,0.00,EXECUTING,249,13.234,-0.0190,-0.0100,6.6110,1.3771,3.1384,0.020
144.709,140.234,0.977,RETURN_HOME,diverged1,8.5041,-1.3208,-3.0389,0.060489,0.274049,0.146428,0.696,66,2.3824,4.2201,-0.7963,-0.404,0.00000,8.2423,0.5016,-2.3811,-0.0025,-0.1533,0.006,0.4288,0.9000,0.1765,51,0.096,30.63,18.48,18.60,31.66,0.0000,-0.1600,10.02,1.00,50.00,--,--,0.00,EXECUTING,249,13.234,-0.0190,-0.0100,6.6112,1.3785,3.1225,0.016
144.809,140.334,0.971,RETURN_HOME,diverged1,8.5041,-1.3208,-3.0389,0.060489,0.274049,0.146428,0.796,66,2.3824,4.2201,-0.7963,-0.404,0.00000,8.2431,0.5023,-2.3946,-0.0104,-0.1409,0.006,0.4209,0.8950,0.1923,52,0.096,30.30,18.44,18.40,31.39,0.0000,-0.1600,10.20,1.00,50.10,--,--,0.00,EXECUTING,249,13.234,-0.0190,-0.0100,6.6122,1.3797,3.1088,0.016
144.909,140.434,0.974,RETURN_HOME,diverged1,8.5041,-1.3208,-3.0389,0.060489,0.274049,0.146428,0.896,66,2.3824,4.2201,-0.7963,-0.404,0.00000,8.2433,0.5025,-2.4095,-0.0029,-0.1492,0.006,0.4233,0.8500,0.1765,51,0.096,30.63,18.44,18.56,31.66,0.0000,-0.1600,10.00,1.00,50.10,--,--,0.00,EXECUTING,249,13.234,-0.0190,-0.0100,6.6128,1.3809,3.0948,0.016
145.008,140.534,0.987,RETURN_HOME,diverged1,8.5041,-1.3208,-3.0389,0.060489,0.274049,0.146428,0.996,66,2.3824,4.2201,-0.7963,-0.404,0.00000,8.2435,0.5027,-2.4247,-0.0024,-0.1535,0.006,0.4073,0.8500,0.1765,51,0.096,29.91,18.33,18.20,30.98,0.0000,-0.1600,9.93,1.00,50.00,--,--,0.00,EXECUTING,249,13.234,-0.0190,-0.0100,6.6130,1.3822,3.0795,0.016
145.109,140.630,0.980,RETURN_HOME,diverged1,8.5041,-1.3208,-3.0389,0.060489,0.274049,0.146428,1.092,66,2.3824,4.2201,-0.7963,-0.408,0.00000,8.2442,0.5033,-2.4383,-0.0142,-0.1438,0.002,0.4130,0.9000,0.2353,51,0.092,29.72,18.37,18.09,30.85,0.0000,-0.1600,10.04,0.00,50.10,--,--,0.00,EXECUTING,249,13.234,-0.0190,-0.0100,6.6139,1.3833,3.0654,0.012
145.209,140.730,0.986,RETURN_HOME,diverged1,8.5041,-1.3208,-3.0389,0.060489,0.274049,0.146428,1.192,66,2.3824,4.2201,-0.7963,-0.408,0.00000,8.2449,0.5038,-2.4519,-0.0083,-0.1375,0.002,0.4169,0.8500,0.1961,51,0.092,29.79,18.22,18.09,30.85,0.0000,-0.1600,9.98,0.00,50.10,--,--,0.00,EXECUTING,249,13.234,-0.0190,-0.0100,6.6150,1.3842,3.0535,0.012
145.309,140.830,0.991,RETURN_HOME,diverged1,8.4948,-1.3041,3.0396,0.064597,0.296106,0.164309,0.092,67,2.3344,4.1989,-0.7901,-0.408,0.05247,8.2451,0.5040,-2.4671,-0.0031,-0.1666,0.002,0.4114,0.8950,0.2115,52,0.092,31.18,20.27,20.43,31.94,0.0000,-0.1600,10.02,1.00,50.00,--,--,0.00,EXECUTING,249,13.234,-0.0190,-0.0100,6.6153,1.3854,3.0389,0.012
145.409,140.928,0.990,RETURN_HOME,diverged1,8.4948,-1.3041,3.0396,0.064597,0.296106,0.164309,0.190,67,2.3344,4.1989,-0.7901,-0.410,0.00000,8.2458,0.5045,-2.4778,-0.0089,-0.1340,0.020,0.4232,0.8500,0.1765,51,0.090,32.26,20.28,20.43,32.26,0.0000,-0.1600,9.98,1.00,50.00,--,--,0.00,EXECUTING,249,13.234,-0.0190,-0.0100,6.6164,1.3863,3.0265,0.010
145.508,141.028,0.990,RETURN_HOME,diverged1,8.4948,-1.3041,3.0396,0.064597,0.296106,0.164309,0.290,67,2.3344,4.1989,-0.7901,-0.410,0.00000,8.2468,0.5053,-2.4843,-0.0123,-0.0651,0.020,0.4168,0.8500,0.1765,51,0.090,30.37,19.19,20.45,30.43,-0.1500,0.0000,9.98,1.00,50.00,--,--,0.00,EXECUTING,249,13.234,-0.0190,-0.0100,6.6183,1.3865,3.0214,0.010
145.608,141.128,0.990,RETURN_HOME,diverged1,8.4948,-1.3041,3.0396,0.064597,0.296106,0.164309,0.390,67,2.3344,4.1989,-0.7901,-0.410,0.00000,8.2565,0.5128,-2.4843,-0.1289,-0.0000,0.020,0.4125,0.8500,0.1961,51,0.090,29.79,19.19,19.11,29.72,-0.1250,0.0000,9.96,1.00,50.00,--,--,0.00,EXECUTING,249,13.234,-0.0190,-0.0100,6.6310,1.3850,3.0214,0.010
145.709,141.226,0.991,RETURN_HOME,diverged1,8.4948,-1.3041,3.0396,0.064597,0.296106,0.164309,0.488,67,2.3344,4.1989,-0.7901,-0.412,0.00000,8.2668,0.5207,-2.4843,-0.1299,-0.0000,0.018,0.4163,0.8500,0.1765,51,0.088,29.35,19.15,18.87,29.35,-0.1250,0.0000,9.98,1.00,50.00,--,--,0.00,EXECUTING,249,13.234,-0.0190,-0.0100,6.6439,1.3834,3.0214,0.008
145.809,141.326,0.992,RETURN_HOME,diverged1,8.4948,-1.3041,3.0396,0.064597,0.296106,0.164309,0.588,67,2.3344,4.1989,-0.7901,-0.412,0.00000,8.2771,0.5287,-2.4843,-0.1350,-0.0000,0.018,0.4144,0.8500,0.1765,51,0.088,29.35,19.19,18.87,29.29,-0.1250,0.0000,10.02,1.00,50.00,--,--,0.00,EXECUTING,249,13.234,-0.0190,-0.0100,6.6568,1.3819,3.0214,0.008
145.909,141.426,0.991,RETURN_HOME,diverged1,8.4948,-1.3041,3.0396,0.064597,0.296106,0.164309,0.688,67,2.3344,4.1989,-0.7901,-0.412,0.00000,8.2875,0.5367,-2.4843,-0.1386,-0.0000,0.018,0.4107,0.8500,0.1765,51,0.088,29.11,19.23,18.67,29.11,-0.1250,0.0000,10.07,1.00,50.00,--,--,0.00,EXECUTING,249,13.234,-0.0190,-0.0100,6.6699,1.3803,3.0214,0.008
146.009,141.526,0.996,RETURN_HOME,diverged1,8.4948,-1.3041,3.0396,0.064597,0.296106,0.164309,0.788,67,2.3344,4.1989,-0.7901,-0.412,0.00000,8.2978,0.5447,-2.4843,-0.1347,-0.0000,0.018,0.4161,0.9000,0.1569,51,0.088,29.29,19.11,18.87,29.29,-0.1250,0.0000,9.98,1.00,50.00,--,--,0.00,EXECUTING,249,13.234,-0.0190,-0.0100,6.6828,1.3787,3.0214,0.008
146.109,141.624,0.995,RETURN_HOME,diverged1,8.4948,-1.3041,3.0396,0.064597,0.296106,0.164309,0.886,67,2.3344,4.1989,-0.7901,-0.414,0.00000,8.3079,0.5525,-2.4843,-0.1297,-0.0000,0.016,0.4160,0.9000,0.1569,51,0.086,29.66,19.11,19.07,29.72,-0.1250,0.0000,10.00,1.00,50.00,--,--,0.00,EXECUTING,249,13.234,-0.0190,-0.0100,6.6955,1.3772,3.0214,0.006
146.209,141.724,0.994,RETURN_HOME,diverged1,8.4948,-1.3041,3.0396,0.064597,0.296106,0.164309,0.986,67,2.3344,4.1989,-0.7901,-0.414,0.00000,8.3180,0.5603,-2.4843,-0.1418,-0.0000,0.016,0.4120,0.8900,0.1538,52,0.086,29.66,19.15,19.07,29.66,-0.1250,0.0000,10.00,1.00,50.00,--,--,0.00,EXECUTING,249,13.234,-0.0190,-0.0100,6.7082,1.3757,3.0214,0.006
146.309,141.824,0.994,RETURN_HOME,diverged1,8.4948,-1.3041,3.0396,0.064597,0.296106,0.164309,1.086,67,2.3344,4.1989,-0.7901,-0.414,0.00000,8.3280,0.5680,-2.4843,-0.1286,-0.0000,0.016,0.4117,0.8950,0.1731,52,0.086,29.72,19.11,19.07,29.66,-0.1250,0.0000,9.96,0.00,50.00,--,--,0.00,EXECUTING,249,13.234,-0.0190,-0.0100,6.7207,1.3741,3.0214,0.006
146.409,141.920,0.991,RETURN_HOME,diverged1,8.4948,-1.3041,3.0396,0.064597,0.296106,0.164309,1.182,67,2.3344,4.1989,-0.7901,-0.418,0.00000,8.3385,0.5761,-2.4843,-0.1750,-0.0000,0.012,0.4116,0.8950,0.1923,52,0.082,29.05,19.11,18.67,28.99,-0.1250,0.0000,10.00,0.00,49.90,--,--,0.00,EXECUTING,249,13.234,-0.0190,-0.0100,6.7339,1.3726,3.0214,0.002
146.509,142.020,0.991,RETURN_HOME,diverged1,8.4948,-1.3041,3.0396,0.064597,0.296106,0.164309,1.282,67,2.3344,4.1989,-0.7901,-0.418,0.00000,8.3486,0.5839,-2.4843,-0.1303,-0.0000,0.012,0.4158,0.8500,0.1765,51,0.082,30.72,20.16,20.13,30.72,-0.1250,0.0000,10.02,0.00,50.10,--,--,0.00,EXECUTING,249,13.234,-0.0190,-0.0100,6.7466,1.3710,3.0214,0.002
146.609,142.116,0.989,RETURN_HOME,diverged1,8.4948,-1.3041,3.0396,0.064597,0.296106,0.164309,1.378,67,2.3344,4.1989,-0.7901,-0.422,0.00000,8.3577,0.5909,-2.4843,-0.1176,-0.0001,0.008,0.4152,0.8500,0.1765,51,0.078,29.53,19.23,19.35,29.53,-0.1250,0.0000,10.04,0.00,50.00,--,--,0.00,EXECUTING,249,13.234,-0.0190,-0.0100,6.7552,1.3700,3.0214,0.018
146.708,142.216,0.991,RETURN_HOME,diverged1,8.4948,-1.3041,3.0396,0.064597,0.296106,0.164309,1.478,67,2.3344,4.1989,-0.7901,-0.422,0.00000,8.3680,0.5988,-2.4843,-0.1346,-0.0000,0.008,0.4206,0.8500,0.1765,51,0.078,29.85,19.19,19.15,30.92,-0.1250,0.0000,10.00,0.00,50.00,--,--,0.00,EXECUTING,249,13.234,-0.0190,-0.0100,6.7684,1.3684,3.0214,0.018
146.808,142.312,0.986,RETURN_HOME,diverged1,8.4948,-1.3041,3.0396,0.064597,0.296106,0.164309,1.574,67,2.3344,4.1989,-0.7901,-0.426,0.00000,8.3783,0.6068,-2.4843,-0.1350,-0.0000,0.004,0.4203,0.8500,0.2157,51,0.074,29.66,19.23,19.03,30.79,-0.1250,0.0000,10.02,0.00,50.10,--,--,0.00,EXECUTING,249,13.234,-0.0190,-0.0100,6.7813,1.3668,3.0214,0.014
146.909,142.412,0.986,RETURN_HOME,diverged1,8.4948,-1.3041,3.0396,0.064597,0.296106,0.164309,1.674,67,2.3344,4.1989,-0.7901,-0.426,0.00000,8.3885,0.6147,-2.4843,-0.1330,-0.0000,0.004,0.4187,0.9000,0.1961,51,0.074,29.54,19.23,19.03,30.59,-0.1250,0.0000,10.00,0.00,50.10,--,--,0.00,EXECUTING,249,13.234,-0.0190,-0.0100,6.7942,1.3653,3.0214,0.014
147.009,142.512,0.986,RETURN_HOME,diverged1,8.4948,-1.3041,3.0396,0.064597,0.296106,0.164309,1.774,67,2.3344,4.1989,-0.7901,-0.426,0.00000,8.3988,0.6226,-2.4843,-0.1299,-0.0000,0.004,0.4179,0.9000,0.1569,51,0.074,29.54,19.27,18.99,30.59,-0.1250,0.0000,9.91,0.00,50.00,--,--,0.00,EXECUTING,249,13.234,-0.0190,-0.0100,6.8071,1.3637,3.0214,0.014
147.109,142.614,0.989,RETURN_HOME,diverged1,8.4948,-1.3041,3.0396,0.064597,0.296106,0.164309,1.876,67,2.3344,4.1989,-0.7901,-0.424,0.00000,8.4092,0.6306,-2.4843,-0.1381,-0.0000,0.006,0.4184,0.9000,0.1765,51,0.076,29.85,19.23,19.23,30.98,-0.1250,0.0000,10.00,0.00,50.00,--,--,0.00,EXECUTING,249,13.234,-0.0190,-0.0100,6.8201,1.3622,3.0214,0.016
147.209,142.712,0.988,RETURN_HOME,diverged1,8.4948,-1.3041,3.0396,0.064597,0.296106,0.164309,1.974,67,2.3344,4.1989,-0.7901,-0.426,0.00000,8.4194,0.6386,-2.4843,-0.1319,-0.0000,0.004,0.4183,0.9000,0.1765,51,0.074,29.72,19.23,19.15,30.79,-0.1250,0.0000,9.93,0.00,49.90,--,--,0.00,EXECUTING,249,13.234,-0.0190,-0.0100,6.8330,1.3606,3.0214,0.014
147.309,142.814,0.993,RETURN_HOME,diverged1,8.4948,-1.3041,3.0396,0.064597,0.296106,0.164309,2.076,67,2.3344,4.1989,-0.7901,-0.424,0.00000,8.4298,0.6466,-2.4843,-0.1493,-0.0000,0.006,0.4176,0.9000,0.1765,51,0.076,29.85,19.23,19.19,30.98,-0.1250,0.0000,10.00,0.00,50.00,--,--,0.00,EXECUTING,249,13.234,-0.0190,-0.0100,6.8460,1.3590,3.0214,0.016
147.409,142.906,0.986,RETURN_HOME,diverged1,8.4948,-1.3041,3.0396,0.064597,0.296106,0.164309,2.168,67,2.3344,4.1989,-0.7901,-0.432,0.00000,8.4381,0.6530,-2.4843,-0.1262,-0.0000,0.018,0.4198,0.9000,0.1961,51,0.068,29.98,19.31,19.27,31.12,-0.1250,0.0000,10.02,0.00,50.10,--,--,0.00,EXECUTING,249,13.234,-0.0190,-0.0100,6.8589,1.3575,3.0214,0.008
147.508,143.006,0.986,RETURN_HOME,diverged1,8.4948,-1.3041,3.0396,0.064597,0.296106,0.164309,2.268,67,2.3344,4.1989,-0.7901,-0.432,0.00000,8.4482,0.6607,-2.4843,-0.1327,-0.0000,0.018,0.4194,0.9000,0.1961,51,0.068,30.24,19.23,19.44,31.32,-0.1250,0.0000,9.98,0.00,49.90,--,--,0.00,EXECUTING,249,13.234,-0.0190,-0.0100,6.8715,1.3559,3.0214,0.008
147.609,143.100,0.985,RETURN_HOME,diverged1,8.4948,-1.3041,3.0396,0.064597,0.296106,0.164309,2.362,67,2.3344,4.1989,-0.7901,-0.438,0.00000,8.4582,0.6685,-2.4843,-0.1269,-0.0000,0.012,0.4185,0.8500,0.1961,51,0.062,30.66,20.33,20.13,31.65,-0.1250,0.0000,10.02,0.00,50.00,--,--,0.00,EXECUTING,249,13.234,-0.0190,-0.0100,6.8841,1.3544,3.0214,0.002
147.709,143.200,0.986,RETURN_HOME,diverged1,8.4948,-1.3041,3.0396,0.064597,0.296106,0.164309,2.462,67,2.3344,4.1989,-0.7901,-0.438,0.00000,8.4656,0.6742,-2.4843,-0.0987,-0.0001,0.012,0.4204,0.8500,0.2157,51,0.062,30.63,19.31,20.41,30.63,-0.1500,0.0000,9.93,0.00,50.10,--,--,0.00,EXECUTING,249,13.234,-0.0190,-0.0100,6.8934,1.3533,3.0213,0.002
147.809,143.296,0.982,RETURN_HOME,diverged1,8.4948,-1.3041,3.0396,0.064597,0.296106,0.164309,2.558,67,2.3344,4.1989,-0.7901,-0.442,0.00000,8.4762,0.6824,-2.4843,-0.1340,-0.0000,0.008,0.4210,0.8500,0.2157,51,0.058,30.04,19.31,19.31,29.98,-0.1250,0.0000,10.02,0.00,50.00,--,--,0.00,EXECUTING,249,13.234,-0.0190,-0.0100,6.9043,1.3520,3.0213,0.018
147.908,143.394,0.982,RETURN_HOME,diverged1,8.4948,-1.3041,3.0396,0.064597,0.296106,0.164309,2.656,67,2.3344,4.1989,-0.7901,-0.444,0.00000,8.4855,0.6895,-2.4843,-0.1167,-0.0000,0.006,0.4158,0.8500,0.2308,52,0.056,29.66,19.31,19.11,29.60,-0.1250,0.0000,10.09,0.00,49.90,--,--,0.00,EXECUTING,249,13.234,-0.0190,-0.0100,6.9159,1.3506,3.0213,0.016
148.009,143.488,0.972,RETURN_HOME,diverged1,8.4948,-1.3041,3.0396,0.064597,0.296106,0.164309,2.750,67,2.3344,4.1989,-0.7901,-0.450,0.00000,8.4954,0.6971,-2.4843,-0.1250,0.0000,0.000,0.4150,0.8950,0.2308,52,0.050,28.78,19.43,19.19,28.72,-0.1250,0.0000,10.00,0.00,50.00,--,--,0.00,EXECUTING,249,13.234,-0.0190,-0.0100,6.9283,1.3491,3.0213,0.010
148.109,143.590,0.976,RETURN_HOME,diverged1,8.7835,-1.3630,3.0166,0.081553,0.264654,0.210119,0.052,68,2.2602,4.1318,-0.7823,-0.448,0.10007,8.5053,0.7048,-2.4843,-0.1401,0.0000,0.002,0.4212,0.9000,0.2157,51,0.052,27.72,19.43,19.19,27.66,-0.1250,0.0000,10.11,1.00,50.10,--,--,0.00,EXECUTING,249,13.234,-0.0190,-0.0100,6.9407,1.3476,3.0213,0.012
148.209,143.690,0.973,RETURN_HOME,diverged1,8.7835,-1.3630,3.0166,0.081553,0.264654,0.210119,0.152,68,2.2602,4.1318,-0.7823,-0.448,0.00000,8.5152,0.7124,-2.4843,-0.1260,0.0000,0.002,0.4262,0.9000,0.2157,51,0.052,26.54,19.43,19.15,26.54,-0.1250,0.0000,10.02,1.00,50.00,--,--,0.00,EXECUTING,249,13.234,-0.0190,-0.0100,6.9531,1.3461,3.0213,0.012
148.310,143.790,0.981,RETURN_HOME,diverged1,8.7835,-1.3630,3.0166,0.081553,0.264654,0.210119,0.252,68,2.2602,4.1318,-0.7823,-0.448,0.00000,8.5251,0.7201,-2.4843,-0.1271,0.0000,0.002,0.4205,0.9000,0.2353,51,0.052,25.59,19.43,19.19,25.59,-0.1250,0.0000,9.98,1.00,50.00,--,--,0.00,EXECUTING,249,13.234,-0.0190,-0.0100,6.9656,1.3446,3.0213,0.012
148.409,143.890,0.981,RETURN_HOME,diverged1,8.7835,-1.3630,3.0166,0.081553,0.264654,0.210119,0.352,68,2.2602,4.1318,-0.7823,-0.448,0.00000,8.5349,0.7277,-2.4843,-0.1250,0.0000,0.002,0.4230,0.9000,0.2157,51,0.052,24.36,19.31,19.07,24.36,-0.1250,0.0000,9.98,1.00,50.00,--,--,0.00,EXECUTING,249,13.234,-0.0190,-0.0100,6.9780,1.3431,3.0213,0.012
148.509,143.990,0.988,RETURN_HOME,diverged1,8.7835,-1.3630,3.0166,0.081553,0.264654,0.210119,0.452,68,2.2602,4.1318,-0.7823,-0.448,0.00000,8.5442,0.7348,-2.4828,-0.1168,0.0166,0.002,0.4269,0.9000,0.1961,51,0.052,24.36,19.39,19.07,24.36,-0.1250,0.0000,9.96,1.00,50.10,--,--,0.00,EXECUTING,249,13.234,-0.0190,-0.0100,6.9896,1.3417,3.0222,0.012
148.609,144.088,0.987,RETURN_HOME,diverged1,8.7835,-1.3630,3.0166,0.081553,0.264654,0.210119,0.550,68,2.2602,4.1318,-0.7823,-0.450,0.00000,8.5534,0.7420,-2.4815,-0.1227,0.0118,0.000,0.4354,0.8500,0.1373,51,0.050,24.36,19.19,19.07,24.36,-0.1250,0.0000,10.04,1.00,50.00,--,--,0.00,EXECUTING,249,13.234,-0.0190,-0.0100,7.0013,1.3403,3.0229,0.010
148.709,144.190,0.994,RETURN_HOME,diverged1,8.7835,-1.3630,3.0166,0.081553,0.264654,0.210119,0.652,68,2.2602,4.1318,-0.7823,-0.448,0.00000,8.5627,0.7492,-2.4802,-0.1349,0.0140,0.004,0.4360,0.8500,0.1569,51,0.052,25.53,20.20,20.21,25.59,-0.1250,0.0000,9.96,1.00,50.00,--,--,0.00,EXECUTING,249,13.234,-0.0190,-0.0100,7.0130,1.3389,3.0236,0.012
148.809,144.290,0.994,RETURN_HOME,diverged1,8.7835,-1.3630,3.0166,0.081553,0.264654,0.210119,0.752,68,2.2602,4.1318,-0.7823,-0.448,0.00000,8.5661,0.7519,-2.4745,-0.0425,0.0565,0.002,0.4383,0.8500,0.1569,51,0.052,24.63,19.11,20.13,24.34,0.0000,1.0000,10.07,1.00,50.00,--,--,0.00,EXECUTING,249,13.234,-0.0190,-0.0100,7.0188,1.3381,3.0265,0.012
148.909,144.390,1.002,RETURN_HOME,diverged1,8.7835,-1.3630,3.0166,0.081553,0.264654,0.210119,0.852,68,2.2602,4.1318,-0.7823,-0.448,0.00000,8.5661,0.7519,-2.4557,0.0000,0.1875,0.002,0.4442,0.9000,0.1765,51,0.052,24.06,19.11,18.83,25.10,0.0000,0.1600,10.02,1.00,50.10,--,--,0.00,EXECUTING,249,13.234,-0.0190,-0.0100,7.0188,1.3367,3.0456,0.012
149.008,144.488,1.000,RETURN_HOME,diverged1,8.7835,-1.3630,3.0166,0.081553,0.264654,0.210119,0.950,68,2.2602,4.1318,-0.7823,-0.450,0.00000,8.5661,0.7519,-2.4382,0.0000,0.1757,0.000,0.4390,0.8950,0.1538,52,0.050,25.00,18.95,18.75,25.99,0.0000,0.1600,10.00,1.00,50.00,--,--,0.00,EXECUTING,249,13.234,-0.0190,-0.0100,7.0188,1.3353,3.0632,0.010
149.109,144.590,1.000,RETURN_HOME,diverged1,8.7835,-1.3630,3.0166,0.081553,0.264654,0.210119,1.052,68,2.2602,4.1318,-0.7823,-0.448,0.00000,8.5661,0.7519,-2.4205,0.0000,0.1870,0.002,0.4492,0.9000,0.1176,51,0.052,26.04,18.95,18.75,27.14,0.0000,0.1600,9.98,0.00,50.00,--,--,0.00,EXECUTING,249,13.234,-0.0190,-0.0100,7.0188,1.3338,3.0813,0.012
149.208,144.688,0.999,RETURN_HOME,diverged1,8.7835,-1.3630,3.0166,0.081553,0.264654,0.210119,1.150,68,2.2602,4.1318,-0.7823,-0.450,0.00000,8.5661,0.7519,-2.4010,0.0000,0.1957,0.000,0.4410,0.9000,0.1961,51,0.050,27.08,18.95,18.75,28.12,0.0000,0.1600,10.00,0.00,50.00,--,--,0.00,EXECUTING,249,13.234,-0.0190,-0.0100,7.0188,1.3321,3.1009,0.010
149.308,144.790,1.001,RETURN_HOME,diverged1,8.7835,-1.3630,3.0166,0.081553,0.264654,0.210119,1.252,68,2.2602,4.1318,-0.7823,-0.448,0.00000,8.5661,0.7519,-2.3832,0.0000,0.2074,0.002,0.4401,0.9000,0.1961,51,0.052,28.18,18.95,18.75,29.17,0.0000,0.1600,10.00,0.00,50.00,--,--,0.00,EXECUTING,249,13.234,-0.0190,-0.0100,7.0188,1.3305,3.1199,0.012
149.409,144.890,1.001,RETURN_HOME,diverged1,8.7835,-1.3630,3.0166,0.081553,0.264654,0.210119,1.352,68,2.2602,4.1318,-0.7823,-0.448,0.00000,8.5661,0.7519,-2.3632,0.0000,0.2011,0.002,0.4294,0.9000,0.1765,51,0.052,29.05,18.95,18.71,30.02,0.0000,0.1600,10.00,0.00,50.00,--,--,0.00,EXECUTING,249,13.234,-0.0190,-0.0100,7.0188,1.3288,3.1404,0.012
149.509,144.990,1.000,RETURN_HOME,diverged1,8.7835,-1.3630,3.0166,0.081553,0.264654,0.210119,1.452,68,2.2602,4.1318,-0.7823,-0.448,0.00000,8.5661,0.7519,-2.3454,0.0000,0.2005,0.002,0.4277,0.8500,0.1765,51,0.052,29.17,18.95,18.75,30.21,0.0000,0.1600,10.00,0.00,50.00,--,--,0.00,EXECUTING,249,13.234,-0.0190,-0.0100,7.0188,1.3272,-3.1235,0.012
149.609,145.090,1.000,RETURN_HOME,diverged1,8.7835,-1.3630,3.0166,0.081553,0.264654,0.210119,1.552,68,2.2602,4.1318,-0.7823,-0.448,0.00000,8.5661,0.7519,-2.3272,0.0000,0.1882,0.002,0.4226,0.9000,0.2353,51,0.052,29.11,18.95,18.75,30.21,0.0000,0.1600,10.02,0.00,49.70,--,--,0.00,EXECUTING,249,13.234,-0.0190,-0.0100,7.0188,1.3256,-3.1045,0.012
149.709,145.186,0.995,RETURN_HOME,diverged1,8.7835,-1.3630,3.0166,0.081553,0.264654,0.210119,1.648,68,2.2602,4.1318,-0.7823,-0.452,0.00000,8.5661,0.7519,-2.3128,-0.0000,0.1837,0.018,0.4170,0.8950,0.2115,52,0.048,29.23,20.09,18.79,30.27,0.0000,0.1600,9.96,0.00,50.00,--,--,0.00,EXECUTING,249,13.234,-0.0190,-0.0100,7.0188,1.3240,-3.0863,0.008
149.808,145.284,0.995,RETURN_HOME,diverged1,8.7835,-1.3630,3.0166,0.081553,0.264654,0.210119,1.746,68,2.2602,4.1318,-0.7823,-0.454,0.00000,8.5661,0.7519,-2.2964,-0.0000,0.1653,0.016,0.4313,0.9000,0.1961,51,0.046,30.66,20.12,20.08,31.45,0.0000,0.1600,9.96,0.00,50.00,--,--,0.00,EXECUTING,249,13.234,-0.0190,-0.0100,7.0188,1.3226,-3.0695,0.006
149.908,145.382,0.993,RETURN_HOME,diverged1,8.7835,-1.3630,3.0166,0.081553,0.264654,0.210119,1.844,68,2.2602,4.1318,-0.7823,-0.456,0.00000,8.5661,0.7519,-2.2841,-0.0000,0.1251,0.014,0.4100,0.8500,0.2157,51,0.044,30.04,19.15,19.96,29.53,0.0000,1.0000,10.04,0.00,50.00,--,--,0.00,EXECUTING,249,13.234,-0.0190,-0.0100,7.0188,1.3216,-3.0566,0.004
150.008,145.482,0.994,RETURN_HOME,diverged1,8.8284,-1.3971,-3.0220,0.086725,0.272277,0.241891,0.044,69,2.0806,3.9331,-0.7561,-0.456,0.26781,8.5661,0.7519,-2.2599,-0.0000,0.2451,0.014,0.4118,0.9000,0.2549,51,0.044,29.72,19.15,19.11,30.72,0.0000,0.1600,9.98,1.00,50.00,--,--,0.00,EXECUTING,249,13.234,-0.0190,-0.0100,7.0188,1.3199,-3.0327,0.004
150.109,145.578,0.988,RETURN_HOME,diverged1,8.8284,-1.3971,-3.0220,0.086725,0.272277,0.241891,0.140,69,2.0806,3.9331,-0.7561,-0.460,0.00000,8.5661,0.7519,-2.2423,-0.0000,0.1803,0.010,0.4005,0.8950,0.2500,52,0.040,29.72,19.23,19.11,30.72,0.0000,0.1600,10.07,1.00,50.00,--,--,0.00,EXECUTING,249,13.234,-0.0190,-0.0100,7.0188,1.3187,-3.0184,0.020
150.209,145.678,0.986,RETURN_HOME,diverged1,8.8284,-1.3971,-3.0220,0.086725,0.272277,0.241891,0.240,69,2.0806,3.9331,-0.7561,-0.460,0.00000,8.5661,0.7519,-2.2257,-0.0000,0.1666,0.010,0.4251,0.9000,0.1961,51,0.040,29.79,19.23,19.15,30.79,0.0000,0.1600,9.96,1.00,50.00,--,--,0.00,EXECUTING,249,13.234,-0.0190,-0.0100,7.0188,1.3174,-3.0021,0.020
150.309,145.778,0.986,RETURN_HOME,diverged1,8.8284,-1.3971,-3.0220,0.086725,0.272277,0.241891,0.340,69,2.0806,3.9331,-0.7561,-0.460,0.00000,8.5661,0.7519,-2.2092,-0.0000,0.1693,0.010,0.4041,0.8500,0.2353,51,0.040,29.79,19.23,19.19,30.92,0.0000,0.1600,9.91,1.00,50.00,--,--,0.00,EXECUTING,249,13.234,-0.0190,-0.0100,7.0188,1.3161,-2.9860,0.020
150.410,145.878,0.986,RETURN_HOME,diverged1,8.8284,-1.3971,-3.0220,0.086725,0.272277,0.241891,0.440,69,2.0806,3.9331,-0.7561,-0.460,0.00000,8.5661,0.7519,-2.1927,-0.0000,0.1706,0.012,0.4061,0.9000,0.2549,51,0.040,29.66,19.23,19.11,30.72,0.0000,0.1600,9.98,1.00,50.00,--,--,0.00,EXECUTING,249,13.234,-0.0190,-0.0100,7.0188,1.3148,-2.9701,0.020
150.509,145.978,0.986,RETURN_HOME,diverged1,8.8284,-1.3971,-3.0220,0.086725,0.272277,0.241891,0.540,69,2.0806,3.9331,-0.7561,-0.460,0.00000,8.5661,0.7519,-2.1763,-0.0000,0.1804,0.010,0.4383,0.9000,0.1961,51,0.040,29.85,19.23,19.19,30.92,0.0000,0.1600,9.87,1.00,50.00,--,--,0.00,EXECUTING,249,13.234,-0.0190,-0.0100,7.0188,1.3134,-2.9514,0.000
150.609,146.078,0.991,RETURN_HOME,diverged1,8.8284,-1.3971,-3.0220,0.086725,0.272277,0.241891,0.640,69,2.0806,3.9331,-0.7561,-0.460,0.00000,8.5661,0.7519,-2.1595,-0.0000,0.1861,0.010,0.4267,0.8500,0.2200,50,0.040,29.79,19.23,19.15,30.79,0.0000,0.1600,9.98,1.00,50.00,--,--,0.00,EXECUTING,249,13.234,-0.0190,-0.0100,7.0188,1.3122,-2.9356,0.000
150.709,146.170,0.983,RETURN_HOME,diverged1,8.8284,-1.3971,-3.0220,0.086725,0.272277,0.241891,0.732,69,2.0806,3.9331,-0.7561,-0.468,0.00000,8.5661,0.7519,-2.1431,-0.0000,0.1651,0.002,0.4216,0.8500,0.2549,51,0.032,29.72,19.31,19.11,30.79,0.0000,0.1600,10.02,1.00,49.90,--,--,0.00,EXECUTING,249,13.234,-0.0190,-0.0100,7.0188,1.3113,-2.9232,0.012
150.809,146.270,0.986,RETURN_HOME,diverged1,8.8284,-1.3971,-3.0220,0.086725,0.272277,0.241891,0.832,69,2.0806,3.9331,-0.7561,-0.468,0.00000,8.5661,0.7519,-2.1238,-0.0000,0.1989,0.002,0.4255,0.8550,0.2600,50,0.032,29.91,19.27,19.19,30.98,0.0000,0.1600,9.96,1.00,49.90,--,--,0.00,EXECUTING,249,13.234,-0.0190,-0.0100,7.0188,1.3100,-2.9057,0.012
150.909,146.362,0.977,RETURN_HOME,diverged1,8.8284,-1.3971,-3.0220,0.086725,0.272277,0.241891,0.924,69,2.0806,3.9331,-0.7561,-0.476,0.00000,8.5661,0.7519,-2.1092,-0.0000,0.1910,0.014,0.4287,0.8732,0.2353,51,0.024,30.92,20.45,20.26,31.32,0.0000,0.1600,10.04,1.00,50.00,--,--,0.00,EXECUTING,249,13.234,-0.0190,-0.0100,7.0188,1.3088,-2.8889,0.004
151.009,146.462,0.982,RETURN_HOME,diverged1,8.8284,-1.3971,-3.0220,0.086725,0.272277,0.241891,1.024,69,2.0806,3.9331,-0.7561,-0.476,0.00000,8.5661,0.7519,-2.0932,-0.0001,0.1644,0.014,0.4283,0.9050,0.2000,50,0.024,30.84,19.43,20.45,30.21,0.0000,1.0000,9.89,1.00,50.00,--,--,0.00,EXECUTING,249,13.234,-0.0190,-0.0100,7.0189,1.3078,-2.8733,0.004
151.108,146.556,0.978,RETURN_HOME,diverged1,8.8284,-1.3971,-3.0220,0.086725,0.272277,0.241891,1.118,69,2.0806,3.9331,-0.7561,-0.382,0.00000,8.5661,0.7519,-2.0625,-0.0001,0.3107,0.008,0.4130,0.8500,0.2745,51,0.018,30.37,19.39,19.52,31.45,0.0000,0.1600,10.07,0.00,50.00,--,--,0.00,EXECUTING,249,13.234,-0.0190,-0.0100,7.0189,1.3063,-2.8506,0.018
151.209,146.654,0.976,RETURN_HOME,diverged1,8.8113,-1.3855,-2.8500,0.086082,0.293404,0.264189,0.116,70,2.2188,4.1357,-0.7847,-0.484,0.24528,8.5661,0.7519,-2.0453,-0.0000,0.1740,0.006,0.4211,0.8563,0.2800,50,0.016,30.27,19.43,19.87,31.32,0.0000,0.1600,10.04,1.00,50.00,--,--,0.00,EXECUTING,249,13.234,-0.0190,-0.0100,7.0189,1.3053,-2.8345,0.016
151.309,146.752,0.974,RETURN_HOME,diverged1,8.8113,-1.3855,-2.8500,0.086082,0.293404,0.264189,0.214,70,2.2188,4.1357,-0.7847,-0.486,0.00000,8.5661,0.7519,-2.0288,-0.0000,0.1765,0.006,0.4284,0.9000,0.2353,51,0.014,30.57,19.55,19.65,31.73,0.0000,0.1600,10.12,1.00,50.10,--,--,0.00,EXECUTING,249,13.234,-0.0190,-0.0100,7.0189,1.3044,-2.8199,0.014
151.409,146.852,0.975,RETURN_HOME,diverged1,8.8113,-1.3855,-2.8500,0.086082,0.293404,0.264189,0.314,70,2.2188,4.1357,-0.7847,-0.486,0.00000,8.5661,0.7519,-2.0110,-0.0000,0.1755,0.004,0.4205,0.8550,0.2400,50,0.014,30.30,19.51,19.52,31.39,0.0000,0.1600,10.11,1.00,50.00,--,--,0.00,EXECUTING,249,13.234,-0.0190,-0.0100,7.0189,1.3034,-2.8045,0.014
151.508,146.948,0.971,RETURN_HOME,diverged1,8.8113,-1.3855,-2.8500,0.086082,0.293404,0.264189,0.410,70,2.2188,4.1357,-0.7847,-0.390,0.00000,8.5661,0.7519,-1.9960,-0.0001,0.2452,0.020,0.4109,0.8500,0.3137,51,0.010,30.30,19.67,19.48,31.45,0.0000,0.1600,10.14,1.00,50.10,--,--,0.00,EXECUTING,249,13.234,-0.0190,-0.0100,7.0189,1.3025,-2.7880,0.010
151.609,147.048,0.970,RETURN_HOME,diverged1,8.8113,-1.3855,-2.8500,0.086082,0.293404,0.264189,0.510,70,2.2188,4.1357,-0.7847,-0.390,0.00000,8.5661,0.7519,-1.9776,-0.0000,0.1924,0.020,0.4031,0.8500,0.1800,50,0.010,30.43,19.59,19.57,31.59,0.0000,0.1600,10.02,1.00,50.00,--,--,0.00,EXECUTING,249,13.234,-0.0190,-0.0100,7.0189,1.3016,-2.7729,0.010
151.710,147.138,0.964,RETURN_HOME,diverged1,8.8113,-1.3855,-2.8500,0.086082,0.293404,0.264189,0.600,70,2.2188,4.1357,-0.7847,-0.400,0.00000,8.5661,0.7519,-1.9601,-0.0001,0.1963,0.010,0.4035,0.8550,0.2000,50,0.100,29.91,19.51,19.23,30.98,0.0000,0.1600,10.00,1.00,50.10,--,--,0.00,EXECUTING,249,13.234,-0.0190,-0.0100,7.0189,1.3008,-2.7581,0.000
151.809,147.246,0.976,RETURN_HOME,diverged1,8.8113,-1.3855,-2.8500,0.086082,0.293404,0.264189,0.708,70,2.2188,4.1357,-0.7847,-0.392,0.00000,8.5661,0.7519,-1.9441,0.0000,0.1661,0.018,0.4072,0.8016,0.1765,51,0.108,30.57,19.51,19.69,31.12,0.0000,0.1600,9.98,1.00,50.00,--,--,0.00,EXECUTING,249,13.234,-0.0190,-0.0100,7.0189,1.3001,-2.7446,0.008
151.909,147.346,0.984,RETURN_HOME,diverged1,8.8113,-1.3855,-2.8500,0.086082,0.293404,0.264189,0.808,70,2.2188,4.1357,-0.7847,-0.392,0.00000,8.5661,0.7519,-1.9281,0.0000,0.1640,0.020,0.4204,0.9000,0.1429,49,0.008,30.63,19.35,19.69,32.75,0.0000,0.1600,10.04,1.00,50.00,--,--,0.00,EXECUTING,249,13.234,-0.0190,-0.0100,7.0189,1.2994,-2.7312,0.008
152.009,147.442,0.980,RETURN_HOME,diverged1,8.8113,-1.3855,-2.8500,0.086082,0.293404,0.264189,0.904,70,2.2188,4.1357,-0.7847,-0.396,0.00000,8.5662,0.7519,-1.9112,-0.0001,0.1874,0.014,0.4203,0.8600,0.2245,49,0.104,31.05,20.37,20.34,32.49,0.0000,0.1600,10.04,1.00,50.00,--,--,0.00,EXECUTING,249,13.234,-0.0190,-0.0100,7.0189,1.2987,-2.7172,0.004
152.109,147.542,0.986,RETURN_HOME,diverged1,8.8113,-1.3855,-2.8500,0.086082,0.293404,0.264189,1.004,70,2.2188,4.1357,-0.7847,-0.396,0.00000,8.5662,0.7519,-1.8958,-0.0003,0.1611,0.014,0.3993,0.8500,0.2400,50,0.104,30.63,19.31,20.32,31.19,0.0000,1.0000,10.00,1.00,50.00,--,--,0.00,EXECUTING,249,13.234,-0.0190,-0.0100,7.0190,1.2981,-2.7039,0.004
152.208,147.642,0.988,RETURN_HOME,diverged1,8.8113,-1.3855,-2.8500,0.086082,0.293404,0.264189,1.104,70,2.2188,4.1357,-0.7847,-0.396,0.00000,8.5662,0.7520,-1.8650,-0.0011,0.3124,0.014,0.3942,0.8100,0.3200,50,0.104,29.66,19.27,19.03,31.78,0.0000,0.1600,10.07,0.00,50.00,--,--,0.00,EXECUTING,249,13.234,-0.0190,-0.0100,7.0192,1.2971,-2.6799,0.004
152.309,147.742,0.988,RETURN_HOME,diverged1,8.7898,-1.3816,-2.6647,0.082079,0.298700,0.253689,0.104,71,2.2904,4.2490,-0.8015,-0.396,0.13398,8.5662,0.7520,-1.8483,-0.0000,0.1734,0.014,0.3998,0.9000,0.2549,51,0.104,29.72,19.19,19.11,31.78,0.0000,0.1600,9.98,1.00,49.90,--,--,0.00,EXECUTING,249,13.234,-0.0190,-0.0100,7.0192,1.2966,-2.6668,0.004
152.409,147.842,0.993,RETURN_HOME,diverged1,8.7898,-1.3816,-2.6647,0.082079,0.298700,0.253689,0.204,71,2.2904,4.2490,-0.8015,-0.396,0.00000,8.5662,0.7520,-1.8320,-0.0000,0.1707,0.014,0.3938,0.9000,0.3061,49,0.104,29.79,19.19,19.15,31.91,0.0000,0.1600,10.00,1.00,49.90,--,--,0.00,EXECUTING,249,13.234,-0.0190,-0.0100,7.0192,1.2961,-2.6538,0.004
152.509,147.942,0.994,RETURN_HOME,diverged1,8.7898,-1.3816,-2.6647,0.082079,0.298700,0.253689,0.304,71,2.2904,4.2490,-0.8015,-0.396,0.00000,8.5662,0.7520,-1.8156,-0.0001,0.1694,0.014,0.3887,0.8500,0.3200,50,0.104,29.60,19.15,19.07,31.78,0.0000,0.1600,9.98,1.00,50.00,--,--,0.00,EXECUTING,249,13.234,-0.0190,-0.0100,7.0192,1.2956,-2.6409,0.004
152.609,148.042,1.005,RETURN_HOME,diverged1,8.7898,-1.3816,-2.6647,0.082079,0.298700,0.253689,0.404,71,2.2904,4.2490,-0.8015,-0.396,0.00000,8.5662,0.7521,-1.7994,-0.0000,0.1816,0.014,0.3814,0.8003,0.3061,49,0.104,29.66,19.11,19.07,31.85,0.0000,0.1600,10.00,1.00,50.00,--,--,0.00,EXECUTING,249,13.234,-0.0190,-0.0100,7.0192,1.2952,-2.6282,0.004
152.709,148.142,1.005,RETURN_HOME,diverged1,8.7898,-1.3816,-2.6647,0.082079,0.298700,0.253689,0.504,71,2.2904,4.2490,-0.8015,-0.396,0.00000,8.5662,0.7521,-1.7830,-0.0001,0.1645,0.014,0.3784,0.8003,0.2449,49,0.104,29.60,19.15,18.99,31.65,0.0000,0.1600,9.98,1.00,50.10,--,--,0.00,EXECUTING,249,13.234,-0.0190,-0.0100,7.0192,1.2948,-2.6155,0.004
152.809,148.242,0.997,RETURN_HOME,diverged1,8.7898,-1.3816,-2.6647,0.082079,0.298700,0.253689,0.604,71,2.2904,4.2490,-0.8015,-0.396,0.00000,8.5662,0.7521,-1.7668,-0.0000,0.1675,0.014,0.3812,0.8100,0.2400,50,0.104,29.60,19.03,19.11,31.25,0.0000,0.1600,10.02,1.00,50.00,--,--,0.00,EXECUTING,249,13.234,-0.0190,-0.0100,7.0192,1.2944,-2.6029,0.004
152.909,148.342,0.997,RETURN_HOME,diverged1,8.7898,-1.3816,-2.6647,0.082079,0.298700,0.253689,0.704,71,2.2904,4.2490,-0.8015,-0.396,0.00000,8.5662,0.7521,-1.7504,-0.0001,0.1658,0.014,0.3847,0.8100,0.2653,49,0.104,29.60,19.03,18.99,30.66,0.0000,0.1600,10.00,1.00,50.00,--,--,0.00,EXECUTING,249,13.234,-0.0190,-0.0100,7.0192,1.2941,-2.5904,0.004
153.008,148.442,1.000,RETURN_HOME,diverged1,8.7898,-1.3816,-2.6647,0.082079,0.298700,0.253689,0.804,71,2.2904,4.2490,-0.8015,-0.396,0.00000,8.5662,0.7521,-1.7341,-0.0000,0.1648,0.014,0.3783,0.8500,0.2653,49,0.104,29.72,20.00,19.15,30.92,0.0000,0.1600,9.96,1.00,50.00,--,--,0.00,EXECUTING,249,13.234,-0.0190,-0.0100,7.0192,1.2938,-2.5780,0.004
153.109,148.538,0.994,RETURN_HOME,diverged1,8.7898,-1.3816,-2.6647,0.082079,0.298700,0.253689,0.900,71,2.2904,4.2490,-0.8015,-0.400,0.00000,8.5662,0.7521,-1.7178,-0.0001,0.1698,0.012,0.3595,0.7610,0.3200,50,0.100,31.05,20.04,20.34,31.12,0.0000,0.1600,10.02,1.00,50.10,--,--,0.00,EXECUTING,249,13.234,-0.0190,-0.0100,7.0193,1.2935,-2.5657,0.000
153.209,148.640,0.998,RETURN_HOME,diverged1,8.7898,-1.3816,-2.6647,0.082079,0.298700,0.253689,1.002,71,2.2904,4.2490,-0.8015,-0.398,0.00000,8.5662,0.7521,-1.7028,-0.0007,0.1477,0.012,0.3622,0.7500,0.2857,49,0.102,30.17,18.99,20.00,29.65,0.0000,1.0000,9.98,1.00,50.00,--,--,0.00,EXECUTING,249,13.234,-0.0190,-0.0100,7.0194,1.2934,-2.5542,0.002
153.309,148.738,0.995,RETURN_HOME,diverged1,8.7898,-1.3816,-2.6647,0.082079,0.298700,0.253689,1.100,71,2.2904,4.2490,-0.8015,-0.400,0.00000,8.5662,0.7524,-1.6772,-0.0033,0.3870,0.016,0.3664,0.7500,0.3265,49,0.100,29.91,19.03,19.27,31.05,0.0000,0.1600,10.07,0.00,50.00,--,--,0.00,EXECUTING,249,13.234,-0.0190,-0.0100,7.0197,1.2933,-2.5392,0.020
153.409,148.838,0.995,RETURN_HOME,diverged1,8.7898,-1.3816,-2.6647,0.082079,0.298700,0.253689,1.200,71,2.2904,4.2490,-0.8015,-0.400,0.00000,8.5662,0.7525,-1.6614,-0.0009,0.1533,0.010,0.3602,0.7500,0.3137,51,0.100,29.85,19.03,19.23,30.92,0.0000,0.1600,9.98,0.00,50.00,--,--,0.00,EXECUTING,249,13.234,-0.0190,-0.0100,7.0199,1.2932,-2.5279,0.020
153.509,148.934,0.991,RETURN_HOME,diverged1,8.7814,-1.3887,-2.4786,0.078544,0.294782,0.240777,0.096,72,2.3800,4.3532,-0.8188,-0.404,0.13742,8.5663,0.7526,-1.6444,-0.0012,0.1713,0.006,0.3613,0.7700,0.3061,49,0.096,29.79,19.15,19.15,30.92,0.0000,0.1600,10.07,1.00,50.00,--,--,0.00,EXECUTING,249,13.234,-0.0190,-0.0100,7.0201,1.2932,-2.5162,0.016
153.609,149.034,0.993,RETURN_HOME,diverged1,8.7814,-1.3887,-2.4786,0.078544,0.294782,0.240777,0.196,72,2.3800,4.3532,-0.8188,-0.404,0.00000,8.5663,0.7527,-1.6288,-0.0009,0.1620,0.006,0.3810,0.7600,0.3200,50,0.096,30.04,19.15,19.27,31.18,0.0000,0.1600,10.07,1.00,49.90,--,--,0.00,EXECUTING,249,13.234,-0.0190,-0.0100,7.0202,1.2932,-2.5051,0.016
153.709,149.132,0.990,RETURN_HOME,diverged1,8.7814,-1.3887,-2.4786,0.078544,0.294782,0.240777,0.294,72,2.3800,4.3532,-0.8188,-0.406,0.00000,8.5663,0.7527,-1.6096,-0.0008,0.1971,0.004,0.3468,0.7550,0.4200,50,0.094,29.85,19.19,19.19,30.98,0.0000,0.1600,9.87,1.00,50.00,--,--,0.00,EXECUTING,249,13.234,-0.0190,-0.0100,7.0203,1.2932,-2.4920,0.014
153.809,149.232,0.989,RETURN_HOME,diverged1,8.7814,-1.3887,-2.4786,0.078544,0.294782,0.240777,0.394,72,2.3800,4.3532,-0.8188,-0.406,0.00000,8.5663,0.7528,-1.5924,-0.0004,0.1774,0.006,0.3512,0.7500,0.3878,49,0.094,29.79,19.19,19.15,30.79,0.0000,0.1600,10.02,1.00,50.00,--,--,0.00,EXECUTING,249,13.234,-0.0190,-0.0100,7.0204,1.2932,-2.4796,0.014
153.909,149.330,0.986,RETURN_HOME,diverged1,8.7814,-1.3887,-2.4786,0.078544,0.294782,0.240777,0.492,72,2.3800,4.3532,-0.8188,-0.408,0.00000,8.5663,0.7528,-1.5728,-0.0002,0.2316,0.010,0.3538,0.7500,0.3400,50,0.092,29.85,19.31,19.15,30.85,0.0000,0.1600,9.85,1.00,50.10,--,--,0.00,EXECUTING,249,13.234,-0.0190,-0.0100,7.0204,1.2932,-2.4661,0.012
154.009,149.432,0.994,RETURN_HOME,diverged1,8.7814,-1.3887,-2.4786,0.078544,0.294782,0.240777,0.594,72,2.3800,4.3532,-0.8188,-0.406,0.00000,8.5663,0.7528,-1.5549,0.0000,0.1707,0.004,0.3538,0.7500,0.3137,51,0.094,29.79,19.19,19.15,30.79,0.0000,0.1600,10.00,1.00,50.10,--,--,0.00,EXECUTING,249,13.234,-0.0190,-0.0100,7.0204,1.2932,-2.4531,0.014
154.109,149.514,0.977,RETURN_HOME,diverged1,8.7814,-1.3887,-2.4786,0.078544,0.294782,0.240777,0.676,72,2.3800,4.3532,-0.8188,-0.424,0.00000,8.5663,0.7528,-1.5417,0.0000,0.1733,0.008,0.3719,0.8500,0.3265,49,0.076,30.57,19.43,19.65,31.66,0.0000,0.1600,10.02,1.00,49.90,--,--,0.00,EXECUTING,249,13.234,-0.0190,-0.0100,7.0205,1.2932,-2.4436,0.016
154.209,149.620,0.981,RETURN_HOME,diverged1,8.7814,-1.3887,-2.4786,0.078544,0.294782,0.240777,0.782,72,2.3800,4.3532,-0.8188,-0.418,0.00000,8.5663,0.7528,-1.5253,0.0000,0.1687,0.012,0.3539,0.8000,0.3600,50,0.082,31.52,20.41,20.65,31.98,0.0000,0.1600,9.96,1.00,50.00,--,--,0.00,EXECUTING,249,13.234,-0.0190,-0.0100,7.0206,1.2932,-2.4294,0.002
154.309,149.710,0.973,RETURN_HOME,diverged1,8.7814,-1.3887,-2.4786,0.078544,0.294782,0.240777,0.872,72,2.3800,4.3532,-0.8188,-0.428,0.00000,8.5663,0.7528,-1.5085,0.0000,0.1680,0.002,0.3451,0.7500,0.4082,49,0.072,31.11,19.55,20.45,30.46,0.0000,1.0000,10.04,1.00,50.00,--,--,0.00,EXECUTING,249,13.234,-0.0190,-0.0100,7.0207,1.2932,-2.4203,0.012
154.408,149.810,0.973,RETURN_HOME,diverged1,8.7814,-1.3887,-2.4786,0.078544,0.294782,0.240777,0.972,72,2.3800,4.3532,-0.8188,-0.428,0.00000,8.5663,0.7528,-1.4866,-0.0000,0.2371,0.002,0.3376,0.7500,0.3800,50,0.072,30.63,19.55,19.65,31.80,0.0000,0.1600,9.93,1.00,50.00,--,--,0.00,EXECUTING,249,13.234,-0.0190,-0.0100,7.0209,1.2932,-2.4031,0.012
154.509,149.902,0.968,RETURN_HOME,diverged1,8.7814,-1.3887,-2.4786,0.078544,0.294782,0.240777,1.064,72,2.3800,4.3532,-0.8188,-0.436,0.00000,8.5663,0.7528,-1.4734,-0.0000,0.1640,0.014,0.3465,0.7500,0.3725,51,0.064,30.50,19.59,19.57,31.32,0.0000,0.1600,9.98,0.00,49.90,--,--,0.00,EXECUTING,249,13.234,-0.0190,-0.0100,7.0211,1.2932,-2.3907,0.004
154.609,150.002,0.966,RETURN_HOME,diverged1,8.7814,-1.3887,-2.4786,0.078544,0.294782,0.240777,1.164,72,2.3800,4.3532,-0.8188,-0.436,0.00000,8.5663,0.7528,-1.4555,-0.0000,0.1846,0.014,0.3510,0.7700,0.3878,49,0.064,30.50,19.63,19.57,31.59,0.0000,0.1600,10.11,0.00,50.10,--,--,0.00,EXECUTING,249,13.234,-0.0190,-0.0100,7.0212,1.2932,-2.3771,0.004
154.709,150.098,0.966,RETURN_HOME,diverged1,8.7722,-1.3789,-2.2899,0.074969,0.300382,0.232599,0.060,73,2.5082,4.5125,-0.8424,-0.440,0.20452,8.5663,0.7528,-1.4391,-0.0000,0.1640,0.010,0.3614,0.8000,0.4000,50,0.060,30.27,19.63,19.87,31.32,0.0000,0.1600,9.98,1.00,50.00,--,--,0.00,EXECUTING,249,13.234,-0.0190,-0.0100,7.0212,1.2932,-2.3643,0.000
154.809,150.198,0.966,RETURN_HOME,diverged1,8.7722,-1.3789,-2.2899,0.074969,0.300382,0.232599,0.160,73,2.5082,4.5125,-0.8424,-0.440,0.00000,8.5663,0.7528,-1.4227,-0.0000,0.1667,0.010,0.3354,0.7500,0.4600,50,0.060,30.33,19.67,19.87,31.38,0.0000,0.1600,10.14,1.00,50.00,--,--,0.00,EXECUTING,249,13.234,-0.0190,-0.0100,7.0212,1.2932,-2.3515,0.000
154.910,150.296,0.959,RETURN_HOME,diverged1,8.7722,-1.3789,-2.2899,0.074969,0.300382,0.232599,0.258,73,2.5082,4.5125,-0.8424,-0.442,0.00000,8.5663,0.7528,-1.4063,0.0000,0.1640,0.008,0.3334,0.7500,0.4200,50,0.058,30.40,19.59,19.92,31.38,0.0000,0.1600,9.98,1.00,50.00,--,--,0.00,EXECUTING,249,13.234,-0.0190,-0.0100,7.0212,1.2932,-2.3412,0.018
155.009,150.398,0.982,RETURN_HOME,diverged1,8.7722,-1.3789,-2.2899,0.074969,0.300382,0.232599,0.360,73,2.5082,4.5125,-0.8424,-0.440,0.00000,8.5663,0.7528,-1.3898,-0.0000,0.1863,0.010,0.3458,0.7500,0.3725,51,0.060,30.33,19.71,19.87,31.45,0.0000,0.1600,10.00,1.00,50.00,--,--,0.00,EXECUTING,249,13.234,-0.0190,-0.0100,7.0212,1.2933,-2.3285,0.020
155.109,150.494,0.971,RETURN_HOME,diverged1,8.7722,-1.3789,-2.2899,0.074969,0.300382,0.232599,0.456,73,2.5082,4.5125,-0.8424,-0.444,0.00000,8.5663,0.7528,-1.3722,0.0000,0.1760,0.006,0.3507,0.8050,0.4000,50,0.056,30.46,19.47,19.92,31.45,0.0000,0.1600,10.02,1.00,50.00,--,--,0.00,EXECUTING,249,13.234,-0.0190,-0.0100,7.0212,1.2934,-2.3151,0.016
155.209,150.590,0.970,RETURN_HOME,diverged1,8.7722,-1.3789,-2.2899,0.074969,0.300382,0.232599,0.552,73,2.5082,4.5125,-0.8424,-0.448,0.00000,8.5663,0.7528,-1.3546,0.0000,0.1760,0.002,0.3330,0.7500,0.4286,49,0.052,30.37,19.63,19.48,31.45,0.0000,0.1600,10.00,1.00,50.00,--,--,0.00,EXECUTING,249,13.234,-0.0190,-0.0100,7.0212,1.2935,-2.3019,0.012
155.309,150.690,0.980,RETURN_HOME,diverged1,8.7722,-1.3789,-2.2899,0.074969,0.300382,0.232599,0.652,73,2.5082,4.5125,-0.8424,-0.448,0.00000,8.5663,0.7528,-1.3372,-0.0000,0.1747,0.002,0.3390,0.8000,0.4400,50,0.052,30.79,20.41,20.17,31.65,0.0000,0.1600,10.00,1.00,50.00,--,--,0.00,EXECUTING,249,13.234,-0.0190,-0.0100,7.0212,1.2937,-2.2891,0.012
155.410,150.788,0.984,RETURN_HOME,diverged1,8.7722,-1.3789,-2.2899,0.074969,0.300382,0.232599,0.750,73,2.5082,4.5125,-0.8424,-0.450,0.00000,8.5663,0.7528,-1.3274,-0.0000,0.0982,0.000,0.3352,0.7600,0.4286,49,0.050,30.50,19.43,20.45,29.96,0.0000,1.0000,10.00,1.00,50.00,--,--,0.00,EXECUTING,249,13.234,-0.0190,-0.0100,7.0212,1.2937,-2.2821,0.010
155.508,150.890,0.988,RETURN_HOME,diverged1,8.7722,-1.3789,-2.2899,0.074969,0.300382,0.232599,0.852,73,2.5082,4.5125,-0.8424,-0.448,0.00000,8.5663,0.7528,-1.3067,0.0000,0.2131,0.002,0.3259,0.7500,0.4314,51,0.052,29.91,19.23,19.15,30.92,0.0000,0.1600,10.02,1.00,50.10,--,--,0.00,EXECUTING,249,13.234,-0.0190,-0.0100,7.0212,1.2938,-2.2673,0.012
155.609,150.990,0.988,RETURN_HOME,diverged1,8.7722,-1.3789,-2.2899,0.074969,0.300382,0.232599,0.952,73,2.5082,4.5125,-0.8424,-0.448,0.00000,8.5663,0.7528,-1.2891,-0.0000,0.1821,0.002,0.3382,0.7500,0.3922,51,0.052,29.85,19.23,19.19,30.98,0.0000,0.1600,10.02,1.00,50.10,--,--,0.00,EXECUTING,249,13.234,-0.0190,-0.0100,7.0212,1.2938,-2.2544,0.012
155.709,151.088,0.989,RETURN_HOME,diverged1,8.7722,-1.3789,-2.2899,0.074969,0.300382,0.232599,1.050,73,2.5082,4.5125,-0.8424,-0.450,0.00000,8.5663,0.7528,-1.2747,0.0000,0.1759,0.020,0.3421,0.8000,0.4118,51,0.050,29.79,19.19,19.19,30.92,0.0000,0.1600,10.00,0.00,50.00,--,--,0.00,EXECUTING,249,13.234,-0.0190,-0.0100,7.0212,1.2938,-2.2420,0.010
155.809,151.188,0.992,RETURN_HOME,diverged1,8.7722,-1.3789,-2.2899,0.074969,0.300382,0.232599,1.150,73,2.5082,4.5125,-0.8424,-0.450,0.00000,8.5663,0.7528,-1.2573,0.0002,0.2044,0.026,0.3521,0.8000,0.4286,49,0.050,29.85,19.23,19.19,30.98,0.0000,0.1600,10.02,0.00,50.31,--,--,0.00,EXECUTING,249,13.234,-0.0190,-0.0100,7.0212,1.2938,-2.2295,0.010
155.909,151.288,0.993,RETURN_HOME,diverged1,8.7790,-1.3811,-2.1238,0.067705,0.282733,0.220384,0.050,74,2.7272,4.7281,-0.8778,-0.450,0.30725,8.5663,0.7527,-1.2413,0.0004,0.1527,0.020,0.3416,0.8000,0.4400,50,0.050,30.37,19.15,19.65,30.86,0.0000,0.1600,9.96,1.00,50.00,--,--,0.00,EXECUTING,249,13.234,-0.0190,-0.0100,7.0212,1.2937,-2.2185,0.010
156.009,151.388,0.990,RETURN_HOME,diverged1,8.7790,-1.3811,-2.1238,0.067705,0.282733,0.220384,0.150,74,2.7272,4.7281,-0.8778,-0.450,0.00000,8.5663,0.7527,-1.2241,0.0008,0.1812,0.022,0.3351,0.8000,0.4600,50,0.050,29.72,19.15,19.11,31.85,0.0000,0.1600,9.93,1.00,50.10,--,--,0.00,EXECUTING,249,13.234,-0.0190,-0.0100,7.0213,1.2936,-2.2063,0.010
156.108,151.484,0.991,RETURN_HOME,diverged1,8.7790,-1.3811,-2.1238,0.067705,0.282733,0.220384,0.246,74,2.7272,4.7281,-0.8778,-0.454,0.00000,8.5663,0.7526,-1.2086,0.0008,0.1540,0.016,0.3418,0.7762,0.3922,51,0.046,29.85,19.19,19.19,31.25,0.0000,0.1600,9.98,1.00,50.00,--,--,0.00,EXECUTING,249,13.234,-0.0190,-0.0100,7.0213,1.2934,-2.1955,0.006
156.209,151.586,0.996,RETURN_HOME,diverged1,8.7790,-1.3811,-2.1238,0.067705,0.282733,0.220384,0.348,74,2.7272,4.7281,-0.8778,-0.452,0.00000,8.5664,0.7525,-1.1918,0.0012,0.1738,0.018,0.3495,0.7826,0.4314,51,0.048,29.23,19.03,18.83,32.43,0.0000,0.1600,10.00,1.00,50.00,--,--,0.00,EXECUTING,249,13.234,-0.0190,-0.0100,7.0213,1.2933,-2.1837,0.008
156.309,151.686,0.999,RETURN_HOME,diverged1,8.7790,-1.3811,-2.1238,0.067705,0.282733,0.220384,0.448,74,2.7272,4.7281,-0.8778,-0.452,0.00000,8.5664,0.7524,-1.1737,0.0011,0.1841,0.018,0.3503,0.8100,0.4286,49,0.048,29.85,20.04,19.23,33.12,0.0000,1.0000,9.98,1.00,50.00,--,--,0.00,EXECUTING,249,13.234,-0.0190,-0.0100,7.0213,1.2931,-2.1700,0.008
156.408,151.786,0.999,RETURN_HOME,diverged1,8.7790,-1.3811,-2.1238,0.067705,0.282733,0.220384,0.548,74,2.7272,4.7281,-0.8778,-0.452,0.00000,8.5665,0.7522,-1.1387,0.0020,0.3711,0.022,0.3439,0.8000,0.4400,50,0.048,30.98,20.08,20.30,33.07,0.0000,0.3200,10.02,1.00,50.20,--,--,0.00,EXECUTING,249,13.234,-0.0190,-0.0100,7.0215,1.2928,-2.1449,0.008
156.508,151.886,0.996,RETURN_HOME,diverged1,8.7790,-1.3811,-2.1238,0.067705,0.282733,0.220384,0.648,74,2.7272,4.7281,-0.8778,-0.452,0.00000,8.5666,0.7521,-1.1077,0.0015,0.3129,0.018,0.3319,0.7762,0.4510,51,0.048,31.05,20.08,20.30,33.47,0.0000,0.3200,9.96,1.00,50.00,--,--,0.00,EXECUTING,249,13.234,-0.0190,-0.0100,7.0219,1.2925,-2.1221,0.008
156.609,151.984,0.994,RETURN_HOME,diverged1,8.7790,-1.3811,-2.1238,0.067705,0.282733,0.220384,0.746,74,2.7272,4.7281,-0.8778,-0.454,0.00000,8.5666,0.7520,-1.0746,0.0013,0.3355,0.016,0.3461,0.8000,0.4314,51,0.046,30.21,20.12,19.79,34.45,0.0000,0.3200,10.09,1.00,50.00,--,--,0.00,EXECUTING,249,13.234,-0.0190,-0.0100,7.0224,1.2923,-2.0972,0.006
156.709,152.084,0.996,RETURN_HOME,diverged1,8.7790,-1.3811,-2.1238,0.067705,0.282733,0.220384,0.846,74,2.7272,4.7281,-0.8778,-0.454,0.00000,8.5666,0.7519,-1.0416,0.0003,0.3337,0.016,0.3414,0.8000,0.4706,51,0.046,30.72,20.13,20.08,34.96,0.0000,0.3200,9.96,1.00,50.10,--,--,0.00,EXECUTING,249,13.234,-0.0190,-0.0100,7.0232,1.2923,-2.0718,0.006
156.809,152.176,0.988,RETURN_HOME,diverged1,8.7930,-1.3711,-1.9233,0.061053,0.273866,0.199681,0.038,75,2.9056,4.8972,-0.9043,-0.462,0.24586,8.5666,0.7519,-1.0093,0.0000,0.3635,0.008,0.3447,0.8328,0.4400,50,0.038,30.61,20.20,20.45,34.76,0.0000,0.3200,10.11,1.12,50.00,--,--,0.00,EXECUTING,249,13.234,-0.0190,-0.0100,7.0240,1.2923,-2.0513,0.018
156.908,152.276,0.988,RETURN_HOME,diverged1,8.7930,-1.3711,-1.9233,0.061053,0.273866,0.199681,0.138,75,2.9056,4.8972,-0.9043,-0.462,0.00000,8.5666,0.7519,-0.9772,0.0000,0.3569,0.008,0.3357,0.8000,0.4490,49,0.038,30.98,20.24,20.30,34.88,0.0000,0.3200,10.00,1.00,50.00,--,--,0.00,EXECUTING,249,13.234,-0.0190,-0.0100,7.0251,1.2923,-2.0254,0.018
157.009,152.376,0.991,RETURN_HOME,diverged1,8.7930,-1.3711,-1.9233,0.061053,0.273866,0.199681,0.238,75,2.9056,4.8972,-0.9043,-0.462,0.00000,8.5666,0.7519,-0.9449,0.0000,0.3233,0.008,0.3355,0.8272,0.4600,50,0.038,30.74,20.24,20.45,33.67,0.0000,0.3200,9.87,1.00,49.90,--,--,0.00,EXECUTING,249,13.234,-0.0190,-0.0100,7.0263,1.2923,-1.9990,0.018
157.109,152.476,0.989,RETURN_HOME,diverged1,8.7930,-1.3711,-1.9233,0.061053,0.273866,0.199681,0.338,75,2.9056,4.8972,-0.9043,-0.462,0.00000,8.5666,0.7519,-0.9125,0.0000,0.3234,0.008,0.3417,0.8050,0.4000,50,0.038,30.79,20.16,20.21,33.68,0.0000,0.3200,10.00,1.00,50.00,--,--,0.00,EXECUTING,249,13.234,-0.0190,-0.0100,7.0276,1.2922,-1.9721,0.018
157.209,152.576,0.989,RETURN_HOME,diverged1,8.7930,-1.3711,-1.9233,0.061053,0.273866,0.199681,0.438,75,2.9056,4.8972,-0.9043,-0.462,0.00000,8.5666,0.7519,-0.8810,0.0000,0.3209,0.008,0.3295,0.8006,0.4400,50,0.038,30.61,20.20,20.41,32.72,0.0000,0.3200,9.91,1.00,50.00,--,--,0.00,EXECUTING,249,13.234,-0.0190,-0.0100,7.0290,1.2922,-1.9455,0.018
157.308,152.676,0.990,RETURN_HOME,diverged1,8.7930,-1.3711,-1.9233,0.061053,0.273866,0.199681,0.538,75,2.9056,4.8972,-0.9043,-0.462,0.00000,8.5668,0.7518,-0.8499,0.0022,0.3134,0.008,0.3258,0.7915,0.4400,50,0.038,30.85,20.20,20.17,34.04,0.0000,0.3200,9.91,1.00,50.10,--,--,0.00,EXECUTING,237,12.322,-0.0190,-0.0100,7.0305,1.2920,-1.9187,0.018
157.409,152.768,0.979,RETURN_HOME,diverged1,8.7930,-1.3711,-1.9233,0.061053,0.273866,0.199681,0.630,75,2.9056,4.8972,-0.9043,-0.470,0.00000,8.5668,0.7517,-0.8263,0.0001,0.2737,0.000,0.3322,0.8500,0.3922,51,0.030,30.85,20.17,20.21,33.68,0.0000,0.0000,10.04,1.00,50.00,--,--,0.00,EXECUTING,237,12.322,-0.0190,-0.0100,7.0315,1.2920,-1.8964,0.010
157.509,152.870,0.984,RETURN_HOME,diverged1,8.7930,-1.3711,-1.9233,0.061053,0.273866,0.199681,0.732,75,2.9056,4.8972,-0.9043,-0.468,0.00000,8.5668,0.7517,-0.8307,-0.0000,-0.0436,0.002,0.3261,0.8050,0.4200,50,0.032,29.41,18.33,20.48,32.05,0.0000,-1.0000,9.96,1.00,49.90,--,--,0.00,EXECUTING,237,12.322,-0.0190,-0.0100,7.0315,1.2920,-1.8978,0.012
157.609,152.964,0.978,RETURN_HOME,diverged1,8.7930,-1.3711,-1.9233,0.061053,0.273866,0.199681,0.826,75,2.9056,4.8972,-0.9043,-0.474,0.00000,8.5668,0.7518,-0.8446,-0.0000,-0.1774,0.018,0.3276,0.8000,0.3725,51,0.026,28.60,18.40,17.97,30.72,0.0000,-0.1600,10.02,1.00,49.90,--,--,0.00,EXECUTING,237,12.322,-0.0190,-0.0100,7.0306,1.2920,-1.9128,0.006
157.709,153.064,0.986,RETURN_HOME,diverged1,8.7930,-1.3711,-1.9233,0.061053,0.273866,0.199681,0.926,75,2.9056,4.8972,-0.9043,-0.474,0.00000,8.5668,0.7518,-0.8618,-0.0000,-0.1711,0.016,0.3260,0.7915,0.4200,50,0.026,29.35,18.37,18.48,31.45,0.0000,-1.0000,9.91,1.00,50.00,--,--,0.00,EXECUTING,237,12.322,-0.0190,-0.0100,7.0297,1.2920,-1.9286,0.006
157.809,153.154,0.978,RETURN_HOME,diverged1,8.7930,-1.3711,-1.9233,0.061053,0.273866,0.199681,1.016,75,2.9056,4.8972,-0.9043,-0.484,0.00000,8.5669,0.7517,-0.8949,0.0011,-0.3335,0.006,0.3129,0.7600,0.4490,49,0.016,28.63,18.37,18.37,30.61,0.0000,-0.3200,10.07,1.00,50.00,--,--,0.00,EXECUTING,237,12.322,-0.0190,-0.0100,7.0284,1.2919,-1.9513,0.016
157.909,153.254,0.975,RETURN_HOME,diverged1,8.7930,-1.3711,-1.9233,0.061053,0.273866,0.199681,1.116,75,2.9056,4.8972,-0.9043,-0.484,0.00000,8.5670,0.7515,-0.9276,0.0021,-0.3325,0.006,0.3253,0.7500,0.4706,51,0.016,29.03,18.44,18.28,31.18,0.0000,-0.3200,10.09,0.00,49.90,--,--,0.00,EXECUTING,237,12.322,-0.0190,-0.0100,7.0270,1.2918,-1.9782,0.016
158.009,153.348,0.969,RETURN_HOME,diverged1,8.7930,-1.3711,-1.9233,0.061053,0.273866,0.199681,1.210,75,2.9056,4.8972,-0.9043,-0.390,0.00000,8.5671,0.7513,-0.9537,0.0020,-0.3429,0.020,0.3311,0.8000,0.4600,50,0.010,28.54,18.60,17.97,30.72,0.0000,-0.3200,10.14,0.00,50.00,--,--,0.00,EXECUTING,237,12.322,-0.0190,-0.0100,7.0256,1.2917,-2.0048,0.010
158.109,153.448,0.969,RETURN_HOME,diverged1,8.7930,-1.3711,-1.9233,0.061053,0.273866,0.199681,1.310,75,2.9056,4.8972,-0.9043,-0.390,0.00000,8.5672,0.7512,-0.9861,0.0013,-0.3266,0.020,0.3277,0.7961,0.4490,49,0.010,29.41,18.52,18.40,31.59,0.0000,-0.3200,10.11,0.00,50.10,--,--,0.00,EXECUTING,237,12.322,-0.0190,-0.0100,7.0245,1.2916,-2.0306,0.010
158.209,153.538,0.962,RETURN_HOME,diverged1,8.7930,-1.3711,-1.9233,0.061053,0.273866,0.199681,1.400,75,2.9056,4.8972,-0.9043,-0.400,0.00000,8.5673,0.7511,-1.0179,0.0012,-0.3215,0.010,0.3241,0.7700,0.4694,49,0.100,28.72,18.60,18.09,30.85,0.0000,-0.3200,10.11,0.00,50.00,--,--,0.00,EXECUTING,237,12.322,-0.0190,-0.0100,7.0234,1.2916,-2.0558,0.000
158.309,153.638,0.967,RETURN_HOME,diverged1,8.7930,-1.3711,-1.9233,0.061053,0.273866,0.199681,1.500,75,2.9056,4.8972,-0.9043,-0.400,0.00000,8.5673,0.7511,-1.0499,0.0001,-0.3222,0.010,0.3146,0.7500,0.4706,51,0.100,29.17,18.75,18.79,30.27,0.0000,-0.3200,10.09,0.00,49.90,--,--,0.00,EXECUTING,237,12.322,-0.0190,-0.0100,7.0227,1.2916,-2.0761,0.020
158.409,153.736,0.968,RETURN_HOME,diverged1,8.7930,-1.3711,-1.9233,0.061053,0.273866,0.199681,1.598,75,2.9056,4.8972,-0.9043,-0.402,0.00000,8.5673,0.7511,-1.0819,0.0000,-0.3200,0.008,0.3264,0.7600,0.4400,50,0.098,30.89,20.74,20.78,31.67,0.0000,-0.3200,9.98,0.00,50.10,--,--,0.00,EXECUTING,237,12.322,-0.0190,-0.0100,7.0219,1.2916,-2.1011,0.018
158.509,153.834,0.964,RETURN_HOME,diverged1,8.7930,-1.3711,-1.9233,0.061053,0.273866,0.199681,1.696,75,2.9056,4.8972,-0.9043,-0.404,0.00000,8.5674,0.7509,-1.1146,0.0021,-0.3267,0.006,0.3215,0.7550,0.4400,50,0.096,31.39,20.70,20.56,31.45,0.0000,-0.3200,10.00,0.00,49.90,--,--,0.00,EXECUTING,237,12.322,-0.0190,-0.0100,7.0211,1.2915,-2.1256,0.016
158.610,153.934,0.966,RETURN_HOME,diverged1,8.7930,-1.3711,-1.9233,0.061053,0.273866,0.199681,1.796,75,2.9056,4.8972,-0.9043,-0.404,0.00000,8.5674,0.7509,-1.1468,-0.0001,-0.3225,0.006,0.3180,0.7500,0.4200,50,0.096,31.19,20.58,21.13,31.12,0.0000,-0.3200,9.98,0.00,50.10,--,--,0.00,EXECUTING,237,12.322,-0.0190,-0.0100,7.0206,1.2915,-2.1499,0.016
158.708,154.034,0.971,RETURN_HOME,diverged1,8.7930,-1.3711,-1.9233,0.061053,0.273866,0.199681,1.896,75,2.9056,4.8972,-0.9043,-0.404,0.00000,8.5674,0.7507,-1.1793,0.0020,-0.3278,0.006,0.3375,0.7965,0.4400,50,0.096,31.45,20.53,20.61,32.54,0.0000,-0.3200,10.04,0.00,49.90,--,--,0.00,EXECUTING,237,12.322,-0.0190,-0.0100,7.0201,1.2915,-2.1737,0.016
158.809,154.134,0.978,RETURN_HOME,diverged1,8.7930,-1.3711,-1.9233,0.061053,0.273866,0.199681,1.996,75,2.9056,4.8972,-0.9043,-0.404,0.00000,8.5674,0.7508,-1.2018,-0.0005,-0.2254,0.006,0.3160,0.7550,0.4200,50,0.096,30.53,20.47,20.04,31.65,0.0000,0.0000,9.98,0.00,50.00,--,--,0.00,EXECUTING,237,12.322,-0.0190,-0.0100,7.0199,1.2915,-2.1912,0.016
158.909,154.234,0.984,RETURN_HOME,diverged1,8.7930,-1.3711,-1.9233,0.061053,0.273866,0.199681,2.096,75,2.9056,4.8972,-0.9043,-0.404,0.00000,8.5676,0.7502,-1.2074,0.0059,-0.0562,0.006,0.3166,0.7500,0.3922,51,0.096,29.09,18.33,20.19,31.25,0.0158,-0.7436,10.04,0.00,50.10,--,--,0.00,EXECUTING,237,12.322,-0.0190,-0.0100,7.0196,1.2912,-2.1951,0.016
159.009,154.334,0.986,RETURN_HOME,diverged1,8.7930,-1.3711,-1.9233,0.061053,0.273866,0.199681,2.196,75,2.9056,4.8972,-0.9043,-0.404,0.00000,8.5680,0.7491,-1.2258,0.0130,-0.1931,0.006,0.3200,0.7500,0.3800,50,0.096,28.48,18.18,17.97,30.59,0.0158,-0.1600,9.96,0.00,50.10,--,--,0.00,EXECUTING,237,12.322,-0.0190,-0.0100,7.0189,1.2902,-2.2081,0.016
159.108,154.434,0.987,RETURN_HOME,diverged1,8.8172,-1.3521,-2.1730,0.051628,0.252816,0.185893,0.096,76,3.1955,5.1571,-0.9456,-0.404,0.38931,8.5685,0.7478,-1.2415,0.0150,-0.1623,0.006,0.3169,0.7500,0.3878,49,0.096,28.48,18.26,18.09,30.66,0.0158,-0.1600,9.98,1.00,49.90,--,--,0.00,EXECUTING,237,12.322,-0.0190,-0.0100,7.0180,1.2891,-2.2192,0.016
159.209,154.530,0.991,RETURN_HOME,diverged1,8.8172,-1.3521,-2.1730,0.051628,0.252816,0.185893,0.192,76,3.1955,5.1571,-0.9456,-0.408,0.00000,8.5689,0.7466,-1.2583,0.0131,-0.1748,0.002,0.3123,0.7586,0.4400,50,0.092,28.54,18.18,18.01,30.66,0.0158,-0.1600,9.98,1.00,50.10,--,--,0.00,EXECUTING,237,12.322,-0.0190,-0.0100,7.0172,1.2882,-2.2310,0.012
159.308,154.634,0.997,RETURN_HOME,diverged1,8.8172,-1.3521,-2.1730,0.051628,0.252816,0.185893,0.296,76,3.1955,5.1571,-0.9456,-0.404,0.00000,8.5693,0.7452,-1.2744,0.0142,-0.1603,0.006,0.3330,0.7915,0.3800,50,0.096,28.42,17.93,17.82,30.53,0.0158,-0.1600,9.91,1.00,50.00,--,--,0.00,EXECUTING,237,12.322,-0.0190,-0.0100,7.0163,1.2871,-2.2424,0.016
159.409,154.732,0.996,RETURN_HOME,diverged1,8.8172,-1.3521,-2.1730,0.051628,0.252816,0.185893,0.394,76,3.1955,5.1571,-0.9456,-0.406,0.00000,8.5697,0.7440,-1.2915,0.0130,-0.1729,0.004,0.3175,0.7650,0.3958,48,0.094,28.72,17.93,18.09,30.85,0.0158,-0.1600,10.00,1.00,50.10,--,--,0.00,EXECUTING,237,12.322,-0.0190,-0.0100,7.0155,1.2861,-2.2545,0.014
159.508,154.834,1.000,RETURN_HOME,diverged1,8.8172,-1.3521,-2.1730,0.051628,0.252816,0.185893,0.496,76,3.1955,5.1571,-0.9456,-0.404,0.00000,8.5700,0.7428,-1.3087,0.0126,-0.1734,0.006,0.2917,0.7143,0.3269,52,0.096,28.30,17.86,17.75,30.40,0.0158,-0.1600,10.00,1.00,50.10,--,--,0.00,EXECUTING,237,12.322,-0.0190,-0.0100,7.0147,1.2851,-2.2669,0.016
159.608,154.928,0.995,RETURN_HOME,diverged1,8.8172,-1.3521,-2.1730,0.051628,0.252816,0.185893,0.590,76,3.1955,5.1571,-0.9456,-0.410,0.00000,8.5704,0.7415,-1.3260,0.0132,-0.1777,0.002,0.2868,0.6950,0.3269,52,0.090,27.84,18.04,17.53,29.84,0.0158,-0.1600,10.00,1.00,50.10,--,--,0.00,EXECUTING,237,12.322,-0.0190,-0.0100,7.0139,1.2841,-2.2795,0.010
159.708,155.032,0.998,RETURN_HOME,diverged1,8.8172,-1.3521,-2.1730,0.051628,0.252816,0.185893,0.694,76,3.1955,5.1571,-0.9456,-0.406,0.00000,8.5708,0.7397,-1.3434,0.0185,-0.1713,0.004,0.2898,0.7500,0.2941,51,0.094,28.24,17.93,17.75,29.23,0.0158,-0.1600,10.02,1.00,50.00,--,--,0.00,EXECUTING,237,12.322,-0.0190,-0.0100,7.0127,1.2828,-2.2923,0.014
159.809,155.128,0.993,RETURN_HOME,diverged1,8.8172,-1.3521,-2.1730,0.051628,0.252816,0.185893,0.790,76,3.1955,5.1571,-0.9456,-0.410,0.00000,8.5712,0.7379,-1.3606,0.0190,-0.1728,0.000,0.2946,0.7500,0.3137,51,0.090,29.67,20.09,19.86,30.50,0.0158,-0.1600,10.02,1.00,50.00,--,--,0.00,EXECUTING,237,12.322,-0.0190,-0.0100,7.0114,1.2813,-2.3050,0.010
159.909,155.230,0.996,RETURN_HOME,diverged1,8.8172,-1.3521,-2.1730,0.051628,0.252816,0.185893,0.892,76,3.1955,5.1571,-0.9456,-0.408,0.00000,8.5716,0.7362,-1.3768,0.0171,-0.1626,0.002,0.2937,0.7000,0.2745,51,0.092,30.27,20.08,19.87,30.27,0.0158,-0.1600,10.02,1.00,50.00,--,--,0.00,EXECUTING,237,12.322,-0.0190,-0.0100,7.0103,1.2799,-2.3172,0.012
160.009,155.324,0.988,RETURN_HOME,diverged1,8.8172,-1.3521,-2.1730,0.051628,0.252816,0.185893,0.986,76,3.1955,5.1571,-0.9456,-0.414,0.00000,8.5717,0.7355,-1.3818,0.0096,-0.0833,0.016,0.2976,0.7000,0.2941,51,0.086,29.72,19.19,20.04,29.72,0.0316,-1.0000,10.07,1.00,50.00,--,--,0.00,EXECUTING,237,12.322,-0.0190,-0.0100,7.0095,1.2790,-2.3231,0.006
160.109,155.422,0.991,RETURN_HOME,diverged1,8.8172,-1.3521,-2.1730,0.051628,0.252816,0.185893,1.084,76,3.1955,5.1571,-0.9456,-0.416,0.00000,8.5722,0.7324,-1.4001,0.0318,-0.1840,0.014,0.3032,0.7900,0.3077,52,0.084,29.23,19.23,18.75,29.23,0.0316,-0.1600,9.96,0.00,50.10,--,--,0.00,EXECUTING,237,12.322,-0.0190,-0.0100,7.0073,1.2767,-2.3377,0.004
160.209,155.516,0.979,RETURN_HOME,diverged1,8.8172,-1.3521,-2.1730,0.051628,0.252816,0.185893,1.178,76,3.1955,5.1571,-0.9456,-0.422,0.00000,8.5728,0.7293,-1.4165,0.0326,-0.1693,0.008,0.3003,0.7000,0.2549,51,0.078,29.91,19.31,19.23,29.91,0.0316,-0.1600,10.16,0.00,50.00,--,--,0.00,EXECUTING,237,12.322,-0.0190,-0.0100,7.0056,1.2749,-2.3476,0.018
160.313,155.614,0.976,RETURN_HOME,diverged1,8.8172,-1.3521,-2.1730,0.051628,0.252816,0.185893,1.276,76,3.1955,5.1571,-0.9456,-0.424,0.00000,8.5732,0.7262,-1.4325,0.0316,-0.1600,0.006,0.2989,0.7500,0.3137,51,0.076,29.98,19.31,19.27,30.04,0.0316,-0.1600,9.96,0.00,49.90,--,--,0.00,EXECUTING,239,12.459,-0.0190,-0.0100,7.0033,1.2726,-2.3602,0.016
160.409,155.718,0.982,RETURN_HOME,diverged1,8.8128,-1.3399,-2.3956,0.048708,0.242766,0.171535,0.080,77,3.2892,5.2570,-0.9581,-0.420,0.13696,8.5736,0.7231,-1.4485,0.0433,-0.2196,0.010,0.3037,0.7500,0.2745,51,0.080,30.11,19.27,19.27,30.04,0.0316,-0.1600,9.89,1.00,49.90,--,--,0.00,EXECUTING,239,12.459,-0.0190,-0.0100,7.0010,1.2704,-2.3726,0.020
160.509,155.818,0.988,RETURN_HOME,diverged1,8.8128,-1.3399,-2.3956,0.048708,0.242766,0.171535,0.180,77,3.2892,5.2570,-0.9581,-0.420,0.00000,8.5740,0.7199,-1.4645,0.0318,-0.1613,0.010,0.3038,0.7000,0.2549,51,0.080,29.98,19.35,19.31,29.98,0.0316,-0.1600,9.98,1.00,50.00,--,--,0.00,EXECUTING,239,12.459,-0.0190,-0.0100,6.9982,1.2678,-2.3874,0.000
160.609,155.916,0.982,RETURN_HOME,diverged1,8.8128,-1.3399,-2.3956,0.048708,0.242766,0.171535,0.278,77,3.2892,5.2570,-0.9581,-0.422,0.00000,8.5743,0.7168,-1.4805,0.0330,-0.1674,0.008,0.3050,0.7000,0.2549,51,0.078,29.91,19.27,19.23,29.91,0.0316,-0.1600,9.83,1.00,49.90,--,--,0.00,EXECUTING,239,12.459,-0.0190,-0.0100,6.9963,1.2661,-2.3971,0.018
160.709,156.018,0.989,RETURN_HOME,diverged1,8.8128,-1.3399,-2.3956,0.048708,0.242766,0.171535,0.380,77,3.2892,5.2570,-0.9581,-0.420,0.00000,8.5746,0.7136,-1.4965,0.0318,-0.1613,0.010,0.3134,0.7000,0.2353,51,0.080,29.91,19.27,19.23,29.91,0.0316,-0.1600,9.98,1.00,50.00,--,--,0.00,EXECUTING,239,12.459,-0.0190,-0.0100,6.9938,1.2639,-2.4092,0.020
160.810,156.108,0.974,RETURN_HOME,diverged1,8.8128,-1.3399,-2.3956,0.048708,0.242766,0.171535,0.470,77,3.2892,5.2570,-0.9581,-0.430,0.00000,8.5748,0.7106,-1.5129,0.0305,-0.1651,0.000,0.2977,0.7500,0.3137,51,0.070,29.79,19.43,19.15,29.72,0.0316,-0.1600,10.02,1.00,50.00,--,--,0.00,EXECUTING,239,12.459,-0.0190,-0.0100,6.9914,1.2620,-2.4213,0.010
160.909,156.208,0.982,RETURN_HOME,diverged1,8.8128,-1.3399,-2.3956,0.048708,0.242766,0.171535,0.570,77,3.2892,5.2570,-0.9581,-0.430,0.00000,8.5749,0.7076,-1.5292,0.0337,-0.1828,0.000,0.2982,0.8000,0.2941,51,0.070,29.85,19.39,19.15,29.85,0.0316,-0.1600,9.96,1.00,50.00,--,--,0.00,EXECUTING,239,12.459,-0.0190,-0.0100,6.9890,1.2600,-2.4333,0.010
161.008,156.302,0.978,RETURN_HOME,diverged1,8.8128,-1.3399,-2.3956,0.048708,0.242766,0.171535,0.664,77,3.2892,5.2570,-0.9581,-0.436,0.00000,8.5750,0.7052,-1.5422,0.0305,-0.1635,0.014,0.3075,0.7500,0.2745,51,0.064,31.66,20.45,20.74,31.66,0.0316,-0.1600,10.04,1.00,50.00,--,--,0.00,EXECUTING,239,12.459,-0.0190,-0.0100,6.9866,1.2581,-2.4451,0.004
161.109,156.402,0.980,RETURN_HOME,diverged1,8.8128,-1.3399,-2.3956,0.048708,0.242766,0.171535,0.764,77,3.2892,5.2570,-0.9581,-0.436,0.00000,8.5750,0.7035,-1.5533,0.0190,-0.1169,0.014,0.3034,0.7500,0.2941,51,0.064,30.57,19.39,20.55,30.57,0.0158,-1.0000,9.93,1.00,50.00,--,--,0.00,EXECUTING,239,12.459,-0.0190,-0.0100,6.9853,1.2570,-2.4534,0.004
161.209,156.494,0.978,RETURN_HOME,diverged1,8.8128,-1.3399,-2.3956,0.048708,0.242766,0.171535,0.856,77,3.2892,5.2570,-0.9581,-0.444,0.00000,8.5750,0.7019,-1.5745,0.0159,-0.2141,0.006,0.2959,0.7500,0.2885,52,0.056,30.33,19.43,19.83,30.33,0.0158,-0.1600,10.04,1.00,50.00,--,--,0.00,EXECUTING,239,12.459,-0.0190,-0.0100,6.9843,1.2562,-2.4660,0.016
161.309,156.594,0.984,RETURN_HOME,diverged1,8.8128,-1.3399,-2.3956,0.048708,0.242766,0.171535,0.956,77,3.2892,5.2570,-0.9581,-0.444,0.00000,8.5750,0.7003,-1.5921,0.0161,-0.1780,0.006,0.3136,0.8000,0.3137,51,0.056,30.24,19.51,19.44,30.30,0.0158,-0.1600,10.14,1.00,50.00,--,--,0.00,EXECUTING,239,12.459,-0.0190,-0.0100,6.9831,1.2552,-2.4783,0.016
161.409,156.688,0.970,RETURN_HOME,diverged1,8.8128,-1.3399,-2.3956,0.048708,0.242766,0.171535,1.050,77,3.2892,5.2570,-0.9581,-0.450,0.00000,8.5750,0.6991,-1.6049,0.0149,-0.1668,0.020,0.3057,0.8000,0.3137,51,0.050,30.50,19.59,19.61,30.50,0.0158,-0.1600,10.02,0.00,49.90,--,--,0.00,EXECUTING,246,12.836,-0.0190,-0.0100,6.9818,1.2544,-2.4897,0.010
161.509,156.788,0.971,RETURN_HOME,diverged1,8.8128,-1.3399,-2.3956,0.048708,0.242766,0.171535,1.150,77,3.2892,5.2570,-0.9581,-0.450,0.00000,8.5749,0.6976,-1.6207,0.0150,-0.1583,0.020,0.3128,0.8500,0.3333,51,0.050,30.43,19.67,19.57,30.43,0.0158,-0.1600,10.11,0.00,50.00,--,--,0.00,EXECUTING,246,12.836,-0.0190,-0.0100,6.9806,1.2535,-2.5010,0.010
161.609,156.888,0.967,RETURN_HOME,diverged1,8.8128,-1.3399,-2.3956,0.048708,0.242766,0.171535,1.250,77,3.2892,5.2570,-0.9581,-0.450,0.00000,8.5748,0.6961,-1.6365,0.0151,-0.1572,0.020,0.3223,0.8000,0.2549,51,0.050,30.43,19.59,19.61,30.43,0.0158,-0.1600,10.00,0.00,50.00,--,--,0.00,EXECUTING,246,12.836,-0.0190,-0.0100,6.9793,1.2527,-2.5121,0.010
161.709,156.988,0.970,RETURN_HOME,diverged1,8.8007,-1.3362,-2.6012,0.047682,0.247369,0.169373,0.050,78,3.2732,5.2560,-0.9539,-0.450,0.01602,8.5747,0.6946,-1.6521,0.0154,-0.1578,0.020,0.3310,0.8500,0.2745,51,0.050,30.50,19.59,19.57,30.43,0.0158,-0.1600,9.93,1.00,50.00,--,--,0.00,EXECUTING,246,12.836,-0.0190,-0.0100,6.9780,1.2519,-2.5232,0.010
161.809,157.088,0.981,RETURN_HOME,diverged1,8.8007,-1.3362,-2.6012,0.047682,0.247369,0.169373,0.150,78,3.2732,5.2560,-0.9539,-0.450,0.00000,8.5746,0.6931,-1.6679,0.0172,-0.1774,0.020,0.3148,0.7500,0.3077,52,0.050,29.66,19.39,19.11,29.66,0.0158,-0.1600,10.02,1.00,50.00,--,--,0.00,EXECUTING,246,12.836,-0.0190,-0.0100,6.9767,1.2511,-2.5346,0.010
161.908,157.188,0.980,RETURN_HOME,diverged1,8.8007,-1.3362,-2.6012,0.047682,0.247369,0.169373,0.250,78,3.2732,5.2560,-0.9539,-0.450,0.00000,8.5744,0.6916,-1.6838,0.0171,-0.1804,0.022,0.3358,0.8500,0.3333,51,0.050,29.79,19.43,19.19,29.79,0.0158,-0.1600,10.00,1.00,50.00,--,--,0.00,EXECUTING,246,12.836,-0.0190,-0.0100,6.9754,1.2505,-2.5462,0.010
162.009,157.286,0.982,RETURN_HOME,diverged1,8.8007,-1.3362,-2.6012,0.047682,0.247369,0.169373,0.348,78,3.2732,5.2560,-0.9539,-0.452,0.00000,8.5743,0.6901,-1.7000,0.0146,-0.1602,0.018,0.3373,0.8846,0.3333,51,0.048,29.79,19.31,19.19,29.79,0.0158,-0.1600,10.00,1.00,50.00,--,--,0.00,EXECUTING,246,12.836,-0.0190,-0.0100,6.9741,1.2499,-2.5582,0.008
162.109,157.382,0.987,RETURN_HOME,diverged1,8.8007,-1.3362,-2.6012,0.047682,0.247369,0.169373,0.444,78,3.2732,5.2560,-0.9539,-0.456,0.00000,8.5741,0.6888,-1.7167,0.0133,-0.1676,0.014,0.3368,0.9000,0.3529,51,0.044,31.59,20.37,20.79,31.59,0.0000,-1.0000,9.96,1.00,50.00,--,--,0.00,EXECUTING,246,12.836,-0.0190,-0.0100,6.9730,1.2494,-2.5711,0.004
162.209,157.482,0.989,RETURN_HOME,diverged1,8.8007,-1.3362,-2.6012,0.047682,0.247369,0.169373,0.544,78,3.2732,5.2560,-0.9539,-0.456,0.00000,8.5740,0.6884,-1.7477,0.0039,-0.3141,0.014,0.3390,0.8500,0.2941,51,0.044,30.72,20.28,20.13,30.72,0.0000,-0.3200,10.02,1.00,50.00,--,--,0.00,EXECUTING,246,12.836,-0.0190,-0.0100,6.9725,1.2493,-2.5935,0.004
162.309,157.582,0.993,RETURN_HOME,diverged1,8.8007,-1.3362,-2.6012,0.047682,0.247369,0.169373,0.644,78,3.2732,5.2560,-0.9539,-0.456,0.00000,8.5739,0.6880,-1.7781,0.0041,-0.3067,0.014,0.3516,0.8500,0.3529,51,0.044,30.92,20.20,20.26,30.92,0.0000,-0.3200,9.96,1.00,50.10,--,--,0.00,EXECUTING,246,12.836,-0.0190,-0.0100,6.9719,1.2492,-2.6157,0.004
162.408,157.682,0.994,RETURN_HOME,diverged1,8.8007,-1.3362,-2.6012,0.047682,0.247369,0.169373,0.744,78,3.2732,5.2560,-0.9539,-0.456,0.00000,8.5739,0.6878,-1.8089,0.0027,-0.3441,0.014,0.3678,0.9000,0.3137,51,0.044,30.46,20.12,20.04,30.53,0.0000,-0.3200,10.00,1.00,50.10,--,--,0.00,EXECUTING,250,13.189,-0.0190,-0.0100,6.9715,1.2493,-2.6389,0.004
162.509,157.782,0.994,RETURN_HOME,diverged1,8.8007,-1.3362,-2.6012,0.047682,0.247369,0.169373,0.844,78,3.2732,5.2560,-0.9539,-0.456,0.00000,8.5739,0.6877,-1.8406,0.0005,-0.3275,0.016,0.3615,0.8500,0.2745,51,0.044,30.66,20.08,20.08,30.59,0.0000,-0.3200,9.96,1.00,50.10,--,--,0.00,EXECUTING,250,13.189,-0.0190,-0.0100,6.9715,1.2502,-2.6639,0.004
162.609,157.882,0.993,RETURN_HOME,diverged1,8.7897,-1.3268,-2.8153,0.050664,0.262431,0.187987,0.044,79,3.2566,5.2587,-0.9521,-0.456,0.01678,8.5738,0.6875,-1.8722,0.0027,-0.3212,0.016,0.3744,0.9000,0.3333,51,0.044,30.53,20.12,20.08,30.53,0.0000,-0.3200,10.02,1.11,50.00,--,--,0.00,EXECUTING,250,13.189,-0.0190,-0.0100,6.9712,1.2509,-2.6892,0.004
162.709,157.982,0.993,RETURN_HOME,diverged1,8.7897,-1.3268,-2.8153,0.050664,0.262431,0.187987,0.144,79,3.2566,5.2587,-0.9521,-0.456,0.00000,8.5738,0.6874,-1.9041,0.0006,-0.3646,0.020,0.3788,0.9000,0.2745,51,0.044,30.66,20.12,20.13,30.72,0.0000,-0.3200,9.98,1.00,50.31,--,--,0.00,EXECUTING,250,13.189,-0.0190,-0.0100,6.9711,1.2518,-2.7152,0.004
162.810,158.082,0.992,RETURN_HOME,diverged1,8.7897,-1.3268,-2.8153,0.050664,0.262431,0.187987,0.244,79,3.2566,5.2587,-0.9521,-0.456,0.00000,8.5738,0.6874,-1.9366,0.0000,-0.3155,0.014,0.3718,0.8500,0.3137,51,0.044,30.79,20.12,20.13,30.85,0.0000,-0.3200,10.02,1.00,50.00,--,--,0.00,EXECUTING,250,13.189,-0.0190,-0.0100,6.9711,1.2531,-2.7422,0.004
162.909,158.182,0.995,RETURN_HOME,diverged1,8.7897,-1.3268,-2.8153,0.050664,0.262431,0.187987,0.344,79,3.2566,5.2587,-0.9521,-0.456,0.00000,8.5738,0.6874,-1.9691,0.0000,-0.3426,0.014,0.4010,0.9000,0.2941,51,0.044,30.66,20.12,20.13,30.59,0.0000,-0.3200,10.00,1.00,50.10,--,--,0.00,EXECUTING,250,13.189,-0.0190,-0.0100,6.9711,1.2546,-2.7697,0.004
163.009,158.282,1.000,RETURN_HOME,diverged1,8.7897,-1.3268,-2.8153,0.050664,0.262431,0.187987,0.444,79,3.2566,5.2587,-0.9521,-0.456,0.00000,8.5738,0.6874,-2.0017,0.0000,-0.3385,0.014,0.3897,0.8000,0.2745,51,0.044,30.66,20.08,20.08,30.59,0.0000,-0.3200,10.00,1.00,50.00,--,--,0.00,EXECUTING,250,13.189,-0.0190,-0.0100,6.9711,1.2562,-2.7977,0.004
163.109,158.382,0.999,RETURN_HOME,diverged1,8.7897,-1.3268,-2.8153,0.050664,0.262431,0.187987,0.544,79,3.2566,5.2587,-0.9521,-0.456,0.00000,8.5738,0.6874,-2.0341,0.0000,-0.3263,0.014,0.3771,0.8500,0.2941,51,0.044,30.85,19.96,20.21,30.79,0.0000,-0.3200,10.00,1.00,50.00,--,--,0.00,EXECUTING,250,13.189,-0.0190,-0.0100,6.9711,1.2580,-2.8259,0.004
163.209,158.482,1.000,RETURN_HOME,diverged1,8.7897,-1.3268,-2.8153,0.050664,0.262431,0.187987,0.644,79,3.2566,5.2587,-0.9521,-0.456,0.00000,8.5738,0.6874,-2.0578,-0.0000,-0.2393,0.014,0.3912,0.8500,0.2549,51,0.044,30.92,20.00,20.26,30.92,0.0000,0.0000,10.00,1.00,50.00,--,--,0.00,EXECUTING,250,13.189,-0.0190,-0.0100,6.9711,1.2592,-2.8446,0.004
163.309,158.578,0.996,RETURN_HOME,diverged1,8.7897,-1.3268,-2.8153,0.050664,0.262431,0.187987,0.740,79,3.2566,5.2587,-0.9521,-0.460,0.00000,8.5738,0.6874,-2.0606,0.0000,-0.0288,0.010,0.3910,0.8500,0.2549,51,0.040,28.85,17.97,20.24,29.98,0.0000,-1.0000,10.09,1.00,50.00,--,--,0.00,EXECUTING,250,13.189,-0.0190,-0.0100,6.9711,1.2592,-2.8457,0.020
163.409,158.678,0.996,RETURN_HOME,diverged1,8.7849,-1.3275,-3.0225,0.054355,0.268339,0.201200,0.040,80,3.2307,5.2400,-0.9488,-0.460,0.03202,8.5738,0.6874,-2.0785,0.0000,-0.1816,0.010,0.3845,0.8000,0.2549,51,0.040,28.78,18.01,18.12,29.79,0.0000,-0.1600,10.02,1.25,49.90,--,--,0.00,EXECUTING,250,13.189,-0.0190,-0.0100,6.9710,1.2602,-2.8612,0.020
163.509,158.774,0.992,RETURN_HOME,diverged1,8.7849,-1.3275,-3.0225,0.054355,0.268339,0.201200,0.136,80,3.2307,5.2400,-0.9488,-0.464,0.00000,8.5738,0.6874,-2.0941,0.0000,-0.1737,0.006,0.3720,0.8500,0.3137,51,0.036,28.81,18.15,18.52,29.84,0.0000,-0.1600,10.09,1.25,50.00,--,--,0.00,EXECUTING,250,13.189,-0.0190,-0.0100,6.9710,1.2611,-2.8753,0.016
163.609,158.874,0.992,RETURN_HOME,diverged1,8.7849,-1.3275,-3.0225,0.054355,0.268339,0.201200,0.236,80,3.2307,5.2400,-0.9488,-0.464,0.00000,8.5738,0.6874,-2.1101,0.0000,-0.1600,0.006,0.3962,0.9000,0.2941,51,0.036,27.48,18.15,18.01,29.60,0.0000,-0.1600,9.98,1.00,50.00,--,--,0.00,EXECUTING,250,13.189,-0.0190,-0.0100,6.9710,1.2622,-2.8898,0.016
163.709,158.974,0.992,RETURN_HOME,diverged1,8.7849,-1.3275,-3.0225,0.054355,0.268339,0.201200,0.336,80,3.2307,5.2400,-0.9488,-0.464,0.00000,8.5738,0.6874,-2.1261,0.0000,-0.1883,0.006,0.3972,0.9000,0.2941,51,0.036,26.60,18.15,18.05,28.66,0.0000,-0.1600,9.83,1.00,49.90,--,--,0.00,EXECUTING,250,13.189,-0.0190,-0.0100,6.9710,1.2632,-2.9046,0.016
163.808,159.074,0.993,RETURN_HOME,diverged1,8.7849,-1.3275,-3.0225,0.054355,0.268339,0.201200,0.436,80,3.2307,5.2400,-0.9488,-0.464,0.00000,8.5738,0.6874,-2.1421,0.0000,-0.1600,0.006,0.3876,0.9000,0.2941,51,0.036,25.77,18.15,18.44,27.78,0.0000,-0.1600,9.96,1.00,50.20,--,--,0.00,EXECUTING,250,13.189,-0.0190,-0.0100,6.9710,1.2643,-2.9194,0.016
163.909,159.174,0.992,RETURN_HOME,diverged1,8.7849,-1.3275,-3.0225,0.054355,0.268339,0.201200,0.536,80,3.2307,5.2400,-0.9488,-0.464,0.00000,8.5738,0.6874,-2.1581,-0.0000,-0.1674,0.006,0.3705,0.8000,0.3137,51,0.036,24.73,18.18,18.24,27.96,0.0000,-0.1600,9.87,1.00,50.00,--,--,0.00,EXECUTING,250,13.189,-0.0190,-0.0100,6.9710,1.2654,-2.9343,0.016
164.009,159.274,0.992,RETURN_HOME,diverged1,8.7849,-1.3275,-3.0225,0.054355,0.268339,0.201200,0.636,80,3.2307,5.2400,-0.9488,-0.464,0.00000,8.5738,0.6874,-2.1741,0.0000,-0.1613,0.006,0.3670,0.8550,0.3200,50,0.036,23.35,18.15,18.05,26.48,0.0000,-0.1600,9.96,1.00,50.00,--,--,0.00,EXECUTING,250,13.189,-0.0190,-0.0100,6.9710,1.2666,-2.9494,0.016
164.109,159.366,0.985,RETURN_HOME,diverged1,8.7849,-1.3275,-3.0225,0.054355,0.268339,0.201200,0.728,80,3.2307,5.2400,-0.9488,-0.472,0.00000,8.5738,0.6874,-2.1869,-0.0000,-0.1674,0.018,0.3989,0.9000,0.3000,50,0.028,22.53,18.29,18.24,25.75,0.0000,-0.1600,10.02,1.00,50.00,--,--,0.00,EXECUTING,250,13.189,-0.0190,-0.0100,6.9710,1.2678,-2.9647,0.008
164.208,159.466,0.985,RETURN_HOME,diverged1,8.7849,-1.3275,-3.0225,0.054355,0.268339,0.201200,0.828,80,3.2307,5.2400,-0.9488,-0.472,0.00000,8.5738,0.6874,-2.2029,0.0000,-0.1600,0.018,0.3934,0.9050,0.3000,50,0.028,22.27,20.27,20.29,25.39,0.0000,-0.1600,9.93,1.00,49.90,--,--,0.00,EXECUTING,250,13.189,-0.0190,-0.0100,6.9710,1.2690,-2.9800,0.008
164.309,159.560,0.980,RETURN_HOME,diverged1,8.7849,-1.3275,-3.0225,0.054355,0.268339,0.201200,0.922,80,3.2307,5.2400,-0.9488,-0.478,0.00000,8.5738,0.6874,-2.2189,-0.0000,-0.1613,0.012,0.3887,0.8548,0.2800,50,0.022,22.39,20.37,20.26,24.52,0.0000,-0.1600,10.04,1.00,49.90,--,--,0.00,EXECUTING,250,13.189,-0.0190,-0.0100,6.9710,1.2703,-2.9956,0.002
164.409,159.656,0.978,RETURN_HOME,diverged1,8.7849,-1.3275,-3.0225,0.054355,0.268339,0.201200,1.018,80,3.2307,5.2400,-0.9488,-0.482,0.00000,8.5738,0.6874,-2.2259,-0.0000,-0.0709,0.008,0.3767,0.8054,0.3200,50,0.018,21.49,20.36,20.41,22.96,0.0000,0.0000,9.91,1.00,50.10,--,--,0.00,EXECUTING,250,13.189,-0.0190,-0.0100,6.9710,1.2707,-3.0009,0.018
164.508,159.750,0.976,RETURN_HOME,diverged1,8.7849,-1.3275,-3.0225,0.054355,0.268339,0.201200,1.112,80,3.2307,5.2400,-0.9488,-0.388,0.00000,8.5738,0.6874,-2.2259,0.0000,0.0000,0.002,0.3767,0.8054,0.3200,50,0.012,19.80,20.36,19.85,20.45,0.0000,0.0000,10.04,0.00,50.00,--,--,0.00,EXECUTING,250,13.189,-0.0190,-0.0100,6.9710,1.2707,-3.0009,0.012
164.609,159.852,0.978,RETURN_HOME,diverged1,8.7849,-1.3275,-3.0225,0.054355,0.268339,0.201200,1.214,80,3.2307,5.2400,-0.9488,-0.486,0.00000,8.5738,0.6874,-2.2259,0.0000,0.0000,0.004,0.3767,0.8054,0.3200,50,0.014,20.06,20.41,20.11,18.60,0.0000,0.0000,10.11,0.00,50.10,--,--,0.00,EXECUTING,250,13.189,-0.0190,-0.0100,6.9710,1.2707,-3.0009,0.014
164.709,159.948,0.970,RETURN_HOME,diverged1,8.7849,-1.3275,-3.0225,0.054355,0.268339,0.201200,1.310,80,3.2307,5.2400,-0.9488,-0.390,0.00000,8.5738,0.6874,-2.2259,0.0000,0.0000,0.020,0.3767,0.8054,0.3200,50,0.110,20.13,20.48,20.07,17.63,0.0000,0.0000,10.11,0.00,50.10,--,--,0.00,EXECUTING,250,13.189,-0.0190,-0.0100,6.9710,1.2707,-3.0009,0.010
164.809,160.048,0.971,RETURN_HOME,diverged1,8.7849,-1.3275,-3.0225,0.054355,0.268339,0.201200,1.410,80,3.2307,5.2400,-0.9488,-0.390,0.00000,8.5738,0.6874,-2.2259,0.0000,0.0000,0.020,0.3767,0.8054,0.3200,50,0.010,19.69,20.58,19.76,16.43,0.0000,0.0000,10.02,0.00,50.00,--,--,0.00,EXECUTING,250,13.189,-0.0190,-0.0100,6.9710,1.2707,-3.0009,0.010
164.909,160.142,0.968,RETURN_HOME,diverged1,8.7849,-1.3275,-3.0225,0.054355,0.268339,0.201200,1.504,80,3.2307,5.2400,-0.9488,-0.396,0.00000,8.5738,0.6874,-2.2259,0.0000,0.0000,0.014,0.3767,0.8054,0.3200,50,0.104,20.20,20.62,20.30,14.64,0.0000,0.0000,10.16,0.00,49.90,--,--,0.00,EXECUTING,250,13.189,-0.0190,-0.0100,6.9710,1.2707,-3.0009,0.004
165.009,160.248,0.974,RETURN_HOME,diverged1,8.7849,-1.3275,-3.0225,0.054355,0.268339,0.201200,1.610,80,3.2307,5.2400,-0.9488,-0.390,0.00000,8.5738,0.6874,-2.2259,0.0000,0.0000,0.020,0.3767,0.8054,0.3200,50,0.010,20.41,20.98,20.41,14.25,0.0000,0.0000,10.02,0.00,50.00,--,--,0.00,EXECUTING,250,13.189,-0.0190,-0.0100,6.9710,1.2707,-3.0009,0.010
165.109,160.338,0.969,RETURN_HOME,diverged1,8.7849,-1.3275,-3.0225,0.054355,0.268339,0.201200,1.700,80,3.2307,5.2400,-0.9488,-0.400,0.00000,8.5738,0.6874,-2.2259,0.0000,0.0000,0.010,0.3767,0.8054,0.3200,50,0.100,19.61,20.62,19.61,13.02,0.0000,0.0000,10.00,0.00,50.00,--,--,0.00,EXECUTING,250,13.189,-0.0190,-0.0100,6.9710,1.2707,-3.0009,0.000
165.209,160.444,0.982,RETURN_HOME,diverged1,8.7849,-1.3275,-3.0225,0.054355,0.268339,0.201200,1.806,80,3.2307,5.2400,-0.9488,-0.394,0.00000,8.5738,0.6874,-2.2259,0.0000,0.0000,0.016,0.3767,0.8054,0.3200,50,0.106,18.87,21.28,19.23,11.98,0.0000,0.0000,10.02,0.00,50.10,--,--,0.00,EXECUTING,250,13.189,-0.0190,-0.0100,6.9710,1.2707,-3.0009,0.006
165.309,160.542,0.984,RETURN_HOME,diverged1,8.7849,-1.3275,-3.0225,0.054355,0.268339,0.201200,1.904,80,3.2307,5.2400,-0.9488,-0.396,0.00000,8.5738,0.6874,-2.2259,0.0000,0.0000,0.016,0.3767,0.8054,0.3200,50,0.004,1.00,1.00,1.00,10.94,0.0000,0.0000,10.02,0.00,50.10,--,--,0.00,EXECUTING,250,13.189,-0.0190,-0.0100,6.9710,1.2707,-3.0009,0.004
165.409,160.640,0.984,RETURN_HOME,diverged1,8.7849,-1.3275,-3.0225,0.054355,0.268339,0.201200,2.002,80,3.2307,5.2400,-0.9488,-0.398,0.00000,8.5738,0.6874,-2.2259,0.0000,0.0000,0.012,0.3767,0.8054,0.3200,50,0.102,0.00,0.00,0.00,10.66,0.0000,0.0000,10.07,0.00,50.00,--,--,0.00,EXECUTING,250,13.189,-0.0190,-0.0100,6.9710,1.2707,-3.0009,0.002
165.509,160.736,0.982,RETURN_HOME,diverged1,8.7849,-1.3275,-3.0225,0.054355,0.268339,0.201200,2.098,80,3.2307,5.2400,-0.9488,-0.402,0.00000,8.5738,0.6874,-2.2259,0.0000,0.0000,0.008,0.3767,0.8054,0.3200,50,0.098,0.00,0.00,0.00,10.64,0.0000,0.0000,9.96,0.00,50.00,--,--,0.00,EXECUTING,250,13.189,-0.0190,-0.0100,6.9710,1.2707,-3.0009,0.018
165.609,160.842,0.990,RETURN_HOME,diverged1,8.7849,-1.3275,-3.0225,0.054355,0.268339,0.201200,2.204,80,3.2307,5.2400,-0.9488,-0.396,0.00000,8.5738,0.6874,-2.2259,0.0000,0.0000,0.014,0.3767,0.8054,0.3200,50,0.104,0.00,0.00,0.00,10.64,0.0000,0.0000,10.07,0.00,50.00,--,--,0.00,EXECUTING,250,13.189,-0.0190,-0.0100,6.9710,1.2707,-3.0009,0.004
165.709,160.942,0.995,RETURN_HOME,diverged1,8.7849,-1.3275,-3.0225,0.054355,0.268339,0.201200,2.304,80,3.2307,5.2400,-0.9488,-0.396,0.00000,8.5738,0.6874,-2.2259,0.0000,0.0000,0.014,0.3767,0.8054,0.3200,50,0.104,0.00,0.00,0.00,10.66,0.0000,0.0000,10.02,0.00,50.10,--,--,0.00,EXECUTING,250,13.189,-0.0190,-0.0100,6.9710,1.2707,-3.0009,0.004
165.809,161.042,0.994,RETURN_HOME,diverged1,8.7849,-1.3275,-3.0225,0.054355,0.268339,0.201200,2.404,80,3.2307,5.2400,-0.9488,-0.396,0.00000,8.5738,0.6874,-2.2259,0.0000,0.0000,0.014,0.3767,0.8054,0.3200,50,0.104,0.00,0.00,0.00,10.75,0.0000,0.0000,9.96,0.00,50.00,--,--,0.00,EXECUTING,250,13.189,-0.0190,-0.0100,6.9710,1.2707,-3.0009,0.004
165.909,161.140,0.998,RETURN_HOME,diverged1,8.7849,-1.3275,-3.0225,0.054355,0.268339,0.201200,2.502,80,3.2307,5.2400,-0.9488,-0.398,0.00000,8.5738,0.6874,-2.2259,0.0000,0.0000,0.012,0.3767,0.8054,0.3200,50,0.102,0.00,0.00,0.00,10.10,0.0000,0.0000,10.00,0.00,50.10,--,--,0.00,EXECUTING,250,13.189,-0.0190,-0.0100,6.9710,1.2707,-3.0009,0.002
166.008,161.238,0.990,RETURN_HOME,diverged1,8.7849,-1.3275,-3.0225,0.054355,0.268339,0.201200,2.600,80,3.2307,5.2400,-0.9488,-0.400,0.00000,8.5738,0.6874,-2.2259,0.0000,0.0000,0.012,0.3767,0.8054,0.3200,50,0.100,0.00,0.00,0.00,10.12,0.0000,0.0000,9.93,0.00,50.00,--,--,0.00,EXECUTING,250,13.189,-0.0190,-0.0100,6.9710,1.2707,-3.0009,0.000
166.109,161.338,0.993,RETURN_HOME,diverged1,8.7849,-1.3275,-3.0225,0.054355,0.268339,0.201200,2.700,80,3.2307,5.2400,-0.9488,-0.400,0.00000,8.5738,0.6874,-2.2259,0.0000,0.0000,0.010,0.3767,0.8054,0.3200,50,0.100,0.00,0.00,0.00,10.05,0.0000,0.0000,10.02,0.00,50.00,--,--,0.00,EXECUTING,250,13.189,-0.0190,-0.0100,6.9710,1.2707,-3.0009,0.000
166.209,161.438,0.995,RETURN_HOME,diverged1,8.7849,-1.3275,-3.0225,0.054355,0.268339,0.201200,2.800,80,3.2307,5.2400,-0.9488,-0.400,0.00000,8.5738,0.6874,-2.2259,0.0000,0.0000,0.010,0.3767,0.8054,0.3200,50,0.100,0.00,0.00,0.00,10.07,0.0000,0.0000,10.00,0.00,50.00,--,--,0.00,EXECUTING,250,13.189,-0.0190,-0.0100,6.9710,1.2707,-3.0009,0.000
166.309,161.532,0.990,RETURN_HOME,diverged1,8.7849,-1.3275,-3.0225,0.054355,0.268339,0.201200,2.894,80,3.2307,5.2400,-0.9488,-0.406,0.00000,8.5738,0.6874,-2.2259,0.0000,0.0000,0.004,0.3767,0.8054,0.3200,50,0.094,0.00,0.00,0.00,10.10,0.0000,0.0000,9.96,0.00,49.90,--,--,0.00,EXECUTING,250,13.189,-0.0190,-0.0100,6.9710,1.2707,-3.0009,0.014
166.409,161.628,0.991,RETURN_HOME,diverged1,8.7849,-1.3275,-3.0225,0.054355,0.268339,0.201200,2.990,80,3.2307,5.2400,-0.9488,-0.410,0.00000,8.5738,0.6874,-2.2259,0.0000,0.0000,0.000,0.3767,0.8054,0.3200,50,0.090,0.00,0.00,0.00,10.00,0.0000,0.0000,10.02,0.00,50.00,--,--,0.00,EXECUTING,250,13.189,-0.0190,-0.0100,6.9710,1.2707,-3.0009,0.010
166.509,161.724,0.988,RETURN_HOME,diverged1,8.7849,-1.3275,-3.0225,0.054355,0.268339,0.201200,3.086,80,3.2307,5.2400,-0.9488,-0.414,0.00000,8.5738,0.6874,-2.2259,0.0000,0.0000,0.016,0.3767,0.8054,0.3200,50,0.086,0.00,0.00,0.00,1.00,0.0000,0.0000,10.00,0.00,50.00,--,--,0.00,EXECUTING,250,13.189,-0.0190,-0.0100,6.9710,1.2707,-3.0009,0.006
166.609,161.826,0.984,RETURN_HOME,diverged1,8.7849,-1.3275,-3.0225,0.054355,0.268339,0.201200,3.188,80,3.2307,5.2400,-0.9488,-0.412,0.00000,8.5738,0.6874,-2.2259,0.0000,0.0000,0.018,0.3767,0.8054,0.3200,50,0.088,0.00,0.00,0.00,0.00,0.0000,0.0000,10.04,0.00,50.00,--,--,0.00,EXECUTING,250,13.189,-0.0190,-0.0100,6.9710,1.2707,-3.0009,0.008
166.709,161.922,0.978,RETURN_HOME,diverged1,8.7849,-1.3275,-3.0225,0.054355,0.268339,0.201200,3.284,80,3.2307,5.2400,-0.9488,-0.416,0.00000,8.5738,0.6874,-2.2259,0.0000,0.0000,0.014,0.3767,0.8054,0.3200,50,0.084,0.00,0.00,0.00,0.00,0.0000,0.0000,10.11,0.00,50.00,--,--,0.00,EXECUTING,250,13.189,-0.0190,-0.0100,6.9710,1.2707,-3.0009,0.004
166.809,162.024,0.982,RETURN_HOME,diverged1,8.7849,-1.3275,-3.0225,0.054355,0.268339,0.201200,3.386,80,3.2307,5.2400,-0.9488,-0.414,0.00000,8.5738,0.6874,-2.2259,0.0000,0.0000,0.016,0.3767,0.8054,0.3200,50,0.086,0.00,0.00,0.00,0.00,0.0000,0.0000,10.02,0.00,50.00,--,--,0.00,EXECUTING,250,13.189,-0.0190,-0.0100,6.9710,1.2707,-3.0009,0.006
166.909,162.118,0.978,RETURN_HOME,diverged1,8.7849,-1.3275,-3.0225,0.054355,0.268339,0.201200,3.480,80,3.2307,5.2400,-0.9488,-0.420,0.00000,8.5738,0.6874,-2.2259,0.0000,0.0000,0.010,0.3767,0.8054,0.3200,50,0.080,0.00,0.00,0.00,0.00,0.0000,0.0000,10.14,0.00,50.00,--,--,0.00,EXECUTING,250,13.189,-0.0190,-0.0100,6.9710,1.2707,-3.0009,0.000
167.009,162.220,0.980,RETURN_HOME,diverged1,8.7849,-1.3275,-3.0225,0.054355,0.268339,0.201200,3.582,80,3.2307,5.2400,-0.9488,-0.418,0.00000,8.5738,0.6874,-2.2259,0.0000,0.0000,0.012,0.3767,0.8054,0.3200,50,0.082,0.00,0.00,0.00,0.00,0.0000,0.0000,10.00,0.00,50.10,--,--,0.00,EXECUTING,250,13.189,-0.0190,-0.0100,6.9710,1.2707,-3.0009,0.002
167.109,162.320,0.980,RETURN_HOME,diverged1,8.7849,-1.3275,-3.0225,0.054355,0.268339,0.201200,3.682,80,3.2307,5.2400,-0.9488,-0.418,0.00000,8.5738,0.6874,-2.2259,0.0000,0.0000,0.012,0.3767,0.8054,0.3200,50,0.082,0.00,0.00,0.00,0.00,0.0000,0.0000,9.89,0.00,50.00,--,--,0.00,EXECUTING,250,13.189,-0.0190,-0.0100,6.9710,1.2707,-3.0009,0.002
167.208,162.418,0.981,RETURN_HOME,diverged1,8.7849,-1.3275,-3.0225,0.054355,0.268339,0.201200,3.780,80,3.2307,5.2400,-0.9488,-0.420,0.00000,8.5738,0.6874,-2.2259,0.0000,0.0000,0.010,0.3767,0.8054,0.3200,50,0.080,0.00,0.00,0.00,0.00,0.0000,0.0000,10.02,0.00,50.00,--,--,0.00,EXECUTING,250,13.189,-0.0190,-0.0100,6.9710,1.2707,-3.0009,0.000
167.309,162.516,0.984,RETURN_HOME,diverged1,8.7849,-1.3275,-3.0225,0.054355,0.268339,0.201200,3.878,80,3.2307,5.2400,-0.9488,-0.422,0.00000,8.5738,0.6874,-2.2259,0.0000,0.0000,0.008,0.3767,0.8054,0.3200,50,0.078,0.00,0.00,0.00,0.00,0.0000,0.0000,9.89,0.00,50.10,--,--,0.00,EXECUTING,250,13.189,-0.0190,-0.0100,6.9710,1.2707,-3.0009,0.018
167.408,162.620,0.992,RETURN_HOME,diverged1,8.7849,-1.3275,-3.0225,0.054355,0.268339,0.201200,3.982,80,3.2307,5.2400,-0.9488,-0.418,0.00000,8.5738,0.6874,-2.2259,0.0000,0.0000,0.014,0.3767,0.8054,0.3200,50,0.082,0.00,0.00,0.00,0.00,0.0000,0.0000,10.00,0.00,50.00,--,--,0.00,EXECUTING,250,13.189,-0.0190,-0.0100,6.9710,1.2707,-3.0009,0.002
167.511,162.710,0.980,RETURN_HOME,diverged1,8.7849,-1.3275,-3.0225,0.054355,0.268339,0.201200,4.072,80,3.2307,5.2400,-0.9488,-0.428,0.00000,8.5738,0.6874,-2.2259,0.0000,0.0000,0.002,0.3767,0.8054,0.3200,50,0.072,0.00,0.00,0.00,0.00,0.0000,0.0000,10.00,0.00,49.90,--,--,0.00,EXECUTING,250,13.189,-0.0190,-0.0100,6.9710,1.2707,-3.0009,0.012
167.609,162.810,0.987,RETURN_HOME,diverged1,8.7849,-1.3275,-3.0225,0.054355,0.268339,0.201200,4.172,80,3.2307,5.2400,-0.9488,-0.428,0.00000,8.5738,0.6874,-2.2259,0.0000,0.0000,0.004,0.3767,0.8054,0.3200,50,0.072,0.00,0.00,0.00,0.00,0.0000,0.0000,9.96,0.00,50.00,--,--,0.00,EXECUTING,250,13.189,-0.0190,-0.0100,6.9710,1.2707,-3.0009,0.012
167.709,162.904,0.982,RETURN_HOME,diverged1,8.7849,-1.3275,-3.0225,0.054355,0.268339,0.201200,4.266,80,3.2307,5.2400,-0.9488,-0.434,0.00000,8.5738,0.6874,-2.2259,0.0000,0.0000,0.016,0.3767,0.8054,0.3200,50,0.066,0.00,0.00,0.00,0.00,0.0000,0.0000,10.04,0.00,50.00,--,--,0.00,EXECUTING,250,13.189,-0.0190,-0.0100,6.9710,1.2707,-3.0009,0.006
167.809,163.004,0.980,RETURN_HOME,diverged1,8.7849,-1.3275,-3.0225,0.054355,0.268339,0.201200,4.366,80,3.2307,5.2400,-0.9488,-0.434,0.00000,8.5738,0.6874,-2.2259,0.0000,0.0000,0.016,0.3767,0.8054,0.3200,50,0.066,0.00,0.00,0.00,0.00,0.0000,0.0000,9.96,0.00,49.90,--,--,0.00,EXECUTING,250,13.189,-0.0190,-0.0100,6.9710,1.2707,-3.0009,0.006
167.908,163.102,0.984,RETURN_HOME,diverged1,8.7849,-1.3275,-3.0225,0.054355,0.268339,0.201200,4.464,80,3.2307,5.2400,-0.9488,-0.436,0.00000,8.5738,0.6874,-2.2259,0.0000,0.0000,0.014,0.3767,0.8054,0.3200,50,0.064,0.00,0.00,0.00,0.00,0.0000,0.0000,10.00,0.00,50.00,--,--,0.00,EXECUTING,250,13.189,-0.0190,-0.0100,6.9710,1.2707,-3.0009,0.004
168.009,163.202,0.982,RETURN_HOME,diverged1,8.7849,-1.3275,-3.0225,0.054355,0.268339,0.201200,4.564,80,3.2307,5.2400,-0.9488,-0.436,0.00000,8.5738,0.6874,-2.2259,0.0000,0.0000,0.014,0.3767,0.8054,0.3200,50,0.064,0.00,0.00,0.00,0.00,0.0000,0.0000,10.14,0.00,49.90,--,--,0.00,EXECUTING,250,13.189,-0.0190,-0.0100,6.9710,1.2707,-3.0009,0.004
168.109,163.302,0.982,RETURN_HOME,diverged1,8.7849,-1.3275,-3.0225,0.054355,0.268339,0.201200,4.664,80,3.2307,5.2400,-0.9488,-0.436,0.00000,8.5738,0.6874,-2.2259,0.0000,0.0000,0.014,0.3767,0.8054,0.3200,50,0.064,0.00,0.00,0.00,0.00,0.0000,0.0000,9.96,0.00,50.00,--,--,0.00,EXECUTING,250,13.189,-0.0190,-0.0100,6.9710,1.2707,-3.0009,0.004
168.209,163.402,0.984,RETURN_HOME,diverged1,8.7849,-1.3275,-3.0225,0.054355,0.268339,0.201200,4.764,80,3.2307,5.2400,-0.9488,-0.436,0.00000,8.5738,0.6874,-2.2259,0.0000,0.0000,0.014,0.3767,0.8054,0.3200,50,0.064,0.00,0.00,0.00,0.00,0.0000,0.0000,10.14,0.00,49.90,--,--,0.00,EXECUTING,250,13.189,-0.0190,-0.0100,6.9710,1.2707,-3.0009,0.004
168.309,163.498,0.975,RETURN_HOME,diverged1,8.7849,-1.3275,-3.0225,0.054355,0.268339,0.201200,4.860,80,3.2307,5.2400,-0.9488,-0.440,0.00000,8.5738,0.6874,-2.2259,0.0000,0.0000,0.010,0.3767,0.8054,0.3200,50,0.060,0.00,0.00,0.00,0.00,0.0000,0.0000,9.98,0.00,50.00,--,--,0.00,EXECUTING,250,13.189,-0.0190,-0.0100,6.9710,1.2707,-3.0009,0.020
168.409,163.598,0.989,RETURN_HOME,diverged1,8.7849,-1.3275,-3.0225,0.054355,0.268339,0.201200,4.960,80,3.2307,5.2400,-0.9488,-0.440,0.00000,8.5738,0.6874,-2.2259,0.0000,0.0000,0.010,0.3767,0.8054,0.3200,50,0.060,0.00,0.00,0.00,0.00,0.0000,0.0000,9.96,0.00,50.00,--,--,0.00,EXECUTING,250,13.189,-0.0190,-0.0100,6.9710,1.2707,-3.0009,0.020
168.509,163.698,0.990,RETURN_HOME,diverged1,8.7849,-1.3275,-3.0225,0.054355,0.268339,0.201200,5.060,80,3.2307,5.2400,-0.9488,-0.440,0.00000,8.5738,0.6874,-2.2259,0.0000,0.0000,0.010,0.3767,0.8054,0.3200,50,0.060,0.00,0.00,0.00,0.00,0.0000,0.0000,9.98,0.00,50.00,--,--,0.00,EXECUTING,250,13.189,-0.0190,-0.0100,6.9710,1.2707,-3.0009,0.020
168.609,163.798,0.993,RETURN_HOME,diverged1,8.7849,-1.3275,-3.0225,0.054355,0.268339,0.201200,5.160,80,3.2307,5.2400,-0.9488,-0.440,0.00000,8.5738,0.6874,-2.2259,0.0000,0.0000,0.012,0.3767,0.8054,0.3200,50,0.060,0.00,0.00,0.00,0.00,0.0000,0.0000,10.00,0.00,50.00,--,--,0.00,EXECUTING,250,13.189,-0.0190,-0.0100,6.9710,1.2707,-3.0009,0.020
168.709,163.898,0.994,RECOVERY,diverged1,8.7849,-1.3275,-3.0225,0.054355,0.268339,0.201200,5.260,80,3.2307,5.2400,-0.9488,-0.440,0.00000,8.5738,0.6874,-2.2259,0.0000,0.0000,0.010,0.3767,0.8054,0.3200,50,0.060,0.00,0.00,0.00,0.00,0.0000,0.0000,10.00,0.00,50.00,--,--,0.00,ABORTED,250,13.189,-0.0190,-0.0100,6.9710,1.2707,-3.0009,0.020
168.810,163.998,0.994,RECOVERY,diverged1,8.7849,-1.3275,-3.0225,0.054355,0.268339,0.201200,5.360,80,3.2307,5.2400,-0.9488,-0.440,0.00000,8.5738,0.6874,-2.2259,0.0000,0.0000,0.010,0.3767,0.8054,0.3200,50,0.060,0.00,0.00,0.00,0.00,0.0000,0.0000,9.96,0.00,50.00,--,--,0.00,ABORTED,250,13.189,-0.0190,-0.0100,6.9710,1.2707,-3.0009,0.020
168.909,164.096,0.993,RETURN_HOME,diverged1,8.7849,-1.3275,-3.0225,0.054355,0.268339,0.201200,5.458,80,3.2307,5.2400,-0.9488,-0.442,0.00000,8.5738,0.6874,-2.2259,0.0000,0.0000,0.008,0.3767,0.8054,0.3200,50,0.058,0.00,0.00,0.00,0.00,0.0000,0.0000,9.98,0.00,50.00,--,--,0.00,ABORTED,250,13.189,-0.0190,-0.0100,6.9710,1.2707,-3.0009,0.018
169.009,164.198,0.996,RETURN_HOME,diverged1,8.7849,-1.3275,-3.0225,0.054355,0.268339,0.201200,5.560,80,3.2307,5.2400,-0.9488,-0.440,0.00000,8.5738,0.6874,-2.2259,0.0000,0.0000,0.010,0.3767,0.8054,0.3200,50,0.060,0.00,0.00,0.00,0.00,0.0000,0.0000,9.98,0.00,50.00,--,--,0.00,EXECUTING,250,13.189,-0.0190,-0.0100,6.9710,1.2707,-3.0009,0.020
169.109,164.298,0.995,RETURN_HOME,diverged1,8.7849,-1.3275,-3.0225,0.054355,0.268339,0.201200,5.660,80,3.2307,5.2400,-0.9488,-0.440,0.00000,8.5738,0.6874,-2.2259,0.0000,0.0000,0.010,0.3767,0.8054,0.3200,50,0.060,0.00,0.00,0.00,0.00,0.0000,0.0000,9.93,0.00,49.80,--,--,0.00,EXECUTING,250,13.189,-0.0190,-0.0100,6.9710,1.2707,-3.0009,0.020
169.209,164.398,1.000,RETURN_HOME,diverged1,8.7849,-1.3275,-3.0225,0.054355,0.268339,0.201200,5.760,80,3.2307,5.2400,-0.9488,-0.440,0.00000,8.5738,0.6874,-2.2259,0.0000,0.0000,0.010,0.3767,0.8054,0.3200,50,0.060,0.00,0.00,0.00,0.00,0.0000,0.0000,10.02,0.00,50.00,--,--,0.00,EXECUTING,250,13.189,-0.0190,-0.0100,6.9710,1.2707,-3.0009,0.020
169.309,164.492,0.994,RETURN_HOME,diverged1,8.7849,-1.3275,-3.0225,0.054355,0.268339,0.201200,5.854,80,3.2307,5.2400,-0.9488,-0.446,0.00000,8.5738,0.6874,-2.2259,0.0000,0.0000,0.004,0.3767,0.8054,0.3200,50,0.054,0.00,0.00,0.00,0.00,0.0000,0.0000,10.00,0.00,49.80,--,--,0.00,EXECUTING,250,13.189,-0.0190,-0.0100,6.9710,1.2707,-3.0009,0.014
169.409,164.598,1.000,RETURN_HOME,diverged1,8.7849,-1.3275,-3.0225,0.054355,0.268339,0.201200,5.960,80,3.2307,5.2400,-0.9488,-0.440,0.00000,8.5738,0.6874,-2.2259,0.0000,0.0000,0.010,0.3767,0.8054,0.3200,50,0.060,0.00,0.00,0.00,0.00,0.0000,0.0000,10.02,0.00,50.00,--,--,0.00,EXECUTING,250,13.189,-0.0190,-0.0100,6.9710,1.2707,-3.0009,0.020
169.508,164.696,0.998,RETURN_HOME,diverged1,8.7849,-1.3275,-3.0225,0.054355,0.268339,0.201200,6.058,80,3.2307,5.2400,-0.9488,-0.442,0.00000,8.5738,0.6874,-2.2219,-0.0000,0.0393,0.008,0.3720,0.8008,0.3200,50,0.058,1.00,1.00,0.00,19.23,0.0000,1.0000,9.98,0.00,50.10,--,--,0.00,EXECUTING,250,13.189,-0.0190,-0.0100,6.9710,1.2706,-2.9986,0.018
169.609,164.798,1.000,RETURN_HOME,diverged1,8.7849,-1.3275,-3.0225,0.054355,0.268339,0.201200,6.160,80,3.2307,5.2400,-0.9488,-0.440,0.00000,8.5738,0.6874,-2.2020,-0.0000,0.2104,0.010,0.3837,0.8550,0.3200,50,0.060,26.79,20.00,25.00,36.36,0.0000,0.1600,9.98,0.00,50.00,--,--,0.00,EXECUTING,250,13.189,-0.0190,-0.0100,6.9711,1.2693,-2.9793,0.020
169.708,164.892,0.994,RETURN_HOME,diverged1,8.7849,-1.3275,-3.0225,0.054355,0.268339,0.201200,6.254,80,3.2307,5.2400,-0.9488,-0.446,0.00000,8.5738,0.6874,-2.1856,-0.0000,0.1665,0.004,0.3986,0.9034,0.3000,50,0.054,28.85,20.41,22.06,33.65,0.0000,0.1600,10.07,0.00,49.70,--,--,0.00,EXECUTING,250,13.189,-0.0190,-0.0100,6.9711,1.2680,-2.9636,0.014
169.809,164.994,0.997,RETURN_HOME,diverged1,8.7849,-1.3275,-3.0225,0.054355,0.268339,0.201200,6.356,80,3.2307,5.2400,-0.9488,-0.444,0.00000,8.5738,0.6874,-2.1678,-0.0000,0.1979,0.006,0.3596,0.8500,0.3333,51,0.056,28.30,20.13,20.33,31.65,0.0000,0.1600,10.04,0.00,50.00,--,--,0.00,EXECUTING,250,13.189,-0.0190,-0.0100,6.9711,1.2668,-2.9467,0.016
169.909,165.094,0.995,RETURN_HOME,diverged1,8.7849,-1.3275,-3.0225,0.054355,0.268339,0.201200,6.456,80,3.2307,5.2400,-0.9488,-0.444,0.00000,8.5738,0.6874,-2.1512,-0.0000,0.1679,0.006,0.3665,0.8000,0.3333,51,0.056,29.27,20.20,20.83,31.71,0.0000,0.1600,10.00,0.00,50.10,--,--,0.00,EXECUTING,250,13.189,-0.0190,-0.0100,6.9711,1.2656,-2.9311,0.016
170.008,165.186,0.988,RETURN_HOME,diverged1,8.7849,-1.3275,-3.0225,0.054355,0.268339,0.201200,6.548,80,3.2307,5.2400,-0.9488,-0.452,0.00000,8.5738,0.6874,-2.1380,-0.0000,0.1694,0.018,0.3798,0.8500,0.2941,51,0.048,29.18,20.49,20.36,31.25,0.0000,0.1600,10.09,0.00,49.90,--,--,0.00,EXECUTING,250,13.189,-0.0190,-0.0100,6.9711,1.2644,-2.9157,0.008
170.109,165.280,0.983,RETURN_HOME,diverged1,8.7849,-1.3275,-3.0225,0.054355,0.268339,0.201200,6.642,80,3.2307,5.2400,-0.9488,-0.458,0.00000,8.5738,0.6874,-2.1220,0.0000,0.1688,0.012,0.3896,0.9000,0.3137,51,0.042,30.61,20.48,21.32,31.45,0.0000,0.1600,9.98,0.00,50.00,--,--,0.00,EXECUTING,250,13.189,-0.0190,-0.0100,6.9711,1.2634,-2.9009,0.002
170.209,165.372,0.977,RETURN_HOME,diverged1,8.7849,-1.3275,-3.0225,0.054355,0.268339,0.201200,6.734,80,3.2307,5.2400,-0.9488,-0.466,0.00000,8.5738,0.6874,-2.1056,-0.0000,0.1651,0.004,0.3923,0.9000,0.2941,51,0.034,30.17,20.71,20.83,33.14,0.0000,0.1600,10.09,0.00,50.00,--,--,0.00,EXECUTING,250,13.189,-0.0190,-0.0100,6.9711,1.2625,-2.8888,0.014
170.309,165.474,0.982,RETURN_HOME,diverged1,8.7849,-1.3275,-3.0225,0.054355,0.268339,0.201200,6.836,80,3.2307,5.2400,-0.9488,-0.464,0.00000,8.5738,0.6874,-2.0882,-0.0000,0.1754,0.006,0.3643,0.8550,0.3200,50,0.036,30.08,20.67,20.66,32.58,0.0000,0.1600,9.93,0.00,50.00,--,--,0.00,EXECUTING,250,13.189,-0.0190,-0.0100,6.9711,1.2614,-2.8730,0.016
170.409,165.570,0.972,RETURN_HOME,diverged1,8.7849,-1.3275,-3.0225,0.054355,0.268339,0.201200,6.932,80,3.2307,5.2400,-0.9488,-0.468,0.00000,8.5738,0.6874,-2.0701,-0.0000,0.2061,0.002,0.3780,0.8000,0.2745,51,0.032,30.07,20.64,20.58,32.37,0.0000,0.1600,9.89,0.00,50.00,--,--,0.00,EXECUTING,250,13.189,-0.0190,-0.0100,6.9711,1.2603,-2.8570,0.012
170.509,165.670,0.969,RETURN_HOME,diverged1,8.7849,-1.3275,-3.0225,0.054355,0.268339,0.201200,7.032,80,3.2307,5.2400,-0.9488,-0.468,0.00000,8.5738,0.6874,-2.0522,-0.0000,0.1797,0.002,0.3866,0.9000,0.2745,51,0.032,31.45,20.58,20.61,32.91,0.0000,0.1600,10.00,0.00,50.00,--,--,0.00,EXECUTING,250,13.189,-0.0190,-0.0100,6.9711,1.2593,-2.8408,0.012
170.609,165.770,0.975,RETURN_HOME,diverged1,8.7849,-1.3275,-3.0225,0.054355,0.268339,0.201200,7.132,80,3.2307,5.2400,-0.9488,-0.468,0.00000,8.5738,0.6874,-2.0425,-0.0001,0.1021,0.002,0.3922,0.9000,0.2941,51,0.032,31.04,19.51,20.83,31.45,0.0000,1.0000,9.78,0.00,50.00,--,--,0.00,EXECUTING,250,13.189,-0.0190,-0.0100,6.9711,1.2588,-2.8325,0.012
170.709,165.870,0.973,RETURN_HOME,diverged1,8.7849,-1.3275,-3.0225,0.054355,0.268339,0.201200,7.232,80,3.2307,5.2400,-0.9488,-0.468,0.00000,8.5738,0.6874,-2.0219,-0.0001,0.2094,0.002,0.3683,0.9000,0.3529,51,0.032,29.98,19.47,19.19,32.05,0.0000,0.1600,10.00,0.00,50.00,--,--,0.00,EXECUTING,250,13.189,-0.0190,-0.0100,6.9711,1.2577,-2.8141,0.012
170.809,165.962,0.968,RETURN_HOME,diverged1,8.7849,-1.3275,-3.0225,0.054355,0.268339,0.201200,7.324,80,3.2307,5.2400,-0.9488,-0.476,0.00000,8.5738,0.6874,-2.0075,-0.0000,0.2321,0.014,0.3719,0.8485,0.3137,51,0.024,29.98,19.67,19.23,32.12,0.0000,0.1600,10.07,0.00,50.00,--,--,0.00,EXECUTING,250,13.189,-0.0190,-0.0100,6.9711,1.2568,-2.7989,0.004
170.908,166.062,0.968,RETURN_HOME,diverged1,8.7849,-1.3275,-3.0225,0.054355,0.268339,0.201200,7.424,80,3.2307,5.2400,-0.9488,-0.476,0.00000,8.5738,0.6874,-1.9900,-0.0000,0.1752,0.014,0.3784,0.8016,0.2745,51,0.024,30.57,19.63,19.61,32.82,0.0000,0.1600,9.96,0.00,50.00,--,--,0.00,EXECUTING,250,13.189,-0.0190,-0.0100,6.9711,1.2559,-2.7838,0.004
171.009,166.152,0.969,RETURN_HOME,diverged1,8.7849,-1.3275,-3.0225,0.054355,0.268339,0.201200,7.514,80,3.2307,5.2400,-0.9488,-0.486,0.00000,8.5738,0.6874,-1.9725,-0.0000,0.1812,0.004,0.3854,0.9000,0.2745,51,0.014,30.15,19.67,19.75,32.16,0.0000,0.1600,10.02,0.00,50.00,--,--,0.00,EXECUTING,250,13.189,-0.0190,-0.0100,6.9711,1.2552,-2.7716,0.014
171.109,166.252,0.972,RETURN_HOME,diverged1,8.7849,-1.3275,-3.0225,0.054355,0.268339,0.201200,7.614,80,3.2307,5.2400,-0.9488,-0.486,0.00000,8.5738,0.6874,-1.9556,-0.0001,0.1904,0.004,0.3921,0.9000,0.3137,51,0.014,30.70,19.63,19.69,31.91,0.0000,0.1600,9.93,0.00,50.00,--,--,0.00,EXECUTING,250,13.189,-0.0190,-0.0100,6.9711,1.2544,-2.7572,0.014
171.209,166.348,0.976,RETURN_HOME,diverged1,8.7849,-1.3275,-3.0225,0.054355,0.268339,0.201200,7.710,80,3.2307,5.2400,-0.9488,-0.390,0.00000,8.5738,0.6874,-1.9362,-0.0002,0.2056,0.002,0.3534,0.8450,0.3654,52,0.010,29.85,19.59,19.15,30.85,0.0000,0.1600,10.07,0.00,50.00,--,--,0.00,EXECUTING,250,13.189,-0.0190,-0.0100,6.9712,1.2536,-2.7413,0.010
171.309,166.448,0.975,RETURN_HOME,diverged1,8.7849,-1.3275,-3.0225,0.054355,0.268339,0.201200,7.810,80,3.2307,5.2400,-0.9488,-0.390,0.00000,8.5738,0.6875,-1.9187,-0.0001,0.1722,0.000,0.3632,0.8000,0.2941,51,0.010,30.04,19.43,19.31,31.12,0.0000,0.1600,10.08,0.00,50.00,--,--,0.00,EXECUTING,250,13.189,-0.0190,-0.0100,6.9712,1.2528,-2.7264,0.010
171.409,166.544,0.971,RETURN_HOME,diverged1,8.7849,-1.3275,-3.0225,0.054355,0.268339,0.201200,7.906,80,3.2307,5.2400,-0.9488,-0.394,0.00000,8.5738,0.6875,-1.9044,-0.0001,0.1774,0.016,0.3672,0.8500,0.3137,51,0.006,29.85,19.51,19.19,30.85,0.0000,0.1600,10.12,0.00,49.90,--,--,0.00,EXECUTING,250,13.189,-0.0190,-0.0100,6.9712,1.2521,-2.7121,0.006
171.509,166.644,0.974,RETURN_HOME,diverged1,8.7849,-1.3275,-3.0225,0.054355,0.268339,0.201200,8.006,80,3.2307,5.2400,-0.9488,-0.394,0.00000,8.5738,0.6875,-1.8884,-0.0000,0.1613,0.016,0.3657,0.8500,0.3137,51,0.106,30.63,19.47,19.74,31.12,0.0000,0.1600,10.02,0.00,50.00,--,--,0.00,EXECUTING,250,13.189,-0.0190,-0.0100,6.9712,1.2515,-2.6989,0.006
171.609,166.738,0.969,RETURN_HOME,diverged1,8.7849,-1.3275,-3.0225,0.054355,0.268339,0.201200,8.100,80,3.2307,5.2400,-0.9488,-0.400,0.00000,8.5738,0.6875,-1.8724,0.0000,0.1600,0.010,0.3693,0.9000,0.3333,51,0.100,31.59,20.58,20.74,32.99,0.0000,0.1600,10.16,0.00,50.00,--,--,0.00,EXECUTING,250,13.189,-0.0190,-0.0100,6.9712,1.2509,-2.6859,0.000
171.709,166.842,0.972,RETURN_HOME,diverged1,8.7870,-1.3437,-2.8117,0.057229,0.285240,0.213494,0.104,81,3.1806,5.1795,-0.9409,-0.396,0.07852,8.5738,0.6875,-1.8604,-0.0002,0.1222,0.014,0.3673,0.9000,0.3529,51,0.104,30.70,19.55,20.36,32.22,0.0000,1.0000,10.00,1.00,50.00,--,--,0.00,EXECUTING,250,13.189,-0.0190,-0.0100,6.9713,1.2506,-2.6762,0.004
171.809,166.938,0.976,RETURN_HOME,diverged1,8.7870,-1.3437,-2.8117,0.057229,0.285240,0.213494,0.200,81,3.1806,5.1795,-0.9409,-0.400,0.00000,8.5738,0.6876,-1.8378,-0.0012,0.2264,0.010,0.3389,0.8139,0.3529,51,0.100,30.43,19.39,19.57,33.26,0.0000,0.1600,9.96,1.00,50.00,--,--,0.00,EXECUTING,250,13.189,-0.0190,-0.0100,6.9715,1.2501,-2.6615,0.020
171.909,167.042,0.989,RETURN_HOME,diverged1,8.7870,-1.3437,-2.8117,0.057229,0.285240,0.213494,0.304,81,3.1806,5.1795,-0.9409,-0.396,0.00000,8.5738,0.6876,-1.8203,-0.0002,0.1785,0.014,0.3505,0.8500,0.2941,51,0.104,30.50,19.39,19.57,33.84,0.0000,0.1600,10.00,1.00,50.00,--,--,0.00,EXECUTING,250,13.189,-0.0190,-0.0100,6.9715,1.2495,-2.6451,0.004
172.009,167.138,0.985,RETURN_HOME,diverged1,8.7870,-1.3437,-2.8117,0.057229,0.285240,0.213494,0.400,81,3.1806,5.1795,-0.9409,-0.400,0.00000,8.5738,0.6876,-1.8029,-0.0002,0.1740,0.010,0.3512,0.9000,0.3333,51,0.100,29.79,19.19,19.15,32.98,0.0000,0.1600,9.98,1.00,50.10,--,--,0.00,EXECUTING,250,13.189,-0.0190,-0.0100,6.9715,1.2491,-2.6341,0.020
172.109,167.242,0.990,RETURN_HOME,diverged1,8.7870,-1.3437,-2.8117,0.057229,0.285240,0.213494,0.504,81,3.1806,5.1795,-0.9409,-0.396,0.00000,8.5738,0.6876,-1.7866,-0.0001,0.1646,0.014,0.3493,0.9500,0.3529,51,0.104,29.79,19.19,19.15,32.98,0.0000,0.1600,10.00,1.00,50.00,--,--,0.00,EXECUTING,250,13.189,-0.0190,-0.0100,6.9715,1.2486,-2.6188,0.004
172.209,167.340,0.992,RETURN_HOME,diverged1,8.7870,-1.3437,-2.8117,0.057229,0.285240,0.213494,0.602,81,3.1806,5.1795,-0.9409,-0.398,0.00000,8.5738,0.6877,-1.7692,-0.0002,0.1736,0.012,0.3419,0.8500,0.3137,51,0.102,29.66,19.15,19.07,32.84,0.0000,0.1600,10.00,1.00,50.00,--,--,0.00,EXECUTING,250,13.189,-0.0190,-0.0100,6.9716,1.2482,-2.6055,0.002
172.309,167.442,0.994,RETURN_HOME,diverged1,8.7870,-1.3437,-2.8117,0.057229,0.285240,0.213494,0.704,81,3.1806,5.1795,-0.9409,-0.396,0.00000,8.5738,0.6877,-1.7529,-0.0001,0.1632,0.014,0.3265,0.8500,0.3137,51,0.104,29.72,19.15,19.07,32.98,0.0000,0.1600,9.98,1.00,50.00,--,--,0.00,EXECUTING,250,13.189,-0.0190,-0.0100,6.9716,1.2479,-2.5930,0.004
172.409,167.542,0.998,RETURN_HOME,diverged1,8.7870,-1.3437,-2.8117,0.057229,0.285240,0.213494,0.804,81,3.1806,5.1795,-0.9409,-0.396,0.00000,8.5739,0.6877,-1.7356,-0.0003,0.1792,0.014,0.3278,0.8500,0.2745,51,0.104,29.54,19.03,18.99,32.70,0.0000,0.1600,9.96,1.00,50.00,--,--,0.00,EXECUTING,250,13.189,-0.0190,-0.0100,6.9717,1.2477,-2.5825,0.024
172.508,167.642,0.998,RETURN_HOME,diverged1,8.7870,-1.3437,-2.8117,0.057229,0.285240,0.213494,0.904,81,3.1806,5.1795,-0.9409,-0.396,0.00000,8.5739,0.6877,-1.7183,-0.0003,0.1742,0.014,0.3367,0.9000,0.2353,51,0.104,29.60,19.03,19.03,32.43,0.0000,0.1600,10.04,1.00,50.10,--,--,0.00,EXECUTING,250,13.189,-0.0190,-0.0100,6.9717,1.2474,-2.5672,0.004
172.609,167.742,1.000,RETURN_HOME,diverged1,8.7870,-1.3437,-2.8117,0.057229,0.285240,0.213494,1.004,81,3.1806,5.1795,-0.9409,-0.396,0.00000,8.5739,0.6878,-1.7021,-0.0002,0.1805,0.014,0.3282,0.8902,0.3137,51,0.104,29.79,20.09,19.19,30.85,0.0000,0.1600,9.93,1.00,50.00,--,--,0.00,EXECUTING,250,13.189,-0.0190,-0.0100,6.9717,1.2471,-2.5552,0.004
172.709,167.842,1.000,RETURN_HOME,diverged1,8.7870,-1.3437,-2.8117,0.057229,0.285240,0.213494,1.104,81,3.1806,5.1795,-0.9409,-0.396,0.00000,8.5739,0.6878,-1.6856,-0.0010,0.1879,0.014,0.3184,0.8000,0.2745,51,0.104,30.79,20.00,20.21,30.79,0.0000,0.1600,9.98,0.00,50.10,--,--,0.00,EXECUTING,250,13.189,-0.0190,-0.0100,6.9719,1.2470,-2.5434,0.004
172.808,167.938,1.000,RETURN_HOME,diverged1,8.7870,-1.3437,-2.8117,0.057229,0.285240,0.213494,1.200,81,3.1806,5.1795,-0.9409,-0.400,0.00000,8.5739,0.6880,-1.6712,-0.0012,0.1516,0.012,0.3285,0.8500,0.2941,51,0.100,30.11,19.07,20.00,29.65,0.0000,1.0000,9.98,0.00,50.10,--,--,0.00,EXECUTING,250,13.189,-0.0190,-0.0100,6.9721,1.2470,-2.5326,0.000
172.909,168.042,1.004,RETURN_HOME,diverged1,8.7825,-1.3546,-2.5865,0.059188,0.292051,0.214205,0.104,82,3.0295,5.0397,-0.9182,-0.396,0.20584,8.5739,0.6881,-1.6440,-0.0018,0.2979,0.014,0.3180,0.8000,0.2745,51,0.104,29.85,18.95,19.27,30.92,0.0000,0.1600,9.93,1.00,50.00,--,--,0.00,EXECUTING,250,13.189,-0.0190,-0.0100,6.9724,1.2469,-2.5140,0.004
173.010,168.140,0.997,RETURN_HOME,diverged1,8.7825,-1.3546,-2.5865,0.059188,0.292051,0.214205,0.202,82,3.0295,5.0397,-0.9182,-0.398,0.00000,8.5739,0.6882,-1.6269,-0.0008,0.1828,0.016,0.3314,0.8000,0.1961,51,0.102,29.79,18.95,19.15,30.85,0.0000,0.1600,10.00,1.00,50.20,--,--,0.00,EXECUTING,250,13.189,-0.0190,-0.0100,6.9725,1.2469,-2.5020,0.002
173.109,168.240,1.000,RETURN_HOME,diverged1,8.7825,-1.3546,-2.5865,0.059188,0.292051,0.214205,0.302,82,3.0295,5.0397,-0.9182,-0.398,0.00000,8.5739,0.6883,-1.6107,-0.0007,0.1649,0.012,0.3095,0.8500,0.2745,51,0.102,30.04,18.99,19.23,31.12,0.0000,0.1600,9.98,1.00,50.10,--,--,0.00,EXECUTING,250,13.189,-0.0190,-0.0100,6.9726,1.2469,-2.4907,0.002
173.209,168.340,1.000,RETURN_HOME,diverged1,8.7825,-1.3546,-2.5865,0.059188,0.292051,0.214205,0.402,82,3.0295,5.0397,-0.9182,-0.398,0.00000,8.5739,0.6883,-1.5946,-0.0005,0.1776,0.016,0.3062,0.8000,0.2941,51,0.102,29.85,19.03,19.19,30.92,0.0000,0.1600,10.00,1.00,50.31,--,--,0.00,EXECUTING,250,13.189,-0.0190,-0.0100,6.9727,1.2469,-2.4794,0.002
173.309,168.440,0.997,RETURN_HOME,diverged1,8.7825,-1.3546,-2.5865,0.059188,0.292051,0.214205,0.502,82,3.0295,5.0397,-0.9182,-0.398,0.00000,8.5739,0.6883,-1.5783,-0.0002,0.1582,0.012,0.3224,0.7500,0.2745,51,0.102,29.91,18.99,19.19,30.98,0.0000,0.1600,10.02,1.00,50.00,--,--,0.00,EXECUTING,250,13.189,-0.0190,-0.0100,6.9727,1.2469,-2.4679,0.002
173.409,168.538,0.995,RETURN_HOME,diverged1,8.7825,-1.3546,-2.5865,0.059188,0.292051,0.214205,0.600,82,3.0295,5.0397,-0.9182,-0.400,0.00000,8.5739,0.6883,-1.5619,-0.0000,0.1700,0.010,0.3167,0.7000,0.2549,51,0.100,29.98,19.03,19.27,31.12,0.0000,0.1600,10.02,1.00,50.00,--,--,0.00,EXECUTING,250,13.189,-0.0190,-0.0100,6.9727,1.2469,-2.4586,0.020
173.509,168.638,0.996,RETURN_HOME,diverged1,8.7825,-1.3546,-2.5865,0.059188,0.292051,0.214205,0.700,82,3.0295,5.0397,-0.9182,-0.400,0.00000,8.5739,0.6883,-1.5455,0.0000,0.1640,0.010,0.3037,0.6950,0.2692,52,0.100,29.91,19.03,19.23,30.92,0.0000,0.1600,10.02,1.00,50.00,--,--,0.00,EXECUTING,250,13.189,-0.0190,-0.0100,6.9727,1.2469,-2.4469,0.020
173.609,168.732,0.990,RETURN_HOME,diverged1,8.7825,-1.3546,-2.5865,0.059188,0.292051,0.214205,0.794,82,3.0295,5.0397,-0.9182,-0.406,0.00000,8.5739,0.6883,-1.5279,0.0000,0.2013,0.010,0.3158,0.7500,0.2353,51,0.094,29.72,19.19,19.11,30.85,0.0000,0.1600,10.11,1.00,50.41,--,--,0.00,EXECUTING,250,13.189,-0.0190,-0.0100,6.9728,1.2469,-2.4341,0.014
173.709,168.832,0.992,RETURN_HOME,diverged1,8.7825,-1.3546,-2.5865,0.059188,0.292051,0.214205,0.894,82,3.0295,5.0397,-0.9182,-0.406,0.00000,8.5739,0.6883,-1.5104,-0.0000,0.1768,0.004,0.3002,0.7500,0.3137,51,0.094,29.79,19.19,19.11,30.79,0.0000,0.1600,10.02,1.00,49.90,--,--,0.00,EXECUTING,250,13.189,-0.0190,-0.0100,6.9730,1.2469,-2.4214,0.014
173.809,168.934,0.991,RETURN_HOME,diverged1,8.7825,-1.3546,-2.5865,0.059188,0.292051,0.214205,0.996,82,3.0295,5.0397,-0.9182,-0.404,0.00000,8.5739,0.6883,-1.4928,0.0000,0.1773,0.006,0.3075,0.7500,0.2745,51,0.096,30.85,20.17,20.21,31.12,0.0000,0.1600,9.89,1.00,50.00,--,--,0.00,EXECUTING,250,13.189,-0.0190,-0.0100,6.9731,1.2469,-2.4082,0.016
173.909,169.034,0.994,RETURN_HOME,diverged1,8.7825,-1.3546,-2.5865,0.059188,0.292051,0.214205,1.096,82,3.0295,5.0397,-0.9182,-0.404,0.00000,8.5739,0.6883,-1.4832,0.0000,0.0960,0.006,0.3070,0.7000,0.2353,51,0.096,30.30,19.19,20.41,30.30,0.0000,1.0000,10.00,0.00,50.10,--,--,0.00,EXECUTING,250,13.189,-0.0190,-0.0100,6.9732,1.2469,-2.4011,0.016
174.009,169.132,0.993,RETURN_HOME,diverged1,8.7825,-1.3546,-2.5865,0.059188,0.292051,0.214205,1.194,82,3.0295,5.0397,-0.9182,-0.406,0.00000,8.5739,0.6883,-1.4623,-0.0000,0.2194,0.004,0.3209,0.8050,0.2800,50,0.094,29.72,19.35,19.11,29.72,0.0000,0.1600,9.87,0.00,50.00,--,--,0.00,EXECUTING,250,13.189,-0.0190,-0.0100,6.9734,1.2469,-2.3854,0.014
174.109,169.232,0.993,RETURN_HOME,diverged1,8.7913,-1.3230,-2.4238,0.057821,0.296960,0.200398,0.094,83,3.3306,5.3228,-0.9631,-0.406,0.41331,8.5739,0.6883,-1.4428,0.0000,0.2013,0.004,0.3073,0.7600,0.3800,50,0.094,29.66,19.19,19.07,29.60,0.0000,0.1600,10.00,1.00,50.00,--,--,0.00,EXECUTING,250,13.189,-0.0190,-0.0100,6.9735,1.2469,-2.3706,0.014
174.209,169.322,0.980,RETURN_HOME,diverged1,8.7913,-1.3230,-2.4238,0.057821,0.296960,0.200398,0.184,83,3.3306,5.3228,-0.9631,-0.416,0.00000,8.5739,0.6883,-1.4296,-0.0000,0.1760,0.014,0.3014,0.7517,0.3725,51,0.084,30.24,19.39,19.48,30.30,0.0000,0.1600,10.02,1.00,49.80,--,--,0.00,EXECUTING,250,13.189,-0.0190,-0.0100,6.9735,1.2469,-2.3575,0.004
174.309,169.424,0.984,RETURN_HOME,diverged1,8.7913,-1.3230,-2.4238,0.057821,0.296960,0.200398,0.286,83,3.3306,5.3228,-0.9631,-0.414,0.00000,8.5739,0.6883,-1.4132,0.0000,0.1820,0.016,0.2978,0.7500,0.3800,50,0.086,30.24,19.35,19.44,30.24,0.0000,0.1600,9.96,1.00,50.00,--,--,0.00,EXECUTING,250,13.189,-0.0190,-0.0100,6.9735,1.2469,-2.3447,0.006
174.409,169.514,0.976,RETURN_HOME,diverged1,8.7913,-1.3230,-2.4238,0.057821,0.296960,0.200398,0.376,83,3.3306,5.3228,-0.9631,-0.424,0.00000,8.5739,0.6883,-1.3968,0.0000,0.1653,0.006,0.2982,0.7100,0.4000,50,0.076,30.43,19.43,19.61,30.50,0.0000,0.1600,10.04,1.00,50.00,--,--,0.00,EXECUTING,250,13.189,-0.0190,-0.0100,6.9735,1.2470,-2.3345,0.016
174.509,169.616,0.978,RETURN_HOME,diverged1,8.7913,-1.3230,-2.4238,0.057821,0.296960,0.200398,0.478,83,3.3306,5.3228,-0.9631,-0.422,0.00000,8.5739,0.6883,-1.3805,0.0000,0.1728,0.008,0.3011,0.7500,0.2549,51,0.078,30.57,19.43,19.69,30.57,0.0000,0.1600,9.89,1.00,50.00,--,--,0.00,EXECUTING,250,13.189,-0.0190,-0.0100,6.9735,1.2471,-2.3220,0.018
174.609,169.708,0.974,RETURN_HOME,diverged1,8.7913,-1.3230,-2.4238,0.057821,0.296960,0.200398,0.570,83,3.3306,5.3228,-0.9631,-0.430,0.00000,8.5739,0.6883,-1.3609,0.0000,0.1960,0.000,0.2734,0.6950,0.3077,52,0.070,30.04,19.39,19.27,30.04,0.0000,0.1600,10.02,1.00,50.10,--,--,0.00,EXECUTING,250,13.189,-0.0190,-0.0100,6.9735,1.2472,-2.3075,0.010
174.709,169.808,0.970,RETURN_HOME,diverged1,8.7913,-1.3230,-2.4238,0.057821,0.296960,0.200398,0.670,83,3.3306,5.3228,-0.9631,-0.430,0.00000,8.5739,0.6883,-1.3416,0.0000,0.1993,0.000,0.2881,0.6500,0.2941,51,0.070,29.91,19.47,19.23,29.91,0.0000,0.1600,10.18,1.00,50.10,--,--,0.00,EXECUTING,250,13.189,-0.0190,-0.0100,6.9735,1.2473,-2.2932,0.010
174.809,169.906,0.969,RETURN_HOME,diverged1,8.7913,-1.3230,-2.4238,0.057821,0.296960,0.200398,0.768,83,3.3306,5.3228,-0.9631,-0.432,0.00000,8.5739,0.6883,-1.3284,0.0000,0.1760,0.018,0.2767,0.7280,0.3529,51,0.068,30.37,19.59,19.48,30.30,0.0000,0.1600,10.02,1.00,50.00,--,--,0.00,EXECUTING,250,13.189,-0.0190,-0.0100,6.9735,1.2475,-2.2809,0.008
174.909,170.006,0.972,RETURN_HOME,diverged1,8.7913,-1.3230,-2.4238,0.057821,0.296960,0.200398,0.868,83,3.3306,5.3228,-0.9631,-0.432,0.00000,8.5739,0.6883,-1.3124,-0.0000,0.1627,0.018,0.2789,0.7000,0.3529,51,0.068,31.80,20.53,20.83,31.12,0.0000,0.1600,10.16,1.00,50.00,--,--,0.00,EXECUTING,250,13.189,-0.0190,-0.0100,6.9735,1.2475,-2.2692,0.008
175.009,170.104,0.969,RETURN_HOME,diverged1,8.7913,-1.3230,-2.4238,0.057821,0.296960,0.200398,0.966,83,3.3306,5.3228,-0.9631,-0.434,0.00000,8.5739,0.6883,-1.3029,-0.0000,0.0967,0.016,0.2826,0.7500,0.3333,51,0.066,30.77,19.39,20.55,31.12,0.0000,1.0000,10.02,1.00,50.00,--,--,0.00,EXECUTING,250,13.189,-0.0190,-0.0100,6.9735,1.2476,-2.2624,0.006
175.109,170.202,0.978,RETURN_HOME,diverged1,8.7913,-1.3230,-2.4238,0.057821,0.296960,0.200398,1.064,83,3.3306,5.3228,-0.9631,-0.436,0.00000,8.5739,0.6883,-1.2842,-0.0000,0.3313,0.014,0.2817,0.7500,0.3269,52,0.064,30.50,19.59,19.61,32.61,0.0000,0.1600,9.96,0.00,50.00,--,--,0.00,EXECUTING,250,13.189,-0.0190,-0.0100,6.9735,1.2476,-2.2491,0.004
175.209,170.300,0.978,RETURN_HOME,diverged1,8.7913,-1.3230,-2.4238,0.057821,0.296960,0.200398,1.162,83,3.3306,5.3228,-0.9631,-0.438,0.00000,8.5739,0.6883,-1.2666,0.0001,0.1756,0.012,0.2778,0.6950,0.4038,52,0.062,30.50,19.35,19.57,32.68,0.0000,0.1600,10.00,0.00,49.90,--,--,0.00,EXECUTING,250,13.189,-0.0190,-0.0100,6.9735,1.2476,-2.2367,0.002
175.309,170.400,0.976,RETURN_HOME,diverged1,8.7903,-1.3409,-2.2159,0.056669,0.302043,0.201588,0.062,84,3.2902,5.2723,-0.9571,-0.438,0.06473,8.5739,0.6883,-1.2504,0.0003,0.1812,0.012,0.2840,0.7000,0.4706,51,0.062,30.43,19.43,19.61,32.61,0.0000,0.1600,9.98,1.00,50.00,--,--,0.00,EXECUTING,250,13.189,-0.0190,-0.0100,6.9735,1.2475,-2.2253,0.002
175.409,170.500,0.982,RETURN_HOME,diverged1,8.7903,-1.3409,-2.2159,0.056669,0.302043,0.201588,0.162,84,3.2902,5.2723,-0.9571,-0.438,0.00000,8.5739,0.6882,-1.2344,0.0005,0.1606,0.012,0.2738,0.7018,0.5098,51,0.062,30.30,19.31,19.52,32.47,0.0000,0.1600,10.04,1.00,50.00,--,--,0.00,EXECUTING,250,13.189,-0.0190,-0.0100,6.9735,1.2474,-2.2141,0.002
175.509,170.602,0.993,RETURN_HOME,diverged1,8.7903,-1.3409,-2.2159,0.056669,0.302043,0.201588,0.264,84,3.2902,5.2723,-0.9571,-0.436,0.00000,8.5740,0.6882,-1.2172,0.0008,0.1800,0.014,0.2732,0.7550,0.4800,50,0.064,30.24,19.31,19.48,32.47,0.0000,0.1600,9.98,1.00,50.00,--,--,0.00,EXECUTING,250,13.189,-0.0190,-0.0100,6.9735,1.2473,-2.2019,0.004
175.609,170.700,0.992,RETURN_HOME,diverged1,8.7903,-1.3409,-2.2159,0.056669,0.302043,0.201588,0.362,84,3.2902,5.2723,-0.9571,-0.438,0.00000,8.5740,0.6881,-1.2009,0.0009,0.1706,0.012,0.2851,0.7500,0.4200,50,0.062,29.72,19.15,19.11,31.85,0.0000,0.1600,10.04,1.00,50.00,--,--,0.00,EXECUTING,250,13.189,-0.0190,-0.0100,6.9736,1.2472,-2.1905,0.002
175.708,170.800,0.993,RETURN_HOME,diverged1,8.7903,-1.3409,-2.2159,0.056669,0.302043,0.201588,0.462,84,3.2902,5.2723,-0.9571,-0.438,0.00000,8.5740,0.6880,-1.1841,0.0012,0.1694,0.012,0.2939,0.7000,0.3922,51,0.062,29.66,19.15,19.15,31.78,0.0000,0.1600,9.98,1.00,50.00,--,--,0.00,EXECUTING,250,13.189,-0.0190,-0.0100,6.9736,1.2470,-2.1787,0.002
175.810,170.900,0.992,RETURN_HOME,diverged1,8.7903,-1.3409,-2.2159,0.056669,0.302043,0.201588,0.562,84,3.2902,5.2723,-0.9571,-0.438,0.00000,8.5741,0.6879,-1.1663,0.0011,0.1955,0.012,0.2945,0.7000,0.4118,51,0.062,29.47,19.07,18.99,31.58,0.0000,0.1600,10.02,1.00,50.00,--,--,0.00,EXECUTING,250,13.189,-0.0190,-0.0100,6.9736,1.2469,-2.1685,0.022
175.909,171.002,0.997,RETURN_HOME,diverged1,8.7903,-1.3409,-2.2159,0.056669,0.302043,0.201588,0.664,84,3.2902,5.2723,-0.9571,-0.436,0.00000,8.5741,0.6879,-1.1492,0.0005,0.1791,0.014,0.3032,0.7517,0.3725,51,0.064,29.66,20.09,19.07,31.45,0.0000,0.1600,10.00,1.00,50.10,--,--,0.00,EXECUTING,250,13.189,-0.0190,-0.0100,6.9738,1.2468,-2.1536,0.004
176.009,171.100,0.997,RETURN_HOME,diverged1,8.7903,-1.3409,-2.2159,0.056669,0.302043,0.201588,0.762,84,3.2902,5.2723,-0.9571,-0.438,0.00000,8.5741,0.6878,-1.1326,0.0002,0.1748,0.012,0.2886,0.7500,0.4314,51,0.062,30.98,20.04,20.26,31.38,0.0000,0.1600,10.02,1.00,50.00,--,--,0.00,EXECUTING,250,13.189,-0.0190,-0.0100,6.9740,1.2467,-2.1412,0.002
176.109,171.200,1.000,RETURN_HOME,diverged1,8.7903,-1.3409,-2.2159,0.056669,0.302043,0.201588,0.862,84,3.2902,5.2723,-0.9571,-0.438,0.00000,8.5741,0.6878,-1.1176,0.0005,0.1560,0.012,0.2916,0.7550,0.4200,50,0.062,30.17,18.83,19.96,29.65,0.0000,1.0000,9.96,1.00,50.00,--,--,0.00,EXECUTING,250,13.189,-0.0190,-0.0100,6.9742,1.2466,-2.1298,0.002
176.209,171.296,0.997,RETURN_HOME,diverged1,8.7903,-1.3409,-2.2159,0.056669,0.302043,0.201588,0.958,84,3.2902,5.2723,-0.9571,-0.442,0.00000,8.5742,0.6876,-1.0876,0.0020,0.3373,0.008,0.3071,0.8050,0.4200,50,0.058,29.79,18.95,19.15,30.85,0.0000,0.1600,9.96,1.00,49.70,--,--,0.00,EXECUTING,250,13.189,-0.0190,-0.0100,6.9743,1.2464,-2.1125,0.018
176.309,171.402,1.002,RETURN_HOME,diverged1,8.7903,-1.3409,-2.2159,0.056669,0.302043,0.201588,1.064,84,3.2902,5.2723,-0.9571,-0.436,0.00000,8.5742,0.6876,-1.0693,0.0001,0.1858,0.014,0.2981,0.7550,0.4400,50,0.064,29.79,18.83,19.15,30.92,0.0000,0.1600,10.00,0.00,50.00,--,--,0.00,EXECUTING,250,13.189,-0.0190,-0.0100,6.9747,1.2464,-2.0949,0.004
176.409,171.500,0.998,RETURN_HOME,diverged1,8.7903,-1.3409,-2.2159,0.056669,0.302043,0.201588,1.162,84,3.2902,5.2723,-0.9571,-0.438,0.00000,8.5742,0.6876,-1.0529,0.0000,0.1658,0.012,0.3064,0.8000,0.4118,51,0.062,29.85,18.99,19.15,30.85,0.0000,0.1600,10.00,0.00,49.80,--,--,0.00,EXECUTING,250,13.189,-0.0190,-0.0100,6.9751,1.2464,-2.0821,0.002
176.508,171.600,0.999,RETURN_HOME,diverged1,8.7881,-1.3449,-2.0249,0.052825,0.292037,0.181067,0.062,85,3.4409,5.3929,-0.9800,-0.438,0.19304,8.5742,0.6876,-1.0357,0.0001,0.1728,0.012,0.2947,0.7500,0.4314,51,0.062,29.85,18.95,19.19,30.98,0.0000,0.1600,9.96,1.00,50.00,--,--,0.00,EXECUTING,250,13.189,-0.0190,-0.0100,6.9756,1.2463,-2.0687,0.002
176.609,171.698,0.997,RETURN_HOME,diverged1,8.7881,-1.3449,-2.0249,0.052825,0.292037,0.181067,0.160,85,3.4409,5.3929,-0.9800,-0.440,0.00000,8.5742,0.6876,-1.0184,0.0001,0.1756,0.010,0.3050,0.7100,0.4000,50,0.060,29.79,19.03,19.19,30.79,0.0000,0.1600,9.98,1.00,49.90,--,--,0.00,EXECUTING,250,13.189,-0.0190,-0.0100,6.9760,1.2463,-2.0577,0.020
176.709,171.796,0.997,RETURN_HOME,diverged1,8.7881,-1.3449,-2.0249,0.052825,0.292037,0.181067,0.258,85,3.4409,5.3929,-0.9800,-0.442,0.00000,8.5742,0.6876,-1.0021,0.0000,0.1820,0.008,0.3080,0.8050,0.4200,50,0.058,29.77,19.11,19.51,30.80,0.0000,0.1600,10.02,1.00,50.00,--,--,0.00,EXECUTING,250,13.189,-0.0190,-0.0100,6.9765,1.2463,-2.0447,0.018
176.809,171.896,0.997,RETURN_HOME,diverged1,8.7881,-1.3449,-2.0249,0.052825,0.292037,0.181067,0.358,85,3.4409,5.3929,-0.9800,-0.442,0.00000,8.5742,0.6876,-0.9858,0.0000,0.1813,0.008,0.2996,0.7500,0.4314,51,0.058,29.96,19.11,19.59,31.12,0.0000,0.1600,9.98,1.00,50.00,--,--,0.00,EXECUTING,250,13.189,-0.0190,-0.0100,6.9770,1.2463,-2.0316,0.018
176.909,171.992,0.990,RETURN_HOME,diverged1,8.7881,-1.3449,-2.0249,0.052825,0.292037,0.181067,0.454,85,3.4409,5.3929,-0.9800,-0.446,0.00000,8.5742,0.6876,-0.9683,0.0001,0.1744,0.004,0.3087,0.7550,0.4400,50,0.054,29.72,19.15,19.11,30.85,0.0000,0.1600,10.07,1.00,50.00,--,--,0.00,EXECUTING,250,13.189,-0.0190,-0.0100,6.9776,1.2463,-2.0175,0.014
177.009,172.080,0.981,RETURN_HOME,diverged1,8.7881,-1.3449,-2.0249,0.052825,0.292037,0.181067,0.542,85,3.4409,5.3929,-0.9800,-0.458,0.00000,8.5742,0.6876,-0.9537,0.0001,0.1885,0.012,0.2945,0.7500,0.4400,50,0.042,29.91,19.35,19.19,30.98,0.0000,0.1600,10.02,1.00,50.00,--,--,0.00,EXECUTING,250,13.189,-0.0190,-0.0100,6.9782,1.2463,-2.0029,0.002
177.108,172.178,0.979,RETURN_HOME,diverged1,8.7881,-1.3449,-2.0249,0.052825,0.292037,0.181067,0.640,85,3.4409,5.3929,-0.9800,-0.460,0.00000,8.5742,0.6876,-0.9372,0.0000,0.1677,0.010,0.2918,0.7550,0.4200,50,0.040,31.59,20.45,20.70,32.05,0.0000,0.1600,9.87,1.00,49.90,--,--,0.00,EXECUTING,250,13.189,-0.0190,-0.0100,6.9787,1.2463,-1.9921,0.020
177.209,172.278,0.973,RETURN_HOME,diverged1,8.7881,-1.3449,-2.0249,0.052825,0.292037,0.181067,0.740,85,3.4409,5.3929,-0.9800,-0.460,0.00000,8.5742,0.6876,-0.9246,0.0001,0.1277,0.010,0.3007,0.8000,0.4000,50,0.040,31.04,19.43,20.55,30.27,0.0000,1.0000,9.96,1.00,49.90,--,--,0.00,EXECUTING,250,13.189,-0.0190,-0.0100,6.9792,1.2463,-1.9820,0.020
177.309,172.378,0.976,RETURN_HOME,diverged1,8.7881,-1.3449,-2.0249,0.052825,0.292037,0.181067,0.840,85,3.4409,5.3929,-0.9800,-0.460,0.00000,8.5742,0.6876,-0.9041,0.0003,0.2523,0.010,0.2975,0.7000,0.4314,51,0.040,30.57,19.43,19.61,31.59,0.0000,0.1600,9.87,1.00,50.00,--,--,0.00,EXECUTING,250,13.189,-0.0190,-0.0100,6.9800,1.2462,-1.9649,0.020
177.409,172.474,0.974,RETURN_HOME,diverged1,8.7881,-1.3449,-2.0249,0.052825,0.292037,0.181067,0.936,85,3.4409,5.3929,-0.9800,-0.464,0.00000,8.5743,0.6876,-0.8874,0.0000,0.1724,0.006,0.3183,0.7550,0.4200,50,0.036,30.40,19.43,19.87,31.45,0.0000,0.1600,10.00,1.00,50.00,--,--,0.00,EXECUTING,250,13.189,-0.0190,-0.0100,6.9807,1.2462,-1.9509,0.016
177.509,172.566,0.965,RETURN_HOME,diverged1,8.7881,-1.3449,-2.0249,0.052825,0.292037,0.181067,1.028,85,3.4409,5.3929,-0.9800,-0.472,0.00000,8.5743,0.6876,-0.8743,0.0000,0.1737,0.020,0.2895,0.7500,0.4118,51,0.028,30.63,19.67,19.65,31.66,0.0000,0.1600,10.04,0.00,50.00,--,--,0.00,EXECUTING,250,13.189,-0.0190,-0.0100,6.9815,1.2462,-1.9370,0.008
177.609,172.668,0.970,RETURN_HOME,diverged1,8.7881,-1.3449,-2.0249,0.052825,0.292037,0.181067,1.130,85,3.4409,5.3929,-0.9800,-0.470,0.00000,8.5743,0.6876,-0.8570,0.0000,0.1872,0.020,0.2918,0.7550,0.4200,50,0.030,30.50,19.59,19.61,31.66,0.0000,0.1600,9.93,0.00,50.10,--,--,0.00,EXECUTING,250,13.189,-0.0190,-0.0100,6.9823,1.2462,-1.9222,0.010
177.709,172.758,0.958,RETURN_HOME,diverged1,8.7881,-1.3449,-2.0249,0.052825,0.292037,0.181067,1.220,85,3.4409,5.3929,-0.9800,-0.380,0.00000,8.5743,0.6876,-0.8395,0.0000,0.1778,0.010,0.2946,0.8000,0.4000,50,0.020,29.72,19.71,19.11,30.79,0.0000,0.1600,10.00,0.00,50.00,--,--,0.00,EXECUTING,250,13.189,-0.0190,-0.0100,6.9830,1.2462,-1.9102,0.020
177.809,172.858,0.962,RETURN_HOME,diverged1,8.7906,-1.3414,-1.8344,0.049885,0.269886,0.168592,0.120,86,3.5299,5.4641,-0.9927,-0.480,0.11393,8.5743,0.6876,-0.8232,0.0000,0.1636,0.010,0.2949,0.7600,0.4400,50,0.020,30.37,19.71,19.52,31.45,0.0000,0.1600,9.91,1.00,50.00,--,--,0.00,EXECUTING,250,13.189,-0.0190,-0.0100,6.9839,1.2462,-1.8956,0.020
177.909,172.950,0.966,RETURN_HOME,diverged1,8.7906,-1.3414,-1.8344,0.049885,0.269886,0.168592,0.212,86,3.5299,5.4641,-0.9927,-0.488,0.00000,8.5743,0.6876,-0.8068,0.0000,0.1650,0.002,0.3053,0.7550,0.4000,50,0.012,30.27,19.96,19.87,31.32,0.0000,0.1600,10.00,1.00,50.00,--,--,0.00,EXECUTING,250,13.189,-0.0190,-0.0100,6.9848,1.2462,-1.8812,0.012
178.009,173.050,0.968,RETURN_HOME,diverged1,8.7906,-1.3414,-1.8344,0.049885,0.269886,0.168592,0.312,86,3.5299,5.4641,-0.9927,-0.388,0.00000,8.5743,0.6876,-0.7870,0.0000,0.1986,0.002,0.2872,0.7500,0.4000,50,0.012,30.15,19.63,19.75,31.25,0.0000,0.1600,10.18,1.00,50.00,--,--,0.00,EXECUTING,250,13.189,-0.0190,-0.0100,6.9859,1.2462,-1.8641,0.012
178.109,173.146,0.964,RETURN_HOME,diverged1,8.7906,-1.3414,-1.8344,0.049885,0.269886,0.168592,0.408,86,3.5299,5.4641,-0.9927,-0.392,0.00000,8.5743,0.6876,-0.7719,0.0000,0.2145,0.018,0.2913,0.7100,0.4000,50,0.008,30.30,19.67,19.48,31.39,0.0000,0.1600,10.16,1.00,50.00,--,--,0.00,EXECUTING,250,13.189,-0.0190,-0.0100,6.9871,1.2462,-1.8466,0.008
178.209,173.246,0.964,RETURN_HOME,diverged1,8.7906,-1.3414,-1.8344,0.049885,0.269886,0.168592,0.508,86,3.5299,5.4641,-0.9927,-0.392,0.00000,8.5743,0.6876,-0.7532,0.0000,0.1896,0.018,0.2908,0.7100,0.4000,50,0.108,31.80,20.66,20.83,32.26,0.0000,0.1600,10.04,1.00,50.10,--,--,0.00,EXECUTING,250,13.189,-0.0190,-0.0100,6.9882,1.2462,-1.8304,0.008
178.309,173.338,0.960,RETURN_HOME,diverged1,8.7906,-1.3414,-1.8344,0.049885,0.269886,0.168592,0.600,86,3.5299,5.4641,-0.9927,-0.400,0.00000,8.5743,0.6876,-0.7436,0.0000,0.0971,0.010,0.2983,0.8000,0.3922,51,0.100,31.25,19.67,20.98,30.79,0.0000,0.7592,10.11,1.00,50.10,--,--,0.00,EXECUTING,250,13.189,-0.0190,-0.0100,6.9887,1.2462,-1.8217,0.000
178.408,173.442,0.968,RETURN_HOME,diverged1,8.7906,-1.3414,-1.8344,0.049885,0.269886,0.168592,0.704,86,3.5299,5.4641,-0.9927,-0.396,0.00000,8.5743,0.6876,-0.7235,0.0000,0.2235,0.014,0.2874,0.7550,0.4200,50,0.104,30.17,19.67,19.40,31.25,0.0000,0.1600,9.98,1.00,50.00,--,--,0.00,EXECUTING,250,13.189,-0.0190,-0.0100,6.9899,1.2462,-1.8032,0.004
178.509,173.538,0.967,RETURN_HOME,diverged1,8.7906,-1.3414,-1.8344,0.049885,0.269886,0.168592,0.800,86,3.5299,5.4641,-0.9927,-0.400,0.00000,8.5743,0.6876,-0.7051,0.0000,0.2025,0.010,0.2846,0.7500,0.3922,51,0.100,30.17,19.47,19.44,31.32,0.0000,0.1600,9.98,1.00,50.00,--,--,0.00,EXECUTING,250,13.189,-0.0190,-0.0100,6.9909,1.2462,-1.7894,0.020
178.608,173.640,0.973,RETURN_HOME,diverged1,8.7906,-1.3414,-1.8344,0.049885,0.269886,0.168592,0.902,86,3.5299,5.4641,-0.9927,-0.398,0.00000,8.5743,0.6876,-0.6874,0.0000,0.1880,0.012,0.2816,0.7100,0.4200,50,0.102,30.30,19.47,19.44,31.39,0.0000,0.1600,10.00,1.00,50.00,--,--,0.00,EXECUTING,250,13.189,-0.0190,-0.0100,6.9924,1.2462,-1.7695,0.002
178.709,173.738,0.980,RETURN_HOME,diverged1,8.7906,-1.3414,-1.8344,0.049885,0.269886,0.168592,1.000,86,3.5299,5.4641,-0.9927,-0.400,0.00000,8.5743,0.6876,-0.6698,0.0000,0.1785,0.010,0.2867,0.7826,0.3725,51,0.100,30.30,19.35,19.48,31.39,0.0000,0.1600,10.00,1.00,50.10,--,--,0.00,EXECUTING,250,13.189,-0.0190,-0.0100,6.9934,1.2462,-1.7560,0.020
178.809,173.838,0.980,RETURN_HOME,diverged1,8.7906,-1.3414,-1.8344,0.049885,0.269886,0.168592,1.100,86,3.5299,5.4641,-0.9927,-0.400,0.00000,8.5743,0.6876,-0.6534,0.0000,0.2207,0.010,0.2849,0.7600,0.4400,50,0.100,30.43,19.39,19.61,31.52,0.0000,0.1600,10.02,0.00,50.00,--,--,0.00,EXECUTING,250,13.189,-0.0190,-0.0100,6.9946,1.2462,-1.7402,0.020
178.909,173.928,0.978,RETURN_HOME,diverged1,8.7906,-1.3414,-1.8344,0.049885,0.269886,0.168592,1.190,86,3.5299,5.4641,-0.9927,-0.410,0.00000,8.5743,0.6876,-0.6391,0.0000,0.1449,0.000,0.3031,0.8000,0.4000,50,0.090,29.66,19.27,19.11,30.72,0.0000,0.1600,9.98,0.00,50.00,--,--,0.00,EXECUTING,250,13.189,-0.0190,-0.0100,6.9957,1.2462,-1.7263,0.010
179.009,174.028,0.978,RETURN_HOME,diverged1,8.8034,-1.3323,-1.6422,0.043532,0.275488,0.155020,0.090,87,3.6245,5.5356,-1.0047,-0.410,0.11861,8.5743,0.6876,-0.6263,0.0000,0.1843,0.024,0.2808,0.7500,0.4200,50,0.090,28.78,19.43,19.23,29.91,0.0000,0.1600,10.02,1.00,50.00,--,--,0.00,EXECUTING,250,13.189,-0.0190,-0.0100,6.9969,1.2462,-1.7108,0.010
179.109,174.122,0.976,RETURN_HOME,diverged1,8.8034,-1.3323,-1.6422,0.043532,0.275488,0.155020,0.184,87,3.6245,5.5356,-1.0047,-0.416,0.00000,8.5743,0.6876,-0.6091,0.0000,0.1670,0.014,0.2839,0.7100,0.4200,50,0.084,28.48,19.39,18.99,29.47,0.0000,0.1600,9.98,1.00,49.90,--,--,0.00,EXECUTING,236,12.272,-0.0190,-0.0100,6.9983,1.2462,-1.6936,0.004
179.209,174.224,0.978,RETURN_HOME,diverged1,8.8034,-1.3323,-1.6422,0.043532,0.275488,0.155020,0.286,87,3.6245,5.5356,-1.0047,-0.414,0.00000,8.5743,0.6876,-0.5916,0.0000,0.2723,0.024,0.2901,0.8000,0.3922,51,0.086,28.97,19.43,19.40,30.04,0.0000,1.0000,10.02,1.00,49.90,--,--,0.00,EXECUTING,236,12.272,-0.0190,-0.0100,6.9997,1.2462,-1.6757,0.006
179.309,174.324,0.979,RETURN_HOME,diverged1,8.8034,-1.3323,-1.6422,0.043532,0.275488,0.155020,0.386,87,3.6245,5.5356,-1.0047,-0.414,0.00000,8.5743,0.6876,-0.5576,0.0000,0.3320,0.016,0.3009,0.8000,0.3922,51,0.086,30.30,20.41,20.70,30.53,0.0000,0.9487,10.02,1.00,50.00,--,--,0.00,EXECUTING,236,12.272,-0.0190,-0.0100,7.0025,1.2462,-1.6397,0.006
179.409,174.422,0.982,RETURN_HOME,diverged1,8.8034,-1.3323,-1.6422,0.043532,0.275488,0.155020,0.484,87,3.6245,5.5356,-1.0047,-0.416,0.00000,8.5743,0.6875,-0.5078,0.0001,0.5176,0.014,0.2763,0.7490,0.4200,50,0.084,30.24,20.41,20.65,30.24,0.0000,0.9487,10.04,1.00,50.00,--,--,0.00,EXECUTING,236,12.272,-0.0190,-0.0100,7.0068,1.2462,-1.5864,0.004
179.509,174.518,0.975,RETURN_HOME,diverged1,8.8034,-1.3323,-1.6422,0.043532,0.275488,0.155020,0.580,87,3.6245,5.5356,-1.0047,-0.420,0.00000,8.5743,0.6875,-0.4414,0.0001,0.6741,0.010,0.2680,0.7050,0.4000,50,0.080,30.50,20.49,20.74,30.43,0.0000,0.8974,10.02,1.00,50.00,--,--,0.00,EXECUTING,236,12.272,-0.0190,-0.0100,7.0127,1.2462,-1.5153,0.000
179.609,174.618,0.978,RETURN_HOME,diverged1,8.8304,-1.2954,-1.4662,0.038966,0.238071,0.147448,0.080,88,3.9601,5.7947,-1.0489,-0.420,0.42399,8.5743,0.6875,-0.3615,0.0000,0.8068,0.010,0.2797,0.7050,0.3600,50,0.080,30.43,20.49,20.74,30.43,0.0000,-0.4359,9.98,1.67,50.00,--,--,0.00,EXECUTING,236,12.272,-0.0190,-0.0100,7.0193,1.2462,-1.4355,0.000
179.709,174.718,0.977,RETURN_HOME,diverged1,8.8304,-1.2954,-1.4662,0.038966,0.238071,0.147448,0.180,88,3.9601,5.7947,-1.0489,-0.420,0.00000,8.5743,0.6875,-0.2986,-0.0000,0.6537,0.012,0.2783,0.7050,0.3600,50,0.080,30.24,20.45,20.65,30.30,0.0000,-0.4872,10.00,1.67,50.00,--,--,0.00,EXECUTING,236,12.272,-0.0190,-0.0100,7.0240,1.2462,-1.3763,0.000
179.809,174.816,0.978,RETURN_HOME,diverged1,8.8304,-1.2954,-1.4662,0.038966,0.238071,0.147448,0.278,88,3.9601,5.7947,-1.0489,-0.422,0.00000,8.5743,0.6875,-0.2526,-0.0000,0.5205,0.008,0.2808,0.7500,0.4000,50,0.078,30.24,20.45,20.70,30.24,0.0000,-0.5385,10.04,1.67,50.00,--,--,0.00,EXECUTING,236,12.272,-0.0190,-0.0100,7.0266,1.2462,-1.3419,0.018
179.909,174.914,0.984,RETURN_HOME,diverged1,8.8304,-1.2954,-1.4662,0.038966,0.238071,0.147448,0.376,88,3.9601,5.7947,-1.0489,-0.424,0.00000,8.5743,0.6875,-0.2219,-0.0000,0.3124,0.006,0.2860,0.7100,0.4400,50,0.076,29.54,20.33,20.21,29.54,0.0000,-0.5385,10.00,1.67,50.00,--,--,0.00,EXECUTING,236,12.272,-0.0190,-0.0100,7.0288,1.2462,-1.3119,0.016
180.008,175.014,0.986,RETURN_HOME,diverged1,8.8738,-1.2403,-1.3231,0.038375,0.213582,0.133240,0.076,89,4.4181,6.1175,-1.1063,-0.424,0.56033,8.5743,0.6875,-0.2080,0.0000,0.1384,0.006,0.2703,0.6600,0.4600,50,0.076,30.79,20.28,20.30,30.79,0.0000,-1.0000,9.98,2.48,50.00,--,--,0.00,EXECUTING,236,12.272,-0.0190,-0.0100,7.0298,1.2462,-1.2974,0.016
180.108,175.110,0.988,RETURN_HOME,diverged1,8.8738,-1.2403,-1.3231,0.038375,0.213582,0.133240,0.172,89,4.4181,6.1175,-1.1063,-0.428,0.00000,8.5743,0.6875,-0.2088,0.0000,-0.0075,0.002,0.2600,0.6600,0.4600,50,0.072,30.85,20.28,20.21,30.85,0.0000,-0.0000,10.04,2.48,50.10,--,--,0.00,EXECUTING,235,12.222,-0.0190,-0.0100,7.0298,1.2462,-1.2976,0.012
180.209,175.212,0.988,RETURN_HOME,diverged1,8.8738,-1.2403,-1.3231,0.038375,0.213582,0.133240,0.274,89,4.4181,6.1175,-1.1063,-0.426,0.00000,8.5743,0.6875,-0.2092,0.0000,-0.0037,0.004,0.2600,0.6600,0.4600,50,0.074,31.05,20.28,20.34,30.98,0.0000,-0.0000,9.89,2.48,50.00,--,--,0.00,EXECUTING,235,12.222,-0.0190,-0.0100,7.0298,1.2462,-1.2979,0.014
180.309,175.308,0.984,RETURN_HOME,diverged1,8.8738,-1.2403,-1.3231,0.038375,0.213582,0.133240,0.370,89,4.4181,6.1175,-1.1063,-0.430,0.00000,8.5743,0.6875,-0.2092,-0.0000,-0.0000,0.020,0.2590,0.6600,0.4600,50,0.070,30.98,20.37,20.21,30.98,0.0000,-0.0000,10.02,2.48,50.00,--,--,0.00,EXECUTING,235,12.222,-0.0190,-0.0100,7.0298,1.2462,-1.2979,0.010
180.409,175.406,0.984,RETURN_HOME,diverged1,8.8738,-1.2403,-1.3231,0.038375,0.213582,0.133240,0.468,89,4.4181,6.1175,-1.1063,-0.432,0.00000,8.5743,0.6875,-0.2092,0.0000,0.0000,0.018,0.2460,0.7000,0.4510,51,0.068,30.98,20.28,20.30,30.92,0.0000,-0.0000,9.98,2.48,50.00,--,--,0.00,EXECUTING,235,12.222,-0.0190,-0.0100,7.0298,1.2462,-1.2979,0.008
180.509,175.508,0.989,RETURN_HOME,diverged1,8.8738,-1.2403,-1.3231,0.038375,0.213582,0.133240,0.570,89,4.4181,6.1175,-1.1063,-0.430,0.00000,8.5743,0.6875,-0.2095,0.0000,-0.0037,0.020,0.2380,0.6500,0.3725,51,0.070,30.85,20.24,20.70,31.12,0.0000,-1.0000,9.91,2.48,49.90,--,--,0.00,EXECUTING,235,12.222,-0.0190,-0.0100,7.0298,1.2462,-1.2989,0.010
180.609,175.606,0.987,RETURN_HOME,diverged1,8.8738,-1.2403,-1.3231,0.038375,0.213582,0.133240,0.668,89,4.4181,6.1175,-1.1063,-0.432,0.00000,8.5743,0.6875,-0.2242,0.0000,-0.1572,0.020,0.2402,0.6000,0.3333,51,0.068,30.92,20.24,20.30,30.85,0.0000,-0.1600,10.02,1.00,50.10,--,--,0.00,EXECUTING,235,12.222,-0.0190,-0.0100,7.0288,1.2462,-1.3130,0.008
180.709,175.708,0.990,RETURN_HOME,diverged1,8.8738,-1.2403,-1.3231,0.038375,0.213582,0.133240,0.770,89,4.4181,6.1175,-1.1063,-0.430,0.00000,8.5743,0.6875,-0.2402,0.0000,-0.1587,0.020,0.2365,0.6000,0.3269,52,0.070,30.98,20.24,20.26,30.98,0.0000,-0.1600,9.91,1.00,50.00,--,--,0.00,EXECUTING,235,12.222,-0.0190,-0.0100,7.0278,1.2462,-1.3276,0.010
180.809,175.808,0.994,RETURN_HOME,diverged1,8.8738,-1.2403,-1.3231,0.038375,0.213582,0.133240,0.870,89,4.4181,6.1175,-1.1063,-0.430,0.00000,8.5743,0.6875,-0.2562,0.0000,-0.1613,0.020,0.2299,0.6400,0.3462,52,0.070,30.79,20.20,20.21,30.85,0.0000,-0.1600,10.00,1.00,50.00,--,--,0.00,EXECUTING,235,12.222,-0.0190,-0.0100,7.0267,1.2462,-1.3424,0.010
180.909,175.896,0.982,RETURN_HOME,diverged1,8.8738,-1.2403,-1.3231,0.038375,0.213582,0.133240,0.958,89,4.4181,6.1175,-1.1063,-0.442,0.00000,8.5743,0.6875,-0.2734,0.0000,-0.1715,0.008,0.2443,0.6416,0.3462,52,0.058,30.86,20.33,20.58,30.99,0.0000,-0.3200,10.07,1.00,50.00,--,--,0.00,EXECUTING,235,12.222,-0.0190,-0.0100,7.0258,1.2462,-1.3546,0.018
181.008,175.996,0.982,RETURN_HOME,diverged1,8.8738,-1.2403,-1.3231,0.038375,0.213582,0.133240,1.058,89,4.4181,6.1175,-1.1063,-0.442,0.00000,8.5743,0.6875,-0.3061,0.0000,-0.3630,0.008,0.2385,0.7500,0.3529,51,0.058,30.98,20.41,20.34,30.92,0.0000,-1.0000,9.91,0.00,50.00,--,--,0.00,EXECUTING,235,12.222,-0.0190,-0.0100,7.0237,1.2462,-1.3838,0.018
181.108,176.086,0.976,RETURN_HOME,diverged1,8.8738,-1.2403,-1.3231,0.038375,0.213582,0.133240,1.148,89,4.4181,6.1175,-1.1063,-0.452,0.00000,8.5743,0.6875,-0.3440,0.0000,-0.4550,0.018,0.2422,0.7000,0.3654,52,0.048,30.98,20.49,20.30,30.92,0.0000,-0.4800,10.14,0.00,50.20,--,--,0.00,EXECUTING,235,12.222,-0.0190,-0.0100,7.0202,1.2462,-1.4288,0.008
181.209,176.180,0.969,RETURN_HOME,diverged1,8.8738,-1.2403,-1.3231,0.038375,0.213582,0.133240,1.242,89,4.4181,6.1175,-1.1063,-0.458,0.00000,8.5743,0.6875,-0.3920,0.0000,-0.4840,0.012,0.2470,0.7500,0.3333,51,0.042,31.05,20.49,20.30,30.86,0.0000,-0.4800,9.91,0.00,50.00,--,--,0.00,EXECUTING,234,12.202,-0.0190,-0.0100,7.0163,1.2462,-1.4763,0.002
181.309,176.282,0.973,RETURN_HOME,diverged1,8.8976,-1.2433,-1.5617,0.026453,0.196080,0.098723,0.044,90,4.6624,6.2437,-1.1360,-0.456,0.27499,8.5743,0.6875,-0.4404,0.0000,-0.4838,0.014,0.2283,0.8000,0.4118,51,0.044,30.72,20.49,20.13,30.72,0.0000,-0.4800,10.02,1.00,49.90,--,--,0.00,EXECUTING,234,12.202,-0.0190,-0.0100,7.0120,1.2462,-1.5256,0.004
181.409,176.378,0.972,RETURN_HOME,diverged1,8.8976,-1.2433,-1.5617,0.026453,0.196080,0.098723,0.140,90,4.6624,6.2437,-1.1360,-0.460,0.00000,8.5747,0.6873,-0.4890,0.0042,-0.4857,0.010,0.2285,0.6900,0.4615,52,0.040,31.25,20.53,20.56,31.25,0.0316,-1.0000,10.09,1.00,50.00,--,--,0.00,EXECUTING,234,12.202,-0.0190,-0.0100,7.0084,1.2461,-1.5658,0.020
181.509,176.476,0.968,RETURN_HOME,diverged1,8.8976,-1.2433,-1.5617,0.026453,0.196080,0.098723,0.238,90,4.6624,6.2437,-1.1360,-0.462,0.00000,8.5774,0.6858,-0.5553,0.0315,-0.6672,0.008,0.2256,0.6950,0.5000,52,0.038,31.39,20.62,20.56,31.39,0.0316,-1.0000,10.00,1.00,50.10,--,--,0.00,EXECUTING,234,12.202,-0.0190,-0.0100,7.0027,1.2430,-1.6325,0.018
181.609,176.574,0.968,RETURN_HOME,diverged1,8.8976,-1.2433,-1.5617,0.026453,0.196080,0.098723,0.336,90,4.6624,6.2437,-1.1360,-0.464,0.00000,8.5800,0.6840,-0.6378,0.0327,-0.8569,0.006,0.2215,0.6902,0.5577,52,0.036,31.12,20.62,20.65,31.19,0.0316,-1.0000,10.11,1.00,49.90,--,--,0.00,EXECUTING,234,12.202,-0.0190,-0.0100,6.9958,1.2399,-1.7131,0.016
181.709,176.674,0.962,RETURN_HOME,diverged1,8.9098,-1.2363,-1.8381,0.025348,0.187863,0.092921,0.036,91,4.6494,6.2444,-1.1325,-0.464,0.01301,8.5821,0.6823,-0.7330,0.0280,-0.9871,0.006,0.2156,0.8000,0.6078,51,0.036,31.12,20.66,20.70,31.12,0.0000,-0.8462,10.00,2.46,50.00,--,--,0.00,EXECUTING,234,12.202,-0.0190,-0.0100,6.9882,1.2369,-1.8044,0.016
181.809,176.770,0.962,RETURN_HOME,diverged1,8.9098,-1.2363,-1.8381,0.025348,0.187863,0.092921,0.132,91,4.6494,6.2444,-1.1325,-0.468,0.00000,8.5822,0.6822,-0.8174,0.0017,-0.8514,0.002,0.2242,0.6000,0.5882,51,0.032,31.12,20.70,20.70,31.06,0.0000,-0.8462,9.96,2.46,50.00,--,--,0.00,EXECUTING,234,12.202,-0.0190,-0.0100,6.9828,1.2366,-1.8816,0.012
181.909,176.868,0.968,RETURN_HOME,diverged1,8.9098,-1.2363,-1.8381,0.025348,0.187863,0.092921,0.230,91,4.6494,6.2444,-1.1325,-0.470,0.00000,8.5822,0.6822,-0.9020,0.0000,-0.8462,0.000,0.2269,0.6000,0.5686,51,0.030,30.72,20.62,20.17,30.72,0.0000,-0.8462,10.04,2.46,50.00,--,--,0.00,EXECUTING,234,12.202,-0.0190,-0.0100,6.9784,1.2366,-1.9548,0.010
182.009,176.968,0.979,RETURN_HOME,diverged1,8.9254,-1.2072,-2.0803,0.024671,0.179795,0.090987,0.030,92,4.5652,6.2163,-1.1190,-0.470,0.08880,8.5822,0.6822,-0.9697,0.0000,-0.8532,0.020,0.2233,0.6000,0.5882,51,0.030,31.05,20.49,20.39,31.12,0.0000,-0.8462,9.93,2.84,50.00,--,--,0.00,EXECUTING,234,12.202,-0.0190,-0.0100,6.9749,1.2366,-2.0250,0.010
182.109,177.068,0.987,RETURN_HOME,diverged1,8.9254,-1.2072,-2.0803,0.024671,0.179795,0.090987,0.130,92,4.5652,6.2163,-1.1190,-0.470,0.00000,8.5822,0.6822,-1.0713,0.0000,-0.8925,0.000,0.2336,0.6185,0.4902,51,0.030,30.98,20.37,20.30,30.92,0.0000,-0.8462,10.04,2.84,50.00,--,--,0.00,EXECUTING,234,12.202,-0.0190,-0.0100,6.9723,1.2366,-2.0924,0.010
182.209,177.166,0.986,RETURN_HOME,diverged1,8.9254,-1.2072,-2.0803,0.024671,0.179795,0.090987,0.228,92,4.5652,6.2163,-1.1190,-0.472,0.00000,8.5822,0.6822,-1.1388,-0.0003,-0.8760,0.018,0.2460,0.7000,0.5098,51,0.028,30.72,20.33,20.13,30.72,0.0000,-0.8462,10.00,2.84,50.00,--,--,0.00,EXECUTING,234,12.215,-0.0190,-0.0100,6.9707,1.2367,-2.1567,0.008
182.309,177.266,0.984,RETURN_HOME,diverged1,8.9278,-1.1899,-2.3302,0.025182,0.175382,0.086267,0.028,93,4.5525,6.2245,-1.1170,-0.472,0.01514,8.5821,0.6825,-1.2213,-0.0037,-0.9236,0.018,0.2733,0.8000,0.4314,51,0.028,31.12,20.33,20.34,31.12,0.0000,-0.8462,10.07,3.37,50.10,--,--,0.00,EXECUTING,234,12.215,-0.0190,-0.0100,6.9703,1.2372,-2.2155,0.008
182.409,177.364,0.986,RETURN_HOME,diverged1,8.9278,-1.1899,-2.3302,0.025182,0.175382,0.086267,0.126,93,4.5525,6.2245,-1.1170,-0.474,0.00000,8.5820,0.6827,-1.3050,-0.0014,-0.8510,0.016,0.3138,0.8246,0.3333,51,0.026,31.12,20.37,20.34,31.12,0.0000,-0.8462,9.91,3.37,49.90,--,--,0.00,EXECUTING,234,12.215,-0.0190,-0.0100,6.9703,1.2374,-2.2750,0.006
182.510,177.452,0.974,RETURN_HOME,diverged1,8.9278,-1.1899,-2.3302,0.025182,0.175382,0.086267,0.214,93,4.5525,6.2245,-1.1170,-0.486,0.00000,8.5821,0.6822,-1.3903,0.0047,-0.8669,0.004,0.3317,0.7950,0.3077,52,0.014,31.12,20.49,20.47,31.12,0.0947,-1.0000,10.00,3.37,50.00,--,--,0.00,EXECUTING,234,12.215,-0.0190,-0.0100,6.9702,1.2373,-2.3254,0.014
182.609,177.552,0.976,RETURN_HOME,diverged1,8.9278,-1.1899,-2.3302,0.025182,0.175382,0.086267,0.314,93,4.5525,6.2245,-1.1170,-0.386,0.00000,8.5832,0.6737,-1.4884,0.0869,-0.9965,0.004,0.3573,0.8500,0.2745,51,0.014,31.32,20.49,20.47,31.32,0.0947,-1.0000,9.96,3.37,49.90,--,--,0.00,EXECUTING,234,12.215,-0.0190,-0.0100,6.9648,1.2323,-2.3971,0.014
182.709,177.648,0.974,RETURN_HOME,diverged1,8.9365,-1.1513,-2.5824,0.032178,0.177062,0.096085,0.110,94,4.4709,6.2096,-1.1039,-0.390,0.08287,8.5835,0.6642,-1.5883,0.1062,-1.1202,0.000,0.3747,0.8500,0.2745,51,0.010,30.98,20.49,20.30,30.98,0.0947,-1.0000,10.02,3.36,50.00,--,--,0.00,EXECUTING,234,12.215,-0.0190,-0.0100,6.9574,1.2262,-2.4700,0.010
182.809,177.750,0.980,RETURN_HOME,diverged1,8.9365,-1.1513,-2.5824,0.032178,0.177062,0.096085,0.212,94,4.4709,6.2096,-1.1039,-0.488,0.00000,8.5829,0.6549,-1.6845,0.0947,-0.9697,0.002,0.3875,0.8602,0.2745,51,0.012,30.85,20.45,20.21,30.85,0.0947,-1.0000,9.98,3.37,50.00,--,--,0.00,EXECUTING,234,12.215,-0.0190,-0.0100,6.9499,1.2205,-2.5376,0.012
182.909,177.848,0.977,RETURN_HOME,diverged1,8.9365,-1.1513,-2.5824,0.032178,0.177062,0.096085,0.310,94,4.4709,6.2096,-1.1039,-0.390,0.00000,8.5814,0.6455,-1.7768,0.1041,-1.0094,0.000,0.4032,0.8246,0.2353,51,0.010,30.72,20.33,20.17,30.79,0.0947,-1.0000,10.07,3.37,50.00,--,--,0.00,EXECUTING,234,12.215,-0.0190,-0.0100,6.9420,1.2154,-2.6017,0.010
183.009,177.948,0.980,RETURN_HOME,diverged1,8.9186,-1.1391,-2.8692,0.046617,0.178334,0.102463,0.110,95,4.4632,6.2236,-1.1018,-0.390,0.01600,8.5796,0.6381,-1.8502,0.1021,-0.9921,0.020,0.4100,0.7906,0.2353,51,0.010,30.85,20.45,20.21,30.79,0.0947,-1.0000,10.02,3.33,50.00,--,--,0.00,EXECUTING,234,12.215,-0.0190,-0.0100,6.9338,1.2114,-2.6677,0.010
183.109,178.044,0.977,RETURN_HOME,diverged1,8.9186,-1.1391,-2.8692,0.046617,0.178334,0.102463,0.206,95,4.4632,6.2236,-1.1018,-0.394,0.00000,8.5765,0.6292,-1.9443,0.1064,-1.0612,0.016,0.4145,0.8110,0.2600,50,0.106,30.92,20.45,20.26,30.79,0.0947,-1.0000,9.96,3.30,49.90,--,--,0.00,EXECUTING,234,12.215,-0.0190,-0.0100,6.9253,1.2098,-2.7411,0.006
183.209,178.144,0.978,RETURN_HOME,diverged1,8.9186,-1.1391,-2.8692,0.046617,0.178334,0.102463,0.306,95,4.4632,6.2236,-1.1018,-0.394,0.00000,8.5725,0.6203,-2.0435,0.0980,-1.0003,0.016,0.4286,0.8600,0.2653,49,0.106,30.92,20.49,20.26,30.98,0.0947,-1.0000,10.00,3.30,50.00,--,--,0.00,EXECUTING,232,12.087,-0.0190,-0.0100,6.9162,1.2105,-2.8261,0.006
183.308,178.244,0.978,RETURN_HOME,diverged1,8.8818,-0.8987,3.1268,0.059376,0.188556,0.118623,0.106,96,4.4632,6.4729,-1.1030,-0.394,0.24932,8.5675,0.6117,-2.1415,0.1426,-1.3948,0.020,0.4174,0.8500,0.3061,49,0.106,31.12,20.45,20.47,31.12,0.2684,-0.7949,10.10,3.34,50.20,--,--,0.00,EXECUTING,232,12.087,-0.0190,-0.0100,6.9063,1.2126,-2.9145,0.006
183.409,178.342,0.978,RETURN_HOME,diverged1,8.8818,-0.8987,3.1268,0.059376,0.188556,0.118623,0.204,96,4.4632,6.4729,-1.1030,-0.396,0.00000,8.5559,0.5952,-2.2186,0.1974,-0.7458,0.014,0.4201,0.8126,0.3265,49,0.104,31.39,20.41,20.65,31.39,0.3000,-0.7949,10.04,3.33,50.10,--,--,0.00,EXECUTING,232,12.087,-0.0190,-0.0100,6.8855,1.2153,-2.9942,0.004
183.509,178.438,0.986,RETURN_HOME,diverged1,8.8818,-0.8987,3.1268,0.059376,0.188556,0.118623,0.300,96,4.4632,6.4729,-1.1030,-0.400,0.00000,8.5377,0.5729,-2.2925,0.2963,-0.7592,0.010,0.4186,0.8553,0.3404,47,0.100,30.74,20.37,20.62,30.74,0.2842,-0.7436,10.00,3.33,50.00,--,--,0.00,EXECUTING,232,12.087,-0.0190,-0.0100,6.8564,1.2187,-3.0713,0.000
183.609,178.538,0.989,RETURN_HOME,diverged1,8.7985,-1.1323,2.8467,0.073811,0.195888,0.137050,0.100,97,4.6901,6.3716,-1.1366,-0.400,0.24847,8.5183,0.5524,-2.3671,0.2850,-0.7514,0.010,0.4137,0.8570,0.3261,46,0.100,30.72,20.28,20.30,30.66,0.2842,-0.9487,10.04,3.30,50.10,--,--,0.00,EXECUTING,232,12.087,-0.0190,-0.0100,6.8280,1.2247,3.1320,0.000
183.708,178.634,0.986,RETURN_HOME,diverged1,8.7985,-1.1323,2.8467,0.073811,0.195888,0.137050,0.196,97,4.6901,6.3716,-1.1366,-0.404,0.00000,8.4974,0.5337,-2.4583,0.2978,-0.9732,0.008,0.4008,0.8678,0.3191,47,0.096,30.74,20.37,20.58,30.74,0.2684,-1.0000,10.07,3.33,50.10,--,--,0.00,EXECUTING,232,12.087,-0.0190,-0.0100,6.8054,1.2314,3.0568,0.016
183.809,178.736,0.987,RETURN_HOME,diverged1,8.7985,-1.1323,2.8467,0.073811,0.195888,0.137050,0.298,97,4.6901,6.3716,-1.1366,-0.402,0.00000,8.4754,0.5176,-2.5565,0.2984,-1.0779,0.008,0.4009,0.8506,0.3191,47,0.098,30.79,20.28,20.26,31.85,0.3000,-0.8974,10.02,3.33,50.00,--,--,0.00,EXECUTING,232,12.087,-0.0190,-0.0100,6.7787,1.2417,2.9594,0.018
183.908,178.834,0.987,RETURN_HOME,diverged1,8.7571,-0.7972,2.5699,0.083925,0.201672,0.152710,0.096,98,4.8026,6.7137,-1.1470,-0.404,0.36014,8.4498,0.5022,-2.6445,0.3055,-0.8982,0.006,0.4051,0.8700,0.3191,47,0.096,30.74,20.37,20.49,31.76,0.3000,-0.7374,9.78,3.29,50.00,--,--,0.00,EXECUTING,232,12.087,-0.0190,-0.0100,6.7498,1.2543,2.8773,0.016
184.009,178.936,0.988,RETURN_HOME,diverged1,8.7571,-0.7972,2.5699,0.083925,0.201672,0.152710,0.198,98,4.8026,6.7137,-1.1470,-0.402,0.00000,8.4229,0.4888,-2.7174,0.3025,-0.7356,0.008,0.4092,0.8944,0.3556,45,0.098,30.61,20.24,20.41,32.59,0.3000,-0.5774,10.02,3.23,50.00,--,--,0.00,EXECUTING,232,12.087,-0.0190,-0.0100,6.7211,1.2676,2.8108,0.018
184.109,179.036,0.991,RETURN_HOME,diverged1,8.7571,-0.7972,2.5699,0.083925,0.201672,0.152710,0.298,98,4.8026,6.7137,-1.1470,-0.402,0.00000,8.3953,0.4773,-2.7741,0.3021,-0.5718,0.008,0.4131,0.8816,0.3261,46,0.098,30.43,20.24,20.41,32.59,0.3000,-0.4174,9.89,3.23,50.00,--,--,0.00,EXECUTING,232,12.087,-0.0190,-0.0100,6.6931,1.2809,2.7607,0.018
184.209,179.118,0.974,RETURN_HOME,diverged1,8.7031,-0.6933,2.3454,0.088472,0.217550,0.170671,0.080,99,4.9098,6.8081,-1.1593,-0.420,0.14280,8.3728,0.4691,-2.8064,0.3070,-0.4363,0.012,0.3977,0.8672,0.3191,47,0.080,31.32,20.58,20.83,34.56,0.3000,-0.3333,9.98,3.34,49.90,--,--,0.00,EXECUTING,224,11.774,-0.0190,-0.0100,6.6710,1.2917,2.7324,0.020
184.309,179.210,0.964,RETURN_HOME,diverged1,8.7031,-0.6933,2.3454,0.088472,0.217550,0.170671,0.172,99,4.9098,6.8081,-1.1593,-0.428,0.00000,8.3448,0.4598,-2.8356,0.2899,-0.2861,0.002,0.4031,0.8628,0.2979,47,0.072,31.39,20.70,20.52,34.56,0.3000,-0.3333,10.04,3.39,49.80,--,--,0.00,EXECUTING,224,11.774,-0.0190,-0.0100,6.6442,1.3047,2.7103,0.012
184.409,179.310,0.970,RETURN_HOME,diverged1,8.7031,-0.6933,2.3454,0.088472,0.217550,0.170671,0.272,99,4.9098,6.8081,-1.1593,-0.428,0.00000,8.3183,0.4517,-2.8537,0.2944,-0.1923,0.002,0.3911,0.8660,0.2708,48,0.072,31.39,20.70,20.61,34.63,0.3000,-0.3333,9.98,3.39,50.00,--,--,0.00,EXECUTING,224,11.774,-0.0190,-0.0100,6.6215,1.3152,2.7100,0.012
184.509,179.406,0.968,RETURN_HOME,diverged1,8.7031,-0.6933,2.3454,0.088472,0.217550,0.170671,0.368,99,4.9098,6.8081,-1.1593,-0.432,0.00000,8.2973,0.4457,-2.8668,0.2633,-0.1607,0.018,0.4194,0.8932,0.1667,48,0.068,31.05,20.58,20.61,34.26,0.2842,-0.3333,10.00,3.39,49.90,--,--,0.00,EXECUTING,224,11.774,-0.0190,-0.0100,6.5992,1.3255,2.7091,0.008
184.609,179.506,0.968,RETURN_HOME,diverged1,8.7031,-0.6933,2.3454,0.088472,0.217550,0.170671,0.468,99,4.9098,6.8081,-1.1593,-0.432,0.00000,8.2721,0.4388,-2.8846,0.3538,-0.2391,0.018,0.4134,0.8779,0.1915,47,0.068,31.32,20.66,20.52,34.56,0.2842,-0.3333,9.91,3.60,50.00,--,--,0.00,EXECUTING,224,11.774,-0.0190,-0.0100,6.5781,1.3353,2.7089,0.008
184.709,179.602,0.962,RETURN_HOME,diverged1,8.7031,-0.6933,2.3454,0.088472,0.217550,0.170671,0.564,99,4.9098,6.8081,-1.1593,-0.436,0.00000,8.2460,0.4322,-2.9083,0.2683,-0.2367,0.014,0.4064,0.9256,0.1875,48,0.064,31.12,20.62,20.39,34.30,0.2842,-0.3846,10.02,3.60,50.00,--,--,0.00,EXECUTING,224,11.774,-0.0190,-0.0100,6.5558,1.3476,2.6901,0.004
184.809,179.698,0.959,RETURN_HOME,diverged1,8.7031,-0.6933,2.3454,0.088472,0.217550,0.170671,0.660,99,4.9098,6.8081,-1.1593,-0.440,0.00000,8.2188,0.4263,-2.9392,0.2965,-0.3295,0.012,0.3715,0.9014,0.2917,48,0.060,31.25,20.79,21.02,33.26,0.3000,-0.3333,10.23,3.60,49.90,--,--,0.00,EXECUTING,224,11.774,-0.0190,-0.0100,6.5387,1.3617,2.7116,0.000
184.909,179.798,0.958,RETURN_HOME,diverged1,8.7031,-0.6933,2.3454,0.088472,0.217550,0.170671,0.760,99,4.9098,6.8081,-1.1593,-0.440,0.00000,8.1910,0.4210,-2.9756,0.2783,-0.3627,0.010,0.3231,0.8506,0.3617,47,0.060,31.19,20.75,20.52,33.26,0.3000,-0.4872,10.00,1.00,49.90,--,--,0.00,EXECUTING,224,11.774,-0.0190,-0.0100,6.5290,1.3671,2.7319,0.020
185.009,179.898,0.957,RETURN_HOME,diverged1,8.5666,-0.5462,2.1263,0.088070,0.251519,0.206554,0.060,100,4.8926,6.7697,-1.1566,-0.440,0.04201,8.1613,0.4167,-3.0231,0.3138,-0.4962,0.010,0.2819,0.7217,0.3721,43,0.060,31.12,20.79,20.61,32.09,0.3000,-0.3846,10.11,1.24,50.00,--,--,0.00,EXECUTING,224,11.774,-0.0190,-0.0100,6.5183,1.3734,2.8212,0.000
185.109,179.994,0.958,RETURN_HOME,diverged1,8.5666,-0.5462,2.1263,0.088070,0.251519,0.206554,0.156,100,4.8926,6.7697,-1.1566,-0.444,0.00000,8.1318,0.4138,-3.0615,0.3108,-0.4025,0.006,0.2482,0.5531,0.3810,42,0.056,32.06,20.79,20.83,33.20,0.2842,-0.3846,10.02,1.24,50.20,--,--,0.00,EXECUTING,224,11.774,-0.0190,-0.0100,6.5100,1.3773,2.8874,0.016
185.208,180.090,0.972,RETURN_HOME,diverged1,8.5666,-0.5462,2.1263,0.088070,0.251519,0.206554,0.252,100,4.8926,6.7697,-1.1566,-0.448,0.00000,8.1037,0.4121,-3.0978,0.2977,-0.3878,0.002,0.2659,0.6000,0.2927,41,0.052,31.25,20.58,20.56,31.25,0.2842,-0.3846,9.91,1.00,50.10,--,--,0.00,EXECUTING,224,11.774,-0.0190,-0.0100,6.4998,1.3816,2.9664,0.012
185.309,180.192,0.982,RETURN_HOME,diverged1,8.5666,-0.5462,2.1263,0.088070,0.251519,0.206554,0.354,100,4.8926,6.7697,-1.1566,-0.446,0.00000,8.0778,0.4112,-3.1196,0.2609,-0.2198,0.004,0.2527,0.5590,0.4000,40,0.054,30.85,20.37,20.21,30.85,0.2842,-0.3846,10.02,1.00,50.00,--,--,0.00,EXECUTING,218,11.297,-0.0190,-0.0100,6.4772,1.3869,2.9633,0.014
185.409,180.292,0.985,RETURN_HOME,diverged1,8.5666,-0.5462,2.1263,0.088070,0.251519,0.206554,0.454,100,4.8926,6.7697,-1.1566,-0.446,0.00000,8.0498,0.4110,3.1282,0.2875,-0.3623,0.006,0.2584,0.6023,0.4000,40,0.054,30.79,20.37,20.17,30.79,0.2842,-0.3846,10.00,1.00,50.00,--,--,0.00,EXECUTING,218,11.297,-0.0190,-0.0100,6.4502,1.3945,2.9326,0.014
185.508,180.392,0.987,RETURN_HOME,diverged1,8.5666,-0.5462,2.1263,0.088070,0.251519,0.206554,0.554,100,4.8926,6.7697,-1.1566,-0.446,0.00000,8.0239,0.4117,3.1055,0.2604,-0.2266,0.004,0.2717,0.5818,0.3077,39,0.054,30.79,20.33,20.21,30.85,0.2842,-0.3846,10.04,1.00,50.00,--,--,0.00,EXECUTING,218,11.297,-0.0190,-0.0100,6.4276,1.3997,2.9285,0.014
185.609,180.490,0.984,RETURN_HOME,diverged1,8.5666,-0.5462,2.1263,0.088070,0.251519,0.206554,0.652,100,4.8926,6.7697,-1.1566,-0.448,0.00000,7.9980,0.4129,3.0840,0.3044,-0.2524,0.002,0.2960,0.7018,0.3590,39,0.052,30.59,20.33,20.04,30.53,0.2842,-0.3846,9.96,1.00,50.00,--,--,0.00,EXECUTING,218,11.297,-0.0190,-0.0100,6.4054,1.4046,2.9278,0.012
185.709,180.592,0.994,RETURN_HOME,diverged1,8.3528,-0.8608,1.6162,0.082726,0.289566,0.226784,0.054,101,7.0286,7.0242,-1.4562,-0.446,2.15111,7.9711,0.4148,3.0541,0.2764,-0.3066,0.004,0.3091,0.7014,0.3333,39,0.054,30.79,20.24,20.17,30.72,0.2842,-0.3846,10.00,1.43,50.00,--,--,0.00,EXECUTING,218,11.297,-0.0190,-0.0100,6.3825,1.4117,2.9215,0.014
185.808,180.690,0.993,RETURN_HOME,diverged1,8.3528,-0.8608,1.6162,0.082726,0.289566,0.226784,0.152,101,7.0286,7.0242,-1.4562,-0.448,0.00000,7.9446,0.4174,3.0322,0.2764,-0.2274,0.002,0.2566,0.6218,0.4211,38,0.052,30.72,20.16,20.08,30.79,0.2842,-0.3846,10.00,1.43,50.10,--,--,0.00,EXECUTING,218,11.297,-0.0190,-0.0100,6.3593,1.4192,2.9215,0.012
185.909,180.790,0.992,RETURN_HOME,diverged1,8.3528,-0.8608,1.6162,0.082726,0.289566,0.226784,0.252,101,7.0286,7.0242,-1.4562,-0.448,0.00000,7.9191,0.4205,3.0128,0.2880,-0.2174,0.002,0.2595,0.6124,0.4211,38,0.052,30.79,20.16,20.17,30.79,0.2842,-0.3846,9.96,1.43,50.10,--,--,0.00,EXECUTING,218,11.297,-0.0190,-0.0100,6.3370,1.4242,2.9215,0.012
186.009,180.892,0.994,RETURN_HOME,diverged1,8.3528,-0.8608,1.6162,0.082726,0.289566,0.226784,0.354,101,7.0286,7.0242,-1.4562,-0.446,0.00000,7.8942,0.4240,2.9923,0.2536,-0.2052,0.004,0.2584,0.6165,0.3947,38,0.054,30.85,20.16,20.17,30.72,0.0853,-0.1154,9.96,1.00,50.00,SLOWDOWN,PolygonSlow,1.00,EXECUTING,218,11.297,-0.0190,-0.0100,6.3148,1.4293,2.9199,0.014
186.109,180.992,1.002,RETURN_HOME,diverged1,8.3528,-0.8608,1.6162,0.082726,0.289566,0.226784,0.454,101,7.0286,7.0242,-1.4562,-0.446,0.00000,7.8798,0.4262,2.9780,0.1480,-0.1460,0.004,0.2503,0.5688,0.3889,36,0.054,29.96,20.08,20.00,30.15,0.0143,-0.0202,10.09,1.00,50.00,SLOWDOWN,PolygonSlow,1.00,EXECUTING,218,11.297,-0.0190,-0.0100,6.2989,1.4338,2.9061,0.014
186.209,181.088,0.995,RETURN_HOME,diverged1,8.3528,-0.8608,1.6162,0.082726,0.289566,0.226784,0.550,101,7.0286,7.0242,-1.4562,-0.450,0.00000,7.8775,0.4266,2.9765,0.0261,-0.0176,0.000,0.2509,0.5423,0.3636,33,0.050,29.47,18.99,20.04,29.47,0.3000,-0.8974,10.00,1.00,50.00,DO_NOTHING,--,7.25,EXECUTING,218,11.297,-0.0190,-0.0100,6.2963,1.4345,2.9053,0.010
186.309,181.188,0.996,RETURN_HOME,diverged1,8.3528,-0.8608,1.6162,0.082726,0.289566,0.226784,0.650,101,7.0286,7.0242,-1.4562,-0.450,0.00000,7.8741,0.4272,2.9716,0.0404,-0.0579,0.020,0.2539,0.5523,0.3636,33,0.050,29.35,18.99,19.35,29.35,0.3000,-1.0000,9.93,1.00,50.00,SLOWDOWN,PolygonSlow,8.47,EXECUTING,208,10.728,-0.0190,-0.0100,6.2922,1.4358,2.9006,0.010
186.409,181.288,0.996,RETURN_HOME,diverged1,8.3528,-0.8608,1.6162,0.082726,0.289566,0.226784,0.750,101,7.0286,7.0242,-1.4562,-0.450,0.00000,7.8682,0.4282,2.9638,0.0533,-0.0680,0.000,0.2570,0.5865,0.3235,34,0.050,29.23,19.03,18.83,29.23,0.0146,-0.0187,10.00,1.00,50.00,SLOWDOWN,PolygonSlow,8.47,EXECUTING,208,10.728,-0.0190,-0.0100,6.2872,1.4375,2.8951,0.010
186.510,181.388,0.996,RETURN_HOME,diverged1,8.3528,-0.8608,1.6162,0.082726,0.289566,0.226784,0.850,101,7.0286,7.0242,-1.4562,-0.450,0.00000,7.8678,0.4283,2.9632,0.0045,-0.0057,0.000,0.2544,0.5516,0.3235,34,0.050,29.23,18.99,18.79,29.23,0.0013,-0.0017,10.02,1.00,50.00,SLOWDOWN,PolygonSlow,8.47,EXECUTING,208,10.728,-0.0190,-0.0100,6.2866,1.4377,2.8943,0.010
186.609,181.488,0.996,RETURN_HOME,diverged1,8.3528,-0.8608,1.6162,0.082726,0.289566,0.226784,0.950,101,7.0286,7.0242,-1.4562,-0.450,0.00000,7.8677,0.4283,2.9632,0.0008,-0.0011,0.020,0.2559,0.5516,0.3235,34,0.050,29.23,18.99,18.83,29.17,0.0001,-0.0002,10.00,1.00,50.00,SLOWDOWN,PolygonSlow,8.47,EXECUTING,208,10.728,-0.0190,-0.0100,6.2866,1.4377,2.8943,0.010
186.709,181.588,0.996,RETURN_HOME,diverged1,8.3528,-0.8608,1.6162,0.082726,0.289566,0.226784,1.050,101,7.0286,7.0242,-1.4562,-0.450,0.00000,7.8677,0.4283,2.9632,0.0001,-0.0001,0.020,0.2559,0.5516,0.3235,34,0.050,29.23,18.99,18.79,29.23,0.0000,-0.0000,10.00,0.00,50.00,SLOWDOWN,PolygonSlow,8.47,EXECUTING,208,10.728,-0.0190,-0.0100,6.2866,1.4377,2.8943,0.010
186.809,181.688,0.997,RETURN_HOME,diverged1,8.3528,-0.8608,1.6162,0.082726,0.289566,0.226784,1.150,101,7.0286,7.0242,-1.4562,-0.450,0.00000,7.8677,0.4283,2.9632,0.0000,-0.0000,0.000,0.2559,0.5516,0.3235,34,0.050,29.23,18.95,18.79,29.29,0.0000,-0.0000,10.09,0.00,50.00,SLOWDOWN,PolygonSlow,8.47,EXECUTING,208,10.728,-0.0190,-0.0100,6.2866,1.4377,2.8943,0.010
186.909,181.786,0.993,RETURN_HOME,diverged1,8.3528,-0.8608,1.6162,0.082726,0.289566,0.226784,1.248,101,7.0286,7.0242,-1.4562,-0.452,0.00000,7.8677,0.4283,2.9632,0.0000,-0.0000,0.000,0.2574,0.5865,0.3235,34,0.048,29.23,18.99,18.79,29.23,0.0000,-0.0000,9.98,0.00,50.10,SLOWDOWN,PolygonSlow,8.47,EXECUTING,208,10.728,-0.0190,-0.0100,6.2866,1.4377,2.8943,0.008
187.009,181.888,0.995,RETURN_HOME,diverged1,8.3528,-0.8608,1.6162,0.082726,0.289566,0.226784,1.350,101,7.0286,7.0242,-1.4562,-0.450,0.00000,7.8677,0.4283,2.9632,0.0000,-0.0000,0.020,0.2574,0.5865,0.3235,34,0.050,29.29,19.03,18.83,29.29,0.0000,-0.0000,10.04,0.00,49.90,SLOWDOWN,PolygonSlow,10.20,EXECUTING,208,10.728,-0.0190,-0.0100,6.2866,1.4377,2.8943,0.010
187.109,181.986,0.994,RETURN_HOME,diverged1,8.3528,-0.8608,1.6162,0.082726,0.289566,0.226784,1.448,101,7.0286,7.0242,-1.4562,-0.452,0.00000,7.8676,0.4283,2.9630,0.0012,-0.0017,0.018,0.2574,0.5865,0.3235,34,0.048,29.35,20.09,19.23,29.29,0.2842,-1.0000,9.98,0.00,49.90,SLOWDOWN,PolygonSlow,10.20,EXECUTING,208,10.728,-0.0190,-0.0100,6.2861,1.4378,2.8939,0.008
187.209,182.084,0.996,RETURN_HOME,diverged1,8.3528,-0.8608,1.6162,0.082726,0.289566,0.226784,1.546,101,7.0286,7.0242,-1.4562,-0.454,0.00000,7.8635,0.4291,2.9570,0.0422,-0.0602,0.016,0.2516,0.5850,0.3529,34,0.046,30.40,20.00,19.87,30.40,0.0113,-0.0144,9.91,0.00,50.00,SLOWDOWN,PolygonSlow,1.00,EXECUTING,208,10.728,-0.0190,-0.0100,6.2824,1.4391,2.8894,0.006
187.309,182.184,0.995,RETURN_HOME,diverged1,8.3528,-0.8608,1.6162,0.082726,0.289566,0.226784,1.646,101,7.0286,7.0242,-1.4562,-0.454,0.00000,7.8623,0.4293,2.9554,0.0118,-0.0155,0.016,0.2560,0.5857,0.3235,34,0.046,30.40,20.12,20.04,30.33,0.2842,-1.0000,9.96,0.00,49.90,SLOWDOWN,PolygonSlow,0.00,EXECUTING,208,10.728,-0.0190,-0.0100,6.2809,1.4396,2.8879,0.006
187.409,182.286,0.999,RETURN_HOME,diverged1,8.3528,-0.8608,1.6162,0.082726,0.289566,0.226784,1.748,101,7.0286,7.0242,-1.4562,-0.452,0.00000,7.8573,0.4303,2.9480,0.0547,-0.0778,0.018,0.2685,0.6000,0.3030,33,0.048,30.46,20.04,20.30,30.46,0.2842,-1.0000,9.83,0.00,50.00,SLOWDOWN,PolygonSlow,0.00,EXECUTING,208,10.728,-0.0190,-0.0100,6.2761,1.4412,2.8831,0.008
187.509,182.380,0.993,RETURN_HOME,diverged1,8.3528,-0.8608,1.6162,0.082726,0.289566,0.226784,1.842,101,7.0286,7.0242,-1.4562,-0.458,0.00000,7.8512,0.4315,2.9395,0.0621,-0.0853,0.012,0.2701,0.5661,0.3030,33,0.042,30.33,20.08,20.26,30.33,0.2842,-1.0000,9.98,0.00,50.00,SLOWDOWN,PolygonSlow,0.00,EXECUTING,208,10.728,-0.0190,-0.0100,6.2704,1.4430,2.8771,0.002
187.609,182.474,0.986,RETURN_HOME,diverged1,8.3528,-0.8608,1.6162,0.082726,0.289566,0.226784,1.936,101,7.0286,7.0242,-1.4562,-0.464,0.00000,7.8453,0.4327,2.9318,0.0844,-0.1083,0.006,0.2554,0.5665,0.3636,33,0.036,30.79,20.28,20.17,30.85,0.2842,-1.0000,10.00,0.00,50.10,SLOWDOWN,PolygonSlow,0.00,EXECUTING,208,10.728,-0.0190,-0.0100,6.2660,1.4445,2.8726,0.016
187.709,182.572,0.983,RETURN_HOME,diverged1,8.3528,-0.8608,1.6162,0.082726,0.289566,0.226784,2.034,101,7.0286,7.0242,-1.4562,-0.466,0.00000,7.8377,0.4344,2.9216,0.0786,-0.1034,0.004,0.2554,0.5509,0.3438,32,0.034,30.40,20.28,20.00,30.53,0.0159,-0.0204,9.96,0.00,50.00,SLOWDOWN,PolygonSlow,0.00,EXECUTING,208,10.728,-0.0190,-0.0100,6.2584,1.4471,2.8650,0.014
187.809,182.668,0.980,RETURN_HOME,diverged1,8.3528,-0.8608,1.6162,0.082726,0.289566,0.226784,2.130,101,7.0286,7.0242,-1.4562,-0.470,0.00000,7.8369,0.4346,2.9207,0.0208,-0.0249,0.020,0.2558,0.5480,0.3125,32,0.030,30.79,20.41,20.13,30.79,0.0014,-0.0018,10.04,0.00,50.00,SLOWDOWN,PolygonSlow,0.00,EXECUTING,208,10.728,-0.0190,-0.0100,6.2572,1.4476,2.8638,0.010
187.909,182.768,0.982,RETURN_HOME,diverged1,8.3528,-0.8608,1.6162,0.082726,0.289566,0.226784,2.230,101,7.0286,7.0242,-1.4562,-0.470,0.00000,7.8368,0.4346,2.9205,0.0011,-0.0013,0.020,0.2542,0.5480,0.3125,32,0.030,30.85,20.41,20.26,30.92,0.0001,-0.0002,9.93,0.00,50.00,SLOWDOWN,PolygonSlow,0.00,EXECUTING,208,10.728,-0.0190,-0.0100,6.2571,1.4476,2.8637,0.010
188.009,182.862,0.975,RETURN_HOME,diverged1,8.3528,-0.8608,1.6162,0.082726,0.289566,0.226784,2.324,101,7.0286,7.0242,-1.4562,-0.476,0.00000,7.8368,0.4346,2.9205,0.0001,-0.0001,0.016,0.2542,0.5480,0.3125,32,0.024,30.85,20.49,20.17,30.92,0.0000,-0.0000,10.02,0.00,50.00,SLOWDOWN,PolygonSlow,0.00,EXECUTING,208,10.728,-0.0190,-0.0100,6.2571,1.4476,2.8637,0.004
188.109,182.962,0.976,RETURN_HOME,diverged1,8.3528,-0.8608,1.6162,0.082726,0.289566,0.226784,2.424,101,7.0286,7.0242,-1.4562,-0.476,0.00000,7.8363,0.4347,2.9197,0.0053,-0.0076,0.014,0.2558,0.5480,0.3125,32,0.024,31.12,20.45,20.52,31.18,0.2684,-1.0000,10.11,0.00,50.10,SLOWDOWN,PolygonSlow,0.00,EXECUTING,208,10.728,-0.0190,-0.0100,6.2562,1.4479,2.8628,0.004
188.208,183.060,0.976,RETURN_HOME,diverged1,8.3528,-0.8608,1.6162,0.082726,0.289566,0.226784,2.522,101,7.0286,7.0242,-1.4562,-0.478,0.00000,7.8290,0.4364,2.9075,0.0753,-0.1239,0.012,0.2332,0.5420,0.3636,33,0.022,31.45,20.49,20.70,31.39,0.2684,-1.0000,10.02,0.00,50.00,SLOWDOWN,PolygonSlow,0.00,EXECUTING,208,10.728,-0.0190,-0.0100,6.2491,1.4505,2.8542,0.002
188.309,183.160,0.976,RETURN_HOME,diverged1,8.3528,-0.8608,1.6162,0.082726,0.289566,0.226784,2.622,101,7.0286,7.0242,-1.4562,-0.478,0.00000,7.8175,0.4393,2.8876,0.1212,-0.2030,0.012,0.2320,0.5500,0.3750,32,0.022,31.18,20.53,20.47,31.18,0.2684,-1.0000,10.16,0.00,50.20,SLOWDOWN,PolygonSlow,0.00,EXECUTING,208,10.728,-0.0190,-0.0100,6.2381,1.4548,2.8402,0.002
188.409,183.254,0.968,RETURN_HOME,diverged1,8.3528,-0.8608,1.6162,0.082726,0.289566,0.226784,2.716,101,7.0286,7.0242,-1.4562,-0.384,0.00000,7.8041,0.4429,2.8640,0.1397,-0.2376,0.006,0.2221,0.5313,0.3636,33,0.016,31.12,20.62,20.79,31.19,0.0531,-0.0680,10.18,0.00,50.00,SLOWDOWN,PolygonSlow,0.00,EXECUTING,209,10.777,-0.0190,-0.0100,6.2278,1.4590,2.8256,0.016
188.509,183.356,0.976,RETURN_HOME,diverged1,8.2997,-0.8288,1.3608,0.077996,0.372118,0.258694,0.118,102,7.3462,6.9306,-1.5052,-0.482,0.33107,7.7951,0.4455,2.8486,0.0942,-0.1556,0.008,0.2349,0.5959,0.3750,32,0.018,31.39,20.58,20.79,31.45,0.2526,-1.0000,10.02,1.00,50.00,SLOWDOWN,PolygonSlow,0.00,EXECUTING,209,10.777,-0.0190,-0.0100,6.2191,1.4626,2.8137,0.018
188.609,183.450,0.975,RETURN_HOME,diverged1,8.2997,-0.8288,1.3608,0.077996,0.372118,0.258694,0.212,102,7.3462,6.9306,-1.5052,-0.488,0.00000,7.7835,0.4491,2.8302,0.1277,-0.1915,0.002,0.2106,0.5099,0.3226,31,0.012,30.92,20.49,20.30,30.79,0.2368,-1.0000,10.02,1.00,49.90,SLOWDOWN,PolygonSlow,0.00,EXECUTING,209,10.777,-0.0190,-0.0100,6.2081,1.4672,2.8009,0.012
188.709,183.550,0.980,RETURN_HOME,diverged1,8.2997,-0.8288,1.3608,0.077996,0.372118,0.258694,0.312,102,7.3462,6.9306,-1.5052,-0.388,0.00000,7.7743,0.4522,2.8153,0.1006,-0.1546,0.002,0.2041,0.5523,0.3871,31,0.012,30.98,20.49,20.21,31.05,0.0161,-0.0206,10.00,1.00,50.00,SLOWDOWN,PolygonSlow,0.00,EXECUTING,209,10.777,-0.0190,-0.0100,6.1988,1.4712,2.7894,0.012
188.809,183.650,0.982,RETURN_HOME,diverged1,8.2997,-0.8288,1.3608,0.077996,0.372118,0.258694,0.412,102,7.3462,6.9306,-1.5052,-0.488,0.00000,7.7733,0.4525,2.8140,0.0104,-0.0127,0.002,0.2029,0.5500,0.3871,31,0.012,30.79,20.37,20.13,30.72,0.0014,-0.0019,10.02,1.00,50.00,SLOWDOWN,PolygonSlow,0.00,EXECUTING,209,10.777,-0.0190,-0.0100,6.1973,1.4719,2.7877,0.012
188.909,183.750,0.982,RETURN_HOME,diverged1,8.2997,-0.8288,1.3608,0.077996,0.372118,0.258694,0.512,102,7.3462,6.9306,-1.5052,-0.488,0.00000,7.7729,0.4527,2.8134,0.0043,-0.0058,0.004,0.1968,0.4649,0.4333,30,0.012,30.79,20.33,20.13,30.79,0.0001,-0.0002,9.98,1.00,50.00,SLOWDOWN,PolygonSlow,0.00,EXECUTING,209,10.777,-0.0190,-0.0100,6.1969,1.4720,2.7873,0.012
189.009,183.848,0.984,RETURN_HOME,diverged1,8.2997,-0.8288,1.3608,0.077996,0.372118,0.258694,0.610,102,7.3462,6.9306,-1.5052,-0.390,0.00000,7.7728,0.4527,2.8132,0.0031,-0.0048,0.020,0.1968,0.4649,0.4333,30,0.010,30.85,20.24,20.26,30.92,0.0000,-0.0000,10.00,1.00,50.10,SLOWDOWN,PolygonSlow,0.00,EXECUTING,209,10.777,-0.0190,-0.0100,6.1968,1.4721,2.7871,0.010
189.109,183.946,0.984,RETURN_HOME,diverged1,8.2997,-0.8288,1.3608,0.077996,0.372118,0.258694,0.708,102,7.3462,6.9306,-1.5052,-0.392,0.00000,7.7728,0.4527,2.8132,0.0001,-0.0003,0.018,0.1968,0.4649,0.4333,30,0.108,30.98,20.33,20.30,30.98,0.0000,-0.0000,10.00,1.00,50.00,SLOWDOWN,PolygonSlow,0.00,EXECUTING,209,10.777,-0.0190,-0.0100,6.1968,1.4721,2.7871,0.008
189.209,184.046,0.984,RETURN_HOME,diverged1,8.2997,-0.8288,1.3608,0.077996,0.372118,0.258694,0.808,102,7.3462,6.9306,-1.5052,-0.392,0.00000,7.7728,0.4527,2.8132,0.0000,-0.0000,0.018,0.1968,0.4649,0.4333,30,0.008,30.92,20.28,20.30,30.98,0.0000,-0.0000,10.02,1.00,50.00,SLOWDOWN,PolygonSlow,0.00,EXECUTING,209,10.777,-0.0190,-0.0100,6.1968,1.4721,2.7871,0.008
189.309,184.146,0.986,RETURN_HOME,diverged1,8.2997,-0.8288,1.3608,0.077996,0.372118,0.258694,0.908,102,7.3462,6.9306,-1.5052,-0.392,0.00000,7.7728,0.4527,2.8132,0.0000,-0.0000,0.018,0.1968,0.4649,0.4333,30,0.008,30.92,20.24,20.26,30.85,0.0000,-0.0000,10.02,1.00,49.90,SLOWDOWN,PolygonSlow,0.00,EXECUTING,209,10.777,-0.0190,-0.0100,6.1968,1.4721,2.7871,0.008
189.411,184.246,0.987,RETURN_HOME,diverged1,8.2997,-0.8288,1.3608,0.077996,0.372118,0.258694,1.008,102,7.3462,6.9306,-1.5052,-0.392,0.00000,7.7728,0.4527,2.8132,0.0000,-0.0000,0.018,0.1968,0.4649,0.4333,30,0.108,30.21,20.20,19.79,30.21,0.0000,-0.0000,9.98,1.00,50.00,SLOWDOWN,PolygonSlow,0.00,EXECUTING,207,10.676,-0.0190,-0.0100,6.1968,1.4721,2.7871,0.008
189.509,184.346,0.995,RETURN_HOME,diverged1,8.2997,-0.8288,1.3608,0.077996,0.372118,0.258694,1.108,102,7.3462,6.9306,-1.5052,-0.392,0.00000,7.7728,0.4527,2.8132,0.0000,-0.0000,0.018,0.1968,0.4649,0.4333,30,0.008,30.85,20.16,20.26,30.85,0.0000,-0.0000,9.98,0.00,50.00,SLOWDOWN,PolygonSlow,0.00,EXECUTING,207,10.676,-0.0190,-0.0100,6.1968,1.4721,2.7871,0.008
189.609,184.440,0.990,RETURN_HOME,diverged1,8.2997,-0.8288,1.3608,0.077996,0.372118,0.258694,1.202,102,7.3462,6.9306,-1.5052,-0.398,0.00000,7.7728,0.4527,2.8132,0.0000,-0.0000,0.012,0.1968,0.4649,0.4333,30,0.102,30.40,20.16,19.96,30.46,0.0000,-0.0000,9.98,0.00,50.10,SLOWDOWN,PolygonSlow,0.00,EXECUTING,207,10.676,-0.0190,-0.0100,6.1968,1.4721,2.7871,0.002
189.709,184.544,0.995,RETURN_HOME,diverged1,8.2997,-0.8288,1.3608,0.077996,0.372118,0.258694,1.306,102,7.3462,6.9306,-1.5052,-0.394,0.00000,7.7726,0.4528,2.8129,0.0017,-0.0025,0.016,0.1968,0.4649,0.4333,30,0.106,29.47,19.11,19.87,29.47,0.2368,-1.0000,9.98,0.00,50.00,DO_NOTHING,--,1.00,EXECUTING,207,10.676,-0.0190,-0.0100,6.1963,1.4723,2.7867,0.006
189.809,184.642,0.991,RETURN_HOME,diverged1,8.2997,-0.8288,1.3608,0.077996,0.372118,0.258694,1.404,102,7.3462,6.9306,-1.5052,-0.396,0.00000,7.7676,0.4545,2.8047,0.0572,-0.0872,0.016,0.1977,0.5002,0.4333,30,0.104,29.41,19.15,19.11,29.47,0.2368,-1.0000,9.98,0.00,50.10,SLOWDOWN,PolygonSlow,10.42,EXECUTING,207,10.676,-0.0190,-0.0100,6.1914,1.4745,2.7808,0.004
189.909,184.742,0.993,RETURN_HOME,diverged1,8.2997,-0.8288,1.3608,0.077996,0.372118,0.258694,1.504,102,7.3462,6.9306,-1.5052,-0.396,0.00000,7.7608,0.4569,2.7944,0.0721,-0.1030,0.014,0.2016,0.5000,0.3667,30,0.104,29.60,19.19,19.15,29.66,0.2211,-1.0000,9.96,0.00,49.90,SLOWDOWN,PolygonSlow,10.42,EXECUTING,207,10.676,-0.0190,-0.0100,6.1846,1.4775,2.7730,0.004
190.009,184.838,0.990,RETURN_HOME,diverged1,8.2997,-0.8288,1.3608,0.077996,0.372118,0.258694,1.600,102,7.3462,6.9306,-1.5052,-0.400,0.00000,7.7522,0.4601,2.7806,0.0962,-0.1451,0.014,0.1951,0.4585,0.4667,30,0.100,29.66,19.23,19.15,29.60,0.2211,-1.0000,10.04,0.00,50.41,SLOWDOWN,PolygonSlow,10.42,EXECUTING,207,10.676,-0.0190,-0.0100,6.1779,1.4806,2.7643,0.020
190.109,184.938,0.991,RETURN_HOME,diverged1,8.2997,-0.8288,1.3608,0.077996,0.372118,0.258694,1.700,102,7.3462,6.9306,-1.5052,-0.400,0.00000,7.7432,0.4636,2.7659,0.1171,-0.1809,0.010,0.2074,0.5120,0.3793,29,0.100,29.91,19.15,19.19,29.72,0.2211,-1.0000,10.02,0.00,49.90,SLOWDOWN,PolygonSlow,10.42,EXECUTING,207,10.676,-0.0190,-0.0100,6.1695,1.4846,2.7537,0.020
190.209,185.038,0.992,RETURN_HOME,diverged1,8.2997,-0.8288,1.3608,0.077996,0.372118,0.258694,1.800,102,7.3462,6.9306,-1.5052,-0.400,0.00000,7.7319,0.4682,2.7466,0.1379,-0.2160,0.016,0.2122,0.5536,0.4483,29,0.100,29.54,19.19,19.11,29.54,0.2053,-1.0000,10.02,0.00,50.41,SLOWDOWN,PolygonSlow,10.42,EXECUTING,207,10.676,-0.0190,-0.0100,6.1588,1.4899,2.7396,0.020
190.309,185.138,0.992,RETURN_HOME,diverged1,8.2997,-0.8288,1.3608,0.077996,0.372118,0.258694,1.900,102,7.3462,6.9306,-1.5052,-0.400,0.00000,7.7208,0.4729,2.7272,0.1187,-0.1898,0.010,0.2077,0.5200,0.4074,27,0.100,29.54,19.15,19.11,29.60,0.2053,-1.0000,10.00,0.00,50.00,SLOWDOWN,PolygonSlow,10.42,EXECUTING,207,10.676,-0.0190,-0.0100,6.1481,1.4953,2.7254,0.020
190.409,185.232,0.988,RETURN_HOME,diverged1,8.2997,-0.8288,1.3608,0.077996,0.372118,0.258694,1.994,102,7.3462,6.9306,-1.5052,-0.406,0.00000,7.7096,0.4780,2.7072,0.1229,-0.2008,0.004,0.2054,0.5295,0.3462,26,0.094,29.54,19.35,19.03,29.54,0.0161,-0.0206,10.09,0.00,50.10,SLOWDOWN,PolygonSlow,10.42,EXECUTING,208,10.728,-0.0190,-0.0100,6.1370,1.5011,2.7106,0.014
190.510,185.332,0.990,RETURN_HOME,diverged1,8.2997,-0.8288,1.3608,0.077996,0.372118,0.258694,2.094,102,7.3462,6.9306,-1.5052,-0.406,0.00000,7.7080,0.4787,2.7048,0.0179,-0.0245,0.004,0.1929,0.4605,0.3448,29,0.094,29.66,19.31,19.03,29.66,0.0014,-0.0019,9.98,0.00,50.00,SLOWDOWN,PolygonSlow,10.42,EXECUTING,208,10.728,-0.0190,-0.0100,6.1347,1.5023,2.7075,0.014
190.609,185.428,0.988,RETURN_HOME,diverged1,8.2997,-0.8288,1.3608,0.077996,0.372118,0.258694,2.190,102,7.3462,6.9306,-1.5052,-0.410,0.00000,7.7079,0.4787,2.7047,0.0023,-0.0034,0.020,0.1932,0.4605,0.3103,29,0.090,29.98,19.31,19.27,29.98,0.0001,-0.0002,9.91,0.00,49.90,SLOWDOWN,PolygonSlow,10.42,EXECUTING,208,10.728,-0.0190,-0.0100,6.1346,1.5023,2.7074,0.010
190.709,185.530,0.986,RETURN_HOME,diverged1,8.2997,-0.8288,1.3608,0.077996,0.372118,0.258694,2.292,102,7.3462,6.9306,-1.5052,-0.408,0.00000,7.7079,0.4787,2.7047,0.0001,-0.0001,0.002,0.1932,0.4605,0.3103,29,0.092,30.98,20.28,20.26,30.92,0.0000,-0.0000,10.00,0.00,50.00,SLOWDOWN,PolygonSlow,1.00,EXECUTING,208,10.728,-0.0190,-0.0100,6.1346,1.5023,2.7074,0.012
190.809,185.628,0.986,RETURN_HOME,diverged1,8.2997,-0.8288,1.3608,0.077996,0.372118,0.258694,2.390,102,7.3462,6.9306,-1.5052,-0.410,0.00000,7.7078,0.4788,2.7044,0.0018,-0.0026,0.000,0.1932,0.4605,0.3103,29,0.090,30.85,20.37,20.26,30.85,0.0000,-0.0000,9.89,0.00,50.10,SLOWDOWN,PolygonSlow,0.00,EXECUTING,208,10.728,-0.0190,-0.0100,6.1345,1.5024,2.7072,0.010
190.909,185.730,0.988,RETURN_HOME,diverged1,8.2997,-0.8288,1.3608,0.077996,0.372118,0.258694,2.492,102,7.3462,6.9306,-1.5052,-0.408,0.00000,7.7076,0.4789,2.7042,0.0018,-0.0026,0.002,0.1926,0.4605,0.3103,29,0.092,30.72,20.24,20.21,30.72,0.0000,-0.0000,9.96,0.00,50.10,SLOWDOWN,PolygonSlow,0.00,EXECUTING,208,10.728,-0.0190,-0.0100,6.1343,1.5025,2.7070,0.012
191.009,185.822,0.984,RETURN_HOME,diverged1,8.2997,-0.8288,1.3608,0.077996,0.372118,0.258694,2.584,102,7.3462,6.9306,-1.5052,-0.416,0.00000,7.7071,0.4791,2.7034,0.0053,-0.0077,0.014,0.1922,0.4605,0.3448,29,0.084,31.32,20.41,20.56,31.32,0.1895,-1.0000,10.02,0.00,49.80,SLOWDOWN,PolygonSlow,0.00,EXECUTING,208,10.728,-0.0190,-0.0100,6.1334,1.5029,2.7060,0.004
191.109,185.922,0.984,RETURN_HOME,diverged1,8.2997,-0.8288,1.3608,0.077996,0.372118,0.258694,2.684,102,7.3462,6.9306,-1.5052,-0.416,0.00000,7.7002,0.4824,2.6906,0.0844,-0.1418,0.014,0.2175,0.5179,0.3333,27,0.084,31.52,20.33,20.65,31.25,0.1895,-1.0000,10.00,0.00,50.10,SLOWDOWN,PolygonSlow,0.00,EXECUTING,208,10.728,-0.0190,-0.0100,6.1265,1.5068,2.6960,0.004
191.209,186.014,0.976,RETURN_HOME,diverged1,8.2997,-0.8288,1.3608,0.077996,0.372118,0.258694,2.776,102,7.3462,6.9306,-1.5052,-0.424,0.00000,7.6880,0.4885,2.6671,0.1382,-0.2365,0.006,0.2462,0.5750,0.3077,26,0.076,31.59,20.45,20.74,31.52,0.1895,-1.0000,10.02,0.00,49.70,SLOWDOWN,PolygonSlow,0.00,EXECUTING,208,10.728,-0.0190,-0.0100,6.1171,1.5121,2.6822,0.016
191.308,186.112,0.975,RETURN_HOME,diverged1,8.2823,-0.7940,1.1695,0.075911,0.427788,0.266039,0.074,103,7.1562,6.8224,-1.4878,-0.426,0.21858,7.6775,0.4941,2.6417,0.1269,-0.2695,0.006,0.2122,0.5100,0.3600,25,0.074,31.32,20.53,20.52,31.32,0.0156,-0.0200,9.96,1.00,50.00,SLOWDOWN,PolygonSlow,0.00,EXECUTING,208,10.728,-0.0190,-0.0100,6.1058,1.5186,2.6623,0.014
191.409,186.208,0.974,RETURN_HOME,diverged1,8.2823,-0.7940,1.1695,0.075911,0.427788,0.266039,0.170,103,7.1562,6.8224,-1.4878,-0.430,0.00000,7.6768,0.4944,2.6394,0.0075,-0.0208,0.000,0.1985,0.5000,0.3846,26,0.070,30.98,20.37,20.26,31.05,0.0014,-0.0018,10.04,1.00,50.00,SLOWDOWN,PolygonSlow,0.00,EXECUTING,209,10.787,-0.0190,-0.0100,6.1046,1.5193,2.6592,0.010
191.510,186.308,0.976,RETURN_HOME,diverged1,8.2823,-0.7940,1.1695,0.075911,0.427788,0.266039,0.270,103,7.1562,6.8224,-1.4878,-0.430,0.00000,7.6767,0.4945,2.6394,0.0005,-0.0006,0.000,0.1985,0.5000,0.3846,26,0.070,30.98,20.53,20.30,31.05,0.0001,-0.0002,10.09,1.00,50.00,SLOWDOWN,PolygonSlow,0.00,EXECUTING,209,10.787,-0.0190,-0.0100,6.1045,1.5194,2.6591,0.010
191.609,186.398,0.964,RETURN_HOME,diverged1,8.2823,-0.7940,1.1695,0.075911,0.427788,0.266039,0.360,103,7.1562,6.8224,-1.4878,-0.440,0.00000,7.6763,0.4947,2.6386,0.0054,-0.0076,0.010,0.1985,0.5000,0.3846,26,0.060,31.25,20.58,20.61,30.93,0.1737,-1.0000,10.02,1.00,50.10,SLOWDOWN,PolygonSlow,0.00,EXECUTING,209,10.787,-0.0190,-0.0100,6.1044,1.5195,2.6589,0.020
191.708,186.498,0.968,RETURN_HOME,diverged1,8.2823,-0.7940,1.1695,0.075911,0.427788,0.266039,0.460,103,7.1562,6.8224,-1.4878,-0.440,0.00000,7.6715,0.4974,2.6300,0.0887,-0.1371,0.010,0.1809,0.4680,0.5357,28,0.060,31.39,20.62,20.65,31.06,0.1737,-1.0000,10.16,1.00,50.00,SLOWDOWN,PolygonSlow,0.00,EXECUTING,209,10.787,-0.0190,-0.0100,6.0988,1.5227,2.6520,0.000
191.809,186.592,0.958,RETURN_HOME,diverged1,8.2823,-0.7940,1.1695,0.075911,0.427788,0.266039,0.554,103,7.1562,6.8224,-1.4878,-0.446,0.00000,7.6645,0.5013,2.6188,0.0798,-0.1125,0.004,0.1856,0.4575,0.5000,30,0.054,32.06,20.62,21.13,32.06,0.0521,-0.0667,10.04,1.00,50.00,SLOWDOWN,PolygonSlow,0.00,EXECUTING,209,10.787,-0.0190,-0.0100,6.0934,1.5259,2.6451,0.014
191.908,186.690,0.960,RETURN_HOME,diverged1,8.2823,-0.7940,1.1695,0.075911,0.427788,0.266039,0.652,103,7.1562,6.8224,-1.4878,-0.448,0.00000,7.6585,0.5049,2.6093,0.0697,-0.0953,0.002,0.1923,0.5000,0.4667,30,0.052,32.16,20.79,20.79,32.02,0.0156,-0.0200,9.91,1.00,50.00,SLOWDOWN,PolygonSlow,0.00,EXECUTING,209,10.787,-0.0190,-0.0100,6.0868,1.5298,2.6370,0.012
192.009,186.792,0.970,RETURN_HOME,diverged1,8.2823,-0.7940,1.1695,0.075911,0.427788,0.266039,0.754,103,7.1562,6.8224,-1.4878,-0.446,0.00000,7.6577,0.5053,2.6081,0.0090,-0.0115,0.004,0.1991,0.5000,0.4333,30,0.054,31.45,20.53,20.56,31.45,0.0014,-0.0018,9.96,1.00,50.00,SLOWDOWN,PolygonSlow,0.00,EXECUTING,209,10.787,-0.0190,-0.0100,6.0858,1.5305,2.6360,0.014
192.109,186.888,0.971,RETURN_HOME,diverged1,8.2823,-0.7940,1.1695,0.075911,0.427788,0.266039,0.850,103,7.1562,6.8224,-1.4878,-0.450,0.00000,7.6575,0.5054,2.6078,0.0024,-0.0035,0.000,0.2008,0.5000,0.4333,30,0.050,31.52,20.66,20.65,31.39,0.0001,-0.0002,9.98,1.00,50.00,SLOWDOWN,PolygonSlow,0.00,EXECUTING,209,10.787,-0.0190,-0.0100,6.0855,1.5306,2.6357,0.010
192.209,186.990,0.976,RETURN_HOME,diverged1,8.2823,-0.7940,1.1695,0.075911,0.427788,0.266039,0.952,103,7.1562,6.8224,-1.4878,-0.448,0.00000,7.6575,0.5054,2.6078,0.0001,-0.0001,0.002,0.2007,0.5000,0.4333,30,0.052,30.72,20.53,20.17,30.72,0.0000,-0.0000,10.00,1.00,50.00,SLOWDOWN,PolygonSlow,0.00,EXECUTING,209,10.787,-0.0190,-0.0100,6.0855,1.5306,2.6357,0.012
192.309,187.088,0.977,RETURN_HOME,diverged1,8.2823,-0.7940,1.1695,0.075911,0.427788,0.266039,1.050,103,7.1562,6.8224,-1.4878,-0.450,0.00000,7.6575,0.5054,2.6078,0.0000,-0.0000,0.000,0.2007,0.5000,0.4333,30,0.050,30.98,20.49,20.30,31.05,0.0000,-0.0000,10.00,0.00,50.10,SLOWDOWN,PolygonSlow,0.00,EXECUTING,209,10.787,-0.0190,-0.0100,6.0855,1.5306,2.6357,0.010
192.408,187.190,0.983,RETURN_HOME,diverged1,8.2823,-0.7940,1.1695,0.075911,0.427788,0.266039,1.152,103,7.1562,6.8224,-1.4878,-0.448,0.00000,7.6574,0.5055,2.6075,0.0018,-0.0026,0.002,0.2007,0.5000,0.4333,30,0.052,30.59,20.37,20.08,30.53,0.0000,-0.0000,10.02,0.00,50.00,SLOWDOWN,PolygonSlow,0.00,EXECUTING,209,10.787,-0.0190,-0.0100,6.0854,1.5307,2.6355,0.012
192.509,187.288,0.981,RETURN_HOME,diverged1,8.2823,-0.7940,1.1695,0.075911,0.427788,0.266039,1.250,103,7.1562,6.8224,-1.4878,-0.450,0.00000,7.6574,0.5055,2.6075,0.0000,-0.0000,0.000,0.1992,0.5000,0.4667,30,0.050,30.85,20.33,20.17,30.79,0.0000,-0.0000,10.00,0.00,50.00,SLOWDOWN,PolygonSlow,0.00,EXECUTING,207,10.676,-0.0190,-0.0100,6.0854,1.5307,2.6355,0.010
192.608,187.388,0.990,RETURN_HOME,diverged1,8.2823,-0.7940,1.1695,0.075911,0.427788,0.266039,1.350,103,7.1562,6.8224,-1.4878,-0.450,0.00000,7.6574,0.5055,2.6075,0.0000,-0.0000,0.000,0.1992,0.5000,0.4667,30,0.050,30.66,20.16,20.08,30.66,0.0000,-0.0000,10.02,0.00,50.00,SLOWDOWN,PolygonSlow,0.00,EXECUTING,207,10.676,-0.0190,-0.0100,6.0854,1.5307,2.6355,0.010
192.709,187.490,0.998,RETURN_HOME,diverged1,8.2823,-0.7940,1.1695,0.075911,0.427788,0.266039,1.452,103,7.1562,6.8224,-1.4878,-0.448,0.00000,7.6574,0.5055,2.6075,0.0000,-0.0000,0.002,0.1992,0.5000,0.4667,30,0.052,30.85,20.20,20.21,30.92,0.0000,-0.0000,9.93,0.00,50.00,SLOWDOWN,PolygonSlow,0.00,EXECUTING,207,10.676,-0.0190,-0.0100,6.0854,1.5307,2.6355,0.012
192.808,187.588,0.996,RETURN_HOME,diverged1,8.2823,-0.7940,1.1695,0.075911,0.427788,0.266039,1.550,103,7.1562,6.8224,-1.4878,-0.450,0.00000,7.6574,0.5055,2.6075,0.0000,-0.0000,0.000,0.1992,0.5000,0.4667,30,0.050,30.02,20.08,19.67,30.08,0.0000,-0.0000,10.07,0.00,50.00,SLOWDOWN,PolygonSlow,0.00,EXECUTING,207,10.676,-0.0190,-0.0100,6.0854,1.5307,2.6355,0.010
192.908,187.688,0.996,RETURN_HOME,diverged1,8.2823,-0.7940,1.1695,0.075911,0.427788,0.266039,1.650,103,7.1562,6.8224,-1.4878,-0.450,0.00000,7.6565,0.5060,2.6061,0.0102,-0.0143,0.000,0.1992,0.5000,0.4667,30,0.050,29.41,18.99,20.09,29.41,0.1579,-1.0000,10.00,0.00,50.00,DO_NOTHING,--,1.00,EXECUTING,207,10.676,-0.0190,-0.0100,6.0850,1.5309,2.6350,0.010
193.009,187.790,1.002,RETURN_HOME,diverged1,8.2823,-0.7940,1.1695,0.075911,0.427788,0.266039,1.752,103,7.1562,6.8224,-1.4878,-0.448,0.00000,7.6534,0.5079,2.6007,0.0364,-0.0545,0.002,0.2063,0.4575,0.5000,30,0.052,29.23,18.99,18.79,29.29,0.0113,-0.0144,9.98,0.00,49.80,SLOWDOWN,PolygonSlow,9.80,EXECUTING,207,10.676,-0.0190,-0.0100,6.0815,1.5330,2.6304,0.012
193.109,187.888,0.998,RETURN_HOME,diverged1,8.2823,-0.7940,1.1695,0.075911,0.427788,0.266039,1.850,103,7.1562,6.8224,-1.4878,-0.450,0.00000,7.6531,0.5081,2.6002,0.0064,-0.0081,0.022,0.2056,0.4575,0.5000,30,0.050,29.23,19.03,18.79,29.29,0.0010,-0.0013,9.98,0.00,50.00,SLOWDOWN,PolygonSlow,9.80,EXECUTING,207,10.676,-0.0190,-0.0100,6.0811,1.5333,2.6300,0.010
193.208,187.986,0.996,RETURN_HOME,diverged1,8.2823,-0.7940,1.1695,0.075911,0.427788,0.266039,1.948,103,7.1562,6.8224,-1.4878,-0.452,0.00000,7.6529,0.5082,2.5999,0.0022,-0.0031,0.018,0.2039,0.4575,0.5000,30,0.048,29.35,19.03,19.23,29.29,0.1579,-1.0000,9.98,0.00,50.00,SLOWDOWN,PolygonSlow,9.80,EXECUTING,207,10.676,-0.0190,-0.0100,6.0806,1.5336,2.6295,0.008
193.309,188.086,0.999,RETURN_HOME,diverged1,8.2823,-0.7940,1.1695,0.075911,0.427788,0.266039,2.048,103,7.1562,6.8224,-1.4878,-0.452,0.00000,7.6491,0.5105,2.5934,0.0445,-0.0654,0.018,0.1896,0.4577,0.5000,30,0.048,29.41,19.07,19.23,29.41,0.1579,-1.0000,10.02,0.00,50.00,SLOWDOWN,PolygonSlow,9.80,EXECUTING,207,10.676,-0.0190,-0.0100,6.0766,1.5361,2.6243,0.008
193.409,188.186,0.998,RETURN_HOME,diverged1,8.2823,-0.7940,1.1695,0.075911,0.427788,0.266039,2.148,103,7.1562,6.8224,-1.4878,-0.452,0.00000,7.6430,0.5143,2.5828,0.0796,-0.1183,0.018,0.1734,0.4605,0.5517,29,0.048,29.29,19.03,18.83,29.29,0.0142,-0.0187,9.98,0.00,49.90,SLOWDOWN,PolygonSlow,9.80,EXECUTING,207,10.676,-0.0190,-0.0100,6.0708,1.5397,2.6167,0.008
193.509,188.284,0.996,RETURN_HOME,diverged1,8.2823,-0.7940,1.1695,0.075911,0.427788,0.266039,2.246,103,7.1562,6.8224,-1.4878,-0.454,0.00000,7.6419,0.5150,2.5810,0.0155,-0.0199,0.016,0.1735,0.4627,0.5517,29,0.046,29.54,19.15,19.15,29.54,0.1579,-1.0000,10.02,0.00,50.00,SLOWDOWN,PolygonSlow,9.80,EXECUTING,208,10.740,-0.0190,-0.0100,6.0695,1.5405,2.6152,0.006
193.609,188.384,0.993,RETURN_HOME,diverged1,8.2823,-0.7940,1.1695,0.075911,0.427788,0.266039,2.346,103,7.1562,6.8224,-1.4878,-0.454,0.00000,7.6361,0.5186,2.5691,0.0782,-0.1375,0.016,0.1824,0.4766,0.5556,27,0.046,29.54,19.15,19.07,29.35,0.1579,-1.0000,10.02,0.00,50.00,SLOWDOWN,PolygonSlow,9.80,EXECUTING,208,10.740,-0.0190,-0.0100,6.0637,1.5442,2.6061,0.006
193.709,188.480,0.990,RETURN_HOME,diverged1,8.2823,-0.7940,1.1695,0.075911,0.427788,0.266039,2.442,103,7.1562,6.8224,-1.4878,-0.458,0.00000,7.6297,0.5228,2.5560,0.0838,-0.1424,0.012,0.1819,0.4700,0.5556,27,0.042,29.66,19.19,19.11,29.54,0.1421,-1.0000,10.02,0.00,50.00,SLOWDOWN,PolygonSlow,9.80,EXECUTING,208,10.740,-0.0190,-0.0100,6.0571,1.5486,2.5960,0.002
193.809,188.578,0.989,RETURN_HOME,diverged1,8.2823,-0.7940,1.1695,0.075911,0.427788,0.266039,2.540,103,7.1562,6.8224,-1.4878,-0.460,0.00000,7.6223,0.5278,2.5392,0.0898,-0.1682,0.010,0.1864,0.4710,0.5556,27,0.040,29.54,19.19,19.11,29.54,0.1421,-1.0000,9.96,0.00,50.00,SLOWDOWN,PolygonSlow,9.80,EXECUTING,208,10.740,-0.0190,-0.0100,6.0498,1.5537,2.5832,0.000
193.909,188.680,0.989,RETURN_HOME,diverged1,8.2823,-0.7940,1.1695,0.075911,0.427788,0.266039,2.642,103,7.1562,6.8224,-1.4878,-0.458,0.00000,7.6139,0.5337,2.5169,0.1039,-0.2271,0.012,0.2181,0.5012,0.5385,26,0.042,30.72,20.20,20.21,30.72,0.1421,-1.0000,9.89,0.00,49.90,SLOWDOWN,PolygonSlow,1.00,EXECUTING,208,10.740,-0.0190,-0.0100,6.0414,1.5596,2.5662,0.002
194.009,188.778,0.988,RETURN_HOME,diverged1,8.2823,-0.7940,1.1695,0.075911,0.427788,0.266039,2.740,103,7.1562,6.8224,-1.4878,-0.460,0.00000,7.6054,0.5400,2.4866,0.1076,-0.3067,0.010,0.1959,0.5262,0.5385,26,0.040,30.66,20.20,20.21,30.59,0.1263,-1.0000,10.00,0.00,50.10,SLOWDOWN,PolygonSlow,0.00,EXECUTING,208,10.740,-0.0190,-0.0100,6.0329,1.5659,2.5434,0.000
194.109,188.878,0.990,RETURN_HOME,diverged1,8.2823,-0.7940,1.1695,0.075911,0.427788,0.266039,2.840,103,7.1562,6.8224,-1.4878,-0.460,0.00000,7.5993,0.5449,2.4558,0.1009,-0.4030,0.010,0.2122,0.5314,0.5200,25,0.040,30.59,20.12,20.13,30.46,0.1263,-1.0000,9.85,0.00,50.00,SLOWDOWN,PolygonSlow,0.00,EXECUTING,208,10.740,-0.0190,-0.0100,6.0271,1.5706,2.5211,0.000
194.209,188.978,0.991,RETURN_HOME,diverged1,8.2704,-0.7736,0.9502,0.068008,0.484391,0.266235,0.040,104,7.0639,6.7446,-1.4838,-0.460,0.12072,7.5936,0.5497,2.4267,0.0799,-0.3108,0.012,0.2321,0.6010,0.5385,26,0.040,30.53,20.12,20.08,30.53,0.1263,-1.0000,10.00,1.00,49.90,SLOWDOWN,PolygonSlow,0.00,EXECUTING,208,10.740,-0.0190,-0.0100,6.0224,1.5744,2.5032,0.020
194.309,189.072,0.986,RETURN_HOME,diverged1,8.2704,-0.7736,0.9502,0.068008,0.484391,0.266235,0.134,104,7.0639,6.7446,-1.4838,-0.466,0.00000,7.5890,0.5537,2.4002,0.0702,-0.2935,0.004,0.1967,0.5500,0.5769,26,0.034,30.66,20.24,20.08,30.66,0.1105,-0.9487,10.02,1.00,50.00,SLOWDOWN,PolygonSlow,0.00,EXECUTING,208,10.740,-0.0190,-0.0100,6.0177,1.5784,2.4834,0.014
194.408,189.172,0.986,RETURN_HOME,diverged1,8.2704,-0.7736,0.9502,0.068008,0.484391,0.266235,0.234,104,7.0639,6.7446,-1.4838,-0.466,0.00000,7.5854,0.5571,2.3801,0.0544,-0.2262,0.004,0.2011,0.5400,0.5600,25,0.034,30.92,20.28,20.30,30.98,0.0099,-0.0206,9.96,1.00,50.00,SLOWDOWN,PolygonSlow,0.00,EXECUTING,208,10.740,-0.0190,-0.0100,6.0136,1.5819,2.4677,0.014
194.509,189.262,0.978,RETURN_HOME,diverged1,8.2704,-0.7736,0.9502,0.068008,0.484391,0.266235,0.324,104,7.0639,6.7446,-1.4838,-0.476,0.00000,7.5850,0.5575,2.3787,0.0102,-0.0371,0.014,0.2047,0.5400,0.5600,25,0.024,30.85,20.41,20.21,30.92,0.0009,-0.0019,10.04,1.00,49.90,SLOWDOWN,PolygonSlow,0.00,EXECUTING,209,10.783,-0.0190,-0.0100,6.0130,1.5823,2.4660,0.004
194.609,189.358,0.975,RETURN_HOME,diverged1,8.2704,-0.7736,0.9502,0.068008,0.484391,0.266235,0.420,104,7.0639,6.7446,-1.4838,-0.480,0.00000,7.5844,0.5580,2.3776,0.0074,-0.0109,0.010,0.2084,0.5400,0.5600,25,0.020,31.39,20.49,20.79,31.39,0.1105,-1.0000,9.98,1.00,50.00,SLOWDOWN,PolygonSlow,0.00,EXECUTING,209,10.783,-0.0190,-0.0100,6.0121,1.5832,2.4645,0.000
194.709,189.450,0.970,RETURN_HOME,diverged1,8.2704,-0.7736,0.9502,0.068008,0.484391,0.266235,0.512,104,7.0639,6.7446,-1.4838,-0.488,0.00000,7.5802,0.5621,2.3674,0.0640,-0.1113,0.002,0.2067,0.6000,0.6538,26,0.012,31.45,20.62,20.70,31.45,0.1105,-1.0000,10.07,1.00,50.00,SLOWDOWN,PolygonSlow,0.00,EXECUTING,209,10.783,-0.0190,-0.0100,6.0084,1.5862,2.4582,0.012
194.809,189.552,0.974,RETURN_HOME,diverged1,8.2704,-0.7736,0.9502,0.068008,0.484391,0.266235,0.614,104,7.0639,6.7446,-1.4838,-0.486,0.00000,7.5768,0.5654,2.3594,0.0476,-0.0801,0.004,0.2141,0.6012,0.6923,26,0.014,31.52,20.58,20.65,31.45,0.0099,-0.0187,10.16,1.00,50.00,SLOWDOWN,PolygonSlow,0.00,EXECUTING,209,10.783,-0.0190,-0.0100,6.0045,1.5895,2.4519,0.014
194.909,189.646,0.964,RETURN_HOME,diverged1,8.2704,-0.7736,0.9502,0.068008,0.484391,0.266235,0.708,104,7.0639,6.7446,-1.4838,-0.392,0.00000,7.5764,0.5658,2.3585,0.0103,-0.0181,0.018,0.2141,0.6261,0.6923,26,0.008,31.45,20.75,20.61,31.52,0.0009,-0.0017,10.14,1.00,50.10,SLOWDOWN,PolygonSlow,0.00,EXECUTING,209,10.783,-0.0190,-0.0100,6.0039,1.5900,2.4510,0.008
195.009,189.746,0.968,RETURN_HOME,diverged1,8.2704,-0.7736,0.9502,0.068008,0.484391,0.266235,0.808,104,7.0639,6.7446,-1.4838,-0.392,0.00000,7.5762,0.5660,2.3580,0.0027,-0.0041,0.018,0.2141,0.6261,0.6923,26,0.108,31.80,20.70,21.16,31.80,0.1105,-1.0000,10.02,1.00,50.00,SLOWDOWN,PolygonSlow,0.00,EXECUTING,209,10.783,-0.0190,-0.0100,6.0035,1.5904,2.4503,0.008
195.109,189.838,0.960,RETURN_HOME,diverged1,8.2704,-0.7736,0.9502,0.068008,0.484391,0.266235,0.900,104,7.0639,6.7446,-1.4838,-0.400,0.00000,7.5732,0.5691,2.3511,0.0441,-0.0711,0.010,0.2163,0.6295,0.6923,26,0.100,32.02,20.75,20.96,32.02,0.1421,-1.0000,10.14,1.00,50.00,SLOWDOWN,PolygonSlow,0.00,EXECUTING,209,10.783,-0.0190,-0.0100,6.0000,1.5934,2.4448,0.000
195.209,189.938,0.962,RETURN_HOME,diverged1,8.2704,-0.7736,0.9502,0.068008,0.484391,0.266235,1.000,104,7.0639,6.7446,-1.4838,-0.400,0.00000,7.5687,0.5736,2.3412,0.0643,-0.0992,0.010,0.2285,0.7531,0.6538,26,0.100,31.19,20.92,21.16,31.19,0.1421,-1.0000,10.00,1.00,50.00,SLOWDOWN,PolygonSlow,0.00,EXECUTING,209,10.783,-0.0190,-0.0100,5.9961,1.5968,2.4385,0.020
195.309,190.038,0.962,RETURN_HOME,diverged1,8.2704,-0.7736,0.9502,0.068008,0.484391,0.266235,1.100,104,7.0639,6.7446,-1.4838,-0.400,0.00000,7.5638,0.5787,2.3304,0.0746,-0.1140,0.010,0.2330,0.8123,0.6538,26,0.100,32.29,20.79,20.79,32.29,0.1421,-1.0000,9.93,0.00,50.00,SLOWDOWN,PolygonSlow,0.00,EXECUTING,209,10.783,-0.0190,-0.0100,5.9907,1.6014,2.4305,0.020
195.409,190.130,0.964,RETURN_HOME,diverged1,8.2704,-0.7736,0.9502,0.068008,0.484391,0.266235,1.192,104,7.0639,6.7446,-1.4838,-0.408,0.00000,7.5571,0.5860,2.3139,0.1025,-0.1713,0.002,0.2201,0.6750,0.6923,26,0.092,32.09,20.88,20.83,32.09,0.0128,-0.0204,10.02,0.00,50.10,SLOWDOWN,PolygonSlow,0.00,EXECUTING,209,10.783,-0.0190,-0.0100,5.9834,1.6080,2.4184,0.012
195.509,190.230,0.969,RETURN_HOME,diverged1,8.2704,-0.7736,0.9502,0.068008,0.484391,0.266235,1.292,104,7.0639,6.7446,-1.4838,-0.408,0.00000,7.5563,0.5868,2.3122,0.0119,-0.0177,0.002,0.2041,0.6900,0.7200,25,0.092,32.16,20.66,20.88,32.16,0.0012,-0.0018,9.98,0.00,50.10,SLOWDOWN,PolygonSlow,0.00,EXECUTING,209,10.783,-0.0190,-0.0100,5.9820,1.6092,2.4162,0.012
195.609,190.326,0.968,RETURN_HOME,diverged1,8.2704,-0.7736,0.9502,0.068008,0.484391,0.266235,1.388,104,7.0639,6.7446,-1.4838,-0.412,0.00000,7.5563,0.5868,2.3121,0.0011,-0.0020,0.026,0.2021,0.6900,0.7200,25,0.088,31.06,20.66,20.70,30.99,0.0001,-0.0002,10.02,0.00,50.10,SLOWDOWN,PolygonSlow,0.00,EXECUTING,208,10.724,-0.0190,-0.0100,5.9820,1.6092,2.4162,0.008
195.709,190.426,0.976,RETURN_HOME,diverged1,8.2704,-0.7736,0.9502,0.068008,0.484391,0.266235,1.488,104,7.0639,6.7446,-1.4838,-0.412,0.00000,7.5562,0.5870,2.3118,0.0018,-0.0028,0.018,0.2041,0.6900,0.7200,25,0.088,31.18,20.49,20.83,31.18,0.1263,-1.0000,9.98,0.00,50.10,SLOWDOWN,PolygonSlow,0.00,EXECUTING,208,10.724,-0.0190,-0.0100,5.9816,1.6096,2.4156,0.008
195.808,190.526,0.974,RETURN_HOME,diverged1,8.2704,-0.7736,0.9502,0.068008,0.484391,0.266235,1.588,104,7.0639,6.7446,-1.4838,-0.412,0.00000,7.5532,0.5902,2.3049,0.0474,-0.0736,0.018,0.2014,0.6900,0.6800,25,0.088,30.98,20.53,20.34,30.98,0.0113,-0.0144,10.02,0.00,49.90,SLOWDOWN,PolygonSlow,0.00,EXECUTING,208,10.724,-0.0190,-0.0100,5.9785,1.6124,2.4106,0.008
195.909,190.624,0.978,RETURN_HOME,diverged1,8.2704,-0.7736,0.9502,0.068008,0.484391,0.266235,1.686,104,7.0639,6.7446,-1.4838,-0.414,0.00000,7.5525,0.5910,2.3035,0.0105,-0.0145,0.016,0.2061,0.7200,0.6800,25,0.086,31.39,20.41,20.93,31.45,0.1263,-1.0000,9.98,0.00,50.00,SLOWDOWN,PolygonSlow,0.00,EXECUTING,208,10.724,-0.0190,-0.0100,5.9774,1.6134,2.4090,0.006
196.008,190.724,0.978,RETURN_HOME,diverged1,8.2704,-0.7736,0.9502,0.068008,0.484391,0.266235,1.786,104,7.0639,6.7446,-1.4838,-0.414,0.00000,7.5477,0.5964,2.2909,0.0727,-0.1269,0.016,0.2226,0.7400,0.6800,25,0.086,31.12,20.45,20.47,31.05,0.1263,-1.0000,10.02,0.00,49.90,SLOWDOWN,PolygonSlow,0.00,EXECUTING,208,10.724,-0.0190,-0.0100,5.9719,1.6186,2.3990,0.006
196.109,190.824,0.985,RETURN_HOME,diverged1,8.2704,-0.7736,0.9502,0.068008,0.484391,0.266235,1.886,104,7.0639,6.7446,-1.4838,-0.414,0.00000,7.5418,0.6033,2.2702,0.0927,-0.2114,0.018,0.2274,0.7411,0.7308,26,0.086,31.18,20.41,20.56,31.18,0.1105,-1.0000,9.96,0.00,50.00,SLOWDOWN,PolygonSlow,0.00,EXECUTING,208,10.724,-0.0190,-0.0100,5.9653,1.6249,2.3829,0.006
196.208,190.924,0.987,RETURN_HOME,diverged1,8.2704,-0.7736,0.9502,0.068008,0.484391,0.266235,1.986,104,7.0639,6.7446,-1.4838,-0.414,0.00000,7.5372,0.6089,2.2462,0.0865,-0.2848,0.018,0.2458,0.8793,0.7407,27,0.086,31.12,20.24,20.52,31.12,0.1105,-1.0000,10.07,0.00,50.00,SLOWDOWN,PolygonSlow,0.00,EXECUTING,208,10.724,-0.0190,-0.0100,5.9601,1.6299,2.3646,0.006
196.309,191.024,0.986,RETURN_HOME,diverged1,8.2704,-0.7736,0.9502,0.068008,0.484391,0.266235,2.086,104,7.0639,6.7446,-1.4838,-0.414,0.00000,7.5324,0.6150,2.2159,0.0761,-0.2986,0.016,0.2092,0.7625,0.7333,30,0.086,31.32,20.20,20.61,31.32,0.1105,-1.0000,9.96,0.00,50.00,SLOWDOWN,PolygonSlow,0.00,EXECUTING,208,10.724,-0.0190,-0.0100,5.9546,1.6355,2.3414,0.006
196.408,191.124,0.994,RETURN_HOME,diverged1,8.2833,-0.7651,0.7381,0.061112,0.511296,0.263802,0.086,105,6.8866,6.6606,-1.4667,-0.414,0.19615,7.5283,0.6207,2.1829,0.0774,-0.3661,0.016,0.2495,0.8636,0.6897,29,0.086,30.66,20.12,20.13,30.59,0.0947,-0.8974,10.02,1.00,50.00,SLOWDOWN,PolygonSlow,0.00,EXECUTING,208,10.724,-0.0190,-0.0100,5.9499,1.6406,2.3170,0.006
196.508,191.224,0.994,RETURN_HOME,diverged1,8.2833,-0.7651,0.7381,0.061112,0.511296,0.263802,0.186,105,6.8866,6.6606,-1.4667,-0.414,0.00000,7.5245,0.6262,2.1448,0.0665,-0.3806,0.016,0.2623,0.9000,0.6452,31,0.086,30.53,20.12,20.13,30.46,0.0947,-1.0000,9.98,1.00,50.00,SLOWDOWN,PolygonSlow,0.00,EXECUTING,208,10.724,-0.0190,-0.0100,5.9454,1.6457,2.2879,0.006
196.609,191.318,0.990,RETURN_HOME,diverged1,8.2833,-0.7651,0.7381,0.061112,0.511296,0.263802,0.280,105,6.8866,6.6606,-1.4667,-0.420,0.00000,7.5210,0.6319,2.0985,0.0677,-0.4662,0.010,0.2562,0.9341,0.6562,32,0.080,30.55,20.20,20.37,30.61,0.0284,-0.0686,9.91,1.00,50.10,SLOWDOWN,PolygonSlow,0.00,EXECUTING,209,10.764,-0.0190,-0.0100,5.9419,1.6498,2.2601,0.020
196.708,191.414,0.988,RETURN_HOME,diverged1,8.2833,-0.7651,0.7381,0.061112,0.511296,0.263802,0.376,105,6.8866,6.6606,-1.4667,-0.424,0.00000,7.5185,0.6363,2.0615,0.0516,-0.3748,0.006,0.2808,0.9727,0.5938,32,0.076,30.72,20.20,20.26,30.72,0.0947,-1.0000,9.98,1.00,50.10,SLOWDOWN,PolygonSlow,0.00,EXECUTING,209,10.764,-0.0190,-0.0100,5.9388,1.6536,2.2321,0.016
196.809,191.514,0.989,RETURN_HOME,diverged1,8.2833,-0.7651,0.7381,0.061112,0.511296,0.263802,0.476,105,6.8866,6.6606,-1.4667,-0.424,0.00000,7.5163,0.6406,2.0273,0.0489,-0.3425,0.006,0.2628,1.0427,0.6765,34,0.076,30.61,20.20,20.45,30.61,0.0284,-0.0686,9.98,1.00,49.90,SLOWDOWN,PolygonSlow,0.00,EXECUTING,209,10.764,-0.0190,-0.0100,5.9355,1.6579,2.2065,0.016
196.909,191.612,0.988,RETURN_HOME,diverged1,8.2833,-0.7651,0.7381,0.061112,0.511296,0.263802,0.574,105,6.8866,6.6606,-1.4667,-0.426,0.00000,7.5149,0.6437,2.0077,0.0337,-0.1979,0.004,0.2631,0.9475,0.6857,35,0.074,30.92,20.24,20.17,32.05,0.0085,-0.0206,10.04,1.00,50.00,SLOWDOWN,PolygonSlow,0.00,EXECUTING,209,10.764,-0.0190,-0.0100,5.9333,1.6609,2.1903,0.014
197.009,191.712,0.987,RETURN_HOME,diverged1,8.2833,-0.7651,0.7381,0.061112,0.511296,0.263802,0.674,105,6.8866,6.6606,-1.4667,-0.426,0.00000,7.5146,0.6442,2.0064,0.0059,-0.0145,0.004,0.2637,0.9762,0.7143,35,0.074,30.92,20.24,20.26,32.05,0.0008,-0.0019,10.02,1.00,50.00,SLOWDOWN,PolygonSlow,0.00,EXECUTING,209,10.764,-0.0190,-0.0100,5.9330,1.6614,2.1888,0.014
197.108,191.808,0.984,RETURN_HOME,diverged1,8.2833,-0.7651,0.7381,0.061112,0.511296,0.263802,0.770,105,6.8866,6.6606,-1.4667,-0.430,0.00000,7.5145,0.6443,2.0060,0.0022,-0.0037,0.000,0.2637,0.9762,0.7143,35,0.070,30.66,20.28,20.13,31.71,0.0001,-0.0002,10.04,1.00,50.00,SLOWDOWN,PolygonSlow,0.00,EXECUTING,209,10.764,-0.0190,-0.0100,5.9328,1.6616,2.1885,0.010
197.209,191.910,0.984,RETURN_HOME,diverged1,8.2833,-0.7651,0.7381,0.061112,0.511296,0.263802,0.872,105,6.8866,6.6606,-1.4667,-0.428,0.00000,7.5145,0.6443,2.0060,0.0000,-0.0001,0.004,0.2637,0.9762,0.7143,35,0.072,31.05,20.33,20.34,32.12,0.0000,-0.0000,10.02,1.00,50.00,SLOWDOWN,PolygonSlow,0.00,EXECUTING,209,10.764,-0.0190,-0.0100,5.9328,1.6616,2.1885,0.012
197.309,192.010,0.984,RETURN_HOME,diverged1,8.2833,-0.7651,0.7381,0.061112,0.511296,0.263802,0.972,105,6.8866,6.6606,-1.4667,-0.428,0.00000,7.5145,0.6443,2.0060,0.0000,-0.0000,0.002,0.2637,0.9762,0.7143,35,0.072,30.66,20.33,20.08,31.71,0.0000,-0.0000,9.85,1.00,50.10,SLOWDOWN,PolygonSlow,0.00,EXECUTING,209,10.764,-0.0190,-0.0100,5.9328,1.6616,2.1885,0.012
197.409,192.108,0.982,RETURN_HOME,diverged1,8.2833,-0.7651,0.7381,0.061112,0.511296,0.263802,1.070,105,6.8866,6.6606,-1.4667,-0.430,0.00000,7.5145,0.6443,2.0060,0.0000,-0.0000,0.000,0.2637,0.9762,0.7143,35,0.070,31.12,20.28,20.30,32.12,0.0000,-0.0000,10.02,0.00,50.00,SLOWDOWN,PolygonSlow,0.00,EXECUTING,209,10.764,-0.0190,-0.0100,5.9328,1.6616,2.1885,0.010
197.509,192.208,0.990,RETURN_HOME,diverged1,8.2833,-0.7651,0.7381,0.061112,0.511296,0.263802,1.170,105,6.8866,6.6606,-1.4667,-0.430,0.00000,7.5145,0.6445,2.0057,0.0018,-0.0028,0.000,0.2651,0.9762,0.7143,35,0.070,30.98,20.33,20.34,32.12,0.0000,-0.0000,10.00,0.00,50.00,SLOWDOWN,PolygonSlow,0.00,EXECUTING,209,10.764,-0.0190,-0.0100,5.9327,1.6617,2.1883,0.010
197.609,192.310,0.995,RETURN_HOME,diverged1,8.2833,-0.7651,0.7381,0.061112,0.511296,0.263802,1.272,105,6.8866,6.6606,-1.4667,-0.428,0.00000,7.5145,0.6445,2.0057,0.0000,-0.0000,0.002,0.2665,0.9958,0.7143,35,0.072,30.15,20.12,19.75,31.12,0.0000,-0.0000,10.00,0.00,49.90,SLOWDOWN,PolygonSlow,0.00,EXECUTING,208,10.724,-0.0190,-0.0100,5.9327,1.6617,2.1883,0.012
197.708,192.404,0.989,RETURN_HOME,diverged1,8.2833,-0.7651,0.7381,0.061112,0.511296,0.263802,1.366,105,6.8866,6.6606,-1.4667,-0.434,0.00000,7.5144,0.6447,2.0054,0.0018,-0.0028,0.016,0.2665,0.9958,0.7143,35,0.066,30.46,20.24,20.00,31.51,0.0000,-0.0000,10.02,0.00,50.00,SLOWDOWN,PolygonSlow,0.00,EXECUTING,208,10.724,-0.0190,-0.0100,5.9326,1.6619,2.1881,0.006
197.809,192.502,0.988,RETURN_HOME,diverged1,8.2833,-0.7651,0.7381,0.061112,0.511296,0.263802,1.464,105,6.8866,6.6606,-1.4667,-0.436,0.00000,7.5142,0.6452,2.0047,0.0076,-0.0105,0.018,0.2665,0.9958,0.7143,35,0.064,30.46,20.33,20.00,31.45,0.0789,-1.0000,9.96,0.00,50.31,SLOWDOWN,PolygonSlow,0.00,EXECUTING,208,10.724,-0.0190,-0.0100,5.9320,1.6627,2.1869,0.004
197.909,192.596,0.982,RETURN_HOME,diverged1,8.2764,-0.7733,0.5576,0.058541,0.548788,0.244281,0.058,106,6.6476,6.5893,-1.4391,-0.442,0.24942,7.5122,0.6494,1.9910,0.0453,-0.1358,0.008,0.2696,0.9812,0.6944,36,0.058,30.92,20.33,20.39,30.85,0.0789,-1.0000,10.00,1.00,50.00,SLOWDOWN,PolygonSlow,0.00,EXECUTING,208,10.724,-0.0190,-0.0100,5.9298,1.6658,2.1782,0.018
198.009,192.696,0.986,RETURN_HOME,diverged1,8.2764,-0.7733,0.5576,0.058541,0.548788,0.244281,0.158,106,6.6476,6.5893,-1.4391,-0.442,0.00000,7.5105,0.6534,1.9748,0.0525,-0.1923,0.008,0.2635,0.9756,0.6667,36,0.058,30.79,20.33,20.34,30.85,0.0789,-1.0000,9.93,1.00,50.00,SLOWDOWN,PolygonSlow,0.00,EXECUTING,208,10.724,-0.0190,-0.0100,5.9272,1.6694,2.1660,0.018
198.108,192.788,0.980,RETURN_HOME,diverged1,8.2764,-0.7733,0.5576,0.058541,0.548788,0.244281,0.250,106,6.6476,6.5893,-1.4391,-0.450,0.00000,7.5090,0.6569,1.9600,0.0379,-0.1489,0.000,0.2610,0.9654,0.6667,36,0.050,30.85,20.45,20.21,30.92,0.0071,-0.0200,10.02,1.00,50.00,SLOWDOWN,PolygonSlow,0.00,EXECUTING,208,10.724,-0.0190,-0.0100,5.9248,1.6729,2.1542,0.010
198.209,192.888,0.978,RETURN_HOME,diverged1,8.2764,-0.7733,0.5576,0.058541,0.548788,0.244281,0.350,106,6.6476,6.5893,-1.4391,-0.450,0.00000,7.5089,0.6570,1.9594,0.0036,-0.0125,0.020,0.2647,0.9785,0.6857,35,0.050,30.85,20.45,20.21,30.85,0.0006,-0.0018,10.14,1.00,50.00,SLOWDOWN,PolygonSlow,0.00,EXECUTING,208,10.724,-0.0190,-0.0100,5.9246,1.6731,2.1536,0.010
198.308,192.986,0.977,RETURN_HOME,diverged1,8.2764,-0.7733,0.5576,0.058541,0.548788,0.244281,0.448,106,6.6476,6.5893,-1.4391,-0.452,0.00000,7.5089,0.6571,1.9593,0.0003,-0.0009,0.018,0.2504,0.9404,0.6944,36,0.048,30.92,20.45,20.26,30.98,0.0001,-0.0002,9.98,1.00,50.00,SLOWDOWN,PolygonSlow,0.00,EXECUTING,208,10.724,-0.0190,-0.0100,5.9246,1.6731,2.1535,0.008
198.409,193.086,0.975,RETURN_HOME,diverged1,8.2764,-0.7733,0.5576,0.058541,0.548788,0.244281,0.548,106,6.6476,6.5893,-1.4391,-0.452,0.00000,7.5089,0.6571,1.9593,0.0000,-0.0001,0.018,0.2266,0.8910,0.7179,39,0.048,31.05,20.49,20.30,30.92,0.0000,-0.0000,10.09,1.00,49.90,SLOWDOWN,PolygonSlow,0.00,EXECUTING,208,10.724,-0.0190,-0.0100,5.9246,1.6731,2.1535,0.008
198.509,193.184,0.972,RETURN_HOME,diverged1,8.2764,-0.7733,0.5576,0.058541,0.548788,0.244281,0.646,106,6.6476,6.5893,-1.4391,-0.454,0.00000,7.5087,0.6576,1.9585,0.0058,-0.0076,0.016,0.2292,0.8910,0.7179,39,0.046,30.66,20.49,20.08,30.59,0.0000,-0.0000,10.00,1.00,50.00,SLOWDOWN,PolygonSlow,0.00,EXECUTING,208,10.724,-0.0190,-0.0100,5.9242,1.6738,2.1526,0.006
198.609,193.284,0.974,RETURN_HOME,diverged1,8.2764,-0.7733,0.5576,0.058541,0.548788,0.244281,0.746,106,6.6476,6.5893,-1.4391,-0.454,0.00000,7.5085,0.6580,1.9577,0.0046,-0.0083,0.016,0.2279,0.8910,0.7179,39,0.046,31.18,20.66,20.79,31.18,0.0789,-1.0000,9.98,1.00,50.10,SLOWDOWN,PolygonSlow,0.00,EXECUTING,207,10.673,-0.0190,-0.0100,5.9238,1.6743,2.1520,0.006
198.709,193.382,0.978,RETURN_HOME,diverged1,8.2764,-0.7733,0.5576,0.058541,0.548788,0.244281,0.844,106,6.6476,6.5893,-1.4391,-0.456,0.00000,7.5068,0.6623,1.9484,0.0513,-0.0986,0.016,0.2382,0.9181,0.7105,38,0.044,31.45,20.45,20.70,31.45,0.0789,-1.0000,10.02,1.00,50.00,SLOWDOWN,PolygonSlow,0.00,EXECUTING,207,10.673,-0.0190,-0.0100,5.9211,1.6785,2.1443,0.004
198.809,193.468,0.966,RETURN_HOME,diverged1,8.2764,-0.7733,0.5576,0.058541,0.548788,0.244281,0.930,106,6.6476,6.5893,-1.4391,-0.470,0.00000,7.5050,0.6670,1.9298,0.0484,-0.1846,0.000,0.2540,0.9867,0.7179,39,0.030,31.58,20.53,21.05,31.58,0.0632,-0.2224,10.00,1.00,50.00,DO_NOTHING,--,1.00,EXECUTING,207,10.673,-0.0190,-0.0100,5.9188,1.6818,2.1326,0.010
198.909,193.576,0.978,RETURN_HOME,diverged1,8.2764,-0.7733,0.5576,0.058541,0.548788,0.244281,1.038,106,6.6476,6.5893,-1.4391,-0.462,0.00000,7.5029,0.6728,1.9056,0.0627,-0.2430,0.008,0.2619,0.9337,0.7105,38,0.038,31.39,20.41,20.61,32.47,0.0632,-1.0000,9.98,0.00,50.00,SLOWDOWN,PolygonSlow,15.63,EXECUTING,207,10.673,-0.0190,-0.0100,5.9160,1.6868,2.1156,0.018
199.009,193.676,0.980,RETURN_HOME,diverged1,8.2764,-0.7733,0.5576,0.058541,0.548788,0.244281,1.138,106,6.6476,6.5893,-1.4391,-0.462,0.00000,7.5009,0.6788,1.8650,0.0632,-0.4098,0.008,0.2591,0.9114,0.6842,38,0.038,31.51,20.45,20.96,32.56,0.0582,-0.5000,9.98,0.00,50.00,LIMIT,PolygonLimit,15.00,EXECUTING,207,10.673,-0.0190,-0.0100,5.9137,1.6921,2.0855,0.018
199.109,193.778,0.988,RETURN_HOME,diverged1,8.2764,-0.7733,0.5576,0.058541,0.548788,0.244281,1.240,106,6.6476,6.5893,-1.4391,-0.460,0.00000,7.4993,0.6846,1.8147,0.0603,-0.5034,0.010,0.2951,1.0415,0.6579,38,0.040,30.79,20.24,20.26,32.98,0.0632,-1.0000,9.98,0.00,50.00,DO_NOTHING,--,15.15,EXECUTING,207,10.673,-0.0190,-0.0100,5.9120,1.6975,2.0472,0.020
199.213,193.866,0.973,RETURN_HOME,diverged1,8.2914,-0.7554,0.3731,0.065637,0.604669,0.250361,0.028,107,6.3324,6.5154,-1.3992,-0.472,0.32377,7.4982,0.6898,1.7562,0.0549,-0.6048,0.000,0.3054,0.9478,0.6316,38,0.028,30.72,20.28,20.26,32.84,0.0474,-0.8974,10.00,1.00,50.10,LIMIT,PolygonLimit,17.59,EXECUTING,207,10.673,-0.0190,-0.0100,5.9110,1.7025,2.0008,0.008
199.309,193.978,0.991,RETURN_HOME,diverged1,8.2914,-0.7554,0.3731,0.065637,0.604669,0.250361,0.140,107,6.3324,6.5154,-1.3992,-0.460,0.00000,7.4976,0.6937,1.7037,0.0391,-0.5229,0.010,0.3172,0.9531,0.5789,38,0.040,30.53,20.20,20.26,33.68,0.0474,-1.0000,9.98,1.00,50.00,DO_NOTHING,--,17.32,EXECUTING,207,10.673,-0.0190,-0.0100,5.9112,1.7062,1.9574,0.020
199.409,194.074,0.988,RETURN_HOME,diverged1,8.2914,-0.7554,0.3731,0.065637,0.604669,0.250361,0.236,107,6.3324,6.5154,-1.3992,-0.464,0.00000,7.4972,0.6976,1.6459,0.0430,-0.6226,0.010,0.3443,0.9639,0.5789,38,0.036,30.93,20.33,20.58,34.02,0.0359,-0.5000,9.93,1.00,50.20,DO_NOTHING,--,17.42,EXECUTING,207,10.673,-0.0190,-0.0100,5.9124,1.7100,1.9075,0.016
199.509,194.174,0.990,RETURN_HOME,diverged1,8.2914,-0.7554,0.3731,0.065637,0.604669,0.250361,0.336,107,6.3324,6.5154,-1.3992,-0.464,0.00000,7.4970,0.7013,1.5958,0.0394,-0.5422,0.006,0.3791,0.9750,0.5405,37,0.036,30.79,20.20,20.17,35.03,0.0359,-0.5000,9.98,1.00,50.00,DO_NOTHING,--,17.42,EXECUTING,207,10.673,-0.0190,-0.0100,5.9141,1.7135,1.8633,0.016
199.609,194.272,0.988,RETURN_HOME,diverged1,8.2763,-0.8185,0.1635,0.071349,0.620002,0.268568,0.034,108,6.2891,6.4445,-1.3973,-0.466,0.08302,7.4970,0.7057,1.5449,0.0459,-0.5316,0.004,0.3647,0.9742,0.5263,38,0.034,30.98,20.20,20.39,35.33,0.0789,-1.0000,9.98,2.50,50.00,DO_NOTHING,--,17.42,EXECUTING,207,10.673,-0.0190,-0.0100,5.9163,1.7173,1.8176,0.014
199.709,194.370,1.002,RETURN_HOME,diverged1,8.2763,-0.8185,0.1635,0.071349,0.620002,0.268568,0.132,108,6.2891,6.4445,-1.3973,-0.468,0.00000,7.4974,0.7132,1.4785,0.0758,-0.6694,0.002,0.3709,0.9592,0.5385,39,0.032,30.79,20.24,20.17,35.03,0.0598,-0.5000,10.00,2.50,50.00,LIMIT,PolygonLimit,12.64,EXECUTING,208,10.708,-0.0190,-0.0100,5.9190,1.7249,1.7559,0.012
199.809,194.464,0.986,RETURN_HOME,diverged1,8.2763,-0.8185,0.1635,0.071349,0.620002,0.268568,0.226,108,6.2891,6.4445,-1.3973,-0.474,0.00000,7.4981,0.7191,1.4270,0.0661,-0.5673,0.000,0.3944,0.9667,0.5385,39,0.026,29.90,20.12,19.63,34.02,0.0598,-0.5000,10.02,2.50,50.20,DO_NOTHING,--,13.22,EXECUTING,208,10.708,-0.0190,-0.0100,5.9222,1.7308,1.7048,0.006
199.908,194.568,0.992,RETURN_HOME,diverged1,8.2763,-0.8185,0.1635,0.071349,0.620002,0.268568,0.330,108,6.2891,6.4445,-1.3973,-0.470,0.00000,7.4991,0.7250,1.3770,0.0594,-0.4964,0.000,0.4149,1.0062,0.5128,39,0.030,30.79,20.12,20.17,33.90,0.0598,-0.5000,9.98,2.50,50.00,DO_NOTHING,--,12.76,EXECUTING,208,10.708,-0.0190,-0.0100,5.9257,1.7368,1.6551,0.010
200.010,194.664,0.984,RETURN_HOME,diverged1,8.2763,-0.8185,0.1635,0.071349,0.620002,0.268568,0.426,108,6.2891,6.4445,-1.3973,-0.374,0.00000,7.5002,0.7297,1.3370,0.0603,-0.5042,0.016,0.4210,0.9625,0.5128,39,0.026,29.96,20.20,19.63,32.99,0.0598,-0.5000,10.04,2.50,49.90,DO_NOTHING,--,12.71,EXECUTING,208,10.708,-0.0190,-0.0100,5.9298,1.7428,1.6037,0.006
200.108,194.768,0.991,RETURN_HOME,diverged1,8.2774,-0.8485,-0.0661,0.090980,0.685061,0.315345,0.130,109,6.3396,6.4335,-1.4076,-0.470,0.05167,7.5017,0.7355,1.2870,0.0626,-0.5232,0.020,0.3844,0.9000,0.5476,42,0.030,30.85,20.20,20.17,32.98,0.0598,-0.5000,10.00,2.48,50.00,DO_NOTHING,--,12.03,EXECUTING,208,10.708,-0.0190,-0.0100,5.9345,1.7487,1.5510,0.010
200.210,194.866,1.003,RETURN_HOME,diverged1,8.2774,-0.8485,-0.0661,0.090980,0.685061,0.315345,0.228,109,6.3396,6.4335,-1.4076,-0.472,0.00000,7.5035,0.7412,1.2370,0.0598,-0.5000,0.018,0.4105,1.0350,0.5000,42,0.028,30.46,20.12,19.96,32.49,0.0598,-0.5000,10.07,2.45,49.70,DO_NOTHING,--,9.80,EXECUTING,208,10.708,-0.0190,-0.0100,5.9393,1.7547,1.4992,0.008
200.308,194.968,0.991,RETURN_HOME,diverged1,8.2774,-0.8485,-0.0661,0.090980,0.685061,0.315345,0.330,109,6.3396,6.4335,-1.4076,-0.470,0.00000,7.5056,0.7468,1.1870,0.0644,-0.5381,0.020,0.4296,0.9450,0.5000,42,0.030,30.85,20.16,20.21,31.91,0.0598,-0.5000,10.04,2.45,50.00,DO_NOTHING,--,7.81,EXECUTING,208,10.708,-0.0190,-0.0100,5.9441,1.7607,1.4490,0.010
200.410,195.058,0.981,RETURN_HOME,diverged1,8.2774,-0.8485,-0.0661,0.090980,0.685061,0.315345,0.420,109,6.3396,6.4335,-1.4076,-0.480,0.00000,7.5080,0.7523,1.1370,0.0603,-0.5042,0.010,0.4530,0.9708,0.4634,41,0.020,29.84,20.16,19.59,30.86,0.0598,-0.5000,10.11,2.45,49.80,DO_NOTHING,--,26.32,EXECUTING,208,10.708,-0.0190,-0.0100,5.9490,1.7666,1.4003,0.000
200.509,195.162,0.989,RETURN_HOME,diverged1,8.2774,-0.8485,-0.0661,0.090980,0.685061,0.315345,0.524,109,6.3396,6.4335,-1.4076,-0.376,0.00000,7.5105,0.7574,1.0861,0.0590,-0.5231,0.016,0.4428,0.9500,0.4651,43,0.024,30.66,20.24,20.26,30.79,0.0474,-1.0000,9.93,2.45,50.00,DO_NOTHING,--,26.32,EXECUTING,208,10.708,-0.0190,-0.0100,5.9537,1.7722,1.3514,0.004
200.608,195.260,0.989,RETURN_HOME,diverged1,8.2821,-0.9006,-0.3346,0.106413,0.716455,0.393150,0.122,110,6.4463,6.4212,-1.4256,-0.378,0.10740,7.5131,0.7619,1.0190,0.0512,-0.6675,0.012,0.4709,0.9950,0.4286,42,0.022,30.79,20.16,20.34,30.72,0.2053,-1.0000,9.85,2.20,50.10,DO_NOTHING,--,26.32,EXECUTING,208,10.708,-0.0190,-0.0100,5.9592,1.7771,1.2906,0.002
200.709,195.362,0.992,RETURN_HOME,diverged1,8.2821,-0.9006,-0.3346,0.106413,0.716455,0.393150,0.224,110,6.4463,6.4212,-1.4256,-0.476,0.00000,7.5206,0.7731,0.9534,0.1874,-0.9053,0.014,0.5072,1.0500,0.3902,41,0.024,30.79,20.16,20.17,30.85,0.2368,-1.0000,9.98,1.99,49.90,DO_NOTHING,--,1.00,EXECUTING,206,10.640,-0.0190,-0.0100,5.9657,1.7875,1.2467,0.004
200.808,195.462,0.999,RETURN_HOME,diverged1,8.2821,-0.9006,-0.3346,0.106413,0.716455,0.393150,0.324,110,6.4463,6.4212,-1.4256,-0.376,0.00000,7.5328,0.7891,0.8812,0.2152,-0.7681,0.016,0.5316,1.0500,0.3500,40,0.024,30.59,20.20,20.17,30.66,0.2684,-1.0000,9.85,1.99,49.70,DO_NOTHING,--,0.00,EXECUTING,206,10.640,-0.0190,-0.0100,5.9721,1.7995,1.2130,0.024
200.909,195.564,1.001,RETURN_HOME,diverged1,8.2968,-0.9156,-0.5215,0.112318,0.729324,0.413364,0.126,111,6.3078,6.3911,-1.4092,-0.474,0.14178,7.5486,0.8068,0.8046,0.2468,-0.8000,0.016,0.5511,1.0327,0.3000,40,0.026,30.53,20.16,20.21,30.46,0.2842,-1.0000,9.96,2.47,50.00,DO_NOTHING,--,0.00,EXECUTING,206,10.640,-0.0190,-0.0100,5.9843,1.8216,1.1572,0.006
201.009,195.654,0.991,RETURN_HOME,diverged1,8.2968,-0.9156,-0.5215,0.112318,0.729324,0.413364,0.216,111,6.3078,6.3911,-1.4092,-0.484,0.00000,7.5672,0.8246,0.7255,0.2864,-0.8819,0.006,0.5450,1.0500,0.2439,41,0.016,30.53,20.20,20.13,30.46,0.3000,-0.8974,9.98,2.47,50.20,DO_NOTHING,--,0.00,EXECUTING,206,10.640,-0.0190,-0.0100,5.9940,1.8380,1.1167,0.016
201.108,195.754,0.986,RETURN_HOME,diverged1,8.2968,-0.9156,-0.5215,0.112318,0.729324,0.413364,0.316,111,6.3078,6.3911,-1.4092,-0.384,0.00000,7.5886,0.8422,0.6488,0.3133,-0.8635,0.006,0.5368,1.0000,0.2381,42,0.016,30.98,20.24,20.30,30.98,0.3000,-1.0000,9.91,3.25,50.10,DO_NOTHING,--,0.00,EXECUTING,206,10.640,-0.0190,-0.0100,6.0078,1.8601,1.0669,0.016
201.209,195.846,0.981,RETURN_HOME,diverged1,8.3333,-0.9342,-0.7320,0.104095,0.725746,0.443590,0.108,112,6.1369,6.3757,-1.3892,-0.392,0.17151,7.6070,0.8552,0.5782,0.2817,-0.8763,0.018,0.5279,1.0000,0.2326,43,0.008,30.79,20.45,20.30,30.79,0.3000,-1.0000,10.00,3.36,50.20,DO_NOTHING,--,0.00,EXECUTING,206,10.640,-0.0190,-0.0100,6.0230,1.8829,1.0076,0.008
201.309,195.948,0.990,RETURN_HOME,diverged1,8.3333,-0.9342,-0.7320,0.104095,0.725746,0.443590,0.210,112,6.1369,6.3757,-1.3892,-0.390,0.00000,7.6319,0.8698,0.4856,0.3216,-1.0318,0.020,0.4987,1.0000,0.2558,43,0.110,30.92,20.41,20.26,30.92,0.3000,-1.0000,9.93,3.36,50.00,DO_NOTHING,--,0.00,EXECUTING,206,10.640,-0.0190,-0.0100,6.0398,1.9060,0.9434,0.010
201.409,196.038,0.981,RETURN_HOME,diverged1,8.3333,-0.9342,-0.7320,0.104095,0.725746,0.443590,0.300,112,6.1369,6.3757,-1.3892,-0.400,0.00000,7.6588,0.8824,0.3876,0.2970,-0.9799,0.010,0.4882,1.0000,0.2500,44,0.100,31.12,20.37,20.39,31.05,0.3000,-1.0000,9.87,3.36,50.00,DO_NOTHING,--,0.00,EXECUTING,206,10.640,-0.0190,-0.0100,6.0582,1.9294,0.8741,0.000
201.509,196.142,0.980,RETURN_HOME,diverged1,8.3749,-0.9667,-0.9949,0.117483,0.791392,0.449134,0.104,113,5.9996,6.3708,-1.3725,-0.396,0.13745,7.6868,0.8922,0.2888,0.2968,-0.9880,0.014,0.4795,0.9985,0.2667,45,0.104,31.39,20.45,20.70,31.45,0.2842,-0.8974,10.07,3.34,50.00,DO_NOTHING,--,0.00,EXECUTING,206,10.640,-0.0190,-0.0100,6.0780,1.9521,0.8012,0.004
201.608,196.238,0.974,RETURN_HOME,diverged1,8.3749,-0.9667,-0.9949,0.117483,0.791392,0.449134,0.200,113,5.9996,6.3708,-1.3725,-0.400,0.00000,7.7147,0.8992,0.2005,0.3028,-0.9321,0.010,0.4763,0.9977,0.2979,47,0.100,31.45,20.37,20.65,31.39,0.3000,-0.7949,10.16,3.39,50.00,DO_NOTHING,--,0.00,EXECUTING,206,10.640,-0.0190,-0.0100,6.0987,1.9722,0.7338,0.000
201.709,196.336,0.974,RETURN_HOME,diverged1,8.3749,-0.9667,-0.9949,0.117483,0.791392,0.449134,0.298,113,5.9996,6.3708,-1.3725,-0.402,0.00000,7.7443,0.9040,0.1222,0.3050,-0.7961,0.008,0.4765,0.9650,0.2500,48,0.098,31.45,20.53,20.88,31.39,0.3000,-0.6923,10.04,3.39,50.10,DO_NOTHING,--,0.00,EXECUTING,201,10.377,-0.0190,-0.0100,6.1167,1.9878,0.6876,0.018
201.808,196.436,0.970,RETURN_HOME,diverged1,8.4093,-1.0357,-1.2451,0.114872,0.848306,0.460385,0.098,114,5.9067,6.3518,-1.3604,-0.402,0.09481,7.7737,0.9066,0.0549,0.3054,-0.6941,0.010,0.4793,0.9600,0.2041,49,0.098,31.59,20.49,20.83,31.52,0.2842,-0.5385,10.16,3.40,50.10,DO_NOTHING,--,0.00,EXECUTING,201,10.377,-0.0190,-0.0100,6.1401,2.0063,0.6392,0.018
201.909,196.532,0.968,RETURN_HOME,diverged1,8.4093,-1.0357,-1.2451,0.114872,0.848306,0.460385,0.194,114,5.9067,6.3518,-1.3604,-0.406,0.00000,7.8019,0.9074,0.0027,0.2865,-0.5299,0.006,0.4660,0.9550,0.2800,50,0.094,31.45,20.62,20.65,31.39,0.2842,-0.5385,10.02,3.37,50.00,DO_NOTHING,--,0.00,EXECUTING,201,10.377,-0.0190,-0.0100,6.1628,2.0229,0.6019,0.014
202.009,196.632,0.975,RETURN_HOME,diverged1,8.4093,-1.0357,-1.2451,0.114872,0.848306,0.460385,0.294,114,5.9067,6.3518,-1.3604,-0.406,0.00000,7.8300,0.9067,-0.0483,0.2786,-0.5060,0.004,0.4671,0.9500,0.2549,51,0.094,30.92,20.45,20.26,30.92,0.2842,-0.5385,10.04,3.37,50.00,DO_NOTHING,--,0.00,EXECUTING,201,10.377,-0.0190,-0.0100,6.1859,2.0385,0.5657,0.014
202.109,196.728,0.980,RETURN_HOME,diverged1,8.4093,-1.0357,-1.2451,0.114872,0.848306,0.460385,0.390,114,5.9067,6.3518,-1.3604,-0.410,0.00000,7.8525,0.9052,-0.0886,0.3036,-0.5418,0.024,0.4507,0.9000,0.2885,52,0.090,30.98,20.53,20.34,30.98,0.2842,-0.5385,10.02,3.37,50.20,DO_NOTHING,--,0.00,EXECUTING,201,10.377,-0.0190,-0.0100,6.2096,2.0530,0.5290,0.010
202.209,196.828,0.977,RETURN_HOME,diverged1,8.4481,-1.1609,-1.4687,0.093382,0.903131,0.480591,0.090,115,5.9545,6.3486,-1.3647,-0.410,0.04793,7.8804,0.9020,-0.1400,0.2730,-0.4994,0.020,0.4427,0.8900,0.2642,53,0.090,30.79,20.33,20.21,30.72,0.2842,-0.5385,9.98,2.86,50.00,DO_NOTHING,--,0.00,EXECUTING,201,10.377,-0.0190,-0.0100,6.2338,2.0660,0.4904,0.010
202.309,196.928,0.989,RETURN_HOME,diverged1,8.4481,-1.1609,-1.4687,0.093382,0.903131,0.480591,0.190,115,5.9545,6.3486,-1.3647,-0.410,0.00000,7.9137,0.8962,-0.2025,0.2948,-0.5461,0.000,0.4431,0.9000,0.2963,54,0.090,30.85,20.41,20.17,30.85,0.2842,-0.5385,10.09,2.86,50.00,DO_NOTHING,--,0.00,EXECUTING,201,10.377,-0.0190,-0.0100,6.2586,2.0774,0.4499,0.010
202.409,197.028,0.984,RETURN_HOME,diverged1,8.4481,-1.1609,-1.4687,0.093382,0.903131,0.480591,0.290,115,5.9545,6.3486,-1.3647,-0.410,0.00000,7.9412,0.8898,-0.2555,0.2960,-0.5543,0.000,0.4376,0.8500,0.2545,55,0.090,30.98,20.33,20.30,30.98,0.2842,-0.5385,9.98,2.86,50.00,DO_NOTHING,--,0.00,EXECUTING,201,10.377,-0.0190,-0.0100,6.2842,2.0873,0.4070,0.010
202.509,197.128,0.988,RETURN_HOME,diverged1,8.4481,-1.1609,-1.4687,0.093382,0.903131,0.480591,0.390,115,5.9545,6.3486,-1.3647,-0.410,0.00000,7.9685,0.8819,-0.3092,0.2948,-0.5577,0.000,0.4563,0.8800,0.2364,55,0.090,30.98,20.24,20.26,30.92,0.2842,-0.5385,10.02,2.45,50.00,DO_NOTHING,--,0.00,EXECUTING,201,10.377,-0.0190,-0.0100,6.3105,2.0955,0.3617,0.010
202.609,197.228,0.990,RETURN_HOME,diverged1,8.4576,-1.2499,-1.6813,0.085039,0.968091,0.444686,0.090,116,5.9787,6.3772,-1.3666,-0.410,0.03741,7.9958,0.8724,-0.3603,0.2935,-0.5200,0.000,0.4485,0.8566,0.2679,56,0.090,30.98,20.28,20.65,30.98,0.3000,-0.3333,9.98,2.49,50.00,DO_NOTHING,--,0.00,EXECUTING,201,10.377,-0.0190,-0.0100,6.3375,2.1023,0.3157,0.010
202.709,197.326,0.989,RETURN_HOME,diverged1,8.4576,-1.2499,-1.6813,0.085039,0.968091,0.444686,0.188,116,5.9787,6.3772,-1.3666,-0.412,0.00000,8.0180,0.8636,-0.3901,0.3525,-0.4487,0.024,0.4631,0.9000,0.2456,57,0.088,30.72,20.16,20.13,30.59,0.3000,-0.3785,10.02,2.49,50.31,DO_NOTHING,--,0.00,EXECUTING,196,10.723,-0.0190,-0.0100,6.3660,2.1089,0.2825,0.008
202.809,197.424,0.991,RETURN_HOME,diverged1,8.4576,-1.2499,-1.6813,0.085039,0.968091,0.444686,0.286,116,5.9787,6.3772,-1.3666,-0.414,0.00000,8.0448,0.8520,-0.4286,0.3155,-0.4143,0.016,0.4538,0.8650,0.2586,58,0.086,31.32,20.20,20.83,31.32,0.2053,-0.4872,9.98,2.53,50.00,DO_NOTHING,--,0.00,EXECUTING,196,10.723,-0.0190,-0.0100,6.3943,2.1145,0.2494,0.006
202.908,197.524,0.992,RETURN_HOME,diverged1,8.4576,-1.2499,-1.6813,0.085039,0.968091,0.444686,0.386,116,5.9787,6.3772,-1.3666,-0.414,0.00000,8.0634,0.8430,-0.4773,0.2152,-0.5075,0.018,0.4613,0.8650,0.2069,58,0.086,30.59,20.16,20.39,30.59,0.1895,-0.4872,9.96,2.53,50.00,DO_NOTHING,--,0.00,EXECUTING,196,10.723,-0.0190,-0.0100,6.4154,2.1192,0.2126,0.006
203.009,197.622,0.993,RETURN_HOME,diverged1,8.4576,-1.2499,-1.6813,0.085039,0.968091,0.444686,0.484,116,5.9787,6.3772,-1.3666,-0.416,0.00000,8.0798,0.8340,-0.5251,0.1950,-0.5004,0.014,0.4533,0.8500,0.2373,59,0.084,30.72,20.24,20.21,30.72,0.1737,-0.4359,10.00,2.53,50.00,DO_NOTHING,--,0.00,EXECUTING,196,10.723,-0.0190,-0.0100,6.4336,2.1221,0.1676,0.004
203.108,197.718,0.991,RETURN_HOME,diverged1,8.4536,-1.4119,-1.8896,0.075267,1.001709,0.403444,0.080,117,5.8825,6.2975,-1.3514,-0.420,0.12488,8.0942,0.8252,-0.5695,0.1723,-0.4506,0.010,0.4506,0.8500,0.2167,60,0.080,30.66,20.24,20.26,30.66,0.1421,-0.4872,9.96,2.23,50.00,DO_NOTHING,--,0.00,EXECUTING,196,10.723,-0.0190,-0.0100,6.4473,2.1229,0.1339,0.020
203.209,197.818,0.990,RETURN_HOME,diverged1,8.4536,-1.4119,-1.8896,0.075267,1.001709,0.403444,0.180,117,5.8825,6.2975,-1.3514,-0.420,0.00000,8.1060,0.8173,-0.6171,0.1433,-0.4792,0.010,0.4548,0.8500,0.2333,60,0.080,30.59,20.20,20.13,30.59,0.1421,-0.2821,9.98,2.00,50.20,DO_NOTHING,--,0.00,EXECUTING,196,10.723,-0.0190,-0.0100,6.4616,2.1225,0.0867,0.020
203.309,197.916,0.988,RETURN_HOME,diverged1,8.4536,-1.4119,-1.8896,0.075267,1.001709,0.403444,0.278,117,5.8825,6.2975,-1.3514,-0.422,0.00000,8.1172,0.8091,-0.6486,0.1413,-0.3220,0.008,0.4593,0.8500,0.2333,60,0.078,30.66,20.24,20.26,30.72,0.1263,-0.2308,10.04,2.00,50.00,DO_NOTHING,--,0.00,EXECUTING,196,10.723,-0.0190,-0.0100,6.4756,2.1207,0.0528,0.018
203.409,198.012,0.984,RETURN_HOME,diverged1,8.4536,-1.4119,-1.8896,0.075267,1.001709,0.403444,0.374,117,5.8825,6.2975,-1.3514,-0.426,0.00000,8.1273,0.8012,-0.6718,0.1278,-0.2312,0.004,0.4596,0.8500,0.2167,60,0.074,30.66,20.33,20.08,30.59,0.1263,-0.2308,10.00,2.00,50.00,DO_NOTHING,--,0.00,EXECUTING,196,10.723,-0.0190,-0.0100,6.4884,2.1191,0.0289,0.014
203.509,198.108,0.980,RETURN_HOME,diverged1,8.4536,-1.4119,-1.8896,0.075267,1.001709,0.403444,0.470,117,5.8825,6.2975,-1.3514,-0.430,0.00000,8.1372,0.7932,-0.6949,0.1337,-0.2421,0.000,0.4716,0.9050,0.2167,60,0.070,30.79,20.37,20.13,30.79,0.1263,-0.2308,10.00,2.00,50.00,DO_NOTHING,--,0.00,EXECUTING,196,10.723,-0.0190,-0.0100,6.5012,2.1172,0.0048,0.010
203.609,198.210,0.982,RETURN_HOME,diverged1,8.4536,-1.4119,-1.8896,0.075267,1.001709,0.403444,0.572,117,5.8825,6.2975,-1.3514,-0.428,0.00000,8.1468,0.7850,-0.7180,0.1274,-0.2327,0.002,0.4836,0.9050,0.1500,60,0.072,30.72,20.37,20.13,30.72,0.1263,-0.2308,10.04,1.00,50.00,DO_NOTHING,--,0.00,EXECUTING,196,10.723,-0.0190,-0.0100,6.5138,2.1149,-0.0196,0.012
203.710,198.308,0.982,RETURN_HOME,diverged1,8.4536,-1.4119,-1.8896,0.075267,1.001709,0.403444,0.670,117,5.8825,6.2975,-1.3514,-0.430,0.00000,8.1543,0.7783,-0.7364,0.1406,-0.2569,0.020,0.4753,0.8668,0.2000,60,0.070,30.79,20.45,20.13,30.72,0.1263,-0.2308,10.04,1.00,50.10,DO_NOTHING,--,0.00,EXECUTING,196,10.723,-0.0190,-0.0100,6.5264,2.1124,-0.0437,0.010
203.809,198.404,0.980,RETURN_HOME,diverged1,8.4482,-1.5821,-2.0591,0.077557,1.042997,0.363552,0.066,118,5.6053,6.1047,-1.3111,-0.434,0.33772,8.1631,0.7702,-0.7609,0.1257,-0.2617,0.018,0.4882,0.9050,0.1833,60,0.066,31.05,20.45,20.65,30.98,0.0000,-0.6410,10.09,1.43,50.00,DO_NOTHING,--,0.00,EXECUTING,255,13.270,-0.0190,-0.0100,6.5382,2.1098,-0.0665,0.006
203.908,198.502,0.979,RETURN_HOME,diverged1,8.4482,-1.5821,-2.0591,0.077557,1.042997,0.363552,0.164,118,5.6053,6.1047,-1.3111,-0.436,0.00000,8.1647,0.7686,-0.7981,0.0224,-0.3970,0.018,0.4797,0.9050,0.2000,60,0.064,31.45,20.45,20.74,31.39,0.0158,-1.0000,10.02,1.43,50.20,DO_NOTHING,--,0.00,EXECUTING,255,13.270,-0.0190,-0.0100,6.5414,2.1101,-0.0959,0.004
204.009,198.602,0.981,RETURN_HOME,diverged1,8.4482,-1.5821,-2.0591,0.077557,1.042997,0.363552,0.264,118,5.6053,6.1047,-1.3111,-0.436,0.00000,8.1657,0.7674,-0.8555,0.0154,-0.5637,0.014,0.4816,0.9000,0.1333,60,0.064,31.18,20.37,20.61,31.12,0.0158,-1.0000,9.96,1.43,50.00,DO_NOTHING,--,0.00,EXECUTING,255,13.270,-0.0190,-0.0100,6.5430,2.1095,-0.1541,0.004
204.109,198.702,0.982,RETURN_HOME,diverged1,8.4482,-1.5821,-2.0591,0.077557,1.042997,0.363552,0.364,118,5.6053,6.1047,-1.3111,-0.436,0.00000,8.1667,0.7662,-0.9292,0.0168,-0.7903,0.018,0.4770,0.8550,0.1333,60,0.064,31.18,20.28,20.56,31.25,0.0158,-1.0000,10.00,1.00,50.20,DO_NOTHING,--,0.00,EXECUTING,255,13.270,-0.0190,-0.0100,6.5445,2.1067,-0.2254,0.004
204.209,198.802,0.984,RETURN_HOME,diverged1,8.4685,-1.6381,-2.2121,0.066395,1.083649,0.327993,0.064,119,5.0813,5.8330,-1.2386,-0.436,0.59022,8.1676,0.7649,-1.0175,0.0154,-0.8658,0.014,0.4837,0.9050,0.1167,60,0.064,31.12,20.33,20.56,31.05,0.0158,-1.0000,9.85,2.43,50.00,DO_NOTHING,--,0.00,EXECUTING,255,13.270,-0.0190,-0.0100,6.5460,2.1018,-0.3064,0.004
204.309,198.900,0.984,RETURN_HOME,diverged1,8.4685,-1.6381,-2.2121,0.066395,1.083649,0.327993,0.162,119,5.0813,5.8330,-1.2386,-0.438,0.00000,8.1684,0.7635,-1.1167,0.0161,-1.0176,0.014,0.5015,0.9550,0.1167,60,0.062,31.18,20.33,20.56,31.18,0.0158,-1.0000,9.98,2.43,50.00,DO_NOTHING,--,0.00,EXECUTING,255,13.270,-0.0190,-0.0100,6.5475,2.0962,-0.3927,0.002
204.408,198.990,0.978,RETURN_HOME,diverged1,8.4685,-1.6381,-2.2121,0.066395,1.083649,0.327993,0.252,119,5.0813,5.8330,-1.2386,-0.448,0.00000,8.1690,0.7621,-1.2167,0.0155,-0.9833,0.002,0.5063,0.9550,0.1000,60,0.052,30.85,20.41,20.21,30.72,0.0158,-1.0000,10.00,2.43,49.90,DO_NOTHING,--,0.00,EXECUTING,255,13.270,-0.0190,-0.0100,6.5486,2.0924,-0.4588,0.012
204.510,199.084,0.970,RETURN_HOME,diverged1,8.4937,-1.7197,-2.4160,0.059311,1.102915,0.285483,0.046,120,4.4564,5.4228,-1.1492,-0.454,0.74751,8.1694,0.7608,-1.3159,0.0150,-1.0944,0.000,0.5088,0.9500,0.1000,60,0.046,30.79,20.41,20.17,30.85,0.0158,-1.0000,9.96,2.87,50.20,DO_NOTHING,--,0.00,EXECUTING,255,13.270,-0.0190,-0.0100,6.5499,2.0889,-0.5375,0.006
204.608,199.178,0.969,RETURN_HOME,diverged1,8.4937,-1.7197,-2.4160,0.059311,1.102915,0.285483,0.140,120,4.4564,5.4228,-1.1492,-0.460,0.00000,8.1696,0.7599,-1.3923,0.0125,-0.9853,0.010,0.5184,1.0000,0.1000,60,0.040,30.67,20.62,20.45,30.67,0.0158,-1.0000,10.00,2.87,50.00,DO_NOTHING,--,0.00,EXECUTING,255,13.270,-0.0190,-0.0100,6.5503,2.0871,-0.6066,0.000
204.709,199.276,0.969,RETURN_HOME,diverged1,8.4937,-1.7197,-2.4160,0.059311,1.102915,0.285483,0.238,120,4.4564,5.4228,-1.1492,-0.462,0.00000,8.1698,0.7584,-1.4879,0.0150,-0.9719,0.008,0.5289,1.0000,0.1167,60,0.038,31.06,20.62,20.83,31.06,0.0474,-1.0000,9.89,2.87,50.00,DO_NOTHING,--,0.00,EXECUTING,255,13.270,-0.0190,-0.0100,6.5506,2.0862,-0.6604,0.018
204.810,199.360,0.952,RETURN_HOME,diverged1,8.4937,-1.7197,-2.4160,0.059311,1.102915,0.285483,0.322,120,4.4564,5.4228,-1.1492,-0.378,0.00000,8.1699,0.7548,-1.5666,0.0431,-0.9834,0.012,0.5316,1.0000,0.1167,60,0.022,30.80,20.83,20.65,30.86,0.0474,-1.0000,10.02,2.87,50.00,DO_NOTHING,--,0.00,EXECUTING,258,13.838,-0.0190,-0.0100,6.5532,2.0831,-0.7324,0.002
204.909,199.458,0.950,RETURN_HOME,diverged1,8.5065,-1.8035,-2.6295,0.059683,1.127645,0.278066,0.120,121,3.9409,5.0137,-1.0729,-0.480,0.65808,8.1697,0.7504,-1.6666,0.0446,-1.0082,0.010,0.5186,1.0000,0.1167,60,0.020,32.29,20.92,20.88,32.29,0.0316,-1.0000,10.09,3.41,50.10,DO_NOTHING,--,0.00,EXECUTING,258,13.838,-0.0190,-0.0100,6.5557,2.0806,-0.7935,0.020
205.009,199.538,0.929,RETURN_HOME,diverged1,8.5065,-1.8035,-2.6295,0.059683,1.127645,0.278066,0.200,121,3.9409,5.0137,-1.0729,-0.400,0.00000,8.1694,0.7479,-1.7466,0.0321,-1.0165,0.010,0.5131,1.0000,0.1500,60,0.100,32.02,21.17,20.66,32.02,0.0316,-1.0000,10.09,3.41,49.90,DO_NOTHING,--,0.00,EXECUTING,258,13.838,-0.0190,-0.0100,6.5578,2.0775,-0.8688,0.000
205.108,199.630,0.928,RETURN_HOME,diverged1,8.5157,-1.9131,-2.7385,0.048154,1.088099,0.232406,0.092,122,3.3495,4.4593,-0.9808,-0.408,0.81065,8.1687,0.7447,-1.8458,0.0331,-1.0212,0.002,0.5123,1.0000,0.1695,59,0.092,32.98,21.52,21.28,32.77,0.0316,-1.0000,10.00,3.82,50.00,DO_NOTHING,--,0.00,EXECUTING,258,13.838,-0.0190,-0.0100,6.5594,2.0754,-0.9251,0.012
205.209,199.732,0.930,RETURN_HOME,diverged1,8.5157,-1.9131,-2.7385,0.048154,1.088099,0.232406,0.194,122,3.3495,4.4593,-0.9808,-0.406,0.00000,8.1676,0.7415,-1.9405,0.0361,-0.9911,0.004,0.5146,1.0000,0.1207,58,0.094,33.12,21.47,21.32,33.05,0.0316,-1.0000,10.14,3.82,49.90,DO_NOTHING,--,0.00,EXECUTING,258,13.838,-0.0190,-0.0100,6.5613,2.0725,-0.9915,0.014
205.309,199.826,0.926,RETURN_HOME,diverged1,8.5157,-1.9131,-2.7385,0.048154,1.088099,0.232406,0.288,122,3.3495,4.4593,-0.9808,-0.412,0.00000,8.1665,0.7389,-2.0127,0.0355,-0.9405,0.020,0.5074,1.0000,0.1579,57,0.088,33.12,21.47,21.32,32.98,0.0316,-1.0000,10.00,3.98,50.00,DO_NOTHING,--,0.00,EXECUTING,258,13.838,-0.0190,-0.0100,6.5631,2.0693,-1.0534,0.008
205.409,199.924,0.935,RETURN_HOME,diverged1,8.5122,-2.0128,-2.9703,0.047771,1.015369,0.218098,0.086,123,3.0457,4.0984,-0.9311,-0.414,0.47179,8.1649,0.7359,-2.1011,0.0347,-0.9020,0.016,0.5028,0.9809,0.1607,56,0.086,33.19,21.47,21.41,33.19,0.0316,-1.0000,9.98,3.73,50.00,DO_NOTHING,--,0.00,EXECUTING,258,13.838,-0.0190,-0.0100,6.5642,2.0661,-1.1148,0.006
205.509,200.022,0.939,RETURN_HOME,diverged1,8.5122,-2.0128,-2.9703,0.047771,1.015369,0.218098,0.184,123,3.0457,4.0984,-0.9311,-0.416,0.00000,8.1628,0.7328,-2.1942,0.0397,-0.9546,0.016,0.4759,0.9250,0.1964,56,0.084,33.26,21.43,21.69,33.26,0.2211,-1.0000,9.98,3.73,50.10,DO_NOTHING,--,0.00,EXECUTING,258,13.838,-0.0190,-0.0100,6.5644,2.0623,-1.1873,0.004
205.609,200.118,0.936,RETURN_HOME,diverged1,8.5122,-2.0128,-2.9703,0.047771,1.015369,0.218098,0.280,123,3.0457,4.0984,-0.9311,-0.420,0.00000,8.1544,0.7222,-2.2871,0.1348,-0.9213,0.010,0.4736,0.9000,0.2364,55,0.080,32.77,21.47,21.74,32.98,0.1737,-1.0000,9.98,3.98,49.90,DO_NOTHING,--,0.00,EXECUTING,258,13.838,-0.0190,-0.0100,6.5638,2.0488,-1.2716,0.000
205.710,200.208,0.942,RETURN_HOME,diverged1,8.4762,-2.1113,3.1011,0.052029,0.907597,0.204087,0.070,124,2.6426,3.6265,-0.8650,-0.430,0.62063,8.1421,0.7094,-2.3857,0.1776,-0.9859,0.000,0.4914,0.9000,0.2075,53,0.070,32.91,21.34,21.32,32.77,0.2684,-1.0000,10.07,3.75,50.10,DO_NOTHING,--,0.00,EXECUTING,258,13.838,-0.0190,-0.0100,6.5627,2.0353,-1.3441,0.010
205.809,200.314,0.954,RETURN_HOME,diverged1,8.4762,-2.1113,3.1011,0.052029,0.907597,0.204087,0.176,124,2.6426,3.6265,-0.8650,-0.424,0.00000,8.1232,0.6932,-2.4779,0.2585,-0.9581,0.006,0.4741,0.8513,0.1923,52,0.076,33.12,21.30,21.41,33.12,0.2526,-1.0000,9.96,3.75,50.52,DO_NOTHING,--,0.00,EXECUTING,191,9.853,-0.0190,-0.0100,6.5594,2.0109,-1.4371,0.016
205.910,200.402,0.959,RETURN_HOME,diverged1,8.4762,-2.1113,3.1011,0.052029,0.907597,0.204087,0.264,124,2.6426,3.6265,-0.8650,-0.436,0.00000,8.1028,0.6788,-2.5760,0.3175,-1.2474,0.000,0.4729,0.8500,0.1569,51,0.064,32.43,21.00,20.88,32.36,0.2526,-1.0000,10.00,3.33,50.40,DO_NOTHING,--,0.00,EXECUTING,191,9.853,-0.0190,-0.0100,6.5530,1.9858,-1.5381,0.004
206.009,200.484,0.946,RETURN_HOME,diverged1,8.4107,-2.1503,2.9127,0.052414,0.827701,0.193461,0.046,125,2.0951,2.9600,-0.7634,-0.454,0.86250,8.0898,0.6711,-2.6357,0.2861,-1.1283,0.018,0.4705,0.8050,0.1400,50,0.046,32.49,21.30,21.19,32.56,0.2526,-1.0000,10.00,3.28,50.10,DO_NOTHING,--,0.00,EXECUTING,191,9.853,-0.0190,-0.0100,6.5456,1.9655,-1.6217,0.006
206.109,200.554,0.913,RETURN_HOME,diverged1,8.4107,-2.1503,2.9127,0.052414,0.827701,0.193461,0.116,125,2.0951,2.9600,-0.7634,-0.484,0.00000,8.0711,0.6617,-2.7132,0.2868,-1.0602,0.006,0.4744,0.7812,0.1042,48,0.016,33.20,21.60,22.09,33.20,0.3000,-0.8400,9.93,3.28,50.00,DO_NOTHING,--,0.00,EXECUTING,191,9.853,-0.0190,-0.0100,6.5393,1.9501,-1.6816,0.016
206.208,200.650,0.918,RETURN_HOME,diverged1,8.4107,-2.1503,2.9127,0.052414,0.827701,0.193461,0.212,125,2.0951,2.9600,-0.7634,-0.488,0.00000,8.0433,0.6504,-2.7969,0.2996,-0.8371,0.002,0.3919,0.7500,0.2128,47,0.012,33.55,21.60,21.69,33.62,0.3000,-0.8400,9.96,3.27,50.20,DO_NOTHING,--,0.00,EXECUTING,191,9.853,-0.0190,-0.0100,6.5281,1.9209,-1.7639,0.012
206.309,200.746,0.913,RETURN_HOME,diverged1,8.4107,-2.1503,2.9127,0.052414,0.827701,0.193461,0.308,125,2.0951,2.9600,-0.7634,-0.392,0.00000,8.0205,0.6430,-2.8641,0.3362,-0.9410,0.018,0.3796,0.7508,0.1957,46,0.008,33.55,21.69,21.69,33.48,0.3000,-0.8400,10.00,3.27,50.00,DO_NOTHING,--,0.00,EXECUTING,191,9.853,-0.0190,-0.0100,6.5156,1.8917,-1.8417,0.008
206.409,200.846,0.915,RETURN_HOME,diverged1,8.3267,-2.1509,2.6974,0.052835,0.775195,0.205713,0.108,126,1.8435,2.6097,-0.7133,-0.392,0.43124,7.9913,0.6360,-2.9481,0.4116,-1.1525,0.018,0.3849,0.7600,0.2222,45,0.008,33.48,21.69,21.74,33.48,0.3000,-0.8400,10.02,3.35,50.10,DO_NOTHING,--,0.00,EXECUTING,191,9.853,-0.0190,-0.0100,6.5017,1.8631,-1.9161,0.008
206.508,200.946,0.925,RETURN_HOME,diverged1,8.3267,-2.1509,2.6974,0.052835,0.775195,0.205713,0.208,126,1.8435,2.6097,-0.7133,-0.392,0.00000,7.9618,0.6315,-3.0309,0.3082,-0.8560,0.020,0.2934,0.6200,0.2500,44,0.008,33.26,21.65,21.41,33.26,0.3000,-0.8400,10.02,3.34,50.10,DO_NOTHING,--,0.00,EXECUTING,191,9.853,-0.0190,-0.0100,6.4869,1.8356,-1.9851,0.008
206.609,201.048,0.934,RETURN_HOME,diverged1,8.3267,-2.1509,2.6974,0.052835,0.775195,0.205713,0.310,126,1.8435,2.6097,-0.7133,-0.390,0.00000,7.9327,0.6295,-3.1100,0.3206,-0.8661,0.020,0.2856,0.5800,0.2667,45,0.010,33.05,21.56,21.37,32.98,0.3000,-0.8400,10.00,3.34,50.00,DO_NOTHING,--,0.00,EXECUTING,191,9.853,-0.0190,-0.0100,6.4719,1.8100,-2.0449,0.010
206.709,201.144,0.937,RETURN_HOME,diverged1,8.2463,-2.3060,2.5170,0.057329,0.708557,0.177215,0.106,127,1.5463,1.9821,-0.6485,-0.394,0.69450,7.9046,0.6296,3.0995,0.2811,-0.7368,0.016,0.3547,0.7371,0.2500,44,0.106,33.33,21.47,21.83,33.33,0.2684,0.3333,10.00,3.33,50.00,DO_NOTHING,--,0.00,EXECUTING,191,9.853,-0.0190,-0.0100,6.4574,1.7867,-2.0955,0.006
206.808,201.244,0.931,RETURN_HOME,diverged1,8.2463,-2.3060,2.5170,0.057329,0.708557,0.177215,0.206,127,1.5463,1.9821,-0.6485,-0.394,0.00000,7.8782,0.6315,3.0407,0.2956,-0.6628,0.016,0.2950,0.7100,0.3111,45,0.106,33.19,21.43,21.46,33.19,0.3000,0.5897,10.00,3.40,50.00,DO_NOTHING,--,0.00,EXECUTING,191,9.853,-0.0190,-0.0100,6.4429,1.7649,-2.1351,0.006
206.909,201.342,0.941,RETURN_HOME,diverged1,8.2463,-2.3060,2.5170,0.057329,0.708557,0.177215,0.304,127,1.5463,1.9821,-0.6485,-0.396,0.00000,7.8491,0.6351,2.9971,0.3028,-0.4502,0.016,0.2858,0.6350,0.3636,44,0.104,33.12,21.34,21.60,33.19,0.3000,0.6923,10.04,3.40,50.20,DO_NOTHING,--,0.00,EXECUTING,186,9.544,-0.0190,-0.0100,6.4264,1.7410,-2.1647,0.004
207.008,201.442,0.958,RETURN_HOME,diverged1,8.2463,-2.3060,2.5170,0.057329,0.708557,0.177215,0.404,127,1.5463,1.9821,-0.6485,-0.396,0.00000,7.8205,0.6397,2.9656,0.2843,-0.3091,0.014,0.2932,0.7046,0.2955,44,0.104,32.91,21.26,21.55,32.98,0.2684,0.8974,9.98,3.40,49.90,APPROACH,FootprintApproach,1.00,EXECUTING,186,9.544,-0.0190,-0.0100,6.4100,1.7175,-2.1858,0.004
207.109,201.540,0.988,RETURN_HOME,diverged1,8.1414,-2.2345,2.3591,0.056872,0.569166,0.151724,0.102,128,1.3439,1.6795,-0.6042,-0.398,0.36401,7.7940,0.6447,2.9483,0.2815,-0.1793,0.014,0.1887,0.4649,0.5778,45,0.102,30.46,20.33,20.13,30.53,0.2842,0.8974,10.11,2.87,50.10,APPROACH,FootprintApproach,14.49,EXECUTING,186,9.544,-0.0190,-0.0100,6.3941,1.6956,-2.1969,0.002
207.209,201.636,0.988,RETURN_HOME,diverged1,8.1414,-2.2345,2.3591,0.056872,0.569166,0.151724,0.198,128,1.3439,1.6795,-0.6042,-0.402,0.00000,7.7665,0.6501,2.9476,0.2753,-0.0065,0.008,0.1737,0.4500,0.6087,46,0.098,30.79,20.28,20.21,30.72,0.2842,0.9487,9.96,2.87,50.00,APPROACH,FootprintApproach,14.49,EXECUTING,186,9.544,-0.0190,-0.0100,6.3810,1.6775,-2.1972,0.018
207.309,201.734,0.987,RETURN_HOME,diverged1,8.1414,-2.2345,2.3591,0.056872,0.569166,0.151724,0.296,128,1.3439,1.6795,-0.6042,-0.404,0.00000,7.7387,0.6554,2.9613,0.2880,0.1392,0.006,0.1650,0.4500,0.6304,46,0.096,30.66,20.28,20.04,30.72,0.2842,0.1282,10.07,2.87,50.10,DO_NOTHING,--,10.07,EXECUTING,186,9.544,-0.0190,-0.0100,6.3644,1.6546,-2.1881,0.016
207.408,201.834,0.989,RETURN_HOME,diverged1,8.1414,-2.2345,2.3591,0.056872,0.569166,0.151724,0.396,128,1.3439,1.6795,-0.6042,-0.404,0.00000,7.7112,0.6602,2.9740,0.3108,0.1403,0.006,0.1596,0.4300,0.6444,45,0.096,30.59,20.24,20.08,30.66,0.2842,0.1282,10.00,2.55,50.10,DO_NOTHING,--,10.07,EXECUTING,186,9.544,-0.0190,-0.0100,6.3483,1.6318,-2.1791,0.016
207.508,201.932,0.986,RETURN_HOME,diverged1,8.1414,-2.2345,2.3591,0.056872,0.569166,0.151724,0.494,128,1.3439,1.6795,-0.6042,-0.406,0.00000,7.6835,0.6647,2.9863,0.2833,0.1236,0.004,0.1268,0.3514,0.6596,47,0.094,30.66,20.24,20.04,30.66,0.2842,0.1282,9.87,2.55,50.10,DO_NOTHING,--,10.07,EXECUTING,186,9.544,-0.0190,-0.0100,6.3323,1.6088,-2.1705,0.014
207.609,202.034,0.987,RETURN_HOME,diverged1,8.1414,-2.2345,2.3591,0.056872,0.569166,0.151724,0.596,128,1.3439,1.6795,-0.6042,-0.404,0.00000,7.6559,0.6689,2.9987,0.2926,0.1301,0.006,0.1196,0.3225,0.6596,47,0.096,30.59,20.24,20.04,30.53,0.2842,0.1282,9.93,2.55,50.10,DO_NOTHING,--,10.07,EXECUTING,186,9.544,-0.0190,-0.0100,6.3165,1.5857,-2.1617,0.016
207.709,202.134,0.990,RETURN_HOME,diverged1,8.1414,-2.2345,2.3591,0.056872,0.569166,0.151724,0.696,128,1.3439,1.6795,-0.6042,-0.404,0.00000,7.6281,0.6727,3.0109,0.2873,0.1250,0.008,0.1326,0.4009,0.6875,48,0.096,30.93,20.20,20.58,30.86,0.2729,0.1231,9.91,1.00,50.10,APPROACH,FootprintApproach,5.39,EXECUTING,186,9.544,-0.0190,-0.0100,6.3009,1.5624,-2.1531,0.016
207.809,202.234,0.991,RETURN_HOME,diverged1,8.1414,-2.2345,2.3591,0.056872,0.569166,0.151724,0.796,128,1.3439,1.6795,-0.6042,-0.404,0.00000,7.6025,0.6759,3.0255,0.2859,0.1569,0.006,0.1223,0.3825,0.6875,48,0.096,30.92,20.20,20.43,30.85,0.0000,0.6923,10.00,1.00,49.90,APPROACH,FootprintApproach,5.39,EXECUTING,186,9.544,-0.0190,-0.0100,6.2863,1.5402,-2.1440,0.016
207.909,202.318,0.973,RETURN_HOME,diverged1,8.1414,-2.2345,2.3591,0.056872,0.569166,0.151724,0.880,128,1.3439,1.6795,-0.6042,-0.420,0.00000,7.5909,0.6771,3.0500,0.1594,0.2937,0.010,0.1164,0.2837,0.6596,47,0.080,31.45,20.53,20.79,31.39,0.0316,0.5897,10.02,1.00,49.90,DO_NOTHING,--,5.69,EXECUTING,182,9.332,-0.0190,-0.0100,6.2779,1.5276,-2.1205,0.000
208.009,202.420,0.979,RETURN_HOME,diverged1,8.1414,-2.2345,2.3591,0.056872,0.569166,0.151724,0.982,128,1.3439,1.6795,-0.6042,-0.418,0.00000,7.5866,0.6775,3.0932,0.0428,0.4354,0.012,0.1193,0.3161,0.6875,48,0.082,31.52,20.45,20.65,31.52,0.0158,0.6410,9.98,1.00,50.10,DO_NOTHING,--,5.13,EXECUTING,182,9.332,-0.0190,-0.0100,6.2757,1.5242,-2.0876,0.002
208.109,202.512,0.973,RETURN_HOME,diverged1,8.1414,-2.2345,2.3591,0.056872,0.569166,0.151724,1.074,128,1.3439,1.6795,-0.6042,-0.426,0.00000,7.5849,0.6775,-3.1371,0.0171,0.5285,0.004,0.1127,0.2754,0.6327,49,0.074,31.39,20.53,20.56,31.39,0.0131,0.5000,10.11,0.00,49.90,DO_NOTHING,--,4.85,EXECUTING,182,9.332,-0.0190,-0.0100,6.2750,1.5228,-2.0568,0.014
208.209,202.614,0.979,RETURN_HOME,diverged1,8.1414,-2.2345,2.3591,0.056872,0.569166,0.151724,1.176,128,1.3439,1.6795,-0.6042,-0.424,0.00000,7.5836,0.6775,-3.0870,0.0150,0.5573,0.006,0.1098,0.2050,0.6200,50,0.076,31.45,20.45,20.61,31.52,0.0131,0.5000,9.96,0.00,50.00,DO_NOTHING,--,4.85,EXECUTING,182,9.332,-0.0190,-0.0100,6.2754,1.5215,-2.0166,0.016
208.308,202.706,0.972,RETURN_HOME,diverged1,7.9609,-2.0632,2.6086,0.061432,0.503466,0.158852,0.068,129,1.3294,1.6768,-0.6026,-0.432,0.01470,7.5825,0.6774,-3.0470,0.0131,0.5000,0.018,0.1067,0.2000,0.6600,50,0.068,30.98,20.49,20.34,31.05,0.0131,0.5000,10.02,1.00,50.00,DO_NOTHING,--,7.89,EXECUTING,182,9.332,-0.0190,-0.0100,6.2769,1.5203,-1.9753,0.008
208.409,202.808,0.973,RETURN_HOME,diverged1,7.9609,-2.0632,2.6086,0.061432,0.503466,0.158852,0.170,129,1.3294,1.6768,-0.6026,-0.430,0.00000,7.5812,0.6772,-2.9970,0.0133,0.5083,0.020,0.1193,0.3000,0.6078,51,0.070,30.92,20.53,20.30,31.05,0.0131,0.5000,10.14,1.00,50.00,DO_NOTHING,--,7.89,EXECUTING,182,9.332,-0.0190,-0.0100,6.2787,1.5191,-1.9329,0.010
208.509,202.904,0.967,RETURN_HOME,diverged1,7.9609,-2.0632,2.6086,0.061432,0.503466,0.158852,0.266,129,1.3294,1.6768,-0.6026,-0.434,0.00000,7.5798,0.6770,-2.9469,0.0146,0.5005,0.016,0.1085,0.2000,0.6667,51,0.066,31.25,20.58,20.65,31.32,0.3000,0.9487,10.07,1.00,50.00,DO_NOTHING,--,7.89,EXECUTING,182,9.332,-0.0190,-0.0100,6.2808,1.5176,-1.8888,0.006
208.609,203.002,0.964,RETURN_HOME,diverged1,7.9609,-2.0632,2.6086,0.061432,0.503466,0.158852,0.364,129,1.3294,1.6768,-0.6026,-0.436,0.00000,7.5731,0.6755,-2.8896,0.0718,0.6032,0.014,0.1124,0.2000,0.6154,52,0.064,31.39,20.66,20.70,31.12,0.3000,0.7949,10.11,1.00,50.00,SLOWDOWN,PolygonSlow,4.88,EXECUTING,182,9.332,-0.0190,-0.0100,6.2815,1.5109,-1.8372,0.004
208.709,203.098,0.964,RETURN_HOME,diverged1,7.9330,-2.0506,2.8412,0.062905,0.458192,0.150295,0.060,130,1.2435,1.5510,-0.5827,-0.440,0.15231,7.5623,0.6723,-2.8264,0.1122,0.6315,0.010,0.1250,0.2000,0.5370,54,0.060,31.25,20.70,20.96,31.19,0.3000,0.6923,9.98,2.49,50.10,SLOWDOWN,PolygonSlow,4.88,EXECUTING,182,9.332,-0.0190,-0.0100,6.2829,1.5019,-1.7882,0.020
208.808,203.200,0.966,RETURN_HOME,diverged1,7.9330,-2.0506,2.8412,0.062905,0.458192,0.150295,0.162,130,1.2435,1.5510,-0.5827,-0.438,0.00000,7.5506,0.6682,-2.7702,0.1249,0.5670,0.012,0.1187,0.2500,0.5849,53,0.062,31.39,20.70,20.70,31.39,0.2842,0.5897,10.02,2.49,50.00,SLOWDOWN,PolygonSlow,4.39,EXECUTING,182,9.332,-0.0190,-0.0100,6.2853,1.4873,-1.7210,0.002
208.909,203.300,0.977,RETURN_HOME,diverged1,7.9330,-2.0506,2.8412,0.062905,0.458192,0.150295,0.262,130,1.2435,1.5510,-0.5827,-0.438,0.00000,7.5393,0.6635,-2.7234,0.1247,0.4738,0.012,0.1108,0.2500,0.5962,52,0.062,31.39,20.33,20.65,31.39,0.2684,0.5385,9.98,2.49,50.00,SLOWDOWN,PolygonSlow,4.13,EXECUTING,180,9.259,-0.0190,-0.0100,6.2874,1.4751,-1.6757,0.002
209.008,203.400,0.980,RETURN_HOME,diverged1,7.9330,-2.0506,2.8412,0.062905,0.458192,0.150295,0.362,130,1.2435,1.5510,-0.5827,-0.438,0.00000,7.5243,0.6564,-2.6755,0.1924,0.5528,0.012,0.1138,0.2500,0.5660,53,0.062,31.39,20.41,20.61,31.25,0.3000,0.5385,9.98,2.49,50.00,DO_NOTHING,--,4.35,EXECUTING,180,9.259,-0.0190,-0.0100,6.2899,1.4580,-1.6279,0.002
209.110,203.498,0.981,RETURN_HOME,diverged1,7.8735,-2.0424,3.0546,0.066871,0.426948,0.125974,0.060,131,1.2199,1.5073,-0.5765,-0.440,0.04967,7.5009,0.6439,-2.6286,0.2689,0.4767,0.010,0.1356,0.2500,0.5091,55,0.060,30.79,20.28,20.30,30.79,0.3000,0.4359,10.00,2.49,50.00,DO_NOTHING,--,7.46,EXECUTING,180,9.259,-0.0190,-0.0100,6.2931,1.4311,-1.5803,0.000
209.209,203.598,0.990,RETURN_HOME,diverged1,7.8735,-2.0424,3.0546,0.066871,0.426948,0.125974,0.160,131,1.2199,1.5073,-0.5765,-0.440,0.00000,7.4751,0.6286,-2.5840,0.3022,0.4498,0.010,0.1241,0.2749,0.4909,55,0.060,30.92,20.41,20.34,30.92,0.3000,0.5385,9.98,2.49,50.00,DO_NOTHING,--,7.46,EXECUTING,180,9.259,-0.0190,-0.0100,6.2966,1.4071,-1.5431,0.020
209.309,203.698,0.989,RETURN_HOME,diverged1,7.8735,-2.0424,3.0546,0.066871,0.426948,0.125974,0.260,131,1.2199,1.5073,-0.5765,-0.440,0.00000,7.4575,0.6175,-2.5747,0.2172,0.1019,0.010,0.1251,0.2500,0.5273,55,0.060,30.79,20.24,20.17,30.72,0.3000,0.4359,10.02,2.50,49.80,DO_NOTHING,--,8.17,EXECUTING,180,9.259,-0.0190,-0.0100,6.2985,1.3959,-1.5958,0.020
209.409,203.798,0.993,RETURN_HOME,diverged1,7.8735,-2.0424,3.0546,0.066871,0.426948,0.125974,0.360,131,1.2199,1.5073,-0.5765,-0.440,0.00000,7.4447,0.6091,-2.5537,0.1596,0.2187,0.010,0.1473,0.3000,0.5091,55,0.060,30.72,20.20,20.21,30.72,0.3000,0.3333,9.98,2.50,50.00,DO_NOTHING,--,8.17,EXECUTING,180,9.259,-0.0190,-0.0100,6.2983,1.3957,-1.5978,0.020
209.509,203.898,0.995,RETURN_HOME,diverged1,7.8735,-2.0424,3.0546,0.066871,0.426948,0.125974,0.460,131,1.2199,1.5073,-0.5765,-0.440,0.00000,7.4322,0.6007,-2.5370,0.1512,0.1681,0.010,0.1579,0.3300,0.5091,55,0.060,30.98,20.12,20.43,30.98,0.3000,0.3333,10.00,2.50,49.90,DO_NOTHING,--,8.17,EXECUTING,180,9.259,-0.0190,-0.0100,6.2983,1.3957,-1.5977,0.020
209.608,203.998,0.996,RETURN_HOME,diverged1,7.8735,-2.0424,3.0546,0.066871,0.426948,0.125974,0.560,131,1.2199,1.5073,-0.5765,-0.440,0.00000,7.4200,0.5921,-2.5207,0.1557,0.1696,0.010,0.1695,0.3521,0.4545,55,0.060,30.92,20.00,20.30,30.98,0.3000,0.2821,10.02,2.50,50.00,DO_NOTHING,--,14.79,EXECUTING,180,9.259,-0.0190,-0.0100,6.2983,1.3957,-1.5977,0.020
209.709,204.096,0.995,RETURN_HOME,diverged1,7.8735,-2.0424,3.0546,0.066871,0.426948,0.125974,0.658,131,1.2199,1.5073,-0.5765,-0.442,0.00000,7.4078,0.5832,-2.5066,0.1500,0.1410,0.008,0.1793,0.3923,0.4727,55,0.058,30.59,20.04,20.00,30.66,0.3000,0.2821,9.98,1.00,49.90,DO_NOTHING,--,14.79,EXECUTING,180,9.259,-0.0190,-0.0100,6.2983,1.3957,-1.5977,0.018
209.809,204.198,0.998,RETURN_HOME,diverged1,7.8735,-2.0424,3.0546,0.066871,0.426948,0.125974,0.760,131,1.2199,1.5073,-0.5765,-0.440,0.00000,7.3958,0.5743,-2.4925,0.1681,0.1581,0.010,0.1930,0.4019,0.4545,55,0.060,30.79,19.92,20.30,30.79,0.3000,0.2821,10.00,1.00,50.00,DO_NOTHING,--,14.79,EXECUTING,180,9.259,-0.0190,-0.0100,6.2983,1.3957,-1.5977,0.020
209.913,204.294,0.989,RETURN_HOME,diverged1,7.8735,-2.0424,3.0546,0.066871,0.426948,0.125974,0.856,131,1.2199,1.5073,-0.5765,-0.444,0.00000,7.3841,0.5652,-2.4779,0.1497,0.1468,0.006,0.1938,0.4380,0.4727,55,0.056,30.79,20.04,20.30,30.72,0.2842,0.3333,9.96,1.00,50.10,DO_NOTHING,--,14.79,EXECUTING,176,9.097,-0.0190,-0.0100,6.2983,1.3957,-1.5977,0.016
210.008,204.398,0.998,RETURN_HOME,diverged1,7.8735,-2.0424,3.0546,0.066871,0.426948,0.125974,0.960,131,1.2199,1.5073,-0.5765,-0.440,0.00000,7.3731,0.5565,-2.4613,0.1459,0.1730,0.010,0.2046,0.4566,0.4545,55,0.060,30.72,20.08,20.26,30.79,0.2684,0.3333,9.98,1.00,50.00,DO_NOTHING,--,12.61,EXECUTING,176,9.097,-0.0190,-0.0100,6.2983,1.3957,-1.5977,0.020
210.109,204.492,0.995,RETURN_HOME,diverged1,7.8735,-2.0424,3.0546,0.066871,0.426948,0.125974,1.054,131,1.2199,1.5073,-0.5765,-0.446,0.00000,7.3625,0.5478,-2.4442,0.1401,0.1751,0.004,0.2082,0.4674,0.4727,55,0.054,30.79,20.04,20.21,30.72,0.3000,0.3846,10.02,0.00,50.00,DO_NOTHING,--,25.00,EXECUTING,176,9.097,-0.0190,-0.0100,6.2983,1.3957,-1.5977,0.014
210.208,204.594,0.997,RETURN_HOME,diverged1,7.6860,-2.0282,-3.0599,0.085465,0.331899,0.140484,0.056,132,1.4035,1.8380,-0.6253,-0.444,0.37826,7.3511,0.5380,-2.4261,0.1657,0.2005,0.006,0.2175,0.5300,0.4364,55,0.056,30.72,20.08,20.21,30.85,0.3000,0.2308,9.98,1.00,50.00,DO_NOTHING,--,25.00,EXECUTING,176,9.097,-0.0190,-0.0100,6.2983,1.3957,-1.5977,0.016
210.309,204.694,0.996,RETURN_HOME,diverged1,7.6860,-2.0282,-3.0599,0.085465,0.331899,0.140484,0.156,132,1.4035,1.8380,-0.6253,-0.444,0.00000,7.3398,0.5281,-2.4146,0.1557,0.1198,0.006,0.2243,0.5500,0.4000,55,0.056,30.66,20.08,20.08,30.66,0.3000,0.2308,9.98,1.00,49.90,DO_NOTHING,--,0.00,EXECUTING,176,9.097,-0.0190,-0.0100,6.2983,1.3957,-1.5977,0.016
210.409,204.792,0.994,RETURN_HOME,diverged1,7.6860,-2.0282,-3.0599,0.085465,0.331899,0.140484,0.254,132,1.4035,1.8380,-0.6253,-0.446,0.00000,7.3287,0.5181,-2.4028,0.1562,0.1229,0.004,0.2293,0.5800,0.3636,55,0.054,30.72,20.12,20.08,30.72,0.3000,0.2308,10.04,1.00,49.90,DO_NOTHING,--,0.00,EXECUTING,176,9.097,-0.0190,-0.0100,6.2983,1.3957,-1.5977,0.014
210.509,204.888,0.991,RETURN_HOME,diverged1,7.6860,-2.0282,-3.0599,0.085465,0.331899,0.140484,0.350,132,1.4035,1.8380,-0.6253,-0.450,0.00000,7.3177,0.5080,-2.3911,0.1706,0.1333,0.002,0.2315,0.5995,0.3818,55,0.050,30.79,20.12,20.13,30.72,0.3000,0.2308,9.96,1.00,50.10,DO_NOTHING,--,0.00,EXECUTING,176,9.097,-0.0190,-0.0100,6.2983,1.3957,-1.5977,0.010
210.609,204.986,0.988,RETURN_HOME,diverged1,7.6860,-2.0282,-3.0599,0.085465,0.331899,0.140484,0.448,132,1.4035,1.8380,-0.6253,-0.452,0.00000,7.3081,0.4989,-2.3741,0.1642,0.1950,0.018,0.2331,0.6100,0.3818,55,0.048,31.05,20.28,20.30,31.05,0.3000,0.2308,10.07,1.00,50.00,DO_NOTHING,--,0.00,EXECUTING,176,9.097,-0.0190,-0.0100,6.2982,1.3957,-1.5976,0.008
210.709,205.082,0.986,RETURN_HOME,diverged1,7.6860,-2.0282,-3.0599,0.085465,0.331899,0.140484,0.544,132,1.4035,1.8380,-0.6253,-0.456,0.00000,7.2944,0.4851,-2.3313,0.1984,0.4331,0.014,0.2347,0.5800,0.4182,55,0.044,31.25,20.33,20.56,31.18,0.2842,0.2308,9.98,1.00,50.00,DO_NOTHING,--,0.00,EXECUTING,176,9.097,-0.0190,-0.0100,6.2979,1.3957,-1.5974,0.004
210.809,205.182,0.984,RETURN_HOME,diverged1,7.6860,-2.0282,-3.0599,0.085465,0.331899,0.140484,0.644,132,1.4035,1.8380,-0.6253,-0.456,0.00000,7.2814,0.4708,-2.2866,0.2016,0.4663,0.014,0.2558,0.5500,0.3636,55,0.044,31.18,20.37,20.56,31.25,0.3000,0.2821,9.80,1.00,49.90,DO_NOTHING,--,0.00,EXECUTING,176,9.097,-0.0190,-0.0100,6.2975,1.3958,-1.5972,0.004
210.909,205.282,0.992,RETURN_HOME,diverged1,7.6860,-2.0282,-3.0599,0.085465,0.331899,0.140484,0.744,132,1.4035,1.8380,-0.6253,-0.456,0.00000,7.2685,0.4553,-2.2377,0.2015,0.4892,0.014,0.2690,0.5340,0.3636,55,0.044,31.18,20.33,20.56,31.25,0.2842,0.2308,9.98,1.00,50.00,DO_NOTHING,--,0.00,EXECUTING,176,9.097,-0.0190,-0.0100,6.2972,1.3958,-1.5970,0.004
211.009,205.378,0.984,RETURN_HOME,diverged1,7.5549,-2.0322,-2.8934,0.093332,0.263449,0.139720,0.040,133,1.6628,2.2330,-0.6877,-0.460,0.47243,7.2570,0.4400,-2.1923,0.2163,0.5177,0.010,0.2868,0.5577,0.3396,53,0.040,31.32,20.41,20.61,31.32,0.2684,0.2308,9.85,1.23,50.00,DO_NOTHING,--,0.00,EXECUTING,173,9.187,-0.0190,-0.0100,6.2969,1.3958,-1.5968,0.020
211.110,205.478,0.981,RETURN_HOME,diverged1,7.5549,-2.0322,-2.8934,0.093332,0.263449,0.139720,0.140,133,1.6628,2.2330,-0.6877,-0.460,0.00000,7.2467,0.4249,-2.1496,0.1909,0.4468,0.010,0.2998,0.6148,0.2830,53,0.040,31.45,20.45,20.70,31.45,0.2842,0.2308,9.96,1.23,50.00,DO_NOTHING,--,0.00,EXECUTING,173,9.187,-0.0190,-0.0100,6.2965,1.3958,-1.5965,0.020
211.209,205.572,0.975,RETURN_HOME,diverged1,7.5549,-2.0322,-2.8934,0.093332,0.263449,0.139720,0.234,133,1.6628,2.2330,-0.6877,-0.466,0.00000,7.2364,0.4083,-2.1028,0.2048,0.4892,0.004,0.3302,0.7110,0.3269,52,0.034,30.92,20.49,20.39,30.92,0.2842,0.1795,10.07,1.00,50.00,DO_NOTHING,--,0.00,EXECUTING,173,9.187,-0.0190,-0.0100,6.2962,1.3959,-1.5963,0.014
211.309,205.670,0.975,RETURN_HOME,diverged1,7.5549,-2.0322,-2.8934,0.093332,0.263449,0.139720,0.332,133,1.6628,2.2330,-0.6877,-0.468,0.00000,7.2269,0.3912,-2.0591,0.2041,0.4576,0.002,0.3639,0.7591,0.2308,52,0.032,30.92,20.49,20.30,30.98,0.2842,0.1795,9.96,1.00,50.10,DO_NOTHING,--,0.00,EXECUTING,173,9.187,-0.0190,-0.0100,6.2958,1.3959,-1.5961,0.012
211.409,205.760,0.969,RETURN_HOME,diverged1,7.5549,-2.0322,-2.8934,0.093332,0.263449,0.139720,0.422,133,1.6628,2.2330,-0.6877,-0.478,0.00000,7.2198,0.3774,-2.0242,0.2012,0.4544,0.014,0.3688,0.7500,0.2549,51,0.022,30.85,20.66,20.26,30.92,0.2842,0.1795,10.02,1.00,50.00,DO_NOTHING,--,0.00,EXECUTING,173,9.187,-0.0190,-0.0100,6.2954,1.3959,-1.5958,0.002
211.509,205.862,0.973,RETURN_HOME,diverged1,7.4584,-2.0418,-2.7478,0.094785,0.227441,0.111190,0.024,134,1.9886,2.6734,-0.7616,-0.476,0.54790,7.2118,0.3599,-1.9815,0.1890,0.4201,0.014,0.3632,0.7500,0.2549,51,0.024,31.32,20.66,20.65,31.32,0.2842,0.2308,9.91,2.04,50.00,DO_NOTHING,--,0.00,EXECUTING,173,9.187,-0.0190,-0.0100,6.2950,1.3959,-1.5955,0.004
211.609,205.954,0.968,RETURN_HOME,diverged1,7.4584,-2.0418,-2.7478,0.094785,0.227441,0.111190,0.116,134,1.9886,2.6734,-0.7616,-0.484,0.00000,7.2044,0.3420,-1.9341,0.1957,0.4772,0.006,0.3886,0.7500,0.2353,51,0.016,31.18,20.62,20.47,31.12,0.2526,0.1795,10.02,2.04,50.00,DO_NOTHING,--,0.00,EXECUTING,173,9.187,-0.0190,-0.0100,6.2947,1.3960,-1.5953,0.016
211.708,206.054,0.972,RETURN_HOME,diverged1,7.4584,-2.0418,-2.7478,0.094785,0.227441,0.111190,0.216,134,1.9886,2.6734,-0.7616,-0.484,0.00000,7.1984,0.3250,-1.8937,0.1994,0.4497,0.006,0.4031,0.7669,0.2400,50,0.016,31.59,20.58,20.83,31.59,0.3000,0.1795,10.23,2.04,49.90,DO_NOTHING,--,0.00,EXECUTING,173,9.187,-0.0190,-0.0100,6.2943,1.3960,-1.5951,0.016
211.809,206.148,0.966,RETURN_HOME,diverged1,7.4584,-2.0418,-2.7478,0.094785,0.227441,0.111190,0.310,134,1.9886,2.6734,-0.7616,-0.390,0.00000,7.1923,0.3055,-1.8481,0.2090,0.4654,0.000,0.4238,0.8297,0.2245,49,0.010,31.45,20.62,20.61,31.45,0.3000,0.1795,10.25,2.04,50.00,DO_NOTHING,--,0.00,EXECUTING,173,9.187,-0.0190,-0.0100,6.2940,1.3960,-1.5949,0.010
211.910,206.252,0.970,RETURN_HOME,diverged1,7.4584,-2.0418,-2.7478,0.094785,0.227441,0.111190,0.414,134,1.9886,2.6734,-0.7616,-0.386,0.00000,7.1871,0.2853,-1.7997,0.2100,0.4881,0.004,0.4411,0.8162,0.2041,49,0.014,31.52,20.66,20.70,31.52,0.3000,0.1795,10.14,2.04,49.80,DO_NOTHING,--,0.00,EXECUTING,173,9.187,-0.0190,-0.0100,6.2936,1.3960,-1.5946,0.014
212.009,206.348,0.970,RETURN_HOME,diverged1,7.4584,-2.0418,-2.7478,0.094785,0.227441,0.111190,0.510,134,1.9886,2.6734,-0.7616,-0.390,0.00000,7.1836,0.2689,-1.7608,0.2138,0.4946,0.020,0.4299,0.8152,0.2245,49,0.010,31.45,20.66,20.61,31.45,0.3000,0.1795,10.12,2.04,50.00,DO_NOTHING,--,0.00,EXECUTING,278,14.599,-0.0190,-0.0100,6.2931,1.3961,-1.5943,0.010
212.109,206.446,0.968,RETURN_HOME,diverged1,7.3782,-2.0733,-2.5783,0.095456,0.268111,0.114091,0.108,135,2.2943,3.0085,-0.8223,-0.392,0.45349,7.1803,0.2494,-1.7200,0.2068,0.4258,0.018,0.4457,0.8512,0.2245,49,0.108,31.59,20.58,20.70,31.52,0.3000,0.1795,10.04,1.99,50.10,DO_NOTHING,--,0.00,EXECUTING,278,14.599,-0.0190,-0.0100,6.2928,1.3961,-1.5941,0.008
212.208,206.544,0.972,RETURN_HOME,diverged1,7.3782,-2.0733,-2.5783,0.095456,0.268111,0.114091,0.206,135,2.2943,3.0085,-0.8223,-0.394,0.00000,7.1782,0.2346,-1.7102,0.1500,0.0981,0.016,0.4522,0.8650,0.2292,48,0.106,31.18,20.58,20.74,31.18,0.1105,0.5385,9.98,1.99,50.10,DO_NOTHING,--,0.00,EXECUTING,278,14.599,-0.0190,-0.0100,6.2928,1.3961,-1.5941,0.006
212.309,206.646,0.977,RETURN_HOME,diverged1,7.3782,-2.0733,-2.5783,0.095456,0.268111,0.114091,0.308,135,2.2943,3.0085,-0.8223,-0.392,0.00000,7.1769,0.2248,-1.6936,0.1031,0.1735,0.018,0.4572,0.8700,0.1915,47,0.108,30.98,20.49,20.30,30.98,0.1750,0.3395,10.00,1.99,50.10,DO_NOTHING,--,0.00,EXECUTING,278,14.599,-0.0190,-0.0100,6.2928,1.3961,-1.5941,0.008
212.409,206.746,0.986,RETURN_HOME,diverged1,7.3782,-2.0733,-2.5783,0.095456,0.268111,0.114091,0.408,135,2.2943,3.0085,-0.8223,-0.392,0.00000,7.1759,0.2162,-1.6764,0.0890,0.1753,0.018,0.4619,0.8700,0.1489,47,0.008,31.05,20.33,20.34,31.05,0.1750,0.3395,10.02,1.99,49.90,DO_NOTHING,--,0.00,EXECUTING,278,14.599,-0.0190,-0.0100,6.2928,1.3961,-1.5941,0.008
212.508,206.842,0.981,RETURN_HOME,diverged1,7.3782,-2.0733,-2.5783,0.095456,0.268111,0.114091,0.504,135,2.2943,3.0085,-0.8223,-0.396,0.00000,7.1751,0.2078,-1.6589,0.0855,0.1767,0.014,0.4460,0.8600,0.2041,49,0.104,31.39,20.33,20.70,31.18,0.0474,0.8462,10.04,1.99,50.00,DO_NOTHING,--,0.00,EXECUTING,278,14.599,-0.0190,-0.0100,6.2928,1.3961,-1.5941,0.004
212.608,206.938,0.984,RETURN_HOME,diverged1,7.3782,-2.0733,-2.5783,0.095456,0.268111,0.114091,0.600,135,2.2943,3.0085,-0.8223,-0.400,0.00000,7.1748,0.2036,-1.6237,0.0443,0.3631,0.012,0.4578,0.8670,0.1915,47,0.100,30.85,20.28,20.34,30.85,0.1105,1.0000,10.02,1.00,50.00,DO_NOTHING,--,0.00,EXECUTING,278,14.599,-0.0190,-0.0100,6.2932,1.3967,-1.5884,0.020
212.710,207.038,0.987,RETURN_HOME,diverged1,7.3782,-2.0733,-2.5783,0.095456,0.268111,0.114091,0.700,135,2.2943,3.0085,-0.8223,-0.400,0.00000,7.1746,0.1978,-1.5837,0.0567,0.3938,0.010,0.4710,0.8654,0.1778,45,0.100,30.85,20.33,20.26,30.85,0.0474,0.6410,10.04,1.00,50.10,DO_NOTHING,--,26.32,EXECUTING,278,14.599,-0.0190,-0.0100,6.2931,1.3966,-1.5889,0.020
212.809,207.136,0.983,RETURN_HOME,diverged1,7.3782,-2.0733,-2.5783,0.095456,0.268111,0.114091,0.798,135,2.2943,3.0085,-0.8223,-0.402,0.00000,7.1746,0.1937,-1.5281,0.0424,0.5838,0.008,0.4819,0.9008,0.1556,45,0.098,30.79,20.24,20.26,30.72,0.0474,0.5385,9.98,1.00,49.90,DO_NOTHING,--,21.74,EXECUTING,278,14.599,-0.0190,-0.0100,6.2945,1.3984,-1.5717,0.018
212.909,207.238,0.987,RETURN_HOME,diverged1,7.3186,-2.0902,-2.4029,0.095119,0.274324,0.102857,0.100,136,2.5994,3.3174,-0.8802,-0.400,0.43422,7.1749,0.1895,-1.4759,0.0433,0.5304,0.010,0.5059,0.9400,0.2128,47,0.100,30.85,20.24,20.21,30.92,0.0316,0.8974,10.02,1.25,50.20,DO_NOTHING,--,20.83,EXECUTING,278,14.599,-0.0190,-0.0100,6.2958,1.4006,-1.5555,0.000
213.009,207.338,0.992,RETURN_HOME,diverged1,7.3186,-2.0902,-2.4029,0.095119,0.274324,0.102857,0.200,136,2.5994,3.3174,-0.8802,-0.400,0.00000,7.1753,0.1868,-1.4151,0.0304,0.6875,0.010,0.5183,0.9500,0.1957,46,0.100,30.66,20.08,20.21,30.72,0.0316,0.7436,10.00,1.25,49.70,DO_NOTHING,--,20.71,EXECUTING,280,14.670,-0.0190,-0.0100,6.2972,1.4032,-1.5370,0.020
213.109,207.438,0.992,RETURN_HOME,diverged1,7.3186,-2.0902,-2.4029,0.095119,0.274324,0.102857,0.300,136,2.5994,3.3174,-0.8802,-0.400,0.00000,7.1758,0.1840,-1.3500,0.0289,0.6769,0.012,0.5215,0.9945,0.1556,45,0.100,30.79,20.20,20.17,30.85,0.0316,1.0000,10.04,1.00,50.00,DO_NOTHING,--,20.45,EXECUTING,280,14.670,-0.0190,-0.0100,6.2992,1.4065,-1.5124,0.020
213.209,207.536,0.989,RETURN_HOME,diverged1,7.3186,-2.0902,-2.4029,0.095119,0.274324,0.102857,0.398,136,2.5994,3.3174,-0.8802,-0.402,0.00000,7.1761,0.1828,-1.2932,0.0121,0.5620,0.008,0.5260,0.9257,0.1522,46,0.098,31.12,20.16,20.75,31.12,0.0239,0.5000,9.98,1.00,50.00,LIMIT,PolygonLimit,20.98,EXECUTING,280,14.670,-0.0190,-0.0100,6.3013,1.4100,-1.4854,0.018
213.309,207.634,0.988,RETURN_HOME,diverged1,7.3259,-2.0769,-2.2252,0.093928,0.219985,0.105093,0.096,137,2.9264,3.5953,-0.9366,-0.404,0.42911,7.1761,0.1828,-1.2552,-0.0001,0.4185,0.006,0.5163,0.9681,0.1957,46,0.096,30.59,20.24,20.04,31.65,0.0239,0.5000,10.04,2.50,50.00,DO_NOTHING,--,20.25,EXECUTING,280,14.670,-0.0190,-0.0100,6.3029,1.4128,-1.4633,0.016
213.409,207.726,0.980,RETURN_HOME,diverged1,7.3259,-2.0769,-2.2252,0.093928,0.219985,0.105093,0.188,137,2.9264,3.5953,-0.9366,-0.412,0.00000,7.1762,0.1826,-1.2212,0.0022,0.3489,0.000,0.5264,0.9571,0.1778,45,0.088,30.59,20.24,20.04,31.65,0.0239,0.5000,9.98,2.50,50.20,DO_NOTHING,--,20.25,EXECUTING,280,14.670,-0.0190,-0.0100,6.3042,1.4151,-1.4451,0.008
213.509,207.832,0.993,RETURN_HOME,diverged1,7.3259,-2.0769,-2.2252,0.093928,0.219985,0.105093,0.294,137,2.9264,3.5953,-0.9366,-0.406,0.00000,7.1762,0.1825,-1.1864,0.0011,0.3453,0.004,0.5151,0.9750,0.1522,46,0.094,30.92,20.24,20.26,31.91,0.0239,0.5000,9.91,2.50,50.00,DO_NOTHING,--,20.25,EXECUTING,280,14.670,-0.0190,-0.0100,6.3054,1.4173,-1.4264,0.014
213.609,207.928,0.990,RETURN_HOME,diverged1,7.3259,-2.0769,-2.2252,0.093928,0.219985,0.105093,0.390,137,2.9264,3.5953,-0.9366,-0.410,0.00000,7.1762,0.1824,-1.1515,0.0013,0.3516,0.000,0.5366,0.9809,0.1304,46,0.090,30.72,20.20,20.17,31.85,0.0239,0.5000,10.00,2.50,50.00,DO_NOTHING,--,20.25,EXECUTING,280,14.670,-0.0190,-0.0100,6.3066,1.4195,-1.4076,0.010
213.709,208.032,0.995,RETURN_HOME,diverged1,7.3259,-2.0769,-2.2252,0.093928,0.219985,0.105093,0.494,137,2.9264,3.5953,-0.9366,-0.406,0.00000,7.1763,0.1823,-1.1167,0.0011,0.3513,0.004,0.5008,0.9571,0.2000,45,0.094,30.79,20.12,20.17,31.85,0.0239,0.5000,9.98,2.50,50.00,DO_NOTHING,--,20.22,EXECUTING,280,14.670,-0.0190,-0.0100,6.3077,1.4217,-1.3888,0.014
213.810,208.124,0.984,RETURN_HOME,diverged1,7.3259,-2.0769,-2.2252,0.093928,0.219985,0.105093,0.586,137,2.9264,3.5953,-0.9366,-0.414,0.00000,7.1763,0.1822,-1.0887,0.0013,0.3659,0.016,0.5035,0.9300,0.1556,45,0.086,30.85,20.20,20.26,31.91,0.0239,0.5000,10.02,2.50,50.10,DO_NOTHING,--,20.27,EXECUTING,280,14.670,-0.0190,-0.0100,6.3088,1.4238,-1.3699,0.006
213.909,208.228,0.988,RETURN_HOME,diverged1,7.3289,-2.0633,-2.0968,0.094175,0.222037,0.121887,0.090,138,3.4131,3.9534,-1.0192,-0.410,0.60427,7.1764,0.1821,-1.0465,0.0016,0.3579,0.000,0.5201,0.9771,0.1277,47,0.090,30.98,20.20,20.21,31.98,0.0239,0.5000,10.00,1.68,50.00,DO_NOTHING,--,20.35,EXECUTING,280,14.670,-0.0190,-0.0100,6.3098,1.4258,-1.3508,0.010
214.009,208.320,0.980,RETURN_HOME,diverged1,7.3289,-2.0633,-2.0968,0.094175,0.222037,0.121887,0.182,138,3.4131,3.9534,-1.0192,-0.418,0.00000,7.1765,0.1819,-1.0182,0.0022,0.3684,0.012,0.4988,0.9447,0.1522,46,0.082,31.12,20.37,20.34,32.19,0.0239,0.5000,10.04,1.68,50.31,DO_NOTHING,--,20.66,EXECUTING,280,14.670,-0.0190,-0.0100,6.3107,1.4278,-1.3318,0.002
214.109,208.426,0.989,RETURN_HOME,diverged1,7.3289,-2.0633,-2.0968,0.094175,0.222037,0.121887,0.288,138,3.4131,3.9534,-1.0192,-0.412,0.00000,7.1766,0.1817,-0.9827,0.0029,0.4952,0.020,0.4797,0.9500,0.1489,47,0.088,30.98,20.28,20.30,32.05,0.0239,0.5000,9.98,1.68,50.00,DO_NOTHING,--,20.83,EXECUTING,280,14.749,-0.0190,-0.0100,6.3116,1.4297,-1.3127,0.008
214.209,208.520,0.984,RETURN_HOME,diverged1,7.3289,-2.0633,-2.0968,0.094175,0.222037,0.121887,0.382,138,3.4131,3.9534,-1.0192,-0.418,0.00000,7.1768,0.1815,-0.9465,0.0032,0.3969,0.012,0.4955,0.9697,0.1957,46,0.082,30.27,20.20,19.96,31.32,0.0316,1.0000,9.87,1.68,50.00,DO_NOTHING,--,14.29,EXECUTING,280,14.749,-0.0190,-0.0100,6.3125,1.4316,-1.2928,0.002
214.309,208.626,0.999,RETURN_HOME,diverged1,7.3289,-2.0633,-2.0968,0.094175,0.222037,0.121887,0.488,138,3.4131,3.9534,-1.0192,-0.412,0.00000,7.1772,0.1810,-0.9064,0.0073,0.5679,0.018,0.4957,0.9697,0.1957,46,0.088,30.92,20.16,20.47,30.98,0.0632,1.0000,9.93,1.00,50.00,DO_NOTHING,--,25.00,EXECUTING,280,14.749,-0.0190,-0.0100,6.3135,1.4336,-1.2717,0.008
214.410,208.720,0.986,RETURN_HOME,diverged1,7.3289,-2.0633,-2.0968,0.094175,0.222037,0.121887,0.582,138,3.4131,3.9534,-1.0192,-0.418,0.00000,7.1786,0.1793,-0.8688,0.0227,0.3955,0.012,0.4904,0.9447,0.1739,46,0.082,30.79,20.24,20.26,30.79,0.0632,1.0000,9.89,1.00,49.90,DO_NOTHING,--,20.55,EXECUTING,280,14.749,-0.0190,-0.0100,6.3146,1.4351,-1.2547,0.002
214.509,208.818,0.986,RETURN_HOME,diverged1,7.3521,-2.0448,-1.9261,0.095868,0.159199,0.127672,0.080,139,3.7503,4.1679,-1.0703,-0.420,0.39968,7.1796,0.1781,-0.8255,0.0176,0.4479,0.010,0.4805,0.9436,0.1915,47,0.080,30.79,20.28,20.21,30.85,0.0158,0.8462,9.93,1.66,50.00,DO_NOTHING,--,20.16,EXECUTING,280,14.749,-0.0190,-0.0100,6.3158,1.4367,-1.2368,0.020
214.609,208.910,0.982,RETURN_HOME,diverged1,7.3521,-2.0448,-1.9261,0.095868,0.159199,0.127672,0.172,139,3.7503,4.1679,-1.0703,-0.428,0.00000,7.1791,0.1786,-0.7719,-0.0077,0.5394,0.002,0.4929,0.9389,0.1458,48,0.072,30.79,20.41,20.21,30.72,0.0120,0.5000,10.02,1.66,50.00,DO_NOTHING,--,20.11,EXECUTING,280,14.749,-0.0190,-0.0100,6.3169,1.4395,-1.2019,0.012
214.709,209.010,0.985,RETURN_HOME,diverged1,7.3521,-2.0448,-1.9261,0.095868,0.159199,0.127672,0.272,139,3.7503,4.1679,-1.0703,-0.428,0.00000,7.1788,0.1789,-0.7319,-0.0042,0.4506,0.002,0.4739,0.9289,0.2292,48,0.072,30.92,20.49,20.26,30.98,0.0120,0.5000,9.98,1.66,50.00,DO_NOTHING,--,20.11,EXECUTING,280,14.749,-0.0190,-0.0100,6.3176,1.4415,-1.1758,0.012
214.809,209.100,0.976,RETURN_HOME,diverged1,7.3521,-2.0448,-1.9261,0.095868,0.159199,0.127672,0.362,139,3.7503,4.1679,-1.0703,-0.438,0.00000,7.1787,0.1790,-0.6993,-0.0034,0.4121,0.012,0.4878,0.9324,0.1633,49,0.062,31.32,20.58,20.56,31.32,0.0158,0.7436,10.00,1.66,50.00,DO_NOTHING,--,20.11,EXECUTING,280,14.749,-0.0190,-0.0100,6.3182,1.4433,-1.1500,0.002
214.909,209.200,0.972,RETURN_HOME,diverged1,7.3521,-2.0448,-1.9261,0.095868,0.159199,0.127672,0.462,139,3.7503,4.1679,-1.0703,-0.438,0.00000,7.1783,0.1793,-0.6462,-0.0046,0.5303,0.012,0.4604,0.9223,0.2000,50,0.062,31.32,20.58,20.61,31.25,0.0158,0.6923,9.91,1.00,49.90,DO_NOTHING,--,14.38,EXECUTING,280,14.749,-0.0190,-0.0100,6.3188,1.4456,-1.1156,0.002
215.009,209.286,0.956,RETURN_HOME,diverged1,7.3557,-2.0259,-1.7766,0.103829,0.174900,0.160533,0.048,140,4.3131,4.4780,-1.1582,-0.452,0.64254,7.1781,0.1795,-0.6040,-0.0033,0.5254,0.018,0.4695,0.9067,0.2083,48,0.048,31.89,20.79,20.75,31.89,0.0120,0.5000,10.07,1.99,50.00,DO_NOTHING,--,15.19,EXECUTING,280,14.749,-0.0190,-0.0100,6.3193,1.4472,-1.0887,0.008
215.109,209.380,0.954,RETURN_HOME,diverged1,7.3557,-2.0259,-1.7766,0.103829,0.174900,0.160533,0.142,140,4.3131,4.4780,-1.1582,-0.458,0.00000,7.1783,0.1793,-0.5630,0.0032,0.4133,0.012,0.4659,0.9223,0.1600,50,0.042,32.02,20.83,21.32,32.16,0.0632,1.0000,10.11,1.99,50.00,DO_NOTHING,--,15.19,EXECUTING,279,14.581,-0.0190,-0.0100,6.3203,1.4487,-1.0608,0.002
215.209,209.480,0.949,RETURN_HOME,diverged1,7.3557,-2.0259,-1.7766,0.103829,0.174900,0.160533,0.242,140,4.3131,4.4780,-1.1582,-0.458,0.00000,7.1802,0.1781,-0.5200,0.0225,0.4340,0.012,0.4735,0.9503,0.2245,49,0.042,32.43,20.92,21.05,32.43,0.0158,1.0000,10.07,1.99,50.00,DO_NOTHING,--,14.44,EXECUTING,279,14.581,-0.0190,-0.0100,6.3224,1.4502,-1.0295,0.002
215.309,209.578,0.952,RETURN_HOME,diverged1,7.3557,-2.0259,-1.7766,0.103829,0.174900,0.160533,0.340,140,4.3131,4.4780,-1.1582,-0.460,0.00000,7.1804,0.1781,-0.4675,0.0012,0.5901,0.010,0.4850,0.9224,0.1400,50,0.040,31.19,20.96,20.93,31.19,0.0158,0.9487,10.20,1.99,50.00,DO_NOTHING,--,14.35,EXECUTING,279,14.581,-0.0190,-0.0100,6.3230,1.4514,-0.9996,0.020
215.409,209.670,0.951,RETURN_HOME,diverged1,7.3557,-2.0259,-1.7766,0.103829,0.174900,0.160533,0.432,140,4.3131,4.4780,-1.1582,-0.468,0.00000,7.1806,0.1780,-0.4141,0.0030,0.5372,0.002,0.4736,0.9415,0.1837,49,0.032,32.29,21.05,20.88,32.29,0.0158,0.8974,10.04,1.99,50.10,DO_NOTHING,--,14.61,EXECUTING,279,14.581,-0.0190,-0.0100,6.3238,1.4528,-0.9615,0.012
215.509,209.770,0.955,RETURN_HOME,diverged1,7.3622,-1.9729,-1.6604,0.105835,0.175219,0.169589,0.032,141,5.1335,4.8556,-1.2801,-0.468,0.90313,7.1810,0.1778,-0.3668,0.0043,0.4773,0.002,0.4622,0.9052,0.1800,50,0.032,32.29,21.01,20.83,32.36,0.0120,0.5000,10.00,2.00,49.90,DO_NOTHING,--,14.61,EXECUTING,279,14.581,-0.0190,-0.0100,6.3247,1.4537,-0.9269,0.012
215.609,209.868,0.954,RETURN_HOME,diverged1,7.3622,-1.9729,-1.6604,0.105835,0.175219,0.169589,0.130,141,5.1335,4.8556,-1.2801,-0.470,0.00000,7.1814,0.1777,-0.3305,0.0052,0.4745,0.020,0.4709,0.9254,0.1837,49,0.030,32.16,20.92,20.88,32.22,0.0120,0.5000,10.00,2.00,50.10,DO_NOTHING,--,13.99,EXECUTING,279,14.581,-0.0190,-0.0100,6.3257,1.4544,-0.8946,0.010
215.709,209.968,0.959,RETURN_HOME,diverged1,7.3622,-1.9729,-1.6604,0.105835,0.175219,0.169589,0.230,141,5.1335,4.8556,-1.2801,-0.470,0.00000,7.1821,0.1775,-0.2838,0.0069,0.4667,0.020,0.4877,0.9192,0.1569,51,0.030,32.16,20.83,20.88,32.22,0.0120,0.5000,10.00,2.00,50.00,DO_NOTHING,--,17.80,EXECUTING,279,14.581,-0.0190,-0.0100,6.3266,1.4549,-0.8600,0.010
215.808,210.068,0.969,RETURN_HOME,diverged1,7.3622,-1.9729,-1.6604,0.105835,0.175219,0.169589,0.330,141,5.1335,4.8556,-1.2801,-0.470,0.00000,7.1830,0.1772,-0.2355,0.0095,0.4872,0.020,0.4888,0.9500,0.1200,50,0.030,31.73,20.66,20.79,31.73,0.0120,0.5000,10.02,2.00,50.00,DO_NOTHING,--,17.80,EXECUTING,279,14.581,-0.0190,-0.0100,6.3274,1.4551,-0.8234,0.010
215.908,210.166,0.966,RETURN_HOME,diverged1,7.3622,-1.9729,-1.6604,0.105835,0.175219,0.169589,0.428,141,5.1335,4.8556,-1.2801,-0.472,0.00000,7.1841,0.1770,-0.1856,0.0119,0.5068,0.018,0.5112,0.9192,0.1373,51,0.028,31.59,20.66,20.74,31.73,0.0120,0.5000,9.96,2.00,50.10,DO_NOTHING,--,17.37,EXECUTING,279,14.581,-0.0190,-0.0100,6.3282,1.4550,-0.7860,0.008
216.009,210.266,0.981,RETURN_HOME,diverged1,7.3781,-1.9422,-1.5124,0.115134,0.144638,0.167008,0.028,142,5.7842,5.0662,-1.3718,-0.472,0.68397,7.1853,0.1768,-0.1356,0.0123,0.5125,0.018,0.4590,0.9192,0.2353,51,0.028,30.79,20.37,20.13,30.79,0.0120,0.5000,10.04,2.00,50.00,DO_NOTHING,--,20.35,EXECUTING,279,14.581,-0.0190,-0.0100,6.3290,1.4545,-0.7499,0.008
216.110,210.368,0.985,RETURN_HOME,diverged1,7.3781,-1.9422,-1.5124,0.115134,0.144638,0.167008,0.130,142,5.7842,5.0662,-1.3718,-0.470,0.00000,7.1865,0.1766,-0.0856,0.0122,0.5083,0.020,0.4887,0.9394,0.1569,51,0.030,30.79,20.33,20.21,30.79,0.0120,0.5000,9.89,2.00,49.60,DO_NOTHING,--,20.35,EXECUTING,279,14.538,-0.0190,-0.0100,6.3300,1.4537,-0.7128,0.010
216.209,210.468,0.989,RETURN_HOME,diverged1,7.3781,-1.9422,-1.5124,0.115134,0.144638,0.167008,0.230,142,5.7842,5.0662,-1.3718,-0.470,0.00000,7.1877,0.1766,-0.0356,0.0127,0.5292,0.022,0.5073,0.9501,0.1400,50,0.030,30.98,20.28,20.26,30.98,0.0120,0.5000,10.00,2.00,49.90,DO_NOTHING,--,20.83,EXECUTING,279,14.538,-0.0190,-0.0100,6.3308,1.4530,-0.6768,0.010
216.309,210.568,0.998,RETURN_HOME,diverged1,7.3781,-1.9422,-1.5124,0.115134,0.144638,0.167008,0.330,142,5.7842,5.0662,-1.3718,-0.470,0.00000,7.1890,0.1766,0.0138,0.0127,0.4900,0.020,0.5144,0.9192,0.1569,51,0.030,30.85,20.24,20.21,30.85,0.0120,0.5000,10.00,2.00,49.90,DO_NOTHING,--,21.13,EXECUTING,279,14.538,-0.0190,-0.0100,6.3319,1.4522,-0.6422,0.010
216.409,210.666,0.996,RETURN_HOME,diverged1,7.3781,-1.9422,-1.5124,0.115134,0.144638,0.167008,0.428,142,5.7842,5.0662,-1.3718,-0.472,0.00000,7.1904,0.1766,0.0618,0.0141,0.4798,0.018,0.5169,0.9500,0.1569,51,0.028,30.40,20.08,19.92,30.46,0.0120,0.5000,10.02,2.00,50.00,DO_NOTHING,--,16.67,EXECUTING,279,14.538,-0.0190,-0.0100,6.3332,1.4515,-0.6089,0.008
216.509,210.766,0.996,RETURN_HOME,diverged1,7.3807,-1.9134,-1.3846,0.114780,0.142949,0.174126,0.028,143,6.5699,5.2339,-1.4824,-0.472,0.80341,7.1909,0.1767,0.1009,0.0060,0.4324,0.018,0.5022,0.9356,0.1538,52,0.028,30.21,20.08,19.83,30.15,0.0000,0.1800,10.00,1.99,50.10,DO_NOTHING,--,0.00,EXECUTING,279,14.538,-0.0190,-0.0100,6.3338,1.4515,-0.5826,0.008
216.609,210.860,0.990,RETURN_HOME,diverged1,7.3807,-1.9134,-1.3846,0.114780,0.142949,0.174126,0.122,143,6.5699,5.2339,-1.4824,-0.478,0.00000,7.1915,0.1767,0.1135,0.0051,0.1290,0.012,0.5026,0.9500,0.1373,51,0.022,30.53,20.12,20.08,30.53,0.1421,1.0000,9.98,1.99,50.00,DO_NOTHING,--,0.00,EXECUTING,279,14.538,-0.0190,-0.0100,6.3346,1.4511,-0.5743,0.002
216.709,210.958,0.989,RETURN_HOME,diverged1,7.3807,-1.9134,-1.3846,0.114780,0.142949,0.174126,0.220,143,6.5699,5.2339,-1.4824,-0.480,0.00000,7.2016,0.1779,0.1289,0.1065,0.1596,0.010,0.5048,0.9394,0.1569,51,0.020,30.53,20.20,20.08,30.72,0.0947,0.9487,10.00,1.99,50.00,DO_NOTHING,--,0.00,EXECUTING,279,14.538,-0.0190,-0.0100,6.3418,1.4467,-0.5661,0.020
216.809,211.056,0.989,RETURN_HOME,diverged1,7.3807,-1.9134,-1.3846,0.114780,0.142949,0.174126,0.318,143,6.5699,5.2339,-1.4824,-0.482,0.00000,7.2105,0.1792,0.1610,0.0901,0.3205,0.008,0.5111,0.9179,0.1698,53,0.018,30.66,20.20,20.21,30.66,0.0789,0.9487,10.04,1.99,50.00,DO_NOTHING,--,0.00,EXECUTING,279,14.538,-0.0190,-0.0100,6.3494,1.4447,-0.5402,0.018
216.909,211.156,0.989,RETURN_HOME,diverged1,7.3807,-1.9134,-1.3846,0.114780,0.142949,0.174126,0.418,143,6.5699,5.2339,-1.4824,-0.482,0.00000,7.2179,0.1806,0.2026,0.0779,0.4272,0.010,0.5174,0.9394,0.1373,51,0.018,30.66,20.28,20.08,30.72,0.1263,0.9487,10.00,1.99,49.90,DO_NOTHING,--,0.00,EXECUTING,279,14.538,-0.0190,-0.0100,6.3556,1.4430,-0.5107,0.018
217.008,211.256,0.990,RETURN_HOME,diverged1,7.3807,-1.9134,-1.3846,0.114780,0.142949,0.174126,0.518,143,6.5699,5.2339,-1.4824,-0.482,0.00000,7.2274,0.1828,0.2497,0.1065,0.5160,0.008,0.4929,0.9542,0.2075,53,0.018,30.72,20.20,20.21,30.66,0.1263,0.9487,10.07,1.99,50.00,DO_NOTHING,--,25.00,EXECUTING,279,14.538,-0.0190,-0.0100,6.3629,1.4419,-0.4775,0.018
217.108,211.352,0.986,RETURN_HOME,diverged1,7.3807,-1.9134,-1.3846,0.114780,0.142949,0.174126,0.614,143,6.5699,5.2339,-1.4824,-0.486,0.00000,7.2362,0.1853,0.2972,0.0910,0.4745,0.004,0.5046,0.9367,0.1346,52,0.014,30.53,20.33,20.08,30.72,0.1105,1.0000,10.14,1.00,50.40,DO_NOTHING,--,21.43,EXECUTING,279,14.538,-0.0190,-0.0100,6.3690,1.4418,-0.4461,0.014
217.209,211.452,0.984,RETURN_HOME,diverged1,7.3807,-1.9134,-1.3846,0.114780,0.142949,0.174126,0.714,143,6.5699,5.2339,-1.4824,-0.386,0.00000,7.2431,0.1875,0.3424,0.0754,0.4736,0.004,0.5213,0.9467,0.1887,53,0.014,30.66,20.33,20.13,30.66,0.0837,0.5000,9.98,1.00,50.00,DO_NOTHING,--,20.33,EXECUTING,278,14.550,-0.0190,-0.0100,6.3739,1.4424,-0.4142,0.014
217.309,211.548,0.980,RETURN_HOME,diverged1,7.3816,-1.9377,-1.2308,0.123333,0.115614,0.190422,0.110,144,7.1867,5.3047,-1.5698,-0.390,0.62081,7.2484,0.1895,0.3746,0.0706,0.4064,0.020,0.5222,0.9360,0.1538,52,0.010,30.33,20.41,20.00,30.33,0.0837,0.5000,10.04,1.43,50.10,DO_NOTHING,--,20.33,EXECUTING,278,14.550,-0.0190,-0.0100,6.3786,1.4431,-0.3863,0.010
217.409,211.648,0.982,RETURN_HOME,diverged1,7.3816,-1.9377,-1.2308,0.123333,0.115614,0.190422,0.210,144,7.1867,5.3047,-1.5698,-0.390,0.00000,7.2547,0.1922,0.4137,0.0875,0.5005,0.026,0.5275,0.9516,0.1538,52,0.110,30.72,20.37,20.13,30.79,0.0837,0.5000,10.05,1.43,50.31,DO_NOTHING,--,20.33,EXECUTING,278,14.550,-0.0190,-0.0100,6.3829,1.4440,-0.3590,0.010
217.509,211.748,0.987,RETURN_HOME,diverged1,7.3816,-1.9377,-1.2308,0.123333,0.115614,0.190422,0.310,144,7.1867,5.3047,-1.5698,-0.390,0.00000,7.2608,0.1950,0.4524,0.0667,0.3871,0.020,0.5279,0.9394,0.1765,51,0.110,31.05,20.37,20.34,31.05,0.0837,0.5000,10.00,1.43,50.00,DO_NOTHING,--,20.33,EXECUTING,278,14.550,-0.0190,-0.0100,6.3871,1.4450,-0.3324,0.010
217.609,211.848,0.989,RETURN_HOME,diverged1,7.3816,-1.9377,-1.2308,0.123333,0.115614,0.190422,0.410,144,7.1867,5.3047,-1.5698,-0.390,0.00000,7.2666,0.1979,0.4902,0.0659,0.3810,0.020,0.5333,0.9513,0.1569,51,0.110,30.85,20.28,20.17,30.92,0.0837,0.5000,9.89,1.00,50.10,DO_NOTHING,--,20.33,EXECUTING,278,14.550,-0.0190,-0.0100,6.3910,1.4461,-0.3071,0.010
217.709,211.948,0.991,RETURN_HOME,diverged1,7.3816,-1.9377,-1.2308,0.123333,0.115614,0.190422,0.510,144,7.1867,5.3047,-1.5698,-0.390,0.00000,7.2722,0.2010,0.5269,0.0713,0.4106,0.020,0.5233,0.9217,0.1538,52,0.110,30.85,20.20,20.21,30.85,0.0837,0.5000,9.93,1.00,50.00,DO_NOTHING,--,20.33,EXECUTING,278,14.550,-0.0190,-0.0100,6.3947,1.4472,-0.2838,0.010
217.809,212.048,0.992,RETURN_HOME,diverged1,7.3816,-1.9377,-1.2308,0.123333,0.115614,0.190422,0.610,144,7.1867,5.3047,-1.5698,-0.390,0.00000,7.2774,0.2042,0.5622,0.0627,0.3592,0.020,0.5236,0.9754,0.1923,52,0.010,30.79,20.20,20.17,30.85,0.0837,0.5000,9.96,1.00,50.00,DO_NOTHING,--,20.33,EXECUTING,278,14.550,-0.0190,-0.0100,6.3981,1.4482,-0.2629,0.010
217.909,212.138,0.982,RETURN_HOME,diverged1,7.4148,-1.9682,-1.0750,0.120791,0.111940,0.207885,0.100,145,7.7189,5.3063,-1.6407,-0.400,0.53220,7.2824,0.2075,0.5961,0.0627,0.3576,0.010,0.5317,0.9360,0.1731,52,0.100,30.72,20.20,20.17,30.72,0.0837,0.5000,9.96,1.67,50.00,DO_NOTHING,--,20.33,EXECUTING,278,14.550,-0.0190,-0.0100,6.4011,1.4491,-0.2446,0.000
218.009,212.240,0.987,RETURN_HOME,diverged1,7.4148,-1.9682,-1.0750,0.120791,0.111940,0.207885,0.202,145,7.7189,5.3063,-1.6407,-0.398,0.00000,7.2874,0.2110,0.6287,0.0705,0.3687,0.012,0.5284,0.9516,0.1538,52,0.102,31.25,20.33,20.61,31.25,0.2053,1.0000,10.07,1.67,50.10,DO_NOTHING,--,20.83,EXECUTING,278,14.550,-0.0190,-0.0100,6.4043,1.4496,-0.2310,0.002
218.109,212.338,0.984,RETURN_HOME,diverged1,7.4148,-1.9682,-1.0750,0.120791,0.111940,0.207885,0.300,145,7.7189,5.3063,-1.6407,-0.400,0.00000,7.2975,0.2186,0.6624,0.1265,0.3367,0.010,0.5207,0.9500,0.1373,51,0.100,30.66,20.24,20.17,30.59,0.2368,1.0000,9.96,1.67,50.00,DO_NOTHING,--,3.20,EXECUTING,278,14.550,-0.0190,-0.0100,6.4125,1.4477,-0.2305,0.000
218.209,212.436,0.986,RETURN_HOME,diverged1,7.4148,-1.9682,-1.0750,0.120791,0.111940,0.207885,0.398,145,7.7189,5.3063,-1.6407,-0.402,0.00000,7.3100,0.2288,0.7011,0.1610,0.3873,0.008,0.5259,0.9552,0.1961,51,0.098,30.92,20.28,20.39,30.85,0.2211,1.0000,10.04,1.67,49.90,DO_NOTHING,--,22.39,EXECUTING,278,14.550,-0.0190,-0.0100,6.4208,1.4458,-0.2299,0.018
218.309,212.536,0.986,RETURN_HOME,diverged1,7.4148,-1.9682,-1.0750,0.120791,0.111940,0.207885,0.498,145,7.7189,5.3063,-1.6407,-0.402,0.00000,7.3197,0.2373,0.7432,0.1312,0.4285,0.008,0.5225,0.9500,0.1765,51,0.098,30.67,20.24,20.45,30.61,0.1675,0.5000,9.91,1.00,50.00,DO_NOTHING,--,20.66,EXECUTING,170,9.258,-0.0190,-0.0100,6.4281,1.4443,-0.2282,0.018
218.409,212.628,0.977,RETURN_HOME,diverged1,7.4148,-1.9682,-1.0750,0.120791,0.111940,0.207885,0.590,145,7.7189,5.3063,-1.6407,-0.410,0.00000,7.3290,0.2460,0.7696,0.1287,0.2668,0.000,0.5238,0.9500,0.1765,51,0.090,30.79,20.41,20.21,31.85,0.1675,0.5000,10.02,1.00,50.00,DO_NOTHING,--,20.66,EXECUTING,170,9.258,-0.0190,-0.0100,6.4364,1.4423,-0.2282,0.010
218.509,212.728,0.980,RETURN_HOME,diverged1,7.4719,-2.0115,-0.9222,0.125946,0.105843,0.226112,0.090,146,8.1294,5.2931,-1.6942,-0.410,0.41072,7.3364,0.2533,0.7896,0.1326,0.2554,0.020,0.5237,0.9220,0.1765,51,0.090,30.66,20.41,20.13,31.65,0.1675,0.5000,10.11,1.65,50.00,DO_NOTHING,--,20.66,EXECUTING,170,9.258,-0.0190,-0.0100,6.4454,1.4402,-0.2282,0.010
218.608,212.824,0.976,RETURN_HOME,diverged1,7.4719,-2.0115,-0.9222,0.125946,0.105843,0.226112,0.186,146,8.1294,5.2931,-1.6942,-0.414,0.00000,7.3453,0.2626,0.8144,0.1297,0.2502,0.016,0.5316,0.9192,0.1569,51,0.086,31.05,20.45,20.70,32.12,0.0000,-1.0000,10.07,1.65,50.00,DO_NOTHING,--,20.66,EXECUTING,170,9.258,-0.0190,-0.0100,6.4542,1.4382,-0.2282,0.006
218.709,212.924,0.976,RETURN_HOME,diverged1,7.4719,-2.0115,-0.9222,0.125946,0.105843,0.226112,0.286,146,8.1294,5.2931,-1.6942,-0.414,0.00000,7.3492,0.2668,0.8318,0.0586,0.1770,0.016,0.5331,0.9192,0.1373,51,0.086,31.05,20.49,20.56,32.12,0.0000,-1.0000,10.14,1.65,50.00,DO_NOTHING,--,20.66,EXECUTING,170,9.258,-0.0190,-0.0100,6.4586,1.4372,-0.2281,0.006
218.809,213.020,0.980,RETURN_HOME,diverged1,7.4719,-2.0115,-0.9222,0.125946,0.105843,0.226112,0.382,146,8.1294,5.2931,-1.6942,-0.418,0.00000,7.3493,0.2669,0.8407,0.0013,0.0901,0.014,0.5389,0.9500,0.1176,51,0.082,31.18,20.58,20.61,32.33,0.0000,-1.0000,10.04,1.65,50.10,DO_NOTHING,--,20.66,EXECUTING,170,9.258,-0.0190,-0.0100,6.4587,1.4372,-0.2280,0.002
218.909,213.122,0.980,RETURN_HOME,diverged1,7.4719,-2.0115,-0.9222,0.125946,0.105843,0.226112,0.484,146,8.1294,5.2931,-1.6942,-0.416,0.00000,7.3493,0.2669,0.8405,0.0000,-0.0022,0.014,0.5272,0.9220,0.1569,51,0.084,31.32,20.49,20.70,32.33,0.0000,-1.0000,9.98,1.00,50.00,DO_NOTHING,--,20.66,EXECUTING,170,9.258,-0.0190,-0.0100,6.4587,1.4372,-0.2280,0.004
219.008,213.218,0.978,RETURN_HOME,diverged1,7.4719,-2.0115,-0.9222,0.125946,0.105843,0.226112,0.580,146,8.1294,5.2931,-1.6942,-0.420,0.00000,7.3493,0.2669,0.8324,0.0000,-0.0909,0.016,0.5204,0.9500,0.1961,51,0.080,31.73,20.49,20.74,32.82,0.0000,-1.0000,10.00,1.00,50.31,DO_NOTHING,--,20.66,EXECUTING,170,9.258,-0.0190,-0.0100,6.4587,1.4372,-0.2280,0.020
219.109,213.318,0.980,RETURN_HOME,diverged1,7.4719,-2.0115,-0.9222,0.125946,0.105843,0.226112,0.680,146,8.1294,5.2931,-1.6942,-0.420,0.00000,7.3493,0.2669,0.8053,-0.0005,-0.2683,0.010,0.5161,0.9394,0.1961,51,0.080,31.73,20.49,20.93,32.75,0.0000,-1.0000,9.98,1.00,50.00,DO_NOTHING,--,22.06,EXECUTING,170,9.258,-0.0190,-0.0100,6.4586,1.4364,-0.2460,0.020
219.209,213.418,0.982,RETURN_HOME,diverged1,7.4719,-2.0115,-0.9222,0.125946,0.105843,0.226112,0.780,146,8.1294,5.2931,-1.6942,-0.420,0.00000,7.3493,0.2669,0.7582,-0.0001,-0.5560,0.016,0.5379,0.9360,0.1346,52,0.080,31.39,20.37,20.61,32.47,0.0000,-1.0000,9.98,1.00,50.10,DO_NOTHING,--,21.74,EXECUTING,170,9.258,-0.0190,-0.0100,6.4586,1.4338,-0.2871,0.020
219.309,213.516,0.980,RETURN_HOME,diverged1,7.4719,-2.0115,-0.9222,0.125946,0.105843,0.226112,0.878,146,8.1294,5.2931,-1.6942,-0.422,0.00000,7.3493,0.2669,0.6955,-0.0001,-0.6112,0.008,0.5149,0.9513,0.1765,51,0.078,30.40,20.41,20.13,31.51,0.0000,-1.0000,9.96,1.00,49.90,DO_NOTHING,--,0.00,EXECUTING,172,9.378,-0.0190,-0.0100,6.4586,1.4304,-0.3408,0.018
219.409,213.618,0.990,RETURN_HOME,diverged1,7.4719,-2.0115,-0.9222,0.125946,0.105843,0.226112,0.980,146,8.1294,5.2931,-1.6942,-0.420,0.00000,7.3494,0.2670,0.6171,0.0019,-0.8156,0.010,0.5176,0.9510,0.1923,52,0.080,30.66,20.24,20.21,30.59,0.0158,-1.0000,10.00,1.00,50.00,DO_NOTHING,--,0.00,EXECUTING,172,9.378,-0.0190,-0.0100,6.4586,1.4268,-0.4061,0.020
219.509,213.718,0.993,RETURN_HOME,diverged1,7.4719,-2.0115,-0.9222,0.125946,0.105843,0.226112,1.080,146,8.1294,5.2931,-1.6942,-0.420,0.00000,7.3505,0.2677,0.5339,0.0128,-0.8395,0.010,0.5213,0.9510,0.1731,52,0.080,30.66,20.24,20.21,30.72,0.0158,-1.0000,9.93,0.00,50.10,LIMIT,PolygonLimit,1.00,EXECUTING,172,9.378,-0.0190,-0.0100,6.4598,1.4249,-0.4706,0.020
219.609,213.818,0.993,RETURN_HOME,diverged1,7.4951,-2.0345,-1.2906,0.123247,0.119808,0.232842,0.080,147,8.9059,5.1849,-1.8002,-0.420,0.78402,7.3517,0.2683,0.4560,0.0134,-0.7859,0.010,0.5008,0.9578,0.1731,52,0.080,30.59,20.12,20.17,30.59,0.0000,-1.0000,10.02,1.00,50.10,LIMIT,PolygonLimit,1.00,EXECUTING,172,9.378,-0.0190,-0.0100,6.4635,1.4284,-0.5324,0.020
219.709,213.918,0.998,RETURN_HOME,diverged1,7.4951,-2.0345,-1.2906,0.123247,0.119808,0.232842,0.180,147,8.9059,5.1849,-1.8002,-0.420,0.00000,7.3516,0.2683,0.3739,-0.0005,-0.9203,0.010,0.4815,0.9161,0.1538,52,0.080,30.85,20.16,20.34,30.79,0.0000,-1.0000,9.96,1.00,50.00,LIMIT,PolygonLimit,1.00,EXECUTING,172,9.378,-0.0190,-0.0100,6.4649,1.4321,-0.5959,0.020
219.809,214.018,0.996,RETURN_HOME,diverged1,7.4951,-2.0345,-1.2906,0.123247,0.119808,0.232842,0.280,147,8.9059,5.1849,-1.8002,-0.420,0.00000,7.3514,0.2682,0.2896,-0.0027,-0.8851,0.010,0.4591,0.9436,0.1887,53,0.080,30.79,20.08,20.34,30.79,0.0947,-1.0000,10.00,1.00,50.00,LIMIT,PolygonLimit,1.00,EXECUTING,172,9.378,-0.0190,-0.0100,6.4652,1.4357,-0.6615,0.020
219.909,214.118,0.996,RETURN_HOME,diverged1,7.4740,-2.0130,-1.6336,0.124464,0.148560,0.223075,0.080,148,9.6200,5.0242,-1.9033,-0.420,0.73198,7.3542,0.2689,0.2208,0.0294,-0.7048,0.010,0.4446,0.9487,0.1887,53,0.080,30.85,20.04,20.26,30.79,0.2684,-1.0000,9.98,3.29,50.10,LIMIT,PolygonLimit,1.00,EXECUTING,172,9.378,-0.0190,-0.0100,6.4670,1.4376,-0.7089,0.020
220.008,214.216,0.998,RETURN_HOME,diverged1,7.4740,-2.0130,-1.6336,0.124464,0.148560,0.223075,0.178,148,9.6200,5.0242,-1.9033,-0.422,0.00000,7.3627,0.2705,0.1673,0.0875,-0.5395,0.008,0.4107,0.9354,0.2407,54,0.078,30.66,20.00,20.26,30.66,0.2368,-1.0000,9.96,3.29,49.90,DO_NOTHING,--,2.20,EXECUTING,172,9.378,-0.0190,-0.0100,6.4699,1.4373,-0.7299,0.018
220.109,214.316,0.998,RETURN_HOME,diverged1,7.4740,-2.0130,-1.6336,0.124464,0.148560,0.223075,0.278,148,9.6200,5.0242,-1.9033,-0.422,0.00000,7.3781,0.2727,0.1168,0.1553,-0.5046,0.008,0.3706,0.8750,0.2857,56,0.078,30.67,20.04,20.45,30.67,0.2211,-1.0000,10.04,3.29,50.00,DO_NOTHING,--,2.20,EXECUTING,172,9.378,-0.0190,-0.0100,6.4754,1.4326,-0.7307,0.018
220.209,214.416,1.000,RETURN_HOME,diverged1,7.4740,-2.0130,-1.6336,0.124464,0.148560,0.223075,0.378,148,9.6200,5.0242,-1.9033,-0.422,0.00000,7.3923,0.2740,0.0655,0.1438,-0.5167,0.008,0.3535,0.8250,0.3036,56,0.078,30.74,20.00,20.49,31.70,0.1895,-1.0000,10.00,3.29,50.00,DO_NOTHING,--,2.20,EXECUTING,172,9.378,-0.0190,-0.0100,6.4806,1.4283,-0.7332,0.018
220.309,214.508,0.989,RETURN_HOME,diverged1,7.4565,-2.0367,-1.9332,0.109071,0.122205,0.172351,0.070,149,10.1706,4.8485,-1.9833,-0.430,0.57788,7.4051,0.2745,0.0153,0.1411,-0.5589,0.000,0.2982,0.7346,0.3448,58,0.070,30.85,20.16,20.34,31.91,0.2526,-1.0000,10.04,2.87,50.10,LIMIT,PolygonLimit,2.52,EXECUTING,172,9.431,-0.0190,-0.0100,6.4840,1.4254,-0.7345,0.010
220.409,214.608,0.988,RETURN_HOME,diverged1,7.4565,-2.0367,-1.9332,0.109071,0.122205,0.172351,0.170,149,10.1706,4.8485,-1.9833,-0.430,0.00000,7.4220,0.2744,-0.0350,0.1719,-0.5112,0.000,0.2662,0.6593,0.3051,59,0.070,30.79,20.12,20.21,31.91,0.1263,-0.5000,10.02,2.87,50.00,LIMIT,PolygonLimit,4.44,EXECUTING,172,9.431,-0.0190,-0.0100,6.4914,1.4189,-0.7360,0.010
220.509,214.708,0.988,RETURN_HOME,diverged1,7.4565,-2.0367,-1.9332,0.109071,0.122205,0.172351,0.270,149,10.1706,4.8485,-1.9833,-0.430,0.00000,7.4305,0.2739,-0.0901,0.0850,-0.5507,0.000,0.2491,0.6037,0.3220,59,0.070,30.79,20.16,20.21,31.91,0.0760,-0.5000,10.02,2.87,50.00,LIMIT,PolygonLimit,9.16,EXECUTING,172,9.431,-0.0190,-0.0100,6.4954,1.4176,-0.7544,0.010
220.609,214.808,0.990,RETURN_HOME,diverged1,7.4565,-2.0367,-1.9332,0.109071,0.122205,0.172351,0.370,149,10.1706,4.8485,-1.9833,-0.430,0.00000,7.4336,0.2736,-0.1250,0.0434,-0.4671,0.022,0.2399,0.6000,0.3000,60,0.070,30.79,20.20,20.21,31.91,0.0760,-0.6800,10.02,2.54,50.10,DO_NOTHING,--,10.24,EXECUTING,172,9.431,-0.0190,-0.0100,6.4958,1.4190,-0.7676,0.010
220.709,214.904,0.986,RETURN_HOME,diverged1,7.4565,-2.0367,-1.9332,0.109071,0.122205,0.172351,0.466,149,10.1706,4.8485,-1.9833,-0.434,0.00000,7.4373,0.2730,-0.1620,0.0371,-0.3664,0.016,0.2242,0.5500,0.4000,60,0.066,31.12,20.24,20.70,32.19,0.2842,-0.4359,10.07,2.54,50.00,DO_NOTHING,--,10.24,EXECUTING,172,9.431,-0.0190,-0.0100,6.4957,1.4196,-0.7715,0.006
220.809,215.004,0.984,RETURN_HOME,diverged1,7.4152,-2.0947,-2.2126,0.094265,0.105065,0.137720,0.066,150,10.5182,4.6775,-2.0369,-0.434,0.38741,7.4525,0.2703,-0.1875,0.1728,-0.2845,0.016,0.2032,0.5000,0.4833,60,0.066,31.18,20.24,20.70,32.26,0.3000,-0.3846,10.00,2.24,50.00,DO_NOTHING,--,10.24,EXECUTING,172,9.431,-0.0190,-0.0100,6.5050,1.4105,-0.7715,0.006
220.909,215.106,0.989,RETURN_HOME,diverged1,7.4152,-2.0947,-2.2126,0.094265,0.105065,0.137720,0.168,150,10.5182,4.6775,-2.0369,-0.432,0.00000,7.4785,0.2651,-0.2069,0.2975,-0.2155,0.018,0.1979,0.5000,0.5167,60,0.068,30.92,20.20,20.39,31.91,0.3000,-0.3846,9.89,2.00,50.00,DO_NOTHING,--,10.24,EXECUTING,172,9.431,-0.0190,-0.0100,6.5221,1.3938,-0.7730,0.008
221.009,215.206,0.988,RETURN_HOME,diverged1,7.4152,-2.0947,-2.2126,0.094265,0.105065,0.137720,0.268,150,10.5182,4.6775,-2.0369,-0.432,0.00000,7.5065,0.2589,-0.2329,0.3344,-0.3099,0.024,0.1890,0.5000,0.5333,60,0.068,30.98,20.24,20.30,32.05,0.3000,-0.3846,10.02,2.00,50.31,DO_NOTHING,--,20.33,EXECUTING,172,9.431,-0.0190,-0.0100,6.5420,1.3752,-0.7866,0.008
221.109,215.304,0.986,RETURN_HOME,diverged1,7.4152,-2.0947,-2.2126,0.094265,0.105065,0.137720,0.366,150,10.5182,4.6775,-2.0369,-0.434,0.00000,7.5355,0.2514,-0.2706,0.2885,-0.3648,0.016,0.1917,0.4550,0.5000,60,0.066,30.40,20.28,20.26,31.45,0.3000,-0.3846,9.91,2.00,49.90,DO_NOTHING,--,20.33,EXECUTING,172,9.431,-0.0190,-0.0100,6.5629,1.3535,-0.8161,0.006
221.209,215.402,0.986,RETURN_HOME,diverged1,7.4152,-2.0947,-2.2126,0.094265,0.105065,0.137720,0.464,150,10.5182,4.6775,-2.0369,-0.436,0.00000,7.5643,0.2428,-0.3083,0.3287,-0.4124,0.016,0.1753,0.4500,0.5333,60,0.064,30.40,20.28,20.04,30.46,0.3000,-0.3333,9.93,2.00,50.10,DO_NOTHING,--,20.33,EXECUTING,172,9.431,-0.0190,-0.0100,6.5831,1.3310,-0.8441,0.004
221.313,215.496,0.983,RETURN_HOME,diverged1,7.4152,-2.0947,-2.2126,0.094265,0.105065,0.137720,0.558,150,10.5182,4.6775,-2.0369,-0.442,0.00000,7.5919,0.2335,-0.3394,0.2867,-0.3055,0.008,0.1552,0.4050,0.5833,60,0.058,30.79,20.24,20.26,30.79,0.2684,-0.2308,10.02,1.00,50.00,DO_NOTHING,--,20.00,EXECUTING,168,8.633,-0.0190,-0.0100,6.5986,1.3131,-0.8630,0.018
221.408,215.594,0.987,RETURN_HOME,diverged1,7.4152,-2.0947,-2.2126,0.094265,0.105065,0.137720,0.656,150,10.5182,4.6775,-2.0369,-0.444,0.00000,7.6172,0.2243,-0.3631,0.3201,-0.2809,0.012,0.1515,0.4050,0.5833,60,0.056,30.79,20.33,20.13,30.79,0.2684,-0.2308,9.98,1.00,50.00,DO_NOTHING,--,20.41,EXECUTING,168,8.633,-0.0190,-0.0100,6.6155,1.2932,-0.8851,0.016
221.508,215.686,0.979,RETURN_HOME,diverged1,7.2659,-2.2617,-2.4457,0.107095,0.072750,0.113732,0.048,151,10.7216,4.5442,-2.0694,-0.452,0.24323,7.6368,0.2166,-0.3845,0.2963,-0.2879,0.018,0.1543,0.4500,0.6000,60,0.048,30.98,20.45,20.21,30.98,0.2684,-0.2308,10.02,1.43,49.90,DO_NOTHING,--,1.00,EXECUTING,168,8.633,-0.0190,-0.0100,6.6330,1.2796,-0.9471,0.008
221.609,215.778,0.970,RETURN_HOME,diverged1,7.2659,-2.2617,-2.4457,0.107095,0.072750,0.113732,0.140,151,10.7216,4.5442,-2.0694,-0.460,0.00000,7.6613,0.2063,-0.4123,0.2679,-0.2806,0.010,0.1872,0.4550,0.5500,60,0.040,31.25,20.58,20.56,31.25,0.2842,-1.0000,9.89,1.43,49.90,DO_NOTHING,--,0.00,EXECUTING,168,8.633,-0.0190,-0.0100,6.6465,1.2673,-0.9943,0.020
221.709,215.878,0.971,RETURN_HOME,diverged1,7.2659,-2.2617,-2.4457,0.107095,0.072750,0.113732,0.240,151,10.7216,4.5442,-2.0694,-0.460,0.00000,7.6873,0.1943,-0.4530,0.2983,-0.4237,0.012,0.1812,0.5000,0.5424,59,0.040,31.32,20.58,20.47,31.39,0.3000,-1.0000,10.04,1.43,50.00,DO_NOTHING,--,0.00,EXECUTING,168,8.633,-0.0190,-0.0100,6.6643,1.2470,-1.0484,0.020
221.809,215.972,0.968,RETURN_HOME,diverged1,7.2659,-2.2617,-2.4457,0.107095,0.072750,0.113732,0.334,151,10.7216,4.5442,-2.0694,-0.466,0.00000,7.7117,0.1818,-0.4918,0.2737,-0.3874,0.004,0.1780,0.4600,0.5932,59,0.034,31.25,20.58,20.56,31.18,0.3000,-1.0000,10.16,1.00,49.90,DO_NOTHING,--,0.00,EXECUTING,168,8.633,-0.0190,-0.0100,6.6769,1.2235,-1.0621,0.014
221.908,216.070,0.964,RETURN_HOME,diverged1,7.2659,-2.2617,-2.4457,0.107095,0.072750,0.113732,0.432,151,10.7216,4.5442,-2.0694,-0.468,0.00000,7.7340,0.1692,-0.5373,0.2589,-0.4594,0.002,0.1506,0.4500,0.5932,59,0.032,31.32,20.75,20.61,31.32,0.2842,-1.0000,10.00,1.00,49.90,DO_NOTHING,--,0.00,EXECUTING,168,8.633,-0.0190,-0.0100,6.6876,1.2023,-1.0717,0.012
222.008,216.170,0.965,RETURN_HOME,diverged1,7.2659,-2.2617,-2.4457,0.107095,0.072750,0.113732,0.532,151,10.7216,4.5442,-2.0694,-0.468,0.00000,7.7539,0.1566,-0.5911,0.2357,-0.5381,0.002,0.1191,0.3500,0.7288,59,0.032,31.06,20.70,20.66,30.99,0.2842,-0.8708,10.11,1.00,49.80,DO_NOTHING,--,0.00,EXECUTING,168,8.633,-0.0190,-0.0100,6.6966,1.1835,-1.0827,0.012
222.109,216.266,0.962,RETURN_HOME,diverged1,7.1135,-2.3577,-2.7180,0.112144,0.066274,0.101427,0.028,152,10.8296,4.4657,-2.0884,-0.472,0.13344,7.7689,0.1461,-0.6312,0.3237,-0.7091,0.026,0.1191,0.3500,0.7458,59,0.028,30.99,20.79,20.74,30.99,0.2842,-0.8708,10.04,1.66,50.00,DO_NOTHING,--,0.00,EXECUTING,168,8.633,-0.0190,-0.0100,6.7047,1.1667,-1.0895,0.008
222.209,216.366,0.970,RETURN_HOME,diverged1,7.1135,-2.3577,-2.7180,0.112144,0.066274,0.101427,0.128,152,10.8296,4.4657,-2.0884,-0.472,0.00000,7.7865,0.1326,-0.6783,0.2139,-0.4532,0.018,0.1208,0.3230,0.7458,59,0.028,30.99,20.75,20.83,30.99,0.2842,-0.8708,10.00,1.66,50.00,DO_NOTHING,--,0.00,EXECUTING,168,8.633,-0.0190,-0.0100,6.7121,1.1516,-1.0947,0.008
222.309,216.462,0.970,RETURN_HOME,diverged1,7.1135,-2.3577,-2.7180,0.112144,0.066274,0.101427,0.224,152,10.8296,4.4657,-2.0884,-0.476,0.00000,7.8047,0.1171,-0.7352,0.2387,-0.5687,0.014,0.1248,0.3500,0.7069,58,0.024,31.52,20.70,20.65,31.45,0.2842,-0.8708,9.98,1.66,50.00,DO_NOTHING,--,0.00,EXECUTING,168,8.633,-0.0190,-0.0100,6.7184,1.1288,-1.1486,0.004
222.409,216.562,0.973,RETURN_HOME,diverged1,7.1135,-2.3577,-2.7180,0.112144,0.066274,0.101427,0.324,152,10.8296,4.4657,-2.0884,-0.476,0.00000,7.8250,0.0972,-0.8191,0.2844,-0.8388,0.014,0.1298,0.4000,0.7241,58,0.024,31.80,20.66,20.97,31.80,0.3000,-0.2308,9.91,1.66,50.00,DO_NOTHING,--,0.00,EXECUTING,164,8.432,-0.0190,-0.0100,6.7253,1.1023,-1.2197,0.004
222.509,216.660,0.980,RETURN_HOME,diverged1,6.9909,-2.3989,-2.9943,0.113935,0.043965,0.074887,0.022,153,10.9737,4.3576,-2.1133,-0.478,0.18019,7.8445,0.0748,-0.8876,0.3097,-0.7176,0.012,0.1219,0.3700,0.7193,57,0.022,31.18,20.53,20.52,31.12,0.2842,-0.1795,10.09,2.50,50.10,DO_NOTHING,--,0.00,EXECUTING,164,8.432,-0.0190,-0.0100,6.7312,1.0743,-1.2783,0.002
222.609,216.760,0.982,RETURN_HOME,diverged1,6.9909,-2.3989,-2.9943,0.113935,0.043965,0.074887,0.122,153,10.9737,4.3576,-2.1133,-0.478,0.00000,7.8618,0.0523,-0.9415,0.3852,-0.7342,0.012,0.1224,0.3455,0.7193,57,0.022,31.45,20.41,20.70,31.39,0.2842,-0.1795,9.96,2.50,49.90,DO_NOTHING,--,0.00,EXECUTING,164,8.432,-0.0190,-0.0100,6.7355,1.0469,-1.3256,0.002
222.709,216.860,0.982,RETURN_HOME,diverged1,6.9909,-2.3989,-2.9943,0.113935,0.043965,0.074887,0.222,153,10.9737,4.3576,-2.1133,-0.478,0.00000,7.8780,0.0290,-0.9797,0.2926,-0.3968,0.012,0.1283,0.4533,0.7018,57,0.022,31.32,20.28,20.61,31.25,0.2842,-0.0256,10.02,2.50,50.00,DO_NOTHING,--,0.00,EXECUTING,164,8.432,-0.0190,-0.0100,6.7395,1.0192,-1.3597,0.002
222.809,216.960,0.988,RETURN_HOME,diverged1,6.9909,-2.3989,-2.9943,0.113935,0.043965,0.074887,0.322,153,10.9737,4.3576,-2.1133,-0.478,0.00000,7.8938,0.0050,-1.0002,0.2871,-0.2049,0.012,0.1329,0.4856,0.7193,57,0.022,31.18,20.33,20.56,31.18,0.3000,-0.0769,10.00,2.50,50.10,DO_NOTHING,--,0.00,EXECUTING,164,8.432,-0.0190,-0.0100,6.7439,0.9909,-1.3778,0.002
222.909,217.058,0.987,RETURN_HOME,diverged1,6.9909,-2.3989,-2.9943,0.113935,0.043965,0.074887,0.420,153,10.9737,4.3576,-2.1133,-0.480,0.00000,7.9097,-0.0200,-1.0082,0.3017,-0.0816,0.010,0.1291,0.4154,0.7193,57,0.020,30.66,20.24,20.26,30.66,0.2842,-0.0769,10.04,2.50,50.10,DO_NOTHING,--,0.00,EXECUTING,164,8.432,-0.0190,-0.0100,6.7480,0.9675,-1.3834,0.020
223.009,217.158,0.991,RETURN_HOME,diverged1,6.9909,-2.3989,-2.9943,0.113935,0.043965,0.074887,0.520,153,10.9737,4.3576,-2.1133,-0.480,0.00000,7.9249,-0.0444,-1.0150,0.2965,-0.0708,0.010,0.1372,0.4123,0.7069,58,0.020,30.79,20.24,20.26,30.66,0.3000,-0.0256,10.00,2.50,49.90,DO_NOTHING,--,0.00,EXECUTING,164,8.432,-0.0190,-0.0100,6.7527,0.9394,-1.3903,0.020
223.109,217.256,0.990,RETURN_HOME,diverged1,6.9909,-2.3989,-2.9943,0.113935,0.043965,0.074887,0.618,153,10.9737,4.3576,-2.1133,-0.482,0.00000,7.9406,-0.0696,-1.0175,0.2993,-0.0259,0.008,0.1368,0.4059,0.7069,58,0.018,30.66,20.16,20.21,30.66,0.2842,-0.0256,9.96,2.50,49.90,DO_NOTHING,--,0.00,EXECUTING,164,8.432,-0.0190,-0.0100,6.7578,0.9100,-1.3927,0.018
223.208,217.356,0.991,RETURN_HOME,diverged1,6.9909,-2.3989,-2.9943,0.113935,0.043965,0.074887,0.718,153,10.9737,4.3576,-2.1133,-0.482,0.00000,7.9556,-0.0940,-1.0206,0.3186,-0.0330,0.008,0.1381,0.4236,0.7069,58,0.018,30.61,20.20,20.45,30.55,0.3000,-0.0769,10.00,1.00,50.00,DO_NOTHING,--,0.00,EXECUTING,164,8.432,-0.0190,-0.0100,6.7626,0.8819,-1.3951,0.018
223.310,217.452,0.988,RETURN_HOME,diverged1,6.9909,-2.3989,-2.9943,0.113935,0.043965,0.074887,0.814,153,10.9737,4.3576,-2.1133,-0.386,0.00000,7.9711,-0.1195,-1.0280,0.2980,-0.0744,0.004,0.1441,0.4533,0.7069,58,0.114,30.92,20.20,20.26,30.92,0.3000,-0.0769,10.08,1.00,50.00,DO_NOTHING,--,0.00,EXECUTING,164,8.432,-0.0190,-0.0100,6.7672,0.8525,-1.4019,0.014
223.408,217.550,0.988,RETURN_HOME,diverged1,6.9909,-2.3989,-2.9943,0.113935,0.043965,0.074887,0.912,153,10.9737,4.3576,-2.1133,-0.388,0.00000,7.9865,-0.1452,-1.0357,0.3337,-0.0856,0.002,0.1443,0.4895,0.6949,59,0.012,30.98,20.24,20.26,30.92,0.3000,-0.0769,10.06,1.00,50.00,DO_NOTHING,--,0.00,EXECUTING,157,8.086,-0.0190,-0.0100,6.7716,0.8229,-1.4093,0.012
223.510,217.648,0.986,RETURN_HOME,diverged1,6.9909,-2.3989,-2.9943,0.113935,0.043965,0.074887,1.010,153,10.9737,4.3576,-2.1133,-0.390,0.00000,8.0017,-0.1711,-1.0434,0.3025,-0.0776,0.000,0.1475,0.5276,0.6949,59,0.010,30.92,20.24,20.21,30.92,0.3000,-0.0769,10.02,1.00,50.00,DO_NOTHING,--,0.00,EXECUTING,157,8.086,-0.0190,-0.0100,6.7757,0.7933,-1.4168,0.010
223.609,217.746,0.986,RETURN_HOME,diverged1,6.9909,-2.3989,-2.9943,0.113935,0.043965,0.074887,1.108,153,10.9737,4.3576,-2.1133,-0.392,0.00000,8.0137,-0.1919,-1.0495,0.2950,-0.0756,0.018,0.1473,0.5064,0.6780,59,0.008,30.92,20.24,20.26,30.92,0.3000,-0.0769,10.04,0.00,50.10,DO_NOTHING,--,0.00,EXECUTING,157,8.086,-0.0190,-0.0100,6.7796,0.7636,-1.4242,0.008
223.709,217.844,0.982,RETURN_HOME,diverged1,6.7077,-2.4218,-3.1353,0.123088,0.047175,0.083597,0.106,154,10.8192,4.4613,-2.0850,-0.394,0.18603,8.0285,-0.2180,-1.0572,0.3200,-0.0821,0.020,0.1520,0.5118,0.6610,59,0.106,31.32,20.37,20.61,31.32,0.3000,-0.0769,10.00,1.00,50.20,DO_NOTHING,--,0.00,EXECUTING,157,8.086,-0.0190,-0.0100,6.7832,0.7340,-1.4317,0.006
223.809,217.942,0.982,RETURN_HOME,diverged1,6.7077,-2.4218,-3.1353,0.123088,0.047175,0.083597,0.204,154,10.8192,4.4613,-2.0850,-0.396,0.00000,8.0432,-0.2441,-1.0637,0.2914,-0.0630,0.014,0.1556,0.5059,0.6500,60,0.104,31.32,20.33,20.56,31.32,0.3000,0.0000,9.98,1.00,50.00,DO_NOTHING,--,0.00,EXECUTING,157,8.086,-0.0190,-0.0100,6.7868,0.7042,-1.4374,0.004
223.909,218.040,0.982,RETURN_HOME,diverged1,6.7077,-2.4218,-3.1353,0.123088,0.047175,0.083597,0.302,154,10.8192,4.4613,-2.0850,-0.398,0.00000,8.0577,-0.2704,-1.0643,0.3189,-0.0057,0.014,0.1521,0.5059,0.6667,60,0.102,31.18,20.33,20.61,31.18,0.3000,-0.0256,10.02,1.00,50.00,DO_NOTHING,--,0.00,EXECUTING,157,8.086,-0.0190,-0.0100,6.7908,0.6745,-1.4381,0.002
224.008,218.140,0.982,RETURN_HOME,diverged1,6.7077,-2.4218,-3.1353,0.123088,0.047175,0.083597,0.402,154,10.8192,4.4613,-2.0850,-0.398,0.00000,8.0721,-0.2963,-1.0668,0.2989,-0.0259,0.014,0.1531,0.5000,0.6667,60,0.102,31.18,20.37,20.52,31.12,0.2842,-0.0256,9.98,1.00,50.10,DO_NOTHING,--,0.00,EXECUTING,157,8.086,-0.0190,-0.0100,6.7944,0.6452,-1.4406,0.002
224.109,218.236,0.980,RETURN_HOME,diverged1,6.7077,-2.4218,-3.1353,0.123088,0.047175,0.083597,0.498,154,10.8192,4.4613,-2.0850,-0.402,0.00000,8.0860,-0.3215,-1.0685,0.3383,-0.0137,0.014,0.1399,0.4122,0.7000,60,0.098,30.92,20.45,20.43,30.98,0.3000,0.0256,10.11,1.00,50.10,DO_NOTHING,--,0.00,EXECUTING,157,8.086,-0.0190,-0.0100,6.7972,0.6225,-1.4423,0.018
224.209,218.338,0.985,RETURN_HOME,diverged1,6.7077,-2.4218,-3.1353,0.123088,0.047175,0.083597,0.600,154,10.8192,4.4613,-2.0850,-0.400,0.00000,8.1004,-0.3478,-1.0665,0.3102,0.0207,0.012,0.1385,0.3937,0.7167,60,0.100,30.59,20.41,20.13,30.66,0.3000,0.0000,9.93,1.00,50.00,DO_NOTHING,--,0.00,EXECUTING,157,8.086,-0.0190,-0.0100,6.8013,0.5928,-1.4400,0.020
224.309,218.436,0.985,RETURN_HOME,diverged1,6.7077,-2.4218,-3.1353,0.123088,0.047175,0.083597,0.698,154,10.8192,4.4613,-2.0850,-0.402,0.00000,8.1149,-0.3740,-1.0670,0.3400,-0.0089,0.014,0.1355,0.3937,0.7167,60,0.098,30.85,20.33,20.34,30.85,0.3000,-0.0256,9.98,1.00,50.31,DO_NOTHING,--,0.00,EXECUTING,157,8.086,-0.0190,-0.0100,6.8052,0.5630,-1.4402,0.018
224.409,218.536,0.988,RETURN_HOME,diverged1,6.7077,-2.4218,-3.1353,0.123088,0.047175,0.083597,0.798,154,10.8192,4.4613,-2.0850,-0.402,0.00000,8.1292,-0.4001,-1.0695,0.3170,-0.0274,0.008,0.1366,0.4355,0.7333,60,0.098,30.79,20.24,20.30,30.79,0.2842,-0.0256,10.00,1.00,50.00,DO_NOTHING,--,0.00,EXECUTING,151,7.801,-0.0190,-0.0100,6.8089,0.5334,-1.4427,0.018
224.509,218.636,0.989,RETURN_HOME,diverged1,6.7077,-2.4218,-3.1353,0.123088,0.047175,0.083597,0.898,154,10.8192,4.4613,-2.0850,-0.402,0.00000,8.1430,-0.4253,-1.0710,0.4332,-0.0157,0.014,0.1468,0.5061,0.7167,60,0.098,30.79,20.20,20.26,30.79,0.3000,0.1795,9.85,1.00,50.31,DO_NOTHING,--,0.00,EXECUTING,151,7.801,-0.0190,-0.0100,6.8123,0.5051,-1.4449,0.018
224.609,218.738,0.993,RETURN_HOME,diverged1,6.7077,-2.4218,-3.1353,0.123088,0.047175,0.083597,1.000,154,10.8192,4.4613,-2.0850,-0.400,0.00000,8.1575,-0.4515,-1.0580,0.2886,0.1269,0.010,0.1478,0.4772,0.7167,60,0.100,30.72,20.24,20.21,30.79,0.3000,0.1282,9.98,1.00,50.00,DO_NOTHING,--,0.00,EXECUTING,151,7.801,-0.0190,-0.0100,6.8171,0.4754,-1.4331,0.020
224.708,218.830,0.987,RETURN_HOME,diverged1,6.4400,-2.4383,-3.1393,0.122842,0.054640,0.103373,0.092,155,10.8316,4.4529,-2.0826,-0.408,0.01493,8.1724,-0.4775,-1.0457,0.3162,0.1286,0.002,0.1424,0.4525,0.7167,60,0.092,30.98,20.28,20.30,30.98,0.3000,0.1282,10.00,1.00,50.00,DO_NOTHING,--,0.00,EXECUTING,151,7.801,-0.0190,-0.0100,6.8224,0.4457,-1.4211,0.012
224.809,218.930,0.988,RETURN_HOME,diverged1,6.4400,-2.4383,-3.1393,0.122842,0.054640,0.103373,0.192,155,10.8316,4.4529,-2.0826,-0.408,0.00000,8.1876,-0.5034,-1.0332,0.3025,0.1264,0.002,0.1459,0.4597,0.7000,60,0.092,30.72,20.28,20.13,30.66,0.3000,0.1282,10.00,1.00,50.00,DO_NOTHING,--,0.00,EXECUTING,151,7.801,-0.0190,-0.0100,6.8280,0.4161,-1.4090,0.012
224.909,219.026,0.984,RETURN_HOME,diverged1,6.4400,-2.4383,-3.1393,0.122842,0.054640,0.103373,0.288,155,10.8316,4.4529,-2.0826,-0.412,0.00000,8.1998,-0.5237,-1.0242,0.2993,0.1171,0.018,0.1554,0.5397,0.7000,60,0.088,31.25,20.33,20.79,31.18,0.2842,-0.0256,10.02,1.00,50.00,DO_NOTHING,--,0.00,EXECUTING,151,7.801,-0.0190,-0.0100,6.8337,0.3869,-1.3989,0.008
225.009,219.126,0.989,RETURN_HOME,diverged1,6.4400,-2.4383,-3.1393,0.122842,0.054640,0.103373,0.388,155,10.8316,4.4529,-2.0826,-0.412,0.00000,8.2148,-0.5482,-1.0253,0.3192,-0.0103,0.018,0.1545,0.5397,0.6667,60,0.088,31.25,20.28,20.70,31.18,0.3000,0.0256,9.93,1.00,50.00,DO_NOTHING,--,0.00,EXECUTING,151,7.801,-0.0190,-0.0100,6.8385,0.3585,-1.3999,0.008
225.109,219.216,0.980,RETURN_HOME,diverged1,6.4400,-2.4383,-3.1393,0.122842,0.054640,0.103373,0.478,155,10.8316,4.4529,-2.0826,-0.422,0.00000,8.2303,-0.5739,-1.0236,0.3225,0.0164,0.012,0.1529,0.5397,0.7000,60,0.078,31.32,20.37,20.61,31.32,0.3000,-0.0256,10.09,1.00,50.20,DO_NOTHING,--,0.00,EXECUTING,151,7.801,-0.0190,-0.0100,6.8428,0.3348,-1.3983,0.018
225.209,219.318,0.980,RETURN_HOME,diverged1,6.4400,-2.4383,-3.1393,0.122842,0.054640,0.103373,0.580,155,10.8316,4.4529,-2.0826,-0.420,0.00000,8.2459,-0.5995,-1.0262,0.3029,-0.0259,0.010,0.1530,0.5397,0.7000,60,0.080,31.39,20.41,20.56,31.39,0.3000,-0.0256,10.16,1.00,50.00,DO_NOTHING,--,0.00,EXECUTING,151,7.801,-0.0190,-0.0100,6.8477,0.3053,-1.4007,0.020
225.308,219.410,0.974,RETURN_HOME,diverged1,6.4400,-2.4383,-3.1393,0.122842,0.054640,0.103373,0.672,155,10.8316,4.4529,-2.0826,-0.428,0.00000,8.2614,-0.6252,-1.0296,0.3000,-0.0346,0.002,0.1520,0.5248,0.7000,60,0.072,31.38,20.41,20.88,31.38,0.3000,-0.0769,10.02,1.00,49.70,DO_NOTHING,--,0.00,EXECUTING,151,7.801,-0.0190,-0.0100,6.8525,0.2757,-1.4035,0.012
225.409,219.512,0.973,RETURN_HOME,diverged1,6.4400,-2.4383,-3.1393,0.122842,0.054640,0.103373,0.774,155,10.8316,4.4529,-2.0826,-0.426,0.00000,8.2768,-0.6509,-1.0373,0.3025,-0.0776,0.004,0.1551,0.5139,0.6833,60,0.074,31.32,20.53,20.52,31.32,0.3000,-0.0769,10.09,1.00,50.00,DO_NOTHING,--,0.00,EXECUTING,151,7.801,-0.0190,-0.0100,6.8568,0.2461,-1.4109,0.014
225.509,219.612,0.972,RETURN_HOME,diverged1,6.4400,-2.4383,-3.1393,0.122842,0.054640,0.103373,0.874,155,10.8316,4.4529,-2.0826,-0.426,0.00000,8.2919,-0.6768,-1.0447,0.3500,-0.0870,0.010,0.1539,0.4527,0.6833,60,0.074,31.39,20.62,20.61,31.39,0.3000,-0.0769,9.98,1.00,49.60,DO_NOTHING,--,0.00,EXECUTING,146,7.551,-0.0190,-0.0100,6.8609,0.2165,-1.4180,0.014
225.608,219.712,0.975,RETURN_HOME,diverged1,6.4400,-2.4383,-3.1393,0.122842,0.054640,0.103373,0.974,155,10.8316,4.4529,-2.0826,-0.426,0.00000,8.3069,-0.7028,-1.0520,0.2962,-0.0718,0.006,0.1576,0.4932,0.6833,60,0.074,31.52,20.49,20.61,31.59,0.3000,-0.0769,10.00,1.00,50.00,DO_NOTHING,--,0.00,EXECUTING,146,7.551,-0.0190,-0.0100,6.8648,0.1868,-1.4251,0.014
225.709,219.806,0.974,RETURN_HOME,diverged1,6.1601,-2.4733,-3.1056,0.138085,0.069589,0.112242,0.068,156,10.6320,4.5684,-2.0513,-0.432,0.23066,8.3217,-0.7289,-1.0597,0.3050,-0.0782,0.000,0.1706,0.5172,0.6667,60,0.068,30.79,20.37,20.17,30.85,0.3000,-0.0769,9.98,1.00,50.10,DO_NOTHING,--,0.00,EXECUTING,146,7.551,-0.0190,-0.0100,6.8685,0.1571,-1.4326,0.008
225.808,219.912,0.982,RETURN_HOME,diverged1,6.1601,-2.4733,-3.1056,0.138085,0.069589,0.112242,0.174,156,10.6320,4.5684,-2.0513,-0.426,0.00000,8.3362,-0.7550,-1.0671,0.2930,-0.0730,0.004,0.1713,0.5331,0.6500,60,0.074,30.79,20.37,20.17,30.79,0.3000,-0.0769,10.00,1.00,50.00,DO_NOTHING,--,0.00,EXECUTING,146,7.551,-0.0190,-0.0100,6.8719,0.1275,-1.4397,0.014
225.909,220.010,0.982,RETURN_HOME,diverged1,6.1601,-2.4733,-3.1056,0.138085,0.069589,0.112242,0.272,156,10.6320,4.5684,-2.0513,-0.428,0.00000,8.3505,-0.7813,-1.0752,0.4249,-0.1143,0.010,0.1755,0.5556,0.6667,60,0.072,30.66,20.41,20.08,30.66,0.3000,-0.0769,10.00,1.00,50.00,DO_NOTHING,--,0.00,EXECUTING,146,7.551,-0.0190,-0.0100,6.8751,0.0978,-1.4477,0.012
226.008,220.110,0.984,RETURN_HOME,diverged1,6.1601,-2.4733,-3.1056,0.138085,0.069589,0.112242,0.372,156,10.6320,4.5684,-2.0513,-0.428,0.00000,8.3647,-0.8078,-1.0829,0.3933,-0.1009,0.002,0.1769,0.5716,0.6500,60,0.072,30.92,20.33,20.21,30.98,0.3000,-0.0769,9.93,1.00,49.90,DO_NOTHING,--,0.00,EXECUTING,146,7.551,-0.0190,-0.0100,6.8780,0.0680,-1.4553,0.012
226.109,220.208,0.989,RETURN_HOME,diverged1,6.1601,-2.4733,-3.1056,0.138085,0.069589,0.112242,0.470,156,10.6320,4.5684,-2.0513,-0.430,0.00000,8.3787,-0.8343,-1.0906,0.3114,-0.0799,0.000,0.1674,0.5222,0.7000,60,0.070,30.85,20.24,20.17,30.79,0.3000,-0.0769,9.98,1.00,50.00,DO_NOTHING,--,0.00,EXECUTING,146,7.551,-0.0190,-0.0100,6.8807,0.0382,-1.4629,0.010
226.209,220.310,0.992,RETURN_HOME,diverged1,6.1601,-2.4733,-3.1056,0.138085,0.069589,0.112242,0.572,156,10.6320,4.5684,-2.0513,-0.428,0.00000,8.3924,-0.8610,-1.0983,0.3125,-0.0801,0.004,0.1597,0.4749,0.7167,60,0.072,30.72,20.16,20.26,30.79,0.3000,-0.0769,9.98,1.00,50.10,DO_NOTHING,--,0.00,EXECUTING,146,7.551,-0.0190,-0.0100,6.8832,0.0083,-1.4706,0.012
226.309,220.410,0.998,RETURN_HOME,diverged1,6.1601,-2.4733,-3.1056,0.138085,0.069589,0.112242,0.672,156,10.6320,4.5684,-2.0513,-0.428,0.00000,8.4059,-0.8876,-1.1057,0.3069,-0.0759,0.002,0.1630,0.5189,0.7167,60,0.072,29.96,20.12,19.67,29.96,0.3000,-0.0769,10.11,1.00,50.00,DO_NOTHING,--,0.00,EXECUTING,146,7.551,-0.0190,-0.0100,6.8855,-0.0214,-1.4778,0.012
226.409,220.510,0.997,RETURN_HOME,diverged1,6.1601,-2.4733,-3.1056,0.138085,0.069589,0.112242,0.772,156,10.6320,4.5684,-2.0513,-0.428,0.00000,8.4168,-0.9095,-1.1077,0.2538,-0.0197,0.002,0.1640,0.5189,0.7333,60,0.072,30.21,20.04,19.79,30.21,0.0500,0.0000,10.00,1.00,50.00,DO_NOTHING,--,0.00,EXECUTING,146,7.551,-0.0190,-0.0100,6.8876,-0.0469,-1.4805,0.012
226.508,220.608,0.996,RETURN_HOME,diverged1,6.1601,-2.4733,-3.1056,0.138085,0.069589,0.112242,0.870,156,10.6320,4.5684,-2.0513,-0.430,0.00000,8.4219,-0.9195,-1.1082,0.1189,-0.0054,0.000,0.1631,0.5189,0.7333,60,0.070,29.35,18.99,20.04,29.41,0.3000,-0.0256,10.04,1.00,50.10,DO_NOTHING,--,0.00,EXECUTING,141,7.321,-0.0190,-0.0100,6.8886,-0.0589,-1.4807,0.010
226.608,220.710,0.998,RETURN_HOME,diverged1,6.1601,-2.4733,-3.1056,0.138085,0.069589,0.112242,0.972,156,10.6320,4.5684,-2.0513,-0.428,0.00000,8.4278,-0.9315,-1.1105,0.1339,-0.0227,0.002,0.1631,0.5189,0.7333,60,0.072,29.23,18.99,18.79,29.23,0.1250,-0.0256,9.98,1.00,50.00,DO_NOTHING,--,0.00,EXECUTING,141,7.321,-0.0190,-0.0100,6.8897,-0.0722,-1.4824,0.012
226.708,220.810,1.004,RETURN_HOME,diverged1,6.1601,-2.4733,-3.1056,0.138085,0.069589,0.112242,1.072,156,10.6320,4.5684,-2.0513,-0.428,0.00000,8.4334,-0.9427,-1.1131,0.1401,-0.0287,0.002,0.1673,0.5631,0.7000,60,0.072,29.17,19.03,18.79,29.17,0.1250,-0.0256,10.02,0.00,50.10,DO_NOTHING,--,0.00,EXECUTING,141,7.321,-0.0190,-0.0100,6.8906,-0.0847,-1.4850,0.012
226.809,220.910,1.000,RETURN_HOME,diverged1,6.1601,-2.4733,-3.1056,0.138085,0.069589,0.112242,1.172,156,10.6320,4.5684,-2.0513,-0.428,0.00000,8.4389,-0.9541,-1.1157,0.1276,-0.0267,0.002,0.1683,0.5631,0.7000,60,0.072,29.23,18.99,18.75,29.23,0.1250,-0.0256,10.00,0.00,50.00,DO_NOTHING,--,0.00,EXECUTING,141,7.321,-0.0190,-0.0100,6.8914,-0.0973,-1.4875,0.012
226.909,221.008,0.998,RETURN_HOME,diverged1,6.1601,-2.4733,-3.1056,0.138085,0.069589,0.112242,1.270,156,10.6320,4.5684,-2.0513,-0.430,0.00000,8.4434,-0.9632,-1.1178,0.1244,-0.0261,0.020,0.1690,0.5631,0.7000,60,0.070,29.17,18.99,18.75,29.17,0.1250,-0.0256,10.04,0.00,50.00,DO_NOTHING,--,0.00,EXECUTING,141,7.321,-0.0190,-0.0100,6.8922,-0.1099,-1.4899,0.010
227.009,221.106,0.998,RETURN_HOME,diverged1,5.8754,-2.4885,3.1305,0.145239,0.083668,0.124965,0.068,157,10.5130,4.6367,-2.0336,-0.432,0.13718,8.4488,-0.9745,-1.1204,0.1260,-0.0259,0.018,0.1697,0.5601,0.7000,60,0.068,29.23,18.99,18.75,29.17,0.1250,-0.0256,10.02,1.00,50.10,DO_NOTHING,--,0.00,EXECUTING,141,7.321,-0.0190,-0.0100,6.8930,-0.1223,-1.4925,0.008
227.109,221.208,1.001,RETURN_HOME,diverged1,5.8754,-2.4885,3.1305,0.145239,0.083668,0.124965,0.170,157,10.5130,4.6367,-2.0336,-0.430,0.00000,8.4543,-0.9857,-1.1230,0.1260,-0.0259,0.020,0.1696,0.5601,0.7000,60,0.070,29.17,19.03,18.79,29.11,0.1250,-0.0256,10.00,1.00,50.00,DO_NOTHING,--,0.00,EXECUTING,141,7.321,-0.0190,-0.0100,6.8937,-0.1348,-1.4951,0.010
227.208,221.306,0.996,RETURN_HOME,diverged1,5.8754,-2.4885,3.1305,0.145239,0.083668,0.124965,0.268,157,10.5130,4.6367,-2.0336,-0.432,0.00000,8.4597,-0.9971,-1.1256,0.1286,-0.0270,0.018,0.1729,0.5731,0.7000,60,0.068,29.47,19.07,19.23,29.41,0.3000,-0.1795,10.00,1.00,50.00,DO_NOTHING,--,0.00,EXECUTING,141,7.321,-0.0190,-0.0100,6.8945,-0.1477,-1.4978,0.008
227.309,221.398,0.987,RETURN_HOME,diverged1,5.8754,-2.4885,3.1305,0.145239,0.083668,0.124965,0.360,157,10.5130,4.6367,-2.0336,-0.440,0.00000,8.4693,-1.0176,-1.1376,0.2512,-0.1303,0.014,0.1755,0.5455,0.7167,60,0.060,29.54,19.23,19.15,29.47,0.2842,-0.1282,10.02,1.00,50.20,DO_NOTHING,--,0.00,EXECUTING,141,7.321,-0.0190,-0.0100,6.8950,-0.1654,-1.5056,0.020
227.409,221.492,0.982,RETURN_HOME,diverged1,5.8754,-2.4885,3.1305,0.145239,0.083668,0.124965,0.454,157,10.5130,4.6367,-2.0336,-0.446,0.00000,8.4811,-1.0435,-1.1503,0.2814,-0.1255,0.004,0.1679,0.5300,0.7333,60,0.054,29.66,19.35,19.07,29.72,0.2842,-0.1282,10.00,1.00,50.00,DO_NOTHING,--,0.00,EXECUTING,141,7.321,-0.0190,-0.0100,6.8956,-0.1939,-1.5187,0.014
227.509,221.588,0.975,RETURN_HOME,diverged1,5.8754,-2.4885,3.1305,0.145239,0.083668,0.124965,0.550,157,10.5130,4.6367,-2.0336,-0.450,0.00000,8.4926,-1.0695,-1.1629,0.2839,-0.1265,0.000,0.1720,0.5348,0.7167,60,0.050,30.79,20.37,20.17,30.85,0.2842,-0.1282,9.96,1.00,50.00,DO_NOTHING,--,0.00,EXECUTING,137,7.113,-0.0190,-0.0100,6.8957,-0.2223,-1.5320,0.010
227.609,221.692,0.979,RETURN_HOME,diverged1,5.8754,-2.4885,3.1305,0.145239,0.083668,0.124965,0.654,157,10.5130,4.6367,-2.0336,-0.446,0.00000,8.5037,-1.0957,-1.1756,0.3013,-0.1344,0.006,0.1748,0.4921,0.7000,60,0.054,30.92,20.41,20.26,30.92,0.2842,-0.1282,9.78,1.00,49.90,DO_NOTHING,--,0.00,EXECUTING,137,7.113,-0.0190,-0.0100,6.8954,-0.2508,-1.5453,0.014
227.709,221.790,0.978,RETURN_HOME,diverged1,5.8754,-2.4885,3.1305,0.145239,0.083668,0.124965,0.752,157,10.5130,4.6367,-2.0336,-0.448,0.00000,8.5145,-1.1220,-1.1887,0.2841,-0.1300,0.002,0.1751,0.5269,0.7000,60,0.052,30.92,20.45,20.26,30.79,0.2842,-0.1282,10.00,1.00,50.00,DO_NOTHING,--,0.00,EXECUTING,137,7.113,-0.0190,-0.0100,6.8947,-0.2792,-1.5591,0.012
227.809,221.890,0.980,RETURN_HOME,diverged1,5.8754,-2.4885,3.1305,0.145239,0.083668,0.124965,0.852,157,10.5130,4.6367,-2.0336,-0.448,0.00000,8.5249,-1.1484,-1.2015,0.2974,-0.1340,0.002,0.1781,0.5603,0.6833,60,0.052,30.98,20.41,20.30,30.98,0.2842,-0.1282,9.80,1.00,50.00,DO_NOTHING,--,0.00,EXECUTING,137,7.113,-0.0190,-0.0100,6.8937,-0.3076,-1.5727,0.012
227.909,221.992,0.984,RETURN_HOME,diverged1,5.8754,-2.4885,3.1305,0.145239,0.083668,0.124965,0.954,157,10.5130,4.6367,-2.0336,-0.446,0.00000,8.5350,-1.1750,-1.2143,0.3292,-0.1485,0.010,0.1838,0.6037,0.6833,60,0.054,30.72,20.41,20.17,30.79,0.2842,-0.1282,9.98,1.00,50.41,DO_NOTHING,--,0.00,EXECUTING,137,7.113,-0.0190,-0.0100,6.8922,-0.3360,-1.5863,0.014
228.008,222.082,0.976,RETURN_HOME,diverged1,5.8754,-2.4885,3.1305,0.145239,0.083668,0.124965,1.044,157,10.5130,4.6367,-2.0336,-0.456,0.00000,8.5429,-1.1965,-1.2244,0.3153,-0.1400,0.014,0.1870,0.5733,0.6667,60,0.044,30.66,20.53,20.08,30.66,0.2842,-0.1282,10.00,0.00,50.00,DO_NOTHING,--,0.00,EXECUTING,137,7.113,-0.0190,-0.0100,6.8904,-0.3646,-1.5993,0.004
228.109,222.178,0.969,RETURN_HOME,diverged1,5.8754,-2.4885,3.1305,0.145239,0.083668,0.124965,1.140,157,10.5130,4.6367,-2.0336,-0.460,0.00000,8.5524,-1.2235,-1.2377,0.2999,-0.1391,0.010,0.1838,0.5602,0.7000,60,0.040,31.12,20.49,20.56,30.93,0.3000,-0.1795,9.96,0.00,49.90,DO_NOTHING,--,0.00,EXECUTING,137,7.113,-0.0190,-0.0100,6.8887,-0.3874,-1.6099,0.020
228.209,222.276,0.976,RETURN_HOME,diverged1,5.6155,-2.4849,3.0238,0.145064,0.107109,0.142315,0.038,158,10.3741,4.7374,-2.0091,-0.462,0.17156,8.5619,-1.2516,-1.2547,0.2992,-0.1717,0.008,0.1873,0.6080,0.6833,60,0.038,31.32,20.58,20.52,31.32,0.2842,-0.1282,10.02,1.00,50.00,DO_NOTHING,--,0.00,EXECUTING,137,7.113,-0.0190,-0.0100,6.8857,-0.4172,-1.6278,0.018
228.309,222.376,0.978,RETURN_HOME,diverged1,5.6155,-2.4849,3.0238,0.145064,0.107109,0.142315,0.138,158,10.3741,4.7374,-2.0091,-0.462,0.00000,8.5706,-1.2789,-1.2682,0.3020,-0.1420,0.008,0.1953,0.6517,0.6500,60,0.038,31.45,20.41,20.65,31.45,0.3000,-0.2821,9.96,1.00,49.70,DO_NOTHING,--,0.00,EXECUTING,137,7.113,-0.0190,-0.0100,6.8828,-0.4456,-1.6408,0.018
228.409,222.468,0.978,RETURN_HOME,diverged1,5.6155,-2.4849,3.0238,0.145064,0.107109,0.142315,0.230,158,10.3741,4.7374,-2.0091,-0.470,0.00000,8.5775,-1.3019,-1.2902,0.3013,-0.2535,0.020,0.1955,0.6169,0.6500,60,0.030,30.85,20.49,20.34,30.92,0.2842,-0.2308,10.07,1.00,50.00,DO_NOTHING,--,0.00,EXECUTING,137,7.113,-0.0190,-0.0100,6.8783,-0.4753,-1.6670,0.010
228.509,222.566,0.978,RETURN_HOME,diverged1,5.6155,-2.4849,3.0238,0.145064,0.107109,0.142315,0.328,158,10.3741,4.7374,-2.0091,-0.472,0.00000,8.5851,-1.3294,-1.3130,0.2878,-0.2304,0.018,0.2041,0.7032,0.6667,60,0.028,31.12,20.49,20.88,31.12,0.3000,-0.1282,10.11,1.00,49.70,DO_NOTHING,--,0.00,EXECUTING,132,6.846,-0.0190,-0.0100,6.8733,-0.5038,-1.6888,0.008
228.608,222.664,0.973,RETURN_HOME,diverged1,5.6155,-2.4849,3.0238,0.145064,0.107109,0.142315,0.426,158,10.3741,4.7374,-2.0091,-0.474,0.00000,8.5925,-1.3585,-1.3260,0.3139,-0.1364,0.016,0.2050,0.6706,0.6333,60,0.026,30.98,20.53,20.30,30.98,0.3000,-0.1282,10.18,1.00,50.20,DO_NOTHING,--,0.00,EXECUTING,132,6.846,-0.0190,-0.0100,6.8686,-0.5336,-1.7015,0.006
228.709,222.764,0.971,RETURN_HOME,diverged1,5.6155,-2.4849,3.0238,0.145064,0.107109,0.142315,0.526,158,10.3741,4.7374,-2.0091,-0.474,0.00000,8.5996,-1.3876,-1.3388,0.3164,-0.1352,0.016,0.1989,0.7016,0.6500,60,0.026,31.25,20.45,20.56,31.25,0.3000,-0.1282,10.20,1.00,50.00,DO_NOTHING,--,0.00,EXECUTING,132,6.846,-0.0190,-0.0100,6.8634,-0.5633,-1.7140,0.006
228.809,222.860,0.970,RETURN_HOME,diverged1,5.6155,-2.4849,3.0238,0.145064,0.107109,0.142315,0.622,158,10.3741,4.7374,-2.0091,-0.478,0.00000,8.6063,-1.4169,-1.3517,0.3337,-0.1426,0.012,0.1978,0.6754,0.6333,60,0.022,31.18,20.66,20.56,31.18,0.3000,-0.1282,10.18,1.00,49.90,DO_NOTHING,--,0.00,EXECUTING,132,6.846,-0.0190,-0.0100,6.8580,-0.5930,-1.7265,0.002
228.909,222.958,0.966,RETURN_HOME,diverged1,5.6155,-2.4849,3.0238,0.145064,0.107109,0.142315,0.720,158,10.3741,4.7374,-2.0091,-0.480,0.00000,8.6126,-1.4459,-1.3645,0.3108,-0.1342,0.010,0.2219,0.7502,0.6167,60,0.020,31.25,20.62,20.70,31.19,0.2842,-0.1282,9.98,1.00,49.90,DO_NOTHING,--,0.00,EXECUTING,132,6.846,-0.0190,-0.0100,6.8534,-0.6165,-1.7362,0.020
229.009,223.058,0.978,RETURN_HOME,diverged1,5.6155,-2.4849,3.0238,0.145064,0.107109,0.142315,0.820,158,10.3741,4.7374,-2.0091,-0.480,0.00000,8.6183,-1.4740,-1.3760,0.2896,-0.1164,0.010,0.2302,0.7541,0.6000,60,0.020,31.19,20.45,20.92,31.25,0.3000,-0.0256,9.98,1.00,50.00,DO_NOTHING,--,0.00,EXECUTING,132,6.846,-0.0190,-0.0100,6.8476,-0.6447,-1.7480,0.020
229.109,223.158,0.980,RETURN_HOME,diverged1,5.6155,-2.4849,3.0238,0.145064,0.107109,0.142315,0.920,158,10.3741,4.7374,-2.0091,-0.380,0.00000,8.6240,-1.5032,-1.3786,0.2993,-0.0259,0.010,0.2264,0.7541,0.6333,60,0.020,31.45,20.49,20.74,31.39,0.2842,-0.0256,9.96,1.00,50.10,DO_NOTHING,--,0.00,EXECUTING,132,6.846,-0.0190,-0.0100,6.8421,-0.6740,-1.7506,0.020
229.209,223.258,0.980,RETURN_HOME,diverged1,5.3753,-2.4728,2.9467,0.152294,0.131603,0.145301,0.120,159,10.0224,4.9448,-1.9582,-0.480,0.40833,8.6295,-1.5313,-1.3818,0.3023,-0.0330,0.010,0.2300,0.7530,0.6167,60,0.020,31.32,20.37,20.61,31.32,0.3000,-0.2308,10.02,1.11,50.00,DO_NOTHING,--,0.00,EXECUTING,132,6.846,-0.0190,-0.0100,6.8368,-0.7021,-1.7530,0.020
229.309,223.358,0.989,RETURN_HOME,diverged1,5.3753,-2.4728,2.9467,0.152294,0.131603,0.145301,0.220,159,10.0224,4.9448,-1.9582,-0.480,0.00000,8.6348,-1.5607,-1.3997,0.3013,-0.1812,0.010,0.2355,0.7193,0.5667,60,0.020,31.18,20.37,20.43,31.25,0.3000,-0.1856,9.98,1.00,50.00,DO_NOTHING,--,0.00,EXECUTING,132,6.846,-0.0190,-0.0100,6.8300,-0.7313,-1.7681,0.020
229.409,223.458,0.991,RETURN_HOME,diverged1,5.3753,-2.4728,2.9467,0.152294,0.131603,0.145301,0.320,159,10.0224,4.9448,-1.9582,-0.480,0.00000,8.6396,-1.5900,-1.4173,0.2992,-0.1774,0.010,0.2345,0.7550,0.5667,60,0.020,30.72,20.24,20.17,30.66,0.2842,-0.1282,10.11,1.00,49.90,DO_NOTHING,--,0.00,EXECUTING,132,6.846,-0.0190,-0.0100,6.8226,-0.7605,-1.7852,0.020
229.509,223.558,0.992,RETURN_HOME,diverged1,5.3753,-2.4728,2.9467,0.152294,0.131603,0.145301,0.420,159,10.0224,4.9448,-1.9582,-0.480,0.00000,8.6438,-1.6184,-1.4298,0.2868,-0.1246,0.010,0.2395,0.7600,0.5667,60,0.020,30.66,20.20,20.17,30.66,0.3000,-0.1282,10.00,1.00,50.10,DO_NOTHING,--,0.00,EXECUTING,132,6.846,-0.0190,-0.0100,6.8155,-0.7883,-1.7967,0.020
229.609,223.646,0.980,RETURN_HOME,diverged1,5.3753,-2.4728,2.9467,0.152294,0.131603,0.145301,0.508,159,10.0224,4.9448,-1.9582,-0.392,0.00000,8.6470,-1.6420,-1.4396,0.3477,-0.1411,0.018,0.2286,0.6624,0.5167,60,0.008,30.92,20.28,20.26,30.92,0.3000,-0.1282,10.00,1.00,50.00,DO_NOTHING,--,0.00,EXECUTING,127,6.583,-0.0190,-0.0100,6.8080,-0.8172,-1.8073,0.008
229.709,223.748,0.984,RETURN_HOME,diverged1,5.3753,-2.4728,2.9467,0.152294,0.131603,0.145301,0.610,159,10.0224,4.9448,-1.9582,-0.390,0.00000,8.6508,-1.6716,-1.4515,0.3085,-0.1229,0.022,0.2278,0.7038,0.5333,60,0.110,31.18,20.33,20.39,31.25,0.3000,-0.1282,10.00,1.00,50.00,DO_NOTHING,--,0.00,EXECUTING,127,6.583,-0.0190,-0.0100,6.8000,-0.8462,-1.8180,0.010
229.809,223.846,0.986,RETURN_HOME,diverged1,5.3753,-2.4728,2.9467,0.152294,0.131603,0.145301,0.708,159,10.0224,4.9448,-1.9582,-0.392,0.00000,8.6542,-1.7014,-1.4643,0.3089,-0.1320,0.018,0.2316,0.7080,0.5000,60,0.008,30.98,20.16,20.26,30.98,0.3000,-0.1282,10.00,1.00,50.10,DO_NOTHING,--,0.00,EXECUTING,127,6.583,-0.0190,-0.0100,6.7917,-0.8752,-1.8297,0.008
229.910,223.948,0.988,RETURN_HOME,diverged1,5.3753,-2.4728,2.9467,0.152294,0.131603,0.145301,0.810,159,10.0224,4.9448,-1.9582,-0.390,0.00000,8.6572,-1.7313,-1.4771,0.3452,-0.1475,0.020,0.2299,0.6968,0.5000,60,0.110,30.85,20.20,20.21,30.92,0.3000,-0.1282,10.02,1.00,50.10,DO_NOTHING,--,0.00,EXECUTING,127,6.583,-0.0190,-0.0100,6.7830,-0.9042,-1.8414,0.010
230.009,224.044,0.986,RETURN_HOME,diverged1,5.3753,-2.4728,2.9467,0.152294,0.131603,0.145301,0.906,159,10.0224,4.9448,-1.9582,-0.394,0.00000,8.6597,-1.7609,-1.4888,0.2996,-0.1186,0.016,0.2386,0.7016,0.4667,60,0.106,31.12,20.33,20.70,31.18,0.2842,0.0256,9.96,1.00,50.00,DO_NOTHING,--,0.00,EXECUTING,127,6.583,-0.0190,-0.0100,6.7743,-0.9326,-1.8509,0.006
230.109,224.144,0.986,RETURN_HOME,diverged1,5.1411,-2.4195,2.8548,0.167226,0.162994,0.161287,0.106,160,9.9079,5.0225,-1.9396,-0.394,0.13832,8.6621,-1.7892,-1.4873,0.3185,0.0139,0.016,0.2373,0.6700,0.5333,60,0.106,31.18,20.24,20.61,31.12,0.2842,0.0000,10.00,1.12,50.00,DO_NOTHING,--,0.00,EXECUTING,127,6.583,-0.0190,-0.0100,6.7666,-0.9599,-1.8495,0.006
230.209,224.242,0.984,RETURN_HOME,diverged1,5.1411,-2.4195,2.8548,0.167226,0.162994,0.161287,0.204,160,9.9079,5.0225,-1.9396,-0.396,0.00000,8.6645,-1.8178,-1.4873,0.2873,0.0000,0.014,0.2380,0.6968,0.5000,60,0.104,31.25,20.28,20.56,31.18,0.3000,0.0000,9.96,1.00,50.00,DO_NOTHING,--,0.00,EXECUTING,127,6.583,-0.0190,-0.0100,6.7587,-0.9877,-1.8495,0.004
230.309,224.344,0.986,RETURN_HOME,diverged1,5.1411,-2.4195,2.8548,0.167226,0.162994,0.161287,0.306,160,9.9079,5.0225,-1.9396,-0.394,0.00000,8.6670,-1.8474,-1.4873,0.3310,-0.0000,0.016,0.2418,0.7032,0.5085,59,0.106,31.18,20.37,20.74,31.18,0.2842,0.0000,9.98,1.00,50.10,DO_NOTHING,--,0.00,EXECUTING,127,6.583,-0.0190,-0.0100,6.7505,-1.0161,-1.8495,0.006
230.409,224.442,0.984,RETURN_HOME,diverged1,5.1411,-2.4195,2.8548,0.167226,0.162994,0.161287,0.404,160,9.9079,5.0225,-1.9396,-0.396,0.00000,8.6694,-1.8760,-1.4863,0.3114,0.0149,0.018,0.2395,0.7032,0.4915,59,0.104,31.18,20.28,20.56,31.18,0.3000,0.1282,10.00,1.00,50.31,DO_NOTHING,--,0.00,EXECUTING,127,6.583,-0.0190,-0.0100,6.7427,-1.0438,-1.8479,0.004
230.508,224.542,0.984,RETURN_HOME,diverged1,5.1411,-2.4195,2.8548,0.167226,0.162994,0.161287,0.504,160,9.9079,5.0225,-1.9396,-0.396,0.00000,8.6720,-1.9055,-1.4747,0.2995,0.1180,0.014,0.2388,0.6693,0.5085,59,0.104,30.98,20.33,20.39,30.98,0.2842,0.0769,9.98,1.00,50.00,DO_NOTHING,--,0.00,EXECUTING,127,6.583,-0.0190,-0.0100,6.7354,-1.0722,-1.8378,0.004
230.609,224.640,0.994,RETURN_HOME,diverged1,5.1411,-2.4195,2.8548,0.167226,0.162994,0.161287,0.602,160,9.9079,5.0225,-1.9396,-0.398,0.00000,8.6749,-1.9341,-1.4682,0.3072,0.0645,0.016,0.2483,0.6817,0.5000,58,0.102,30.59,20.20,20.08,30.53,0.3000,-0.3846,10.04,1.00,50.31,DO_NOTHING,--,0.00,EXECUTING,116,6.232,-0.0190,-0.0100,6.7282,-1.1001,-1.8328,0.002
230.709,224.740,0.992,RETURN_HOME,diverged1,5.1411,-2.4195,2.8548,0.167226,0.162994,0.161287,0.702,160,9.9079,5.0225,-1.9396,-0.398,0.00000,8.6778,-1.9639,-1.4779,0.2932,-0.0970,0.012,0.2520,0.6751,0.4655,58,0.102,30.59,20.16,20.08,30.59,0.3000,-0.1282,10.09,1.00,50.20,DO_NOTHING,--,0.00,EXECUTING,116,6.232,-0.0190,-0.0100,6.7198,-1.1289,-1.8421,0.002
230.809,224.838,0.990,RETURN_HOME,diverged1,5.1411,-2.4195,2.8548,0.167226,0.162994,0.161287,0.800,160,9.9079,5.0225,-1.9396,-0.400,0.00000,8.6804,-1.9937,-1.4918,0.3047,-0.1406,0.010,0.2539,0.6809,0.4561,57,0.100,30.72,20.24,20.26,30.72,0.3000,-0.3846,10.07,1.00,50.10,DO_NOTHING,--,0.00,EXECUTING,116,6.232,-0.0190,-0.0100,6.7126,-1.1520,-1.8515,0.020
230.909,224.938,0.991,RETURN_HOME,diverged1,5.1411,-2.4195,2.8548,0.167226,0.162994,0.161287,0.900,160,9.9079,5.0225,-1.9396,-0.400,0.00000,8.6824,-2.0235,-1.5187,0.3421,-0.3095,0.012,0.2533,0.7249,0.4035,57,0.100,30.72,20.20,20.26,30.66,0.3000,-0.2308,10.07,1.00,49.90,DO_NOTHING,--,0.00,EXECUTING,116,6.232,-0.0190,-0.0100,6.7025,-1.1804,-1.8743,0.020
231.009,225.038,0.993,RETURN_HOME,diverged1,4.9023,-2.3644,2.8468,0.169745,0.209343,0.180366,0.100,161,9.7410,5.1244,-1.9151,-0.400,0.19552,8.6836,-2.0535,-1.5428,0.3145,-0.2565,0.014,0.2617,0.7211,0.3684,57,0.100,30.55,20.16,20.41,30.49,0.3000,-0.3846,9.89,1.10,50.20,DO_NOTHING,--,0.00,EXECUTING,116,6.232,-0.0190,-0.0100,6.6920,-1.2089,-1.8949,0.020
231.109,225.138,0.996,RETURN_HOME,diverged1,4.9023,-2.3644,2.8468,0.169745,0.209343,0.180366,0.200,161,9.7410,5.1244,-1.9151,-0.400,0.00000,8.6839,-2.0829,-1.5788,0.2907,-0.3574,0.010,0.2717,0.7398,0.3214,56,0.100,30.85,20.16,20.43,30.85,0.2842,-0.3846,9.98,1.00,50.10,DO_NOTHING,--,0.00,EXECUTING,116,6.232,-0.0190,-0.0100,6.6805,-1.2365,-1.9236,0.020
231.209,225.238,0.996,RETURN_HOME,diverged1,4.9023,-2.3644,2.8468,0.169745,0.209343,0.180366,0.300,161,9.7410,5.1244,-1.9151,-0.400,0.00000,8.6831,-2.1112,-1.6159,0.4318,-0.5392,0.018,0.2750,0.7758,0.3036,56,0.100,30.85,20.08,20.30,30.79,0.2842,-0.2821,9.89,1.00,50.41,DO_NOTHING,--,0.00,EXECUTING,116,6.232,-0.0190,-0.0100,6.6685,-1.2630,-1.9557,0.020
231.308,225.336,0.992,RETURN_HOME,diverged1,4.9023,-2.3644,2.8468,0.169745,0.209343,0.180366,0.398,161,9.7410,5.1244,-1.9151,-0.402,0.00000,8.6814,-2.1398,-1.6424,0.3740,-0.3497,0.008,0.2724,0.7517,0.2982,57,0.098,30.85,20.08,20.34,30.79,0.3000,-0.2308,10.00,1.00,50.00,DO_NOTHING,--,0.00,EXECUTING,116,6.232,-0.0190,-0.0100,6.6563,-1.2891,-1.9785,0.018
231.409,225.430,0.988,RETURN_HOME,diverged1,4.9023,-2.3644,2.8468,0.169745,0.209343,0.180366,0.492,161,9.7410,5.1244,-1.9151,-0.408,0.00000,8.6791,-2.1691,-1.6614,0.4005,-0.2571,0.002,0.2718,0.7252,0.2679,56,0.092,30.92,20.24,20.26,30.85,0.3000,-0.2308,10.04,1.00,50.10,DO_NOTHING,--,0.00,EXECUTING,116,6.232,-0.0190,-0.0100,6.6441,-1.3155,-1.9911,0.012
231.509,225.530,0.989,RETURN_HOME,diverged1,4.9023,-2.3644,2.8468,0.169745,0.209343,0.180366,0.592,161,9.7410,5.1244,-1.9151,-0.408,0.00000,8.6761,-2.1982,-1.6799,0.2957,-0.1873,0.002,0.2743,0.7220,0.3036,56,0.092,30.92,20.24,20.21,30.85,0.3000,-0.2308,9.96,1.00,49.90,DO_NOTHING,--,0.00,EXECUTING,116,6.232,-0.0190,-0.0100,6.6317,-1.3416,-2.0027,0.012
231.609,225.626,0.984,RETURN_HOME,diverged1,4.9023,-2.3644,2.8468,0.169745,0.209343,0.180366,0.688,161,9.7410,5.1244,-1.9151,-0.412,0.00000,8.6734,-2.2215,-1.6953,0.2933,-0.1906,0.018,0.2715,0.7220,0.3214,56,0.088,31.05,20.33,20.30,30.98,0.3000,-0.2308,9.98,1.00,50.10,DO_NOTHING,--,0.00,EXECUTING,111,5.941,-0.0190,-0.0100,6.6190,-1.3676,-2.0147,0.008
231.709,225.726,0.987,RETURN_HOME,diverged1,4.9023,-2.3644,2.8468,0.169745,0.209343,0.180366,0.788,161,9.7410,5.1244,-1.9151,-0.412,0.00000,8.6695,-2.2507,-1.7134,0.2989,-0.1843,0.018,0.2701,0.7319,0.3393,56,0.088,31.18,20.28,20.70,31.18,0.3000,-0.1795,9.93,1.00,50.00,DO_NOTHING,--,0.00,EXECUTING,111,5.941,-0.0190,-0.0100,6.6059,-1.3935,-2.0260,0.008
231.809,225.818,0.977,RETURN_HOME,diverged1,4.9023,-2.3644,2.8468,0.169745,0.209343,0.180366,0.880,161,9.7410,5.1244,-1.9151,-0.420,0.00000,8.6651,-2.2799,-1.7272,0.3031,-0.1407,0.012,0.2665,0.7517,0.3393,56,0.080,31.32,20.45,20.61,31.25,0.3000,-0.0769,10.00,1.00,49.90,DO_NOTHING,--,0.00,EXECUTING,111,5.941,-0.0190,-0.0100,6.5926,-1.4197,-2.0344,0.000
231.909,225.918,0.980,RETURN_HOME,diverged1,4.6967,-2.2995,2.6792,0.184926,0.253865,0.194921,0.080,162,9.4740,5.2817,-1.8748,-0.420,0.30992,8.6603,-2.3093,-1.7347,0.3041,-0.0760,0.010,0.2693,0.7766,0.3214,56,0.080,31.12,20.41,20.56,31.12,0.3000,-0.2308,10.16,1.11,50.10,DO_NOTHING,--,0.00,EXECUTING,111,5.941,-0.0190,-0.0100,6.5792,-1.4460,-2.0399,0.000
232.009,226.014,0.976,RETURN_HOME,diverged1,4.6967,-2.2995,2.6792,0.184926,0.253865,0.194921,0.176,162,9.4740,5.2817,-1.8748,-0.424,0.00000,8.6553,-2.3383,-1.7526,0.2973,-0.1804,0.006,0.2620,0.7533,0.3750,56,0.076,30.80,20.45,20.49,30.86,0.3000,-0.1795,10.07,1.00,49.80,DO_NOTHING,--,0.00,EXECUTING,111,5.941,-0.0190,-0.0100,6.5682,-1.4666,-2.0494,0.016
232.109,226.112,0.970,RETURN_HOME,diverged1,4.6967,-2.2995,2.6792,0.184926,0.253865,0.194921,0.274,162,9.4740,5.2817,-1.8748,-0.426,0.00000,8.6497,-2.3674,-1.7678,0.2958,-0.1519,0.004,0.2644,0.7758,0.3571,56,0.074,31.18,20.53,20.43,32.19,0.3000,-0.1795,10.11,1.00,50.00,DO_NOTHING,--,0.00,EXECUTING,111,5.941,-0.0190,-0.0100,6.5543,-1.4924,-2.0593,0.014
232.209,226.206,0.967,RETURN_HOME,diverged1,4.6967,-2.2995,2.6792,0.184926,0.253865,0.194921,0.368,162,9.4740,5.2817,-1.8748,-0.432,0.00000,8.6449,-2.3906,-1.7800,0.2985,-0.1543,0.018,0.2634,0.8000,0.3750,56,0.068,31.59,20.70,20.65,32.61,0.3000,-0.1795,10.00,1.00,50.00,DO_NOTHING,--,0.00,EXECUTING,111,5.941,-0.0190,-0.0100,6.5400,-1.5182,-2.0694,0.008
232.309,226.308,0.975,RETURN_HOME,diverged1,4.6967,-2.2995,2.6792,0.184926,0.253865,0.194921,0.470,162,9.4740,5.2817,-1.8748,-0.430,0.00000,8.6385,-2.4195,-1.7955,0.3011,-0.1569,0.020,0.2678,0.7507,0.4035,57,0.070,31.73,20.62,20.79,32.82,0.3000,-0.1795,9.98,1.00,50.00,DO_NOTHING,--,0.00,EXECUTING,111,5.941,-0.0190,-0.0100,6.5256,-1.5438,-2.0796,0.010
232.409,226.402,0.969,RETURN_HOME,diverged1,4.6967,-2.2995,2.6792,0.184926,0.253865,0.194921,0.564,162,9.4740,5.2817,-1.8748,-0.436,0.00000,8.6317,-2.4484,-1.8110,0.3102,-0.1630,0.014,0.2924,0.7533,0.3750,56,0.064,30.98,20.49,20.26,31.98,0.3000,-0.1795,10.02,1.00,50.00,DO_NOTHING,--,0.00,EXECUTING,111,5.941,-0.0190,-0.0100,6.5108,-1.5693,-2.0900,0.004
232.509,226.508,0.978,RETURN_HOME,diverged1,4.6967,-2.2995,2.6792,0.184926,0.253865,0.194921,0.670,162,9.4740,5.2817,-1.8748,-0.430,0.00000,8.6244,-2.4771,-1.8267,0.3325,-0.1761,0.020,0.2895,0.7766,0.3571,56,0.070,31.18,20.53,20.39,32.26,0.3000,-0.1795,10.00,1.00,50.00,DO_NOTHING,--,0.00,EXECUTING,111,5.941,-0.0190,-0.0100,6.4958,-1.5947,-2.1005,0.010
232.609,226.602,0.976,RETURN_HOME,diverged1,4.6967,-2.2995,2.6792,0.184926,0.253865,0.194921,0.764,162,9.4740,5.2817,-1.8748,-0.436,0.00000,8.6167,-2.5058,-1.8426,0.2993,-0.1599,0.014,0.2844,0.7542,0.3929,56,0.064,30.72,20.37,20.13,31.85,0.3000,-0.1795,10.04,1.00,50.00,DO_NOTHING,--,0.00,EXECUTING,113,5.837,-0.0190,-0.0100,6.4805,-1.6199,-2.1112,0.004
232.710,226.708,0.988,RETURN_HOME,diverged1,4.6967,-2.2995,2.6792,0.184926,0.253865,0.194921,0.870,162,9.4740,5.2817,-1.8748,-0.430,0.00000,8.6085,-2.5343,-1.8586,0.3330,-0.1794,0.020,0.2804,0.7664,0.4643,56,0.070,30.79,20.41,20.34,31.85,0.3000,-0.1795,9.98,1.00,50.00,DO_NOTHING,--,0.00,EXECUTING,113,5.837,-0.0190,-0.0100,6.4649,-1.6451,-2.1220,0.010
232.808,226.806,0.989,RETURN_HOME,diverged1,4.4988,-2.1795,2.5555,0.210368,0.289904,0.203675,0.068,163,9.4030,5.3356,-1.8610,-0.432,0.08915,8.5998,-2.5628,-1.8748,0.3111,-0.1691,0.018,0.2836,0.7783,0.4286,56,0.068,30.98,20.20,20.30,31.98,0.3000,-0.1795,9.98,1.11,50.10,DO_NOTHING,--,0.00,EXECUTING,113,5.837,-0.0190,-0.0100,6.4491,-1.6701,-2.1330,0.008
232.909,226.908,0.993,RETURN_HOME,diverged1,4.4988,-2.1795,2.5555,0.210368,0.289904,0.203675,0.170,163,9.4030,5.3356,-1.8610,-0.430,0.00000,8.5907,-2.5911,-1.8911,0.3075,-0.1686,0.020,0.2743,0.7542,0.4464,56,0.070,30.92,20.20,20.26,32.05,0.3000,-0.1795,9.96,1.00,50.00,DO_NOTHING,--,0.00,EXECUTING,113,5.837,-0.0190,-0.0100,6.4330,-1.6950,-2.1441,0.010
233.009,227.008,0.994,RETURN_HOME,diverged1,4.4988,-2.1795,2.5555,0.210368,0.289904,0.203675,0.270,163,9.4030,5.3356,-1.8610,-0.430,0.00000,8.5811,-2.6193,-1.9076,0.3003,-0.1661,0.020,0.2666,0.7467,0.4821,56,0.070,30.02,20.12,19.67,30.99,0.3000,-0.1795,10.00,1.00,50.00,DO_NOTHING,--,0.00,EXECUTING,113,5.837,-0.0190,-0.0100,6.4166,-1.7197,-2.1554,0.010
233.109,227.108,0.997,RETURN_HOME,diverged1,4.4988,-2.1795,2.5555,0.210368,0.289904,0.203675,0.370,163,9.4030,5.3356,-1.8610,-0.430,0.00000,8.5728,-2.6423,-1.9161,0.2610,-0.0930,0.020,0.2720,0.7508,0.4821,56,0.070,30.40,19.96,19.87,30.33,0.0500,0.0000,9.98,1.00,50.00,DO_NOTHING,--,0.00,EXECUTING,113,5.837,-0.0190,-0.0100,6.4038,-1.7388,-2.1605,0.010
233.209,227.204,0.995,RETURN_HOME,diverged1,4.4988,-2.1795,2.5555,0.210368,0.289904,0.203675,0.466,163,9.4030,5.3356,-1.8610,-0.434,0.00000,8.5709,-2.6478,-1.9159,0.0581,0.0015,0.016,0.2722,0.7750,0.4643,56,0.066,29.35,19.03,19.96,29.35,0.2842,0.4359,9.98,1.00,49.90,DO_NOTHING,--,0.00,EXECUTING,113,5.837,-0.0190,-0.0100,6.4011,-1.7428,-2.1601,0.006
233.309,227.306,0.998,RETURN_HOME,diverged1,4.4988,-2.1795,2.5555,0.210368,0.289904,0.203675,0.568,163,9.4030,5.3356,-1.8610,-0.432,0.00000,8.5676,-2.6572,-1.9032,0.1009,0.1284,0.018,0.2748,0.8000,0.4464,56,0.068,29.23,19.03,19.19,29.23,0.2842,0.4359,9.96,1.00,50.10,DO_NOTHING,--,0.00,EXECUTING,113,5.837,-0.0190,-0.0100,6.3951,-1.7520,-2.1496,0.008
233.409,227.406,1.004,RETURN_HOME,diverged1,4.4988,-2.1795,2.5555,0.210368,0.289904,0.203675,0.668,163,9.4030,5.3356,-1.8610,-0.432,0.00000,8.5605,-2.6785,-1.8773,0.2314,0.2663,0.020,0.2844,0.7649,0.4286,56,0.068,29.41,18.99,18.99,29.41,0.3000,0.3846,9.93,1.00,50.10,DO_NOTHING,--,0.00,EXECUTING,113,5.837,-0.0190,-0.0100,6.3826,-1.7718,-2.1289,0.008
233.509,227.504,1.002,RETURN_HOME,diverged1,4.4988,-2.1795,2.5555,0.210368,0.289904,0.203675,0.766,163,9.4030,5.3356,-1.8610,-0.434,0.00000,8.5522,-2.7066,-1.8408,0.2877,0.3591,0.016,0.2702,0.7329,0.4286,56,0.066,29.60,18.99,19.19,29.41,0.2842,0.4359,9.96,1.00,50.10,DO_NOTHING,--,0.00,EXECUTING,113,5.837,-0.0190,-0.0100,6.3675,-1.7964,-2.1023,0.006
233.609,227.598,0.990,RETURN_HOME,diverged1,4.4988,-2.1795,2.5555,0.210368,0.289904,0.203675,0.860,163,9.4030,5.3356,-1.8610,-0.440,0.00000,8.5452,-2.7340,-1.8009,0.2856,0.4027,0.010,0.2801,0.7280,0.4286,56,0.060,29.35,19.08,18.95,29.47,0.3000,0.3846,9.98,1.00,49.70,DO_NOTHING,--,0.00,EXECUTING,113,5.837,-0.0190,-0.0100,6.3566,-1.8157,-2.0786,0.020
233.709,227.702,0.995,RETURN_HOME,diverged1,4.4988,-2.1795,2.5555,0.210368,0.289904,0.203675,0.964,163,9.4030,5.3356,-1.8610,-0.436,0.00000,8.5390,-2.7627,-1.7651,0.2992,0.3638,0.014,0.2652,0.7000,0.4643,56,0.064,29.54,18.99,19.07,29.41,0.2842,0.3333,10.02,1.00,50.00,DO_NOTHING,--,0.00,EXECUTING,119,6.213,-0.0190,-0.0100,6.3404,-1.8464,-2.0466,0.004
233.808,227.798,0.992,RETURN_HOME,diverged1,4.4988,-2.1795,2.5555,0.210368,0.289904,0.203675,1.060,163,9.4030,5.3356,-1.8610,-0.440,0.00000,8.5339,-2.7908,-1.7335,0.2980,0.3315,0.010,0.2657,0.7062,0.4643,56,0.060,29.71,19.23,19.47,29.77,0.3000,0.3333,9.96,0.00,50.00,DO_NOTHING,--,0.00,EXECUTING,119,6.213,-0.0190,-0.0100,6.3308,-1.8665,-2.0270,0.020
233.909,227.896,0.986,RETURN_HOME,diverged1,4.2690,-2.0896,2.7503,0.240226,0.312294,0.226475,0.058,164,9.0562,5.5093,-1.8153,-0.442,0.38782,8.5296,-2.8203,-1.7037,0.2983,0.2981,0.008,0.2805,0.7271,0.4643,56,0.058,29.66,19.23,19.19,30.79,0.3000,0.1282,10.04,1.00,50.10,DO_NOTHING,--,0.00,EXECUTING,119,6.213,-0.0190,-0.0100,6.3188,-1.8932,-2.0029,0.018
234.009,227.994,0.984,RETURN_HOME,diverged1,4.2690,-2.0896,2.7503,0.240226,0.312294,0.226475,0.156,164,9.0562,5.5093,-1.8153,-0.444,0.00000,8.5258,-2.8500,-1.6876,0.3184,0.1711,0.008,0.2628,0.7191,0.5000,56,0.056,29.60,19.31,18.99,30.59,0.3000,0.1733,10.00,1.00,50.20,DO_NOTHING,--,0.00,EXECUTING,119,6.213,-0.0190,-0.0100,6.3070,-1.9204,-1.9895,0.016
234.109,228.090,0.984,RETURN_HOME,diverged1,4.2690,-2.0896,2.7503,0.240226,0.312294,0.226475,0.252,164,9.0562,5.5093,-1.8153,-0.448,0.00000,8.5226,-2.8798,-1.6704,0.4016,0.2310,0.002,0.2695,0.6900,0.5000,56,0.052,29.91,19.35,19.23,30.79,0.3000,0.1733,10.09,1.00,50.10,DO_NOTHING,--,0.00,EXECUTING,119,6.213,-0.0190,-0.0100,6.2958,-1.9479,-1.9752,0.012
234.209,228.188,0.979,RETURN_HOME,diverged1,4.2690,-2.0896,2.7503,0.240226,0.312294,0.226475,0.350,164,9.0562,5.5093,-1.8153,-0.450,0.00000,8.5199,-2.9097,-1.6531,0.3487,0.2015,0.004,0.2783,0.7079,0.5000,56,0.050,31.05,20.24,20.34,32.12,0.3000,0.1733,10.02,1.00,50.20,DO_NOTHING,--,0.00,EXECUTING,119,6.213,-0.0190,-0.0100,6.2849,-1.9756,-1.9607,0.010
234.309,228.290,0.982,RETURN_HOME,diverged1,4.2690,-2.0896,2.7503,0.240226,0.312294,0.226475,0.452,164,9.0562,5.5093,-1.8153,-0.448,0.00000,8.5177,-2.9396,-1.6357,0.2939,0.1698,0.002,0.2585,0.6854,0.4643,56,0.052,30.72,20.28,20.17,31.78,0.3000,0.1733,9.87,1.00,50.00,DO_NOTHING,--,0.00,EXECUTING,119,6.213,-0.0190,-0.0100,6.2745,-2.0034,-1.9460,0.012
234.409,228.384,0.978,RETURN_HOME,diverged1,4.2690,-2.0896,2.7503,0.240226,0.312294,0.226475,0.546,164,9.0562,5.5093,-1.8153,-0.454,0.00000,8.5160,-2.9696,-1.6184,0.3200,0.1849,0.000,0.2638,0.6879,0.4545,55,0.046,30.72,20.28,20.08,31.71,0.3000,0.1733,10.00,1.00,50.20,DO_NOTHING,--,0.00,EXECUTING,119,6.213,-0.0190,-0.0100,6.2646,-2.0314,-1.9311,0.006
234.509,228.488,0.984,RETURN_HOME,diverged1,4.2690,-2.0896,2.7503,0.240226,0.312294,0.226475,0.650,164,9.0562,5.5093,-1.8153,-0.450,0.00000,8.5148,-2.9995,-1.6011,0.3014,0.1742,0.002,0.2701,0.6613,0.4464,56,0.050,30.92,20.33,20.26,31.78,0.3000,0.1733,9.91,1.00,50.00,DO_NOTHING,--,0.00,EXECUTING,119,6.213,-0.0190,-0.0100,6.2551,-2.0595,-1.9162,0.010
234.611,228.582,0.975,RETURN_HOME,diverged1,4.2690,-2.0896,2.7503,0.240226,0.312294,0.226475,0.744,164,9.0562,5.5093,-1.8153,-0.456,0.00000,8.5142,-3.0295,-1.5837,0.3425,0.1979,0.000,0.2638,0.6900,0.4464,56,0.044,31.05,20.28,20.34,32.12,0.3000,0.1733,9.98,1.00,50.30,DO_NOTHING,--,0.00,EXECUTING,119,6.213,-0.0190,-0.0100,6.2461,-2.0878,-1.9011,0.004
234.709,228.684,0.982,RETURN_HOME,diverged1,4.2690,-2.0896,2.7503,0.240226,0.312294,0.226475,0.846,164,9.0562,5.5093,-1.8153,-0.454,0.00000,8.5140,-3.0532,-1.5710,0.3334,0.1836,0.016,0.2585,0.7009,0.4643,56,0.046,30.79,20.45,20.17,31.85,0.3000,0.1733,10.07,1.00,50.00,DO_NOTHING,--,0.00,EXECUTING,112,5.985,-0.0190,-0.0100,6.2375,-2.1160,-1.8876,0.006
234.809,228.780,0.983,RETURN_HOME,diverged1,4.0316,-2.1081,2.9764,0.253800,0.371874,0.247058,0.042,165,8.5516,5.7349,-1.7471,-0.458,0.55282,8.5142,-3.0831,-1.5552,0.3129,0.1659,0.012,0.2755,0.7079,0.4464,56,0.042,30.21,20.20,19.92,31.19,0.3000,-0.2821,9.93,1.10,50.00,DO_NOTHING,--,0.00,EXECUTING,112,5.985,-0.0190,-0.0100,6.2292,-2.1445,-1.8739,0.002
234.909,228.876,0.980,RETURN_HOME,diverged1,4.0316,-2.1081,2.9764,0.253800,0.371874,0.247058,0.138,165,8.5516,5.7349,-1.7471,-0.462,0.00000,8.5147,-3.1131,-1.5545,0.2997,0.0072,0.008,0.2763,0.6900,0.4286,56,0.038,31.39,20.41,20.74,31.39,0.3000,-0.6410,10.02,1.00,50.00,DO_NOTHING,--,0.00,EXECUTING,112,5.985,-0.0190,-0.0100,6.2221,-2.1673,-1.8734,0.018
235.009,228.976,0.982,RETURN_HOME,diverged1,4.0316,-2.1081,2.9764,0.253800,0.371874,0.247058,0.238,165,8.5516,5.7349,-1.7471,-0.462,0.00000,8.5150,-3.1429,-1.5692,0.3008,-0.1487,0.008,0.2800,0.7009,0.4464,56,0.038,30.98,20.33,20.47,31.05,0.3000,-0.6410,9.91,1.00,49.90,DO_NOTHING,--,0.00,EXECUTING,112,5.985,-0.0190,-0.0100,6.2124,-2.1956,-1.8841,0.018
235.109,229.072,0.982,RETURN_HOME,diverged1,4.0316,-2.1081,2.9764,0.253800,0.371874,0.247058,0.334,165,8.5516,5.7349,-1.7471,-0.466,0.00000,8.5147,-3.1726,-1.5990,0.2991,-0.3005,0.004,0.2763,0.7000,0.4364,55,0.034,30.85,20.37,20.34,30.92,0.3000,-0.5897,10.00,1.00,50.00,DO_NOTHING,--,0.00,EXECUTING,112,5.985,-0.0190,-0.0100,6.2016,-2.2235,-1.9071,0.014
235.209,229.172,0.985,RETURN_HOME,diverged1,4.0316,-2.1081,2.9764,0.253800,0.371874,0.247058,0.434,165,8.5516,5.7349,-1.7471,-0.466,0.00000,8.5132,-3.2018,-1.6418,0.2997,-0.4380,0.006,0.2729,0.6835,0.3929,56,0.034,30.72,20.41,20.21,30.85,0.3000,-0.4667,10.18,1.00,49.80,DO_NOTHING,--,0.00,EXECUTING,112,5.985,-0.0190,-0.0100,6.1898,-2.2504,-1.9399,0.014
235.308,229.266,0.976,RETURN_HOME,diverged1,4.0316,-2.1081,2.9764,0.253800,0.371874,0.247058,0.528,165,8.5516,5.7349,-1.7471,-0.472,0.00000,8.5112,-3.2251,-1.6756,0.2952,-0.4264,0.018,0.2800,0.6900,0.3750,56,0.028,30.79,20.49,20.17,30.85,0.3000,-0.4667,10.00,1.00,50.00,DO_NOTHING,--,0.00,EXECUTING,112,5.985,-0.0190,-0.0100,6.1774,-2.2769,-1.9715,0.008
235.409,229.366,0.982,RETURN_HOME,diverged1,4.0316,-2.1081,2.9764,0.253800,0.371874,0.247058,0.628,165,8.5516,5.7349,-1.7471,-0.472,0.00000,8.5075,-3.2539,-1.7163,0.2952,-0.4137,0.018,0.2815,0.6900,0.3929,56,0.028,31.25,20.49,20.93,31.18,0.3000,-0.6410,10.11,1.00,50.00,DO_NOTHING,--,0.00,EXECUTING,112,5.985,-0.0190,-0.0100,6.1647,-2.3025,-2.0001,0.008
235.508,229.464,0.976,RETURN_HOME,diverged1,4.0316,-2.1081,2.9764,0.253800,0.371874,0.247058,0.726,165,8.5516,5.7349,-1.7471,-0.374,0.00000,8.5027,-3.2818,-1.7676,0.2855,-0.5178,0.016,0.2779,0.6650,0.3571,56,0.026,31.25,20.58,20.61,31.25,0.3000,-0.6923,10.00,1.00,50.10,DO_NOTHING,--,0.00,EXECUTING,112,5.985,-0.0190,-0.0100,6.1517,-2.3264,-2.0337,0.006
235.608,229.564,0.985,RETURN_HOME,diverged1,3.8675,-2.1110,2.8100,0.293963,0.456152,0.288297,0.126,166,8.3040,5.8498,-1.7112,-0.474,0.27291,8.4964,-3.3094,-1.8256,0.3178,-0.6494,0.016,0.2958,0.7000,0.4000,55,0.026,31.05,20.49,20.34,31.05,0.3000,-0.6923,10.02,1.43,50.00,DO_NOTHING,--,0.00,EXECUTING,112,5.985,-0.0190,-0.0100,6.1378,-2.3501,-2.0715,0.006
235.709,229.664,0.980,RETURN_HOME,diverged1,3.8675,-2.1110,2.8100,0.293963,0.456152,0.288297,0.226,166,8.3040,5.8498,-1.7112,-0.474,0.00000,8.4883,-3.3369,-1.8847,0.2867,-0.5919,0.016,0.2881,0.6809,0.3571,56,0.026,31.32,20.41,20.65,31.32,0.3000,-0.5385,10.00,1.43,49.90,DO_NOTHING,--,0.00,EXECUTING,107,5.816,-0.0190,-0.0100,6.1229,-2.3739,-2.1105,0.006
235.809,229.764,0.986,RETURN_HOME,diverged1,3.8675,-2.1110,2.8100,0.293963,0.456152,0.288297,0.326,166,8.3040,5.8498,-1.7112,-0.474,0.00000,8.4787,-3.3642,-1.9338,0.2892,-0.4906,0.016,0.2981,0.7095,0.4182,55,0.026,31.39,20.41,20.70,31.32,0.2842,-0.5385,9.98,1.43,50.00,DO_NOTHING,--,0.00,EXECUTING,107,5.816,-0.0190,-0.0100,6.1073,-2.3978,-2.1440,0.006
235.909,229.858,0.980,RETURN_HOME,diverged1,3.8675,-2.1110,2.8100,0.293963,0.456152,0.288297,0.420,166,8.3040,5.8498,-1.7112,-0.380,0.00000,8.4682,-3.3901,-1.9831,0.2839,-0.5018,0.010,0.2996,0.7329,0.3036,56,0.020,31.05,20.33,20.47,30.98,0.3000,-0.4872,10.02,1.00,49.70,DO_NOTHING,--,0.00,EXECUTING,107,5.816,-0.0190,-0.0100,6.0913,-2.4205,-2.1778,0.000
236.009,229.960,0.986,RETURN_HOME,diverged1,3.7885,-2.1066,2.6279,0.296361,0.490761,0.309692,0.122,167,8.0509,5.9579,-1.6765,-0.478,0.27527,8.4559,-3.4165,-2.0303,0.3222,-0.5211,0.012,0.3117,0.7331,0.3214,56,0.022,31.25,20.33,20.56,31.18,0.2684,-0.5385,9.96,2.48,50.00,DO_NOTHING,--,0.00,EXECUTING,107,5.816,-0.0190,-0.0100,6.0742,-2.4438,-2.2115,0.002
236.110,230.058,0.983,RETURN_HOME,diverged1,3.7885,-2.1066,2.6279,0.296361,0.490761,0.309692,0.220,167,8.0509,5.9579,-1.6765,-0.480,0.00000,8.4432,-3.4405,-2.0817,0.2809,-0.5298,0.012,0.3049,0.7280,0.3750,56,0.020,30.79,20.24,20.26,30.72,0.3000,-0.4872,9.98,2.48,49.90,DO_NOTHING,--,0.00,EXECUTING,107,5.816,-0.0190,-0.0100,6.0573,-2.4651,-2.2476,0.000
236.209,230.160,0.993,RETURN_HOME,diverged1,3.7885,-2.1066,2.6279,0.296361,0.490761,0.309692,0.322,167,8.0509,5.9579,-1.6765,-0.478,0.00000,8.4281,-3.4660,-2.1301,0.2939,-0.4798,0.012,0.3048,0.7286,0.2857,56,0.022,30.59,20.24,20.17,30.59,0.2842,-0.4872,10.00,2.48,50.00,DO_NOTHING,--,0.00,EXECUTING,107,5.816,-0.0190,-0.0100,6.0384,-2.4879,-2.2826,0.002
236.308,230.260,0.994,RETURN_HOME,diverged1,3.7885,-2.1066,2.6279,0.296361,0.490761,0.309692,0.422,167,8.0509,5.9579,-1.6765,-0.478,0.00000,8.4125,-3.4897,-2.1788,0.2889,-0.4953,0.012,0.3211,0.7657,0.3818,55,0.022,30.53,20.12,20.13,30.53,0.2842,-0.4872,10.04,2.48,50.00,DO_NOTHING,--,0.00,EXECUTING,107,5.816,-0.0190,-0.0100,6.0195,-2.5095,-2.3190,0.002
236.409,230.358,0.992,RETURN_HOME,diverged1,3.7885,-2.1066,2.6279,0.296361,0.490761,0.309692,0.520,167,8.0509,5.9579,-1.6765,-0.380,0.00000,8.3959,-3.5124,-2.2266,0.2834,-0.4821,0.010,0.3174,0.7250,0.2679,56,0.020,30.46,20.12,20.08,30.46,0.2684,-0.4359,9.96,2.48,50.00,DO_NOTHING,--,0.00,EXECUTING,107,5.816,-0.0190,-0.0100,6.0001,-2.5299,-2.3553,0.000
236.509,230.458,0.993,RETURN_HOME,diverged1,3.7244,-2.0437,2.3925,0.314662,0.542951,0.332061,0.120,168,8.0372,5.9712,-1.6685,-0.480,0.01909,8.3787,-3.5336,-2.2691,0.2941,-0.4561,0.010,0.3326,0.7657,0.3273,55,0.020,30.92,20.21,20.34,30.92,0.3000,-0.3846,9.98,2.23,50.00,DO_NOTHING,--,0.00,EXECUTING,107,5.816,-0.0190,-0.0100,5.9845,-2.5450,-2.3820,0.020
236.609,230.556,0.991,RETURN_HOME,diverged1,3.7244,-2.0437,2.3925,0.314662,0.542951,0.332061,0.218,168,8.0372,5.9712,-1.6685,-0.482,0.00000,8.3592,-3.5560,-2.3075,0.3306,-0.4279,0.008,0.3208,0.7705,0.3214,56,0.018,30.92,20.12,20.39,30.92,0.2842,-0.3846,10.07,2.02,50.00,DO_NOTHING,--,0.00,EXECUTING,107,5.816,-0.0190,-0.0100,5.9625,-2.5652,-2.4110,0.018
236.709,230.654,0.989,RETURN_HOME,diverged1,3.7244,-2.0437,2.3925,0.314662,0.542951,0.332061,0.316,168,8.0372,5.9712,-1.6685,-0.484,0.00000,8.3395,-3.5769,-2.3447,0.2896,-0.3751,0.006,0.3128,0.7500,0.3571,56,0.016,30.92,20.16,20.34,30.85,0.3000,-0.2821,10.02,2.02,50.00,DO_NOTHING,--,0.00,EXECUTING,118,6.220,-0.0190,-0.0100,5.9406,-2.5840,-2.4390,0.016
236.809,230.754,0.995,RETURN_HOME,diverged1,3.7244,-2.0437,2.3925,0.314662,0.542951,0.332061,0.416,168,8.0372,5.9712,-1.6685,-0.484,0.00000,8.3185,-3.5978,-2.3729,0.3306,-0.3138,0.006,0.3167,0.7434,0.3704,54,0.016,30.98,20.20,20.39,30.98,0.2842,-0.2821,10.00,2.02,49.90,DO_NOTHING,--,0.00,EXECUTING,118,6.220,-0.0190,-0.0100,5.9176,-2.6030,-2.4594,0.016
236.909,230.856,0.996,RETURN_HOME,diverged1,3.7244,-2.0437,2.3925,0.314662,0.542951,0.332061,0.518,168,8.0372,5.9712,-1.6685,-0.482,0.00000,8.2975,-3.6176,-2.4020,0.3916,-0.3929,0.008,0.3229,0.7500,0.3455,55,0.018,30.92,20.08,20.34,30.92,0.3000,-0.3333,10.02,2.02,50.10,DO_NOTHING,--,0.00,EXECUTING,118,6.220,-0.0190,-0.0100,5.8952,-2.6209,-2.4797,0.018
237.008,230.950,0.991,RETURN_HOME,diverged1,3.7244,-2.0437,2.3925,0.314662,0.542951,0.332061,0.612,168,8.0372,5.9712,-1.6685,-0.388,0.00000,8.2753,-3.6372,-2.4335,0.2959,-0.3149,0.002,0.3070,0.7000,0.3571,56,0.012,30.85,20.16,20.30,30.79,0.2842,-0.1795,10.06,1.00,50.00,DO_NOTHING,--,0.00,EXECUTING,118,6.220,-0.0190,-0.0100,5.8716,-2.6390,-2.5025,0.012
237.109,231.050,0.993,RETURN_HOME,diverged1,3.6799,-1.8894,2.1678,0.379169,0.666394,0.402577,0.112,169,8.2314,5.9218,-1.6846,-0.488,0.20043,8.2536,-3.6554,-2.4511,0.3863,-0.2396,0.002,0.3068,0.7036,0.3571,56,0.012,30.85,20.16,20.17,30.79,0.2842,-0.1795,10.02,1.68,50.10,DO_NOTHING,--,0.00,EXECUTING,118,6.220,-0.0190,-0.0100,5.8488,-2.6558,-2.5154,0.012
237.209,231.148,0.986,RETURN_HOME,diverged1,3.6799,-1.8894,2.1678,0.379169,0.666394,0.402577,0.210,169,8.2314,5.9218,-1.6846,-0.390,0.00000,8.2361,-3.6697,-2.4648,0.2806,-0.1697,0.020,0.2944,0.7000,0.3929,56,0.010,30.79,20.20,20.21,30.98,0.2842,-0.1795,10.02,1.68,50.00,DO_NOTHING,--,0.00,EXECUTING,118,6.220,-0.0190,-0.0100,5.8259,-2.6723,-2.5273,0.010
237.308,231.246,0.986,RETURN_HOME,diverged1,3.6799,-1.8894,2.1678,0.379169,0.666394,0.402577,0.308,169,8.2314,5.9218,-1.6846,-0.392,0.00000,8.2139,-3.6872,-2.4818,0.2921,-0.1750,0.020,0.2998,0.7000,0.3571,56,0.008,30.92,20.24,20.26,30.92,0.2842,-0.1795,10.04,1.68,50.10,DO_NOTHING,--,0.00,EXECUTING,118,6.220,-0.0190,-0.0100,5.8029,-2.6886,-2.5390,0.008
237.409,231.342,0.985,RETURN_HOME,diverged1,3.6799,-1.8894,2.1678,0.379169,0.666394,0.402577,0.404,169,8.2314,5.9218,-1.6846,-0.396,0.00000,8.1916,-3.7042,-2.4982,0.2782,-0.1634,0.014,0.3024,0.7000,0.3455,55,0.004,31.05,20.28,20.83,31.05,0.2211,-0.0256,10.10,1.68,50.00,DO_NOTHING,--,0.00,EXECUTING,118,6.220,-0.0190,-0.0100,5.7801,-2.7043,-2.5501,0.004
237.509,231.442,0.984,RETURN_HOME,diverged1,3.6799,-1.8894,2.1678,0.379169,0.666394,0.402577,0.504,169,8.2314,5.9218,-1.6846,-0.396,0.00000,8.1733,-3.7179,-2.5021,0.2393,-0.0411,0.016,0.2929,0.6500,0.3818,55,0.104,31.18,20.28,20.52,31.18,0.3000,-0.3333,10.07,1.00,50.00,DO_NOTHING,--,0.00,EXECUTING,118,6.220,-0.0190,-0.0100,5.7609,-2.7171,-2.5528,0.004
237.609,231.542,0.986,RETURN_HOME,diverged1,3.6799,-1.8894,2.1678,0.379169,0.666394,0.402577,0.604,169,8.2314,5.9218,-1.6846,-0.396,0.00000,8.1501,-3.7348,-2.5178,0.2945,-0.1627,0.014,0.2867,0.6000,0.4182,55,0.104,31.18,20.28,20.56,31.18,0.1895,0.0000,9.98,1.00,50.00,DO_NOTHING,--,0.00,EXECUTING,118,6.220,-0.0190,-0.0100,5.7372,-2.7329,-2.5641,0.004
237.709,231.644,0.989,RETURN_HOME,diverged1,3.6799,-1.8894,2.1678,0.379169,0.666394,0.402577,0.706,169,8.2314,5.9218,-1.6846,-0.394,0.00000,8.1342,-3.7463,-2.5197,0.1979,-0.0195,0.016,0.2809,0.6362,0.4074,54,0.106,31.12,20.28,20.47,31.05,0.1737,0.0000,9.87,1.00,49.90,DO_NOTHING,--,0.00,EXECUTING,118,6.220,-0.0190,-0.0100,5.7213,-2.7432,-2.5650,0.006
237.809,231.742,0.988,RETURN_HOME,diverged1,3.6799,-1.8894,2.1678,0.379169,0.666394,0.402577,0.804,169,8.2314,5.9218,-1.6846,-0.396,0.00000,8.1197,-3.7567,-2.5202,0.1982,-0.0056,0.014,0.2799,0.6500,0.4444,54,0.104,30.72,20.20,20.21,30.66,0.2842,-0.3846,9.98,1.00,50.10,DO_NOTHING,--,0.00,EXECUTING,126,6.742,-0.0190,-0.0100,5.7059,-2.7532,-2.5658,0.004
237.908,231.842,0.986,RETURN_HOME,diverged1,3.6799,-1.8894,2.1678,0.379169,0.666394,0.402577,0.904,169,8.2314,5.9218,-1.6846,-0.396,0.00000,8.0979,-3.7720,-2.5345,0.3041,-0.1580,0.016,0.2760,0.6000,0.4545,55,0.104,30.79,20.24,20.21,30.79,0.2684,-0.3846,9.89,1.00,50.00,DO_NOTHING,--,0.00,EXECUTING,126,6.742,-0.0190,-0.0100,5.6832,-2.7677,-2.5779,0.004
238.009,231.938,0.987,RETURN_HOME,diverged1,3.6799,-1.8894,2.1678,0.379169,0.666394,0.402577,1.000,169,8.2314,5.9218,-1.6846,-0.400,0.00000,8.0764,-3.7865,-2.5646,0.2575,-0.2985,0.010,0.2719,0.6000,0.4074,54,0.100,30.72,20.16,20.17,30.66,0.1421,0.0000,9.98,1.00,50.00,DO_NOTHING,--,0.00,EXECUTING,126,6.742,-0.0190,-0.0100,5.6617,-2.7812,-2.5992,0.000
238.109,232.032,0.982,RETURN_HOME,diverged1,3.6799,-1.8894,2.1678,0.379169,0.666394,0.402577,1.094,169,8.2314,5.9218,-1.6846,-0.406,0.00000,8.0630,-3.7951,-2.5792,0.1640,-0.1521,0.004,0.2644,0.6000,0.4464,56,0.094,30.79,20.41,20.17,30.79,0.1434,-0.1600,10.02,0.00,50.00,DO_NOTHING,--,0.00,EXECUTING,126,6.742,-0.0190,-0.0100,5.6510,-2.7876,-2.6078,0.014
238.208,232.132,0.985,RETURN_HOME,diverged1,3.6799,-1.8894,2.1678,0.379169,0.666394,0.402577,1.194,169,8.2314,5.9218,-1.6846,-0.406,0.00000,8.0507,-3.8027,-2.5950,0.1464,-0.1602,0.004,0.2535,0.5750,0.4464,56,0.094,30.72,20.33,20.13,30.72,0.1434,-0.1600,9.91,0.00,50.00,DO_NOTHING,--,0.00,EXECUTING,126,6.742,-0.0190,-0.0100,5.6384,-2.7946,-2.6201,0.014
238.309,232.226,0.982,RETURN_HOME,diverged1,3.6799,-1.8894,2.1678,0.379169,0.666394,0.402577,1.288,169,8.2314,5.9218,-1.6846,-0.412,0.00000,8.0405,-3.8089,-2.6080,0.1482,-0.1621,0.018,0.2515,0.5500,0.4286,56,0.088,31.12,20.45,20.70,31.18,0.2842,-0.5385,10.00,0.00,49.90,DO_NOTHING,--,0.00,EXECUTING,126,6.742,-0.0190,-0.0100,5.6252,-2.8017,-2.6331,0.008
238.409,232.326,0.982,RETURN_HOME,diverged1,3.6799,-1.8894,2.1678,0.379169,0.666394,0.402577,1.388,169,8.2314,5.9218,-1.6846,-0.412,0.00000,8.0192,-3.8210,-2.6359,0.2643,-0.2997,0.018,0.2500,0.6000,0.4364,55,0.088,31.05,20.41,20.74,31.12,0.2684,-0.4872,9.93,0.00,50.00,DO_NOTHING,--,0.00,EXECUTING,126,6.742,-0.0190,-0.0100,5.6029,-2.8127,-2.6577,0.008
238.509,232.418,0.973,RETURN_HOME,diverged1,3.5916,-1.6195,1.9300,0.563870,0.829907,0.483094,0.080,170,8.4518,5.8103,-1.7047,-0.420,0.24700,7.9953,-3.8336,-2.6802,0.2696,-0.4431,0.010,0.2437,0.5500,0.4444,54,0.080,31.38,20.58,20.96,31.38,0.3000,-0.4872,10.00,1.00,50.00,DO_NOTHING,--,0.00,EXECUTING,126,6.742,-0.0190,-0.0100,5.5788,-2.8238,-2.6930,0.000
238.609,232.518,0.976,RETURN_HOME,diverged1,3.5916,-1.6195,1.9300,0.563870,0.829907,0.483094,0.180,170,8.4518,5.8103,-1.7047,-0.420,0.00000,7.9683,-3.8462,-2.7268,0.3032,-0.4736,0.010,0.2310,0.5500,0.4364,55,0.080,31.73,20.53,20.70,31.73,0.3000,-0.4359,10.09,1.00,50.00,DO_NOTHING,--,0.00,EXECUTING,126,6.742,-0.0190,-0.0100,5.5518,-2.8346,-2.7304,0.000
238.709,232.614,0.970,RETURN_HOME,diverged1,3.5916,-1.6195,1.9300,0.563870,0.829907,0.483094,0.276,170,8.4518,5.8103,-1.7047,-0.424,0.00000,7.9410,-3.8575,-2.7704,0.3024,-0.4467,0.008,0.2265,0.5000,0.4545,55,0.076,31.78,20.62,21.14,31.78,0.2842,-0.4359,10.04,1.00,50.20,DO_NOTHING,--,0.00,EXECUTING,126,6.742,-0.0190,-0.0100,5.5299,-2.8424,-2.7594,0.016
238.809,232.716,0.971,RETURN_HOME,diverged1,3.5916,-1.6195,1.9300,0.563870,0.829907,0.483094,0.378,170,8.4518,5.8103,-1.7047,-0.422,0.00000,7.9143,-3.8673,-2.8139,0.3855,-0.5908,0.008,0.2141,0.5000,0.4727,55,0.078,31.52,20.62,20.65,32.54,0.2842,-0.4359,10.14,1.00,49.90,DO_NOTHING,--,0.00,EXECUTING,126,6.742,-0.0190,-0.0100,5.5033,-2.8506,-2.7967,0.018
238.909,232.810,0.969,RETURN_HOME,diverged1,3.5916,-1.6195,1.9300,0.563870,0.829907,0.483094,0.472,170,8.4518,5.8103,-1.7047,-0.428,0.00000,7.8872,-3.8758,-2.8575,0.3292,-0.5049,0.008,0.2207,0.5000,0.4909,55,0.072,31.73,20.70,20.79,32.75,0.2842,-0.4359,10.00,1.00,50.00,DO_NOTHING,--,0.00,EXECUTING,108,5.886,-0.0190,-0.0100,5.4764,-2.8573,-2.8349,0.012
239.009,232.910,0.976,RETURN_HOME,diverged1,3.5700,-1.4689,1.7166,0.641479,0.813715,0.496575,0.072,171,8.3978,5.8663,-1.6955,-0.428,0.07780,7.8597,-3.8832,-2.9011,0.2783,-0.4268,0.002,0.2095,0.4776,0.4643,56,0.072,31.94,20.70,20.93,32.82,0.2842,-0.4359,9.98,1.98,50.00,DO_NOTHING,--,0.00,EXECUTING,108,5.886,-0.0190,-0.0100,5.4492,-2.8627,-2.8740,0.012
239.109,233.006,0.975,RETURN_HOME,diverged1,3.5700,-1.4689,1.7166,0.641479,0.813715,0.496575,0.168,171,8.3978,5.8663,-1.6955,-0.432,0.00000,7.8324,-3.8893,-2.9430,0.2914,-0.4363,0.000,0.2150,0.5000,0.4909,55,0.068,30.85,20.41,20.21,31.91,0.2842,-0.4359,10.07,1.98,50.10,DO_NOTHING,--,0.00,EXECUTING,108,5.886,-0.0190,-0.0100,5.4219,-2.8668,-2.9128,0.008
239.208,233.110,0.983,RETURN_HOME,diverged1,3.5700,-1.4689,1.7166,0.641479,0.813715,0.496575,0.272,171,8.3978,5.8663,-1.6955,-0.428,0.00000,7.8045,-3.8943,-2.9866,0.2818,-0.4319,0.002,0.2232,0.5241,0.4727,55,0.072,30.92,20.45,20.30,31.98,0.2842,-0.4359,10.00,1.98,50.00,DO_NOTHING,--,0.00,EXECUTING,108,5.886,-0.0190,-0.0100,5.3941,-2.8696,-2.9535,0.012
239.309,233.210,0.982,RETURN_HOME,diverged1,3.5700,-1.4689,1.7166,0.641479,0.813715,0.496575,0.372,171,8.3978,5.8663,-1.6955,-0.428,0.00000,7.7767,-3.8980,-3.0288,0.2895,-0.4359,0.004,0.2248,0.5373,0.4815,54,0.072,31.05,20.45,20.34,32.12,0.2842,-0.4359,10.04,1.98,49.90,DO_NOTHING,--,0.00,EXECUTING,108,5.886,-0.0190,-0.0100,5.3663,-2.8711,-2.9946,0.012
239.409,233.310,0.984,RETURN_HOME,diverged1,3.5700,-1.4689,1.7166,0.641479,0.813715,0.496575,0.472,171,8.3978,5.8663,-1.6955,-0.428,0.00000,7.7484,-3.9006,-3.0722,0.2816,-0.4304,0.002,0.2372,0.5809,0.4364,55,0.072,30.72,20.33,20.13,31.71,0.2842,-0.4359,9.96,1.98,50.00,DO_NOTHING,--,0.00,EXECUTING,108,5.886,-0.0190,-0.0100,5.3381,-2.8711,-3.0374,0.012
239.509,233.412,0.994,RETURN_HOME,diverged1,3.5932,-1.3306,1.5047,0.714426,0.825222,0.493904,0.074,172,8.4116,5.8741,-1.6934,-0.426,0.01579,7.7201,-3.9020,-3.1150,0.2947,-0.4453,0.006,0.2113,0.4528,0.4906,53,0.074,30.15,20.17,19.75,31.25,0.2842,-0.4359,10.02,1.99,50.10,DO_NOTHING,--,0.00,EXECUTING,108,5.886,-0.0190,-0.0100,5.3098,-2.8696,-3.0815,0.014
239.609,233.510,0.996,RETURN_HOME,diverged1,3.5932,-1.3306,1.5047,0.714426,0.825222,0.493904,0.172,172,8.4116,5.8741,-1.6934,-0.428,0.00000,7.6918,-3.9021,3.1251,0.2788,-0.4242,0.002,0.2535,0.6054,0.4000,55,0.072,30.79,20.16,20.17,31.85,0.2842,-0.4359,9.98,1.99,50.10,DO_NOTHING,--,0.00,EXECUTING,108,5.886,-0.0190,-0.0100,5.2814,-2.8666,-3.1268,0.012
239.709,233.608,0.994,RETURN_HOME,diverged1,3.5932,-1.3306,1.5047,0.714426,0.825222,0.493904,0.270,172,8.4116,5.8741,-1.6934,-0.430,0.00000,7.6637,-3.9010,3.0812,0.3224,-0.5022,0.002,0.2397,0.5000,0.4151,53,0.070,30.84,20.21,20.13,31.66,0.2842,-0.4359,10.00,1.99,50.00,DO_NOTHING,--,0.00,EXECUTING,108,5.886,-0.0190,-0.0100,5.2532,-2.8624,3.1108,0.010
239.808,233.710,0.994,RETURN_HOME,diverged1,3.5932,-1.3306,1.5047,0.714426,0.825222,0.493904,0.372,172,8.4116,5.8741,-1.6934,-0.428,0.00000,7.6447,-3.8996,3.0522,0.1887,-0.2867,0.002,0.2573,0.5622,0.3818,55,0.072,30.33,20.00,19.87,30.33,0.0342,-0.1159,10.02,1.99,50.10,DO_NOTHING,--,0.00,EXECUTING,108,5.886,-0.0190,-0.0100,5.2317,-2.8588,3.0805,0.012
239.909,233.810,1.000,RETURN_HOME,diverged1,3.5932,-1.3306,1.5047,0.714426,0.825222,0.493904,0.472,172,8.4116,5.8741,-1.6934,-0.428,0.00000,7.6426,-3.8994,3.0521,0.0216,-0.0025,0.002,0.2439,0.5000,0.3962,53,0.072,29.41,18.91,20.04,29.35,0.0000,0.8974,10.02,1.99,50.00,DO_NOTHING,--,0.00,ABORTED,108,5.886,-0.0190,-0.0100,5.2283,-2.8584,3.0790,0.012
240.009,233.910,1.000,RECOVERY,diverged1,3.5932,-1.3306,1.5047,0.714426,0.825222,0.493904,0.572,172,8.4116,5.8741,-1.6934,-0.428,0.00000,7.6426,-3.8994,3.0681,0.0000,0.1612,0.002,0.2338,0.5000,0.4074,54,0.072,29.17,18.95,18.75,29.17,0.0000,0.1600,9.98,1.00,50.00,DO_NOTHING,--,0.00,ABORTED,108,5.886,-0.0190,-0.0100,5.2283,-2.8596,3.0949,0.012
240.109,234.008,0.998,RECOVERY,diverged1,3.5932,-1.3306,1.5047,0.714426,0.825222,0.493904,0.670,172,8.4116,5.8741,-1.6934,-0.430,0.00000,7.6426,-3.8994,3.0801,0.0000,0.1213,0.000,0.2468,0.5371,0.3636,55,0.070,28.13,18.91,18.75,27.33,0.0000,0.0000,9.98,1.00,50.10,DO_NOTHING,--,0.00,ABORTED,108,5.886,-0.0190,-0.0100,5.2283,-2.8609,3.1090,0.010
240.208,234.110,1.000,RECOVERY,diverged1,3.5932,-1.3306,1.5047,0.714426,0.825222,0.493904,0.772,172,8.4116,5.8741,-1.6934,-0.428,0.00000,7.6426,-3.8994,3.0801,-0.0000,-0.0000,0.002,0.2542,0.5463,0.3636,55,0.072,27.03,18.95,18.75,25.20,0.0000,0.0000,9.96,1.00,50.00,DO_NOTHING,--,0.00,ABORTED,108,5.886,-0.0190,-0.0100,5.2283,-2.8609,3.1090,0.012
