t_wall,t_sim,tag,state,verdict,reason,degraded,healthy,held,d,near,beams,mapped,sigma,mo_age,arb_mode,arb_active,wheel_vx,wheel_wz,gt_x,gt_y,gt_yaw
11609.195,0.000,exp1,--,--,--,--,--,--,--,--,--,--,--,--,idle,none,nan,nan,-2.0000,0.0000,0.0000
11609.201,0.008,exp1,--,--,--,--,--,--,--,--,--,--,--,--,idle,none,nan,nan,-2.0000,0.0000,0.0000
11609.303,0.108,exp1,--,STALE,POSE_STALE,1,0,42.40,0.016,0.983,60,1,0.000,-0.40,idle,none,nan,nan,-2.0000,0.0000,0.0000
11609.401,0.208,exp1,IDLE,STALE,POSE_STALE,1,0,42.50,0.016,0.983,60,1,0.000,-0.40,idle,none,nan,nan,-2.0000,0.0000,0.0000
11609.511,0.314,exp1,IDLE,STALE,POSE_STALE,1,0,42.60,0.016,0.983,60,1,0.000,-0.40,idle,none,nan,nan,-2.0000,0.0000,0.0000
11609.601,0.408,exp1,IDLE,STALE,POSE_STALE,1,0,42.70,0.016,0.983,60,1,0.000,-0.40,idle,none,nan,nan,-2.0000,0.0000,0.0000
11609.716,0.508,exp1,IDLE,STALE,POSE_STALE,1,0,42.80,0.016,0.983,60,1,0.000,-0.40,idle,none,nan,nan,-2.0000,0.0000,0.0000
11609.814,0.608,exp1,IDLE,STALE,POSE_STALE,1,0,42.90,0.016,0.983,60,1,0.000,-0.40,idle,none,nan,nan,-2.0000,0.0000,0.0000
11609.928,0.708,exp1,IDLE,STALE,POSE_STALE,1,0,43.00,0.016,0.983,60,1,0.000,-0.40,idle,none,nan,nan,-2.0000,0.0000,0.0000
11610.030,0.808,exp1,IDLE,STALE,POSE_STALE,1,0,43.10,0.016,0.983,60,1,0.000,-0.40,idle,none,nan,nan,-2.0000,0.0000,0.0000
11610.146,0.908,exp1,IDLE,STALE,POSE_STALE,1,0,43.20,0.016,0.983,60,1,0.000,-0.40,idle,none,nan,nan,-2.0000,0.0000,0.0000
11610.246,1.008,exp1,IDLE,STALE,POSE_STALE,1,0,43.30,0.016,0.983,60,1,0.000,-0.40,idle,none,nan,nan,-2.0000,0.0000,0.0000
11610.347,1.108,exp1,IDLE,STALE,POSE_STALE,1,0,43.40,0.016,0.983,60,1,0.000,-0.40,idle,none,nan,nan,-2.0000,0.0000,0.0000
11610.446,1.208,exp1,IDLE,STALE,POSE_STALE,1,0,43.50,0.016,0.983,60,1,0.000,-0.40,idle,none,nan,nan,-2.0000,0.0000,0.0000
11610.546,1.308,exp1,IDLE,STALE,POSE_STALE,1,0,43.60,0.016,0.983,60,1,0.000,-0.40,idle,none,nan,nan,-2.0000,0.0000,0.0000
11610.646,1.408,exp1,IDLE,STALE,POSE_STALE,1,0,43.70,0.016,0.983,60,1,0.000,-0.40,idle,none,nan,nan,-2.0000,0.0000,0.0000
11610.756,1.508,exp1,IDLE,STALE,POSE_STALE,1,0,43.80,0.016,0.983,60,1,0.000,-0.40,idle,none,nan,nan,-2.0000,0.0000,0.0000
11610.859,1.608,exp1,IDLE,STALE,POSE_STALE,1,0,43.90,0.016,0.983,60,1,0.000,-0.40,idle,none,nan,nan,-2.0000,0.0000,0.0000
11610.967,1.708,exp1,IDLE,STALE,POSE_STALE,1,0,44.00,0.016,0.983,60,1,0.000,-0.40,idle,none,nan,nan,-2.0000,0.0000,0.0000
11611.068,1.808,exp1,IDLE,STALE,POSE_STALE,1,0,44.10,0.016,0.983,60,1,0.000,-0.40,idle,none,nan,nan,-2.0000,0.0000,0.0000
11611.179,1.908,exp1,IDLE,STALE,POSE_STALE,1,0,44.20,0.016,0.983,60,1,0.000,-0.40,idle,none,nan,nan,-2.0000,0.0000,0.0000
11611.282,2.008,exp1,IDLE,STALE,POSE_STALE,1,0,44.30,0.016,0.983,60,1,0.000,-0.40,idle,none,nan,nan,-2.0000,0.0000,0.0000
11611.392,2.108,exp1,IDLE,STALE,POSE_STALE,1,0,44.40,0.016,0.983,60,1,0.000,-0.40,idle,none,nan,nan,-2.0000,0.0000,0.0000
11611.497,2.208,exp1,IDLE,STALE,POSE_STALE,1,0,44.50,0.016,0.983,60,1,0.000,-0.40,idle,none,nan,nan,-2.0000,0.0000,0.0000
11611.609,2.308,exp1,IDLE,STALE,POSE_STALE,1,0,44.60,0.016,0.983,60,1,0.000,-0.40,idle,none,nan,nan,-2.0000,0.0000,0.0000
11611.708,2.408,exp1,IDLE,STALE,POSE_STALE,1,0,44.70,0.016,0.983,60,1,0.000,-0.40,idle,none,nan,nan,-2.0000,0.0000,0.0000
11611.829,2.510,exp1,IDLE,STALE,POSE_STALE,1,0,44.90,0.016,0.983,60,1,0.000,-0.40,idle,none,nan,nan,-2.0000,0.0000,0.0000
11611.927,2.608,exp1,IDLE,STALE,POSE_STALE,1,0,44.90,0.016,0.983,60,1,0.000,-0.40,idle,none,nan,nan,-2.0000,0.0000,0.0000
11612.026,2.708,exp1,IDLE,STALE,POSE_STALE,1,0,45.00,0.016,0.983,60,1,0.000,-0.40,idle,none,nan,nan,-2.0000,0.0000,0.0000
11612.140,2.808,exp1,IDLE,STALE,POSE_STALE,1,0,45.10,0.016,0.983,60,1,0.000,-0.40,idle,none,nan,nan,-2.0000,0.0000,0.0000
11612.277,2.908,exp1,IDLE,STALE,POSE_STALE,1,0,45.20,0.016,0.983,60,1,0.000,-0.40,idle,none,nan,nan,-2.0000,0.0000,0.0000
11612.380,3.008,exp1,IDLE,STALE,POSE_STALE,1,0,45.30,0.016,0.983,60,1,0.000,-0.40,idle,none,nan,nan,-2.0000,0.0000,0.0000
11612.482,3.108,exp1,LOCALIZE,STALE,POSE_STALE,1,0,45.40,0.016,0.983,60,1,0.000,-0.40,idle,none,nan,nan,-2.0000,0.0000,0.0000
11612.582,3.208,exp1,NAVIGATE_TO_RAMP,STALE,POSE_STALE,1,0,45.50,0.016,0.983,60,1,0.000,-0.40,idle,none,nan,nan,-2.0000,0.0000,0.0000
11612.684,3.308,exp1,NAVIGATE_TO_RAMP,STALE,POSE_STALE,1,0,45.60,0.016,0.983,60,1,0.000,-0.40,idle,none,0.2684,-0.0769,-1.9991,-0.0001,-0.0010
11612.785,3.408,exp1,NAVIGATE_TO_RAMP,STALE,POSE_STALE,1,0,45.70,0.016,0.983,60,1,0.000,-0.40,nav,nav,0.1250,-0.0769,-1.9867,-0.0005,-0.0058
11612.884,3.508,exp1,NAVIGATE_TO_RAMP,STALE,POSE_STALE,1,0,45.80,0.018,0.983,60,1,0.000,-0.40,nav,nav,0.2500,-0.0769,-1.9723,-0.0009,-0.0111
11612.991,3.608,exp1,NAVIGATE_TO_RAMP,STALE,POSE_STALE,1,0,45.90,0.017,0.983,60,1,0.000,-0.40,nav,nav,0.2526,0.0256,-1.9484,-0.0014,-0.0132
11613.091,3.708,exp1,NAVIGATE_TO_RAMP,STALE,POSE_STALE,1,0,46.00,0.012,0.967,60,1,0.000,-0.40,nav,nav,0.3000,0.0769,-1.9218,-0.0015,-0.0103
11613.191,3.808,exp1,NAVIGATE_TO_RAMP,STALE,POSE_STALE,1,0,46.10,0.011,0.983,60,1,0.000,-0.40,nav,nav,0.2842,0.0256,-1.8925,-0.0012,-0.0042
11613.291,3.908,exp1,NAVIGATE_TO_RAMP,STALE,POSE_STALE,1,0,46.20,0.011,0.967,60,1,0.000,-0.40,nav,nav,0.3000,0.0256,-1.8634,-0.0010,-0.0016
11613.404,4.008,exp1,NAVIGATE_TO_RAMP,STALE,POSE_STALE,1,0,46.30,0.008,1.000,60,1,0.000,-0.40,nav,nav,0.3000,0.0256,-1.8339,-0.0008,0.0009
11613.503,4.108,exp1,NAVIGATE_TO_RAMP,STALE,POSE_STALE,1,0,46.40,0.006,1.000,60,1,0.000,-0.40,nav,nav,0.3000,0.0256,-1.8039,-0.0005,0.0036
11613.609,4.208,exp1,NAVIGATE_TO_RAMP,STALE,POSE_STALE,1,0,46.50,0.006,1.000,60,1,0.000,-0.40,nav,nav,0.2684,0.0256,-1.7757,-0.0002,0.0061
11613.712,4.308,exp1,NAVIGATE_TO_RAMP,STALE,POSE_STALE,1,0,46.60,0.006,1.000,60,1,0.000,-0.40,nav,nav,0.2526,0.0256,-1.7498,0.0002,0.0088
11613.811,4.408,exp1,NAVIGATE_TO_RAMP,STALE,POSE_STALE,1,0,46.70,0.005,1.000,60,1,0.000,-0.40,nav,nav,0.2368,0.0256,-1.7254,0.0007,0.0114
11613.911,4.508,exp1,NAVIGATE_TO_RAMP,CONSISTENT,OK,0,0,0.00,0.008,0.983,60,1,0.112,-0.40,nav,nav,0.2211,0.0000,-1.7026,0.0011,0.0125
11614.011,4.608,exp1,NAVIGATE_TO_RAMP,CONSISTENT,OK,0,0,0.10,0.008,0.983,60,1,0.112,-0.40,nav,nav,0.3000,0.0000,-1.6771,0.0014,0.0125
11614.114,4.708,exp1,NAVIGATE_TO_RAMP,CONSISTENT,OK,0,0,0.20,0.008,0.983,60,1,0.112,-0.40,nav,nav,0.2842,0.0000,-1.6481,0.0018,0.0125
11614.229,4.808,exp1,NAVIGATE_TO_RAMP,CONSISTENT,OK,0,0,0.30,0.009,0.983,60,1,0.112,-0.40,nav,nav,0.2842,0.0000,-1.6186,0.0021,0.0125
11614.328,4.908,exp1,NAVIGATE_TO_RAMP,CONSISTENT,OK,0,0,0.40,0.004,0.983,60,1,0.112,-0.40,nav,nav,0.2842,0.0000,-1.5898,0.0025,0.0125
11614.447,5.008,exp1,NAVIGATE_TO_RAMP,CONSISTENT,OK,0,0,0.50,0.004,0.983,60,1,0.112,-0.40,nav,nav,0.2842,0.0000,-1.5614,0.0028,0.0125
11614.547,5.108,exp1,NAVIGATE_TO_RAMP,CONSISTENT,OK,0,0,0.60,0.004,0.983,60,1,0.112,-0.40,nav,nav,0.3000,0.0000,-1.5330,0.0032,0.0125
11614.654,5.208,exp1,NAVIGATE_TO_RAMP,CONSISTENT,OK,0,0,0.70,0.005,0.983,60,1,0.112,-0.40,nav,nav,0.2842,0.0000,-1.5031,0.0036,0.0125
11614.757,5.308,exp1,NAVIGATE_TO_RAMP,CONSISTENT,OK,0,0,0.80,0.006,0.983,60,1,0.112,-0.40,nav,nav,0.3000,0.0000,-1.4747,0.0039,0.0125
11614.861,5.408,exp1,NAVIGATE_TO_RAMP,CONSISTENT,OK,0,0,0.90,0.006,0.983,60,1,0.112,-0.40,nav,nav,0.2842,0.0000,-1.4449,0.0043,0.0125
11614.961,5.508,exp1,NAVIGATE_TO_RAMP,CONSISTENT,OK,0,0,1.00,0.004,0.983,60,1,0.172,-0.40,nav,nav,0.2842,0.0000,-1.4165,0.0046,0.0125
11615.064,5.608,exp1,NAVIGATE_TO_RAMP,CONSISTENT,OK,0,0,1.10,0.003,1.000,60,1,0.172,-0.40,nav,nav,0.3000,0.0000,-1.3879,0.0050,0.0125
11615.164,5.708,exp1,NAVIGATE_TO_RAMP,CONSISTENT,OK,0,0,1.20,0.002,1.000,60,1,0.172,-0.40,nav,nav,0.3000,0.0000,-1.3580,0.0054,0.0125
11615.266,5.808,exp1,NAVIGATE_TO_RAMP,CONSISTENT,OK,0,0,1.30,0.002,1.000,60,1,0.172,-0.40,nav,nav,0.3000,0.0000,-1.3282,0.0057,0.0125
11615.375,5.908,exp1,NAVIGATE_TO_RAMP,CONSISTENT,OK,0,0,1.40,0.013,1.000,60,1,0.172,-0.40,nav,nav,0.2842,0.0000,-1.2985,0.0061,0.0125
11615.471,6.008,exp1,NAVIGATE_TO_RAMP,CONSISTENT,OK,0,0,1.50,0.016,1.000,60,1,0.172,-0.40,nav,nav,0.3000,0.0000,-1.2698,0.0065,0.0125
11615.571,6.108,exp1,NAVIGATE_TO_RAMP,CONSISTENT,OK,0,0,1.60,0.017,1.000,60,1,0.172,-0.40,nav,nav,0.2684,0.0000,-1.2403,0.0068,0.0125
11615.670,6.208,exp1,NAVIGATE_TO_RAMP,CONSISTENT,OK,0,0,1.70,0.017,1.000,60,1,0.172,-0.40,nav,nav,0.2684,0.0000,-1.2132,0.0072,0.0125
11615.770,6.308,exp1,NAVIGATE_TO_RAMP,CONSISTENT,OK,0,0,1.80,0.018,1.000,60,1,0.172,-0.40,nav,nav,0.3000,0.0000,-1.1858,0.0075,0.0125
11615.870,6.408,exp1,NAVIGATE_TO_RAMP,CONSISTENT,OK,0,0,1.90,0.020,1.000,60,1,0.214,-0.40,nav,nav,0.3000,0.0000,-1.1561,0.0079,0.0125
11615.975,6.510,exp1,NAVIGATE_TO_RAMP,CONSISTENT,OK,0,0,2.00,0.020,1.000,60,1,0.214,-0.40,nav,nav,0.3000,-0.0769,-1.1261,0.0082,0.0113
11616.070,6.608,exp1,NAVIGATE_TO_RAMP,CONSISTENT,OK,0,0,2.10,0.021,1.000,60,1,0.214,-0.40,nav,nav,0.2842,-0.0769,-1.0964,0.0078,0.0034
11616.174,6.708,exp1,NAVIGATE_TO_RAMP,CONSISTENT,OK,0,0,2.20,0.023,1.000,60,1,0.214,-0.40,nav,nav,0.3000,-0.1282,-1.0678,0.0070,-0.0051
11616.273,6.808,exp1,NAVIGATE_TO_RAMP,CONSISTENT,OK,0,0,2.30,0.026,1.000,60,1,0.214,-0.40,nav,nav,0.2842,-0.1282,-1.0381,0.0055,-0.0185
11616.381,6.908,exp1,NAVIGATE_TO_RAMP,CONSISTENT,OK,0,0,2.40,0.026,0.983,60,1,0.214,-0.40,nav,nav,0.2842,-0.1282,-1.0095,0.0037,-0.0314
11616.479,7.008,exp1,NAVIGATE_TO_RAMP,CONSISTENT,OK,0,0,2.50,0.028,0.983,60,1,0.214,-0.40,nav,nav,0.2684,-0.0769,-0.9815,0.0016,-0.0433
11616.591,7.108,exp1,NAVIGATE_TO_RAMP,CONSISTENT,OK,0,0,2.60,0.026,1.000,60,1,0.214,-0.40,nav,nav,0.2526,-0.0769,-0.9553,-0.0003,-0.0511
11616.695,7.208,exp1,NAVIGATE_TO_RAMP,CONSISTENT,OK,0,0,2.70,0.023,1.000,60,1,0.214,-0.40,nav,nav,0.2684,-0.1282,-0.9296,-0.0025,-0.0604
11616.803,7.308,exp1,NAVIGATE_TO_RAMP,CONSISTENT,OK,0,0,2.80,0.024,1.000,60,1,0.231,-0.40,nav,nav,0.3000,-0.1795,-0.9016,-0.0055,-0.0741
11616.904,7.408,exp1,NAVIGATE_TO_RAMP,CONSISTENT,OK,0,0,2.90,0.024,1.000,60,1,0.231,-0.40,nav,nav,0.2842,-0.1795,-0.8724,-0.0095,-0.0921
11617.010,7.508,exp1,NAVIGATE_TO_RAMP,CONSISTENT,OK,0,1,3.00,0.026,0.983,60,1,0.231,-0.40,nav,nav,0.3000,-0.1795,-0.8433,-0.0139,-0.1097
11617.111,7.608,exp1,NAVIGATE_TO_RAMP,CONSISTENT,OK,0,1,3.10,0.025,1.000,60,1,0.231,-0.40,nav,nav,0.3000,-0.1282,-0.8135,-0.0187,-0.1247
11617.210,7.708,exp1,NAVIGATE_TO_RAMP,CONSISTENT,OK,0,1,3.20,0.021,1.000,60,1,0.231,-0.40,nav,nav,0.3000,-0.2308,-0.7838,-0.0239,-0.1422
11617.310,7.808,exp1,NAVIGATE_TO_RAMP,CONSISTENT,OK,0,1,3.30,0.022,1.000,60,1,0.231,-0.40,nav,nav,0.3000,-0.1282,-0.7541,-0.0298,-0.1596
11617.410,7.908,exp1,NAVIGATE_TO_RAMP,CONSISTENT,OK,0,1,3.40,0.017,1.000,60,1,0.231,-0.40,nav,nav,0.2842,-0.1282,-0.7254,-0.0355,-0.1717
11617.510,8.008,exp1,NAVIGATE_TO_RAMP,CONSISTENT,OK,0,1,3.50,0.015,1.000,60,1,0.231,-0.40,nav,nav,0.3000,-0.0256,-0.6965,-0.0412,-0.1787
11617.622,8.108,exp1,NAVIGATE_TO_RAMP,CONSISTENT,OK,0,1,3.60,0.012,1.000,60,1,0.231,-0.40,nav,nav,0.3000,-0.0256,-0.6670,-0.0466,-0.1797
11617.722,8.208,exp1,NAVIGATE_TO_RAMP,CONSISTENT,OK,0,1,3.70,0.015,0.983,60,1,0.248,-0.40,nav,nav,0.3000,-0.0256,-0.6375,-0.0524,-0.1853
11617.837,8.308,exp1,NAVIGATE_TO_RAMP,CONSISTENT,OK,0,1,3.80,0.013,1.000,60,1,0.248,-0.40,nav,nav,0.2842,-0.0769,-0.6081,-0.0580,-0.1860
11617.936,8.408,exp1,NAVIGATE_TO_RAMP,CONSISTENT,OK,0,1,3.90,0.014,0.983,60,1,0.248,-0.40,nav,nav,0.3000,-0.0769,-0.5787,-0.0636,-0.1863
11618.050,8.508,exp1,NAVIGATE_TO_RAMP,CONSISTENT,OK,0,1,4.10,0.009,0.983,60,1,0.248,-0.40,nav,nav,0.2842,-0.0769,-0.5436,-0.0707,-0.1930
11618.148,8.608,exp1,NAVIGATE_TO_RAMP,CONSISTENT,OK,0,1,4.10,0.009,0.983,60,1,0.248,-0.40,nav,nav,0.3000,0.0769,-0.5213,-0.0756,-0.1988
11618.254,8.708,exp1,NAVIGATE_TO_RAMP,CONSISTENT,OK,0,1,4.20,0.009,0.983,60,1,0.248,-0.40,nav,nav,0.2684,0.1282,-0.4921,-0.0812,-0.1951
11618.391,8.808,exp1,NAVIGATE_TO_RAMP,CONSISTENT,OK,0,1,4.30,0.013,0.967,60,1,0.248,-0.40,nav,nav,0.2684,0.1282,-0.4652,-0.0862,-0.1850
11618.497,8.908,exp1,NAVIGATE_TO_RAMP,CONSISTENT,OK,0,1,4.40,0.021,0.950,60,1,0.248,-0.40,nav,nav,0.2684,0.1282,-0.4386,-0.0905,-0.1737
11618.602,9.008,exp1,NAVIGATE_TO_RAMP,CONSISTENT,OK,0,1,4.50,0.014,0.983,60,1,0.248,-0.40,nav,nav,0.2684,0.1282,-0.4119,-0.0942,-0.1615
11618.712,9.108,exp1,NAVIGATE_TO_RAMP,CONSISTENT,OK,0,1,4.60,0.014,0.983,60,1,0.265,-0.40,nav,nav,0.2684,0.1282,-0.3854,-0.0974,-0.1491
11618.812,9.208,exp1,NAVIGATE_TO_RAMP,CONSISTENT,OK,0,1,4.70,0.016,0.967,60,1,0.265,-0.40,nav,nav,0.3000,0.2821,-0.3573,-0.1000,-0.1314
11618.915,9.308,exp1,NAVIGATE_TO_RAMP,CONSISTENT,OK,0,1,4.80,0.020,0.967,60,1,0.265,-0.40,nav,nav,0.2842,0.2821,-0.3284,-0.1014,-0.1036
11619.015,9.408,exp1,NAVIGATE_TO_RAMP,CONSISTENT,OK,0,1,4.90,0.016,0.983,60,1,0.265,-0.40,nav,nav,0.3000,0.2308,-0.2992,-0.1019,-0.0782
11619.119,9.508,exp1,NAVIGATE_TO_RAMP,CONSISTENT,OK,0,1,5.00,0.020,0.967,60,1,0.265,-0.40,nav,nav,0.2684,0.2308,-0.2713,-0.1019,-0.0552
11619.226,9.608,exp1,NAVIGATE_TO_RAMP,CONSISTENT,OK,0,1,5.10,0.023,0.950,60,1,0.265,-0.40,nav,nav,0.3000,0.3846,-0.2426,-0.1006,-0.0243
11619.321,9.708,exp1,NAVIGATE_TO_RAMP,CONSISTENT,OK,0,1,5.20,0.024,0.950,60,1,0.265,-0.40,nav,nav,0.3000,0.3846,-0.2126,-0.0973,0.0164
11619.424,9.808,exp1,NAVIGATE_TO_RAMP,CONSISTENT,OK,0,1,5.30,0.026,0.933,60,1,0.265,-0.40,nav,nav,0.2842,0.2821,-0.1837,-0.0934,0.0500
11619.521,9.908,exp1,NAVIGATE_TO_RAMP,CONSISTENT,OK,0,1,5.40,0.027,0.933,60,1,0.265,-0.40,nav,nav,0.3000,0.2821,-0.1543,-0.0890,0.0786
11619.633,10.008,exp1,NAVIGATE_TO_RAMP,CONSISTENT,OK,0,1,5.50,0.025,0.967,60,1,0.278,-0.40,nav,nav,0.3000,0.2308,-0.1255,-0.0840,0.1068
11619.726,10.108,exp1,NAVIGATE_TO_RAMP,CONSISTENT,OK,0,1,5.60,0.028,0.933,60,1,0.278,-0.40,nav,nav,0.3000,0.2308,-0.0962,-0.0784,0.1312
11619.830,10.208,exp1,NAVIGATE_TO_RAMP,CONSISTENT,OK,0,1,5.70,0.024,0.967,60,1,0.278,-0.40,nav,nav,0.2842,0.4359,-0.0606,-0.0709,0.1602
11619.925,10.308,exp1,NAVIGATE_TO_RAMP,CONSISTENT,OK,0,1,5.80,0.027,0.950,60,1,0.278,-0.40,nav,nav,0.2842,0.3908,-0.0380,-0.0655,0.1860
11620.029,10.408,exp1,NAVIGATE_TO_RAMP,CONSISTENT,OK,0,1,5.90,0.029,0.917,60,1,0.278,-0.40,nav,nav,0.2842,0.3333,-0.0092,-0.0573,0.2189
11620.131,10.508,exp1,NAVIGATE_TO_RAMP,CONSISTENT,OK,0,1,6.00,0.025,0.967,60,1,0.278,-0.40,nav,nav,0.2684,0.4359,0.0188,-0.0484,0.2497
11620.245,10.608,exp1,NAVIGATE_TO_RAMP,CONSISTENT,OK,0,1,6.10,0.024,0.950,60,1,0.278,-0.40,nav,nav,0.3000,0.3846,0.0460,-0.0389,0.2795
11620.344,10.708,exp1,NAVIGATE_TO_RAMP,CONSISTENT,OK,0,1,6.20,0.030,0.950,60,1,0.283,-0.40,nav,nav,0.2842,0.3333,0.0734,-0.0287,0.3089
11620.460,10.808,exp1,NAVIGATE_TO_RAMP,CONSISTENT,OK,0,1,6.30,0.025,0.967,60,1,0.283,-0.40,nav,nav,0.2842,0.3333,0.1003,-0.0178,0.3382
11620.560,10.908,exp1,NAVIGATE_TO_RAMP,CONSISTENT,OK,0,1,6.40,0.034,0.933,60,1,0.283,-0.40,nav,nav,0.2368,0.3333,0.1253,-0.0074,0.3607
11620.660,11.008,exp1,NAVIGATE_TO_RAMP,CONSISTENT,OK,0,1,6.50,0.029,0.950,60,1,0.283,-0.40,nav,nav,0.2211,0.2821,0.1474,0.0026,0.3884
11620.760,11.108,exp1,NAVIGATE_TO_RAMP,CONSISTENT,OK,0,1,6.60,0.037,0.933,60,1,0.283,-0.40,nav,nav,0.2211,0.2821,0.1678,0.0124,0.4121
11620.861,11.208,exp1,NAVIGATE_TO_RAMP,CONSISTENT,OK,0,1,6.70,0.029,0.950,60,1,0.283,-0.40,nav,nav,0.1895,0.2821,0.1869,0.0220,0.4318
11620.960,11.308,exp1,NAVIGATE_TO_RAMP,CONSISTENT,OK,0,1,6.80,0.030,0.933,60,1,0.283,-0.40,nav,nav,0.1737,0.2308,0.2039,0.0310,0.4544
11621.080,11.408,exp1,NAVIGATE_TO_RAMP,CONSISTENT,OK,0,1,6.90,0.036,0.900,60,1,0.268,-0.40,nav,nav,0.1737,0.1795,0.2194,0.0395,0.4717
11621.181,11.508,exp1,NAVIGATE_TO_RAMP,CONSISTENT,OK,0,1,7.00,0.036,0.867,60,1,0.268,-0.40,nav,nav,0.1263,0.3395,0.2341,0.0475,0.4865
11621.293,11.608,exp1,NAVIGATE_TO_RAMP,CONSISTENT,OK,0,1,7.10,0.035,0.883,60,1,0.268,-0.40,nav,nav,0.1105,0.2308,0.2445,0.0540,0.5093
11621.393,11.708,exp1,NAVIGATE_TO_RAMP,CONSISTENT,OK,0,1,7.20,0.045,0.833,60,1,0.268,-0.40,nav,nav,0.1105,0.3846,0.2538,0.0599,0.5286
11621.500,11.808,exp1,NAVIGATE_TO_RAMP,CONSISTENT,OK,0,1,7.30,0.045,0.850,60,1,0.268,-0.40,nav,nav,0.0947,0.2308,0.2621,0.0655,0.5509
11621.601,11.908,exp1,NAVIGATE_TO_RAMP,CONSISTENT,OK,0,1,7.40,0.046,0.817,60,1,0.268,-0.40,nav,nav,0.0947,0.3333,0.2696,0.0707,0.5691
11621.715,12.008,exp1,NAVIGATE_TO_RAMP,CONSISTENT,OK,0,1,7.50,0.049,0.833,60,1,0.268,-0.40,nav,nav,0.0947,0.3333,0.2769,0.0759,0.5901
11621.818,12.108,exp1,NAVIGATE_TO_RAMP,CONSISTENT,OK,0,1,7.70,0.056,0.767,60,1,0.243,-0.40,nav,nav,0.0789,0.1733,0.2849,0.0817,0.6104
11621.923,12.208,exp1,NAVIGATE_TO_RAMP,CONSISTENT,OK,0,1,7.70,0.056,0.767,60,1,0.243,-0.40,nav,nav,0.0789,0.2821,0.2898,0.0854,0.6239
11622.022,12.308,exp1,NAVIGATE_TO_RAMP,CONSISTENT,OK,0,1,7.80,0.064,0.750,60,1,0.243,-0.40,nav,nav,0.0789,0.2821,0.2959,0.0901,0.6429
11622.126,12.408,exp1,NAVIGATE_TO_RAMP,CONSISTENT,OK,0,1,7.90,0.075,0.683,60,1,0.243,-0.40,nav,nav,0.0789,0.2821,0.3021,0.0948,0.6622
11622.226,12.508,exp1,NAVIGATE_TO_RAMP,CONSISTENT,OK,0,1,8.00,0.087,0.683,60,1,0.243,-0.40,nav,nav,0.0632,0.2308,0.3074,0.0991,0.6797
11622.330,12.608,exp1,NAVIGATE_TO_RAMP,CONSISTENT,OK,0,1,8.10,0.076,0.700,60,1,0.243,-0.40,nav,nav,0.0474,0.0256,0.3122,0.1031,0.6962
11622.430,12.708,exp1,NAVIGATE_TO_RAMP,CONSISTENT,OK,0,1,8.20,0.082,0.667,60,1,0.243,-0.40,nav,nav,0.0474,0.0000,0.3160,0.1064,0.7054
11622.530,12.808,exp1,NAVIGATE_TO_RAMP,CONSISTENT,OK,0,1,8.30,0.081,0.650,60,1,0.243,-0.40,nav,nav,0.0474,0.1795,0.3196,0.1094,0.7067
11622.633,12.908,exp1,NAVIGATE_TO_RAMP,CONSISTENT,OK,0,1,8.40,0.080,0.683,60,1,0.243,-0.40,nav,nav,0.0474,0.1795,0.3232,0.1125,0.7142
11622.732,13.008,exp1,NAVIGATE_TO_RAMP,CONSISTENT,OK,0,1,8.50,0.076,0.683,60,1,0.243,-0.40,nav,nav,0.0474,0.1795,0.3266,0.1157,0.7272
11622.838,13.108,exp1,NAVIGATE_TO_RAMP,CONSISTENT,OK,0,1,8.60,0.083,0.633,60,1,0.243,-0.40,nav,nav,0.0474,0.1795,0.3299,0.1188,0.7406
11622.940,13.208,exp1,NAVIGATE_TO_RAMP,CONSISTENT,OK,0,1,8.70,0.085,0.644,59,1,0.243,-0.40,nav,nav,0.0947,-0.0769,0.3332,0.1220,0.7542
11623.041,13.308,exp1,NAVIGATE_TO_RAMP,CONSISTENT,OK,0,1,8.80,0.090,0.593,59,1,0.235,-0.40,nav,nav,0.0947,-0.1282,0.3372,0.1259,0.7665
11623.140,13.408,exp1,NAVIGATE_TO_RAMP,CONSISTENT,OK,0,1,8.90,0.093,0.610,59,1,0.235,-0.40,nav,nav,0.0947,0.1795,0.3433,0.1318,0.7712
11623.240,13.508,exp1,NAVIGATE_TO_RAMP,CONSISTENT,OK,0,1,9.00,0.077,0.661,59,1,0.235,-0.40,nav,nav,0.0947,0.1795,0.3501,0.1385,0.7820
11623.349,13.608,exp1,NAVIGATE_TO_RAMP,CONSISTENT,OK,0,1,9.10,0.094,0.610,59,1,0.235,-0.40,nav,nav,0.0789,0.1282,0.3567,0.1452,0.7960
11623.461,13.708,exp1,NAVIGATE_TO_RAMP,CONSISTENT,OK,0,1,9.20,0.100,0.576,59,1,0.235,-0.40,nav,nav,0.0789,0.1282,0.3622,0.1508,0.8061
11623.559,13.808,exp1,NAVIGATE_TO_RAMP,CONSISTENT,OK,0,1,9.30,0.098,0.586,58,1,0.235,-0.40,nav,nav,0.0632,0.0769,0.3676,0.1564,0.8156
11623.663,13.908,exp1,NAVIGATE_TO_RAMP,CONSISTENT,OK,0,1,9.40,0.101,0.569,58,1,0.235,-0.40,nav,nav,0.0632,0.0769,0.3719,0.1610,0.8215
11623.763,14.008,exp1,NAVIGATE_TO_RAMP,CONSISTENT,OK,0,1,9.50,0.088,0.603,58,1,0.235,-0.40,nav,nav,0.0632,0.1282,0.3762,0.1655,0.8276
11623.867,14.108,exp1,NAVIGATE_TO_RAMP,CONSISTENT,OK,0,1,9.60,0.088,0.603,58,1,0.235,-0.40,nav,nav,0.0632,0.1282,0.3804,0.1701,0.8373
11623.967,14.208,exp1,NAVIGATE_TO_RAMP,CONSISTENT,OK,0,1,9.70,0.099,0.552,58,1,0.235,-0.40,nav,nav,0.0632,0.1282,0.3846,0.1747,0.8468
11624.070,14.308,exp1,NAVIGATE_TO_RAMP,CONSISTENT,OK,0,1,9.80,0.103,0.569,58,1,0.235,-0.40,nav,nav,0.0474,0.0769,0.3886,0.1791,0.8557
11624.170,14.408,exp1,NAVIGATE_TO_RAMP,CONSISTENT,OK,0,1,9.90,0.105,0.569,58,1,0.235,-0.40,nav,nav,0.0474,0.0769,0.3917,0.1826,0.8613
11624.272,14.508,exp1,NAVIGATE_TO_RAMP,CONSISTENT,OK,0,1,10.00,0.112,0.552,58,1,0.235,-0.40,nav,nav,0.0474,0.0769,0.3948,0.1862,0.8669
11624.377,14.608,exp1,NAVIGATE_TO_RAMP,CONSISTENT,OK,0,1,10.10,0.112,0.569,58,1,0.235,-0.40,nav,nav,0.0474,0.0769,0.3978,0.1898,0.8725
11624.494,14.708,exp1,NAVIGATE_TO_RAMP,CONSISTENT,OK,0,1,10.20,0.118,0.579,57,1,0.235,-0.40,nav,nav,0.0316,0.0000,0.4005,0.1929,0.8761
11624.594,14.808,exp1,NAVIGATE_TO_RAMP,CONSISTENT,OK,0,1,10.30,0.108,0.561,57,1,0.235,-0.40,nav,nav,0.0316,0.0256,0.4025,0.1953,0.8768
11624.702,14.908,exp1,NAVIGATE_TO_RAMP,CONSISTENT,OK,0,1,10.40,0.110,0.552,58,1,0.235,-0.40,nav,nav,0.0316,0.0256,0.4045,0.1977,0.8787
11624.803,15.008,exp1,NAVIGATE_TO_RAMP,CONSISTENT,OK,0,1,10.50,0.108,0.569,58,1,0.235,-0.40,nav,nav,0.0316,0.0256,0.4065,0.2002,0.8805
11624.905,15.108,exp1,NAVIGATE_TO_RAMP,CONSISTENT,OK,0,1,10.60,0.109,0.569,58,1,0.235,-0.40,nav,nav,0.0316,0.0256,0.4081,0.2021,0.8812
11625.008,15.208,exp1,NAVIGATE_TO_RAMP,CONSISTENT,OK,0,1,10.70,0.108,0.569,58,1,0.235,-0.40,nav,nav,0.0316,0.0256,0.4098,0.2041,0.8821
11625.115,15.308,exp1,NAVIGATE_TO_RAMP,CONSISTENT,OK,0,1,10.80,0.109,0.569,58,1,0.235,-0.40,nav,nav,0.0000,-0.1344,0.4107,0.2052,0.8789
11625.226,15.408,exp1,NAVIGATE_TO_RAMP,CONSISTENT,OK,0,1,10.90,0.106,0.569,58,1,0.235,-0.40,nav,nav,0.0000,-0.1344,0.4107,0.2052,0.8689
11625.363,15.508,exp1,NAVIGATE_TO_RAMP,CONSISTENT,OK,0,1,11.00,0.095,0.569,58,1,0.235,-0.40,nav,nav,0.0000,-0.1344,0.4107,0.2053,0.8591
11625.467,15.608,exp1,NAVIGATE_TO_RAMP,CONSISTENT,OK,0,1,11.10,0.091,0.621,58,1,0.235,-0.40,nav,nav,0.0000,-0.1344,0.4107,0.2054,0.8480
11625.577,15.708,exp1,NAVIGATE_TO_RAMP,CONSISTENT,OK,0,1,11.20,0.095,0.610,59,1,0.235,-0.40,nav,nav,0.0000,-0.1344,0.4107,0.2056,0.8374
11625.677,15.808,exp1,NAVIGATE_TO_RAMP,CONSISTENT,OK,0,1,11.30,0.097,0.593,59,1,0.235,-0.40,nav,nav,0.0000,-0.1344,0.4107,0.2057,0.8270
11625.786,15.908,exp1,NAVIGATE_TO_RAMP,CONSISTENT,OK,0,1,11.40,0.093,0.593,59,1,0.235,-0.40,nav,nav,0.0000,-0.1344,0.4107,0.2058,0.8157
11625.891,16.008,exp1,NAVIGATE_TO_RAMP,CONSISTENT,OK,0,1,11.50,0.084,0.661,59,1,0.235,-0.40,nav,nav,0.0000,-0.2944,0.4107,0.2059,0.8032
11625.986,16.108,exp1,NAVIGATE_TO_RAMP,CONSISTENT,OK,0,1,11.60,0.072,0.712,59,1,0.235,-0.40,nav,nav,0.0000,-0.2944,0.4107,0.2059,0.7789
11626.086,16.208,exp1,NAVIGATE_TO_RAMP,CONSISTENT,OK,0,1,11.70,0.068,0.717,60,1,0.235,-0.40,nav,nav,0.0000,-0.2944,0.4108,0.2059,0.7561
11626.192,16.308,exp1,NAVIGATE_TO_RAMP,CONSISTENT,OK,0,1,11.80,0.073,0.717,60,1,0.235,-0.40,nav,nav,0.0000,-0.4544,0.4110,0.2059,0.7310
11626.292,16.408,exp1,NAVIGATE_TO_RAMP,CONSISTENT,OK,0,1,11.90,0.057,0.750,60,1,0.235,-0.40,nav,nav,0.0000,-0.5000,0.4114,0.2059,0.6960
11626.394,16.508,exp1,NAVIGATE_TO_RAMP,CONSISTENT,OK,0,1,12.00,0.045,0.817,60,1,0.235,-0.40,nav,nav,0.0000,-0.5000,0.4115,0.2059,0.6603
11626.505,16.610,exp1,NAVIGATE_TO_RAMP,CONSISTENT,OK,0,1,12.10,0.039,0.833,60,1,0.235,-0.40,nav,nav,0.0000,-0.5000,0.4119,0.2059,0.6188
11626.601,16.708,exp1,NAVIGATE_TO_RAMP,CONSISTENT,OK,0,1,12.20,0.024,0.900,60,1,0.235,-0.40,nav,nav,0.0000,-0.5000,0.4122,0.2059,0.5929
11626.708,16.808,exp1,NAVIGATE_TO_RAMP,CONSISTENT,OK,0,1,12.30,0.024,0.900,60,1,0.235,-0.40,nav,nav,0.0000,-0.5000,0.4126,0.2059,0.5612
11626.809,16.908,exp1,NAVIGATE_TO_RAMP,CONSISTENT,OK,0,1,12.40,0.023,0.950,60,1,0.264,-0.40,nav,nav,0.0000,-0.5000,0.4130,0.2060,0.5272
11626.913,17.008,exp1,NAVIGATE_TO_RAMP,CONSISTENT,OK,0,1,12.50,0.018,0.950,60,1,0.264,-0.40,nav,nav,0.0000,-0.5000,0.4132,0.2056,0.4904
11627.014,17.108,exp1,NAVIGATE_TO_RAMP,CONSISTENT,OK,0,1,12.60,0.013,1.000,60,1,0.264,-0.40,nav,nav,0.0000,-0.3400,0.4132,0.2045,0.4561
11627.119,17.208,exp1,NAVIGATE_TO_RAMP,CONSISTENT,OK,0,1,12.70,0.009,1.000,60,1,0.264,-0.40,nav,nav,0.0316,-0.1800,0.4150,0.2043,0.4350
11627.219,17.308,exp1,NAVIGATE_TO_RAMP,CONSISTENT,OK,0,1,12.80,0.006,1.000,60,1,0.264,-0.40,nav,nav,0.0158,-0.0200,0.4170,0.2049,0.4264
11627.325,17.408,exp1,NAVIGATE_TO_RAMP,CONSISTENT,OK,0,1,12.90,0.003,1.000,60,1,0.255,-0.40,nav,nav,0.0632,0.1400,0.4209,0.2069,0.4304
11627.426,17.508,exp1,NAVIGATE_TO_RAMP,CONSISTENT,OK,0,1,13.00,0.003,1.000,60,1,0.255,-0.40,nav,nav,0.0632,0.3000,0.4264,0.2103,0.4480
11627.525,17.608,exp1,NAVIGATE_TO_RAMP,CONSISTENT,OK,0,1,13.10,0.015,0.983,60,1,0.255,-0.40,nav,nav,0.0474,0.4600,0.4310,0.2138,0.4779
11627.626,17.708,exp1,NAVIGATE_TO_RAMP,CONSISTENT,OK,0,1,13.20,0.023,0.933,60,1,0.255,-0.40,nav,nav,0.0382,0.5000,0.4347,0.2172,0.5163
11627.728,17.808,exp1,NAVIGATE_TO_RAMP,CONSISTENT,OK,0,1,13.30,0.025,0.850,60,1,0.255,-0.40,nav,nav,0.0474,1.0000,0.4380,0.2202,0.5550
11627.828,17.908,exp1,NAVIGATE_TO_RAMP,CONSISTENT,OK,0,1,13.40,0.037,0.783,60,1,0.255,-0.40,nav,nav,0.0474,0.9487,0.4409,0.2230,0.5918
11627.939,18.008,exp1,NAVIGATE_TO_RAMP,CONSISTENT,OK,0,1,13.50,0.034,0.833,60,1,0.255,-0.40,nav,nav,0.0316,0.8462,0.4436,0.2253,0.6267
11628.039,18.108,exp1,NAVIGATE_TO_RAMP,CONSISTENT,OK,0,1,13.60,0.049,0.800,60,1,0.238,-0.40,nav,nav,0.0316,0.8462,0.4461,0.2275,0.6610
11628.157,18.208,exp1,NAVIGATE_TO_RAMP,CONSISTENT,OK,0,1,13.70,0.052,0.783,60,1,0.238,-0.40,nav,nav,0.0239,0.5000,0.4481,0.2291,0.6976
11628.257,18.308,exp1,NAVIGATE_TO_RAMP,CONSISTENT,OK,0,1,13.80,0.076,0.750,60,1,0.238,-0.40,nav,nav,0.0239,0.5000,0.4497,0.2307,0.7347
11628.366,18.408,exp1,NAVIGATE_TO_RAMP,CONSISTENT,OK,0,1,13.90,0.078,0.700,60,1,0.238,-0.40,nav,nav,0.0239,0.5000,0.4514,0.2325,0.7737
11628.466,18.508,exp1,NAVIGATE_TO_RAMP,CONSISTENT,OK,0,1,14.00,0.089,0.667,60,1,0.212,-0.40,nav,nav,0.0239,0.5000,0.4531,0.2342,0.8141
11628.569,18.608,exp1,NAVIGATE_TO_RAMP,CONSISTENT,OK,0,1,14.10,0.098,0.617,60,1,0.212,-0.40,nav,nav,0.0239,0.5000,0.4549,0.2360,0.8535
11628.669,18.708,exp1,NAVIGATE_TO_RAMP,CONSISTENT,OK,0,1,14.20,0.107,0.593,59,1,0.212,-0.40,nav,nav,0.0239,0.5000,0.4565,0.2378,0.8909
11628.771,18.808,exp1,NAVIGATE_TO_RAMP,CONSISTENT,OK,0,1,14.30,0.117,0.559,59,1,0.212,-0.40,nav,nav,0.0239,0.5000,0.4578,0.2395,0.9254
11628.874,18.908,exp1,NAVIGATE_TO_RAMP,CONSISTENT,OK,0,1,14.40,0.117,0.552,58,1,0.197,-0.40,nav,nav,0.0239,0.5000,0.4589,0.2411,0.9585
11628.972,19.008,exp1,NAVIGATE_TO_RAMP,CONSISTENT,OK,0,1,14.50,0.130,0.500,58,1,0.197,-0.40,nav,nav,0.0239,0.5000,0.4598,0.2426,0.9921
11629.075,19.108,exp1,NAVIGATE_TO_RAMP,CONSISTENT,OK,0,1,14.60,0.133,0.517,58,1,0.197,-0.40,nav,nav,0.0239,0.5000,0.4603,0.2442,1.0275
11629.173,19.208,exp1,NAVIGATE_TO_RAMP,CONSISTENT,OK,0,1,14.70,0.140,0.483,58,1,0.197,-0.40,nav,nav,0.0239,0.5000,0.4605,0.2460,1.0647
11629.280,19.308,exp1,NAVIGATE_TO_RAMP,CONSISTENT,OK,0,1,14.80,0.131,0.552,58,1,0.197,-0.40,nav,nav,0.0000,0.3400,0.4601,0.2478,1.1083
11629.377,19.408,exp1,NAVIGATE_TO_RAMP,CONSISTENT,OK,0,1,14.90,0.131,0.517,58,1,0.197,-0.40,nav,nav,0.0000,0.3400,0.4594,0.2478,1.1301
11629.480,19.512,exp1,NAVIGATE_TO_RAMP,CONSISTENT,OK,0,1,15.10,0.123,0.526,57,1,0.197,-0.40,nav,nav,0.0000,0.3400,0.4578,0.2478,1.1634
11629.575,19.608,exp1,NAVIGATE_TO_RAMP,CONSISTENT,OK,0,1,15.10,0.123,0.526,57,1,0.197,-0.40,nav,nav,0.0000,0.3400,0.4566,0.2478,1.1859
11629.677,19.708,exp1,NAVIGATE_TO_RAMP,CONSISTENT,OK,0,1,15.20,0.125,0.526,57,1,0.197,-0.40,nav,nav,0.0000,0.1800,0.4551,0.2478,1.2139
11629.778,19.808,exp1,NAVIGATE_TO_RAMP,CONSISTENT,OK,0,1,15.40,0.096,0.610,59,1,0.197,-0.40,nav,nav,0.0000,0.1800,0.4541,0.2478,1.2293
11629.881,19.908,exp1,NAVIGATE_TO_RAMP,CONSISTENT,OK,0,1,15.40,0.096,0.610,59,1,0.197,-0.40,nav,nav,0.0000,0.1800,0.4532,0.2478,1.2440
11629.982,20.008,exp1,NAVIGATE_TO_RAMP,CONSISTENT,OK,0,1,15.50,0.098,0.593,59,1,0.197,-0.40,nav,nav,0.0000,0.0200,0.4524,0.2478,1.2573
11630.098,20.108,exp1,NAVIGATE_TO_RAMP,CONSISTENT,OK,0,1,15.60,0.101,0.552,58,1,0.198,-0.40,nav,nav,0.0000,-0.1400,0.4525,0.2478,1.2553
11630.199,20.208,exp1,NAVIGATE_TO_RAMP,CONSISTENT,OK,0,1,15.70,0.084,0.593,59,1,0.198,-0.40,nav,nav,0.0000,-0.1400,0.4532,0.2478,1.2427
11630.321,20.308,exp1,NAVIGATE_TO_RAMP,CONSISTENT,OK,0,1,15.80,0.085,0.678,59,1,0.198,-0.40,nav,nav,0.0000,-0.3000,0.4542,0.2478,1.2245
11630.421,20.408,exp1,NAVIGATE_TO_RAMP,CONSISTENT,OK,0,1,15.90,0.078,0.661,59,1,0.198,-0.40,nav,nav,0.0000,-0.4600,0.4561,0.2478,1.1916
11630.538,20.508,exp1,NAVIGATE_TO_RAMP,CONSISTENT,OK,0,1,16.00,0.053,0.800,60,1,0.198,-0.40,nav,nav,0.0000,-0.8974,0.4581,0.2478,1.1518
11630.637,20.608,exp1,NAVIGATE_TO_RAMP,CONSISTENT,OK,0,1,16.10,0.051,0.767,60,1,0.198,-0.40,nav,nav,0.0000,-0.8974,0.4599,0.2478,1.1131
11630.749,20.708,exp1,NAVIGATE_TO_RAMP,CONSISTENT,OK,0,1,16.20,0.043,0.800,60,1,0.198,-0.40,nav,nav,0.0000,-0.4600,0.4614,0.2478,1.0760
11630.849,20.808,exp1,NAVIGATE_TO_RAMP,CONSISTENT,OK,0,1,16.30,0.048,0.800,60,1,0.198,-0.40,nav,nav,0.0000,-0.4600,0.4626,0.2478,1.0399
11630.948,20.908,exp1,NAVIGATE_TO_RAMP,CONSISTENT,OK,0,1,16.40,0.042,0.783,60,1,0.201,-0.40,nav,nav,0.0000,-0.5000,0.4636,0.2478,1.0045
11631.051,21.008,exp1,NAVIGATE_TO_RAMP,CONSISTENT,OK,0,1,16.50,0.034,0.800,60,1,0.201,-0.40,nav,nav,0.0000,-0.5000,0.4642,0.2476,0.9679
11631.151,21.108,exp1,NAVIGATE_TO_RAMP,CONSISTENT,OK,0,1,16.60,0.030,0.817,60,1,0.201,-0.40,nav,nav,0.0000,-0.5000,0.4643,0.2472,0.9334
11631.256,21.208,exp1,NAVIGATE_TO_RAMP,CONSISTENT,OK,0,1,16.70,0.023,0.850,60,1,0.201,-0.40,nav,nav,0.0000,-0.5000,0.4643,0.2470,0.8987
11631.364,21.308,exp1,NAVIGATE_TO_RAMP,CONSISTENT,OK,0,1,16.80,0.007,1.000,60,1,0.201,-0.40,nav,nav,0.0000,-0.5000,0.4643,0.2471,0.8624
11631.465,21.408,exp1,NAVIGATE_TO_RAMP,CONSISTENT,OK,0,1,16.90,0.012,0.967,60,1,0.204,-0.40,nav,nav,0.0000,-0.5000,0.4643,0.2475,0.8240
11631.572,21.508,exp1,NAVIGATE_TO_RAMP,CONSISTENT,OK,0,1,17.00,0.023,0.917,60,1,0.204,-0.40,nav,nav,0.0000,-0.5000,0.4643,0.2477,0.7839
11631.671,21.608,exp1,NAVIGATE_TO_RAMP,CONSISTENT,OK,0,1,17.10,0.028,0.883,60,1,0.204,-0.40,nav,nav,0.0000,-0.4872,0.4645,0.2477,0.7455
11631.780,21.708,exp1,NAVIGATE_TO_RAMP,CONSISTENT,OK,0,1,17.30,0.045,0.783,60,1,0.202,-0.40,nav,nav,0.0000,-0.4872,0.4650,0.2477,0.7099
11631.880,21.808,exp1,NAVIGATE_TO_RAMP,CONSISTENT,OK,0,1,17.30,0.045,0.783,60,1,0.202,-0.40,nav,nav,0.0000,-0.4359,0.4651,0.2477,0.6756
11631.994,21.908,exp1,NAVIGATE_TO_RAMP,CONSISTENT,OK,0,1,17.40,0.057,0.733,60,1,0.202,-0.40,nav,nav,0.0000,-0.3846,0.4652,0.2477,0.6466
11632.094,22.008,exp1,NAVIGATE_TO_RAMP,CONSISTENT,OK,0,1,17.50,0.069,0.650,60,1,0.202,-0.40,nav,nav,0.0000,-0.3846,0.4656,0.2477,0.6207
11632.220,22.108,exp1,NAVIGATE_TO_RAMP,CONSISTENT,OK,0,1,17.60,0.085,0.617,60,1,0.202,-0.40,nav,nav,0.0000,-0.3846,0.4659,0.2477,0.5960
11632.355,22.208,exp1,NAVIGATE_TO_RAMP,CONSISTENT,OK,0,1,17.70,0.071,0.683,60,1,0.202,-0.40,nav,nav,0.0000,-0.3846,0.4663,0.2477,0.5715
11632.468,22.308,exp1,NAVIGATE_TO_RAMP,CONSISTENT,OK,0,1,17.80,0.079,0.650,60,1,0.207,-0.40,nav,nav,0.0000,-0.3846,0.4666,0.2476,0.5452
11632.568,22.408,exp1,NAVIGATE_TO_RAMP,CONSISTENT,OK,0,1,17.90,0.092,0.583,60,1,0.207,-0.40,nav,nav,0.0000,-0.3846,0.4668,0.2470,0.5166
11632.676,22.508,exp1,NAVIGATE_TO_RAMP,CONSISTENT,OK,0,1,18.00,0.095,0.600,60,1,0.207,-0.40,nav,nav,0.0000,-0.3846,0.4668,0.2460,0.4869
11632.789,22.608,exp1,NAVIGATE_TO_RAMP,CONSISTENT,OK,0,1,18.10,0.107,0.567,60,1,0.207,-0.40,nav,nav,0.0000,-0.3846,0.4668,0.2448,0.4578
11632.885,22.708,exp1,NAVIGATE_TO_RAMP,CONSISTENT,OK,0,1,18.20,0.099,0.600,60,1,0.207,-0.40,nav,nav,0.0000,-0.3846,0.4669,0.2435,0.4281
11632.989,22.808,exp1,NAVIGATE_TO_RAMP,CONSISTENT,OK,0,1,18.30,0.107,0.550,60,1,0.207,-0.40,nav,nav,0.0000,-0.3846,0.4669,0.2420,0.3976
11633.089,22.908,exp1,ALIGN_FOR_CLIMB,CONSISTENT,OK,0,1,18.40,0.108,0.567,60,1,0.220,-0.40,nav,nav,0.0000,0.0000,0.4669,0.2404,0.3669
11633.192,23.008,exp1,CLIMB,CONSISTENT,OK,0,1,18.50,0.123,0.533,60,1,0.220,-0.40,rl,none,0.0000,0.0000,0.4669,0.2400,0.3604
11633.291,23.108,exp1,CLIMB,CONSISTENT,OK,0,1,18.60,0.101,0.583,60,1,0.220,-0.40,rl,none,0.0000,0.0000,0.4669,0.2400,0.3604
11633.392,23.208,exp1,CLIMB,CONSISTENT,OK,0,1,18.70,0.100,0.583,60,1,0.220,-0.40,rl,none,0.0000,0.0000,0.4669,0.2400,0.3604
11633.491,23.308,exp1,CLIMB,CONSISTENT,OK,0,1,18.80,0.076,0.667,60,1,0.220,-0.40,rl,none,0.0000,0.0000,0.4669,0.2400,0.3604
11633.591,23.408,exp1,CLIMB,CONSISTENT,OK,0,1,18.90,0.076,0.667,60,1,0.220,-0.40,rl,none,0.0000,0.0000,0.4669,0.2400,0.3604
11633.691,23.508,exp1,CLIMB,CONSISTENT,OK,0,1,19.00,0.076,0.667,60,1,0.220,-0.40,rl,none,0.0000,0.0000,0.4669,0.2400,0.3604
11633.796,23.608,exp1,CLIMB,CONSISTENT,OK,0,1,19.10,0.076,0.667,60,1,0.220,-0.40,rl,none,0.0000,0.0000,0.4669,0.2400,0.3604
11633.896,23.708,exp1,CLIMB,CONSISTENT,OK,0,1,19.20,0.076,0.667,60,1,0.220,-0.40,rl,none,0.0000,0.0000,0.4669,0.2400,0.3604
11634.005,23.808,exp1,CLIMB,CONSISTENT,OK,0,1,19.30,0.076,0.667,60,1,0.220,-0.40,rl,none,0.0000,0.0000,0.4669,0.2400,0.3604
11634.105,23.908,exp1,CLIMB,CONSISTENT,OK,0,1,19.40,0.076,0.667,60,1,0.220,-0.40,rl,none,0.0000,0.0000,0.4669,0.2400,0.3604
11634.211,24.008,exp1,CLIMB,CONSISTENT,OK,0,1,19.50,0.076,0.667,60,1,0.220,-0.40,rl,none,0.0000,0.0000,0.4669,0.2400,0.3604
11634.312,24.108,exp1,CLIMB,CONSISTENT,OK,0,1,19.60,0.076,0.667,60,1,0.220,-0.40,rl,none,0.0000,0.0000,0.4669,0.2400,0.3604
11634.410,24.208,exp1,CLIMB,CONSISTENT,OK,0,1,19.70,0.076,0.667,60,1,0.220,-0.40,rl,none,0.0000,0.0000,0.4669,0.2400,0.3604
11634.513,24.308,exp1,CLIMB,CONSISTENT,OK,0,1,19.80,0.076,0.667,60,1,0.220,-0.40,rl,none,0.0000,0.0000,0.4669,0.2400,0.3604
11634.612,24.408,exp1,CLIMB,CONSISTENT,OK,0,1,19.90,0.076,0.667,60,1,0.220,-0.40,rl,none,0.0000,0.0000,0.4669,0.2400,0.3604
11634.713,24.508,exp1,CLIMB,CONSISTENT,OK,0,1,20.00,0.076,0.667,60,1,0.220,-0.40,rl,none,0.0000,0.0000,0.4669,0.2400,0.3604
11634.822,24.608,exp1,CLIMB,CONSISTENT,OK,0,1,20.10,0.076,0.667,60,1,0.220,-0.40,rl,none,0.0000,0.0000,0.4669,0.2400,0.3604
11634.922,24.708,exp1,CLIMB,CONSISTENT,OK,0,1,20.20,0.076,0.667,60,1,0.220,-0.40,rl,none,0.0000,0.0000,0.4669,0.2400,0.3604
11635.040,24.808,exp1,CLIMB,CONSISTENT,OK,0,1,20.30,0.076,0.667,60,1,0.220,-0.40,rl,none,0.0000,0.0000,0.4669,0.2400,0.3604
11635.141,24.908,exp1,CLIMB,CONSISTENT,OK,0,1,20.40,0.076,0.667,60,1,0.220,-0.40,rl,none,0.0000,0.0000,0.4669,0.2400,0.3604
11635.252,25.008,exp1,CLIMB,CONSISTENT,OK,0,1,20.50,0.076,0.667,60,1,0.220,-0.40,rl,none,0.0000,0.0000,0.4669,0.2400,0.3604
11635.352,25.108,exp1,CLIMB,CONSISTENT,OK,0,1,20.60,0.076,0.667,60,1,0.220,-0.40,rl,none,0.0000,0.0000,0.4669,0.2400,0.3604
11635.455,25.208,exp1,CLIMB,CONSISTENT,OK,0,1,20.70,0.076,0.667,60,1,0.220,-0.40,rl,none,0.0000,0.0000,0.4669,0.2400,0.3604
11635.555,25.308,exp1,CLIMB,CONSISTENT,OK,0,1,20.80,0.076,0.667,60,1,0.220,-0.40,rl,none,0.0000,0.0000,0.4669,0.2400,0.3604
11635.657,25.408,exp1,CLIMB,CONSISTENT,OK,0,1,20.90,0.076,0.667,60,1,0.220,-0.40,rl,none,0.0000,0.0000,0.4669,0.2400,0.3604
11635.759,25.508,exp1,CLIMB,CONSISTENT,OK,0,1,21.00,0.076,0.667,60,1,0.220,-0.40,rl,none,0.0000,0.0000,0.4669,0.2400,0.3604
11635.874,25.608,exp1,CLIMB,CONSISTENT,OK,0,1,21.10,0.076,0.667,60,1,0.220,-0.40,rl,none,0.0000,0.0000,0.4669,0.2400,0.3604
11635.978,25.708,exp1,CLIMB,CONSISTENT,OK,0,1,21.20,0.076,0.667,60,1,0.220,-0.40,rl,none,0.0000,0.0000,0.4669,0.2400,0.3604
11636.073,25.808,exp1,CLIMB,CONSISTENT,OK,0,1,21.30,0.076,0.667,60,1,0.220,-0.40,rl,none,0.0000,0.0000,0.4669,0.2400,0.3604
11636.174,25.908,exp1,CLIMB,CONSISTENT,OK,0,1,21.40,0.076,0.667,60,1,0.220,-0.40,rl,none,0.0000,0.0000,0.4669,0.2400,0.3604
11636.273,26.008,exp1,CLIMB,CONSISTENT,OK,0,1,21.50,0.076,0.667,60,1,0.220,-0.40,rl,none,0.0000,0.0000,0.4669,0.2400,0.3604
11636.377,26.108,exp1,CLIMB,CONSISTENT,OK,0,1,21.60,0.076,0.667,60,1,0.220,-0.40,rl,none,0.0000,0.0000,0.4669,0.2400,0.3604
11636.473,26.208,exp1,CLIMB,CONSISTENT,OK,0,1,21.70,0.076,0.667,60,1,0.220,-0.40,rl,none,0.0000,0.0000,0.4669,0.2400,0.3604
11636.576,26.308,exp1,CLIMB,CONSISTENT,OK,0,1,21.80,0.076,0.667,60,1,0.220,-0.40,rl,none,0.0000,0.0000,0.4669,0.2400,0.3604
11636.678,26.408,exp1,CLIMB,CONSISTENT,OK,0,1,21.90,0.076,0.667,60,1,0.220,-0.40,rl,none,0.0000,0.0000,0.4669,0.2400,0.3604
11636.779,26.508,exp1,CLIMB,CONSISTENT,OK,0,1,22.00,0.076,0.667,60,1,0.220,-0.40,rl,none,0.0000,0.0000,0.4669,0.2400,0.3604
11636.878,26.608,exp1,CLIMB,CONSISTENT,OK,0,1,22.10,0.076,0.667,60,1,0.220,-0.40,rl,none,0.0000,0.0000,0.4669,0.2400,0.3604
11636.982,26.708,exp1,CLIMB,CONSISTENT,OK,0,1,22.20,0.076,0.667,60,1,0.220,-0.40,rl,none,0.0000,0.0000,0.4669,0.2400,0.3604
11637.084,26.808,exp1,CLIMB,CONSISTENT,OK,0,1,22.30,0.076,0.667,60,1,0.220,-0.40,rl,none,0.0000,0.0000,0.4669,0.2400,0.3604
11637.192,26.908,exp1,CLIMB,CONSISTENT,OK,0,1,22.40,0.076,0.667,60,1,0.220,-0.40,rl,none,0.0000,0.0000,0.4669,0.2400,0.3604
11637.292,27.008,exp1,CLIMB,CONSISTENT,OK,0,1,22.50,0.076,0.667,60,1,0.220,-0.40,rl,none,0.0000,0.0000,0.4669,0.2400,0.3604
11637.396,27.108,exp1,CLIMB,CONSISTENT,OK,0,1,22.60,0.076,0.667,60,1,0.220,-0.40,rl,none,0.0000,0.0000,0.4669,0.2400,0.3604
11637.495,27.208,exp1,CLIMB,CONSISTENT,OK,0,1,22.70,0.076,0.667,60,1,0.220,-0.40,rl,none,0.0000,0.0000,0.4669,0.2400,0.3604
11637.605,27.308,exp1,CLIMB,CONSISTENT,OK,0,1,22.80,0.076,0.667,60,1,0.220,-0.40,rl,none,0.0000,0.0000,0.4669,0.2400,0.3604
11637.708,27.408,exp1,CLIMB,CONSISTENT,OK,0,1,22.90,0.076,0.667,60,1,0.220,-0.40,rl,none,0.0000,0.0000,0.4669,0.2400,0.3604
11637.807,27.508,exp1,CLIMB,CONSISTENT,OK,0,1,23.00,0.076,0.667,60,1,0.220,-0.40,rl,none,0.0000,0.0000,0.4669,0.2400,0.3604
11637.907,27.608,exp1,CLIMB,CONSISTENT,OK,0,1,23.10,0.076,0.667,60,1,0.220,-0.40,rl,none,0.0000,0.0000,0.4669,0.2400,0.3604
11638.010,27.708,exp1,CLIMB,CONSISTENT,OK,0,1,23.20,0.076,0.667,60,1,0.220,-0.40,rl,none,0.0000,0.0000,0.4669,0.2400,0.3604
11638.109,27.808,exp1,CLIMB,CONSISTENT,OK,0,1,23.30,0.076,0.667,60,1,0.220,-0.40,rl,none,0.0910,-0.0960,0.4711,0.2414,0.3566
11638.218,27.908,exp1,CLIMB,STALE,POSE_STALE,0,0,0.00,0.081,0.633,60,1,0.220,-0.40,rl,rl,0.1596,-0.1689,0.4817,0.2448,0.3469
11638.318,28.008,exp1,CLIMB,STALE,POSE_STALE,0,0,0.10,0.089,0.633,60,1,0.220,-0.40,rl,rl,0.2113,-0.2243,0.4976,0.2495,0.3318
11638.428,28.108,exp1,CLIMB,STALE,POSE_STALE,0,0,0.20,0.089,0.583,60,1,0.220,-0.40,rl,rl,0.2504,-0.2663,0.5184,0.2551,0.3119
11638.529,28.208,exp1,CLIMB,STALE,POSE_STALE,0,0,0.30,0.100,0.583,60,1,0.220,-0.40,rl,rl,0.2802,-0.2970,0.5424,0.2610,0.2883
11638.636,28.308,exp1,CLIMB,STALE,POSE_STALE,0,0,0.40,0.102,0.550,60,1,0.220,-0.40,rl,rl,0.3028,-0.3142,0.5694,0.2667,0.2618
11638.737,28.408,exp1,CLIMB,STALE,POSE_STALE,0,0,0.50,0.102,0.550,60,1,0.220,-0.40,rl,rl,0.3202,-0.3188,0.5988,0.2721,0.2330
11638.843,28.508,exp1,CLIMB,STALE,POSE_STALE,0,0,0.60,0.108,0.533,60,1,0.220,-0.40,rl,rl,0.3202,-0.3188,0.6298,0.2767,0.2035
11638.987,28.608,exp1,CLIMB,CONSISTENT,OK,0,0,0.00,0.099,0.567,60,1,0.228,-0.40,rl,rl,0.3337,-0.3131,0.6621,0.2805,0.1736
11639.098,28.708,exp1,CLIMB,CONSISTENT,OK,0,0,0.10,0.108,0.533,60,1,0.228,-0.40,rl,rl,0.3443,-0.3007,0.6958,0.2836,0.1442
11639.207,28.808,exp1,CLIMB,CONSISTENT,OK,0,0,0.20,0.099,0.583,60,1,0.228,-0.40,rl,rl,0.3527,-0.2815,0.7303,0.2857,0.1155
11639.321,28.908,exp1,CLIMB,CONSISTENT,OK,0,0,0.30,0.095,0.550,60,1,0.228,-0.40,rl,rl,0.3593,-0.2588,0.7657,0.2870,0.0884
11639.423,29.008,exp1,CLIMB,CONSISTENT,OK,0,0,0.40,0.083,0.633,60,1,0.228,-0.40,rl,rl,0.3648,-0.2321,0.8017,0.2875,0.0629
11639.524,29.108,exp1,CLIMB,CONSISTENT,OK,0,0,0.50,0.074,0.667,60,1,0.228,-0.40,rl,rl,0.3692,-0.2044,0.8383,0.2874,0.0399
11639.624,29.208,exp1,CLIMB,CONSISTENT,OK,0,0,0.60,0.067,0.667,60,1,0.228,-0.40,rl,rl,0.3728,-0.1752,0.8752,0.2866,0.0188
11639.727,29.308,exp1,CLIMB,CONSISTENT,OK,0,0,0.70,0.065,0.683,60,1,0.228,-0.40,rl,rl,0.3758,-0.1470,0.9118,0.2860,0.0031
11639.830,29.408,exp1,CLIMB,CONSISTENT,OK,0,0,0.80,0.059,0.700,60,1,0.263,-0.40,rl,rl,0.3790,-0.1254,0.9459,0.2861,0.0031
11639.929,29.508,exp1,CLIMB,CONSISTENT,OK,0,0,0.90,0.069,0.583,60,1,0.263,-0.40,rl,rl,0.3790,-0.1254,0.9807,0.2862,0.0031
11640.042,29.608,exp1,CLIMB,CONSISTENT,OK,0,0,1.00,0.127,0.350,60,1,0.263,-0.40,rl,rl,0.3819,-0.1093,1.0162,0.2863,0.0031
11640.145,29.708,exp1,CLIMB,CONSISTENT,OK,0,0,1.10,0.226,0.367,60,1,0.263,-0.40,rl,rl,0.3844,-0.0973,1.0525,0.2864,0.0031
11640.248,29.808,exp1,CLIMB,CONSISTENT,OK,0,0,1.20,0.148,0.446,56,1,0.263,-0.40,rl,rl,0.3868,-0.0884,1.0893,0.2865,0.0031
11640.348,29.908,exp1,CLIMB,CONSISTENT,OK,0,0,1.30,0.187,0.486,37,1,0.263,-0.40,rl,rl,0.3889,-0.0816,1.1249,0.2866,0.0030
11640.460,30.010,exp1,CLIMB,CONSISTENT,OK,0,0,1.40,0.212,0.441,34,1,0.263,-0.40,rl,rl,0.3905,-0.0768,1.1680,0.2867,0.0030
11640.557,30.108,exp1,CLIMB,UNKNOWN,OFF_MAPPED_GROUND,0,0,0.00,0.209,0.412,34,0,0.285,-0.40,rl,rl,0.3916,-0.0732,1.1968,0.2868,0.0030
11640.658,30.208,exp1,CLIMB,UNKNOWN,OFF_MAPPED_GROUND,0,0,0.00,0.208,0.364,33,0,0.285,-0.40,rl,rl,0.3924,-0.0707,1.2330,0.2869,0.0030
11640.757,30.308,exp1,CLIMB,UNKNOWN,OFF_MAPPED_GROUND,0,0,0.00,0.195,0.394,33,0,0.285,-0.40,rl,rl,0.3929,-0.0688,1.2693,0.2870,0.0030
11640.861,30.408,exp1,CLIMB,UNKNOWN,OFF_MAPPED_GROUND,0,0,0.00,0.187,0.394,33,0,0.285,-0.40,rl,rl,0.3932,-0.0676,1.3057,0.2872,0.0030
11640.961,30.508,exp1,CLIMB,UNKNOWN,OFF_MAPPED_GROUND,0,0,0.00,0.162,0.485,33,0,0.285,-0.40,rl,rl,0.3932,-0.0676,1.3421,0.2873,0.0030
11641.070,30.608,exp1,CLIMB,UNKNOWN,OFF_MAPPED_GROUND,0,0,0.00,0.148,0.515,33,0,0.285,-0.40,rl,rl,0.3933,-0.0667,1.3786,0.2874,0.0030
11641.170,30.708,exp1,CLIMB,UNKNOWN,OFF_MAPPED_GROUND,0,0,0.00,0.139,0.545,33,0,0.285,-0.40,rl,rl,0.3934,-0.0661,1.4150,0.2875,0.0030
11641.269,30.808,exp1,CLIMB,UNKNOWN,OFF_MAPPED_GROUND,0,0,0.00,0.129,0.562,32,0,0.317,-0.40,rl,rl,0.3933,-0.0658,1.4515,0.2876,0.0030
11641.369,30.908,exp1,CLIMB,UNKNOWN,OFF_MAPPED_GROUND,0,0,0.00,0.121,0.562,32,0,0.317,-0.40,rl,rl,0.3932,-0.0656,1.4880,0.2877,0.0030
11641.472,31.008,exp1,CLIMB,UNKNOWN,OFF_MAPPED_GROUND,0,0,0.00,0.116,0.531,32,0,0.317,-0.40,rl,rl,0.3930,-0.0656,1.5244,0.2878,0.0030
11641.576,31.108,exp1,CLIMB,UNKNOWN,OFF_MAPPED_GROUND,0,0,0.00,0.117,0.516,31,0,0.317,-0.40,rl,rl,0.3928,-0.0656,1.5608,0.2879,0.0030
11641.692,31.208,exp1,CLIMB,UNKNOWN,OFF_MAPPED_GROUND,0,0,0.00,0.082,0.677,31,0,0.317,-0.40,rl,rl,0.3926,-0.0657,1.5973,0.2880,0.0030
11641.791,31.308,exp1,CLIMB,UNKNOWN,OFF_MAPPED_GROUND,0,0,0.00,0.082,0.677,31,0,0.317,-0.40,rl,rl,0.3923,-0.0659,1.6336,0.2881,0.0030
11641.901,31.408,exp1,CLIMB,UNKNOWN,OFF_MAPPED_GROUND,0,0,0.00,0.080,0.710,31,0,0.317,-0.40,rl,rl,0.3920,-0.0661,1.6700,0.2882,0.0030
11642.001,31.508,exp1,CLIMB,UNKNOWN,OFF_MAPPED_GROUND,0,0,0.00,0.072,0.710,31,0,0.334,-0.40,rl,rl,0.3920,-0.0661,1.7064,0.2883,0.0030
11642.111,31.608,exp1,CLIMB,UNKNOWN,OFF_MAPPED_GROUND,0,0,0.00,0.060,0.733,30,0,0.334,-0.40,rl,rl,0.3917,-0.0663,1.7427,0.2885,0.0030
11642.213,31.708,exp1,CLIMB,UNKNOWN,OFF_MAPPED_GROUND,0,0,0.00,0.070,0.700,30,0,0.334,-0.40,rl,rl,0.3914,-0.0665,1.7789,0.2886,0.0030
11642.324,31.808,exp1,CLIMB,UNKNOWN,OFF_MAPPED_GROUND,0,0,0.00,0.067,0.733,30,0,0.334,-0.40,rl,rl,0.3911,-0.0668,1.8152,0.2887,0.0030
11642.424,31.908,exp1,CLIMB,UNKNOWN,OFF_MAPPED_GROUND,0,0,0.00,0.040,0.833,30,0,0.334,-0.40,rl,rl,0.3907,-0.0671,1.8514,0.2888,0.0030
11642.530,32.008,exp1,CLIMB,UNKNOWN,OFF_MAPPED_GROUND,0,0,0.00,0.033,0.862,29,0,0.334,-0.40,rl,rl,0.3904,-0.0673,1.8876,0.2889,0.0030
11642.631,32.108,exp1,CLIMB,UNKNOWN,OFF_MAPPED_GROUND,0,0,0.00,0.031,0.897,29,0,0.334,-0.40,rl,rl,0.3900,-0.0676,1.9238,0.2890,0.0030
11642.730,32.208,exp1,CLIMB,UNKNOWN,OFF_MAPPED_GROUND,0,0,0.00,0.033,0.862,29,0,0.345,-0.40,rl,rl,0.3897,-0.0679,1.9599,0.2891,0.0030
11642.830,32.308,exp1,CLIMB,UNKNOWN,OFF_MAPPED_GROUND,0,0,0.00,0.034,0.862,29,0,0.345,-0.40,rl,rl,0.3893,-0.0682,1.9960,0.2892,0.0030
11642.930,32.408,exp1,CLIMB,UNKNOWN,OFF_MAPPED_GROUND,0,0,0.00,0.032,0.857,28,0,0.345,-0.40,rl,rl,0.3889,-0.0684,2.0320,0.2893,0.0030
11643.031,32.508,exp1,CLIMB,UNKNOWN,OFF_MAPPED_GROUND,0,0,0.00,0.038,0.857,28,0,0.345,-0.40,rl,rl,0.3889,-0.0684,2.0680,0.2894,0.0030
11643.130,32.608,exp1,CLIMB,UNKNOWN,OFF_MAPPED_GROUND,0,0,0.00,0.041,0.857,28,0,0.345,-0.40,rl,rl,0.3885,-0.0687,2.1040,0.2895,0.0030
11643.230,32.708,exp1,CLIMB,UNKNOWN,OFF_MAPPED_GROUND,0,0,0.00,0.039,0.857,28,0,0.345,-0.40,rl,rl,0.3882,-0.0690,2.1399,0.2896,0.0030
11643.333,32.808,exp1,CLIMB,UNKNOWN,OFF_MAPPED_GROUND,0,0,0.00,0.043,0.821,28,0,0.345,-0.40,rl,rl,0.3878,-0.0693,2.1758,0.2897,0.0030
11643.433,32.908,exp1,CLIMB,UNKNOWN,OFF_MAPPED_GROUND,0,0,0.00,0.054,0.741,27,0,0.371,-0.40,rl,rl,0.3874,-0.0696,2.2117,0.2898,0.0030
11643.539,33.008,exp1,CLIMB,UNKNOWN,OFF_MAPPED_GROUND,0,0,0.00,0.056,0.741,27,0,0.371,-0.40,rl,rl,0.3870,-0.0699,2.2475,0.2899,0.0030
11643.659,33.108,exp1,CLIMB,UNKNOWN,OFF_MAPPED_GROUND,0,0,0.00,0.047,0.808,26,0,0.371,-0.40,rl,rl,0.3866,-0.0701,2.2833,0.2901,0.0030
11643.759,33.208,exp1,CLIMB,UNKNOWN,OFF_MAPPED_GROUND,0,0,0.00,0.047,0.808,26,0,0.371,-0.40,rl,rl,0.3862,-0.0704,2.3191,0.2902,0.0030
11643.870,33.308,exp1,CLIMB,UNKNOWN,OFF_MAPPED_GROUND,0,0,0.00,0.060,0.769,26,0,0.371,-0.40,rl,rl,0.3858,-0.0707,2.3619,0.2903,0.0030
11643.969,33.408,exp1,CLIMB,UNKNOWN,OFF_MAPPED_GROUND,0,0,0.00,0.060,0.769,26,0,0.371,-0.40,rl,rl,0.3854,-0.0710,2.3905,0.2904,0.0030
11644.079,33.508,exp1,CLIMB,UNKNOWN,OFF_MAPPED_GROUND,0,0,0.00,0.062,0.769,26,0,0.371,-0.40,rl,rl,0.3854,-0.0710,2.4261,0.2905,0.0030
11644.179,33.608,exp1,CLIMB,UNKNOWN,OFF_MAPPED_GROUND,0,0,0.00,0.054,0.769,26,0,0.384,-0.40,rl,rl,0.3850,-0.0712,2.4617,0.2906,0.0030
11644.292,33.708,exp1,CLIMB,UNKNOWN,OFF_MAPPED_GROUND,0,0,0.00,0.050,0.760,25,0,0.384,-0.40,rl,rl,0.3846,-0.0715,2.4973,0.2907,0.0030
11644.394,33.808,exp1,CLIMB,UNKNOWN,OFF_MAPPED_GROUND,0,0,0.00,0.056,0.750,24,0,0.384,-0.40,rl,rl,0.3842,-0.0718,2.5328,0.2908,0.0030
11644.504,33.908,exp1,CLIMB,UNKNOWN,OFF_MAPPED_GROUND,0,0,0.00,0.060,0.750,24,0,0.384,-0.40,rl,rl,0.3837,-0.0721,2.5683,0.2909,0.0030
11644.604,34.008,exp1,CLIMB,UNKNOWN,OFF_MAPPED_GROUND,0,0,0.00,0.046,0.792,24,0,0.384,-0.40,rl,rl,0.3833,-0.0723,2.6037,0.2910,0.0030
11644.705,34.108,exp1,CLIMB,UNKNOWN,OFF_MAPPED_GROUND,0,0,0.00,0.042,0.792,24,0,0.384,-0.40,rl,rl,0.3829,-0.0726,2.6392,0.2911,0.0030
11644.804,34.208,exp1,CLIMB,UNKNOWN,OFF_MAPPED_GROUND,0,0,0.00,0.052,0.750,24,0,0.384,-0.40,rl,rl,0.3825,-0.0729,2.6745,0.2912,0.0030
11644.904,34.308,exp1,CLIMB,UNKNOWN,OFF_MAPPED_GROUND,0,0,0.00,0.052,0.750,24,0,0.414,-0.40,rl,rl,0.0000,0.0000,2.7098,0.2913,0.0028
11645.006,34.408,exp1,VERIFY_CLIMB,UNKNOWN,OFF_MAPPED_GROUND,0,0,0.00,0.045,0.773,22,0,0.414,-0.40,rl,rl,0.0000,0.0000,2.7338,0.2914,0.0028
11645.118,34.508,exp1,VERIFY_CLIMB,UNKNOWN,OFF_MAPPED_GROUND,0,0,0.00,0.045,0.773,22,0,0.414,-0.40,rl,rl,0.0000,0.0000,2.7394,0.2914,0.0028
11645.221,34.608,exp1,SEARCH_TARGET,UNKNOWN,OFF_MAPPED_GROUND,0,0,0.00,0.043,0.773,22,0,0.414,-0.40,idle,none,0.0000,0.0000,2.7394,0.2914,0.0028
11645.336,34.708,exp1,SEARCH_TARGET,UNKNOWN,OFF_MAPPED_GROUND,0,0,0.00,0.043,0.773,22,0,0.414,-0.40,idle,none,0.0000,0.0000,2.7394,0.2914,0.0028
11645.437,34.808,exp1,STOW_ARM,UNKNOWN,OFF_MAPPED_GROUND,0,0,0.00,0.036,0.818,22,0,0.414,-0.40,idle,none,0.0000,0.0000,2.7394,0.2914,0.0028
11645.555,34.908,exp1,STOW_ARM,UNKNOWN,OFF_MAPPED_GROUND,0,0,0.00,0.036,0.818,22,0,0.414,-0.40,idle,none,0.0000,0.0000,2.7394,0.2914,0.0028
11645.655,35.008,exp1,STOW_ARM,UNKNOWN,OFF_MAPPED_GROUND,0,0,0.00,0.036,0.818,22,0,0.414,-0.40,idle,none,0.0000,0.0000,2.7394,0.2914,0.0028
11645.813,35.108,exp1,STOW_ARM,UNKNOWN,OFF_MAPPED_GROUND,0,0,0.00,0.036,0.818,22,0,0.414,-0.40,idle,none,0.0000,0.0000,2.7394,0.2914,0.0028
11645.915,35.208,exp1,STOW_ARM,UNKNOWN,OFF_MAPPED_GROUND,0,0,0.00,0.036,0.818,22,0,0.414,-0.40,idle,none,0.0000,0.0000,2.7394,0.2914,0.0028
11646.033,35.308,exp1,STOW_ARM,UNKNOWN,OFF_MAPPED_GROUND,0,0,0.00,0.036,0.818,22,0,0.414,-0.40,idle,none,0.0000,0.0000,2.7394,0.2914,0.0028
11646.145,35.408,exp1,STOW_ARM,UNKNOWN,OFF_MAPPED_GROUND,0,0,0.00,0.036,0.818,22,0,0.414,-0.40,idle,none,0.0000,0.0000,2.7394,0.2914,0.0028
11646.250,35.508,exp1,STOW_ARM,UNKNOWN,OFF_MAPPED_GROUND,0,0,0.00,0.036,0.818,22,0,0.414,-0.40,idle,none,0.0000,0.0000,2.7394,0.2914,0.0028
11646.350,35.608,exp1,STOW_ARM,UNKNOWN,OFF_MAPPED_GROUND,0,0,0.00,0.036,0.818,22,0,0.414,-0.40,idle,none,0.0000,0.0000,2.7394,0.2914,0.0028
11646.454,35.708,exp1,STOW_ARM,UNKNOWN,OFF_MAPPED_GROUND,0,0,0.00,0.036,0.818,22,0,0.414,-0.40,idle,none,0.0000,0.0000,2.7394,0.2914,0.0028
11646.555,35.808,exp1,STOW_ARM,UNKNOWN,OFF_MAPPED_GROUND,0,0,0.00,0.036,0.818,22,0,0.414,-0.40,idle,none,0.0000,0.0000,2.7394,0.2914,0.0028
11646.659,35.908,exp1,STOW_ARM,UNKNOWN,OFF_MAPPED_GROUND,0,0,0.00,0.036,0.818,22,0,0.414,-0.40,idle,none,0.0000,0.0000,2.7394,0.2914,0.0028
11646.768,36.012,exp1,STOW_ARM,UNKNOWN,OFF_MAPPED_GROUND,0,0,0.00,0.036,0.818,22,0,0.414,-0.40,idle,none,0.0000,0.0000,2.7394,0.2914,0.0028
11646.863,36.108,exp1,STOW_ARM,UNKNOWN,OFF_MAPPED_GROUND,0,0,0.00,0.036,0.818,22,0,0.414,-0.40,idle,none,0.0000,0.0000,2.7394,0.2914,0.0028
11646.967,36.208,exp1,STOW_ARM,UNKNOWN,OFF_MAPPED_GROUND,0,0,0.00,0.036,0.818,22,0,0.414,-0.40,idle,none,0.0000,0.0000,2.7394,0.2914,0.0028
11647.067,36.308,exp1,STOW_ARM,UNKNOWN,OFF_MAPPED_GROUND,0,0,0.00,0.036,0.818,22,0,0.414,-0.40,idle,none,0.0000,0.0000,2.7394,0.2914,0.0028
11647.169,36.408,exp1,STOW_ARM,UNKNOWN,OFF_MAPPED_GROUND,0,0,0.00,0.064,0.667,27,0,0.414,-0.40,idle,none,0.0000,0.0000,2.7394,0.2914,0.0028
11647.271,36.508,exp1,STOW_ARM,UNKNOWN,OFF_MAPPED_GROUND,0,0,0.00,0.057,0.720,25,0,0.414,-0.40,idle,none,0.0000,0.0000,2.7394,0.2914,0.0028
11647.372,36.608,exp1,STOW_ARM,UNKNOWN,OFF_MAPPED_GROUND,0,0,0.00,0.062,0.692,26,0,0.414,-0.40,idle,none,0.0000,0.0000,2.7394,0.2914,0.0028
11647.472,36.708,exp1,STOW_ARM,UNKNOWN,OFF_MAPPED_GROUND,0,0,0.00,0.044,0.783,23,0,0.414,-0.40,idle,none,0.0000,0.0000,2.7394,0.2914,0.0028
11647.581,36.808,exp1,STOW_ARM,UNKNOWN,OFF_MAPPED_GROUND,0,0,0.00,0.036,0.818,22,0,0.414,-0.40,idle,none,0.0000,0.0000,2.7394,0.2914,0.0028
11647.682,36.908,exp1,STOW_ARM,UNKNOWN,OFF_MAPPED_GROUND,0,0,0.00,0.036,0.818,22,0,0.414,-0.40,idle,none,0.0000,0.0000,2.7394,0.2914,0.0028
11647.797,37.008,exp1,STOW_ARM,UNKNOWN,OFF_MAPPED_GROUND,0,0,0.00,0.036,0.818,22,0,0.414,-0.40,idle,none,0.0000,0.0000,2.7394,0.2914,0.0028
11647.897,37.108,exp1,STOW_ARM,UNKNOWN,OFF_MAPPED_GROUND,0,0,0.00,0.036,0.818,22,0,0.414,-0.40,idle,none,0.0000,0.0000,2.7394,0.2914,0.0028
11648.013,37.208,exp1,STOW_ARM,UNKNOWN,OFF_MAPPED_GROUND,0,0,0.00,0.036,0.818,22,0,0.414,-0.40,idle,none,0.0000,0.0000,2.7394,0.2914,0.0028
11648.112,37.308,exp1,STOW_ARM,UNKNOWN,OFF_MAPPED_GROUND,0,0,0.00,0.036,0.818,22,0,0.414,-0.40,idle,none,0.0000,0.0000,2.7394,0.2914,0.0028
11648.220,37.412,exp1,STOW_ARM,UNKNOWN,OFF_MAPPED_GROUND,0,0,0.00,0.036,0.818,22,0,0.414,-0.40,idle,none,0.0000,0.0000,2.7394,0.2914,0.0028
11648.315,37.508,exp1,STOW_ARM,UNKNOWN,OFF_MAPPED_GROUND,0,0,0.00,0.036,0.818,22,0,0.414,-0.40,idle,none,0.0000,0.0000,2.7394,0.2914,0.0028
11648.414,37.608,exp1,STOW_ARM,UNKNOWN,OFF_MAPPED_GROUND,0,0,0.00,0.036,0.818,22,0,0.414,-0.40,idle,none,0.0000,0.0000,2.7394,0.2914,0.0028
11648.516,37.708,exp1,STOW_ARM,UNKNOWN,OFF_MAPPED_GROUND,0,0,0.00,0.036,0.818,22,0,0.414,-0.40,idle,none,0.0000,0.0000,2.7394,0.2914,0.0028
11648.626,37.808,exp1,APPROACH_TARGET,UNKNOWN,OFF_MAPPED_GROUND,0,0,0.00,0.036,0.818,22,0,0.414,-0.40,idle,none,0.0000,0.0000,2.7394,0.2914,0.0028
11648.727,37.908,exp1,APPROACH_TARGET,UNKNOWN,OFF_MAPPED_GROUND,0,0,0.00,0.036,0.818,22,0,0.414,-0.40,approach,none,0.1800,-0.0000,2.7394,0.2914,0.0028
11648.839,38.008,exp1,APPROACH_TARGET,UNKNOWN,OFF_MAPPED_GROUND,0,0,0.00,0.036,0.818,22,0,0.414,-0.40,approach,none,0.1800,-0.0000,2.7492,0.2914,0.0028
11648.939,38.108,exp1,APPROACH_TARGET,UNKNOWN,OFF_MAPPED_GROUND,0,0,0.00,0.039,0.818,22,0,0.414,-0.40,approach,none,0.1800,-0.0000,2.7664,0.2915,0.0028
11649.062,38.208,exp1,APPROACH_TARGET,UNKNOWN,OFF_MAPPED_GROUND,0,0,0.00,0.043,0.773,22,0,0.414,-0.40,approach,none,0.1800,-0.0000,2.7835,0.2915,0.0028
11649.168,38.308,exp1,APPROACH_TARGET,UNKNOWN,OFF_MAPPED_GROUND,0,0,0.00,0.043,0.773,22,0,0.414,-0.40,approach,none,0.1800,-0.0000,2.8006,0.2916,0.0028
11649.276,38.408,exp1,APPROACH_TARGET,UNKNOWN,OFF_MAPPED_GROUND,0,0,0.00,0.043,0.773,22,0,0.414,-0.40,approach,approach,0.1800,-0.0000,2.8177,0.2916,0.0028
11649.377,38.508,exp1,APPROACH_TARGET,UNKNOWN,OFF_MAPPED_GROUND,0,0,0.00,0.045,0.818,22,0,0.414,-0.40,approach,approach,0.1800,-0.0000,2.8348,0.2917,0.0028
11649.482,38.608,exp1,APPROACH_TARGET,UNKNOWN,OFF_MAPPED_GROUND,0,0,0.00,0.045,0.818,22,0,0.414,-0.40,approach,approach,0.1800,-0.0000,2.8519,0.2917,0.0028
11649.582,38.708,exp1,APPROACH_TARGET,UNKNOWN,OFF_MAPPED_GROUND,0,0,0.00,0.045,0.818,22,0,0.414,-0.40,approach,approach,0.1800,-0.0000,2.8691,0.2918,0.0028
11649.685,38.808,exp1,APPROACH_TARGET,UNKNOWN,OFF_MAPPED_GROUND,0,0,0.00,0.043,0.818,22,0,0.414,-0.40,approach,approach,0.1800,-0.0000,2.8862,0.2918,0.0028
11649.788,38.908,exp1,APPROACH_TARGET,UNKNOWN,OFF_MAPPED_GROUND,0,0,0.00,0.043,0.818,22,0,0.414,-0.40,approach,approach,0.1800,-0.0000,2.9033,0.2919,0.0028
11649.890,39.008,exp1,APPROACH_TARGET,UNKNOWN,OFF_MAPPED_GROUND,0,0,0.00,0.045,0.818,22,0,0.434,-0.40,approach,approach,0.1800,-0.0000,2.9205,0.2919,0.0028
11649.995,39.108,exp1,APPROACH_TARGET,UNKNOWN,OFF_MAPPED_GROUND,0,0,0.00,0.040,0.857,21,0,0.434,-0.40,approach,approach,0.1800,0.0008,2.9377,0.2920,0.0028
11650.095,39.208,exp1,APPROACH_TARGET,UNKNOWN,OFF_MAPPED_GROUND,0,0,0.00,0.040,0.857,21,0,0.434,-0.40,approach,approach,0.1800,0.0022,2.9550,0.2920,0.0028
11650.202,39.308,exp1,APPROACH_TARGET,UNKNOWN,OFF_MAPPED_GROUND,0,0,0.00,0.053,0.773,22,0,0.434,-0.40,approach,approach,0.1800,0.0031,2.9723,0.2921,0.0028
11650.302,39.408,exp1,APPROACH_TARGET,UNKNOWN,OFF_MAPPED_GROUND,0,0,0.00,0.039,0.818,22,0,0.434,-0.40,approach,approach,0.1800,0.0036,2.9896,0.2921,0.0027
11650.403,39.508,exp1,APPROACH_TARGET,UNKNOWN,OFF_MAPPED_GROUND,0,0,0.00,0.039,0.818,22,0,0.434,-0.40,approach,approach,0.1800,0.0036,3.0071,0.2922,0.0027
11650.502,39.608,exp1,APPROACH_TARGET,UNKNOWN,OFF_MAPPED_GROUND,0,0,0.00,0.047,0.792,24,0,0.434,-0.40,approach,approach,0.1800,0.0031,3.0246,0.2922,0.0027
11650.612,39.708,exp1,APPROACH_TARGET,UNKNOWN,OFF_MAPPED_GROUND,0,0,0.00,0.051,0.769,26,0,0.434,-0.40,approach,approach,0.1800,0.0022,3.0419,0.2922,0.0026
11650.718,39.808,exp1,APPROACH_TARGET,UNKNOWN,OFF_MAPPED_GROUND,0,0,0.00,0.054,0.750,28,0,0.434,-0.40,approach,approach,0.1800,0.0013,3.0592,0.2923,0.0026
11650.829,39.910,exp1,APPROACH_TARGET,UNKNOWN,OFF_MAPPED_GROUND,0,0,0.00,0.063,0.719,32,0,0.434,-0.40,approach,approach,0.1800,-0.0002,3.0799,0.2923,0.0025
11650.929,40.008,exp1,APPROACH_TARGET,UNKNOWN,OFF_MAPPED_GROUND,0,0,0.00,0.093,0.561,41,0,0.434,-0.40,approach,approach,0.1800,-0.0010,3.0942,0.2924,0.0025
11651.045,40.108,exp1,APPROACH_TARGET,UNKNOWN,OFF_MAPPED_GROUND,0,0,0.00,0.088,0.574,54,0,0.434,-0.40,approach,approach,0.1800,-0.0009,3.1122,0.2924,0.0024
11651.147,40.208,exp1,APPROACH_TARGET,UNKNOWN,OFF_MAPPED_GROUND,0,0,0.00,0.086,0.593,54,0,0.434,-0.40,approach,approach,0.1800,-0.0007,3.1302,0.2924,0.0023
11651.255,40.308,exp1,APPROACH_TARGET,UNKNOWN,OFF_MAPPED_GROUND,0,0,0.00,0.086,0.611,54,0,0.434,-0.40,approach,approach,0.2200,-0.0701,3.1499,0.2923,-0.0001
11651.356,40.408,exp1,APPROACH_TARGET,UNKNOWN,OFF_MAPPED_GROUND,0,0,0.00,0.087,0.611,54,0,0.434,-0.40,approach,approach,0.2200,-0.0610,3.1763,0.2914,-0.0087
11651.469,40.508,exp1,APPROACH_TARGET,UNKNOWN,OFF_MAPPED_GROUND,0,0,0.00,0.090,0.593,54,0,0.435,-0.40,approach,approach,0.2200,-0.0551,3.1939,0.2907,-0.0138
11651.571,40.608,exp1,APPROACH_TARGET,UNKNOWN,OFF_MAPPED_GROUND,0,0,0.00,0.093,0.574,54,0,0.435,-0.40,approach,approach,0.2200,-0.0432,3.2159,0.2899,-0.0192
11651.671,40.708,exp1,APPROACH_TARGET,UNKNOWN,OFF_MAPPED_GROUND,0,0,0.00,0.094,0.574,54,0,0.435,-0.40,approach,approach,0.2200,-0.0402,3.2378,0.2890,-0.0237
11651.771,40.808,exp1,APPROACH_TARGET,UNKNOWN,OFF_MAPPED_GROUND,0,0,0.00,0.093,0.574,54,0,0.435,-0.40,approach,approach,0.2200,-0.0285,3.2598,0.2881,-0.0275
11651.871,40.908,exp1,APPROACH_TARGET,UNKNOWN,OFF_MAPPED_GROUND,0,0,0.00,0.063,0.661,56,0,0.435,-0.40,approach,approach,0.2200,-0.0284,3.2818,0.2872,-0.0305
11651.972,41.008,exp1,APPROACH_TARGET,UNKNOWN,OFF_MAPPED_GROUND,0,0,0.00,0.057,0.696,56,0,0.435,-0.40,approach,approach,0.2109,-0.0198,3.3036,0.2863,-0.0333
11652.086,41.108,exp1,APPROACH_TARGET,UNKNOWN,OFF_MAPPED_GROUND,0,0,0.00,0.057,0.714,56,0,0.435,-0.40,approach,approach,0.2060,-0.0197,3.3246,0.2854,-0.0353
11652.185,41.208,exp1,APPROACH_TARGET,UNKNOWN,OFF_MAPPED_GROUND,0,0,0.00,0.055,0.714,56,0,0.435,-0.40,approach,approach,0.1968,-0.0167,3.3447,0.2845,-0.0373
11652.301,41.308,exp1,APPROACH_TARGET,UNKNOWN,OFF_MAPPED_GROUND,0,0,0.00,0.055,0.702,57,0,0.435,-0.40,approach,approach,0.1874,-0.0111,3.3643,0.2836,-0.0389
11652.402,41.408,exp1,APPROACH_TARGET,UNKNOWN,OFF_MAPPED_GROUND,0,0,0.00,0.055,0.702,57,0,0.435,-0.40,approach,approach,0.1831,-0.0110,3.3831,0.2827,-0.0401
11652.509,41.508,exp1,APPROACH_TARGET,UNKNOWN,OFF_MAPPED_GROUND,0,0,0.00,0.053,0.737,57,0,0.435,-0.40,approach,approach,0.1745,-0.0082,3.4013,0.2819,-0.0412
11652.616,41.608,exp1,APPROACH_TARGET,UNKNOWN,OFF_MAPPED_GROUND,0,0,0.00,0.054,0.719,57,0,0.435,-0.40,approach,approach,0.1705,-0.0082,3.4222,0.2809,-0.0423
11652.741,41.708,exp1,APPROACH_TARGET,UNKNOWN,OFF_MAPPED_GROUND,0,0,0.00,0.054,0.719,57,0,0.435,-0.40,approach,approach,0.1661,-0.0081,3.4356,0.2803,-0.0429
11652.846,41.808,exp1,APPROACH_TARGET,UNKNOWN,OFF_MAPPED_GROUND,0,0,0.00,0.056,0.684,57,0,0.424,-0.40,approach,approach,0.1587,-0.0054,3.4519,0.2795,-0.0437
11652.968,41.908,exp1,APPROACH_TARGET,UNKNOWN,OFF_MAPPED_GROUND,0,0,0.00,0.056,0.679,56,0,0.424,-0.40,approach,approach,0.1548,-0.0053,3.4676,0.2788,-0.0443
11653.071,42.008,exp1,APPROACH_TARGET,UNKNOWN,OFF_MAPPED_GROUND,0,0,0.00,0.055,0.696,56,0,0.424,-0.40,approach,approach,0.1476,-0.0053,3.4829,0.2780,-0.0448
11653.171,42.108,exp1,APPROACH_TARGET,UNKNOWN,OFF_MAPPED_GROUND,0,0,0.00,0.058,0.696,56,0,0.424,-0.40,approach,approach,0.1440,-0.0027,3.4974,0.2774,-0.0452
11653.273,42.208,exp1,APPROACH_TARGET,UNKNOWN,OFF_MAPPED_GROUND,0,0,0.00,0.046,0.746,59,0,0.424,-0.40,approach,approach,0.1376,-0.0052,3.5117,0.2767,-0.0455
11653.374,42.308,exp1,APPROACH_TARGET,UNKNOWN,OFF_MAPPED_GROUND,0,0,0.00,0.042,0.746,59,0,0.424,-0.40,approach,approach,0.1310,-0.0026,3.5253,0.2760,-0.0460
11653.477,42.408,exp1,APPROACH_TARGET,UNKNOWN,OFF_MAPPED_GROUND,0,0,0.00,0.042,0.746,59,0,0.424,-0.40,approach,approach,0.1279,-0.0026,3.5384,0.2754,-0.0463
11653.578,42.508,exp1,APPROACH_TARGET,UNKNOWN,OFF_MAPPED_GROUND,0,0,0.00,0.042,0.746,59,0,0.424,-0.40,approach,approach,0.1219,-0.0025,3.5510,0.2748,-0.0465
11653.686,42.608,exp1,APPROACH_TARGET,UNKNOWN,OFF_MAPPED_GROUND,0,0,0.00,0.042,0.746,59,0,0.424,-0.40,approach,approach,0.1191,-0.0025,3.5632,0.2742,-0.0468
11653.781,42.708,exp1,APPROACH_TARGET,UNKNOWN,OFF_MAPPED_GROUND,0,0,0.00,0.042,0.746,59,0,0.424,-0.40,approach,approach,0.1137,-0.0025,3.5749,0.2736,-0.0469
11653.883,42.808,exp1,APPROACH_TARGET,UNKNOWN,OFF_MAPPED_GROUND,0,0,0.00,0.041,0.746,59,0,0.424,-0.40,approach,approach,0.1110,-0.0025,3.5863,0.2731,-0.0472
11653.983,42.908,exp1,APPROACH_TARGET,UNKNOWN,OFF_MAPPED_GROUND,0,0,0.00,0.044,0.712,59,0,0.424,-0.40,approach,approach,0.1059,-0.0000,3.5973,0.2725,-0.0474
11654.089,43.008,exp1,APPROACH_TARGET,UNKNOWN,OFF_MAPPED_GROUND,0,0,0.00,0.043,0.712,59,0,0.424,-0.40,approach,approach,0.1034,-0.0001,3.6078,0.2720,-0.0474
11654.188,43.108,exp1,APPROACH_TARGET,UNKNOWN,OFF_MAPPED_GROUND,0,0,0.00,0.043,0.712,59,0,0.424,-0.40,approach,approach,0.0985,-0.0024,3.6180,0.2715,-0.0474
11654.290,43.208,exp1,APPROACH_TARGET,UNKNOWN,OFF_MAPPED_GROUND,0,0,0.00,0.045,0.712,59,0,0.424,-0.40,approach,approach,0.0961,-0.0024,3.6279,0.2711,-0.0477
11654.391,43.308,exp1,APPROACH_TARGET,UNKNOWN,OFF_MAPPED_GROUND,0,0,0.00,0.046,0.695,59,0,0.424,-0.40,approach,approach,0.0917,-0.0000,3.6374,0.2706,-0.0478
11654.495,43.408,exp1,APPROACH_TARGET,UNKNOWN,OFF_MAPPED_GROUND,0,0,0.00,0.046,0.695,59,0,0.424,-0.40,approach,approach,0.0895,-0.0000,3.6465,0.2701,-0.0478
11654.595,43.508,exp1,APPROACH_TARGET,UNKNOWN,OFF_MAPPED_GROUND,0,0,0.00,0.046,0.695,59,0,0.424,-0.40,approach,approach,0.0854,-0.0000,3.6553,0.2697,-0.0479
11654.700,43.608,exp1,APPROACH_TARGET,UNKNOWN,OFF_MAPPED_GROUND,0,0,0.00,0.046,0.695,59,0,0.424,-0.40,approach,approach,0.0834,-0.0000,3.6639,0.2693,-0.0479
11654.802,43.708,exp1,APPROACH_TARGET,UNKNOWN,OFF_MAPPED_GROUND,0,0,0.00,0.046,0.695,59,0,0.424,-0.40,approach,approach,0.0794,-0.0022,3.6721,0.2689,-0.0479
11654.907,43.808,exp1,APPROACH_TARGET,UNKNOWN,OFF_MAPPED_GROUND,0,0,0.00,0.046,0.695,59,0,0.424,-0.40,approach,approach,0.0776,-0.0000,3.6800,0.2685,-0.0481
11655.011,43.908,exp1,APPROACH_TARGET,UNKNOWN,OFF_MAPPED_GROUND,0,0,0.00,0.048,0.695,59,0,0.424,-0.40,approach,approach,0.0740,-0.0000,3.6876,0.2681,-0.0481
11655.109,44.008,exp1,APPROACH_TARGET,UNKNOWN,OFF_MAPPED_GROUND,0,0,0.00,0.046,0.695,59,0,0.425,-0.40,approach,approach,0.0723,-0.0001,3.6950,0.2678,-0.0481
11655.209,44.108,exp1,APPROACH_TARGET,UNKNOWN,OFF_MAPPED_GROUND,0,0,0.00,0.046,0.695,59,0,0.425,-0.40,approach,approach,0.0689,-0.0001,3.7021,0.2674,-0.0482
11655.313,44.208,exp1,APPROACH_TARGET,UNKNOWN,OFF_MAPPED_GROUND,0,0,0.00,0.049,0.661,59,0,0.425,-0.40,approach,approach,0.0672,-0.0021,3.7090,0.2671,-0.0482
11655.413,44.308,exp1,APPROACH_TARGET,UNKNOWN,OFF_MAPPED_GROUND,0,0,0.00,0.050,0.644,59,0,0.425,-0.40,approach,approach,0.0641,-0.0000,3.7156,0.2668,-0.0483
11655.527,44.408,exp1,APPROACH_TARGET,UNKNOWN,OFF_MAPPED_GROUND,0,0,0.00,0.053,0.661,59,0,0.425,-0.40,approach,approach,0.0626,-0.0021,3.7219,0.2665,-0.0483
11655.629,44.508,exp1,APPROACH_TARGET,UNKNOWN,OFF_MAPPED_GROUND,0,0,0.00,0.058,0.655,58,0,0.425,-0.40,approach,approach,0.0612,-0.0001,3.7281,0.2662,-0.0484
11655.745,44.608,exp1,APPROACH_TARGET,UNKNOWN,OFF_MAPPED_GROUND,0,0,0.00,0.058,0.655,58,0,0.425,-0.40,approach,approach,0.0582,-0.0000,3.7340,0.2659,-0.0484
11655.845,44.708,exp1,APPROACH_TARGET,UNKNOWN,OFF_MAPPED_GROUND,0,0,0.00,0.057,0.655,58,0,0.425,-0.40,approach,approach,0.0000,0.0000,3.7382,0.2657,-0.0484
11655.954,44.808,exp1,APPROACH_TARGET,UNKNOWN,OFF_MAPPED_GROUND,0,0,0.00,0.058,0.655,58,0,0.425,-0.40,approach,approach,0.0000,0.0000,3.7382,0.2657,-0.0484
11656.054,44.908,exp1,APPROACH_TARGET,UNKNOWN,OFF_MAPPED_GROUND,0,0,0.00,0.059,0.655,58,0,0.425,-0.40,approach,approach,0.0000,0.0000,3.7382,0.2657,-0.0484
11656.161,45.008,exp1,APPROACH_TARGET,UNKNOWN,OFF_MAPPED_GROUND,0,0,0.00,0.059,0.655,58,0,0.425,-0.40,approach,approach,0.0000,0.0000,3.7382,0.2657,-0.0484
11656.261,45.108,exp1,APPROACH_TARGET,UNKNOWN,OFF_MAPPED_GROUND,0,0,0.00,0.059,0.655,58,0,0.425,-0.40,approach,approach,0.0300,0.0000,3.7396,0.2656,-0.0484
11656.364,45.208,exp1,APPROACH_TARGET,UNKNOWN,OFF_MAPPED_GROUND,0,0,0.00,0.058,0.655,58,0,0.425,-0.40,approach,approach,0.0300,0.0000,3.7426,0.2655,-0.0484
11656.465,45.308,exp1,APPROACH_TARGET,UNKNOWN,OFF_MAPPED_GROUND,0,0,0.00,0.058,0.655,58,0,0.425,-0.40,approach,approach,0.0300,0.0000,3.7455,0.2653,-0.0484
11656.568,45.408,exp1,APPROACH_TARGET,UNKNOWN,OFF_MAPPED_GROUND,0,0,0.00,0.059,0.655,58,0,0.425,-0.40,approach,approach,0.0300,0.0000,3.7485,0.2652,-0.0484
11656.672,45.508,exp1,APPROACH_TARGET,UNKNOWN,OFF_MAPPED_GROUND,0,0,0.00,0.060,0.655,58,0,0.425,-0.40,approach,approach,0.0300,0.0000,3.7515,0.2650,-0.0484
11656.776,45.608,exp1,APPROACH_TARGET,UNKNOWN,OFF_MAPPED_GROUND,0,0,0.00,0.060,0.655,58,0,0.425,-0.40,approach,approach,0.0300,0.0000,3.7545,0.2649,-0.0484
11656.878,45.708,exp1,APPROACH_TARGET,UNKNOWN,OFF_MAPPED_GROUND,0,0,0.00,0.061,0.655,58,0,0.425,-0.40,approach,approach,0.0300,0.0000,3.7575,0.2647,-0.0484
11656.977,45.808,exp1,APPROACH_TARGET,UNKNOWN,OFF_MAPPED_GROUND,0,0,0.00,0.061,0.655,58,0,0.425,-0.40,approach,approach,0.0300,0.0000,3.7605,0.2646,-0.0484
11657.083,45.908,exp1,APPROACH_TARGET,UNKNOWN,OFF_MAPPED_GROUND,0,0,0.00,0.061,0.655,58,0,0.425,-0.40,approach,approach,0.0300,0.0000,3.7635,0.2645,-0.0484
11657.178,46.008,exp1,APPROACH_TARGET,UNKNOWN,OFF_MAPPED_GROUND,0,0,0.00,0.061,0.655,58,0,0.425,-0.40,approach,approach,0.0300,0.0000,3.7665,0.2643,-0.0484
11657.287,46.108,exp1,APPROACH_TARGET,UNKNOWN,OFF_MAPPED_GROUND,0,0,0.00,0.061,0.655,58,0,0.425,-0.40,approach,approach,0.0300,0.0000,3.7695,0.2642,-0.0484
11657.386,46.208,exp1,APPROACH_TARGET,UNKNOWN,OFF_MAPPED_GROUND,0,0,0.00,0.061,0.655,58,0,0.425,-0.40,approach,approach,0.0300,0.0000,3.7725,0.2640,-0.0484
11657.490,46.308,exp1,APPROACH_TARGET,UNKNOWN,OFF_MAPPED_GROUND,0,0,0.00,0.063,0.655,58,0,0.425,-0.40,approach,approach,0.0300,0.0000,3.7755,0.2639,-0.0484
11657.590,46.408,exp1,APPROACH_TARGET,UNKNOWN,OFF_MAPPED_GROUND,0,0,0.00,0.063,0.655,58,0,0.425,-0.40,approach,approach,0.0300,0.0000,3.7785,0.2637,-0.0484
11657.696,46.508,exp1,APPROACH_TARGET,UNKNOWN,OFF_MAPPED_GROUND,0,0,0.00,0.063,0.655,58,0,0.425,-0.40,approach,approach,0.0300,0.0000,3.7815,0.2636,-0.0484
11657.796,46.608,exp1,APPROACH_TARGET,UNKNOWN,OFF_MAPPED_GROUND,0,0,0.00,0.063,0.655,58,0,0.425,-0.40,approach,approach,0.0300,0.0000,3.7845,0.2634,-0.0484
11657.905,46.708,exp1,APPROACH_TARGET,UNKNOWN,OFF_MAPPED_GROUND,0,0,0.00,0.063,0.638,58,0,0.425,-0.40,approach,approach,0.0300,0.0000,3.7881,0.2633,-0.0484
11658.003,46.808,exp1,APPROACH_TARGET,UNKNOWN,OFF_MAPPED_GROUND,0,0,0.00,0.062,0.638,58,0,0.425,-0.40,approach,approach,0.0300,0.0000,3.7905,0.2631,-0.0484
11658.115,46.908,exp1,APPROACH_TARGET,UNKNOWN,OFF_MAPPED_GROUND,0,0,0.00,0.062,0.638,58,0,0.425,-0.40,approach,approach,0.0300,0.0000,3.7935,0.2630,-0.0484
11658.211,47.008,exp1,APPROACH_TARGET,UNKNOWN,OFF_MAPPED_GROUND,0,0,0.00,0.062,0.638,58,0,0.425,-0.40,approach,approach,0.0300,0.0000,3.7965,0.2629,-0.0484
11658.322,47.108,exp1,APPROACH_TARGET,UNKNOWN,OFF_MAPPED_GROUND,0,0,0.00,0.063,0.621,58,0,0.425,-0.40,approach,approach,0.0300,0.0000,3.7995,0.2627,-0.0484
11658.422,47.208,exp1,APPROACH_TARGET,UNKNOWN,OFF_MAPPED_GROUND,0,0,0.00,0.063,0.603,58,0,0.425,-0.40,approach,approach,0.0300,0.0000,3.8025,0.2626,-0.0484
11658.524,47.308,exp1,APPROACH_TARGET,UNKNOWN,OFF_MAPPED_GROUND,0,0,0.00,0.062,0.603,58,0,0.425,-0.40,approach,approach,0.0300,0.0000,3.8061,0.2624,-0.0484
11658.623,47.408,exp1,APPROACH_TARGET,UNKNOWN,OFF_MAPPED_GROUND,0,0,0.00,0.062,0.603,58,0,0.425,-0.40,approach,approach,0.0300,0.0000,3.8085,0.2623,-0.0484
11658.726,47.510,exp1,APPROACH_TARGET,UNKNOWN,OFF_MAPPED_GROUND,0,0,0.00,0.062,0.610,59,0,0.425,-0.40,approach,approach,0.0300,0.0000,3.8121,0.2621,-0.0484
11658.822,47.608,exp1,APPROACH_TARGET,UNKNOWN,OFF_MAPPED_GROUND,0,0,0.00,0.062,0.610,59,0,0.425,-0.40,approach,approach,0.0300,0.0000,3.8145,0.2620,-0.0484
11658.930,47.708,exp1,APPROACH_TARGET,UNKNOWN,OFF_MAPPED_GROUND,0,0,0.00,0.061,0.627,59,0,0.425,-0.40,approach,approach,0.0300,0.0000,3.8175,0.2618,-0.0484
11659.030,47.808,exp1,APPROACH_TARGET,UNKNOWN,OFF_MAPPED_GROUND,0,0,0.00,0.062,0.627,59,0,0.425,-0.40,approach,approach,0.0300,0.0000,3.8205,0.2617,-0.0484
11659.142,47.908,exp1,APPROACH_TARGET,UNKNOWN,OFF_MAPPED_GROUND,0,0,0.00,0.062,0.627,59,0,0.425,-0.40,approach,approach,0.0300,0.0000,3.8235,0.2616,-0.0484
11659.242,48.008,exp1,APPROACH_TARGET,UNKNOWN,OFF_MAPPED_GROUND,0,0,0.00,0.061,0.627,59,0,0.425,-0.40,approach,approach,0.0300,0.0000,3.8265,0.2614,-0.0484
11659.347,48.108,exp1,APPROACH_TARGET,UNKNOWN,OFF_MAPPED_GROUND,0,0,0.00,0.061,0.627,59,0,0.425,-0.40,approach,approach,0.0300,0.0000,3.8295,0.2613,-0.0484
11659.447,48.208,exp1,APPROACH_TARGET,UNKNOWN,OFF_MAPPED_GROUND,0,0,0.00,0.061,0.627,59,0,0.425,-0.40,approach,approach,0.0300,0.0000,3.8324,0.2611,-0.0484
11659.555,48.308,exp1,APPROACH_TARGET,UNKNOWN,OFF_MAPPED_GROUND,0,0,0.00,0.061,0.627,59,0,0.425,-0.40,approach,approach,0.0300,0.0000,3.8354,0.2610,-0.0484
11659.655,48.408,exp1,APPROACH_TARGET,UNKNOWN,OFF_MAPPED_GROUND,0,0,0.00,0.060,0.627,59,0,0.425,-0.40,approach,approach,0.0300,0.0000,3.8384,0.2608,-0.0484
11659.773,48.508,exp1,APPROACH_TARGET,UNKNOWN,OFF_MAPPED_GROUND,0,0,0.00,0.060,0.627,59,0,0.425,-0.40,approach,approach,0.0300,0.0000,3.8414,0.2607,-0.0484
11659.873,48.608,exp1,APPROACH_TARGET,UNKNOWN,OFF_MAPPED_GROUND,0,0,0.00,0.060,0.627,59,0,0.425,-0.40,approach,approach,0.0300,0.0000,3.8444,0.2605,-0.0484
11659.976,48.708,exp1,APPROACH_TARGET,UNKNOWN,OFF_MAPPED_GROUND,0,0,0.00,0.060,0.627,59,0,0.425,-0.40,approach,approach,0.0300,0.0000,3.8474,0.2604,-0.0484
11660.075,48.808,exp1,APPROACH_TARGET,UNKNOWN,OFF_MAPPED_GROUND,0,0,0.00,0.060,0.627,59,0,0.425,-0.40,approach,approach,0.0300,0.0000,3.8504,0.2602,-0.0484
11660.178,48.908,exp1,APPROACH_TARGET,STALE,POSE_STALE,0,0,0.00,0.060,0.627,59,0,0.425,-0.40,approach,approach,0.0300,0.0000,3.8534,0.2601,-0.0484
11660.278,49.008,exp1,APPROACH_TARGET,STALE,POSE_STALE,0,0,0.10,0.061,0.627,59,0,0.425,-0.40,approach,approach,0.0300,0.0000,3.8564,0.2600,-0.0484
11660.380,49.108,exp1,APPROACH_TARGET,STALE,POSE_STALE,0,0,0.20,0.061,0.627,59,0,0.425,-0.40,approach,approach,0.0300,0.0000,3.8594,0.2598,-0.0484
11660.481,49.208,exp1,APPROACH_TARGET,STALE,POSE_STALE,0,0,0.30,0.061,0.627,59,0,0.425,-0.40,approach,approach,0.0300,0.0000,3.8624,0.2597,-0.0484
11660.583,49.308,exp1,APPROACH_TARGET,STALE,POSE_STALE,0,0,0.40,0.060,0.627,59,0,0.425,-0.40,approach,approach,0.0300,0.0000,3.8654,0.2595,-0.0484
11660.691,49.408,exp1,APPROACH_TARGET,STALE,POSE_STALE,0,0,0.50,0.060,0.610,59,0,0.425,-0.40,approach,approach,0.0300,0.0000,3.8684,0.2594,-0.0484
11660.806,49.508,exp1,APPROACH_TARGET,STALE,POSE_STALE,0,0,0.70,0.061,0.610,59,0,0.425,-0.40,approach,approach,0.0300,0.0000,3.8714,0.2592,-0.0484
11660.910,49.608,exp1,APPROACH_TARGET,STALE,POSE_STALE,0,0,0.70,0.061,0.610,59,0,0.425,-0.40,approach,approach,0.0300,0.0000,3.8744,0.2591,-0.0484
11661.009,49.708,exp1,APPROACH_TARGET,STALE,POSE_STALE,0,0,0.80,0.061,0.610,59,0,0.425,-0.40,approach,approach,0.0300,0.0000,3.8774,0.2589,-0.0484
11661.115,49.808,exp1,APPROACH_TARGET,STALE,POSE_STALE,0,0,0.90,0.061,0.610,59,0,0.425,-0.40,approach,approach,0.0300,0.0000,3.8804,0.2588,-0.0484
11661.214,49.908,exp1,APPROACH_TARGET,STALE,POSE_STALE,0,0,1.00,0.061,0.610,59,0,0.425,-0.40,approach,approach,0.0300,0.0000,3.8834,0.2587,-0.0484
11661.319,50.008,exp1,APPROACH_TARGET,STALE,POSE_STALE,0,0,1.10,0.060,0.627,59,0,0.425,-0.40,approach,approach,0.0300,0.0000,3.8864,0.2585,-0.0484
11661.420,50.108,exp1,APPROACH_TARGET,STALE,POSE_STALE,0,0,1.20,0.060,0.627,59,0,0.425,-0.40,approach,approach,0.0300,0.0000,3.8894,0.2584,-0.0484
11661.533,50.210,exp1,APPROACH_TARGET,STALE,POSE_STALE,0,0,1.30,0.060,0.627,59,0,0.425,-0.40,approach,approach,0.0300,0.0000,3.8930,0.2582,-0.0484
11661.631,50.308,exp1,APPROACH_TARGET,STALE,POSE_STALE,0,0,1.40,0.061,0.627,59,0,0.425,-0.40,approach,approach,0.0000,0.0000,3.8952,0.2581,-0.0484
11661.741,50.408,exp1,GRASP,STALE,POSE_STALE,0,0,1.50,0.061,0.627,59,0,0.425,-0.40,approach,approach,0.0000,0.0000,3.8952,0.2581,-0.0484
11661.841,50.508,exp1,GRASP,STALE,POSE_STALE,0,0,1.60,0.061,0.627,59,0,0.425,-0.40,approach,approach,0.0000,0.0000,3.8952,0.2581,-0.0484
11661.943,50.608,exp1,GRASP,STALE,POSE_STALE,0,0,1.70,0.061,0.627,59,0,0.425,-0.40,approach,approach,0.0000,0.0000,3.8952,0.2581,-0.0484
11662.044,50.708,exp1,GRASP,STALE,POSE_STALE,0,0,1.80,0.061,0.627,59,0,0.425,-0.40,approach,approach,0.0000,0.0000,3.8952,0.2581,-0.0484
11662.143,50.808,exp1,GRASP,STALE,POSE_STALE,0,0,1.90,0.061,0.627,59,0,0.425,-0.40,approach,approach,0.0000,0.0000,3.8952,0.2581,-0.0484
11662.246,50.908,exp1,GRASP,STALE,POSE_STALE,1,0,2.00,0.061,0.627,59,0,0.425,-0.40,idle,none,0.0000,0.0000,3.8952,0.2581,-0.0484
11662.356,51.008,exp1,GRASP,STALE,POSE_STALE,1,0,2.10,0.061,0.627,59,0,0.425,-0.40,idle,none,0.0000,0.0000,3.8952,0.2581,-0.0484
11662.456,51.108,exp1,GRASP,STALE,POSE_STALE,1,0,2.20,0.061,0.627,59,0,0.425,-0.40,idle,none,0.0000,0.0000,3.8952,0.2581,-0.0484
11662.566,51.208,exp1,GRASP,STALE,POSE_STALE,1,0,2.30,0.061,0.627,59,0,0.425,-0.40,idle,none,0.0000,0.0000,3.8952,0.2581,-0.0484
11662.665,51.308,exp1,GRASP,STALE,POSE_STALE,1,0,2.40,0.061,0.627,59,0,0.425,-0.40,idle,none,0.0000,0.0000,3.8952,0.2581,-0.0484
11662.773,51.408,exp1,GRASP,STALE,POSE_STALE,1,0,2.50,0.061,0.627,59,0,0.425,-0.40,idle,none,0.0000,0.0000,3.8952,0.2581,-0.0484
11662.874,51.508,exp1,GRASP,STALE,POSE_STALE,1,0,2.60,0.061,0.627,59,0,0.425,-0.40,idle,none,0.0000,0.0000,3.8952,0.2581,-0.0484
11662.989,51.608,exp1,GRASP,STALE,POSE_STALE,1,0,2.70,0.061,0.627,59,0,0.425,-0.40,idle,none,0.0000,0.0000,3.8952,0.2581,-0.0484
11663.089,51.708,exp1,GRASP,STALE,POSE_STALE,1,0,2.80,0.061,0.627,59,0,0.425,-0.40,idle,none,0.0000,0.0000,3.8952,0.2581,-0.0484
11663.198,51.808,exp1,GRASP,STALE,POSE_STALE,1,0,2.90,0.061,0.627,59,0,0.425,-0.40,idle,none,0.0000,0.0000,3.8952,0.2581,-0.0484
11663.299,51.908,exp1,GRASP,STALE,POSE_STALE,1,0,3.00,0.061,0.627,59,0,0.425,-0.40,idle,none,0.0000,0.0000,3.8952,0.2581,-0.0484
11663.404,52.008,exp1,GRASP,STALE,POSE_STALE,1,0,3.10,0.061,0.627,59,0,0.425,-0.40,idle,none,0.0000,0.0000,3.8952,0.2581,-0.0484
11663.506,52.108,exp1,GRASP,STALE,POSE_STALE,1,0,3.20,0.061,0.627,59,0,0.425,-0.40,idle,none,0.0000,0.0000,3.8952,0.2581,-0.0484
11663.613,52.208,exp1,GRASP,STALE,POSE_STALE,1,0,3.30,0.061,0.627,59,0,0.425,-0.40,idle,none,0.0000,0.0000,3.8952,0.2581,-0.0484
11663.711,52.308,exp1,GRASP,STALE,POSE_STALE,1,0,3.40,0.061,0.627,59,0,0.425,-0.40,idle,none,0.0000,0.0000,3.8952,0.2581,-0.0484
11663.816,52.408,exp1,GRASP,STALE,POSE_STALE,1,0,3.50,0.061,0.627,59,0,0.425,-0.40,idle,none,0.0000,0.0000,3.8952,0.2581,-0.0484
11663.917,52.508,exp1,GRASP,STALE,POSE_STALE,1,0,3.60,0.061,0.627,59,0,0.425,-0.40,idle,none,0.0000,0.0000,3.8952,0.2581,-0.0484
11664.025,52.608,exp1,GRASP,STALE,POSE_STALE,1,0,3.70,0.061,0.627,59,0,0.425,-0.40,idle,none,0.0000,0.0000,3.8952,0.2581,-0.0484
11664.127,52.708,exp1,GRASP,STALE,POSE_STALE,1,0,3.80,0.061,0.627,59,0,0.425,-0.40,idle,none,0.0000,0.0000,3.8952,0.2581,-0.0484
11664.228,52.808,exp1,GRASP,STALE,POSE_STALE,1,0,3.90,0.061,0.627,59,0,0.425,-0.40,idle,none,0.0000,0.0000,3.8952,0.2581,-0.0484
11664.329,52.908,exp1,GRASP,STALE,POSE_STALE,1,0,4.00,0.061,0.627,59,0,0.425,-0.40,idle,none,0.0000,0.0000,3.8952,0.2581,-0.0484
11664.428,53.008,exp1,GRASP,STALE,POSE_STALE,1,0,4.10,0.061,0.627,59,0,0.425,-0.40,idle,none,0.0000,0.0000,3.8952,0.2581,-0.0484
11664.532,53.108,exp1,GRASP,STALE,POSE_STALE,1,0,4.20,0.061,0.627,59,0,0.425,-0.40,idle,none,0.0000,0.0000,3.8952,0.2581,-0.0484
11664.631,53.208,exp1,GRASP,STALE,POSE_STALE,1,0,4.30,0.061,0.627,59,0,0.425,-0.40,idle,none,0.0000,0.0000,3.8952,0.2581,-0.0484
11664.740,53.308,exp1,GRASP,STALE,POSE_STALE,1,0,4.40,0.061,0.627,59,0,0.425,-0.40,idle,none,0.0000,0.0000,3.8952,0.2581,-0.0484
11664.837,53.408,exp1,GRASP,STALE,POSE_STALE,1,0,4.50,0.061,0.627,59,0,0.425,-0.40,idle,none,0.0000,0.0000,3.8952,0.2581,-0.0484
11664.942,53.508,exp1,GRASP,STALE,POSE_STALE,1,0,4.60,0.061,0.627,59,0,0.425,-0.40,idle,none,0.0000,0.0000,3.8952,0.2581,-0.0484
11665.042,53.608,exp1,GRASP,STALE,POSE_STALE,1,0,4.70,0.061,0.627,59,0,0.425,-0.40,idle,none,0.0000,0.0000,3.8952,0.2581,-0.0484
11665.151,53.708,exp1,GRASP,STALE,POSE_STALE,1,0,4.80,0.061,0.627,59,0,0.425,-0.40,idle,none,0.0000,0.0000,3.8952,0.2581,-0.0484
11665.251,53.808,exp1,GRASP,STALE,POSE_STALE,1,0,4.90,0.061,0.627,59,0,0.425,-0.40,idle,none,0.0000,0.0000,3.8952,0.2581,-0.0484
11665.351,53.908,exp1,GRASP,STALE,POSE_STALE,1,0,5.00,0.061,0.627,59,0,0.425,-0.40,idle,none,0.0000,0.0000,3.8952,0.2581,-0.0484
11665.451,54.008,exp1,GRASP,STALE,POSE_STALE,1,0,5.10,0.061,0.627,59,0,0.425,-0.40,idle,none,0.0000,0.0000,3.8952,0.2581,-0.0484
11665.551,54.108,exp1,GRASP,STALE,POSE_STALE,1,0,5.20,0.061,0.627,59,0,0.425,-0.40,idle,none,0.0000,0.0000,3.8952,0.2581,-0.0484
11665.654,54.208,exp1,GRASP,STALE,POSE_STALE,1,0,5.30,0.061,0.627,59,0,0.425,-0.40,idle,none,0.0000,0.0000,3.8952,0.2581,-0.0484
11665.763,54.308,exp1,GRASP,STALE,POSE_STALE,1,0,5.40,0.061,0.627,59,0,0.425,-0.40,idle,none,0.0000,0.0000,3.8952,0.2581,-0.0484
11665.863,54.408,exp1,GRASP,STALE,POSE_STALE,1,0,5.50,0.061,0.627,59,0,0.425,-0.40,idle,none,0.0000,0.0000,3.8952,0.2581,-0.0484
11665.971,54.508,exp1,GRASP,STALE,POSE_STALE,1,0,5.60,0.071,0.627,59,0,0.425,-0.40,idle,none,0.0000,0.0000,3.8952,0.2581,-0.0484
11666.086,54.608,exp1,GRASP,STALE,POSE_STALE,1,0,5.70,0.103,0.627,59,0,0.425,-0.40,idle,none,0.0000,0.0000,3.8952,0.2581,-0.0484
11666.202,54.708,exp1,GRASP,STALE,POSE_STALE,1,0,5.80,0.092,0.627,59,0,0.425,-0.40,idle,none,0.0000,0.0000,3.8952,0.2581,-0.0484
11666.302,54.808,exp1,GRASP,STALE,POSE_STALE,1,0,5.90,0.092,0.627,59,0,0.425,-0.40,idle,none,0.0000,0.0000,3.8952,0.2581,-0.0484
11666.416,54.908,exp1,GRASP,STALE,POSE_STALE,1,0,6.00,0.097,0.627,59,0,0.425,-0.40,idle,none,0.0000,0.0000,3.8952,0.2581,-0.0484
11666.516,55.008,exp1,GRASP,STALE,POSE_STALE,1,0,6.10,0.086,0.610,59,0,0.425,-0.40,idle,none,0.0000,0.0000,3.8952,0.2581,-0.0484
11666.653,55.108,exp1,GRASP,STALE,POSE_STALE,1,0,6.20,0.061,0.627,59,0,0.425,-0.40,idle,none,0.0000,0.0000,3.8952,0.2581,-0.0484
11666.753,55.208,exp1,GRASP,STALE,POSE_STALE,1,0,6.30,0.061,0.627,59,0,0.425,-0.40,idle,none,0.0000,0.0000,3.8952,0.2581,-0.0484
11666.857,55.308,exp1,GRASP,STALE,POSE_STALE,1,0,6.40,0.061,0.627,59,0,0.425,-0.40,idle,none,0.0000,0.0000,3.8952,0.2581,-0.0484
11666.958,55.408,exp1,GRASP,STALE,POSE_STALE,1,0,6.50,0.061,0.627,59,0,0.425,-0.40,idle,none,0.0000,0.0000,3.8952,0.2581,-0.0484
11667.068,55.508,exp1,GRASP,STALE,POSE_STALE,1,0,6.60,0.061,0.627,59,0,0.425,-0.40,idle,none,0.0000,0.0000,3.8952,0.2581,-0.0484
11667.169,55.608,exp1,GRASP,STALE,POSE_STALE,1,0,6.70,0.061,0.627,59,0,0.425,-0.40,idle,none,0.0000,0.0000,3.8952,0.2581,-0.0484
11667.278,55.708,exp1,GRASP,STALE,POSE_STALE,1,0,6.80,0.061,0.627,59,0,0.425,-0.40,idle,none,0.0000,0.0000,3.8952,0.2581,-0.0484
11667.379,55.808,exp1,GRASP,STALE,POSE_STALE,1,0,6.90,0.061,0.627,59,0,0.425,-0.40,idle,none,0.0000,0.0000,3.8952,0.2581,-0.0484
11667.480,55.908,exp1,GRASP,STALE,POSE_STALE,1,0,7.00,0.061,0.627,59,0,0.425,-0.40,idle,none,0.0000,0.0000,3.8952,0.2581,-0.0484
11667.583,56.008,exp1,GRASP,STALE,POSE_STALE,1,0,7.10,0.061,0.627,59,0,0.425,-0.40,idle,none,0.0000,0.0000,3.8952,0.2581,-0.0484
11667.684,56.108,exp1,GRASP,STALE,POSE_STALE,1,0,7.20,0.061,0.627,59,0,0.425,-0.40,idle,none,0.0000,0.0000,3.8952,0.2581,-0.0484
11667.793,56.208,exp1,GRASP,STALE,POSE_STALE,1,0,7.30,0.061,0.627,59,0,0.425,-0.40,idle,none,0.0000,0.0000,3.8952,0.2581,-0.0484
11667.895,56.308,exp1,GRASP,STALE,POSE_STALE,1,0,7.40,0.061,0.627,59,0,0.425,-0.40,idle,none,0.0000,0.0000,3.8952,0.2581,-0.0484
11667.997,56.408,exp1,GRASP,STALE,POSE_STALE,1,0,7.50,0.061,0.627,59,0,0.425,-0.40,idle,none,0.0000,0.0000,3.8952,0.2581,-0.0484
11668.099,56.508,exp1,GRASP,STALE,POSE_STALE,1,0,7.60,0.061,0.627,59,0,0.425,-0.40,idle,none,0.0000,0.0000,3.8952,0.2581,-0.0484
11668.202,56.608,exp1,GRASP,STALE,POSE_STALE,1,0,7.70,0.061,0.627,59,0,0.425,-0.40,idle,none,0.0000,0.0000,3.8952,0.2581,-0.0484
11668.302,56.708,exp1,GRASP,STALE,POSE_STALE,1,0,7.80,0.061,0.627,59,0,0.425,-0.40,idle,none,0.0000,0.0000,3.8952,0.2581,-0.0484
11668.414,56.808,exp1,GRASP,STALE,POSE_STALE,1,0,7.90,0.061,0.627,59,0,0.425,-0.40,idle,none,0.0000,0.0000,3.8952,0.2581,-0.0484
11668.517,56.908,exp1,GRASP,STALE,POSE_STALE,1,0,8.00,0.061,0.627,59,0,0.425,-0.40,idle,none,0.0000,0.0000,3.8952,0.2581,-0.0484
11668.641,57.008,exp1,GRASP,STALE,POSE_STALE,1,0,8.10,0.061,0.627,59,0,0.425,-0.40,idle,none,0.0000,0.0000,3.8952,0.2581,-0.0484
11668.740,57.108,exp1,GRASP,STALE,POSE_STALE,1,0,8.20,0.061,0.627,59,0,0.425,-0.40,idle,none,0.0000,0.0000,3.8952,0.2581,-0.0484
11668.843,57.208,exp1,GRASP,STALE,POSE_STALE,1,0,8.30,0.061,0.627,59,0,0.425,-0.40,idle,none,0.0000,0.0000,3.8952,0.2581,-0.0484
11668.943,57.308,exp1,GRASP,STALE,POSE_STALE,1,0,8.40,0.061,0.627,59,0,0.425,-0.40,idle,none,0.0000,0.0000,3.8952,0.2581,-0.0484
11669.043,57.408,exp1,GRASP,STALE,POSE_STALE,1,0,8.50,0.061,0.627,59,0,0.425,-0.40,idle,none,0.0000,0.0000,3.8952,0.2581,-0.0484
11669.143,57.508,exp1,GRASP,STALE,POSE_STALE,1,0,8.60,0.061,0.627,59,0,0.425,-0.40,idle,none,0.0000,0.0000,3.8952,0.2581,-0.0484
11669.256,57.608,exp1,GRASP,STALE,POSE_STALE,1,0,8.70,0.061,0.627,59,0,0.425,-0.40,idle,none,0.0000,0.0000,3.8952,0.2581,-0.0484
11669.357,57.708,exp1,GRASP,STALE,POSE_STALE,1,0,8.80,0.061,0.627,59,0,0.425,-0.40,idle,none,0.0000,0.0000,3.8952,0.2581,-0.0484
11669.465,57.808,exp1,GRASP,STALE,POSE_STALE,1,0,8.90,0.061,0.627,59,0,0.425,-0.40,idle,none,0.0000,0.0000,3.8952,0.2581,-0.0484
11669.565,57.908,exp1,GRASP,STALE,POSE_STALE,1,0,9.00,0.061,0.627,59,0,0.425,-0.40,idle,none,0.0000,0.0000,3.8952,0.2581,-0.0484
11669.674,58.008,exp1,GRASP,STALE,POSE_STALE,1,0,9.10,0.061,0.627,59,0,0.425,-0.40,idle,none,0.0000,0.0000,3.8952,0.2581,-0.0484
11669.774,58.108,exp1,GRASP,STALE,POSE_STALE,1,0,9.20,0.061,0.627,59,0,0.425,-0.40,idle,none,0.0000,0.0000,3.8952,0.2581,-0.0484
11669.878,58.208,exp1,GRASP,STALE,POSE_STALE,1,0,9.30,0.061,0.627,59,0,0.425,-0.40,idle,none,0.0000,0.0000,3.8952,0.2581,-0.0484
11669.978,58.308,exp1,GRASP,STALE,POSE_STALE,1,0,9.40,0.061,0.627,59,0,0.425,-0.40,idle,none,0.0000,0.0000,3.8952,0.2581,-0.0484
11670.082,58.408,exp1,GRASP,STALE,POSE_STALE,1,0,9.50,0.061,0.627,59,0,0.425,-0.40,idle,none,0.0000,0.0000,3.8952,0.2581,-0.0484
11670.182,58.508,exp1,GRASP,STALE,POSE_STALE,1,0,9.60,0.061,0.627,59,0,0.425,-0.40,idle,none,0.0000,0.0000,3.8952,0.2581,-0.0484
11670.285,58.608,exp1,GRASP,STALE,POSE_STALE,1,0,9.70,0.061,0.627,59,0,0.425,-0.40,idle,none,0.0000,0.0000,3.8952,0.2581,-0.0484
11670.386,58.708,exp1,GRASP,STALE,POSE_STALE,1,0,9.80,0.061,0.627,59,0,0.425,-0.40,idle,none,0.0000,0.0000,3.8952,0.2581,-0.0484
11670.487,58.808,exp1,GRASP,STALE,POSE_STALE,1,0,9.90,0.061,0.627,59,0,0.425,-0.40,idle,none,0.0000,0.0000,3.8952,0.2581,-0.0484
11670.588,58.908,exp1,GRASP,STALE,POSE_STALE,1,0,10.00,0.061,0.627,59,0,0.425,-0.40,idle,none,0.0000,0.0000,3.8952,0.2581,-0.0484
11670.814,59.008,exp1,GRASP,STALE,POSE_STALE,1,0,10.10,0.061,0.627,59,0,0.425,-0.40,idle,none,0.0000,0.0000,3.8952,0.2581,-0.0484
11670.920,59.108,exp1,GRASP,STALE,POSE_STALE,1,0,10.20,0.061,0.627,59,0,0.425,-0.40,idle,none,0.0000,0.0000,3.8952,0.2581,-0.0484
11671.020,59.208,exp1,GRASP,STALE,POSE_STALE,1,0,10.30,0.061,0.627,59,0,0.425,-0.40,idle,none,0.0000,0.0000,3.8952,0.2581,-0.0484
11671.121,59.308,exp1,GRASP,STALE,POSE_STALE,1,0,10.40,0.061,0.627,59,0,0.425,-0.40,idle,none,0.0000,0.0000,3.8952,0.2581,-0.0484
11671.220,59.408,exp1,GRASP,STALE,POSE_STALE,1,0,10.50,0.061,0.627,59,0,0.425,-0.40,idle,none,0.0000,0.0000,3.8952,0.2581,-0.0484
11671.328,59.508,exp1,GRASP,STALE,POSE_STALE,1,0,10.60,0.061,0.627,59,0,0.425,-0.40,idle,none,0.0000,0.0000,3.8952,0.2581,-0.0484
11671.428,59.608,exp1,GRASP,STALE,POSE_STALE,1,0,10.70,0.061,0.627,59,0,0.425,-0.40,idle,none,0.0000,0.0000,3.8952,0.2581,-0.0484
11671.548,59.708,exp1,GRASP,STALE,POSE_STALE,1,0,10.80,0.061,0.627,59,0,0.425,-0.40,idle,none,0.0000,0.0000,3.8952,0.2581,-0.0484
11671.650,59.808,exp1,GRASP,STALE,POSE_STALE,1,0,10.90,0.061,0.627,59,0,0.425,-0.40,idle,none,0.0000,0.0000,3.8952,0.2581,-0.0484
11671.758,59.908,exp1,GRASP,STALE,POSE_STALE,1,0,11.00,0.061,0.627,59,0,0.425,-0.40,idle,none,0.0000,0.0000,3.8952,0.2581,-0.0484
11671.864,60.008,exp1,GRASP,STALE,POSE_STALE,1,0,11.10,0.061,0.627,59,0,0.425,-0.40,idle,none,0.0000,0.0000,3.8952,0.2581,-0.0484
11671.971,60.108,exp1,GRASP,STALE,POSE_STALE,1,0,11.20,0.061,0.627,59,0,0.425,-0.40,idle,none,0.0000,0.0000,3.8952,0.2581,-0.0484
11672.071,60.208,exp1,GRASP,STALE,POSE_STALE,1,0,11.30,0.061,0.627,59,0,0.425,-0.40,idle,none,0.0000,0.0000,3.8952,0.2581,-0.0484
11672.187,60.308,exp1,GRASP,STALE,POSE_STALE,1,0,11.40,0.061,0.627,59,0,0.425,-0.40,idle,none,0.0000,0.0000,3.8952,0.2581,-0.0484
11672.287,60.408,exp1,GRASP,STALE,POSE_STALE,1,0,11.50,0.061,0.627,59,0,0.425,-0.40,idle,none,0.0000,0.0000,3.8952,0.2581,-0.0484
11672.388,60.508,exp1,GRASP,STALE,POSE_STALE,1,0,11.60,0.061,0.627,59,0,0.425,-0.40,idle,none,0.0000,0.0000,3.8952,0.2581,-0.0484
11672.487,60.608,exp1,GRASP,STALE,POSE_STALE,1,0,11.70,0.061,0.627,59,0,0.425,-0.40,idle,none,0.0000,0.0000,3.8952,0.2581,-0.0484
11672.587,60.708,exp1,GRASP,STALE,POSE_STALE,1,0,11.80,0.061,0.627,59,0,0.425,-0.40,idle,none,0.0000,0.0000,3.8952,0.2581,-0.0484
11672.704,60.808,exp1,GRASP,STALE,POSE_STALE,1,0,11.90,0.061,0.627,59,0,0.425,-0.40,idle,none,0.0000,0.0000,3.8952,0.2581,-0.0484
11672.838,60.908,exp1,GRASP,STALE,POSE_STALE,1,0,12.00,0.061,0.627,59,0,0.425,-0.40,idle,none,0.0000,0.0000,3.8952,0.2581,-0.0484
11672.946,61.008,exp1,GRASP,STALE,POSE_STALE,1,0,12.10,0.061,0.627,59,0,0.425,-0.40,idle,none,0.0000,0.0000,3.8952,0.2581,-0.0484
11673.058,61.108,exp1,GRASP,STALE,POSE_STALE,1,0,12.20,0.061,0.627,59,0,0.425,-0.40,idle,none,0.0000,0.0000,3.8952,0.2581,-0.0484
11673.160,61.208,exp1,GRASP,STALE,POSE_STALE,1,0,12.30,0.061,0.627,59,0,0.425,-0.40,idle,none,0.0000,0.0000,3.8952,0.2581,-0.0484
11673.276,61.308,exp1,GRASP,STALE,POSE_STALE,1,0,12.40,0.061,0.627,59,0,0.425,-0.40,idle,none,0.0000,0.0000,3.8952,0.2581,-0.0484
11673.375,61.408,exp1,GRASP,STALE,POSE_STALE,1,0,12.50,0.061,0.627,59,0,0.425,-0.40,idle,none,0.0000,0.0000,3.8952,0.2581,-0.0484
11673.480,61.508,exp1,GRASP,STALE,POSE_STALE,1,0,12.60,0.061,0.627,59,0,0.425,-0.40,idle,none,0.0000,0.0000,3.8952,0.2581,-0.0484
11673.582,61.608,exp1,GRASP,STALE,POSE_STALE,1,0,12.70,0.061,0.627,59,0,0.425,-0.40,idle,none,0.0000,0.0000,3.8952,0.2581,-0.0484
11673.694,61.708,exp1,GRASP,STALE,POSE_STALE,1,0,12.80,0.061,0.627,59,0,0.425,-0.40,idle,none,0.0000,0.0000,3.8952,0.2581,-0.0484
11673.794,61.808,exp1,GRASP,STALE,POSE_STALE,1,0,12.90,0.061,0.627,59,0,0.425,-0.40,idle,none,0.0000,0.0000,3.8952,0.2581,-0.0484
11673.895,61.908,exp1,GRASP,STALE,POSE_STALE,1,0,13.00,0.061,0.627,59,0,0.425,-0.40,idle,none,0.0000,0.0000,3.8952,0.2581,-0.0484
11673.999,62.012,exp1,GRASP,STALE,POSE_STALE,1,0,13.10,0.061,0.627,59,0,0.425,-0.40,idle,none,0.0000,0.0000,3.8952,0.2581,-0.0484
11674.094,62.108,exp1,GRASP,STALE,POSE_STALE,1,0,13.20,0.061,0.627,59,0,0.425,-0.40,idle,none,0.0000,0.0000,3.8952,0.2581,-0.0484
11674.200,62.208,exp1,GRASP,STALE,POSE_STALE,1,0,13.30,0.061,0.627,59,0,0.425,-0.40,idle,none,0.0000,0.0000,3.8952,0.2581,-0.0484
11674.299,62.308,exp1,GRASP,STALE,POSE_STALE,1,0,13.40,0.061,0.627,59,0,0.425,-0.40,idle,none,0.0000,0.0000,3.8952,0.2581,-0.0484
11674.405,62.408,exp1,GRASP,STALE,POSE_STALE,1,0,13.50,0.061,0.627,59,0,0.425,-0.40,idle,none,0.0000,0.0000,3.8952,0.2581,-0.0484
11674.502,62.508,exp1,GRASP,STALE,POSE_STALE,1,0,13.60,0.061,0.627,59,0,0.425,-0.40,idle,none,0.0000,0.0000,3.8952,0.2581,-0.0484
11674.607,62.612,exp1,GRASP,STALE,POSE_STALE,1,0,13.70,0.061,0.627,59,0,0.425,-0.40,idle,none,0.0000,0.0000,3.8952,0.2581,-0.0484
11674.702,62.708,exp1,GRASP,STALE,POSE_STALE,1,0,13.80,0.061,0.627,59,0,0.425,-0.40,idle,none,0.0000,0.0000,3.8952,0.2581,-0.0484
11674.811,62.812,exp1,GRASP,STALE,POSE_STALE,1,0,13.90,0.061,0.627,59,0,0.425,-0.40,idle,none,0.0000,0.0000,3.8952,0.2581,-0.0484
11674.905,62.908,exp1,GRASP,STALE,POSE_STALE,1,0,14.00,0.061,0.627,59,0,0.425,-0.40,idle,none,0.0000,0.0000,3.8952,0.2581,-0.0484
11675.020,63.012,exp1,GRASP,STALE,POSE_STALE,1,0,14.20,0.061,0.627,59,0,0.425,-0.40,idle,none,0.0000,0.0000,3.8952,0.2581,-0.0484
11675.122,63.108,exp1,GRASP,STALE,POSE_STALE,1,0,14.20,0.061,0.627,59,0,0.425,-0.40,idle,none,0.0000,0.0000,3.8952,0.2581,-0.0484
11675.227,63.208,exp1,GRASP,STALE,POSE_STALE,1,0,14.30,0.061,0.627,59,0,0.425,-0.40,idle,none,0.0000,0.0000,3.8952,0.2581,-0.0484
11675.327,63.308,exp1,GRASP,STALE,POSE_STALE,1,0,14.40,0.061,0.627,59,0,0.425,-0.40,idle,none,0.0000,0.0000,3.8952,0.2581,-0.0484
11675.445,63.408,exp1,GRASP,STALE,POSE_STALE,1,0,14.50,0.061,0.627,59,0,0.425,-0.40,idle,none,0.0000,0.0000,3.8952,0.2581,-0.0484
11675.545,63.508,exp1,GRASP,STALE,POSE_STALE,1,0,14.60,0.061,0.627,59,0,0.425,-0.40,idle,none,0.0000,0.0000,3.8952,0.2581,-0.0484
11675.653,63.608,exp1,GRASP,STALE,POSE_STALE,1,0,14.70,0.061,0.627,59,0,0.425,-0.40,idle,none,0.0000,0.0000,3.8952,0.2581,-0.0484
11675.752,63.708,exp1,GRASP,STALE,POSE_STALE,1,0,14.80,0.061,0.627,59,0,0.425,-0.40,idle,none,0.0000,0.0000,3.8952,0.2581,-0.0484
11675.852,63.808,exp1,GRASP,STALE,POSE_STALE,1,0,14.90,0.061,0.627,59,0,0.425,-0.40,idle,none,0.0000,0.0000,3.8952,0.2581,-0.0484
11675.952,63.908,exp1,GRASP,STALE,POSE_STALE,1,0,15.00,0.061,0.627,59,0,0.425,-0.40,idle,none,0.0000,0.0000,3.8952,0.2581,-0.0484
11676.053,64.008,exp1,GRASP,STALE,POSE_STALE,1,0,15.10,0.061,0.627,59,0,0.425,-0.40,idle,none,0.0000,0.0000,3.8952,0.2581,-0.0484
11676.154,64.108,exp1,GRASP,STALE,POSE_STALE,1,0,15.30,0.061,0.627,59,0,0.425,-0.40,idle,none,0.0000,0.0000,3.8952,0.2581,-0.0484
11676.267,64.208,exp1,GRASP,STALE,POSE_STALE,1,0,15.30,0.061,0.627,59,0,0.425,-0.40,idle,none,0.0000,0.0000,3.8952,0.2581,-0.0484
11676.370,64.308,exp1,GRASP,STALE,POSE_STALE,1,0,15.40,0.061,0.627,59,0,0.425,-0.40,idle,none,0.0000,0.0000,3.8952,0.2581,-0.0484
11676.596,64.408,exp1,GRASP,STALE,POSE_STALE,1,0,15.50,0.061,0.627,59,0,0.425,-0.40,idle,none,0.0000,0.0000,3.8952,0.2581,-0.0484
11676.697,64.508,exp1,GRASP,STALE,POSE_STALE,1,0,15.70,0.061,0.627,59,0,0.425,-0.40,idle,none,0.0000,0.0000,3.8952,0.2581,-0.0484
11676.800,64.608,exp1,GRASP,STALE,POSE_STALE,1,0,15.70,0.061,0.627,59,0,0.425,-0.40,idle,none,0.0000,0.0000,3.8952,0.2581,-0.0484
11676.899,64.708,exp1,GRASP,STALE,POSE_STALE,1,0,15.80,0.061,0.627,59,0,0.425,-0.40,idle,none,0.0000,0.0000,3.8952,0.2581,-0.0484
11677.000,64.808,exp1,GRASP,STALE,POSE_STALE,1,0,15.90,0.061,0.627,59,0,0.425,-0.40,idle,none,0.0000,0.0000,3.8952,0.2581,-0.0484
11677.100,64.908,exp1,GRASP,STALE,POSE_STALE,1,0,16.00,0.061,0.627,59,0,0.425,-0.40,idle,none,0.0000,0.0000,3.8952,0.2581,-0.0484
11677.199,65.008,exp1,GRASP,STALE,POSE_STALE,1,0,16.10,0.061,0.627,59,0,0.425,-0.40,idle,none,0.0000,0.0000,3.8952,0.2581,-0.0484
11677.300,65.108,exp1,GRASP,STALE,POSE_STALE,1,0,16.20,0.061,0.627,59,0,0.425,-0.40,idle,none,0.0000,0.0000,3.8952,0.2581,-0.0484
11677.402,65.208,exp1,GRASP,STALE,POSE_STALE,1,0,16.30,0.061,0.627,59,0,0.425,-0.40,idle,none,0.0000,0.0000,3.8952,0.2581,-0.0484
11677.502,65.308,exp1,GRASP,STALE,POSE_STALE,1,0,16.40,0.061,0.627,59,0,0.425,-0.40,idle,none,0.0000,0.0000,3.8952,0.2581,-0.0484
11677.605,65.408,exp1,GRASP,STALE,POSE_STALE,1,0,16.50,0.061,0.627,59,0,0.425,-0.40,idle,none,0.0000,0.0000,3.8952,0.2581,-0.0484
11677.707,65.508,exp1,GRASP,STALE,POSE_STALE,1,0,16.60,0.061,0.627,59,0,0.425,-0.40,idle,none,0.0000,0.0000,3.8952,0.2581,-0.0484
11677.814,65.608,exp1,GRASP,STALE,POSE_STALE,1,0,16.70,0.061,0.627,59,0,0.425,-0.40,idle,none,0.0000,0.0000,3.8952,0.2581,-0.0484
11677.919,65.712,exp1,GRASP,STALE,POSE_STALE,1,0,16.80,0.061,0.627,59,0,0.425,-0.40,idle,none,0.0000,0.0000,3.8952,0.2581,-0.0484
11678.016,65.808,exp1,GRASP,STALE,POSE_STALE,1,0,16.90,0.061,0.627,59,0,0.425,-0.40,idle,none,0.0000,0.0000,3.8952,0.2581,-0.0484
11678.126,65.910,exp1,GRASP,STALE,POSE_STALE,1,0,17.00,0.061,0.627,59,0,0.425,-0.40,idle,none,0.0000,0.0000,3.8952,0.2581,-0.0484
11678.225,66.008,exp1,GRASP,STALE,POSE_STALE,1,0,17.10,0.061,0.627,59,0,0.425,-0.40,idle,none,0.0000,0.0000,3.8952,0.2581,-0.0484
11678.329,66.108,exp1,GRASP,STALE,POSE_STALE,1,0,17.20,0.061,0.627,59,0,0.425,-0.40,idle,none,0.0000,0.0000,3.8952,0.2581,-0.0484
11678.432,66.208,exp1,GRASP,STALE,POSE_STALE,1,0,17.30,0.061,0.627,59,0,0.425,-0.40,idle,none,0.0000,0.0000,3.8952,0.2581,-0.0484
11678.545,66.312,exp1,GRASP,STALE,POSE_STALE,1,0,17.50,0.086,0.627,59,0,0.425,-0.40,idle,none,0.0000,0.0000,3.8952,0.2581,-0.0484
11678.641,66.408,exp1,GRASP,STALE,POSE_STALE,1,0,17.50,0.086,0.627,59,0,0.425,-0.40,idle,none,0.0000,0.0000,3.8952,0.2581,-0.0484
11678.750,66.508,exp1,GRASP,STALE,POSE_STALE,1,0,17.60,0.086,0.627,59,0,0.425,-0.40,idle,none,0.0000,0.0000,3.8952,0.2581,-0.0484
11678.845,66.608,exp1,GRASP,STALE,POSE_STALE,1,0,17.70,0.086,0.627,59,0,0.425,-0.40,idle,none,0.0000,0.0000,3.8952,0.2581,-0.0484
11678.954,66.708,exp1,GRASP,STALE,POSE_STALE,1,0,17.80,0.086,0.627,59,0,0.425,-0.40,idle,none,0.0000,0.0000,3.8952,0.2581,-0.0484
11679.058,66.808,exp1,GRASP,STALE,POSE_STALE,1,0,17.90,0.086,0.627,59,0,0.425,-0.40,idle,none,0.0000,0.0000,3.8952,0.2581,-0.0484
11679.164,66.908,exp1,GRASP,STALE,POSE_STALE,1,0,18.00,0.086,0.627,59,0,0.425,-0.40,idle,none,0.0000,0.0000,3.8952,0.2581,-0.0484
11679.268,67.008,exp1,GRASP,STALE,POSE_STALE,1,0,18.10,0.086,0.627,59,0,0.425,-0.40,idle,none,0.0000,0.0000,3.8952,0.2581,-0.0484
11679.366,67.108,exp1,GRASP,STALE,POSE_STALE,1,0,18.20,0.086,0.627,59,0,0.425,-0.40,idle,none,0.0000,0.0000,3.8952,0.2581,-0.0484
11679.466,67.208,exp1,GRASP,STALE,POSE_STALE,1,0,18.30,0.086,0.627,59,0,0.425,-0.40,idle,none,0.0000,0.0000,3.8952,0.2581,-0.0484
11679.566,67.308,exp1,GRASP,STALE,POSE_STALE,1,0,18.40,0.086,0.627,59,0,0.425,-0.40,idle,none,0.0000,0.0000,3.8952,0.2581,-0.0484
11679.685,67.408,exp1,GRASP,STALE,POSE_STALE,1,0,18.50,0.086,0.627,59,0,0.425,-0.40,idle,none,0.0000,0.0000,3.8952,0.2581,-0.0484
11679.824,67.508,exp1,GRASP,STALE,POSE_STALE,1,0,18.60,0.086,0.627,59,0,0.425,-0.40,idle,none,0.0000,0.0000,3.8952,0.2581,-0.0484
11679.924,67.608,exp1,GRASP,STALE,POSE_STALE,1,0,18.70,0.086,0.627,59,0,0.425,-0.40,idle,none,0.0000,0.0000,3.8952,0.2581,-0.0484
11680.037,67.708,exp1,GRASP,STALE,POSE_STALE,1,0,18.80,0.086,0.627,59,0,0.425,-0.40,idle,none,0.0000,0.0000,3.8952,0.2581,-0.0484
11680.137,67.808,exp1,GRASP,STALE,POSE_STALE,1,0,18.90,0.086,0.627,59,0,0.425,-0.40,idle,none,0.0000,0.0000,3.8952,0.2581,-0.0484
11680.244,67.908,exp1,GRASP,STALE,POSE_STALE,1,0,19.00,0.098,0.627,59,0,0.425,-0.40,idle,none,0.0000,0.0000,3.8952,0.2581,-0.0484
11680.344,68.008,exp1,GRASP,STALE,POSE_STALE,1,0,19.10,0.098,0.627,59,0,0.425,-0.40,idle,none,0.0000,0.0000,3.8952,0.2581,-0.0484
11680.448,68.108,exp1,GRASP,STALE,POSE_STALE,1,0,19.20,0.098,0.627,59,0,0.425,-0.40,idle,none,0.0000,0.0000,3.8952,0.2581,-0.0484
11680.549,68.208,exp1,GRASP,STALE,POSE_STALE,1,0,19.30,0.097,0.627,59,0,0.425,-0.40,idle,none,0.0000,0.0000,3.8952,0.2581,-0.0484
11680.655,68.308,exp1,GRASP,STALE,POSE_STALE,1,0,19.40,0.097,0.627,59,0,0.425,-0.40,idle,none,0.0000,0.0000,3.8952,0.2581,-0.0484
11680.755,68.408,exp1,GRASP,STALE,POSE_STALE,1,0,19.50,0.097,0.627,59,0,0.425,-0.40,idle,none,0.0000,0.0000,3.8952,0.2581,-0.0484
11680.856,68.508,exp1,GRASP,STALE,POSE_STALE,1,0,19.60,0.097,0.627,59,0,0.425,-0.40,idle,none,0.0000,0.0000,3.8952,0.2581,-0.0484
11680.957,68.608,exp1,GRASP,STALE,POSE_STALE,1,0,19.70,0.097,0.627,59,0,0.425,-0.40,idle,none,0.0000,0.0000,3.8952,0.2581,-0.0484
11681.071,68.708,exp1,GRASP,STALE,POSE_STALE,1,0,19.80,0.109,0.627,59,0,0.425,-0.40,idle,none,0.0000,0.0000,3.8952,0.2581,-0.0484
11681.171,68.808,exp1,GRASP,STALE,POSE_STALE,1,0,19.90,0.108,0.627,59,0,0.425,-0.40,idle,none,0.0000,0.0000,3.8952,0.2581,-0.0484
11681.278,68.908,exp1,GRASP,STALE,POSE_STALE,1,0,20.00,0.108,0.627,59,0,0.425,-0.40,idle,none,0.0000,0.0000,3.8952,0.2581,-0.0484
11681.389,69.008,exp1,GRASP,STALE,POSE_STALE,1,0,20.10,0.119,0.627,59,0,0.425,-0.40,idle,none,0.0000,0.0000,3.8952,0.2581,-0.0484
11681.491,69.108,exp1,GRASP,STALE,POSE_STALE,1,0,20.20,0.118,0.627,59,0,0.425,-0.40,idle,none,0.0000,0.0000,3.8952,0.2581,-0.0484
11681.593,69.208,exp1,GRASP,STALE,POSE_STALE,1,0,20.30,0.118,0.627,59,0,0.425,-0.40,idle,none,0.0000,0.0000,3.8952,0.2581,-0.0484
11681.695,69.308,exp1,GRASP,STALE,POSE_STALE,1,0,20.40,0.118,0.627,59,0,0.425,-0.40,idle,none,0.0000,0.0000,3.8952,0.2581,-0.0484
11681.795,69.408,exp1,GRASP,STALE,POSE_STALE,1,0,20.50,0.118,0.627,59,0,0.425,-0.40,idle,none,0.0000,0.0000,3.8952,0.2581,-0.0484
11681.915,69.508,exp1,GRASP,STALE,POSE_STALE,1,0,20.60,0.117,0.627,59,0,0.425,-0.40,idle,none,0.0000,0.0000,3.8952,0.2581,-0.0484
11682.027,69.608,exp1,GRASP,STALE,POSE_STALE,1,0,20.70,0.117,0.627,59,0,0.425,-0.40,idle,none,0.0000,0.0000,3.8952,0.2581,-0.0484
11682.125,69.708,exp1,GRASP,STALE,POSE_STALE,1,0,20.80,0.117,0.627,59,0,0.425,-0.40,idle,none,0.0000,0.0000,3.8952,0.2581,-0.0484
11682.227,69.808,exp1,GRASP,STALE,POSE_STALE,1,0,20.90,0.117,0.627,59,0,0.425,-0.40,idle,none,0.0000,0.0000,3.8952,0.2581,-0.0484
11682.328,69.908,exp1,GRASP,STALE,POSE_STALE,1,0,21.00,0.117,0.627,59,0,0.425,-0.40,idle,none,0.0000,0.0000,3.8952,0.2581,-0.0484
11682.432,70.008,exp1,GRASP,STALE,POSE_STALE,1,0,21.10,0.128,0.627,59,0,0.425,-0.40,idle,none,0.0000,0.0000,3.8952,0.2581,-0.0484
11682.531,70.108,exp1,GRASP,STALE,POSE_STALE,1,0,21.20,0.128,0.627,59,0,0.425,-0.40,idle,none,0.0000,0.0000,3.8952,0.2581,-0.0484
11682.637,70.208,exp1,GRASP,STALE,POSE_STALE,1,0,21.30,0.128,0.627,59,0,0.425,-0.40,idle,none,0.0000,0.0000,3.8952,0.2581,-0.0484
11682.738,70.308,exp1,GRASP,STALE,POSE_STALE,1,0,21.40,0.128,0.627,59,0,0.425,-0.40,idle,none,0.0000,0.0000,3.8952,0.2581,-0.0484
11682.842,70.408,exp1,GRASP,STALE,POSE_STALE,1,0,21.50,0.128,0.627,59,0,0.425,-0.40,idle,none,0.0000,0.0000,3.8952,0.2581,-0.0484
11682.940,70.508,exp1,GRASP,STALE,POSE_STALE,1,0,21.60,0.129,0.627,59,0,0.425,-0.40,idle,none,0.0000,0.0000,3.8952,0.2581,-0.0484
11683.041,70.608,exp1,GRASP,STALE,POSE_STALE,1,0,21.70,0.129,0.627,59,0,0.425,-0.40,idle,none,0.0000,0.0000,3.8952,0.2581,-0.0484
11683.140,70.708,exp1,GRASP,STALE,POSE_STALE,1,0,21.80,0.118,0.627,59,0,0.425,-0.40,idle,none,0.0000,0.0000,3.8952,0.2581,-0.0484
11683.249,70.808,exp1,GRASP,STALE,POSE_STALE,1,0,21.90,0.107,0.627,59,0,0.425,-0.40,idle,none,0.0000,0.0000,3.8952,0.2581,-0.0484
11683.350,70.908,exp1,GRASP,STALE,POSE_STALE,1,0,22.00,0.084,0.627,59,0,0.425,-0.40,idle,none,0.0000,0.0000,3.8952,0.2581,-0.0484
11683.458,71.008,exp1,GRASP,STALE,POSE_STALE,1,0,22.10,0.084,0.627,59,0,0.425,-0.40,idle,none,0.0000,0.0000,3.8952,0.2581,-0.0484
11683.559,71.108,exp1,GRASP,STALE,POSE_STALE,1,0,22.20,0.084,0.627,59,0,0.425,-0.40,idle,none,0.0000,0.0000,3.8952,0.2581,-0.0484
11683.669,71.208,exp1,GRASP,STALE,POSE_STALE,1,0,22.30,0.084,0.627,59,0,0.425,-0.40,idle,none,0.0000,0.0000,3.8952,0.2581,-0.0484
11683.772,71.308,exp1,GRASP,STALE,POSE_STALE,1,0,22.50,0.084,0.627,59,0,0.425,-0.40,idle,none,0.0000,0.0000,3.8952,0.2581,-0.0484
11683.871,71.408,exp1,GRASP,STALE,POSE_STALE,1,0,22.50,0.084,0.627,59,0,0.425,-0.40,idle,none,0.0000,0.0000,3.8952,0.2581,-0.0484
11683.971,71.508,exp1,GRASP,STALE,POSE_STALE,1,0,22.60,0.073,0.627,59,0,0.425,-0.40,idle,none,0.0000,0.0000,3.8952,0.2581,-0.0484
11684.084,71.608,exp1,GRASP,STALE,POSE_STALE,1,0,22.70,0.073,0.627,59,0,0.425,-0.40,idle,none,0.0000,0.0000,3.8952,0.2581,-0.0484
11684.185,71.708,exp1,GRASP,STALE,POSE_STALE,1,0,22.80,0.073,0.627,59,0,0.425,-0.40,idle,none,0.0000,0.0000,3.8952,0.2581,-0.0484
11684.290,71.808,exp1,GRASP,STALE,POSE_STALE,1,0,22.90,0.073,0.627,59,0,0.425,-0.40,idle,none,0.0000,0.0000,3.8952,0.2581,-0.0484
11684.392,71.908,exp1,GRASP,STALE,POSE_STALE,1,0,23.00,0.073,0.627,59,0,0.425,-0.40,idle,none,0.0000,0.0000,3.8952,0.2581,-0.0484
11684.493,72.008,exp1,GRASP,STALE,POSE_STALE,1,0,23.10,0.073,0.627,59,0,0.425,-0.40,idle,none,0.0000,0.0000,3.8952,0.2581,-0.0484
11684.595,72.108,exp1,GRASP,STALE,POSE_STALE,1,0,23.20,0.073,0.627,59,0,0.425,-0.40,idle,none,0.0000,0.0000,3.8952,0.2581,-0.0484
11684.698,72.208,exp1,GRASP,STALE,POSE_STALE,1,0,23.30,0.073,0.627,59,0,0.425,-0.40,idle,none,0.0000,0.0000,3.8952,0.2581,-0.0484
11684.798,72.308,exp1,GRASP,STALE,POSE_STALE,1,0,23.40,0.073,0.627,59,0,0.425,-0.40,idle,none,0.0000,0.0000,3.8952,0.2581,-0.0484
11684.900,72.408,exp1,GRASP,STALE,POSE_STALE,1,0,23.50,0.073,0.627,59,0,0.425,-0.40,idle,none,0.0000,0.0000,3.8952,0.2581,-0.0484
11685.009,72.514,exp1,GRASP,STALE,POSE_STALE,1,0,23.60,0.073,0.627,59,0,0.425,-0.40,idle,none,0.0000,0.0000,3.8952,0.2581,-0.0484
11685.099,72.608,exp1,GRASP,STALE,POSE_STALE,1,0,23.71,0.073,0.627,59,0,0.425,-0.39,idle,none,0.0000,0.0000,3.8952,0.2581,-0.0484
11685.205,72.712,exp1,GRASP,STALE,POSE_STALE,1,0,23.90,0.073,0.627,59,0,0.425,-0.40,idle,none,0.0000,0.0000,3.8952,0.2581,-0.0484
11685.302,72.808,exp1,GRASP,STALE,POSE_STALE,1,0,23.90,0.073,0.627,59,0,0.425,-0.40,idle,none,0.0000,0.0000,3.8952,0.2581,-0.0484
11685.406,72.908,exp1,GRASP,STALE,POSE_STALE,1,0,24.00,0.073,0.627,59,0,0.425,-0.40,idle,none,0.0000,0.0000,3.8952,0.2581,-0.0484
11685.505,73.008,exp1,GRASP,STALE,POSE_STALE,1,0,24.10,0.073,0.627,59,0,0.425,-0.40,idle,none,0.0000,0.0000,3.8952,0.2581,-0.0484
11685.614,73.108,exp1,GRASP,STALE,POSE_STALE,1,0,24.20,0.073,0.627,59,0,0.425,-0.40,idle,none,0.0000,0.0000,3.8952,0.2581,-0.0484
11685.713,73.208,exp1,GRASP,STALE,POSE_STALE,1,0,24.30,0.073,0.627,59,0,0.425,-0.40,idle,none,0.0000,0.0000,3.8952,0.2581,-0.0484
11685.816,73.308,exp1,GRASP,STALE,POSE_STALE,1,0,24.40,0.073,0.627,59,0,0.425,-0.40,idle,none,0.0000,0.0000,3.8952,0.2581,-0.0484
11685.917,73.408,exp1,GRASP,STALE,POSE_STALE,1,0,24.50,0.073,0.627,59,0,0.425,-0.40,idle,none,0.0000,0.0000,3.8952,0.2581,-0.0484
11686.022,73.508,exp1,GRASP,STALE,POSE_STALE,1,0,24.60,0.073,0.627,59,0,0.425,-0.40,idle,none,0.0000,0.0000,3.8952,0.2581,-0.0484
11686.123,73.608,exp1,GRASP,STALE,POSE_STALE,1,0,24.70,0.073,0.627,59,0,0.425,-0.40,idle,none,0.0000,0.0000,3.8952,0.2581,-0.0484
11686.221,73.708,exp1,GRASP,STALE,POSE_STALE,1,0,24.80,0.085,0.627,59,0,0.425,-0.40,idle,none,0.0000,0.0000,3.8952,0.2581,-0.0484
11686.322,73.808,exp1,GRASP,STALE,POSE_STALE,1,0,24.90,0.085,0.627,59,0,0.425,-0.40,idle,none,0.0000,0.0000,3.8952,0.2581,-0.0484
11686.424,73.908,exp1,GRASP,STALE,POSE_STALE,1,0,25.00,0.085,0.627,59,0,0.425,-0.40,idle,none,0.0000,0.0000,3.8952,0.2581,-0.0484
11686.546,74.008,exp1,GRASP,STALE,POSE_STALE,1,0,25.10,0.085,0.627,59,0,0.425,-0.40,idle,none,0.0000,0.0000,3.8952,0.2581,-0.0484
11686.678,74.108,exp1,GRASP,STALE,POSE_STALE,1,0,25.20,0.085,0.627,59,0,0.425,-0.40,idle,none,0.0000,0.0000,3.8952,0.2581,-0.0484
11686.778,74.208,exp1,GRASP,STALE,POSE_STALE,1,0,25.30,0.085,0.627,59,0,0.425,-0.40,idle,none,0.0000,0.0000,3.8952,0.2581,-0.0484
11686.888,74.308,exp1,GRASP,STALE,POSE_STALE,1,0,25.40,0.085,0.627,59,0,0.425,-0.40,idle,none,0.0000,0.0000,3.8952,0.2581,-0.0484
11686.989,74.408,exp1,GRASP,STALE,POSE_STALE,1,0,25.50,0.085,0.627,59,0,0.425,-0.40,idle,none,0.0000,0.0000,3.8952,0.2581,-0.0484
11687.107,74.508,exp1,GRASP,STALE,POSE_STALE,1,0,25.60,0.085,0.627,59,0,0.425,-0.40,idle,none,0.0000,0.0000,3.8952,0.2581,-0.0484
11687.207,74.608,exp1,GRASP,STALE,POSE_STALE,1,0,25.70,0.084,0.627,59,0,0.425,-0.40,idle,none,0.0000,0.0000,3.8952,0.2581,-0.0484
11687.319,74.708,exp1,GRASP,STALE,POSE_STALE,1,0,25.80,0.084,0.627,59,0,0.425,-0.40,idle,none,0.0000,0.0000,3.8952,0.2581,-0.0484
11687.422,74.808,exp1,GRASP,STALE,POSE_STALE,1,0,25.90,0.085,0.627,59,0,0.425,-0.40,idle,none,0.0000,0.0000,3.8952,0.2581,-0.0484
11687.526,74.908,exp1,GRASP,STALE,POSE_STALE,1,0,26.00,0.085,0.627,59,0,0.425,-0.40,idle,none,0.0000,0.0000,3.8952,0.2581,-0.0484
11687.626,75.008,exp1,GRASP,STALE,POSE_STALE,1,0,26.10,0.085,0.627,59,0,0.425,-0.40,idle,none,0.0000,0.0000,3.8952,0.2581,-0.0484
11687.741,75.108,exp1,GRASP,STALE,POSE_STALE,1,0,26.20,0.085,0.627,59,0,0.425,-0.40,idle,none,0.0000,0.0000,3.8952,0.2581,-0.0484
11687.846,75.208,exp1,GRASP,STALE,POSE_STALE,1,0,26.30,0.072,0.627,59,0,0.425,-0.40,idle,none,0.0000,0.0000,3.8952,0.2581,-0.0484
11687.950,75.308,exp1,GRASP,STALE,POSE_STALE,1,0,26.40,0.072,0.627,59,0,0.425,-0.40,idle,none,0.0000,0.0000,3.8952,0.2581,-0.0484
11688.051,75.408,exp1,GRASP,STALE,POSE_STALE,1,0,26.50,0.061,0.627,59,0,0.425,-0.40,idle,none,0.0000,0.0000,3.8952,0.2581,-0.0484
11688.150,75.508,exp1,GRASP,STALE,POSE_STALE,1,0,26.60,0.061,0.627,59,0,0.425,-0.40,idle,none,0.0000,0.0000,3.8952,0.2581,-0.0484
11688.259,75.610,exp1,GRASP,STALE,POSE_STALE,1,0,26.70,0.061,0.627,59,0,0.425,-0.40,idle,none,0.0000,0.0000,3.8952,0.2581,-0.0484
11688.359,75.708,exp1,GRASP,STALE,POSE_STALE,1,0,26.80,0.061,0.627,59,0,0.425,-0.40,idle,none,0.0000,0.0000,3.8952,0.2581,-0.0484
11688.462,75.808,exp1,GRASP,STALE,POSE_STALE,1,0,26.90,0.061,0.627,59,0,0.425,-0.40,idle,none,0.0000,0.0000,3.8952,0.2581,-0.0484
11688.565,75.908,exp1,GRASP,STALE,POSE_STALE,1,0,27.00,0.061,0.627,59,0,0.425,-0.40,idle,none,0.0000,0.0000,3.8952,0.2581,-0.0484
11688.681,76.008,exp1,GRASP,STALE,POSE_STALE,1,0,27.10,0.061,0.627,59,0,0.425,-0.40,idle,none,0.0000,0.0000,3.8952,0.2581,-0.0484
11688.787,76.110,exp1,GRASP,STALE,POSE_STALE,1,0,27.20,0.061,0.627,59,0,0.425,-0.40,idle,none,0.0000,0.0000,3.8952,0.2581,-0.0484
11688.894,76.208,exp1,GRASP,STALE,POSE_STALE,1,0,27.30,0.061,0.627,59,0,0.425,-0.40,idle,none,0.0000,0.0000,3.8952,0.2581,-0.0484
11688.994,76.308,exp1,GRASP,STALE,POSE_STALE,1,0,27.40,0.061,0.627,59,0,0.425,-0.40,idle,none,0.0000,0.0000,3.8952,0.2581,-0.0484
11689.124,76.408,exp1,VERIFY_GRASP,STALE,POSE_STALE,1,0,27.50,0.061,0.627,59,0,0.425,-0.40,idle,none,0.0000,0.0000,3.8952,0.2581,-0.0484
11689.223,76.508,exp1,VERIFY_GRASP,STALE,POSE_STALE,1,0,27.60,0.061,0.627,59,0,0.425,-0.40,idle,none,0.0000,0.0000,3.8952,0.2581,-0.0484
11689.330,76.608,exp1,DESCEND,STALE,POSE_STALE,1,0,27.70,0.061,0.627,59,0,0.425,-0.40,idle,none,0.0000,0.0000,3.8952,0.2581,-0.0484
11689.433,76.708,exp1,DESCEND,STALE,POSE_STALE,1,0,27.80,0.061,0.627,59,0,0.425,-0.40,idle,none,0.1800,-0.0035,3.8954,0.2581,-0.0484
11689.538,76.808,exp1,DESCEND,STALE,POSE_STALE,1,0,27.90,0.061,0.627,59,0,0.425,-0.40,idle,none,0.1800,0.0579,3.9077,0.2576,-0.0467
11689.639,76.908,exp1,DESCEND,STALE,POSE_STALE,1,0,28.00,0.057,0.661,59,0,0.425,-0.40,idle,none,0.1800,0.0504,3.9257,0.2573,-0.0409
11689.740,77.008,exp1,DESCEND,STALE,POSE_STALE,1,0,28.10,0.056,0.678,59,0,0.425,-0.40,rl,rl,0.1800,0.0442,3.9437,0.2571,-0.0359
11689.840,77.108,exp1,DESCEND,STALE,POSE_STALE,1,0,28.20,0.055,0.638,58,0,0.425,-0.40,rl,rl,0.1800,0.0388,3.9617,0.2569,-0.0315
11689.940,77.208,exp1,DESCEND,UNKNOWN,OFF_MAPPED_GROUND,0,0,0.00,0.055,0.638,58,0,0.418,-0.40,rl,rl,0.1800,0.0339,3.9797,0.2567,-0.0275
11690.040,77.308,exp1,DESCEND,UNKNOWN,OFF_MAPPED_GROUND,0,0,0.00,0.059,0.638,58,0,0.418,-0.40,rl,rl,0.1800,0.0297,3.9977,0.2565,-0.0240
11690.148,77.408,exp1,DESCEND,UNKNOWN,OFF_MAPPED_GROUND,0,0,0.00,0.060,0.638,58,0,0.418,-0.40,rl,rl,0.1800,0.0259,4.0157,0.2564,-0.0210
11690.248,77.508,exp1,DESCEND,UNKNOWN,OFF_MAPPED_GROUND,0,0,0.00,0.061,0.621,58,0,0.418,-0.40,rl,rl,0.1800,0.0227,4.0337,0.2563,-0.0184
11690.360,77.608,exp1,DESCEND,UNKNOWN,OFF_MAPPED_GROUND,0,0,0.00,0.042,0.783,60,0,0.418,-0.40,rl,rl,0.1800,0.0204,4.0517,0.2562,-0.0161
11690.461,77.708,exp1,DESCEND,UNKNOWN,OFF_MAPPED_GROUND,0,0,0.00,0.041,0.817,60,0,0.418,-0.40,rl,rl,0.1800,0.0179,4.0696,0.2561,-0.0141
11690.570,77.808,exp1,DESCEND,UNKNOWN,OFF_MAPPED_GROUND,0,0,0.00,0.040,0.817,60,0,0.418,-0.40,rl,rl,0.1800,0.0156,4.0876,0.2560,-0.0123
11690.670,77.908,exp1,DESCEND,UNKNOWN,OFF_MAPPED_GROUND,0,0,0.00,0.041,0.817,60,0,0.418,-0.40,rl,rl,0.1800,0.0137,4.1056,0.2559,-0.0108
11690.781,78.008,exp1,DESCEND,UNKNOWN,OFF_MAPPED_GROUND,0,0,0.00,0.040,0.817,60,0,0.418,-0.40,rl,rl,0.1800,0.0120,4.1236,0.2559,-0.0094
11690.882,78.108,exp1,DESCEND,UNKNOWN,OFF_MAPPED_GROUND,0,0,0.00,0.039,0.833,60,0,0.418,-0.40,rl,rl,0.1800,0.0105,4.1416,0.2558,-0.0083
11690.985,78.208,exp1,DESCEND,UNKNOWN,OFF_MAPPED_GROUND,0,0,0.00,0.042,0.817,60,0,0.418,-0.40,rl,rl,0.1800,0.0091,4.1596,0.2558,-0.0072
11691.084,78.308,exp1,DESCEND,UNKNOWN,OFF_MAPPED_GROUND,0,0,0.00,0.042,0.817,60,0,0.418,-0.40,rl,rl,0.1800,0.0080,4.1776,0.2557,-0.0063
11691.189,78.408,exp1,DESCEND,UNKNOWN,OFF_MAPPED_GROUND,0,0,0.00,0.043,0.783,60,0,0.418,-0.40,rl,rl,0.1800,0.0070,4.1956,0.2557,-0.0055
11691.295,78.508,exp1,DESCEND,UNKNOWN,OFF_MAPPED_GROUND,0,0,0.00,0.043,0.783,60,0,0.418,-0.40,rl,rl,0.1800,0.0061,4.2136,0.2557,-0.0048
11691.399,78.608,exp1,DESCEND,UNKNOWN,OFF_MAPPED_GROUND,0,0,0.00,0.044,0.783,60,0,0.418,-0.40,rl,rl,0.1800,0.0053,4.2316,0.2556,-0.0042
11691.510,78.708,exp1,DESCEND,UNKNOWN,OFF_MAPPED_GROUND,0,0,0.00,0.046,0.750,60,0,0.406,-0.40,rl,rl,0.1800,0.0047,4.2496,0.2556,-0.0037
11691.624,78.808,exp1,DESCEND,UNKNOWN,OFF_MAPPED_GROUND,0,0,0.00,0.046,0.750,60,0,0.406,-0.40,rl,rl,0.1800,0.0039,4.2676,0.2556,-0.0032
11691.730,78.908,exp1,DESCEND,UNKNOWN,OFF_MAPPED_GROUND,0,0,0.00,0.046,0.767,60,0,0.406,-0.40,rl,rl,0.1800,0.0034,4.2892,0.2556,-0.0027
11691.825,79.008,exp1,DESCEND,UNKNOWN,OFF_MAPPED_GROUND,0,0,0.00,0.044,0.800,60,0,0.406,-0.40,rl,rl,0.1800,0.0031,4.3036,0.2556,-0.0024
11691.927,79.108,exp1,DESCEND,UNKNOWN,OFF_MAPPED_GROUND,0,0,0.00,0.046,0.750,60,0,0.406,-0.40,rl,rl,0.1800,0.0027,4.3216,0.2555,-0.0021
11692.027,79.208,exp1,DESCEND,UNKNOWN,OFF_MAPPED_GROUND,0,0,0.00,0.048,0.717,60,0,0.406,-0.40,rl,rl,0.1800,0.0024,4.3396,0.2555,-0.0019
11692.133,79.308,exp1,DESCEND,UNKNOWN,OFF_MAPPED_GROUND,0,0,0.00,0.048,0.733,60,0,0.406,-0.40,rl,rl,0.1800,0.0021,4.3612,0.2555,-0.0016
11692.230,79.408,exp1,DESCEND,UNKNOWN,OFF_MAPPED_GROUND,0,0,0.00,0.047,0.767,60,0,0.406,-0.40,rl,rl,0.1800,0.0018,4.3756,0.2555,-0.0014
11692.335,79.508,exp1,DESCEND,UNKNOWN,OFF_MAPPED_GROUND,0,0,0.00,0.049,0.733,60,0,0.406,-0.40,rl,rl,0.1800,0.0016,4.3936,0.2555,-0.0012
11692.433,79.608,exp1,DESCEND,UNKNOWN,OFF_MAPPED_GROUND,0,0,0.00,0.047,0.750,60,0,0.406,-0.40,rl,rl,0.1800,0.0014,4.4116,0.2555,-0.0011
11692.537,79.708,exp1,DESCEND,UNKNOWN,OFF_MAPPED_GROUND,0,0,0.00,0.048,0.733,60,0,0.406,-0.40,rl,rl,0.1800,0.0013,4.4295,0.2555,-0.0011
11692.638,79.808,exp1,DESCEND,UNKNOWN,OFF_MAPPED_GROUND,0,0,0.00,0.047,0.750,60,0,0.406,-0.40,rl,rl,0.1800,0.0013,4.4474,0.2555,-0.0011
11692.741,79.908,exp1,DESCEND,UNKNOWN,OFF_MAPPED_GROUND,0,0,0.00,0.051,0.717,60,0,0.406,-0.40,rl,rl,0.1800,0.0013,4.4651,0.2554,-0.0011
11692.841,80.008,exp1,DESCEND,UNKNOWN,OFF_MAPPED_GROUND,0,0,0.00,0.054,0.667,60,0,0.406,-0.40,rl,rl,0.1800,0.0013,4.4828,0.2554,-0.0011
11692.947,80.108,exp1,DESCEND,UNKNOWN,OFF_MAPPED_GROUND,0,0,0.00,0.052,0.655,58,0,0.406,-0.40,rl,rl,0.1800,0.0013,4.5002,0.2554,-0.0009
11693.044,80.208,exp1,DESCEND,UNKNOWN,OFF_MAPPED_GROUND,0,0,0.00,0.051,0.685,54,0,0.410,-0.40,rl,rl,0.1800,0.0009,4.5178,0.2554,-0.0007
11693.145,80.308,exp1,DESCEND,UNKNOWN,OFF_MAPPED_GROUND,0,0,0.00,0.050,0.692,52,0,0.410,-0.40,rl,rl,0.1800,0.0008,4.5356,0.2554,-0.0006
11693.250,80.408,exp1,DESCEND,UNKNOWN,OFF_MAPPED_GROUND,0,0,0.00,0.042,0.843,51,0,0.410,-0.40,rl,rl,0.1800,0.0007,4.5534,0.2554,-0.0005
11693.356,80.508,exp1,DESCEND,UNKNOWN,OFF_MAPPED_GROUND,0,0,0.00,0.032,0.980,50,0,0.410,-0.40,rl,rl,0.1800,0.0006,4.5714,0.2554,-0.0004
11693.459,80.608,exp1,DESCEND,UNKNOWN,OFF_MAPPED_GROUND,0,0,0.00,0.150,0.580,50,0,0.410,-0.40,rl,rl,0.1800,0.0004,4.5889,0.2554,-0.0004
11693.573,80.708,exp1,DESCEND,UNKNOWN,OFF_MAPPED_GROUND,0,0,0.00,0.290,0.490,49,0,0.410,-0.40,rl,rl,0.1800,0.0004,4.6060,0.2554,-0.0004
11693.673,80.808,exp1,DESCEND,UNKNOWN,OFF_MAPPED_GROUND,0,0,0.00,0.314,0.490,49,0,0.410,-0.40,rl,rl,0.1800,0.0004,4.6231,0.2554,-0.0004
11693.781,80.908,exp1,DESCEND,UNKNOWN,OFF_MAPPED_GROUND,0,0,0.00,0.315,0.490,49,0,0.410,-0.40,rl,rl,0.1800,0.0004,4.6402,0.2554,-0.0004
11693.880,81.008,exp1,DESCEND,UNKNOWN,OFF_MAPPED_GROUND,0,0,0.00,0.317,0.490,49,0,0.410,-0.40,rl,rl,0.1800,0.0004,4.6574,0.2554,-0.0004
11693.992,81.108,exp1,DESCEND,UNKNOWN,OFF_MAPPED_GROUND,0,0,0.00,0.310,0.500,50,0,0.410,-0.40,rl,rl,0.1800,0.0004,4.6745,0.2554,-0.0004
11694.092,81.208,exp1,DESCEND,UNKNOWN,OFF_MAPPED_GROUND,0,0,0.00,0.312,0.500,50,0,0.410,-0.40,rl,rl,0.1800,0.0004,4.6916,0.2554,-0.0004
11694.199,81.308,exp1,DESCEND,UNKNOWN,OFF_MAPPED_GROUND,0,0,0.00,0.316,0.500,50,0,0.410,-0.40,rl,rl,0.1800,0.0004,4.7087,0.2553,-0.0004
11694.299,81.408,exp1,DESCEND,UNKNOWN,OFF_MAPPED_GROUND,0,0,0.00,0.314,0.500,50,0,0.410,-0.40,rl,rl,0.1800,0.0004,4.7259,0.2553,-0.0004
11694.415,81.508,exp1,DESCEND,UNKNOWN,OFF_MAPPED_GROUND,0,0,0.00,0.315,0.480,50,0,0.410,-0.40,rl,rl,0.1800,0.0004,4.7430,0.2553,-0.0004
11694.518,81.608,exp1,DESCEND,UNKNOWN,OFF_MAPPED_GROUND,0,0,0.00,0.309,0.490,51,0,0.410,-0.40,rl,rl,0.1800,0.0004,4.7601,0.2553,-0.0004
11694.618,81.708,exp1,DESCEND,UNKNOWN,OFF_MAPPED_GROUND,0,0,0.00,0.309,0.490,51,0,0.455,-0.40,rl,rl,0.1800,0.0004,4.7772,0.2553,-0.0004
11694.726,81.812,exp1,DESCEND,UNKNOWN,OFF_MAPPED_GROUND,0,0,0.00,0.311,0.490,51,0,0.455,-0.40,rl,rl,0.1800,0.0004,4.7978,0.2553,-0.0004
11694.823,81.908,exp1,DESCEND,UNKNOWN,OFF_MAPPED_GROUND,0,0,0.00,0.312,0.471,51,0,0.455,-0.40,rl,rl,0.1800,0.0004,4.8115,0.2553,-0.0004
11694.926,82.008,exp1,DESCEND,UNKNOWN,OFF_MAPPED_GROUND,0,0,0.00,0.314,0.471,51,0,0.455,-0.40,rl,rl,0.1800,0.0004,4.8286,0.2553,-0.0004
11695.027,82.108,exp1,DESCEND,UNKNOWN,OFF_MAPPED_GROUND,0,0,0.00,0.310,0.471,51,0,0.455,-0.40,rl,rl,0.1800,0.0004,4.8492,0.2553,-0.0004
11695.127,82.208,exp1,DESCEND,UNKNOWN,OFF_MAPPED_GROUND,0,0,0.00,0.307,0.471,51,0,0.455,-0.40,rl,rl,0.1800,0.0004,4.8629,0.2553,-0.0004
11695.225,82.308,exp1,DESCEND,UNKNOWN,OFF_MAPPED_GROUND,0,0,0.00,0.309,0.471,51,0,0.455,-0.40,rl,rl,0.1800,0.0004,4.8800,0.2553,-0.0004
11695.332,82.408,exp1,DESCEND,UNKNOWN,OFF_MAPPED_GROUND,0,0,0.00,0.308,0.481,52,0,0.455,-0.40,rl,rl,0.1800,0.0004,4.8971,0.2553,-0.0004
11695.425,82.508,exp1,DESCEND,UNKNOWN,OFF_MAPPED_GROUND,0,0,0.00,0.308,0.481,52,0,0.455,-0.40,rl,rl,0.1800,0.0004,4.9142,0.2553,-0.0004
11695.532,82.612,exp1,DESCEND,UNKNOWN,OFF_MAPPED_GROUND,0,0,0.00,0.311,0.481,52,0,0.455,-0.40,rl,rl,0.1800,0.0004,4.9348,0.2553,-0.0004
11695.628,82.708,exp1,DESCEND,UNKNOWN,OFF_MAPPED_GROUND,0,0,0.00,0.309,0.481,52,0,0.455,-0.40,rl,rl,0.1800,0.0004,4.9485,0.2553,-0.0004
11695.734,82.808,exp1,DESCEND,UNKNOWN,OFF_MAPPED_GROUND,0,0,0.00,0.315,0.481,52,0,0.455,-0.40,rl,rl,0.1800,0.0004,4.9656,0.2553,-0.0004
11695.831,82.908,exp1,DESCEND,UNKNOWN,OFF_MAPPED_GROUND,0,0,0.00,0.311,0.481,52,0,0.455,-0.40,rl,rl,0.1800,0.0004,4.9827,0.2553,-0.0004
11695.943,83.008,exp1,DESCEND,UNKNOWN,OFF_MAPPED_GROUND,0,0,0.00,0.314,0.481,52,0,0.455,-0.40,rl,rl,0.1800,0.0004,4.9999,0.2552,-0.0004
11696.046,83.108,exp1,DESCEND,UNKNOWN,OFF_MAPPED_GROUND,0,0,0.00,0.311,0.491,53,0,0.455,-0.40,rl,rl,0.1800,0.0004,5.0170,0.2552,-0.0004
11696.151,83.208,exp1,DESCEND,UNKNOWN,OFF_MAPPED_GROUND,0,0,0.00,0.309,0.491,53,0,0.494,-0.40,rl,rl,0.1800,0.0004,5.0341,0.2552,-0.0004
11696.251,83.308,exp1,DESCEND,UNKNOWN,OFF_MAPPED_GROUND,0,0,0.00,0.312,0.472,53,0,0.494,-0.40,rl,rl,0.1800,0.0004,5.0512,0.2552,-0.0004
11696.361,83.408,exp1,DESCEND,UNKNOWN,OFF_MAPPED_GROUND,0,0,0.00,0.311,0.472,53,0,0.494,-0.40,rl,rl,0.1800,0.0004,5.0684,0.2552,-0.0004
11696.461,83.508,exp1,DESCEND,UNKNOWN,OFF_MAPPED_GROUND,0,0,0.00,0.311,0.472,53,0,0.494,-0.40,rl,rl,0.1800,0.0004,5.0855,0.2552,-0.0004
11696.561,83.608,exp1,DESCEND,UNKNOWN,OFF_MAPPED_GROUND,0,0,0.00,0.306,0.481,54,0,0.494,-0.40,rl,rl,0.1800,0.0004,5.1026,0.2552,-0.0004
11696.663,83.708,exp1,DESCEND,UNKNOWN,OFF_MAPPED_GROUND,0,0,0.00,0.307,0.481,54,0,0.494,-0.40,rl,rl,0.1800,0.0004,5.1197,0.2552,-0.0004
11696.763,83.808,exp1,DESCEND,UNKNOWN,OFF_MAPPED_GROUND,0,0,0.00,0.312,0.463,54,0,0.494,-0.40,rl,rl,0.1800,0.0004,5.1369,0.2552,-0.0004
11696.863,83.908,exp1,DESCEND,UNKNOWN,OFF_MAPPED_GROUND,0,0,0.00,0.313,0.444,54,0,0.494,-0.40,rl,rl,0.1800,0.0004,5.1540,0.2552,-0.0004
11696.977,84.008,exp1,DESCEND,UNKNOWN,OFF_MAPPED_GROUND,0,0,0.00,0.316,0.444,54,0,0.494,-0.40,rl,rl,0.1800,0.0004,5.1711,0.2552,-0.0004
11697.077,84.108,exp1,DESCEND,UNKNOWN,OFF_MAPPED_GROUND,0,0,0.00,0.316,0.444,54,0,0.494,-0.40,rl,rl,0.1800,0.0004,5.1882,0.2552,-0.0004
11697.209,84.208,exp1,DESCEND,UNKNOWN,OFF_MAPPED_GROUND,0,0,0.00,0.319,0.444,54,0,0.494,-0.40,rl,rl,0.1800,0.0004,5.2054,0.2552,-0.0004
11697.312,84.308,exp1,DESCEND,UNKNOWN,OFF_MAPPED_GROUND,0,0,0.00,0.320,0.463,54,0,0.494,-0.40,rl,rl,0.1800,0.0004,5.2225,0.2552,-0.0004
11697.423,84.408,exp1,DESCEND,UNKNOWN,OFF_MAPPED_GROUND,0,0,0.00,0.320,0.463,54,0,0.494,-0.40,rl,rl,0.1800,0.0004,5.2396,0.2552,-0.0004
11697.525,84.508,exp1,DESCEND,UNKNOWN,OFF_MAPPED_GROUND,0,0,0.00,0.321,0.463,54,0,0.494,-0.40,rl,rl,0.1800,0.0004,5.2567,0.2552,-0.0004
11697.637,84.608,exp1,DESCEND,UNKNOWN,OFF_MAPPED_GROUND,0,0,0.00,0.321,0.463,54,0,0.494,-0.40,rl,rl,0.1800,0.0004,5.2739,0.2551,-0.0004
11697.738,84.708,exp1,DESCEND,UNKNOWN,OFF_MAPPED_GROUND,0,0,0.00,0.318,0.473,55,0,0.528,-0.40,rl,rl,0.1800,0.0004,5.2910,0.2551,-0.0004
11697.844,84.808,exp1,DESCEND,UNKNOWN,OFF_MAPPED_GROUND,0,0,0.00,0.316,0.473,55,0,0.528,-0.40,rl,rl,0.1800,0.0004,5.3081,0.2551,-0.0004
11697.944,84.908,exp1,DESCEND,UNKNOWN,OFF_MAPPED_GROUND,0,0,0.00,0.315,0.482,56,0,0.528,-0.40,rl,rl,0.1800,0.0004,5.3252,0.2551,-0.0004
11698.051,85.008,exp1,DESCEND,UNKNOWN,OFF_MAPPED_GROUND,0,0,0.00,0.315,0.482,56,0,0.528,-0.40,rl,rl,0.1800,0.0004,5.3424,0.2551,-0.0004
11698.154,85.108,exp1,DESCEND,UNKNOWN,OFF_MAPPED_GROUND,0,0,0.00,0.319,0.464,56,0,0.528,-0.40,rl,rl,0.1800,0.0004,5.3595,0.2551,-0.0004
11698.253,85.208,exp1,DESCEND,UNKNOWN,OFF_MAPPED_GROUND,0,0,0.00,0.320,0.464,56,0,0.528,-0.40,rl,rl,0.1800,0.0004,5.3766,0.2551,-0.0004
11698.353,85.308,exp1,DESCEND,UNKNOWN,OFF_MAPPED_GROUND,0,0,0.00,0.320,0.464,56,0,0.528,-0.40,rl,rl,0.1800,0.0004,5.3937,0.2551,-0.0004
11698.457,85.408,exp1,DESCEND,UNKNOWN,OFF_MAPPED_GROUND,0,0,0.00,0.322,0.464,56,0,0.528,-0.40,rl,rl,0.1800,0.0004,5.4109,0.2551,-0.0004
11698.556,85.508,exp1,DESCEND,UNKNOWN,OFF_MAPPED_GROUND,0,0,0.00,0.323,0.464,56,0,0.528,-0.40,rl,rl,0.1800,0.0004,5.4280,0.2551,-0.0004
11698.663,85.608,exp1,DESCEND,UNKNOWN,OFF_MAPPED_GROUND,0,0,0.00,0.325,0.464,56,0,0.528,-0.40,rl,rl,0.1800,0.0004,5.4451,0.2551,-0.0004
11698.765,85.708,exp1,DESCEND,UNKNOWN,OFF_MAPPED_GROUND,0,0,0.00,0.327,0.464,56,0,0.528,-0.40,rl,rl,0.1800,0.0004,5.4622,0.2551,-0.0004
11698.885,85.808,exp1,DESCEND,UNKNOWN,OFF_MAPPED_GROUND,0,0,0.00,0.328,0.446,56,0,0.528,-0.40,rl,rl,0.1800,0.0004,5.4794,0.2551,-0.0004
11698.995,85.908,exp1,DESCEND,UNKNOWN,OFF_MAPPED_GROUND,0,0,0.00,0.327,0.446,56,0,0.528,-0.40,rl,rl,0.1800,0.0004,5.4965,0.2551,-0.0004
11699.103,86.008,exp1,DESCEND,UNKNOWN,OFF_MAPPED_GROUND,0,0,0.00,0.330,0.446,56,0,0.528,-0.40,rl,rl,0.1800,0.0004,5.5136,0.2551,-0.0004
11699.206,86.108,exp1,DESCEND,UNKNOWN,OFF_MAPPED_GROUND,0,0,0.00,0.333,0.446,56,0,0.528,-0.40,rl,rl,0.1800,0.0004,5.5307,0.2551,-0.0004
11699.306,86.208,exp1,DESCEND,UNKNOWN,OFF_MAPPED_GROUND,0,0,0.00,0.333,0.446,56,0,0.610,-0.40,rl,rl,0.1800,0.0004,5.5479,0.2551,-0.0004
11699.419,86.308,exp1,DESCEND,UNKNOWN,OFF_MAPPED_GROUND,0,0,0.00,0.325,0.466,58,0,0.610,-0.40,rl,rl,0.1800,0.0004,5.5650,0.2550,-0.0004
11699.519,86.408,exp1,DESCEND,UNKNOWN,OFF_MAPPED_GROUND,0,0,0.00,0.325,0.448,58,0,0.610,-0.40,rl,rl,0.1800,0.0004,5.5821,0.2550,-0.0004
11699.631,86.508,exp1,DESCEND,UNKNOWN,OFF_MAPPED_GROUND,0,0,0.00,0.329,0.448,58,0,0.610,-0.40,rl,rl,0.1800,0.0004,5.5992,0.2550,-0.0004
11699.732,86.608,exp1,DESCEND,UNKNOWN,OFF_MAPPED_GROUND,0,0,0.00,0.318,0.431,58,0,0.610,-0.40,rl,rl,0.1800,0.0004,5.6164,0.2550,-0.0004
11699.836,86.708,exp1,DESCEND,UNKNOWN,OFF_MAPPED_GROUND,0,0,0.00,0.314,0.431,58,0,0.610,-0.40,rl,rl,0.1800,0.0004,5.6335,0.2550,-0.0004
11699.936,86.808,exp1,DESCEND,UNKNOWN,OFF_MAPPED_GROUND,0,0,0.00,0.316,0.431,58,0,0.610,-0.40,rl,rl,0.1800,0.0004,5.6506,0.2550,-0.0004
11700.045,86.908,exp1,DESCEND,UNKNOWN,OFF_MAPPED_GROUND,0,0,0.00,0.318,0.431,58,0,0.610,-0.40,rl,rl,0.1800,0.0004,5.6677,0.2550,-0.0004
11700.160,87.008,exp1,DESCEND,UNKNOWN,OFF_MAPPED_GROUND,0,0,0.00,0.322,0.431,58,0,0.610,-0.40,rl,rl,0.1800,0.0004,5.6849,0.2550,-0.0004
11700.279,87.108,exp1,DESCEND,UNKNOWN,OFF_MAPPED_GROUND,0,0,0.00,0.321,0.431,58,0,0.610,-0.40,rl,rl,0.1800,0.0004,5.7020,0.2550,-0.0004
11700.386,87.208,exp1,DESCEND,UNKNOWN,OFF_MAPPED_GROUND,0,0,0.00,0.322,0.431,58,0,0.610,-0.40,rl,rl,0.1800,0.0004,5.7225,0.2550,-0.0004
11700.510,87.308,exp1,DESCEND,UNKNOWN,OFF_MAPPED_GROUND,0,0,0.00,0.322,0.431,58,0,0.610,-0.40,rl,rl,0.1800,0.0004,5.7362,0.2550,-0.0004
11700.613,87.408,exp1,DESCEND,UNKNOWN,OFF_MAPPED_GROUND,0,0,0.00,0.324,0.431,58,0,0.610,-0.40,rl,rl,0.1800,0.0004,5.7534,0.2550,-0.0004
11700.725,87.508,exp1,DESCEND,UNKNOWN,OFF_MAPPED_GROUND,0,0,0.00,0.326,0.431,58,0,0.610,-0.40,rl,rl,0.1800,0.0004,5.7705,0.2550,-0.0004
11700.828,87.608,exp1,DESCEND,UNKNOWN,OFF_MAPPED_GROUND,0,0,0.00,0.326,0.431,58,0,0.610,-0.40,rl,rl,0.1800,0.0004,5.7876,0.2550,-0.0004
11700.941,87.708,exp1,DESCEND,UNKNOWN,OFF_MAPPED_GROUND,0,0,0.00,0.326,0.414,58,0,0.675,-0.40,rl,rl,0.1800,0.0004,5.8048,0.2550,-0.0004
11701.044,87.808,exp1,DESCEND,UNKNOWN,OFF_MAPPED_GROUND,0,0,0.00,0.327,0.431,58,0,0.675,-0.40,rl,rl,0.1800,0.0004,5.8219,0.2550,-0.0004
11701.152,87.908,exp1,DESCEND,UNKNOWN,OFF_MAPPED_GROUND,0,0,0.00,0.331,0.431,58,0,0.675,-0.40,rl,rl,0.1800,0.0004,5.8390,0.2549,-0.0004
11701.255,88.008,exp1,DESCEND,UNKNOWN,OFF_MAPPED_GROUND,0,0,0.00,0.333,0.397,58,0,0.675,-0.40,rl,rl,0.1800,0.0004,5.8561,0.2549,-0.0004
11701.362,88.108,exp1,DESCEND,UNKNOWN,OFF_MAPPED_GROUND,0,0,0.00,0.321,0.407,59,0,0.675,-0.40,rl,rl,0.1800,0.0004,5.8733,0.2549,-0.0004
11701.463,88.208,exp1,DESCEND,UNKNOWN,OFF_MAPPED_GROUND,0,0,0.00,0.324,0.407,59,0,0.675,-0.40,rl,rl,0.1800,0.0004,5.8904,0.2549,-0.0004
11701.567,88.308,exp1,DESCEND,UNKNOWN,OFF_MAPPED_GROUND,0,0,0.00,0.325,0.407,59,0,0.675,-0.40,rl,rl,0.1800,0.0004,5.9075,0.2549,-0.0004
11701.669,88.408,exp1,DESCEND,UNKNOWN,OFF_MAPPED_GROUND,0,0,0.00,0.327,0.407,59,0,0.675,-0.40,rl,rl,0.1800,0.0004,5.9246,0.2549,-0.0004
11701.779,88.508,exp1,DESCEND,UNKNOWN,OFF_MAPPED_GROUND,0,0,0.00,0.326,0.407,59,0,0.675,-0.40,rl,rl,0.1800,0.0004,5.9418,0.2549,-0.0004
11701.886,88.612,exp1,DESCEND,UNKNOWN,OFF_MAPPED_GROUND,0,0,0.00,0.328,0.407,59,0,0.675,-0.40,rl,rl,0.1800,0.0004,5.9623,0.2549,-0.0004
11701.980,88.708,exp1,DESCEND,UNKNOWN,OFF_MAPPED_GROUND,0,0,0.00,0.330,0.407,59,0,0.675,-0.40,rl,rl,0.1800,0.0004,5.9760,0.2549,-0.0004
11702.080,88.808,exp1,DESCEND,UNKNOWN,OFF_MAPPED_GROUND,0,0,0.00,0.332,0.407,59,0,0.675,-0.40,rl,rl,0.1800,0.0004,5.9931,0.2549,-0.0004
11702.180,88.908,exp1,DESCEND,UNKNOWN,OFF_MAPPED_GROUND,0,0,0.00,0.334,0.407,59,0,0.675,-0.40,rl,rl,0.1800,0.0004,6.0103,0.2549,-0.0004
11702.287,89.012,exp1,DESCEND,UNKNOWN,OFF_MAPPED_GROUND,0,0,0.00,0.333,0.407,59,0,0.675,-0.40,rl,rl,0.1800,0.0004,6.0274,0.2549,-0.0004
11702.382,89.108,exp1,DESCEND,UNKNOWN,OFF_MAPPED_GROUND,0,0,0.00,0.334,0.407,59,0,0.675,-0.40,rl,rl,0.1800,0.0004,6.0445,0.2549,-0.0004
11702.482,89.208,exp1,DESCEND,UNKNOWN,OFF_MAPPED_GROUND,0,0,0.00,0.336,0.424,59,0,0.751,-0.40,rl,rl,0.1800,0.0004,6.0616,0.2549,-0.0004
11702.582,89.308,exp1,DESCEND,UNKNOWN,OFF_MAPPED_GROUND,0,0,0.00,0.338,0.407,59,0,0.751,-0.40,rl,rl,0.1800,0.0004,6.0788,0.2549,-0.0004
11702.682,89.408,exp1,DESCEND,UNKNOWN,OFF_MAPPED_GROUND,0,0,0.00,0.342,0.390,59,0,0.751,-0.40,rl,rl,0.1800,0.0004,6.0959,0.2549,-0.0004
11702.784,89.508,exp1,DESCEND,UNKNOWN,OFF_MAPPED_GROUND,0,0,0.00,0.345,0.390,59,0,0.751,-0.40,rl,rl,0.1800,0.0004,6.1130,0.2549,-0.0004
11702.904,89.608,exp1,DESCEND,UNKNOWN,OFF_MAPPED_GROUND,0,0,0.00,0.326,0.390,59,0,0.751,-0.40,rl,rl,0.1800,0.0004,6.1301,0.2548,-0.0004
11703.001,89.708,exp1,DESCEND,UNKNOWN,OFF_MAPPED_GROUND,0,0,0.00,0.324,0.390,59,0,0.751,-0.40,rl,rl,0.1800,0.0004,6.1473,0.2548,-0.0004
11703.117,89.808,exp1,DESCEND,UNKNOWN,OFF_MAPPED_GROUND,0,0,0.00,0.326,0.390,59,0,0.751,-0.40,rl,rl,0.1800,0.0004,6.1644,0.2548,-0.0004
11703.221,89.908,exp1,DESCEND,UNKNOWN,OFF_MAPPED_GROUND,0,0,0.00,0.324,0.400,60,0,0.751,-0.40,rl,rl,0.1800,0.0004,6.1815,0.2548,-0.0004
11703.336,90.008,exp1,DESCEND,UNKNOWN,OFF_MAPPED_GROUND,0,0,0.00,0.326,0.400,60,0,0.751,-0.40,rl,rl,0.1800,0.0004,6.1986,0.2548,-0.0004
11703.439,90.108,exp1,DESCEND,UNKNOWN,OFF_MAPPED_GROUND,0,0,0.00,0.328,0.400,60,0,0.751,-0.40,rl,rl,0.1800,0.0004,6.2158,0.2548,-0.0004
11703.542,90.208,exp1,DESCEND,UNKNOWN,OFF_MAPPED_GROUND,0,0,0.00,0.329,0.400,60,0,0.751,-0.40,rl,rl,0.1800,0.0004,6.2329,0.2548,-0.0004
11703.642,90.308,exp1,DESCEND,UNKNOWN,OFF_MAPPED_GROUND,0,0,0.00,0.331,0.400,60,0,0.751,-0.40,rl,rl,0.1800,0.0004,6.2500,0.2548,-0.0004
11703.745,90.408,exp1,DESCEND,UNKNOWN,OFF_MAPPED_GROUND,0,0,0.00,0.332,0.400,60,0,0.751,-0.40,rl,rl,0.1800,0.0004,6.2671,0.2548,-0.0004
11703.846,90.508,exp1,DESCEND,UNKNOWN,OFF_MAPPED_GROUND,0,0,0.00,0.332,0.400,60,0,0.751,-0.40,rl,rl,0.1800,0.0004,6.2843,0.2548,-0.0004
11703.958,90.608,exp1,DESCEND,UNKNOWN,OFF_MAPPED_GROUND,0,0,0.00,0.336,0.400,60,0,0.751,-0.40,rl,rl,0.1800,0.0004,6.3014,0.2548,-0.0004
11704.059,90.708,exp1,DESCEND,CONSISTENT,OK,0,0,0.00,0.338,0.367,60,1,0.841,-0.40,rl,rl,0.1800,0.0004,6.3185,0.2548,-0.0004
11704.165,90.808,exp1,DESCEND,CONSISTENT,OK,0,0,0.10,0.340,0.367,60,1,0.841,-0.40,rl,rl,0.1800,0.0004,6.3356,0.2548,-0.0004
11704.263,90.908,exp1,DESCEND,CONSISTENT,OK,0,0,0.20,0.342,0.367,60,1,0.841,-0.40,rl,rl,0.1800,0.0004,6.3528,0.2548,-0.0004
11704.380,91.008,exp1,DESCEND,CONSISTENT,OK,0,0,0.30,0.343,0.367,60,1,0.841,-0.40,rl,rl,0.1800,0.0004,6.3699,0.2548,-0.0004
11704.480,91.108,exp1,DESCEND,CONSISTENT,OK,0,0,0.40,0.311,0.333,60,1,0.841,-0.40,rl,rl,0.1800,0.0004,6.3870,0.2548,-0.0004
11704.583,91.208,exp1,DESCEND,CONSISTENT,OK,0,0,0.50,0.301,0.333,60,1,0.841,-0.40,rl,rl,0.1800,0.0004,6.4041,0.2547,-0.0004
11704.687,91.308,exp1,DESCEND,CONSISTENT,OK,0,0,0.60,0.306,0.317,60,1,0.841,-0.40,rl,rl,0.1800,0.0003,6.4218,0.2547,-0.0002
11704.788,91.408,exp1,DESCEND,CONSISTENT,OK,0,0,0.70,0.303,0.333,60,1,0.841,-0.40,rl,rl,0.1800,0.0002,6.4392,0.2547,-0.0001
11704.888,91.508,exp1,DESCEND,CONSISTENT,OK,0,0,0.80,0.243,0.333,60,1,0.841,-0.40,rl,rl,0.1800,0.0001,6.4569,0.2547,-0.0001
11704.995,91.608,exp1,DESCEND,CONSISTENT,OK,0,0,1.00,0.123,0.450,60,1,0.841,-0.40,rl,rl,0.1800,0.0001,6.4746,0.2547,-0.0001
11705.093,91.708,exp1,DESCEND,CONSISTENT,OK,0,0,1.00,0.123,0.450,60,1,0.841,-0.40,rl,rl,0.1800,0.0001,6.4923,0.2547,-0.0000
11705.199,91.808,exp1,DESCEND,CONSISTENT,OK,0,0,1.10,0.047,0.733,60,1,0.841,-0.40,rl,rl,0.1800,0.0000,6.5099,0.2547,-0.0000
11705.312,91.908,exp1,DESCEND,CONSISTENT,OK,0,0,1.20,0.023,0.943,35,1,0.841,-0.40,rl,rl,0.1800,0.0000,6.5275,0.2547,-0.0000
11705.419,92.008,exp1,DESCEND,CONSISTENT,OK,0,0,1.30,0.024,0.939,33,1,0.841,-0.40,rl,rl,0.1800,0.0000,6.5453,0.2547,-0.0000
11705.520,92.108,exp1,DESCEND,CONSISTENT,OK,0,0,1.40,0.025,0.909,33,1,0.841,-0.40,rl,rl,0.1800,0.0000,6.5631,0.2547,-0.0000
11705.633,92.208,exp1,DESCEND,CONSISTENT,OK,0,0,1.50,0.025,0.875,32,1,0.846,-0.40,rl,rl,0.1800,0.0000,6.5809,0.2547,-0.0000
11705.735,92.308,exp1,DESCEND,CONSISTENT,OK,0,0,1.60,0.031,0.875,32,1,0.846,-0.40,rl,rl,0.1800,0.0000,6.5989,0.2547,-0.0000
11705.835,92.408,exp1,DESCEND,CONSISTENT,OK,0,0,1.70,0.038,0.818,33,1,0.846,-0.40,rl,rl,0.1800,0.0000,6.6169,0.2547,-0.0000
11705.939,92.508,exp1,DESCEND,CONSISTENT,OK,0,0,1.80,0.043,0.818,33,1,0.846,-0.40,rl,rl,0.1800,0.0000,6.6349,0.2547,-0.0000
11706.040,92.608,exp1,DESCEND,CONSISTENT,OK,0,0,1.90,0.029,0.857,35,1,0.846,-0.40,rl,rl,0.1800,0.0000,6.6529,0.2547,-0.0000
11706.143,92.708,exp1,DESCEND,CONSISTENT,OK,0,0,2.00,0.024,0.886,35,1,0.846,-0.40,rl,rl,0.0000,0.0000,6.6679,0.2547,-0.0000
11706.246,92.808,exp1,RETURN_HOME,CONSISTENT,OK,0,0,2.10,0.021,0.943,35,1,0.846,-0.40,rl,rl,0.0000,0.0000,6.6692,0.2547,-0.0000
11706.352,92.908,exp1,RETURN_HOME,CONSISTENT,OK,0,0,2.20,0.021,0.944,36,1,0.846,-0.40,rl,rl,0.0000,0.1600,6.6692,0.2547,0.0011
11706.452,93.008,exp1,RETURN_HOME,CONSISTENT,OK,0,0,2.30,0.021,0.944,36,1,0.846,-0.40,rl,rl,0.0000,0.3200,6.6692,0.2557,0.0142
11706.557,93.108,exp1,RETURN_HOME,CONSISTENT,OK,0,0,2.40,0.031,0.879,33,1,0.846,-0.40,rl,rl,0.0000,0.4800,6.6692,0.2582,0.0449
11706.658,93.208,exp1,RETURN_HOME,CONSISTENT,OK,0,0,2.50,0.032,0.818,33,1,0.846,-0.40,rl,rl,0.0000,0.6400,6.6692,0.2620,0.0920
11706.766,93.308,exp1,RETURN_HOME,CONSISTENT,OK,0,0,2.60,0.037,0.857,35,1,0.846,-0.40,nav,nav,0.0000,0.7436,6.6692,0.2671,0.1544
11706.865,93.408,exp1,RETURN_HOME,CONSISTENT,OK,0,0,2.70,0.040,0.872,39,1,0.846,-0.40,nav,nav,0.0000,0.6923,6.6692,0.2724,0.2239
11706.966,93.508,exp1,RETURN_HOME,CONSISTENT,OK,0,0,2.80,0.048,0.829,41,1,0.846,-0.40,nav,nav,0.0000,0.6410,6.6692,0.2769,0.2868
11707.065,93.608,exp1,RETURN_HOME,CONSISTENT,OK,0,0,2.90,0.048,0.805,41,1,0.797,-0.40,nav,nav,0.0000,0.8010,6.6692,0.2805,0.3436
11707.167,93.708,exp1,RETURN_HOME,CONSISTENT,OK,0,1,3.00,0.048,0.780,41,1,0.797,-0.40,nav,nav,0.0000,0.9487,6.6692,0.2843,0.4106
11707.285,93.808,exp1,RETURN_HOME,CONSISTENT,OK,0,1,3.10,0.061,0.762,42,1,0.797,-0.40,nav,nav,0.0316,0.8974,6.6693,0.2877,0.4837
11707.397,93.908,exp1,RETURN_HOME,CONSISTENT,OK,0,1,3.20,0.073,0.721,43,1,0.820,-0.40,nav,nav,0.0316,0.7436,6.6710,0.2907,0.5442
11707.496,94.008,exp1,RETURN_HOME,CONSISTENT,OK,0,1,3.30,0.080,0.673,49,1,0.820,-0.40,nav,nav,0.0789,0.9036,6.6731,0.2937,0.5964
11707.630,94.108,exp1,RETURN_HOME,CONSISTENT,OK,0,1,3.40,0.077,0.735,49,1,0.820,-0.40,nav,nav,0.2684,1.0000,6.6772,0.2983,0.6587
11707.732,94.208,exp1,RETURN_HOME,CONSISTENT,OK,0,1,3.50,0.098,0.604,48,1,0.835,-0.40,nav,nav,0.2211,1.0000,6.6860,0.3071,0.7252
11707.845,94.308,exp1,RETURN_HOME,CONSISTENT,OK,0,1,3.60,0.115,0.500,50,1,0.835,-0.40,nav,nav,0.2842,1.0000,6.7012,0.3221,0.8013
11707.946,94.408,exp1,RETURN_HOME,CONSISTENT,OK,0,1,3.70,0.142,0.449,49,1,0.835,-0.40,nav,nav,0.3000,0.8974,6.7187,0.3412,0.8743
11708.049,94.508,exp1,RETURN_HOME,CONSISTENT,OK,0,1,3.80,0.156,0.408,49,1,0.720,-0.40,nav,nav,0.3000,1.0000,6.7372,0.3644,0.9376
11708.151,94.608,exp1,RETURN_HOME,CONSISTENT,OK,0,1,3.90,0.162,0.365,52,1,0.720,-0.40,nav,nav,0.2842,0.9487,6.7540,0.3877,1.0029
11708.260,94.708,exp1,RETURN_HOME,CONSISTENT,OK,0,1,4.00,0.190,0.327,52,1,0.720,-0.40,nav,nav,0.2842,0.8974,6.7676,0.4109,1.0686
11708.361,94.808,exp1,RETURN_HOME,CONSISTENT,OK,0,1,4.10,0.216,0.308,52,1,0.715,-0.40,nav,nav,0.3000,0.8974,6.7783,0.4352,1.1343
11708.471,94.908,exp1,RETURN_HOME,CONSISTENT,OK,0,1,4.20,0.216,0.264,53,1,0.715,-0.40,nav,nav,0.2842,0.8974,6.7869,0.4617,1.2040
11708.577,95.012,exp1,RETURN_HOME,CONSISTENT,OK,0,1,4.30,0.221,0.283,53,1,0.715,-0.40,nav,nav,0.3000,0.7949,6.7925,0.4883,1.2786
11708.671,95.108,exp1,RETURN_HOME,CONSISTENT,OK,0,1,4.40,0.241,0.259,54,1,0.649,-0.40,nav,nav,0.3000,0.7949,6.7953,0.5172,1.3514
11708.774,95.208,exp1,RETURN_HOME,CONSISTENT,OK,0,1,4.50,0.222,0.327,55,1,0.649,-0.40,nav,nav,0.3000,0.6923,6.7959,0.5467,1.4261
11708.874,95.308,exp1,RETURN_HOME,CONSISTENT,OK,0,1,4.60,0.230,0.286,56,1,0.649,-0.40,nav,nav,0.3000,0.6410,6.7943,0.5765,1.4941
11708.975,95.408,exp1,RETURN_HOME,CONSISTENT,OK,0,1,4.70,0.208,0.310,58,1,0.572,-0.40,nav,nav,0.3000,0.6410,6.7906,0.6065,1.5605
11709.074,95.508,exp1,RETURN_HOME,CONSISTENT,OK,0,1,4.80,0.176,0.356,59,1,0.572,-0.40,nav,nav,0.2842,0.5897,6.7846,0.6362,1.6268
11709.174,95.608,exp1,RETURN_HOME,CONSISTENT,OK,0,1,4.90,0.173,0.383,60,1,0.572,-0.40,nav,nav,0.3000,0.4872,6.7771,0.6647,1.6853
11709.276,95.708,exp1,RETURN_HOME,CONSISTENT,OK,0,1,5.00,0.166,0.417,60,1,0.572,-0.40,nav,nav,0.3000,0.4872,6.7691,0.6944,1.7330
11709.376,95.808,exp1,RETURN_HOME,CONSISTENT,OK,0,1,5.10,0.136,0.483,60,1,0.435,-0.40,nav,nav,0.3000,0.3846,6.7600,0.7239,1.7783
11709.476,95.908,exp1,RETURN_HOME,CONSISTENT,OK,0,1,5.20,0.138,0.450,60,1,0.435,-0.40,nav,nav,0.3000,0.2246,6.7508,0.7532,1.8130
11709.589,96.008,exp1,RETURN_HOME,CONSISTENT,OK,0,1,5.30,0.142,0.467,60,1,0.435,-0.40,nav,nav,0.3000,0.2246,6.7418,0.7822,1.8335
11709.688,96.108,exp1,RETURN_HOME,CONSISTENT,OK,0,1,5.40,0.131,0.467,60,1,0.435,-0.40,nav,nav,0.3000,0.0769,6.7325,0.8111,1.8517
11709.801,96.208,exp1,RETURN_HOME,CONSISTENT,OK,0,1,5.50,0.117,0.500,60,1,0.435,-0.40,nav,nav,0.3000,0.0256,6.7237,0.8399,1.8568
11709.904,96.308,exp1,RETURN_HOME,CONSISTENT,OK,0,1,5.60,0.109,0.533,60,1,0.435,-0.40,nav,nav,0.2842,0.0256,6.7153,0.8679,1.8590
11710.017,96.408,exp1,RETURN_HOME,CONSISTENT,OK,0,1,5.80,0.120,0.517,60,1,0.435,-0.40,nav,nav,0.3000,0.1282,6.7067,0.8957,1.8639
11710.117,96.508,exp1,RETURN_HOME,CONSISTENT,OK,0,1,5.80,0.120,0.517,60,1,0.435,-0.40,nav,nav,0.3000,0.0769,6.6974,0.9243,1.8723
11710.229,96.608,exp1,RETURN_HOME,CONSISTENT,OK,0,1,5.90,0.124,0.500,60,1,0.435,-0.40,nav,nav,0.3000,0.1282,6.6881,0.9530,1.8761
11710.329,96.708,exp1,RETURN_HOME,CONSISTENT,OK,0,1,6.00,0.124,0.467,60,1,0.435,-0.40,nav,nav,0.3000,0.0769,6.6786,0.9814,1.8837
11710.428,96.808,exp1,RETURN_HOME,CONSISTENT,OK,0,1,6.10,0.140,0.467,60,1,0.415,-0.40,nav,nav,0.2842,0.0769,6.6688,1.0099,1.8915
11710.528,96.908,exp1,RETURN_HOME,CONSISTENT,OK,0,1,6.20,0.140,0.450,60,1,0.415,-0.40,nav,nav,0.3000,0.1282,6.6597,1.0370,1.8977
11710.636,97.008,exp1,RETURN_HOME,CONSISTENT,OK,0,1,6.30,0.144,0.450,60,1,0.415,-0.40,nav,nav,0.2842,0.1282,6.6508,1.0635,1.8987
11710.735,97.108,exp1,RETURN_HOME,CONSISTENT,OK,0,1,6.40,0.148,0.400,60,1,0.415,-0.40,nav,nav,0.3000,0.2308,6.6418,1.0899,1.8988
11710.843,97.208,exp1,RETURN_HOME,CONSISTENT,OK,0,1,6.50,0.167,0.350,60,1,0.415,-0.40,nav,nav,0.3000,0.1795,6.6332,1.1153,1.8988
11710.944,97.308,exp1,RETURN_HOME,CONSISTENT,OK,0,1,6.60,0.174,0.317,60,1,0.415,-0.40,nav,nav,0.3000,0.1282,6.6244,1.1410,1.8988
11711.054,97.408,exp1,RETURN_HOME,CONSISTENT,OK,0,1,6.70,0.195,0.300,60,1,0.415,-0.40,nav,nav,0.2842,0.1795,6.6154,1.1675,1.8988
11711.153,97.508,exp1,RETURN_HOME,CONSISTENT,OK,0,1,6.80,0.204,0.267,60,1,0.415,-0.40,nav,nav,0.3000,0.2308,6.6071,1.1920,1.8995
11711.256,97.608,exp1,RETURN_HOME,CONSISTENT,OK,0,1,6.90,0.211,0.267,60,1,0.415,-0.40,nav,nav,0.3000,0.1795,6.5985,1.2172,1.8996
11711.356,97.708,exp1,RETURN_HOME,CONSISTENT,OK,0,1,7.00,0.221,0.267,60,1,0.415,-0.40,nav,nav,0.2842,0.1795,6.5887,1.2438,1.9076
11711.465,97.808,exp1,RETURN_HOME,CONSISTENT,OK,0,1,7.10,0.231,0.283,60,1,0.398,-0.40,nav,nav,0.3000,0.1282,6.5844,1.2641,1.9906
11711.567,97.908,exp1,RETURN_HOME,CONSISTENT,OK,0,1,7.20,0.245,0.217,60,1,0.398,-0.40,nav,nav,0.3000,0.1795,6.5827,1.2774,2.0829
11711.676,98.008,exp1,RETURN_HOME,CONSISTENT,OK,0,1,7.30,0.201,0.183,60,1,0.398,-0.40,nav,nav,0.2684,0.1795,6.5798,1.2899,2.1721
11711.776,98.108,exp1,RETURN_HOME,CONSISTENT,OK,0,1,7.40,0.132,0.350,60,1,0.398,-0.40,nav,nav,0.3000,0.1795,6.5761,1.3008,2.2520
11711.876,98.208,exp1,RETURN_HOME,CONSISTENT,OK,0,1,7.50,0.112,0.500,60,1,0.398,-0.40,nav,nav,0.3000,0.1795,6.5715,1.3117,2.3343
11711.976,98.308,exp1,RETURN_HOME,CONSISTENT,OK,0,1,7.60,0.135,0.482,56,1,0.398,-0.40,nav,nav,0.2684,0.2308,6.5663,1.3217,2.4115
11712.088,98.408,exp1,RETURN_HOME,CONSISTENT,OK,0,1,7.70,0.164,0.412,51,1,0.398,-0.40,nav,nav,0.3000,0.2308,6.5606,1.3307,2.4807
11712.194,98.508,exp1,RETURN_HOME,CONSISTENT,OK,0,1,7.80,0.192,0.312,48,1,0.398,-0.40,nav,nav,0.2368,0.1795,6.5541,1.3394,2.5501
11712.303,98.608,exp1,RETURN_HOME,CONSISTENT,OK,0,1,7.90,0.223,0.311,45,1,0.398,-0.40,nav,nav,0.2211,0.1795,6.5481,1.3465,2.6089
11712.414,98.708,exp1,RETURN_HOME,CONSISTENT,OK,0,1,8.00,0.252,0.227,44,1,0.398,-0.40,nav,nav,0.2053,0.0769,6.5420,1.3532,2.6681
11712.512,98.808,exp1,RETURN_HOME,CONSISTENT,OK,0,1,8.10,0.273,0.238,42,1,0.398,-0.40,nav,nav,0.1895,0.0256,6.5351,1.3605,2.7353
11712.613,98.908,exp1,RETURN_HOME,CONSISTENT,OK,0,1,8.20,0.300,0.214,42,1,0.398,-0.40,nav,nav,0.2526,-0.0769,6.5274,1.3677,2.8069
11712.713,99.008,exp1,RETURN_HOME,UNKNOWN,OFF_MAPPED_GROUND,0,0,0.00,0.330,0.195,41,0,0.475,-0.40,nav,nav,0.3000,-0.2308,6.5172,1.3758,2.8948
11712.815,99.108,exp1,RETURN_HOME,UNKNOWN,OFF_MAPPED_GROUND,0,0,0.00,0.363,0.132,38,0,0.475,-0.40,nav,nav,0.3000,-0.3333,6.4958,1.3827,2.9173
11712.916,99.208,exp1,RETURN_HOME,UNKNOWN,OFF_MAPPED_GROUND,0,0,0.00,0.363,0.132,38,0,0.475,-0.40,nav,nav,0.2842,-0.3333,6.4683,1.3912,2.8908
11713.024,99.310,exp1,RETURN_HOME,UNKNOWN,OFF_MAPPED_GROUND,0,0,0.00,0.344,0.158,38,0,0.475,-0.40,nav,nav,0.2368,-0.4359,6.4429,1.3992,2.8733
11713.121,99.408,exp1,RETURN_HOME,UNKNOWN,OFF_MAPPED_GROUND,0,0,0.00,0.377,0.128,39,0,0.475,-0.40,nav,nav,0.2053,-0.3846,6.4311,1.4025,2.8728
11713.230,99.508,exp1,RETURN_HOME,UNKNOWN,OFF_MAPPED_GROUND,0,0,0.00,0.376,0.128,39,0,0.475,-0.40,nav,nav,0.0789,-0.3333,6.4175,1.4063,2.8717
11713.333,99.608,exp1,RETURN_HOME,UNKNOWN,OFF_MAPPED_GROUND,0,0,0.00,0.361,0.128,39,0,0.475,-0.40,nav,nav,0.2053,-0.5385,6.4067,1.4107,2.8576
11713.440,99.708,exp1,RETURN_HOME,UNKNOWN,OFF_MAPPED_GROUND,0,0,0.00,0.333,0.205,39,0,0.475,-0.40,nav,nav,0.2053,-0.5385,6.3943,1.4186,2.8275
11713.554,99.808,exp1,RETURN_HOME,UNKNOWN,OFF_MAPPED_GROUND,0,0,0.00,0.329,0.184,38,0,0.475,-0.40,nav,nav,0.3000,-0.4359,6.3782,1.4286,2.8022
11713.663,99.908,exp1,RETURN_HOME,UNKNOWN,OFF_MAPPED_GROUND,0,0,0.00,0.346,0.135,37,0,0.472,-0.40,nav,nav,0.0853,-0.1154,6.3558,1.4382,2.7821
11713.763,100.008,exp1,RETURN_HOME,UNKNOWN,OFF_MAPPED_GROUND,0,0,0.00,0.351,0.135,37,0,0.472,-0.40,nav,nav,0.0853,-0.1154,6.3364,1.4465,2.7649
11713.863,100.108,exp1,RETURN_HOME,UNKNOWN,OFF_MAPPED_GROUND,0,0,0.00,0.345,0.108,37,0,0.472,-0.40,nav,nav,0.0853,-0.1154,6.3270,1.4506,2.7578
11713.963,100.208,exp1,RETURN_HOME,UNKNOWN,OFF_MAPPED_GROUND,0,0,0.00,0.357,0.135,37,0,0.472,-0.40,nav,nav,0.0853,-0.1154,6.3209,1.4534,2.7516
11714.063,100.308,exp1,RETURN_HOME,UNKNOWN,OFF_MAPPED_GROUND,0,0,0.00,0.353,0.108,37,0,0.472,-0.40,nav,nav,0.0853,-0.1154,6.3144,1.4565,2.7449
11714.196,100.408,exp1,RETURN_HOME,UNKNOWN,OFF_MAPPED_GROUND,0,0,0.00,0.339,0.162,37,0,0.472,-0.40,nav,nav,0.0853,-0.1154,6.3074,1.4598,2.7378
11714.308,100.508,exp1,RETURN_HOME,UNKNOWN,OFF_MAPPED_GROUND,0,0,0.00,0.339,0.162,37,0,0.472,-0.40,nav,nav,0.0478,-0.0674,6.3007,1.4630,2.7315
11714.412,100.608,exp1,RETURN_HOME,UNKNOWN,OFF_MAPPED_GROUND,0,0,0.00,0.347,0.111,36,0,0.472,-0.40,nav,nav,0.0043,-0.0061,6.2963,1.4651,2.7266
11714.519,100.708,exp1,RETURN_HOME,UNKNOWN,OFF_MAPPED_GROUND,0,0,0.00,0.345,0.105,38,0,0.472,-0.40,nav,nav,0.0125,-0.0162,6.2936,1.4665,2.7235
11714.623,100.808,exp1,RETURN_HOME,UNKNOWN,OFF_MAPPED_GROUND,0,0,0.00,0.343,0.105,38,0,0.472,-0.40,nav,nav,0.0150,-0.0193,6.2899,1.4683,2.7194
11714.734,100.908,exp1,RETURN_HOME,UNKNOWN,OFF_MAPPED_GROUND,0,0,0.00,0.345,0.132,38,0,0.472,-0.40,nav,nav,0.2526,-0.4872,6.2865,1.4700,2.7161
11714.834,101.008,exp1,RETURN_HOME,UNKNOWN,OFF_MAPPED_GROUND,0,0,0.00,0.341,0.132,38,0,0.472,-0.40,nav,nav,0.2526,-0.4872,6.2833,1.4716,2.7132
11714.942,101.108,exp1,RETURN_HOME,UNKNOWN,OFF_MAPPED_GROUND,0,0,0.00,0.340,0.132,38,0,0.472,-0.40,nav,nav,0.2526,-0.4872,6.2799,1.4733,2.7099
11715.045,101.208,exp1,RETURN_HOME,UNKNOWN,OFF_MAPPED_GROUND,0,0,0.00,0.349,0.132,38,0,0.472,-0.40,nav,nav,0.2526,-0.4872,6.2760,1.4753,2.7056
11715.147,101.308,exp1,RETURN_HOME,UNKNOWN,OFF_MAPPED_GROUND,0,0,0.00,0.350,0.132,38,0,0.472,-0.40,nav,nav,0.0536,-0.0686,6.2727,1.4770,2.7021
11715.251,101.408,exp1,RETURN_HOME,UNKNOWN,OFF_MAPPED_GROUND,0,0,0.00,0.341,0.132,38,0,0.472,-0.40,nav,nav,0.0536,-0.0686,6.2689,1.4789,2.6985
11715.356,101.508,exp1,RETURN_HOME,UNKNOWN,OFF_MAPPED_GROUND,0,0,0.00,0.341,0.132,38,0,0.472,-0.40,nav,nav,0.0536,-0.0686,6.2649,1.4810,2.6944
11715.460,101.608,exp1,RETURN_HOME,UNKNOWN,OFF_MAPPED_GROUND,0,0,0.00,0.336,0.132,38,0,0.472,-0.40,nav,nav,0.0536,-0.0686,6.2612,1.4830,2.6908
11715.572,101.708,exp1,RETURN_HOME,UNKNOWN,OFF_MAPPED_GROUND,0,0,0.00,0.332,0.132,38,0,0.472,-0.40,nav,nav,0.0536,-0.0686,6.2573,1.4851,2.6866
11715.678,101.808,exp1,RETURN_HOME,UNKNOWN,OFF_MAPPED_GROUND,0,0,0.00,0.334,0.132,38,0,0.472,-0.40,nav,nav,0.1786,-0.2286,6.2520,1.4880,2.6811
11715.772,101.908,exp1,RETURN_HOME,UNKNOWN,OFF_MAPPED_GROUND,0,0,0.00,0.323,0.105,38,0,0.472,-0.40,nav,nav,0.2842,-0.2821,6.2412,1.4940,2.6716
11715.881,102.010,exp1,RETURN_HOME,UNKNOWN,OFF_MAPPED_GROUND,0,0,0.00,0.319,0.158,38,0,0.472,-0.40,nav,nav,0.2684,-0.2821,6.2183,1.5066,2.6558
11715.976,102.108,exp1,RETURN_HOME,UNKNOWN,OFF_MAPPED_GROUND,0,0,0.00,0.343,0.108,37,0,0.514,-0.40,nav,nav,0.2842,-0.1795,6.1953,1.5197,2.6406
11716.078,102.208,exp1,RETURN_HOME,UNKNOWN,OFF_MAPPED_GROUND,0,0,0.00,0.338,0.108,37,0,0.514,-0.40,nav,nav,0.3000,-0.1795,6.1708,1.5336,2.6304
11716.176,102.308,exp1,RETURN_HOME,UNKNOWN,OFF_MAPPED_GROUND,0,0,0.00,0.325,0.162,37,0,0.514,-0.40,nav,nav,0.2842,-0.1795,6.1455,1.5483,2.6195
11716.276,102.408,exp1,RETURN_HOME,UNKNOWN,OFF_MAPPED_GROUND,0,0,0.00,0.337,0.162,37,0,0.514,-0.40,nav,nav,0.3000,-0.0769,6.1211,1.5628,2.6102
11716.376,102.508,exp1,RETURN_HOME,UNKNOWN,OFF_MAPPED_GROUND,0,0,0.00,0.329,0.105,38,0,0.514,-0.40,nav,nav,0.2842,-0.0769,6.0958,1.5779,2.6055
11716.487,102.608,exp1,RETURN_HOME,UNKNOWN,OFF_MAPPED_GROUND,0,0,0.00,0.328,0.132,38,0,0.514,-0.40,nav,nav,0.3000,0.0000,6.0712,1.5927,2.6021
11716.589,102.708,exp1,RETURN_HOME,UNKNOWN,OFF_MAPPED_GROUND,0,0,0.00,0.329,0.184,38,0,0.514,-0.40,nav,nav,0.2842,0.0000,6.0460,1.6078,2.6021
11716.693,102.808,exp1,RETURN_HOME,UNKNOWN,OFF_MAPPED_GROUND,0,0,0.00,0.329,0.184,38,0,0.514,-0.40,nav,nav,0.2842,0.0000,6.0219,1.6222,2.6030
11716.796,102.908,exp1,RETURN_HOME,UNKNOWN,OFF_MAPPED_GROUND,0,0,0.00,0.332,0.132,38,0,0.514,-0.40,nav,nav,0.3000,0.1600,5.9971,1.6371,2.6054
11716.910,103.010,exp1,RETURN_HOME,UNKNOWN,OFF_MAPPED_GROUND,0,0,0.00,0.345,0.105,38,0,0.514,-0.40,nav,nav,0.3000,0.0000,5.9664,1.6553,2.6115
11717.007,103.108,exp1,RETURN_HOME,UNKNOWN,OFF_MAPPED_GROUND,0,0,0.00,0.359,0.135,37,0,0.558,-0.40,nav,nav,0.2842,-0.0769,5.9464,1.6671,2.6095
11717.127,103.208,exp1,RETURN_HOME,UNKNOWN,OFF_MAPPED_GROUND,0,0,0.00,0.370,0.108,37,0,0.558,-0.40,nav,nav,0.3000,0.0256,5.9211,1.6821,2.6088
11717.226,103.308,exp1,RETURN_HOME,UNKNOWN,OFF_MAPPED_GROUND,0,0,0.00,0.371,0.108,37,0,0.558,-0.40,nav,nav,0.2842,0.0256,5.8963,1.6967,2.6103
11717.327,103.408,exp1,RETURN_HOME,UNKNOWN,OFF_MAPPED_GROUND,0,0,0.00,0.382,0.081,37,0,0.558,-0.40,nav,nav,0.3000,0.0000,5.8709,1.7117,2.6107
11717.426,103.508,exp1,RETURN_HOME,UNKNOWN,OFF_MAPPED_GROUND,0,0,0.00,0.327,0.128,39,0,0.558,-0.40,nav,nav,0.2842,0.1282,5.8462,1.7263,2.6152
11717.535,103.608,exp1,RETURN_HOME,UNKNOWN,OFF_MAPPED_GROUND,0,0,0.00,0.308,0.225,40,0,0.558,-0.40,nav,nav,0.2842,0.0769,5.8209,1.7410,2.6207
11717.636,103.708,exp1,RETURN_HOME,UNKNOWN,OFF_MAPPED_GROUND,0,0,0.00,0.326,0.125,40,0,0.558,-0.40,nav,nav,0.2842,0.5897,5.7961,1.7553,2.6255
11717.751,103.808,exp1,RETURN_HOME,UNKNOWN,OFF_MAPPED_GROUND,0,0,0.00,0.327,0.150,40,0,0.558,-0.40,nav,nav,0.3000,0.3969,5.7719,1.7691,2.6367
11717.852,103.908,exp1,RETURN_HOME,UNKNOWN,OFF_MAPPED_GROUND,0,0,0.00,0.325,0.200,40,0,0.558,-0.40,nav,nav,0.3000,0.2369,5.7464,1.7829,2.6609
11717.959,104.008,exp1,RETURN_HOME,UNKNOWN,OFF_MAPPED_GROUND,0,0,0.00,0.326,0.175,40,0,0.605,-0.40,nav,nav,0.3000,0.1282,5.7198,1.7957,2.6805
11718.063,104.108,exp1,RETURN_HOME,UNKNOWN,OFF_MAPPED_GROUND,0,0,0.00,0.339,0.150,40,0,0.605,-0.40,nav,nav,0.3000,0.1282,5.6929,1.8085,2.6907
11718.172,104.208,exp1,RETURN_HOME,UNKNOWN,OFF_MAPPED_GROUND,0,0,0.00,0.336,0.195,41,0,0.605,-0.40,nav,nav,0.3000,0.1282,5.6660,1.8211,2.7011
11718.272,104.308,exp1,RETURN_HOME,UNKNOWN,OFF_MAPPED_GROUND,0,0,0.00,0.342,0.146,41,0,0.605,-0.40,nav,nav,0.3000,0.1282,5.6388,1.8332,2.7117
11718.379,104.408,exp1,RETURN_HOME,UNKNOWN,OFF_MAPPED_GROUND,0,0,0.00,0.267,0.295,44,0,0.605,-0.40,nav,nav,0.3000,0.0769,5.6115,1.8452,2.7210
11718.479,104.508,exp1,RETURN_HOME,UNKNOWN,OFF_MAPPED_GROUND,0,0,0.00,0.236,0.298,47,0,0.605,-0.40,nav,nav,0.2842,0.0769,5.5845,1.8569,2.7273
11718.581,104.608,exp1,RETURN_HOME,UNKNOWN,OFF_MAPPED_GROUND,0,0,0.00,0.244,0.261,46,0,0.605,-0.40,nav,nav,0.3000,0.1795,5.5582,1.8681,2.7346
11718.681,104.708,exp1,RETURN_HOME,UNKNOWN,OFF_MAPPED_GROUND,0,0,0.00,0.250,0.283,46,0,0.605,-0.40,nav,nav,0.3000,0.1282,5.5307,1.8791,2.7477
11718.785,104.808,exp1,RETURN_HOME,UNKNOWN,OFF_MAPPED_GROUND,0,0,0.00,0.249,0.283,46,0,0.605,-0.40,nav,nav,0.2842,0.2882,5.5033,1.8899,2.7597
11718.889,104.908,exp1,RETURN_HOME,UNKNOWN,OFF_MAPPED_GROUND,0,0,0.00,0.250,0.277,47,0,0.628,-0.40,nav,nav,0.2842,0.4359,5.4772,1.8989,2.7852
11718.985,105.008,exp1,RETURN_HOME,UNKNOWN,OFF_MAPPED_GROUND,0,0,0.00,0.244,0.277,47,0,0.628,-0.40,nav,nav,0.3000,0.3333,5.4501,1.9063,2.8206
11719.089,105.108,exp1,RETURN_HOME,UNKNOWN,OFF_MAPPED_GROUND,0,0,0.00,0.255,0.292,48,0,0.628,-0.40,nav,nav,0.3000,0.2821,5.4215,1.9136,2.8485
11719.192,105.208,exp1,RETURN_HOME,UNKNOWN,OFF_MAPPED_GROUND,0,0,0.00,0.256,0.234,47,0,0.628,-0.40,nav,nav,0.3000,0.2308,5.3927,1.9203,2.8721
11719.298,105.308,exp1,RETURN_HOME,UNKNOWN,OFF_MAPPED_GROUND,0,0,0.00,0.169,0.415,53,0,0.628,-0.40,nav,nav,0.3000,0.2308,5.3637,1.9265,2.8931
11719.395,105.408,exp1,RETURN_HOME,UNKNOWN,OFF_MAPPED_GROUND,0,0,0.00,0.149,0.407,54,0,0.628,-0.40,nav,nav,0.3000,0.2308,5.3345,1.9320,2.9144
11719.513,105.508,exp1,RETURN_HOME,UNKNOWN,OFF_MAPPED_GROUND,0,0,0.00,0.159,0.400,55,0,0.628,-0.40,nav,nav,0.3000,0.2308,5.3052,1.9370,2.9345
11719.621,105.608,exp1,RETURN_HOME,UNKNOWN,OFF_MAPPED_GROUND,0,0,0.00,0.154,0.382,55,0,0.628,-0.40,nav,nav,0.2842,0.1795,5.2769,1.9413,2.9530
11719.729,105.708,exp1,RETURN_HOME,UNKNOWN,OFF_MAPPED_GROUND,0,0,0.00,0.167,0.407,54,0,0.618,-0.40,nav,nav,0.2684,0.0195,5.2500,1.9455,2.9617
11719.830,105.808,exp1,RETURN_HOME,UNKNOWN,OFF_MAPPED_GROUND,0,0,0.00,0.175,0.333,54,0,0.618,-0.40,nav,nav,0.3000,0.2308,5.2217,1.9501,2.9687
11719.935,105.908,exp1,RETURN_HOME,UNKNOWN,OFF_MAPPED_GROUND,0,0,0.00,0.175,0.333,54,0,0.618,-0.40,nav,nav,0.3000,0.1282,5.1862,1.9541,2.9927
11720.041,106.008,exp1,RETURN_HOME,UNKNOWN,OFF_MAPPED_GROUND,0,0,0.00,0.169,0.364,55,0,0.618,-0.40,nav,nav,0.3000,0.1282,5.1624,1.9561,3.0103
11720.156,106.108,exp1,RETURN_HOME,UNKNOWN,OFF_MAPPED_GROUND,0,0,0.00,0.105,0.424,59,0,0.618,-0.40,nav,nav,0.2842,0.1282,5.1327,1.9585,3.0249
11720.260,106.208,exp1,RETURN_HOME,UNKNOWN,OFF_MAPPED_GROUND,0,0,0.00,0.089,0.450,60,0,0.618,-0.40,nav,nav,0.3000,0.0256,5.1042,1.9607,3.0368
11720.367,106.308,exp1,RETURN_HOME,UNKNOWN,OFF_MAPPED_GROUND,0,0,0.00,0.086,0.441,59,0,0.618,-0.40,nav,nav,0.3000,0.0769,5.0744,1.9636,3.0398
11720.466,106.408,exp1,RETURN_HOME,UNKNOWN,OFF_MAPPED_GROUND,0,0,0.00,0.089,0.441,59,0,0.618,-0.40,nav,nav,0.2842,0.1795,5.0446,1.9659,3.0475
11720.570,106.508,exp1,RETURN_HOME,UNKNOWN,OFF_MAPPED_GROUND,0,0,0.00,0.091,0.424,59,0,0.618,-0.40,nav,nav,0.3000,0.1282,5.0160,1.9672,3.0643
11720.671,106.608,exp1,RETURN_HOME,UNKNOWN,OFF_MAPPED_GROUND,0,0,0.00,0.096,0.433,60,0,0.618,-0.40,nav,nav,0.3000,0.1282,4.9861,1.9682,3.0774
11720.775,106.708,exp1,RETURN_HOME,UNKNOWN,OFF_MAPPED_GROUND,0,0,0.00,0.093,0.433,60,0,0.618,-0.40,nav,nav,0.3000,0.2308,4.9561,1.9687,3.0917
11720.875,106.808,exp1,RETURN_HOME,UNKNOWN,OFF_MAPPED_GROUND,0,0,0.00,0.090,0.433,60,0,0.618,-0.40,nav,nav,0.3000,0.0769,4.9262,1.9679,3.1145
11720.974,106.908,exp1,RETURN_HOME,UNKNOWN,OFF_MAPPED_GROUND,0,0,0.00,0.087,0.450,60,0,0.587,-0.40,nav,nav,0.3000,-0.0256,4.8962,1.9680,3.1217
11721.074,107.008,exp1,RETURN_HOME,UNKNOWN,OFF_MAPPED_GROUND,0,0,0.00,0.102,0.390,59,0,0.587,-0.40,nav,nav,0.3000,0.0769,4.8662,1.9687,3.1202
11721.210,107.108,exp1,RETURN_HOME,UNKNOWN,OFF_MAPPED_GROUND,0,0,0.00,0.103,0.397,58,0,0.587,-0.40,nav,nav,0.3000,0.0000,4.8362,1.9688,3.1255
11721.310,107.208,exp1,RETURN_HOME,UNKNOWN,OFF_MAPPED_GROUND,0,0,0.00,0.107,0.383,60,0,0.587,-0.40,nav,nav,0.3000,0.0000,4.8062,1.9694,3.1240
11721.424,107.308,exp1,RETURN_HOME,UNKNOWN,OFF_MAPPED_GROUND,0,0,0.00,0.065,0.667,60,0,0.587,-0.40,nav,nav,0.3000,-0.0256,4.7762,1.9701,3.1221
11721.525,107.408,exp1,RETURN_HOME,UNKNOWN,OFF_MAPPED_GROUND,0,0,0.00,0.057,0.817,60,0,0.587,-0.40,nav,nav,0.3000,-0.0256,4.7462,1.9709,3.1205
11721.636,107.508,exp1,RETURN_HOME,UNKNOWN,OFF_MAPPED_GROUND,0,0,0.00,0.056,0.833,60,0,0.587,-0.40,nav,nav,0.3000,0.0256,4.7162,1.9715,3.1214
11721.735,107.608,exp1,RETURN_HOME,UNKNOWN,OFF_MAPPED_GROUND,0,0,0.00,0.055,0.864,59,0,0.587,-0.40,nav,nav,0.2842,0.1282,4.6862,1.9718,3.1241
11721.842,107.708,exp1,RETURN_HOME,UNKNOWN,OFF_MAPPED_GROUND,0,0,0.00,0.057,0.864,59,0,0.587,-0.40,nav,nav,0.3000,0.1282,4.6574,1.9715,3.1340
11721.941,107.808,exp1,RETURN_HOME,UNKNOWN,OFF_MAPPED_GROUND,0,0,0.00,0.052,0.900,60,0,0.587,-0.40,nav,nav,0.3000,0.0769,4.6285,1.9704,-3.1359
11722.046,107.908,exp1,RETURN_HOME,UNKNOWN,OFF_MAPPED_GROUND,0,0,0.00,0.047,0.900,60,0,0.587,-0.40,nav,nav,0.3000,0.0769,4.5987,1.9693,-3.1271
11722.146,108.008,exp1,RETURN_HOME,UNKNOWN,OFF_MAPPED_GROUND,0,0,0.00,0.051,0.900,60,0,0.587,-0.40,nav,nav,0.3000,-0.0256,4.5687,1.9680,-3.1190
11722.263,108.108,exp1,RETURN_HOME,UNKNOWN,OFF_MAPPED_GROUND,0,0,0.00,0.053,0.917,60,0,0.569,-0.40,nav,nav,0.3000,0.0769,4.5387,1.9668,-3.1128
11722.363,108.208,exp1,RETURN_HOME,UNKNOWN,OFF_MAPPED_GROUND,0,0,0.00,0.048,0.950,60,0,0.569,-0.40,nav,nav,0.3000,-0.0769,4.5090,1.9652,-3.1061
11722.464,108.308,exp1,RETURN_HOME,UNKNOWN,OFF_MAPPED_GROUND,0,0,0.00,0.050,0.917,60,0,0.569,-0.40,nav,nav,0.3000,-0.0769,4.4790,1.9648,-3.1129
11722.566,108.408,exp1,RETURN_HOME,UNKNOWN,OFF_MAPPED_GROUND,0,0,0.00,0.057,0.867,60,0,0.569,-0.40,nav,nav,0.3000,-0.0769,4.4430,1.9648,-3.1226
11722.663,108.508,exp1,RETURN_HOME,UNKNOWN,OFF_MAPPED_GROUND,0,0,0.00,0.020,0.917,60,0,0.569,-0.40,nav,nav,0.3000,-0.0769,4.4190,1.9650,-3.1291
11722.767,108.608,exp1,RETURN_HOME,UNKNOWN,OFF_MAPPED_GROUND,0,0,0.00,0.019,0.933,60,0,0.569,-0.40,nav,nav,0.3000,-0.0256,4.3890,1.9654,-3.1368
11722.866,108.708,exp1,RETURN_HOME,UNKNOWN,OFF_MAPPED_GROUND,0,0,0.00,0.020,0.900,60,0,0.569,-0.40,nav,nav,0.2842,0.1282,4.3591,1.9655,-3.1391
11722.971,108.812,exp1,RETURN_HOME,UNKNOWN,OFF_MAPPED_GROUND,0,0,0.00,0.022,0.883,60,0,0.569,-0.40,nav,nav,0.2684,0.1282,4.3309,1.9644,-3.1270
11723.066,108.908,exp1,RETURN_HOME,UNKNOWN,OFF_MAPPED_GROUND,0,0,0.00,0.031,0.831,59,0,0.569,-0.40,nav,nav,0.3000,0.0769,4.3039,1.9627,-3.1140
11723.166,109.008,exp1,RETURN_HOME,UNKNOWN,OFF_MAPPED_GROUND,0,0,0.00,0.027,0.833,60,0,0.569,-0.40,nav,nav,0.3000,-0.0256,4.2739,1.9611,-3.1064
11723.267,109.108,exp1,RETURN_HOME,UNKNOWN,OFF_MAPPED_GROUND,0,0,0.00,0.022,0.883,60,0,0.569,-0.40,nav,nav,0.3000,0.0769,4.2439,1.9602,-3.1084
11723.374,109.208,exp1,RETURN_HOME,UNKNOWN,OFF_MAPPED_GROUND,0,0,0.00,0.019,0.917,60,0,0.569,-0.40,nav,nav,0.3000,0.1282,4.2139,1.9584,-3.0997
11723.473,109.308,exp1,RETURN_HOME,UNKNOWN,OFF_MAPPED_GROUND,0,0,0.00,0.025,0.867,60,0,0.578,-0.40,nav,nav,0.3000,-0.0256,4.1840,1.9559,-3.0877
11723.573,109.408,exp1,RETURN_HOME,UNKNOWN,OFF_MAPPED_GROUND,0,0,0.00,0.024,0.847,59,0,0.578,-0.40,nav,nav,0.3000,-0.0256,4.1540,1.9545,-3.0899
11723.673,109.508,exp1,RETURN_HOME,UNKNOWN,OFF_MAPPED_GROUND,0,0,0.00,0.021,0.917,60,0,0.578,-0.40,nav,nav,0.3000,-0.0256,4.1240,1.9532,-3.0926
11723.779,109.608,exp1,RETURN_HOME,UNKNOWN,OFF_MAPPED_GROUND,0,0,0.00,0.021,0.900,60,0,0.578,-0.40,nav,nav,0.3000,0.0256,4.0881,1.9516,-3.0938
11723.877,109.708,exp1,RETURN_HOME,UNKNOWN,OFF_MAPPED_GROUND,0,0,0.00,0.018,0.917,60,0,0.578,-0.40,nav,nav,0.3000,0.0000,4.0641,1.9503,-3.0922
11723.987,109.808,exp1,RETURN_HOME,UNKNOWN,OFF_MAPPED_GROUND,0,0,0.00,0.017,0.917,60,0,0.578,-0.40,nav,nav,0.3000,-0.0769,4.0342,1.9490,-3.0941
11724.089,109.908,exp1,RETURN_HOME,UNKNOWN,OFF_MAPPED_GROUND,0,0,0.00,0.015,0.933,60,0,0.578,-0.40,nav,nav,0.3000,-0.0256,4.0042,1.9482,-3.1001
11724.190,110.008,exp1,RETURN_HOME,UNKNOWN,OFF_MAPPED_GROUND,0,0,0.00,0.013,0.950,60,0,0.578,-0.40,nav,nav,0.3000,0.0000,3.9742,1.9471,-3.1017
11724.292,110.108,exp1,RETURN_HOME,UNKNOWN,OFF_MAPPED_GROUND,0,0,0.00,0.017,0.933,60,0,0.578,-0.40,nav,nav,0.3000,0.0256,3.9442,1.9458,-3.1006
11724.392,110.208,exp1,RETURN_HOME,UNKNOWN,OFF_MAPPED_GROUND,0,0,0.00,0.019,0.900,60,0,0.578,-0.40,nav,nav,0.3000,-0.0256,3.9143,1.9445,-3.0999
11724.492,110.308,exp1,RETURN_HOME,UNKNOWN,OFF_MAPPED_GROUND,0,0,0.00,0.020,0.900,60,0,0.578,-0.40,nav,nav,0.3000,0.0000,3.8843,1.9434,-3.1015
11724.617,110.408,exp1,RETURN_HOME,UNKNOWN,OFF_MAPPED_GROUND,0,0,0.00,0.018,0.917,60,0,0.562,-0.40,nav,nav,0.3000,0.0000,3.8543,1.9422,-3.1015
11724.720,110.508,exp1,RETURN_HOME,UNKNOWN,OFF_MAPPED_GROUND,0,0,0.00,0.020,0.900,60,0,0.562,-0.40,nav,nav,0.2842,0.0000,3.8254,1.9410,-3.1015
11724.836,110.608,exp1,RETURN_HOME,UNKNOWN,OFF_MAPPED_GROUND,0,0,0.00,0.019,0.917,60,0,0.562,-0.40,nav,nav,0.3000,-0.0256,3.7960,1.9400,-3.1032
11724.936,110.708,exp1,RETURN_HOME,UNKNOWN,OFF_MAPPED_GROUND,0,0,0.00,0.018,0.933,60,0,0.562,-0.40,nav,nav,0.3000,-0.0256,3.7660,1.9391,-3.1059
11725.055,110.808,exp1,RETURN_HOME,UNKNOWN,OFF_MAPPED_GROUND,0,0,0.00,0.022,0.900,60,0,0.562,-0.40,nav,nav,0.3000,-0.0256,3.7360,1.9383,-3.1085
11725.155,110.908,exp1,RETURN_HOME,UNKNOWN,OFF_MAPPED_GROUND,0,0,0.00,0.024,0.867,60,0,0.562,-0.40,nav,nav,0.2842,0.0000,3.7062,1.9376,-3.1110
11725.255,111.008,exp1,RETURN_HOME,UNKNOWN,OFF_MAPPED_GROUND,0,0,0.00,0.025,0.850,60,0,0.562,-0.40,nav,nav,0.3000,-0.0256,3.6778,1.9367,-3.1110
11725.356,111.108,exp1,RETURN_HOME,UNKNOWN,OFF_MAPPED_GROUND,0,0,0.00,0.030,0.817,60,0,0.562,-0.40,nav,nav,0.3000,-0.0769,3.6478,1.9361,-3.1139
11725.462,111.208,exp1,RETURN_HOME,UNKNOWN,OFF_MAPPED_GROUND,0,0,0.00,0.027,0.867,60,0,0.562,-0.40,nav,nav,0.2842,-0.0256,3.6179,1.9361,-3.1217
11725.562,111.308,exp1,RETURN_HOME,UNKNOWN,OFF_MAPPED_GROUND,0,0,0.00,0.025,0.867,60,0,0.562,-0.40,nav,nav,0.2842,-0.0256,3.5895,1.9358,-3.1244
11725.670,111.408,exp1,RETURN_HOME,UNKNOWN,OFF_MAPPED_GROUND,0,0,0.00,0.026,0.850,60,0,0.562,-0.40,nav,nav,0.3000,0.0256,3.5608,1.9355,-3.1262
11725.774,111.508,exp1,RETURN_HOME,UNKNOWN,OFF_MAPPED_GROUND,0,0,0.00,0.027,0.833,60,0,0.562,-0.40,nav,nav,0.3000,0.0256,3.5308,1.9347,-3.1235
11725.870,111.608,exp1,RETURN_HOME,UNKNOWN,OFF_MAPPED_GROUND,0,0,0.00,0.034,0.800,60,0,0.566,-0.40,nav,nav,0.3000,0.0256,3.5008,1.9339,-3.1208
11725.977,111.708,exp1,RETURN_HOME,UNKNOWN,OFF_MAPPED_GROUND,0,0,0.00,0.032,0.817,60,0,0.566,-0.40,nav,nav,0.3000,0.0769,3.4648,1.9327,-3.1156
11726.077,111.808,exp1,RETURN_HOME,UNKNOWN,OFF_MAPPED_GROUND,0,0,0.00,0.036,0.750,60,0,0.566,-0.40,nav,nav,0.2842,0.0256,3.4413,1.9315,-3.1106
11726.177,111.908,exp1,RETURN_HOME,UNKNOWN,OFF_MAPPED_GROUND,0,0,0.00,0.035,0.750,60,0,0.566,-0.40,nav,nav,0.3000,0.0256,3.4124,1.9304,-3.1081
11726.277,112.008,exp1,RETURN_HOME,UNKNOWN,OFF_MAPPED_GROUND,0,0,0.00,0.027,0.867,60,0,0.566,-0.40,nav,nav,0.3000,-0.0256,3.3824,1.9292,-3.1069
11726.384,112.114,exp1,RETURN_HOME,UNKNOWN,OFF_MAPPED_GROUND,0,0,0.00,0.026,0.867,60,0,0.566,-0.40,nav,nav,0.3000,0.0000,3.3465,1.9282,-3.1088
11726.479,112.208,exp1,RETURN_HOME,UNKNOWN,OFF_MAPPED_GROUND,0,0,0.00,0.028,0.833,60,0,0.566,-0.40,nav,nav,0.3000,0.0000,3.3225,1.9274,-3.1088
11726.585,112.310,exp1,RETURN_HOME,UNKNOWN,OFF_MAPPED_GROUND,0,0,0.00,0.028,0.833,60,0,0.566,-0.40,nav,nav,0.2842,-0.0256,3.2873,1.9264,-3.1100
11726.682,112.408,exp1,RETURN_HOME,UNKNOWN,OFF_MAPPED_GROUND,0,0,0.00,0.029,0.833,60,0,0.566,-0.40,nav,nav,0.3000,-0.0256,3.2641,1.9258,-3.1120
11726.796,112.508,exp1,RETURN_HOME,UNKNOWN,OFF_MAPPED_GROUND,0,0,0.00,0.027,0.867,60,0,0.566,-0.40,nav,nav,0.2842,0.0000,3.2347,1.9252,-3.1136
11726.899,112.608,exp1,RETURN_HOME,UNKNOWN,OFF_MAPPED_GROUND,0,0,0.00,0.028,0.867,60,0,0.566,-0.40,nav,nav,0.3000,-0.0256,3.2056,1.9245,-3.1148
11727.006,112.708,exp1,RETURN_HOME,UNKNOWN,OFF_MAPPED_GROUND,0,0,0.00,0.028,0.850,60,0,0.566,-0.40,nav,nav,0.3000,-0.0256,3.1756,1.9239,-3.1175
11727.110,112.808,exp1,RETURN_HOME,UNKNOWN,OFF_MAPPED_GROUND,0,0,0.00,0.029,0.850,60,0,0.578,-0.40,nav,nav,0.3000,-0.1282,3.1456,1.9238,-3.1246
11727.214,112.908,exp1,RETURN_HOME,UNKNOWN,OFF_MAPPED_GROUND,0,0,0.00,0.027,0.883,60,0,0.578,-0.40,nav,nav,0.2842,-0.1282,3.1165,1.9247,-3.1379
11727.317,113.008,exp1,RETURN_HOME,UNKNOWN,OFF_MAPPED_GROUND,0,0,0.00,0.021,0.950,60,0,0.578,-0.40,nav,nav,0.3000,-0.0769,3.0871,1.9257,3.1348
11727.427,113.108,exp1,RETURN_HOME,UNKNOWN,OFF_MAPPED_GROUND,0,0,0.00,0.029,0.867,60,0,0.578,-0.40,nav,nav,0.3000,-0.1282,3.0571,1.9270,3.1231
11727.532,113.210,exp1,RETURN_HOME,UNKNOWN,OFF_MAPPED_GROUND,0,0,0.00,0.034,0.750,60,0,0.578,-0.40,nav,nav,0.3000,-0.0769,3.0211,1.9285,3.1157
11727.629,113.308,exp1,RETURN_HOME,UNKNOWN,OFF_MAPPED_GROUND,0,0,0.00,0.034,0.750,60,0,0.578,-0.40,nav,nav,0.3000,-0.0769,2.9972,1.9298,3.1095
11727.730,113.408,exp1,RETURN_HOME,UNKNOWN,OFF_MAPPED_GROUND,0,0,0.00,0.036,0.733,60,0,0.578,-0.40,nav,nav,0.3000,-0.0256,2.9672,1.9311,3.1056
11727.830,113.508,exp1,RETURN_HOME,UNKNOWN,OFF_MAPPED_GROUND,0,0,0.00,0.047,0.700,60,0,0.578,-0.40,nav,nav,0.3000,0.0256,2.9372,1.9325,3.1029
11727.930,113.608,exp1,RETURN_HOME,UNKNOWN,OFF_MAPPED_GROUND,0,0,0.00,0.046,0.683,60,0,0.578,-0.40,nav,nav,0.3000,0.1282,2.9072,1.9335,3.1044
11728.036,113.708,exp1,RETURN_HOME,UNKNOWN,OFF_MAPPED_GROUND,0,0,0.00,0.050,0.683,60,0,0.578,-0.40,nav,nav,0.3000,0.1282,2.8772,1.9337,3.1146
11728.145,113.808,exp1,RETURN_HOME,UNKNOWN,OFF_MAPPED_GROUND,0,0,0.00,0.057,0.667,60,0,0.578,-0.40,nav,nav,0.2842,0.1282,2.8472,1.9331,3.1281
11728.291,113.908,exp1,RETURN_HOME,UNKNOWN,OFF_MAPPED_GROUND,0,0,0.00,0.056,0.633,60,0,0.579,-0.40,nav,nav,0.3000,0.0769,2.8180,1.9323,3.1395
11728.394,114.008,exp1,RETURN_HOME,UNKNOWN,OFF_MAPPED_GROUND,0,0,0.00,0.056,0.633,60,0,0.579,-0.40,nav,nav,0.3000,0.0769,2.7880,1.9315,-3.1355
11728.504,114.108,exp1,RETURN_HOME,UNKNOWN,OFF_MAPPED_GROUND,0,0,0.00,0.052,0.650,60,0,0.579,-0.40,nav,nav,0.3000,0.0769,2.7580,1.9305,-3.1274
11728.604,114.208,exp1,RETURN_HOME,UNKNOWN,OFF_MAPPED_GROUND,0,0,0.00,0.054,0.650,60,0,0.579,-0.40,nav,nav,0.2684,0.1282,2.7293,1.9292,-3.1178
11728.708,114.308,exp1,RETURN_HOME,UNKNOWN,OFF_MAPPED_GROUND,0,0,0.00,0.052,0.650,60,0,0.579,-0.40,nav,nav,0.3000,0.0769,2.7008,1.9275,-3.1075
11728.808,114.408,exp1,RETURN_HOME,UNKNOWN,OFF_MAPPED_GROUND,0,0,0.00,0.043,0.733,60,0,0.579,-0.40,nav,nav,0.3000,0.0000,2.6708,1.9261,-3.1039
11728.923,114.508,exp1,RETURN_HOME,UNKNOWN,OFF_MAPPED_GROUND,0,0,0.00,0.033,0.800,60,0,0.579,-0.40,nav,nav,0.3000,0.0000,2.6408,1.9249,-3.1039
11729.025,114.608,exp1,RETURN_HOME,UNKNOWN,OFF_MAPPED_GROUND,0,0,0.00,0.034,0.817,60,0,0.579,-0.40,nav,nav,0.2842,0.0769,2.6119,1.9234,-3.0989
11729.130,114.708,exp1,RETURN_HOME,UNKNOWN,OFF_MAPPED_GROUND,0,0,0.00,0.036,0.783,60,0,0.579,-0.40,nav,nav,0.3000,0.0256,2.5825,1.9220,-3.0975
11729.232,114.808,exp1,RETURN_HOME,UNKNOWN,OFF_MAPPED_GROUND,0,0,0.00,0.034,0.817,60,0,0.579,-0.40,nav,nav,0.3000,-0.0256,2.5525,1.9205,-3.0961
11729.350,114.908,exp1,RETURN_HOME,UNKNOWN,OFF_MAPPED_GROUND,0,0,0.00,0.037,0.800,60,0,0.579,-0.40,nav,nav,0.3000,-0.0256,2.5225,1.9193,-3.0975
11729.451,115.008,exp1,RETURN_HOME,UNKNOWN,OFF_MAPPED_GROUND,0,0,0.00,0.038,0.800,60,0,0.579,-0.40,nav,nav,0.2842,-0.0256,2.4926,1.9182,-3.1001
11729.552,115.108,exp1,RETURN_HOME,UNKNOWN,OFF_MAPPED_GROUND,0,0,0.00,0.038,0.817,60,0,0.579,-0.40,nav,nav,0.3000,0.0000,2.4641,1.9173,-3.1027
11729.659,115.214,exp1,RETURN_HOME,UNKNOWN,OFF_MAPPED_GROUND,0,0,0.00,0.040,0.800,60,0,0.579,-0.40,nav,nav,0.3000,0.0000,2.4282,1.9159,-3.1027
11729.750,115.308,exp1,RETURN_HOME,UNKNOWN,OFF_MAPPED_GROUND,0,0,0.00,0.040,0.800,60,0,0.579,-0.40,nav,nav,0.2842,0.0000,2.4042,1.9150,-3.1027
11729.851,115.408,exp1,RETURN_HOME,UNKNOWN,OFF_MAPPED_GROUND,0,0,0.00,0.041,0.783,60,0,0.579,-0.40,nav,nav,0.3000,-0.0769,2.3758,1.9139,-3.1027
11729.950,115.508,exp1,RETURN_HOME,UNKNOWN,OFF_MAPPED_GROUND,0,0,0.00,0.042,0.783,60,0,0.579,-0.40,nav,nav,0.3000,-0.0256,2.3459,1.9135,-3.1100
11730.051,115.608,exp1,RETURN_HOME,UNKNOWN,OFF_MAPPED_GROUND,0,0,0.00,0.035,0.833,60,0,0.579,-0.40,nav,nav,0.3000,-0.0256,2.3159,1.9128,-3.1128
11730.150,115.708,exp1,RETURN_HOME,UNKNOWN,OFF_MAPPED_GROUND,0,0,0.00,0.038,0.783,60,0,0.579,-0.40,nav,nav,0.3000,-0.0256,2.2859,1.9122,-3.1155
11730.255,115.808,exp1,RETURN_HOME,UNKNOWN,OFF_MAPPED_GROUND,0,0,0.00,0.039,0.750,60,0,0.579,-0.40,nav,nav,0.3000,0.0000,2.2559,1.9117,-3.1182
11730.351,115.908,exp1,RETURN_HOME,UNKNOWN,OFF_MAPPED_GROUND,0,0,0.00,0.039,0.767,60,0,0.579,-0.40,nav,nav,0.3000,0.0000,2.2259,1.9110,-3.1182
11730.454,116.008,exp1,RETURN_HOME,UNKNOWN,OFF_MAPPED_GROUND,0,0,0.00,0.044,0.733,60,0,0.579,-0.40,nav,nav,0.3000,0.0000,2.1959,1.9103,-3.1182
11730.553,116.108,exp1,RETURN_HOME,UNKNOWN,OFF_MAPPED_GROUND,0,0,0.00,0.046,0.733,60,0,0.579,-0.40,nav,nav,0.2842,0.0769,2.1659,1.9096,-3.1182
11730.670,116.208,exp1,RETURN_HOME,UNKNOWN,OFF_MAPPED_GROUND,0,0,0.00,0.045,0.750,60,0,0.579,-0.40,nav,nav,0.2842,0.0769,2.1376,1.9083,-3.1109
11730.770,116.308,exp1,RETURN_HOME,UNKNOWN,OFF_MAPPED_GROUND,0,0,0.00,0.051,0.717,60,0,0.579,-0.40,nav,nav,0.3000,0.0769,2.1090,1.9066,-3.1034
11730.891,116.408,exp1,RETURN_HOME,UNKNOWN,OFF_MAPPED_GROUND,0,0,0.00,0.053,0.717,60,0,0.588,-0.40,nav,nav,0.3000,0.0769,2.0790,1.9047,-3.0954
11730.992,116.508,exp1,RETURN_HOME,UNKNOWN,OFF_MAPPED_GROUND,0,0,0.00,0.055,0.700,60,0,0.588,-0.40,nav,nav,0.2842,0.1282,2.0496,1.9024,-3.0859
11731.097,116.608,exp1,RETURN_HOME,UNKNOWN,OFF_MAPPED_GROUND,0,0,0.00,0.060,0.700,60,0,0.588,-0.40,nav,nav,0.2684,0.1282,2.0218,1.8996,-3.0729
11731.202,116.708,exp1,RETURN_HOME,UNKNOWN,OFF_MAPPED_GROUND,0,0,0.00,0.061,0.683,60,0,0.588,-0.40,nav,nav,0.2684,0.1282,1.9941,1.8967,-3.0627
11731.305,116.808,exp1,RETURN_HOME,UNKNOWN,OFF_MAPPED_GROUND,0,0,0.00,0.046,0.800,60,0,0.588,-0.40,nav,nav,0.2684,0.1282,1.9670,1.8936,-3.0513
11731.407,116.908,exp1,RETURN_HOME,UNKNOWN,OFF_MAPPED_GROUND,0,0,0.00,0.036,0.900,60,0,0.588,-0.40,nav,nav,0.3000,0.0769,1.9329,1.8893,-3.0398
11731.523,117.008,exp1,RETURN_HOME,UNKNOWN,OFF_MAPPED_GROUND,0,0,0.00,0.036,0.900,60,0,0.588,-0.40,nav,nav,0.2842,0.0769,1.9101,1.8864,-3.0338
11731.625,117.108,exp1,RETURN_HOME,UNKNOWN,OFF_MAPPED_GROUND,0,0,0.00,0.040,0.883,60,0,0.588,-0.40,nav,nav,0.3000,0.0769,1.8808,1.8825,-3.0265
11731.752,117.208,exp1,RETURN_HOME,UNKNOWN,OFF_MAPPED_GROUND,0,0,0.00,0.041,0.883,60,0,0.588,-0.40,nav,nav,0.2842,0.0769,1.8521,1.8785,-3.0191
11731.852,117.308,exp1,RETURN_HOME,UNKNOWN,OFF_MAPPED_GROUND,0,0,0.00,0.043,0.867,60,0,0.588,-0.40,nav,nav,0.2842,0.0769,1.8237,1.8743,-3.0114
11731.965,117.408,exp1,RETURN_HOME,UNKNOWN,OFF_MAPPED_GROUND,0,0,0.00,0.044,0.867,60,0,0.588,-0.40,nav,nav,0.3000,0.1282,1.7955,1.8698,-3.0040
11732.064,117.508,exp1,RETURN_HOME,UNKNOWN,OFF_MAPPED_GROUND,0,0,0.00,0.044,0.867,60,0,0.588,-0.40,nav,nav,0.2842,0.1282,1.7660,1.8646,-2.9922
11732.184,117.608,exp1,RETURN_HOME,UNKNOWN,OFF_MAPPED_GROUND,0,0,0.00,0.044,0.833,60,0,0.560,-0.40,nav,nav,0.2842,0.1282,1.7377,1.8592,-2.9797
11732.284,117.708,exp1,RETURN_HOME,UNKNOWN,OFF_MAPPED_GROUND,0,0,0.00,0.047,0.817,60,0,0.560,-0.40,nav,nav,0.3000,0.2821,1.7095,1.8534,-2.9667
11732.395,117.808,exp1,RETURN_HOME,UNKNOWN,OFF_MAPPED_GROUND,0,0,0.00,0.054,0.800,60,0,0.560,-0.40,nav,nav,0.3000,0.1795,1.6802,1.8461,-2.9440
11732.494,117.908,exp1,RETURN_HOME,UNKNOWN,OFF_MAPPED_GROUND,0,0,0.00,0.061,0.700,60,0,0.560,-0.40,nav,nav,0.3000,0.1795,1.6509,1.8387,-2.9272
11732.599,118.008,exp1,RETURN_HOME,UNKNOWN,OFF_MAPPED_GROUND,0,0,0.00,0.041,0.883,60,0,0.560,-0.40,nav,nav,0.2842,0.1795,1.6222,1.8310,-2.9105
11732.699,118.108,exp1,RETURN_HOME,UNKNOWN,OFF_MAPPED_GROUND,0,0,0.00,0.018,0.933,60,0,0.560,-0.40,nav,nav,0.3000,0.2308,1.5943,1.8230,-2.8941
11732.822,118.208,exp1,RETURN_HOME,UNKNOWN,OFF_MAPPED_GROUND,0,0,0.00,0.024,0.900,60,0,0.560,-0.40,nav,nav,0.2842,0.2308,1.5664,1.8142,-2.8736
11732.920,118.308,exp1,RETURN_HOME,UNKNOWN,OFF_MAPPED_GROUND,0,0,0.00,0.034,0.833,60,0,0.560,-0.40,nav,nav,0.3000,0.2308,1.5383,1.8049,-2.8545
11733.030,118.408,exp1,RETURN_HOME,UNKNOWN,OFF_MAPPED_GROUND,0,0,0.00,0.029,0.883,60,0,0.560,-0.40,nav,nav,0.3000,0.2308,1.5106,1.7951,-2.8340
11733.132,118.508,exp1,RETURN_HOME,UNKNOWN,OFF_MAPPED_GROUND,0,0,0.00,0.031,0.900,60,0,0.560,-0.40,nav,nav,0.2684,0.2308,1.4829,1.7849,-2.8164
11733.230,118.608,exp1,RETURN_HOME,UNKNOWN,OFF_MAPPED_GROUND,0,0,0.00,0.038,0.850,60,0,0.558,-0.40,nav,nav,0.2842,0.2308,1.4568,1.7746,-2.7969
11733.333,118.710,exp1,RETURN_HOME,UNKNOWN,OFF_MAPPED_GROUND,0,0,0.00,0.040,0.850,60,0,0.558,-0.40,nav,nav,0.3000,0.2308,1.4310,1.7641,-2.7805
11733.433,118.808,exp1,RETURN_HOME,UNKNOWN,OFF_MAPPED_GROUND,0,0,0.00,0.046,0.817,60,0,0.558,-0.40,nav,nav,0.2842,0.2308,1.4046,1.7533,-2.7685
11733.533,118.908,exp1,RETURN_HOME,UNKNOWN,OFF_MAPPED_GROUND,0,0,0.00,0.043,0.800,60,0,0.558,-0.40,nav,nav,0.3000,0.2308,1.3787,1.7422,-2.7538
11733.632,119.008,exp1,RETURN_HOME,UNKNOWN,OFF_MAPPED_GROUND,0,0,0.00,0.074,0.600,60,0,0.558,-0.40,nav,nav,0.2842,0.2308,1.3526,1.7307,-2.7420
11733.734,119.110,exp1,RETURN_HOME,UNKNOWN,OFF_MAPPED_GROUND,0,0,0.00,0.073,0.600,60,0,0.558,-0.40,nav,nav,0.3000,0.3333,1.3270,1.7189,-2.7278
11733.834,119.208,exp1,RETURN_HOME,UNKNOWN,OFF_MAPPED_GROUND,0,0,0.00,0.087,0.567,60,0,0.558,-0.40,nav,nav,0.2842,0.2821,1.3016,1.7068,-2.7123
11733.939,119.308,exp1,RETURN_HOME,UNKNOWN,OFF_MAPPED_GROUND,0,0,0.00,0.099,0.517,60,0,0.558,-0.40,nav,nav,0.2842,0.2821,1.2719,1.6919,-2.6922
11734.040,119.408,exp1,RETURN_HOME,UNKNOWN,OFF_MAPPED_GROUND,0,0,0.00,0.115,0.450,60,0,0.558,-0.40,nav,nav,0.2684,0.2821,1.2525,1.6819,-2.6803
11734.145,119.508,exp1,RETURN_HOME,UNKNOWN,OFF_MAPPED_GROUND,0,0,0.00,0.113,0.467,60,0,0.558,-0.40,nav,nav,0.2842,0.1795,1.2294,1.6694,-2.6634
11734.244,119.608,exp1,RETURN_HOME,UNKNOWN,OFF_MAPPED_GROUND,0,0,0.00,0.136,0.400,60,0,0.521,-0.40,nav,nav,0.3000,0.1282,1.2061,1.6566,-2.6482
11734.353,119.708,exp1,RETURN_HOME,UNKNOWN,OFF_MAPPED_GROUND,0,0,0.00,0.132,0.400,60,0,0.521,-0.40,nav,nav,0.2842,0.1282,1.1809,1.6424,-2.6390
11734.453,119.808,exp1,RETURN_HOME,UNKNOWN,OFF_MAPPED_GROUND,0,0,0.00,0.138,0.383,60,0,0.521,-0.40,nav,nav,0.3000,0.1282,1.1564,1.6286,-2.6312
11734.554,119.908,exp1,RETURN_HOME,UNKNOWN,OFF_MAPPED_GROUND,0,0,0.00,0.152,0.350,60,0,0.521,-0.40,nav,nav,0.2842,0.1282,1.1307,1.6139,-2.6239
11734.660,120.008,exp1,RETURN_HOME,UNKNOWN,OFF_MAPPED_GROUND,0,0,0.00,0.148,0.383,60,0,0.521,-0.40,nav,nav,0.3000,0.2308,1.1064,1.5996,-2.6160
11734.759,120.108,exp1,RETURN_HOME,UNKNOWN,OFF_MAPPED_GROUND,0,0,0.00,0.153,0.367,60,0,0.521,-0.40,nav,nav,0.2842,0.2308,1.0813,1.5844,-2.6022
11734.859,120.208,exp1,RETURN_HOME,UNKNOWN,OFF_MAPPED_GROUND,0,0,0.00,0.168,0.283,60,0,0.521,-0.40,nav,nav,0.3000,0.1795,1.0575,1.5695,-2.5882
11734.969,120.308,exp1,RETURN_HOME,UNKNOWN,OFF_MAPPED_GROUND,0,0,0.00,0.168,0.267,60,0,0.521,-0.40,nav,nav,0.2842,0.1795,1.0327,1.5538,-2.5769
11735.069,120.408,exp1,RETURN_HOME,UNKNOWN,OFF_MAPPED_GROUND,0,0,0.00,0.169,0.267,60,0,0.521,-0.40,nav,nav,0.3000,0.3395,1.0090,1.5383,-2.5651
11735.212,120.508,exp1,RETURN_HOME,UNKNOWN,OFF_MAPPED_GROUND,0,0,0.00,0.183,0.233,60,0,0.510,-0.40,nav,nav,0.3000,0.4995,0.9847,1.5216,-2.5422
11735.312,120.608,exp1,RETURN_HOME,UNKNOWN,OFF_MAPPED_GROUND,0,0,0.00,0.204,0.217,60,0,0.510,-0.40,nav,nav,0.3000,0.6595,0.9609,1.5043,-2.5045
11735.447,120.710,exp1,RETURN_HOME,UNKNOWN,OFF_MAPPED_GROUND,0,0,0.00,0.261,0.150,60,0,0.510,-0.40,nav,nav,0.3000,0.7436,0.9329,1.4820,-2.4412
11735.543,120.808,exp1,RETURN_HOME,UNKNOWN,OFF_MAPPED_GROUND,0,0,0.00,0.261,0.150,60,0,0.510,-0.40,nav,nav,0.3000,0.5897,0.9152,1.4662,-2.3972
11735.649,120.908,exp1,RETURN_HOME,UNKNOWN,OFF_MAPPED_GROUND,0,0,0.00,0.259,0.167,60,0,0.510,-0.40,nav,nav,0.3000,0.5385,0.8939,1.4453,-2.3487
11735.749,121.008,exp1,RETURN_HOME,UNKNOWN,OFF_MAPPED_GROUND,0,0,0.00,0.258,0.133,60,0,0.496,-0.40,nav,nav,0.3000,0.5385,0.8733,1.4238,-2.3072
11735.849,121.108,exp1,RETURN_HOME,UNKNOWN,OFF_MAPPED_GROUND,0,0,0.00,0.267,0.167,60,0,0.496,-0.40,nav,nav,0.3000,0.3846,0.8536,1.4017,-2.2676
11735.949,121.208,exp1,RETURN_HOME,UNKNOWN,OFF_MAPPED_GROUND,0,0,0.00,0.278,0.133,60,0,0.496,-0.40,nav,nav,0.3000,0.2821,0.8346,1.3785,-2.2387
11736.052,121.308,exp1,RETURN_HOME,UNKNOWN,OFF_MAPPED_GROUND,0,0,0.00,0.281,0.150,60,0,0.496,-0.40,nav,nav,0.3000,0.3846,0.8163,1.3548,-2.2186
11736.154,121.408,exp1,RETURN_HOME,CONSISTENT,OK,0,0,0.00,0.266,0.167,60,1,0.475,-0.40,nav,nav,0.2842,0.2246,0.7985,1.3310,-2.1932
11736.257,121.510,exp1,RETURN_HOME,CONSISTENT,OK,0,0,0.20,0.272,0.150,60,1,0.475,-0.40,nav,nav,0.3000,0.0646,0.7787,1.3031,-2.1743
11736.357,121.608,exp1,RETURN_HOME,CONSISTENT,OK,0,0,0.30,0.267,0.183,60,1,0.475,-0.40,nav,nav,0.2842,-0.0954,0.7651,1.2834,-2.1707
11736.454,121.708,exp1,RETURN_HOME,CONSISTENT,OK,0,0,0.30,0.267,0.183,60,1,0.475,-0.40,nav,nav,0.3000,-0.2554,0.7490,1.2601,-2.1753
11736.557,121.810,exp1,RETURN_HOME,CONSISTENT,OK,0,0,0.40,0.214,0.200,60,1,0.475,-0.40,nav,nav,0.2842,-0.4154,0.7285,1.2313,-2.1949
11736.657,121.908,exp1,RETURN_HOME,CONSISTENT,OK,0,0,0.50,0.180,0.350,60,1,0.475,-0.40,nav,nav,0.2684,-0.5754,0.7150,1.2133,-2.2168
11736.758,122.008,exp1,RETURN_HOME,CONSISTENT,OK,0,0,0.60,0.172,0.317,60,1,0.475,-0.40,nav,nav,0.2842,-0.7354,0.6985,1.1922,-2.2552
11736.859,122.108,exp1,RETURN_HOME,CONSISTENT,OK,0,0,0.70,0.140,0.417,60,1,0.475,-0.40,nav,nav,0.2526,-0.8954,0.6801,1.1710,-2.3071
11736.966,122.212,exp1,RETURN_HOME,CONSISTENT,OK,0,0,0.80,0.132,0.433,60,1,0.475,-0.40,nav,nav,0.2211,-0.9487,0.6593,1.1495,-2.3892
11737.060,122.308,exp1,RETURN_HOME,CONSISTENT,OK,0,0,0.90,0.078,0.567,60,1,0.475,-0.40,nav,nav,0.2526,-1.0000,0.6454,1.1377,-2.4455
11737.168,122.408,exp1,RETURN_HOME,CONSISTENT,OK,0,0,1.00,0.075,0.617,60,1,0.480,-0.40,nav,nav,0.2684,-0.8400,0.6258,1.1222,-2.5146
11737.266,122.508,exp1,RETURN_HOME,CONSISTENT,OK,0,0,1.10,0.044,0.800,60,1,0.480,-0.40,nav,nav,0.2211,-0.6800,0.6047,1.1074,-2.5721
11737.382,122.608,exp1,RETURN_HOME,CONSISTENT,OK,0,0,1.20,0.040,0.883,60,1,0.480,-0.40,nav,nav,0.1737,-0.5200,0.5866,1.0953,-2.6224
11737.482,122.708,exp1,RETURN_HOME,CONSISTENT,OK,0,0,1.30,0.039,0.917,60,1,0.458,-0.40,nav,nav,0.1263,-0.3600,0.5723,1.0866,-2.6608
11737.597,122.808,exp1,RETURN_HOME,CONSISTENT,OK,0,0,1.40,0.030,0.950,60,1,0.458,-0.40,nav,nav,0.1421,-0.2000,0.5603,1.0806,-2.6849
11737.697,122.908,exp1,RETURN_HOME,CONSISTENT,OK,0,0,1.50,0.027,0.967,60,1,0.458,-0.40,nav,nav,0.1421,-0.0400,0.5475,1.0750,-2.6968
11737.818,123.008,exp1,RETURN_HOME,CONSISTENT,OK,0,0,1.60,0.030,0.967,60,1,0.458,-0.40,nav,nav,0.1421,0.1200,0.5349,1.0689,-2.6953
11737.918,123.108,exp1,RETURN_HOME,CONSISTENT,OK,0,0,1.70,0.033,1.000,60,1,0.458,-0.40,nav,nav,0.0789,0.2800,0.5253,1.0640,-2.6809
11738.018,123.208,exp1,RETURN_HOME,CONSISTENT,OK,0,0,1.80,0.046,0.800,60,1,0.458,-0.40,nav,nav,0.0632,0.4400,0.5194,1.0599,-2.6529
11738.118,123.308,exp1,RETURN_HOME,CONSISTENT,OK,0,0,1.90,0.053,0.750,60,1,0.458,-0.40,nav,nav,0.0632,0.6000,0.5148,1.0561,-2.6164
11738.222,123.408,exp1,RETURN_HOME,CONSISTENT,OK,0,0,2.00,0.066,0.683,60,1,0.458,-0.40,nav,nav,0.0632,0.7600,0.5110,1.0526,-2.5745
11738.322,123.508,exp1,RETURN_HOME,CONSISTENT,OK,0,0,2.10,0.092,0.583,60,1,0.458,-0.40,nav,nav,0.0632,0.7600,0.5058,1.0479,-2.5231
11738.449,123.608,exp1,RETURN_HOME,CONSISTENT,OK,0,0,2.20,0.121,0.433,60,1,0.458,-0.40,nav,nav,0.0947,0.9487,0.5000,1.0424,-2.4663
11738.550,123.708,exp1,RETURN_HOME,CONSISTENT,OK,0,0,2.30,0.146,0.367,60,1,0.458,-0.40,nav,nav,0.0947,0.9487,0.4931,1.0362,-2.3973
11738.658,123.808,exp1,RETURN_HOME,CONSISTENT,OK,0,0,2.40,0.176,0.333,60,1,0.458,-0.40,nav,nav,0.1263,0.9487,0.4866,1.0296,-2.3239
11738.758,123.908,exp1,RETURN_HOME,CONSISTENT,OK,0,0,2.50,0.191,0.300,60,1,0.483,-0.40,nav,nav,0.1105,0.8462,0.4786,1.0210,-2.2547
11738.865,124.008,exp1,RETURN_HOME,CONSISTENT,OK,0,0,2.60,0.213,0.317,60,1,0.483,-0.40,nav,nav,0.0695,0.5000,0.4728,1.0135,-2.1988
11738.967,124.108,exp1,RETURN_HOME,CONSISTENT,OK,0,0,2.70,0.214,0.317,60,1,0.483,-0.40,nav,nav,0.0548,0.5000,0.4687,1.0078,-2.1564
11739.073,124.208,exp1,RETURN_HOME,CONSISTENT,OK,0,0,2.80,0.219,0.333,60,1,0.486,-0.40,nav,nav,0.1362,0.5000,0.4652,1.0024,-2.1211
11739.176,124.308,exp1,RETURN_HOME,CONSISTENT,OK,0,0,2.90,0.197,0.407,59,1,0.486,-0.40,nav,nav,0.0957,0.5000,0.4594,0.9917,-2.0835
11739.286,124.408,exp1,RETURN_HOME,CONSISTENT,OK,0,1,3.00,0.206,0.367,60,1,0.486,-0.40,nav,nav,0.1196,0.5000,0.4546,0.9828,-2.0437
11739.392,124.508,exp1,RETURN_HOME,CONSISTENT,OK,0,1,3.10,0.206,0.407,59,1,0.486,-0.40,nav,nav,0.1196,0.5000,0.4505,0.9720,-2.0029
11739.495,124.608,exp1,RETURN_HOME,CONSISTENT,OK,0,1,3.20,0.175,0.441,59,1,0.476,-0.40,nav,nav,0.1077,0.5000,0.4473,0.9611,-1.9611
11739.601,124.708,exp1,RETURN_HOME,CONSISTENT,OK,0,1,3.30,0.171,0.424,59,1,0.476,-0.40,nav,nav,0.0029,0.0540,0.4448,0.9521,-1.9228
11739.704,124.808,exp1,RETURN_HOME,CONSISTENT,OK,0,1,3.40,0.158,0.458,59,1,0.476,-0.40,nav,nav,0.0121,0.0540,0.4435,0.9490,-1.8993
11739.810,124.908,exp1,RETURN_HOME,CONSISTENT,OK,0,1,3.50,0.165,0.417,60,1,0.476,-0.40,nav,nav,0.0114,0.0540,0.4427,0.9461,-1.8867
11739.916,125.008,exp1,RETURN_HOME,CONSISTENT,OK,0,1,3.60,0.125,0.508,59,1,0.476,-0.40,nav,nav,0.0114,0.0540,0.4422,0.9431,-1.8792
11740.019,125.110,exp1,RETURN_HOME,CONSISTENT,OK,0,1,3.70,0.122,0.492,59,1,0.476,-0.40,nav,nav,0.0114,0.0540,0.4416,0.9403,-1.8721
11740.119,125.208,exp1,RETURN_HOME,CONSISTENT,OK,0,1,3.80,0.122,0.508,59,1,0.476,-0.40,nav,nav,0.0114,0.0540,0.4411,0.9375,-1.8649
11740.220,125.308,exp1,RETURN_HOME,CONSISTENT,OK,0,1,3.90,0.123,0.508,59,1,0.476,-0.40,nav,nav,0.0114,0.0540,0.4404,0.9343,-1.8577
11740.325,125.408,exp1,RETURN_HOME,CONSISTENT,OK,0,1,4.00,0.124,0.525,59,1,0.483,-0.40,nav,nav,0.0114,0.0540,0.4399,0.9316,-1.8508
11740.432,125.508,exp1,RETURN_HOME,CONSISTENT,OK,0,1,4.10,0.123,0.533,60,1,0.483,-0.40,nav,nav,0.1263,0.9487,0.4392,0.9285,-1.8435
11740.537,125.608,exp1,RETURN_HOME,CONSISTENT,OK,0,1,4.20,0.130,0.517,60,1,0.483,-0.40,nav,nav,0.1105,0.8462,0.4388,0.9261,-1.8372
11740.664,125.708,exp1,RETURN_HOME,CONSISTENT,OK,0,1,4.30,0.129,0.483,60,1,0.483,-0.40,nav,nav,0.0030,0.0162,0.4384,0.9237,-1.8307
11740.769,125.808,exp1,RETURN_HOME,CONSISTENT,OK,0,1,4.40,0.104,0.583,60,1,0.483,-0.40,nav,nav,0.0332,0.0529,0.4382,0.9225,-1.8281
11740.880,125.908,exp1,RETURN_HOME,CONSISTENT,OK,0,1,4.50,0.092,0.627,59,1,0.483,-0.40,nav,nav,0.0030,0.0048,0.4377,0.9199,-1.8246
11740.983,126.008,exp1,RETURN_HOME,CONSISTENT,OK,0,1,4.60,0.091,0.627,59,1,0.483,-0.40,nav,nav,0.0332,0.0494,0.4374,0.9186,-1.8228
11741.107,126.108,exp1,RETURN_HOME,CONSISTENT,OK,0,1,4.70,0.084,0.678,59,1,0.483,-0.40,nav,nav,0.0099,0.0188,0.4367,0.9154,-1.8191
11741.206,126.208,exp1,RETURN_HOME,CONSISTENT,OK,0,1,4.80,0.086,0.678,59,1,0.483,-0.40,nav,nav,0.0099,0.0201,0.4364,0.9132,-1.8152
11741.329,126.308,exp1,RETURN_HOME,CONSISTENT,OK,0,1,4.90,0.087,0.661,59,1,0.483,-0.40,nav,nav,0.1105,0.8974,0.4359,0.9102,-1.8104
11741.431,126.408,exp1,RETURN_HOME,CONSISTENT,OK,0,1,5.00,0.087,0.661,59,1,0.483,-0.40,nav,nav,0.1105,0.8974,0.4349,0.9060,-1.8047
11741.533,126.508,exp1,RETURN_HOME,CONSISTENT,OK,0,1,5.10,0.086,0.661,59,1,0.483,-0.40,nav,nav,0.1105,0.9487,0.4346,0.9033,-1.7997
11741.633,126.608,exp1,RETURN_HOME,CONSISTENT,OK,0,1,5.20,0.091,0.678,59,1,0.483,-0.40,nav,nav,0.0947,0.8974,0.4343,0.9007,-1.7951
11741.736,126.708,exp1,RETURN_HOME,CONSISTENT,OK,0,1,5.30,0.090,0.650,60,1,0.483,-0.40,nav,nav,0.0947,0.9487,0.4341,0.8985,-1.7904
11741.836,126.808,exp1,RETURN_HOME,CONSISTENT,OK,0,1,5.40,0.093,0.650,60,1,0.483,-0.40,nav,nav,0.0947,0.9487,0.4338,0.8962,-1.7860
11741.942,126.908,exp1,RETURN_HOME,CONSISTENT,OK,0,1,5.50,0.094,0.650,60,1,0.483,-0.40,nav,nav,0.0947,0.9487,0.4335,0.8941,-1.7821
11742.043,127.008,exp1,RETURN_HOME,CONSISTENT,OK,0,1,5.60,0.096,0.633,60,1,0.483,-0.40,nav,nav,0.0947,0.9487,0.4333,0.8920,-1.7782
11742.165,127.108,exp1,RETURN_HOME,CONSISTENT,OK,0,1,5.70,0.098,0.633,60,1,0.483,-0.40,nav,nav,0.0026,0.0062,0.4330,0.8898,-1.7744
11742.272,127.208,exp1,RETURN_HOME,CONSISTENT,OK,0,1,5.80,0.103,0.567,60,1,0.483,-0.40,nav,nav,0.0284,0.0499,0.4329,0.8888,-1.7731
11742.387,127.308,exp1,RETURN_HOME,CONSISTENT,OK,0,1,5.90,0.097,0.600,60,1,0.483,-0.40,nav,nav,0.0026,0.0045,0.4326,0.8866,-1.7700
11742.487,127.408,exp1,RETURN_HOME,CONSISTENT,OK,0,1,6.00,0.094,0.600,60,1,0.483,-0.40,nav,nav,0.0284,0.0493,0.4324,0.8858,-1.7691
11742.593,127.508,exp1,RETURN_HOME,CONSISTENT,OK,0,1,6.10,0.090,0.600,60,1,0.483,-0.40,nav,nav,0.0284,0.0628,0.4323,0.8836,-1.7653
11742.693,127.608,exp1,RETURN_HOME,CONSISTENT,OK,0,1,6.20,0.089,0.610,59,1,0.483,-0.40,nav,nav,0.0284,0.0668,0.4322,0.8813,-1.7605
11742.797,127.708,exp1,RETURN_HOME,CONSISTENT,OK,0,1,6.30,0.087,0.621,58,1,0.483,-0.40,nav,nav,0.0085,0.0204,0.4319,0.8788,-1.7559
11742.898,127.808,exp1,RETURN_HOME,CONSISTENT,OK,0,1,6.40,0.090,0.638,58,1,0.483,-0.40,nav,nav,0.0085,0.0205,0.4318,0.8767,-1.7518
11743.000,127.908,exp1,RETURN_HOME,CONSISTENT,OK,0,1,6.50,0.093,0.603,58,1,0.483,-0.40,nav,nav,0.0085,0.0206,0.4315,0.8741,-1.7476
11743.100,128.008,exp1,RETURN_HOME,CONSISTENT,OK,0,1,6.60,0.093,0.621,58,1,0.483,-0.40,nav,nav,0.0114,0.0206,0.4311,0.8711,-1.7429
11743.212,128.108,exp1,RETURN_HOME,CONSISTENT,OK,0,1,6.70,0.089,0.638,58,1,0.483,-0.40,nav,nav,0.0114,0.0206,0.4308,0.8679,-1.7381
11743.312,128.208,exp1,RETURN_HOME,CONSISTENT,OK,0,1,6.80,0.090,0.655,58,1,0.483,-0.40,nav,nav,0.0114,0.0206,0.4306,0.8647,-1.7331
11743.414,128.308,exp1,RETURN_HOME,CONSISTENT,OK,0,1,6.90,0.091,0.655,58,1,0.483,-0.40,nav,nav,0.0114,0.0206,0.4304,0.8614,-1.7281
11743.514,128.408,exp1,RETURN_HOME,CONSISTENT,OK,0,1,7.00,0.093,0.627,59,1,0.483,-0.40,nav,nav,0.0010,0.0019,0.4303,0.8598,-1.7258
11743.614,128.508,exp1,RETURN_HOME,CONSISTENT,OK,0,1,7.10,0.095,0.627,59,1,0.483,-0.40,nav,nav,0.0114,0.0150,0.4301,0.8574,-1.7228
11743.718,128.608,exp1,RETURN_HOME,CONSISTENT,OK,0,1,7.20,0.096,0.627,59,1,0.483,-0.40,nav,nav,0.0114,0.0189,0.4300,0.8545,-1.7187
11743.823,128.708,exp1,RETURN_HOME,CONSISTENT,OK,0,1,7.30,0.091,0.627,59,1,0.483,-0.40,nav,nav,0.0147,0.0201,0.4297,0.8509,-1.7143
11743.930,128.808,exp1,RETURN_HOME,CONSISTENT,OK,0,1,7.40,0.093,0.627,59,1,0.483,-0.40,nav,nav,0.2053,0.5897,0.4294,0.8468,-1.7099
11744.028,128.908,exp1,RETURN_HOME,CONSISTENT,OK,0,1,7.50,0.098,0.593,59,1,0.483,-0.40,nav,nav,0.2211,0.6410,0.4291,0.8430,-1.7058
11744.132,129.008,exp1,RETURN_HOME,CONSISTENT,OK,0,1,7.60,0.092,0.593,59,1,0.483,-0.40,nav,nav,0.2211,0.6410,0.4287,0.8388,-1.7014
11744.233,129.108,exp1,RETURN_HOME,CONSISTENT,OK,0,1,7.70,0.092,0.569,58,1,0.483,-0.40,nav,nav,0.1895,0.5897,0.4286,0.8346,-1.6965
11744.338,129.208,exp1,RETURN_HOME,CONSISTENT,OK,0,1,7.80,0.093,0.569,58,1,0.483,-0.40,nav,nav,0.1895,0.5897,0.4283,0.8310,-1.6931
11744.442,129.308,exp1,RETURN_HOME,CONSISTENT,OK,0,1,7.90,0.093,0.569,58,1,0.460,-0.40,nav,nav,0.1895,0.6410,0.4282,0.8269,-1.6887
11744.553,129.408,exp1,RETURN_HOME,CONSISTENT,OK,0,1,8.00,0.100,0.586,58,1,0.460,-0.40,nav,nav,0.0536,0.0686,0.4280,0.8228,-1.6842
11744.653,129.508,exp1,RETURN_HOME,CONSISTENT,OK,0,1,8.10,0.101,0.603,58,1,0.460,-0.40,nav,nav,0.1786,0.2286,0.4280,0.8179,-1.6780
11744.763,129.608,exp1,RETURN_HOME,CONSISTENT,OK,0,1,8.20,0.101,0.603,58,1,0.460,-0.40,nav,nav,0.1895,0.3886,0.4278,0.8043,-1.6636
11744.863,129.708,exp1,RETURN_HOME,CONSISTENT,OK,0,1,8.30,0.100,0.576,59,1,0.460,-0.40,nav,nav,0.1583,0.5000,0.4293,0.7855,-1.6255
11744.962,129.808,exp1,RETURN_HOME,CONSISTENT,OK,0,1,8.40,0.108,0.559,59,1,0.460,-0.40,nav,nav,0.1339,0.5000,0.4327,0.7694,-1.5734
11745.063,129.908,exp1,RETURN_HOME,CONSISTENT,OK,0,1,8.50,0.105,0.561,57,1,0.460,-0.40,nav,nav,0.1320,0.5000,0.4376,0.7555,-1.5193
11745.162,130.008,exp1,RETURN_HOME,CONSISTENT,OK,0,1,8.60,0.100,0.579,57,1,0.460,-0.40,nav,nav,0.1421,0.4872,0.4431,0.7421,-1.4678
11745.264,130.108,exp1,RETURN_HOME,CONSISTENT,OK,0,1,8.70,0.104,0.536,56,1,0.460,-0.40,nav,nav,0.1421,0.4872,0.4488,0.7281,-1.4201
11745.374,130.208,exp1,RETURN_HOME,CONSISTENT,OK,0,1,8.80,0.108,0.536,56,1,0.406,-0.40,nav,nav,0.1263,0.3846,0.4547,0.7147,-1.3757
11745.474,130.308,exp1,RETURN_HOME,CONSISTENT,OK,0,1,8.90,0.096,0.571,56,1,0.406,-0.40,nav,nav,0.2053,0.2246,0.4600,0.7020,-1.3415
11745.585,130.408,exp1,RETURN_HOME,CONSISTENT,OK,0,1,9.00,0.082,0.607,56,1,0.406,-0.40,nav,nav,0.2053,0.0646,0.4658,0.6829,-1.3267
11745.687,130.508,exp1,RETURN_HOME,CONSISTENT,OK,0,1,9.10,0.085,0.596,57,1,0.406,-0.40,nav,nav,0.1895,-0.0954,0.4710,0.6634,-1.3227
11745.805,130.608,exp1,RETURN_HOME,CONSISTENT,OK,0,1,9.20,0.068,0.627,59,1,0.406,-0.40,nav,nav,0.1895,-0.0954,0.4749,0.6452,-1.3321
11745.906,130.708,exp1,RETURN_HOME,CONSISTENT,OK,0,1,9.30,0.064,0.633,60,1,0.406,-0.40,nav,nav,0.2053,-0.2554,0.4786,0.6261,-1.3454
11746.023,130.808,exp1,RETURN_HOME,CONSISTENT,OK,0,1,9.40,0.056,0.700,60,1,0.406,-0.40,nav,nav,0.1895,-0.3333,0.4808,0.6070,-1.3734
11746.124,130.908,exp1,RETURN_HOME,CONSISTENT,OK,0,1,9.50,0.051,0.767,60,1,0.406,-0.40,nav,nav,0.1421,-0.2308,0.4819,0.5911,-1.3985
11746.233,131.008,exp1,RETURN_HOME,CONSISTENT,OK,0,1,9.60,0.050,0.733,60,1,0.406,-0.40,nav,nav,0.1263,-0.2308,0.4827,0.5781,-1.4147
11746.339,131.108,exp1,RETURN_HOME,CONSISTENT,OK,0,1,9.70,0.051,0.733,60,1,0.406,-0.40,nav,nav,0.3000,-0.5385,0.4831,0.5656,-1.4342
11746.445,131.208,exp1,RETURN_HOME,CONSISTENT,OK,0,1,9.80,0.050,0.750,60,1,0.406,-0.40,nav,nav,0.1579,-0.3333,0.4831,0.5464,-1.4619
11746.545,131.308,exp1,RETURN_HOME,CONSISTENT,OK,0,1,9.90,0.044,0.800,60,1,0.406,-0.40,nav,nav,0.3000,-0.6410,0.4825,0.5273,-1.4922
11746.644,131.408,exp1,RETURN_HOME,CONSISTENT,OK,0,1,10.00,0.038,0.867,60,1,0.406,-0.40,nav,nav,0.2842,-0.5897,0.4808,0.5055,-1.5274
11746.747,131.508,exp1,RETURN_HOME,CONSISTENT,OK,0,1,10.10,0.040,0.850,60,1,0.406,-0.40,nav,nav,0.2684,-0.5385,0.4767,0.4798,-1.5802
11746.847,131.608,exp1,RETURN_HOME,CONSISTENT,OK,0,1,10.20,0.029,0.933,60,1,0.406,-0.40,nav,nav,0.2526,-0.5897,0.4712,0.4545,-1.6322
11746.947,131.708,exp1,RETURN_HOME,CONSISTENT,OK,0,1,10.30,0.033,0.867,60,1,0.323,-0.40,nav,nav,0.2842,-0.4872,0.4648,0.4317,-1.6852
11747.054,131.808,exp1,RETURN_HOME,CONSISTENT,OK,0,1,10.40,0.030,0.883,60,1,0.323,-0.40,nav,nav,0.2543,-0.5000,0.4578,0.4056,-1.7272
11747.155,131.908,exp1,RETURN_HOME,CONSISTENT,OK,0,1,10.50,0.036,0.833,60,1,0.323,-0.40,nav,nav,0.2340,-0.5000,0.4494,0.3798,-1.7745
11747.255,132.008,exp1,RETURN_HOME,CONSISTENT,OK,0,1,10.60,0.036,0.833,60,1,0.323,-0.40,nav,nav,0.2639,-0.5000,0.4407,0.3564,-1.8206
11747.360,132.108,exp1,RETURN_HOME,CONSISTENT,OK,0,1,10.70,0.043,0.783,60,1,0.323,-0.40,nav,nav,0.2492,-0.5000,0.4310,0.3318,-1.8620
11747.459,132.208,exp1,RETURN_HOME,CONSISTENT,OK,0,1,10.80,0.046,0.767,60,1,0.292,-0.40,nav,nav,0.2346,-0.5000,0.4204,0.3078,-1.9064
11747.562,132.308,exp1,RETURN_HOME,CONSISTENT,OK,0,1,10.90,0.040,0.783,60,1,0.292,-0.40,nav,nav,0.2368,-0.4872,0.4095,0.2855,-1.9497
11747.662,132.408,exp1,RETURN_HOME,CONSISTENT,OK,0,1,11.00,0.039,0.800,60,1,0.292,-0.40,nav,nav,0.3000,-0.4359,0.3982,0.2637,-1.9891
11747.762,132.508,exp1,RETURN_HOME,CONSISTENT,OK,0,1,11.10,0.041,0.817,60,1,0.292,-0.40,nav,nav,0.2842,-0.4359,0.3858,0.2391,-2.0116
11747.862,132.608,exp1,RETURN_HOME,CONSISTENT,OK,0,1,11.20,0.041,0.783,60,1,0.292,-0.40,nav,nav,0.3000,-0.4872,0.3731,0.2154,-2.0362
11747.965,132.708,exp1,RETURN_HOME,CONSISTENT,OK,0,1,11.30,0.033,0.867,60,1,0.296,-0.40,nav,nav,0.2684,-0.4359,0.3593,0.1909,-2.0632
11748.065,132.808,exp1,RETURN_HOME,CONSISTENT,OK,0,1,11.40,0.028,0.900,60,1,0.296,-0.40,nav,nav,0.3000,-0.4359,0.3456,0.1681,-2.0919
11748.174,132.908,exp1,RETURN_HOME,CONSISTENT,OK,0,1,11.50,0.030,0.883,60,1,0.296,-0.40,nav,nav,0.3000,-0.4872,0.3303,0.1438,-2.1183
11748.274,133.008,exp1,RETURN_HOME,CONSISTENT,OK,0,1,11.60,0.024,0.917,60,1,0.296,-0.40,nav,nav,0.2842,-0.4359,0.3144,0.1197,-2.1485
11748.375,133.108,exp1,RETURN_HOME,CONSISTENT,OK,0,1,11.70,0.030,0.900,60,1,0.296,-0.40,nav,nav,0.3000,-0.4872,0.2984,0.0968,-2.1770
11748.475,133.208,exp1,RETURN_HOME,CONSISTENT,OK,0,1,11.80,0.041,0.833,60,1,0.259,-0.40,nav,nav,0.2842,-0.4359,0.2811,0.0733,-2.2089
11748.574,133.308,exp1,RETURN_HOME,CONSISTENT,OK,0,1,11.90,0.046,0.767,60,1,0.259,-0.40,nav,nav,0.2543,-0.5000,0.2637,0.0509,-2.2394
11748.674,133.408,exp1,RETURN_HOME,CONSISTENT,OK,0,1,12.00,0.054,0.733,60,1,0.259,-0.40,nav,nav,0.2410,-0.5000,0.2474,0.0310,-2.2752
11748.790,133.508,exp1,RETURN_HOME,CONSISTENT,OK,0,1,12.10,0.067,0.667,60,1,0.259,-0.40,nav,nav,0.2410,-0.5000,0.2309,0.0121,-2.3114
11748.890,133.608,exp1,RETURN_HOME,CONSISTENT,OK,0,1,12.20,0.074,0.667,60,1,0.259,-0.40,nav,nav,0.2340,-0.5000,0.2138,-0.0061,-2.3495
11748.998,133.708,exp1,RETURN_HOME,CONSISTENT,OK,0,1,12.30,0.079,0.600,60,1,0.253,-0.40,nav,nav,0.3000,-0.4872,0.1955,-0.0239,-2.3861
11749.097,133.808,exp1,RETURN_HOME,CONSISTENT,OK,0,1,12.40,0.092,0.550,60,1,0.253,-0.40,nav,nav,0.2318,-0.5000,0.1738,-0.0435,-2.4244
11749.226,133.908,exp1,RETURN_HOME,CONSISTENT,OK,0,1,12.50,0.095,0.600,60,1,0.253,-0.40,nav,nav,0.2340,-0.5000,0.1541,-0.0597,-2.4629
11749.329,134.008,exp1,RETURN_HOME,CONSISTENT,OK,0,1,12.60,0.106,0.500,60,1,0.253,-0.40,nav,nav,0.3000,-0.6923,0.1345,-0.0751,-2.4982
11749.442,134.108,exp1,RETURN_HOME,CONSISTENT,OK,0,1,12.70,0.110,0.567,60,1,0.255,-0.40,nav,nav,0.3000,-0.5897,0.1153,-0.0893,-2.5331
11749.544,134.208,exp1,RETURN_HOME,CONSISTENT,OK,0,1,12.80,0.119,0.458,59,1,0.255,-0.40,nav,nav,0.2684,-0.6410,0.0955,-0.1028,-2.5694
11749.649,134.308,exp1,RETURN_HOME,CONSISTENT,OK,0,1,12.90,0.128,0.500,60,1,0.255,-0.40,nav,nav,0.3000,-0.6410,0.0742,-0.1158,-2.6104
11749.749,134.408,exp1,RETURN_HOME,CONSISTENT,OK,0,1,13.00,0.133,0.458,59,1,0.255,-0.40,nav,nav,0.2842,-0.6410,0.0491,-0.1291,-2.6558
11749.852,134.508,exp1,RETURN_HOME,CONSISTENT,OK,0,1,13.10,0.147,0.424,59,1,0.256,-0.40,nav,nav,0.2842,-0.6410,0.0240,-0.1404,-2.7047
11749.953,134.608,exp1,RETURN_HOME,CONSISTENT,OK,0,1,13.20,0.153,0.424,59,1,0.256,-0.40,nav,nav,0.3000,-0.5385,-0.0017,-0.1493,-2.7562
11750.052,134.708,exp1,RETURN_HOME,CONSISTENT,OK,0,1,13.30,0.156,0.373,59,1,0.256,-0.40,nav,nav,0.3000,-0.5897,-0.0296,-0.1572,-2.8032
11750.155,134.808,exp1,RETURN_HOME,CONSISTENT,OK,0,1,13.40,0.148,0.424,59,1,0.256,-0.40,nav,nav,0.2842,-0.5385,-0.0581,-0.1632,-2.8550
11750.255,134.908,exp1,RETURN_HOME,CONSISTENT,OK,0,1,13.50,0.160,0.333,60,1,0.235,-0.40,nav,nav,0.3000,-0.4872,-0.0856,-0.1673,-2.9042
11750.355,135.008,exp1,RETURN_HOME,CONSISTENT,OK,0,1,13.60,0.159,0.367,60,1,0.235,-0.40,nav,nav,0.3000,-0.4872,-0.1149,-0.1702,-2.9502
11750.454,135.108,exp1,RETURN_HOME,CONSISTENT,OK,0,1,13.70,0.158,0.373,59,1,0.235,-0.40,nav,nav,0.3000,-0.4872,-0.1444,-0.1715,-2.9970
11750.555,135.208,exp1,RETURN_HOME,CONSISTENT,OK,0,1,13.80,0.174,0.356,59,1,0.235,-0.40,nav,nav,0.3000,-0.5897,-0.1742,-0.1712,-3.0451
11750.656,135.308,exp1,RETURN_HOME,CONSISTENT,OK,0,1,13.90,0.144,0.400,60,1,0.231,-0.40,nav,nav,0.3000,-0.4872,-0.2041,-0.1682,-3.1039
11750.762,135.408,exp1,RETURN_HOME,CONSISTENT,OK,0,1,14.00,0.152,0.383,60,1,0.231,-0.40,nav,nav,0.2842,-0.4872,-0.2340,-0.1639,3.1276
11750.861,135.508,exp1,RETURN_HOME,CONSISTENT,OK,0,1,14.10,0.144,0.433,60,1,0.231,-0.40,nav,nav,0.2842,-0.4872,-0.2624,-0.1584,3.0770
11750.962,135.608,exp1,RETURN_HOME,CONSISTENT,OK,0,1,14.20,0.146,0.417,60,1,0.231,-0.40,nav,nav,0.3000,-0.4872,-0.2908,-0.1517,3.0281
11751.083,135.708,exp1,RETURN_HOME,CONSISTENT,OK,0,1,14.30,0.124,0.517,60,1,0.223,-0.40,nav,nav,0.2842,-0.4872,-0.3201,-0.1438,2.9806
11751.202,135.808,exp1,RETURN_HOME,CONSISTENT,OK,0,1,14.40,0.113,0.500,60,1,0.223,-0.40,nav,nav,0.3000,-0.4872,-0.3486,-0.1349,2.9349
11751.303,135.908,exp1,RETURN_HOME,CONSISTENT,OK,0,1,14.50,0.116,0.550,60,1,0.223,-0.40,nav,nav,0.2842,-0.4359,-0.3772,-0.1251,2.8917
11751.403,136.008,exp1,RETURN_HOME,CONSISTENT,OK,0,1,14.60,0.120,0.550,60,1,0.223,-0.40,nav,nav,0.3000,-0.3333,-0.4052,-0.1148,2.8562
11751.503,136.108,exp1,RETURN_HOME,CONSISTENT,OK,0,1,14.70,0.085,0.633,60,1,0.223,-0.40,nav,nav,0.2842,-0.3333,-0.4332,-0.1043,2.8265
11751.612,136.208,exp1,RETURN_HOME,CONSISTENT,OK,0,1,14.80,0.073,0.700,60,1,0.224,-0.40,nav,nav,0.2842,-0.1733,-0.4601,-0.0937,2.8035
11751.714,136.308,exp1,RETURN_HOME,CONSISTENT,OK,0,1,14.90,0.074,0.683,60,1,0.224,-0.40,nav,nav,0.3000,-0.0133,-0.4876,-0.0833,2.7951
11751.814,136.408,exp1,RETURN_HOME,CONSISTENT,OK,0,1,15.00,0.068,0.700,60,1,0.224,-0.40,nav,nav,0.2842,0.0256,-0.5148,-0.0735,2.7963
11751.914,136.508,exp1,RETURN_HOME,CONSISTENT,OK,0,1,15.10,0.063,0.733,60,1,0.224,-0.40,nav,nav,0.3000,-0.0769,-0.5423,-0.0636,2.7950
11752.014,136.608,exp1,RETURN_HOME,CONSISTENT,OK,0,1,15.20,0.063,0.750,60,1,0.224,-0.40,nav,nav,0.3000,0.0256,-0.5705,-0.0532,2.7933
11752.117,136.708,exp1,RETURN_HOME,CONSISTENT,OK,0,1,15.30,0.058,0.767,60,1,0.224,-0.40,nav,nav,0.3000,0.1282,-0.5986,-0.0434,2.7996
11752.230,136.808,exp1,RETURN_HOME,CONSISTENT,OK,0,1,15.40,0.056,0.750,60,1,0.224,-0.40,nav,nav,0.2842,0.1282,-0.6269,-0.0342,2.8108
11752.330,136.908,exp1,RETURN_HOME,CONSISTENT,OK,0,1,15.50,0.053,0.783,60,1,0.224,-0.40,nav,nav,0.3000,0.1282,-0.6542,-0.0256,2.8218
11752.436,137.008,exp1,RETURN_HOME,CONSISTENT,OK,0,1,15.60,0.051,0.817,60,1,0.224,-0.40,nav,nav,0.2842,0.1282,-0.6824,-0.0171,2.8329
11752.536,137.108,exp1,RETURN_HOME,CONSISTENT,OK,0,1,15.70,0.047,0.817,60,1,0.224,-0.40,nav,nav,0.3000,0.2308,-0.7098,-0.0092,2.8441
11752.646,137.208,exp1,RETURN_HOME,CONSISTENT,OK,0,1,15.80,0.046,0.783,60,1,0.238,-0.40,nav,nav,0.2842,0.1795,-0.7381,-0.0018,2.8612
11752.746,137.308,exp1,RETURN_HOME,CONSISTENT,OK,0,1,15.90,0.045,0.800,60,1,0.238,-0.40,nav,nav,0.3000,0.2308,-0.7657,0.0047,2.8780
11752.855,137.408,exp1,RETURN_HOME,CONSISTENT,OK,0,1,16.00,0.044,0.833,60,1,0.238,-0.40,nav,nav,0.3000,0.2308,-0.7945,0.0108,2.8980
11752.955,137.508,exp1,RETURN_HOME,CONSISTENT,OK,0,1,16.10,0.042,0.817,60,1,0.238,-0.40,nav,nav,0.2684,0.2308,-0.8236,0.0161,2.9194
11753.062,137.608,exp1,RETURN_HOME,CONSISTENT,OK,0,1,16.20,0.035,0.917,60,1,0.238,-0.40,nav,nav,0.3000,0.2308,-0.8502,0.0206,2.9402
11753.162,137.708,exp1,RETURN_HOME,CONSISTENT,OK,0,1,16.30,0.036,0.933,60,1,0.238,-0.40,nav,nav,0.2842,0.2308,-0.8795,0.0246,2.9618
11753.264,137.808,exp1,RETURN_HOME,CONSISTENT,OK,0,1,16.40,0.031,0.950,60,1,0.238,-0.40,nav,nav,0.2684,0.1795,-0.9075,0.0276,2.9838
11753.364,137.908,exp1,RETURN_HOME,CONSISTENT,OK,0,1,16.50,0.032,0.967,60,1,0.238,-0.40,nav,nav,0.3000,0.1282,-0.9342,0.0302,3.0009
11753.470,138.008,exp1,RETURN_HOME,CONSISTENT,OK,0,1,16.60,0.030,0.950,60,1,0.238,-0.40,nav,nav,0.3000,0.1795,-0.9639,0.0332,3.0143
11753.574,138.108,exp1,RETURN_HOME,CONSISTENT,OK,0,1,16.70,0.032,0.900,60,1,0.238,-0.40,nav,nav,0.3000,0.1282,-0.9937,0.0353,3.0311
11753.670,138.208,exp1,RETURN_HOME,CONSISTENT,OK,0,1,16.80,0.031,0.917,60,1,0.238,-0.40,nav,nav,0.2842,0.1282,-1.0233,0.0374,3.0438
11753.772,138.308,exp1,RETURN_HOME,CONSISTENT,OK,0,1,17.00,0.028,0.883,60,1,0.283,-0.40,nav,nav,0.3000,0.0256,-1.0579,0.0395,3.0560
11753.874,138.408,exp1,RETURN_HOME,CONSISTENT,OK,0,1,17.00,0.028,0.883,60,1,0.283,-0.40,nav,nav,0.3000,0.0256,-1.0818,0.0413,3.0581
11753.980,138.508,exp1,RETURN_HOME,CONSISTENT,OK,0,1,17.10,0.033,0.833,60,1,0.283,-0.40,nav,nav,0.3000,0.0769,-1.1117,0.0435,3.0621
11754.087,138.608,exp1,RETURN_HOME,CONSISTENT,OK,0,1,17.20,0.033,0.833,60,1,0.283,-0.40,nav,nav,0.3000,0.0769,-1.1416,0.0451,3.0699
11754.210,138.708,exp1,RETURN_HOME,CONSISTENT,OK,0,1,17.30,0.029,1.000,60,1,0.283,-0.40,nav,nav,0.3000,0.0769,-1.1715,0.0464,3.0778
11754.309,138.808,exp1,RETURN_HOME,CONSISTENT,OK,0,1,17.40,0.025,1.000,60,1,0.283,-0.40,nav,nav,0.2842,0.0769,-1.2006,0.0475,3.0855
11754.414,138.908,exp1,RETURN_HOME,CONSISTENT,OK,0,1,17.50,0.024,1.000,60,1,0.283,-0.40,nav,nav,0.3000,0.0000,-1.2300,0.0489,3.0882
11754.514,139.008,exp1,RETURN_HOME,CONSISTENT,OK,0,1,17.60,0.025,0.983,60,1,0.283,-0.40,nav,nav,0.3000,0.1282,-1.2600,0.0500,3.0946
11754.624,139.108,exp1,RETURN_HOME,CONSISTENT,OK,0,1,17.70,0.022,1.000,60,1,0.283,-0.40,nav,nav,0.2842,0.0769,-1.2889,0.0504,3.1042
11754.727,139.208,exp1,RETURN_HOME,CONSISTENT,OK,0,1,17.80,0.021,1.000,60,1,0.283,-0.40,nav,nav,0.3000,0.0256,-1.3184,0.0510,3.1086
11754.843,139.308,exp1,RETURN_HOME,CONSISTENT,OK,0,1,17.90,0.023,0.983,60,1,0.283,-0.40,nav,nav,0.3000,0.1795,-1.3483,0.0517,3.1113
11754.942,139.408,exp1,RETURN_HOME,CONSISTENT,OK,0,1,18.00,0.021,0.983,60,1,0.283,-0.40,nav,nav,0.3000,-0.0256,-1.3783,0.0514,3.1260
11755.053,139.508,exp1,RETURN_HOME,CONSISTENT,OK,0,1,18.10,0.017,1.000,60,1,0.339,-0.40,nav,nav,0.2842,0.0256,-1.4083,0.0502,-3.1401
11755.154,139.608,exp1,RETURN_HOME,CONSISTENT,OK,0,1,18.20,0.020,1.000,60,1,0.339,-0.40,nav,nav,0.3000,-0.0769,-1.4368,0.0496,-3.1350
11755.253,139.708,exp1,RETURN_HOME,CONSISTENT,OK,0,1,18.30,0.020,0.983,60,1,0.339,-0.40,nav,nav,0.3000,-0.0256,-1.4667,0.0501,3.1411
11755.353,139.808,exp1,RETURN_HOME,CONSISTENT,OK,0,1,18.40,0.022,0.917,60,1,0.339,-0.40,nav,nav,0.2842,0.0769,-1.4967,0.0504,3.1382
11755.454,139.908,exp1,RETURN_HOME,CONSISTENT,OK,0,1,18.50,0.019,1.000,60,1,0.339,-0.40,nav,nav,0.2684,0.0256,-1.5252,0.0498,-3.1378
11755.553,140.008,exp1,RETURN_HOME,CONSISTENT,OK,0,1,18.60,0.026,1.000,60,1,0.339,-0.40,nav,nav,0.3000,0.0000,-1.5520,0.0494,-3.1350
11755.661,140.108,exp1,RETURN_HOME,CONSISTENT,OK,0,1,18.70,0.028,0.983,60,1,0.339,-0.40,nav,nav,0.2842,0.0000,-1.5817,0.0492,-3.1350
11755.763,140.208,exp1,RETURN_HOME,CONSISTENT,OK,0,1,18.80,0.027,0.983,60,1,0.339,-0.40,nav,nav,0.2684,-0.0256,-1.6100,0.0491,-3.1351
11755.871,140.308,exp1,RETURN_HOME,CONSISTENT,OK,0,1,18.90,0.026,0.983,60,1,0.339,-0.40,nav,nav,0.2526,-0.0256,-1.6365,0.0491,-3.1377
11755.970,140.408,exp1,RETURN_HOME,CONSISTENT,OK,0,1,19.00,0.024,1.000,60,1,0.339,-0.40,nav,nav,0.2368,-0.0256,-1.6615,0.0493,-3.1404
11756.081,140.508,exp1,RETURN_HOME,CONSISTENT,OK,0,1,19.10,0.023,1.000,60,1,0.339,-0.40,nav,nav,0.2211,-0.0256,-1.6847,0.0495,3.1402
11756.192,140.608,exp1,RETURN_HOME,CONSISTENT,OK,0,1,19.20,0.023,1.000,60,1,0.339,-0.40,nav,nav,0.2211,-0.1282,-1.7068,0.0500,3.1349
11756.325,140.708,exp1,RETURN_HOME,CONSISTENT,OK,0,1,19.30,0.022,1.000,60,1,0.399,-0.40,nav,nav,0.2211,-0.1282,-1.7288,0.0514,3.1218
11756.429,140.808,exp1,RETURN_HOME,CONSISTENT,OK,0,1,19.50,0.020,1.000,60,1,0.399,-0.40,nav,nav,0.2053,-0.1282,-1.7498,0.0531,3.1086
11756.548,140.908,exp1,RETURN_HOME,CONSISTENT,OK,0,1,19.50,0.020,1.000,60,1,0.399,-0.40,nav,nav,0.1737,-0.1282,-1.7692,0.0550,3.0955
11756.661,141.008,exp1,RETURN_HOME,CONSISTENT,OK,0,1,19.60,0.021,1.000,60,1,0.399,-0.40,nav,nav,0.1579,-0.0769,-1.7865,0.0570,3.0828
11756.770,141.108,exp1,RETURN_HOME,CONSISTENT,OK,0,1,19.70,0.021,0.950,60,1,0.399,-0.40,nav,nav,0.1579,-0.0769,-1.8023,0.0587,3.0749
11756.869,141.208,exp1,RETURN_HOME,CONSISTENT,OK,0,1,19.80,0.031,0.867,60,1,0.399,-0.40,nav,nav,0.1421,-0.0769,-1.8178,0.0604,3.0673
11756.970,141.308,exp1,RETURN_HOME,CONSISTENT,OK,0,1,19.90,0.029,0.867,60,1,0.399,-0.40,nav,nav,0.1263,-0.0256,-1.8316,0.0621,3.0604
11757.082,141.410,exp1,RETURN_HOME,CONSISTENT,OK,0,1,20.10,0.031,0.883,60,1,0.399,-0.40,nav,nav,0.1263,-0.0256,-1.8467,0.0636,3.0568
11757.179,141.508,exp1,RETURN_HOME,CONSISTENT,OK,0,1,20.10,0.031,0.883,60,1,0.399,-0.40,nav,nav,0.1105,-0.0256,-1.8563,0.0646,3.0548
11757.281,141.608,exp1,RETURN_HOME,CONSISTENT,OK,0,1,20.20,0.031,0.883,60,1,0.399,-0.40,nav,nav,0.1105,-0.1282,-1.8673,0.0659,3.0498
11757.379,141.708,exp1,RETURN_HOME,CONSISTENT,OK,0,1,20.30,0.029,0.867,60,1,0.399,-0.40,nav,nav,0.0947,-0.0256,-1.8779,0.0679,3.0391
11757.479,141.808,exp1,RETURN_HOME,CONSISTENT,OK,0,1,20.40,0.027,0.867,60,1,0.399,-0.40,nav,nav,0.0947,-0.1282,-1.8873,0.0692,3.0343
11757.579,141.908,exp1,RETURN_HOME,CONSISTENT,OK,0,1,20.50,0.030,0.867,60,1,0.399,-0.40,nav,nav,0.0947,-0.0769,-1.8967,0.0712,3.0229
11757.682,142.008,exp1,RETURN_HOME,CONSISTENT,OK,0,1,20.60,0.030,0.867,60,1,0.399,-0.40,nav,nav,0.0789,-0.0256,-1.9057,0.0728,3.0167
11757.782,142.108,exp1,RETURN_HOME,CONSISTENT,OK,0,1,20.70,0.030,0.867,60,1,0.399,-0.40,nav,nav,0.0789,-0.0769,-1.9135,0.0741,3.0128
11757.882,142.208,exp1,RETURN_HOME,CONSISTENT,OK,0,1,20.80,0.031,0.833,60,1,0.399,-0.40,nav,nav,0.0789,-0.0256,-1.9213,0.0756,3.0067
11757.982,142.308,exp1,RETURN_HOME,CONSISTENT,OK,0,1,20.90,0.032,0.850,60,1,0.399,-0.40,nav,nav,0.0632,-0.0256,-1.9287,0.0768,3.0042
11758.092,142.408,exp1,RETURN_HOME,CONSISTENT,OK,0,1,21.00,0.032,0.850,60,1,0.399,-0.40,nav,nav,0.0632,0.1344,-1.9349,0.0777,3.0062
11758.193,142.508,exp1,RETURN_HOME,CONSISTENT,OK,0,1,21.10,0.032,0.850,60,1,0.399,-0.40,nav,nav,0.0632,0.2308,-1.9412,0.0772,3.0225
11758.301,142.608,exp1,RETURN_HOME,CONSISTENT,OK,0,1,21.20,0.033,0.850,60,1,0.399,-0.40,nav,nav,0.0632,0.2821,-1.9475,0.0758,3.0479
11758.401,142.708,exp1,RETURN_HOME,CONSISTENT,OK,0,1,21.30,0.040,0.783,60,1,0.399,-0.40,nav,nav,0.0632,0.2821,-1.9538,0.0738,3.0765
11758.506,142.808,exp1,RETURN_HOME,CONSISTENT,OK,0,1,21.40,0.037,0.817,60,1,0.399,-0.40,nav,nav,0.0632,0.2821,-1.9597,0.0718,3.1034
11758.607,142.908,exp1,RETURN_HOME,CONSISTENT,OK,0,1,21.50,0.035,0.817,60,1,0.399,-0.40,nav,nav,0.0474,0.1795,-1.9651,0.0699,3.1275
11758.706,143.008,exp1,RETURN_HOME,CONSISTENT,OK,0,1,21.60,0.031,0.867,60,1,0.399,-0.40,nav,nav,0.0474,0.1795,-1.9698,0.0682,-3.1367
11758.808,143.108,exp1,RETURN_HOME,CONSISTENT,OK,0,1,21.80,0.027,0.883,60,1,0.399,-0.40,nav,nav,0.0474,0.1795,-1.9746,0.0664,-3.1177
11758.918,143.208,exp1,RETURN_HOME,CONSISTENT,OK,0,1,21.80,0.027,0.883,60,1,0.399,-0.40,nav,nav,0.0474,0.1795,-1.9793,0.0646,-3.0990
11759.018,143.308,exp1,RETURN_HOME,CONSISTENT,OK,0,1,21.90,0.029,0.883,60,1,0.399,-0.40,nav,nav,0.0474,0.1795,-1.9838,0.0628,-3.0814
11759.132,143.408,exp1,RETURN_HOME,CONSISTENT,OK,0,1,22.00,0.027,0.917,60,1,0.399,-0.40,nav,nav,0.0316,0.1282,-1.9875,0.0613,-3.0666
11759.232,143.508,exp1,RETURN_HOME,CONSISTENT,OK,0,1,22.10,0.023,0.917,60,1,0.399,-0.40,nav,nav,0.0316,0.1282,-1.9906,0.0599,-3.0536
11759.351,143.608,exp1,RETURN_HOME,CONSISTENT,OK,0,1,22.20,0.026,0.917,60,1,0.399,-0.40,nav,nav,0.0316,0.1282,-1.9938,0.0585,-3.0407
11759.453,143.708,exp1,RETURN_HOME,CONSISTENT,OK,0,1,22.30,0.023,0.917,60,1,0.399,-0.40,nav,nav,0.0316,0.1282,-1.9969,0.0571,-3.0279
11759.568,143.808,exp1,RETURN_HOME,CONSISTENT,OK,0,1,22.40,0.023,0.933,60,1,0.399,-0.40,nav,nav,0.0316,0.1282,-2.0000,0.0557,-3.0152
11759.668,143.908,exp1,RETURN_HOME,CONSISTENT,OK,0,1,22.50,0.025,0.933,60,1,0.399,-0.40,nav,nav,0.0316,0.1282,-2.0032,0.0542,-3.0027
11759.782,144.008,exp1,RETURN_HOME,CONSISTENT,OK,0,1,22.60,0.024,0.917,60,1,0.399,-0.40,nav,nav,0.0316,0.1282,-2.0057,0.0529,-2.9893
11759.882,144.108,exp1,RETURN_HOME,CONSISTENT,OK,0,1,22.70,0.022,0.933,60,1,0.399,-0.40,nav,nav,0.0000,0.2882,-2.0079,0.0517,-2.9750
11759.985,144.208,exp1,RETURN_HOME,CONSISTENT,OK,0,1,22.80,0.023,0.917,60,1,0.399,-0.40,nav,nav,0.0000,0.4482,-2.0079,0.0493,-2.9372
11760.088,144.308,exp1,RETURN_HOME,CONSISTENT,OK,0,1,22.90,0.024,0.900,60,1,0.399,-0.40,nav,nav,0.0000,0.6082,-2.0079,0.0466,-2.9003
11760.187,144.408,exp1,RETURN_HOME,CONSISTENT,OK,0,1,23.00,0.032,0.817,60,1,0.471,-0.40,nav,nav,0.0000,0.7682,-2.0079,0.0426,-2.8432
11760.287,144.508,exp1,RETURN_HOME,CONSISTENT,OK,0,1,23.10,0.044,0.733,60,1,0.471,-0.40,nav,nav,0.0000,0.9282,-2.0079,0.0384,-2.7743
11760.389,144.608,exp1,RETURN_HOME,CONSISTENT,OK,0,1,23.20,0.053,0.690,58,1,0.471,-0.40,nav,nav,0.0000,1.0000,-2.0078,0.0344,-2.6951
11760.489,144.708,exp1,RETURN_HOME,CONSISTENT,OK,0,1,23.30,0.073,0.621,58,1,0.446,-0.40,nav,nav,0.0000,1.0000,-2.0078,0.0313,-2.6153
11760.589,144.808,exp1,RETURN_HOME,CONSISTENT,OK,0,1,23.40,0.078,0.625,56,1,0.446,-0.40,nav,nav,0.0000,1.0000,-2.0076,0.0296,-2.5406
11760.689,144.908,exp1,RETURN_HOME,CONSISTENT,OK,0,1,23.50,0.100,0.527,55,1,0.446,-0.40,nav,nav,0.0000,1.0000,-2.0070,0.0294,-2.4718
11760.793,145.008,exp1,RETURN_HOME,CONSISTENT,OK,0,1,23.60,0.117,0.500,54,1,0.412,-0.40,nav,nav,0.0000,1.0000,-2.0064,0.0294,-2.3991
11760.898,145.112,exp1,RETURN_HOME,CONSISTENT,OK,0,1,23.70,0.149,0.407,54,1,0.412,-0.40,nav,nav,0.0000,1.0000,-2.0062,0.0294,-2.3068
11760.993,145.208,exp1,RETURN_HOME,CONSISTENT,OK,0,1,23.80,0.183,0.346,52,1,0.412,-0.40,nav,nav,0.0000,1.0000,-2.0062,0.0295,-2.2485
11761.098,145.308,exp1,RETURN_HOME,CONSISTENT,OK,0,1,23.90,0.178,0.340,53,1,0.399,-0.40,nav,nav,0.0000,1.0000,-2.0062,0.0292,-2.1804
11761.200,145.408,exp1,RETURN_HOME,CONSISTENT,OK,0,1,24.00,0.187,0.340,53,1,0.399,-0.40,nav,nav,0.0000,1.0000,-2.0062,0.0288,-2.1175
11761.300,145.508,exp1,RETURN_HOME,CONSISTENT,OK,0,1,24.10,0.194,0.396,53,1,0.399,-0.40,nav,nav,0.0000,1.0000,-2.0061,0.0284,-2.0586
11761.400,145.608,exp1,RETURN_HOME,CONSISTENT,OK,0,1,24.20,0.212,0.385,52,1,0.375,-0.40,nav,nav,0.0000,1.0000,-2.0054,0.0279,-1.9964
11761.502,145.708,exp1,RETURN_HOME,CONSISTENT,OK,0,1,24.30,0.201,0.377,53,1,0.375,-0.40,nav,nav,0.0000,1.0000,-2.0040,0.0275,-1.9194
11761.602,145.808,exp1,RETURN_HOME,CONSISTENT,OK,0,1,24.40,0.227,0.321,53,1,0.375,-0.40,nav,nav,0.0000,1.0000,-2.0010,0.0275,-1.8307
11761.717,145.908,exp1,RETURN_HOME,CONSISTENT,OK,0,1,24.50,0.264,0.259,54,1,0.356,-0.40,nav,nav,0.0000,1.0000,-1.9959,0.0275,-1.7371
11761.822,146.008,exp1,RETURN_HOME,CONSISTENT,OK,0,1,24.60,0.227,0.345,55,1,0.356,-0.40,nav,nav,0.0000,0.8400,-1.9889,0.0275,-1.6453
11761.931,146.108,exp1,RETURN_HOME,CONSISTENT,OK,0,1,24.70,0.227,0.321,56,1,0.314,-0.40,nav,nav,0.0000,0.5897,-1.9820,0.0275,-1.5669
11762.034,146.208,exp1,RETURN_HOME,CONSISTENT,OK,0,1,24.80,0.206,0.321,56,1,0.314,-0.40,nav,nav,0.0000,0.5385,-1.9764,0.0275,-1.5029
11762.135,146.308,exp1,RETURN_HOME,CONSISTENT,OK,0,1,24.90,0.148,0.429,56,1,0.314,-0.40,nav,nav,0.0000,0.4872,-1.9717,0.0275,-1.4476
11762.234,146.408,exp1,RETURN_HOME,CONSISTENT,OK,0,1,25.00,0.127,0.464,56,1,0.289,-0.40,nav,nav,0.0000,0.4872,-1.9677,0.0276,-1.3991
11762.337,146.508,exp1,RETURN_HOME,CONSISTENT,OK,0,1,25.10,0.088,0.544,57,1,0.289,-0.40,nav,nav,0.0000,0.4359,-1.9642,0.0276,-1.3530
11762.436,146.608,exp1,RETURN_HOME,CONSISTENT,OK,0,1,25.20,0.092,0.596,57,1,0.289,-0.40,nav,nav,0.0000,-0.8974,-1.9612,0.0276,-1.3117
11762.551,146.708,exp1,RETURN_HOME,CONSISTENT,OK,0,1,25.30,0.083,0.596,57,1,0.289,-0.40,nav,nav,0.0000,0.1159,-1.9591,0.0276,-1.2816
11762.651,146.808,exp1,RETURN_HOME,CONSISTENT,OK,0,1,25.40,0.067,0.707,58,1,0.289,-0.40,nav,nav,0.0000,0.2759,-1.9582,0.0276,-1.2689
11762.762,146.908,exp1,RETURN_HOME,CONSISTENT,OK,0,1,25.50,0.056,0.684,57,1,0.273,-0.40,nav,nav,0.0000,0.3333,-1.9569,0.0276,-1.2465
11762.861,147.008,exp1,RETURN_HOME,CONSISTENT,OK,0,1,25.60,0.059,0.667,57,1,0.273,-0.40,nav,nav,0.0000,0.3333,-1.9551,0.0276,-1.2175
11762.967,147.108,exp1,RETURN_HOME,CONSISTENT,OK,0,1,25.70,0.070,0.690,58,1,0.273,-0.40,nav,nav,0.0000,0.2821,-1.9535,0.0276,-1.1893
11763.068,147.208,exp1,RETURN_HOME,CONSISTENT,OK,0,1,25.80,0.069,0.614,57,1,0.273,-0.40,nav,nav,0.0000,0.2821,-1.9522,0.0276,-1.1655
11763.180,147.308,exp1,RETURN_HOME,CONSISTENT,OK,0,1,25.90,0.067,0.724,58,1,0.273,-0.40,nav,nav,0.0000,0.2821,-1.9510,0.0276,-1.1421
11763.316,147.408,exp1,RETURN_HOME,CONSISTENT,OK,0,1,26.00,0.060,0.719,57,1,0.273,-0.40,nav,nav,0.0000,0.2308,-1.9500,0.0276,-1.1209
11763.423,147.508,exp1,RETURN_HOME,CONSISTENT,OK,0,1,26.10,0.064,0.649,57,1,0.273,-0.40,nav,nav,0.0000,0.2308,-1.9492,0.0276,-1.1022
11763.526,147.608,exp1,RETURN_HOME,CONSISTENT,OK,0,1,26.20,0.074,0.690,58,1,0.273,-0.40,nav,nav,0.0000,0.2308,-1.9485,0.0276,-1.0838
11763.634,147.708,exp1,RETURN_HOME,CONSISTENT,OK,0,1,26.30,0.070,0.684,57,1,0.266,-0.40,nav,nav,0.0000,-1.0000,-1.9481,0.0276,-1.0724
11763.735,147.808,exp1,RETURN_HOME,CONSISTENT,OK,0,1,26.40,0.063,0.649,57,1,0.266,-0.40,nav,nav,0.0000,-1.0000,-1.9481,0.0276,-1.0747
11763.836,147.908,exp1,RETURN_HOME,CONSISTENT,OK,0,1,26.50,0.057,0.684,57,1,0.266,-0.40,nav,nav,0.0000,-1.0000,-1.9485,0.0274,-1.0887
11763.941,148.012,exp1,RETURN_HOME,CONSISTENT,OK,0,1,26.60,0.052,0.719,57,1,0.266,-0.40,nav,nav,0.0000,-1.0000,-1.9494,0.0272,-1.1156
11764.037,148.108,exp1,RETURN_HOME,CONSISTENT,OK,0,1,26.70,0.046,0.767,60,1,0.266,-0.40,nav,nav,0.0000,-1.0000,-1.9511,0.0270,-1.1562
11764.137,148.208,exp1,RETURN_HOME,CONSISTENT,OK,0,1,26.80,0.037,0.783,60,1,0.266,-0.40,nav,nav,0.0000,-1.0000,-1.9539,0.0268,-1.2122
11764.237,148.308,exp1,RETURN_HOME,CONSISTENT,OK,0,1,26.90,0.036,0.817,60,1,0.266,-0.40,nav,nav,0.0000,-0.9487,-1.9583,0.0268,-1.2847
11764.339,148.408,exp1,RETURN_HOME,CONSISTENT,OK,0,1,27.00,0.054,0.767,60,1,0.266,-0.40,nav,nav,0.0000,-0.8462,-1.9658,0.0268,-1.3885
11764.437,148.508,exp1,RETURN_HOME,CONSISTENT,OK,0,1,27.10,0.078,0.650,60,1,0.272,-0.40,nav,nav,0.0000,-0.7949,-1.9712,0.0268,-1.4552
11764.549,148.608,exp1,RETURN_HOME,CONSISTENT,OK,0,1,27.20,0.055,0.767,60,1,0.272,-0.40,nav,nav,0.0000,-0.7436,-1.9782,0.0268,-1.5366
11764.651,148.708,exp1,RETURN_HOME,CONSISTENT,OK,0,1,27.30,0.046,0.783,60,1,0.272,-0.40,nav,nav,0.0000,-0.9036,-1.9852,0.0268,-1.6150
11764.751,148.808,exp1,RETURN_HOME,CONSISTENT,OK,0,1,27.40,0.038,0.817,60,1,0.280,-0.40,nav,nav,0.0000,-1.0000,-1.9927,0.0268,-1.7038
11764.851,148.908,exp1,RETURN_HOME,CONSISTENT,OK,0,1,27.50,0.034,0.883,60,1,0.280,-0.40,nav,nav,0.0000,-1.0000,-2.0001,0.0268,-1.7984
11764.952,149.008,exp1,RETURN_HOME,CONSISTENT,OK,0,1,27.60,0.031,0.917,60,1,0.280,-0.40,nav,nav,0.0000,-1.0000,-2.0063,0.0268,-1.8889
11765.051,149.108,exp1,RETURN_HOME,CONSISTENT,OK,0,1,27.70,0.039,0.817,60,1,0.277,-0.40,nav,nav,0.0000,-1.0000,-2.0113,0.0268,-1.9748
11765.158,149.208,exp1,RETURN_HOME,CONSISTENT,OK,0,1,27.80,0.043,0.783,60,1,0.277,-0.40,nav,nav,0.0000,-1.0000,-2.0150,0.0268,-2.0565
11765.260,149.308,exp1,RETURN_HOME,CONSISTENT,OK,0,1,27.90,0.054,0.683,60,1,0.277,-0.40,nav,nav,0.0000,-1.0000,-2.0175,0.0268,-2.1343
11765.364,149.408,exp1,RETURN_HOME,CONSISTENT,OK,0,1,28.00,0.072,0.593,59,1,0.274,-0.40,nav,nav,0.0000,-1.0000,-2.0184,0.0272,-2.2061
11765.466,149.508,exp1,RETURN_HOME,CONSISTENT,OK,0,1,28.10,0.089,0.534,58,1,0.274,-0.40,nav,nav,0.0000,-1.0000,-2.0184,0.0275,-2.2760
11765.564,149.608,exp1,RETURN_HOME,CONSISTENT,OK,0,1,28.20,0.119,0.446,56,1,0.274,-0.40,nav,nav,0.0316,-1.0000,-2.0185,0.0274,-2.3511
11765.664,149.708,exp1,RETURN_HOME,CONSISTENT,OK,0,1,28.30,0.140,0.400,55,1,0.291,-0.40,nav,nav,0.0000,-1.0000,-2.0209,0.0254,-2.4264
11765.764,149.808,exp1,RETURN_HOME,CONSISTENT,OK,0,1,28.40,0.143,0.389,54,1,0.291,-0.40,nav,nav,0.0000,-1.0000,-2.0213,0.0254,-2.4972
11765.865,149.908,exp1,RETURN_HOME,CONSISTENT,OK,0,1,28.50,0.149,0.327,52,1,0.291,-0.40,nav,nav,0.0158,-1.0000,-2.0218,0.0254,-2.5631
11765.977,150.008,exp1,RETURN_HOME,CONSISTENT,OK,0,1,28.60,0.157,0.385,52,1,0.301,-0.40,nav,nav,0.0158,-1.0000,-2.0234,0.0252,-2.6287
11766.080,150.108,exp1,RETURN_HOME,CONSISTENT,OK,0,1,28.70,0.161,0.308,52,1,0.301,-0.40,nav,nav,0.0158,-1.0000,-2.0253,0.0254,-2.6947
11766.191,150.208,exp1,RETURN_HOME,CONSISTENT,OK,0,1,28.80,0.168,0.327,52,1,0.301,-0.40,nav,nav,0.0158,-1.0000,-2.0273,0.0260,-2.7726
11766.290,150.308,exp1,RETURN_HOME,CONSISTENT,OK,0,1,28.90,0.189,0.294,51,1,0.303,-0.40,nav,nav,0.0158,-1.0000,-2.0288,0.0279,-2.8602
11766.405,150.408,exp1,RETURN_HOME,CONSISTENT,OK,0,1,29.00,0.199,0.275,51,1,0.303,-0.40,nav,nav,0.0158,-1.0000,-2.0303,0.0319,-2.9525
11766.508,150.508,exp1,RETURN_HOME,CONSISTENT,OK,0,1,29.10,0.201,0.300,50,1,0.303,-0.40,nav,nav,0.0158,-1.0000,-2.0319,0.0380,-3.0502
11766.623,150.608,exp1,RETURN_HOME,CONSISTENT,OK,0,1,29.20,0.215,0.320,50,1,0.311,-0.40,nav,nav,0.0474,-1.0000,-2.0354,0.0466,3.1299
11766.724,150.708,exp1,RETURN_HOME,CONSISTENT,OK,0,1,29.30,0.195,0.327,52,1,0.311,-0.40,nav,nav,0.0474,-1.0000,-2.0401,0.0558,3.0274
11766.839,150.808,exp1,RETURN_HOME,CONSISTENT,OK,0,1,29.40,0.187,0.302,53,1,0.311,-0.40,nav,nav,0.0474,-0.8974,-2.0448,0.0643,2.9309
11766.944,150.908,exp1,RETURN_HOME,CONSISTENT,OK,0,1,29.50,0.183,0.327,52,1,0.286,-0.40,nav,nav,0.0474,-0.8974,-2.0494,0.0715,2.8471
11767.052,151.008,exp1,RETURN_HOME,CONSISTENT,OK,0,1,29.60,0.167,0.340,53,1,0.286,-0.40,nav,nav,0.0474,-0.8462,-2.0539,0.0778,2.7688
11767.154,151.108,exp1,RETURN_HOME,CONSISTENT,OK,0,1,29.70,0.175,0.358,53,1,0.286,-0.40,nav,nav,0.0316,-0.6862,-2.0582,0.0834,2.6980
11767.258,151.208,exp1,RETURN_HOME,CONSISTENT,OK,0,1,29.80,0.182,0.358,53,1,0.279,-0.40,nav,nav,0.0316,-0.5262,-2.0611,0.0872,2.6410
11767.371,151.308,exp1,RETURN_HOME,CONSISTENT,OK,0,1,29.90,0.175,0.345,55,1,0.279,-0.40,nav,nav,0.0316,-0.4359,-2.0639,0.0901,2.6002
11767.473,151.408,exp1,RETURN_HOME,CONSISTENT,OK,0,1,30.00,0.180,0.345,55,1,0.279,-0.40,nav,nav,0.0000,-0.5959,-2.0663,0.0921,2.5675
11767.573,151.508,exp1,RETURN_HOME,CONSISTENT,OK,0,1,30.10,0.195,0.309,55,1,0.279,-0.40,nav,nav,0.0000,-0.7559,-2.0673,0.0921,2.5288
11767.678,151.608,exp1,RETURN_HOME,CONSISTENT,OK,0,1,30.20,0.216,0.315,54,1,0.262,-0.40,nav,nav,0.0000,-0.9159,-2.0680,0.0921,2.4772
11767.780,151.708,exp1,RETURN_HOME,CONSISTENT,OK,0,1,30.40,0.242,0.212,52,1,0.262,-0.40,nav,nav,0.0000,-1.0000,-2.0680,0.0921,2.3956
11767.881,151.808,exp1,RETURN_HOME,CONSISTENT,OK,0,1,30.40,0.242,0.212,52,1,0.262,-0.40,nav,nav,0.0000,-1.0000,-2.0680,0.0922,2.3337
11767.984,151.908,exp1,RETURN_HOME,CONSISTENT,OK,0,1,30.50,0.264,0.200,50,1,0.259,-0.40,nav,nav,0.0000,-1.0000,-2.0680,0.0929,2.2594
11768.084,152.008,exp1,RETURN_HOME,CONSISTENT,OK,0,1,30.60,0.249,0.216,51,1,0.259,-0.40,nav,nav,0.0000,-1.0000,-2.0680,0.0932,2.1905
11768.184,152.108,exp1,RETURN_HOME,CONSISTENT,OK,0,1,30.70,0.254,0.216,51,1,0.259,-0.40,nav,nav,0.0000,-1.0000,-2.0680,0.0938,2.1268
11768.285,152.208,exp1,RETURN_HOME,CONSISTENT,OK,0,1,30.80,0.284,0.154,52,1,0.259,-0.40,nav,nav,0.0000,-1.0000,-2.0681,0.0945,2.0673
11768.386,152.308,exp1,RETURN_HOME,CONSISTENT,OK,0,1,30.90,0.263,0.226,53,1,0.259,-0.40,nav,nav,0.0000,-1.0000,-2.0683,0.0952,2.0038
11768.487,152.408,exp1,RETURN_HOME,CONSISTENT,OK,0,1,31.00,0.280,0.208,53,1,0.259,-0.40,nav,nav,0.0000,-1.0000,-2.0686,0.0957,1.9253
11768.589,152.508,exp1,RETURN_HOME,CONSISTENT,OK,0,1,31.10,0.294,0.185,54,1,0.257,-0.40,nav,nav,0.0000,-1.0000,-2.0677,0.0958,1.8370
11768.689,152.608,exp1,RETURN_HOME,CONSISTENT,OK,0,1,31.20,0.268,0.200,55,1,0.257,-0.40,nav,nav,0.0000,-1.0000,-2.0647,0.0958,1.7438
11768.789,152.708,exp1,RETURN_HOME,CONSISTENT,OK,0,1,31.30,0.283,0.196,56,1,0.257,-0.40,nav,nav,0.0000,-1.0000,-2.0595,0.0958,1.6452
11768.889,152.808,exp1,RETURN_HOME,CONSISTENT,OK,0,1,31.40,0.293,0.241,58,1,0.268,-0.40,nav,nav,0.0000,-1.0000,-2.0523,0.0958,1.5408
11768.989,152.908,exp1,RETURN_HOME,CONSISTENT,OK,0,1,31.50,0.216,0.259,58,1,0.268,-0.40,nav,nav,0.0000,-1.0000,-2.0437,0.0958,1.4394
11769.097,153.008,exp1,RETURN_HOME,CONSISTENT,OK,0,1,31.60,0.231,0.217,60,1,0.268,-0.40,nav,nav,0.0000,-0.8462,-2.0365,0.0958,1.3474
11769.196,153.108,exp1,RETURN_HOME,CONSISTENT,OK,0,1,31.70,0.205,0.267,60,1,0.266,-0.40,nav,nav,0.0000,-0.7949,-2.0312,0.0958,1.2726
11769.302,153.208,exp1,RETURN_HOME,CONSISTENT,OK,0,1,31.80,0.187,0.305,59,1,0.266,-0.40,nav,nav,0.0000,-0.7436,-2.0270,0.0958,1.2053
11769.407,153.308,exp1,RETURN_HOME,CONSISTENT,OK,0,1,31.90,0.182,0.322,59,1,0.266,-0.40,nav,nav,0.0000,-0.7436,-2.0237,0.0958,1.1427
11769.513,153.408,exp1,RETURN_HOME,CONSISTENT,OK,0,1,32.00,0.187,0.305,59,1,0.260,-0.40,nav,nav,0.0000,-0.7436,-2.0213,0.0957,1.0863
11769.623,153.508,exp1,RETURN_HOME,CONSISTENT,OK,0,1,32.10,0.174,0.305,59,1,0.260,-0.40,nav,nav,0.0000,-0.7436,-2.0195,0.0954,1.0285
11769.725,153.608,exp1,RETURN_HOME,CONSISTENT,OK,0,1,32.20,0.199,0.250,60,1,0.260,-0.40,nav,nav,0.0000,-0.7436,-2.0184,0.0952,0.9737
11769.838,153.708,exp1,RETURN_HOME,CONSISTENT,OK,0,1,32.30,0.197,0.217,60,1,0.253,-0.40,nav,nav,0.0000,-0.9036,-2.0182,0.0945,0.9176
11769.951,153.808,exp1,RETURN_HOME,CONSISTENT,OK,0,1,32.40,0.190,0.254,59,1,0.253,-0.40,nav,nav,0.0000,-1.0000,-2.0182,0.0944,0.8533
11770.063,153.908,exp1,RETURN_HOME,CONSISTENT,OK,0,1,32.50,0.201,0.220,59,1,0.253,-0.40,nav,nav,0.0000,-1.0000,-2.0182,0.0945,0.7792
11770.167,154.008,exp1,RETURN_HOME,CONSISTENT,OK,0,1,32.60,0.236,0.136,59,1,0.245,-0.40,nav,nav,0.0000,-1.0000,-2.0175,0.0945,0.7037
11770.279,154.108,exp1,RETURN_HOME,CONSISTENT,OK,0,1,32.70,0.220,0.186,59,1,0.245,-0.40,nav,nav,0.0316,-1.0000,-2.0172,0.0945,0.6338
11770.411,154.208,exp1,RETURN_HOME,CONSISTENT,OK,0,1,32.80,0.219,0.169,59,1,0.245,-0.40,nav,nav,0.0316,-1.0000,-2.0142,0.0960,0.5535
11770.529,154.308,exp1,PLACE,CONSISTENT,OK,0,1,32.90,0.266,0.169,59,1,0.252,-0.40,nav,nav,0.0316,-1.0000,-2.0117,0.0970,0.5042
11770.643,154.408,exp1,PLACE,CONSISTENT,OK,0,1,33.00,0.250,0.167,60,1,0.252,-0.40,nav,nav,0.0000,0.0000,-2.0089,0.0981,0.4416
11770.762,154.508,exp1,PLACE,CONSISTENT,OK,0,1,33.10,0.258,0.150,60,1,0.252,-0.40,idle,none,0.0000,0.0000,-2.0087,0.0999,0.3899
11770.865,154.608,exp1,PLACE,CONSISTENT,OK,0,1,33.20,0.257,0.150,60,1,0.251,-0.40,idle,none,0.0000,0.0000,-2.0087,0.0999,0.3697
11770.961,154.708,exp1,PLACE,CONSISTENT,OK,0,1,33.31,0.193,0.271,59,1,0.251,-0.39,idle,none,0.0000,0.0000,-2.0087,0.0999,0.3695
11771.070,154.810,exp1,PLACE,CONSISTENT,OK,0,1,33.40,0.196,0.267,60,1,0.251,-0.40,idle,none,0.0000,0.0000,-2.0087,0.0999,0.3695
11771.169,154.908,exp1,PLACE,CONSISTENT,OK,0,1,33.50,0.196,0.267,60,1,0.251,-0.40,idle,none,0.0000,0.0000,-2.0087,0.0999,0.3695
11771.283,155.008,exp1,PLACE,CONSISTENT,OK,0,1,33.60,0.173,0.333,60,1,0.251,-0.40,idle,none,0.0000,0.0000,-2.0087,0.0999,0.3695
11771.383,155.108,exp1,PLACE,CONSISTENT,OK,0,1,33.70,0.168,0.350,60,1,0.251,-0.40,idle,none,0.0000,0.0000,-2.0087,0.0999,0.3695
11771.489,155.208,exp1,PLACE,CONSISTENT,OK,0,1,33.80,0.168,0.350,60,1,0.251,-0.40,idle,none,0.0000,0.0000,-2.0087,0.0999,0.3695
11771.590,155.308,exp1,PLACE,CONSISTENT,OK,0,1,33.90,0.168,0.350,60,1,0.251,-0.40,idle,none,0.0000,0.0000,-2.0087,0.0999,0.3695
11771.699,155.408,exp1,PLACE,CONSISTENT,OK,0,1,34.00,0.168,0.350,60,1,0.251,-0.40,idle,none,0.0000,0.0000,-2.0087,0.0999,0.3695
11771.795,155.508,exp1,PLACE,CONSISTENT,OK,0,1,34.10,0.168,0.350,60,1,0.251,-0.40,idle,none,0.0000,0.0000,-2.0087,0.0999,0.3695
11771.896,155.608,exp1,PLACE,CONSISTENT,OK,0,1,34.20,0.168,0.350,60,1,0.251,-0.40,idle,none,0.0000,0.0000,-2.0087,0.0999,0.3695
11771.999,155.708,exp1,PLACE,CONSISTENT,OK,0,1,34.30,0.168,0.350,60,1,0.251,-0.40,idle,none,0.0000,0.0000,-2.0087,0.0999,0.3695
11772.114,155.808,exp1,PLACE,CONSISTENT,OK,0,1,34.40,0.168,0.350,60,1,0.251,-0.40,idle,none,0.0000,0.0000,-2.0087,0.0999,0.3695
11772.215,155.908,exp1,PLACE,CONSISTENT,OK,0,1,34.50,0.168,0.350,60,1,0.251,-0.40,idle,none,0.0000,0.0000,-2.0087,0.0999,0.3695
11772.321,156.008,exp1,PLACE,CONSISTENT,OK,0,1,34.60,0.168,0.350,60,1,0.251,-0.40,idle,none,0.0000,0.0000,-2.0087,0.0999,0.3695
11772.425,156.108,exp1,PLACE,CONSISTENT,OK,0,1,34.70,0.168,0.350,60,1,0.251,-0.40,idle,none,0.0000,0.0000,-2.0087,0.0999,0.3695
11772.533,156.208,exp1,PLACE,CONSISTENT,OK,0,1,34.80,0.168,0.350,60,1,0.251,-0.40,idle,none,0.0000,0.0000,-2.0087,0.0999,0.3695
11772.632,156.308,exp1,PLACE,CONSISTENT,OK,0,1,34.90,0.168,0.350,60,1,0.251,-0.40,idle,none,0.0000,0.0000,-2.0087,0.0999,0.3695
11772.732,156.408,exp1,PLACE,CONSISTENT,OK,0,1,35.00,0.179,0.350,60,1,0.251,-0.40,idle,none,0.0000,0.0000,-2.0087,0.0999,0.3695
11772.832,156.508,exp1,PLACE,CONSISTENT,OK,0,1,35.10,0.191,0.350,60,1,0.251,-0.40,idle,none,0.0000,0.0000,-2.0087,0.0999,0.3695
11772.945,156.608,exp1,PLACE,CONSISTENT,OK,0,1,35.20,0.191,0.350,60,1,0.251,-0.40,idle,none,0.0000,0.0000,-2.0087,0.0999,0.3695
11773.045,156.708,exp1,PLACE,CONSISTENT,OK,0,1,35.30,0.191,0.350,60,1,0.251,-0.40,idle,none,0.0000,0.0000,-2.0087,0.0999,0.3695
11773.157,156.808,exp1,PLACE,CONSISTENT,OK,0,1,35.40,0.191,0.350,60,1,0.251,-0.40,idle,none,0.0000,0.0000,-2.0087,0.0999,0.3695
11773.259,156.908,exp1,PLACE,CONSISTENT,OK,0,1,35.50,0.191,0.350,60,1,0.251,-0.40,idle,none,0.0000,0.0000,-2.0087,0.0999,0.3695
11773.371,157.008,exp1,PLACE,CONSISTENT,OK,0,1,35.60,0.191,0.350,60,1,0.251,-0.40,idle,none,0.0000,0.0000,-2.0087,0.0999,0.3695
11773.471,157.108,exp1,PLACE,CONSISTENT,OK,0,1,35.70,0.180,0.350,60,1,0.251,-0.40,idle,none,0.0000,0.0000,-2.0087,0.0999,0.3695
11773.580,157.208,exp1,PLACE,CONSISTENT,OK,0,1,35.80,0.180,0.350,60,1,0.251,-0.40,idle,none,0.0000,0.0000,-2.0087,0.0999,0.3695
11773.680,157.308,exp1,PLACE,CONSISTENT,OK,0,1,35.90,0.180,0.350,60,1,0.251,-0.40,idle,none,0.0000,0.0000,-2.0087,0.0999,0.3695
11773.783,157.408,exp1,PLACE,CONSISTENT,OK,0,1,36.00,0.180,0.350,60,1,0.251,-0.40,idle,none,0.0000,0.0000,-2.0087,0.0999,0.3695
11773.882,157.508,exp1,PLACE,CONSISTENT,OK,0,1,36.10,0.180,0.350,60,1,0.251,-0.40,idle,none,0.0000,0.0000,-2.0087,0.0999,0.3695
11773.986,157.608,exp1,PLACE,CONSISTENT,OK,0,1,36.20,0.180,0.350,60,1,0.251,-0.40,idle,none,0.0000,0.0000,-2.0087,0.0999,0.3695
11774.093,157.708,exp1,PLACE,CONSISTENT,OK,0,1,36.30,0.180,0.350,60,1,0.251,-0.40,idle,none,0.0000,0.0000,-2.0087,0.0999,0.3695
11774.187,157.808,exp1,PLACE,CONSISTENT,OK,0,1,36.40,0.180,0.350,60,1,0.251,-0.40,idle,none,0.0000,0.0000,-2.0087,0.0999,0.3695
11774.290,157.910,exp1,PLACE,CONSISTENT,OK,0,1,36.50,0.179,0.350,60,1,0.251,-0.40,idle,none,0.0000,0.0000,-2.0087,0.0999,0.3695
11774.387,158.008,exp1,PLACE,CONSISTENT,OK,0,1,36.60,0.179,0.350,60,1,0.251,-0.40,idle,none,0.0000,0.0000,-2.0087,0.0999,0.3695
11774.492,158.112,exp1,PLACE,CONSISTENT,OK,0,1,36.70,0.179,0.350,60,1,0.251,-0.40,idle,none,0.0000,0.0000,-2.0087,0.0999,0.3695
11774.587,158.208,exp1,PLACE,CONSISTENT,OK,0,1,36.80,0.179,0.350,60,1,0.251,-0.40,idle,none,0.0000,0.0000,-2.0087,0.0999,0.3695
11774.687,158.308,exp1,PLACE,CONSISTENT,OK,0,1,36.90,0.179,0.350,60,1,0.251,-0.40,idle,none,0.0000,0.0000,-2.0087,0.0999,0.3695
11774.790,158.408,exp1,PLACE,CONSISTENT,OK,0,1,37.00,0.189,0.350,60,1,0.251,-0.40,idle,none,0.0000,0.0000,-2.0087,0.0999,0.3695
11774.889,158.508,exp1,PLACE,CONSISTENT,OK,0,1,37.10,0.201,0.350,60,1,0.251,-0.40,idle,none,0.0000,0.0000,-2.0087,0.0999,0.3695
11774.988,158.608,exp1,PLACE,CONSISTENT,OK,0,1,37.20,0.201,0.350,60,1,0.251,-0.40,idle,none,0.0000,0.0000,-2.0087,0.0999,0.3695
11775.088,158.708,exp1,PLACE,CONSISTENT,OK,0,1,37.30,0.212,0.350,60,1,0.251,-0.40,idle,none,0.0000,0.0000,-2.0087,0.0999,0.3695
11775.189,158.808,exp1,PLACE,CONSISTENT,OK,0,1,37.40,0.234,0.350,60,1,0.251,-0.40,idle,none,0.0000,0.0000,-2.0087,0.0999,0.3695
11775.292,158.908,exp1,PLACE,CONSISTENT,OK,0,1,37.50,0.234,0.350,60,1,0.251,-0.40,idle,none,0.0000,0.0000,-2.0087,0.0999,0.3695
11775.394,159.008,exp1,PLACE,CONSISTENT,OK,0,1,37.60,0.234,0.350,60,1,0.251,-0.40,idle,none,0.0000,0.0000,-2.0087,0.0999,0.3695
11775.503,159.108,exp1,PLACE,CONSISTENT,OK,0,1,37.70,0.234,0.350,60,1,0.251,-0.40,idle,none,0.0000,0.0000,-2.0087,0.0999,0.3695
11775.607,159.208,exp1,PLACE,CONSISTENT,OK,0,1,37.80,0.223,0.350,60,1,0.251,-0.40,idle,none,0.0000,0.0000,-2.0087,0.0999,0.3695
11775.715,159.308,exp1,PLACE,CONSISTENT,OK,0,1,37.90,0.223,0.350,60,1,0.251,-0.40,idle,none,0.0000,0.0000,-2.0087,0.0999,0.3695
11775.817,159.408,exp1,PLACE,CONSISTENT,OK,0,1,38.00,0.223,0.350,60,1,0.251,-0.40,idle,none,0.0000,0.0000,-2.0087,0.0999,0.3695
11775.919,159.508,exp1,PLACE,STALE,POSE_STALE,0,0,0.00,0.223,0.350,60,1,0.251,-0.40,idle,none,0.0000,0.0000,-2.0087,0.0999,0.3695
11776.022,159.608,exp1,PLACE,STALE,POSE_STALE,0,0,0.10,0.223,0.350,60,1,0.251,-0.40,idle,none,0.0000,0.0000,-2.0087,0.0999,0.3695
11776.126,159.708,exp1,PLACE,STALE,POSE_STALE,0,0,0.20,0.223,0.350,60,1,0.251,-0.40,idle,none,0.0000,0.0000,-2.0087,0.0999,0.3695
11776.226,159.808,exp1,PLACE,STALE,POSE_STALE,0,0,0.30,0.213,0.350,60,1,0.251,-0.40,idle,none,0.0000,0.0000,-2.0087,0.0999,0.3695
11776.339,159.908,exp1,PLACE,STALE,POSE_STALE,0,0,0.40,0.213,0.350,60,1,0.251,-0.40,idle,none,0.0000,0.0000,-2.0087,0.0999,0.3695
11776.442,160.008,exp1,PLACE,STALE,POSE_STALE,0,0,0.50,0.212,0.350,60,1,0.251,-0.40,idle,none,0.0000,0.0000,-2.0087,0.0999,0.3695
11776.554,160.108,exp1,PLACE,STALE,POSE_STALE,0,0,0.70,0.212,0.350,60,1,0.251,-0.40,idle,none,0.0000,0.0000,-2.0087,0.0999,0.3695
11776.658,160.208,exp1,PLACE,STALE,POSE_STALE,0,0,0.80,0.212,0.350,60,1,0.251,-0.40,idle,none,0.0000,0.0000,-2.0087,0.0999,0.3695
11776.765,160.308,exp1,PLACE,STALE,POSE_STALE,0,0,0.80,0.212,0.350,60,1,0.251,-0.40,idle,none,0.0000,0.0000,-2.0087,0.0999,0.3695
11776.878,160.408,exp1,PLACE,STALE,POSE_STALE,0,0,0.90,0.212,0.350,60,1,0.251,-0.40,idle,none,0.0000,0.0000,-2.0087,0.0999,0.3695
11776.995,160.508,exp1,PLACE,STALE,POSE_STALE,0,0,1.00,0.203,0.350,60,1,0.251,-0.40,idle,none,0.0000,0.0000,-2.0087,0.0999,0.3695
11777.097,160.608,exp1,PLACE,STALE,POSE_STALE,0,0,1.10,0.203,0.350,60,1,0.251,-0.40,idle,none,0.0000,0.0000,-2.0087,0.0999,0.3695
11777.197,160.708,exp1,PLACE,STALE,POSE_STALE,0,0,1.20,0.203,0.350,60,1,0.251,-0.40,idle,none,0.0000,0.0000,-2.0087,0.0999,0.3695
11777.302,160.808,exp1,PLACE,STALE,POSE_STALE,0,0,1.30,0.202,0.350,60,1,0.251,-0.40,idle,none,0.0000,0.0000,-2.0087,0.0999,0.3695
11777.405,160.910,exp1,PLACE,STALE,POSE_STALE,0,0,1.50,0.201,0.350,60,1,0.251,-0.40,idle,none,0.0000,0.0000,-2.0087,0.0999,0.3695
11777.512,161.008,exp1,PLACE,STALE,POSE_STALE,0,0,1.50,0.201,0.350,60,1,0.251,-0.40,idle,none,0.0000,0.0000,-2.0087,0.0999,0.3695
11777.604,161.108,exp1,PLACE,STALE,POSE_STALE,0,0,1.60,0.201,0.350,60,1,0.251,-0.40,idle,none,0.0000,0.0000,-2.0087,0.0999,0.3695
11777.708,161.208,exp1,PLACE,STALE,POSE_STALE,0,0,1.70,0.201,0.350,60,1,0.251,-0.40,idle,none,0.0000,0.0000,-2.0087,0.0999,0.3695
11777.807,161.308,exp1,PLACE,STALE,POSE_STALE,0,0,1.80,0.191,0.350,60,1,0.251,-0.40,idle,none,0.0000,0.0000,-2.0087,0.0999,0.3695
11777.911,161.408,exp1,PLACE,STALE,POSE_STALE,0,0,1.90,0.191,0.350,60,1,0.251,-0.40,idle,none,0.0000,0.0000,-2.0087,0.0999,0.3695
11778.012,161.508,exp1,PLACE,STALE,POSE_STALE,1,0,2.00,0.191,0.350,60,1,0.251,-0.40,idle,none,0.0000,0.0000,-2.0087,0.0999,0.3695
11778.117,161.608,exp1,PLACE,STALE,POSE_STALE,1,0,2.10,0.191,0.350,60,1,0.251,-0.40,idle,none,0.0000,0.0000,-2.0087,0.0999,0.3695
11778.216,161.708,exp1,PLACE,STALE,POSE_STALE,1,0,2.20,0.191,0.350,60,1,0.251,-0.40,idle,none,0.0000,0.0000,-2.0087,0.0999,0.3695
11778.315,161.808,exp1,PLACE,STALE,POSE_STALE,1,0,2.30,0.191,0.350,60,1,0.251,-0.40,idle,none,0.0000,0.0000,-2.0087,0.0999,0.3695
11778.417,161.908,exp1,PLACE,STALE,POSE_STALE,1,0,2.40,0.191,0.350,60,1,0.251,-0.40,idle,none,0.0000,0.0000,-2.0087,0.0999,0.3695
11778.518,162.008,exp1,PLACE,STALE,POSE_STALE,1,0,2.50,0.191,0.350,60,1,0.251,-0.40,idle,none,0.0000,0.0000,-2.0087,0.0999,0.3695
11778.625,162.108,exp1,PLACE,STALE,POSE_STALE,1,0,2.60,0.191,0.350,60,1,0.251,-0.40,idle,none,0.0000,0.0000,-2.0087,0.0999,0.3695
11778.726,162.208,exp1,PLACE,STALE,POSE_STALE,1,0,2.70,0.191,0.350,60,1,0.251,-0.40,idle,none,0.0000,0.0000,-2.0087,0.0999,0.3695
11778.827,162.308,exp1,PLACE,STALE,POSE_STALE,1,0,2.80,0.191,0.350,60,1,0.251,-0.40,idle,none,0.0000,0.0000,-2.0087,0.0999,0.3695
11778.939,162.408,exp1,PLACE,STALE,POSE_STALE,1,0,2.90,0.168,0.350,60,1,0.251,-0.40,idle,none,0.0000,0.0000,-2.0087,0.0999,0.3695
11779.038,162.508,exp1,PLACE,STALE,POSE_STALE,1,0,3.00,0.168,0.350,60,1,0.251,-0.40,idle,none,0.0000,0.0000,-2.0087,0.0999,0.3695
11779.142,162.608,exp1,PLACE,STALE,POSE_STALE,1,0,3.10,0.168,0.350,60,1,0.251,-0.40,idle,none,0.0000,0.0000,-2.0087,0.0999,0.3695
11779.242,162.708,exp1,PLACE,STALE,POSE_STALE,1,0,3.20,0.168,0.350,60,1,0.251,-0.40,idle,none,0.0000,0.0000,-2.0087,0.0999,0.3695
11779.344,162.808,exp1,PLACE,STALE,POSE_STALE,1,0,3.30,0.168,0.350,60,1,0.251,-0.40,idle,none,0.0000,0.0000,-2.0087,0.0999,0.3695
11779.444,162.908,exp1,PLACE,STALE,POSE_STALE,1,0,3.40,0.168,0.350,60,1,0.251,-0.40,idle,none,0.0000,0.0000,-2.0087,0.0999,0.3695
11779.546,163.008,exp1,PLACE,STALE,POSE_STALE,1,0,3.50,0.168,0.350,60,1,0.251,-0.40,idle,none,0.0000,0.0000,-2.0087,0.0999,0.3695
11779.649,163.108,exp1,PLACE,STALE,POSE_STALE,1,0,3.60,0.168,0.350,60,1,0.251,-0.40,idle,none,0.0000,0.0000,-2.0087,0.0999,0.3695
11779.757,163.208,exp1,PLACE,STALE,POSE_STALE,1,0,3.70,0.168,0.350,60,1,0.251,-0.40,idle,none,0.0000,0.0000,-2.0087,0.0999,0.3695
11779.857,163.308,exp1,PLACE,STALE,POSE_STALE,1,0,3.80,0.168,0.350,60,1,0.251,-0.40,idle,none,0.0000,0.0000,-2.0087,0.0999,0.3695
11779.971,163.408,exp1,PLACE,STALE,POSE_STALE,1,0,3.90,0.168,0.350,60,1,0.251,-0.40,idle,none,0.0000,0.0000,-2.0087,0.0999,0.3695
11780.073,163.508,exp1,PLACE,STALE,POSE_STALE,1,0,4.00,0.168,0.350,60,1,0.251,-0.40,idle,none,0.0000,0.0000,-2.0087,0.0999,0.3695
11780.176,163.608,exp1,PLACE,STALE,POSE_STALE,1,0,4.10,0.168,0.350,60,1,0.251,-0.40,idle,none,0.0000,0.0000,-2.0087,0.0999,0.3695
11780.276,163.708,exp1,PLACE,STALE,POSE_STALE,1,0,4.20,0.168,0.350,60,1,0.251,-0.40,idle,none,0.0000,0.0000,-2.0087,0.0999,0.3695
11780.378,163.808,exp1,PLACE,STALE,POSE_STALE,1,0,4.30,0.168,0.350,60,1,0.251,-0.40,idle,none,0.0000,0.0000,-2.0087,0.0999,0.3695
11780.478,163.908,exp1,PLACE,STALE,POSE_STALE,1,0,4.40,0.168,0.350,60,1,0.251,-0.40,idle,none,0.0000,0.0000,-2.0087,0.0999,0.3695
11780.582,164.008,exp1,PLACE,STALE,POSE_STALE,1,0,4.50,0.168,0.350,60,1,0.251,-0.40,idle,none,0.0000,0.0000,-2.0087,0.0999,0.3695
11780.684,164.108,exp1,PLACE,STALE,POSE_STALE,1,0,4.60,0.168,0.350,60,1,0.251,-0.40,idle,none,0.0000,0.0000,-2.0087,0.0999,0.3695
11780.782,164.208,exp1,PLACE,STALE,POSE_STALE,1,0,4.70,0.168,0.350,60,1,0.251,-0.40,idle,none,0.0000,0.0000,-2.0087,0.0999,0.3695
11780.885,164.308,exp1,PLACE,STALE,POSE_STALE,1,0,4.80,0.168,0.350,60,1,0.251,-0.40,idle,none,0.0000,0.0000,-2.0087,0.0999,0.3695
11780.982,164.408,exp1,PLACE,STALE,POSE_STALE,1,0,4.90,0.168,0.350,60,1,0.251,-0.40,idle,none,0.0000,0.0000,-2.0087,0.0999,0.3697
11781.083,164.508,exp1,PLACE,STALE,POSE_STALE,1,0,5.00,0.168,0.350,60,1,0.251,-0.40,idle,none,0.0000,0.0000,-2.0087,0.0999,0.3697
11781.182,164.608,exp1,PLACE,STALE,POSE_STALE,1,0,5.10,0.167,0.367,60,1,0.251,-0.40,idle,none,0.0000,0.0000,-2.0087,0.0999,0.3697
11781.282,164.708,exp1,PLACE,STALE,POSE_STALE,1,0,5.20,0.168,0.350,60,1,0.251,-0.40,idle,none,0.0000,0.0000,-2.0087,0.0999,0.3697
11781.385,164.808,exp1,PLACE,STALE,POSE_STALE,1,0,5.30,0.168,0.350,60,1,0.251,-0.40,idle,none,0.0000,0.0000,-2.0087,0.0999,0.3697
11781.486,164.908,exp1,PLACE,STALE,POSE_STALE,1,0,5.40,0.168,0.350,60,1,0.251,-0.40,idle,none,0.0000,0.0000,-2.0087,0.0999,0.3697
11781.586,165.008,exp1,PLACE,STALE,POSE_STALE,1,0,5.50,0.168,0.350,60,1,0.251,-0.40,idle,none,0.0000,0.0000,-2.0087,0.0999,0.3697
11781.686,165.108,exp1,PLACE,STALE,POSE_STALE,1,0,5.60,0.168,0.350,60,1,0.251,-0.40,idle,none,0.0000,0.0000,-2.0087,0.0999,0.3697
11781.788,165.208,exp1,PLACE,STALE,POSE_STALE,1,0,5.70,0.168,0.350,60,1,0.251,-0.40,idle,none,0.0000,0.0000,-2.0087,0.0999,0.3697
11781.893,165.308,exp1,PLACE,STALE,POSE_STALE,1,0,5.90,0.168,0.350,60,1,0.251,-0.40,idle,none,0.0000,0.0000,-2.0087,0.0999,0.3697
11781.993,165.408,exp1,PLACE,STALE,POSE_STALE,1,0,5.90,0.168,0.350,60,1,0.251,-0.40,idle,none,0.0000,0.0000,-2.0087,0.0999,0.3697
11782.093,165.508,exp1,PLACE,STALE,POSE_STALE,1,0,6.00,0.168,0.350,60,1,0.251,-0.40,idle,none,0.0000,0.0000,-2.0087,0.0999,0.3697
11782.193,165.608,exp1,PLACE,STALE,POSE_STALE,1,0,6.10,0.168,0.350,60,1,0.251,-0.40,idle,none,0.0000,0.0000,-2.0087,0.0999,0.3697
11782.294,165.708,exp1,PLACE,STALE,POSE_STALE,1,0,6.20,0.168,0.350,60,1,0.251,-0.40,idle,none,0.0000,0.0000,-2.0087,0.0999,0.3697
11782.393,165.808,exp1,PLACE,STALE,POSE_STALE,1,0,6.30,0.168,0.350,60,1,0.251,-0.40,idle,none,0.0000,0.0000,-2.0087,0.0999,0.3697
11782.499,165.908,exp1,PLACE,STALE,POSE_STALE,1,0,6.40,0.168,0.350,60,1,0.251,-0.40,idle,none,0.0000,0.0000,-2.0087,0.0999,0.3697
11782.600,166.008,exp1,PLACE,STALE,POSE_STALE,1,0,6.50,0.168,0.350,60,1,0.251,-0.40,idle,none,0.0000,0.0000,-2.0087,0.0999,0.3697
11782.709,166.108,exp1,PLACE,STALE,POSE_STALE,1,0,6.60,0.168,0.350,60,1,0.251,-0.40,idle,none,0.0000,0.0000,-2.0087,0.0999,0.3697
11782.808,166.208,exp1,PLACE,STALE,POSE_STALE,1,0,6.70,0.168,0.350,60,1,0.251,-0.40,idle,none,0.0000,0.0000,-2.0087,0.0999,0.3697
11782.920,166.310,exp1,PLACE,STALE,POSE_STALE,1,0,6.90,0.168,0.350,60,1,0.251,-0.40,idle,none,0.0000,0.0000,-2.0087,0.0999,0.3697
11783.017,166.408,exp1,PLACE,STALE,POSE_STALE,1,0,6.90,0.168,0.350,60,1,0.251,-0.40,idle,none,0.0000,0.0000,-2.0087,0.0999,0.3697
11783.124,166.508,exp1,PLACE,STALE,POSE_STALE,1,0,7.00,0.168,0.350,60,1,0.251,-0.40,idle,none,0.0000,0.0000,-2.0087,0.0999,0.3697
11783.223,166.608,exp1,PLACE,STALE,POSE_STALE,1,0,7.10,0.168,0.350,60,1,0.251,-0.40,idle,none,0.0000,0.0000,-2.0087,0.0999,0.3697
11783.330,166.708,exp1,PLACE,STALE,POSE_STALE,1,0,7.20,0.168,0.350,60,1,0.251,-0.40,idle,none,0.0000,0.0000,-2.0087,0.0999,0.3697
11783.430,166.808,exp1,PLACE,STALE,POSE_STALE,1,0,7.30,0.168,0.350,60,1,0.251,-0.40,idle,none,0.0000,0.0000,-2.0087,0.0999,0.3697
11783.535,166.908,exp1,PLACE,STALE,POSE_STALE,1,0,7.40,0.168,0.350,60,1,0.251,-0.40,idle,none,0.0000,0.0000,-2.0087,0.0999,0.3697
11783.648,167.008,exp1,PLACE,STALE,POSE_STALE,1,0,7.50,0.168,0.350,60,1,0.251,-0.40,idle,none,0.0000,0.0000,-2.0087,0.0999,0.3697
11783.757,167.108,exp1,PLACE,STALE,POSE_STALE,1,0,7.60,0.168,0.350,60,1,0.251,-0.40,idle,none,0.0000,0.0000,-2.0087,0.0999,0.3697
11783.867,167.208,exp1,PLACE,STALE,POSE_STALE,1,0,7.70,0.168,0.350,60,1,0.251,-0.40,idle,none,0.0000,0.0000,-2.0087,0.0999,0.3697
11783.982,167.308,exp1,PLACE,STALE,POSE_STALE,1,0,7.80,0.168,0.350,60,1,0.251,-0.40,idle,none,0.0000,0.0000,-2.0087,0.0999,0.3697
11784.092,167.408,exp1,PLACE,STALE,POSE_STALE,1,0,7.90,0.168,0.350,60,1,0.251,-0.40,idle,none,0.0000,0.0000,-2.0087,0.0999,0.3697
11784.197,167.508,exp1,PLACE,STALE,POSE_STALE,1,0,8.00,0.168,0.350,60,1,0.251,-0.40,idle,none,0.0000,0.0000,-2.0087,0.0999,0.3697
11784.302,167.608,exp1,PLACE,STALE,POSE_STALE,1,0,8.10,0.168,0.350,60,1,0.251,-0.40,idle,none,0.0000,0.0000,-2.0087,0.0999,0.3697
11784.448,167.708,exp1,PLACE,STALE,POSE_STALE,1,0,8.20,0.168,0.350,60,1,0.251,-0.40,idle,none,0.0000,0.0000,-2.0087,0.0999,0.3697
11784.551,167.808,exp1,PLACE,STALE,POSE_STALE,1,0,8.30,0.168,0.350,60,1,0.251,-0.40,idle,none,0.0000,0.0000,-2.0087,0.0999,0.3697
11784.654,167.908,exp1,PLACE,STALE,POSE_STALE,1,0,8.40,0.168,0.350,60,1,0.251,-0.40,idle,none,0.0000,0.0000,-2.0087,0.0999,0.3697
11784.780,168.014,exp1,PLACE,STALE,POSE_STALE,1,0,8.50,0.168,0.350,60,1,0.251,-0.40,idle,none,0.0000,0.0000,-2.0087,0.0999,0.3697
11784.874,168.108,exp1,PLACE,STALE,POSE_STALE,1,0,8.60,0.168,0.350,60,1,0.251,-0.40,idle,none,0.0000,0.0000,-2.0087,0.0999,0.3697
11784.988,168.208,exp1,PLACE,STALE,POSE_STALE,1,0,8.70,0.168,0.350,60,1,0.251,-0.40,idle,none,0.0000,0.0000,-2.0087,0.0999,0.3697
11785.085,168.308,exp1,PLACE,STALE,POSE_STALE,1,0,8.80,0.168,0.350,60,1,0.251,-0.40,idle,none,0.0000,0.0000,-2.0087,0.0999,0.3697
11785.186,168.408,exp1,PLACE,STALE,POSE_STALE,1,0,8.90,0.191,0.333,60,1,0.251,-0.40,idle,none,0.0000,0.0000,-2.0087,0.0999,0.3697
11785.287,168.508,exp1,PLACE,STALE,POSE_STALE,1,0,9.00,0.202,0.333,60,1,0.251,-0.40,idle,none,0.0000,0.0000,-2.0087,0.0999,0.3697
11785.387,168.608,exp1,PLACE,STALE,POSE_STALE,1,0,9.10,0.206,0.333,60,1,0.251,-0.40,idle,none,0.0000,0.0000,-2.0087,0.0999,0.3697
11785.487,168.708,exp1,PLACE,STALE,POSE_STALE,1,0,9.20,0.203,0.350,60,1,0.251,-0.40,idle,none,0.0000,0.0000,-2.0087,0.0999,0.3697
11785.587,168.808,exp1,PLACE,STALE,POSE_STALE,1,0,9.30,0.203,0.350,60,1,0.251,-0.40,idle,none,0.0000,0.0000,-2.0087,0.0999,0.3697
11785.709,168.908,exp1,PLACE,STALE,POSE_STALE,1,0,9.40,0.200,0.350,60,1,0.251,-0.40,idle,none,0.0000,0.0000,-2.0087,0.0999,0.3697
11785.823,169.008,exp1,PLACE,STALE,POSE_STALE,1,0,9.50,0.201,0.350,60,1,0.251,-0.40,idle,none,0.0000,0.0000,-2.0087,0.0999,0.3697
11785.925,169.108,exp1,PLACE,STALE,POSE_STALE,1,0,9.60,0.201,0.350,60,1,0.251,-0.40,idle,none,0.0000,0.0000,-2.0087,0.0999,0.3697
11786.150,169.208,exp1,PLACE,STALE,POSE_STALE,1,0,9.70,0.201,0.350,60,1,0.251,-0.40,idle,none,0.0000,0.0000,-2.0087,0.0999,0.3697
11786.250,169.308,exp1,PLACE,STALE,POSE_STALE,1,0,9.80,0.201,0.350,60,1,0.251,-0.40,idle,none,0.0000,0.0000,-2.0087,0.0999,0.3697
11786.351,169.408,exp1,PLACE,STALE,POSE_STALE,1,0,9.90,0.201,0.350,60,1,0.251,-0.40,idle,none,0.0000,0.0000,-2.0087,0.0999,0.3697
11786.451,169.508,exp1,PLACE,STALE,POSE_STALE,1,0,10.00,0.201,0.350,60,1,0.251,-0.40,idle,none,0.0000,0.0000,-2.0087,0.0999,0.3697
11786.550,169.608,exp1,PLACE,STALE,POSE_STALE,1,0,10.10,0.201,0.350,60,1,0.251,-0.40,idle,none,0.0000,0.0000,-2.0087,0.0999,0.3697
11786.651,169.708,exp1,PLACE,STALE,POSE_STALE,1,0,10.20,0.201,0.350,60,1,0.251,-0.40,idle,none,0.0000,0.0000,-2.0087,0.0999,0.3697
11786.765,169.808,exp1,PLACE,STALE,POSE_STALE,1,0,10.30,0.201,0.350,60,1,0.251,-0.40,idle,none,0.0000,0.0000,-2.0087,0.0999,0.3697
11786.866,169.908,exp1,PLACE,STALE,POSE_STALE,1,0,10.40,0.201,0.350,60,1,0.251,-0.40,idle,none,0.0000,0.0000,-2.0087,0.0999,0.3697
11786.975,170.008,exp1,PLACE,STALE,POSE_STALE,1,0,10.50,0.201,0.350,60,1,0.251,-0.40,idle,none,0.0000,0.0000,-2.0087,0.0999,0.3697
11787.075,170.108,exp1,PLACE,STALE,POSE_STALE,1,0,10.60,0.201,0.350,60,1,0.251,-0.40,idle,none,0.0000,0.0000,-2.0087,0.0999,0.3697
11787.183,170.208,exp1,PLACE,STALE,POSE_STALE,1,0,10.70,0.203,0.350,60,1,0.251,-0.40,idle,none,0.0000,0.0000,-2.0087,0.0999,0.3697
11787.283,170.308,exp1,PLACE,STALE,POSE_STALE,1,0,10.80,0.206,0.333,60,1,0.251,-0.40,idle,none,0.0000,0.0000,-2.0087,0.0999,0.3697
11787.391,170.408,exp1,PLACE,STALE,POSE_STALE,1,0,10.90,0.168,0.350,60,1,0.251,-0.40,idle,none,0.0000,0.0000,-2.0087,0.0999,0.3697
11787.494,170.508,exp1,PLACE,STALE,POSE_STALE,1,0,11.00,0.168,0.350,60,1,0.251,-0.40,idle,none,0.0000,0.0000,-2.0087,0.0999,0.3697
11787.597,170.608,exp1,PLACE,STALE,POSE_STALE,1,0,11.10,0.168,0.350,60,1,0.251,-0.40,idle,none,0.0000,0.0000,-2.0087,0.0999,0.3697
11787.699,170.708,exp1,PLACE,STALE,POSE_STALE,1,0,11.30,0.168,0.350,60,1,0.251,-0.40,idle,none,0.0000,0.0000,-2.0087,0.0999,0.3697
11787.798,170.808,exp1,PLACE,STALE,POSE_STALE,1,0,11.30,0.168,0.350,60,1,0.251,-0.40,idle,none,0.0000,0.0000,-2.0087,0.0999,0.3697
11787.897,170.908,exp1,PLACE,STALE,POSE_STALE,1,0,11.40,0.168,0.350,60,1,0.251,-0.40,idle,none,0.0000,0.0000,-2.0087,0.0999,0.3697
11788.000,171.008,exp1,VERIFY_PLACEMENT,STALE,POSE_STALE,1,0,11.50,0.168,0.350,60,1,0.251,-0.40,idle,none,0.0000,0.0000,-2.0087,0.0999,0.3697
11788.101,171.108,exp1,VERIFY_PLACEMENT,STALE,POSE_STALE,1,0,11.60,0.168,0.350,60,1,0.251,-0.40,idle,none,0.0000,0.0000,-2.0087,0.0999,0.3697
11788.215,171.208,exp1,COMPLETE,STALE,POSE_STALE,1,0,11.70,0.168,0.350,60,1,0.251,-0.40,idle,none,0.0000,0.0000,-2.0087,0.0999,0.3697
