t_s,stamp,gt_x,gt_y,gt_yaw,goal_map_x,goal_map_y,n_valid,n_in_stop,n_in_slow,n_in_limit,d_min_base_m,r_min_lidar_m,monitor_action,monitor_polygon,v_nav,w_nav,v_smoothed,v_out,v_wheel
0.089,132.3,-2.0,0.0,-0.0,,,480,0,0,0,0.8217,0.9543,,,,,,,
0.21,132.4,-2.0,0.0,-0.0,,,480,0,0,0,0.8217,0.9543,,,,,,,
0.309,132.5,-2.0,0.0,-0.0,,,480,0,0,0,0.8217,0.9543,,,,,,,
0.427,132.6,-2.0,0.0,-0.0,,,480,0,0,0,0.8217,0.9543,,,,,,,
0.549,132.7,-2.0,0.0,-0.0,,,480,0,0,0,0.8217,0.9543,,,,,,,
0.665,132.8,-2.0,0.0,-0.0,,,480,0,0,0,0.8217,0.9543,,,,,,,
0.763,132.9,-2.0,0.0,-0.0,,,480,0,0,0,0.8217,0.9543,,,,,,,
0.868,133.0,-2.0,0.0,-0.0,,,480,0,0,0,0.8217,0.9543,,,,,,,
0.974,133.1,-2.0,0.0,-0.0,,,480,0,0,0,0.8217,0.9543,,,,,,,
1.078,133.2,-2.0,0.0,-0.0,,,480,0,0,0,0.8217,0.9543,,,,,,,
1.172,133.3,-2.0,0.0,-0.0,,,480,0,0,0,0.8217,0.9543,,,,,,,
1.281,133.4,-2.0,0.0,-0.0,,,480,0,0,0,0.8217,0.9543,,,,,,,
1.385,133.5,-2.0,0.0,-0.0,,,480,0,0,0,0.8217,0.9543,,,,,,,
1.488,133.6,-2.0,0.0,-0.0,,,480,0,0,0,0.8217,0.9543,,,,,,,
1.589,133.7,-2.0,0.0,-0.0,,,480,0,0,0,0.8217,0.9543,,,,,,,
1.681,133.8,-2.0,0.0,-0.0,,,480,0,0,0,0.8217,0.9543,,,,,,,
1.78,133.9,-2.0,0.0,-0.0,,,480,0,0,0,0.8217,0.9543,,,,,,,
1.879,134.0,-2.0,0.0,-0.0,,,480,0,0,0,0.8217,0.9543,,,,,,,
1.982,134.1,-2.0,0.0,-0.0,,,480,0,0,0,0.8217,0.9543,,,,,,,
2.092,134.2,-2.0,0.0,-0.0,-1.569,2.94,480,0,0,0,0.8217,0.9543,,,0.0,0.7949,,,
2.2,134.3,-2.0,0.0003,0.0081,-1.569,2.94,480,0,0,0,0.8243,0.9573,,,0.0,0.7949,0.0,0.0,0.0
2.299,134.4,-2.0,0.0019,0.0499,-1.569,2.94,480,0,0,0,0.8242,0.9579,,,0.0,0.7436,0.0,0.0,0.0
2.396,134.5,-2.0,0.005,0.1202,-1.569,2.94,480,0,0,0,0.825,0.9594,,,0.0,0.6923,0.0,0.0,0.0
2.496,134.6,-2.0,0.0096,0.1894,-1.569,2.94,480,0,0,0,0.8276,0.9621,,,0.0,0.641,0.0,0.0,0.0
2.596,134.7,-2.0,0.0142,0.2508,-1.569,2.94,480,0,0,0,0.833,0.9672,,,0.0,1.0,0.0,0.0,0.0
2.697,134.8,-2.0,0.0186,0.3172,-1.569,2.94,480,0,0,0,0.836,0.9693,,,0.0,0.9487,0.0,0.0,0.0
2.795,134.9,-2.0,0.0233,0.3987,-1.569,2.94,480,0,0,0,0.8346,0.9658,,,0.0,0.8974,0.0,0.0,0.0
2.9,135.0,-2.0,0.0269,0.4739,-1.569,2.94,480,0,0,0,0.8405,0.9691,,,0.0,0.8462,0.0,0.0,0.0
2.996,135.1,-2.0,0.0292,0.5417,-1.569,2.94,480,0,0,0,0.8402,0.966,,,0.0,0.7436,0.0,0.0,0.0
3.098,135.2,-2.0001,0.0306,0.6007,-1.569,2.94,480,0,0,0,0.842,0.9653,,,0.0,0.6923,0.0,0.0,0.0
3.216,135.3,-2.0004,0.0309,0.6505,-1.569,2.94,480,0,0,0,0.8421,0.9622,,,0.0,0.641,0.0,0.0,0.0
3.303,135.4,-2.0006,0.0309,0.6967,-1.569,2.94,480,0,0,0,0.8409,0.9587,,,0.0,1.0,0.0,0.0,0.0
3.411,135.5,-2.0011,0.0309,0.7511,-1.569,2.94,480,0,0,0,0.8427,0.9567,,,0.0,0.9487,0.0,0.0,0.0
3.497,135.6,-2.0013,0.0309,0.8244,-1.569,2.94,480,0,0,0,0.841,0.95,,,0.0,0.8462,0.0,0.0,0.0
3.603,135.7,-2.0013,0.0305,0.8894,-1.569,2.94,480,0,0,0,0.843,0.9466,,,0.0,0.7949,0.0,0.0,0.0
3.704,135.8,-2.0013,0.0307,0.9446,-1.569,2.94,480,0,0,0,0.841,0.9406,,,0.2526,1.0,0.125,0.0,0.0
3.813,135.9,-1.9986,0.0351,1.0083,-1.569,2.94,480,0,0,0,0.8417,0.9352,,,0.2368,1.0,0.2368,0.2368,0.2368
3.906,136.0,-1.9902,0.0529,1.0825,-1.569,2.94,480,0,0,0,0.8464,0.9307,,,0.3,1.0,0.3,0.2368,0.2368
4.013,136.1,-1.9809,0.077,1.1577,-1.569,2.94,480,0,0,0,0.8605,0.9338,,,0.2368,1.0,0.2368,0.2368,0.2368
4.112,136.2,-1.9726,0.1003,1.2402,-1.569,2.94,480,0,0,0,0.8679,0.9285,,,0.2842,1.0,0.2842,0.2842,0.2842
4.22,136.3,-1.9686,0.1253,1.3212,-1.569,2.94,480,0,0,0,0.8798,0.9282,,,0.3,0.6923,0.3,0.2842,0.2842
4.313,136.4,-1.9683,0.154,1.4002,-1.569,2.94,480,0,0,0,0.8953,0.9371,,,0.3,0.5897,0.3,0.3,0.3
4.413,136.5,-1.9688,0.1837,1.4596,-1.569,2.94,480,0,0,0,0.8771,1.0101,,,0.3,0.5897,0.3,0.3,0.3
4.512,136.6,-1.9706,0.2136,1.5193,-1.569,2.94,480,0,0,0,0.857,0.9912,,,0.3,0.4872,0.3,0.3,0.3
4.613,136.7,-1.9739,0.2436,1.5724,-1.569,2.94,480,0,0,0,0.8383,0.9728,,,0.2842,0.4359,0.2842,0.3,0.3
4.722,136.8,-1.9785,0.2723,1.6193,-1.569,2.94,480,0,0,0,0.8239,0.9581,,,0.3,0.3333,0.3,0.2842,0.2842
4.835,136.9,-1.9837,0.3019,1.6564,-1.569,2.94,480,0,0,0,0.8081,0.9413,,,0.3,0.2821,0.3,0.3,0.3
4.927,137.0,-1.9891,0.3317,1.6848,-1.569,2.94,480,0,0,0,0.7928,0.9248,,,0.3,0.2821,0.3,0.3,0.3
5.029,137.1,-1.9952,0.3615,1.7123,-1.569,2.94,480,0,0,0,0.7809,0.9112,,,0.3,0.1282,0.3,0.3,0.3
5.132,137.2,-2.0008,0.3912,1.7264,-1.569,2.94,480,0,0,0,0.7689,0.8974,,,0.3,0.2308,0.3,0.3,0.3
5.24,137.3,-2.0072,0.4207,1.748,-1.569,2.94,480,0,0,0,0.7602,0.8862,,,0.3,0.0,0.3,0.3,0.3
5.334,137.4,-2.013,0.4502,1.7526,-1.569,2.94,480,0,0,0,0.7502,0.8744,,,0.3,0.0769,0.3,0.3,0.3
5.435,137.5,-2.019,0.4797,1.7595,-1.569,2.94,480,0,0,0,0.7442,0.8658,,,0.3,0.0256,0.3,0.3,0.3
5.533,137.6,-2.0248,0.5092,1.7617,-1.569,2.94,480,0,0,0,0.737,0.8569,,,0.3,0.0,0.3,0.3,0.3
5.644,137.7,-2.0305,0.5386,1.7617,-1.569,2.94,480,0,0,0,0.7301,0.8476,,,0.3,-0.0256,0.3,0.3,0.3
5.747,137.8,-2.036,0.5681,1.7593,-1.569,2.94,480,0,0,0,0.7258,0.8409,,,0.2842,-0.0256,0.2842,0.2842,0.2842
5.845,137.9,-2.0412,0.5963,1.7574,-1.569,2.94,480,0,0,0,0.7211,0.8333,,,0.3,0.0,0.3,0.3,0.3
5.946,138.0,-2.0467,0.6255,1.757,-1.569,2.94,480,0,0,0,0.7194,0.8294,,,0.2842,-0.0256,0.2842,0.2842,0.2842
6.057,138.1,-2.0517,0.6535,1.7538,-1.569,2.94,480,0,0,0,0.7183,0.8253,,,0.2842,-0.0769,0.2842,0.2842,0.2842
6.147,138.2,-2.0563,0.6814,1.7473,-1.569,2.94,480,0,0,0,0.7167,0.8213,,,0.2842,-0.0256,0.2842,0.2842,0.2842
6.253,138.3,-2.0612,0.7099,1.7456,-1.569,2.94,480,0,0,0,0.7179,0.8193,,,0.3,0.0,0.3,0.3,0.3
6.348,138.4,-2.0663,0.7394,1.7434,-1.569,2.94,480,0,0,0,0.719,0.817,,,0.3,-0.1282,0.3,0.3,0.3
6.453,138.5,-2.0706,0.769,1.7324,-1.569,2.94,480,0,0,0,0.7216,0.817,,,0.3,-0.0769,0.3,0.3,0.3
6.567,138.6,-2.0747,0.7986,1.725,-1.569,2.94,480,0,0,0,0.7244,0.8171,,,0.2842,-0.0256,0.3,0.3,0.3
6.653,138.7,-2.0786,0.8278,1.719,-1.569,2.94,480,0,0,0,0.7283,0.8181,,,0.2842,-0.0256,0.2842,0.2842,0.2842
6.765,138.8,-2.0826,0.8563,1.7155,-1.569,2.94,480,0,0,0,0.7323,0.8206,,,0.2842,-0.0769,0.3,0.3,0.3
6.856,138.9,-2.0862,0.8856,1.7083,-1.569,2.94,480,0,0,0,0.7359,0.8232,,,0.2842,-0.0769,0.2842,0.2842,0.2842
6.963,139.0,-2.0894,0.9142,1.7009,-1.569,2.94,480,0,0,0,0.7392,0.8269,,,0.2842,-0.0769,0.3,0.3,0.3
7.064,139.1,-2.0926,0.9435,1.6936,-1.569,2.94,480,0,0,0,0.7424,0.8308,,,0.3,0.0256,0.2842,0.2842,0.2842
7.176,139.2,-2.0958,0.9725,1.6904,-1.569,2.94,480,0,0,0,0.7457,0.8344,,,0.2842,0.0256,0.3,0.3,0.3
7.275,139.3,-2.0995,1.0015,1.6929,-1.569,2.94,480,0,0,0,0.7494,0.8378,,,0.3,-0.0256,0.2842,0.2842,0.2842
7.38,139.4,-2.1032,1.0304,1.6935,-1.569,2.94,480,0,0,0,0.753,0.8414,,,0.2842,-0.0256,0.3,0.3,0.3
7.477,139.5,-2.1065,1.0594,1.6911,-1.569,2.94,480,0,0,0,0.7564,0.845,,,0.3,-0.0256,0.2842,0.2842,0.2842
7.589,139.6,-2.1098,1.0883,1.6887,-1.569,2.94,480,0,0,0,0.7597,0.8485,,,0.3,-0.0769,0.3,0.3,0.3
7.688,139.7,-2.1128,1.1181,1.6832,-1.569,2.94,480,0,0,0,0.7628,0.8521,,,0.2842,-0.0769,0.3,0.3,0.3
7.795,139.8,-2.1154,1.1471,1.6758,-1.569,2.94,480,0,0,0,0.7655,0.8554,,,0.3,-0.0256,0.2842,0.2842,0.2842
7.892,139.9,-2.1181,1.1764,1.6716,-1.569,2.94,480,0,0,0,0.7682,0.8585,,,0.3,-0.0769,0.3,0.3,0.3
7.991,140.0,-2.1206,1.2063,1.6656,-1.569,2.94,480,0,0,0,0.7706,0.8616,,,0.3,-0.0769,0.3,0.3,0.3
8.092,140.1,-2.1226,1.2362,1.6579,-1.569,2.94,480,0,0,0,0.7726,0.8644,,,0.2842,-0.0256,0.3,0.3,0.3
8.201,140.2,-2.1247,1.265,1.6537,-1.569,2.94,480,0,0,0,0.7746,0.8669,,,0.3,-0.0769,0.3,0.2842,0.2842
8.293,140.3,-2.1266,1.2945,1.6475,-1.569,2.94,480,0,0,0,0.7765,0.8694,,,0.2842,-0.0769,0.3,0.3,0.3
8.393,140.4,-2.1281,1.3235,1.6399,-1.569,2.94,480,0,0,0,0.7787,0.8716,,,0.3,-0.0256,0.2842,0.2842,0.2842
8.499,140.5,-2.1296,1.3528,1.6351,-1.569,2.94,480,0,0,0,0.7814,0.8736,,,0.3,-0.0769,0.3,0.3,0.3
8.609,140.6,-2.131,1.3827,1.6295,-1.569,2.94,480,0,0,0,0.7861,0.8756,,,0.2842,-0.0769,0.2842,0.2842,0.2842
8.706,140.7,-2.1319,1.4113,1.6218,-1.569,2.94,480,0,0,0,0.7908,0.8775,,,0.3,-0.1282,0.3,0.2842,0.2842
8.807,140.8,-2.1323,1.4409,1.6103,-1.569,2.94,480,0,0,0,0.7953,0.8801,,,0.3,-0.0256,0.3,0.3,0.3
8.908,140.9,-2.1329,1.4709,1.6046,-1.569,2.94,480,0,0,0,0.8028,0.8837,,,0.3,-0.0256,0.3,0.3,0.3
9.006,141.0,-2.1336,1.5008,1.6019,-1.569,2.94,480,0,0,0,0.81,0.888,,,0.2842,-0.0769,0.2842,0.3,0.3
9.107,141.1,-2.1339,1.5295,1.595,-1.569,2.94,480,0,0,0,0.8177,0.8852,,,0.3,-0.0256,0.3,0.2842,0.2842
9.215,141.2,-2.1343,1.5593,1.5917,-1.569,2.94,480,0,0,0,0.8267,0.8591,,,0.2842,-0.0256,0.2842,0.2842,0.2842
9.308,141.3,-2.1346,1.5879,1.5891,-1.569,2.94,480,0,0,0,0.8337,0.8338,,,0.3,-0.0256,0.3,0.2842,0.2842
9.412,141.4,-2.1349,1.6177,1.5865,-1.569,2.94,480,0,0,0,0.8164,0.8127,,,0.2842,-0.0256,0.2842,0.2842,0.2842
9.512,141.5,-2.1351,1.6463,1.5839,-1.569,2.94,480,0,0,0,0.7964,0.7888,,,0.2842,-0.0256,0.2842,0.2842,0.2842
9.612,141.6,-2.1352,1.6747,1.5812,-1.569,2.94,480,0,0,0,0.7784,0.767,,,0.3,0.0,0.3,0.3,0.3
9.71,141.7,-2.1355,1.7046,1.5809,-1.569,2.94,480,0,0,0,0.7592,0.744,,,0.2842,0.0,0.2842,0.2842,0.2842
9.811,141.8,-2.1358,1.7331,1.5809,-1.569,2.94,480,0,0,0,0.7431,0.7242,,,0.3,0.0,0.3,0.3,0.3
9.929,141.9,-2.1361,1.763,1.5809,-1.569,2.94,480,0,0,0,0.7285,0.7058,,,0.2842,0.0,0.2842,0.2842,0.2842
10.015,142.0,-2.1364,1.7916,1.5809,-1.569,2.94,480,0,0,0,0.7129,0.6853,,,0.3,-0.0256,0.3,0.3,0.3
10.121,142.1,-2.1364,1.8214,1.5786,-1.569,2.94,480,0,0,0,0.6971,0.6647,,,0.3,0.0256,0.3,0.3,0.3
10.21,142.2,-2.1368,1.8514,1.5806,-1.569,2.94,480,0,0,0,0.6842,0.6471,,,0.3,0.0769,0.3,0.3,0.3
10.322,142.3,-2.1378,1.8814,1.588,-1.569,2.94,480,0,0,0,0.6691,0.6284,,,0.2842,0.0769,0.2842,0.2842,0.2842
10.416,142.4,-2.1391,1.91,1.5959,-1.569,2.94,480,0,0,0,0.6577,0.6134,,,0.3,0.0,0.3,0.2842,0.2842
10.521,142.5,-2.14,1.9398,1.5971,-1.569,2.94,480,0,0,0,0.6456,0.5957,,,0.3,-0.0256,0.3,0.3,0.3
10.62,142.6,-2.1406,1.9698,1.5947,-1.569,2.94,480,0,0,0,0.6357,0.5803,,,0.3,0.0769,0.3,0.3,0.3
10.724,142.7,-2.1418,1.9998,1.6007,-1.569,2.94,480,0,0,0,0.627,0.5673,,,0.3,0.0769,0.3,0.3,0.3
10.826,142.8,-2.1435,2.0297,1.6085,-1.569,2.94,480,0,0,0,0.618,0.5531,,,0.2842,0.0256,0.2842,0.2842,0.2842
10.925,142.9,-2.1448,2.0581,1.6112,-1.569,2.94,480,0,0,0,0.6127,0.5428,,,0.3,0.0769,0.3,0.3,0.3
11.037,143.0,-2.1467,2.0878,1.6179,-1.569,2.94,480,0,0,0,0.6064,0.5316,,,0.2842,0.0769,0.2842,0.2842,0.2842
11.145,143.1,-2.1488,2.1162,1.6257,-1.569,2.94,480,0,0,0,0.6022,0.5228,,,0.3,0.0769,0.3,0.3,0.3
11.235,143.2,-2.1512,2.1461,1.6333,-1.569,2.94,480,0,0,0,0.5987,0.515,,,0.2842,0.0769,0.2842,0.2842,0.2842
11.338,143.3,-2.1537,2.1744,1.641,-1.569,2.94,480,0,0,0,0.5961,0.5085,,,0.2684,0.1282,0.2684,0.2684,0.2684
11.436,143.4,-2.1567,2.2012,1.654,-1.569,2.94,480,0,0,0,0.593,0.5036,,,0.2526,0.1282,0.2526,0.2526,0.2526
11.541,143.5,-2.16,2.2262,1.6663,-1.569,2.94,480,0,0,3,0.5898,0.4997,,,0.2211,0.0,0.2211,0.2211,0.2211
11.635,143.6,-2.1622,2.2482,1.6671,-1.569,2.94,480,0,0,3,0.5876,0.497,,,0.2053,0.0,0.2053,0.2053,0.2053
11.734,143.7,-2.1641,2.2685,1.6671,-1.569,2.94,480,0,0,4,0.5856,0.495,,,0.1895,0.0,0.1895,0.1895,0.1895
11.837,143.8,-2.166,2.2875,1.6672,-1.569,2.94,480,0,0,4,0.5838,0.4932,,,0.3,0.5385,0.3,0.3,0.3
11.933,143.9,-2.1694,2.3138,1.6774,-1.569,2.94,480,0,0,12,0.5803,0.4907,,,0.3,0.4872,0.3,0.3,0.3
12.033,144.0,-2.1766,2.343,1.7198,-1.569,2.94,480,0,0,32,0.5732,0.4879,,,0.3,0.4359,0.3,0.3,0.3
12.135,144.1,-2.185,2.3726,1.7615,-1.569,2.94,480,0,0,46,0.5647,0.4839,,,0.3,0.3333,0.3,0.3,0.3
12.236,144.2,-2.1935,2.402,1.7934,-1.569,2.94,480,0,0,55,0.5561,0.4788,,,0.3,0.6923,0.3,0.3,0.3
12.338,144.3,-2.2025,2.4278,1.8355,-1.569,2.94,480,0,0,63,0.5472,0.4745,DO_NOTHING,,0.3,0.4872,0.3,0.3,0.3
12.437,144.4,-2.2121,2.4535,1.8659,-1.569,2.94,480,0,0,68,0.5377,0.4684,DO_NOTHING,,0.2842,0.4359,0.2842,0.2842,0.2842
12.533,144.5,-2.223,2.4802,1.9017,-1.569,2.94,480,0,0,74,0.5267,0.4616,DO_NOTHING,,0.3,0.4872,0.3,0.3,0.3
12.644,144.6,-2.2349,2.5073,1.9366,-1.569,2.94,480,0,0,78,0.5149,0.4539,DO_NOTHING,,0.3,0.1282,0.3,0.3,0.3
12.752,144.7,-2.2471,2.5349,1.9579,-1.569,2.94,480,0,0,81,0.5026,0.4443,DO_NOTHING,,0.3,0.4359,0.3,0.3,0.3
12.851,144.8,-2.2594,2.5613,1.9801,-1.569,2.94,480,0,0,84,0.4904,0.4347,DO_NOTHING,,0.3,0.2821,0.3,0.3,0.3
12.949,144.9,-2.2718,2.5873,1.997,-1.569,2.94,480,0,0,87,0.478,0.4244,DO_NOTHING,,0.3,0.4359,0.3,0.3,0.3
13.05,145.0,-2.2845,2.6123,2.0182,-1.569,2.94,480,0,0,88,0.4653,0.4143,DO_NOTHING,,0.3,0.2821,0.3,0.3,0.3
13.153,145.1,-2.2976,2.6378,2.0342,-1.569,2.94,480,0,1,91,0.4521,0.4031,DO_NOTHING,,0.3,0.2821,0.3,0.3,0.3
13.266,145.2,-2.3113,2.663,2.0539,-1.569,2.94,480,0,4,92,0.4388,0.3919,SLOWDOWN,PolygonSlow,0.3,0.3846,0.3,0.09,0.09
13.353,145.3,-2.3224,2.6831,2.0657,-1.569,2.94,480,0,5,101,0.4288,0.3824,SLOWDOWN,PolygonSlow,0.3,0.3846,0.3,0.09,0.09
13.462,145.4,-2.3271,2.6913,2.0754,-1.569,2.94,480,0,6,104,0.4248,0.3789,SLOWDOWN,PolygonSlow,0.3,0.5897,0.2842,0.0853,0.0853
13.551,145.5,-2.3317,2.6988,2.0869,-1.569,2.94,480,0,7,106,0.4213,0.3758,SLOWDOWN,PolygonSlow,0.3,0.5897,0.3,0.09,0.09
13.664,145.6,-2.3364,2.7062,2.0989,-1.569,2.94,480,0,9,109,0.4174,0.3726,SLOWDOWN,PolygonSlow,0.3,0.641,0.3,0.09,0.09
13.759,145.7,-2.3411,2.7136,2.1113,-1.569,2.94,480,0,10,110,0.4141,0.3695,SLOWDOWN,PolygonSlow,0.2842,0.5897,0.3,0.09,0.09
13.869,145.8,-2.3457,2.7207,2.1232,-1.569,2.94,480,0,11,113,0.4104,0.3664,SLOWDOWN,PolygonSlow,0.2842,0.5897,0.2842,0.0853,0.0853
13.966,145.9,-2.3503,2.7276,2.1345,-1.569,2.94,480,0,12,115,0.4074,0.3633,SLOWDOWN,PolygonSlow,0.2842,0.5897,0.2842,0.0853,0.0853
14.072,146.0,-2.3549,2.7344,2.1455,-1.569,2.94,480,0,14,118,0.4039,0.3601,SLOWDOWN,PolygonSlow,0.3,0.5897,0.2842,0.0853,0.0853
14.174,146.1,-2.3597,2.7413,2.1567,-1.569,2.94,480,0,14,119,0.4011,0.3567,SLOWDOWN,PolygonSlow,0.3,0.5897,0.3,0.09,0.09
14.278,146.2,-2.3647,2.7485,2.168,-1.569,2.94,480,0,15,122,0.3981,0.3532,SLOWDOWN,PolygonSlow,0.3,0.5897,0.3,0.09,0.09
14.374,146.3,-2.3698,2.7556,2.1795,-1.569,2.94,480,0,16,123,0.3952,0.3496,SLOWDOWN,PolygonSlow,0.2842,0.5385,0.3,0.09,0.09
14.475,146.4,-2.3749,2.7626,2.1908,-1.569,2.94,480,0,16,126,0.3925,0.346,SLOWDOWN,PolygonSlow,0.2842,0.5385,0.2842,0.0853,0.0853
14.574,146.5,-2.3799,2.7694,2.2016,-1.569,2.94,480,0,18,128,0.389,0.3424,SLOWDOWN,PolygonSlow,0.2842,0.5385,0.2842,0.0853,0.0853
14.69,146.6,-2.385,2.7761,2.2125,-1.569,2.94,480,0,18,130,0.3864,0.3388,SLOWDOWN,PolygonSlow,0.2842,0.641,0.2842,0.0853,0.0853
14.775,146.7,-2.3901,2.7828,2.2246,-1.569,2.94,480,0,19,132,0.3841,0.3352,SLOWDOWN,PolygonSlow,0.3,0.5897,0.2842,0.0853,0.0853
14.884,146.8,-2.3955,2.7896,2.2374,-1.569,2.94,480,0,20,134,0.3817,0.3317,SLOWDOWN,PolygonSlow,0.3,0.641,0.3,0.09,0.09
14.976,146.9,-2.4011,2.7967,2.2504,-1.569,2.94,480,0,21,137,0.3793,0.3281,SLOWDOWN,PolygonSlow,0.3,0.641,0.3,0.09,0.09
15.08,147.0,-2.4068,2.8036,2.2641,-1.569,2.94,480,0,21,140,0.3771,0.3247,SLOWDOWN,PolygonSlow,0.2842,0.5897,0.3,0.09,0.09
15.178,147.1,-2.4125,2.8102,2.2775,-1.569,2.94,480,0,22,143,0.3738,0.3211,SLOWDOWN,PolygonSlow,0.2842,0.5897,0.2842,0.0853,0.0853
15.277,147.2,-2.4181,2.8166,2.2905,-1.569,2.94,480,0,23,146,0.3717,0.3178,SLOWDOWN,PolygonSlow,0.2842,0.5897,0.2842,0.0853,0.0853
15.381,147.3,-2.4237,2.8228,2.3037,-1.569,2.94,480,0,24,148,0.3698,0.3147,SLOWDOWN,PolygonSlow,0.3,0.5385,0.2842,0.0853,0.0853
15.476,147.4,-2.4296,2.8291,2.3164,-1.569,2.94,480,0,25,151,0.3678,0.3115,SLOWDOWN,PolygonSlow,0.3,0.5385,0.3,0.09,0.09
15.574,147.5,-2.4358,2.8355,2.3287,-1.569,2.94,480,0,26,154,0.3653,0.3079,SLOWDOWN,PolygonSlow,0.3,0.641,0.3,0.09,0.09
15.68,147.6,-2.442,2.842,2.3428,-1.569,2.94,480,0,28,156,0.3635,0.3049,SLOWDOWN,PolygonSlow,0.3,0.641,0.3,0.09,0.09
15.778,147.7,-2.4483,2.8483,2.3579,-1.569,2.94,480,0,31,159,0.3619,0.3021,SLOWDOWN,PolygonSlow,0.3,0.641,0.3,0.09,0.09
15.879,147.8,-2.4547,2.8546,2.3729,-1.569,2.94,480,0,34,161,0.36,0.2991,SLOWDOWN,PolygonSlow,0.3,0.5897,0.3,0.09,0.09
15.978,147.9,-2.4611,2.8608,2.3871,-1.569,2.94,480,0,38,164,0.3584,0.2964,SLOWDOWN,PolygonSlow,0.3,0.5897,0.3,0.09,0.09
16.078,148.0,-2.4676,2.867,2.4005,-1.569,2.94,480,0,40,167,0.3563,0.2931,SLOWDOWN,PolygonSlow,0.3,0.5897,0.3,0.09,0.09
16.179,148.1,-2.4741,2.873,2.4138,-1.569,2.94,480,0,44,170,0.3547,0.2904,SLOWDOWN,PolygonSlow,0.3,0.5385,0.3,0.09,0.09
16.281,148.2,-2.4807,2.8789,2.4263,-1.569,2.94,480,0,46,172,0.3544,0.2882,SLOWDOWN,PolygonSlow,0.3,0.5385,0.3,0.09,0.09
16.391,148.3,-2.4874,2.8848,2.4381,-1.569,2.89,480,0,48,175,0.3537,0.2858,SLOWDOWN,PolygonSlow,0.3,0.4872,0.3,0.09,0.09
16.495,148.4,-2.4942,2.8906,2.4491,-1.569,2.89,480,0,52,180,0.3514,0.282,SLOWDOWN,PolygonSlow,0.2842,0.4872,0.3,0.09,0.09
16.602,148.5,-2.501,2.8961,2.4595,-1.569,2.89,480,0,54,182,0.351,0.2797,SLOWDOWN,PolygonSlow,0.2842,0.4872,0.2842,0.0853,0.0853
16.699,148.6,-2.5076,2.9015,2.4698,-1.569,2.89,480,0,57,186,0.3508,0.2776,SLOWDOWN,PolygonSlow,0.2684,0.4872,0.2684,0.0853,0.0853
16.805,148.7,-2.514,2.9066,2.48,-1.569,2.89,480,0,60,187,0.3491,0.2749,SLOWDOWN,PolygonSlow,0.3,0.641,0.3,0.0805,0.0805
16.894,148.8,-2.5208,2.9118,2.4919,-1.569,2.89,480,0,62,191,0.3486,0.2728,SLOWDOWN,PolygonSlow,0.3,0.5385,0.3,0.09,0.09
17.005,148.9,-2.5279,2.9172,2.5039,-1.569,2.89,480,0,64,194,0.3491,0.2713,SLOWDOWN,PolygonSlow,0.2842,0.5897,0.2842,0.0853,0.0853
17.099,149.0,-2.5347,2.9222,2.5161,-1.569,2.89,480,0,68,198,0.3471,0.2683,SLOWDOWN,PolygonSlow,0.3,0.5385,0.3,0.09,0.09
17.208,149.1,-2.5419,2.9273,2.5276,-1.569,2.89,480,0,70,200,0.3474,0.2668,SLOWDOWN,PolygonSlow,0.3,0.5385,0.3,0.09,0.09
17.309,149.2,-2.5492,2.9323,2.5392,-1.569,2.89,480,0,73,203,0.3466,0.2643,SLOWDOWN,PolygonSlow,0.2842,0.5385,0.2842,0.09,0.09
17.412,149.3,-2.5563,2.937,2.551,-1.569,2.89,480,0,76,207,0.3475,0.2636,SLOWDOWN,PolygonSlow,0.2842,0.4872,0.2842,0.0853,0.0853
17.509,149.4,-2.5635,2.9415,2.5621,-1.569,2.89,480,0,78,211,0.3469,0.2615,SLOWDOWN,PolygonSlow,0.2842,0.5897,0.2842,0.0853,0.0853
17.613,149.5,-2.5706,2.9459,2.5748,-1.569,2.89,480,0,80,213,0.3471,0.2607,SLOWDOWN,PolygonSlow,0.3,0.641,0.3,0.09,0.09
17.711,149.6,-2.5782,2.9503,2.5892,-1.569,2.89,480,0,83,217,0.3465,0.2589,SLOWDOWN,PolygonSlow,0.3,0.5897,0.3,0.09,0.09
17.808,149.7,-2.5859,2.9546,2.6029,-1.569,2.89,480,0,87,221,0.3468,0.2574,SLOWDOWN,PolygonSlow,0.3,0.5897,0.3,0.09,0.09
17.911,149.8,-2.5936,2.9587,2.6167,-1.569,2.89,480,0,89,226,0.3465,0.256,SLOWDOWN,PolygonSlow,0.2842,0.5897,0.2842,0.0853,0.0853
18.008,149.9,-2.6011,2.9625,2.6305,-1.569,2.89,480,0,91,230,0.3467,0.2553,SLOWDOWN,PolygonSlow,0.2842,0.5385,0.2842,0.0853,0.0853
18.109,150.0,-2.6085,2.9662,2.6433,-1.569,2.89,480,0,94,234,0.3471,0.2543,SLOWDOWN,PolygonSlow,0.3,0.4872,0.3,0.0853,0.0853
18.217,150.1,-2.6164,2.97,2.6551,-1.569,2.89,480,0,96,238,0.3465,0.2522,SLOWDOWN,PolygonSlow,0.3,0.5385,0.3,0.09,0.09
18.313,150.2,-2.6244,2.9736,2.6679,-1.569,2.89,480,0,100,242,0.3473,0.2516,SLOWDOWN,PolygonSlow,0.3,0.5385,0.3,0.09,0.09
18.414,150.3,-2.6324,2.9772,2.6809,-1.569,2.89,480,0,101,246,0.3482,0.251,SLOWDOWN,PolygonSlow,0.3,0.5897,0.3,0.09,0.09
18.512,150.4,-2.6405,2.9805,2.6951,-1.569,2.89,480,0,104,251,0.3495,0.251,SLOWDOWN,PolygonSlow,0.3,0.5897,0.3,0.09,0.09
18.612,150.5,-2.6487,2.9836,2.7096,-1.569,2.89,480,0,108,254,0.3488,0.2496,SLOWDOWN,PolygonSlow,0.3,0.5385,0.3,0.09,0.09
18.711,150.6,-2.6569,2.9867,2.7231,-1.569,2.89,480,0,111,261,0.3497,0.2491,SLOWDOWN,PolygonSlow,0.2842,0.5385,0.2842,0.0853,0.0853
18.81,150.7,-2.6647,2.9895,2.7366,-1.569,2.89,480,0,113,263,0.3504,0.2485,SLOWDOWN,PolygonSlow,0.3,0.4872,0.3,0.09,0.09
18.913,150.8,-2.673,2.9923,2.749,-1.569,2.89,480,0,117,267,0.3516,0.2484,SLOWDOWN,PolygonSlow,0.3,0.4872,0.3,0.09,0.09
19.012,150.9,-2.6813,2.995,2.7614,-1.569,2.89,480,0,120,272,0.3517,0.2473,SLOWDOWN,PolygonSlow,0.2842,0.4359,0.2842,0.0853,0.0853
19.112,151.0,-2.6893,2.9975,2.7727,-1.569,2.89,480,0,124,276,0.353,0.2473,SLOWDOWN,PolygonSlow,0.2842,0.4359,0.2842,0.0853,0.0853
19.216,151.1,-2.6972,2.9999,2.7839,-1.569,2.89,480,0,127,280,0.3543,0.2474,SLOWDOWN,PolygonSlow,0.3,0.5385,0.3,0.09,0.09
19.316,151.2,-2.7056,3.0022,2.7975,-1.569,2.89,480,0,131,285,0.3549,0.2475,SLOWDOWN,PolygonSlow,0.3,0.3846,0.3,0.09,0.09
19.417,151.3,-2.7141,3.0045,2.808,-1.569,2.89,480,0,134,289,0.3564,0.2472,SLOWDOWN,PolygonSlow,0.3,0.3846,0.3,0.09,0.09
19.515,151.4,-2.7226,3.0068,2.8181,-1.569,2.89,480,0,137,291,0.358,0.2471,SLOWDOWN,PolygonSlow,0.3,0.3333,0.3,0.09,0.09
19.615,151.5,-2.7312,3.009,2.827,-1.569,2.89,480,0,140,295,0.3599,0.248,SLOWDOWN,PolygonSlow,0.3,0.4359,0.3,0.09,0.09
19.716,151.6,-2.7398,3.0111,2.8383,-1.569,2.89,480,0,143,300,0.3611,0.2481,SLOWDOWN,PolygonSlow,0.3,0.3846,0.3,0.09,0.09
19.818,151.7,-2.7484,3.013,2.8487,-1.569,2.89,480,0,146,302,0.363,0.2485,SLOWDOWN,PolygonSlow,0.3,0.3333,0.3,0.09,0.09
19.929,151.8,-2.757,3.015,2.8578,-1.569,2.89,480,0,150,303,0.3649,0.2492,SLOWDOWN,PolygonSlow,0.2842,0.3846,0.2842,0.0853,0.0853
20.019,151.9,-2.7652,3.0166,2.868,-1.569,2.89,480,0,155,303,0.3665,0.2503,SLOWDOWN,PolygonSlow,0.2842,0.3333,0.2842,0.0853,0.0853
20.129,152.0,-2.7735,3.0183,2.8772,-1.569,2.89,480,0,159,304,0.3681,0.2511,SLOWDOWN,PolygonSlow,0.3,0.4872,0.3,0.09,0.09
20.222,152.1,-2.7821,3.0197,2.8896,-1.569,2.89,480,0,162,305,0.3695,0.2523,SLOWDOWN,PolygonSlow,0.3,0.3333,0.3,0.09,0.09
20.328,152.2,-2.7908,3.0212,2.8988,-1.569,2.89,480,0,166,305,0.3711,0.2536,SLOWDOWN,PolygonSlow,0.3,0.2821,0.3,0.09,0.09
20.434,152.3,-2.7996,3.0228,2.907,-1.569,2.89,480,0,171,306,0.3727,0.2551,SLOWDOWN,PolygonSlow,0.3,0.3846,0.3,0.09,0.09
20.533,152.4,-2.8083,3.0241,2.9175,-1.569,2.89,480,0,177,305,0.3739,0.2567,SLOWDOWN,PolygonSlow,0.3,0.3333,0.3,0.09,0.09
20.633,152.5,-2.8171,3.0253,2.9269,-1.569,2.89,480,0,180,306,0.3745,0.2584,SLOWDOWN,PolygonSlow,0.3,0.3333,0.3,0.09,0.09
20.739,152.6,-2.8259,3.0265,2.9361,-1.569,2.89,480,0,187,309,0.3734,0.2602,SLOWDOWN,PolygonSlow,0.3,0.2821,0.3,0.09,0.09
20.838,152.7,-2.8347,3.0277,2.9441,-1.569,2.89,480,0,191,310,0.3722,0.262,SLOWDOWN,PolygonSlow,0.3,0.2821,0.3,0.09,0.09
20.95,152.8,-2.8436,3.0288,2.9521,-1.569,2.89,480,0,196,312,0.3711,0.2636,SLOWDOWN,PolygonSlow,0.3,0.2821,0.3,0.09,0.09
21.05,152.9,-2.8523,3.0298,2.9599,-1.569,2.89,480,0,202,313,0.37,0.2652,SLOWDOWN,PolygonSlow,0.2842,0.2308,0.2842,0.0853,0.0853
21.162,153.0,-2.8607,3.0308,2.9669,-1.569,2.89,480,0,207,316,0.369,0.2667,SLOWDOWN,PolygonSlow,0.2684,0.2308,0.2842,0.0853,0.0853
21.264,153.1,-2.869,3.0316,2.9748,-1.569,2.89,480,0,212,317,0.3682,0.2681,SLOWDOWN,PolygonSlow,0.2684,0.2308,0.2684,0.0805,0.0805
21.357,153.2,-2.8772,3.0324,2.9822,-1.569,2.89,480,0,220,319,0.3675,0.2694,SLOWDOWN,PolygonSlow,0.3,0.2308,0.3,0.09,0.09
21.46,153.3,-2.8861,3.033,2.9912,-1.569,2.89,480,0,226,320,0.3668,0.2707,SLOWDOWN,PolygonSlow,0.3,0.1795,0.3,0.09,0.09
21.562,153.4,-2.895,3.0339,2.9975,-1.569,2.94,480,0,231,321,0.366,0.272,SLOWDOWN,PolygonSlow,0.3,0.0256,0.3,0.09,0.09
21.668,153.5,-2.9039,3.0348,3.0015,-1.569,2.94,480,0,236,323,0.3651,0.2732,SLOWDOWN,PolygonSlow,0.3,0.0,0.3,0.09,0.09
21.769,153.6,-2.9128,3.036,3.002,-1.569,2.94,480,0,240,325,0.3639,0.2745,SLOWDOWN,PolygonSlow,0.2842,0.0256,0.3,0.09,0.09
21.864,153.7,-2.9216,3.0372,3.0022,-1.569,2.94,480,0,243,326,0.3626,0.2757,SLOWDOWN,PolygonSlow,0.2842,0.0,0.2842,0.0853,0.0853
21.965,153.8,-2.9301,3.0384,3.0027,-1.569,2.94,480,0,244,328,0.3615,0.2769,SLOWDOWN,PolygonSlow,0.2684,0.0256,0.2842,0.0853,0.0853
22.061,153.9,-2.9384,3.0395,3.003,-1.569,2.94,480,0,249,331,0.3604,0.278,SLOWDOWN,PolygonSlow,0.3,0.1282,0.2684,0.0805,0.0805
22.172,154.0,-2.9466,3.0405,3.0045,-1.569,2.94,480,0,247,330,0.3593,0.2792,SLOWDOWN,PolygonSlow,0.3,0.1282,0.3,0.09,0.09
22.263,154.1,-2.9555,3.0414,3.0082,-1.569,2.94,480,0,250,329,0.3584,0.2804,SLOWDOWN,PolygonSlow,0.2842,0.1282,0.3,0.09,0.09
22.364,154.2,-2.9643,3.0423,3.012,-1.569,2.94,480,0,250,327,0.3575,0.2815,SLOWDOWN,PolygonSlow,0.2842,0.1282,0.2842,0.0853,0.0853
22.46,154.3,-2.9728,3.0431,3.0158,-1.569,2.94,480,0,253,325,0.3567,0.2826,SLOWDOWN,PolygonSlow,0.3,0.0256,0.2842,0.0853,0.0853
22.565,154.4,-2.9814,3.0439,3.0187,-1.569,2.94,480,0,251,324,0.3559,0.2836,SLOWDOWN,PolygonSlow,0.3,0.0,0.3,0.09,0.09
22.662,154.5,-2.9903,3.045,3.0192,-1.569,2.94,480,0,253,323,0.3548,0.2847,SLOWDOWN,PolygonSlow,0.3,0.0,0.3,0.09,0.09
22.765,154.6,-2.9992,3.0461,3.0192,-1.569,2.94,480,0,253,321,0.3537,0.2858,SLOWDOWN,PolygonSlow,0.3,-0.0256,0.3,0.09,0.09
22.864,154.7,-3.0082,3.0472,3.019,-1.569,2.94,480,0,250,320,0.3526,0.2869,SLOWDOWN,PolygonSlow,0.3,-0.0256,0.3,0.09,0.09
22.97,154.8,-3.0171,3.0483,3.0182,-1.569,2.94,480,0,248,319,0.3514,0.288,SLOWDOWN,PolygonSlow,0.2842,0.0,0.3,0.09,0.09
23.066,154.9,-3.0258,3.0495,3.0178,-1.569,2.94,480,0,248,316,0.3503,0.2891,SLOWDOWN,PolygonSlow,0.2526,0.0769,0.2842,0.0853,0.0853
23.168,155.0,-3.0338,3.0504,3.0189,-1.569,2.94,480,0,244,315,0.3494,0.2901,SLOWDOWN,PolygonSlow,0.2526,0.0769,0.2526,0.0758,0.0758
23.28,155.1,-3.0414,3.0511,3.0211,-1.569,2.94,480,0,243,314,0.3487,0.291,SLOWDOWN,PolygonSlow,0.2684,-0.0256,0.2526,0.0758,0.0758
23.367,155.2,-3.0491,3.052,3.0219,-1.569,2.94,480,0,240,312,0.3478,0.292,SLOWDOWN,PolygonSlow,0.3,0.0769,0.2684,0.0805,0.0805
23.49,155.3,-3.0594,3.0531,3.023,-1.569,2.94,480,0,236,310,0.3468,0.293,SLOWDOWN,PolygonSlow,0.3,0.0769,0.3,0.09,0.09
23.568,155.4,-3.0665,3.0538,3.0249,-1.569,2.94,480,0,235,308,0.346,0.294,SLOWDOWN,PolygonSlow,0.3,0.0256,0.3,0.09,0.09
23.677,155.5,-3.0754,3.0547,3.0264,-1.569,2.94,480,0,231,306,0.345,0.295,SLOWDOWN,PolygonSlow,0.3,0.0,0.3,0.09,0.09
23.774,155.6,-3.0844,3.0557,3.0268,-1.569,2.94,480,0,230,304,0.344,0.2961,SLOWDOWN,PolygonSlow,0.3,0.0,0.3,0.09,0.09
23.884,155.7,-3.0933,3.0568,3.0268,-1.569,2.94,480,0,225,303,0.343,0.2971,SLOWDOWN,PolygonSlow,0.2842,0.0256,0.3,0.09,0.09
23.979,155.8,-3.102,3.0577,3.0271,-1.569,2.94,480,0,222,301,0.342,0.2981,SLOWDOWN,PolygonSlow,0.2842,0.0,0.2842,0.0853,0.0853
24.087,155.9,-3.1105,3.0587,3.0275,-1.569,2.94,480,0,219,298,0.3411,0.2991,SLOWDOWN,PolygonSlow,0.2684,0.0256,0.2842,0.0853,0.0853
24.181,156.0,-3.1187,3.0596,3.0279,-1.569,2.94,480,0,216,296,0.3402,0.3,SLOWDOWN,PolygonSlow,0.2684,0.0256,0.2684,0.0805,0.0805
24.281,156.1,-3.1267,3.0604,3.0286,-1.569,2.94,480,0,213,294,0.3393,0.3009,SLOWDOWN,PolygonSlow,0.2684,0.0,0.2684,0.0805,0.0805
24.38,156.2,-3.1347,3.0613,3.029,-1.569,2.94,480,0,210,292,0.3385,0.3018,SLOWDOWN,PolygonSlow,0.2526,0.0256,0.2684,0.0805,0.0805
24.483,156.3,-3.1425,3.0621,3.0294,-1.569,2.94,480,0,208,290,0.3376,0.3027,SLOWDOWN,PolygonSlow,0.2526,0.0,0.2526,0.0758,0.0758
24.579,156.4,-3.15,3.063,3.0296,-1.569,2.94,480,0,205,287,0.3368,0.3035,SLOWDOWN,PolygonSlow,0.2526,0.0,0.2526,0.0758,0.0758
24.684,156.5,-3.1576,3.0638,3.0296,-1.569,2.94,480,0,202,285,0.336,0.3044,SLOWDOWN,PolygonSlow,0.2368,0.0256,0.2526,0.0758,0.0758
24.788,156.6,-3.1649,3.0646,3.03,-1.569,2.94,480,0,199,283,0.3352,0.3052,SLOWDOWN,PolygonSlow,0.2368,0.0256,0.2368,0.0711,0.0711
24.883,156.7,-3.1719,3.0653,3.0308,-1.569,2.94,480,0,197,280,0.3344,0.306,SLOWDOWN,PolygonSlow,0.2368,0.0,0.2368,0.0711,0.0711
24.983,156.8,-3.179,3.0661,3.0311,-1.569,2.94,480,0,194,279,0.3337,0.3068,SLOWDOWN,PolygonSlow,0.2368,-0.0256,0.2368,0.0711,0.0711
25.09,156.9,-3.1861,3.0669,3.0306,-1.569,2.94,480,0,192,276,0.3329,0.3076,SLOWDOWN,PolygonSlow,0.2211,0.0256,0.2368,0.0711,0.0711
25.182,157.0,-3.1929,3.0677,3.0306,-1.569,2.94,480,0,189,274,0.3321,0.3083,SLOWDOWN,PolygonSlow,0.2211,0.0,0.2211,0.0663,0.0663
25.284,157.1,-3.1995,3.0684,3.031,-1.569,2.94,480,0,187,273,0.3314,0.3091,SLOWDOWN,PolygonSlow,0.2211,-0.0256,0.2211,0.0663,0.0663
25.383,157.2,-3.2061,3.0691,3.0306,-1.569,2.94,480,0,184,271,0.3306,0.3098,SLOWDOWN,PolygonSlow,0.2053,0.0256,0.2211,0.0663,0.0663
25.483,157.3,-3.2124,3.0699,3.0306,-1.569,2.94,480,0,184,268,0.3299,0.3105,SLOWDOWN,PolygonSlow,0.2053,0.0,0.2053,0.0616,0.0616
25.581,157.4,-3.2186,3.0705,3.031,-1.569,2.94,480,0,181,267,0.3293,0.3112,SLOWDOWN,PolygonSlow,0.2053,0.0,0.2053,0.0616,0.0616
25.683,157.5,-3.2247,3.0712,3.031,-1.569,2.94,480,0,180,264,0.3286,0.3119,SLOWDOWN,PolygonSlow,0.2053,-0.0256,0.2053,0.0616,0.0616
25.782,157.6,-3.2308,3.0719,3.0306,-1.569,2.94,480,0,178,262,0.3279,0.3125,SLOWDOWN,PolygonSlow,0.1895,0.0256,0.2053,0.0616,0.0616
25.882,157.7,-3.2367,3.0726,3.0306,-1.569,2.94,480,0,176,260,0.3272,0.3132,SLOWDOWN,PolygonSlow,0.1895,0.0,0.1895,0.0568,0.0568
25.987,157.8,-3.2423,3.0732,3.0309,-1.569,2.94,480,0,173,258,0.3266,0.3138,SLOWDOWN,PolygonSlow,0.1895,-0.0256,0.1895,0.0568,0.0568
26.088,157.9,-3.248,3.0738,3.0305,-1.569,2.94,480,0,172,257,0.326,0.3145,SLOWDOWN,PolygonSlow,0.1895,-0.0256,0.1895,0.0568,0.0568
26.205,158.0,-3.2536,3.0745,3.0297,-1.569,2.94,480,0,170,256,0.3253,0.3151,SLOWDOWN,PolygonSlow,0.1737,0.0256,0.1737,0.0568,0.0568
26.309,158.1,-3.2589,3.0751,3.03,-1.569,2.94,480,0,168,253,0.3247,0.3157,SLOWDOWN,PolygonSlow,0.1737,0.0256,0.1737,0.0521,0.0521
26.411,158.2,-3.2641,3.0756,3.0308,-1.569,2.94,480,0,167,252,0.3242,0.3163,SLOWDOWN,PolygonSlow,0.1737,0.0,0.1737,0.0521,0.0521
26.514,158.3,-3.2693,3.0762,3.0309,-1.569,2.94,480,0,167,249,0.3236,0.3168,SLOWDOWN,PolygonSlow,0.1737,-0.0256,0.1737,0.0521,0.0521
26.64,158.4,-3.2755,3.0769,3.03,-1.569,2.94,480,0,166,248,0.323,0.3174,SLOWDOWN,PolygonSlow,0.1737,-0.0256,0.1737,0.0521,0.0521
26.713,158.5,-3.2797,3.0775,3.0294,-1.569,2.94,480,0,165,246,0.3224,0.318,SLOWDOWN,PolygonSlow,0.1579,0.0256,0.1579,0.0521,0.0521
26.826,158.6,-3.2845,3.078,3.0299,-1.569,2.94,480,0,165,244,0.3218,0.3185,SLOWDOWN,PolygonSlow,0.1579,0.0,0.1579,0.0474,0.0474
26.912,158.7,-3.2892,3.0785,3.03,-1.569,2.94,480,0,165,242,0.3213,0.3191,SLOWDOWN,PolygonSlow,0.1579,0.0,0.1579,0.0474,0.0474
27.023,158.8,-3.2939,3.079,3.03,-1.569,2.94,480,0,165,242,0.3208,0.3196,SLOWDOWN,PolygonSlow,0.1579,-0.0256,0.1579,0.0474,0.0474
27.12,158.9,-3.2986,3.0796,3.0293,-1.569,2.94,480,0,165,248,0.3202,0.3201,SLOWDOWN,PolygonSlow,0.1421,0.0769,0.1421,0.0426,0.0474
27.225,159.0,-3.3029,3.0799,3.0313,-1.569,2.94,480,0,165,251,0.3199,0.3206,SLOWDOWN,PolygonSlow,0.1421,0.0256,0.1421,0.0426,0.0426
27.324,159.1,-3.3071,3.0803,3.0322,-1.569,2.94,480,0,165,255,0.3195,0.3211,SLOWDOWN,PolygonSlow,0.1421,0.0,0.1421,0.0426,0.0426
27.428,159.2,-3.3114,3.0808,3.0322,-1.569,2.94,480,0,165,259,0.319,0.3215,SLOWDOWN,PolygonSlow,0.1421,0.0,0.1421,0.0426,0.0426
27.523,159.3,-3.3156,3.0812,3.0322,-1.569,2.94,480,0,165,263,0.3186,0.322,SLOWDOWN,PolygonSlow,0.1421,-0.0256,0.1421,0.0426,0.0426
27.628,159.4,-3.3198,3.0818,3.0314,-1.569,2.94,480,0,165,268,0.318,0.3225,SLOWDOWN,PolygonSlow,0.1421,-0.0256,0.1421,0.0426,0.0426
27.726,159.5,-3.3241,3.0823,3.0307,-1.569,2.94,480,0,165,274,0.3175,0.323,SLOWDOWN,PolygonSlow,0.1263,0.0769,0.1263,0.0379,0.0379
27.825,159.6,-3.3278,3.0825,3.0329,-1.569,2.94,480,0,165,278,0.3173,0.3234,SLOWDOWN,PolygonSlow,0.1263,0.0256,0.1263,0.0379,0.0379
27.924,159.7,-3.3316,3.0829,3.0337,-1.569,2.94,480,0,165,283,0.3169,0.3238,SLOWDOWN,PolygonSlow,0.1263,0.0,0.1263,0.0379,0.0379
28.036,159.8,-3.3354,3.0833,3.0337,-1.569,2.94,480,0,165,289,0.3165,0.3243,SLOWDOWN,PolygonSlow,0.1263,-0.0256,0.1263,0.0379,0.0379
28.131,159.9,-3.3391,3.0838,3.0329,-1.569,2.94,480,0,165,295,0.316,0.3249,SLOWDOWN,PolygonSlow,0.1263,-0.0256,0.1263,0.0379,0.0379
28.23,160.0,-3.3429,3.0842,3.0324,-1.569,2.94,480,0,165,302,0.3156,0.3254,SLOWDOWN,PolygonSlow,0.1421,0.2821,0.1421,0.0426,0.0426
28.333,160.1,-3.3472,3.0842,3.0386,-1.569,2.94,480,0,165,308,0.3156,0.326,SLOWDOWN,PolygonSlow,0.1421,0.2821,0.1421,0.0426,0.0426
28.43,160.2,-3.3514,3.0839,3.0471,-1.569,2.94,480,0,165,316,0.3158,0.3267,SLOWDOWN,PolygonSlow,0.1421,0.2821,0.1421,0.0426,0.0426
28.532,160.3,-3.3557,3.0836,3.0556,-1.569,2.94,480,0,164,324,0.3162,0.3273,SLOWDOWN,PolygonSlow,0.1421,0.2821,0.1421,0.0426,0.0426
28.63,160.4,-3.3599,3.0832,3.0642,-1.569,2.94,480,0,164,333,0.3166,0.3278,SLOWDOWN,PolygonSlow,0.1421,0.2821,0.1421,0.0426,0.0426
28.736,160.5,-3.3641,3.0828,3.0728,-1.569,2.94,480,0,163,346,0.3171,0.3284,SLOWDOWN,PolygonSlow,0.1263,0.2821,0.1263,0.0379,0.0379
28.83,160.6,-3.3678,3.0823,3.0811,-1.569,2.94,480,0,163,359,0.3176,0.3289,SLOWDOWN,PolygonSlow,0.0947,0.0,0.0947,0.0284,0.0284
28.93,160.7,-3.3706,3.0823,3.0829,-1.569,2.94,480,0,163,359,0.3176,0.3294,SLOWDOWN,PolygonSlow,0.0947,-0.0256,0.0947,0.0284,0.0284
29.031,160.8,-3.3735,3.0825,3.0821,-1.569,2.94,480,0,163,359,0.3173,0.3298,SLOWDOWN,PolygonSlow,0.0947,-0.0256,0.0947,0.0284,0.0284
29.13,160.9,-3.3763,3.0828,3.0813,-1.569,2.94,480,0,163,358,0.3171,0.3306,SLOWDOWN,PolygonSlow,0.0947,-0.0256,0.0947,0.0284,0.0284
29.23,161.0,-3.3792,3.083,3.0805,-1.569,2.94,480,0,163,358,0.3169,0.3314,SLOWDOWN,PolygonSlow,0.0947,-0.0256,0.0947,0.0284,0.0284
29.331,161.1,-3.382,3.0833,3.0796,-1.569,2.94,480,0,163,357,0.3166,0.3316,SLOWDOWN,PolygonSlow,0.0947,-0.0769,0.0947,0.0284,0.0284
29.44,161.2,-3.3848,3.0836,3.0772,-1.569,2.94,480,0,163,356,0.3162,0.3324,SLOWDOWN,PolygonSlow,0.0947,-0.0769,0.0947,0.0284,0.0284
29.53,161.3,-3.3877,3.084,3.0749,-1.569,2.94,480,0,163,356,0.3158,0.3329,SLOWDOWN,PolygonSlow,0.0947,-0.0769,0.0947,0.0284,0.0284
29.632,161.4,-3.3905,3.0844,3.0727,-1.569,2.94,480,0,163,355,0.3154,0.3343,SLOWDOWN,PolygonSlow,0.0789,0.0,0.0789,0.0237,0.0237
29.733,161.5,-3.3928,3.0846,3.0727,-1.569,2.94,480,0,163,354,0.3152,0.3344,SLOWDOWN,PolygonSlow,0.0789,-0.0256,0.0789,0.0237,0.0237
29.834,161.6,-3.3952,3.0848,3.0719,-1.569,2.94,480,0,164,355,0.315,0.335,SLOWDOWN,PolygonSlow,0.0789,-0.0256,0.0789,0.0237,0.0237
29.949,161.7,-3.3975,3.085,3.0711,-1.569,2.94,480,0,164,354,0.3148,0.3356,SLOWDOWN,PolygonSlow,0.0789,-0.0256,0.0789,0.0237,0.0237
30.037,161.8,-3.3999,3.0853,3.0703,-1.569,2.94,480,0,164,354,0.3145,0.3363,SLOWDOWN,PolygonSlow,0.0789,-0.0256,0.0789,0.0237,0.0237
30.153,161.9,-3.4023,3.0855,3.0695,-1.569,2.94,480,0,164,354,0.3143,0.3369,SLOWDOWN,PolygonSlow,0.0789,-0.0256,0.0789,0.0237,0.0237
30.252,162.0,-3.4046,3.0857,3.0687,-1.569,2.94,480,0,164,353,0.314,0.3381,SLOWDOWN,PolygonSlow,0.0789,-0.0256,0.0789,0.0237,0.0237
30.36,162.1,-3.407,3.086,3.0676,-1.569,2.94,480,0,164,352,0.3138,0.3382,SLOWDOWN,PolygonSlow,0.0789,-0.0769,0.0789,0.0237,0.0237
30.465,162.2,-3.4094,3.0864,3.0653,-1.569,2.94,480,0,164,351,0.3134,0.3388,SLOWDOWN,PolygonSlow,0.0789,-0.0769,0.0789,0.0237,0.0237
30.565,162.3,-3.4117,3.0868,3.063,-1.569,2.94,480,0,164,352,0.313,0.3399,SLOWDOWN,PolygonSlow,0.0632,0.0256,0.0789,0.0237,0.0237
30.675,162.4,-3.4139,3.087,3.0619,-1.569,2.94,480,0,164,351,0.3127,0.3412,SLOWDOWN,PolygonSlow,0.0632,0.0,0.0632,0.0189,0.0189
30.767,162.5,-3.4158,3.0872,3.0623,-1.569,2.94,480,0,164,351,0.3126,0.3414,SLOWDOWN,PolygonSlow,0.0632,-0.0256,0.0632,0.0189,0.0189
30.872,162.6,-3.4177,3.0873,3.0619,-1.569,2.94,480,0,164,351,0.3124,0.3415,SLOWDOWN,PolygonSlow,0.0632,-0.0256,0.0632,0.0189,0.0189
30.983,162.7,-3.4196,3.0876,3.0612,-1.569,2.94,480,0,164,351,0.3122,0.3423,SLOWDOWN,PolygonSlow,0.0632,-0.0256,0.0632,0.0189,0.0189
31.074,162.8,-3.4214,3.0878,3.0604,-1.569,2.94,480,0,165,350,0.312,0.343,SLOWDOWN,PolygonSlow,0.0632,-0.0256,0.0632,0.0189,0.0189
31.176,162.9,-3.4233,3.088,3.0596,-1.569,2.94,480,0,165,349,0.3118,0.3437,SLOWDOWN,PolygonSlow,0.0632,-0.0256,0.0632,0.0189,0.0189
31.274,163.0,-3.4252,3.0882,3.0588,-1.569,2.94,480,0,165,350,0.3115,0.3452,SLOWDOWN,PolygonSlow,0.0632,-0.0256,0.0632,0.0189,0.0189
31.378,163.1,-3.4271,3.0884,3.058,-1.569,2.94,480,0,165,349,0.3113,0.3453,SLOWDOWN,PolygonSlow,0.0632,-0.0256,0.0632,0.0189,0.0189
31.473,163.2,-3.429,3.0887,3.0573,-1.569,2.94,480,0,165,349,0.3111,0.346,SLOWDOWN,PolygonSlow,0.0632,-0.0256,0.0632,0.0189,0.0189
31.58,163.3,-3.4309,3.0889,3.0565,-1.569,2.94,480,0,165,349,0.3109,0.3468,SLOWDOWN,PolygonSlow,0.0632,-0.0256,0.0632,0.0189,0.0189
31.674,163.4,-3.4328,3.0891,3.0557,-1.569,2.94,480,0,165,349,0.3106,0.3476,SLOWDOWN,PolygonSlow,0.0632,-0.0769,0.0632,0.0189,0.0189
31.777,163.5,-3.4347,3.0894,3.0543,-1.569,2.94,480,0,165,348,0.3103,0.3488,SLOWDOWN,PolygonSlow,0.0632,-0.0769,0.0632,0.0189,0.0189
31.874,163.6,-3.4365,3.0898,3.052,-1.569,2.94,480,0,165,347,0.31,0.3491,SLOWDOWN,PolygonSlow,0.0474,0.0256,0.0632,0.0189,0.0189
31.974,163.7,-3.4383,3.09,3.0509,-1.569,2.94,480,0,165,347,0.3097,0.3499,SLOWDOWN,PolygonSlow,0.0474,0.0,0.0474,0.0142,0.0142
32.076,163.8,-3.4397,3.0901,3.0513,-1.569,2.94,480,0,165,347,0.3096,0.3501,SLOWDOWN,PolygonSlow,0.0474,-0.0256,0.0474,0.0142,0.0142
32.176,163.9,-3.4411,3.0903,3.051,-1.569,2.94,480,0,165,347,0.3095,0.3509,SLOWDOWN,PolygonSlow,0.0474,-0.0256,0.0474,0.0142,0.0142
32.276,164.0,-3.4425,3.0905,3.0503,-1.569,2.94,480,0,165,347,0.3093,0.3514,SLOWDOWN,PolygonSlow,0.0474,-0.0256,0.0474,0.0142,0.0142
32.376,164.1,-3.4439,3.0907,3.0495,-1.569,2.94,480,0,165,347,0.3091,0.3526,SLOWDOWN,PolygonSlow,0.0474,-0.0256,0.0474,0.0142,0.0142
32.475,164.2,-3.4453,3.0908,3.0487,-1.569,2.94,480,0,166,346,0.3089,0.3526,SLOWDOWN,PolygonSlow,0.0474,-0.0256,0.0474,0.0142,0.0142
32.581,164.3,-3.4467,3.091,3.0479,-1.569,2.94,480,0,166,347,0.3087,0.3535,SLOWDOWN,PolygonSlow,0.0474,-0.0256,0.0474,0.0142,0.0142
32.677,164.4,-3.4482,3.0912,3.0472,-1.569,2.94,480,0,166,346,0.3085,0.3535,SLOWDOWN,PolygonSlow,0.0474,-0.0256,0.0474,0.0142,0.0142
32.781,164.5,-3.4496,3.0914,3.0464,-1.569,2.94,480,0,166,346,0.3083,0.3552,SLOWDOWN,PolygonSlow,0.0474,-0.0256,0.0474,0.0142,0.0142
32.882,164.6,-3.451,3.0916,3.0456,-1.569,2.94,480,0,166,345,0.3081,0.3553,SLOWDOWN,PolygonSlow,0.0474,-0.0256,0.0474,0.0142,0.0142
32.981,164.7,-3.4524,3.0919,3.0449,-1.569,2.94,480,0,166,345,0.3079,0.356,SLOWDOWN,PolygonSlow,0.0474,-0.0256,0.0474,0.0142,0.0142
33.083,164.8,-3.4538,3.0921,3.0441,-1.569,2.94,480,0,166,345,0.3077,0.3562,SLOWDOWN,PolygonSlow,0.0474,-0.0256,0.0474,0.0142,0.0142
33.197,164.9,-3.4552,3.0923,3.0433,-1.569,2.94,480,0,166,345,0.3075,0.3571,SLOWDOWN,PolygonSlow,0.0474,-0.0256,0.0474,0.0142,0.0142
33.299,165.0,-3.4566,3.0925,3.0425,-1.569,2.94,480,0,166,345,0.3073,0.3589,SLOWDOWN,PolygonSlow,0.0474,-0.0256,0.0474,0.0142,0.0142
33.395,165.1,-3.4581,3.0927,3.0418,-1.569,2.94,480,0,166,344,0.3071,0.3589,SLOWDOWN,PolygonSlow,0.0474,-0.0769,0.0474,0.0142,0.0142
33.515,165.2,-3.4598,3.093,3.0395,-1.569,2.94,480,0,166,345,0.3068,0.3588,SLOWDOWN,PolygonSlow,0.0316,0.0769,0.0316,0.0095,0.0095
33.593,165.3,-3.4606,3.0931,3.0403,-1.569,2.94,480,0,166,344,0.3067,0.3599,SLOWDOWN,PolygonSlow,0.0316,0.0769,0.0316,0.0095,0.0095
33.711,165.4,-3.4616,3.093,3.0426,-1.569,2.94,480,0,166,345,0.3068,0.3603,SLOWDOWN,PolygonSlow,0.0316,0.0256,0.0316,0.0095,0.0095
33.803,165.5,-3.4625,3.093,3.0436,-1.569,2.94,480,0,167,344,0.3068,0.3605,SLOWDOWN,PolygonSlow,0.0316,0.0,0.0316,0.0095,0.0095
33.912,165.6,-3.4634,3.093,3.0437,-1.569,2.94,480,0,167,344,0.3067,0.3606,SLOWDOWN,PolygonSlow,0.0316,-0.0256,0.0316,0.0095,0.0095
34.008,165.7,-3.4644,3.0932,3.043,-1.569,2.94,480,0,169,344,0.3066,0.3624,SLOWDOWN,PolygonSlow,0.0316,-0.0256,0.0316,0.0095,0.0095
34.113,165.8,-3.4653,3.0934,3.0423,-1.569,2.94,480,0,172,343,0.3064,0.3624,SLOWDOWN,PolygonSlow,0.0316,-0.0256,0.0316,0.0095,0.0095
34.21,165.9,-3.4663,3.0935,3.0415,-1.569,2.94,480,0,174,343,0.3063,0.3624,SLOWDOWN,PolygonSlow,0.0316,-0.0256,0.0316,0.0095,0.0095
34.314,166.0,-3.4672,3.0937,3.0407,-1.569,2.94,480,0,176,343,0.3061,0.3624,SLOWDOWN,PolygonSlow,0.0316,-0.0256,0.0316,0.0095,0.0095
34.409,166.1,-3.4682,3.0938,3.0399,-1.569,2.94,480,0,179,343,0.306,0.3633,SLOWDOWN,PolygonSlow,0.0316,-0.0256,0.0316,0.0095,0.0095
34.506,166.2,-3.4691,3.094,3.0392,-1.569,2.94,480,0,181,343,0.3058,0.3633,SLOWDOWN,PolygonSlow,0.0316,-0.0256,0.0316,0.0095,0.0095
34.608,166.3,-3.47,3.0942,3.0384,-1.569,2.94,480,0,184,343,0.3056,0.3642,SLOWDOWN,PolygonSlow,0.0316,-0.0256,0.0316,0.0095,0.0095
34.714,166.4,-3.471,3.0943,3.0376,-1.569,2.94,480,0,187,343,0.3055,0.3647,SLOWDOWN,PolygonSlow,0.0316,-0.0256,0.0316,0.0095,0.0095
34.807,166.5,-3.4719,3.0945,3.0369,-1.569,2.94,480,0,189,343,0.3053,0.3661,SLOWDOWN,PolygonSlow,0.0316,-0.0256,0.0316,0.0095,0.0095
34.91,166.6,-3.4729,3.0947,3.0361,-1.569,2.94,480,0,191,342,0.3052,0.3661,SLOWDOWN,PolygonSlow,0.0316,-0.0256,0.0316,0.0095,0.0095
35.013,166.7,-3.4738,3.0948,3.0353,-1.569,2.94,480,0,193,342,0.305,0.366,SLOWDOWN,PolygonSlow,0.0316,-0.0256,0.0316,0.0095,0.0095
35.108,166.8,-3.4747,3.095,3.0346,-1.569,2.94,480,0,196,343,0.3049,0.367,SLOWDOWN,PolygonSlow,0.0316,-0.0256,0.0316,0.0095,0.0095
35.212,166.9,-3.4757,3.0951,3.0338,-1.569,2.94,480,0,199,342,0.3047,0.367,SLOWDOWN,PolygonSlow,0.0316,-0.0256,0.0316,0.0095,0.0095
35.306,167.0,-3.4766,3.0953,3.033,-1.569,2.94,480,0,200,342,0.3045,0.369,SLOWDOWN,PolygonSlow,0.0316,-0.0256,0.0316,0.0095,0.0095
35.408,167.1,-3.4776,3.0955,3.0323,-1.569,2.94,480,0,203,341,0.3044,0.3722,SLOWDOWN,PolygonSlow,0.0316,-0.0256,0.0316,0.0095,0.0095
35.512,167.2,-3.4785,3.0957,3.0315,-1.569,2.94,480,0,205,341,0.3042,0.3754,SLOWDOWN,PolygonSlow,0.0316,-0.0256,0.0316,0.0095,0.0095
35.606,167.3,-3.4795,3.0958,3.0307,-1.569,2.94,480,0,207,342,0.3041,0.3786,SLOWDOWN,PolygonSlow,0.0316,-0.0256,0.0316,0.0095,0.0095
35.71,167.4,-3.4804,3.096,3.03,-1.569,2.94,480,0,210,342,0.3039,0.3819,SLOWDOWN,PolygonSlow,0.0316,-0.0256,0.0316,0.0095,0.0095
35.807,167.5,-3.4813,3.0962,3.0292,-1.569,2.94,480,0,212,342,0.3037,0.3851,SLOWDOWN,PolygonSlow,0.0316,-0.0256,0.0316,0.0095,0.0095
35.908,167.6,-3.4823,3.0963,3.0284,-1.569,2.94,480,0,216,341,0.3035,0.3884,SLOWDOWN,PolygonSlow,0.0316,-0.0256,0.0316,0.0095,0.0095
36.008,167.7,-3.4832,3.0965,3.0277,-1.569,2.94,480,0,218,341,0.3034,0.3917,SLOWDOWN,PolygonSlow,0.0316,-0.0769,0.0316,0.0095,0.0095
36.107,167.8,-3.4842,3.0968,3.0255,-1.569,2.94,480,0,220,341,0.3031,0.3966,SLOWDOWN,PolygonSlow,0.0316,-0.0769,0.0316,0.0095,0.0095
36.21,167.9,-3.4851,3.0971,3.0233,-1.569,2.94,480,0,222,341,0.3028,0.4018,SLOWDOWN,PolygonSlow,0.0158,0.0769,0.0158,0.0095,0.0095
36.308,168.0,-3.4856,3.097,3.025,-1.569,2.94,480,0,223,341,0.3028,0.401,SLOWDOWN,PolygonSlow,0.0158,0.0769,0.0158,0.0047,0.0047
36.413,168.1,-3.4861,3.0969,3.0273,-1.569,2.94,480,0,224,341,0.303,0.3994,SLOWDOWN,PolygonSlow,0.0158,0.0256,0.0158,0.0047,0.0047
36.521,168.2,-3.4866,3.0968,3.0282,-1.569,2.94,480,0,224,341,0.303,0.3995,SLOWDOWN,PolygonSlow,0.0158,0.0,0.0158,0.0047,0.0047
36.642,168.3,-3.4871,3.0969,3.0283,-1.569,2.94,480,0,225,341,0.303,0.4006,SLOWDOWN,PolygonSlow,0.0158,0.0,0.0158,0.0047,0.0047
36.721,168.4,-3.4875,3.0969,3.0283,-1.569,2.94,480,0,226,341,0.3029,0.4018,SLOWDOWN,PolygonSlow,0.0158,0.0,0.0158,0.0047,0.0047
36.83,168.5,-3.488,3.097,3.0283,-1.569,2.94,480,0,227,341,0.3029,0.403,SLOWDOWN,PolygonSlow,0.0158,0.0,0.0158,0.0047,0.0047
36.926,168.6,-3.4884,3.0971,3.0283,-1.569,2.94,480,0,228,341,0.3028,0.4042,SLOWDOWN,PolygonSlow,0.0158,0.0,0.0158,0.0047,0.0047
37.03,168.7,-3.4889,3.0971,3.0283,-1.569,2.94,480,0,229,341,0.3028,0.4054,SLOWDOWN,PolygonSlow,0.0158,0.0,0.0158,0.0047,0.0047
37.129,168.8,-3.4894,3.0972,3.0283,-1.569,2.94,480,0,230,341,0.3027,0.4065,SLOWDOWN,PolygonSlow,0.0158,0.0,0.0158,0.0047,0.0047
37.248,168.9,-3.4899,3.0972,3.0283,-1.569,2.94,480,0,231,341,0.3027,0.4077,SLOWDOWN,PolygonSlow,0.0158,-0.0256,0.0158,0.0047,0.0047
37.351,169.0,-3.4903,3.0973,3.0275,-1.569,2.94,480,0,232,341,0.3025,0.4098,SLOWDOWN,PolygonSlow,0.0158,-0.0256,0.0158,0.0047,0.0047
37.445,169.1,-3.4908,3.0975,3.0267,-1.569,2.94,480,0,234,341,0.3024,0.412,SLOWDOWN,PolygonSlow,0.0158,-0.0256,0.0158,0.0047,0.0047
37.544,169.2,-3.4913,3.0976,3.026,-1.569,2.94,480,0,235,340,0.3023,0.4121,SLOWDOWN,PolygonSlow,0.0158,-0.0256,0.0158,0.0047,0.0047
37.647,169.3,-3.4917,3.0977,3.0252,-1.569,2.94,480,0,236,341,0.3022,0.4121,SLOWDOWN,PolygonSlow,0.0158,-0.0256,0.0158,0.0047,0.0047
37.746,169.4,-3.4922,3.0978,3.0245,-1.569,2.94,480,0,238,341,0.302,0.412,SLOWDOWN,PolygonSlow,0.0158,-0.0256,0.0158,0.0047,0.0047
37.858,169.5,-3.4927,3.0979,3.0237,-1.569,2.94,480,0,239,341,0.3019,0.412,SLOWDOWN,PolygonSlow,0.0158,-0.0256,0.0158,0.0047,0.0047
37.957,169.6,-3.4932,3.098,3.0229,-1.569,2.94,480,0,239,340,0.3018,0.4119,SLOWDOWN,PolygonSlow,0.0158,-0.0256,0.0158,0.0047,0.0047
38.053,169.7,-3.4936,3.0982,3.0222,-1.569,2.94,480,0,240,340,0.3017,0.4118,SLOWDOWN,PolygonSlow,0.0158,-0.0256,0.0158,0.0047,0.0047
38.152,169.8,-3.4941,3.0983,3.0214,-1.569,2.94,480,0,241,340,0.3016,0.4118,SLOWDOWN,PolygonSlow,0.0158,-0.0256,0.0158,0.0047,0.0047
38.26,169.9,-3.4946,3.0984,3.0207,-1.569,2.94,480,0,242,340,0.3014,0.4117,SLOWDOWN,PolygonSlow,0.0158,-0.0256,0.0158,0.0047,0.0047
38.36,170.0,-3.495,3.0985,3.0199,-1.569,2.94,480,0,243,339,0.3013,0.4117,SLOWDOWN,PolygonSlow,0.0158,-0.0256,0.0158,0.0047,0.0047
38.456,170.1,-3.4955,3.0986,3.0191,-1.569,2.94,480,0,244,340,0.3012,0.4116,SLOWDOWN,PolygonSlow,0.0158,-0.0256,0.0158,0.0047,0.0047
38.553,170.2,-3.496,3.0988,3.0184,-1.569,2.94,480,0,246,340,0.3011,0.4115,SLOWDOWN,PolygonSlow,0.0158,-0.0256,0.0158,0.0047,0.0047
38.655,170.3,-3.4964,3.0989,3.0176,-1.569,2.94,480,0,248,340,0.3009,0.4115,SLOWDOWN,PolygonSlow,0.0158,-0.0256,0.0158,0.0047,0.0047
38.753,170.4,-3.4969,3.099,3.0169,-1.569,2.94,480,0,249,340,0.3008,0.4114,SLOWDOWN,PolygonSlow,0.0158,-0.0256,0.0158,0.0047,0.0047
38.854,170.5,-3.4974,3.0991,3.0161,-1.569,2.94,480,0,249,340,0.3007,0.4114,SLOWDOWN,PolygonSlow,0.0158,-0.0256,0.0158,0.0047,0.0047
38.955,170.6,-3.4979,3.0993,3.0153,-1.569,2.94,480,0,250,340,0.3006,0.4113,SLOWDOWN,PolygonSlow,0.0158,-0.0256,0.0158,0.0047,0.0047
39.053,170.7,-3.4983,3.0994,3.0146,-1.569,2.94,480,0,251,339,0.3004,0.4112,SLOWDOWN,PolygonSlow,0.0158,-0.0256,0.0158,0.0047,0.0047
39.158,170.8,-3.4988,3.0995,3.0138,-1.569,2.94,480,0,252,339,0.3003,0.4112,SLOWDOWN,PolygonSlow,0.0158,-0.0256,0.0158,0.0047,0.0047
39.257,170.9,-3.4993,3.0996,3.0131,-1.569,2.94,480,0,253,339,0.3002,0.4111,SLOWDOWN,PolygonSlow,0.0158,-0.0256,0.0158,0.0047,0.0047
39.355,171.0,-3.4997,3.0997,3.0123,-1.569,2.94,480,0,254,339,0.3001,0.411,SLOWDOWN,PolygonSlow,0.0158,-0.0256,0.0158,0.0047,0.0047
39.461,171.1,-3.5002,3.0999,3.0116,-1.569,2.94,480,0,255,338,0.2999,0.411,SLOWDOWN,PolygonSlow,0.0158,-0.0256,0.0158,0.0047,0.0047
39.554,171.2,-3.5007,3.1,3.0108,-1.569,2.94,480,0,256,339,0.2998,0.4109,SLOWDOWN,PolygonSlow,0.0158,-0.0256,0.0158,0.0047,0.0047
39.666,171.3,-3.5011,3.1001,3.01,-1.569,2.94,480,0,256,339,0.2997,0.4108,SLOWDOWN,PolygonSlow,0.0158,-0.0256,0.0158,0.0047,0.0047
39.758,171.4,-3.5016,3.1002,3.0093,-1.569,2.94,480,0,257,339,0.2996,0.4108,SLOWDOWN,PolygonSlow,0.0158,-0.0256,0.0158,0.0047,0.0047
39.864,171.5,-3.5021,3.1004,3.0085,-1.569,2.94,480,0,258,339,0.2995,0.4107,SLOWDOWN,PolygonSlow,0.0158,-0.0256,0.0158,0.0047,0.0047
39.99,171.6,-3.5026,3.1005,3.0076,-1.569,2.94,480,0,259,339,0.2993,0.4106,SLOWDOWN,PolygonSlow,0.0158,-0.0256,0.0158,0.0047,0.0047
40.072,171.7,-3.503,3.1006,3.007,-1.569,2.94,480,0,260,339,0.2992,0.4106,SLOWDOWN,PolygonSlow,0.0158,-0.0256,0.0158,0.0047,0.0047
40.187,171.8,-3.5036,3.1008,3.0061,-1.569,2.94,480,0,261,338,0.2991,0.4105,SLOWDOWN,PolygonSlow,0.0158,-0.0256,0.0158,0.0047,0.0047
40.266,171.9,-3.504,3.1009,3.0055,-1.569,2.94,480,0,262,338,0.299,0.4104,SLOWDOWN,PolygonSlow,0.0158,-0.0256,0.0158,0.0047,0.0047
40.367,172.0,-3.5044,3.101,3.0048,-1.569,2.94,480,0,264,339,0.2988,0.4103,SLOWDOWN,PolygonSlow,0.0158,-0.0256,0.0158,0.0047,0.0047
40.466,172.1,-3.5049,3.1011,3.004,-1.569,2.94,480,0,264,339,0.2987,0.4103,SLOWDOWN,PolygonSlow,0.0158,-0.0256,0.0158,0.0047,0.0047
40.568,172.2,-3.5054,3.1013,3.0033,-1.569,2.94,480,0,264,338,0.2986,0.4102,SLOWDOWN,PolygonSlow,0.0158,-0.0256,0.0158,0.0047,0.0047
40.669,172.3,-3.5058,3.1014,3.0025,-1.569,2.94,480,0,264,338,0.2985,0.4101,SLOWDOWN,PolygonSlow,0.0158,-0.0256,0.0158,0.0047,0.0047
40.777,172.4,-3.5063,3.1015,3.0017,-1.569,2.94,480,0,265,338,0.2983,0.4101,SLOWDOWN,PolygonSlow,0.0158,-0.0256,0.0158,0.0047,0.0047
40.88,172.5,-3.5068,3.1016,3.001,-1.569,2.94,480,0,267,338,0.2982,0.41,SLOWDOWN,PolygonSlow,0.0158,-0.0256,0.0158,0.0047,0.0047
40.976,172.6,-3.5072,3.1018,3.0002,-1.569,2.94,480,0,268,338,0.2981,0.4099,SLOWDOWN,PolygonSlow,0.0158,-0.0256,0.0158,0.0047,0.0047
41.075,172.7,-3.5077,3.1019,2.9995,-1.569,2.94,480,0,269,337,0.298,0.4099,SLOWDOWN,PolygonSlow,0.0158,-0.0256,0.0158,0.0047,0.0047
41.178,172.8,-3.5082,3.102,2.9987,-1.569,2.94,480,0,270,337,0.2978,0.4098,SLOWDOWN,PolygonSlow,0.0158,-0.0256,0.0158,0.0047,0.0047
41.282,172.9,-3.5087,3.1021,2.998,-1.569,2.94,480,0,271,338,0.2977,0.4097,SLOWDOWN,PolygonSlow,0.0158,-0.0256,0.0158,0.0047,0.0047
41.373,173.0,-3.5091,3.1023,2.9972,-1.569,2.94,480,0,271,338,0.2976,0.4096,SLOWDOWN,PolygonSlow,0.0158,-0.0256,0.0158,0.0047,0.0047
41.476,173.1,-3.5096,3.1024,2.9965,-1.569,2.94,480,0,271,338,0.2975,0.4096,SLOWDOWN,PolygonSlow,0.0158,-0.0256,0.0158,0.0047,0.0047
41.598,173.2,-3.5101,3.1025,2.9957,-1.569,2.94,480,0,272,338,0.2973,0.4095,SLOWDOWN,PolygonSlow,0.0,0.0256,0.0158,0.0047,0.0047
41.694,173.3,-3.5102,3.1025,2.996,-1.569,2.94,480,0,271,338,0.2973,0.4095,SLOWDOWN,PolygonSlow,0.0,0.0256,0.0,0.0,0.0
41.805,173.4,-3.5102,3.1025,2.9968,-1.569,2.94,480,0,271,338,0.2974,0.4095,SLOWDOWN,PolygonSlow,0.0,0.0256,0.0,0.0,0.0
41.897,173.5,-3.5102,3.1024,2.9975,-1.569,2.94,480,0,272,338,0.2974,0.4095,SLOWDOWN,PolygonSlow,0.0,0.0256,0.0,0.0,0.0
42.001,173.6,-3.5102,3.1024,2.9983,-1.569,2.94,480,0,272,338,0.2975,0.4095,SLOWDOWN,PolygonSlow,0.0,0.0256,0.0,0.0,0.0
42.096,173.7,-3.5102,3.1023,2.999,-1.569,2.94,480,0,272,338,0.2976,0.4095,SLOWDOWN,PolygonSlow,0.0,0.0256,0.0,0.0,0.0
42.2,173.8,-3.5102,3.1022,2.9998,-1.569,2.94,480,0,272,338,0.2976,0.4095,SLOWDOWN,PolygonSlow,0.0,0.0256,0.0,0.0,0.0
42.298,173.9,-3.5102,3.1022,3.0005,-1.569,2.94,480,0,272,338,0.2977,0.4095,SLOWDOWN,PolygonSlow,0.0,0.0256,0.0,0.0,0.0
42.397,174.0,-3.5102,3.1021,3.0013,-1.569,2.94,480,0,273,338,0.2977,0.4095,SLOWDOWN,PolygonSlow,0.0,0.0256,0.0,0.0,0.0
42.501,174.1,-3.5102,3.102,3.002,-1.569,2.94,480,0,273,338,0.2978,0.4095,SLOWDOWN,PolygonSlow,0.0,0.0256,0.0,0.0,0.0
42.603,174.2,-3.5102,3.102,3.0028,-1.569,2.94,480,0,273,337,0.2979,0.4095,SLOWDOWN,PolygonSlow,0.0,0.0256,0.0,0.0,0.0
42.699,174.3,-3.5102,3.1019,3.0035,-1.569,2.94,480,0,273,337,0.2979,0.4095,SLOWDOWN,PolygonSlow,0.0,0.0256,0.0,0.0,0.0
42.797,174.4,-3.5102,3.1019,3.0043,-1.569,2.94,480,0,274,337,0.298,0.4095,SLOWDOWN,PolygonSlow,0.0,0.0256,0.0,0.0,0.0
42.9,174.5,-3.5102,3.1018,3.005,-1.569,2.94,480,0,274,337,0.298,0.4095,SLOWDOWN,PolygonSlow,0.0,0.0256,0.0,0.0,0.0
42.997,174.6,-3.5102,3.1017,3.0058,-1.569,2.94,480,0,274,338,0.2981,0.4095,SLOWDOWN,PolygonSlow,0.0,0.0256,0.0,0.0,0.0
43.099,174.7,-3.5102,3.1017,3.0066,-1.569,2.94,480,0,275,338,0.2982,0.4095,SLOWDOWN,PolygonSlow,0.0,0.0256,0.0,0.0,0.0
43.2,174.8,-3.5102,3.1016,3.0073,-1.569,2.94,480,0,274,338,0.2982,0.4095,SLOWDOWN,PolygonSlow,0.0,0.0256,0.0,0.0,0.0
43.31,174.9,-3.5102,3.1015,3.0081,-1.569,2.94,480,0,274,338,0.2983,0.4095,SLOWDOWN,PolygonSlow,0.0,0.0256,0.0,0.0,0.0
43.401,175.0,-3.5102,3.1015,3.0088,-1.569,2.94,480,0,274,338,0.2983,0.4096,SLOWDOWN,PolygonSlow,0.0,0.0256,0.0,0.0,0.0
43.513,175.1,-3.5102,3.1014,3.0096,-1.569,2.94,480,0,274,338,0.2984,0.4096,SLOWDOWN,PolygonSlow,0.0,0.0256,0.0,0.0,0.0
43.606,175.2,-3.5102,3.1014,3.0103,-1.569,2.94,480,0,274,338,0.2985,0.4096,SLOWDOWN,PolygonSlow,0.0,0.0256,0.0,0.0,0.0
43.709,175.3,-3.5102,3.1013,3.0111,-1.569,2.94,480,0,274,338,0.2985,0.4096,SLOWDOWN,PolygonSlow,0.0,0.0256,0.0,0.0,0.0
43.807,175.4,-3.5102,3.1012,3.0118,-1.569,2.94,480,0,273,339,0.2986,0.4096,SLOWDOWN,PolygonSlow,0.0,0.0256,0.0,0.0,0.0
44.382,175.5,-3.5102,3.1012,3.0126,-1.569,2.94,480,0,273,339,0.2986,0.4096,SLOWDOWN,PolygonSlow,0.0,0.0256,0.0,0.0,0.0
44.479,175.6,-3.5102,3.1011,3.0134,-1.569,2.94,480,0,273,339,0.2987,0.4096,SLOWDOWN,PolygonSlow,0.0,0.0256,0.0,0.0,0.0
44.583,175.7,-3.5102,3.1011,3.0141,-1.569,2.94,480,0,273,339,0.2988,0.4096,SLOWDOWN,PolygonSlow,0.0,0.0256,0.0,0.0,0.0
44.679,175.8,-3.5102,3.101,3.0149,-1.569,2.94,480,0,273,339,0.2988,0.4096,SLOWDOWN,PolygonSlow,0.0,0.0256,0.0,0.0,0.0
44.783,175.9,-3.5102,3.1009,3.0156,-1.569,2.94,480,0,273,339,0.2989,0.4096,SLOWDOWN,PolygonSlow,0.0,0.0256,0.0,0.0,0.0
44.88,176.0,-3.5102,3.1009,3.0164,-1.569,2.94,480,0,273,339,0.299,0.4096,SLOWDOWN,PolygonSlow,0.0,0.0256,0.0,0.0,0.0
44.986,176.1,-3.5102,3.1008,3.0171,-1.569,2.94,480,0,273,338,0.299,0.4096,SLOWDOWN,PolygonSlow,0.0,0.0256,0.0,0.0,0.0
45.081,176.2,-3.5102,3.1007,3.0179,-1.569,2.94,480,0,273,338,0.2991,0.4096,SLOWDOWN,PolygonSlow,0.0,0.0256,0.0,0.0,0.0
45.193,176.3,-3.5102,3.1007,3.0187,-1.569,2.94,480,0,273,339,0.2992,0.4096,SLOWDOWN,PolygonSlow,0.0,0.0256,0.0,0.0,0.0
45.293,176.4,-3.5102,3.1006,3.0194,-1.569,2.94,480,0,273,339,0.2992,0.4096,SLOWDOWN,PolygonSlow,0.0,0.0256,0.0,0.0,0.0
45.399,176.5,-3.5102,3.1005,3.0202,-1.569,2.94,480,0,273,339,0.2993,0.4096,SLOWDOWN,PolygonSlow,0.0,0.0256,0.0,0.0,0.0
45.493,176.6,-3.5102,3.1005,3.0206,-1.569,2.94,480,0,273,339,0.2993,0.4096,DO_NOTHING,,0.0,0.0,0.0,0.0,0.0
45.591,176.7,-3.5102,3.1005,3.0206,-1.569,2.94,480,0,273,339,0.2993,0.4096,SLOWDOWN,PolygonSlow,0.0,0.0256,0.0,0.0,0.0
45.69,176.8,-3.5102,3.1004,3.0214,-1.569,2.94,480,0,273,339,0.2994,0.4096,SLOWDOWN,PolygonSlow,0.0,0.0256,0.0,0.0,0.0
45.789,176.9,-3.5102,3.1004,3.0222,-1.569,2.94,480,0,273,339,0.2995,0.4096,SLOWDOWN,PolygonSlow,0.0,0.0256,0.0,0.0,0.0
45.893,177.0,-3.5102,3.1003,3.0229,-1.569,2.94,480,0,272,339,0.2995,0.4096,SLOWDOWN,PolygonSlow,0.0,0.0256,0.0,0.0,0.0
46.001,177.1,-3.5102,3.1003,3.0237,-1.569,2.94,480,0,273,339,0.2996,0.4096,SLOWDOWN,PolygonSlow,0.0,0.0256,0.0,0.0,0.0
46.104,177.2,-3.5102,3.1002,3.0244,-1.569,2.94,480,0,273,339,0.2997,0.4096,SLOWDOWN,PolygonSlow,0.0,0.0256,0.0,0.0,0.0
46.203,177.3,-3.5102,3.1001,3.0252,-1.569,2.94,480,0,273,339,0.2997,0.4097,SLOWDOWN,PolygonSlow,0.0,0.0256,0.0,0.0,0.0
46.311,177.4,-3.5102,3.1001,3.026,-1.569,2.94,480,0,274,339,0.2998,0.4097,SLOWDOWN,PolygonSlow,0.0,0.0256,0.0,0.0,0.0
46.408,177.5,-3.5102,3.1,3.0267,-1.569,2.94,480,0,274,339,0.2999,0.4097,SLOWDOWN,PolygonSlow,0.0,0.0256,0.0,0.0,0.0
46.508,177.6,-3.5102,3.0999,3.0275,-1.569,2.94,480,0,275,339,0.2999,0.4097,SLOWDOWN,PolygonSlow,0.0,0.0256,0.0,0.0,0.0
46.607,177.7,-3.5102,3.0999,3.0283,-1.569,2.94,480,0,276,339,0.3,0.4097,SLOWDOWN,PolygonSlow,0.0,0.0256,0.0,0.0,0.0
46.709,177.8,-3.5102,3.0998,3.029,-1.569,2.94,480,0,276,339,0.3001,0.4097,SLOWDOWN,PolygonSlow,0.0,0.0256,0.0,0.0,0.0
46.813,177.9,-3.5102,3.0997,3.0298,-1.569,2.94,480,0,276,340,0.3001,0.4097,SLOWDOWN,PolygonSlow,0.0,0.0256,0.0,0.0,0.0
46.908,178.0,-3.5102,3.0997,3.0306,-1.569,2.94,480,0,276,340,0.3002,0.4097,SLOWDOWN,PolygonSlow,0.0,0.0256,0.0,0.0,0.0
47.024,178.1,-3.5102,3.0996,3.0313,-1.569,2.94,480,0,276,339,0.3003,0.4097,SLOWDOWN,PolygonSlow,0.0,0.0256,0.0,0.0,0.0
47.149,178.2,-3.5102,3.0996,3.0321,-1.569,2.94,480,0,276,339,0.3003,0.4097,SLOWDOWN,PolygonSlow,0.0,0.0256,0.0,0.0,0.0
47.229,178.3,-3.5102,3.0995,3.0329,-1.569,2.94,480,0,276,339,0.3004,0.4097,SLOWDOWN,PolygonSlow,0.0,0.0256,0.0,0.0,0.0
47.339,178.4,-3.5102,3.0994,3.0336,-1.569,2.94,480,0,276,339,0.3004,0.4097,SLOWDOWN,PolygonSlow,0.0,0.0256,0.0,0.0,0.0
47.439,178.5,-3.5102,3.0994,3.0344,-1.569,2.94,480,0,276,339,0.3005,0.4097,SLOWDOWN,PolygonSlow,0.0,0.0256,0.0,0.0,0.0
47.55,178.6,-3.5102,3.0993,3.0352,-1.569,2.94,480,0,275,339,0.3006,0.4097,SLOWDOWN,PolygonSlow,0.0,0.0256,0.0,0.0,0.0
47.648,178.7,-3.5102,3.0992,3.0359,-1.569,2.94,480,0,275,340,0.3006,0.4097,SLOWDOWN,PolygonSlow,0.0,0.0256,0.0,0.0,0.0
47.766,178.8,-3.5102,3.0992,3.0367,-1.569,2.94,480,0,275,340,0.3007,0.4097,SLOWDOWN,PolygonSlow,0.0,0.0256,0.0,0.0,0.0
47.861,178.9,-3.5102,3.0991,3.0375,-1.569,2.94,480,0,275,340,0.3007,0.4097,SLOWDOWN,PolygonSlow,0.0,0.0256,0.0,0.0,0.0
47.978,179.0,-3.5102,3.099,3.0382,-1.569,2.94,480,0,275,340,0.3008,0.4097,SLOWDOWN,PolygonSlow,0.0,0.0256,0.0,0.0,0.0
48.083,179.1,-3.5102,3.099,3.039,-1.569,2.94,480,0,274,340,0.3009,0.4097,SLOWDOWN,PolygonSlow,0.0,0.0256,0.0,0.0,0.0
48.182,179.2,-3.5102,3.0989,3.0398,-1.569,2.94,480,0,274,340,0.3009,0.4097,SLOWDOWN,PolygonSlow,0.0,0.0256,0.0,0.0,0.0
48.28,179.3,-3.5102,3.0988,3.0405,-1.569,2.94,480,0,274,340,0.301,0.4097,SLOWDOWN,PolygonSlow,0.0,0.0256,0.0,0.0,0.0
48.384,179.4,-3.5102,3.0988,3.0413,-1.569,2.94,480,0,274,340,0.301,0.4097,SLOWDOWN,PolygonSlow,0.0,0.0256,0.0,0.0,0.0
48.498,179.5,-3.5102,3.0987,3.0421,-1.569,2.94,480,0,274,340,0.3011,0.4097,SLOWDOWN,PolygonSlow,0.0,0.0256,0.0,0.0,0.0
48.603,179.6,-3.5102,3.0986,3.0428,-1.569,2.94,480,0,275,340,0.3012,0.4097,SLOWDOWN,PolygonSlow,0.0,0.0256,0.0,0.0,0.0
48.7,179.7,-3.5102,3.0986,3.0435,-1.569,2.94,480,0,277,340,0.3012,0.4098,SLOWDOWN,PolygonSlow,0.0,-0.0256,0.0,0.0,0.0
48.801,179.8,-3.5102,3.0987,3.0427,-1.569,2.94,480,0,275,340,0.3011,0.4097,SLOWDOWN,PolygonSlow,0.0,-0.0256,0.0,0.0,0.0
48.898,179.9,-3.5102,3.0987,3.0418,-1.569,2.94,480,0,274,340,0.3011,0.4097,SLOWDOWN,PolygonSlow,0.0158,-0.0769,0.0158,0.0047,0.0047
49.004,180.0,-3.5107,3.099,3.0395,-1.569,2.94,480,0,277,340,0.3008,0.4097,SLOWDOWN,PolygonSlow,0.0158,-0.0769,0.0158,0.0047,0.0047
49.102,180.1,-3.5111,3.0992,3.0373,-1.569,2.94,480,0,280,339,0.3006,0.4096,SLOWDOWN,PolygonSlow,0.0,-0.0256,0.0,0.0,0.0
49.202,180.2,-3.5111,3.0993,3.0366,-1.569,2.94,480,0,280,339,0.3006,0.4096,SLOWDOWN,PolygonSlow,0.0,-0.0256,0.0,0.0,0.0
49.307,180.3,-3.5111,3.0993,3.0358,-1.569,2.94,480,0,278,339,0.3005,0.4096,SLOWDOWN,PolygonSlow,0.0158,-0.0769,0.0158,0.0047,0.0047
49.404,180.4,-3.5116,3.0996,3.0337,-1.569,2.94,480,0,280,339,0.3003,0.4096,SLOWDOWN,PolygonSlow,0.0158,-0.0256,0.0158,0.0047,0.0047
49.505,180.5,-3.5121,3.0997,3.033,-1.569,2.94,480,0,280,340,0.3002,0.4095,SLOWDOWN,PolygonSlow,0.0158,0.0,0.0158,0.0047,0.0047
49.603,180.6,-3.5125,3.0997,3.0329,-1.569,2.94,480,0,280,339,0.3002,0.4095,SLOWDOWN,PolygonSlow,0.0,-0.0256,0.0,0.0,0.0
49.704,180.7,-3.5125,3.0998,3.0322,-1.569,2.94,480,0,280,339,0.3001,0.4095,SLOWDOWN,PolygonSlow,0.0,-0.0256,0.0,0.0,0.0
49.808,180.8,-3.5125,3.0998,3.0314,-1.569,2.94,480,0,280,339,0.3,0.4095,SLOWDOWN,PolygonSlow,0.0,-0.0256,0.0,0.0,0.0
49.908,180.9,-3.5125,3.0999,3.0306,-1.569,2.94,480,0,280,339,0.3,0.4094,SLOWDOWN,PolygonSlow,0.0,-0.0256,0.0,0.0,0.0
50.006,181.0,-3.5125,3.1,3.0299,-1.569,2.94,480,0,280,339,0.2999,0.4094,SLOWDOWN,PolygonSlow,0.0,-0.0256,0.0,0.0,0.0
50.106,181.1,-3.5125,3.1,3.0291,-1.569,2.94,480,0,280,339,0.2998,0.4094,SLOWDOWN,PolygonSlow,0.0,-0.0256,0.0,0.0,0.0
50.204,181.2,-3.5125,3.1001,3.0284,-1.569,2.94,480,0,280,339,0.2998,0.4094,SLOWDOWN,PolygonSlow,0.0,-0.0256,0.0,0.0,0.0
50.304,181.3,-3.5125,3.1002,3.0277,-1.569,2.94,480,0,280,339,0.2997,0.4094,SLOWDOWN,PolygonSlow,0.0,0.0256,0.0,0.0,0.0
50.407,181.4,-3.5125,3.1001,3.0285,-1.569,2.94,480,0,280,339,0.2998,0.4094,SLOWDOWN,PolygonSlow,0.0,0.0256,0.0,0.0,0.0
50.529,181.5,-3.5125,3.1,3.0294,-1.569,2.94,480,0,280,339,0.2998,0.4094,SLOWDOWN,PolygonSlow,0.0,0.0256,0.0,0.0,0.0
50.613,181.6,-3.5125,3.1,3.03,-1.569,2.94,480,0,280,339,0.2999,0.4094,SLOWDOWN,PolygonSlow,0.0,-0.0256,0.0,0.0,0.0
50.723,181.7,-3.5125,3.1,3.0292,-1.569,2.94,480,0,280,339,0.2998,0.4094,SLOWDOWN,PolygonSlow,0.0,-0.0256,0.0,0.0,0.0
50.827,181.8,-3.5125,3.1001,3.0284,-1.569,2.94,480,0,280,339,0.2998,0.4094,SLOWDOWN,PolygonSlow,0.0,-0.0256,0.0,0.0,0.0
50.961,181.9,-3.5125,3.1001,3.028,-1.569,2.94,480,0,280,339,0.2997,0.4094,SLOWDOWN,PolygonSlow,0.0,0.0256,0.0,0.0,0.0
51.052,182.0,-3.5125,3.1001,3.0287,-1.569,2.94,480,0,280,339,0.2998,0.4094,SLOWDOWN,PolygonSlow,0.0,0.0256,0.0,0.0,0.0
51.167,182.1,-3.5125,3.1,3.0295,-1.569,2.94,480,0,280,339,0.2999,0.4094,SLOWDOWN,PolygonSlow,0.0,0.0256,0.0,0.0,0.0
51.27,182.2,-3.5125,3.0999,3.0303,-1.569,2.94,480,0,280,339,0.2999,0.4094,SLOWDOWN,PolygonSlow,0.0,0.0256,0.0,0.0,0.0
51.367,182.3,-3.5125,3.0999,3.031,-1.569,2.94,480,0,280,339,0.3,0.4094,SLOWDOWN,PolygonSlow,0.0,0.0256,0.0,0.0,0.0
51.467,182.4,-3.5125,3.0998,3.0318,-1.569,2.94,480,0,280,339,0.3001,0.4094,SLOWDOWN,PolygonSlow,0.0,0.0256,0.0,0.0,0.0
51.572,182.5,-3.5125,3.0998,3.0326,-1.569,2.94,480,0,280,339,0.3001,0.4095,SLOWDOWN,PolygonSlow,0.0,0.0256,0.0,0.0,0.0
51.67,182.6,-3.5125,3.0997,3.0333,-1.569,2.94,480,0,280,340,0.3002,0.4095,SLOWDOWN,PolygonSlow,0.0,-0.0256,0.0,0.0,0.0
51.778,182.7,-3.5125,3.0997,3.033,-1.569,2.94,480,0,280,339,0.3002,0.4095,SLOWDOWN,PolygonSlow,0.0,-0.0256,0.0,0.0,0.0
51.877,182.8,-3.5125,3.0998,3.0322,-1.569,2.94,480,0,280,339,0.3001,0.4095,SLOWDOWN,PolygonSlow,0.0,-0.0256,0.0,0.0,0.0
51.977,182.9,-3.5125,3.0998,3.0315,-1.569,2.94,480,0,280,339,0.3,0.4095,SLOWDOWN,PolygonSlow,0.0,-0.0256,0.0,0.0,0.0
52.074,183.0,-3.5125,3.0999,3.0307,-1.569,2.94,480,0,280,339,0.3,0.4094,SLOWDOWN,PolygonSlow,0.0,-0.0256,0.0,0.0,0.0
52.191,183.1,-3.5125,3.1,3.03,-1.569,2.94,480,0,280,339,0.2999,0.4094,SLOWDOWN,PolygonSlow,0.0,-0.0256,0.0,0.0,0.0
52.294,183.2,-3.5125,3.1,3.0292,-1.569,2.94,480,0,280,339,0.2998,0.4094,SLOWDOWN,PolygonSlow,0.0,-0.0256,0.0,0.0,0.0
52.401,183.3,-3.5125,3.1001,3.0284,-1.569,2.94,480,0,280,339,0.2998,0.4094,SLOWDOWN,PolygonSlow,0.0,-0.0256,0.0,0.0,0.0
52.488,183.4,-3.5125,3.1001,3.0278,-1.569,2.94,480,0,280,339,0.2997,0.4094,SLOWDOWN,PolygonSlow,0.0,0.0256,0.0,0.0,0.0
52.599,183.5,-3.5125,3.1001,3.0286,-1.569,2.94,480,0,280,339,0.2998,0.4094,SLOWDOWN,PolygonSlow,0.0,0.0256,0.0,0.0,0.0
52.71,183.6,-3.5125,3.1,3.0293,-1.569,2.94,480,0,280,339,0.2998,0.4094,SLOWDOWN,PolygonSlow,0.0,-0.0256,0.0,0.0,0.0
52.81,183.7,-3.5125,3.1001,3.0286,-1.569,2.94,480,0,280,339,0.2998,0.4094,SLOWDOWN,PolygonSlow,0.0,-0.0256,0.0,0.0,0.0
52.914,183.8,-3.5125,3.1001,3.028,-1.569,2.94,480,0,280,339,0.2997,0.4094,SLOWDOWN,PolygonSlow,0.0,0.0256,0.0,0.0,0.0
53.018,183.9,-3.5125,3.1001,3.0287,-1.569,2.94,480,0,280,339,0.2998,0.4094,SLOWDOWN,PolygonSlow,0.0,0.0256,0.0,0.0,0.0
53.117,184.0,-3.5125,3.1,3.0295,-1.569,2.94,480,0,280,339,0.2999,0.4094,SLOWDOWN,PolygonSlow,0.0,0.0256,0.0,0.0,0.0
53.223,184.1,-3.5125,3.0999,3.0303,-1.569,2.94,480,0,280,339,0.2999,0.4094,SLOWDOWN,PolygonSlow,0.0,0.0256,0.0,0.0,0.0
53.326,184.2,-3.5125,3.0999,3.031,-1.569,2.94,480,0,280,339,0.3,0.4094,SLOWDOWN,PolygonSlow,0.0,0.0256,0.0,0.0,0.0
53.431,184.3,-3.5125,3.0998,3.0318,-1.569,2.94,480,0,280,339,0.3001,0.4094,SLOWDOWN,PolygonSlow,0.0,0.0256,0.0,0.0,0.0
53.526,184.4,-3.5125,3.0998,3.0326,-1.569,2.94,480,0,280,339,0.3001,0.4095,SLOWDOWN,PolygonSlow,0.0,0.0256,0.0,0.0,0.0
53.642,184.5,-3.5125,3.0997,3.0333,-1.569,2.94,480,0,280,340,0.3002,0.4095,SLOWDOWN,PolygonSlow,0.0,0.0256,0.0,0.0,0.0
53.746,184.6,-3.5125,3.0996,3.0341,-1.569,2.94,480,0,280,340,0.3002,0.4095,SLOWDOWN,PolygonSlow,0.0,-0.0256,0.0,0.0,0.0
53.848,184.7,-3.5125,3.0997,3.0333,-1.569,2.94,480,0,280,340,0.3002,0.4095,SLOWDOWN,PolygonSlow,0.0,-0.0256,0.0,0.0,0.0
53.963,184.8,-3.5125,3.0997,3.0326,-1.569,2.94,480,0,280,339,0.3001,0.4095,SLOWDOWN,PolygonSlow,0.0,-0.0256,0.0,0.0,0.0
54.055,184.9,-3.5125,3.0998,3.0318,-1.569,2.94,480,0,280,339,0.3001,0.4095,SLOWDOWN,PolygonSlow,0.0,-0.0256,0.0,0.0,0.0
54.184,185.0,-3.5125,3.0999,3.031,-1.569,2.94,480,0,280,339,0.3,0.4094,SLOWDOWN,PolygonSlow,0.0,-0.0256,0.0,0.0,0.0
54.264,185.1,-3.5125,3.0999,3.0303,-1.569,2.94,480,0,280,339,0.2999,0.4094,SLOWDOWN,PolygonSlow,0.0,-0.0256,0.0,0.0,0.0
54.385,185.2,-3.5125,3.1,3.0295,-1.569,2.94,480,0,280,339,0.2999,0.4094,SLOWDOWN,PolygonSlow,0.0,-0.0256,0.0,0.0,0.0
54.483,185.3,-3.5125,3.1001,3.0287,-1.569,2.94,480,0,280,339,0.2998,0.4094,SLOWDOWN,PolygonSlow,0.0,-0.0256,0.0,0.0,0.0
54.586,185.4,-3.5125,3.1001,3.028,-1.569,2.94,480,0,280,339,0.2997,0.4094,SLOWDOWN,PolygonSlow,0.0,0.0256,0.0,0.0,0.0
54.693,185.5,-3.5125,3.1001,3.0286,-1.569,2.94,480,0,280,339,0.2998,0.4094,SLOWDOWN,PolygonSlow,0.0,0.0256,0.0,0.0,0.0
54.809,185.6,-3.5125,3.1,3.0293,-1.569,2.94,480,0,280,339,0.2998,0.4094,SLOWDOWN,PolygonSlow,0.0,-0.0256,0.0,0.0,0.0
54.921,185.7,-3.5125,3.1,3.0292,-1.569,2.94,480,0,280,339,0.2998,0.4094,SLOWDOWN,PolygonSlow,0.0,-0.0256,0.0,0.0,0.0
55.022,185.8,-3.5125,3.1001,3.0284,-1.569,2.94,480,0,280,339,0.2998,0.4094,SLOWDOWN,PolygonSlow,0.0,-0.0256,0.0,0.0,0.0
55.121,185.9,-3.5125,3.1001,3.0281,-1.569,2.94,480,0,280,339,0.2997,0.4094,SLOWDOWN,PolygonSlow,0.0,0.0256,0.0,0.0,0.0
55.223,186.0,-3.5125,3.1001,3.0289,-1.569,2.94,480,0,280,339,0.2998,0.4094,SLOWDOWN,PolygonSlow,0.0,0.0256,0.0,0.0,0.0
55.319,186.1,-3.5125,3.1,3.0296,-1.569,2.94,480,0,280,339,0.2999,0.4094,SLOWDOWN,PolygonSlow,0.0,0.0256,0.0,0.0,0.0
55.421,186.2,-3.5125,3.0999,3.0304,-1.569,2.94,480,0,280,339,0.2999,0.4094,SLOWDOWN,PolygonSlow,0.0,0.0256,0.0,0.0,0.0
55.518,186.3,-3.5125,3.0999,3.0312,-1.569,2.94,480,0,280,339,0.3,0.4094,SLOWDOWN,PolygonSlow,0.0,0.0256,0.0,0.0,0.0
55.62,186.4,-3.5125,3.0998,3.0319,-1.569,2.94,480,0,280,339,0.3001,0.4094,SLOWDOWN,PolygonSlow,0.0,0.0256,0.0,0.0,0.0
55.724,186.5,-3.5125,3.0997,3.0327,-1.569,2.94,480,0,280,339,0.3001,0.4095,SLOWDOWN,PolygonSlow,0.0,0.0256,0.0,0.0,0.0
55.82,186.6,-3.5125,3.0997,3.033,-1.569,2.94,480,0,280,339,0.3002,0.4095,SLOWDOWN,PolygonSlow,0.0,-0.0256,0.0,0.0,0.0
55.924,186.7,-3.5125,3.0998,3.0325,-1.569,2.94,480,0,280,339,0.3001,0.4095,DO_NOTHING,,0.0,0.0,0.0,0.0,0.0
56.024,186.8,-3.5125,3.0998,3.0325,-1.569,2.94,480,0,280,339,0.3001,0.4095,DO_NOTHING,,0.0,-0.0256,0.0,0.0,0.0
56.12,186.9,-3.5125,3.0998,3.0319,-1.569,2.94,480,0,280,339,0.3001,0.4095,SLOWDOWN,PolygonSlow,0.0,-0.0256,0.0,0.0,0.0
56.222,187.0,-3.5125,3.0999,3.0312,-1.569,2.94,480,0,280,339,0.3,0.4095,SLOWDOWN,PolygonSlow,0.0,-0.0256,0.0,0.0,0.0
56.319,187.1,-3.5125,3.0999,3.0304,-1.569,2.94,480,0,280,339,0.2999,0.4094,SLOWDOWN,PolygonSlow,0.0,-0.0256,0.0,0.0,0.0
56.424,187.2,-3.5125,3.1,3.0296,-1.569,2.94,480,0,280,339,0.2999,0.4094,SLOWDOWN,PolygonSlow,0.0,-0.0256,0.0,0.0,0.0
56.517,187.3,-3.5125,3.1001,3.0289,-1.569,2.94,480,0,280,339,0.2998,0.4094,SLOWDOWN,PolygonSlow,0.0,-0.0256,0.0,0.0,0.0
56.617,187.4,-3.5125,3.1001,3.0281,-1.569,2.94,480,0,280,339,0.2997,0.4094,SLOWDOWN,PolygonSlow,0.0,0.0256,0.0,0.0,0.0
56.718,187.5,-3.5125,3.1001,3.0284,-1.569,2.94,480,0,280,339,0.2998,0.4094,SLOWDOWN,PolygonSlow,0.0,0.0256,0.0,0.0,0.0
56.818,187.6,-3.5125,3.1,3.0292,-1.569,2.94,480,0,280,339,0.2998,0.4094,SLOWDOWN,PolygonSlow,0.0,0.0256,0.0,0.0,0.0
56.92,187.7,-3.5125,3.1,3.03,-1.569,2.94,480,0,280,339,0.2999,0.4094,SLOWDOWN,PolygonSlow,0.0,0.0256,0.0,0.0,0.0
57.021,187.8,-3.5125,3.0999,3.0307,-1.569,2.94,480,0,280,339,0.3,0.4094,SLOWDOWN,PolygonSlow,0.0,0.0256,0.0,0.0,0.0
57.122,187.9,-3.5125,3.0998,3.0315,-1.569,2.94,480,0,280,339,0.3,0.4094,SLOWDOWN,PolygonSlow,0.0,-0.0256,0.0,0.0,0.0
57.225,188.0,-3.5125,3.0999,3.031,-1.569,2.94,480,0,280,339,0.3,0.4094,SLOWDOWN,PolygonSlow,0.0,-0.0256,0.0,0.0,0.0
57.339,188.1,-3.5125,3.0999,3.0303,-1.569,2.94,480,0,280,339,0.2999,0.4094,SLOWDOWN,PolygonSlow,0.0,-0.0256,0.0,0.0,0.0
57.423,188.2,-3.5125,3.1,3.0295,-1.569,2.94,480,0,280,339,0.2999,0.4094,SLOWDOWN,PolygonSlow,0.0,-0.0256,0.0,0.0,0.0
57.538,188.3,-3.5125,3.1001,3.0287,-1.569,2.94,480,0,280,339,0.2998,0.4094,SLOWDOWN,PolygonSlow,0.0,-0.0256,0.0,0.0,0.0
57.627,188.4,-3.5125,3.1001,3.028,-1.569,2.94,480,0,280,339,0.2997,0.4094,SLOWDOWN,PolygonSlow,0.0,0.0256,0.0,0.0,0.0
57.739,188.5,-3.5125,3.1001,3.0286,-1.569,2.94,480,0,280,339,0.2998,0.4094,SLOWDOWN,PolygonSlow,0.0,0.0256,0.0,0.0,0.0
57.84,188.6,-3.5125,3.1,3.0293,-1.569,2.94,480,0,280,339,0.2998,0.4094,SLOWDOWN,PolygonSlow,0.0,0.0256,0.0,0.0,0.0
57.946,188.7,-3.5125,3.1,3.0301,-1.569,2.94,480,0,280,339,0.2999,0.4094,SLOWDOWN,PolygonSlow,0.0,0.0256,0.0,0.0,0.0
58.042,188.8,-3.5125,3.0999,3.0309,-1.569,2.94,480,0,280,339,0.3,0.4094,SLOWDOWN,PolygonSlow,0.0,0.0256,0.0,0.0,0.0
58.156,188.9,-3.5125,3.0998,3.0316,-1.569,2.94,480,0,280,339,0.3001,0.4094,SLOWDOWN,PolygonSlow,0.0,-0.0256,0.0,0.0,0.0
58.256,189.0,-3.5125,3.0999,3.0309,-1.569,2.94,480,0,280,339,0.3,0.4094,SLOWDOWN,PolygonSlow,0.0,-0.0256,0.0,0.0,0.0
58.354,189.1,-3.5125,3.1,3.0301,-1.569,2.94,480,0,280,339,0.2999,0.4094,SLOWDOWN,PolygonSlow,0.0,-0.0256,0.0,0.0,0.0
58.455,189.2,-3.5125,3.1,3.0293,-1.569,2.94,480,0,280,339,0.2999,0.4094,SLOWDOWN,PolygonSlow,0.0,-0.0256,0.0,0.0,0.0
58.562,189.3,-3.5125,3.1001,3.0286,-1.569,2.94,480,0,280,339,0.2998,0.4094,SLOWDOWN,PolygonSlow,0.0,-0.0256,0.0,0.0,0.0
58.658,189.4,-3.5125,3.1001,3.028,-1.569,2.94,480,0,280,339,0.2997,0.4094,SLOWDOWN,PolygonSlow,0.0,0.0256,0.0,0.0,0.0
58.758,189.5,-3.5125,3.1001,3.0287,-1.569,2.94,480,0,280,339,0.2998,0.4094,SLOWDOWN,PolygonSlow,0.0,0.0256,0.0,0.0,0.0
58.866,189.6,-3.5125,3.1,3.0295,-1.569,2.94,480,0,280,339,0.2999,0.4094,SLOWDOWN,PolygonSlow,0.0,0.0256,0.0,0.0,0.0
58.958,189.7,-3.5125,3.0999,3.0303,-1.569,2.94,480,0,280,339,0.2999,0.4094,SLOWDOWN,PolygonSlow,0.0,0.0256,0.0,0.0,0.0
59.061,189.8,-3.5125,3.0999,3.031,-1.569,2.94,480,0,280,339,0.3,0.4094,SLOWDOWN,PolygonSlow,0.0,0.0256,0.0,0.0,0.0
59.167,189.9,-3.5125,3.0998,3.0316,-1.569,2.94,480,0,280,339,0.3,0.4095,SLOWDOWN,PolygonSlow,0.0,-0.0256,0.0,0.0,0.0
59.263,190.0,-3.5125,3.0999,3.0307,-1.569,2.94,480,0,280,339,0.3,0.4094,SLOWDOWN,PolygonSlow,0.0,-0.0256,0.0,0.0,0.0
59.363,190.1,-3.5125,3.1,3.03,-1.569,2.94,480,0,280,339,0.2999,0.4094,SLOWDOWN,PolygonSlow,0.0,-0.0256,0.0,0.0,0.0
59.462,190.2,-3.5125,3.1,3.0292,-1.569,2.94,480,0,280,339,0.2998,0.4094,SLOWDOWN,PolygonSlow,0.0,-0.0256,0.0,0.0,0.0
59.561,190.3,-3.5125,3.1001,3.0284,-1.569,2.94,480,0,280,339,0.2998,0.4094,SLOWDOWN,PolygonSlow,0.0,-0.0256,0.0,0.0,0.0
59.661,190.4,-3.5125,3.1001,3.0278,-1.569,2.94,480,0,280,339,0.2997,0.4094,SLOWDOWN,PolygonSlow,0.0,0.0256,0.0,0.0,0.0
59.761,190.5,-3.5125,3.1001,3.0286,-1.569,2.94,480,0,280,339,0.2998,0.4094,SLOWDOWN,PolygonSlow,0.0,0.0256,0.0,0.0,0.0
59.865,190.6,-3.5125,3.1,3.0293,-1.569,2.94,480,0,280,339,0.2998,0.4094,SLOWDOWN,PolygonSlow,0.0,0.0256,0.0,0.0,0.0
59.967,190.7,-3.5125,3.1,3.0301,-1.569,2.94,480,0,280,339,0.2999,0.4094,SLOWDOWN,PolygonSlow,0.0,0.0256,0.0,0.0,0.0
60.066,190.8,-3.5125,3.0999,3.0309,-1.569,2.94,480,0,280,339,0.3,0.4094,SLOWDOWN,PolygonSlow,0.0,0.0256,0.0,0.0,0.0
60.169,190.9,-3.5125,3.0999,3.0312,-1.569,2.94,480,0,280,339,0.3,0.4095,SLOWDOWN,PolygonSlow,0.0,-0.0256,0.0,0.0,0.0
60.265,191.0,-3.5125,3.0999,3.0304,-1.569,2.94,480,0,280,339,0.2999,0.4094,SLOWDOWN,PolygonSlow,0.0,-0.0256,0.0,0.0,0.0
60.365,191.1,-3.5125,3.1,3.0296,-1.569,2.94,480,0,280,339,0.2999,0.4094,SLOWDOWN,PolygonSlow,0.0,-0.0256,0.0,0.0,0.0
60.467,191.2,-3.5125,3.1001,3.0289,-1.569,2.94,480,0,280,339,0.2998,0.4094,SLOWDOWN,PolygonSlow,0.0,-0.0256,0.0,0.0,0.0
60.576,191.3,-3.5125,3.1001,3.0284,-1.569,2.94,480,0,280,339,0.2998,0.4094,SLOWDOWN,PolygonSlow,0.0,0.0256,0.0,0.0,0.0
60.681,191.4,-3.5125,3.1,3.0292,-1.569,2.94,480,0,280,339,0.2998,0.4094,SLOWDOWN,PolygonSlow,0.0,0.0256,0.0,0.0,0.0
60.769,191.5,-3.5125,3.1,3.03,-1.569,2.94,480,0,280,339,0.2999,0.4094,SLOWDOWN,PolygonSlow,0.0,0.0256,0.0,0.0,0.0
60.879,191.6,-3.5125,3.0999,3.0307,-1.569,2.94,480,0,280,339,0.3,0.4094,SLOWDOWN,PolygonSlow,0.0,0.0256,0.0,0.0,0.0
60.973,191.7,-3.5125,3.0998,3.0315,-1.569,2.94,480,0,280,339,0.3,0.4094,SLOWDOWN,PolygonSlow,0.0,0.0256,0.0,0.0,0.0
61.086,191.8,-3.5125,3.0998,3.0322,-1.569,2.94,480,0,280,339,0.3001,0.4095,SLOWDOWN,PolygonSlow,0.0,0.0256,0.0,0.0,0.0
61.188,191.9,-3.5125,3.0997,3.033,-1.569,2.94,480,0,280,339,0.3002,0.4095,SLOWDOWN,PolygonSlow,0.0,0.0256,0.0,0.0,0.0
61.297,192.0,-3.5125,3.0997,3.0332,-1.569,2.94,480,0,280,339,0.3002,0.4095,SLOWDOWN,PolygonSlow,0.0,-0.0256,0.0,0.0,0.0
61.393,192.1,-3.5125,3.0998,3.0324,-1.569,2.94,480,0,280,339,0.3001,0.4095,SLOWDOWN,PolygonSlow,0.0,-0.0256,0.0,0.0,0.0
61.501,192.2,-3.5125,3.0998,3.0316,-1.569,2.94,480,0,280,339,0.3001,0.4095,SLOWDOWN,PolygonSlow,0.0,-0.0256,0.0,0.0,0.0
61.6,192.3,-3.5125,3.0999,3.0309,-1.569,2.94,480,0,280,339,0.3,0.4094,SLOWDOWN,PolygonSlow,0.0,-0.0256,0.0,0.0,0.0
61.707,192.4,-3.5125,3.1,3.0301,-1.569,2.94,480,0,280,339,0.2999,0.4094,SLOWDOWN,PolygonSlow,0.0,-0.0256,0.0,0.0,0.0
61.801,192.5,-3.5125,3.1,3.0293,-1.569,2.94,480,0,280,339,0.2999,0.4094,SLOWDOWN,PolygonSlow,0.0,-0.0256,0.0,0.0,0.0
61.904,192.6,-3.5125,3.1001,3.0286,-1.569,2.94,480,0,280,339,0.2998,0.4094,SLOWDOWN,PolygonSlow,0.0,-0.0256,0.0,0.0,0.0
62.004,192.7,-3.5125,3.1001,3.0289,-1.569,2.94,480,0,280,339,0.2998,0.4094,SLOWDOWN,PolygonSlow,0.0,0.0256,0.0,0.0,0.0
62.105,192.8,-3.5125,3.1,3.0296,-1.569,2.94,480,0,280,339,0.2999,0.4094,SLOWDOWN,PolygonSlow,0.0,0.0256,0.0,0.0,0.0
62.203,192.9,-3.5125,3.0999,3.0304,-1.569,2.94,480,0,280,339,0.2999,0.4094,SLOWDOWN,PolygonSlow,0.0,0.0256,0.0,0.0,0.0
62.302,193.0,-3.5125,3.1,3.0301,-1.569,2.94,480,0,280,339,0.2999,0.4094,SLOWDOWN,PolygonSlow,0.0,-0.0256,0.0,0.0,0.0
62.399,193.1,-3.5125,3.1,3.0293,-1.569,2.94,480,0,280,339,0.2999,0.4094,SLOWDOWN,PolygonSlow,0.0,-0.0256,0.0,0.0,0.0
62.5,193.2,-3.5125,3.1001,3.0286,-1.569,2.94,480,0,280,339,0.2998,0.4094,SLOWDOWN,PolygonSlow,0.0,-0.0256,0.0,0.0,0.0
62.604,193.3,-3.5125,3.1001,3.0286,-1.569,2.94,480,0,280,339,0.2998,0.4094,SLOWDOWN,PolygonSlow,0.0,0.0256,0.0,0.0,0.0
62.705,193.4,-3.5125,3.1,3.0293,-1.569,2.94,480,0,280,339,0.2998,0.4094,SLOWDOWN,PolygonSlow,0.0,0.0256,0.0,0.0,0.0
62.8,193.5,-3.5125,3.1,3.0301,-1.569,2.94,480,0,280,339,0.2999,0.4094,SLOWDOWN,PolygonSlow,0.0,0.0256,0.0,0.0,0.0
62.908,193.6,-3.5125,3.0999,3.0309,-1.569,2.94,480,0,280,339,0.3,0.4094,SLOWDOWN,PolygonSlow,0.0,0.0256,0.0,0.0,0.0
63.005,193.7,-3.5125,3.0998,3.0316,-1.569,2.94,480,0,280,339,0.3001,0.4094,SLOWDOWN,PolygonSlow,0.0,0.0256,0.0,0.0,0.0
63.101,193.8,-3.5125,3.0998,3.0324,-1.569,2.94,480,0,280,339,0.3001,0.4095,SLOWDOWN,PolygonSlow,0.0,0.0256,0.0,0.0,0.0
63.204,193.9,-3.5125,3.0997,3.0332,-1.569,2.94,480,0,280,339,0.3002,0.4095,SLOWDOWN,PolygonSlow,0.0,-0.0256,0.0,0.0,0.0
63.301,194.0,-3.5125,3.0997,3.033,-1.569,2.94,480,0,280,339,0.3002,0.4095,SLOWDOWN,PolygonSlow,0.0,-0.0256,0.0,0.0,0.0
63.409,194.1,-3.5125,3.0998,3.0322,-1.569,2.94,480,0,280,339,0.3001,0.4095,SLOWDOWN,PolygonSlow,0.0,-0.0256,0.0,0.0,0.0
63.511,194.2,-3.5125,3.0998,3.0315,-1.569,2.94,480,0,280,339,0.3,0.4095,SLOWDOWN,PolygonSlow,0.0,-0.0256,0.0,0.0,0.0
63.612,194.3,-3.5125,3.0999,3.0307,-1.569,2.94,480,0,280,339,0.3,0.4094,SLOWDOWN,PolygonSlow,0.0,-0.0256,0.0,0.0,0.0
63.727,194.4,-3.5125,3.1,3.03,-1.569,2.94,480,0,280,339,0.2999,0.4094,SLOWDOWN,PolygonSlow,0.0,-0.0256,0.0,0.0,0.0
63.833,194.5,-3.5125,3.1,3.0292,-1.569,2.94,480,0,280,339,0.2998,0.4094,SLOWDOWN,PolygonSlow,0.0,-0.0256,0.0,0.0,0.0
63.937,194.6,-3.5125,3.1001,3.0284,-1.569,2.94,480,0,280,339,0.2998,0.4094,SLOWDOWN,PolygonSlow,0.0,-0.0256,0.0,0.0,0.0
64.048,194.7,-3.5125,3.1002,3.0277,-1.569,2.94,480,0,280,339,0.2997,0.4094,SLOWDOWN,PolygonSlow,0.0,0.0256,0.0,0.0,0.0
64.135,194.8,-3.5125,3.1001,3.0283,-1.569,2.94,480,0,280,339,0.2998,0.4094,SLOWDOWN,PolygonSlow,0.0,0.0256,0.0,0.0,0.0
64.245,194.9,-3.5125,3.1,3.029,-1.569,2.94,480,0,280,339,0.2998,0.4094,SLOWDOWN,PolygonSlow,0.0,0.0256,0.0,0.0,0.0
64.334,195.0,-3.5125,3.1,3.0298,-1.569,2.94,480,0,280,339,0.2999,0.4094,SLOWDOWN,PolygonSlow,0.0,-0.0256,0.0,0.0,0.0
64.442,195.1,-3.5125,3.1,3.0292,-1.569,2.94,480,0,280,339,0.2998,0.4094,SLOWDOWN,PolygonSlow,0.0,-0.0256,0.0,0.0,0.0
64.539,195.2,-3.5125,3.1001,3.0284,-1.569,2.94,480,0,280,339,0.2998,0.4094,SLOWDOWN,PolygonSlow,0.0,-0.0256,0.0,0.0,0.0
64.649,195.3,-3.5125,3.1002,3.0277,-1.569,2.94,480,0,280,339,0.2997,0.4094,SLOWDOWN,PolygonSlow,0.0,-0.3333,0.0,0.0,0.0
64.745,195.4,-3.5125,3.1007,3.0201,-1.569,2.94,480,0,277,339,0.2991,0.4095,SLOWDOWN,PolygonSlow,0.0,-0.3333,0.0,0.0,0.0
64.859,195.5,-3.5125,3.1015,3.0103,-1.569,2.94,480,0,278,338,0.2983,0.4094,SLOWDOWN,PolygonSlow,0.0,-0.3333,0.0,0.0,0.0
64.962,195.6,-3.5125,3.1023,3.0005,-1.569,2.94,480,0,275,338,0.2975,0.4093,SLOWDOWN,PolygonSlow,0.0,-0.3333,0.0,0.0,0.0
65.075,195.7,-3.5125,3.1031,2.9908,-1.569,2.94,480,0,277,337,0.2968,0.4093,SLOWDOWN,PolygonSlow,0.0,-0.3333,0.0,0.0,0.0
65.177,195.8,-3.5125,3.1039,2.9811,-1.569,2.94,480,0,275,337,0.296,0.4092,SLOWDOWN,PolygonSlow,0.0,-0.3333,0.0,0.0,0.0
65.28,195.9,-3.5125,3.1047,2.9714,-1.569,2.94,480,0,275,338,0.2952,0.4091,SLOWDOWN,PolygonSlow,0.0,-0.3333,0.0,0.0,0.0
65.376,196.0,-3.5125,3.1053,2.9629,-1.569,2.94,480,0,276,339,0.2945,0.4091,SLOWDOWN,PolygonSlow,0.0,0.0256,0.0,0.0,0.0
65.481,196.1,-3.5125,3.1054,2.9623,-1.569,2.94,480,0,276,339,0.2944,0.4091,SLOWDOWN,PolygonSlow,0.0,0.0256,0.0,0.0,0.0
65.578,196.2,-3.5125,3.1053,2.9631,-1.569,2.94,480,0,276,339,0.2945,0.4091,SLOWDOWN,PolygonSlow,0.0,0.0256,0.0,0.0,0.0
65.676,196.3,-3.5125,3.1053,2.9638,-1.569,2.94,480,0,276,339,0.2946,0.4091,SLOWDOWN,PolygonSlow,0.0,0.0256,0.0,0.0,0.0
65.779,196.4,-3.5125,3.1052,2.9645,-1.569,2.94,480,0,275,339,0.2946,0.4091,SLOWDOWN,PolygonSlow,0.0,0.0256,0.0,0.0,0.0
65.881,196.5,-3.5125,3.1052,2.9653,-1.569,2.94,480,0,275,339,0.2947,0.4091,SLOWDOWN,PolygonSlow,0.0,0.0256,0.0,0.0,0.0
65.981,196.6,-3.5125,3.1051,2.966,-1.569,2.94,480,0,275,338,0.2947,0.4091,SLOWDOWN,PolygonSlow,0.0,0.0256,0.0,0.0,0.0
66.083,196.7,-3.5125,3.105,2.9667,-1.569,2.94,480,0,275,338,0.2948,0.4091,SLOWDOWN,PolygonSlow,0.0,0.0256,0.0,0.0,0.0
66.186,196.8,-3.5125,3.105,2.9675,-1.569,2.94,480,0,275,338,0.2948,0.4091,SLOWDOWN,PolygonSlow,0.0,0.0256,0.0,0.0,0.0
66.285,196.9,-3.5125,3.105,2.9679,-1.569,2.94,480,0,275,338,0.2949,0.4091,DO_NOTHING,,0.0,0.0,0.0,0.0,0.0
66.384,197.0,-3.5125,3.1049,2.9682,-1.569,2.94,480,0,275,338,0.2949,0.4091,SLOWDOWN,PolygonSlow,0.0,0.0256,0.0,0.0,0.0
66.487,197.1,-3.5125,3.1049,2.969,-1.569,2.94,480,0,275,338,0.295,0.4091,SLOWDOWN,PolygonSlow,0.0,0.0256,0.0,0.0,0.0
66.583,197.2,-3.5125,3.1048,2.9697,-1.569,2.94,480,0,275,338,0.295,0.4091,SLOWDOWN,PolygonSlow,0.0,0.0256,0.0,0.0,0.0
66.684,197.3,-3.5125,3.1048,2.9704,-1.569,2.94,480,0,275,338,0.2951,0.4091,SLOWDOWN,PolygonSlow,0.0,0.0256,0.0,0.0,0.0
66.782,197.4,-3.5125,3.1047,2.9712,-1.569,2.94,480,0,275,338,0.2951,0.4091,SLOWDOWN,PolygonSlow,0.0,0.0256,0.0,0.0,0.0
66.882,197.5,-3.5125,3.1046,2.9719,-1.569,2.94,480,0,275,338,0.2952,0.4091,SLOWDOWN,PolygonSlow,0.0,0.0256,0.0,0.0,0.0
66.982,197.6,-3.5125,3.1046,2.9726,-1.569,2.94,480,0,275,338,0.2953,0.4091,SLOWDOWN,PolygonSlow,0.0,0.0256,0.0,0.0,0.0
67.088,197.7,-3.5125,3.1045,2.9734,-1.569,2.94,480,0,275,338,0.2953,0.4091,SLOWDOWN,PolygonSlow,0.0,0.0256,0.0,0.0,0.0
67.182,197.8,-3.5125,3.1045,2.9741,-1.569,2.94,480,0,275,338,0.2954,0.4091,SLOWDOWN,PolygonSlow,0.0,0.0256,0.0,0.0,0.0
67.283,197.9,-3.5125,3.1044,2.9749,-1.569,2.94,480,0,275,338,0.2954,0.4092,SLOWDOWN,PolygonSlow,0.0,0.0256,0.0,0.0,0.0
67.4,198.0,-3.5125,3.1043,2.9756,-1.569,2.94,480,0,275,338,0.2955,0.4092,SLOWDOWN,PolygonSlow,0.0,0.0256,0.0,0.0,0.0
67.483,198.1,-3.5125,3.1043,2.9763,-1.569,2.94,480,0,275,338,0.2956,0.4092,SLOWDOWN,PolygonSlow,0.0,0.0256,0.0,0.0,0.0
67.592,198.2,-3.5125,3.1042,2.9771,-1.569,2.94,480,0,275,338,0.2956,0.4092,SLOWDOWN,PolygonSlow,0.0,0.0256,0.0,0.0,0.0
67.683,198.3,-3.5125,3.1042,2.9778,-1.569,2.94,480,0,275,338,0.2957,0.4092,SLOWDOWN,PolygonSlow,0.0,0.0256,0.0,0.0,0.0
67.79,198.4,-3.5125,3.1041,2.9786,-1.569,2.94,480,0,276,338,0.2958,0.4092,SLOWDOWN,PolygonSlow,0.0,0.0256,0.0,0.0,0.0
67.89,198.5,-3.5125,3.104,2.9793,-1.569,2.94,480,0,276,338,0.2958,0.4092,SLOWDOWN,PolygonSlow,0.0,0.0256,0.0,0.0,0.0
67.994,198.6,-3.5125,3.104,2.98,-1.569,2.94,480,0,276,337,0.2959,0.4092,SLOWDOWN,PolygonSlow,0.0,0.0256,0.0,0.0,0.0
68.092,198.7,-3.5125,3.1039,2.9808,-1.569,2.94,480,0,275,337,0.2959,0.4092,SLOWDOWN,PolygonSlow,0.0,0.0256,0.0,0.0,0.0
68.2,198.8,-3.5125,3.1039,2.9815,-1.569,2.94,480,0,275,337,0.296,0.4092,SLOWDOWN,PolygonSlow,0.0,0.0256,0.0,0.0,0.0
68.299,198.9,-3.5125,3.1038,2.9823,-1.569,2.94,480,0,276,337,0.2961,0.4092,SLOWDOWN,PolygonSlow,0.0,0.0256,0.0,0.0,0.0
68.405,199.0,-3.5125,3.1037,2.983,-1.569,2.94,480,0,276,337,0.2961,0.4092,SLOWDOWN,PolygonSlow,0.0,0.0256,0.0,0.0,0.0
68.501,199.1,-3.5125,3.1037,2.9838,-1.569,2.94,480,0,276,337,0.2962,0.4092,SLOWDOWN,PolygonSlow,0.0,0.0256,0.0,0.0,0.0
68.608,199.2,-3.5125,3.1036,2.9845,-1.569,2.94,480,0,276,337,0.2963,0.4092,SLOWDOWN,PolygonSlow,0.0,0.0256,0.0,0.0,0.0
68.704,199.3,-3.5125,3.1036,2.9853,-1.569,2.94,480,0,276,337,0.2963,0.4092,SLOWDOWN,PolygonSlow,0.0,0.0256,0.0,0.0,0.0
68.804,199.4,-3.5125,3.1035,2.986,-1.569,2.94,480,0,277,337,0.2964,0.4092,SLOWDOWN,PolygonSlow,0.0,0.0256,0.0,0.0,0.0
68.903,199.5,-3.5125,3.1034,2.9867,-1.569,2.94,480,0,277,337,0.2965,0.4092,SLOWDOWN,PolygonSlow,0.0,0.0256,0.0,0.0,0.0
69.015,199.6,-3.5125,3.1034,2.9875,-1.569,2.94,480,0,277,337,0.2965,0.4092,SLOWDOWN,PolygonSlow,0.0,0.0256,0.0,0.0,0.0
69.118,199.7,-3.5125,3.1033,2.9882,-1.569,2.94,480,0,277,337,0.2966,0.4092,SLOWDOWN,PolygonSlow,0.0,0.0256,0.0,0.0,0.0
69.21,199.8,-3.5125,3.1033,2.989,-1.569,2.94,480,0,277,337,0.2966,0.4093,SLOWDOWN,PolygonSlow,0.0,0.0256,0.0,0.0,0.0
69.313,199.9,-3.5125,3.1032,2.9897,-1.569,2.94,480,0,277,337,0.2967,0.4093,SLOWDOWN,PolygonSlow,0.0,0.0256,0.0,0.0,0.0
69.409,200.0,-3.5125,3.1031,2.9905,-1.569,2.94,480,0,277,337,0.2968,0.4093,SLOWDOWN,PolygonSlow,0.0,0.0256,0.0,0.0,0.0
69.514,200.1,-3.5125,3.1031,2.9912,-1.569,2.94,480,0,277,337,0.2968,0.4093,SLOWDOWN,PolygonSlow,0.0,0.0256,0.0,0.0,0.0
69.621,200.2,-3.5125,3.103,2.992,-1.569,2.94,480,0,277,338,0.2969,0.4093,SLOWDOWN,PolygonSlow,0.0,0.0256,0.0,0.0,0.0
69.71,200.3,-3.5125,3.103,2.9927,-1.569,2.94,480,0,277,338,0.2969,0.4093,SLOWDOWN,PolygonSlow,0.0,0.0256,0.0,0.0,0.0
69.81,200.4,-3.5125,3.1029,2.9935,-1.569,2.94,480,0,277,337,0.297,0.4093,SLOWDOWN,PolygonSlow,0.0,0.0256,0.0,0.0,0.0
69.914,200.5,-3.5125,3.1028,2.9942,-1.569,2.94,480,0,277,337,0.297,0.4093,SLOWDOWN,PolygonSlow,0.0,0.0256,0.0,0.0,0.0
70.018,200.6,-3.5125,3.1028,2.995,-1.569,2.94,480,0,277,337,0.2971,0.4093,SLOWDOWN,PolygonSlow,0.0,0.0256,0.0,0.0,0.0
70.115,200.7,-3.5125,3.1027,2.9957,-1.569,2.94,480,0,277,337,0.2971,0.4093,SLOWDOWN,PolygonSlow,0.0,0.0256,0.0,0.0,0.0
70.215,200.8,-3.5125,3.1027,2.9965,-1.569,2.94,480,0,276,337,0.2972,0.4093,SLOWDOWN,PolygonSlow,0.0,0.0256,0.0,0.0,0.0
70.314,200.9,-3.5125,3.1026,2.9972,-1.569,2.94,480,0,276,337,0.2973,0.4093,SLOWDOWN,PolygonSlow,0.0,0.0256,0.0,0.0,0.0
70.414,201.0,-3.5125,3.1025,2.998,-1.569,2.94,480,0,275,338,0.2973,0.4093,SLOWDOWN,PolygonSlow,0.0,0.0256,0.0,0.0,0.0
70.516,201.1,-3.5125,3.1025,2.9987,-1.569,2.94,480,0,275,338,0.2974,0.4093,SLOWDOWN,PolygonSlow,0.0,0.0256,0.0,0.0,0.0
70.629,201.2,-3.5125,3.1024,2.9995,-1.569,2.94,480,0,275,338,0.2974,0.4093,SLOWDOWN,PolygonSlow,0.0,0.0256,0.0,0.0,0.0
70.753,201.3,-3.5125,3.1023,3.0004,-1.569,2.94,480,0,275,338,0.2975,0.4093,SLOWDOWN,PolygonSlow,0.0,0.0256,0.0,0.0,0.0
70.824,201.4,-3.5125,3.1023,3.001,-1.569,2.94,480,0,275,338,0.2975,0.4093,SLOWDOWN,PolygonSlow,0.0,0.0256,0.0,0.0,0.0
70.934,201.5,-3.5125,3.1022,3.0017,-1.569,2.94,480,0,275,338,0.2976,0.4093,SLOWDOWN,PolygonSlow,0.0,0.0256,0.0,0.0,0.0
71.021,201.6,-3.5125,3.1022,3.0025,-1.569,2.94,480,0,276,338,0.2977,0.4093,SLOWDOWN,PolygonSlow,0.0,0.0256,0.0,0.0,0.0
71.137,201.7,-3.5125,3.1021,3.0032,-1.569,2.94,480,0,276,338,0.2977,0.4094,SLOWDOWN,PolygonSlow,0.0,0.0256,0.0,0.0,0.0
71.235,201.8,-3.5125,3.102,3.004,-1.569,2.94,480,0,276,338,0.2978,0.4094,SLOWDOWN,PolygonSlow,0.0,0.0256,0.0,0.0,0.0
71.338,201.9,-3.5125,3.102,3.0047,-1.569,2.94,480,0,276,338,0.2978,0.4094,SLOWDOWN,PolygonSlow,0.0,0.0256,0.0,0.0,0.0
71.434,202.0,-3.5125,3.1019,3.0055,-1.569,2.94,480,0,277,338,0.2979,0.4094,SLOWDOWN,PolygonSlow,0.0,0.0256,0.0,0.0,0.0
71.541,202.1,-3.5125,3.1019,3.0062,-1.569,2.94,480,0,277,338,0.298,0.4094,SLOWDOWN,PolygonSlow,0.0,0.0256,0.0,0.0,0.0
71.636,202.2,-3.5125,3.1018,3.007,-1.569,2.94,480,0,278,338,0.298,0.4094,SLOWDOWN,PolygonSlow,0.0,0.0256,0.0,0.0,0.0
71.742,202.3,-3.5125,3.1017,3.0077,-1.569,2.94,480,0,277,337,0.2981,0.4094,SLOWDOWN,PolygonSlow,0.0,0.0256,0.0,0.0,0.0
71.843,202.4,-3.5125,3.1017,3.0085,-1.569,2.94,480,0,277,337,0.2981,0.4094,SLOWDOWN,PolygonSlow,0.0,0.0256,0.0,0.0,0.0
71.948,202.5,-3.5125,3.1016,3.0093,-1.569,2.94,480,0,278,338,0.2982,0.4094,SLOWDOWN,PolygonSlow,0.0,0.0256,0.0,0.0,0.0
72.039,202.6,-3.5125,3.1016,3.01,-1.569,2.94,480,0,278,338,0.2983,0.4094,SLOWDOWN,PolygonSlow,0.0,0.0256,0.0,0.0,0.0
72.147,202.7,-3.5125,3.1015,3.0108,-1.569,2.94,480,0,278,338,0.2983,0.4094,SLOWDOWN,PolygonSlow,0.0,0.0256,0.0,0.0,0.0
72.243,202.8,-3.5125,3.1014,3.0115,-1.569,2.94,480,0,278,338,0.2984,0.4094,SLOWDOWN,PolygonSlow,0.0,0.0256,0.0,0.0,0.0
72.35,202.9,-3.5125,3.1014,3.0123,-1.569,2.94,480,0,278,338,0.2985,0.4094,SLOWDOWN,PolygonSlow,0.0,0.0256,0.0,0.0,0.0
72.447,203.0,-3.5125,3.1013,3.013,-1.569,2.94,480,0,278,338,0.2985,0.4094,SLOWDOWN,PolygonSlow,0.0,0.0256,0.0,0.0,0.0
72.548,203.1,-3.5125,3.1012,3.0138,-1.569,2.94,480,0,278,338,0.2986,0.4094,SLOWDOWN,PolygonSlow,0.0,0.0256,0.0,0.0,0.0
72.644,203.2,-3.5125,3.1012,3.0145,-1.569,2.94,480,0,278,338,0.2986,0.4094,SLOWDOWN,PolygonSlow,0.0,0.0256,0.0,0.0,0.0
72.756,203.3,-3.5125,3.1011,3.0153,-1.569,2.94,480,0,278,338,0.2987,0.4094,SLOWDOWN,PolygonSlow,0.0,0.0256,0.0,0.0,0.0
72.847,203.4,-3.5125,3.1011,3.0161,-1.569,2.94,480,0,278,339,0.2988,0.4094,SLOWDOWN,PolygonSlow,0.0,0.0256,0.0,0.0,0.0
72.948,203.5,-3.5125,3.101,3.0168,-1.569,2.94,480,0,278,339,0.2988,0.4094,SLOWDOWN,PolygonSlow,0.0,0.0256,0.0,0.0,0.0
73.054,203.6,-3.5125,3.1009,3.0176,-1.569,2.94,480,0,278,339,0.2989,0.4094,SLOWDOWN,PolygonSlow,0.0,0.0256,0.0,0.0,0.0
73.147,203.7,-3.5125,3.1009,3.0183,-1.569,2.94,480,0,277,339,0.299,0.4094,SLOWDOWN,PolygonSlow,0.0,0.0256,0.0,0.0,0.0
73.248,203.8,-3.5125,3.1008,3.0191,-1.569,2.94,480,0,277,339,0.299,0.4095,SLOWDOWN,PolygonSlow,0.0,0.0256,0.0,0.0,0.0
73.348,203.9,-3.5125,3.1007,3.0199,-1.569,2.94,480,0,277,339,0.2991,0.4095,SLOWDOWN,PolygonSlow,0.0,0.0256,0.0,0.0,0.0
73.455,204.0,-3.5125,3.1007,3.0206,-1.569,2.94,480,0,277,339,0.2992,0.4095,SLOWDOWN,PolygonSlow,0.0,0.0256,0.0,0.0,0.0
73.565,204.1,-3.5125,3.1006,3.0214,-1.569,2.94,480,0,277,338,0.2992,0.4095,SLOWDOWN,PolygonSlow,0.0,0.0256,0.0,0.0,0.0
73.666,204.2,-3.5125,3.1005,3.0221,-1.569,2.94,480,0,277,339,0.2993,0.4095,SLOWDOWN,PolygonSlow,0.0,0.0256,0.0,0.0,0.0
73.766,204.3,-3.5125,3.1005,3.0229,-1.569,2.94,480,0,277,339,0.2994,0.4095,SLOWDOWN,PolygonSlow,0.0,0.0256,0.0,0.0,0.0
73.875,204.4,-3.5125,3.1004,3.0237,-1.569,2.94,480,0,277,339,0.2994,0.4095,SLOWDOWN,PolygonSlow,0.0,0.0256,0.0,0.0,0.0
73.995,204.5,-3.5125,3.1004,3.0244,-1.569,2.94,480,0,277,339,0.2995,0.4095,SLOWDOWN,PolygonSlow,0.0,0.0256,0.0,0.0,0.0
74.144,204.6,-3.5125,3.1003,3.0252,-1.569,2.94,480,0,278,339,0.2996,0.4095,SLOWDOWN,PolygonSlow,0.0,0.0256,0.0,0.0,0.0
74.217,204.7,-3.5125,3.1002,3.0259,-1.569,2.94,480,0,279,339,0.2996,0.4095,SLOWDOWN,PolygonSlow,0.0,0.0256,0.0,0.0,0.0
74.33,204.8,-3.5125,3.1002,3.0267,-1.569,2.94,480,0,280,339,0.2997,0.4095,SLOWDOWN,PolygonSlow,0.0,0.0256,0.0,0.0,0.0
74.417,204.9,-3.5125,3.1001,3.0275,-1.569,2.94,480,0,280,339,0.2998,0.4095,SLOWDOWN,PolygonSlow,0.0,0.0256,0.0,0.0,0.0
74.53,205.0,-3.5125,3.1,3.0282,-1.569,2.94,480,0,280,339,0.2998,0.4095,SLOWDOWN,PolygonSlow,0.0,0.0256,0.0,0.0,0.0
74.624,205.1,-3.5125,3.1,3.029,-1.569,2.94,480,0,280,339,0.2999,0.4095,SLOWDOWN,PolygonSlow,0.0,0.0256,0.0,0.0,0.0
74.732,205.2,-3.5125,3.0999,3.0293,-1.569,2.94,480,0,280,339,0.2999,0.4095,SLOWDOWN,PolygonSlow,0.0,-0.0256,0.0,0.0,0.0
74.831,205.3,-3.5125,3.1,3.0285,-1.569,2.94,480,0,280,339,0.2999,0.4095,SLOWDOWN,PolygonSlow,0.0,-0.3333,0.0,0.0,0.0
74.94,205.4,-3.5125,3.1002,3.0255,-1.569,2.94,480,0,279,339,0.2996,0.4095,SLOWDOWN,PolygonSlow,0.0,-0.3333,0.0,0.0,0.0
75.04,205.5,-3.5125,3.101,3.0161,-1.569,2.94,480,0,278,339,0.2989,0.4095,SLOWDOWN,PolygonSlow,0.0,-0.3333,0.0,0.0,0.0
75.15,205.6,-3.5125,3.1018,3.0063,-1.569,2.94,480,0,277,338,0.298,0.4094,SLOWDOWN,PolygonSlow,0.0,-0.3333,0.0,0.0,0.0
75.253,205.7,-3.5125,3.1026,2.9965,-1.569,2.94,480,0,276,337,0.2973,0.4094,SLOWDOWN,PolygonSlow,0.0,-0.3333,0.0,0.0,0.0
75.368,205.8,-3.5125,3.1034,2.9868,-1.569,2.94,480,0,277,337,0.2965,0.4093,SLOWDOWN,PolygonSlow,0.0,-0.3333,0.0,0.0,0.0
75.456,205.9,-3.5125,3.1041,2.9772,-1.569,2.94,480,0,275,338,0.2957,0.4092,SLOWDOWN,PolygonSlow,0.0,-0.3333,0.0,0.0,0.0
75.56,206.0,-3.5125,3.1049,2.9676,-1.569,2.94,480,0,275,338,0.2949,0.4092,SLOWDOWN,PolygonSlow,0.0,0.0256,0.0,0.0,0.0
75.66,206.1,-3.5125,3.1054,2.9615,-1.569,2.94,480,0,276,339,0.2944,0.4091,SLOWDOWN,PolygonSlow,0.0,0.0256,0.0,0.0,0.0
75.761,206.2,-3.5125,3.1054,2.9619,-1.569,2.94,480,0,276,339,0.2945,0.4091,SLOWDOWN,PolygonSlow,0.0,0.0256,0.0,0.0,0.0
75.864,206.3,-3.5125,3.1053,2.9626,-1.569,2.94,480,0,276,339,0.2945,0.4091,SLOWDOWN,PolygonSlow,0.0,0.0256,0.0,0.0,0.0
75.973,206.4,-3.5125,3.1052,2.9633,-1.569,2.94,480,0,276,339,0.2946,0.4091,SLOWDOWN,PolygonSlow,0.0,0.0256,0.0,0.0,0.0
76.084,206.5,-3.5125,3.1052,2.9641,-1.569,2.94,480,0,275,339,0.2947,0.4091,SLOWDOWN,PolygonSlow,0.0,0.0256,0.0,0.0,0.0
76.182,206.6,-3.5125,3.1051,2.9648,-1.569,2.94,480,0,275,339,0.2947,0.4092,SLOWDOWN,PolygonSlow,0.0,0.0256,0.0,0.0,0.0
76.277,206.7,-3.5125,3.1051,2.9656,-1.569,2.94,480,0,275,338,0.2948,0.4092,SLOWDOWN,PolygonSlow,0.0,0.0256,0.0,0.0,0.0
76.376,206.8,-3.5125,3.105,2.9663,-1.569,2.94,480,0,275,338,0.2948,0.4092,SLOWDOWN,PolygonSlow,0.0,0.0256,0.0,0.0,0.0
76.482,206.9,-3.5125,3.1049,2.967,-1.569,2.94,480,0,275,338,0.2949,0.4092,SLOWDOWN,PolygonSlow,0.0,0.0256,0.0,0.0,0.0
76.581,207.0,-3.5125,3.1049,2.9675,-1.569,2.94,480,0,275,338,0.2949,0.4092,SLOWDOWN,PolygonSlow,0.0,1.0,0.0,0.0,0.0
76.678,207.1,-3.5125,3.1046,2.9728,-1.569,2.94,480,0,275,338,0.2953,0.4091,SLOWDOWN,PolygonSlow,0.0,1.0,0.0,0.0,0.0
76.779,207.2,-3.5125,3.1035,2.9874,-1.569,2.94,480,0,277,337,0.2965,0.4092,SLOWDOWN,PolygonSlow,0.0,1.0,0.0,0.0,0.0
76.878,207.3,-3.5125,3.1016,3.0115,-1.569,2.94,480,0,278,338,0.2983,0.4093,SLOWDOWN,PolygonSlow,0.0,1.0,0.0,0.0,0.0
76.977,207.4,-3.5125,3.0991,3.0411,-1.569,2.94,480,0,282,340,0.3007,0.4094,SLOWDOWN,PolygonSlow,0.0,1.0,0.0,0.0,0.0
77.077,207.5,-3.5125,3.0965,3.0714,-1.569,2.94,480,0,289,341,0.3033,0.4096,SLOWDOWN,PolygonSlow,0.0,1.0,0.0,0.0,0.0
77.179,207.6,-3.5125,3.0938,3.1023,-1.569,2.94,480,0,306,343,0.306,0.3841,SLOWDOWN,PolygonSlow,0.0,1.0,0.0,0.0,0.0
77.28,207.7,-3.5125,3.091,3.1338,-1.569,2.94,480,0,305,345,0.3088,0.3819,SLOWDOWN,PolygonSlow,0.0,1.0,0.0,0.0,0.0
77.382,207.8,-3.5125,3.0882,-3.1177,-1.569,2.94,480,0,303,347,0.3116,0.3821,SLOWDOWN,PolygonSlow,0.0,1.0,0.0,0.0,0.0
77.495,207.9,-3.5125,3.0854,-3.0865,-1.569,2.94,480,0,265,348,0.3143,0.3796,SLOWDOWN,PolygonSlow,0.0,1.0,0.0,0.0,0.0
77.581,208.0,-3.5125,3.0828,-3.0559,-1.569,2.94,480,0,246,350,0.3172,0.3794,SLOWDOWN,PolygonSlow,0.0,1.0,0.0,0.0,0.0
77.693,208.1,-3.5125,3.0802,-3.0259,-1.569,2.94,480,0,236,352,0.3195,0.3791,SLOWDOWN,PolygonSlow,0.0,1.0,0.0,0.0,0.0
77.782,208.2,-3.5125,3.0778,-2.9964,-1.569,2.94,480,0,230,354,0.322,0.3787,SLOWDOWN,PolygonSlow,0.0,1.0,0.0,0.0,0.0
77.89,208.3,-3.5125,3.0755,-2.9674,-1.569,2.94,480,0,225,355,0.3243,0.3769,SLOWDOWN,PolygonSlow,0.0,1.0,0.0,0.0,0.0
77.987,208.4,-3.5125,3.0732,-2.9389,-1.569,2.94,480,0,222,358,0.3264,0.3767,SLOWDOWN,PolygonSlow,0.0,1.0,0.0,0.0,0.0
78.093,208.5,-3.5125,3.0711,-2.9109,-1.569,2.94,480,0,212,360,0.3286,0.3771,SLOWDOWN,PolygonSlow,0.0,1.0,0.0,0.0,0.0
78.191,208.6,-3.5125,3.0691,-2.8833,-1.569,2.94,480,0,205,361,0.3308,0.3766,SLOWDOWN,PolygonSlow,0.0,1.0,0.0,0.0,0.0
78.294,208.7,-3.5125,3.0673,-2.8562,-1.569,2.94,480,0,198,359,0.3324,0.3773,SLOWDOWN,PolygonSlow,0.0,1.0,0.0,0.0,0.0
78.389,208.8,-3.5125,3.0655,-2.8294,-1.569,2.94,480,0,190,356,0.3342,0.3781,SLOWDOWN,PolygonSlow,0.0,1.0,0.0,0.0,0.0
78.493,208.9,-3.5125,3.0639,-2.8031,-1.569,2.94,480,0,185,344,0.3361,0.3789,SLOWDOWN,PolygonSlow,0.0,1.0,0.0,0.0,0.0
78.591,209.0,-3.5125,3.0623,-2.7772,-1.569,2.94,480,0,181,335,0.3374,0.3797,SLOWDOWN,PolygonSlow,0.0,1.0,0.0,0.0,0.0
78.694,209.1,-3.5125,3.0609,-2.7517,-1.569,2.94,480,0,176,327,0.3387,0.3806,SLOWDOWN,PolygonSlow,0.0,1.0,0.0,0.0,0.0
78.795,209.2,-3.5125,3.0596,-2.7265,-1.569,2.94,480,0,171,318,0.3402,0.3816,SLOWDOWN,PolygonSlow,0.0,1.0,0.0,0.0,0.0
78.895,209.3,-3.5125,3.0584,-2.7018,-1.569,2.94,480,0,168,312,0.3412,0.3838,SLOWDOWN,PolygonSlow,0.0,1.0,0.0,0.0,0.0
78.993,209.4,-3.5125,3.0573,-2.6773,-1.569,2.94,480,0,165,306,0.3423,0.3837,SLOWDOWN,PolygonSlow,0.0,1.0,0.0,0.0,0.0
79.093,209.5,-3.5125,3.0563,-2.6533,-1.569,2.94,480,0,161,301,0.3434,0.3861,SLOWDOWN,PolygonSlow,0.0,1.0,0.0,0.0,0.0
79.195,209.6,-3.5125,3.0555,-2.6296,-1.569,2.94,480,0,158,296,0.3443,0.3873,SLOWDOWN,PolygonSlow,0.0,1.0,0.0,0.0,0.0
79.308,209.7,-3.5125,3.0547,-2.6062,-1.569,2.94,480,0,156,290,0.3449,0.3854,SLOWDOWN,PolygonSlow,0.0,1.0,0.0,0.0,0.0
79.407,209.8,-3.5125,3.0541,-2.5832,-1.569,2.94,480,0,153,287,0.3456,0.3833,SLOWDOWN,PolygonSlow,0.0,1.0,0.0,0.0,0.0
79.517,209.9,-3.5125,3.0536,-2.5605,-1.569,2.94,480,0,150,281,0.346,0.3813,SLOWDOWN,PolygonSlow,0.0,1.0,0.0,0.0,0.0
79.624,210.0,-3.5125,3.0531,-2.5382,-1.569,2.94,480,0,149,279,0.3465,0.3794,SLOWDOWN,PolygonSlow,0.0,1.0,0.0,0.0,0.0
79.732,210.1,-3.5123,3.053,-2.517,-1.569,2.94,480,0,147,275,0.3467,0.3776,SLOWDOWN,PolygonSlow,0.0,1.0,0.0,0.0,0.0
79.836,210.2,-3.5121,3.053,-2.4968,-1.569,2.94,480,0,145,272,0.3466,0.3757,SLOWDOWN,PolygonSlow,0.0,1.0,0.0,0.0,0.0
79.931,210.3,-3.5119,3.053,-2.4761,-1.569,2.94,480,0,144,270,0.3466,0.374,SLOWDOWN,PolygonSlow,0.0,1.0,0.0,0.0,0.0
80.032,210.4,-3.5119,3.053,-2.455,-1.569,2.94,480,0,143,267,0.3466,0.3724,SLOWDOWN,PolygonSlow,0.0,1.0,0.0,0.0,0.0
80.136,210.5,-3.5118,3.053,-2.4333,-1.569,2.94,480,0,141,265,0.3467,0.3709,SLOWDOWN,PolygonSlow,0.0,1.0,0.0,0.0,0.0
80.234,210.6,-3.5115,3.053,-2.4112,-1.569,2.94,480,0,139,262,0.3467,0.3695,SLOWDOWN,PolygonSlow,0.0,1.0,0.0,0.0,0.0
80.334,210.7,-3.5113,3.053,-2.3886,-1.569,2.94,480,0,137,261,0.3468,0.3683,SLOWDOWN,PolygonSlow,0.0,1.0,0.0,0.0,0.0
80.433,210.8,-3.5111,3.053,-2.3654,-1.569,2.94,480,0,135,257,0.3469,0.3672,SLOWDOWN,PolygonSlow,0.0,1.0,0.0,0.0,0.0
80.534,210.9,-3.5111,3.053,-2.3419,-1.569,2.94,480,0,134,256,0.3467,0.3663,SLOWDOWN,PolygonSlow,0.0,1.0,0.0,0.0,0.0
80.633,211.0,-3.5111,3.0531,-2.3189,-1.569,2.94,480,0,132,253,0.3465,0.3654,SLOWDOWN,PolygonSlow,0.0,1.0,0.0,0.0,0.0
80.738,211.1,-3.5111,3.0534,-2.2964,-1.569,2.94,480,0,130,252,0.3463,0.3646,SLOWDOWN,PolygonSlow,0.0,1.0,0.0,0.0,0.0
80.85,211.2,-3.5111,3.0537,-2.2743,-1.569,2.94,480,0,129,250,0.346,0.364,SLOWDOWN,PolygonSlow,0.0,1.0,0.0,0.0,0.0
80.935,211.3,-3.5111,3.0538,-2.2528,-1.569,2.94,480,0,127,249,0.346,0.3637,SLOWDOWN,PolygonSlow,0.0,1.0,0.0,0.0,0.0
81.05,211.4,-3.5111,3.0537,-2.2318,-1.569,2.94,480,0,125,248,0.3462,0.3637,SLOWDOWN,PolygonSlow,0.0,1.0,0.0,0.0,0.0
81.14,211.5,-3.5111,3.0536,-2.2112,-1.569,2.94,480,0,125,246,0.3466,0.3641,SLOWDOWN,PolygonSlow,0.0,1.0,0.0,0.0,0.0
81.248,211.6,-3.5111,3.0533,-2.1911,-1.569,2.94,480,0,124,246,0.3472,0.3647,SLOWDOWN,PolygonSlow,0.0,1.0,0.0,0.0,0.0
81.347,211.7,-3.5111,3.053,-2.1714,-1.569,2.94,480,0,123,245,0.348,0.3654,SLOWDOWN,PolygonSlow,0.0,1.0,0.0,0.0,0.0
81.454,211.8,-3.511,3.0528,-2.1517,-1.569,2.94,480,0,121,245,0.3489,0.3664,SLOWDOWN,PolygonSlow,0.0,1.0,0.0,0.0,0.0
81.55,211.9,-3.5107,3.0525,-2.1303,-1.569,2.94,480,0,119,243,0.35,0.3675,SLOWDOWN,PolygonSlow,0.0,1.0,0.0,0.0,0.0
81.66,212.0,-3.5101,3.0525,-2.1074,-1.569,2.94,480,0,118,243,0.3512,0.3687,SLOWDOWN,PolygonSlow,0.0,0.9099,0.0,0.0,0.0
81.763,212.1,-3.5094,3.0525,-2.0855,-1.569,2.94,480,0,117,242,0.3525,0.37,SLOWDOWN,PolygonSlow,0.0,0.8028,0.0,0.0,0.0
81.865,212.2,-3.5087,3.0525,-2.0658,-1.569,2.94,480,0,114,243,0.3538,0.3714,SLOWDOWN,PolygonSlow,0.0,0.6929,0.0,0.0,0.0
81.961,212.3,-3.508,3.0525,-2.0485,-1.569,2.94,480,0,113,243,0.3551,0.3728,SLOWDOWN,PolygonSlow,0.0,0.5801,0.0,0.0,0.0
82.068,212.4,-3.5074,3.0525,-2.0336,-1.569,2.94,480,0,112,242,0.3563,0.3742,SLOWDOWN,PolygonSlow,0.0,0.4629,0.0,0.0,0.0
82.17,212.5,-3.5069,3.0525,-2.0221,-1.569,2.94,480,0,110,241,0.3574,0.3753,SLOWDOWN,PolygonSlow,0.0,0.4,0.0,0.0,0.0
82.266,212.6,-3.5064,3.0525,-2.0116,-1.569,2.94,480,0,110,242,0.3584,0.3763,SLOWDOWN,PolygonSlow,0.0,0.4,0.0,0.0,0.0
82.368,212.7,-3.506,3.0525,-2.0017,-1.569,2.94,480,0,108,241,0.3594,0.3774,SLOWDOWN,PolygonSlow,0.0,0.0,0.0,0.0,0.0
82.47,212.8,-3.5057,3.0525,-1.9952,-1.569,2.94,480,0,110,239,0.3604,0.3785,SLOWDOWN,PolygonSlow,0.0474,-1.0,0.0474,0.0142,0.0142
82.566,212.9,-3.5064,3.051,-1.997,-1.569,2.94,480,0,108,240,0.3616,0.3798,SLOWDOWN,PolygonSlow,0.0474,-1.0,0.0474,0.0142,0.0142
82.667,213.0,-3.5074,3.0497,-2.0065,-1.569,2.94,480,0,110,241,0.3621,0.3803,SLOWDOWN,PolygonSlow,0.0474,-1.0,0.0474,0.0142,0.0142
82.762,213.1,-3.5088,3.0484,-2.0238,-1.569,2.94,480,0,112,243,0.3618,0.38,SLOWDOWN,PolygonSlow,0.0474,-1.0,0.0474,0.0142,0.0142
82.865,213.2,-3.5104,3.0472,-2.0471,-1.569,2.94,480,0,112,243,0.3612,0.3793,SLOWDOWN,PolygonSlow,0.0474,-1.0,0.0474,0.0142,0.0142
82.964,213.3,-3.5119,3.046,-2.0706,-1.569,2.94,480,0,115,243,0.3606,0.3787,SLOWDOWN,PolygonSlow,0.0316,-0.9487,0.0316,0.0095,0.0095
83.063,213.4,-3.5131,3.0452,-2.0933,-1.569,2.94,480,0,116,245,0.3599,0.378,SLOWDOWN,PolygonSlow,0.0316,-1.0,0.0316,0.0095,0.0095
83.168,213.5,-3.5143,3.0444,-2.1165,-1.569,2.94,480,0,119,246,0.3594,0.3775,SLOWDOWN,PolygonSlow,0.0316,-1.0,0.0316,0.0095,0.0095
83.267,213.6,-3.5153,3.0437,-2.1392,-1.569,2.94,480,0,120,247,0.359,0.3771,SLOWDOWN,PolygonSlow,0.0,-1.0,0.0,0.0,0.0
83.364,213.7,-3.5157,3.0437,-2.1617,-1.569,2.94,480,0,121,247,0.3581,0.3762,SLOWDOWN,PolygonSlow,0.0,-1.0,0.0,0.0,0.0
83.468,213.8,-3.5161,3.0437,-2.1838,-1.569,2.94,480,0,123,248,0.3573,0.3754,SLOWDOWN,PolygonSlow,0.0,-1.0,0.0,0.0,0.0
83.565,213.9,-3.5163,3.0437,-2.2047,-1.569,2.94,480,0,124,249,0.3567,0.3749,SLOWDOWN,PolygonSlow,0.0316,-1.0,0.0316,0.0095,0.0095
83.667,214.0,-3.5167,3.0433,-2.2251,-1.569,2.94,480,0,125,251,0.3568,0.375,SLOWDOWN,PolygonSlow,0.0,-1.0,0.0,0.0,0.0
83.765,214.1,-3.5167,3.0434,-2.246,-1.569,2.94,480,0,127,252,0.3566,0.3748,SLOWDOWN,PolygonSlow,0.0,-1.0,0.0,0.0,0.0
83.866,214.2,-3.5167,3.0433,-2.2671,-1.569,2.94,480,0,128,252,0.3564,0.3749,SLOWDOWN,PolygonSlow,0.0,-0.9487,0.0,0.0,0.0
83.962,214.3,-3.5167,3.0431,-2.2878,-1.569,2.94,480,0,129,254,0.3565,0.3753,SLOWDOWN,PolygonSlow,0.0,-0.9487,0.0,0.0,0.0
84.066,214.4,-3.5167,3.0429,-2.3086,-1.569,2.94,480,0,131,256,0.3568,0.3759,SLOWDOWN,PolygonSlow,0.0,-0.8974,0.0,0.0,0.0
84.172,214.5,-3.5167,3.0427,-2.329,-1.569,2.94,480,0,132,257,0.3569,0.3766,SLOWDOWN,PolygonSlow,0.0,-0.8974,0.0,0.0,0.0
84.263,214.6,-3.5167,3.0426,-2.3495,-1.569,2.94,480,0,134,260,0.357,0.3774,SLOWDOWN,PolygonSlow,0.0,-0.8462,0.0,0.0,0.0
84.376,214.7,-3.5168,3.0426,-2.3694,-1.569,2.94,480,0,135,262,0.3572,0.3781,SLOWDOWN,PolygonSlow,0.0,-0.8462,0.0,0.0,0.0
84.464,214.8,-3.517,3.0424,-2.3899,-1.569,2.94,480,0,136,263,0.3574,0.3792,SLOWDOWN,PolygonSlow,0.0316,-1.0,0.0316,0.0095,0.0095
84.571,214.9,-3.5178,3.0419,-2.4115,-1.569,2.94,480,0,138,266,0.3578,0.3808,SLOWDOWN,PolygonSlow,0.0,-0.7949,0.0,0.0,0.0
84.669,215.0,-3.5182,3.0418,-2.4301,-1.569,2.94,480,0,139,269,0.3579,0.3821,SLOWDOWN,PolygonSlow,0.0316,-1.0,0.0316,0.0095,0.0095
84.773,215.1,-3.519,3.0411,-2.4516,-1.569,2.94,480,0,142,273,0.3585,0.3841,SLOWDOWN,PolygonSlow,0.0316,-1.0,0.0316,0.0095,0.0095
84.87,215.2,-3.5197,3.0407,-2.4728,-1.569,2.94,480,0,143,275,0.3589,0.3862,SLOWDOWN,PolygonSlow,0.0,-1.0,0.0,0.0,0.0
84.974,215.3,-3.5198,3.0407,-2.4936,-1.569,2.94,480,0,145,277,0.359,0.3879,SLOWDOWN,PolygonSlow,0.0,-1.0,0.0,0.0,0.0
85.076,215.4,-3.52,3.0407,-2.5139,-1.569,2.94,480,0,148,281,0.3589,0.3884,SLOWDOWN,PolygonSlow,0.0,-1.0,0.0,0.0,0.0
85.182,215.5,-3.5205,3.0405,-2.5345,-1.569,2.94,480,0,148,284,0.3591,0.3864,SLOWDOWN,PolygonSlow,0.0316,-1.0,0.0316,0.0095,0.0095
85.28,215.6,-3.5215,3.0403,-2.556,-1.569,2.94,480,0,150,289,0.3593,0.3843,SLOWDOWN,PolygonSlow,0.0316,-1.0,0.0316,0.0095,0.0095
85.383,215.7,-3.5223,3.0402,-2.5782,-1.569,2.94,480,0,153,293,0.3593,0.3824,SLOWDOWN,PolygonSlow,0.0316,-1.0,0.0316,0.0095,0.0095
85.48,215.8,-3.5231,3.0403,-2.6011,-1.569,2.94,480,0,157,297,0.3594,0.3805,SLOWDOWN,PolygonSlow,0.0316,-1.0,0.0316,0.0095,0.0095
85.58,215.9,-3.524,3.0406,-2.6244,-1.569,2.94,480,0,159,303,0.3591,0.3786,SLOWDOWN,PolygonSlow,0.0316,-1.0,0.0316,0.0095,0.0095
85.679,216.0,-3.5248,3.041,-2.6481,-1.569,2.94,480,0,161,309,0.3588,0.3769,SLOWDOWN,PolygonSlow,0.0316,-1.0,0.0316,0.0095,0.0095
85.782,216.1,-3.5256,3.0415,-2.672,-1.569,2.94,480,0,165,314,0.3582,0.3755,SLOWDOWN,PolygonSlow,0.0316,-1.0,0.0316,0.0095,0.0095
85.881,216.2,-3.5265,3.0421,-2.6964,-1.569,2.94,480,0,168,321,0.3574,0.374,SLOWDOWN,PolygonSlow,0.0316,-1.0,0.0316,0.0095,0.0095
85.982,216.3,-3.5273,3.0429,-2.721,-1.569,2.94,480,0,172,327,0.3568,0.374,SLOWDOWN,PolygonSlow,0.0316,-1.0,0.0316,0.0095,0.0095
86.084,216.4,-3.5282,3.0437,-2.7442,-1.569,2.94,480,0,177,336,0.3561,0.3718,SLOWDOWN,PolygonSlow,0.0316,-0.7436,0.0316,0.0095,0.0095
86.182,216.5,-3.5291,3.0444,-2.7633,-1.569,2.94,480,0,180,342,0.3553,0.3707,SLOWDOWN,PolygonSlow,0.0316,-0.7436,0.0316,0.0095,0.0095
86.281,216.6,-3.53,3.0451,-2.7823,-1.569,2.94,480,0,185,349,0.3545,0.37,SLOWDOWN,PolygonSlow,0.0316,-0.7436,0.0316,0.0095,0.0095
86.38,216.7,-3.5308,3.0459,-2.8012,-1.569,2.94,480,0,189,354,0.3539,0.3703,SLOWDOWN,PolygonSlow,0.0316,-0.6923,0.0316,0.0095,0.0095
86.481,216.8,-3.5317,3.0467,-2.8194,-1.569,2.94,480,0,194,356,0.3532,0.3712,SLOWDOWN,PolygonSlow,0.0316,-0.6923,0.0316,0.0095,0.0095
86.58,216.9,-3.5326,3.0476,-2.8377,-1.569,2.94,480,0,199,359,0.3521,0.3692,SLOWDOWN,PolygonSlow,0.0316,-0.6923,0.0316,0.0095,0.0095
86.681,217.0,-3.5333,3.0487,-2.8575,-1.569,2.94,480,0,205,360,0.351,0.3698,SLOWDOWN,PolygonSlow,0.0158,-0.7949,0.0158,0.0047,0.0047
86.784,217.1,-3.5338,3.0499,-2.877,-1.569,2.94,480,0,212,358,0.3498,0.3693,SLOWDOWN,PolygonSlow,0.0158,-0.5897,0.0158,0.0047,0.0047
86.884,217.2,-3.5343,3.0509,-2.8928,-1.569,2.94,480,0,217,357,0.349,0.3696,SLOWDOWN,PolygonSlow,0.0158,-0.5385,0.0158,0.0047,0.0047
86.989,217.3,-3.5347,3.0517,-2.906,-1.569,2.94,480,0,223,357,0.3482,0.3692,SLOWDOWN,PolygonSlow,0.0158,0.3846,0.0158,0.0047,0.0047
87.085,217.4,-3.5352,3.052,-2.9116,-1.569,2.94,480,0,227,356,0.3479,0.3692,SLOWDOWN,PolygonSlow,0.0158,0.3846,0.0158,0.0047,0.0047
87.194,217.5,-3.5356,3.0516,-2.9072,-1.569,2.94,480,0,225,356,0.3483,0.3702,SLOWDOWN,PolygonSlow,0.0158,0.3333,0.0158,0.0047,0.0047
87.286,217.6,-3.5361,3.0509,-2.8989,-1.569,2.94,480,0,220,357,0.349,0.3706,SLOWDOWN,PolygonSlow,0.0158,0.2821,0.0158,0.0047,0.0047
87.392,217.7,-3.5366,3.0503,-2.8925,-1.569,2.94,480,0,221,357,0.3495,0.371,SLOWDOWN,PolygonSlow,0.0158,0.1795,0.0158,0.0047,0.0047
87.51,217.8,-3.537,3.0499,-2.8883,-1.569,2.94,480,0,218,357,0.3499,0.37,SLOWDOWN,PolygonSlow,0.0158,0.0769,0.0158,0.0047,0.0047
87.59,217.9,-3.5375,3.0496,-2.8855,-1.569,2.94,480,0,218,357,0.3502,0.3706,SLOWDOWN,PolygonSlow,0.0158,0.0769,0.0158,0.0047,0.0047
87.703,218.0,-3.5379,3.0493,-2.8834,-1.569,2.94,480,0,218,357,0.3504,0.371,SLOWDOWN,PolygonSlow,0.0158,-0.0256,0.0158,0.0047,0.0047
87.791,218.1,-3.5384,3.0492,-2.8827,-1.569,2.94,480,0,218,357,0.3506,0.371,SLOWDOWN,PolygonSlow,0.0158,-0.0256,0.0158,0.0047,0.0047
87.894,218.2,-3.5388,3.0491,-2.8834,-1.569,2.94,480,0,219,357,0.3507,0.3707,SLOWDOWN,PolygonSlow,0.0158,-0.0256,0.0158,0.0047,0.0047
87.995,218.3,-3.5393,3.049,-2.8841,-1.569,2.94,480,0,221,357,0.3508,0.3704,SLOWDOWN,PolygonSlow,0.0,-0.0769,0.0158,0.0047,0.0047
88.102,218.4,-3.5396,3.049,-2.8853,-1.569,2.94,480,0,221,357,0.3508,0.3712,SLOWDOWN,PolygonSlow,0.0,-0.0769,0.0,0.0,0.0
88.198,218.5,-3.5396,3.0492,-2.8874,-1.569,2.94,480,0,221,357,0.3506,0.3724,SLOWDOWN,PolygonSlow,0.0,-0.0769,0.0,0.0,0.0
88.302,218.6,-3.5396,3.0493,-2.8895,-1.569,2.94,480,0,221,357,0.3505,0.3719,SLOWDOWN,PolygonSlow,0.0,-0.0769,0.0,0.0,0.0
88.399,218.7,-3.5396,3.0495,-2.8917,-1.569,2.94,480,0,222,356,0.3504,0.3714,SLOWDOWN,PolygonSlow,0.0,-0.0769,0.0,0.0,0.0
88.503,218.8,-3.5396,3.0496,-2.8938,-1.569,2.94,480,0,223,357,0.3503,0.3708,SLOWDOWN,PolygonSlow,0.0,-0.0769,0.0,0.0,0.0
88.601,218.9,-3.5396,3.0498,-2.8959,-1.569,2.94,480,0,225,357,0.3501,0.3703,SLOWDOWN,PolygonSlow,0.0158,0.0769,0.0,0.0,0.0
88.708,219.0,-3.5399,3.0497,-2.8956,-1.569,2.94,480,0,225,357,0.3502,0.3703,SLOWDOWN,PolygonSlow,0.0158,0.0769,0.0158,0.0047,0.0047
88.803,219.1,-3.5403,3.0494,-2.8934,-1.569,2.94,480,0,224,357,0.3505,0.3707,SLOWDOWN,PolygonSlow,0.0158,0.0769,0.0158,0.0047,0.0047
88.912,219.2,-3.5408,3.0492,-2.8913,-1.569,2.94,480,0,223,357,0.3507,0.3711,SLOWDOWN,PolygonSlow,0.0158,0.1282,0.0158,0.0047,0.0047
89.012,219.3,-3.5412,3.0488,-2.8882,-1.569,2.94,480,0,224,357,0.351,0.3718,SLOWDOWN,PolygonSlow,0.0158,0.1282,0.0158,0.0047,0.0047
89.118,219.4,-3.5417,3.0485,-2.8847,-1.569,2.94,480,0,222,357,0.3513,0.3725,SLOWDOWN,PolygonSlow,0.0158,0.1282,0.0158,0.0047,0.0047
89.208,219.5,-3.5422,3.0481,-2.8812,-1.569,2.94,480,0,220,357,0.3517,0.3731,SLOWDOWN,PolygonSlow,0.0158,0.1795,0.0158,0.0047,0.0047
89.31,219.6,-3.5426,3.0476,-2.8767,-1.569,2.94,480,0,220,357,0.3521,0.3712,SLOWDOWN,PolygonSlow,0.0158,0.1795,0.0158,0.0047,0.0047
89.41,219.7,-3.5431,3.0472,-2.8718,-1.569,2.94,480,0,219,356,0.3525,0.3723,SLOWDOWN,PolygonSlow,0.0158,0.1795,0.0158,0.0047,0.0047
89.509,219.8,-3.5435,3.0467,-2.867,-1.569,2.94,480,0,216,357,0.3529,0.3719,SLOWDOWN,PolygonSlow,0.0158,0.1795,0.0158,0.0047,0.0047
89.61,219.9,-3.544,3.0463,-2.8621,-1.569,2.94,480,0,216,358,0.3534,0.3715,SLOWDOWN,PolygonSlow,0.0158,0.2308,0.0158,0.0047,0.0047
89.709,220.0,-3.5444,3.0457,-2.8563,-1.569,2.94,480,0,214,358,0.3539,0.3723,SLOWDOWN,PolygonSlow,0.0158,0.2308,0.0158,0.0047,0.0047
89.808,220.1,-3.5449,3.0452,-2.8501,-1.569,2.94,480,0,211,358,0.3545,0.3728,SLOWDOWN,PolygonSlow,0.0158,0.2308,0.0158,0.0047,0.0047
89.91,220.2,-3.5453,3.0446,-2.8439,-1.569,2.94,480,0,212,359,0.3545,0.3727,SLOWDOWN,PolygonSlow,0.0158,0.2308,0.0158,0.0047,0.0047
90.01,220.3,-3.5458,3.0441,-2.8378,-1.569,2.94,480,0,209,359,0.354,0.3742,SLOWDOWN,PolygonSlow,0.0158,0.2308,0.0158,0.0047,0.0047
90.11,220.4,-3.5462,3.0435,-2.8316,-1.569,2.94,480,0,207,359,0.3536,0.3726,SLOWDOWN,PolygonSlow,0.0158,0.2308,0.0158,0.0047,0.0047
90.213,220.5,-3.5467,3.043,-2.8255,-1.569,2.94,480,0,207,359,0.3532,0.3725,SLOWDOWN,PolygonSlow,0.0158,0.2308,0.0158,0.0047,0.0047
90.34,220.6,-3.5472,3.0424,-2.8182,-1.569,2.94,480,0,205,359,0.3528,0.3731,SLOWDOWN,PolygonSlow,0.0158,0.2821,0.0158,0.0047,0.0047
90.429,220.7,-3.5476,3.0419,-2.8123,-1.569,2.94,480,0,204,357,0.3523,0.3734,SLOWDOWN,PolygonSlow,0.0158,0.2821,0.0158,0.0047,0.0047
90.529,220.8,-3.548,3.0413,-2.8049,-1.569,2.94,480,0,202,357,0.3519,0.3734,SLOWDOWN,PolygonSlow,0.0158,0.2821,0.0158,0.0047,0.0047
90.633,220.9,-3.5485,3.0406,-2.7975,-1.569,2.94,480,0,200,355,0.3514,0.3736,SLOWDOWN,PolygonSlow,0.0158,0.2821,0.0158,0.0047,0.0047
90.734,221.0,-3.5489,3.04,-2.7902,-1.569,2.94,480,0,199,354,0.3509,0.3737,SLOWDOWN,PolygonSlow,0.0158,0.2821,0.0158,0.0047,0.0047
90.846,221.1,-3.5494,3.0395,-2.7829,-1.569,2.94,480,0,197,354,0.3505,0.3751,SLOWDOWN,PolygonSlow,0.0158,0.2821,0.0158,0.0047,0.0047
90.932,221.2,-3.5498,3.0389,-2.7757,-1.569,2.94,480,0,196,354,0.35,0.3742,SLOWDOWN,PolygonSlow,0.0158,0.2821,0.0158,0.0047,0.0047
91.043,221.3,-3.5503,3.0383,-2.7684,-1.569,2.94,480,0,195,351,0.3496,0.3745,SLOWDOWN,PolygonSlow,0.0158,0.2821,0.0158,0.0047,0.0047
91.144,221.4,-3.5507,3.0377,-2.7616,-1.569,2.94,480,0,194,347,0.3492,0.3751,SLOWDOWN,PolygonSlow,0.0,-0.6923,0.0,0.0,0.0
91.242,221.5,-3.5507,3.0377,-2.7602,-1.569,2.94,480,0,193,346,0.3492,0.3745,SLOWDOWN,PolygonSlow,0.0,-0.6923,0.0,0.0,0.0
91.341,221.6,-3.5507,3.038,-2.7662,-1.569,2.94,480,0,194,351,0.3492,0.3744,SLOWDOWN,PolygonSlow,0.0,-0.6923,0.0,0.0,0.0
91.444,221.7,-3.5507,3.0388,-2.7809,-1.569,2.94,480,0,197,354,0.3492,0.375,SLOWDOWN,PolygonSlow,0.0,-0.641,0.0,0.0,0.0
91.544,221.8,-3.5507,3.0397,-2.7975,-1.569,2.94,480,0,203,356,0.3492,0.3736,SLOWDOWN,PolygonSlow,0.0,-0.641,0.0,0.0,0.0
91.656,221.9,-3.5507,3.0408,-2.8142,-1.569,2.94,480,0,205,358,0.3493,0.3738,SLOWDOWN,PolygonSlow,0.0,-0.641,0.0,0.0,0.0
91.751,222.0,-3.5507,3.0418,-2.8312,-1.569,2.94,480,0,211,359,0.3492,0.3739,SLOWDOWN,PolygonSlow,0.0,-0.641,0.0,0.0,0.0
91.853,222.1,-3.5507,3.043,-2.8481,-1.569,2.94,480,0,216,358,0.3492,0.3735,SLOWDOWN,PolygonSlow,0.0,-0.5897,0.0,0.0,0.0
91.952,222.2,-3.5507,3.044,-2.864,-1.569,2.94,480,0,221,357,0.3492,0.3746,SLOWDOWN,PolygonSlow,0.0,-0.5897,0.0,0.0,0.0
92.057,222.3,-3.5507,3.0451,-2.88,-1.569,2.94,480,0,227,356,0.3492,0.3735,SLOWDOWN,PolygonSlow,0.0,-0.5897,0.0,0.0,0.0
92.16,222.4,-3.5507,3.0463,-2.8962,-1.569,2.94,480,0,234,355,0.3492,0.3738,SLOWDOWN,PolygonSlow,0.0,-0.5897,0.0,0.0,0.0
92.254,222.5,-3.5507,3.0475,-2.9125,-1.569,2.94,480,0,240,353,0.3492,0.373,SLOWDOWN,PolygonSlow,0.0,-0.5385,0.0,0.0,0.0
92.353,222.6,-3.5507,3.0486,-2.9276,-1.569,2.94,480,0,248,353,0.3492,0.375,SLOWDOWN,PolygonSlow,0.0,-0.5385,0.0,0.0,0.0
92.453,222.7,-3.5507,3.0498,-2.9428,-1.569,2.94,480,0,255,352,0.3491,0.3742,SLOWDOWN,PolygonSlow,0.0,-0.5385,0.0,0.0,0.0
92.565,222.8,-3.5507,3.0509,-2.9577,-1.569,2.94,480,0,265,351,0.3487,0.3749,SLOWDOWN,PolygonSlow,0.0,0.0,0.0,0.0,0.0
92.674,222.9,-3.5507,3.0515,-2.9651,-1.569,2.94,480,0,271,351,0.3481,0.3745,DO_NOTHING,,0.0,0.0,0.0,0.0,0.0
92.762,223.0,-3.5507,3.0516,-2.9668,-1.569,2.94,480,0,271,350,0.348,0.3741,SLOWDOWN,PolygonSlow,0.0,-0.4872,0.0,0.0,0.0
92.87,223.1,-3.5507,3.0522,-2.9757,-1.569,2.94,480,0,278,350,0.3474,0.3747,SLOWDOWN,PolygonSlow,0.0,-0.4872,0.0,0.0,0.0
92.967,223.2,-3.5507,3.0534,-2.9899,-1.569,2.94,480,0,286,349,0.3464,0.3741,SLOWDOWN,PolygonSlow,0.0,-0.4872,0.0,0.0,0.0
93.066,223.3,-3.5507,3.0545,-3.0041,-1.569,2.94,480,0,292,349,0.3454,0.3765,SLOWDOWN,PolygonSlow,0.0,-0.4872,0.0,0.0,0.0
93.166,223.4,-3.5507,3.0557,-3.0185,-1.569,2.94,480,0,301,348,0.344,0.3758,SLOWDOWN,PolygonSlow,0.0,-0.4872,0.0,0.0,0.0
93.266,223.5,-3.5507,3.0569,-3.033,-1.569,2.94,480,0,303,347,0.3428,0.3755,SLOWDOWN,PolygonSlow,0.0,-0.4359,0.0,0.0,0.0
93.366,223.6,-3.5507,3.0581,-3.0465,-1.569,2.94,480,0,304,347,0.3417,0.3762,SLOWDOWN,PolygonSlow,0.0,-0.4359,0.0,0.0,0.0
93.469,223.7,-3.5507,3.0592,-3.0597,-1.569,2.94,480,0,305,346,0.3406,0.3772,SLOWDOWN,PolygonSlow,0.0,-0.4359,0.0,0.0,0.0
93.568,223.8,-3.5507,3.0603,-3.073,-1.569,2.94,480,0,305,345,0.3396,0.3769,SLOWDOWN,PolygonSlow,0.0,-0.4359,0.0,0.0,0.0
93.666,223.9,-3.5507,3.0615,-3.0864,-1.569,2.94,480,0,306,344,0.3383,0.3777,SLOWDOWN,PolygonSlow,0.0,-0.0256,0.0,0.0,0.0
93.768,224.0,-3.5507,3.0623,-3.0951,-1.569,2.94,480,0,306,343,0.3375,0.3833,SLOWDOWN,PolygonSlow,0.0,-0.0256,0.0,0.0,0.0
93.87,224.1,-3.5507,3.0624,-3.0967,-1.569,2.94,480,0,306,343,0.3373,0.3846,SLOWDOWN,PolygonSlow,0.0,-0.0256,0.0,0.0,0.0
93.967,224.2,-3.5507,3.0625,-3.0975,-1.569,2.94,480,0,306,343,0.3373,0.3852,SLOWDOWN,PolygonSlow,0.0,-0.0256,0.0,0.0,0.0
94.068,224.3,-3.5507,3.0626,-3.0983,-1.569,2.94,480,0,306,343,0.3372,0.3858,SLOWDOWN,PolygonSlow,0.0,-0.0256,0.0,0.0,0.0
94.188,224.4,-3.5507,3.0626,-3.0991,-1.569,2.94,480,0,306,343,0.3371,0.3865,SLOWDOWN,PolygonSlow,0.0,-0.0256,0.0,0.0,0.0
94.272,224.5,-3.5507,3.0627,-3.0999,-1.569,2.94,480,0,306,343,0.337,0.3871,SLOWDOWN,PolygonSlow,0.0,-0.0256,0.0,0.0,0.0
94.378,224.6,-3.5507,3.0628,-3.1007,-1.569,2.94,480,0,306,343,0.337,0.3877,SLOWDOWN,PolygonSlow,0.0,-0.0256,0.0,0.0,0.0
94.47,224.7,-3.5507,3.0628,-3.1015,-1.569,2.94,480,0,307,343,0.3369,0.3884,SLOWDOWN,PolygonSlow,0.0,-0.0256,0.0,0.0,0.0
94.575,224.8,-3.5507,3.0629,-3.1023,-1.569,2.94,480,0,307,343,0.3368,0.389,SLOWDOWN,PolygonSlow,0.0,-0.0256,0.0,0.0,0.0
94.68,224.9,-3.5507,3.063,-3.1031,-1.569,2.94,480,0,307,343,0.3367,0.3897,SLOWDOWN,PolygonSlow,0.0,-0.0256,0.0,0.0,0.0
94.786,225.0,-3.5507,3.0631,-3.1039,-1.569,2.94,480,0,307,343,0.3367,0.3903,SLOWDOWN,PolygonSlow,0.0,-0.0256,0.0,0.0,0.0
94.88,225.1,-3.5507,3.0631,-3.1047,-1.569,2.94,480,0,307,343,0.3366,0.3909,SLOWDOWN,PolygonSlow,0.0,-0.0256,0.0,0.0,0.0
94.983,225.2,-3.5507,3.0632,-3.1055,-1.569,2.94,480,0,307,344,0.3365,0.3916,SLOWDOWN,PolygonSlow,0.0,-0.0256,0.0,0.0,0.0
95.079,225.3,-3.5507,3.0633,-3.1063,-1.569,2.94,480,0,307,344,0.3365,0.3922,SLOWDOWN,PolygonSlow,0.0,-0.0256,0.0,0.0,0.0
95.184,225.4,-3.5507,3.0633,-3.1071,-1.569,2.94,480,0,307,343,0.3364,0.3929,SLOWDOWN,PolygonSlow,0.0,-0.0256,0.0,0.0,0.0
95.279,225.5,-3.5507,3.0634,-3.1079,-1.569,2.94,480,0,307,343,0.3363,0.3935,SLOWDOWN,PolygonSlow,0.0,-0.0256,0.0,0.0,0.0
95.383,225.6,-3.5507,3.0635,-3.1087,-1.569,2.94,480,0,307,343,0.3362,0.3942,SLOWDOWN,PolygonSlow,0.0,-0.0256,0.0,0.0,0.0
95.48,225.7,-3.5507,3.0635,-3.1095,-1.569,2.94,480,0,307,343,0.3362,0.3949,SLOWDOWN,PolygonSlow,0.0,-0.0256,0.0,0.0,0.0
95.58,225.8,-3.5507,3.0636,-3.1103,-1.569,2.94,480,0,307,343,0.3361,0.3955,SLOWDOWN,PolygonSlow,0.0,-0.0256,0.0,0.0,0.0
95.679,225.9,-3.5507,3.0637,-3.1111,-1.569,2.94,480,0,307,343,0.336,0.3962,SLOWDOWN,PolygonSlow,0.0,-0.0256,0.0,0.0,0.0
95.778,226.0,-3.5507,3.0638,-3.1119,-1.569,2.94,480,0,307,343,0.3359,0.3969,SLOWDOWN,PolygonSlow,0.0,-0.0256,0.0,0.0,0.0
95.882,226.1,-3.5507,3.0638,-3.1127,-1.569,2.94,480,0,307,343,0.3359,0.3975,SLOWDOWN,PolygonSlow,0.0,-0.0256,0.0,0.0,0.0
95.979,226.2,-3.5507,3.0639,-3.1135,-1.569,2.94,480,0,307,342,0.3358,0.3982,SLOWDOWN,PolygonSlow,0.0,-0.0256,0.0,0.0,0.0
96.082,226.3,-3.5507,3.064,-3.1143,-1.569,2.94,480,0,307,342,0.3357,0.3989,SLOWDOWN,PolygonSlow,0.0,-0.0256,0.0,0.0,0.0
96.181,226.4,-3.5507,3.064,-3.1151,-1.569,2.94,480,0,307,342,0.3357,0.3996,SLOWDOWN,PolygonSlow,0.0,-0.0256,0.0,0.0,0.0
96.284,226.5,-3.5507,3.0641,-3.1159,-1.569,2.94,480,0,307,342,0.3356,0.4002,SLOWDOWN,PolygonSlow,0.0,-0.0256,0.0,0.0,0.0
96.385,226.6,-3.5507,3.0642,-3.1168,-1.569,2.94,480,0,307,342,0.3355,0.4009,SLOWDOWN,PolygonSlow,0.0,-0.0256,0.0,0.0,0.0
96.485,226.7,-3.5507,3.0643,-3.1176,-1.569,2.94,480,0,307,342,0.3355,0.4016,SLOWDOWN,PolygonSlow,0.0,-0.0256,0.0,0.0,0.0
96.591,226.8,-3.5507,3.0643,-3.1184,-1.569,2.94,480,0,307,342,0.3354,0.4023,SLOWDOWN,PolygonSlow,0.0,-0.0256,0.0,0.0,0.0
96.684,226.9,-3.5507,3.0644,-3.1192,-1.569,2.94,480,0,307,343,0.3353,0.403,SLOWDOWN,PolygonSlow,0.0,-0.0256,0.0,0.0,0.0
96.782,227.0,-3.5507,3.0645,-3.12,-1.569,2.94,480,0,308,343,0.3352,0.4037,SLOWDOWN,PolygonSlow,0.0,-0.0256,0.0,0.0,0.0
96.88,227.1,-3.5507,3.0645,-3.1208,-1.569,2.94,480,0,308,342,0.3352,0.4044,SLOWDOWN,PolygonSlow,0.0,-0.0256,0.0,0.0,0.0
96.981,227.2,-3.5507,3.0646,-3.1216,-1.569,2.94,480,0,308,342,0.3351,0.4051,SLOWDOWN,PolygonSlow,0.0,-0.0256,0.0,0.0,0.0
97.079,227.3,-3.5507,3.0647,-3.1224,-1.569,2.94,480,0,308,342,0.335,0.4058,SLOWDOWN,PolygonSlow,0.0,-0.0256,0.0,0.0,0.0
97.182,227.4,-3.5507,3.0648,-3.1232,-1.569,2.94,480,0,308,342,0.335,0.4065,SLOWDOWN,PolygonSlow,0.0,-0.0256,0.0,0.0,0.0
97.281,227.5,-3.5507,3.0648,-3.124,-1.569,2.94,480,0,308,342,0.3349,0.4072,SLOWDOWN,PolygonSlow,0.0,-0.0256,0.0,0.0,0.0
97.386,227.6,-3.5507,3.0649,-3.1248,-1.569,2.94,480,0,308,342,0.3348,0.4079,SLOWDOWN,PolygonSlow,0.0,-0.0256,0.0,0.0,0.0
97.492,227.7,-3.5507,3.065,-3.1256,-1.569,2.94,480,0,308,342,0.3348,0.4086,SLOWDOWN,PolygonSlow,0.0,-0.0256,0.0,0.0,0.0
97.586,227.8,-3.5507,3.0651,-3.1265,-1.569,2.94,480,0,308,342,0.3347,0.4093,SLOWDOWN,PolygonSlow,0.0,-0.0256,0.0,0.0,0.0
97.705,227.9,-3.5507,3.0651,-3.1274,-1.569,2.94,480,0,308,342,0.3346,0.41,SLOWDOWN,PolygonSlow,0.0,-0.0256,0.0,0.0,0.0
97.779,228.0,-3.5507,3.0652,-3.1281,-1.569,2.94,480,0,308,342,0.3346,0.4108,SLOWDOWN,PolygonSlow,0.0,-0.0256,0.0,0.0,0.0
97.889,228.1,-3.5507,3.0653,-3.1289,-1.569,2.94,480,0,308,342,0.3345,0.4115,SLOWDOWN,PolygonSlow,0.0,-0.0256,0.0,0.0,0.0
97.986,228.2,-3.5507,3.0653,-3.1297,-1.569,2.94,480,0,308,342,0.3344,0.4122,SLOWDOWN,PolygonSlow,0.0,-0.0256,0.0,0.0,0.0
98.092,228.3,-3.5507,3.0654,-3.1305,-1.569,2.94,480,0,308,342,0.3344,0.4129,SLOWDOWN,PolygonSlow,0.0,-0.0256,0.0,0.0,0.0
98.193,228.4,-3.5507,3.0655,-3.1313,-1.569,2.94,480,0,308,342,0.3343,0.4137,SLOWDOWN,PolygonSlow,0.0,-0.0256,0.0,0.0,0.0
98.3,228.5,-3.5507,3.0656,-3.1322,-1.569,2.94,480,0,308,343,0.3342,0.4144,SLOWDOWN,PolygonSlow,0.0,-0.0256,0.0,0.0,0.0
98.395,228.6,-3.5507,3.0656,-3.133,-1.569,2.94,480,0,308,342,0.3342,0.4151,SLOWDOWN,PolygonSlow,0.0,-0.0256,0.0,0.0,0.0
98.497,228.7,-3.5507,3.0657,-3.1338,-1.569,2.94,480,0,308,342,0.3341,0.4159,SLOWDOWN,PolygonSlow,0.0,-0.0256,0.0,0.0,0.0
98.597,228.8,-3.5507,3.0658,-3.1346,-1.569,2.94,480,0,308,342,0.334,0.4166,SLOWDOWN,PolygonSlow,0.0,-0.0256,0.0,0.0,0.0
98.699,228.9,-3.5507,3.0659,-3.1354,-1.569,2.94,480,0,308,342,0.334,0.4174,SLOWDOWN,PolygonSlow,0.0,-0.0256,0.0,0.0,0.0
98.795,229.0,-3.5507,3.0659,-3.1362,-1.569,2.94,480,0,308,342,0.3339,0.4181,SLOWDOWN,PolygonSlow,0.0,-0.0256,0.0,0.0,0.0
98.897,229.1,-3.5507,3.066,-3.137,-1.569,2.94,480,0,308,342,0.3338,0.4188,SLOWDOWN,PolygonSlow,0.0,-0.0256,0.0,0.0,0.0
98.995,229.2,-3.5507,3.0661,-3.1379,-1.569,2.94,480,0,308,342,0.3338,0.4196,SLOWDOWN,PolygonSlow,0.0,-0.0256,0.0,0.0,0.0
99.097,229.3,-3.5507,3.0662,-3.1387,-1.569,2.94,480,0,308,342,0.3337,0.4204,SLOWDOWN,PolygonSlow,0.0,-0.0256,0.0,0.0,0.0
99.197,229.4,-3.5507,3.0662,-3.1395,-1.569,2.94,480,0,308,341,0.3336,0.4211,SLOWDOWN,PolygonSlow,0.0,-0.0256,0.0,0.0,0.0
99.299,229.5,-3.5507,3.0663,-3.1403,-1.569,2.94,480,0,308,341,0.3336,0.4219,SLOWDOWN,PolygonSlow,0.0,-0.0256,0.0,0.0,0.0
99.397,229.6,-3.5507,3.0664,-3.1411,-1.569,2.94,480,0,308,341,0.3335,0.4226,SLOWDOWN,PolygonSlow,0.0,-0.0256,0.0,0.0,0.0
99.5,229.7,-3.5507,3.0664,3.1412,-1.569,2.94,480,0,309,341,0.3334,0.4234,SLOWDOWN,PolygonSlow,0.0,-0.0256,0.0,0.0,0.0
99.612,229.8,-3.5507,3.0665,3.1404,-1.569,2.94,480,0,309,341,0.3334,0.4242,SLOWDOWN,PolygonSlow,0.0,-0.0256,0.0,0.0,0.0
99.707,229.9,-3.5507,3.0666,3.1396,-1.569,2.94,480,0,309,341,0.3333,0.425,SLOWDOWN,PolygonSlow,0.0,-0.0256,0.0,0.0,0.0
99.809,230.0,-3.5507,3.0667,3.1388,-1.569,2.94,480,0,309,341,0.3332,0.4257,SLOWDOWN,PolygonSlow,0.0,-0.0256,0.0,0.0,0.0
99.915,230.1,-3.5507,3.0667,3.138,-1.569,2.94,480,0,309,341,0.3332,0.4265,SLOWDOWN,PolygonSlow,0.0,-0.0256,0.0,0.0,0.0
100.008,230.2,-3.5507,3.0668,3.1371,-1.569,2.94,480,0,309,342,0.3331,0.4273,SLOWDOWN,PolygonSlow,0.0,-0.0256,0.0,0.0,0.0
100.108,230.3,-3.5507,3.0669,3.1363,-1.569,2.94,480,0,309,342,0.333,0.4281,SLOWDOWN,PolygonSlow,0.0,-0.0256,0.0,0.0,0.0
100.21,230.4,-3.5507,3.067,3.1355,-1.569,2.94,480,0,309,342,0.3329,0.4288,SLOWDOWN,PolygonSlow,0.0,-0.0256,0.0,0.0,0.0
100.306,230.5,-3.5507,3.067,3.1347,-1.569,2.94,480,0,309,342,0.3329,0.4296,SLOWDOWN,PolygonSlow,0.0,-0.0256,0.0,0.0,0.0
100.413,230.6,-3.5507,3.0671,3.1342,-1.569,2.94,480,0,309,342,0.3328,0.4301,SLOWDOWN,PolygonSlow,0.0,0.0256,0.0,0.0,0.0
100.514,230.7,-3.5507,3.067,3.135,-1.569,2.94,480,0,309,342,0.3329,0.4293,SLOWDOWN,PolygonSlow,0.0,0.0256,0.0,0.0,0.0
100.611,230.8,-3.5507,3.0669,3.1358,-1.569,2.94,480,0,309,342,0.333,0.4285,SLOWDOWN,PolygonSlow,0.0,0.0256,0.0,0.0,0.0
100.713,230.9,-3.5507,3.0669,3.1367,-1.569,2.94,480,0,309,342,0.3331,0.4277,SLOWDOWN,PolygonSlow,0.0,0.0256,0.0,0.0,0.0
100.826,231.0,-3.5507,3.0668,3.1375,-1.569,2.94,480,0,309,342,0.3331,0.427,SLOWDOWN,PolygonSlow,0.0,0.0256,0.0,0.0,0.0
100.913,231.1,-3.5507,3.0667,3.1383,-1.569,2.94,480,0,309,341,0.3332,0.4262,SLOWDOWN,PolygonSlow,0.0,0.0256,0.0,0.0,0.0
101.028,231.2,-3.5507,3.0667,3.1388,-1.569,2.94,480,0,309,341,0.3332,0.4257,SLOWDOWN,PolygonSlow,0.0,-0.0256,0.0,0.0,0.0
101.117,231.3,-3.5507,3.0667,3.138,-1.569,2.94,480,0,309,341,0.3332,0.4265,SLOWDOWN,PolygonSlow,0.0,-0.0256,0.0,0.0,0.0
101.228,231.4,-3.5507,3.0668,3.1371,-1.569,2.94,480,0,309,342,0.3331,0.4273,SLOWDOWN,PolygonSlow,0.0,-0.0256,0.0,0.0,0.0
101.322,231.5,-3.5507,3.0669,3.1363,-1.569,2.94,480,0,309,342,0.333,0.4281,SLOWDOWN,PolygonSlow,0.0,-0.0256,0.0,0.0,0.0
101.431,231.6,-3.5507,3.067,3.1355,-1.569,2.94,480,0,309,342,0.3329,0.4288,SLOWDOWN,PolygonSlow,0.0,-0.0256,0.0,0.0,0.0
101.533,231.7,-3.5507,3.067,3.1347,-1.569,2.94,480,0,309,342,0.3329,0.4296,SLOWDOWN,PolygonSlow,0.0,-0.0256,0.0,0.0,0.0
101.632,231.8,-3.5507,3.067,3.1347,-1.569,2.94,480,0,309,342,0.3329,0.4296,SLOWDOWN,PolygonSlow,0.0,0.0256,0.0,0.0,0.0
101.731,231.9,-3.5507,3.067,3.1355,-1.569,2.94,480,0,309,342,0.3329,0.4289,SLOWDOWN,PolygonSlow,0.0,0.0256,0.0,0.0,0.0
101.831,232.0,-3.5507,3.0669,3.1363,-1.569,2.94,480,0,309,342,0.333,0.4281,SLOWDOWN,PolygonSlow,0.0,0.0256,0.0,0.0,0.0
101.932,232.1,-3.5507,3.0668,3.1371,-1.569,2.94,480,0,309,342,0.3331,0.4273,SLOWDOWN,PolygonSlow,0.0,-0.0256,0.0,0.0,0.0
102.041,232.2,-3.5507,3.0668,3.1373,-1.569,2.94,480,0,309,342,0.3331,0.4271,SLOWDOWN,PolygonSlow,0.0,-0.0256,0.0,0.0,0.0
102.141,232.3,-3.5507,3.0669,3.1365,-1.569,2.94,480,0,309,342,0.333,0.4279,SLOWDOWN,PolygonSlow,0.0,-0.0256,0.0,0.0,0.0
102.234,232.4,-3.5507,3.0669,3.1357,-1.569,2.94,480,0,309,342,0.333,0.4287,SLOWDOWN,PolygonSlow,0.0,-0.0256,0.0,0.0,0.0
102.341,232.5,-3.5507,3.067,3.1349,-1.569,2.94,480,0,309,342,0.3329,0.4295,SLOWDOWN,PolygonSlow,0.0,0.0256,0.0,0.0,0.0
102.442,232.6,-3.5507,3.067,3.1347,-1.569,2.94,480,0,309,342,0.3329,0.4295,SLOWDOWN,PolygonSlow,0.0,0.0256,0.0,0.0,0.0
102.541,232.7,-3.5507,3.0669,3.1357,-1.569,2.94,480,0,309,342,0.333,0.4287,SLOWDOWN,PolygonSlow,0.0,0.0256,0.0,0.0,0.0
102.64,232.8,-3.5507,3.0669,3.1365,-1.569,2.94,480,0,309,342,0.333,0.4279,SLOWDOWN,PolygonSlow,0.0,0.0256,0.0,0.0,0.0
102.735,232.9,-3.5507,3.0668,3.1373,-1.569,2.94,480,0,309,342,0.3331,0.4271,SLOWDOWN,PolygonSlow,0.0,0.0256,0.0,0.0,0.0
102.835,233.0,-3.5507,3.0667,3.1381,-1.569,2.94,480,0,309,341,0.3332,0.4264,SLOWDOWN,PolygonSlow,0.0,0.0,0.0,0.0,0.0
102.936,233.1,-3.5507,3.0667,3.1382,-1.569,2.94,480,0,309,341,0.3332,0.4263,DO_NOTHING,,0.0,0.0,0.0,0.0,0.0
103.036,233.2,-3.5507,3.0667,3.1382,-1.569,2.94,480,0,309,341,0.3332,0.4263,DO_NOTHING,,0.0,0.0,0.0,0.0,0.0
103.137,233.3,-3.5507,3.0667,3.1382,-1.569,2.94,480,0,309,341,0.3332,0.4263,DO_NOTHING,,0.0,0.0,0.0,0.0,0.0
103.236,233.4,-3.5507,3.0667,3.1382,-1.569,2.94,480,0,309,341,0.3332,0.4263,DO_NOTHING,,0.0,0.0,0.0,0.0,0.0
103.335,233.5,-3.5507,3.0667,3.1382,-1.569,2.94,480,0,309,341,0.3332,0.4263,DO_NOTHING,,0.0,0.0,0.0,0.0,0.0
103.435,233.6,-3.5507,3.0667,3.1382,-1.569,2.94,480,0,309,341,0.3332,0.4263,DO_NOTHING,,0.0,0.0,0.0,0.0,0.0
103.534,233.7,-3.5507,3.0667,3.1382,-1.569,2.94,480,0,309,341,0.3332,0.4263,DO_NOTHING,,0.0,0.0,0.0,0.0,0.0
103.635,233.8,-3.5507,3.0667,3.1382,-1.569,2.94,480,0,309,341,0.3332,0.4263,DO_NOTHING,,0.0,0.0,0.0,0.0,0.0
103.738,233.9,-3.5507,3.0667,3.1382,-1.569,2.94,480,0,309,341,0.3332,0.4263,DO_NOTHING,,0.0,0.0,0.0,0.0,0.0
103.839,234.0,-3.5507,3.0667,3.1382,-1.569,2.94,480,0,309,341,0.3332,0.4263,DO_NOTHING,,0.0,0.0,0.0,0.0,0.0
103.939,234.1,-3.5507,3.0667,3.1382,-1.569,2.94,480,0,309,341,0.3332,0.4263,DO_NOTHING,,0.0,0.0,0.0,0.0,0.0
104.047,234.2,-3.5507,3.0667,3.1382,-1.569,2.94,480,0,309,341,0.3332,0.4263,DO_NOTHING,,0.0,0.0,0.0,0.0,0.0
104.165,234.3,-3.5507,3.0667,3.1382,-1.569,2.94,480,0,309,341,0.3332,0.4263,DO_NOTHING,,0.0,0.0,0.0,0.0,0.0
104.244,234.4,-3.5507,3.0667,3.1382,-1.569,2.94,480,0,309,341,0.3332,0.4263,DO_NOTHING,,0.0,0.0,0.0,0.0,0.0
104.37,234.5,-3.5507,3.0667,3.1382,-1.569,2.94,480,0,309,341,0.3332,0.4263,DO_NOTHING,,0.0,0.0,0.0,0.0,0.0
104.448,234.6,-3.5507,3.0667,3.1382,-1.569,2.94,480,0,309,341,0.3332,0.4263,DO_NOTHING,,0.0,0.0,0.0,0.0,0.0
104.549,234.7,-3.5507,3.0667,3.1382,-1.569,2.94,480,0,309,341,0.3332,0.4263,DO_NOTHING,,0.0,0.0,0.0,0.0,0.0
104.647,234.8,-3.5507,3.0667,3.1382,-1.569,2.94,480,0,309,341,0.3332,0.4263,DO_NOTHING,,0.0,0.0,0.0,0.0,0.0
104.763,234.9,-3.5507,3.0667,3.1382,-1.569,2.94,480,0,309,341,0.3332,0.4263,DO_NOTHING,,0.0,0.0,0.0,0.0,0.0
104.877,235.0,-3.5507,3.0667,3.1382,-1.569,2.94,480,0,309,341,0.3332,0.4263,DO_NOTHING,,0.0,0.0,0.0,0.0,0.0
104.983,235.1,-3.5507,3.0667,3.1382,-1.569,2.94,480,0,309,341,0.3332,0.4263,DO_NOTHING,,0.0,0.0,0.0,0.0,0.0
105.08,235.2,-3.5507,3.0667,3.1382,-1.569,2.94,480,0,309,341,0.3332,0.4263,DO_NOTHING,,0.0,0.0,0.0,0.0,0.0
105.184,235.3,-3.5507,3.0667,3.1382,-1.569,2.94,480,0,309,341,0.3332,0.4263,DO_NOTHING,,0.0,0.0,0.0,0.0,0.0
105.279,235.4,-3.5507,3.0667,3.1382,-1.569,2.94,480,0,309,341,0.3332,0.4263,DO_NOTHING,,0.0,0.0,0.0,0.0,0.0
105.379,235.5,-3.5507,3.0667,3.1382,-1.569,2.94,480,0,309,341,0.3332,0.4263,DO_NOTHING,,0.0,0.0,0.0,0.0,0.0
105.483,235.6,-3.5507,3.0667,3.1382,-1.569,2.94,480,0,309,341,0.3332,0.4263,DO_NOTHING,,0.0,0.0,0.0,0.0,0.0
105.581,235.7,-3.5507,3.0667,3.1382,-1.569,2.94,480,0,309,341,0.3332,0.4263,DO_NOTHING,,0.0,0.0,0.0,0.0,0.0
105.691,235.8,-3.5507,3.0667,3.1382,-1.569,2.94,480,0,309,341,0.3332,0.4263,DO_NOTHING,,0.0,0.0,0.0,0.0,0.0
105.783,235.9,-3.5507,3.0667,3.1382,-1.569,2.94,480,0,309,341,0.3332,0.4263,DO_NOTHING,,0.0,0.0,0.0,0.0,0.0
105.89,236.0,-3.5507,3.0667,3.1382,-1.569,2.94,480,0,309,341,0.3332,0.4263,DO_NOTHING,,0.0,0.0,0.0,0.0,0.0
105.996,236.1,-3.5507,3.0667,3.1382,-1.569,2.94,480,0,309,341,0.3332,0.4263,DO_NOTHING,,0.0,0.0,0.0,0.0,0.0
106.107,236.2,-3.5507,3.0667,3.1382,-1.569,2.94,480,0,309,341,0.3332,0.4263,DO_NOTHING,,0.0,0.0,0.0,0.0,0.0
106.225,236.3,-3.5507,3.0667,3.1382,-1.569,2.94,480,0,309,341,0.3332,0.4263,DO_NOTHING,,0.0,0.0,0.0,0.0,0.0
106.337,236.4,-3.5507,3.0667,3.1382,-1.569,2.94,480,0,309,341,0.3332,0.4263,DO_NOTHING,,0.0,0.0,0.0,0.0,0.0
106.436,236.5,-3.5507,3.0667,3.1382,-1.569,2.94,480,0,309,341,0.3332,0.4263,DO_NOTHING,,0.0,0.0,0.0,0.0,0.0
106.533,236.6,-3.5507,3.0667,3.1382,-1.569,2.94,480,0,309,341,0.3332,0.4263,DO_NOTHING,,0.0,0.0,0.0,0.0,0.0
106.637,236.7,-3.5507,3.0667,3.1382,-1.569,2.94,480,0,309,341,0.3332,0.4263,DO_NOTHING,,0.0,0.0,0.0,0.0,0.0
106.734,236.8,-3.5507,3.0667,3.1382,-1.569,2.94,480,0,309,341,0.3332,0.4263,DO_NOTHING,,0.0,0.0,0.0,0.0,0.0
106.836,236.9,-3.5507,3.0667,3.1382,-1.569,2.94,480,0,309,341,0.3332,0.4263,DO_NOTHING,,0.0,0.0,0.0,0.0,0.0
106.935,237.0,-3.5507,3.0667,3.1382,-1.569,2.94,480,0,309,341,0.3332,0.4263,DO_NOTHING,,0.0,0.0,0.0,0.0,0.0
107.036,237.1,-3.5507,3.0667,3.1382,-1.569,2.94,480,0,309,341,0.3332,0.4263,DO_NOTHING,,0.0,0.0,0.0,0.0,0.0
107.135,237.2,-3.5507,3.0667,3.1382,-1.569,2.94,480,0,309,341,0.3332,0.4263,DO_NOTHING,,0.0,0.0,0.0,0.0,0.0
107.237,237.3,-3.5507,3.0667,3.1382,-1.569,2.94,480,0,309,341,0.3332,0.4263,DO_NOTHING,,0.0,0.0,0.0,0.0,0.0
107.333,237.4,-3.5507,3.0667,3.1382,-1.569,2.94,480,0,309,341,0.3332,0.4263,DO_NOTHING,,0.0,0.0,0.0,0.0,0.0
107.438,237.5,-3.5507,3.0667,3.1382,-1.569,2.94,480,0,309,341,0.3332,0.4263,DO_NOTHING,,0.0,0.0,0.0,0.0,0.0
107.552,237.6,-3.5507,3.0667,3.1382,-1.569,2.94,480,0,309,341,0.3332,0.4263,DO_NOTHING,,0.0,0.0,0.0,0.0,0.0
107.638,237.7,-3.5507,3.0667,3.1382,-1.569,2.94,480,0,309,341,0.3332,0.4263,DO_NOTHING,,0.0,0.0,0.0,0.0,0.0
107.753,237.8,-3.5507,3.0667,3.1382,-1.569,2.94,480,0,309,341,0.3332,0.4263,DO_NOTHING,,0.0,0.0,0.0,0.0,0.0
107.838,237.9,-3.5507,3.0667,3.1382,-1.569,2.94,480,0,309,341,0.3332,0.4263,DO_NOTHING,,0.0,0.0,0.0,0.0,0.0
107.971,238.0,-3.5507,3.0667,3.1382,-1.569,2.94,480,0,309,341,0.3332,0.4263,DO_NOTHING,,0.0,0.0,0.0,0.0,0.0
108.077,238.1,-3.5507,3.0667,3.138,-1.569,2.94,480,0,309,341,0.3332,0.4264,SLOWDOWN,PolygonSlow,0.0,-0.0256,0.0,0.0,0.0
108.177,238.2,-3.5507,3.0668,3.1372,-1.569,2.94,480,0,309,342,0.3331,0.4272,SLOWDOWN,PolygonSlow,0.0,-0.0256,0.0,0.0,0.0
108.272,238.3,-3.5507,3.0669,3.1364,-1.569,2.94,480,0,309,342,0.333,0.428,SLOWDOWN,PolygonSlow,0.0,-0.0256,0.0,0.0,0.0
108.388,238.4,-3.5507,3.067,3.1356,-1.569,2.94,480,0,309,342,0.333,0.4288,SLOWDOWN,PolygonSlow,0.0,-0.0256,0.0,0.0,0.0
108.484,238.5,-3.5507,3.067,3.1348,-1.569,2.94,480,0,309,342,0.3329,0.4296,SLOWDOWN,PolygonSlow,0.0,0.0256,0.0,0.0,0.0
108.592,238.6,-3.5507,3.067,3.1346,-1.569,2.94,480,0,309,342,0.3328,0.4297,SLOWDOWN,PolygonSlow,0.0,0.0256,0.0,0.0,0.0
108.7,238.7,-3.5507,3.067,3.1354,-1.569,2.94,480,0,309,342,0.3329,0.4289,SLOWDOWN,PolygonSlow,0.0,0.0256,0.0,0.0,0.0
108.798,238.8,-3.5507,3.0669,3.1362,-1.569,2.94,480,0,309,342,0.333,0.4281,SLOWDOWN,PolygonSlow,0.0,0.0256,0.0,0.0,0.0
108.897,238.9,-3.5507,3.0668,3.1371,-1.569,2.94,480,0,309,342,0.3331,0.4274,SLOWDOWN,PolygonSlow,0.0,0.0256,0.0,0.0,0.0
109.007,239.0,-3.5507,3.0668,3.1379,-1.569,2.94,480,0,309,342,0.3332,0.4266,SLOWDOWN,PolygonSlow,0.0,0.0256,0.0,0.0,0.0
109.107,239.1,-3.5507,3.0667,3.1387,-1.569,2.94,480,0,309,341,0.3332,0.4258,SLOWDOWN,PolygonSlow,0.0,-0.0256,0.0,0.0,0.0
109.227,239.2,-3.5507,3.0667,3.1384,-1.569,2.94,480,0,309,341,0.3332,0.4261,SLOWDOWN,PolygonSlow,0.0,-0.0256,0.0,0.0,0.0
109.335,239.3,-3.5507,3.0668,3.1375,-1.569,2.94,480,0,309,342,0.3331,0.4269,SLOWDOWN,PolygonSlow,0.0,-0.0256,0.0,0.0,0.0
109.455,239.4,-3.5507,3.0669,3.1367,-1.569,2.94,480,0,309,342,0.3331,0.4277,SLOWDOWN,PolygonSlow,0.0,-0.0256,0.0,0.0,0.0
109.584,239.5,-3.5507,3.0669,3.1359,-1.569,2.94,480,0,309,342,0.333,0.4285,SLOWDOWN,PolygonSlow,0.0,-0.0256,0.0,0.0,0.0
109.692,239.6,-3.5507,3.067,3.1351,-1.569,2.94,480,0,309,342,0.3329,0.4292,SLOWDOWN,PolygonSlow,0.0,0.0256,0.0,0.0,0.0
109.799,239.7,-3.5507,3.067,3.1351,-1.569,2.94,480,0,309,342,0.3329,0.4292,SLOWDOWN,PolygonSlow,0.0,0.0256,0.0,0.0,0.0
109.907,239.8,-3.5507,3.0669,3.1359,-1.569,2.94,480,0,309,342,0.333,0.4285,SLOWDOWN,PolygonSlow,0.0,0.0256,0.0,0.0,0.0
110.027,239.9,-3.5507,3.0669,3.1367,-1.569,2.94,480,0,309,342,0.3331,0.4277,SLOWDOWN,PolygonSlow,0.0,0.0256,0.0,0.0,0.0
110.159,240.0,-3.5507,3.0668,3.1375,-1.569,2.94,480,0,309,342,0.3331,0.4269,SLOWDOWN,PolygonSlow,0.0,-0.0256,0.0,0.0,0.0
110.266,240.1,-3.5507,3.0668,3.1369,-1.569,2.94,480,0,309,342,0.3331,0.4275,SLOWDOWN,PolygonSlow,0.0,-0.0256,0.0,0.0,0.0
110.363,240.2,-3.5507,3.0669,3.1361,-1.569,2.94,480,0,309,342,0.333,0.4283,SLOWDOWN,PolygonSlow,0.0,-0.0256,0.0,0.0,0.0
110.482,240.3,-3.5507,3.067,3.1353,-1.569,2.94,480,0,309,342,0.3329,0.4291,SLOWDOWN,PolygonSlow,0.0,-0.0256,0.0,0.0,0.0
110.58,240.4,-3.5507,3.067,3.1353,-1.569,2.94,480,0,309,342,0.3329,0.4291,SLOWDOWN,PolygonSlow,0.0,0.0256,0.0,0.0,0.0
110.681,240.5,-3.5507,3.0669,3.1361,-1.569,2.94,480,0,309,342,0.333,0.4283,SLOWDOWN,PolygonSlow,0.0,0.0256,0.0,0.0,0.0
110.787,240.6,-3.5507,3.0668,3.1369,-1.569,2.94,480,0,309,342,0.3331,0.4275,SLOWDOWN,PolygonSlow,0.0,0.0256,0.0,0.0,0.0
110.884,240.7,-3.5507,3.0668,3.1377,-1.569,2.94,480,0,309,342,0.3331,0.4267,SLOWDOWN,PolygonSlow,0.0,0.0256,0.0,0.0,0.0
110.991,240.8,-3.5507,3.0667,3.1385,-1.569,2.94,480,0,309,341,0.3332,0.426,SLOWDOWN,PolygonSlow,0.0,0.0256,0.0,0.0,0.0
111.116,240.9,-3.5507,3.0666,3.1395,-1.569,2.94,480,0,309,341,0.3333,0.4252,SLOWDOWN,PolygonSlow,0.0,-0.0256,0.0,0.0,0.0
111.189,241.0,-3.5507,3.0666,3.1395,-1.569,2.94,480,0,309,341,0.3333,0.425,SLOWDOWN,PolygonSlow,0.0,-0.0256,0.0,0.0,0.0
111.305,241.1,-3.5507,3.0667,3.1387,-1.569,2.94,480,0,309,341,0.3332,0.4258,SLOWDOWN,PolygonSlow,0.0,-0.0256,0.0,0.0,0.0
111.393,241.2,-3.5507,3.0668,3.1379,-1.569,2.94,480,0,309,342,0.3332,0.4266,SLOWDOWN,PolygonSlow,0.0,-0.0256,0.0,0.0,0.0
111.51,241.3,-3.5507,3.0668,3.1371,-1.569,2.94,480,0,309,342,0.3331,0.4274,SLOWDOWN,PolygonSlow,0.0,-0.0256,0.0,0.0,0.0
111.603,241.4,-3.5507,3.0669,3.1362,-1.569,2.94,480,0,309,342,0.333,0.4281,SLOWDOWN,PolygonSlow,0.0,-0.0256,0.0,0.0,0.0
111.706,241.5,-3.5507,3.067,3.1354,-1.569,2.94,480,0,309,342,0.3329,0.4289,SLOWDOWN,PolygonSlow,0.0,-0.0256,0.0,0.0,0.0
111.803,241.6,-3.5507,3.067,3.1346,-1.569,2.94,480,0,309,342,0.3329,0.4297,SLOWDOWN,PolygonSlow,0.0,0.0256,0.0,0.0,0.0
111.909,241.7,-3.5507,3.067,3.1349,-1.569,2.94,480,0,309,342,0.3329,0.4294,SLOWDOWN,PolygonSlow,0.0,0.0256,0.0,0.0,0.0
112.004,241.8,-3.5507,3.0669,3.1358,-1.569,2.94,480,0,309,342,0.333,0.4286,SLOWDOWN,PolygonSlow,0.0,0.0256,0.0,0.0,0.0
112.115,241.9,-3.5507,3.0669,3.1366,-1.569,2.94,480,0,309,342,0.333,0.4278,SLOWDOWN,PolygonSlow,0.0,0.0256,0.0,0.0,0.0
112.212,242.0,-3.5507,3.0668,3.1374,-1.569,2.94,480,0,309,342,0.3331,0.427,SLOWDOWN,PolygonSlow,0.0,-0.0256,0.0,0.0,0.0
112.32,242.1,-3.5507,3.0668,3.1372,-1.569,2.94,480,0,309,342,0.3331,0.4272,SLOWDOWN,PolygonSlow,0.0,-0.0256,0.0,0.0,0.0
112.423,242.2,-3.5507,3.0669,3.1364,-1.569,2.94,480,0,309,342,0.333,0.428,SLOWDOWN,PolygonSlow,0.0,-0.0256,0.0,0.0,0.0
112.529,242.3,-3.5507,3.067,3.1356,-1.569,2.94,480,0,309,342,0.333,0.4288,SLOWDOWN,PolygonSlow,0.0,-0.0256,0.0,0.0,0.0
112.622,242.4,-3.5507,3.067,3.1348,-1.569,2.94,480,0,309,342,0.3329,0.4296,SLOWDOWN,PolygonSlow,0.0,0.0256,0.0,0.0,0.0
112.724,242.5,-3.5507,3.067,3.1354,-1.569,2.94,480,0,309,342,0.3329,0.4289,SLOWDOWN,PolygonSlow,0.0,0.0256,0.0,0.0,0.0
112.822,242.6,-3.5507,3.0669,3.1362,-1.569,2.94,480,0,309,342,0.333,0.4281,SLOWDOWN,PolygonSlow,0.0,0.0256,0.0,0.0,0.0
112.931,242.7,-3.5507,3.0668,3.1371,-1.569,2.94,480,0,309,342,0.3331,0.4274,SLOWDOWN,PolygonSlow,0.0,0.0256,0.0,0.0,0.0
113.029,242.8,-3.5507,3.0668,3.1379,-1.569,2.94,480,0,309,342,0.3332,0.4266,SLOWDOWN,PolygonSlow,0.0,0.0256,0.0,0.0,0.0
113.127,242.9,-3.5507,3.0667,3.1387,-1.569,2.94,480,0,309,341,0.3332,0.4258,SLOWDOWN,PolygonSlow,0.0,0.0256,0.0,0.0,0.0
113.225,243.0,-3.5507,3.0666,3.1395,-1.569,2.94,480,0,309,341,0.3333,0.425,SLOWDOWN,PolygonSlow,0.0,-0.0256,0.0,0.0,0.0
113.325,243.1,-3.5507,3.0667,3.1389,-1.569,2.94,480,0,309,341,0.3332,0.4256,SLOWDOWN,PolygonSlow,0.0,-0.0256,0.0,0.0,0.0
113.425,243.2,-3.5507,3.0667,3.138,-1.569,2.94,480,0,309,341,0.3332,0.4264,SLOWDOWN,PolygonSlow,0.0,-0.0256,0.0,0.0,0.0
113.524,243.3,-3.5507,3.0668,3.1372,-1.569,2.94,480,0,309,342,0.3331,0.4272,SLOWDOWN,PolygonSlow,0.0,-0.0256,0.0,0.0,0.0
113.629,243.4,-3.5507,3.0669,3.1364,-1.569,2.94,480,0,309,342,0.333,0.428,SLOWDOWN,PolygonSlow,0.0,-0.0256,0.0,0.0,0.0
113.726,243.5,-3.5507,3.067,3.1356,-1.569,2.94,480,0,309,342,0.333,0.4288,SLOWDOWN,PolygonSlow,0.0,-0.0256,0.0,0.0,0.0
113.83,243.6,-3.5507,3.067,3.1348,-1.569,2.94,480,0,309,342,0.3329,0.4296,SLOWDOWN,PolygonSlow,0.0,0.0256,0.0,0.0,0.0
113.926,243.7,-3.5507,3.067,3.1354,-1.569,2.94,480,0,309,342,0.3329,0.4289,SLOWDOWN,PolygonSlow,0.0,0.0256,0.0,0.0,0.0
114.024,243.8,-3.5507,3.0669,3.1362,-1.569,2.94,480,0,309,342,0.333,0.4281,SLOWDOWN,PolygonSlow,0.0,0.0256,0.0,0.0,0.0
114.133,243.9,-3.5507,3.0668,3.1371,-1.569,2.94,480,0,309,342,0.3331,0.4274,SLOWDOWN,PolygonSlow,0.0,0.0256,0.0,0.0,0.0
114.228,244.0,-3.5507,3.0668,3.1379,-1.569,2.94,480,0,309,342,0.3332,0.4266,SLOWDOWN,PolygonSlow,0.0,-0.0256,0.0,0.0,0.0
114.33,244.1,-3.5507,3.0668,3.1372,-1.569,2.94,480,0,309,342,0.3331,0.4272,SLOWDOWN,PolygonSlow,0.0,-0.0256,0.0,0.0,0.0
114.445,244.2,-3.5507,3.0669,3.1364,-1.569,2.94,480,0,309,342,0.333,0.428,SLOWDOWN,PolygonSlow,0.0,-0.0256,0.0,0.0,0.0
114.528,244.3,-3.5507,3.067,3.1356,-1.569,2.94,480,0,309,342,0.333,0.4288,SLOWDOWN,PolygonSlow,0.0,-0.0256,0.0,0.0,0.0
114.638,244.4,-3.5507,3.067,3.1348,-1.569,2.94,480,0,309,342,0.3329,0.4296,SLOWDOWN,PolygonSlow,0.0,0.0256,0.0,0.0,0.0
114.735,244.5,-3.5507,3.067,3.1354,-1.569,2.94,480,0,309,342,0.3329,0.4289,SLOWDOWN,PolygonSlow,0.0,0.0256,0.0,0.0,0.0
114.844,244.6,-3.5507,3.0669,3.1362,-1.569,2.94,480,0,309,342,0.333,0.4281,SLOWDOWN,PolygonSlow,0.0,0.0256,0.0,0.0,0.0
114.94,244.7,-3.5507,3.0668,3.1371,-1.569,2.94,480,0,309,342,0.3331,0.4274,SLOWDOWN,PolygonSlow,0.0,0.0256,0.0,0.0,0.0
115.048,244.8,-3.5507,3.0668,3.1379,-1.569,2.94,480,0,309,342,0.3332,0.4266,SLOWDOWN,PolygonSlow,0.0,0.0256,0.0,0.0,0.0
115.145,244.9,-3.5507,3.0667,3.1387,-1.569,2.94,480,0,309,341,0.3332,0.4258,SLOWDOWN,PolygonSlow,0.0,0.0256,0.0,0.0,0.0
115.247,245.0,-3.5507,3.0666,3.1393,-1.569,2.94,480,0,309,341,0.3333,0.4252,SLOWDOWN,PolygonSlow,0.0,-0.0256,0.0,0.0,0.0
115.345,245.1,-3.5507,3.0667,3.1385,-1.569,2.94,480,0,309,341,0.3332,0.426,SLOWDOWN,PolygonSlow,0.0,-0.0256,0.0,0.0,0.0
115.456,245.2,-3.5507,3.0668,3.1377,-1.569,2.94,480,0,309,342,0.3332,0.4267,SLOWDOWN,PolygonSlow,0.0,-0.0256,0.0,0.0,0.0
115.559,245.3,-3.5507,3.0668,3.1369,-1.569,2.94,480,0,309,342,0.3331,0.4275,SLOWDOWN,PolygonSlow,0.0,-0.0256,0.0,0.0,0.0
115.652,245.4,-3.5507,3.0669,3.1361,-1.569,2.94,480,0,309,342,0.333,0.4283,SLOWDOWN,PolygonSlow,0.0,-0.0256,0.0,0.0,0.0
115.755,245.5,-3.5507,3.067,3.1353,-1.569,2.94,480,0,309,342,0.3329,0.4291,SLOWDOWN,PolygonSlow,0.0,-0.0256,0.0,0.0,0.0
115.854,245.6,-3.5507,3.0671,3.1344,-1.569,2.94,480,0,309,342,0.3328,0.4299,SLOWDOWN,PolygonSlow,0.0,0.0256,0.0,0.0,0.0
115.953,245.7,-3.5507,3.067,3.1353,-1.569,2.94,480,0,309,342,0.3329,0.4291,SLOWDOWN,PolygonSlow,0.0,0.0256,0.0,0.0,0.0
116.057,245.8,-3.5507,3.0669,3.1361,-1.569,2.94,480,0,309,342,0.333,0.4283,SLOWDOWN,PolygonSlow,0.0,0.0256,0.0,0.0,0.0
116.163,245.9,-3.5507,3.0668,3.1369,-1.569,2.94,480,0,309,342,0.3331,0.4275,SLOWDOWN,PolygonSlow,0.0,0.0256,0.0,0.0,0.0
116.269,246.0,-3.5507,3.0668,3.1377,-1.569,2.94,480,0,309,342,0.3331,0.4267,SLOWDOWN,PolygonSlow,0.0,0.0256,0.0,0.0,0.0
116.366,246.1,-3.5507,3.0667,3.138,-1.569,2.94,480,0,309,341,0.3332,0.4264,SLOWDOWN,PolygonSlow,0.0,-0.0256,0.0,0.0,0.0
116.465,246.2,-3.5507,3.0668,3.1372,-1.569,2.94,480,0,309,342,0.3331,0.4272,SLOWDOWN,PolygonSlow,0.0,-0.0256,0.0,0.0,0.0
116.565,246.3,-3.5507,3.0669,3.1364,-1.569,2.94,480,0,309,342,0.333,0.428,SLOWDOWN,PolygonSlow,0.0,-0.0256,0.0,0.0,0.0
116.67,246.4,-3.5507,3.067,3.1356,-1.569,2.94,480,0,309,342,0.333,0.4288,SLOWDOWN,PolygonSlow,0.0,-0.0256,0.0,0.0,0.0
116.766,246.5,-3.5507,3.067,3.1348,-1.569,2.94,480,0,309,342,0.3329,0.4296,SLOWDOWN,PolygonSlow,0.0,-0.0256,0.0,0.0,0.0
116.872,246.6,-3.5507,3.0671,3.1344,-1.569,2.94,480,0,309,342,0.3328,0.4299,SLOWDOWN,PolygonSlow,0.0,0.0256,0.0,0.0,0.0
116.968,246.7,-3.5507,3.067,3.1353,-1.569,2.94,480,0,309,342,0.3329,0.4291,SLOWDOWN,PolygonSlow,0.0,0.0256,0.0,0.0,0.0
117.069,246.8,-3.5507,3.0669,3.1361,-1.569,2.94,480,0,309,342,0.333,0.4283,SLOWDOWN,PolygonSlow,0.0,0.0256,0.0,0.0,0.0
117.173,246.9,-3.5507,3.0668,3.1369,-1.569,2.94,480,0,309,342,0.3331,0.4275,SLOWDOWN,PolygonSlow,0.0,0.0256,0.0,0.0,0.0
117.271,247.0,-3.5507,3.0668,3.1377,-1.569,2.94,480,0,309,342,0.3331,0.4267,SLOWDOWN,PolygonSlow,0.0,0.0256,0.0,0.0,0.0
117.374,247.1,-3.5507,3.0667,3.138,-1.569,2.94,480,0,309,341,0.3332,0.4264,SLOWDOWN,PolygonSlow,0.0,-0.0256,0.0,0.0,0.0
117.475,247.2,-3.5507,3.0668,3.1372,-1.569,2.94,480,0,309,342,0.3331,0.4272,SLOWDOWN,PolygonSlow,0.0,-0.0256,0.0,0.0,0.0
117.577,247.3,-3.5507,3.0669,3.1364,-1.569,2.94,480,0,309,342,0.333,0.428,SLOWDOWN,PolygonSlow,0.0,-0.0256,0.0,0.0,0.0
117.681,247.4,-3.5507,3.067,3.1356,-1.569,2.94,480,0,309,342,0.333,0.4288,SLOWDOWN,PolygonSlow,0.0,-0.0256,0.0,0.0,0.0
117.797,247.5,-3.5507,3.067,3.1348,-1.569,2.94,480,0,309,342,0.3329,0.4296,SLOWDOWN,PolygonSlow,0.0,0.0256,0.0,0.0,0.0
117.879,247.6,-3.5507,3.0671,3.1344,-1.569,2.94,480,0,309,342,0.3328,0.4299,SLOWDOWN,PolygonSlow,0.0,0.0256,0.0,0.0,0.0
117.991,247.7,-3.5507,3.067,3.1353,-1.569,2.94,480,0,309,342,0.3329,0.4291,SLOWDOWN,PolygonSlow,0.0,0.0256,0.0,0.0,0.0
118.084,247.8,-3.5507,3.0669,3.1361,-1.569,2.94,480,0,309,342,0.333,0.4283,SLOWDOWN,PolygonSlow,0.0,0.0256,0.0,0.0,0.0
118.186,247.9,-3.5507,3.0668,3.1369,-1.569,2.94,480,0,309,342,0.3331,0.4275,SLOWDOWN,PolygonSlow,0.0,0.0256,0.0,0.0,0.0
118.286,248.0,-3.5507,3.0668,3.1377,-1.569,2.94,480,0,309,342,0.3331,0.4267,SLOWDOWN,PolygonSlow,0.0,-0.0256,0.0,0.0,0.0
118.389,248.1,-3.5507,3.0668,3.1377,-1.569,2.94,480,0,309,342,0.3332,0.4267,SLOWDOWN,PolygonSlow,0.0,0.0,0.0,0.0,0.0
118.488,248.2,-3.5507,3.0668,3.1373,-1.569,2.94,480,0,309,342,0.3331,0.4271,DO_NOTHING,,0.0,0.0,0.0,0.0,0.0
118.594,248.3,-3.5507,3.0668,3.1369,-1.569,2.94,480,0,309,342,0.3331,0.4275,SLOWDOWN,PolygonSlow,0.0,-0.0256,0.0,0.0,0.0
118.697,248.4,-3.5507,3.0669,3.1361,-1.569,2.94,480,0,309,342,0.333,0.4283,SLOWDOWN,PolygonSlow,0.0,-0.0256,0.0,0.0,0.0
118.797,248.5,-3.5507,3.067,3.1353,-1.569,2.94,480,0,309,342,0.3329,0.4291,SLOWDOWN,PolygonSlow,0.0,-0.0256,0.0,0.0,0.0
118.888,248.6,-3.5507,3.067,3.1346,-1.569,2.94,480,0,309,342,0.3328,0.4297,SLOWDOWN,PolygonSlow,0.0,0.0256,0.0,0.0,0.0
118.992,248.7,-3.5507,3.067,3.1354,-1.569,2.94,480,0,309,342,0.3329,0.4289,SLOWDOWN,PolygonSlow,0.0,0.0256,0.0,0.0,0.0
119.089,248.8,-3.5507,3.0669,3.1362,-1.569,2.94,480,0,309,342,0.333,0.4281,SLOWDOWN,PolygonSlow,0.0,0.0256,0.0,0.0,0.0
119.188,248.9,-3.5507,3.0668,3.1371,-1.569,2.94,480,0,309,342,0.3331,0.4274,SLOWDOWN,PolygonSlow,0.0,0.0256,0.0,0.0,0.0
119.294,249.0,-3.5507,3.0668,3.1379,-1.569,2.94,480,0,309,342,0.3332,0.4266,SLOWDOWN,PolygonSlow,0.0,0.0256,0.0,0.0,0.0
119.395,249.1,-3.5507,3.0667,3.1387,-1.569,2.94,480,0,309,341,0.3332,0.4258,SLOWDOWN,PolygonSlow,0.0,-0.0256,0.0,0.0,0.0
119.492,249.2,-3.5507,3.0667,3.1379,-1.569,2.94,480,0,309,342,0.3332,0.4266,SLOWDOWN,PolygonSlow,0.0,-0.0256,0.0,0.0,0.0
119.594,249.3,-3.5507,3.0668,3.1371,-1.569,2.94,480,0,309,342,0.3331,0.4274,SLOWDOWN,PolygonSlow,0.0,-0.0256,0.0,0.0,0.0
119.697,249.4,-3.5507,3.0669,3.1362,-1.569,2.94,480,0,309,342,0.333,0.4281,SLOWDOWN,PolygonSlow,0.0,-0.0256,0.0,0.0,0.0
119.794,249.5,-3.5507,3.067,3.1354,-1.569,2.94,480,0,309,342,0.3329,0.4289,SLOWDOWN,PolygonSlow,0.0,-0.0256,0.0,0.0,0.0
119.893,249.6,-3.5507,3.067,3.1346,-1.569,2.94,480,0,309,342,0.3329,0.4297,SLOWDOWN,PolygonSlow,0.0,0.0256,0.0,0.0,0.0
119.993,249.7,-3.5507,3.067,3.1354,-1.569,2.94,480,0,309,342,0.3329,0.4289,SLOWDOWN,PolygonSlow,0.0,0.0256,0.0,0.0,0.0
120.094,249.8,-3.5507,3.0669,3.1362,-1.569,2.94,480,0,309,342,0.333,0.4281,SLOWDOWN,PolygonSlow,0.0,0.0256,0.0,0.0,0.0
120.194,249.9,-3.5507,3.0668,3.1371,-1.569,2.94,480,0,309,342,0.3331,0.4274,SLOWDOWN,PolygonSlow,0.0,0.0256,0.0,0.0,0.0
120.295,250.0,-3.5507,3.0668,3.1379,-1.569,2.94,480,0,309,342,0.3332,0.4266,SLOWDOWN,PolygonSlow,0.0,0.0256,0.0,0.0,0.0
120.395,250.1,-3.5507,3.0667,3.1387,-1.569,2.94,480,0,309,341,0.3332,0.4258,SLOWDOWN,PolygonSlow,0.0,-0.0256,0.0,0.0,0.0
120.497,250.2,-3.5507,3.0667,3.1379,-1.569,2.94,480,0,309,342,0.3332,0.4266,SLOWDOWN,PolygonSlow,0.0,-0.0256,0.0,0.0,0.0
120.602,250.3,-3.5507,3.0668,3.1371,-1.569,2.94,480,0,309,342,0.3331,0.4274,SLOWDOWN,PolygonSlow,0.0,-0.0256,0.0,0.0,0.0
120.7,250.4,-3.5507,3.0669,3.1362,-1.569,2.94,480,0,309,342,0.333,0.4281,SLOWDOWN,PolygonSlow,0.0,-0.0256,0.0,0.0,0.0
120.809,250.5,-3.5507,3.067,3.1354,-1.569,2.94,480,0,309,342,0.3329,0.4289,SLOWDOWN,PolygonSlow,0.0,-0.0256,0.0,0.0,0.0
120.9,250.6,-3.5507,3.067,3.1348,-1.569,2.94,480,0,309,342,0.3329,0.4296,SLOWDOWN,PolygonSlow,0.0,0.0256,0.0,0.0,0.0
121.011,250.7,-3.5507,3.067,3.1356,-1.569,2.94,480,0,309,342,0.3329,0.4288,SLOWDOWN,PolygonSlow,0.0,0.0256,0.0,0.0,0.0
121.127,250.8,-3.5507,3.0669,3.1366,-1.569,2.94,480,0,309,342,0.333,0.428,SLOWDOWN,PolygonSlow,0.0,0.0256,0.0,0.0,0.0
121.213,250.9,-3.5507,3.0668,3.1372,-1.569,2.94,480,0,309,342,0.3331,0.4272,SLOWDOWN,PolygonSlow,0.0,0.0256,0.0,0.0,0.0
121.331,251.0,-3.5507,3.0667,3.138,-1.569,2.94,480,0,309,341,0.3332,0.4264,SLOWDOWN,PolygonSlow,0.0,0.0256,0.0,0.0,0.0
121.413,251.1,-3.5507,3.0667,3.1389,-1.569,2.94,480,0,309,341,0.3332,0.4257,SLOWDOWN,PolygonSlow,0.0,0.0256,0.0,0.0,0.0
121.516,251.2,-3.5507,3.0666,3.1395,-1.569,2.94,480,0,309,341,0.3333,0.425,SLOWDOWN,PolygonSlow,0.0,-0.0256,0.0,0.0,0.0
121.612,251.3,-3.5507,3.0667,3.1387,-1.569,2.94,480,0,309,341,0.3332,0.4258,SLOWDOWN,PolygonSlow,0.0,-0.0256,0.0,0.0,0.0
121.721,251.4,-3.5507,3.0667,3.1379,-1.569,2.94,480,0,309,342,0.3332,0.4266,SLOWDOWN,PolygonSlow,0.0,-0.0256,0.0,0.0,0.0
121.815,251.5,-3.5507,3.0668,3.1371,-1.569,2.94,480,0,309,342,0.3331,0.4274,SLOWDOWN,PolygonSlow,0.0,-0.0256,0.0,0.0,0.0
121.931,251.6,-3.5507,3.0669,3.1362,-1.569,2.94,480,0,309,342,0.333,0.4281,SLOWDOWN,PolygonSlow,0.0,-0.0256,0.0,0.0,0.0
122.028,251.7,-3.5507,3.067,3.1354,-1.569,2.94,480,0,309,342,0.3329,0.4289,SLOWDOWN,PolygonSlow,0.0,-0.0256,0.0,0.0,0.0
122.13,251.8,-3.5507,3.067,3.1346,-1.569,2.94,480,0,309,342,0.3329,0.4297,SLOWDOWN,PolygonSlow,0.0,0.0256,0.0,0.0,0.0
122.225,251.9,-3.5507,3.0671,3.1343,-1.569,2.94,480,0,309,342,0.3328,0.43,SLOWDOWN,PolygonSlow,0.0,0.0256,0.0,0.0,0.0
122.33,252.0,-3.5507,3.067,3.1351,-1.569,2.94,480,0,309,342,0.3329,0.4292,SLOWDOWN,PolygonSlow,0.0,0.0256,0.0,0.0,0.0
122.43,252.1,-3.5507,3.0669,3.1359,-1.569,2.94,480,0,309,342,0.333,0.4285,SLOWDOWN,PolygonSlow,0.0,0.0256,0.0,0.0,0.0
122.53,252.2,-3.5507,3.0669,3.1364,-1.569,2.94,480,0,309,342,0.333,0.4281,SLOWDOWN,PolygonSlow,0.0,-0.0256,0.0,0.0,0.0
122.625,252.3,-3.5507,3.067,3.1354,-1.569,2.94,480,0,309,342,0.3329,0.4289,SLOWDOWN,PolygonSlow,0.0,-0.0256,0.0,0.0,0.0
122.724,252.4,-3.5507,3.067,3.1346,-1.569,2.94,480,0,309,342,0.3329,0.4297,SLOWDOWN,PolygonSlow,0.0,0.0256,0.0,0.0,0.0
122.826,252.5,-3.5507,3.0671,3.1343,-1.569,2.94,480,0,309,342,0.3328,0.43,SLOWDOWN,PolygonSlow,0.0,0.0256,0.0,0.0,0.0
122.925,252.6,-3.5507,3.067,3.1351,-1.569,2.94,480,0,309,342,0.3329,0.4292,SLOWDOWN,PolygonSlow,0.0,0.0256,0.0,0.0,0.0
123.035,252.7,-3.5507,3.0669,3.1359,-1.569,2.94,480,0,309,342,0.333,0.4285,SLOWDOWN,PolygonSlow,0.0,0.0256,0.0,0.0,0.0
123.144,252.8,-3.5507,3.0669,3.1367,-1.569,2.94,480,0,309,342,0.3331,0.4277,SLOWDOWN,PolygonSlow,0.0,0.0256,0.0,0.0,0.0
123.239,252.9,-3.5507,3.0668,3.1375,-1.569,2.94,480,0,309,342,0.3331,0.4269,SLOWDOWN,PolygonSlow,0.0,0.0256,0.0,0.0,0.0
123.335,253.0,-3.5507,3.0667,3.1384,-1.569,2.94,480,0,309,341,0.3332,0.4261,SLOWDOWN,PolygonSlow,0.0,0.0256,0.0,0.0,0.0
123.435,253.1,-3.5507,3.0666,3.1392,-1.569,2.94,480,0,309,341,0.3333,0.4253,SLOWDOWN,PolygonSlow,0.0,-0.0256,0.0,0.0,0.0
123.537,253.2,-3.5507,3.0666,3.1392,-1.569,2.94,480,0,309,341,0.3333,0.4253,SLOWDOWN,PolygonSlow,0.0,-0.0256,0.0,0.0,0.0
123.64,253.3,-3.5507,3.0667,3.1384,-1.569,2.94,480,0,309,341,0.3332,0.4261,SLOWDOWN,PolygonSlow,0.0,-0.0256,0.0,0.0,0.0
123.747,253.4,-3.5507,3.0668,3.1375,-1.569,2.94,480,0,309,342,0.3331,0.4269,SLOWDOWN,PolygonSlow,0.0,-0.0256,0.0,0.0,0.0
123.84,253.5,-3.5507,3.0669,3.1367,-1.569,2.94,480,0,309,342,0.3331,0.4277,SLOWDOWN,PolygonSlow,0.0,-0.0256,0.0,0.0,0.0
123.945,253.6,-3.5507,3.0669,3.1359,-1.569,2.94,480,0,309,342,0.333,0.4285,SLOWDOWN,PolygonSlow,0.0,-0.0256,0.0,0.0,0.0
124.053,253.7,-3.5507,3.067,3.1351,-1.569,2.94,480,0,309,342,0.3329,0.4292,SLOWDOWN,PolygonSlow,0.0,0.0256,0.0,0.0,0.0
124.155,253.8,-3.5507,3.067,3.1353,-1.569,2.94,480,0,309,342,0.3329,0.4291,SLOWDOWN,PolygonSlow,0.0,0.0256,0.0,0.0,0.0
124.257,253.9,-3.5507,3.0669,3.1361,-1.569,2.94,480,0,309,342,0.333,0.4283,SLOWDOWN,PolygonSlow,0.0,0.0256,0.0,0.0,0.0
124.36,254.0,-3.5507,3.0668,3.1369,-1.569,2.94,480,0,309,342,0.3331,0.4275,SLOWDOWN,PolygonSlow,0.0,0.0256,0.0,0.0,0.0
124.472,254.1,-3.5507,3.0668,3.1377,-1.569,2.94,480,0,309,342,0.3331,0.4267,SLOWDOWN,PolygonSlow,0.0,-0.0256,0.0,0.0,0.0
124.556,254.2,-3.5507,3.0668,3.1374,-1.569,2.94,480,0,309,342,0.3331,0.4271,SLOWDOWN,PolygonSlow,0.0,-0.0256,0.0,0.0,0.0
124.668,254.3,-3.5507,3.0669,3.1366,-1.569,2.94,480,0,309,342,0.3331,0.4278,SLOWDOWN,PolygonSlow,0.0,-0.0256,0.0,0.0,0.0
124.758,254.4,-3.5507,3.0669,3.1358,-1.569,2.94,480,0,309,342,0.333,0.4286,SLOWDOWN,PolygonSlow,0.0,-0.0256,0.0,0.0,0.0
124.866,254.5,-3.5507,3.067,3.1349,-1.569,2.94,480,0,309,342,0.3329,0.4294,SLOWDOWN,PolygonSlow,0.0,0.0256,0.0,0.0,0.0
124.968,254.6,-3.5507,3.067,3.1356,-1.569,2.94,480,0,309,342,0.3329,0.4288,SLOWDOWN,PolygonSlow,0.0,0.0256,0.0,0.0,0.0
125.074,254.7,-3.5507,3.0669,3.1364,-1.569,2.94,480,0,309,342,0.333,0.428,SLOWDOWN,PolygonSlow,0.0,0.0256,0.0,0.0,0.0
125.168,254.8,-3.5507,3.0668,3.1372,-1.569,2.94,480,0,309,342,0.3331,0.4272,SLOWDOWN,PolygonSlow,0.0,0.0256,0.0,0.0,0.0
125.279,254.9,-3.5507,3.0667,3.138,-1.569,2.94,480,0,309,341,0.3332,0.4264,SLOWDOWN,PolygonSlow,0.0,0.0256,0.0,0.0,0.0
125.375,255.0,-3.5507,3.0667,3.1389,-1.569,2.94,480,0,309,341,0.3332,0.4256,SLOWDOWN,PolygonSlow,0.0,0.0256,0.0,0.0,0.0
125.475,255.1,-3.5507,3.0666,3.1397,-1.569,2.94,480,0,309,341,0.3333,0.4249,SLOWDOWN,PolygonSlow,0.0,0.0256,0.0,0.0,0.0
125.575,255.2,-3.5507,3.0665,3.1405,-1.569,2.94,480,0,309,341,0.3334,0.4241,SLOWDOWN,PolygonSlow,0.0,-0.0256,0.0,0.0,0.0
125.678,255.3,-3.5507,3.0666,3.1398,-1.569,2.94,480,0,309,341,0.3333,0.4247,SLOWDOWN,PolygonSlow,0.0,-0.0256,0.0,0.0,0.0
125.773,255.4,-3.5507,3.0666,3.139,-1.569,2.94,480,0,309,341,0.3333,0.4255,SLOWDOWN,PolygonSlow,0.0,-0.0256,0.0,0.0,0.0
125.881,255.5,-3.5507,3.0667,3.1382,-1.569,2.94,480,0,309,341,0.3332,0.4263,SLOWDOWN,PolygonSlow,0.0,-0.0256,0.0,0.0,0.0
125.974,255.6,-3.5507,3.0668,3.1374,-1.569,2.94,480,0,309,342,0.3331,0.4271,SLOWDOWN,PolygonSlow,0.0,-0.0256,0.0,0.0,0.0
126.076,255.7,-3.5507,3.0669,3.1366,-1.569,2.94,480,0,309,342,0.3331,0.4278,SLOWDOWN,PolygonSlow,0.0,-0.0256,0.0,0.0,0.0
126.176,255.8,-3.5507,3.0669,3.1358,-1.569,2.94,480,0,309,342,0.333,0.4286,SLOWDOWN,PolygonSlow,0.0,-0.0256,0.0,0.0,0.0
126.278,255.9,-3.5507,3.067,3.1349,-1.569,2.94,480,0,309,342,0.3329,0.4294,SLOWDOWN,PolygonSlow,0.0,0.0256,0.0,0.0,0.0
126.374,256.0,-3.5507,3.067,3.1356,-1.569,2.94,480,0,309,342,0.3329,0.4288,SLOWDOWN,PolygonSlow,0.0,0.0256,0.0,0.0,0.0
126.474,256.1,-3.5507,3.0669,3.1364,-1.569,2.94,480,0,309,342,0.333,0.428,SLOWDOWN,PolygonSlow,0.0,0.0256,0.0,0.0,0.0
126.576,256.2,-3.5507,3.0668,3.1372,-1.569,2.94,480,0,309,342,0.3331,0.4272,SLOWDOWN,PolygonSlow,0.0,-0.0256,0.0,0.0,0.0
126.674,256.3,-3.5507,3.0669,3.1366,-1.569,2.94,480,0,309,342,0.3331,0.4278,SLOWDOWN,PolygonSlow,0.0,-0.0256,0.0,0.0,0.0
126.784,256.4,-3.5507,3.0669,3.1358,-1.569,2.94,480,0,309,342,0.333,0.4286,SLOWDOWN,PolygonSlow,0.0,-0.0256,0.0,0.0,0.0
126.888,256.5,-3.5507,3.067,3.1349,-1.569,2.94,480,0,309,342,0.3329,0.4294,SLOWDOWN,PolygonSlow,0.0,-0.0256,0.0,0.0,0.0
126.984,256.6,-3.5507,3.0671,3.1341,-1.569,2.94,480,0,309,342,0.3328,0.4302,SLOWDOWN,PolygonSlow,0.0,0.0256,0.0,0.0,0.0
127.085,256.7,-3.5507,3.067,3.1348,-1.569,2.94,480,0,309,342,0.3329,0.4296,SLOWDOWN,PolygonSlow,0.0,0.0256,0.0,0.0,0.0
127.188,256.8,-3.5507,3.067,3.1356,-1.569,2.94,480,0,309,342,0.3329,0.4288,SLOWDOWN,PolygonSlow,0.0,0.0256,0.0,0.0,0.0
127.286,256.9,-3.5507,3.0669,3.1364,-1.569,2.94,480,0,309,342,0.333,0.428,SLOWDOWN,PolygonSlow,0.0,0.0256,0.0,0.0,0.0
127.388,257.0,-3.5507,3.0668,3.1372,-1.569,2.94,480,0,309,342,0.3331,0.4272,SLOWDOWN,PolygonSlow,0.0,0.0256,0.0,0.0,0.0
127.491,257.1,-3.5507,3.0667,3.138,-1.569,2.94,480,0,309,341,0.3332,0.4264,SLOWDOWN,PolygonSlow,0.0,0.0256,0.0,0.0,0.0
127.588,257.2,-3.5507,3.0667,3.1389,-1.569,2.94,480,0,309,341,0.3332,0.4256,SLOWDOWN,PolygonSlow,0.0,-0.0256,0.0,0.0,0.0
127.688,257.3,-3.5507,3.0667,3.1382,-1.569,2.94,480,0,309,341,0.3332,0.4263,SLOWDOWN,PolygonSlow,0.0,-0.0256,0.0,0.0,0.0
127.806,257.4,-3.5507,3.0668,3.1374,-1.569,2.94,480,0,309,342,0.3331,0.4271,SLOWDOWN,PolygonSlow,0.0,-0.0256,0.0,0.0,0.0
127.889,257.5,-3.5507,3.0669,3.1366,-1.569,2.94,480,0,309,342,0.3331,0.4278,SLOWDOWN,PolygonSlow,0.0,-0.0256,0.0,0.0,0.0
128.0,257.6,-3.5507,3.0669,3.1358,-1.569,2.94,480,0,309,342,0.333,0.4286,SLOWDOWN,PolygonSlow,0.0,-0.0256,0.0,0.0,0.0
128.094,257.7,-3.5507,3.067,3.1349,-1.569,2.94,480,0,309,342,0.3329,0.4294,SLOWDOWN,PolygonSlow,0.0,-0.0256,0.0,0.0,0.0
128.227,257.8,-3.5507,3.0671,3.1343,-1.569,2.94,480,0,309,342,0.3328,0.43,SLOWDOWN,PolygonSlow,0.0,0.0256,0.0,0.0,0.0
128.321,257.9,-3.5507,3.067,3.1351,-1.569,2.94,480,0,309,342,0.3329,0.4292,SLOWDOWN,PolygonSlow,0.0,0.0256,0.0,0.0,0.0
128.43,258.0,-3.5507,3.0669,3.1359,-1.569,2.94,480,0,309,342,0.333,0.4285,SLOWDOWN,PolygonSlow,0.0,0.0256,0.0,0.0,0.0
128.53,258.1,-3.5507,3.0669,3.1367,-1.569,2.94,480,0,309,342,0.3331,0.4277,SLOWDOWN,PolygonSlow,0.0,0.0256,0.0,0.0,0.0
128.636,258.2,-3.5507,3.0668,3.1375,-1.569,2.94,480,0,309,342,0.3331,0.4269,SLOWDOWN,PolygonSlow,0.0,-0.0256,0.0,0.0,0.0
128.732,258.3,-3.5507,3.0668,3.1375,-1.569,2.94,480,0,309,342,0.3331,0.4269,DO_NOTHING,,-0.15,0.0,0.0,0.0,0.0
128.839,258.4,-3.5494,3.0668,3.1375,-1.569,2.94,480,0,309,341,0.3331,0.4243,SLOWDOWN,PolygonSlow,-0.15,0.0,-0.15,-0.0375,-0.0375
128.934,258.5,-3.545,3.0668,3.1375,-1.569,2.94,480,0,308,342,0.3332,0.4155,SLOWDOWN,PolygonSlow,-0.15,0.0,-0.15,-0.045,-0.045
129.035,258.6,-3.5405,3.0667,3.1375,-1.569,2.94,480,0,308,342,0.3332,0.4064,SLOWDOWN,PolygonSlow,-0.15,0.0,-0.15,-0.045,-0.045
129.134,258.7,-3.536,3.0667,3.1375,-1.569,2.94,480,0,307,343,0.3332,0.3973,SLOWDOWN,PolygonSlow,-0.15,0.0,-0.15,-0.045,-0.045
129.238,258.8,-3.5315,3.0667,3.1375,-1.569,2.94,480,0,306,343,0.3332,0.3882,SLOWDOWN,PolygonSlow,-0.15,0.0,-0.15,-0.045,-0.045
129.336,258.9,-3.527,3.0667,3.1375,-1.569,2.94,480,0,306,343,0.3332,0.3791,SLOWDOWN,PolygonSlow,-0.15,0.0,-0.15,-0.045,-0.045
129.444,259.0,-3.5225,3.0667,3.1375,-1.569,2.94,480,0,305,344,0.3333,0.37,SLOWDOWN,PolygonSlow,-0.15,0.0,-0.15,-0.045,-0.045
129.541,259.1,-3.518,3.0667,3.1375,-1.569,2.94,480,0,305,344,0.3333,0.3639,SLOWDOWN,PolygonSlow,-0.15,0.0,-0.15,-0.045,-0.045
129.643,259.2,-3.5135,3.0666,3.1375,-1.569,2.94,480,0,305,345,0.3333,0.3626,SLOWDOWN,PolygonSlow,-0.15,0.0,-0.15,-0.045,-0.045
129.739,259.3,-3.509,3.0666,3.1375,-1.569,2.94,480,0,304,345,0.3333,0.3591,SLOWDOWN,PolygonSlow,-0.15,0.0,-0.15,-0.045,-0.045
129.842,259.4,-3.5045,3.0666,3.1375,-1.569,2.94,480,0,303,346,0.3333,0.3579,SLOWDOWN,PolygonSlow,-0.15,0.0,-0.15,-0.045,-0.045
129.939,259.5,-3.5,3.0666,3.1375,-1.569,2.94,480,0,249,346,0.3333,0.3551,SLOWDOWN,PolygonSlow,-0.15,0.0,-0.15,-0.045,-0.045
130.04,259.6,-3.4955,3.0666,3.1375,-1.569,2.94,480,0,157,347,0.3334,0.3538,SLOWDOWN,PolygonSlow,-0.15,0.0,-0.15,-0.045,-0.045
130.14,259.7,-3.491,3.0665,3.1375,-1.569,2.94,480,0,157,347,0.3334,0.3511,SLOWDOWN,PolygonSlow,-0.15,0.0,-0.15,-0.045,-0.045
130.24,259.8,-3.4865,3.0665,3.1375,-1.569,2.94,480,0,157,348,0.3334,0.3501,SLOWDOWN,PolygonSlow,-0.15,0.0,-0.15,-0.045,-0.045
130.34,259.9,-3.482,3.0665,3.1375,-1.569,2.94,480,0,157,348,0.3334,0.3469,SLOWDOWN,PolygonSlow,-0.15,0.0,-0.15,-0.045,-0.045
130.439,260.0,-3.4775,3.0665,3.1375,-1.569,2.94,480,0,157,349,0.3334,0.3449,SLOWDOWN,PolygonSlow,-0.15,0.0,-0.15,-0.045,-0.045
130.541,260.1,-3.473,3.0665,3.1375,-1.569,2.94,480,0,157,349,0.3335,0.3439,SLOWDOWN,PolygonSlow,-0.15,0.0,-0.15,-0.045,-0.045
130.639,260.2,-3.4685,3.0664,3.1375,-1.569,2.94,480,0,157,350,0.3335,0.3429,SLOWDOWN,PolygonSlow,-0.15,0.0,-0.15,-0.045,-0.045
130.74,260.3,-3.464,3.0664,3.1375,-1.569,2.94,480,0,157,350,0.3335,0.3401,SLOWDOWN,PolygonSlow,-0.15,0.0,-0.15,-0.045,-0.045
130.84,260.4,-3.4595,3.0664,3.1375,-1.569,2.94,480,0,157,351,0.3335,0.3383,SLOWDOWN,PolygonSlow,-0.15,0.0,-0.15,-0.045,-0.045
130.941,260.5,-3.455,3.0664,3.1375,-1.569,2.94,480,0,157,352,0.3335,0.3366,SLOWDOWN,PolygonSlow,-0.15,0.0,-0.15,-0.045,-0.045
131.045,260.6,-3.4505,3.0664,3.1375,-1.569,2.94,480,0,157,352,0.3335,0.3351,SLOWDOWN,PolygonSlow,-0.15,0.0,-0.15,-0.045,-0.045
131.16,260.7,-3.446,3.0664,3.1375,-1.569,2.94,480,0,157,352,0.3336,0.3341,SLOWDOWN,PolygonSlow,-0.15,0.0,-0.15,-0.045,-0.045
131.247,260.8,-3.4415,3.0663,3.1375,-1.569,2.94,480,0,157,353,0.3336,0.3325,SLOWDOWN,PolygonSlow,-0.15,0.0,-0.15,-0.045,-0.045
131.361,260.9,-3.437,3.0663,3.1375,-1.569,2.94,480,0,157,354,0.3336,0.331,SLOWDOWN,PolygonSlow,-0.15,0.0,-0.15,-0.045,-0.045
131.447,261.0,-3.4325,3.0663,3.1375,-1.569,2.94,480,0,157,355,0.3336,0.3302,SLOWDOWN,PolygonSlow,-0.15,0.0,-0.15,-0.045,-0.045
131.569,261.1,-3.428,3.0663,3.1375,-1.569,2.94,480,0,157,354,0.3336,0.3281,SLOWDOWN,PolygonSlow,-0.15,0.0,-0.15,-0.045,-0.045
131.664,261.2,-3.4235,3.0663,3.1375,-1.569,2.94,480,0,157,356,0.3337,0.3274,SLOWDOWN,PolygonSlow,-0.15,0.0,-0.15,-0.045,-0.045
131.771,261.3,-3.419,3.0662,3.1375,-1.569,2.94,480,0,157,356,0.3337,0.3262,SLOWDOWN,PolygonSlow,-0.15,0.0,-0.15,-0.045,-0.045
131.874,261.4,-3.4145,3.0662,3.1375,-1.569,2.94,480,0,157,357,0.3337,0.325,SLOWDOWN,PolygonSlow,-0.15,0.0,-0.15,-0.045,-0.045
131.977,261.5,-3.41,3.0662,3.1375,-1.569,2.94,480,0,157,358,0.3337,0.3238,SLOWDOWN,PolygonSlow,-0.15,0.0,-0.15,-0.045,-0.045
132.076,261.6,-3.4055,3.0662,3.1375,-1.569,2.94,480,0,157,359,0.3337,0.3227,SLOWDOWN,PolygonSlow,-0.15,0.0,-0.15,-0.045,-0.045
132.18,261.7,-3.401,3.0662,3.1375,-1.569,2.94,480,0,157,359,0.3337,0.3217,SLOWDOWN,PolygonSlow,-0.15,0.0,-0.15,-0.045,-0.045
132.277,261.8,-3.3965,3.0661,3.1375,-1.569,2.94,480,0,157,359,0.3338,0.3213,SLOWDOWN,PolygonSlow,-0.15,0.0,-0.15,-0.045,-0.045
132.377,261.9,-3.392,3.0661,3.1375,-1.569,2.94,480,0,157,361,0.3338,0.3204,SLOWDOWN,PolygonSlow,-0.15,0.0,-0.15,-0.045,-0.045
132.474,262.0,-3.3875,3.0661,3.1375,-1.569,2.94,480,0,157,362,0.3338,0.3196,SLOWDOWN,PolygonSlow,-0.15,0.0,-0.15,-0.045,-0.045
132.574,262.1,-3.383,3.0661,3.1375,-1.569,2.94,480,0,157,362,0.3338,0.3192,SLOWDOWN,PolygonSlow,-0.15,0.0,-0.15,-0.045,-0.045
132.676,262.2,-3.3785,3.0661,3.1375,-1.569,2.94,480,0,157,363,0.3338,0.3182,SLOWDOWN,PolygonSlow,-0.15,0.0,-0.15,-0.045,-0.045
132.776,262.3,-3.374,3.0661,3.1375,-1.569,2.94,480,0,157,363,0.3339,0.3176,SLOWDOWN,PolygonSlow,-0.15,0.0,-0.15,-0.045,-0.045
132.874,262.4,-3.3695,3.066,3.1375,-1.569,2.94,480,0,157,364,0.3339,0.3173,SLOWDOWN,PolygonSlow,-0.15,0.0,-0.15,-0.045,-0.045
132.991,262.5,-3.365,3.066,3.1375,-1.569,2.94,480,0,157,365,0.3339,0.3168,SLOWDOWN,PolygonSlow,-0.15,0.0,-0.15,-0.045,-0.045
133.088,262.6,-3.3605,3.066,3.1375,-1.569,2.94,480,0,157,366,0.3339,0.3164,SLOWDOWN,PolygonSlow,-0.15,0.0,-0.15,-0.045,-0.045
133.191,262.7,-3.356,3.066,3.1375,-1.569,2.94,480,0,157,367,0.3339,0.3161,SLOWDOWN,PolygonSlow,-0.15,0.0,-0.15,-0.045,-0.045
133.29,262.8,-3.3515,3.066,3.1375,-1.569,2.94,480,0,157,365,0.334,0.3158,SLOWDOWN,PolygonSlow,-0.15,0.0,-0.15,-0.045,-0.045
133.387,262.9,-3.347,3.0659,3.1375,-1.569,2.94,480,0,157,231,0.334,0.3157,SLOWDOWN,PolygonSlow,-0.15,0.0,-0.15,-0.045,-0.045
133.487,263.0,-3.3425,3.0659,3.1375,-1.569,2.94,480,0,157,231,0.334,0.3156,SLOWDOWN,PolygonSlow,-0.15,0.0,-0.15,-0.045,-0.045
133.59,263.1,-3.338,3.0659,3.1375,-1.569,2.94,480,0,157,232,0.334,0.3155,SLOWDOWN,PolygonSlow,-0.15,0.0,-0.15,-0.045,-0.045
133.687,263.2,-3.3335,3.0659,3.1375,-1.569,2.94,480,0,157,234,0.334,0.3155,SLOWDOWN,PolygonSlow,-0.15,0.0,-0.15,-0.045,-0.045
133.789,263.3,-3.329,3.0659,3.1375,-1.569,2.94,480,0,157,236,0.334,0.3155,SLOWDOWN,PolygonSlow,-0.15,0.0,-0.15,-0.045,-0.045
133.89,263.4,-3.3245,3.0659,3.1375,-1.569,2.94,480,0,157,238,0.3341,0.3155,SLOWDOWN,PolygonSlow,-0.15,0.0,-0.15,-0.045,-0.045
133.996,263.5,-3.32,3.0658,3.1375,-1.569,2.94,480,0,157,239,0.3341,0.3155,SLOWDOWN,PolygonSlow,-0.15,0.0,-0.15,-0.045,-0.045
134.087,263.6,-3.3155,3.0658,3.1375,-1.569,2.94,480,0,157,240,0.3341,0.3154,SLOWDOWN,PolygonSlow,-0.15,0.0,-0.15,-0.045,-0.045
134.205,263.7,-3.311,3.0658,3.1375,-1.569,2.94,480,0,157,242,0.3341,0.3154,SLOWDOWN,PolygonSlow,-0.15,0.0,-0.15,-0.045,-0.045
134.298,263.8,-3.3065,3.0658,3.1375,-1.569,2.94,480,0,157,244,0.3341,0.3154,SLOWDOWN,PolygonSlow,-0.15,0.0,-0.15,-0.045,-0.045
134.4,263.9,-3.302,3.0658,3.1375,-1.569,2.94,480,0,157,246,0.3342,0.3154,SLOWDOWN,PolygonSlow,-0.15,0.0,-0.15,-0.045,-0.045
134.513,264.0,-3.2975,3.0657,3.1375,-1.569,2.94,480,0,157,247,0.3342,0.3154,SLOWDOWN,PolygonSlow,-0.15,0.0,-0.15,-0.045,-0.045
134.601,264.1,-3.293,3.0657,3.1375,-1.569,2.94,480,0,157,248,0.3342,0.3154,SLOWDOWN,PolygonSlow,-0.15,0.0,-0.15,-0.045,-0.045
134.718,264.2,-3.2885,3.0657,3.1375,-1.569,2.94,480,0,157,250,0.3342,0.3153,SLOWDOWN,PolygonSlow,-0.15,0.0,-0.15,-0.045,-0.045
134.807,264.3,-3.284,3.0657,3.1375,-1.569,2.94,480,0,157,252,0.3342,0.3153,SLOWDOWN,PolygonSlow,-0.15,0.0,-0.15,-0.045,-0.045
134.908,264.4,-3.2795,3.0657,3.1375,-1.569,2.94,480,0,157,254,0.3342,0.3153,SLOWDOWN,PolygonSlow,-0.15,0.0,-0.15,-0.045,-0.045
135.006,264.5,-3.275,3.0656,3.1375,-1.569,2.94,480,0,157,255,0.3343,0.3153,SLOWDOWN,PolygonSlow,-0.15,0.0,-0.15,-0.045,-0.045
135.121,264.6,-3.2705,3.0656,3.1375,-1.569,2.94,480,0,157,256,0.3343,0.3153,SLOWDOWN,PolygonSlow,-0.15,0.0,-0.15,-0.045,-0.045
135.219,264.7,-3.266,3.0656,3.1375,-1.569,2.94,480,0,157,258,0.3343,0.3152,SLOWDOWN,PolygonSlow,-0.15,0.0,-0.15,-0.045,-0.045
135.322,264.8,-3.2615,3.0656,3.1375,-1.569,2.94,480,0,157,260,0.3343,0.3152,SLOWDOWN,PolygonSlow,-0.15,0.0,-0.15,-0.045,-0.045
135.417,264.9,-3.257,3.0656,3.1375,-1.569,2.94,480,0,157,261,0.3343,0.3152,SLOWDOWN,PolygonSlow,-0.15,0.0,-0.15,-0.045,-0.045
135.518,265.0,-3.2525,3.0656,3.1375,-1.569,2.94,480,0,157,263,0.3344,0.3152,SLOWDOWN,PolygonSlow,-0.15,0.0,-0.15,-0.045,-0.045
135.616,265.1,-3.248,3.0655,3.1375,-1.569,2.94,480,0,157,265,0.3344,0.3152,SLOWDOWN,PolygonSlow,-0.15,0.0,-0.15,-0.045,-0.045
135.727,265.2,-3.2445,3.0655,3.1375,-1.569,2.94,480,0,157,265,0.3344,0.3152,SLOWDOWN,PolygonSlow,0.1895,0.1795,0.1,0.03,0.03
135.821,265.3,-3.2472,3.0653,3.1409,-1.569,2.94,480,0,157,265,0.3346,0.3152,SLOWDOWN,PolygonSlow,0.1895,0.1795,0.1895,0.0568,0.0568
135.919,265.4,-3.2529,3.0647,-3.1365,-1.569,2.94,480,0,157,263,0.3351,0.3152,SLOWDOWN,PolygonSlow,0.1895,0.1282,0.1895,0.0568,0.0568
136.018,265.5,-3.2586,3.0643,-3.132,-1.569,2.94,480,0,156,262,0.3355,0.3152,SLOWDOWN,PolygonSlow,0.1895,0.1282,0.1895,0.0568,0.0568
136.119,265.6,-3.2643,3.0638,-3.1279,-1.569,2.94,480,0,156,260,0.3359,0.3151,SLOWDOWN,PolygonSlow,0.1895,0.0769,0.1895,0.0568,0.0568
136.226,265.7,-3.27,3.0635,-3.1253,-1.569,2.94,480,0,156,259,0.3362,0.315,SLOWDOWN,PolygonSlow,0.1895,0.1282,0.1895,0.0568,0.0568
136.339,265.8,-3.2756,3.0631,-3.1217,-1.569,2.94,480,0,156,257,0.3366,0.3149,SLOWDOWN,PolygonSlow,0.1737,0.1282,0.1737,0.0521,0.0521
136.431,265.9,-3.2809,3.0626,-3.1177,-1.569,2.94,480,0,155,255,0.3371,0.3148,SLOWDOWN,PolygonSlow,0.1737,0.1282,0.1737,0.0521,0.0521
136.529,266.0,-3.2861,3.0622,-3.1137,-1.569,2.94,480,0,155,253,0.3376,0.3147,SLOWDOWN,PolygonSlow,0.1737,0.0769,0.1737,0.0521,0.0521
136.631,266.1,-3.2913,3.0618,-3.1111,-1.569,2.94,480,0,155,251,0.3379,0.3146,SLOWDOWN,PolygonSlow,0.1737,0.0769,0.1737,0.0521,0.0521
136.728,266.2,-3.2965,3.0614,-3.1087,-1.569,2.94,480,0,155,250,0.3383,0.3144,SLOWDOWN,PolygonSlow,0.1579,0.1282,0.1579,0.0474,0.0474
136.83,266.3,-3.3013,3.0609,-3.1049,-1.569,2.94,480,0,154,249,0.3388,0.3143,SLOWDOWN,PolygonSlow,0.1579,0.1282,0.1579,0.0474,0.0474
136.935,266.4,-3.3061,3.0604,-3.1009,-1.569,2.94,480,0,154,248,0.3394,0.3141,SLOWDOWN,PolygonSlow,0.1579,0.0769,0.1579,0.0474,0.0474
137.032,266.5,-3.3108,3.0599,-3.0983,-1.569,2.94,480,0,154,245,0.3398,0.3139,SLOWDOWN,PolygonSlow,0.1579,0.0769,0.1579,0.0474,0.0474
137.132,266.6,-3.3155,3.0595,-3.0959,-1.569,2.94,480,0,154,244,0.3403,0.3137,SLOWDOWN,PolygonSlow,0.1579,0.0769,0.1579,0.0474,0.0474
137.234,266.7,-3.3202,3.0591,-3.0936,-1.569,2.94,480,0,154,243,0.3407,0.3135,SLOWDOWN,PolygonSlow,0.1421,0.1282,0.1421,0.0426,0.0426
137.331,266.8,-3.3246,3.0585,-3.0898,-1.569,2.94,480,0,153,242,0.3413,0.3133,SLOWDOWN,PolygonSlow,0.1421,0.0769,0.1421,0.0426,0.0426
137.443,266.9,-3.3288,3.0581,-3.0872,-1.569,2.94,480,0,153,240,0.3418,0.3131,SLOWDOWN,PolygonSlow,0.1421,0.0769,0.1421,0.0426,0.0426
137.544,267.0,-3.3331,3.0577,-3.0849,-1.569,2.94,480,0,153,246,0.3422,0.3129,SLOWDOWN,PolygonSlow,0.1421,0.0256,0.1421,0.0426,0.0426
137.646,267.1,-3.3373,3.0573,-3.0839,-1.569,2.94,480,0,153,255,0.3426,0.3127,SLOWDOWN,PolygonSlow,0.1421,0.0769,0.1421,0.0426,0.0426
137.76,267.2,-3.3415,3.0569,-3.0814,-1.569,2.94,480,0,153,265,0.3431,0.3125,SLOWDOWN,PolygonSlow,0.1263,0.1282,0.1263,0.0379,0.0379
137.86,267.3,-3.3453,3.0563,-3.0775,-1.569,2.94,480,0,152,275,0.3437,0.3123,SLOWDOWN,PolygonSlow,0.1263,0.1282,0.1263,0.0379,0.0379
137.951,267.4,-3.3491,3.0557,-3.0737,-1.569,2.94,480,0,152,285,0.3442,0.3121,SLOWDOWN,PolygonSlow,0.1263,0.0769,0.1263,0.0379,0.0379
138.065,267.5,-3.3529,3.0553,-3.0715,-1.569,2.94,480,0,152,293,0.3447,0.3119,SLOWDOWN,PolygonSlow,0.1263,0.0256,0.1263,0.0379,0.0379
138.151,267.6,-3.3567,3.0549,-3.0707,-1.569,2.94,480,0,152,302,0.345,0.3118,SLOWDOWN,PolygonSlow,0.1263,0.0256,0.1263,0.0379,0.0379
138.263,267.7,-3.3604,3.0546,-3.0699,-1.569,2.94,480,0,152,309,0.3453,0.3116,SLOWDOWN,PolygonSlow,0.1263,0.0256,0.1263,0.0379,0.0379
138.359,267.8,-3.3642,3.0542,-3.0689,-1.569,2.94,480,0,152,316,0.3456,0.3116,SLOWDOWN,PolygonSlow,0.1105,0.1282,0.1105,0.0332,0.0332
138.466,267.9,-3.3675,3.0537,-3.065,-1.569,2.94,480,0,152,323,0.3462,0.3115,SLOWDOWN,PolygonSlow,0.1105,0.1282,0.1105,0.0332,0.0332
138.566,268.0,-3.3708,3.0531,-3.0616,-1.569,2.94,480,0,151,329,0.3467,0.3115,SLOWDOWN,PolygonSlow,0.1105,0.0769,0.1105,0.0332,0.0332
138.673,268.1,-3.3741,3.0527,-3.0597,-1.569,2.94,480,0,151,334,0.3471,0.3115,SLOWDOWN,PolygonSlow,0.1105,0.0256,0.1105,0.0332,0.0332
138.772,268.2,-3.3774,3.0524,-3.0591,-1.569,2.94,480,0,151,337,0.3474,0.3117,SLOWDOWN,PolygonSlow,0.1105,0.0,0.1105,0.0332,0.0332
138.882,268.3,-3.3807,3.0521,-3.0591,-1.569,2.94,480,0,151,344,0.3477,0.3117,SLOWDOWN,PolygonSlow,0.1105,0.0,0.1105,0.0332,0.0332
138.978,268.4,-3.384,3.0518,-3.0588,-1.569,2.94,480,0,151,349,0.348,0.3117,SLOWDOWN,PolygonSlow,0.1105,0.0256,0.1105,0.0332,0.0332
139.081,268.5,-3.3873,3.0514,-3.0581,-1.569,2.94,480,0,151,354,0.3483,0.3118,SLOWDOWN,PolygonSlow,0.1105,0.0256,0.1105,0.0332,0.0332
139.183,268.6,-3.3905,3.0511,-3.0565,-1.569,2.94,480,0,151,357,0.3487,0.3123,SLOWDOWN,PolygonSlow,0.0947,0.1282,0.0947,0.0284,0.0284
139.275,268.7,-3.3933,3.0505,-3.053,-1.569,2.94,480,0,151,359,0.3492,0.3122,SLOWDOWN,PolygonSlow,0.0947,0.0769,0.0947,0.0284,0.0284
139.378,268.8,-3.3962,3.0501,-3.0506,-1.569,2.94,480,0,150,361,0.3497,0.3125,SLOWDOWN,PolygonSlow,0.0947,0.0769,0.0947,0.0284,0.0284
139.481,268.9,-3.399,3.0497,-3.049,-1.569,2.94,480,0,150,364,0.3501,0.3127,SLOWDOWN,PolygonSlow,0.0947,0.0,0.0947,0.0284,0.0284
139.578,269.0,-3.4018,3.0494,-3.0492,-1.569,2.94,480,0,150,366,0.3503,0.3133,SLOWDOWN,PolygonSlow,0.0947,-0.0256,0.0947,0.0284,0.0284
139.685,269.1,-3.4046,3.0492,-3.0498,-1.569,2.94,480,0,150,367,0.3505,0.313,SLOWDOWN,PolygonSlow,0.0947,0.0,0.0947,0.0284,0.0284
139.783,269.2,-3.4075,3.0489,-3.0498,-1.569,2.94,480,0,150,367,0.3508,0.3132,SLOWDOWN,PolygonSlow,0.0947,0.0,0.0947,0.0284,0.0284
139.878,269.3,-3.4103,3.0487,-3.0495,-1.569,2.94,480,0,150,366,0.3511,0.3139,SLOWDOWN,PolygonSlow,0.0947,0.0256,0.0947,0.0284,0.0284
139.98,269.4,-3.413,3.0483,-3.0479,-1.569,2.94,480,0,150,366,0.3514,0.3138,SLOWDOWN,PolygonSlow,0.0789,0.1282,0.0789,0.0237,0.0237
140.081,269.5,-3.4154,3.0478,-3.0445,-1.569,2.94,480,0,150,366,0.3519,0.3144,SLOWDOWN,PolygonSlow,0.0789,0.0769,0.0789,0.0237,0.0237
140.18,269.6,-3.4177,3.0473,-3.0422,-1.569,2.94,480,0,150,365,0.3524,0.3143,SLOWDOWN,PolygonSlow,0.0789,0.0769,0.0789,0.0237,0.0237
140.287,269.7,-3.4201,3.047,-3.0403,-1.569,2.94,480,0,150,365,0.3528,0.3148,SLOWDOWN,PolygonSlow,0.0789,0.0256,0.0789,0.0237,0.0237
140.379,269.8,-3.4224,3.0467,-3.04,-1.569,2.94,480,0,149,364,0.353,0.3152,SLOWDOWN,PolygonSlow,0.0789,-0.0256,0.0789,0.0237,0.0237
140.479,269.9,-3.4248,3.0465,-3.0408,-1.569,2.94,480,0,150,363,0.3532,0.3161,SLOWDOWN,PolygonSlow,0.0789,-0.0256,0.0789,0.0237,0.0237
140.579,270.0,-3.4271,3.0463,-3.0416,-1.569,2.94,480,0,150,364,0.3534,0.3157,SLOWDOWN,PolygonSlow,0.0789,-0.0256,0.0789,0.0237,0.0237
140.689,270.1,-3.4295,3.0461,-3.0421,-1.569,2.94,480,0,150,363,0.3536,0.3161,SLOWDOWN,PolygonSlow,0.0789,0.0,0.0789,0.0237,0.0237
140.785,270.2,-3.4319,3.0459,-3.0421,-1.569,2.94,480,0,150,363,0.3538,0.3165,SLOWDOWN,PolygonSlow,0.0789,0.0,0.0789,0.0237,0.0237
140.884,270.3,-3.434,3.0455,-3.0398,-1.569,2.94,480,0,149,363,0.3542,0.3172,SLOWDOWN,PolygonSlow,0.0632,0.1282,0.0632,0.0189,0.0189
140.991,270.4,-3.4359,3.045,-3.0352,-1.569,2.94,480,0,149,363,0.3548,0.3175,SLOWDOWN,PolygonSlow,0.0632,0.1282,0.0632,0.0189,0.0189
141.103,270.5,-3.4378,3.0444,-3.0314,-1.569,2.94,480,0,147,363,0.3553,0.3177,SLOWDOWN,PolygonSlow,0.0632,0.0769,0.0632,0.0189,0.0189
141.202,270.6,-3.4396,3.0439,-3.0282,-1.569,2.94,480,0,146,363,0.3558,0.3178,SLOWDOWN,PolygonSlow,0.0632,0.0256,0.0632,0.0189,0.0189
141.292,270.7,-3.4415,3.0436,-3.0265,-1.569,2.94,480,0,145,363,0.3562,0.3179,SLOWDOWN,PolygonSlow,0.0632,-0.0256,0.0632,0.0189,0.0189
141.405,270.8,-3.4434,3.0434,-3.0263,-1.569,2.94,480,0,144,362,0.3564,0.3183,SLOWDOWN,PolygonSlow,0.0632,-0.0256,0.0632,0.0189,0.0189
141.49,270.9,-3.4453,3.0432,-3.0271,-1.569,2.94,480,0,144,363,0.3565,0.3187,SLOWDOWN,PolygonSlow,0.0632,-0.0256,0.0632,0.0189,0.0189
141.598,271.0,-3.4472,3.0431,-3.0279,-1.569,2.94,480,0,145,362,0.3567,0.3192,SLOWDOWN,PolygonSlow,0.0632,-0.0256,0.0632,0.0189,0.0189
141.696,271.1,-3.449,3.0429,-3.0286,-1.569,2.94,480,0,145,361,0.3568,0.3204,SLOWDOWN,PolygonSlow,0.0632,-0.0256,0.0632,0.0189,0.0189
141.804,271.2,-3.4509,3.0428,-3.0294,-1.569,2.94,480,0,145,361,0.357,0.3201,SLOWDOWN,PolygonSlow,0.0632,-0.0256,0.0632,0.0189,0.0189
141.913,271.3,-3.4528,3.0426,-3.0302,-1.569,2.94,480,0,145,361,0.3571,0.3206,SLOWDOWN,PolygonSlow,0.0632,-0.0256,0.0632,0.0189,0.0189
142.016,271.4,-3.4547,3.0425,-3.0309,-1.569,2.94,480,0,145,360,0.3573,0.3211,SLOWDOWN,PolygonSlow,0.0632,-0.1795,0.0632,0.0189,0.0189
142.112,271.5,-3.4566,3.0425,-3.0343,-1.569,2.94,480,0,147,359,0.3572,0.3212,SLOWDOWN,PolygonSlow,0.0474,0.1795,0.0632,0.0189,0.0189
142.234,271.6,-3.4582,3.0425,-3.0363,-1.569,2.94,480,0,147,359,0.3572,0.3217,SLOWDOWN,PolygonSlow,0.0474,0.1795,0.0474,0.0142,0.0142
142.326,271.7,-3.4596,3.042,-3.0312,-1.569,2.94,480,0,146,359,0.3578,0.3222,SLOWDOWN,PolygonSlow,0.0474,0.1282,0.0474,0.0142,0.0142
142.431,271.8,-3.461,3.0415,-3.0272,-1.569,2.94,480,0,148,359,0.3583,0.3226,SLOWDOWN,PolygonSlow,0.0474,0.0769,0.0474,0.0142,0.0142
142.535,271.9,-3.4624,3.0411,-3.0246,-1.569,2.94,480,0,148,359,0.3587,0.3228,SLOWDOWN,PolygonSlow,0.0474,0.0769,0.0474,0.0142,0.0142
142.631,272.0,-3.4638,3.0407,-3.0223,-1.569,2.94,480,0,148,359,0.3591,0.3229,SLOWDOWN,PolygonSlow,0.0474,0.0,0.0474,0.0142,0.0142
142.724,272.1,-3.4652,3.0405,-3.0221,-1.569,2.94,480,0,150,359,0.3593,0.3228,SLOWDOWN,PolygonSlow,0.0474,-0.0256,0.0474,0.0142,0.0142
142.827,272.2,-3.4667,3.0404,-3.0228,-1.569,2.94,480,0,152,358,0.3594,0.3243,SLOWDOWN,PolygonSlow,0.0474,-0.0256,0.0474,0.0142,0.0142
142.924,272.3,-3.4681,3.0403,-3.0236,-1.569,2.94,480,0,153,359,0.3595,0.324,SLOWDOWN,PolygonSlow,0.0474,-0.0769,0.0474,0.0142,0.0142
143.024,272.4,-3.4695,3.0403,-3.0257,-1.569,2.94,480,0,156,359,0.3594,0.3245,SLOWDOWN,PolygonSlow,0.0474,-0.0256,0.0474,0.0142,0.0142
143.122,272.5,-3.4709,3.0402,-3.0266,-1.569,2.94,480,0,158,358,0.3595,0.325,SLOWDOWN,PolygonSlow,0.0474,-0.0256,0.0474,0.0142,0.0142
143.224,272.6,-3.4723,3.0401,-3.0274,-1.569,2.94,480,0,160,358,0.3596,0.3248,SLOWDOWN,PolygonSlow,0.0474,-0.0256,0.0474,0.0142,0.0142
143.323,272.7,-3.4737,3.04,-3.0281,-1.569,2.94,480,0,161,357,0.3597,0.3255,SLOWDOWN,PolygonSlow,0.0474,-0.1795,0.0474,0.0142,0.0142
143.423,272.8,-3.4751,3.0402,-3.0325,-1.569,2.94,480,0,165,357,0.3595,0.3256,SLOWDOWN,PolygonSlow,0.0474,-0.1795,0.0474,0.0142,0.0142
143.524,272.9,-3.4765,3.0405,-3.0379,-1.569,2.94,480,0,170,356,0.3592,0.3265,SLOWDOWN,PolygonSlow,0.0474,-0.1795,0.0474,0.0142,0.0142
143.624,273.0,-3.4779,3.0408,-3.0433,-1.569,2.94,480,0,170,356,0.3589,0.3265,SLOWDOWN,PolygonSlow,0.0474,-0.2308,0.0474,0.0142,0.0142
143.731,273.1,-3.4794,3.0413,-3.0501,-1.569,2.94,480,0,170,354,0.3584,0.3273,SLOWDOWN,PolygonSlow,0.0474,-0.2308,0.0474,0.0142,0.0142
143.829,273.2,-3.4808,3.0417,-3.0571,-1.569,2.94,480,0,170,355,0.358,0.3281,SLOWDOWN,PolygonSlow,0.0474,-0.2308,0.0474,0.0142,0.0142
143.922,273.3,-3.4822,3.0422,-3.0641,-1.569,2.94,480,0,170,353,0.3575,0.3289,SLOWDOWN,PolygonSlow,0.0316,0.2308,0.0316,0.0142,0.0142
144.026,273.4,-3.4832,3.0423,-3.0654,-1.569,2.94,480,0,170,354,0.3575,0.3296,SLOWDOWN,PolygonSlow,0.0316,0.2308,0.0316,0.0095,0.0095
144.127,273.5,-3.4841,3.0417,-3.0589,-1.569,2.94,480,0,176,354,0.358,0.3296,SLOWDOWN,PolygonSlow,0.0316,0.1795,0.0316,0.0095,0.0095
144.225,273.6,-3.4851,3.0411,-3.0533,-1.569,2.94,480,0,180,354,0.3586,0.3294,SLOWDOWN,PolygonSlow,0.0316,0.1282,0.0316,0.0095,0.0095
144.329,273.7,-3.486,3.0407,-3.0493,-1.569,2.94,480,0,183,355,0.359,0.33,SLOWDOWN,PolygonSlow,0.0316,0.1282,0.0316,0.0095,0.0095
144.44,273.8,-3.487,3.0403,-3.0454,-1.569,2.94,480,0,185,354,0.3594,0.33,SLOWDOWN,PolygonSlow,0.0316,0.0769,0.0316,0.0095,0.0095
144.54,273.9,-3.4879,3.04,-3.043,-1.569,2.94,480,0,187,354,0.3597,0.3299,SLOWDOWN,PolygonSlow,0.0316,0.0256,0.0316,0.0095,0.0095
144.633,274.0,-3.4888,3.0398,-3.042,-1.569,2.94,480,0,189,354,0.3599,0.3309,SLOWDOWN,PolygonSlow,0.0316,-0.0256,0.0316,0.0095,0.0095
144.738,274.1,-3.4898,3.0398,-3.0426,-1.569,2.94,480,0,191,355,0.3599,0.3307,SLOWDOWN,PolygonSlow,0.0316,-0.0256,0.0316,0.0095,0.0095
144.83,274.2,-3.4907,3.0397,-3.0434,-1.569,2.94,480,0,193,354,0.36,0.3316,SLOWDOWN,PolygonSlow,0.0316,-0.0256,0.0316,0.0095,0.0095
144.948,274.3,-3.4917,3.0397,-3.0442,-1.569,2.94,480,0,195,354,0.36,0.3313,SLOWDOWN,PolygonSlow,0.0316,-0.0256,0.0316,0.0095,0.0095
145.04,274.4,-3.4926,3.0397,-3.045,-1.569,2.94,480,0,196,353,0.36,0.3322,SLOWDOWN,PolygonSlow,0.0316,-0.0256,0.0316,0.0095,0.0095
145.144,274.5,-3.4936,3.0397,-3.0457,-1.569,2.94,480,0,199,353,0.36,0.332,SLOWDOWN,PolygonSlow,0.0316,-0.0256,0.0316,0.0095,0.0095
145.249,274.6,-3.4945,3.0396,-3.0465,-1.569,2.94,480,0,200,354,0.3601,0.334,SLOWDOWN,PolygonSlow,0.0316,-0.0256,0.0316,0.0095,0.0095
145.344,274.7,-3.4954,3.0396,-3.0473,-1.569,2.94,480,0,202,353,0.3601,0.3337,SLOWDOWN,PolygonSlow,0.0316,-0.1795,0.0316,0.0095,0.0095
145.446,274.8,-3.4964,3.0399,-3.0526,-1.569,2.94,480,0,204,352,0.3598,0.3337,SLOWDOWN,PolygonSlow,0.0316,-0.1795,0.0316,0.0095,0.0095
145.545,274.9,-3.4973,3.0403,-3.058,-1.569,2.94,480,0,207,351,0.3594,0.3338,SLOWDOWN,PolygonSlow,0.0316,-0.1795,0.0316,0.0095,0.0095
145.641,275.0,-3.4983,3.0407,-3.0635,-1.569,2.94,480,0,209,352,0.3591,0.3346,SLOWDOWN,PolygonSlow,0.0316,-0.2308,0.0316,0.0095,0.0095
145.747,275.1,-3.4992,3.0412,-3.0705,-1.569,2.94,480,0,212,351,0.3586,0.3347,SLOWDOWN,PolygonSlow,0.0316,-0.2308,0.0316,0.0095,0.0095
145.842,275.2,-3.5002,3.0418,-3.0776,-1.569,2.94,480,0,214,350,0.3581,0.3356,SLOWDOWN,PolygonSlow,0.0316,-0.2308,0.0316,0.0095,0.0095
145.94,275.3,-3.5011,3.0424,-3.0847,-1.569,2.94,480,0,219,350,0.3576,0.3365,SLOWDOWN,PolygonSlow,0.0316,-0.2308,0.0316,0.0095,0.0095
146.044,275.4,-3.5021,3.0429,-3.0918,-1.569,2.94,480,0,224,349,0.357,0.3373,SLOWDOWN,PolygonSlow,0.0316,-0.2821,0.0316,0.0095,0.0095
146.143,275.5,-3.503,3.0437,-3.1006,-1.569,2.94,480,0,232,349,0.3562,0.338,SLOWDOWN,PolygonSlow,0.0316,-0.2821,0.0316,0.0095,0.0095
146.246,275.6,-3.504,3.0444,-3.1094,-1.569,2.94,480,0,244,347,0.3554,0.3398,SLOWDOWN,PolygonSlow,0.0316,-0.2821,0.0316,0.0095,0.0095
146.348,275.7,-3.5049,3.0452,-3.1182,-1.569,2.94,480,0,265,347,0.3546,0.3392,SLOWDOWN,PolygonSlow,0.0316,-0.2821,0.0316,0.0095,0.0095
146.443,275.8,-3.5058,3.0459,-3.1272,-1.569,2.94,480,0,306,347,0.3538,0.3398,SLOWDOWN,PolygonSlow,0.0316,-0.2821,0.0316,0.0095,0.0095
146.544,275.9,-3.5068,3.0467,-3.1361,-1.569,2.94,480,0,306,345,0.353,0.3412,SLOWDOWN,PolygonSlow,0.0316,-0.2821,0.0316,0.0095,0.0095
146.654,276.0,-3.5077,3.0475,3.1381,-1.569,2.94,480,0,306,345,0.3523,0.342,SLOWDOWN,PolygonSlow,0.0316,-0.3333,0.0316,0.0095,0.0095
146.748,276.1,-3.5087,3.0485,3.1275,-1.569,2.94,480,0,304,345,0.3514,0.3503,SLOWDOWN,PolygonSlow,0.0316,-0.3333,0.0316,0.0095,0.0095
146.848,276.2,-3.5096,3.0494,3.117,-1.569,2.94,480,0,305,344,0.3504,0.3613,SLOWDOWN,PolygonSlow,0.0316,-0.3333,0.0316,0.0095,0.0095
146.963,276.3,-3.5106,3.0504,3.1065,-1.569,2.94,480,0,300,343,0.3494,0.3727,SLOWDOWN,PolygonSlow,0.0158,0.3333,0.0158,0.0047,0.0047
147.048,276.4,-3.5111,3.0506,3.1042,-1.569,2.94,480,0,300,343,0.3491,0.3759,SLOWDOWN,PolygonSlow,0.0158,0.2821,0.0158,0.0047,0.0047
147.152,276.5,-3.5115,3.0501,3.1117,-1.569,2.94,480,0,305,343,0.3497,0.37,SLOWDOWN,PolygonSlow,0.0158,0.2821,0.0158,0.0047,0.0047
147.25,276.6,-3.512,3.0493,3.1204,-1.569,2.94,480,0,305,344,0.3506,0.3632,SLOWDOWN,PolygonSlow,0.0158,0.2308,0.0158,0.0047,0.0047
147.348,276.7,-3.5125,3.0487,3.1273,-1.569,2.94,480,0,305,344,0.3512,0.3583,SLOWDOWN,PolygonSlow,0.0316,-0.1282,0.0316,0.0095,0.0095
147.451,276.8,-3.5135,3.0487,3.127,-1.569,2.94,480,0,305,344,0.3512,0.3605,SLOWDOWN,PolygonSlow,0.0316,-0.1282,0.0316,0.0095,0.0095
147.554,276.9,-3.5144,3.0491,3.123,-1.569,2.94,480,0,305,344,0.3508,0.366,SLOWDOWN,PolygonSlow,0.0316,-0.1282,0.0316,0.0095,0.0095
147.654,277.0,-3.5154,3.0495,3.1189,-1.569,2.94,480,0,305,343,0.3504,0.3715,SLOWDOWN,PolygonSlow,0.0316,-0.1282,0.0316,0.0095,0.0095
147.762,277.1,-3.5163,3.0498,3.1149,-1.569,2.94,480,0,306,344,0.35,0.3772,SLOWDOWN,PolygonSlow,0.0316,-0.1282,0.0316,0.0095,0.0095
147.882,277.2,-3.5172,3.0502,3.1113,-1.569,2.94,480,0,306,343,0.3496,0.3824,SLOWDOWN,PolygonSlow,0.0158,0.0,0.0158,0.0047,0.0047
147.957,277.3,-3.5177,3.0502,3.1112,-1.569,2.94,480,0,306,343,0.3496,0.3835,SLOWDOWN,PolygonSlow,0.0158,-0.0256,0.0158,0.0047,0.0047
148.068,277.4,-3.5182,3.0503,3.1104,-1.569,2.94,480,0,306,342,0.3495,0.3853,SLOWDOWN,PolygonSlow,0.0158,-0.0256,0.0158,0.0047,0.0047
148.16,277.5,-3.5186,3.0504,3.1096,-1.569,2.94,480,0,306,342,0.3494,0.387,SLOWDOWN,PolygonSlow,0.0158,-0.0256,0.0158,0.0047,0.0047
148.266,277.6,-3.5191,3.0505,3.1088,-1.569,2.94,480,0,306,342,0.3493,0.3888,SLOWDOWN,PolygonSlow,0.0158,-0.0256,0.0158,0.0047,0.0047
148.369,277.7,-3.5196,3.0506,3.108,-1.569,2.94,480,0,306,342,0.3492,0.3906,SLOWDOWN,PolygonSlow,0.0158,-0.0256,0.0158,0.0047,0.0047
148.474,277.8,-3.5201,3.0507,3.1067,-1.569,2.94,480,0,306,342,0.3491,0.3928,SLOWDOWN,PolygonSlow,0.0158,-0.0769,0.0158,0.0047,0.0047
148.57,277.9,-3.5205,3.0509,3.1043,-1.569,2.94,480,0,307,342,0.3488,0.3962,SLOWDOWN,PolygonSlow,0.0158,-0.0769,0.0158,0.0047,0.0047
148.681,278.0,-3.521,3.0511,3.1019,-1.569,2.94,480,0,307,342,0.3486,0.3996,SLOWDOWN,PolygonSlow,0.0158,-0.0769,0.0158,0.0047,0.0047
148.775,278.1,-3.5215,3.0514,3.0995,-1.569,2.94,480,0,307,342,0.3484,0.4029,SLOWDOWN,PolygonSlow,0.0158,-0.0769,0.0158,0.0047,0.0047
148.874,278.2,-3.522,3.0516,3.0971,-1.569,2.94,480,0,307,342,0.3481,0.4064,SLOWDOWN,PolygonSlow,0.0158,-0.0769,0.0158,0.0047,0.0047
148.979,278.3,-3.5224,3.0518,3.0947,-1.569,2.94,480,0,307,342,0.3479,0.4099,SLOWDOWN,PolygonSlow,0.0158,-0.0769,0.0158,0.0047,0.0047
149.073,278.4,-3.5229,3.0521,3.0923,-1.569,2.94,480,0,308,341,0.3477,0.4134,SLOWDOWN,PolygonSlow,0.0158,-0.0769,0.0158,0.0047,0.0047
149.174,278.5,-3.5234,3.0523,3.0899,-1.569,2.94,480,0,308,341,0.3474,0.4169,SLOWDOWN,PolygonSlow,0.0158,-0.0769,0.0158,0.0047,0.0047
149.282,278.6,-3.5238,3.0525,3.0876,-1.569,2.94,480,0,308,342,0.3472,0.4205,SLOWDOWN,PolygonSlow,0.0158,-0.0769,0.0158,0.0047,0.0047
149.38,278.7,-3.5243,3.0528,3.0852,-1.569,2.94,480,0,308,342,0.347,0.4241,SLOWDOWN,PolygonSlow,0.0158,-0.0769,0.0158,0.0047,0.0047
149.496,278.8,-3.5248,3.053,3.0828,-1.569,2.94,480,0,308,341,0.3467,0.4277,SLOWDOWN,PolygonSlow,0.0158,-0.0769,0.0158,0.0047,0.0047
149.59,278.9,-3.5253,3.0532,3.0804,-1.569,2.94,480,0,308,341,0.3465,0.4314,SLOWDOWN,PolygonSlow,0.0158,-0.0769,0.0158,0.0047,0.0047
149.687,279.0,-3.5257,3.0535,3.0781,-1.569,2.94,480,0,308,340,0.3463,0.4351,SLOWDOWN,PolygonSlow,0.0158,-0.0769,0.0158,0.0047,0.0047
149.786,279.1,-3.5262,3.0537,3.0757,-1.569,2.94,480,0,309,341,0.3461,0.4388,SLOWDOWN,PolygonSlow,0.0158,-0.0769,0.0158,0.0047,0.0047
149.898,279.2,-3.5267,3.0539,3.0734,-1.569,2.94,480,0,309,340,0.3459,0.4426,SLOWDOWN,PolygonSlow,0.0158,-0.0769,0.0158,0.0047,0.0047
149.988,279.3,-3.5272,3.0542,3.071,-1.569,2.94,480,0,309,340,0.3456,0.4464,SLOWDOWN,PolygonSlow,0.0158,-0.0769,0.0158,0.0047,0.0047
150.094,279.4,-3.5276,3.0544,3.0687,-1.569,2.94,480,0,309,340,0.3454,0.4502,SLOWDOWN,PolygonSlow,0.0158,-0.0769,0.0158,0.0047,0.0047
150.199,279.5,-3.5281,3.0547,3.0663,-1.569,2.94,480,0,309,339,0.3452,0.4518,SLOWDOWN,PolygonSlow,0.0158,-0.0769,0.0158,0.0047,0.0047
150.307,279.6,-3.5286,3.0549,3.064,-1.569,2.94,480,0,309,340,0.345,0.4518,SLOWDOWN,PolygonSlow,0.0158,-0.0769,0.0158,0.0047,0.0047
150.403,279.7,-3.529,3.0551,3.0616,-1.569,2.94,480,0,310,339,0.3447,0.4517,SLOWDOWN,PolygonSlow,0.0158,-0.0769,0.0158,0.0047,0.0047
150.509,279.8,-3.5295,3.0554,3.0593,-1.569,2.94,480,0,310,339,0.3445,0.4517,SLOWDOWN,PolygonSlow,0.0158,-0.0769,0.0158,0.0047,0.0047
150.609,279.9,-3.53,3.0556,3.057,-1.569,2.94,480,0,310,339,0.3442,0.4512,SLOWDOWN,PolygonSlow,0.0158,-0.0769,0.0158,0.0047,0.0047
150.709,280.0,-3.5305,3.0558,3.0546,-1.569,2.94,480,0,310,340,0.344,0.4505,SLOWDOWN,PolygonSlow,0.0158,-0.0769,0.0158,0.0047,0.0047
150.808,280.1,-3.5309,3.0561,3.0523,-1.569,2.94,480,0,310,339,0.3437,0.4498,SLOWDOWN,PolygonSlow,0.0158,-0.0769,0.0158,0.0047,0.0047
150.915,280.2,-3.5314,3.0563,3.05,-1.569,2.94,480,0,311,339,0.3435,0.4491,SLOWDOWN,PolygonSlow,0.0158,-0.0769,0.0158,0.0047,0.0047
151.013,280.3,-3.5319,3.0566,3.0477,-1.569,2.94,480,0,311,338,0.3432,0.4484,SLOWDOWN,PolygonSlow,0.0158,-0.0769,0.0158,0.0047,0.0047
151.122,280.4,-3.5323,3.0568,3.0453,-1.569,2.94,480,0,311,339,0.343,0.4476,SLOWDOWN,PolygonSlow,0.0158,-0.0769,0.0158,0.0047,0.0047
151.229,280.5,-3.5328,3.0571,3.043,-1.569,2.94,480,0,311,338,0.3427,0.4469,SLOWDOWN,PolygonSlow,0.0158,-0.0769,0.0158,0.0047,0.0047
151.316,280.6,-3.5333,3.0573,3.0407,-1.569,2.94,480,0,311,338,0.3425,0.4462,SLOWDOWN,PolygonSlow,0.0158,-0.0769,0.0158,0.0047,0.0047
151.428,280.7,-3.5338,3.0575,3.0384,-1.569,2.94,480,0,311,338,0.3422,0.4455,SLOWDOWN,PolygonSlow,0.0158,-0.0769,0.0158,0.0047,0.0047
151.516,280.8,-3.5342,3.0578,3.0361,-1.569,2.94,480,0,311,339,0.342,0.4448,SLOWDOWN,PolygonSlow,0.0158,-0.0769,0.0158,0.0047,0.0047
151.632,280.9,-3.5347,3.058,3.0338,-1.569,2.94,480,0,311,338,0.3417,0.444,SLOWDOWN,PolygonSlow,0.0158,-0.0769,0.0158,0.0047,0.0047
151.732,281.0,-3.5352,3.0583,3.0315,-1.569,2.94,480,0,311,338,0.3415,0.4433,SLOWDOWN,PolygonSlow,0.0158,-0.0769,0.0158,0.0047,0.0047
151.831,281.1,-3.5356,3.0585,3.0292,-1.569,2.94,480,0,311,337,0.3413,0.4426,DO_NOTHING,,0.0,0.0,0.0,0.0,0.0
151.93,281.2,-3.5357,3.0585,3.029,-1.569,2.94,480,0,311,337,0.3412,0.4425,SLOWDOWN,PolygonSlow,0.0158,-0.0769,0.0158,0.0047,0.0
152.033,281.3,-3.5361,3.0588,3.027,-1.569,2.94,480,0,310,337,0.341,0.4419,SLOWDOWN,PolygonSlow,0.0158,-0.0769,0.0158,0.0047,0.0047
152.133,281.4,-3.5366,3.059,3.0247,-1.569,2.94,480,0,310,338,0.3408,0.4412,SLOWDOWN,PolygonSlow,0.0158,-0.0769,0.0158,0.0047,0.0047
152.235,281.5,-3.537,3.0592,3.0224,-1.569,2.94,480,0,311,338,0.3406,0.4404,SLOWDOWN,PolygonSlow,0.0158,-0.0769,0.0158,0.0047,0.0047
152.33,281.6,-3.5375,3.0595,3.0201,-1.569,2.94,480,0,312,338,0.3403,0.4397,SLOWDOWN,PolygonSlow,0.0158,-0.0769,0.0158,0.0047,0.0047
152.431,281.7,-3.538,3.0597,3.0178,-1.569,2.94,480,0,312,338,0.3401,0.439,SLOWDOWN,PolygonSlow,0.0158,-0.0769,0.0158,0.0047,0.0047
152.534,281.8,-3.5385,3.06,3.0156,-1.569,2.94,480,0,311,339,0.3399,0.4383,SLOWDOWN,PolygonSlow,0.0158,-0.0769,0.0158,0.0047,0.0047
152.638,281.9,-3.5389,3.0602,3.0133,-1.569,2.94,480,0,311,339,0.3396,0.4375,SLOWDOWN,PolygonSlow,0.0,0.0,0.0,0.0047,0.0047
152.734,282.0,-3.539,3.0603,3.0128,-1.569,2.94,480,0,311,339,0.3396,0.4374,DO_NOTHING,,0.0,0.0,0.0,0.0,0.0
152.843,282.1,-3.539,3.0603,3.0128,-1.569,2.94,480,0,311,339,0.3396,0.4374,DO_NOTHING,,0.0,0.0,0.0,0.0,0.0
152.939,282.2,-3.539,3.0603,3.0128,-1.569,2.94,480,0,311,339,0.3396,0.4374,DO_NOTHING,,0.0,0.0,0.0,0.0,0.0
153.036,282.3,-3.539,3.0603,3.0128,-1.569,2.94,480,0,311,339,0.3396,0.4374,DO_NOTHING,,0.0,0.0,0.0,0.0,0.0
153.139,282.4,-3.539,3.0603,3.0128,-1.569,2.94,480,0,311,339,0.3396,0.4374,DO_NOTHING,,0.0,0.0,0.0,0.0,0.0
153.24,282.5,-3.539,3.0603,3.0128,-1.569,2.94,480,0,311,339,0.3396,0.4374,DO_NOTHING,,0.0,0.0,0.0,0.0,0.0
153.339,282.6,-3.539,3.0603,3.0128,-1.569,2.94,480,0,311,339,0.3396,0.4374,DO_NOTHING,,0.0,0.0,0.0,0.0,0.0
153.437,282.7,-3.539,3.0603,3.0128,-1.569,2.94,480,0,311,339,0.3396,0.4374,DO_NOTHING,,0.0,0.0,0.0,0.0,0.0
153.541,282.8,-3.539,3.0603,3.0128,-1.569,2.94,480,0,311,339,0.3396,0.4374,DO_NOTHING,,0.0,0.0,0.0,0.0,0.0
153.643,282.9,-3.539,3.0603,3.0128,-1.569,2.94,480,0,311,339,0.3396,0.4374,DO_NOTHING,,0.0,0.0,0.0,0.0,0.0
153.74,283.0,-3.539,3.0603,3.0128,-1.569,2.94,480,0,311,339,0.3396,0.4374,DO_NOTHING,,0.0,0.0,0.0,0.0,0.0
153.841,283.1,-3.539,3.0603,3.0128,-1.569,2.94,480,0,311,339,0.3396,0.4374,DO_NOTHING,,0.0,0.0,0.0,0.0,0.0
153.945,283.2,-3.539,3.0603,3.0128,-1.569,2.94,480,0,311,339,0.3396,0.4374,DO_NOTHING,,0.0,0.0,0.0,0.0,0.0
154.052,283.3,-3.539,3.0603,3.0128,-1.569,2.94,480,0,311,339,0.3396,0.4374,DO_NOTHING,,0.0,0.0,0.0,0.0,0.0
154.144,283.4,-3.539,3.0603,3.0128,-1.569,2.94,480,0,311,339,0.3396,0.4374,DO_NOTHING,,0.0,0.0,0.0,0.0,0.0
154.242,283.5,-3.539,3.0603,3.0128,-1.569,2.94,480,0,311,339,0.3396,0.4374,DO_NOTHING,,0.0,0.0,0.0,0.0,0.0
154.342,283.6,-3.539,3.0603,3.0128,-1.569,2.94,480,0,311,339,0.3396,0.4374,DO_NOTHING,,0.0,0.0,0.0,0.0,0.0
154.445,283.7,-3.539,3.0603,3.0128,-1.569,2.94,480,0,311,339,0.3396,0.4374,DO_NOTHING,,0.0,0.0,0.0,0.0,0.0
154.552,283.8,-3.539,3.0603,3.0128,-1.569,2.94,480,0,311,339,0.3396,0.4374,DO_NOTHING,,0.0,0.0,0.0,0.0,0.0
154.643,283.9,-3.539,3.0603,3.0128,-1.569,2.94,480,0,311,339,0.3396,0.4374,DO_NOTHING,,0.0,0.0,0.0,0.0,0.0
154.755,284.0,-3.539,3.0603,3.0128,-1.569,2.94,480,0,311,339,0.3396,0.4374,DO_NOTHING,,0.0,0.0,0.0,0.0,0.0
154.843,284.1,-3.539,3.0603,3.0128,-1.569,2.94,480,0,311,339,0.3396,0.4374,DO_NOTHING,,0.0,0.0,0.0,0.0,0.0
154.957,284.2,-3.539,3.0603,3.0128,-1.569,2.94,480,0,311,339,0.3396,0.4374,DO_NOTHING,,0.0,0.0,0.0,0.0,0.0
155.055,284.3,-3.539,3.0603,3.0128,-1.569,2.94,480,0,311,339,0.3396,0.4374,DO_NOTHING,,0.0,0.0,0.0,0.0,0.0
155.158,284.4,-3.539,3.0603,3.0128,-1.569,2.94,480,0,311,339,0.3396,0.4374,DO_NOTHING,,0.0,0.0,0.0,0.0,0.0
155.262,284.5,-3.539,3.0603,3.0128,-1.569,2.94,480,0,311,339,0.3396,0.4374,DO_NOTHING,,0.0,0.0,0.0,0.0,0.0
155.362,284.6,-3.539,3.0603,3.0128,-1.569,2.94,480,0,311,339,0.3396,0.4374,DO_NOTHING,,0.0,0.0,0.0,0.0,0.0
155.462,284.7,-3.539,3.0603,3.0128,-1.569,2.94,480,0,311,339,0.3396,0.4374,DO_NOTHING,,0.0,0.0,0.0,0.0,0.0
155.567,284.8,-3.539,3.0603,3.0128,-1.569,2.94,480,0,311,339,0.3396,0.4374,DO_NOTHING,,0.0,0.0,0.0,0.0,0.0
155.664,284.9,-3.539,3.0603,3.0128,-1.569,2.94,480,0,311,339,0.3396,0.4374,DO_NOTHING,,0.0,0.0,0.0,0.0,0.0
155.773,285.0,-3.539,3.0603,3.0128,-1.569,2.94,480,0,311,339,0.3396,0.4374,DO_NOTHING,,0.0,0.0,0.0,0.0,0.0
155.874,285.1,-3.539,3.0603,3.0128,-1.569,2.94,480,0,311,339,0.3396,0.4374,DO_NOTHING,,0.0,0.0,0.0,0.0,0.0
155.975,285.2,-3.539,3.0603,3.0128,-0.019,-0.01,480,0,311,339,0.3396,0.4374,DO_NOTHING,,0.0,0.0,0.0,0.0,0.0
156.07,285.3,-3.5392,3.0602,3.014,-0.019,-0.01,480,0,311,339,0.3396,0.4374,SLOWDOWN,PolygonSlow,0.0158,0.641,0.0158,0.0047,0.0047
156.17,285.4,-3.5395,3.0597,3.0213,-0.019,-0.01,480,0,313,338,0.3403,0.438,SLOWDOWN,PolygonSlow,0.0158,0.641,0.0158,0.0047,0.0047
156.269,285.5,-3.5401,3.058,3.0441,-0.019,-0.01,480,0,312,338,0.3418,0.4398,SLOWDOWN,PolygonSlow,0.0158,1.0,0.0158,0.0047,0.0047
156.369,285.6,-3.5406,3.0556,3.073,-0.019,-0.01,480,0,311,340,0.3442,0.4424,SLOWDOWN,PolygonSlow,0.0158,1.0,0.0158,0.0047,0.0047
156.469,285.7,-3.541,3.0529,3.1039,-0.019,-0.01,480,0,309,341,0.3468,0.4406,SLOWDOWN,PolygonSlow,0.0158,1.0,0.0158,0.0047,0.0047
156.58,285.8,-3.5415,3.0502,3.1349,-0.019,-0.01,480,0,308,342,0.3497,0.4108,SLOWDOWN,PolygonSlow,0.0158,0.9487,0.0158,0.0047,0.0047
156.68,285.9,-3.542,3.0475,-3.1181,-0.019,-0.01,480,0,306,343,0.3522,0.3853,SLOWDOWN,PolygonSlow,0.0158,0.9487,0.0158,0.0047,0.0047
156.783,286.0,-3.5425,3.0449,-3.0888,-0.019,-0.01,480,0,305,345,0.3551,0.3634,SLOWDOWN,PolygonSlow,0.0158,0.8974,0.0158,0.0047,0.0047
156.877,286.1,-3.5429,3.0425,-3.0613,-0.019,-0.01,480,0,304,347,0.3568,0.3581,SLOWDOWN,PolygonSlow,0.0158,0.8974,0.0158,0.0047,0.0047
156.977,286.2,-3.5434,3.0401,-3.0347,-0.019,-0.01,480,0,301,347,0.3564,0.359,SLOWDOWN,PolygonSlow,0.0158,0.8462,0.0158,0.0047,0.0047
157.082,286.3,-3.5439,3.038,-3.0096,-0.019,-0.01,480,0,279,348,0.356,0.3565,SLOWDOWN,PolygonSlow,0.0158,0.8462,0.0158,0.0047,0.0047
157.176,286.4,-3.5443,3.0359,-2.9849,-0.019,-0.01,480,0,259,351,0.3555,0.3568,SLOWDOWN,PolygonSlow,0.0158,0.8462,0.0158,0.0047,0.0047
157.276,286.5,-3.5448,3.0339,-2.9609,-0.019,-0.01,480,0,243,351,0.355,0.3565,SLOWDOWN,PolygonSlow,0.0158,0.7949,0.0158,0.0047,0.0047
157.378,286.6,-3.5453,3.0321,-2.9383,-0.019,-0.01,480,0,231,353,0.3545,0.3565,SLOWDOWN,PolygonSlow,0.0158,0.7949,0.0158,0.0047,0.0047
157.476,286.7,-3.5457,3.0303,-2.916,-0.019,-0.01,480,0,222,353,0.3541,0.3574,SLOWDOWN,PolygonSlow,0.0158,0.7949,0.0158,0.0047,0.0047
157.585,286.8,-3.5462,3.0286,-2.8944,-0.019,-0.01,480,0,213,355,0.3537,0.3555,SLOWDOWN,PolygonSlow,0.0158,0.7436,0.0158,0.0047,0.0047
157.689,286.9,-3.5467,3.0271,-2.874,-0.019,-0.01,480,0,207,357,0.3532,0.3561,SLOWDOWN,PolygonSlow,0.0158,0.7436,0.0158,0.0047,0.0047
157.791,287.0,-3.5471,3.0255,-2.8539,-0.019,-0.01,480,0,201,358,0.3528,0.3566,SLOWDOWN,PolygonSlow,0.0,0.6923,0.0158,0.0047,0.0047
157.902,287.1,-3.5473,3.0242,-2.8347,-0.019,-0.01,480,0,197,359,0.3525,0.3566,SLOWDOWN,PolygonSlow,0.0,0.641,0.0,0.0,0.0
157.995,287.2,-3.5473,3.0231,-2.8171,-0.019,-0.01,480,0,191,359,0.3526,0.3571,SLOWDOWN,PolygonSlow,0.0,0.641,0.0,0.0,0.0
158.098,287.3,-3.5473,3.022,-2.8003,-0.019,-0.01,480,0,188,355,0.3526,0.357,SLOWDOWN,PolygonSlow,0.0,0.641,0.0,0.0,0.0
158.194,287.4,-3.5473,3.021,-2.7837,-0.019,-0.01,480,0,184,354,0.3525,0.3569,SLOWDOWN,PolygonSlow,0.0,0.5897,0.0,0.0,0.0
158.31,287.5,-3.5473,3.0201,-2.7677,-0.019,-0.01,480,0,181,352,0.3525,0.3582,SLOWDOWN,PolygonSlow,0.0,0.5897,0.0,0.0,0.0
158.403,287.6,-3.5473,3.0193,-2.7527,-0.019,-0.01,480,0,180,351,0.3525,0.3577,SLOWDOWN,PolygonSlow,0.0316,1.0,0.0,0.0,0.0
158.506,287.7,-3.5477,3.0183,-2.7362,-0.019,-0.01,480,0,177,350,0.3522,0.359,SLOWDOWN,PolygonSlow,0.0316,1.0,0.0316,0.0095,0.0095
158.611,287.8,-3.5486,3.0167,-2.7122,-0.019,-0.01,480,0,173,340,0.3513,0.3608,SLOWDOWN,PolygonSlow,0.0158,1.0,0.0316,0.0095,0.0095
158.711,287.9,-3.5492,3.0153,-2.6876,-0.019,-0.01,480,0,169,334,0.3507,0.3607,SLOWDOWN,PolygonSlow,0.0158,1.0,0.0158,0.0047,0.0047
158.809,288.0,-3.5496,3.0141,-2.6634,-0.019,-0.01,480,0,167,328,0.3504,0.362,SLOWDOWN,PolygonSlow,0.0316,0.9487,0.0158,0.0047,0.0047
158.915,288.1,-3.5503,3.0128,-2.6405,-0.019,-0.01,480,0,164,322,0.3497,0.3633,SLOWDOWN,PolygonSlow,0.0316,0.9487,0.0316,0.0095,0.0095
159.015,288.2,-3.5511,3.0116,-2.6181,-0.019,-0.01,480,0,162,316,0.3489,0.3639,SLOWDOWN,PolygonSlow,0.0947,1.0,0.0316,0.0095,0.0095
159.112,288.3,-3.5524,3.0102,-2.5983,-0.019,-0.01,480,0,161,313,0.3476,0.366,SLOWDOWN,PolygonSlow,0.0947,0.8974,0.0947,0.0284,0.0284
159.212,288.4,-3.5543,3.0086,-2.5799,-0.019,-0.01,480,0,160,310,0.3457,0.3674,SLOWDOWN,PolygonSlow,0.0,0.0769,0.0947,0.0284,0.0284
159.312,288.5,-3.5553,3.0078,-2.5642,-0.019,-0.01,480,0,158,305,0.3446,0.3688,SLOWDOWN,PolygonSlow,0.0,0.0769,0.0,0.0,0.0
159.412,288.6,-3.5553,3.0076,-2.5541,-0.019,-0.01,480,0,158,304,0.3447,0.3691,SLOWDOWN,PolygonSlow,0.0,0.0769,0.0,0.0,0.0
159.515,288.7,-3.5553,3.0076,-2.5505,-0.019,-0.01,480,0,157,303,0.3447,0.369,SLOWDOWN,PolygonSlow,0.0,0.0769,0.0,0.0,0.0
159.613,288.8,-3.5553,3.0075,-2.5488,-0.019,-0.01,480,0,157,303,0.3447,0.3693,SLOWDOWN,PolygonSlow,0.0,0.0769,0.0,0.0,0.0
159.714,288.9,-3.5553,3.0075,-2.5471,-0.019,-0.01,480,0,157,303,0.3447,0.3698,SLOWDOWN,PolygonSlow,0.0,0.0769,0.0,0.0,0.0
159.813,289.0,-3.5553,3.0075,-2.5454,-0.019,-0.01,480,0,157,302,0.3447,0.3704,SLOWDOWN,PolygonSlow,0.0,0.0769,0.0,0.0,0.0
159.913,289.1,-3.5553,3.0074,-2.5437,-0.019,-0.01,480,0,156,302,0.3447,0.3694,SLOWDOWN,PolygonSlow,0.0,0.0769,0.0,0.0,0.0
160.014,289.2,-3.5553,3.0074,-2.5419,-0.019,-0.01,480,0,156,301,0.3447,0.37,SLOWDOWN,PolygonSlow,0.0,0.0769,0.0,0.0,0.0
160.142,289.3,-3.5553,3.0074,-2.5399,-0.019,-0.01,480,0,156,301,0.3447,0.3705,SLOWDOWN,PolygonSlow,0.0,0.3846,0.0,0.0,0.0
160.226,289.4,-3.5553,3.0073,-2.5353,-0.019,-0.01,480,0,156,300,0.3447,0.3707,SLOWDOWN,PolygonSlow,0.0,0.3846,0.0,0.0,0.0
160.323,289.5,-3.5552,3.0073,-2.5272,-0.019,-0.01,480,0,155,298,0.3448,0.3719,SLOWDOWN,PolygonSlow,0.0632,1.0,0.0632,0.0,0.0
160.421,289.6,-3.5562,3.0064,-2.5166,-0.019,-0.01,480,0,154,297,0.3437,0.3718,SLOWDOWN,PolygonSlow,0.0632,1.0,0.0632,0.0189,0.0189
160.527,289.7,-3.5575,3.0053,-2.4994,-0.019,-0.01,480,0,153,294,0.3425,0.3732,SLOWDOWN,PolygonSlow,0.0632,0.9487,0.0632,0.0189,0.0189
160.626,289.8,-3.5589,3.0041,-2.4796,-0.019,-0.01,480,0,153,290,0.3411,0.3758,SLOWDOWN,PolygonSlow,0.0632,0.8974,0.0632,0.0189,0.0189
160.725,289.9,-3.5603,3.0029,-2.4605,-0.019,-0.01,480,0,152,288,0.3397,0.3781,SLOWDOWN,PolygonSlow,0.0632,0.8974,0.0632,0.0189,0.0189
160.824,290.0,-3.5617,3.0017,-2.4412,-0.019,-0.01,480,0,151,285,0.3383,0.379,SLOWDOWN,PolygonSlow,0.0632,0.9487,0.0632,0.0189,0.0189
160.925,290.1,-3.5629,3.0005,-2.4205,-0.019,-0.01,480,0,151,283,0.337,0.3804,SLOWDOWN,PolygonSlow,0.0632,0.9487,0.0632,0.0189,0.0189
161.025,290.2,-3.5641,2.9992,-2.3993,-0.019,-0.01,480,0,149,280,0.3359,0.382,SLOWDOWN,PolygonSlow,0.0474,1.0,0.0474,0.0189,0.0189
161.136,290.3,-3.565,2.9982,-2.3765,-0.019,-0.01,480,0,148,277,0.335,0.3845,SLOWDOWN,PolygonSlow,0.0474,0.9487,0.0474,0.0142,0.0142
161.25,290.4,-3.5662,2.9969,-2.3498,-0.019,-0.01,480,0,147,275,0.3341,0.3869,SLOWDOWN,PolygonSlow,0.2368,1.0,0.1724,0.0517,0.0517
161.327,290.5,-3.5694,2.9937,-2.3316,-0.019,-0.01,480,0,148,272,0.3306,0.3881,SLOWDOWN,PolygonSlow,0.2368,0.9487,0.2368,0.0711,0.0711
161.438,290.6,-3.5742,2.9887,-2.3099,-0.019,-0.01,480,0,148,272,0.3258,0.3889,SLOWDOWN,PolygonSlow,0.2842,0.9487,0.2842,0.0853,0.0853
161.53,290.7,-3.5798,2.9827,-2.2887,-0.019,-0.01,480,0,149,270,0.3202,0.3894,SLOWDOWN,PolygonSlow,0.0947,1.0,0.1592,0.0478,0.0853
161.638,290.8,-3.5827,2.9792,-2.267,-0.019,-0.01,480,0,148,269,0.3172,0.3896,SLOWDOWN,PolygonSlow,0.0947,1.0,0.0947,0.0284,0.0284
161.733,290.9,-3.5845,2.9771,-2.2456,-0.019,-0.01,480,0,148,267,0.3155,0.3922,SLOWDOWN,PolygonSlow,0.3,1.0,0.2197,0.0284,0.0284
161.846,291.0,-3.5889,2.9716,-2.2248,-0.019,-0.01,480,0,149,267,0.3112,0.3908,SLOWDOWN,PolygonSlow,0.3,0.9487,0.3,0.09,0.09
161.943,291.1,-3.5942,2.9646,-2.2052,-0.019,-0.01,480,0,150,267,0.3057,0.3904,SLOWDOWN,PolygonSlow,0.3,0.9487,0.3,0.09,0.09
162.041,291.2,-3.5994,2.9575,-2.1856,-0.019,-0.01,480,0,152,267,0.3005,0.3897,SLOWDOWN,PolygonSlow,0.2368,0.8974,0.2368,0.0711,0.0711
162.143,291.3,-3.6034,2.9517,-2.1662,-0.019,-0.01,480,0,152,266,0.2966,0.3896,SLOWDOWN,PolygonSlow,0.2211,0.9487,0.2211,0.0663,0.0663
162.245,291.4,-3.6066,2.9462,-2.145,-0.019,-0.01,480,0,153,266,0.2933,0.3884,SLOWDOWN,PolygonSlow,0.1737,0.8974,0.1737,0.0521,0.0521
162.347,291.5,-3.6092,2.9418,-2.1246,-0.019,-0.01,480,0,154,266,0.2908,0.3898,SLOWDOWN,PolygonSlow,0.1579,1.0,0.1579,0.0474,0.0474
162.444,291.6,-3.6111,2.9377,-2.1016,-0.019,-0.01,480,0,155,264,0.2889,0.3897,SLOWDOWN,PolygonSlow,0.1579,0.8462,0.1579,0.0474,0.0474
162.542,291.7,-3.6128,2.9336,-2.0816,-0.019,-0.01,480,0,156,265,0.2872,0.3898,SLOWDOWN,PolygonSlow,0.3,1.0,0.2829,0.0849,0.0849
162.646,291.8,-3.616,2.9263,-2.0586,-0.019,-0.01,480,0,157,264,0.2839,0.3893,SLOWDOWN,PolygonSlow,0.1105,0.8974,0.175,0.0525,0.0525
162.746,291.9,-3.6185,2.922,-2.0375,-0.019,-0.01,480,0,159,264,0.2814,0.3913,SLOWDOWN,PolygonSlow,0.1105,0.9487,0.1105,0.0332,0.0332
162.848,292.0,-3.6196,2.919,-2.0144,-0.019,-0.01,480,0,161,264,0.2804,0.3922,SLOWDOWN,PolygonSlow,0.2211,0.9487,0.2211,0.0663,0.0663
162.942,292.1,-3.6212,2.9132,-1.9913,-0.019,-0.01,480,0,163,264,0.2788,0.3908,SLOWDOWN,PolygonSlow,0.2211,0.8462,0.2211,0.0663,0.0663
163.042,292.2,-3.6227,2.9071,-1.9702,-0.019,-0.01,480,0,163,264,0.2772,0.3905,SLOWDOWN,PolygonSlow,0.2211,0.7436,0.2211,0.0663,0.0663
163.142,292.3,-3.6242,2.901,-1.9513,-0.019,-0.01,480,0,166,265,0.2757,0.3882,SLOWDOWN,PolygonSlow,0.2526,0.7949,0.2526,0.0758,0.0758
163.243,292.4,-3.6258,2.8939,-1.9312,-0.019,-0.01,480,0,169,266,0.274,0.3872,SLOWDOWN,PolygonSlow,0.2526,0.7436,0.2526,0.0758,0.0758
163.343,292.5,-3.6273,2.8868,-1.9119,-0.019,-0.01,480,0,174,267,0.2726,0.3835,SLOWDOWN,PolygonSlow,0.2526,0.7436,0.2526,0.0758,0.0758
163.469,292.6,-3.6286,2.8796,-1.8929,-0.019,-0.01,480,0,179,269,0.2713,0.3813,SLOWDOWN,PolygonSlow,0.2684,0.641,0.2684,0.0805,0.0805
163.563,292.7,-3.63,2.872,-1.8762,-0.019,-0.01,480,0,183,271,0.2699,0.3797,SLOWDOWN,PolygonSlow,0.2526,0.5897,0.2526,0.0758,0.0758
163.66,292.8,-3.6312,2.8649,-1.8607,-0.019,-0.01,480,0,184,272,0.2687,0.378,SLOWDOWN,PolygonSlow,0.2368,0.5385,0.2368,0.0711,0.0711
163.763,292.9,-3.6322,2.858,-1.8461,-0.019,-0.01,480,0,183,273,0.2677,0.3762,SLOWDOWN,PolygonSlow,0.2368,0.5385,0.2368,0.0711,0.0711
163.861,293.0,-3.633,2.8511,-1.8312,-0.019,-0.01,480,0,183,275,0.2668,0.3731,SLOWDOWN,PolygonSlow,0.2526,0.5897,0.2526,0.0758,0.0758
163.963,293.1,-3.6338,2.8435,-1.8151,-0.019,-0.01,480,0,181,275,0.266,0.3697,SLOWDOWN,PolygonSlow,0.3,0.5897,0.3,0.09,0.09
164.062,293.2,-3.6347,2.8348,-1.7985,-0.019,-0.01,480,0,181,274,0.2651,0.3665,SLOWDOWN,PolygonSlow,0.3,0.641,0.3,0.09,0.09
164.16,293.3,-3.6354,2.8261,-1.7811,-0.019,-0.01,480,0,180,275,0.2644,0.3631,SLOWDOWN,PolygonSlow,0.2842,0.5385,0.2842,0.0853,0.0853
164.262,293.4,-3.6359,2.8177,-1.7662,-0.019,-0.01,480,0,179,275,0.2639,0.3604,SLOWDOWN,PolygonSlow,0.2842,0.4872,0.2842,0.0853,0.0853
164.367,293.5,-3.6364,2.8094,-1.752,-0.019,-0.01,480,0,178,275,0.2634,0.358,SLOWDOWN,PolygonSlow,0.2684,0.5385,0.2684,0.0805,0.0805
164.47,293.6,-3.6366,2.8021,-1.7376,-0.019,-0.01,480,0,177,275,0.2632,0.3552,SLOWDOWN,PolygonSlow,0.1895,0.4359,0.1895,0.0568,0.0568
164.585,293.7,-3.6367,2.7957,-1.7252,-0.019,-0.01,480,0,177,275,0.2631,0.3529,SLOWDOWN,PolygonSlow,0.3,0.4359,0.3,0.09,0.09
164.667,293.8,-3.637,2.7868,-1.713,-0.019,-0.01,480,0,176,275,0.2628,0.3478,SLOWDOWN,PolygonSlow,0.3,0.3846,0.3,0.09,0.09
164.782,293.9,-3.6374,2.7779,-1.7021,-0.019,-0.01,480,0,175,275,0.2625,0.3448,SLOWDOWN,PolygonSlow,0.3,0.3333,0.3,0.09,0.09
164.867,294.0,-3.6377,2.769,-1.6923,-0.019,-0.01,480,0,176,276,0.2622,0.3407,SLOWDOWN,PolygonSlow,0.3,0.3333,0.3,0.09,0.09
164.997,294.1,-3.6379,2.7602,-1.6824,-0.019,-0.01,480,0,180,278,0.2619,0.3381,SLOWDOWN,PolygonSlow,0.2842,0.3333,0.2842,0.0853,0.0853
165.087,294.2,-3.638,2.7517,-1.6724,-0.019,-0.01,480,0,185,278,0.2619,0.3332,SLOWDOWN,PolygonSlow,0.2842,0.3333,0.2842,0.0853,0.0853
165.191,294.3,-3.6379,2.7432,-1.6624,-0.019,-0.01,480,0,188,279,0.2619,0.3303,SLOWDOWN,PolygonSlow,0.2842,0.3333,0.2842,0.0853,0.0853
165.29,294.4,-3.6378,2.7349,-1.6523,-0.019,-0.01,480,0,195,279,0.2621,0.3265,SLOWDOWN,PolygonSlow,0.2684,0.3333,0.2684,0.0805,0.0805
165.402,294.5,-3.6377,2.7265,-1.6434,-0.019,-0.01,480,0,201,280,0.2621,0.3244,SLOWDOWN,PolygonSlow,0.3,0.2308,0.3,0.09,0.09
165.495,294.6,-3.6377,2.7175,-1.6364,-0.019,-0.01,480,0,207,281,0.2621,0.3204,SLOWDOWN,PolygonSlow,0.3,0.2308,0.3,0.09,0.09
165.603,294.7,-3.6376,2.7085,-1.6293,-0.019,-0.01,480,0,213,283,0.2621,0.3165,SLOWDOWN,PolygonSlow,0.3,0.2308,0.3,0.09,0.09
165.716,294.8,-3.6375,2.6996,-1.6222,-0.019,-0.01,480,0,218,283,0.2622,0.3139,SLOWDOWN,PolygonSlow,0.2842,0.2308,0.3,0.09,0.09
165.823,294.9,-3.6373,2.6908,-1.615,-0.019,-0.01,480,0,231,283,0.2624,0.3104,SLOWDOWN,PolygonSlow,0.2842,0.2308,0.2842,0.0853,0.0853
165.918,295.0,-3.637,2.6823,-1.6078,-0.019,-0.01,480,0,241,284,0.2628,0.308,SLOWDOWN,PolygonSlow,0.2684,0.2308,0.2684,0.0853,0.0853
166.024,295.1,-3.6366,2.6741,-1.6006,-0.019,-0.01,480,0,248,285,0.2632,0.3056,SLOWDOWN,PolygonSlow,0.3,0.2308,0.3,0.09,0.09
166.117,295.2,-3.6362,2.6652,-1.5934,-0.019,-0.01,480,0,250,287,0.2636,0.3026,SLOWDOWN,PolygonSlow,0.3,0.1795,0.3,0.09,0.09
166.218,295.3,-3.6359,2.6562,-1.5873,-0.019,-0.01,480,0,254,287,0.2639,0.2999,SLOWDOWN,PolygonSlow,0.3,0.1795,0.3,0.09,0.09
166.319,295.4,-3.6355,2.6472,-1.5816,-0.019,-0.01,480,0,256,287,0.2643,0.2981,SLOWDOWN,PolygonSlow,0.2842,0.1795,0.2842,0.09,0.09
166.422,295.5,-3.635,2.6386,-1.5759,-0.019,-0.01,480,0,257,288,0.2647,0.2952,SLOWDOWN,PolygonSlow,0.2842,0.1282,0.2842,0.0853,0.0853
166.522,295.6,-3.6347,2.6301,-1.5716,-0.019,-0.01,480,0,260,290,0.265,0.2937,SLOWDOWN,PolygonSlow,0.2842,0.1282,0.2842,0.0853,0.0853
166.622,295.7,-3.6343,2.6215,-1.5675,-0.019,-0.01,480,0,262,291,0.2654,0.2914,SLOWDOWN,PolygonSlow,0.3,0.2308,0.3,0.0853,0.0853
166.723,295.8,-3.6337,2.6127,-1.5612,-0.019,-0.01,480,0,265,292,0.266,0.2896,SLOWDOWN,PolygonSlow,0.3,0.1795,0.3,0.09,0.09
166.818,295.9,-3.633,2.6037,-1.5551,-0.019,-0.01,480,0,268,292,0.2667,0.2881,SLOWDOWN,PolygonSlow,0.3,0.1795,0.3,0.09,0.09
166.921,296.0,-3.6324,2.5947,-1.5494,-0.019,-0.01,480,0,271,294,0.2674,0.2867,SLOWDOWN,PolygonSlow,0.3,0.1795,0.3,0.09,0.09
167.021,296.1,-3.6316,2.5857,-1.5438,-0.019,-0.01,480,0,272,294,0.2681,0.2858,SLOWDOWN,PolygonSlow,0.2842,0.1795,0.2842,0.09,0.09
167.12,296.2,-3.6309,2.577,-1.5381,-0.019,-0.01,480,0,275,295,0.2689,0.2846,SLOWDOWN,PolygonSlow,0.2842,0.1795,0.2842,0.0853,0.0853
167.218,296.3,-3.6301,2.5685,-1.5325,-0.019,-0.01,480,0,278,295,0.2698,0.2839,SLOWDOWN,PolygonSlow,0.2684,0.1795,0.2684,0.0853,0.0853
167.321,296.4,-3.6293,2.5603,-1.5269,-0.019,-0.01,480,0,279,296,0.2706,0.2834,SLOWDOWN,PolygonSlow,0.3,0.1795,0.3,0.0805,0.0805
167.428,296.5,-3.6284,2.5517,-1.5214,-0.019,-0.01,480,0,282,297,0.2715,0.2829,SLOWDOWN,PolygonSlow,0.3,0.0769,0.3,0.09,0.09
167.522,296.6,-3.6276,2.5427,-1.5184,-0.019,-0.01,480,0,287,301,0.2722,0.2825,SLOWDOWN,PolygonSlow,0.3,0.0769,0.3,0.09,0.09
167.623,296.7,-3.627,2.5337,-1.516,-0.019,-0.01,480,0,289,302,0.2728,0.282,SLOWDOWN,PolygonSlow,0.2842,0.1282,0.2842,0.09,0.09
167.731,296.8,-3.6262,2.5251,-1.5124,-0.019,-0.01,480,0,292,305,0.2736,0.2816,SLOWDOWN,PolygonSlow,0.2842,0.0769,0.2842,0.0853,0.0853
167.831,296.9,-3.6254,2.5166,-1.5099,-0.019,-0.01,480,0,295,308,0.2743,0.2811,SLOWDOWN,PolygonSlow,0.2842,0.0769,0.2842,0.0853,0.0853
167.94,297.0,-3.6247,2.5081,-1.5075,-0.019,-0.01,480,0,296,310,0.275,0.2806,SLOWDOWN,PolygonSlow,0.3,0.1795,0.3,0.09,0.09
168.029,297.1,-3.6237,2.4991,-1.5024,-0.019,-0.01,480,0,298,311,0.276,0.2801,SLOWDOWN,PolygonSlow,0.3,0.1282,0.3,0.09,0.09
168.139,297.2,-3.6227,2.4902,-1.4983,-0.019,-0.01,480,0,300,313,0.277,0.2795,SLOWDOWN,PolygonSlow,0.3,0.0256,0.3,0.09,0.09
168.234,297.3,-3.6219,2.4812,-1.4972,-0.019,-0.01,480,0,302,316,0.2778,0.2788,SLOWDOWN,PolygonSlow,0.3,-0.0256,0.3,0.09,0.09
168.345,297.4,-3.6213,2.4722,-1.4979,-0.019,-0.01,480,0,304,318,0.2784,0.2782,SLOWDOWN,PolygonSlow,0.2842,0.0769,0.2842,0.0853,0.0853
168.441,297.5,-3.6205,2.4636,-1.4959,-0.019,-0.01,480,0,308,322,0.2792,0.2776,SLOWDOWN,PolygonSlow,0.2842,0.0256,0.2842,0.0853,0.0853
168.548,297.6,-3.6198,2.4551,-1.4951,-0.019,-0.01,480,0,309,322,0.2799,0.2769,SLOWDOWN,PolygonSlow,0.2842,-0.0256,0.2842,0.0853,0.0853
168.647,297.7,-3.6192,2.4466,-1.4956,-0.019,-0.01,480,0,312,325,0.2805,0.2763,SLOWDOWN,PolygonSlow,0.3,0.1795,0.3,0.09,0.09
168.755,297.8,-3.6182,2.4376,-1.491,-0.019,-0.01,480,0,314,327,0.2816,0.2757,SLOWDOWN,PolygonSlow,0.3,0.1282,0.3,0.09,0.09
168.857,297.9,-3.6171,2.4287,-1.4871,-0.019,-0.01,480,0,314,327,0.2826,0.275,SLOWDOWN,PolygonSlow,0.2842,0.1795,0.2842,0.0853,0.0853
168.956,298.0,-3.6159,2.4202,-1.4817,-0.019,-0.01,480,0,317,330,0.2839,0.2743,SLOWDOWN,PolygonSlow,0.3,0.0769,0.3,0.09,0.09
169.053,298.1,-3.6149,2.4112,-1.4793,-0.019,-0.01,480,0,318,331,0.2849,0.2735,SLOWDOWN,PolygonSlow,0.2842,0.1282,0.2842,0.0853,0.0853
169.154,298.2,-3.6138,2.4027,-1.4755,-0.019,-0.01,480,0,318,331,0.2861,0.2728,SLOWDOWN,PolygonSlow,0.3,0.2308,0.3,0.09,0.09
169.257,298.3,-3.6123,2.3938,-1.4686,-0.019,-0.01,480,0,321,334,0.2876,0.272,SLOWDOWN,PolygonSlow,0.3,0.1282,0.3,0.09,0.09
169.357,298.4,-3.611,2.3848,-1.4648,-0.019,-0.01,480,0,321,334,0.2889,0.2711,SLOWDOWN,PolygonSlow,0.3,0.1282,0.3,0.09,0.09
169.465,298.5,-3.6098,2.3759,-1.461,-0.019,-0.01,480,0,324,337,0.2902,0.2702,SLOWDOWN,PolygonSlow,0.3,0.0769,0.3,0.09,0.09
169.574,298.6,-3.6086,2.3669,-1.4587,-0.019,-0.01,480,0,324,336,0.2913,0.2693,SLOWDOWN,PolygonSlow,0.3,0.0769,0.3,0.09,0.09
169.669,298.7,-3.6074,2.358,-1.4564,-0.019,-0.01,480,0,325,338,0.2925,0.2683,SLOWDOWN,PolygonSlow,0.3,0.0769,0.3,0.09,0.09
169.766,298.8,-3.6061,2.3492,-1.4541,-0.019,-0.01,480,0,326,339,0.2937,0.2673,SLOWDOWN,PolygonSlow,0.2842,0.0769,0.2842,0.0853,0.0853
169.867,298.9,-3.6049,2.3406,-1.4514,-0.019,-0.01,480,0,325,337,0.2949,0.2663,SLOWDOWN,PolygonSlow,0.3,0.1282,0.3,0.09,0.09
169.967,299.0,-3.6035,2.3316,-1.4476,-0.019,-0.01,480,0,323,336,0.2963,0.2653,SLOWDOWN,PolygonSlow,0.3,0.1282,0.3,0.09,0.09
170.065,299.1,-3.602,2.3228,-1.4434,-0.019,-0.01,480,0,322,335,0.2977,0.2643,SLOWDOWN,PolygonSlow,0.2842,0.1795,0.2842,0.0853,0.0853
170.166,299.2,-3.6005,2.3144,-1.4385,-0.019,-0.01,480,0,320,333,0.2992,0.2633,SLOWDOWN,PolygonSlow,0.2842,0.1282,0.2842,0.0853,0.0853
170.266,299.3,-3.5991,2.3059,-1.4348,-0.019,-0.01,480,0,319,331,0.3006,0.2622,SLOWDOWN,PolygonSlow,0.2842,0.1282,0.2842,0.0853,0.0853
170.367,299.4,-3.5975,2.2974,-1.4302,-0.019,-0.01,480,0,317,330,0.3022,0.2611,SLOWDOWN,PolygonSlow,0.3,0.2308,0.3,0.09,0.09
170.467,299.5,-3.5957,2.2885,-1.4239,-0.019,-0.01,480,0,316,328,0.304,0.26,SLOWDOWN,PolygonSlow,0.3,0.1795,0.3,0.09,0.09
170.568,299.6,-3.594,2.2796,-1.4191,-0.019,-0.01,480,0,314,327,0.3057,0.2588,SLOWDOWN,PolygonSlow,0.3,0.1282,0.3,0.09,0.09
170.667,299.7,-3.5923,2.2707,-1.4154,-0.019,-0.01,480,0,312,324,0.3074,0.2575,SLOWDOWN,PolygonSlow,0.3,0.1282,0.3,0.09,0.09
170.763,299.8,-3.5906,2.2619,-1.4117,-0.019,-0.01,480,0,311,323,0.3092,0.2562,SLOWDOWN,PolygonSlow,0.2842,0.1282,0.2842,0.0853,0.0853
170.865,299.9,-3.589,2.2535,-1.4079,-0.019,-0.01,480,0,308,321,0.3109,0.2549,SLOWDOWN,PolygonSlow,0.2842,0.1282,0.2842,0.0853,0.0853
170.966,300.0,-3.5872,2.245,-1.4035,-0.019,-0.01,480,0,307,319,0.3127,0.2536,SLOWDOWN,PolygonSlow,0.3,0.2308,0.3,0.09,0.09
171.066,300.1,-3.5852,2.2361,-1.3973,-0.019,-0.01,480,0,305,318,0.3146,0.2522,SLOWDOWN,PolygonSlow,0.3,0.1795,0.3,0.09,0.09
171.166,300.2,-3.5832,2.2272,-1.3921,-0.019,-0.01,480,0,303,315,0.3165,0.2508,SLOWDOWN,PolygonSlow,0.3,0.1795,0.3,0.09,0.09
171.274,300.3,-3.5812,2.2185,-1.387,-0.019,-0.01,480,0,301,313,0.3185,0.2493,SLOWDOWN,PolygonSlow,0.2842,0.1795,0.2842,0.0853,0.0853
171.368,300.4,-3.5793,2.2101,-1.3823,-0.019,-0.01,480,0,297,311,0.3204,0.2479,SLOWDOWN,PolygonSlow,0.2842,0.1282,0.2842,0.0853,0.0853
171.478,300.5,-3.5773,2.2018,-1.3782,-0.019,-0.01,480,0,293,308,0.3223,0.2464,SLOWDOWN,PolygonSlow,0.2842,0.1795,0.2842,0.0853,0.0853
171.567,300.6,-3.5753,2.1933,-1.3731,-0.019,-0.01,480,0,289,306,0.3243,0.2449,SLOWDOWN,PolygonSlow,0.3,0.1795,0.3,0.09,0.09
171.678,300.7,-3.5731,2.1845,-1.368,-0.019,-0.01,480,0,283,303,0.3229,0.2433,SLOWDOWN,PolygonSlow,0.3,0.1795,0.3,0.09,0.09
171.772,300.8,-3.5709,2.1757,-1.3627,-0.019,-0.01,480,0,278,301,0.3207,0.2416,SLOWDOWN,PolygonSlow,0.2842,0.2308,0.2842,0.0853,0.0853
171.882,300.9,-3.5686,2.1674,-1.3567,-0.019,-0.01,480,0,274,299,0.3184,0.24,SLOWDOWN,PolygonSlow,0.2842,0.1795,0.2842,0.0853,0.0853
171.979,301.0,-3.5664,2.1591,-1.3516,-0.019,-0.01,480,0,268,295,0.3162,0.2384,SLOWDOWN,PolygonSlow,0.2842,0.1795,0.2842,0.0853,0.0853
172.082,301.1,-3.5642,2.1508,-1.3466,-0.019,-0.01,480,0,263,293,0.3139,0.2367,SLOWDOWN,PolygonSlow,0.2842,0.1795,0.2842,0.0853,0.0853
172.178,301.2,-3.5618,2.1423,-1.3416,-0.019,-0.01,480,0,260,290,0.312,0.2349,SLOWDOWN,PolygonSlow,0.3,0.1795,0.3,0.09,0.09
172.282,301.3,-3.5594,2.1336,-1.3366,-0.019,-0.01,480,0,253,287,0.3101,0.233,SLOWDOWN,PolygonSlow,0.3,0.1795,0.3,0.09,0.09
172.383,301.4,-3.5569,2.1248,-1.3317,-0.019,-0.01,480,0,249,284,0.3078,0.2311,SLOWDOWN,PolygonSlow,0.3,0.1795,0.3,0.09,0.09
172.482,301.5,-3.5545,2.1163,-1.3267,-0.019,-0.01,480,0,242,280,0.3062,0.2292,SLOWDOWN,PolygonSlow,0.2842,0.1795,0.2842,0.0853,0.0853
172.58,301.6,-3.5521,2.108,-1.3218,-0.019,-0.01,480,0,236,277,0.3052,0.2273,SLOWDOWN,PolygonSlow,0.2842,0.1795,0.2842,0.0853,0.0853
172.679,301.7,-3.5496,2.0999,-1.3164,-0.019,-0.01,480,0,231,273,0.3039,0.2255,SLOWDOWN,PolygonSlow,0.2684,0.2308,0.2684,0.0805,0.0805
172.787,301.8,-3.5471,2.0919,-1.3106,-0.019,-0.01,480,0,226,271,0.3026,0.2236,SLOWDOWN,PolygonSlow,0.3,0.1795,0.3,0.09,0.09
172.9,301.9,-3.5444,2.0832,-1.3057,-0.019,-0.01,480,0,219,266,0.3023,0.2215,SLOWDOWN,PolygonSlow,0.2842,0.2308,0.3,0.09,0.09
172.993,302.0,-3.5417,2.0747,-1.3002,-0.019,-0.01,480,0,213,263,0.3014,0.2194,SLOWDOWN,PolygonSlow,0.2842,0.1795,0.2842,0.0853,0.0853
173.093,302.1,-3.539,2.0665,-1.2946,-0.019,-0.01,480,0,207,259,0.3009,0.2173,SLOWDOWN,PolygonSlow,0.2842,0.1795,0.2842,0.0853,0.0853
173.198,302.2,-3.5363,2.0583,-1.2898,-0.019,-0.01,480,0,202,255,0.3005,0.2152,SLOWDOWN,PolygonSlow,0.3,0.2308,0.2842,0.0853,0.0853
173.293,302.3,-3.5335,2.0499,-1.2845,-0.019,-0.01,480,0,194,251,0.3009,0.213,SLOWDOWN,PolygonSlow,0.3,0.1795,0.3,0.09,0.09
173.399,302.4,-3.5306,2.0413,-1.2788,-0.019,-0.01,480,0,188,246,0.3013,0.2107,SLOWDOWN,PolygonSlow,0.3,0.1795,0.3,0.09,0.09
173.493,302.5,-3.5276,2.0327,-1.274,-0.019,-0.01,480,0,181,241,0.3019,0.2084,SLOWDOWN,PolygonSlow,0.3,0.0769,0.3,0.09,0.09
173.598,302.6,-3.5247,2.0241,-1.2703,-0.019,-0.01,480,0,177,239,0.3026,0.2061,SLOWDOWN,PolygonSlow,0.2842,0.0769,0.3,0.09,0.09
173.709,302.7,-3.522,2.0157,-1.2682,-0.019,-0.01,480,0,171,234,0.3035,0.2043,SLOWDOWN,PolygonSlow,0.2842,0.0769,0.2842,0.0853,0.0853
173.798,302.8,-3.5193,2.0076,-1.2662,-0.019,-0.01,480,0,167,231,0.3053,0.2029,SLOWDOWN,PolygonSlow,0.3,0.2308,0.2842,0.0853,0.0853
173.902,302.9,-3.5164,1.9992,-1.2616,-0.019,-0.01,480,0,161,229,0.3064,0.2015,SLOWDOWN,PolygonSlow,0.3,0.0769,0.3,0.09,0.09
174.006,303.0,-3.5134,1.9906,-1.2582,-0.019,-0.01,480,0,156,225,0.3084,0.2009,SLOWDOWN,PolygonSlow,0.3,0.0769,0.3,0.09,0.09
174.104,303.1,-3.5105,1.9821,-1.2562,-0.019,-0.01,480,0,152,221,0.3102,0.2002,SLOWDOWN,PolygonSlow,0.3,0.0769,0.3,0.09,0.09
174.204,303.2,-3.5076,1.9735,-1.2542,-0.019,-0.01,480,0,146,218,0.3124,0.1998,SLOWDOWN,PolygonSlow,0.2842,0.0769,0.3,0.09,0.09
174.303,303.3,-3.5047,1.9652,-1.2521,-0.019,-0.01,480,0,140,215,0.315,0.2004,SLOWDOWN,PolygonSlow,0.2842,0.0769,0.2842,0.0853,0.0853
174.403,303.4,-3.5019,1.9571,-1.2501,-0.019,-0.01,480,0,136,211,0.3181,0.2008,SLOWDOWN,PolygonSlow,0.3,0.1795,0.2842,0.0853,0.0853
174.509,303.5,-3.4989,1.9488,-1.2464,-0.019,-0.01,480,0,130,208,0.3205,0.2018,SLOWDOWN,PolygonSlow,0.3,0.1795,0.3,0.09,0.09
174.616,303.6,-3.4957,1.9403,-1.2417,-0.019,-0.01,480,0,125,204,0.3239,0.2031,SLOWDOWN,PolygonSlow,0.3,0.1795,0.3,0.09,0.09
174.706,303.7,-3.4925,1.9317,-1.237,-0.019,-0.01,480,0,119,200,0.3263,0.204,SLOWDOWN,PolygonSlow,0.2842,0.1795,0.3,0.09,0.09
174.813,303.8,-3.4893,1.9236,-1.2323,-0.019,-0.01,480,0,115,197,0.3299,0.2061,SLOWDOWN,PolygonSlow,0.2842,0.1795,0.2842,0.0853,0.0853
174.908,303.9,-3.4862,1.9155,-1.2276,-0.019,-0.01,480,0,110,194,0.3338,0.2087,SLOWDOWN,PolygonSlow,0.2842,0.1795,0.2842,0.0853,0.0853
175.017,304.0,-3.483,1.9075,-1.2229,-0.019,-0.01,480,0,104,190,0.3369,0.2105,SLOWDOWN,PolygonSlow,0.3,0.1795,0.3,0.0853,0.0853
175.114,304.1,-3.4797,1.8991,-1.2183,-0.019,-0.01,480,0,100,187,0.3408,0.2134,SLOWDOWN,PolygonSlow,0.3,0.1795,0.3,0.09,0.09
175.22,304.2,-3.4763,1.8907,-1.2137,-0.019,-0.01,480,0,95,183,0.3444,0.2159,SLOWDOWN,PolygonSlow,0.3,0.1795,0.3,0.09,0.09
175.321,304.3,-3.4729,1.8823,-1.2091,-0.019,-0.01,480,0,91,179,0.3486,0.2191,SLOWDOWN,PolygonSlow,0.2842,0.1795,0.2842,0.09,0.09
175.424,304.4,-3.4695,1.8742,-1.2045,-0.019,-0.01,480,0,85,175,0.353,0.2228,SLOWDOWN,PolygonSlow,0.2842,0.1795,0.2842,0.0853,0.0853
175.519,304.5,-3.4662,1.8662,-1.1998,-0.019,-0.01,480,0,81,171,0.3576,0.2268,SLOWDOWN,PolygonSlow,0.2842,0.1795,0.2842,0.0853,0.0853
175.626,304.6,-3.4628,1.8583,-1.1953,-0.019,-0.01,480,0,77,168,0.3623,0.2309,SLOWDOWN,PolygonSlow,0.3,0.1795,0.3,0.0853,0.0853
175.72,304.7,-3.4593,1.85,-1.1908,-0.019,-0.01,480,0,71,164,0.3663,0.2343,SLOWDOWN,PolygonSlow,0.3,0.1795,0.3,0.09,0.09
175.826,304.8,-3.4557,1.8417,-1.1862,-0.019,-0.01,480,0,68,160,0.3708,0.2381,SLOWDOWN,PolygonSlow,0.3,0.1795,0.3,0.09,0.09
175.923,304.9,-3.452,1.8333,-1.1816,-0.019,-0.01,480,0,61,155,0.3801,0.2475,SLOWDOWN,PolygonSlow,0.2842,0.1795,0.2842,0.09,0.09
176.031,305.0,-3.4485,1.8254,-1.1771,-0.019,-0.01,480,0,57,153,0.389,0.2563,SLOWDOWN,PolygonSlow,0.2842,0.1795,0.2842,0.0853,0.0853
176.123,305.1,-3.445,1.8175,-1.1726,-0.019,-0.01,480,0,54,149,0.3976,0.265,SLOWDOWN,PolygonSlow,0.2684,0.1795,0.2684,0.0853,0.0853
176.225,305.2,-3.4416,1.81,-1.168,-0.019,-0.01,480,0,49,146,0.4057,0.2731,SLOWDOWN,PolygonSlow,0.3,0.1795,0.3,0.0805,0.0805
176.324,305.3,-3.4379,1.8019,-1.1638,-0.019,-0.01,480,0,45,141,0.4147,0.2821,SLOWDOWN,PolygonSlow,0.3,0.1795,0.3,0.09,0.09
176.424,305.4,-3.4341,1.7936,-1.1593,-0.019,-0.01,480,0,40,138,0.4237,0.2912,SLOWDOWN,PolygonSlow,0.2842,0.1795,0.2842,0.09,0.09
176.526,305.5,-3.4304,1.7858,-1.1548,-0.019,-0.01,480,0,37,134,0.4321,0.2996,SLOWDOWN,PolygonSlow,0.2842,0.1795,0.2842,0.0853,0.0853
176.629,305.6,-3.4267,1.778,-1.1503,-0.019,-0.01,480,0,33,131,0.4405,0.308,SLOWDOWN,PolygonSlow,0.2842,0.1282,0.2842,0.0853,0.0853
176.739,305.7,-3.423,1.7702,-1.147,-0.019,-0.01,480,0,29,128,0.4491,0.3166,SLOWDOWN,PolygonSlow,0.3,0.1795,0.3,0.09,0.09
176.833,305.8,-3.4192,1.7621,-1.1429,-0.019,-0.01,480,0,25,123,0.4579,0.3254,SLOWDOWN,PolygonSlow,0.3,0.1795,0.3,0.09,0.09
176.929,305.9,-3.4152,1.7539,-1.1385,-0.019,-0.01,480,0,21,119,0.4666,0.3341,SLOWDOWN,PolygonSlow,0.3,0.1282,0.3,0.09,0.09
177.03,306.0,-3.4112,1.7458,-1.1351,-0.019,-0.01,480,0,17,116,0.4755,0.3431,SLOWDOWN,PolygonSlow,0.2842,0.1282,0.2842,0.09,0.09
177.131,306.1,-3.4074,1.7379,-1.1319,-0.019,-0.01,480,0,14,112,0.4841,0.3516,SLOWDOWN,PolygonSlow,0.2842,0.1282,0.2842,0.0853,0.0853
177.235,306.2,-3.4037,1.7302,-1.1287,-0.019,-0.01,480,0,12,108,0.4925,0.3601,SLOWDOWN,PolygonSlow,0.2842,0.1282,0.2842,0.0853,0.0853
177.332,306.3,-3.3999,1.7225,-1.1256,-0.019,-0.01,480,0,10,105,0.4998,0.3684,SLOWDOWN,PolygonSlow,0.3,0.1282,0.3,0.0853,0.0853
177.431,306.4,-3.3959,1.7145,-1.1226,-0.019,-0.01,480,0,9,101,0.5038,0.3772,SLOWDOWN,PolygonSlow,0.3,0.1282,0.3,0.09,0.09
177.533,306.5,-3.3918,1.7064,-1.1195,-0.019,-0.01,480,0,7,98,0.5079,0.386,SLOWDOWN,PolygonSlow,0.3,0.1282,0.3,0.09,0.09
177.636,306.6,-3.3878,1.6983,-1.1163,-0.019,-0.01,480,0,6,94,0.5119,0.3948,SLOWDOWN,PolygonSlow,0.2842,0.1282,0.2842,0.09,0.09
177.734,306.7,-3.3838,1.6906,-1.1132,-0.019,-0.01,480,0,4,91,0.5158,0.4031,SLOWDOWN,PolygonSlow,0.2842,0.1282,0.2842,0.0853,0.0853
177.84,306.8,-3.3799,1.6829,-1.1101,-0.019,-0.01,480,0,3,88,0.5197,0.4113,SLOWDOWN,PolygonSlow,0.2684,0.1282,0.2684,0.0805,0.0853
177.947,306.9,-3.375,1.6735,-1.106,-0.019,-0.01,480,0,1,83,0.5246,0.4212,SLOWDOWN,PolygonSlow,0.3,0.1282,0.3,0.09,0.09
178.038,307.0,-3.3673,1.6588,-1.1011,-0.019,-0.01,480,0,0,75,0.5323,0.4372,DO_NOTHING,,0.3,0.2821,0.3,0.3,0.3
178.153,307.1,-3.3542,1.6345,-1.0883,-0.019,-0.01,480,0,0,66,0.5455,0.4617,DO_NOTHING,,0.2842,0.2821,0.2842,0.2842,0.2842
178.238,307.2,-3.3405,1.61,-1.0714,-0.019,-0.01,480,0,0,55,0.5591,0.4846,DO_NOTHING,,0.3,0.2308,0.3,0.3,0.3
178.348,307.3,-3.3259,1.5846,-1.0582,-0.019,-0.01,480,0,0,45,0.5737,0.5096,DO_NOTHING,,0.2842,0.2308,0.2842,0.2842,0.2842
178.463,307.4,-3.3086,1.5553,-1.0419,-0.019,-0.01,480,0,0,37,0.588,0.5328,DO_NOTHING,,0.3,0.1795,0.3,0.3,0.3
178.554,307.5,-3.2964,1.5351,-1.0331,-0.019,-0.01,480,0,0,32,0.6032,0.5579,DO_NOTHING,,0.2842,0.1795,0.2842,0.2842,0.2842
178.652,307.6,-3.2817,1.5112,-1.0224,-0.019,-0.01,480,0,0,27,0.618,0.5814,DO_NOTHING,,0.2842,-0.0256,0.2842,0.2842,0.2842
178.768,307.7,-3.2669,1.4871,-1.0226,-0.019,-0.01,480,0,0,23,0.6328,0.609,DO_NOTHING,,0.3,-0.0256,0.3,0.3,0.3
178.869,307.8,-3.2515,1.4619,-1.0241,-0.019,-0.01,480,0,0,18,0.6482,0.6382,DO_NOTHING,,0.2842,-0.0256,0.2842,0.2842,0.2842
178.968,307.9,-3.2365,1.4373,-1.0256,-0.019,-0.01,480,0,0,13,0.6631,0.6669,DO_NOTHING,,0.3,-0.0256,0.3,0.3,0.3
179.067,308.0,-3.2212,1.4121,-1.0271,-0.019,-0.01,480,0,0,9,0.6784,0.6964,DO_NOTHING,,0.2842,-0.0256,0.2842,0.2842,0.2842
179.167,308.1,-3.2063,1.3875,-1.0273,-0.019,-0.01,480,0,0,5,0.6934,0.7246,DO_NOTHING,,0.3,0.1282,0.3,0.3,0.3
179.269,308.2,-3.1909,1.3626,-1.0193,-0.019,-0.01,480,0,0,1,0.7088,0.7475,DO_NOTHING,,0.2842,0.1282,0.2842,0.2842,0.2842
179.37,308.3,-3.1757,1.3384,-1.0108,-0.019,-0.01,480,0,0,0,0.7242,0.7618,DO_NOTHING,,0.3,0.1795,0.3,0.3,0.3
179.475,308.4,-3.1596,1.3135,-1.0004,-0.019,-0.01,480,0,0,0,0.7402,0.7769,DO_NOTHING,,0.3,0.0769,0.3,0.3,0.3
179.566,308.5,-3.1433,1.2885,-0.9942,-0.019,-0.01,480,0,0,0,0.7565,0.7926,DO_NOTHING,,0.3,0.1795,0.3,0.3,0.3
179.668,308.6,-3.1268,1.2637,-0.9843,-0.019,-0.01,480,0,0,0,0.773,0.8084,DO_NOTHING,,0.3,-0.0769,0.3,0.3,0.3
179.774,308.7,-3.1105,1.2392,-0.9879,-0.019,-0.01,480,0,0,0,0.7893,0.825,DO_NOTHING,,0.2842,-0.1282,0.2842,0.2842,0.2842
179.867,308.8,-3.0947,1.2153,-0.9946,-0.019,-0.01,480,0,0,0,0.8051,0.8414,DO_NOTHING,,0.3,0.0,0.3,0.3,0.3
179.967,308.9,-3.0784,1.1901,-0.9946,-0.019,-0.01,480,0,0,0,0.8215,0.8577,DO_NOTHING,,0.3,0.0,0.3,0.3,0.3
180.079,309.0,-3.062,1.165,-0.9932,-0.019,-0.01,480,0,0,0,0.8377,0.874,DO_NOTHING,,0.3,0.2308,0.3,0.3,0.3
180.176,309.1,-3.0455,1.1404,-0.98,-0.019,-0.01,480,0,0,0,0.8541,0.8896,DO_NOTHING,,0.3,0.3333,0.3,0.3,0.3
180.271,309.2,-3.0285,1.1161,-0.9584,-0.019,-0.01,480,0,0,0,0.8712,0.9053,DO_NOTHING,,0.3,0.3333,0.3,0.3,0.3
180.376,309.3,-3.0112,1.0924,-0.9366,-0.019,-0.01,480,0,0,0,0.8885,0.9219,DO_NOTHING,,0.2842,0.2821,0.2842,0.2842,0.2842
180.481,309.4,-2.994,1.0696,-0.9181,-0.019,-0.01,480,0,0,0,0.9059,0.9389,DO_NOTHING,,0.3,0.2308,0.3,0.3,0.3
180.582,309.5,-2.9756,1.046,-0.9031,-0.019,-0.01,480,0,0,0,0.9245,0.9575,DO_NOTHING,,0.3,0.1795,0.3,0.3,0.3
180.681,309.6,-2.9568,1.0226,-0.8905,-0.019,-0.01,480,0,0,0,0.9435,0.9766,DO_NOTHING,,0.3,0.1795,0.3,0.3,0.3
180.783,309.7,-2.9381,0.9998,-0.8793,-0.019,-0.01,480,0,0,0,0.9627,0.9959,DO_NOTHING,,0.2842,-0.0769,0.2842,0.2842,0.2842
180.879,309.8,-2.9198,0.9775,-0.8844,-0.019,-0.01,480,0,0,0,0.981,1.0144,DO_NOTHING,,0.3,-0.1282,0.3,0.3,0.3
180.98,309.9,-2.9011,0.9545,-0.8919,-0.019,-0.01,480,0,0,0,0.9994,1.033,DO_NOTHING,,0.2842,0.0,0.2842,0.2842,0.2842
181.082,310.0,-2.883,0.9321,-0.8924,-0.019,-0.01,480,0,0,0,1.0177,1.0513,DO_NOTHING,,0.3,-0.0256,0.3,0.3,0.3
181.181,310.1,-2.8646,0.9092,-0.8942,-0.019,-0.01,480,0,0,0,1.0361,1.0699,DO_NOTHING,,0.2842,-0.0256,0.2842,0.2842,0.2842
181.297,310.2,-2.8464,0.8865,-0.8946,-0.019,-0.01,480,0,0,0,1.0544,1.0883,DO_NOTHING,,0.2842,0.0769,0.3,0.3,0.3
181.389,310.3,-2.8281,0.8638,-0.8911,-0.019,-0.01,480,0,0,0,1.0729,1.107,DO_NOTHING,,0.2842,0.0769,0.2842,0.2842,0.2842
181.507,310.4,-2.806,0.8366,-0.8876,-0.019,-0.01,480,0,0,0,1.0915,1.1257,DO_NOTHING,,0.2684,0.0,0.3,0.3,0.3
181.583,310.5,-2.7918,0.8191,-0.8876,-0.019,-0.01,480,0,0,0,1.1097,1.1439,DO_NOTHING,,0.2684,0.0,0.2684,0.2684,0.2684
181.695,310.6,-2.7739,0.7971,-0.8868,-0.019,-0.01,480,0,0,0,1.1278,1.1621,DO_NOTHING,,0.3,0.0,0.3,0.3,0.3
181.792,310.7,-2.7549,0.7739,-0.8857,-0.019,-0.01,480,0,0,0,1.1469,1.1814,DO_NOTHING,,0.2842,0.0769,0.3,0.3,0.3
181.903,310.8,-2.7363,0.7512,-0.8838,-0.019,-0.01,480,0,0,0,1.1658,1.2004,DO_NOTHING,,0.3,0.0769,0.2842,0.2842,0.2842
182.022,310.9,-2.7176,0.7284,-0.8784,-0.019,-0.01,480,0,0,0,1.1851,1.2198,DO_NOTHING,,0.2842,0.0256,0.2842,0.3,0.3
182.12,311.0,-2.699,0.7061,-0.875,-0.019,-0.01,480,0,0,0,1.2042,1.2389,DO_NOTHING,,0.3,0.0769,0.3,0.3,0.3
182.216,311.1,-2.6799,0.6835,-0.8704,-0.019,-0.01,480,0,0,0,1.2238,1.2587,DO_NOTHING,,0.2842,0.0769,0.2842,0.3,0.3
182.319,311.2,-2.6612,0.6614,-0.8648,-0.019,-0.01,480,0,0,0,1.2432,1.2782,DO_NOTHING,,0.3,0.0,0.3,0.2842,0.2842
182.417,311.3,-2.6419,0.6388,-0.864,-0.019,-0.01,480,0,0,0,1.2629,1.2746,DO_NOTHING,,0.3,-0.0256,0.3,0.3,0.3
182.521,311.4,-2.6224,0.6159,-0.8653,-0.019,-0.01,480,0,0,0,1.2825,1.2562,DO_NOTHING,,0.3,0.0256,0.3,0.3,0.3
182.62,311.5,-2.6029,0.5931,-0.8639,-0.019,-0.01,480,0,0,0,1.2699,1.2376,DO_NOTHING,,0.3,-0.0769,0.3,0.3,0.3
182.734,311.6,-2.5835,0.5703,-0.8666,-0.019,-0.01,480,0,0,0,1.2555,1.2198,DO_NOTHING,,0.2842,0.0,0.2842,0.2842,0.2842
182.823,311.7,-2.5649,0.5483,-0.8678,-0.019,-0.01,480,0,0,0,1.243,1.2039,DO_NOTHING,,0.3,0.0769,0.3,0.2842,0.2842
182.921,311.8,-2.5457,0.5258,-0.8637,-0.019,-0.01,480,0,0,0,1.2294,1.188,DO_NOTHING,,0.3,0.0769,0.3,0.3,0.3
183.022,311.9,-2.5261,0.5031,-0.8581,-0.019,-0.01,480,0,0,0,1.2144,1.1717,DO_NOTHING,,0.3,0.0769,0.3,0.3,0.3
183.122,312.0,-2.5064,0.4805,-0.8525,-0.019,-0.01,480,0,0,0,1.2016,1.1567,DO_NOTHING,,0.2842,0.0769,0.2842,0.3,0.3
183.222,312.1,-2.4875,0.459,-0.8468,-0.019,-0.01,480,0,0,0,1.1901,1.143,DO_NOTHING,,0.3,0.1282,0.3,0.2842,0.2842
183.324,312.2,-2.4677,0.437,-0.8383,-0.019,-0.01,480,0,0,0,1.1756,1.1273,DO_NOTHING,,0.2842,0.1282,0.2842,0.3,0.3
183.421,312.3,-2.4484,0.4158,-0.8287,-0.019,-0.01,480,0,0,0,1.1635,1.1141,DO_NOTHING,,0.3,0.0769,0.3,0.2842,0.2842
183.521,312.4,-2.4283,0.394,-0.822,-0.019,-0.01,480,0,0,0,1.1526,1.1009,DO_NOTHING,,0.2842,0.0769,0.2842,0.3,0.3
183.624,312.5,-2.4087,0.3731,-0.8161,-0.019,-0.01,480,0,0,0,1.1424,1.0885,DO_NOTHING,,0.3,0.1795,0.3,0.2842,0.2842
183.721,312.6,-2.3883,0.3517,-0.8048,-0.019,-0.01,480,0,0,0,1.1324,1.0764,DO_NOTHING,,0.2842,0.0769,0.2842,0.3,0.3
183.823,312.7,-2.3682,0.3311,-0.7966,-0.019,-0.01,480,0,0,0,1.1211,1.064,DO_NOTHING,,0.2526,0.1282,0.2526,0.2842,0.2842
183.924,312.8,-2.3499,0.3125,-0.7876,-0.019,-0.01,480,0,0,0,1.1151,1.0559,DO_NOTHING,,0.2368,0.0769,0.2368,0.2526,0.2526
184.02,312.9,-2.3329,0.2955,-0.7806,-0.019,-0.01,480,0,0,0,1.1068,1.0464,DO_NOTHING,,0.2211,0.0769,0.2211,0.2368,0.2368
184.126,313.0,-2.3169,0.2798,-0.7746,-0.019,-0.01,480,0,0,0,1.1005,1.0381,DO_NOTHING,,0.2053,0.0769,0.2053,0.2211,0.2211
184.222,313.1,-2.302,0.2652,-0.7686,-0.019,-0.01,480,0,0,0,1.0924,1.0289,DO_NOTHING,,0.1895,0.0769,0.1895,0.2053,0.2053
184.322,313.2,-2.2881,0.2519,-0.7627,-0.019,-0.01,480,0,0,0,1.0911,1.0256,DO_NOTHING,,0.1737,0.0769,0.1737,0.1895,0.1895
184.422,313.3,-2.2753,0.2397,-0.7568,-0.019,-0.01,480,0,0,0,1.0838,1.0182,DO_NOTHING,,0.1737,0.0,0.1737,0.1737,0.1737
184.523,313.4,-2.2627,0.2278,-0.7553,-0.019,-0.01,480,0,0,0,1.0804,1.0118,DO_NOTHING,,0.1579,0.0,0.1579,0.1737,0.1737
184.631,313.5,-2.251,0.2167,-0.7553,-0.019,-0.01,480,0,0,0,1.0752,1.0056,DO_NOTHING,,0.1421,0.0,0.1421,0.1421,0.1421
184.722,313.6,-2.2404,0.2068,-0.7553,-0.019,-0.01,480,0,0,0,1.0724,1.0009,DO_NOTHING,,0.1263,0.0769,0.1263,0.1421,0.1421
184.835,313.7,-2.231,0.1979,-0.751,-0.019,-0.01,480,0,0,0,1.0694,0.9969,DO_NOTHING,,0.1263,-0.0256,0.1263,0.1263,0.1263
184.924,313.8,-2.2217,0.1893,-0.7507,-0.019,-0.01,480,0,0,0,1.0676,0.9942,DO_NOTHING,,0.0789,0.2821,0.0789,0.1263,0.1263
185.037,313.9,-2.215,0.183,-0.7441,-0.019,-0.01,480,0,0,0,1.0647,0.9912,DO_NOTHING,,0.0789,0.2308,0.0789,0.0789,0.0789
185.135,314.0,-2.2094,0.1777,-0.7266,-0.019,-0.01,480,0,0,0,1.0619,0.9893,DO_NOTHING,,0.0789,0.2308,0.0789,0.0789,0.0789
185.247,314.1,-2.2036,0.1725,-0.7096,-0.019,-0.01,480,0,0,0,1.0626,0.991,DO_NOTHING,,0.0632,0.2821,0.0632,0.0632,0.0632
185.345,314.2,-2.1987,0.1683,-0.69,-0.019,-0.01,480,0,0,0,1.0613,0.9917,DO_NOTHING,,0.0632,0.1795,0.0632,0.0632,0.0632
185.461,314.3,-2.1938,0.1643,-0.6774,-0.019,-0.01,480,0,0,0,1.0584,0.9897,DO_NOTHING,,0.0632,0.1282,0.0632,0.0632,0.0632
185.564,314.4,-2.1889,0.1604,-0.668,-0.019,-0.01,480,0,0,0,1.0572,0.9885,DO_NOTHING,,0.0632,0.1795,0.0632,0.0632,0.0632
185.682,314.5,-2.184,0.1566,-0.6553,-0.019,-0.01,480,0,0,0,1.0562,0.9884,DO_NOTHING,,0.0474,0.3846,0.0474,0.0474,0.0474
185.772,314.6,-2.1803,0.1538,-0.6321,-0.019,-0.01,480,0,0,0,1.0567,0.992,DO_NOTHING,,0.0474,0.1282,0.0474,0.0474,0.0474
185.878,314.7,-2.1765,0.1511,-0.6233,-0.019,-0.01,480,0,0,0,1.0524,0.9877,DO_NOTHING,,0.0474,-0.0256,0.0474,0.0474,0.0474
185.981,314.8,-2.1727,0.1483,-0.6258,-0.019,-0.01,480,0,0,0,1.0501,0.9894,DO_NOTHING,,0.0474,-0.0769,0.0474,0.0474,0.0474
186.08,314.9,-2.1689,0.1456,-0.6294,-0.019,-0.01,480,0,0,0,1.0462,0.9822,DO_NOTHING,,0.0474,-0.0256,0.0474,0.0474,0.0474
186.174,315.0,-2.1651,0.1428,-0.6311,-0.019,-0.01,480,0,0,0,1.04,0.9806,DO_NOTHING,,0.0474,-0.0256,0.0474,0.0474,0.0474
186.28,315.1,-2.1613,0.14,-0.6338,-0.019,-0.01,480,0,0,0,1.0342,0.9782,DO_NOTHING,,0.0474,-0.0769,0.0474,0.0474,0.0474
186.383,315.2,-2.1579,0.1374,-0.6377,-0.019,-0.01,480,0,0,0,1.033,0.9783,DO_NOTHING,,0.0316,0.0,0.0316,0.0316,0.0316
186.503,315.3,-2.1554,0.1355,-0.6379,-0.019,-0.01,480,0,0,0,1.0297,0.9809,DO_NOTHING,,0.0316,-0.0256,0.0316,0.0316,0.0316
186.602,315.4,-2.1529,0.1337,-0.6396,-0.019,-0.01,480,0,0,0,1.0267,0.9765,DO_NOTHING,,0.0316,-0.0256,0.0316,0.0316,0.0316
186.7,315.5,-2.1503,0.1318,-0.6414,-0.019,-0.01,480,0,0,0,1.0219,0.9735,DO_NOTHING,,0.0316,-0.0256,0.0316,0.0316,0.0316
186.797,315.6,-2.1478,0.1299,-0.6431,-0.019,-0.01,480,0,0,0,1.0172,0.9722,DO_NOTHING,,0.0316,-0.0256,0.0316,0.0316,0.0316
186.901,315.7,-2.1453,0.128,-0.6449,-0.019,-0.01,480,0,0,0,1.0147,0.9722,DO_NOTHING,,0.0316,-0.0256,0.0316,0.0316,0.0316
186.994,315.8,-2.1428,0.1261,-0.6466,-0.019,-0.01,480,0,0,0,1.0128,0.971,DO_NOTHING,,0.0316,-0.0769,0.0316,0.0316,0.0316
187.099,315.9,-2.1403,0.1242,-0.6508,-0.019,-0.01,480,0,0,0,1.013,0.9703,DO_NOTHING,,0.0158,0.0,0.0316,0.0316,0.0316
187.2,316.0,-2.1385,0.1227,-0.6537,-0.019,-0.01,480,0,0,0,1.013,0.9705,DO_NOTHING,,0.0158,0.0,0.0158,0.0158,0.0158
187.298,316.1,-2.1372,0.1218,-0.6537,-0.019,-0.01,480,0,0,0,1.0112,0.969,DO_NOTHING,,0.0158,0.0,0.0158,0.0158,0.0158
187.395,316.2,-2.136,0.1208,-0.6537,-0.019,-0.01,480,0,0,0,1.0095,0.9675,DO_NOTHING,,0.0,0.3846,0.0158,0.0158,0.0158
187.494,316.3,-2.1353,0.1203,-0.6497,-0.019,-0.01,480,0,0,0,1.0051,0.9701,DO_NOTHING,,0.0,0.3846,0.0,0.0,0.0
187.596,316.4,-2.1351,0.1203,-0.6269,-0.019,-0.01,480,0,0,0,1.0022,0.97,DO_NOTHING,,0.0,0.3333,0.0,0.0,0.0
187.695,316.5,-2.1348,0.1204,-0.6033,-0.019,-0.01,480,0,0,0,1.0004,0.971,DO_NOTHING,,0.0,0.3333,0.0,0.0,0.0
187.794,316.6,-2.1346,0.1205,-0.5809,-0.019,-0.01,480,0,0,0,1.003,0.9764,DO_NOTHING,,0.0,0.3333,0.0,0.0,0.0
187.898,316.7,-2.1343,0.1209,-0.5573,-0.019,-0.01,480,0,0,0,1.0035,0.9806,DO_NOTHING,,0.0,0.2821,0.0,0.0,0.0
188.007,316.8,-2.1343,0.1215,-0.5335,-0.019,-0.01,480,0,0,0,1.005,0.9833,DO_NOTHING,,0.0,0.2821,0.0,0.0,0.0
188.095,316.9,-2.1343,0.1223,-0.5115,-0.019,-0.01,480,0,0,0,1.0033,0.9811,DO_NOTHING,,0.0,0.2821,0.0,0.0,0.0
188.204,317.0,-2.1343,0.1231,-0.4892,-0.019,-0.01,480,0,0,0,1.0015,0.983,DO_NOTHING,,0.0,0.2308,0.0,0.0,0.0
188.32,317.1,-2.1343,0.1239,-0.4686,-0.019,-0.01,480,0,0,0,1.0049,0.9864,DO_NOTHING,,0.0,0.2308,0.0,0.0,0.0
188.417,317.2,-2.1343,0.1247,-0.4499,-0.019,-0.01,480,0,0,0,1.0029,0.9878,DO_NOTHING,,0.0,0.1795,0.0,0.0,0.0
188.516,317.3,-2.1343,0.1254,-0.4346,-0.019,-0.01,480,0,0,0,1.01,0.9888,DO_NOTHING,,0.0,0.1795,0.0,0.0,0.0
188.623,317.4,-2.1343,0.1261,-0.4198,-0.019,-0.01,480,0,0,0,1.004,0.9901,DO_NOTHING,,0.0,0.0,0.0,0.0,0.0
188.719,317.5,-2.1343,0.1263,-0.4152,-0.019,-0.01,480,0,0,0,1.0065,0.9935,DO_NOTHING,,0.0,0.0,0.0,0.0,0.0
188.824,317.6,-2.1343,0.1263,-0.4152,-0.019,-0.01,480,0,0,0,1.0065,0.9935,DO_NOTHING,,0.0,0.0,0.0,0.0,0.0
188.924,317.7,-2.1343,0.1263,-0.4152,-0.019,-0.01,480,0,0,0,1.0065,0.9935,DO_NOTHING,,0.0,0.0,0.0,0.0,0.0
189.025,317.8,-2.1343,0.1263,-0.4152,-0.019,-0.01,480,0,0,0,1.0065,0.9935,DO_NOTHING,,0.0,0.0,0.0,0.0,0.0
189.125,317.9,-2.1343,0.1263,-0.4152,-0.019,-0.01,480,0,0,0,1.0065,0.9935,DO_NOTHING,,0.0,0.0,0.0,0.0,0.0
189.227,318.0,-2.1343,0.1263,-0.4152,-0.019,-0.01,480,0,0,0,1.0065,0.9935,DO_NOTHING,,0.0,0.0,0.0,0.0,0.0
189.324,318.1,-2.1343,0.1263,-0.4152,-0.019,-0.01,480,0,0,0,1.0065,0.9935,DO_NOTHING,,0.0,0.0,0.0,0.0,0.0
189.426,318.2,-2.1343,0.1263,-0.4152,-0.019,-0.01,480,0,0,0,1.0065,0.9935,DO_NOTHING,,0.0,0.0,0.0,0.0,0.0
189.526,318.3,-2.1343,0.1263,-0.4152,-0.019,-0.01,480,0,0,0,1.0065,0.9935,DO_NOTHING,,0.0,0.0,0.0,0.0,0.0
189.626,318.4,-2.1343,0.1263,-0.4152,-0.019,-0.01,480,0,0,0,1.0065,0.9935,DO_NOTHING,,0.0,0.0,0.0,0.0,0.0
189.725,318.5,-2.1343,0.1263,-0.4152,-0.019,-0.01,480,0,0,0,1.0065,0.9935,DO_NOTHING,,0.0,0.0,0.0,0.0,0.0
189.827,318.6,-2.1343,0.1263,-0.4152,-0.019,-0.01,480,0,0,0,1.0065,0.9935,DO_NOTHING,,0.0,0.0,0.0,0.0,0.0
189.926,318.7,-2.1343,0.1263,-0.4152,-0.019,-0.01,480,0,0,0,1.0065,0.9935,DO_NOTHING,,0.0,0.0,0.0,0.0,0.0
190.037,318.8,-2.1343,0.1263,-0.4152,-0.019,-0.01,480,0,0,0,1.0065,0.9935,DO_NOTHING,,0.0,0.0,0.0,0.0,0.0
190.129,318.9,-2.1343,0.1263,-0.4152,-0.019,-0.01,480,0,0,0,1.0065,0.9935,DO_NOTHING,,0.0,0.0,0.0,0.0,0.0
190.227,319.0,-2.1343,0.1263,-0.4152,-0.019,-0.01,480,0,0,0,1.0065,0.9935,DO_NOTHING,,0.0,0.0,0.0,0.0,0.0
190.327,319.1,-2.1343,0.1263,-0.4152,-0.019,-0.01,480,0,0,0,1.0065,0.9935,DO_NOTHING,,0.0,0.0,0.0,0.0,0.0
190.424,319.2,-2.1343,0.1263,-0.4152,-0.019,-0.01,480,0,0,0,1.0065,0.9935,DO_NOTHING,,0.0,0.0,0.0,0.0,0.0
