t_s,stamp,gt_x,gt_y,gt_yaw,goal_map_x,goal_map_y,n_valid,n_in_stop,n_in_slow,n_in_limit,d_min_base_m,r_min_lidar_m,monitor_action,monitor_polygon,v_nav,w_nav,v_smoothed,v_out,v_wheel
0.059,130.0,-2.0,0.0,-0.0,,,480,0,0,0,0.8217,0.9543,,,,,,,
0.162,130.1,-2.0,0.0,-0.0,,,480,0,0,0,0.8217,0.9543,,,,,,,
0.262,130.2,-2.0,0.0,-0.0,,,480,0,0,0,0.8217,0.9543,,,,,,,
0.364,130.3,-2.0,0.0,-0.0,,,480,0,0,0,0.8217,0.9543,,,,,,,
0.468,130.4,-2.0,0.0,-0.0,,,480,0,0,0,0.8217,0.9543,,,,,,,
0.572,130.5,-2.0,0.0,-0.0,,,480,0,0,0,0.8217,0.9543,,,,,,,
0.674,130.6,-2.0,0.0,-0.0,,,480,0,0,0,0.8217,0.9543,,,,,,,
0.802,130.7,-2.0,0.0,-0.0,,,480,0,0,0,0.8217,0.9543,,,,,,,
0.914,130.8,-2.0,0.0,-0.0,,,480,0,0,0,0.8217,0.9543,,,,,,,
1.016,130.9,-2.0,0.0,-0.0,,,480,0,0,0,0.8217,0.9543,,,,,,,
1.113,131.0,-2.0,0.0,-0.0,,,480,0,0,0,0.8217,0.9543,,,,,,,
1.214,131.1,-2.0,0.0,-0.0,,,480,0,0,0,0.8217,0.9543,,,,,,,
1.312,131.2,-2.0,0.0,-0.0,,,480,0,0,0,0.8217,0.9543,,,,,,,
1.434,131.3,-2.0,0.0,-0.0,,,480,0,0,0,0.8217,0.9543,,,,,,,
1.56,131.4,-2.0,0.0,-0.0,,,480,0,0,0,0.8217,0.9543,,,,,,,
1.658,131.5,-2.0,0.0,-0.0,,,480,0,0,0,0.8217,0.9543,,,,,,,
1.753,131.6,-2.0,0.0,-0.0,,,480,0,0,0,0.8217,0.9543,,,,,,,
1.852,131.7,-2.0,0.0,-0.0,,,480,0,0,0,0.8217,0.9543,,,,,,,
1.973,131.8,-2.0,0.0,-0.0,,,480,0,0,0,0.8217,0.9543,,,,,,,
2.08,131.9,-2.0,0.0,-0.0,,,480,0,0,0,0.8217,0.9543,,,,,,,
2.218,132.0,-2.0,0.0,-0.0,,,480,0,0,0,0.8217,0.9543,,,,,,,
2.312,132.1,-2.0,0.0,-0.0,-1.569,2.94,480,0,0,0,0.8217,0.9543,,,0.0,0.7949,0.0,,
2.438,132.2,-2.0,0.0005,0.0146,-1.569,2.94,480,0,0,0,0.8242,0.9572,,,0.0,0.7949,0.0,0.0,0.0
2.521,132.3,-2.0,0.0019,0.0506,-1.569,2.94,480,0,0,0,0.8238,0.9574,,,0.0,0.7436,0.0,0.0,0.0
2.621,132.4,-2.0,0.005,0.1207,-1.569,2.94,480,0,0,0,0.8247,0.9591,,,0.0,0.7436,0.0,0.0,0.0
2.724,132.5,-2.0,0.0096,0.1927,-1.569,2.94,480,0,0,0,0.8268,0.9613,,,0.0,0.6923,0.0,0.0,0.0
2.824,132.6,-2.0,0.0144,0.2577,-1.569,2.94,480,0,0,0,0.8291,0.9632,,,0.0,0.5897,0.0,0.0,0.0
2.932,132.7,-2.0,0.0181,0.3124,-1.569,2.94,480,0,0,0,0.832,0.9653,,,0.0,1.0,0.0,0.0,0.0
3.056,132.8,-2.0001,0.0218,0.3756,-1.569,2.94,480,0,0,0,0.8358,0.9678,,,0.0,0.9487,0.0,0.0,0.0
3.166,132.9,-2.0001,0.0258,0.4538,-1.569,2.94,480,0,0,0,0.8379,0.9676,,,0.0,0.8974,0.0,0.0,0.0
3.281,133.0,-2.0001,0.0284,0.5243,-1.569,2.94,480,0,0,0,0.8415,0.9682,,,0.0,0.7436,0.0,0.0,0.0
3.4,133.1,-2.0001,0.03,0.5831,-1.569,2.94,480,0,0,0,0.8393,0.9631,,,0.0,0.6923,0.0,0.0,0.0
3.495,133.2,-2.0003,0.0306,0.6346,-1.569,2.94,480,0,0,0,0.8415,0.9627,,,0.0,0.641,0.0,0.0,0.0
3.62,133.3,-2.0006,0.0306,0.6802,-1.569,2.94,480,0,0,0,0.8403,0.9593,,,0.0,1.0,0.0,0.0,0.0
3.736,133.4,-2.0009,0.0306,0.7338,-1.569,2.94,480,0,0,0,0.8425,0.9577,,,0.0,1.0,0.0,0.0,0.0
3.835,133.5,-2.0013,0.0306,0.81,-1.569,2.94,480,0,0,0,0.8436,0.9534,,,0.0,0.8974,0.0,0.0,0.0
3.928,133.6,-2.0013,0.0303,0.8781,-1.569,2.94,480,0,0,0,0.8416,0.9468,,,0.0,0.8462,0.0,0.0,0.0
4.032,133.7,-2.0013,0.0304,0.9373,-1.569,2.94,480,0,0,0,0.84,0.9404,,,0.0,0.7436,0.0,0.0,0.0
4.146,133.8,-2.0013,0.0307,0.9888,-1.569,2.94,480,0,0,0,0.8413,0.9365,,,0.2842,1.0,0.125,0.125,0.125
4.241,133.9,-1.9973,0.0392,1.0579,-1.569,2.94,480,0,0,0,0.8435,0.9316,,,0.3,1.0,0.3,0.3,0.3
4.358,134.0,-1.9899,0.0634,1.1367,-1.569,2.94,480,0,0,0,0.854,0.9314,,,0.2684,1.0,0.2684,0.2684,0.2684
4.46,134.1,-1.9818,0.0879,1.216,-1.569,2.94,480,0,0,0,0.8629,0.9288,,,0.2842,0.8462,0.2842,0.2842,0.2842
4.569,134.2,-1.9772,0.1144,1.2877,-1.569,2.94,480,0,0,0,0.8787,0.9328,,,0.3,0.641,0.2842,0.2842,0.2842
4.673,134.3,-1.975,0.1421,1.3639,-1.569,2.94,480,0,0,0,0.8975,0.9392,,,0.3,0.641,0.3,0.3,0.3
4.771,134.4,-1.9744,0.1716,1.4247,-1.569,2.94,480,0,0,0,0.8877,0.9649,,,0.3,0.641,0.3,0.3,0.3
4.88,134.5,-1.9752,0.2014,1.4845,-1.569,2.94,480,0,0,0,0.8675,1.0013,,,0.3,0.4872,0.3,0.3,0.3
4.997,134.6,-1.9775,0.2314,1.5449,-1.569,2.94,480,0,0,0,0.8516,0.986,,,0.2842,0.3846,0.3,0.3,0.3
5.087,134.7,-1.9811,0.2606,1.5918,-1.569,2.94,480,0,0,0,0.8313,0.9657,,,0.3,0.3846,0.2842,0.2842,0.2842
5.201,134.8,-1.9858,0.29,1.6315,-1.569,2.94,480,0,0,0,0.8162,0.9499,,,0.3,0.3846,0.3,0.3,0.3
5.304,134.9,-1.9915,0.3199,1.6705,-1.569,2.94,480,0,0,0,0.8048,0.9372,,,0.3,0.2821,0.3,0.3,0.3
5.413,135.0,-1.9977,0.3497,1.7026,-1.569,2.94,480,0,0,0,0.7905,0.9213,,,0.2684,0.0769,0.2684,0.3,0.3
5.515,135.1,-2.003,0.3771,1.7195,-1.569,2.94,480,0,0,0,0.7793,0.9086,,,0.3,0.1282,0.3,0.2684,0.2684
5.615,135.2,-2.0082,0.4059,1.7288,-1.569,2.94,480,0,0,0,0.768,0.8958,,,0.2842,0.0769,0.2842,0.3,0.3
5.727,135.3,-2.0134,0.4341,1.7368,-1.569,2.94,480,0,0,0,0.7587,0.8843,,,0.3,0.0,0.3,0.3,0.3
5.834,135.4,-2.0185,0.4635,1.7378,-1.569,2.94,480,0,0,0,0.7507,0.8748,,,0.2684,0.0256,0.2684,0.2684,0.2684
5.949,135.5,-2.0232,0.4905,1.7399,-1.569,2.94,480,0,0,0,0.7418,0.8639,,,0.3,0.0769,0.3,0.3,0.3
6.048,135.6,-2.0287,0.5197,1.7456,-1.569,2.94,480,0,0,0,0.7361,0.8559,,,0.3,0.0256,0.3,0.3,0.3
6.174,135.7,-2.0341,0.5492,1.7476,-1.569,2.94,480,0,0,0,0.73,0.8475,,,0.2842,-0.0256,0.3,0.3,0.3
6.273,135.8,-2.0392,0.5781,1.7467,-1.569,2.94,480,0,0,0,0.7241,0.8389,,,0.3,0.0769,0.2842,0.2842,0.2842
6.387,135.9,-2.0443,0.6066,1.7472,-1.569,2.94,480,0,0,0,0.7222,0.8343,,,0.2842,0.0769,0.3,0.3,0.3
6.481,136.0,-2.0501,0.6356,1.7544,-1.569,2.94,480,0,0,0,0.7195,0.8279,,,0.3,-0.0256,0.3,0.3,0.3
6.602,136.1,-2.0554,0.665,1.7526,-1.569,2.94,480,0,0,0,0.7187,0.8249,,,0.3,-0.0256,0.3,0.3,0.3
6.704,136.2,-2.0606,0.6945,1.7502,-1.569,2.94,480,0,0,0,0.7186,0.8208,,,0.3,-0.0769,0.3,0.3,0.3
6.823,136.3,-2.0655,0.7241,1.7445,-1.569,2.94,480,0,0,0,0.7193,0.819,,,0.3,-0.0769,0.3,0.3,0.3
6.921,136.4,-2.07,0.7536,1.7371,-1.569,2.94,480,0,0,0,0.7219,0.819,,,0.3,-0.0256,0.3,0.3,0.3
7.021,136.5,-2.0746,0.7832,1.734,-1.569,2.94,480,0,0,0,0.7255,0.8191,,,0.3,-0.0256,0.3,0.3,0.3
7.116,136.6,-2.0793,0.8128,1.7316,-1.569,2.94,480,0,0,0,0.729,0.8193,,,0.2842,-0.0769,0.2842,0.3,0.3
7.227,136.7,-2.0834,0.8411,1.7251,-1.569,2.94,480,0,0,0,0.7331,0.821,,,0.3,-0.0769,0.3,0.3,0.3
7.326,136.8,-2.0872,0.8706,1.7178,-1.569,2.94,480,0,0,0,0.7369,0.8237,,,0.2842,-0.0769,0.2842,0.3,0.3
7.429,136.9,-2.0908,0.8989,1.7106,-1.569,2.94,480,0,0,0,0.7405,0.8273,,,0.3,-0.0256,0.3,0.2842,0.2842
7.528,137.0,-2.0946,0.9285,1.7075,-1.569,2.94,480,0,0,0,0.7443,0.8315,,,0.2842,-0.0256,0.2842,0.3,0.3
7.627,137.1,-2.0983,0.9568,1.705,-1.569,2.94,480,0,0,0,0.748,0.8354,,,0.3,-0.0769,0.3,0.2842,0.2842
7.725,137.2,-2.1017,0.9861,1.699,-1.569,2.94,480,0,0,0,0.7515,0.8394,,,0.3,-0.1282,0.3,0.3,0.3
7.823,137.3,-2.1044,1.0159,1.687,-1.569,2.94,480,0,0,0,0.7544,0.8433,,,0.2842,-0.0769,0.2842,0.3,0.3
7.924,137.4,-2.107,1.0443,1.6788,-1.569,2.94,480,0,0,0,0.7571,0.8467,,,0.3,-0.0769,0.3,0.2842,0.2842
8.023,137.5,-2.1094,1.074,1.6713,-1.569,2.94,480,0,0,0,0.7595,0.8499,,,0.2842,-0.0769,0.2842,0.3,0.3
8.13,137.6,-2.1116,1.1025,1.6639,-1.569,2.94,480,0,0,0,0.7616,0.8528,,,0.3,-0.0769,0.3,0.2842,0.2842
8.248,137.7,-2.1136,1.1322,1.6563,-1.569,2.94,480,0,0,0,0.7635,0.8556,,,0.2842,-0.0769,0.2842,0.2842,0.2842
8.34,137.8,-2.1154,1.1607,1.6491,-1.569,2.94,480,0,0,0,0.7652,0.858,,,0.3,-0.0256,0.3,0.3,0.3
8.448,137.9,-2.1175,1.1906,1.6465,-1.569,2.94,480,0,0,0,0.7673,0.8604,,,0.2842,-0.0256,0.2842,0.2842,0.2842
8.561,138.0,-2.1193,1.2194,1.643,-1.569,2.94,480,0,0,0,0.7691,0.8626,,,0.3,-0.0769,0.3,0.3,0.3
8.678,138.1,-2.1207,1.2485,1.6354,-1.569,2.94,480,0,0,0,0.7704,0.8647,,,0.3,-0.0256,0.2842,0.2842,0.2842
8.778,138.2,-2.122,1.2777,1.6299,-1.569,2.94,480,0,0,0,0.7717,0.8665,,,0.2842,-0.0256,0.3,0.3,0.3
8.882,138.3,-2.1235,1.3068,1.6273,-1.569,2.94,480,0,0,0,0.7733,0.8682,,,0.3,-0.0256,0.2842,0.2842,0.2842
8.979,138.4,-2.1249,1.3359,1.6248,-1.569,2.94,480,0,0,0,0.776,0.8699,,,0.2842,-0.0256,0.3,0.3,0.3
9.083,138.5,-2.1262,1.3651,1.6223,-1.569,2.94,480,0,0,0,0.7788,0.8714,,,0.3,-0.0769,0.2842,0.2842,0.2842
9.19,138.6,-2.1273,1.3941,1.6181,-1.569,2.94,480,0,0,0,0.7835,0.8729,,,0.3,-0.0256,0.3,0.3,0.3
9.281,138.7,-2.1281,1.424,1.6121,-1.569,2.94,480,0,0,0,0.7896,0.8753,,,0.2842,-0.0256,0.3,0.3,0.3
9.406,138.8,-2.129,1.4534,1.6095,-1.569,2.94,480,0,0,0,0.795,0.8779,,,0.3,-0.0769,0.2842,0.2842,0.2842
9.483,138.9,-2.1297,1.4823,1.6054,-1.569,2.94,480,0,0,0,0.8012,0.8811,,,0.2842,0.0,0.3,0.3,0.3
9.594,139.0,-2.1303,1.5115,1.6011,-1.569,2.94,480,0,0,0,0.8087,0.8857,,,0.3,-0.0256,0.2842,0.2842,0.2842
9.69,139.1,-2.131,1.5409,1.5996,-1.569,2.94,480,0,0,0,0.818,0.8746,,,0.2842,-0.0256,0.3,0.3,0.3
9.8,139.2,-2.1316,1.57,1.597,-1.569,2.94,480,0,0,0,0.8273,0.8528,,,0.3,0.0,0.3,0.3,0.3
9.894,139.3,-2.1324,1.6,1.597,-1.569,2.94,480,0,0,0,0.8298,0.8299,,,0.2842,0.0,0.3,0.3,0.3
10.007,139.4,-2.1332,1.6289,1.597,-1.569,2.94,480,0,0,0,0.8104,0.8066,,,0.3,-0.0256,0.3,0.2842,0.2842
10.106,139.5,-2.1337,1.6585,1.595,-1.569,2.94,480,0,0,0,0.7893,0.7817,,,0.3,-0.0769,0.3,0.3,0.3
10.211,139.6,-2.1339,1.6885,1.5887,-1.569,2.94,480,0,0,0,0.7729,0.7606,,,0.2842,-0.0256,0.2842,0.3,0.3
10.303,139.7,-2.134,1.7173,1.5849,-1.569,2.94,480,0,0,0,0.7538,0.7373,,,0.3,-0.0256,0.2842,0.2842,0.2842
10.405,139.8,-2.1341,1.7466,1.5824,-1.569,2.94,480,0,0,0,0.7388,0.7178,,,0.2842,0.0256,0.3,0.3,0.3
10.502,139.9,-2.1345,1.7757,1.5827,-1.569,2.94,480,0,0,0,0.7226,0.6975,,,0.3,-0.0256,0.2842,0.2842,0.2842
10.603,140.0,-2.1349,1.8049,1.5828,-1.569,2.94,480,0,0,0,0.7064,0.6776,,,0.2842,-0.0256,0.3,0.3,0.3
10.706,140.1,-2.135,1.834,1.5802,-1.569,2.94,480,0,0,0,0.6935,0.6588,,,0.3,0.0,0.3,0.2842,0.2842
10.804,140.2,-2.1351,1.8633,1.5791,-1.569,2.94,480,0,0,0,0.6789,0.6394,,,0.2842,0.0,0.3,0.3,0.3
10.902,140.3,-2.1353,1.8924,1.5791,-1.569,2.94,480,0,0,0,0.6672,0.6231,,,0.2842,-0.0256,0.2842,0.2842,0.2842
11.004,140.4,-2.1354,1.9208,1.5775,-1.569,2.94,480,0,0,0,0.6568,0.6073,,,0.3,0.0,0.2842,0.2842,0.2842
11.115,140.5,-2.1355,1.9502,1.5764,-1.569,2.94,480,0,0,0,0.6481,0.594,,,0.3,0.0769,0.3,0.3,0.3
11.213,140.6,-2.1361,1.9802,1.5814,-1.569,2.94,480,0,0,0,0.6372,0.5778,,,0.2842,0.0769,0.2842,0.2842,0.2842
11.313,140.7,-2.1372,2.0089,1.5894,-1.569,2.94,480,0,0,0,0.6295,0.5659,,,0.2842,0.0,0.2842,0.2842,0.2842
11.414,140.8,-2.138,2.0373,1.5924,-1.569,2.94,480,0,0,0,0.6223,0.5536,,,0.2684,0.0,0.2684,0.2684,0.2684
11.507,140.9,-2.1386,2.0643,1.5924,-1.569,2.94,480,0,0,0,0.6182,0.5446,,,0.3,0.0769,0.3,0.2684,0.2684
11.608,141.0,-2.1397,2.0932,1.597,-1.569,2.94,480,0,0,0,0.6129,0.5346,,,0.3,0.0769,0.3,0.3,0.3
11.714,141.1,-2.1413,2.1231,1.605,-1.569,2.94,480,0,0,0,0.6093,0.5265,,,0.2842,0.1282,0.2842,0.2842,0.2842
11.812,141.2,-2.1433,2.1518,1.6172,-1.569,2.94,480,0,0,0,0.6063,0.5193,,,0.2684,0.1282,0.2684,0.2684,0.2684
11.91,141.3,-2.1459,2.1788,1.6303,-1.569,2.94,480,0,0,0,0.6038,0.5145,,,0.2526,0.1282,0.2526,0.2526,0.2526
12.012,141.4,-2.1487,2.2042,1.6432,-1.569,2.94,480,0,0,0,0.6011,0.51,,,0.2684,0.0769,0.2684,0.2684,0.2684
12.11,141.5,-2.1514,2.2307,1.6516,-1.569,2.94,480,0,0,0,0.5983,0.5066,,,0.2526,0.0769,0.2526,0.2526,0.2526
12.211,141.6,-2.1542,2.2561,1.6592,-1.569,2.94,480,0,0,0,0.5955,0.5041,,,0.1737,0.0,0.1737,0.1737,0.1737
12.312,141.7,-2.156,2.2754,1.6603,-1.569,2.94,480,0,0,0,0.5937,0.5024,,,0.1895,-0.0256,0.1895,0.1737,0.1737
12.417,141.8,-2.1575,2.2941,1.6581,-1.569,2.94,480,0,0,0,0.5922,0.5007,,,0.1579,-0.0769,0.1579,0.1895,0.1895
12.526,141.9,-2.1585,2.3104,1.6519,-1.569,2.94,480,0,0,0,0.5912,0.4991,,,0.1579,-0.0256,0.1579,0.1579,0.1579
12.613,142.0,-2.1595,2.3257,1.6486,-1.569,2.94,480,0,0,0,0.5902,0.4979,,,0.1421,-0.0256,0.1421,0.1421,0.1421
12.725,142.1,-2.1603,2.3399,1.646,-1.569,2.94,480,0,0,0,0.5894,0.4967,,,0.1421,-0.0256,0.1421,0.1421,0.1421
12.814,142.2,-2.1611,2.354,1.6434,-1.569,2.94,480,0,0,0,0.5886,0.4957,,,0.1263,-0.0256,0.1263,0.1421,0.1421
12.926,142.3,-2.1619,2.3668,1.6409,-1.569,2.94,480,0,0,0,0.5879,0.4947,,,0.3,0.3846,0.2513,0.2513,0.2513
13.023,142.4,-2.1634,2.3865,1.643,-1.569,2.94,480,0,0,0,0.5863,0.4933,,,0.3,0.9487,0.3,0.3,0.3
13.125,142.5,-2.1682,2.4142,1.6718,-1.569,2.94,480,0,0,0,0.5816,0.4914,,,0.3,0.8462,0.3,0.3,0.3
13.223,142.6,-2.1772,2.4425,1.7406,-1.569,2.94,480,0,0,22,0.5724,0.4894,APPROACH,FootprintApproach,0.3,0.641,0.3,0.282,0.282
13.33,142.7,-2.1868,2.467,1.8037,-1.569,2.94,480,0,0,39,0.5629,0.4866,LIMIT,PolygonLimit,0.3,0.7949,0.3,0.1887,0.1887
13.427,142.8,-2.195,2.4862,1.8492,-1.569,2.94,480,0,0,47,0.5548,0.4836,LIMIT,PolygonLimit,0.3,0.5385,0.3,0.2363,0.1887
13.536,142.9,-2.2037,2.5072,1.881,-1.569,2.94,480,0,0,52,0.5461,0.4785,DO_NOTHING,,0.3,0.4359,0.3,0.3,0.3
13.629,143.0,-2.2133,2.5322,1.9016,-1.569,2.94,480,0,0,56,0.5364,0.4713,DO_NOTHING,,0.3,0.2821,0.3,0.3,0.3
13.727,143.1,-2.2238,2.5587,1.9194,-1.569,2.94,480,0,0,60,0.526,0.4629,DO_NOTHING,,0.3,0.4359,0.3,0.3,0.3
13.826,143.2,-2.2351,2.5851,1.9435,-1.569,2.94,480,0,0,62,0.5147,0.4545,DO_NOTHING,,0.3,0.5897,0.3,0.3,0.3
13.93,143.3,-2.2444,2.6045,1.9736,-1.569,2.94,480,0,0,65,0.5031,0.4475,DO_NOTHING,,0.2842,0.4872,0.2842,0.2842,0.2543
14.025,143.4,-2.2589,2.6326,2.0106,-1.569,2.94,480,0,0,68,0.4909,0.4389,DO_NOTHING,,0.3,0.5385,0.3,0.2842,0.2842
14.125,143.5,-2.2711,2.6554,2.0371,-1.569,2.94,480,0,0,69,0.4787,0.43,LIMIT,PolygonLimit,0.2842,0.4359,0.2842,0.2786,0.2786
14.225,143.6,-2.2842,2.6786,2.0615,-1.569,2.94,480,0,0,77,0.4666,0.42,DO_NOTHING,,0.3,0.4872,0.3,0.2842,0.2842
14.326,143.7,-2.2986,2.7027,2.0888,-1.569,2.94,480,0,0,88,0.4542,0.4091,DO_NOTHING,,0.2842,0.4359,0.2842,0.3,0.3
14.426,143.8,-2.3132,2.7262,2.1161,-1.569,2.94,480,0,0,96,0.4436,0.398,DO_NOTHING,,0.3,0.4359,0.3,0.2842,0.2842
14.526,143.9,-2.329,2.7502,2.1428,-1.569,2.94,480,0,0,105,0.4327,0.3856,DO_NOTHING,,0.2842,0.4359,0.2842,0.3,0.3
14.625,144.0,-2.3449,2.7733,2.1712,-1.569,2.94,480,0,0,113,0.4242,0.3734,DO_NOTHING,,0.3,0.5385,0.3,0.2842,0.2842
14.727,144.1,-2.3611,2.7955,2.2036,-1.569,2.94,480,0,1,123,0.4152,0.3618,LIMIT,PolygonLimit,0.2842,0.641,0.2842,0.2786,0.2786
14.828,144.2,-2.3751,2.8138,2.2382,-1.569,2.94,480,0,3,130,0.4093,0.3535,LIMIT,PolygonLimit,0.3,0.7949,0.3,0.2217,0.2217
14.924,144.3,-2.3873,2.8288,2.274,-1.569,2.94,480,0,4,136,0.4048,0.3478,LIMIT,PolygonLimit,0.3,0.7436,0.3,0.1887,0.1887
15.026,144.4,-2.3953,2.838,2.299,-1.569,2.94,480,0,6,139,0.4017,0.3444,SLOWDOWN,PolygonSlow,0.2842,0.6923,0.2842,0.09,0.09
15.129,144.5,-2.401,2.8442,2.3146,-1.569,2.94,480,0,9,141,0.3998,0.342,SLOWDOWN,PolygonSlow,0.3,0.641,0.3,0.09,0.0853
15.226,144.6,-2.4071,2.8506,2.3294,-1.569,2.94,480,0,14,145,0.3979,0.3394,SLOWDOWN,PolygonSlow,0.3,0.5897,0.3,0.09,0.09
15.326,144.7,-2.4134,2.857,2.3432,-1.569,2.94,480,0,16,148,0.3957,0.3361,SLOWDOWN,PolygonSlow,0.3,0.5897,0.3,0.09,0.09
15.425,144.8,-2.4197,2.8634,2.357,-1.569,2.94,480,0,18,150,0.3937,0.333,SLOWDOWN,PolygonSlow,0.3,0.5897,0.3,0.09,0.09
15.528,144.9,-2.4261,2.8697,2.3708,-1.569,2.94,480,0,22,154,0.3923,0.3305,SLOWDOWN,PolygonSlow,0.2842,0.5385,0.2842,0.0853,0.09
15.627,145.0,-2.4322,2.8757,2.3834,-1.569,2.89,480,0,25,157,0.3905,0.3276,SLOWDOWN,PolygonSlow,0.2842,0.5385,0.2842,0.0853,0.0853
15.733,145.1,-2.4384,2.8815,2.3958,-1.569,2.89,480,0,28,159,0.3893,0.3254,SLOWDOWN,PolygonSlow,0.3,0.6923,0.3,0.09,0.09
15.845,145.2,-2.4448,2.8876,2.4114,-1.569,2.89,480,0,30,164,0.3866,0.3224,SLOWDOWN,PolygonSlow,0.3,0.6923,0.3,0.09,0.09
15.929,145.3,-2.4514,2.8935,2.4267,-1.569,2.89,480,0,32,166,0.3861,0.321,SLOWDOWN,PolygonSlow,0.3,0.641,0.3,0.09,0.09
16.039,145.4,-2.4581,2.8993,2.4407,-1.569,2.89,480,0,37,169,0.3843,0.318,SLOWDOWN,PolygonSlow,0.2842,0.641,0.2842,0.0853,0.0853
16.126,145.5,-2.4646,2.9048,2.4545,-1.569,2.89,480,0,38,171,0.3828,0.3155,SLOWDOWN,PolygonSlow,0.3,0.5897,0.3,0.09,0.09
16.242,145.6,-2.4716,2.9105,2.467,-1.569,2.89,480,0,41,176,0.3814,0.3131,SLOWDOWN,PolygonSlow,0.3,0.5897,0.3,0.09,0.09
16.338,145.7,-2.4786,2.916,2.4794,-1.569,2.89,480,0,44,178,0.381,0.3107,SLOWDOWN,PolygonSlow,0.2842,0.5897,0.2842,0.0853,0.0853
16.446,145.8,-2.4853,2.9212,2.4915,-1.569,2.89,480,0,47,181,0.3801,0.3088,SLOWDOWN,PolygonSlow,0.2842,0.5385,0.2842,0.0853,0.0853
16.544,145.9,-2.492,2.9264,2.5025,-1.569,2.89,480,0,49,185,0.3784,0.3062,SLOWDOWN,PolygonSlow,0.3,0.5385,0.3,0.09,0.09
16.647,146.0,-2.4991,2.9317,2.5135,-1.569,2.89,480,0,51,189,0.3775,0.3042,SLOWDOWN,PolygonSlow,0.2842,0.4872,0.2842,0.0853,0.0853
16.744,146.1,-2.506,2.9366,2.5238,-1.569,2.89,480,0,54,191,0.3772,0.3021,SLOWDOWN,PolygonSlow,0.2842,0.4872,0.2842,0.0853,0.0853
16.847,146.2,-2.5129,2.9414,2.5345,-1.569,2.89,480,0,58,196,0.376,0.2999,SLOWDOWN,PolygonSlow,0.3,0.641,0.3,0.09,0.09
16.949,146.3,-2.5202,2.9463,2.5481,-1.569,2.89,480,0,59,200,0.3753,0.2973,SLOWDOWN,PolygonSlow,0.2842,0.641,0.2842,0.0853,0.0853
17.043,146.4,-2.5273,2.9508,2.5623,-1.569,2.89,480,0,62,202,0.3754,0.2966,SLOWDOWN,PolygonSlow,0.3,0.5897,0.3,0.09,0.09
17.144,146.5,-2.5349,2.9554,2.5756,-1.569,2.89,480,0,65,206,0.3734,0.2936,SLOWDOWN,PolygonSlow,0.3,0.5385,0.3,0.09,0.09
17.244,146.6,-2.5425,2.9599,2.5879,-1.569,2.89,480,0,67,209,0.3734,0.2918,SLOWDOWN,PolygonSlow,0.3,0.5385,0.3,0.09,0.09
17.344,146.7,-2.5502,2.9642,2.6001,-1.569,2.89,480,0,70,213,0.3725,0.2901,SLOWDOWN,PolygonSlow,0.3,0.4872,0.3,0.09,0.09
17.446,146.8,-2.5579,2.9685,2.6114,-1.569,2.89,480,0,74,217,0.3722,0.288,SLOWDOWN,PolygonSlow,0.2842,0.4872,0.2842,0.0853,0.0853
17.543,146.9,-2.5653,2.9724,2.6228,-1.569,2.89,480,0,76,220,0.3731,0.2881,SLOWDOWN,PolygonSlow,0.2842,0.4872,0.2842,0.0853,0.0853
17.644,147.0,-2.5727,2.9762,2.6343,-1.569,2.89,480,0,78,225,0.3719,0.2853,SLOWDOWN,PolygonSlow,0.3,0.5385,0.3,0.09,0.09
17.748,147.1,-2.5806,2.9801,2.6471,-1.569,2.84,480,0,81,230,0.3718,0.2841,SLOWDOWN,PolygonSlow,0.3,0.5385,0.3,0.09,0.09
17.847,147.2,-2.5886,2.9838,2.6598,-1.569,2.84,480,0,84,233,0.372,0.2829,SLOWDOWN,PolygonSlow,0.3,0.4872,0.3,0.09,0.09
17.954,147.3,-2.5966,2.9875,2.6719,-1.569,2.84,480,0,87,237,0.3711,0.2811,SLOWDOWN,PolygonSlow,0.3,0.5385,0.3,0.09,0.09
18.049,147.4,-2.6046,2.9909,2.6848,-1.569,2.84,480,0,89,241,0.371,0.2795,SLOWDOWN,PolygonSlow,0.3,0.4872,0.3,0.09,0.09
18.143,147.5,-2.6127,2.9943,2.6967,-1.569,2.84,480,0,92,247,0.3722,0.2795,SLOWDOWN,PolygonSlow,0.2842,0.4872,0.2842,0.0853,0.0853
18.247,147.6,-2.6204,2.9974,2.7086,-1.569,2.84,480,0,95,250,0.3708,0.277,SLOWDOWN,PolygonSlow,0.3,0.4359,0.3,0.09,0.09
18.351,147.7,-2.6286,3.0006,2.7194,-1.569,2.84,480,0,97,257,0.3715,0.2762,SLOWDOWN,PolygonSlow,0.3,0.4359,0.3,0.09,0.09
18.453,147.8,-2.6369,3.0037,2.7303,-1.569,2.84,480,0,101,260,0.3722,0.2755,SLOWDOWN,PolygonSlow,0.3,0.4359,0.3,0.09,0.09
18.544,147.9,-2.6451,3.0067,2.7411,-1.569,2.84,480,0,103,264,0.372,0.2738,SLOWDOWN,PolygonSlow,0.2842,0.3846,0.2842,0.0853,0.0853
18.644,148.0,-2.6529,3.0095,2.7508,-1.569,2.84,480,0,106,270,0.3725,0.2729,SLOWDOWN,PolygonSlow,0.2684,0.3846,0.2684,0.0805,0.0805
18.743,148.1,-2.6604,3.012,2.7607,-1.569,2.84,480,0,110,274,0.3732,0.2723,SLOWDOWN,PolygonSlow,0.3,0.4872,0.3,0.09,0.09
18.846,148.2,-2.6688,3.0146,2.7731,-1.569,2.84,480,0,112,279,0.3744,0.2729,SLOWDOWN,PolygonSlow,0.3,0.4872,0.3,0.09,0.09
18.944,148.3,-2.6772,3.0171,2.7853,-1.569,2.84,480,0,115,283,0.3742,0.2713,SLOWDOWN,PolygonSlow,0.3,0.3333,0.3,0.09,0.09
19.053,148.4,-2.6857,3.0197,2.794,-1.569,2.84,480,0,120,286,0.3756,0.2713,SLOWDOWN,PolygonSlow,0.3,0.3846,0.3,0.09,0.09
19.171,148.5,-2.6941,3.0221,2.804,-1.569,2.84,480,0,122,290,0.3766,0.2706,SLOWDOWN,PolygonSlow,0.3,0.3333,0.3,0.09,0.09
19.248,148.6,-2.7026,3.0244,2.8139,-1.569,2.84,480,0,125,294,0.3754,0.2707,SLOWDOWN,PolygonSlow,0.3,0.3333,0.3,0.09,0.09
19.359,148.7,-2.7111,3.0267,2.8228,-1.569,2.84,480,0,128,297,0.3731,0.2703,SLOWDOWN,PolygonSlow,0.2842,0.3846,0.2842,0.0853,0.0853
19.45,148.8,-2.7193,3.0287,2.833,-1.569,2.84,480,0,131,299,0.3711,0.2706,SLOWDOWN,PolygonSlow,0.2842,0.3846,0.2842,0.0853,0.0853
19.56,148.9,-2.7275,3.0306,2.844,-1.569,2.84,480,0,135,299,0.3692,0.2708,SLOWDOWN,PolygonSlow,0.3,0.3333,0.3,0.09,0.09
19.661,149.0,-2.7361,3.0324,2.8559,-1.569,2.84,480,0,140,299,0.3674,0.2718,SLOWDOWN,PolygonSlow,0.3,0.3333,0.3,0.09,0.09
19.765,149.1,-2.7448,3.0343,2.8649,-1.569,2.84,480,0,142,299,0.3656,0.2714,SLOWDOWN,PolygonSlow,0.2842,0.4359,0.3,0.09,0.09
19.864,149.2,-2.7533,3.036,2.8747,-1.569,2.84,480,0,146,301,0.3638,0.2722,SLOWDOWN,PolygonSlow,0.3,0.3333,0.2842,0.0853,0.0853
19.969,149.3,-2.7617,3.0375,2.8858,-1.569,2.84,480,0,149,301,0.3623,0.2729,SLOWDOWN,PolygonSlow,0.3,0.2821,0.3,0.09,0.09
20.064,149.4,-2.7704,3.0391,2.8945,-1.569,2.84,480,0,155,301,0.3607,0.2735,SLOWDOWN,PolygonSlow,0.3,0.2821,0.3,0.09,0.09
20.168,149.5,-2.7791,3.0407,2.9023,-1.569,2.84,480,0,159,302,0.3591,0.2744,SLOWDOWN,PolygonSlow,0.3,0.2308,0.3,0.09,0.09
20.264,149.6,-2.7879,3.0423,2.9097,-1.569,2.84,480,0,161,302,0.3576,0.2757,SLOWDOWN,PolygonSlow,0.3,0.2821,0.3,0.09,0.09
20.365,149.7,-2.7967,3.0438,2.9166,-1.569,2.84,480,0,165,303,0.3561,0.277,SLOWDOWN,PolygonSlow,0.2842,0.2308,0.3,0.09,0.09
20.462,149.8,-2.8053,3.0452,2.924,-1.569,2.84,480,0,168,304,0.3547,0.2784,SLOWDOWN,PolygonSlow,0.2842,0.2308,0.2842,0.0853,0.0853
20.568,149.9,-2.8136,3.0465,2.9305,-1.569,2.84,480,0,172,304,0.3533,0.2799,SLOWDOWN,PolygonSlow,0.3,0.1282,0.2842,0.0853,0.0853
20.662,150.0,-2.8221,3.0479,2.9361,-1.569,2.84,480,0,175,305,0.352,0.2816,SLOWDOWN,PolygonSlow,0.3,0.1282,0.3,0.09,0.09
20.766,150.1,-2.8309,3.0494,2.9398,-1.519,2.89,480,0,180,308,0.3504,0.2834,SLOWDOWN,PolygonSlow,0.3,0.2821,0.3,0.09,0.09
20.865,150.2,-2.8397,3.0509,2.9446,-1.519,2.89,480,0,182,310,0.349,0.2852,SLOWDOWN,PolygonSlow,0.2842,0.1282,0.3,0.09,0.09
20.964,150.3,-2.8484,3.052,2.9514,-1.519,2.89,480,0,186,312,0.3478,0.2868,SLOWDOWN,PolygonSlow,0.2684,0.1282,0.2684,0.0853,0.0853
21.069,150.4,-2.8564,3.0533,2.9551,-1.519,2.89,480,0,189,313,0.3466,0.2883,SLOWDOWN,PolygonSlow,0.3,0.2308,0.2684,0.0805,0.0805
21.173,150.5,-2.8646,3.0545,2.9595,-1.519,2.89,480,0,190,314,0.3454,0.2898,SLOWDOWN,PolygonSlow,0.3,0.2308,0.3,0.09,0.09
21.266,150.6,-2.8734,3.0556,2.9661,-1.519,2.89,480,0,195,317,0.3444,0.2914,SLOWDOWN,PolygonSlow,0.3,0.1795,0.3,0.09,0.09
21.364,150.7,-2.8823,3.0566,2.9723,-1.519,2.89,480,0,199,317,0.3433,0.2929,SLOWDOWN,PolygonSlow,0.3,0.1795,0.3,0.09,0.09
21.465,150.8,-2.8912,3.0577,2.9775,-1.519,2.89,480,0,202,320,0.3422,0.2943,SLOWDOWN,PolygonSlow,0.3,0.1282,0.3,0.09,0.09
21.565,150.9,-2.9001,3.0588,2.9822,-1.519,2.89,480,0,205,321,0.3411,0.2957,SLOWDOWN,PolygonSlow,0.3,0.1795,0.3,0.09,0.09
21.667,151.0,-2.9089,3.0598,2.9864,-1.519,2.89,480,0,208,322,0.34,0.2971,SLOWDOWN,PolygonSlow,0.2842,0.1282,0.3,0.09,0.09
21.765,151.1,-2.9177,3.0608,2.9912,-1.519,2.89,480,0,212,323,0.339,0.2984,SLOWDOWN,PolygonSlow,0.2842,0.1282,0.2842,0.0853,0.0853
21.866,151.2,-2.9261,3.0618,2.9949,-1.519,2.89,480,0,211,324,0.3381,0.2997,SLOWDOWN,PolygonSlow,0.2684,0.1282,0.2842,0.0853,0.0853
21.969,151.3,-2.9344,3.0627,2.9986,-1.519,2.89,480,0,210,325,0.3372,0.3009,SLOWDOWN,PolygonSlow,0.2684,0.1282,0.2684,0.0805,0.0805
22.07,151.4,-2.9424,3.0635,3.0024,-1.519,2.89,480,0,209,327,0.3363,0.302,SLOWDOWN,PolygonSlow,0.2526,0.1282,0.2684,0.0805,0.0805
22.171,151.5,-2.9502,3.0643,3.0062,-1.519,2.89,480,0,208,328,0.3356,0.303,SLOWDOWN,PolygonSlow,0.2526,0.1282,0.2526,0.0758,0.0758
22.271,151.6,-2.9578,3.065,3.0099,-1.519,2.89,480,0,205,327,0.3349,0.304,SLOWDOWN,PolygonSlow,0.2526,0.1282,0.2526,0.0758,0.0758
22.372,151.7,-2.9653,3.0656,3.0137,-1.519,2.89,480,0,203,326,0.3342,0.305,SLOWDOWN,PolygonSlow,0.2526,0.1282,0.2526,0.0758,0.0758
22.48,151.8,-2.9728,3.0663,3.0175,-1.519,2.89,480,0,199,325,0.3336,0.3059,SLOWDOWN,PolygonSlow,0.2368,0.1282,0.2368,0.0711,0.0711
22.572,151.9,-2.9799,3.0669,3.0213,-1.519,2.89,480,0,197,324,0.333,0.3068,SLOWDOWN,PolygonSlow,0.2368,0.0769,0.2368,0.0711,0.0711
22.692,152.0,-2.987,3.0674,3.0245,-1.519,2.89,480,0,194,323,0.3324,0.3076,SLOWDOWN,PolygonSlow,0.2368,0.0769,0.2368,0.0711,0.0711
22.771,152.1,-2.994,3.0681,3.0268,-1.519,2.89,480,0,190,322,0.3317,0.3084,SLOWDOWN,PolygonSlow,0.2211,0.1282,0.2368,0.0711,0.0711
22.884,152.2,-3.0009,3.0686,3.0296,-1.569,2.89,480,0,187,321,0.3312,0.3092,SLOWDOWN,PolygonSlow,0.3,0.0256,0.2211,0.0663,0.0663
22.981,152.3,-3.0084,3.0692,3.0322,-1.569,2.89,480,0,184,319,0.3305,0.31,SLOWDOWN,PolygonSlow,0.2842,0.0769,0.3,0.09,0.09
23.097,152.4,-3.0172,3.0701,3.0336,-1.569,2.89,480,0,180,318,0.3297,0.311,SLOWDOWN,PolygonSlow,0.2842,0.0256,0.2842,0.0853,0.0853
23.191,152.5,-3.0256,3.0709,3.035,-1.569,2.89,480,0,177,316,0.3289,0.3119,SLOWDOWN,PolygonSlow,0.2842,0.0,0.2842,0.0853,0.0853
23.305,152.6,-3.0341,3.0718,3.0353,-1.569,2.89,480,0,175,315,0.328,0.3128,SLOWDOWN,PolygonSlow,0.2684,0.0769,0.2842,0.0853,0.0853
23.409,152.7,-3.0423,3.0725,3.0368,-1.569,2.89,480,0,172,313,0.3273,0.3136,SLOWDOWN,PolygonSlow,0.2526,0.1795,0.2526,0.0805,0.0805
23.518,152.8,-3.05,3.073,3.0409,-1.569,2.89,480,0,167,311,0.3268,0.3145,SLOWDOWN,PolygonSlow,0.2368,0.1282,0.2368,0.0711,0.0711
23.617,152.9,-3.0572,3.0734,3.0451,-1.569,2.89,480,0,164,310,0.3264,0.3152,SLOWDOWN,PolygonSlow,0.2526,0.0256,0.2526,0.0711,0.0711
23.73,153.0,-3.0646,3.074,3.0465,-1.569,2.89,480,0,163,308,0.3258,0.3159,SLOWDOWN,PolygonSlow,0.2526,0.0,0.2526,0.0758,0.0758
23.821,153.1,-3.0722,3.0747,3.0466,-1.569,2.89,480,0,163,306,0.3251,0.3166,SLOWDOWN,PolygonSlow,0.2526,0.0,0.2526,0.0758,0.0758
23.921,153.2,-3.0797,3.0754,3.0466,-1.569,2.89,480,0,164,305,0.3244,0.3173,SLOWDOWN,PolygonSlow,0.2368,0.0256,0.2368,0.0758,0.0758
24.022,153.3,-3.0869,3.076,3.0472,-1.569,2.89,480,0,164,303,0.3237,0.318,SLOWDOWN,PolygonSlow,0.2368,0.0256,0.2368,0.0711,0.0711
24.121,153.4,-3.094,3.0766,3.0477,-1.569,2.89,480,0,164,301,0.3231,0.3186,SLOWDOWN,PolygonSlow,0.2368,0.0,0.2368,0.0711,0.0711
24.223,153.5,-3.101,3.0773,3.0477,-1.569,2.89,480,0,164,301,0.3224,0.3193,SLOWDOWN,PolygonSlow,0.2368,0.0,0.2368,0.0711,0.0711
24.326,153.6,-3.1067,3.0778,3.0477,-1.569,2.89,480,0,164,299,0.3218,0.32,SLOWDOWN,PolygonSlow,0.2211,0.0256,0.2211,0.0711,0.0711
24.428,153.7,-3.1148,3.0785,3.0483,-1.569,2.89,480,0,164,298,0.3212,0.3206,SLOWDOWN,PolygonSlow,0.2211,0.0,0.2211,0.0663,0.0663
24.524,153.8,-3.1214,3.0792,3.0485,-1.569,2.89,480,0,164,296,0.3206,0.3212,SLOWDOWN,PolygonSlow,0.2211,-0.0256,0.2211,0.0663,0.0663
24.638,153.9,-3.128,3.0798,3.0478,-1.569,2.89,480,0,164,294,0.3199,0.3218,SLOWDOWN,PolygonSlow,0.2053,0.0256,0.2053,0.0616,0.0616
24.732,154.0,-3.1342,3.0804,3.0484,-1.569,2.89,480,0,164,292,0.3194,0.3224,SLOWDOWN,PolygonSlow,0.2053,0.0,0.2053,0.0616,0.0616
24.836,154.1,-3.1403,3.0809,3.0484,-1.569,2.89,480,0,164,291,0.3188,0.323,SLOWDOWN,PolygonSlow,0.2053,0.0,0.2053,0.0616,0.0616
24.952,154.2,-3.1465,3.0815,3.0483,-1.569,2.89,480,0,164,289,0.3182,0.3236,SLOWDOWN,PolygonSlow,0.2053,-0.0256,0.2053,0.0616,0.0616
25.051,154.3,-3.1525,3.0821,3.0477,-1.569,2.89,480,0,164,287,0.3176,0.3241,SLOWDOWN,PolygonSlow,0.1895,0.0256,0.1895,0.0568,0.0568
25.149,154.4,-3.1582,3.0826,3.0484,-1.569,2.89,480,0,164,285,0.3171,0.3247,SLOWDOWN,PolygonSlow,0.1895,0.0,0.1895,0.0568,0.0568
25.248,154.5,-3.1639,3.0831,3.0483,-1.569,2.89,480,0,164,285,0.3166,0.3252,SLOWDOWN,PolygonSlow,0.1895,-0.0256,0.1895,0.0568,0.0568
25.354,154.6,-3.1695,3.0837,3.0475,-1.569,2.89,480,0,165,283,0.316,0.3257,SLOWDOWN,PolygonSlow,0.1895,-0.0256,0.1895,0.0568,0.0568
25.45,154.7,-3.1751,3.0843,3.0469,-1.569,2.89,480,0,165,282,0.3154,0.3263,SLOWDOWN,PolygonSlow,0.1737,0.0256,0.1737,0.0521,0.0521
25.552,154.8,-3.1803,3.0848,3.0477,-1.569,2.89,480,0,165,280,0.315,0.3268,SLOWDOWN,PolygonSlow,0.1737,0.0256,0.1737,0.0521,0.0521
25.648,154.9,-3.1855,3.0852,3.0484,-1.569,2.89,480,0,165,278,0.3146,0.3272,SLOWDOWN,PolygonSlow,0.1737,0.0,0.1737,0.0521,0.0521
25.748,155.0,-3.1907,3.0857,3.0483,-1.569,2.89,480,0,165,277,0.3141,0.3277,SLOWDOWN,PolygonSlow,0.1737,-0.0256,0.1737,0.0521,0.0521
25.866,155.1,-3.1959,3.0862,3.048,-1.569,2.89,480,0,165,275,0.3136,0.3282,SLOWDOWN,PolygonSlow,0.1579,0.0256,0.1737,0.0521,0.0521
25.949,155.2,-3.201,3.0867,3.0481,-1.569,2.89,480,0,165,274,0.3131,0.3287,SLOWDOWN,PolygonSlow,0.1579,0.0256,0.1579,0.0474,0.0474
26.058,155.3,-3.2057,3.087,3.0488,-1.569,2.89,480,0,165,272,0.3127,0.3291,SLOWDOWN,PolygonSlow,0.1579,0.0,0.1579,0.0474,0.0474
26.149,155.4,-3.2105,3.0875,3.0486,-1.569,2.89,480,0,165,270,0.3123,0.3296,SLOWDOWN,PolygonSlow,0.1579,-0.0256,0.1579,0.0474,0.0474
26.261,155.5,-3.2152,3.088,3.0478,-1.569,2.89,480,0,165,269,0.3118,0.33,SLOWDOWN,PolygonSlow,0.1421,0.0769,0.1579,0.0474,0.0474
26.357,155.6,-3.2198,3.0884,3.0479,-1.569,2.89,480,0,165,268,0.3113,0.3305,SLOWDOWN,PolygonSlow,0.1421,0.0769,0.1421,0.0426,0.0426
26.461,155.7,-3.2244,3.0886,3.0509,-1.569,2.89,480,0,165,267,0.3111,0.3309,SLOWDOWN,PolygonSlow,0.1737,0.1795,0.1737,0.0521,0.0521
26.561,155.8,-3.2296,3.0886,3.0563,-1.569,2.89,480,0,165,266,0.3111,0.3313,SLOWDOWN,PolygonSlow,0.1737,0.1795,0.1737,0.0521,0.0521
26.665,155.9,-3.2348,3.0886,3.0618,-1.569,2.89,480,0,165,264,0.3112,0.3317,SLOWDOWN,PolygonSlow,0.1737,0.1282,0.1737,0.0521,0.0521
26.762,156.0,-3.24,3.0886,3.0669,-1.569,2.89,480,0,164,262,0.3112,0.3321,SLOWDOWN,PolygonSlow,0.1737,0.1282,0.1737,0.0521,0.0521
26.867,156.1,-3.2452,3.0886,3.0708,-1.569,2.89,480,0,164,261,0.3112,0.3325,SLOWDOWN,PolygonSlow,0.1579,0.1795,0.1737,0.0521,0.0521
26.963,156.2,-3.2503,3.0886,3.075,-1.569,2.89,480,0,164,260,0.3112,0.3328,SLOWDOWN,PolygonSlow,0.1579,0.1795,0.1579,0.0474,0.0474
27.066,156.3,-3.255,3.0884,3.0806,-1.569,2.89,480,0,164,259,0.3114,0.3331,SLOWDOWN,PolygonSlow,0.1579,0.1282,0.1579,0.0474,0.0474
27.165,156.4,-3.2598,3.0882,3.0858,-1.569,2.89,480,0,163,258,0.3116,0.3334,SLOWDOWN,PolygonSlow,0.1579,0.1282,0.1579,0.0474,0.0474
27.268,156.5,-3.2645,3.0882,3.0897,-1.569,2.89,480,0,163,256,0.3117,0.3336,SLOWDOWN,PolygonSlow,0.1579,0.1282,0.1579,0.0474,0.0474
27.364,156.6,-3.2692,3.088,3.0937,-1.569,2.89,480,0,163,255,0.3118,0.3338,SLOWDOWN,PolygonSlow,0.1421,0.1795,0.1579,0.0474,0.0474
27.475,156.7,-3.2739,3.0879,3.098,-1.569,2.89,480,0,163,253,0.3119,0.3341,SLOWDOWN,PolygonSlow,0.1421,0.1282,0.1421,0.0426,0.0426
27.568,156.8,-3.2781,3.0876,3.1031,-1.569,2.89,480,0,162,252,0.3121,0.3342,SLOWDOWN,PolygonSlow,0.1421,0.1282,0.1421,0.0426,0.0426
27.668,156.9,-3.2824,3.0874,3.1071,-1.569,2.89,480,0,162,252,0.3123,0.3344,SLOWDOWN,PolygonSlow,0.1421,0.0769,0.1421,0.0426,0.0426
27.771,157.0,-3.2867,3.0872,3.1106,-1.569,2.89,480,0,162,251,0.3125,0.3345,SLOWDOWN,PolygonSlow,0.1421,0.0769,0.1421,0.0426,0.0426
27.868,157.1,-3.2909,3.0872,3.113,-1.569,2.89,480,0,161,250,0.3126,0.3346,SLOWDOWN,PolygonSlow,0.1421,0.1282,0.1421,0.0426,0.0426
27.966,157.2,-3.2952,3.087,3.1159,-1.569,2.89,480,0,161,248,0.3127,0.3347,SLOWDOWN,PolygonSlow,0.1263,0.1282,0.1421,0.0426,0.0426
28.071,157.3,-3.2993,3.0868,3.1199,-1.569,2.89,480,0,161,247,0.313,0.3348,SLOWDOWN,PolygonSlow,0.1263,0.1282,0.1263,0.0379,0.0379
28.168,157.4,-3.3031,3.0865,3.124,-1.569,2.89,480,0,161,245,0.3133,0.3349,SLOWDOWN,PolygonSlow,0.1263,0.0769,0.1263,0.0379,0.0379
28.265,157.5,-3.3069,3.0862,3.1276,-1.569,2.89,480,0,160,244,0.3135,0.335,SLOWDOWN,PolygonSlow,0.1263,0.0769,0.1263,0.0379,0.0379
28.369,157.6,-3.3107,3.086,3.13,-1.569,2.89,480,0,160,243,0.3137,0.335,SLOWDOWN,PolygonSlow,0.1263,0.0769,0.1263,0.0379,0.0379
28.467,157.7,-3.3145,3.0859,3.1324,-1.569,2.89,480,0,160,243,0.3139,0.3351,SLOWDOWN,PolygonSlow,0.1263,0.0769,0.1263,0.0379,0.0379
28.573,157.8,-3.3182,3.0857,3.1349,-1.569,2.89,480,0,160,242,0.3141,0.3351,SLOWDOWN,PolygonSlow,0.1105,0.1282,0.1263,0.0379,0.0379
28.674,157.9,-3.3218,3.0854,3.138,-1.569,2.89,480,0,160,241,0.3144,0.3351,SLOWDOWN,PolygonSlow,0.1105,0.1282,0.1105,0.0332,0.0332
28.772,158.0,-3.3252,3.0851,-3.1411,-1.569,2.89,480,0,160,240,0.3148,0.3351,SLOWDOWN,PolygonSlow,0.1105,0.0769,0.1105,0.0332,0.0332
28.872,158.1,-3.3285,3.0848,-3.1377,-1.569,2.89,480,0,159,239,0.3151,0.3351,SLOWDOWN,PolygonSlow,0.1105,0.0256,0.1105,0.0332,0.0332
28.972,158.2,-3.3318,3.0846,-3.1359,-1.569,2.89,480,0,159,238,0.3153,0.3351,SLOWDOWN,PolygonSlow,0.1105,0.0256,0.1105,0.0332,0.0332
29.075,158.3,-3.3351,3.0845,-3.1351,-1.569,2.89,480,0,159,237,0.3154,0.3351,SLOWDOWN,PolygonSlow,0.1105,0.0769,0.1105,0.0332,0.0332
29.198,158.4,-3.3391,3.0843,-3.133,-1.569,2.89,480,0,159,236,0.3156,0.3351,SLOWDOWN,PolygonSlow,0.1105,0.0769,0.1105,0.0332,0.0332
29.277,158.5,-3.3417,3.0841,-3.131,-1.569,2.89,480,0,159,235,0.3158,0.335,SLOWDOWN,PolygonSlow,0.0947,0.1282,0.1105,0.0332,0.0332
29.396,158.6,-3.3454,3.0837,-3.127,-1.569,2.89,480,0,159,235,0.3161,0.3351,SLOWDOWN,PolygonSlow,0.0947,0.1282,0.0947,0.0284,0.0284
29.493,158.7,-3.3482,3.0833,-3.1229,-1.569,2.89,480,0,158,260,0.3165,0.335,SLOWDOWN,PolygonSlow,0.0947,0.0769,0.0947,0.0284,0.0284
29.599,158.8,-3.3505,3.083,-3.1205,-1.569,2.89,480,0,158,285,0.3168,0.3352,SLOWDOWN,PolygonSlow,0.0947,0.0256,0.0947,0.0284,0.0284
29.702,158.9,-3.3534,3.0829,-3.1195,-1.569,2.89,480,0,158,308,0.3169,0.3352,SLOWDOWN,PolygonSlow,0.0947,0.0,0.0947,0.0284,0.0284
29.803,159.0,-3.3562,3.0828,-3.1191,-1.569,2.89,480,0,158,329,0.317,0.3351,SLOWDOWN,PolygonSlow,0.0947,0.0256,0.0947,0.0284,0.0284
29.932,159.1,-3.3596,3.0826,-3.1184,-1.569,2.89,480,0,158,347,0.3171,0.3352,SLOWDOWN,PolygonSlow,0.0947,0.0256,0.0947,0.0284,0.0284
30.056,159.2,-3.3624,3.0825,-3.1174,-1.569,2.89,480,0,158,361,0.3173,0.3353,SLOWDOWN,PolygonSlow,0.0947,0.0769,0.0947,0.0284,0.0284
30.139,159.3,-3.3647,3.0822,-3.1152,-1.569,2.89,480,0,158,366,0.3175,0.3354,SLOWDOWN,PolygonSlow,0.0789,0.1795,0.0789,0.0237,0.0237
30.242,159.4,-3.367,3.0818,-3.1107,-1.569,2.89,480,0,158,365,0.318,0.3355,SLOWDOWN,PolygonSlow,0.0789,0.1282,0.0789,0.0237,0.0237
30.339,159.5,-3.3694,3.0814,-3.1077,-1.569,2.89,480,0,157,367,0.3183,0.3357,SLOWDOWN,PolygonSlow,0.0789,0.0769,0.0789,0.0237,0.0237
30.445,159.6,-3.3718,3.0811,-3.1053,-1.569,2.89,480,0,157,368,0.3186,0.3357,SLOWDOWN,PolygonSlow,0.0789,0.0769,0.0789,0.0237,0.0237
30.563,159.7,-3.3742,3.0809,-3.1033,-1.569,2.89,480,0,157,367,0.3189,0.336,SLOWDOWN,PolygonSlow,0.0947,-0.1795,0.0947,0.0284,0.0284
30.672,159.8,-3.377,3.0811,-3.108,-1.569,2.89,480,0,157,367,0.3186,0.3362,SLOWDOWN,PolygonSlow,0.0947,-0.1795,0.0947,0.0284,0.0284
30.779,159.9,-3.3799,3.0816,-3.1136,-1.569,2.89,480,0,158,365,0.3182,0.3364,SLOWDOWN,PolygonSlow,0.0316,-0.1282,0.0947,0.0284,0.0284
30.888,160.0,-3.3818,3.0819,-3.1182,-1.569,2.89,480,0,158,365,0.3179,0.3365,SLOWDOWN,PolygonSlow,0.0316,-0.1282,0.0316,0.0095,0.0095
30.992,160.1,-3.3827,3.0822,-3.1223,-1.569,2.89,480,0,158,364,0.3176,0.3366,SLOWDOWN,PolygonSlow,0.0316,-0.1282,0.0316,0.0095,0.0095
31.094,160.2,-3.3837,3.0826,-3.1263,-1.569,2.89,480,0,158,363,0.3172,0.3367,SLOWDOWN,PolygonSlow,0.0316,-0.1282,0.0316,0.0095,0.0095
31.194,160.3,-3.3846,3.0829,-3.1304,-1.569,2.89,480,0,159,363,0.3169,0.3369,SLOWDOWN,PolygonSlow,0.0316,-0.1282,0.0316,0.0095,0.0095
31.295,160.4,-3.3856,3.0833,-3.1345,-1.569,2.89,480,0,159,363,0.3166,0.337,SLOWDOWN,PolygonSlow,0.0316,-0.1282,0.0316,0.0095,0.0095
31.392,160.5,-3.3865,3.0836,-3.1386,-1.569,2.89,480,0,159,362,0.3162,0.3372,SLOWDOWN,PolygonSlow,0.0316,-0.1282,0.0316,0.0095,0.0095
31.51,160.6,-3.3875,3.084,3.1405,-1.569,2.89,480,0,160,361,0.3158,0.3377,SLOWDOWN,PolygonSlow,0.0316,-0.1282,0.0316,0.0095,0.0095
31.61,160.7,-3.3884,3.0844,3.1365,-1.569,2.89,480,0,160,361,0.3154,0.3375,SLOWDOWN,PolygonSlow,0.0316,-0.1282,0.0316,0.0095,0.0095
31.711,160.8,-3.3894,3.0848,3.1324,-1.569,2.89,480,0,160,361,0.315,0.3377,SLOWDOWN,PolygonSlow,0.0316,-0.1282,0.0316,0.0095,0.0095
31.803,160.9,-3.3903,3.0851,3.1283,-1.569,2.89,480,0,160,360,0.3146,0.3383,SLOWDOWN,PolygonSlow,0.0316,-0.1282,0.0316,0.0095,0.0095
31.907,161.0,-3.3913,3.0855,3.1243,-1.569,2.89,480,0,161,360,0.3142,0.3385,SLOWDOWN,PolygonSlow,0.0316,-0.1282,0.0316,0.0095,0.0095
32.023,161.1,-3.3922,3.0859,3.1202,-1.569,2.89,480,0,161,359,0.3138,0.3387,SLOWDOWN,PolygonSlow,0.0316,-0.1282,0.0316,0.0095,0.0095
32.122,161.2,-3.3932,3.0863,3.1162,-1.569,2.89,480,0,161,359,0.3135,0.339,SLOWDOWN,PolygonSlow,0.0316,-0.1282,0.0316,0.0095,0.0095
32.225,161.3,-3.3941,3.0867,3.1121,-1.569,2.89,480,0,161,358,0.3131,0.3397,SLOWDOWN,PolygonSlow,0.0316,-0.1282,0.0316,0.0095,0.0095
32.326,161.4,-3.3948,3.087,3.1089,-1.569,2.89,480,0,162,358,0.3128,0.3395,SLOWDOWN,PolygonSlow,0.0158,-0.0769,0.0158,0.0047,0.0047
32.436,161.5,-3.3953,3.0872,3.1065,-1.569,2.89,480,0,162,358,0.3125,0.3394,SLOWDOWN,PolygonSlow,0.0158,-0.0769,0.0158,0.0047,0.0047
32.543,161.6,-3.3958,3.0874,3.1041,-1.569,2.89,480,0,162,357,0.3123,0.3397,SLOWDOWN,PolygonSlow,0.0158,-0.0769,0.0158,0.0047,0.0047
32.663,161.7,-3.3964,3.0876,3.1018,-1.569,2.89,480,0,162,357,0.3121,0.3396,SLOWDOWN,PolygonSlow,0.0789,-0.1282,0.0789,0.0237,0.0237
32.753,161.8,-3.3988,3.0881,3.0978,-1.569,2.89,480,0,163,356,0.3117,0.3404,SLOWDOWN,PolygonSlow,0.0789,-0.1282,0.0789,0.0237,0.0237
32.871,161.9,-3.4016,3.0886,3.093,-1.569,2.89,480,0,163,355,0.3112,0.3417,SLOWDOWN,PolygonSlow,0.0158,-0.0769,0.0789,0.0237,0.0237
32.953,162.0,-3.4035,3.089,3.0898,-1.569,2.89,480,0,163,354,0.3108,0.3416,SLOWDOWN,PolygonSlow,0.0158,-0.0769,0.0158,0.0047,0.0047
33.067,162.1,-3.404,3.0892,3.0876,-1.569,2.89,480,0,163,355,0.3106,0.342,SLOWDOWN,PolygonSlow,0.0158,-0.0769,0.0158,0.0047,0.0047
33.178,162.2,-3.4045,3.0895,3.0852,-1.569,2.89,480,0,163,355,0.3104,0.3419,SLOWDOWN,PolygonSlow,0.0158,-0.0769,0.0158,0.0047,0.0047
33.284,162.3,-3.4049,3.0897,3.0828,-1.569,2.89,480,0,164,354,0.3102,0.3422,SLOWDOWN,PolygonSlow,0.0158,-0.0769,0.0158,0.0047,0.0047
33.382,162.4,-3.4054,3.0899,3.0804,-1.569,2.89,480,0,164,354,0.3099,0.3426,SLOWDOWN,PolygonSlow,0.0158,-0.0769,0.0158,0.0047,0.0047
33.487,162.5,-3.4059,3.0902,3.0781,-1.569,2.89,480,0,164,353,0.3097,0.3425,SLOWDOWN,PolygonSlow,0.0158,-0.0769,0.0158,0.0047,0.0047
33.602,162.6,-3.4063,3.0904,3.0757,-1.569,2.89,480,0,164,354,0.3094,0.3429,SLOWDOWN,PolygonSlow,0.0158,-0.0769,0.0158,0.0047,0.0047
33.705,162.7,-3.4068,3.0906,3.0734,-1.569,2.89,480,0,164,353,0.3092,0.3433,SLOWDOWN,PolygonSlow,0.0158,-0.0769,0.0158,0.0047,0.0047
33.799,162.8,-3.4073,3.0909,3.071,-1.569,2.89,480,0,164,353,0.3089,0.3437,SLOWDOWN,PolygonSlow,0.0158,-0.0769,0.0158,0.0047,0.0047
33.902,162.9,-3.4078,3.0911,3.0687,-1.569,2.89,480,0,165,352,0.3087,0.3436,SLOWDOWN,PolygonSlow,0.0158,-0.0769,0.0158,0.0047,0.0047
34.001,163.0,-3.4082,3.0913,3.0663,-1.569,2.89,480,0,165,352,0.3084,0.3434,SLOWDOWN,PolygonSlow,0.0158,-0.0769,0.0158,0.0047,0.0047
34.098,163.1,-3.4087,3.0916,3.064,-1.569,2.89,480,0,165,351,0.3082,0.3439,SLOWDOWN,PolygonSlow,0.0158,-0.0769,0.0158,0.0047,0.0047
34.198,163.2,-3.4092,3.0918,3.0616,-1.569,2.89,480,0,165,352,0.3079,0.3443,SLOWDOWN,PolygonSlow,0.0158,-0.0769,0.0158,0.0047,0.0047
34.309,163.3,-3.4096,3.0921,3.0593,-1.569,2.89,480,0,165,352,0.3077,0.3442,SLOWDOWN,PolygonSlow,0.0158,-0.0769,0.0158,0.0047,0.0047
34.411,163.4,-3.4101,3.0923,3.057,-1.569,2.89,480,0,165,352,0.3074,0.3446,SLOWDOWN,PolygonSlow,0.0158,-0.0769,0.0158,0.0047,0.0047
34.522,163.5,-3.4106,3.0925,3.0546,-1.569,2.89,480,0,165,351,0.3072,0.3445,SLOWDOWN,PolygonSlow,0.0158,-0.0769,0.0158,0.0047,0.0047
34.641,163.6,-3.4111,3.0928,3.0523,-1.569,2.89,480,0,166,351,0.307,0.3455,SLOWDOWN,PolygonSlow,0.0158,-0.0769,0.0158,0.0047,0.0047
34.731,163.7,-3.4115,3.093,3.05,-1.569,2.89,480,0,166,351,0.3067,0.3454,SLOWDOWN,PolygonSlow,0.0158,-0.0769,0.0158,0.0047,0.0047
34.84,163.8,-3.412,3.0933,3.0477,-1.569,2.89,480,0,166,351,0.3065,0.3452,SLOWDOWN,PolygonSlow,0.0158,-0.0769,0.0158,0.0047,0.0047
34.937,163.9,-3.4125,3.0935,3.0453,-1.569,2.89,480,0,166,350,0.3063,0.3457,SLOWDOWN,PolygonSlow,0.0158,-0.0769,0.0158,0.0047,0.0047
35.036,164.0,-3.413,3.0937,3.043,-1.569,2.89,480,0,166,350,0.306,0.346,SLOWDOWN,PolygonSlow,0.0158,-0.0769,0.0158,0.0047,0.0047
35.137,164.1,-3.4134,3.094,3.0407,-1.569,2.89,480,0,166,349,0.3058,0.346,SLOWDOWN,PolygonSlow,0.0158,-0.0769,0.0158,0.0047,0.0047
35.24,164.2,-3.4139,3.0942,3.0384,-1.569,2.89,480,0,167,349,0.3056,0.3465,SLOWDOWN,PolygonSlow,0.0158,-0.0769,0.0158,0.0047,0.0047
35.353,164.3,-3.4144,3.0945,3.0361,-1.569,2.89,480,0,167,349,0.3053,0.3463,SLOWDOWN,PolygonSlow,0.0158,-0.0769,0.0158,0.0047,0.0047
35.45,164.4,-3.4148,3.0947,3.0338,-1.569,2.89,480,0,167,349,0.3051,0.3474,SLOWDOWN,PolygonSlow,0.0158,-0.0769,0.0158,0.0047,0.0047
35.551,164.5,-3.4153,3.095,3.0315,-1.569,2.89,480,0,167,349,0.3049,0.3473,SLOWDOWN,PolygonSlow,0.0158,-0.0769,0.0158,0.0047,0.0047
35.65,164.6,-3.4158,3.0952,3.0292,-1.569,2.89,480,0,167,348,0.3047,0.3471,SLOWDOWN,PolygonSlow,0.0158,-0.0769,0.0158,0.0047,0.0047
35.79,164.7,-3.4162,3.0955,3.0269,-1.569,2.89,480,0,168,348,0.3044,0.3476,SLOWDOWN,PolygonSlow,0.0158,-0.0769,0.0158,0.0047,0.0047
35.883,164.8,-3.4167,3.0957,3.0246,-1.569,2.89,480,0,168,347,0.3042,0.3478,SLOWDOWN,PolygonSlow,0.0158,-0.0769,0.0158,0.0047,0.0047
35.984,164.9,-3.4172,3.0959,3.0223,-1.569,2.89,480,0,168,348,0.3039,0.3479,SLOWDOWN,PolygonSlow,0.0158,-0.0769,0.0158,0.0047,0.0047
36.108,165.0,-3.4178,3.0962,3.0196,-1.569,2.89,480,0,168,347,0.3036,0.3484,SLOWDOWN,PolygonSlow,0.0158,-0.0769,0.0158,0.0047,0.0047
36.189,165.1,-3.4181,3.0964,3.0178,-1.569,2.89,480,0,168,347,0.3034,0.3483,SLOWDOWN,PolygonSlow,0.0158,-0.0769,0.0158,0.0047,0.0047
36.324,165.2,-3.4187,3.0967,3.015,-1.569,2.89,480,0,168,346,0.3031,0.3494,SLOWDOWN,PolygonSlow,0.0158,-0.0769,0.0158,0.0047,0.0047
36.397,165.3,-3.4191,3.0969,3.0132,-1.569,2.89,480,0,168,346,0.3029,0.3493,SLOWDOWN,PolygonSlow,0.0158,-0.0769,0.0158,0.0047,0.0047
36.529,165.4,-3.4195,3.0972,3.011,-1.569,2.89,480,0,169,347,0.3026,0.3491,SLOWDOWN,PolygonSlow,0.0158,-0.0769,0.0158,0.0047,0.0047
36.665,165.5,-3.42,3.0974,3.0088,-1.569,2.89,480,0,169,347,0.3024,0.3497,SLOWDOWN,PolygonSlow,0.0474,0.3333,0.0474,0.0142,0.0142
36.777,165.6,-3.4214,3.0972,3.0152,-1.569,2.89,480,0,168,347,0.3027,0.3499,SLOWDOWN,PolygonSlow,0.0474,0.2821,0.0474,0.0142,0.0142
36.893,165.7,-3.4229,3.0966,3.0243,-1.569,2.89,480,0,168,347,0.3033,0.3509,SLOWDOWN,PolygonSlow,0.0474,0.2821,0.0474,0.0142,0.0142
37.027,165.8,-3.4243,3.096,3.0327,-1.569,2.89,480,0,167,348,0.3038,0.3505,SLOWDOWN,PolygonSlow,0.0474,0.2308,0.0474,0.0142,0.0142
37.136,165.9,-3.4257,3.0956,3.0399,-1.569,2.89,480,0,167,348,0.3042,0.3507,SLOWDOWN,PolygonSlow,0.0474,0.2308,0.0474,0.0142,0.0142
37.235,166.0,-3.4271,3.0951,3.0467,-1.569,2.89,480,0,166,348,0.3046,0.3508,SLOWDOWN,PolygonSlow,0.0474,0.1795,0.0474,0.0142,0.0142
37.334,166.1,-3.4285,3.0948,3.0521,-1.569,2.89,480,0,166,349,0.305,0.3515,SLOWDOWN,PolygonSlow,0.0474,0.1795,0.0474,0.0142,0.0142
37.434,166.2,-3.4299,3.0945,3.0576,-1.569,2.89,480,0,166,349,0.3053,0.3514,SLOWDOWN,PolygonSlow,0.0474,0.1795,0.0474,0.0142,0.0142
37.544,166.3,-3.4313,3.0941,3.063,-1.569,2.89,480,0,165,349,0.3056,0.3521,SLOWDOWN,PolygonSlow,0.0474,0.1795,0.0474,0.0142,0.0142
37.647,166.4,-3.4328,3.0937,3.0685,-1.569,2.89,480,0,165,349,0.306,0.3528,SLOWDOWN,PolygonSlow,0.0474,0.1795,0.0474,0.0142,0.0142
37.754,166.5,-3.4342,3.0934,3.074,-1.569,2.89,480,0,165,350,0.3064,0.3534,SLOWDOWN,PolygonSlow,0.0474,0.1795,0.0474,0.0142,0.0142
37.87,166.6,-3.4356,3.093,3.0795,-1.569,2.89,480,0,164,349,0.3068,0.3528,SLOWDOWN,PolygonSlow,0.0474,0.1795,0.0474,0.0142,0.0142
37.98,166.7,-3.437,3.0926,3.085,-1.569,2.89,480,0,164,349,0.3073,0.3533,SLOWDOWN,PolygonSlow,0.0474,0.1795,0.0474,0.0142,0.0142
38.083,166.8,-3.4384,3.0922,3.0906,-1.569,2.89,480,0,164,350,0.3077,0.3537,SLOWDOWN,PolygonSlow,0.0474,-0.0769,0.0474,0.0142,0.0142
38.179,166.9,-3.4399,3.092,3.0937,-1.569,2.89,480,0,163,350,0.3078,0.3537,SLOWDOWN,PolygonSlow,0.0474,-0.0769,0.0474,0.0142,0.0142
38.296,167.0,-3.4413,3.0922,3.0917,-1.569,2.89,480,0,163,349,0.3076,0.3542,SLOWDOWN,PolygonSlow,0.0474,0.1795,0.0474,0.0142,0.0142
38.394,167.1,-3.4427,3.0922,3.0921,-1.569,2.89,480,0,163,350,0.3076,0.3559,SLOWDOWN,PolygonSlow,0.0474,-0.1282,0.0474,0.0142,0.0142
38.506,167.2,-3.4441,3.0926,3.0889,-1.569,2.89,480,0,164,349,0.3073,0.3556,SLOWDOWN,PolygonSlow,0.0474,-0.1282,0.0474,0.0142,0.0142
38.6,167.3,-3.4455,3.093,3.085,-1.569,2.89,480,0,164,349,0.3069,0.3561,SLOWDOWN,PolygonSlow,0.0474,-0.1282,0.0474,0.0142,0.0142
38.705,167.4,-3.4469,3.0934,3.081,-1.569,2.89,480,0,164,349,0.3064,0.3573,SLOWDOWN,PolygonSlow,0.0474,-0.1282,0.0474,0.0142,0.0142
38.811,167.5,-3.4484,3.0939,3.0771,-1.569,2.89,480,0,164,348,0.3059,0.3586,SLOWDOWN,PolygonSlow,0.0474,-0.1282,0.0474,0.0142,0.0142
38.927,167.6,-3.4498,3.0943,3.0731,-1.569,2.89,480,0,165,347,0.3055,0.3582,SLOWDOWN,PolygonSlow,0.0474,-0.0769,0.0474,0.0142,0.0142
39.027,167.7,-3.4512,3.0946,3.0706,-1.569,2.89,480,0,165,347,0.3052,0.3588,SLOWDOWN,PolygonSlow,0.0474,-0.0256,0.0474,0.0142,0.0142
39.129,167.8,-3.4526,3.0948,3.0697,-1.569,2.89,480,0,165,347,0.305,0.3596,SLOWDOWN,PolygonSlow,0.0,-0.1795,0.0,0.0,0.0142
39.231,167.9,-3.4528,3.0952,3.065,-1.569,2.89,480,0,165,347,0.3046,0.3607,SLOWDOWN,PolygonSlow,0.0,-0.1795,0.0,0.0,0.0
39.332,168.0,-3.4528,3.0956,3.0596,-1.569,2.89,480,0,166,347,0.3041,0.36,SLOWDOWN,PolygonSlow,0.0316,0.1282,0.0316,0.0095,0.0095
39.439,168.1,-3.4537,3.0956,3.0607,-1.569,2.89,480,0,166,347,0.3041,0.3603,SLOWDOWN,PolygonSlow,0.0474,0.0769,0.0474,0.0142,0.0142
39.554,168.2,-3.4551,3.0956,3.0632,-1.569,2.89,480,0,165,347,0.3042,0.3607,SLOWDOWN,PolygonSlow,0.0316,0.1282,0.0316,0.0095,0.0095
39.707,168.3,-3.4563,3.0952,3.0679,-1.569,2.89,480,0,165,346,0.3045,0.3613,SLOWDOWN,PolygonSlow,0.0316,0.0769,0.0316,0.0095,0.0095
39.784,168.4,-3.457,3.0951,3.0704,-1.569,2.89,480,0,165,346,0.3047,0.3618,SLOWDOWN,PolygonSlow,0.0316,0.0769,0.0316,0.0095,0.0095
39.888,168.5,-3.458,3.0949,3.0727,-1.569,2.89,480,0,165,346,0.3048,0.3622,SLOWDOWN,PolygonSlow,0.0316,0.0256,0.0316,0.0095,0.0095
39.988,168.6,-3.4589,3.0949,3.0743,-1.569,2.89,480,0,165,346,0.3049,0.3625,SLOWDOWN,PolygonSlow,0.0316,-0.0256,0.0316,0.0095,0.0095
40.101,168.7,-3.4598,3.0949,3.0743,-1.569,2.89,480,0,165,347,0.3049,0.3625,SLOWDOWN,PolygonSlow,0.0316,-0.0256,0.0316,0.0095,0.0095
40.2,168.8,-3.4608,3.0951,3.0735,-1.569,2.89,480,0,165,347,0.3047,0.3625,SLOWDOWN,PolygonSlow,0.0316,-0.0256,0.0316,0.0095,0.0095
40.33,168.9,-3.4617,3.0952,3.0727,-1.569,2.89,480,0,165,346,0.3046,0.3633,SLOWDOWN,PolygonSlow,0.0316,-0.0769,0.0316,0.0095,0.0095
40.446,169.0,-3.4627,3.0954,3.0705,-1.569,2.89,480,0,165,346,0.3043,0.3649,SLOWDOWN,PolygonSlow,0.0316,-0.0769,0.0316,0.0095,0.0095
40.564,169.1,-3.4636,3.0957,3.0682,-1.569,2.89,480,0,165,345,0.304,0.3647,SLOWDOWN,PolygonSlow,0.0316,-0.0769,0.0316,0.0095,0.0095
40.658,169.2,-3.4646,3.096,3.0658,-1.569,2.89,480,0,165,346,0.3038,0.3644,SLOWDOWN,PolygonSlow,0.0316,-0.1282,0.0316,0.0095,0.0095
40.787,169.3,-3.4655,3.0963,3.063,-1.569,2.89,480,0,166,345,0.3035,0.365,SLOWDOWN,PolygonSlow,0.0316,-0.1282,0.0316,0.0095,0.0095
40.886,169.4,-3.4665,3.0967,3.0591,-1.569,2.89,480,0,166,345,0.303,0.3658,SLOWDOWN,PolygonSlow,0.0316,-0.1282,0.0316,0.0095,0.0095
41.001,169.5,-3.4674,3.0971,3.0552,-1.569,2.89,480,0,167,345,0.3026,0.3668,SLOWDOWN,PolygonSlow,0.0316,-0.1282,0.0316,0.0095,0.0095
41.097,169.6,-3.4683,3.0975,3.0514,-1.569,2.89,480,0,172,344,0.3022,0.3673,SLOWDOWN,PolygonSlow,0.0316,-0.1282,0.0316,0.0095,0.0095
41.202,169.7,-3.4693,3.0979,3.0475,-1.569,2.89,480,0,177,343,0.3018,0.3686,SLOWDOWN,PolygonSlow,0.0316,-0.1795,0.0316,0.0095,0.0095
41.297,169.8,-3.4702,3.0985,3.0425,-1.569,2.89,480,0,183,343,0.3013,0.368,SLOWDOWN,PolygonSlow,0.0316,-0.1795,0.0316,0.0095,0.0095
41.397,169.9,-3.4712,3.099,3.0372,-1.569,2.89,480,0,188,343,0.3008,0.3692,SLOWDOWN,PolygonSlow,0.0316,-0.1282,0.0316,0.0095,0.0095
41.497,170.0,-3.4721,3.0995,3.0329,-1.569,2.89,480,0,192,342,0.3004,0.3705,SLOWDOWN,PolygonSlow,0.0316,-0.0769,0.0316,0.0095,0.0095
41.596,170.1,-3.4731,3.0998,3.0303,-1.569,2.89,480,0,195,342,0.3001,0.3702,SLOWDOWN,PolygonSlow,0.0316,-0.0256,0.0316,0.0095,0.0095
41.695,170.2,-3.474,3.1,3.0295,-1.569,2.89,480,0,197,342,0.2999,0.3712,SLOWDOWN,PolygonSlow,0.0316,0.0256,0.0316,0.0095,0.0095
41.801,170.3,-3.4749,3.1,3.0298,-1.569,2.89,480,0,200,342,0.2998,0.3713,SLOWDOWN,PolygonSlow,0.0316,0.0769,0.0316,0.0095,0.0095
41.9,170.4,-3.4759,3.1,3.0316,-1.569,2.89,480,0,201,342,0.2999,0.3717,SLOWDOWN,PolygonSlow,0.0316,0.1282,0.0316,0.0095,0.0095
41.998,170.5,-3.4768,3.0998,3.035,-1.569,2.89,480,0,201,342,0.3,0.3723,SLOWDOWN,PolygonSlow,0.0316,0.1795,0.0316,0.0095,0.0095
42.105,170.6,-3.4778,3.0995,3.0399,-1.569,2.89,480,0,200,343,0.3003,0.3723,SLOWDOWN,PolygonSlow,0.0316,0.1795,0.0316,0.0095,0.0095
42.202,170.7,-3.4787,3.0992,3.0453,-1.569,2.89,480,0,200,342,0.3006,0.3733,SLOWDOWN,PolygonSlow,0.0316,0.2308,0.0316,0.0095,0.0095
42.302,170.8,-3.4797,3.0987,3.0517,-1.569,2.89,480,0,197,343,0.3011,0.3724,SLOWDOWN,PolygonSlow,0.0316,0.2308,0.0316,0.0095,0.0095
42.4,170.9,-3.4806,3.0982,3.0587,-1.569,2.89,480,0,196,343,0.3016,0.3726,SLOWDOWN,PolygonSlow,0.0158,0.1282,0.0316,0.0095,0.0095
42.501,171.0,-3.4813,3.0978,3.0638,-1.569,2.89,480,0,194,343,0.3019,0.3725,SLOWDOWN,PolygonSlow,0.0158,0.0769,0.0158,0.0047,0.0047
42.603,171.1,-3.4817,3.0976,3.0668,-1.569,2.89,480,0,194,344,0.3022,0.373,SLOWDOWN,PolygonSlow,0.0158,0.0769,0.0158,0.0047,0.0047
42.703,171.2,-3.4822,3.0974,3.0691,-1.569,2.89,480,0,192,344,0.3023,0.3734,SLOWDOWN,PolygonSlow,0.0158,0.0256,0.0158,0.0047,0.0047
42.814,171.3,-3.4827,3.0973,3.0704,-1.569,2.89,480,0,193,344,0.3024,0.3737,SLOWDOWN,PolygonSlow,0.0158,0.0,0.0158,0.0047,0.0047
42.91,171.4,-3.4831,3.0973,3.0707,-1.569,2.89,480,0,194,344,0.3024,0.3738,SLOWDOWN,PolygonSlow,0.0158,-0.0256,0.0158,0.0047,0.0047
43.01,171.5,-3.4836,3.0974,3.0702,-1.569,2.89,480,0,196,344,0.3023,0.3737,SLOWDOWN,PolygonSlow,0.0158,-0.0256,0.0158,0.0047,0.0047
43.121,171.6,-3.4841,3.0975,3.0694,-1.569,2.89,480,0,199,344,0.3022,0.3736,SLOWDOWN,PolygonSlow,0.0158,-0.0256,0.0158,0.0047,0.0047
43.213,171.7,-3.4846,3.0976,3.0686,-1.569,2.89,480,0,200,343,0.3021,0.3743,SLOWDOWN,PolygonSlow,0.0158,-0.0769,0.0158,0.0047,0.0047
43.325,171.8,-3.485,3.0978,3.0666,-1.569,2.89,480,0,203,343,0.3019,0.3743,SLOWDOWN,PolygonSlow,0.0158,-0.0769,0.0158,0.0047,0.0047
43.411,171.9,-3.4855,3.0981,3.0643,-1.569,2.89,480,0,208,343,0.3017,0.3749,SLOWDOWN,PolygonSlow,0.0158,-0.0769,0.0158,0.0047,0.0047
43.535,172.0,-3.486,3.0983,3.0619,-1.569,2.89,480,0,210,343,0.3014,0.3751,SLOWDOWN,PolygonSlow,0.0158,-0.1282,0.0158,0.0047,0.0047
43.659,172.1,-3.4865,3.0987,3.0582,-1.569,2.89,480,0,213,343,0.3011,0.376,SLOWDOWN,PolygonSlow,0.0158,-0.1282,0.0158,0.0047,0.0047
43.766,172.2,-3.4869,3.099,3.0543,-1.569,2.89,480,0,215,342,0.3007,0.3758,SLOWDOWN,PolygonSlow,0.0158,-0.1282,0.0158,0.0047,0.0047
43.866,172.3,-3.4874,3.0994,3.0504,-1.569,2.89,480,0,219,342,0.3004,0.3762,SLOWDOWN,PolygonSlow,0.0158,-0.1282,0.0158,0.0047,0.0047
43.981,172.4,-3.4879,3.0998,3.0466,-1.569,2.89,480,0,221,342,0.3,0.3816,SLOWDOWN,PolygonSlow,0.0158,-0.1795,0.0158,0.0047,0.0047
44.121,172.5,-3.4883,3.1002,3.0419,-1.569,2.89,480,0,224,342,0.2996,0.3879,SLOWDOWN,PolygonSlow,0.0158,-0.1795,0.0158,0.0047,0.0047
44.244,172.6,-3.4888,3.1007,3.0365,-1.569,2.89,480,0,228,341,0.2991,0.3952,SLOWDOWN,PolygonSlow,0.0158,-0.1795,0.0158,0.0047,0.0047
44.361,172.7,-3.4893,3.1012,3.0312,-1.569,2.89,480,0,230,341,0.2987,0.4027,SLOWDOWN,PolygonSlow,0.0158,-0.1795,0.0158,0.0047,0.0047
44.459,172.8,-3.4898,3.1017,3.0258,-1.569,2.89,480,0,232,341,0.2981,0.408,SLOWDOWN,PolygonSlow,0.0158,-0.1795,0.0158,0.0047,0.0047
44.557,172.9,-3.4902,3.1022,3.0205,-1.569,2.89,480,0,235,341,0.2976,0.4079,SLOWDOWN,PolygonSlow,0.0158,-0.1795,0.0158,0.0047,0.0047
44.658,173.0,-3.4906,3.1026,3.0163,-1.569,2.89,480,0,236,340,0.2971,0.4078,SLOWDOWN,PolygonSlow,0.0158,-0.2308,0.0158,0.0047,0.0047
44.752,173.1,-3.4912,3.1034,3.0081,-1.569,2.89,480,0,239,340,0.2965,0.4077,SLOWDOWN,PolygonSlow,0.0158,-0.2308,0.0158,0.0047,0.0047
44.857,173.2,-3.4916,3.104,3.0013,-1.569,2.89,480,0,241,339,0.2959,0.4076,SLOWDOWN,PolygonSlow,0.0158,-0.2308,0.0158,0.0047,0.0047
44.957,173.3,-3.4921,3.1046,2.9945,-1.569,2.89,480,0,243,339,0.2953,0.4075,SLOWDOWN,PolygonSlow,0.0158,-0.2308,0.0158,0.0047,0.0047
45.059,173.4,-3.4926,3.1052,2.9878,-1.569,2.89,480,0,243,338,0.2947,0.4074,SLOWDOWN,PolygonSlow,0.0158,-0.2308,0.0158,0.0047,0.0047
45.165,173.5,-3.493,3.1058,2.9811,-1.569,2.89,480,0,246,338,0.294,0.4073,SLOWDOWN,PolygonSlow,0.0158,-0.2308,0.0158,0.0047,0.0047
45.262,173.6,-3.4935,3.1064,2.9745,-1.569,2.89,480,0,247,337,0.2934,0.4071,SLOWDOWN,PolygonSlow,0.0158,-0.2308,0.0158,0.0047,0.0047
45.358,173.7,-3.494,3.107,2.9678,-1.569,2.89,480,0,249,338,0.2928,0.407,SLOWDOWN,PolygonSlow,0.0158,-0.2308,0.0158,0.0047,0.0047
45.454,173.8,-3.4944,3.1076,2.9612,-1.569,2.89,480,0,251,336,0.2922,0.4069,SLOWDOWN,PolygonSlow,0.0158,-0.2308,0.0158,0.0047,0.0047
45.556,173.9,-3.4949,3.1082,2.955,-1.569,2.89,480,0,252,337,0.2916,0.4067,SLOWDOWN,PolygonSlow,0.0158,-0.1795,0.0158,0.0047,0.0047
45.654,174.0,-3.4954,3.1087,2.9504,-1.569,2.89,480,0,253,337,0.2912,0.4066,SLOWDOWN,PolygonSlow,0.0158,-0.1282,0.0158,0.0047,0.0047
45.753,174.1,-3.4958,3.109,2.9476,-1.569,2.89,480,0,254,337,0.2909,0.4065,SLOWDOWN,PolygonSlow,0.0158,-0.0256,0.0158,0.0047,0.0047
45.86,174.2,-3.4963,3.109,2.9479,-1.569,2.89,480,0,255,337,0.2908,0.4064,SLOWDOWN,PolygonSlow,0.0158,0.0256,0.0158,0.0047,0.0047
45.969,174.3,-3.4968,3.1091,2.949,-1.569,2.89,480,0,256,337,0.2908,0.4063,SLOWDOWN,PolygonSlow,0.0158,0.1282,0.0158,0.0047,0.0047
46.075,174.4,-3.4972,3.1089,2.9517,-1.569,2.89,480,0,257,337,0.2909,0.4063,SLOWDOWN,PolygonSlow,0.0158,0.1795,0.0158,0.0047,0.0047
46.173,174.5,-3.4977,3.1087,2.9559,-1.569,2.89,480,0,256,337,0.2911,0.4062,SLOWDOWN,PolygonSlow,0.0158,0.2308,0.0158,0.0047,0.0047
46.274,174.6,-3.4982,3.1083,2.9616,-1.569,2.89,480,0,255,337,0.2915,0.4062,SLOWDOWN,PolygonSlow,0.0158,0.2308,0.0158,0.0047,0.0047
46.378,174.7,-3.4986,3.1079,2.9682,-1.569,2.89,480,0,256,336,0.2919,0.4061,SLOWDOWN,PolygonSlow,0.0158,0.2821,0.0158,0.0047,0.0047
46.477,174.8,-3.4991,3.1074,2.9756,-1.569,2.89,480,0,256,338,0.2924,0.4061,SLOWDOWN,PolygonSlow,0.0158,0.2821,0.0158,0.0047,0.0047
46.594,174.9,-3.4996,3.1068,2.9838,-1.569,2.89,480,0,256,337,0.293,0.4061,SLOWDOWN,PolygonSlow,0.0158,0.3333,0.0158,0.0047,0.0047
46.683,175.0,-3.5,3.1062,2.9927,-1.569,2.89,480,0,256,338,0.2937,0.4061,SLOWDOWN,PolygonSlow,0.0158,0.3333,0.0158,0.0047,0.0047
46.788,175.1,-3.5005,3.1055,3.0025,-1.569,2.89,480,0,258,339,0.2944,0.4061,SLOWDOWN,PolygonSlow,0.0158,0.3846,0.0158,0.0047,0.0047
46.88,175.2,-3.501,3.1047,3.0131,-1.569,2.89,480,0,257,338,0.2952,0.4061,SLOWDOWN,PolygonSlow,0.0158,0.3846,0.0158,0.0047,0.0047
46.987,175.3,-3.5014,3.1038,3.0245,-1.569,2.89,480,0,257,340,0.2961,0.4061,SLOWDOWN,PolygonSlow,0.0158,0.3846,0.0158,0.0047,0.0047
47.084,175.4,-3.5019,3.1029,3.0359,-1.569,2.89,480,0,258,340,0.297,0.4061,SLOWDOWN,PolygonSlow,0.0158,0.4359,0.0158,0.0047,0.0047
47.189,175.5,-3.5024,3.1019,3.0482,-1.569,2.89,480,0,259,341,0.2979,0.4061,SLOWDOWN,PolygonSlow,0.0158,0.4359,0.0158,0.0047,0.0047
47.287,175.6,-3.5028,3.1008,3.0614,-1.569,2.89,480,0,258,342,0.299,0.4009,SLOWDOWN,PolygonSlow,0.0158,0.4359,0.0158,0.0047,0.0047
47.393,175.7,-3.5033,3.0997,3.0747,-1.569,2.89,480,0,262,342,0.3001,0.3878,SLOWDOWN,PolygonSlow,0.0158,0.4872,0.0158,0.0047,0.0047
47.489,175.8,-3.5038,3.0984,3.0893,-1.569,2.89,480,0,264,343,0.3014,0.3843,SLOWDOWN,PolygonSlow,0.0158,0.4872,0.0158,0.0047,0.0047
47.595,175.9,-3.5043,3.0971,3.1044,-1.569,2.89,480,0,273,343,0.3026,0.383,SLOWDOWN,PolygonSlow,0.0474,0.3333,0.0158,0.0047,0.0047
47.708,176.0,-3.5054,3.0961,3.1164,-1.569,2.89,480,0,292,344,0.3036,0.383,SLOWDOWN,PolygonSlow,0.0,1.0,0.0,0.0142,0.0142
47.823,176.1,-3.506,3.0951,3.1309,-1.569,2.89,480,0,304,345,0.3046,0.3843,SLOWDOWN,PolygonSlow,0.0,1.0,0.0,0.0,0.0
47.946,176.2,-3.506,3.0929,-3.1246,-1.569,2.89,480,0,294,347,0.307,0.3817,SLOWDOWN,PolygonSlow,0.0,1.0,0.0,0.0,0.0
48.04,176.3,-3.506,3.0901,-3.0933,-1.569,2.89,480,0,244,349,0.3096,0.3807,SLOWDOWN,PolygonSlow,0.0,1.0,0.0,0.0,0.0
48.139,176.4,-3.506,3.0875,-3.0626,-1.569,2.89,480,0,231,351,0.3124,0.3802,SLOWDOWN,PolygonSlow,0.0,1.0,0.0,0.0,0.0
48.244,176.5,-3.506,3.0849,-3.0324,-1.569,2.89,480,0,225,352,0.3149,0.3795,SLOWDOWN,PolygonSlow,0.0,1.0,0.0,0.0,0.0
48.339,176.6,-3.506,3.0824,-3.0028,-1.569,2.89,480,0,220,354,0.3173,0.3783,SLOWDOWN,PolygonSlow,0.0,1.0,0.0,0.0,0.0
48.44,176.7,-3.506,3.0801,-2.9737,-1.569,2.89,480,0,218,356,0.3198,0.3785,SLOWDOWN,PolygonSlow,0.0,1.0,0.0,0.0,0.0
48.547,176.8,-3.506,3.0778,-2.9451,-1.569,2.89,480,0,215,358,0.3218,0.3784,SLOWDOWN,PolygonSlow,0.0,1.0,0.0,0.0,0.0
48.644,176.9,-3.506,3.0757,-2.917,-1.569,2.89,480,0,211,361,0.324,0.3779,SLOWDOWN,PolygonSlow,0.0474,-0.0769,0.0474,0.0142,0.0142
48.74,177.0,-3.5073,3.0738,-2.8958,-1.569,2.89,480,0,205,362,0.326,0.3782,SLOWDOWN,PolygonSlow,0.0474,-0.1282,0.0474,0.0142,0.0142
48.841,177.1,-3.5087,3.0726,-2.884,-1.569,2.89,480,0,203,362,0.3273,0.3802,SLOWDOWN,PolygonSlow,0.0474,-0.1795,0.0474,0.0142,0.0142
48.941,177.2,-3.51,3.0721,-2.881,-1.569,2.89,480,0,204,361,0.3279,0.3804,SLOWDOWN,PolygonSlow,0.0474,-0.2308,0.0474,0.0142,0.0142
49.051,177.3,-3.5114,3.072,-2.886,-1.569,2.89,480,0,206,362,0.328,0.379,SLOWDOWN,PolygonSlow,0.0474,-0.2308,0.0474,0.0142,0.0142
49.147,177.4,-3.5128,3.0721,-2.8924,-1.569,2.89,480,0,208,361,0.3278,0.3797,SLOWDOWN,PolygonSlow,0.0474,-0.2821,0.0474,0.0142,0.0142
49.248,177.5,-3.5142,3.0724,-2.9002,-1.569,2.89,480,0,212,361,0.3275,0.379,SLOWDOWN,PolygonSlow,0.0474,-0.2821,0.0474,0.0142,0.0142
49.348,177.6,-3.5155,3.0726,-2.908,-1.569,2.89,480,0,217,359,0.3272,0.3795,SLOWDOWN,PolygonSlow,0.0474,-0.3333,0.0474,0.0142,0.0142
49.443,177.7,-3.5169,3.0729,-2.9173,-1.569,2.89,480,0,221,358,0.3267,0.3811,SLOWDOWN,PolygonSlow,0.0474,-0.3333,0.0474,0.0142,0.0142
49.549,177.8,-3.5183,3.0733,-2.9256,-1.569,2.89,480,0,226,358,0.3264,0.3803,SLOWDOWN,PolygonSlow,0.0474,-0.2821,0.0474,0.0142,0.0142
49.661,177.9,-3.5196,3.0736,-2.9335,-1.569,2.89,480,0,229,357,0.326,0.3809,SLOWDOWN,PolygonSlow,0.0,-0.2821,0.0,0.0,0.0
49.752,178.0,-3.5196,3.0741,-2.9414,-1.569,2.89,480,0,230,357,0.3255,0.3805,SLOWDOWN,PolygonSlow,0.0,-0.2821,0.0,0.0,0.0
49.858,178.1,-3.5196,3.0747,-2.9494,-1.569,2.89,480,0,232,356,0.3249,0.3814,SLOWDOWN,PolygonSlow,0.0,-0.2821,0.0,0.0,0.0
49.975,178.2,-3.5196,3.0755,-2.9591,-1.569,2.89,480,0,233,355,0.3243,0.381,SLOWDOWN,PolygonSlow,0.0,-0.2821,0.0,0.0,0.0
50.06,178.3,-3.5196,3.076,-2.9655,-1.569,2.89,480,0,235,355,0.3237,0.3806,SLOWDOWN,PolygonSlow,0.0,-0.2821,0.0,0.0,0.0
50.169,178.4,-3.5196,3.0766,-2.9736,-1.569,2.89,480,0,236,353,0.3232,0.3808,SLOWDOWN,PolygonSlow,0.0,-0.2821,0.0,0.0,0.0
50.266,178.5,-3.5196,3.0773,-2.9818,-1.569,2.89,480,0,238,354,0.3226,0.3825,SLOWDOWN,PolygonSlow,0.0,-0.2821,0.0,0.0,0.0
50.381,178.6,-3.5196,3.0779,-2.9895,-1.569,2.89,480,0,240,353,0.3219,0.3808,SLOWDOWN,PolygonSlow,0.0,-0.2308,0.0,0.0,0.0
50.474,178.7,-3.5196,3.0785,-2.9963,-1.569,2.89,480,0,242,353,0.3213,0.3807,SLOWDOWN,PolygonSlow,0.0,-0.2308,0.0,0.0,0.0
50.586,178.8,-3.5196,3.079,-3.003,-1.569,2.89,480,0,244,352,0.3207,0.3816,SLOWDOWN,PolygonSlow,0.0,0.0,0.0,0.0,0.0
50.681,178.9,-3.5196,3.0792,-3.0049,-1.569,2.89,480,0,244,353,0.3206,0.3816,DO_NOTHING,,0.0,0.0,0.0,0.0,0.0
50.793,179.0,-3.5196,3.0792,-3.0049,-1.569,2.89,480,0,244,353,0.3206,0.3816,DO_NOTHING,,0.0,-0.2308,0.0,0.0,0.0
50.895,179.1,-3.5196,3.0793,-3.0076,-1.569,2.89,480,0,244,352,0.3204,0.3809,SLOWDOWN,PolygonSlow,0.0,-0.2308,0.0,0.0,0.0
50.991,179.2,-3.5196,3.0799,-3.0144,-1.569,2.89,480,0,247,351,0.3198,0.3821,SLOWDOWN,PolygonSlow,0.0,-0.2308,0.0,0.0,0.0
51.097,179.3,-3.5196,3.0805,-3.0213,-1.569,2.89,480,0,249,352,0.3192,0.382,SLOWDOWN,PolygonSlow,0.0,-0.2308,0.0,0.0,0.0
51.212,179.4,-3.5196,3.081,-3.0281,-1.569,2.89,480,0,252,351,0.3187,0.3819,SLOWDOWN,PolygonSlow,0.0,-0.2308,0.0,0.0,0.0
51.314,179.5,-3.5196,3.0816,-3.035,-1.569,2.89,480,0,254,350,0.3181,0.3818,SLOWDOWN,PolygonSlow,0.0,-0.2308,0.0,0.0,0.0
51.411,179.6,-3.5196,3.0822,-3.0419,-1.569,2.89,480,0,259,350,0.3176,0.3829,SLOWDOWN,PolygonSlow,0.0,-0.2308,0.0,0.0,0.0
51.516,179.7,-3.5196,3.0828,-3.0489,-1.569,2.89,480,0,261,349,0.3171,0.3828,SLOWDOWN,PolygonSlow,0.0,-0.2308,0.0,0.0,0.0
51.627,179.8,-3.5196,3.0834,-3.0559,-1.569,2.89,480,0,265,349,0.3166,0.3827,SLOWDOWN,PolygonSlow,0.0,-0.1795,0.0,0.0,0.0
51.723,179.9,-3.5196,3.0839,-3.0615,-1.569,2.89,480,0,271,349,0.3161,0.3828,SLOWDOWN,PolygonSlow,0.0,-0.1795,0.0,0.0,0.0
51.844,180.0,-3.5196,3.0843,-3.0669,-1.569,2.89,480,0,275,348,0.3155,0.3843,SLOWDOWN,PolygonSlow,0.0,-0.1795,0.0,0.0,0.0
51.94,180.1,-3.5196,3.0848,-3.0724,-1.569,2.89,480,0,279,349,0.315,0.3831,SLOWDOWN,PolygonSlow,0.0,-0.1795,0.0,0.0,0.0
52.046,180.2,-3.5196,3.0853,-3.0779,-1.569,2.89,480,0,283,348,0.3145,0.3833,SLOWDOWN,PolygonSlow,0.0,-0.1795,0.0,0.0,0.0
52.163,180.3,-3.5196,3.0858,-3.0834,-1.569,2.89,480,0,290,347,0.314,0.3834,SLOWDOWN,PolygonSlow,0.0,-0.1795,0.0,0.0,0.0
52.266,180.4,-3.5196,3.0863,-3.089,-1.569,2.89,480,0,297,347,0.3135,0.3849,SLOWDOWN,PolygonSlow,0.0,-0.1795,0.0,0.0,0.0
52.363,180.5,-3.5196,3.0867,-3.0945,-1.569,2.89,480,0,303,347,0.313,0.3837,SLOWDOWN,PolygonSlow,0.0,-0.1795,0.0,0.0,0.0
52.461,180.6,-3.5196,3.0872,-3.1001,-1.569,2.89,480,0,303,347,0.3125,0.3838,SLOWDOWN,PolygonSlow,0.0,-0.1795,0.0,0.0,0.0
52.561,180.7,-3.5196,3.0877,-3.1057,-1.569,2.89,480,0,303,346,0.312,0.3852,SLOWDOWN,PolygonSlow,0.0,-0.1795,0.0,0.0,0.0
52.662,180.8,-3.5196,3.0882,-3.1113,-1.569,2.89,480,0,304,346,0.3115,0.3841,SLOWDOWN,PolygonSlow,0.0,-0.1795,0.0,0.0,0.0
52.761,180.9,-3.5196,3.0887,-3.117,-1.569,2.89,480,0,304,346,0.3111,0.3846,SLOWDOWN,PolygonSlow,0.0,-0.1795,0.0,0.0,0.0
52.864,181.0,-3.5196,3.0892,-3.1226,-1.569,2.89,480,0,304,345,0.3106,0.3853,SLOWDOWN,PolygonSlow,0.0,-0.1795,0.0,0.0,0.0
52.962,181.1,-3.5196,3.0897,-3.1283,-1.569,2.89,480,0,304,345,0.3101,0.3857,SLOWDOWN,PolygonSlow,0.0,-0.1795,0.0,0.0,0.0
53.064,181.2,-3.5196,3.0902,-3.134,-1.569,2.89,480,0,305,345,0.3096,0.3857,SLOWDOWN,PolygonSlow,0.0,-0.1795,0.0,0.0,0.0
53.168,181.3,-3.5196,3.0907,-3.1394,-1.569,2.89,480,0,305,344,0.3091,0.3871,SLOWDOWN,PolygonSlow,0.0,-0.1282,0.0,0.0,0.0
53.282,181.4,-3.5196,3.0911,3.1397,-1.569,2.89,480,0,305,345,0.3087,0.3863,SLOWDOWN,PolygonSlow,0.0,-0.1282,0.0,0.0,0.0
53.39,181.5,-3.5196,3.0915,3.1348,-1.569,2.89,480,0,305,344,0.3083,0.3863,SLOWDOWN,PolygonSlow,0.0,-0.1282,0.0,0.0,0.0
53.469,181.6,-3.5196,3.0918,3.1316,-1.569,2.89,480,0,305,343,0.3079,0.3859,SLOWDOWN,PolygonSlow,0.0,-0.1282,0.0,0.0,0.0
53.585,181.7,-3.5196,3.0922,3.1275,-1.569,2.89,480,0,306,343,0.3075,0.3863,SLOWDOWN,PolygonSlow,0.0,-0.1282,0.0,0.0,0.0
53.67,181.8,-3.5196,3.0926,3.1234,-1.569,2.89,480,0,306,343,0.3072,0.3879,SLOWDOWN,PolygonSlow,0.0,-0.1282,0.0,0.0,0.0
53.777,181.9,-3.5196,3.0929,3.1194,-1.569,2.89,480,0,306,343,0.3068,0.3871,SLOWDOWN,PolygonSlow,0.0,-0.1282,0.0,0.0,0.0
53.882,182.0,-3.5196,3.0933,3.1154,-1.569,2.89,480,0,306,343,0.3064,0.3875,SLOWDOWN,PolygonSlow,0.0,-0.1282,0.0,0.0,0.0
53.989,182.1,-3.5196,3.0936,3.1113,-1.569,2.89,480,0,306,342,0.3061,0.3875,SLOWDOWN,PolygonSlow,0.0,-0.1282,0.0,0.0,0.0
54.09,182.2,-3.5196,3.094,3.1073,-1.569,2.89,480,0,306,343,0.3057,0.3913,SLOWDOWN,PolygonSlow,0.0,-0.1282,0.0,0.0,0.0
54.191,182.3,-3.5196,3.0943,3.1033,-1.569,2.89,480,0,307,342,0.3054,0.3952,SLOWDOWN,PolygonSlow,0.0,-0.1282,0.0,0.0,0.0
54.291,182.4,-3.5196,3.0947,3.0993,-1.569,2.89,480,0,307,342,0.3051,0.3991,SLOWDOWN,PolygonSlow,0.0,-0.1282,0.0,0.0,0.0
54.403,182.5,-3.5196,3.095,3.0953,-1.569,2.89,480,0,307,342,0.3048,0.4031,SLOWDOWN,PolygonSlow,0.0,-0.1282,0.0,0.0,0.0
54.498,182.6,-3.5196,3.0954,3.0914,-1.569,2.89,480,0,307,342,0.3044,0.4072,SLOWDOWN,PolygonSlow,0.0,-0.1282,0.0,0.0,0.0
54.597,182.7,-3.5196,3.0957,3.0874,-1.569,2.89,480,0,307,341,0.3041,0.409,SLOWDOWN,PolygonSlow,0.0,-0.1282,0.0,0.0,0.0
54.695,182.8,-3.5196,3.0961,3.0834,-1.569,2.89,480,0,308,341,0.3037,0.409,SLOWDOWN,PolygonSlow,0.0,-0.1282,0.0,0.0,0.0
54.797,182.9,-3.5196,3.0964,3.0795,-1.569,2.89,480,0,308,342,0.3034,0.409,SLOWDOWN,PolygonSlow,0.0,-0.1282,0.0,0.0,0.0
54.901,183.0,-3.5196,3.0968,3.0756,-1.569,2.89,480,0,308,341,0.303,0.409,SLOWDOWN,PolygonSlow,0.0,-0.1282,0.0,0.0,0.0
55.004,183.1,-3.5196,3.0971,3.0716,-1.569,2.89,480,0,306,341,0.3027,0.4089,SLOWDOWN,PolygonSlow,0.0,-0.0769,0.0,0.0,0.0
55.113,183.2,-3.5196,3.0974,3.0688,-1.569,2.89,480,0,304,340,0.3024,0.4089,SLOWDOWN,PolygonSlow,0.0474,0.3333,0.0474,0.0,0.0
55.209,183.3,-3.5206,3.0973,3.0711,-1.569,2.89,480,0,308,340,0.3025,0.4088,SLOWDOWN,PolygonSlow,0.0474,0.3333,0.0474,0.0142,0.0142
55.318,183.4,-3.522,3.0965,3.081,-1.569,2.89,480,0,308,342,0.3033,0.4087,SLOWDOWN,PolygonSlow,0.0474,0.3333,0.0474,0.0142,0.0142
55.422,183.5,-3.5235,3.0957,3.0913,-1.569,2.89,480,0,308,341,0.3041,0.4087,SLOWDOWN,PolygonSlow,0.0474,0.3333,0.0474,0.0142,0.0142
55.532,183.6,-3.5249,3.0949,3.1017,-1.569,2.89,480,0,307,342,0.3049,0.4081,SLOWDOWN,PolygonSlow,0.0474,0.2821,0.0474,0.0142,0.0142
55.634,183.7,-3.5263,3.0941,3.1107,-1.569,2.89,480,0,307,342,0.3056,0.4023,SLOWDOWN,PolygonSlow,0.0474,0.2821,0.0474,0.0142,0.0142
55.728,183.8,-3.5277,3.0934,3.1195,-1.569,2.94,480,0,307,342,0.3063,0.3968,SLOWDOWN,PolygonSlow,0.0474,0.2821,0.0474,0.0142,0.0142
55.829,183.9,-3.5291,3.0926,3.1284,-1.569,2.94,480,0,307,342,0.3071,0.3915,SLOWDOWN,PolygonSlow,0.0316,0.2821,0.0316,0.0095,0.0095
55.932,184.0,-3.5301,3.0918,3.1374,-1.569,2.94,480,0,306,343,0.308,0.3915,SLOWDOWN,PolygonSlow,0.0316,0.2308,0.0316,0.0095,0.0095
56.033,184.1,-3.531,3.0911,-3.1384,-1.569,2.94,480,0,306,343,0.3087,0.3931,SLOWDOWN,PolygonSlow,0.0316,0.2308,0.0316,0.0095,0.0095
56.136,184.2,-3.532,3.0905,-3.1311,-1.569,2.94,480,0,306,343,0.3094,0.3921,SLOWDOWN,PolygonSlow,0.0316,0.1795,0.0316,0.0095,0.0095
56.231,184.3,-3.5329,3.09,-3.1254,-1.569,2.94,480,0,306,344,0.3099,0.392,SLOWDOWN,PolygonSlow,0.0316,0.1282,0.0316,0.0095,0.0095
56.334,184.4,-3.5339,3.0896,-3.1214,-1.569,2.94,480,0,306,344,0.3102,0.3919,SLOWDOWN,PolygonSlow,0.0316,0.1282,0.0316,0.0095,0.0095
56.436,184.5,-3.5348,3.0892,-3.1175,-1.569,2.94,480,0,306,344,0.3106,0.3924,SLOWDOWN,PolygonSlow,0.0316,0.0769,0.0316,0.0095,0.0095
56.535,184.6,-3.5358,3.089,-3.1151,-1.569,2.94,480,0,306,344,0.3108,0.3929,SLOWDOWN,PolygonSlow,0.0316,0.0769,0.0316,0.0095,0.0095
56.64,184.7,-3.5367,3.0888,-3.1129,-1.569,2.94,480,0,306,345,0.311,0.3934,SLOWDOWN,PolygonSlow,0.0316,0.0,0.0316,0.0095,0.0095
56.764,184.8,-3.5379,3.0887,-3.1131,-1.569,2.94,480,0,306,344,0.311,0.3933,SLOWDOWN,PolygonSlow,0.0316,-0.0256,0.0316,0.0095,0.0095
56.838,184.9,-3.5386,3.0888,-3.1138,-1.569,2.94,480,0,306,344,0.311,0.3945,SLOWDOWN,PolygonSlow,0.0316,-0.0256,0.0316,0.0095,0.0095
56.946,185.0,-3.5396,3.0888,-3.1147,-1.569,2.94,480,0,306,343,0.3109,0.3942,SLOWDOWN,PolygonSlow,0.0316,-0.0769,0.0316,0.0095,0.0095
57.04,185.1,-3.5405,3.089,-3.117,-1.569,2.94,480,0,306,343,0.3108,0.3951,SLOWDOWN,PolygonSlow,0.0316,-0.0256,0.0316,0.0095,0.0095
57.147,185.2,-3.5415,3.0891,-3.1178,-1.569,2.94,480,0,306,343,0.3107,0.3957,SLOWDOWN,PolygonSlow,0.0316,-0.0256,0.0316,0.0095,0.0095
57.247,185.3,-3.5424,3.0891,-3.1183,-1.569,2.94,480,0,306,343,0.3107,0.3975,SLOWDOWN,PolygonSlow,0.0316,0.0769,0.0316,0.0095,0.0095
57.348,185.4,-3.5434,3.0889,-3.1159,-1.569,2.94,480,0,306,343,0.3109,0.3978,SLOWDOWN,PolygonSlow,0.0316,0.0769,0.0316,0.0095,0.0095
57.444,185.5,-3.5443,3.0886,-3.1133,-1.569,2.94,480,0,306,343,0.3111,0.3974,SLOWDOWN,PolygonSlow,0.0316,0.1282,0.0316,0.0095,0.0095
57.553,185.6,-3.5452,3.0882,-3.1091,-1.569,2.94,480,0,306,343,0.3115,0.3969,SLOWDOWN,PolygonSlow,0.0,1.0,0.0,0.0,0.0
57.649,185.7,-3.5452,3.0872,-3.0953,-1.569,2.94,480,0,306,344,0.3125,0.3975,SLOWDOWN,PolygonSlow,0.0,1.0,0.0,0.0,0.0
57.75,185.8,-3.5452,3.0853,-3.0729,-1.569,2.94,480,0,305,345,0.3145,0.3959,SLOWDOWN,PolygonSlow,0.0,1.0,0.0,0.0,0.0
57.849,185.9,-3.5452,3.0828,-3.0432,-1.569,2.94,480,0,303,347,0.317,0.3958,SLOWDOWN,PolygonSlow,0.0,1.0,0.0,0.0,0.0
57.95,186.0,-3.5452,3.0803,-3.0134,-1.569,2.94,480,0,289,349,0.3194,0.3942,SLOWDOWN,PolygonSlow,0.0,1.0,0.0,0.0,0.0
58.048,186.1,-3.5452,3.0779,-2.9841,-1.569,2.94,480,0,275,350,0.322,0.3933,SLOWDOWN,PolygonSlow,0.0,1.0,0.0,0.0,0.0
58.153,186.2,-3.5452,3.0756,-2.9553,-1.569,2.94,480,0,265,352,0.324,0.3928,SLOWDOWN,PolygonSlow,0.0,1.0,0.0,0.0,0.0
58.248,186.3,-3.5452,3.0735,-2.927,-1.569,2.94,480,0,256,353,0.3262,0.3929,SLOWDOWN,PolygonSlow,0.0,1.0,0.0,0.0,0.0
58.352,186.4,-3.5452,3.0714,-2.8992,-1.569,2.94,480,0,247,355,0.3285,0.3938,SLOWDOWN,PolygonSlow,0.0,1.0,0.0,0.0,0.0
58.448,186.5,-3.5452,3.0695,-2.8718,-1.569,2.94,480,0,236,357,0.3304,0.3926,SLOWDOWN,PolygonSlow,0.0,1.0,0.0,0.0,0.0
58.548,186.6,-3.5452,3.0676,-2.8449,-1.569,2.94,480,0,226,359,0.332,0.3923,SLOWDOWN,PolygonSlow,0.0,1.0,0.0,0.0,0.0
58.649,186.7,-3.5452,3.0659,-2.8183,-1.569,2.94,480,0,219,353,0.3338,0.3931,SLOWDOWN,PolygonSlow,0.0,1.0,0.0,0.0,0.0
58.749,186.8,-3.5452,3.0643,-2.7922,-1.569,2.94,480,0,210,345,0.3356,0.3938,SLOWDOWN,PolygonSlow,0.0,1.0,0.0,0.0,0.0
58.849,186.9,-3.5454,3.0628,-2.7676,-1.569,2.94,480,0,205,336,0.3369,0.3942,SLOWDOWN,PolygonSlow,0.0316,-0.3333,0.0316,0.0095,0.0095
58.949,187.0,-3.5463,3.0614,-2.7493,-1.569,2.94,480,0,201,329,0.3382,0.3951,SLOWDOWN,PolygonSlow,0.0316,-0.3846,0.0316,0.0095,0.0095
59.051,187.1,-3.5472,3.0606,-2.7401,-1.569,2.94,480,0,200,326,0.3391,0.3947,SLOWDOWN,PolygonSlow,0.0316,-0.3846,0.0316,0.0095,0.0095
59.149,187.2,-3.548,3.0601,-2.7379,-1.569,2.94,480,0,200,326,0.3396,0.3949,SLOWDOWN,PolygonSlow,0.0316,-0.3846,0.0316,0.0095,0.0095
59.25,187.3,-3.5489,3.06,-2.7439,-1.569,2.94,480,0,202,329,0.3397,0.3959,SLOWDOWN,PolygonSlow,0.0316,-0.3846,0.0316,0.0095,0.0095
59.36,187.4,-3.5498,3.0601,-2.7535,-1.569,2.94,480,0,203,332,0.3395,0.396,SLOWDOWN,PolygonSlow,0.0316,-0.3333,0.0316,0.0095,0.0095
59.454,187.5,-3.5507,3.0602,-2.7612,-1.569,2.94,480,0,206,336,0.3394,0.395,SLOWDOWN,PolygonSlow,0.0316,-0.0769,0.0316,0.0095,0.0095
59.552,187.6,-3.5515,3.06,-2.7642,-1.569,2.94,480,0,207,338,0.3396,0.3954,SLOWDOWN,PolygonSlow,0.0316,-0.0769,0.0316,0.0095,0.0095
59.652,187.7,-3.5524,3.0598,-2.7661,-1.569,2.94,480,0,208,338,0.3398,0.3944,SLOWDOWN,PolygonSlow,0.0316,-0.0769,0.0316,0.0095,0.0095
59.753,187.8,-3.5533,3.0595,-2.7681,-1.569,2.94,480,0,210,338,0.3401,0.3951,SLOWDOWN,PolygonSlow,0.0316,-0.0769,0.0316,0.0095,0.0095
59.85,187.9,-3.5542,3.0593,-2.7701,-1.569,2.94,480,0,211,340,0.3403,0.3952,SLOWDOWN,PolygonSlow,0.0316,-0.0769,0.0316,0.0095,0.0095
59.951,188.0,-3.5551,3.0591,-2.772,-1.569,2.94,480,0,212,340,0.3406,0.3948,SLOWDOWN,PolygonSlow,0.0316,-0.0769,0.0316,0.0095,0.0095
60.062,188.1,-3.556,3.0589,-2.7743,-1.569,2.94,480,0,213,343,0.3408,0.3954,SLOWDOWN,PolygonSlow,0.0316,-0.1282,0.0316,0.0095,0.0095
60.153,188.2,-3.5568,3.0587,-2.7776,-1.569,2.94,480,0,214,342,0.341,0.3957,SLOWDOWN,PolygonSlow,0.0316,-0.1282,0.0316,0.0095,0.0095
60.264,188.3,-3.5577,3.0586,-2.7809,-1.569,2.94,480,0,216,345,0.3411,0.3951,SLOWDOWN,PolygonSlow,0.0316,-0.1282,0.0316,0.0095,0.0095
60.35,188.4,-3.5586,3.0584,-2.7839,-1.569,2.94,480,0,217,344,0.3412,0.3965,SLOWDOWN,PolygonSlow,0.0316,-0.0769,0.0316,0.0095,0.0095
60.462,188.5,-3.5595,3.0582,-2.7859,-1.569,2.94,480,0,218,347,0.3403,0.3955,SLOWDOWN,PolygonSlow,0.0316,-0.0769,0.0316,0.0095,0.0095
60.558,188.6,-3.5604,3.058,-2.7879,-1.569,2.94,480,0,219,348,0.3394,0.3955,SLOWDOWN,PolygonSlow,0.0316,-0.0769,0.0316,0.0095,0.0095
60.671,188.7,-3.5613,3.0578,-2.7895,-1.569,2.94,480,0,220,350,0.3386,0.3954,SLOWDOWN,PolygonSlow,0.0316,-0.0256,0.0316,0.0095,0.0095
60.766,188.8,-3.5622,3.0575,-2.7901,-1.569,2.94,480,0,221,349,0.3377,0.3957,SLOWDOWN,PolygonSlow,0.0316,-0.0256,0.0316,0.0095,0.0095
60.877,188.9,-3.5631,3.0572,-2.7906,-1.569,2.94,480,0,222,349,0.3368,0.3961,SLOWDOWN,PolygonSlow,0.0316,0.0,0.0316,0.0095,0.0095
60.971,189.0,-3.5638,3.057,-2.7921,-1.569,2.94,480,0,223,351,0.3361,0.3953,SLOWDOWN,PolygonSlow,0.0,0.0,0.0158,0.0047,0.0047
61.076,189.1,-3.5641,3.0572,-2.7979,-1.569,2.94,480,0,222,353,0.3358,0.3953,SLOWDOWN,PolygonSlow,0.0,0.0,0.0,0.0,0.0
61.176,189.2,-3.5641,3.0573,-2.7988,-1.569,2.94,480,0,224,353,0.3358,0.396,DO_NOTHING,,0.0,0.0,0.0,0.0,0.0
61.284,189.3,-3.5642,3.0573,-2.8003,-1.569,2.94,480,0,224,352,0.3356,0.3961,SLOWDOWN,PolygonSlow,0.0158,-0.3846,0.0158,0.0047,0.0047
61.377,189.4,-3.5647,3.0576,-2.8084,-1.569,2.94,480,0,228,356,0.3352,0.3952,SLOWDOWN,PolygonSlow,0.0158,-0.3846,0.0158,0.0047,0.0047
61.473,189.5,-3.5651,3.0581,-2.8185,-1.569,2.94,480,0,230,356,0.3348,0.3973,SLOWDOWN,PolygonSlow,0.0158,-0.3846,0.0158,0.0047,0.0047
61.573,189.6,-3.5656,3.0586,-2.8287,-1.569,2.94,480,0,236,356,0.3343,0.3958,SLOWDOWN,PolygonSlow,0.0158,-0.3846,0.0158,0.0047,0.0047
61.673,189.7,-3.566,3.0591,-2.8389,-1.569,2.94,480,0,238,355,0.3338,0.3961,SLOWDOWN,PolygonSlow,0.0158,-0.3846,0.0158,0.0047,0.0047
61.773,189.8,-3.5665,3.0596,-2.8492,-1.569,2.94,480,0,243,355,0.3334,0.3961,SLOWDOWN,PolygonSlow,0.0158,-0.3846,0.0158,0.0047,0.0047
61.874,189.9,-3.5669,3.0602,-2.859,-1.569,2.94,480,0,246,354,0.3329,0.3952,SLOWDOWN,PolygonSlow,0.0158,-0.3333,0.0158,0.0047,0.0047
61.973,190.0,-3.5674,3.0606,-2.868,-1.569,2.94,480,0,252,354,0.3325,0.3958,SLOWDOWN,PolygonSlow,0.0158,-0.3333,0.0158,0.0047,0.0047
62.073,190.1,-3.5678,3.0611,-2.8771,-1.569,2.94,480,0,257,352,0.332,0.3965,SLOWDOWN,PolygonSlow,0.0158,-0.3333,0.0158,0.0047,0.0047
62.175,190.2,-3.5683,3.0617,-2.8862,-1.569,2.94,480,0,260,353,0.3316,0.3972,SLOWDOWN,PolygonSlow,0.0158,-0.3333,0.0158,0.0047,0.0047
62.273,190.3,-3.5688,3.0622,-2.8953,-1.569,2.94,480,0,266,351,0.3311,0.3961,SLOWDOWN,PolygonSlow,0.0158,-0.3333,0.0158,0.0047,0.0047
62.374,190.4,-3.5692,3.0628,-2.9045,-1.569,2.94,480,0,270,351,0.3307,0.3968,SLOWDOWN,PolygonSlow,0.0158,-0.3333,0.0158,0.0047,0.0047
62.474,190.5,-3.5697,3.0633,-2.9138,-1.569,2.94,480,0,274,351,0.3302,0.3975,SLOWDOWN,PolygonSlow,0.0158,-0.3333,0.0158,0.0047,0.0047
62.574,190.6,-3.5701,3.0639,-2.9231,-1.569,2.94,480,0,279,351,0.3297,0.3965,SLOWDOWN,PolygonSlow,0.0158,-0.3333,0.0158,0.0047,0.0047
62.674,190.7,-3.5706,3.0645,-2.9325,-1.569,2.94,480,0,283,350,0.3293,0.397,SLOWDOWN,PolygonSlow,0.0158,-0.3333,0.0158,0.0047,0.0047
62.783,190.8,-3.5711,3.0651,-2.9419,-1.569,2.94,480,0,288,349,0.3288,0.3976,SLOWDOWN,PolygonSlow,0.0158,0.0769,0.0158,0.0047,0.0047
62.887,190.9,-3.5715,3.0656,-2.9496,-1.569,2.94,480,0,292,348,0.3283,0.3982,SLOWDOWN,PolygonSlow,0.0158,0.0769,0.0158,0.0047,0.0047
62.984,191.0,-3.572,3.0655,-2.9491,-1.569,2.94,480,0,292,348,0.3278,0.3986,SLOWDOWN,PolygonSlow,0.0158,0.0769,0.0158,0.0047,0.0047
63.085,191.1,-3.5725,3.0653,-2.9469,-1.569,2.94,480,0,292,348,0.3274,0.3978,SLOWDOWN,PolygonSlow,0.0158,0.0769,0.0158,0.0047,0.0047
63.185,191.2,-3.5729,3.065,-2.9447,-1.569,2.94,480,0,292,348,0.3269,0.3981,SLOWDOWN,PolygonSlow,0.0158,0.0769,0.0158,0.0047,0.0047
63.287,191.3,-3.5734,3.0647,-2.9425,-1.569,2.99,480,0,290,348,0.3264,0.3986,SLOWDOWN,PolygonSlow,0.0,-1.0,0.0158,0.0047,0.0047
63.409,191.4,-3.5736,3.0647,-2.9426,-1.569,2.99,480,0,291,348,0.3262,0.3985,SLOWDOWN,PolygonSlow,0.0,-1.0,0.0,0.0,0.0
63.49,191.5,-3.5736,3.0654,-2.9527,-1.569,2.99,480,0,294,348,0.3262,0.3989,SLOWDOWN,PolygonSlow,0.0,-1.0,0.0,0.0,0.0
63.596,191.6,-3.5736,3.0668,-2.9712,-1.569,2.99,480,0,303,347,0.3262,0.3986,SLOWDOWN,PolygonSlow,0.0,-1.0,0.0,0.0,0.0
63.686,191.7,-3.5736,3.069,-2.9985,-1.569,2.99,480,0,304,346,0.3262,0.4008,SLOWDOWN,PolygonSlow,0.0,-1.0,0.0,0.0,0.0
63.792,191.8,-3.5736,3.0714,-3.028,-1.569,2.99,480,0,306,345,0.3263,0.4006,SLOWDOWN,PolygonSlow,0.0,-0.1795,0.0,0.0,0.0
63.89,191.9,-3.5736,3.0737,-3.0553,-1.569,2.99,480,0,307,343,0.3262,0.4025,SLOWDOWN,PolygonSlow,0.0,-0.1282,0.0,0.0,0.0
63.998,192.0,-3.5736,3.0753,-3.0736,-1.569,2.99,480,0,308,342,0.3246,0.4085,SLOWDOWN,PolygonSlow,0.0,-0.1282,0.0,0.0,0.0
64.092,192.1,-3.5736,3.0759,-3.0812,-1.569,2.99,480,0,308,342,0.3239,0.4145,SLOWDOWN,PolygonSlow,0.0,-0.1282,0.0,0.0,0.0
64.228,192.2,-3.5736,3.0763,-3.0851,-1.569,2.94,480,0,308,342,0.3235,0.4177,SLOWDOWN,PolygonSlow,0.0,-0.1282,0.0,0.0,0.0
64.325,192.3,-3.5736,3.0766,-3.0891,-1.569,2.94,480,0,309,342,0.3231,0.4185,SLOWDOWN,PolygonSlow,0.0158,0.1795,0.0158,0.0,0.0
64.435,192.4,-3.574,3.0765,-3.0869,-1.569,2.94,480,0,309,342,0.3233,0.4185,SLOWDOWN,PolygonSlow,0.0158,0.1795,0.0158,0.0047,0.0047
64.535,192.5,-3.5745,3.076,-3.0814,-1.569,2.94,480,0,308,342,0.3238,0.4163,SLOWDOWN,PolygonSlow,0.0158,0.1795,0.0158,0.0047,0.0047
64.638,192.6,-3.575,3.0754,-3.0759,-1.569,2.94,480,0,308,342,0.3244,0.4127,SLOWDOWN,PolygonSlow,0.0158,0.1795,0.0158,0.0047,0.0047
64.728,192.7,-3.5754,3.0749,-3.0704,-1.569,2.94,480,0,308,342,0.3244,0.4093,SLOWDOWN,PolygonSlow,0.0158,0.1795,0.0158,0.0047,0.0047
64.828,192.8,-3.5759,3.0744,-3.0649,-1.569,2.94,480,0,308,343,0.3239,0.4059,SLOWDOWN,PolygonSlow,0.0158,0.1795,0.0158,0.0047,0.0047
64.929,192.9,-3.5764,3.0739,-3.0594,-1.569,2.94,480,0,308,342,0.3234,0.4028,SLOWDOWN,PolygonSlow,0.0158,0.1795,0.0158,0.0047,0.0047
65.028,193.0,-3.5768,3.0734,-3.054,-1.569,2.94,480,0,307,343,0.3229,0.4028,SLOWDOWN,PolygonSlow,0.0158,0.1795,0.0158,0.0047,0.0047
65.129,193.1,-3.5773,3.0729,-3.049,-1.569,2.94,480,0,307,343,0.3225,0.4041,SLOWDOWN,PolygonSlow,0.0,-0.1282,0.0,0.0,0.0
65.231,193.2,-3.5773,3.0731,-3.0507,-1.569,2.94,480,0,307,343,0.3225,0.4036,SLOWDOWN,PolygonSlow,0.0,-0.1795,0.0,0.0,0.0
65.33,193.3,-3.5773,3.0735,-3.0561,-1.569,2.94,480,0,308,343,0.3225,0.4036,SLOWDOWN,PolygonSlow,0.0,-0.1795,0.0,0.0,0.0
65.434,193.4,-3.5773,3.074,-3.0616,-1.569,2.94,480,0,308,343,0.3225,0.4058,SLOWDOWN,PolygonSlow,0.0,-0.1282,0.0,0.0,0.0
65.533,193.5,-3.5773,3.0743,-3.0655,-1.569,2.94,480,0,308,342,0.3225,0.4088,SLOWDOWN,PolygonSlow,0.0,-0.1282,0.0,0.0,0.0
65.633,193.6,-3.5773,3.0747,-3.0694,-1.569,2.94,480,0,308,342,0.3225,0.4118,SLOWDOWN,PolygonSlow,0.0,-0.1282,0.0,0.0,0.0
65.73,193.7,-3.5773,3.075,-3.0733,-1.569,2.94,480,0,308,342,0.3226,0.4149,SLOWDOWN,PolygonSlow,0.0,-0.1282,0.0,0.0,0.0
65.831,193.8,-3.5773,3.0753,-3.0772,-1.569,2.94,480,0,309,342,0.3225,0.418,SLOWDOWN,PolygonSlow,0.0,-0.1282,0.0,0.0,0.0
65.935,193.9,-3.5773,3.0757,-3.0812,-1.569,2.94,480,0,309,342,0.3225,0.4186,SLOWDOWN,PolygonSlow,0.0,-0.1282,0.0,0.0,0.0
66.038,194.0,-3.5773,3.076,-3.0851,-1.569,2.94,480,0,309,342,0.3225,0.4182,SLOWDOWN,PolygonSlow,0.0,-0.1282,0.0,0.0,0.0
66.149,194.1,-3.5773,3.0764,-3.0891,-1.569,2.94,480,0,309,342,0.3225,0.4179,SLOWDOWN,PolygonSlow,0.0,-0.1282,0.0,0.0,0.0
66.251,194.2,-3.5773,3.0767,-3.0931,-1.569,2.94,480,0,309,341,0.3224,0.4175,SLOWDOWN,PolygonSlow,0.0,-0.1282,0.0,0.0,0.0
66.349,194.3,-3.5773,3.0771,-3.097,-1.569,2.94,480,0,309,341,0.3224,0.4171,SLOWDOWN,PolygonSlow,0.0,-0.1282,0.0,0.0,0.0
66.45,194.4,-3.5773,3.0774,-3.101,-1.569,2.94,480,0,310,342,0.3223,0.4167,SLOWDOWN,PolygonSlow,0.0,-0.1282,0.0,0.0,0.0
66.553,194.5,-3.5773,3.0778,-3.105,-1.569,2.94,480,0,310,341,0.3219,0.4163,SLOWDOWN,PolygonSlow,0.0,-0.1282,0.0,0.0,0.0
66.658,194.6,-3.5773,3.0781,-3.109,-1.569,2.94,480,0,310,341,0.3216,0.416,SLOWDOWN,PolygonSlow,0.0,-0.1282,0.0,0.0,0.0
66.768,194.7,-3.5773,3.0785,-3.113,-1.569,2.94,480,0,310,341,0.3212,0.4156,SLOWDOWN,PolygonSlow,0.0,-0.1282,0.0,0.0,0.0
66.86,194.8,-3.5773,3.0788,-3.1171,-1.569,2.94,480,0,311,340,0.3209,0.4152,SLOWDOWN,PolygonSlow,0.0,-0.1282,0.0,0.0,0.0
66.972,194.9,-3.5773,3.0792,-3.1211,-1.569,2.94,480,0,311,340,0.3206,0.4148,SLOWDOWN,PolygonSlow,0.0,-0.1282,0.0,0.0,0.0
67.067,195.0,-3.5773,3.0796,-3.1252,-1.569,2.94,480,0,311,340,0.3202,0.4144,SLOWDOWN,PolygonSlow,0.0,-0.1282,0.0,0.0,0.0
67.172,195.1,-3.5773,3.0799,-3.1292,-1.569,2.94,480,0,311,340,0.3199,0.414,SLOWDOWN,PolygonSlow,0.0,-0.1282,0.0,0.0,0.0
67.269,195.2,-3.5773,3.0803,-3.1333,-1.569,2.94,480,0,311,340,0.3196,0.4136,SLOWDOWN,PolygonSlow,0.0,-0.1282,0.0,0.0,0.0
67.383,195.3,-3.5773,3.0807,-3.1374,-1.569,2.94,480,0,312,339,0.3193,0.4132,SLOWDOWN,PolygonSlow,0.0,-0.1282,0.0,0.0,0.0
67.48,195.4,-3.5773,3.0809,-3.1406,-1.569,2.94,480,0,312,340,0.3189,0.4128,SLOWDOWN,PolygonSlow,0.0,-0.0769,0.0,0.0,0.0
67.583,195.5,-3.5773,3.0812,3.1401,-1.569,2.94,480,0,312,340,0.3187,0.4126,SLOWDOWN,PolygonSlow,0.0,-0.0769,0.0,0.0,0.0
67.681,195.6,-3.5773,3.0814,3.1376,-1.569,2.94,480,0,312,340,0.3184,0.4123,SLOWDOWN,PolygonSlow,0.0,-0.0769,0.0,0.0,0.0
67.797,195.7,-3.5773,3.0816,3.1352,-1.569,2.94,480,0,312,339,0.3182,0.4121,SLOWDOWN,PolygonSlow,0.0,-0.0769,0.0,0.0,0.0
67.892,195.8,-3.5773,3.0818,3.1327,-1.569,2.94,480,0,312,339,0.318,0.4118,SLOWDOWN,PolygonSlow,0.0,-0.0769,0.0,0.0,0.0
68.018,195.9,-3.5773,3.082,3.1303,-1.569,2.94,480,0,312,340,0.3177,0.4116,SLOWDOWN,PolygonSlow,0.0,-0.0769,0.0,0.0,0.0
68.12,196.0,-3.5773,3.0823,3.1279,-1.569,2.94,480,0,313,339,0.3175,0.4114,SLOWDOWN,PolygonSlow,0.0,-0.0769,0.0,0.0,0.0
68.211,196.1,-3.5773,3.0825,3.1254,-1.569,2.94,480,0,313,339,0.3173,0.4111,SLOWDOWN,PolygonSlow,0.0,-0.0769,0.0,0.0,0.0
68.314,196.2,-3.5773,3.0827,3.123,-1.569,2.94,480,0,313,339,0.317,0.4109,SLOWDOWN,PolygonSlow,0.0,-0.0769,0.0,0.0,0.0
68.423,196.3,-3.5773,3.0829,3.1206,-1.569,2.94,480,0,313,338,0.3168,0.4106,SLOWDOWN,PolygonSlow,0.0,-0.0769,0.0,0.0,0.0
68.516,196.4,-3.5773,3.0831,3.1181,-1.569,2.94,480,0,313,338,0.3166,0.4104,SLOWDOWN,PolygonSlow,0.0,-0.0769,0.0,0.0,0.0
68.616,196.5,-3.5773,3.0833,3.1157,-1.569,2.94,480,0,313,339,0.3164,0.4101,SLOWDOWN,PolygonSlow,0.0,-0.0769,0.0,0.0,0.0
68.714,196.6,-3.5773,3.0836,3.1133,-1.569,2.94,480,0,313,339,0.3162,0.4099,SLOWDOWN,PolygonSlow,0.0,-0.0769,0.0,0.0,0.0
68.829,196.7,-3.5773,3.0838,3.1109,-1.569,2.94,480,0,314,339,0.3159,0.4096,SLOWDOWN,PolygonSlow,0.0,-0.0769,0.0,0.0,0.0
68.967,196.8,-3.5773,3.084,3.1085,-1.569,2.94,480,0,314,338,0.3157,0.4094,SLOWDOWN,PolygonSlow,0.0,-0.0769,0.0,0.0,0.0
69.067,196.9,-3.5773,3.0842,3.1061,-1.569,2.94,480,0,314,338,0.3155,0.4091,SLOWDOWN,PolygonSlow,0.0,-0.0769,0.0,0.0,0.0
69.166,197.0,-3.5773,3.0844,3.1037,-1.569,2.94,480,0,314,339,0.3153,0.4089,SLOWDOWN,PolygonSlow,0.0,-0.0769,0.0,0.0,0.0
69.28,197.1,-3.5773,3.0846,3.1013,-1.569,2.94,480,0,314,338,0.3151,0.4086,SLOWDOWN,PolygonSlow,0.0,-0.0769,0.0,0.0,0.0
69.391,197.2,-3.5773,3.0848,3.0989,-1.569,2.94,480,0,314,338,0.3149,0.4084,SLOWDOWN,PolygonSlow,0.0,-0.0769,0.0,0.0,0.0
69.498,197.3,-3.5773,3.085,3.0965,-1.569,2.94,480,0,314,338,0.3147,0.4081,SLOWDOWN,PolygonSlow,0.0,-0.0769,0.0,0.0,0.0
69.598,197.4,-3.5773,3.0853,3.0941,-1.569,2.94,480,0,314,338,0.3145,0.4079,SLOWDOWN,PolygonSlow,0.0,-0.0769,0.0,0.0,0.0
69.7,197.5,-3.5773,3.0855,3.0917,-1.569,2.94,480,0,315,338,0.3143,0.4076,SLOWDOWN,PolygonSlow,0.0,-0.0769,0.0,0.0,0.0
69.796,197.6,-3.5773,3.0857,3.0893,-1.569,2.94,480,0,315,339,0.3141,0.4074,SLOWDOWN,PolygonSlow,0.0,-0.0769,0.0,0.0,0.0
69.897,197.7,-3.5773,3.0859,3.087,-1.569,2.94,480,0,315,339,0.314,0.4071,SLOWDOWN,PolygonSlow,0.0,-0.0769,0.0,0.0,0.0
70.003,197.8,-3.5773,3.0861,3.0846,-1.569,2.94,480,0,315,339,0.3138,0.4069,SLOWDOWN,PolygonSlow,0.0,-0.0769,0.0,0.0,0.0
70.107,197.9,-3.5773,3.0863,3.0822,-1.569,2.94,480,0,315,339,0.3136,0.4066,SLOWDOWN,PolygonSlow,0.0,-0.0769,0.0,0.0,0.0
70.227,198.0,-3.5773,3.0865,3.0799,-1.569,2.94,480,0,315,339,0.3134,0.4064,SLOWDOWN,PolygonSlow,0.0,-0.0769,0.0,0.0,0.0
70.319,198.1,-3.5773,3.0867,3.0775,-1.569,2.94,480,0,315,340,0.3131,0.4061,SLOWDOWN,PolygonSlow,0.0,-0.0769,0.0,0.0,0.0
70.437,198.2,-3.5773,3.087,3.0747,-1.569,2.94,480,0,315,340,0.3129,0.4059,SLOWDOWN,PolygonSlow,0.0,0.4872,0.0,0.0,0.0
70.514,198.3,-3.5773,3.0867,3.0778,-1.569,2.94,480,0,315,340,0.3131,0.4062,SLOWDOWN,PolygonSlow,0.0,0.4872,0.0,0.0,0.0
70.634,198.4,-3.5773,3.0857,3.0909,-1.569,2.94,480,0,315,339,0.3141,0.4076,SLOWDOWN,PolygonSlow,0.0,0.4872,0.0,0.0,0.0
70.734,198.5,-3.5773,3.0843,3.1061,-1.569,2.94,480,0,314,338,0.3154,0.4091,SLOWDOWN,PolygonSlow,0.0,0.4872,0.0,0.0,0.0
70.844,198.6,-3.5773,3.083,3.1214,-1.569,2.94,480,0,313,338,0.3168,0.4107,SLOWDOWN,PolygonSlow,0.0,0.4872,0.0,0.0,0.0
70.949,198.7,-3.5773,3.0816,3.1368,-1.569,2.94,480,0,312,340,0.3182,0.4123,SLOWDOWN,PolygonSlow,0.0,0.4872,0.0,0.0,0.0
71.064,198.8,-3.5773,3.0802,-3.1309,-1.569,2.94,480,0,311,340,0.3197,0.4138,SLOWDOWN,PolygonSlow,0.0,0.4359,0.0,0.0,0.0
71.169,198.9,-3.5773,3.079,-3.1171,-1.569,2.94,480,0,311,340,0.3208,0.4152,SLOWDOWN,PolygonSlow,0.0,0.4359,0.0,0.0,0.0
71.276,199.0,-3.5773,3.0778,-3.1034,-1.569,2.94,480,0,310,341,0.322,0.4165,SLOWDOWN,PolygonSlow,0.0,0.4359,0.0,0.0,0.0
71.381,199.1,-3.5773,3.0766,-3.0899,-1.569,2.94,480,0,309,342,0.3225,0.4178,SLOWDOWN,PolygonSlow,0.0,0.4359,0.0,0.0,0.0
71.483,199.2,-3.5773,3.0754,-3.0765,-1.569,2.94,480,0,308,342,0.3226,0.4174,SLOWDOWN,PolygonSlow,0.0,0.0,0.0,0.0,0.0
71.584,199.3,-3.5773,3.0744,-3.0655,-1.569,2.94,480,0,308,342,0.3225,0.4088,SLOWDOWN,PolygonSlow,0.0,0.3846,0.0,0.0,0.0
71.682,199.4,-3.5773,3.074,-3.06,-1.569,2.94,480,0,308,343,0.3225,0.4047,SLOWDOWN,PolygonSlow,0.0,0.3846,0.0,0.0,0.0
71.781,199.5,-3.5773,3.073,-3.0485,-1.569,2.94,480,0,307,343,0.3225,0.4044,SLOWDOWN,PolygonSlow,0.0,0.3846,0.0,0.0,0.0
71.903,199.6,-3.5773,3.0721,-3.0369,-1.569,2.94,480,0,306,343,0.3226,0.4029,SLOWDOWN,PolygonSlow,0.0,0.3846,0.0,0.0,0.0
71.994,199.7,-3.5773,3.0711,-3.0254,-1.569,2.94,480,0,306,344,0.3226,0.4035,SLOWDOWN,PolygonSlow,0.0,0.3846,0.0,0.0,0.0
72.096,199.8,-3.5773,3.0702,-3.014,-1.569,2.94,480,0,305,344,0.3226,0.4029,SLOWDOWN,PolygonSlow,0.0,0.3846,0.0,0.0,0.0
72.195,199.9,-3.5773,3.0692,-3.0027,-1.569,2.94,480,0,305,345,0.3226,0.4013,SLOWDOWN,PolygonSlow,0.0,0.3846,0.0,0.0,0.0
72.298,200.0,-3.5773,3.0683,-2.9915,-1.569,2.94,480,0,304,346,0.3226,0.4028,SLOWDOWN,PolygonSlow,0.0,0.3333,0.0,0.0,0.0
72.399,200.1,-3.5773,3.0675,-2.9818,-1.569,2.94,480,0,304,346,0.3226,0.4008,SLOWDOWN,PolygonSlow,0.0,0.3333,0.0,0.0,0.0
72.497,200.2,-3.5773,3.0668,-2.9722,-1.569,2.94,480,0,303,347,0.3225,0.4014,SLOWDOWN,PolygonSlow,0.0,0.3333,0.0,0.0,0.0
72.598,200.3,-3.5773,3.066,-2.9626,-1.569,2.94,480,0,303,347,0.3225,0.401,SLOWDOWN,PolygonSlow,0.0,0.3333,0.0,0.0,0.0
72.698,200.4,-3.5773,3.0653,-2.953,-1.569,2.94,480,0,299,348,0.3225,0.4021,SLOWDOWN,PolygonSlow,0.0,0.3333,0.0,0.0,0.0
72.807,200.5,-3.5773,3.0645,-2.9436,-1.569,2.94,480,0,294,348,0.3226,0.3999,SLOWDOWN,PolygonSlow,0.0,0.3333,0.0,0.0,0.0
72.901,200.6,-3.5773,3.0638,-2.9342,-1.569,2.94,480,0,292,348,0.3226,0.4007,SLOWDOWN,PolygonSlow,0.0,0.3333,0.0,0.0,0.0
73.003,200.7,-3.5773,3.0631,-2.9252,-1.569,2.94,480,0,287,349,0.3226,0.4017,SLOWDOWN,PolygonSlow,0.0,0.2821,0.0,0.0,0.0
73.101,200.8,-3.5773,3.0625,-2.9173,-1.569,2.94,480,0,285,350,0.3226,0.4005,SLOWDOWN,PolygonSlow,0.0,0.2821,0.0,0.0,0.0
73.203,200.9,-3.5773,3.062,-2.9095,-1.569,2.94,480,0,280,350,0.3226,0.3993,SLOWDOWN,PolygonSlow,0.0,0.2821,0.0,0.0,0.0
73.309,201.0,-3.5773,3.0614,-2.9017,-1.569,2.94,480,0,275,350,0.3226,0.3998,SLOWDOWN,PolygonSlow,0.0,0.2821,0.0,0.0,0.0
73.405,201.1,-3.5773,3.0608,-2.8939,-1.569,2.94,480,0,271,350,0.3226,0.4004,SLOWDOWN,PolygonSlow,0.0,0.2821,0.0,0.0,0.0
73.511,201.2,-3.5773,3.0603,-2.8861,-1.569,2.94,480,0,267,351,0.3226,0.3992,SLOWDOWN,PolygonSlow,0.0,0.2821,0.0,0.0,0.0
73.618,201.3,-3.5773,3.0597,-2.8784,-1.569,2.94,480,0,264,351,0.3226,0.3997,SLOWDOWN,PolygonSlow,0.0,0.2821,0.0,0.0,0.0
73.708,201.4,-3.5773,3.0592,-2.8707,-1.569,2.94,480,0,262,352,0.3226,0.4002,SLOWDOWN,PolygonSlow,0.0,0.2821,0.0,0.0,0.0
73.82,201.5,-3.5773,3.0587,-2.8631,-1.569,2.94,480,0,258,352,0.3226,0.3992,SLOWDOWN,PolygonSlow,0.0,0.2308,0.0,0.0,0.0
73.919,201.6,-3.5773,3.0582,-2.8559,-1.569,2.94,480,0,253,353,0.3226,0.3993,SLOWDOWN,PolygonSlow,0.0,0.2308,0.0,0.0,0.0
74.023,201.7,-3.5773,3.0578,-2.8497,-1.569,2.94,480,0,253,352,0.3226,0.3994,SLOWDOWN,PolygonSlow,0.0,0.2308,0.0,0.0,0.0
74.12,201.8,-3.5773,3.0574,-2.8435,-1.569,2.94,480,0,249,353,0.3226,0.3995,SLOWDOWN,PolygonSlow,0.0,0.2308,0.0,0.0,0.0
74.241,201.9,-3.5773,3.0569,-2.8374,-1.569,2.94,480,0,247,354,0.3226,0.3996,SLOWDOWN,PolygonSlow,0.0,0.2308,0.0,0.0,0.0
74.336,202.0,-3.5773,3.0565,-2.8312,-1.569,2.94,480,0,245,354,0.3226,0.4015,SLOWDOWN,PolygonSlow,0.0,0.2308,0.0,0.0,0.0
74.448,202.1,-3.5773,3.0562,-2.8251,-1.569,2.94,480,0,242,355,0.3227,0.3997,SLOWDOWN,PolygonSlow,0.0,0.2308,0.0,0.0,0.0
74.541,202.2,-3.5773,3.0558,-2.819,-1.569,2.94,480,0,242,355,0.3227,0.3998,SLOWDOWN,PolygonSlow,0.0,0.2308,0.0,0.0,0.0
74.646,202.3,-3.5773,3.0554,-2.813,-1.569,2.94,480,0,239,356,0.3226,0.3998,SLOWDOWN,PolygonSlow,0.0,0.2308,0.0,0.0,0.0
74.746,202.4,-3.5773,3.055,-2.8069,-1.569,2.94,480,0,236,356,0.3226,0.3999,SLOWDOWN,PolygonSlow,0.0,0.2308,0.0,0.0,0.0
74.854,202.5,-3.5773,3.0546,-2.8009,-1.569,2.94,480,0,235,353,0.3226,0.3999,SLOWDOWN,PolygonSlow,0.0,0.2308,0.0,0.0,0.0
74.958,202.6,-3.5773,3.0543,-2.7949,-1.569,2.94,480,0,233,352,0.3226,0.4018,SLOWDOWN,PolygonSlow,0.0,0.1795,0.0,0.0,0.0
75.06,202.7,-3.5773,3.054,-2.7897,-1.569,2.94,480,0,231,351,0.3226,0.3998,SLOWDOWN,PolygonSlow,0.0,0.1795,0.0,0.0,0.0
75.157,202.8,-3.5773,3.0537,-2.7851,-1.569,2.94,480,0,230,350,0.3226,0.4008,SLOWDOWN,PolygonSlow,0.0,0.1795,0.0,0.0,0.0
75.287,202.9,-3.5773,3.0534,-2.7804,-1.569,2.94,480,0,228,349,0.3226,0.4009,SLOWDOWN,PolygonSlow,0.0,0.1795,0.0,0.0,0.0
75.385,203.0,-3.5773,3.0532,-2.7758,-1.569,2.94,480,0,228,347,0.3226,0.4005,SLOWDOWN,PolygonSlow,0.0,0.1795,0.0,0.0,0.0
75.482,203.1,-3.5773,3.0529,-2.7712,-1.569,2.94,480,0,226,345,0.3226,0.4001,SLOWDOWN,PolygonSlow,0.0,0.1795,0.0,0.0,0.0
75.582,203.2,-3.5773,3.0526,-2.7666,-1.569,2.94,480,0,224,344,0.3226,0.4015,SLOWDOWN,PolygonSlow,0.0,0.1795,0.0,0.0,0.0
75.69,203.3,-3.5773,3.0524,-2.762,-1.569,2.94,480,0,223,343,0.3226,0.4012,SLOWDOWN,PolygonSlow,0.0,0.1795,0.0,0.0,0.0
75.784,203.4,-3.5773,3.0521,-2.7575,-1.569,2.94,480,0,222,342,0.3226,0.4008,SLOWDOWN,PolygonSlow,0.0,0.1795,0.0,0.0,0.0
75.883,203.5,-3.5773,3.0519,-2.7529,-1.569,2.94,480,0,221,340,0.3226,0.4009,SLOWDOWN,PolygonSlow,0.0,0.1795,0.0,0.0,0.0
75.984,203.6,-3.5773,3.0516,-2.7484,-1.569,2.94,480,0,220,338,0.3226,0.4019,SLOWDOWN,PolygonSlow,0.0,0.1795,0.0,0.0,0.0
76.085,203.7,-3.5773,3.0514,-2.7438,-1.569,2.94,480,0,220,336,0.3226,0.4033,SLOWDOWN,PolygonSlow,0.0,0.1795,0.0,0.0,0.0
76.184,203.8,-3.5773,3.0512,-2.7393,-1.569,2.94,480,0,219,335,0.3226,0.4011,SLOWDOWN,PolygonSlow,0.0,0.1795,0.0,0.0,0.0
76.288,203.9,-3.5773,3.0509,-2.7348,-1.569,2.94,480,0,217,333,0.3226,0.4022,SLOWDOWN,PolygonSlow,0.0,0.1795,0.0,0.0,0.0
76.39,204.0,-3.5773,3.0507,-2.7304,-1.569,2.94,480,0,216,332,0.3226,0.4021,SLOWDOWN,PolygonSlow,0.0,0.1282,0.0,0.0,0.0
76.509,204.1,-3.5773,3.0505,-2.7272,-1.569,2.94,480,0,216,331,0.3226,0.4014,SLOWDOWN,PolygonSlow,0.0,0.1282,0.0,0.0,0.0
76.612,204.2,-3.5773,3.0504,-2.724,-1.569,2.94,480,0,215,330,0.3226,0.4023,SLOWDOWN,PolygonSlow,0.0,0.1282,0.0,0.0,0.0
76.715,204.3,-3.5773,3.0502,-2.7208,-1.569,2.94,480,0,213,329,0.3226,0.4016,SLOWDOWN,PolygonSlow,0.0,0.1282,0.0,0.0,0.0
76.817,204.4,-3.5773,3.0501,-2.7177,-1.569,2.94,480,0,212,327,0.3226,0.4026,SLOWDOWN,PolygonSlow,0.0,0.1282,0.0,0.0,0.0
76.924,204.5,-3.5773,3.0499,-2.7145,-1.569,2.94,480,0,212,327,0.3226,0.4019,SLOWDOWN,PolygonSlow,0.0,0.1282,0.0,0.0,0.0
77.038,204.6,-3.5773,3.0497,-2.7107,-1.569,2.94,480,0,211,327,0.3226,0.4028,SLOWDOWN,PolygonSlow,0.0,0.1282,0.0,0.0,0.0
77.122,204.7,-3.5773,3.0496,-2.7081,-1.569,2.94,480,0,212,325,0.3226,0.4022,SLOWDOWN,PolygonSlow,0.0,0.1282,0.0,0.0,0.0
77.23,204.8,-3.5773,3.0495,-2.705,-1.569,2.94,480,0,210,324,0.3226,0.403,SLOWDOWN,PolygonSlow,0.0,0.1282,0.0,0.0,0.0
77.319,204.9,-3.5773,3.0493,-2.7018,-1.569,2.94,480,0,210,323,0.3226,0.4025,SLOWDOWN,PolygonSlow,0.0,0.1282,0.0,0.0,0.0
77.427,205.0,-3.5773,3.0492,-2.6987,-1.569,2.94,480,0,208,323,0.3226,0.4026,SLOWDOWN,PolygonSlow,0.0,0.1282,0.0,0.0,0.0
77.532,205.1,-3.5773,3.049,-2.6955,-1.569,2.94,480,0,208,321,0.3226,0.4024,SLOWDOWN,PolygonSlow,0.0,0.1282,0.0,0.0,0.0
77.633,205.2,-3.5773,3.0489,-2.6924,-1.569,2.94,480,0,208,321,0.3226,0.4021,SLOWDOWN,PolygonSlow,0.0,0.1282,0.0,0.0,0.0
77.733,205.3,-3.5773,3.0487,-2.6893,-1.569,2.94,480,0,207,320,0.3226,0.4019,SLOWDOWN,PolygonSlow,0.0,0.1282,0.0,0.0,0.0
77.834,205.4,-3.5773,3.0486,-2.6861,-1.569,2.94,480,0,207,319,0.3226,0.4016,SLOWDOWN,PolygonSlow,0.0,0.1282,0.0,0.0,0.0
77.931,205.5,-3.5773,3.0485,-2.683,-1.569,2.94,480,0,206,317,0.3226,0.4014,SLOWDOWN,PolygonSlow,0.0,0.1282,0.0,0.0,0.0
78.04,205.6,-3.5773,3.0483,-2.6799,-1.569,2.94,480,0,206,315,0.3226,0.4011,SLOWDOWN,PolygonSlow,0.0,0.1282,0.0,0.0,0.0
78.135,205.7,-3.5773,3.0482,-2.6768,-1.569,2.94,480,0,205,314,0.3227,0.4009,SLOWDOWN,PolygonSlow,0.0,0.1282,0.0,0.0,0.0
78.234,205.8,-3.5773,3.0481,-2.6737,-1.569,2.94,480,0,205,314,0.3227,0.4006,SLOWDOWN,PolygonSlow,0.0,0.1282,0.0,0.0,0.0
78.336,205.9,-3.5773,3.0479,-2.6706,-1.569,2.94,480,0,203,315,0.3227,0.4003,SLOWDOWN,PolygonSlow,0.0,0.0769,0.0,0.0,0.0
78.438,206.0,-3.5773,3.0478,-2.6681,-1.569,2.94,480,0,203,314,0.3227,0.4001,SLOWDOWN,PolygonSlow,0.0,0.0769,0.0,0.0,0.0
78.535,206.1,-3.5773,3.0478,-2.6663,-1.569,2.94,480,0,203,313,0.3227,0.4,SLOWDOWN,PolygonSlow,0.0,0.0769,0.0,0.0,0.0
78.635,206.2,-3.5773,3.0477,-2.6644,-1.569,2.94,480,0,202,313,0.3227,0.3998,SLOWDOWN,PolygonSlow,0.0,0.0769,0.0,0.0,0.0
78.736,206.3,-3.5773,3.0476,-2.6626,-1.569,2.94,480,0,202,312,0.3227,0.3996,SLOWDOWN,PolygonSlow,0.0,0.0769,0.0,0.0,0.0
78.836,206.4,-3.5773,3.0475,-2.6607,-1.569,2.94,480,0,202,311,0.3227,0.3995,SLOWDOWN,PolygonSlow,0.0,0.0769,0.0,0.0,0.0
78.972,206.5,-3.5773,3.0475,-2.6589,-1.569,2.94,480,0,202,310,0.3227,0.3993,SLOWDOWN,PolygonSlow,0.0,0.0769,0.0,0.0,0.0
79.065,206.6,-3.5773,3.0474,-2.657,-1.569,2.94,480,0,202,311,0.3227,0.3992,SLOWDOWN,PolygonSlow,0.0,0.0769,0.0,0.0,0.0
79.171,206.7,-3.5773,3.0473,-2.6552,-1.569,2.94,480,0,202,310,0.3227,0.399,SLOWDOWN,PolygonSlow,0.0,0.0769,0.0,0.0,0.0
79.275,206.8,-3.5773,3.0473,-2.6533,-1.569,2.94,480,0,201,310,0.3227,0.3988,SLOWDOWN,PolygonSlow,0.0,0.0769,0.0,0.0,0.0
79.376,206.9,-3.5773,3.0472,-2.6515,-1.569,2.94,480,0,201,309,0.3227,0.3987,SLOWDOWN,PolygonSlow,0.0,0.0769,0.0,0.0,0.0
79.474,207.0,-3.5773,3.0471,-2.6497,-1.569,2.94,480,0,200,309,0.3227,0.3985,SLOWDOWN,PolygonSlow,0.0,0.0769,0.0,0.0,0.0
79.585,207.1,-3.5773,3.047,-2.6478,-1.569,2.94,480,0,200,308,0.3227,0.3984,SLOWDOWN,PolygonSlow,0.0,0.0769,0.0,0.0,0.0
79.684,207.2,-3.5773,3.047,-2.646,-1.569,2.94,480,0,200,308,0.3227,0.3982,SLOWDOWN,PolygonSlow,0.0,0.0769,0.0,0.0,0.0
79.782,207.3,-3.5773,3.0469,-2.6442,-1.569,2.94,480,0,199,308,0.3227,0.398,SLOWDOWN,PolygonSlow,0.0,0.0769,0.0,0.0,0.0
79.885,207.4,-3.5773,3.0468,-2.6424,-1.569,2.94,480,0,199,308,0.3227,0.3979,SLOWDOWN,PolygonSlow,0.0,0.0769,0.0,0.0,0.0
79.994,207.5,-3.5773,3.0468,-2.6405,-1.569,2.94,480,0,199,306,0.3227,0.3977,SLOWDOWN,PolygonSlow,0.0,0.0769,0.0,0.0,0.0
80.096,207.6,-3.5773,3.0467,-2.6387,-1.569,2.94,480,0,199,306,0.3227,0.3975,SLOWDOWN,PolygonSlow,0.0,0.0769,0.0,0.0,0.0
80.221,207.7,-3.5773,3.0467,-2.6369,-1.569,2.94,480,0,198,306,0.3227,0.3974,SLOWDOWN,PolygonSlow,0.0,0.0769,0.0,0.0,0.0
80.325,207.8,-3.5773,3.0466,-2.6351,-1.569,2.94,480,0,197,306,0.3227,0.3972,SLOWDOWN,PolygonSlow,0.0,0.0769,0.0,0.0,0.0
80.442,207.9,-3.5773,3.0465,-2.6329,-1.569,2.94,480,0,197,305,0.3227,0.397,SLOWDOWN,PolygonSlow,0.0,0.0769,0.0,0.0,0.0
80.531,208.0,-3.5773,3.0465,-2.6314,-1.569,2.94,480,0,197,305,0.3227,0.3969,SLOWDOWN,PolygonSlow,0.0,0.0769,0.0,0.0,0.0
80.656,208.1,-3.5773,3.0464,-2.6293,-1.569,2.94,480,0,196,305,0.3227,0.3967,SLOWDOWN,PolygonSlow,0.0,0.0769,0.0,0.0,0.0
80.743,208.2,-3.5773,3.0463,-2.6278,-1.569,2.94,480,0,196,304,0.3227,0.3965,SLOWDOWN,PolygonSlow,0.0,0.0769,0.0,0.0,0.0
80.854,208.3,-3.5773,3.0463,-2.626,-1.569,2.94,480,0,195,303,0.3227,0.3964,SLOWDOWN,PolygonSlow,0.0,0.0769,0.0,0.0,0.0
80.958,208.4,-3.5773,3.0462,-2.6242,-1.569,2.94,480,0,195,303,0.3227,0.3962,SLOWDOWN,PolygonSlow,0.0,0.0769,0.0,0.0,0.0
81.087,208.5,-3.5773,3.0462,-2.6224,-1.569,2.94,480,0,196,302,0.3227,0.396,SLOWDOWN,PolygonSlow,0.0,0.0769,0.0,0.0,0.0
81.2,208.6,-3.5773,3.0461,-2.6206,-1.569,2.94,480,0,195,302,0.3227,0.3958,SLOWDOWN,PolygonSlow,0.0,0.0769,0.0,0.0,0.0
81.294,208.7,-3.5773,3.046,-2.6188,-1.569,2.94,480,0,195,300,0.3227,0.3957,SLOWDOWN,PolygonSlow,0.0,0.0769,0.0,0.0,0.0
81.392,208.8,-3.5773,3.046,-2.617,-1.569,2.94,480,0,195,300,0.3227,0.3955,SLOWDOWN,PolygonSlow,0.0,0.0769,0.0,0.0,0.0
81.495,208.9,-3.5773,3.0459,-2.6152,-1.569,2.94,480,0,195,299,0.3227,0.3953,SLOWDOWN,PolygonSlow,0.0,0.0769,0.0,0.0,0.0
81.598,209.0,-3.5773,3.0459,-2.6134,-1.569,2.94,480,0,195,299,0.3227,0.3952,SLOWDOWN,PolygonSlow,0.0,0.0769,0.0,0.0,0.0
81.723,209.1,-3.5773,3.0458,-2.6116,-1.569,2.94,480,0,193,299,0.3227,0.395,SLOWDOWN,PolygonSlow,0.0,0.0769,0.0,0.0,0.0
81.824,209.2,-3.5773,3.0458,-2.6098,-1.569,2.94,480,0,193,300,0.3227,0.3948,SLOWDOWN,PolygonSlow,0.0,0.0256,0.0,0.0,0.0
81.925,209.3,-3.5773,3.0457,-2.6086,-1.569,2.94,480,0,193,300,0.3227,0.3947,SLOWDOWN,PolygonSlow,0.0,1.0,0.0,0.0,0.0
82.028,209.4,-3.5773,3.0457,-2.6071,-1.569,2.94,480,0,194,299,0.3227,0.3946,SLOWDOWN,PolygonSlow,0.0,1.0,0.0,0.0,0.0
82.132,209.5,-3.5772,3.0455,-2.5995,-1.569,2.94,480,0,192,296,0.3228,0.3938,SLOWDOWN,PolygonSlow,0.0,1.0,0.0,0.0,0.0
82.23,209.6,-3.5771,3.0452,-2.5844,-1.569,2.94,480,0,191,294,0.3228,0.3924,SLOWDOWN,PolygonSlow,0.0,1.0,0.0,0.0,0.0
82.337,209.7,-3.577,3.0448,-2.5637,-1.569,2.94,480,0,188,289,0.323,0.3905,SLOWDOWN,PolygonSlow,0.0,1.0,0.0,0.0,0.0
82.438,209.8,-3.577,3.0444,-2.5418,-1.569,2.94,480,0,185,284,0.3231,0.3886,SLOWDOWN,PolygonSlow,0.0,1.0,0.0,0.0,0.0
82.537,209.9,-3.5768,3.0442,-2.5207,-1.569,2.94,480,0,183,281,0.3232,0.3867,SLOWDOWN,PolygonSlow,0.0,1.0,0.0,0.0,0.0
82.653,210.0,-3.5765,3.0442,-2.5005,-1.569,2.94,480,0,181,277,0.3235,0.3849,SLOWDOWN,PolygonSlow,0.0,1.0,0.0,0.0,0.0
82.761,210.1,-3.5764,3.0442,-2.4841,-1.569,2.94,480,0,179,274,0.3236,0.3832,SLOWDOWN,PolygonSlow,0.0,1.0,0.0,0.0,0.0
82.853,210.2,-3.5763,3.0442,-2.4589,-1.569,2.94,480,0,177,271,0.3237,0.3816,SLOWDOWN,PolygonSlow,0.0,1.0,0.0,0.0,0.0
82.999,210.3,-3.5762,3.0442,-2.4373,-1.569,2.94,480,0,174,267,0.3238,0.3801,SLOWDOWN,PolygonSlow,0.0,1.0,0.0,0.0,0.0
83.092,210.4,-3.576,3.0442,-2.4153,-1.569,2.94,480,0,173,265,0.324,0.3787,SLOWDOWN,PolygonSlow,0.0,1.0,0.0,0.0,0.0
83.2,210.5,-3.5757,3.0442,-2.3928,-1.569,2.94,480,0,170,262,0.3243,0.3775,SLOWDOWN,PolygonSlow,0.0,1.0,0.0,0.0,0.0
83.293,210.6,-3.5755,3.0442,-2.3697,-1.569,2.94,480,0,170,259,0.3245,0.3765,SLOWDOWN,PolygonSlow,0.0,1.0,0.0,0.0,0.0
83.402,210.7,-3.5755,3.0442,-2.3462,-1.569,2.94,480,0,168,256,0.3245,0.3756,SLOWDOWN,PolygonSlow,0.0,1.0,0.0,0.0,0.0
83.498,210.8,-3.5755,3.0443,-2.3231,-1.569,2.94,480,0,166,254,0.3245,0.3747,SLOWDOWN,PolygonSlow,0.0,1.0,0.0,0.0,0.0
83.607,210.9,-3.5755,3.0446,-2.3005,-1.569,2.94,480,0,165,252,0.3245,0.374,SLOWDOWN,PolygonSlow,0.0,1.0,0.0,0.0,0.0
83.715,211.0,-3.5755,3.0449,-2.2784,-1.569,2.94,480,0,163,250,0.3245,0.3734,SLOWDOWN,PolygonSlow,0.0,1.0,0.0,0.0,0.0
83.823,211.1,-3.5755,3.045,-2.2567,-1.569,2.94,480,0,162,249,0.3245,0.3731,SLOWDOWN,PolygonSlow,0.0,1.0,0.0,0.0,0.0
83.975,211.2,-3.5755,3.045,-2.2314,-1.569,2.94,480,0,162,247,0.3245,0.3732,SLOWDOWN,PolygonSlow,0.0,1.0,0.0,0.0,0.0
84.07,211.3,-3.5755,3.0448,-2.2149,-1.569,2.94,480,0,160,245,0.3245,0.3735,SLOWDOWN,PolygonSlow,0.0,1.0,0.0,0.0,0.0
84.182,211.4,-3.5755,3.0446,-2.1947,-1.569,2.94,480,0,159,244,0.3245,0.3742,SLOWDOWN,PolygonSlow,0.0,1.0,0.0,0.0,0.0
84.275,211.5,-3.5755,3.0443,-2.175,-1.569,2.94,480,0,158,244,0.3245,0.375,SLOWDOWN,PolygonSlow,0.0,1.0,0.0,0.0,0.0
84.383,211.6,-3.5755,3.044,-2.1554,-1.569,2.94,480,0,158,243,0.3245,0.376,SLOWDOWN,PolygonSlow,0.0,1.0,0.0,0.0,0.0
84.487,211.7,-3.5752,3.0438,-2.1344,-1.569,2.94,480,0,158,242,0.3248,0.3772,SLOWDOWN,PolygonSlow,0.0,1.0,0.0,0.0,0.0
84.607,211.8,-3.5746,3.0438,-2.1117,-1.569,2.94,480,0,156,242,0.3254,0.3785,SLOWDOWN,PolygonSlow,0.0,1.0,0.0,0.0,0.0
84.719,211.9,-3.5739,3.0438,-2.0884,-1.569,2.94,480,0,154,242,0.3261,0.38,SLOWDOWN,PolygonSlow,0.0,1.0,0.0,0.0,0.0
84.826,212.0,-3.573,3.0438,-2.0648,-1.569,2.94,480,0,155,239,0.3269,0.3818,SLOWDOWN,PolygonSlow,0.0,1.0,0.0,0.0,0.0
84.931,212.1,-3.5721,3.0438,-2.0408,-1.569,2.94,480,0,153,240,0.3278,0.384,SLOWDOWN,PolygonSlow,0.0,1.0,0.0,0.0,0.0
85.039,212.2,-3.571,3.0438,-2.0165,-1.569,2.94,480,0,153,240,0.3289,0.3865,SLOWDOWN,PolygonSlow,0.0,1.0,0.0,0.0,0.0
85.154,212.3,-3.5699,3.0438,-1.9918,-1.569,2.94,480,0,152,240,0.3301,0.3894,SLOWDOWN,PolygonSlow,0.0,1.0,0.0,0.0,0.0
85.257,212.4,-3.5686,3.0438,-1.9667,-1.569,2.94,480,0,152,241,0.3313,0.3927,SLOWDOWN,PolygonSlow,0.0,1.0,0.0,0.0,0.0
85.36,212.5,-3.5672,3.0438,-1.9413,-1.569,2.94,480,0,151,240,0.3327,0.3965,SLOWDOWN,PolygonSlow,0.0,1.0,0.0,0.0,0.0
85.466,212.6,-3.5657,3.0438,-1.9155,-1.569,2.94,480,0,151,239,0.3342,0.4008,SLOWDOWN,PolygonSlow,0.0,1.0,0.0,0.0,0.0
85.568,212.7,-3.5641,3.0438,-1.8893,-1.569,2.94,480,0,152,237,0.3358,0.4058,SLOWDOWN,PolygonSlow,0.0,1.0,0.0,0.0,0.0
85.682,212.8,-3.5623,3.0438,-1.8627,-1.569,2.94,480,0,153,235,0.3375,0.4113,SLOWDOWN,PolygonSlow,0.0,1.0,0.0,0.0,0.0
85.775,212.9,-3.5605,3.0438,-1.8357,-1.569,2.94,480,0,152,233,0.3394,0.4177,SLOWDOWN,PolygonSlow,0.0,1.0,0.0,0.0,0.0
85.88,213.0,-3.5585,3.0438,-1.8082,-1.569,2.94,480,0,158,232,0.3413,0.4249,SLOWDOWN,PolygonSlow,0.0,1.0,0.0,0.0,0.0
85.978,213.1,-3.5564,3.0438,-1.7803,-1.569,2.94,480,0,166,231,0.3434,0.433,SLOWDOWN,PolygonSlow,0.0,1.0,0.0,0.0,0.0
86.077,213.2,-3.5543,3.0438,-1.7519,-1.569,2.94,480,0,170,229,0.3457,0.4423,SLOWDOWN,PolygonSlow,0.0,1.0,0.0,0.0,0.0
86.18,213.3,-3.552,3.0438,-1.723,-1.569,2.94,480,0,176,227,0.3479,0.4528,SLOWDOWN,PolygonSlow,0.0,1.0,0.0,0.0,0.0
86.284,213.4,-3.5496,3.0438,-1.6937,-1.569,2.94,480,0,176,226,0.3502,0.4607,SLOWDOWN,PolygonSlow,0.0,1.0,0.0,0.0,0.0
86.39,213.5,-3.547,3.0438,-1.6638,-1.569,2.94,480,0,175,225,0.3528,0.4609,SLOWDOWN,PolygonSlow,0.0,1.0,0.0,0.0,0.0
86.482,213.6,-3.5444,3.0438,-1.6334,-1.569,2.94,480,0,175,225,0.3553,0.461,SLOWDOWN,PolygonSlow,0.0,1.0,0.0,0.0,0.0
86.583,213.7,-3.5417,3.0438,-1.6024,-1.569,2.94,480,0,176,223,0.3581,0.4611,SLOWDOWN,PolygonSlow,0.0,1.0,0.0,0.0,0.0
86.689,213.8,-3.5389,3.0438,-1.5707,-1.569,2.94,480,0,175,222,0.3609,0.4611,SLOWDOWN,PolygonSlow,0.0,1.0,0.0,0.0,0.0
86.784,213.9,-3.536,3.0438,-1.5391,-1.569,2.94,480,0,152,222,0.3637,0.4611,SLOWDOWN,PolygonSlow,0.0,1.0,0.0,0.0,0.0
86.886,214.0,-3.5333,3.0438,-1.5081,-1.569,2.94,480,0,150,226,0.3665,0.4608,SLOWDOWN,PolygonSlow,0.0,1.0,0.0,0.0,0.0
86.986,214.1,-3.5307,3.0438,-1.4776,-1.569,2.94,480,0,137,228,0.369,0.4464,SLOWDOWN,PolygonSlow,0.0,1.0,0.0,0.0,0.0
87.089,214.2,-3.5282,3.0438,-1.4477,-1.569,2.94,480,0,122,231,0.3717,0.4239,SLOWDOWN,PolygonSlow,0.0,1.0,0.0,0.0,0.0
87.189,214.3,-3.5258,3.0438,-1.4184,-1.569,2.94,480,0,111,231,0.3739,0.4041,SLOWDOWN,PolygonSlow,0.0,1.0,0.0,0.0,0.0
87.3,214.4,-3.5235,3.0438,-1.3895,-1.569,2.94,480,0,101,235,0.3762,0.3864,SLOWDOWN,PolygonSlow,0.0,0.9231,0.0,0.0,0.0
87.41,214.5,-3.5215,3.0438,-1.3633,-1.569,2.94,480,0,94,238,0.3784,0.3718,SLOWDOWN,PolygonSlow,0.0,0.8143,0.0,0.0,0.0
87.504,214.6,-3.5197,3.0438,-1.3405,-1.569,2.94,480,0,89,238,0.3801,0.36,SLOWDOWN,PolygonSlow,0.0,0.7,0.0,0.0,0.0
87.619,214.7,-3.5184,3.0438,-1.3214,-1.569,2.94,480,0,86,242,0.3813,0.3508,SLOWDOWN,PolygonSlow,0.0,0.4825,0.0,0.0,0.0
87.7,214.8,-3.5173,3.0438,-1.3057,-1.569,2.94,480,0,84,239,0.3824,0.3436,SLOWDOWN,PolygonSlow,0.0,0.4825,0.0,0.0,0.0
87.807,214.9,-3.5164,3.0438,-1.2929,-1.569,2.94,480,0,84,236,0.3833,0.338,SLOWDOWN,PolygonSlow,0.0,0.4,0.0,0.0,0.0
87.908,215.0,-3.5156,3.0438,-1.2821,-1.569,2.94,480,0,84,233,0.3842,0.3334,SLOWDOWN,PolygonSlow,0.0,0.4,0.0,0.0,0.0
88.012,215.1,-3.515,3.0438,-1.2726,-1.569,2.94,480,0,84,230,0.3849,0.3295,SLOWDOWN,PolygonSlow,0.0,-1.0,0.0,0.0,0.0
88.112,215.2,-3.5149,3.0438,-1.2711,-1.569,2.94,480,0,83,231,0.385,0.329,SLOWDOWN,PolygonSlow,0.0,-1.0,0.0,0.0,0.0
88.218,215.3,-3.5153,3.0438,-1.2781,-1.569,2.94,480,0,84,233,0.3845,0.3318,SLOWDOWN,PolygonSlow,0.0,-1.0,0.0,0.0,0.0
88.316,215.4,-3.5163,3.0438,-1.2938,-1.569,2.94,480,0,84,236,0.3834,0.3384,SLOWDOWN,PolygonSlow,0.0,-1.0,0.0,0.0,0.0
88.422,215.5,-3.518,3.0438,-1.3181,-1.569,2.94,480,0,86,242,0.3817,0.3493,SLOWDOWN,PolygonSlow,0.0,-1.0,0.0,0.0,0.0
88.516,215.6,-3.52,3.0438,-1.3458,-1.569,2.94,480,0,90,238,0.3799,0.3627,SLOWDOWN,PolygonSlow,0.0,-1.0,0.0,0.0,0.0
88.623,215.7,-3.5221,3.0438,-1.3739,-1.569,2.94,480,0,97,236,0.3776,0.3775,SLOWDOWN,PolygonSlow,0.0,-1.0,0.0,0.0,0.0
88.734,215.8,-3.5244,3.0438,-1.4025,-1.569,2.94,480,0,105,233,0.3752,0.3942,SLOWDOWN,PolygonSlow,0.0,-1.0,0.0,0.0,0.0
88.829,215.9,-3.5267,3.0438,-1.4316,-1.569,2.94,480,0,113,231,0.373,0.4128,SLOWDOWN,PolygonSlow,0.0,-1.0,0.0,0.0,0.0
88.939,216.0,-3.5292,3.0438,-1.4612,-1.569,2.94,480,0,128,229,0.3706,0.4337,SLOWDOWN,PolygonSlow,0.0,-1.0,0.0,0.0,0.0
89.043,216.1,-3.5317,3.0438,-1.4911,-1.569,2.94,480,0,147,227,0.368,0.4573,SLOWDOWN,PolygonSlow,0.0,-0.9487,0.0,0.0,0.0
89.138,216.2,-3.5342,3.0438,-1.5202,-1.569,2.94,480,0,151,225,0.3657,0.4611,SLOWDOWN,PolygonSlow,0.0,-0.9487,0.0,0.0,0.0
89.239,216.3,-3.5369,3.0438,-1.5499,-1.569,2.94,480,0,156,221,0.3629,0.4612,SLOWDOWN,PolygonSlow,0.0,-0.9487,0.0,0.0,0.0
89.345,216.4,-3.5396,3.0438,-1.5799,-1.569,2.94,480,0,175,221,0.3603,0.4613,SLOWDOWN,PolygonSlow,0.0,-0.8974,0.0,0.0,0.0
89.441,216.5,-3.5421,3.0438,-1.6081,-1.569,2.94,480,0,175,222,0.3577,0.4612,SLOWDOWN,PolygonSlow,0.0,-0.8974,0.0,0.0,0.0
89.543,216.6,-3.5445,3.0438,-1.6359,-1.569,2.94,480,0,175,225,0.3553,0.4612,SLOWDOWN,PolygonSlow,0.0,-0.8462,0.0,0.0,0.0
89.648,216.7,-3.5467,3.0438,-1.6616,-1.569,2.94,480,0,175,224,0.3531,0.461,SLOWDOWN,PolygonSlow,0.0,-0.8462,0.0,0.0,0.0
89.751,216.8,-3.5489,3.0438,-1.687,-1.569,2.94,480,0,175,225,0.3509,0.4609,SLOWDOWN,PolygonSlow,0.0,-0.7949,0.0,0.0,0.0
89.85,216.9,-3.5508,3.0438,-1.7105,-1.569,2.94,480,0,175,227,0.3491,0.4578,SLOWDOWN,PolygonSlow,0.0,-0.7949,0.0,0.0,0.0
89.95,217.0,-3.5527,3.0438,-1.7336,-1.569,2.94,480,0,177,229,0.3472,0.4488,SLOWDOWN,PolygonSlow,0.0,-0.7949,0.0,0.0,0.0
90.051,217.1,-3.5545,3.0438,-1.7563,-1.569,2.94,480,0,170,229,0.3454,0.4408,SLOWDOWN,PolygonSlow,0.0,-0.7436,0.0,0.0,0.0
90.152,217.2,-3.5561,3.0438,-1.7774,-1.569,2.94,480,0,166,231,0.3438,0.4339,SLOWDOWN,PolygonSlow,0.0,-0.7436,0.0,0.0,0.0
90.249,217.3,-3.5577,3.0438,-1.7983,-1.569,2.94,480,0,162,230,0.3422,0.4277,SLOWDOWN,PolygonSlow,0.0,-0.7436,0.0,0.0,0.0
90.35,217.4,-3.5591,3.0438,-1.8184,-1.569,2.94,480,0,156,232,0.3407,0.4221,SLOWDOWN,PolygonSlow,0.0,-0.6923,0.0,0.0,0.0
90.452,217.5,-3.5605,3.0438,-1.8374,-1.569,2.94,480,0,152,234,0.3394,0.4173,SLOWDOWN,PolygonSlow,0.0,-0.6923,0.0,0.0,0.0
90.557,217.6,-3.5618,3.0438,-1.8561,-1.569,2.94,480,0,151,235,0.3381,0.4128,SLOWDOWN,PolygonSlow,0.0,-0.6923,0.0,0.0,0.0
90.658,217.7,-3.563,3.0438,-1.8743,-1.569,2.94,480,0,151,236,0.3369,0.4089,SLOWDOWN,PolygonSlow,0.0,-0.641,0.0,0.0,0.0
90.773,217.8,-3.5641,3.0438,-1.8913,-1.569,2.94,480,0,151,236,0.3358,0.4054,SLOWDOWN,PolygonSlow,0.0158,-1.0,0.0,0.0,0.0
90.865,217.9,-3.5652,3.0437,-1.909,-1.569,2.94,480,0,151,239,0.3347,0.4021,SLOWDOWN,PolygonSlow,0.0158,-1.0,0.0158,0.0047,0.0047
90.968,218.0,-3.5668,3.0431,-1.9328,-1.569,2.94,480,0,151,240,0.3331,0.3987,SLOWDOWN,PolygonSlow,0.0316,-1.0,0.0316,0.0095,0.0095
91.059,218.1,-3.5686,3.0422,-1.9584,-1.569,2.94,480,0,151,240,0.3313,0.3959,SLOWDOWN,PolygonSlow,0.0316,-1.0,0.0316,0.0095,0.0095
91.171,218.2,-3.5702,3.0415,-1.9832,-1.569,2.94,480,0,152,239,0.3297,0.3933,SLOWDOWN,PolygonSlow,0.0158,-0.9487,0.0158,0.0047,0.0047
91.272,218.3,-3.5715,3.041,-2.0067,-1.569,2.94,480,0,152,241,0.3284,0.3909,SLOWDOWN,PolygonSlow,0.0158,-0.8974,0.0158,0.0047,0.0047
91.38,218.4,-3.5728,3.0406,-2.0293,-1.569,2.94,480,0,153,240,0.3272,0.3889,SLOWDOWN,PolygonSlow,0.0158,-0.8974,0.0158,0.0047,0.0047
91.478,218.5,-3.5739,3.0402,-2.051,-1.569,2.94,480,0,153,242,0.3261,0.3873,SLOWDOWN,PolygonSlow,0.0158,-0.8462,0.0158,0.0047,0.0047
91.593,218.6,-3.5749,3.0398,-2.0718,-1.569,2.94,480,0,155,241,0.325,0.3859,SLOWDOWN,PolygonSlow,0.0158,-0.8462,0.0158,0.0047,0.0047
91.69,218.7,-3.5758,3.0394,-2.0917,-1.569,2.94,480,0,155,242,0.3242,0.3849,SLOWDOWN,PolygonSlow,0.0158,-0.8462,0.0158,0.0047,0.0047
91.838,218.8,-3.5767,3.0389,-2.1114,-1.569,2.94,480,0,156,243,0.3233,0.384,SLOWDOWN,PolygonSlow,0.0158,-0.8462,0.0158,0.0047,0.0047
91.962,218.9,-3.5774,3.0385,-2.1309,-1.569,2.94,480,0,157,243,0.3226,0.3833,SLOWDOWN,PolygonSlow,0.0158,-0.7949,0.0158,0.0047,0.0047
92.097,219.0,-3.5781,3.0381,-2.1489,-1.569,2.94,480,0,158,244,0.3219,0.3829,SLOWDOWN,PolygonSlow,0.0158,-0.7949,0.0158,0.0047,0.0047
92.212,219.1,-3.5787,3.0378,-2.1668,-1.569,2.94,480,0,158,245,0.3213,0.3826,SLOWDOWN,PolygonSlow,0.0316,0.7949,0.0316,0.0047,0.0047
92.335,219.2,-3.5794,3.0371,-2.1808,-1.569,2.94,480,0,160,245,0.3206,0.3828,SLOWDOWN,PolygonSlow,0.0316,0.8462,0.0316,0.0095,0.0095
92.429,219.3,-3.58,3.0364,-2.1865,-1.569,2.94,480,0,160,245,0.32,0.3835,SLOWDOWN,PolygonSlow,0.0316,0.8462,0.0316,0.0095,0.0095
92.534,219.4,-3.5805,3.0356,-2.1851,-1.569,2.94,480,0,160,245,0.3194,0.3844,SLOWDOWN,PolygonSlow,0.0316,0.8462,0.0316,0.0095,0.0095
92.647,219.5,-3.581,3.0347,-2.1775,-1.569,2.94,480,0,160,246,0.3189,0.3855,SLOWDOWN,PolygonSlow,0.0316,0.7949,0.0316,0.0095,0.0095
92.747,219.6,-3.5815,3.0338,-2.1628,-1.569,2.94,480,0,160,245,0.3185,0.3871,SLOWDOWN,PolygonSlow,0.0316,0.7949,0.0316,0.0095,0.0095
92.847,219.7,-3.5817,3.0329,-2.1461,-1.569,2.94,480,0,158,244,0.3182,0.3889,SLOWDOWN,PolygonSlow,0.0316,0.6923,0.0316,0.0095,0.0095
92.95,219.8,-3.5819,3.0321,-2.1305,-1.569,2.94,480,0,158,244,0.3181,0.3906,SLOWDOWN,PolygonSlow,0.0316,0.641,0.0316,0.0095,0.0095
93.055,219.9,-3.582,3.0313,-2.1158,-1.569,2.94,480,0,158,243,0.318,0.3925,SLOWDOWN,PolygonSlow,0.0316,0.641,0.0316,0.0095,0.0095
93.156,220.0,-3.582,3.0305,-2.1009,-1.569,2.94,480,0,158,244,0.3179,0.3944,SLOWDOWN,PolygonSlow,0.0316,0.641,0.0316,0.0095,0.0095
93.284,220.1,-3.582,3.0297,-2.0857,-1.569,2.94,480,0,157,244,0.318,0.3966,SLOWDOWN,PolygonSlow,0.0316,0.6923,0.0316,0.0095,0.0095
93.384,220.2,-3.5819,3.0289,-2.0693,-1.569,2.94,480,0,157,243,0.318,0.399,SLOWDOWN,PolygonSlow,0.0316,0.6923,0.0316,0.0095,0.0095
93.487,220.3,-3.5817,3.028,-2.0528,-1.569,2.94,480,0,156,243,0.3182,0.4015,SLOWDOWN,PolygonSlow,0.0316,0.6923,0.0316,0.0095,0.0095
93.59,220.4,-3.5815,3.0272,-2.0362,-1.569,2.94,480,0,156,243,0.3185,0.4043,SLOWDOWN,PolygonSlow,0.0316,0.6923,0.0316,0.0095,0.0095
93.691,220.5,-3.5812,3.0263,-2.0193,-1.569,2.94,480,0,156,242,0.3188,0.4073,SLOWDOWN,PolygonSlow,0.0316,0.6923,0.0316,0.0095,0.0095
93.796,220.6,-3.5808,3.0255,-2.0023,-1.569,2.94,480,0,156,242,0.3192,0.4106,SLOWDOWN,PolygonSlow,0.0316,0.7949,0.0316,0.0095,0.0095
93.89,220.7,-3.5802,3.0246,-1.9833,-1.569,2.94,480,0,156,243,0.3197,0.4143,SLOWDOWN,PolygonSlow,0.0316,0.7436,0.0316,0.0095,0.0095
93.991,220.8,-3.5796,3.0237,-1.9643,-1.569,2.94,480,0,157,243,0.3203,0.4183,SLOWDOWN,PolygonSlow,0.0316,0.7436,0.0316,0.0095,0.0095
94.09,220.9,-3.5789,3.0229,-1.9454,-1.569,2.94,480,0,156,243,0.3209,0.4227,SLOWDOWN,PolygonSlow,0.0316,0.7436,0.0316,0.0095,0.0095
94.191,221.0,-3.5782,3.022,-1.9263,-1.569,2.94,480,0,156,244,0.3217,0.4273,SLOWDOWN,PolygonSlow,0.0316,0.7436,0.0316,0.0095,0.0095
94.3,221.1,-3.5773,3.0211,-1.9069,-1.569,2.94,480,0,156,242,0.3226,0.4324,SLOWDOWN,PolygonSlow,0.0316,0.6923,0.0316,0.0095,0.0095
94.39,221.2,-3.5765,3.0202,-1.8882,-1.569,2.94,480,0,156,242,0.3234,0.4377,SLOWDOWN,PolygonSlow,0.0316,0.6923,0.0316,0.0095,0.0095
94.517,221.3,-3.5754,3.0191,-1.8661,-1.569,2.94,480,0,157,240,0.3243,0.4433,SLOWDOWN,PolygonSlow,0.0316,0.6923,0.0316,0.0095,0.0095
94.595,221.4,-3.5746,3.0184,-1.8512,-1.569,2.94,480,0,160,240,0.3252,0.4464,SLOWDOWN,PolygonSlow,0.0316,0.6923,0.0316,0.0095,0.0095
94.699,221.5,-3.5735,3.0175,-1.8324,-1.569,2.94,480,0,160,238,0.3263,0.4463,SLOWDOWN,PolygonSlow,0.0316,0.6923,0.0316,0.0095,0.0095
94.797,221.6,-3.5724,3.0165,-1.8134,-1.569,2.94,480,0,162,237,0.3274,0.4463,SLOWDOWN,PolygonSlow,0.0316,1.0,0.0316,0.0095,0.0095
94.913,221.7,-3.571,3.0156,-1.7909,-1.569,2.94,480,0,169,236,0.3288,0.4462,SLOWDOWN,PolygonSlow,0.0158,0.8974,0.0158,0.0047,0.0047
95.008,221.8,-3.5692,3.0151,-1.765,-1.569,2.94,480,0,179,234,0.3306,0.4463,SLOWDOWN,PolygonSlow,0.0158,0.8974,0.0158,0.0047,0.0047
95.119,221.9,-3.5673,3.0146,-1.7393,-1.569,2.94,480,0,180,233,0.3326,0.4464,SLOWDOWN,PolygonSlow,0.0158,0.8974,0.0158,0.0047,0.0047
95.223,222.0,-3.5652,3.0141,-1.7132,-1.569,2.94,480,0,179,230,0.3346,0.4465,SLOWDOWN,PolygonSlow,0.0158,0.8462,0.0158,0.0047,0.0047
95.324,222.1,-3.5632,3.0136,-1.6881,-1.569,2.94,480,0,178,230,0.3366,0.4466,SLOWDOWN,PolygonSlow,0.0158,0.8462,0.0158,0.0047,0.0047
95.419,222.2,-3.5611,3.0132,-1.6628,-1.569,2.94,480,0,178,228,0.3386,0.4467,SLOWDOWN,PolygonSlow,0.0158,0.7949,0.0158,0.0047,0.0047
95.54,222.3,-3.5591,3.0127,-1.6385,-1.569,2.94,480,0,178,227,0.3407,0.4468,SLOWDOWN,PolygonSlow,0.0158,0.7949,0.0158,0.0047,0.0047
95.637,222.4,-3.557,3.0122,-1.6142,-1.569,2.94,480,0,178,228,0.3427,0.4468,SLOWDOWN,PolygonSlow,0.0158,0.6923,0.0158,0.0047,0.0047
95.74,222.5,-3.5551,3.0118,-1.5926,-1.569,2.94,480,0,178,226,0.3447,0.4468,SLOWDOWN,PolygonSlow,0.0158,0.6923,0.0158,0.0047,0.0047
95.849,222.6,-3.5532,3.0113,-1.571,-1.569,2.94,480,0,177,226,0.3466,0.4469,SLOWDOWN,PolygonSlow,0.0,-1.0,0.0,0.0,0.0
95.98,222.7,-3.552,3.0113,-1.5578,-1.569,2.94,480,0,178,224,0.3477,0.4468,SLOWDOWN,PolygonSlow,0.0,-1.0,0.0,0.0,0.0
96.082,222.8,-3.5519,3.0113,-1.5575,-1.569,2.94,480,0,178,224,0.3478,0.4469,SLOWDOWN,PolygonSlow,0.0,-1.0,0.0,0.0,0.0
96.181,222.9,-3.5527,3.0113,-1.5678,-1.569,2.94,480,0,177,224,0.3471,0.447,SLOWDOWN,PolygonSlow,0.0,-0.9487,0.0,0.0,0.0
96.297,223.0,-3.5545,3.0113,-1.5883,-1.569,2.94,480,0,178,226,0.3454,0.4471,SLOWDOWN,PolygonSlow,0.0,-0.8974,0.0,0.0,0.0
96.398,223.1,-3.5569,3.0113,-1.6164,-1.569,2.94,480,0,178,227,0.3428,0.4471,SLOWDOWN,PolygonSlow,0.0,-0.8974,0.0,0.0,0.0
96.494,223.2,-3.5593,3.0113,-1.6441,-1.569,2.94,480,0,179,228,0.3406,0.447,SLOWDOWN,PolygonSlow,0.0,-0.8974,0.0,0.0,0.0
96.6,223.3,-3.5616,3.0113,-1.6712,-1.569,2.94,480,0,180,229,0.3381,0.4469,SLOWDOWN,PolygonSlow,0.0,-0.8462,0.0,0.0,0.0
96.708,223.4,-3.5638,3.0113,-1.6969,-1.569,2.94,480,0,179,231,0.3361,0.4468,SLOWDOWN,PolygonSlow,0.0,-0.8462,0.0,0.0,0.0
96.808,223.5,-3.5658,3.0113,-1.7217,-1.569,2.94,480,0,180,232,0.334,0.4466,SLOWDOWN,PolygonSlow,0.0,-0.7949,0.0,0.0,0.0
96.911,223.6,-3.5677,3.0113,-1.7453,-1.569,2.94,480,0,179,234,0.3322,0.4464,SLOWDOWN,PolygonSlow,0.0,-0.7949,0.0,0.0,0.0
97.019,223.7,-3.5695,3.0113,-1.768,-1.569,2.94,480,0,179,235,0.3304,0.4462,SLOWDOWN,PolygonSlow,0.0,-0.7949,0.0,0.0,0.0
97.114,223.8,-3.5712,3.0113,-1.7904,-1.569,2.94,480,0,169,237,0.3287,0.446,SLOWDOWN,PolygonSlow,0.0,-0.7436,0.0,0.0,0.0
97.212,223.9,-3.5727,3.0113,-1.8114,-1.569,2.94,480,0,163,239,0.3271,0.4459,SLOWDOWN,PolygonSlow,0.0,-0.7436,0.0,0.0,0.0
97.311,224.0,-3.5742,3.0113,-1.8318,-1.569,2.94,480,0,160,239,0.3257,0.4457,SLOWDOWN,PolygonSlow,0.0,-0.7436,0.0,0.0,0.0
97.414,224.1,-3.5756,3.0113,-1.852,-1.569,2.94,480,0,159,240,0.3243,0.4455,SLOWDOWN,PolygonSlow,0.0,-0.6923,0.0,0.0,0.0
97.519,224.2,-3.5768,3.0113,-1.8709,-1.569,2.94,480,0,157,242,0.323,0.4453,SLOWDOWN,PolygonSlow,0.0,-0.6923,0.0,0.0,0.0
97.62,224.3,-3.578,3.0113,-1.8892,-1.569,2.94,480,0,156,243,0.3218,0.4451,SLOWDOWN,PolygonSlow,0.0,-0.6923,0.0,0.0,0.0
97.733,224.4,-3.5792,3.0113,-1.9074,-1.569,2.94,480,0,155,245,0.3208,0.4449,SLOWDOWN,PolygonSlow,0.0,-0.641,0.0,0.0,0.0
97.827,224.5,-3.5802,3.0113,-1.9242,-1.569,2.94,480,0,156,245,0.3197,0.4416,SLOWDOWN,PolygonSlow,0.0,-0.641,0.0,0.0,0.0
97.941,224.6,-3.5813,3.0113,-1.944,-1.569,2.94,480,0,155,246,0.3187,0.4383,SLOWDOWN,PolygonSlow,0.0,-0.641,0.0,0.0,0.0
98.024,224.7,-3.5821,3.0113,-1.9571,-1.569,2.94,480,0,155,245,0.3178,0.4353,SLOWDOWN,PolygonSlow,0.0,-0.5897,0.0,0.0,0.0
98.132,224.8,-3.5829,3.0113,-1.9721,-1.569,2.94,480,0,154,246,0.3171,0.4327,SLOWDOWN,PolygonSlow,0.0,-0.5897,0.0,0.0,0.0
98.229,224.9,-3.5836,3.0113,-1.9869,-1.569,2.94,480,0,155,245,0.3163,0.4302,SLOWDOWN,PolygonSlow,0.0,-0.5897,0.0,0.0,0.0
98.346,225.0,-3.5843,3.0113,-2.0016,-1.569,2.94,480,0,154,244,0.3156,0.428,SLOWDOWN,PolygonSlow,0.0,-0.5897,0.0,0.0,0.0
98.447,225.1,-3.585,3.0113,-2.0159,-1.569,2.94,480,0,155,246,0.3149,0.426,SLOWDOWN,PolygonSlow,0.0,-0.5385,0.0,0.0,0.0
98.556,225.2,-3.5855,3.0113,-2.0264,-1.569,2.94,480,0,154,246,0.3145,0.4246,SLOWDOWN,PolygonSlow,0.0,-1.0,0.0,0.0,0.0
98.653,225.3,-3.5858,3.0113,-2.035,-1.569,2.94,480,0,155,246,0.3141,0.4235,SLOWDOWN,PolygonSlow,0.0,-1.0,0.0,0.0,0.0
98.759,225.4,-3.5864,3.0113,-2.0506,-1.569,2.94,480,0,156,246,0.3135,0.4216,SLOWDOWN,PolygonSlow,0.0,-1.0,0.0,0.0,0.0
98.856,225.5,-3.5873,3.0114,-2.0736,-1.569,2.94,480,0,156,247,0.3127,0.4191,SLOWDOWN,PolygonSlow,0.0,-1.0,0.0,0.0,0.0
98.967,225.6,-3.5881,3.0114,-2.0971,-1.569,2.94,480,0,156,247,0.3119,0.4168,SLOWDOWN,PolygonSlow,0.0,-1.0,0.0,0.0,0.0
99.089,225.7,-3.5887,3.0114,-2.1203,-1.569,2.94,480,0,157,249,0.3113,0.4149,SLOWDOWN,PolygonSlow,0.0,-1.0,0.0,0.0,0.0
99.197,225.8,-3.5893,3.0114,-2.1431,-1.569,2.94,480,0,158,249,0.3107,0.4133,SLOWDOWN,PolygonSlow,0.0,-1.0,0.0,0.0,0.0
99.3,225.9,-3.5898,3.0114,-2.1656,-1.569,2.94,480,0,159,251,0.3102,0.412,SLOWDOWN,PolygonSlow,0.0,-1.0,0.0,0.0,0.0
99.395,226.0,-3.5901,3.0114,-2.1876,-1.569,2.94,480,0,159,252,0.3099,0.4109,SLOWDOWN,PolygonSlow,0.0,-1.0,0.0,0.0,0.0
99.496,226.1,-3.5902,3.0116,-2.2083,-1.569,2.94,480,0,160,253,0.3098,0.4099,SLOWDOWN,PolygonSlow,0.0,-1.0,0.0,0.0,0.0
99.598,226.2,-3.5902,3.0118,-2.2288,-1.569,2.94,480,0,161,255,0.3098,0.4092,SLOWDOWN,PolygonSlow,0.0,-1.0,0.0,0.0,0.0
99.697,226.3,-3.5902,3.0118,-2.2497,-1.569,2.94,480,0,162,256,0.3098,0.4087,SLOWDOWN,PolygonSlow,0.0,-1.0,0.0,0.0,0.0
99.801,226.4,-3.5902,3.0117,-2.2712,-1.569,2.94,480,0,162,259,0.3098,0.4086,SLOWDOWN,PolygonSlow,0.0,-1.0,0.0,0.0,0.0
99.903,226.5,-3.5902,3.0115,-2.2932,-1.569,2.94,480,0,164,261,0.3098,0.4088,SLOWDOWN,PolygonSlow,0.0,-1.0,0.0,0.0,0.0
100.008,226.6,-3.5902,3.0112,-2.3156,-1.569,2.94,480,0,163,263,0.3098,0.4093,SLOWDOWN,PolygonSlow,0.0,-1.0,0.0,0.0,0.0
100.105,226.7,-3.5902,3.011,-2.3386,-1.569,2.94,480,0,165,266,0.3098,0.4098,SLOWDOWN,PolygonSlow,0.0,-1.0,0.0,0.0,0.0
100.242,226.8,-3.5902,3.011,-2.362,-1.569,2.94,480,0,167,269,0.3098,0.4095,SLOWDOWN,PolygonSlow,0.0,-0.6923,0.0,0.0,0.0
100.371,226.9,-3.5902,3.011,-2.3803,-1.569,2.94,480,0,167,272,0.3098,0.4076,SLOWDOWN,PolygonSlow,0.0,-0.6923,0.0,0.0,0.0
100.479,227.0,-3.5904,3.011,-2.3957,-1.569,2.94,480,0,169,272,0.3096,0.4053,SLOWDOWN,PolygonSlow,0.0,-0.641,0.0,0.0,0.0
100.584,227.1,-3.5906,3.011,-2.4102,-1.569,2.94,480,0,170,276,0.3094,0.4057,SLOWDOWN,PolygonSlow,0.0,-0.641,0.0,0.0,0.0
100.695,227.2,-3.5907,3.011,-2.4244,-1.569,2.94,480,0,172,278,0.3092,0.4028,SLOWDOWN,PolygonSlow,0.0,-0.641,0.0,0.0,0.0
100.789,227.3,-3.5909,3.011,-2.4385,-1.569,2.94,480,0,171,280,0.3091,0.4008,SLOWDOWN,PolygonSlow,0.0,-1.0,0.0,0.0,0.0
100.908,227.4,-3.591,3.011,-2.4549,-1.569,2.94,480,0,173,282,0.309,0.3999,SLOWDOWN,PolygonSlow,0.0,-1.0,0.0,0.0,0.0
100.995,227.5,-3.591,3.011,-2.4758,-1.569,2.94,480,0,175,286,0.309,0.3971,SLOWDOWN,PolygonSlow,0.0,-1.0,0.0,0.0,0.0
101.108,227.6,-3.5911,3.011,-2.4965,-1.569,2.94,480,0,177,289,0.3088,0.3965,SLOWDOWN,PolygonSlow,0.0,-1.0,0.0,0.0,0.0
101.219,227.7,-3.5914,3.011,-2.5167,-1.569,2.94,480,0,179,295,0.3086,0.3941,SLOWDOWN,PolygonSlow,0.0,-1.0,0.0,0.0,0.0
101.306,227.8,-3.5918,3.011,-2.5365,-1.569,2.94,480,0,181,299,0.3082,0.3919,SLOWDOWN,PolygonSlow,0.0,-1.0,0.0,0.0,0.0
101.416,227.9,-3.5922,3.0109,-2.5563,-1.569,2.94,480,0,183,305,0.3078,0.3905,SLOWDOWN,PolygonSlow,0.0,-1.0,0.0,0.0,0.0
101.508,228.0,-3.5925,3.0109,-2.5769,-1.569,2.94,480,0,185,308,0.3074,0.3891,SLOWDOWN,PolygonSlow,0.0,-1.0,0.0,0.0,0.0
101.611,228.1,-3.5927,3.0113,-2.5988,-1.569,2.94,480,0,188,313,0.3073,0.3871,SLOWDOWN,PolygonSlow,0.0,-1.0,0.0,0.0,0.0
101.71,228.2,-3.5927,3.012,-2.622,-1.569,2.94,480,0,191,319,0.3073,0.3859,SLOWDOWN,PolygonSlow,0.0,-1.0,0.0,0.0,0.0
101.815,228.3,-3.5927,3.0128,-2.6456,-1.569,2.94,480,0,194,325,0.3073,0.3852,SLOWDOWN,PolygonSlow,0.0,-1.0,0.0,0.0,0.0
101.912,228.4,-3.5927,3.0138,-2.6696,-1.569,2.94,480,0,198,332,0.3073,0.3843,SLOWDOWN,PolygonSlow,0.0,-1.0,0.0,0.0,0.0
102.027,228.5,-3.5927,3.0148,-2.6939,-1.569,2.94,480,0,202,339,0.3072,0.3829,SLOWDOWN,PolygonSlow,0.0,-1.0,0.0,0.0,0.0
102.122,228.6,-3.5927,3.016,-2.7185,-1.569,2.94,480,0,206,347,0.3072,0.3821,SLOWDOWN,PolygonSlow,0.0,-1.0,0.0,0.0,0.0
102.222,228.7,-3.5927,3.0172,-2.7435,-1.569,2.94,480,0,212,354,0.3072,0.3818,SLOWDOWN,PolygonSlow,0.0,-1.0,0.0,0.0,0.0
102.321,228.8,-3.5927,3.0186,-2.7689,-1.569,2.94,480,0,218,355,0.3072,0.3811,SLOWDOWN,PolygonSlow,0.0,-1.0,0.0,0.0,0.0
102.42,228.9,-3.5927,3.0201,-2.7947,-1.569,2.94,480,0,224,353,0.3071,0.3801,SLOWDOWN,PolygonSlow,0.0,-1.0,0.0,0.0,0.0
102.52,229.0,-3.5927,3.0218,-2.8209,-1.569,2.94,480,0,233,352,0.3072,0.3809,SLOWDOWN,PolygonSlow,0.0,-1.0,0.0,0.0,0.0
102.624,229.1,-3.5927,3.0235,-2.8475,-1.569,2.94,480,0,242,351,0.3072,0.3797,SLOWDOWN,PolygonSlow,0.0,-0.9487,0.0,0.0,0.0
102.721,229.2,-3.5927,3.0252,-2.8732,-1.569,2.94,480,0,250,349,0.3072,0.3805,SLOWDOWN,PolygonSlow,0.0,-0.9487,0.0,0.0,0.0
102.821,229.3,-3.5927,3.0271,-2.8992,-1.569,2.94,480,0,262,348,0.3072,0.3812,SLOWDOWN,PolygonSlow,0.0,-0.8974,0.0,0.0,0.0
102.919,229.4,-3.5927,3.0289,-2.9243,-1.569,2.94,480,0,277,347,0.3072,0.3822,SLOWDOWN,PolygonSlow,0.0,-0.8974,0.0,0.0,0.0
103.021,229.5,-3.5927,3.0309,-2.9496,-1.569,2.94,480,0,285,346,0.3072,0.3813,SLOWDOWN,PolygonSlow,0.0,-0.8974,0.0,0.0,0.0
103.12,229.6,-3.5927,3.0329,-2.9753,-1.569,2.94,480,0,291,345,0.3071,0.3824,SLOWDOWN,PolygonSlow,0.0,-0.8462,0.0,0.0,0.0
103.221,229.7,-3.5927,3.0349,-3.0001,-1.569,2.94,480,0,301,343,0.3072,0.3892,SLOWDOWN,PolygonSlow,0.0,-0.8462,0.0,0.0,0.0
103.322,229.8,-3.5927,3.0369,-3.025,-1.569,2.94,480,0,308,343,0.3071,0.4059,SLOWDOWN,PolygonSlow,0.0,-0.7949,0.0,0.0,0.0
103.434,229.9,-3.5927,3.039,-3.049,-1.569,2.94,480,0,309,342,0.3071,0.4062,SLOWDOWN,PolygonSlow,0.0,-0.7949,0.0,0.0,0.0
103.54,230.0,-3.5927,3.041,-3.0732,-1.569,2.94,480,0,310,342,0.3071,0.4039,SLOWDOWN,PolygonSlow,0.0,-0.7949,0.0,0.0,0.0
103.636,230.1,-3.5927,3.0432,-3.0975,-1.569,2.94,480,0,312,340,0.307,0.4016,SLOWDOWN,PolygonSlow,0.0,-0.7436,0.0,0.0,0.0
103.736,230.2,-3.5927,3.0452,-3.1208,-1.569,2.94,480,0,313,339,0.307,0.3994,SLOWDOWN,PolygonSlow,0.0,-0.7436,0.0,0.0,0.0
103.835,230.3,-3.5927,3.0473,3.139,-1.569,2.94,480,0,314,339,0.3071,0.397,SLOWDOWN,PolygonSlow,0.0,-0.6923,0.0,0.0,0.0
103.933,230.4,-3.5927,3.0493,3.117,-1.569,2.94,480,0,315,339,0.3071,0.3948,SLOWDOWN,PolygonSlow,0.0,-0.6923,0.0,0.0,0.0
104.032,230.5,-3.5927,3.0512,3.0954,-1.569,2.94,480,0,316,341,0.307,0.3926,SLOWDOWN,PolygonSlow,0.0,-0.6923,0.0,0.0,0.0
104.132,230.6,-3.5927,3.0531,3.074,-1.569,2.94,480,0,318,342,0.3071,0.3904,SLOWDOWN,PolygonSlow,0.0,-0.6923,0.0,0.0,0.0
104.232,230.7,-3.5927,3.0549,3.0531,-1.569,2.94,480,0,319,344,0.3071,0.3881,SLOWDOWN,PolygonSlow,0.0,-0.641,0.0,0.0,0.0
104.333,230.8,-3.5927,3.0565,3.0338,-1.569,2.94,480,0,320,346,0.307,0.386,SLOWDOWN,PolygonSlow,0.0,-0.641,0.0,0.0,0.0
104.433,230.9,-3.5927,3.0581,3.0144,-1.569,2.94,480,0,321,347,0.307,0.3839,SLOWDOWN,PolygonSlow,0.0,-1.0,0.0,0.0,0.0
104.541,231.0,-3.5927,3.0601,2.9886,-1.569,2.94,480,0,321,350,0.3072,0.381,SLOWDOWN,PolygonSlow,0.0,-1.0,0.0,0.0,0.0
104.633,231.1,-3.5927,3.0624,2.9597,-1.569,2.94,480,0,313,352,0.307,0.3777,SLOWDOWN,PolygonSlow,0.0,-1.0,0.0,0.0,0.0
104.745,231.2,-3.5927,3.0646,2.9314,-1.569,2.94,480,0,304,355,0.3069,0.3745,SLOWDOWN,PolygonSlow,0.0,-1.0,0.0,0.0,0.0
104.833,231.3,-3.5927,3.0667,2.9035,-1.569,2.94,480,0,300,357,0.3071,0.3712,SLOWDOWN,PolygonSlow,0.0,-1.0,0.0,0.0,0.0
104.94,231.4,-3.5927,3.0687,2.876,-1.569,2.94,480,0,296,360,0.3071,0.3679,SLOWDOWN,PolygonSlow,0.0,-1.0,0.0,0.0,0.0
105.048,231.5,-3.5927,3.0705,2.849,-1.569,2.94,480,0,294,362,0.3069,0.3646,SLOWDOWN,PolygonSlow,0.0,-1.0,0.0,0.0,0.0
105.167,231.6,-3.5927,3.0722,2.8224,-1.569,2.94,480,0,289,365,0.307,0.3614,SLOWDOWN,PolygonSlow,0.0,-1.0,0.0,0.0,0.0
105.269,231.7,-3.5927,3.0739,2.7962,-1.569,2.94,480,0,288,368,0.3071,0.3581,SLOWDOWN,PolygonSlow,0.0,-1.0,0.0,0.0,0.0
105.366,231.8,-3.5927,3.0754,2.7703,-1.569,2.94,480,0,283,371,0.3069,0.3549,SLOWDOWN,PolygonSlow,0.0,-1.0,0.0,0.0,0.0
105.462,231.9,-3.5927,3.0768,2.7449,-1.569,2.94,480,0,281,373,0.3069,0.3517,SLOWDOWN,PolygonSlow,0.0,-1.0,0.0,0.0,0.0
105.567,232.0,-3.5927,3.0781,2.7199,-1.569,2.94,480,0,278,371,0.307,0.3485,SLOWDOWN,PolygonSlow,0.0,-1.0,0.0,0.0,0.0
105.662,232.1,-3.5927,3.0792,2.6952,-1.569,2.94,480,0,276,370,0.307,0.3453,SLOWDOWN,PolygonSlow,0.0,-1.0,0.0,0.0,0.0
105.765,232.2,-3.5927,3.0803,2.6709,-1.569,2.94,480,0,273,370,0.3069,0.3422,SLOWDOWN,PolygonSlow,0.0,-1.0,0.0,0.0,0.0
105.869,232.3,-3.5927,3.0812,2.6469,-1.569,2.94,480,0,271,367,0.3069,0.339,SLOWDOWN,PolygonSlow,0.0,-1.0,0.0,0.0,0.0
105.961,232.4,-3.5927,3.082,2.6233,-1.569,2.94,480,0,268,366,0.307,0.336,SLOWDOWN,PolygonSlow,0.0,-1.0,0.0,0.0,0.0
106.063,232.5,-3.5927,3.0828,2.6,-1.569,2.94,480,0,269,365,0.3069,0.3329,SLOWDOWN,PolygonSlow,0.0,-1.0,0.0,0.0,0.0
106.171,232.6,-3.5927,3.0834,2.5771,-1.569,2.94,480,0,266,365,0.3069,0.3298,SLOWDOWN,PolygonSlow,0.0,-1.0,0.0,0.0,0.0
106.265,232.7,-3.5927,3.0839,2.5545,-1.569,2.94,480,0,266,364,0.307,0.3268,SLOWDOWN,PolygonSlow,0.0,-1.0,0.0,0.0,0.0
106.368,232.8,-3.5927,3.0842,2.5322,-1.569,2.94,480,0,265,364,0.3069,0.3239,SLOWDOWN,PolygonSlow,0.0,-1.0,0.0,0.0,0.0
106.471,232.9,-3.5925,3.0844,2.511,-1.569,2.94,480,0,265,364,0.307,0.3212,SLOWDOWN,PolygonSlow,0.0,-1.0,0.0,0.0,0.0
106.569,233.0,-3.5923,3.0844,2.4907,-1.569,2.94,480,0,264,364,0.3074,0.3187,SLOWDOWN,PolygonSlow,0.0,-1.0,0.0,0.0,0.0
106.667,233.1,-3.5922,3.0844,2.4699,-1.569,2.94,480,0,264,364,0.3075,0.316,SLOWDOWN,PolygonSlow,0.0,-1.0,0.0,0.0,0.0
106.767,233.2,-3.5923,3.0844,2.4486,-1.569,2.94,480,0,264,365,0.3074,0.3131,SLOWDOWN,PolygonSlow,0.0,-1.0,0.0,0.0,0.0
106.868,233.3,-3.5924,3.0844,2.4268,-1.569,2.94,480,0,265,364,0.3072,0.31,SLOWDOWN,PolygonSlow,0.0,-1.0,0.0,0.0,0.0
106.969,233.4,-3.5927,3.0844,2.4045,-1.569,2.94,480,0,264,366,0.3069,0.3067,SLOWDOWN,PolygonSlow,0.0,-1.0,0.0,0.0,0.0
107.082,233.5,-3.593,3.0844,2.3817,-1.569,2.94,480,0,266,367,0.3066,0.3034,SLOWDOWN,PolygonSlow,0.0,-1.0,0.0,0.0,0.0
107.179,233.6,-3.593,3.0844,2.3585,-1.569,2.94,480,0,266,368,0.3066,0.3002,SLOWDOWN,PolygonSlow,0.0,-1.0,0.0,0.0,0.0
107.276,233.7,-3.593,3.0845,2.3351,-1.569,2.94,480,0,266,369,0.3067,0.297,SLOWDOWN,PolygonSlow,0.0,-1.0,0.0,0.0,0.0
107.383,233.8,-3.593,3.0847,2.3122,-1.569,2.94,480,0,268,371,0.3066,0.294,SLOWDOWN,PolygonSlow,0.0,-1.0,0.0,0.0,0.0
107.478,233.9,-3.593,3.085,2.2898,-1.569,2.94,480,0,269,373,0.3067,0.291,SLOWDOWN,PolygonSlow,0.0,-1.0,0.0,0.0,0.0
107.576,234.0,-3.593,3.0852,2.2679,-1.569,2.94,480,0,271,374,0.3067,0.2881,SLOWDOWN,PolygonSlow,0.0,-1.0,0.0,0.0,0.0
107.685,234.1,-3.593,3.0852,2.2465,-1.569,2.94,480,0,273,377,0.3067,0.2852,SLOWDOWN,PolygonSlow,0.0,-1.0,0.0,0.0,0.0
107.79,234.2,-3.593,3.0853,2.2256,-1.569,2.94,480,0,274,378,0.3066,0.2824,SLOWDOWN,PolygonSlow,0.0,-1.0,0.0,0.0,0.0
107.903,234.3,-3.593,3.0855,2.2052,-1.569,2.94,480,0,278,380,0.3067,0.2798,SLOWDOWN,PolygonSlow,0.0,-1.0,0.0,0.0,0.0
107.99,234.4,-3.593,3.0858,2.1852,-1.569,2.94,480,0,280,383,0.3068,0.2771,SLOWDOWN,PolygonSlow,0.0,-1.0,0.0,0.0,0.0
108.109,234.5,-3.5931,3.0862,2.1655,-1.569,2.94,480,0,282,385,0.3068,0.2745,SLOWDOWN,PolygonSlow,0.0,-1.0,0.0,0.0,0.0
108.189,234.6,-3.5931,3.0866,2.1453,-1.569,2.94,480,0,285,387,0.3068,0.2718,SLOWDOWN,PolygonSlow,0.0,-1.0,0.0,0.0,0.0
108.293,234.7,-3.593,3.0869,2.1241,-1.569,2.94,480,0,288,389,0.3068,0.2692,SLOWDOWN,PolygonSlow,0.0,-1.0,0.0,0.0,0.0
108.399,234.8,-3.5924,3.0869,2.1014,-1.569,2.94,480,0,291,392,0.3074,0.2669,SLOWDOWN,PolygonSlow,0.0,-1.0,0.0,0.0,0.0
108.501,234.9,-3.5916,3.0869,2.0779,-1.569,2.963,480,0,297,395,0.3081,0.2647,SLOWDOWN,PolygonSlow,0.0,-1.0,0.0,0.0,0.0
108.597,235.0,-3.5907,3.0869,2.0542,-1.569,2.963,480,0,299,393,0.309,0.2626,SLOWDOWN,PolygonSlow,0.0,-1.0,0.0,0.0,0.0
108.708,235.1,-3.5897,3.0869,2.03,-1.569,2.963,480,0,304,391,0.31,0.2605,SLOWDOWN,PolygonSlow,0.0,-1.0,0.0,0.0,0.0
108.809,235.2,-3.5886,3.0869,2.0056,-1.569,2.963,480,0,310,389,0.3111,0.2586,SLOWDOWN,PolygonSlow,0.0,-1.0,0.0,0.0,0.0
108.928,235.3,-3.5874,3.0869,1.9807,-1.569,2.963,480,0,314,387,0.3125,0.2567,SLOWDOWN,PolygonSlow,0.0,0.0,0.0,0.0,0.0
109.026,235.4,-3.5863,3.0869,1.9599,-1.569,2.963,480,0,320,385,0.3129,0.2553,SLOWDOWN,PolygonSlow,0.0,0.0,0.0,0.0,0.0
109.122,235.5,-3.5857,3.0869,1.9482,-1.569,2.963,480,0,321,384,0.3129,0.2545,SLOWDOWN,PolygonSlow,0.0,0.0,0.0,0.0,0.0
109.218,235.6,-3.5854,3.0869,1.9438,-1.569,2.963,480,0,323,384,0.3129,0.2543,DO_NOTHING,,0.0,0.0,0.0,0.0,0.0
109.332,235.7,-3.5854,3.0869,1.9437,-1.569,2.963,480,0,323,384,0.3129,0.2543,DO_NOTHING,,0.0,0.0,0.0,0.0,0.0
109.431,235.8,-3.5854,3.0869,1.9437,-1.569,2.963,480,0,323,384,0.3129,0.2543,DO_NOTHING,,0.0,0.0,0.0,0.0,0.0
109.523,235.9,-3.5854,3.0869,1.9437,-1.569,2.963,480,0,323,384,0.3129,0.2543,DO_NOTHING,,0.0,0.0,0.0,0.0,0.0
109.627,236.0,-3.5854,3.0869,1.9437,-1.569,2.963,480,0,323,384,0.3129,0.2543,DO_NOTHING,,0.0,0.0,0.0,0.0,0.0
109.731,236.1,-3.5854,3.0869,1.9437,-1.569,2.963,480,0,323,384,0.3129,0.2543,DO_NOTHING,,0.0,0.0,0.0,0.0,0.0
109.831,236.2,-3.5854,3.0869,1.9437,-1.569,2.963,480,0,323,384,0.3129,0.2543,DO_NOTHING,,0.0,0.0,0.0,0.0,0.0
109.93,236.3,-3.5854,3.0869,1.9437,-1.569,2.963,480,0,323,384,0.3129,0.2543,DO_NOTHING,,0.0,0.0,0.0,0.0,0.0
110.027,236.4,-3.5854,3.0869,1.9437,-1.569,2.963,480,0,323,384,0.3129,0.2543,DO_NOTHING,,0.0,0.0,0.0,0.0,0.0
110.152,236.5,-3.5854,3.0869,1.9437,-1.569,2.963,480,0,323,384,0.3129,0.2543,DO_NOTHING,,0.0,0.0,0.0,0.0,0.0
110.272,236.6,-3.5854,3.0869,1.9437,-1.569,2.963,480,0,323,384,0.3129,0.2543,DO_NOTHING,,0.0,0.0,0.0,0.0,0.0
110.371,236.7,-3.5854,3.0869,1.9437,-1.569,2.963,480,0,323,384,0.3129,0.2543,DO_NOTHING,,0.0,0.0,0.0,0.0,0.0
110.481,236.8,-3.5854,3.0869,1.9437,-1.569,2.963,480,0,323,384,0.3129,0.2543,DO_NOTHING,,0.0,0.0,0.0,0.0,0.0
110.593,236.9,-3.5854,3.0869,1.9437,-1.569,2.963,480,0,323,384,0.3129,0.2543,DO_NOTHING,,0.0,0.0,0.0,0.0,0.0
110.696,237.0,-3.5854,3.0869,1.9437,-1.569,2.963,480,0,323,384,0.3129,0.2543,DO_NOTHING,,0.0,0.0,0.0,0.0,0.0
110.804,237.1,-3.5854,3.0869,1.9437,-1.569,2.963,480,0,323,384,0.3129,0.2543,DO_NOTHING,,0.0,0.0,0.0,0.0,0.0
110.904,237.2,-3.5854,3.0869,1.9437,-1.569,2.963,480,0,323,384,0.3129,0.2543,DO_NOTHING,,0.0,0.0,0.0,0.0,0.0
111.025,237.3,-3.5854,3.0869,1.9437,-1.569,2.963,480,0,323,384,0.3129,0.2543,DO_NOTHING,,0.0,0.0,0.0,0.0,0.0
111.128,237.4,-3.5854,3.0869,1.9437,-1.569,2.963,480,0,323,384,0.3129,0.2543,DO_NOTHING,,0.0,0.0,0.0,0.0,0.0
111.231,237.5,-3.5854,3.0869,1.9437,-1.569,2.963,480,0,323,384,0.3129,0.2543,DO_NOTHING,,0.0,0.0,0.0,0.0,0.0
111.341,237.6,-3.5854,3.0869,1.9437,-1.569,2.963,480,0,323,384,0.3129,0.2543,DO_NOTHING,,0.0,0.0,0.0,0.0,0.0
111.436,237.7,-3.5854,3.0869,1.9437,-1.569,2.963,480,0,323,384,0.3129,0.2543,DO_NOTHING,,0.0,0.0,0.0,0.0,0.0
111.562,237.8,-3.5854,3.0869,1.9437,-1.569,2.963,480,0,323,384,0.3129,0.2543,DO_NOTHING,,0.0,0.0,0.0,0.0,0.0
111.631,237.9,-3.5854,3.0869,1.9437,-1.569,2.963,480,0,323,384,0.3129,0.2543,DO_NOTHING,,0.0,0.0,0.0,0.0,0.0
111.745,238.0,-3.5854,3.0869,1.9437,-1.569,2.963,480,0,323,384,0.3129,0.2543,DO_NOTHING,,0.0,0.0,0.0,0.0,0.0
111.858,238.1,-3.5854,3.0869,1.9437,-1.569,2.963,480,0,323,384,0.3129,0.2543,DO_NOTHING,,0.0,0.0,0.0,0.0,0.0
111.974,238.2,-3.5854,3.0869,1.9437,-1.569,2.963,480,0,323,384,0.3129,0.2543,DO_NOTHING,,0.0,0.0,0.0,0.0,0.0
112.071,238.3,-3.5854,3.0869,1.9437,-1.569,2.963,480,0,323,384,0.3129,0.2543,DO_NOTHING,,0.0,0.0,0.0,0.0,0.0
112.184,238.4,-3.5854,3.0869,1.9437,-1.569,2.963,480,0,323,384,0.3129,0.2543,DO_NOTHING,,0.0,0.0,0.0,0.0,0.0
112.282,238.5,-3.5854,3.0869,1.9437,-1.569,2.963,480,0,323,384,0.3129,0.2543,DO_NOTHING,,0.0,0.0,0.0,0.0,0.0
112.388,238.6,-3.5854,3.0869,1.9437,-1.569,2.963,480,0,323,384,0.3129,0.2543,DO_NOTHING,,0.0,0.0,0.0,0.0,0.0
112.498,238.7,-3.5854,3.0869,1.9437,-1.569,2.963,480,0,323,384,0.3129,0.2543,DO_NOTHING,,0.0,0.0,0.0,0.0,0.0
112.6,238.8,-3.5854,3.0869,1.9437,-1.569,2.963,480,0,323,384,0.3129,0.2543,DO_NOTHING,,0.0,0.0,0.0,0.0,0.0
112.699,238.9,-3.5854,3.0869,1.9437,-1.569,2.963,480,0,323,384,0.3129,0.2543,DO_NOTHING,,0.0,0.0,0.0,0.0,0.0
112.795,239.0,-3.5854,3.0869,1.9437,-1.569,2.963,480,0,323,384,0.3129,0.2543,DO_NOTHING,,0.0,0.0,0.0,0.0,0.0
112.895,239.1,-3.5854,3.0869,1.9437,-1.569,2.963,480,0,323,384,0.3129,0.2543,DO_NOTHING,,0.0,0.0,0.0,0.0,0.0
112.994,239.2,-3.5854,3.0869,1.9437,-1.569,2.963,480,0,323,384,0.3129,0.2543,DO_NOTHING,,0.0,0.0,0.0,0.0,0.0
113.096,239.3,-3.5854,3.0869,1.9437,-1.569,2.963,480,0,323,384,0.3129,0.2543,DO_NOTHING,,0.0,0.0,0.0,0.0,0.0
113.2,239.4,-3.5854,3.0869,1.9437,-1.569,2.963,480,0,323,384,0.3129,0.2543,DO_NOTHING,,0.0,0.0,0.0,0.0,0.0
113.296,239.5,-3.5854,3.0869,1.9437,-1.569,2.963,480,0,323,384,0.3129,0.2543,DO_NOTHING,,0.0,0.0,0.0,0.0,0.0
113.396,239.6,-3.5854,3.0869,1.9437,-1.569,2.963,480,0,323,384,0.3129,0.2543,DO_NOTHING,,0.0,0.0,0.0,0.0,0.0
113.495,239.7,-3.5854,3.0869,1.9437,-1.569,2.963,480,0,323,384,0.3129,0.2543,DO_NOTHING,,0.0,0.0,0.0,0.0,0.0
113.596,239.8,-3.5854,3.0869,1.9437,-1.569,2.963,480,0,323,384,0.3129,0.2543,DO_NOTHING,,0.0,0.0,0.0,0.0,0.0
113.696,239.9,-3.5854,3.0869,1.9437,-1.569,2.963,480,0,323,384,0.3129,0.2543,DO_NOTHING,,0.0,0.0,0.0,0.0,0.0
113.795,240.0,-3.5854,3.0869,1.9437,-1.569,2.963,480,0,323,384,0.3129,0.2543,DO_NOTHING,,0.0,0.0,0.0,0.0,0.0
113.902,240.1,-3.5854,3.0869,1.9437,-1.569,2.963,480,0,323,384,0.3129,0.2543,DO_NOTHING,,0.0,0.0,0.0,0.0,0.0
113.999,240.2,-3.5854,3.0869,1.9437,-1.569,2.963,480,0,323,384,0.3129,0.2543,DO_NOTHING,,0.0,0.0,0.0,0.0,0.0
114.111,240.3,-3.5854,3.0869,1.9437,-1.569,2.963,480,0,323,384,0.3129,0.2543,DO_NOTHING,,0.0,0.0,0.0,0.0,0.0
114.223,240.4,-3.5854,3.0869,1.9437,-1.569,2.94,480,0,323,384,0.3129,0.2543,SLOWDOWN,PolygonSlow,0.0,-1.0,0.0,0.0,0.0
114.311,240.5,-3.5852,3.087,1.9394,-1.569,2.94,480,0,326,383,0.3129,0.2539,SLOWDOWN,PolygonSlow,0.0,-1.0,0.0,0.0,0.0
114.414,240.6,-3.5846,3.087,1.9281,-1.569,2.94,480,0,329,383,0.3129,0.2532,SLOWDOWN,PolygonSlow,0.0,-1.0,0.0,0.0,0.0
114.513,240.7,-3.5834,3.087,1.9076,-1.569,2.94,480,0,335,381,0.3129,0.2519,SLOWDOWN,PolygonSlow,0.0,-1.0,0.0,0.0,0.0
114.618,240.8,-3.5818,3.087,1.8813,-1.569,2.94,480,0,341,379,0.313,0.2505,SLOWDOWN,PolygonSlow,0.0,-1.0,0.0,0.0,0.0
114.728,240.9,-3.58,3.087,1.8546,-1.569,2.94,480,0,347,377,0.3129,0.2492,SLOWDOWN,PolygonSlow,0.0,-1.0,0.0,0.0,0.0
114.823,241.0,-3.5781,3.087,1.8274,-1.569,2.94,480,0,354,375,0.3129,0.248,SLOWDOWN,PolygonSlow,0.0,-1.0,0.0,0.0,0.0
114.936,241.1,-3.5757,3.087,1.7943,-1.569,2.94,480,0,355,372,0.3129,0.2469,SLOWDOWN,PolygonSlow,0.0,-1.0,0.0,0.0,0.0
115.015,241.2,-3.574,3.087,1.7718,-1.569,2.94,480,0,353,370,0.3129,0.246,SLOWDOWN,PolygonSlow,0.0,-1.0,0.0,0.0,0.0
115.121,241.3,-3.5718,3.087,1.7433,-1.569,2.94,480,0,352,369,0.3128,0.2451,SLOWDOWN,PolygonSlow,0.0,-1.0,0.0,0.0,0.0
115.219,241.4,-3.5695,3.087,1.7143,-1.569,2.94,480,0,350,367,0.3129,0.2444,SLOWDOWN,PolygonSlow,0.0,-1.0,0.0,0.0,0.0
115.328,241.5,-3.567,3.087,1.6848,-1.569,2.94,480,0,348,364,0.3129,0.2439,SLOWDOWN,PolygonSlow,0.0,-1.0,0.0,0.0,0.0
115.422,241.6,-3.5645,3.087,1.6547,-1.569,2.94,480,0,347,362,0.3128,0.2434,SLOWDOWN,PolygonSlow,0.0,-1.0,0.0,0.0,0.0
115.527,241.7,-3.5618,3.087,1.6241,-1.569,2.94,480,0,345,360,0.3128,0.2431,SLOWDOWN,PolygonSlow,0.0,-1.0,0.0,0.0,0.0
115.625,241.8,-3.5591,3.087,1.5929,-1.569,2.94,480,0,343,360,0.3127,0.2429,SLOWDOWN,PolygonSlow,0.0,-1.0,0.0,0.0,0.0
115.727,241.9,-3.5563,3.087,1.562,-1.569,2.94,480,0,342,361,0.3129,0.2429,SLOWDOWN,PolygonSlow,0.0,-0.9487,0.0,0.0,0.0
115.83,242.0,-3.5536,3.087,1.5321,-1.569,2.94,480,0,340,360,0.3128,0.243,SLOWDOWN,PolygonSlow,0.0,-0.9487,0.0,0.0,0.0
115.943,242.1,-3.5511,3.087,1.5034,-1.569,2.94,480,0,338,361,0.3129,0.243,SLOWDOWN,PolygonSlow,0.0,-0.8974,0.0,0.0,0.0
116.039,242.2,-3.5488,3.087,1.4761,-1.569,2.94,480,0,337,362,0.3128,0.2432,SLOWDOWN,PolygonSlow,0.0,-0.8974,0.0,0.0,0.0
116.141,242.3,-3.5465,3.087,1.4493,-1.569,2.94,480,0,335,361,0.3127,0.2433,SLOWDOWN,PolygonSlow,0.0,-0.8974,0.0,0.0,0.0
116.237,242.4,-3.5444,3.087,1.4237,-1.569,2.99,480,0,334,361,0.3129,0.2435,SLOWDOWN,PolygonSlow,0.0,-0.8462,0.0,0.0,0.0
116.337,242.5,-3.5425,3.087,1.3991,-1.569,2.99,480,0,329,361,0.3128,0.2436,SLOWDOWN,PolygonSlow,0.0,-0.8462,0.0,0.0,0.0
116.443,242.6,-3.5406,3.087,1.3749,-1.569,2.99,480,0,319,362,0.3127,0.2438,SLOWDOWN,PolygonSlow,0.0,-0.8462,0.0,0.0,0.0
116.536,242.7,-3.5388,3.087,1.3511,-1.569,2.99,480,0,309,362,0.3128,0.244,SLOWDOWN,PolygonSlow,0.0,-0.8462,0.0,0.0,0.0
116.638,242.8,-3.5371,3.087,1.3283,-1.569,2.99,480,0,299,362,0.313,0.2442,SLOWDOWN,PolygonSlow,0.0,-0.7949,0.0,0.0,0.0
116.739,242.9,-3.5355,3.087,1.3065,-1.569,2.99,480,0,291,362,0.3127,0.2444,SLOWDOWN,PolygonSlow,0.0,-0.7949,0.0,0.0,0.0
116.838,243.0,-3.534,3.087,1.285,-1.569,2.99,480,0,278,362,0.3126,0.2446,SLOWDOWN,PolygonSlow,0.0,-0.7949,0.0,0.0,0.0
116.936,243.1,-3.5327,3.087,1.2644,-1.569,2.99,480,0,268,362,0.3127,0.2448,SLOWDOWN,PolygonSlow,0.0,-0.7436,0.0,0.0,0.0
117.037,243.2,-3.5314,3.087,1.2447,-1.569,2.99,480,0,262,363,0.3129,0.245,SLOWDOWN,PolygonSlow,0.0,-0.7436,0.0,0.0,0.0
117.138,243.3,-3.5302,3.087,1.2253,-1.569,2.99,480,0,256,363,0.3128,0.2452,SLOWDOWN,PolygonSlow,0.0,-0.7436,0.0,0.0,0.0
117.241,243.4,-3.5291,3.087,1.2067,-1.569,2.99,480,0,250,363,0.3126,0.2454,SLOWDOWN,PolygonSlow,0.0,-0.6923,0.0,0.0,0.0
117.342,243.5,-3.5281,3.087,1.189,-1.569,2.99,480,0,244,362,0.3126,0.2455,SLOWDOWN,PolygonSlow,0.0,-0.6923,0.0,0.0,0.0
117.44,243.6,-3.5272,3.087,1.1714,-1.569,2.99,480,0,240,360,0.3126,0.2457,SLOWDOWN,PolygonSlow,0.0,-0.6923,0.0,0.0,0.0
117.547,243.7,-3.5263,3.087,1.1541,-1.569,2.99,480,0,236,359,0.3128,0.2458,SLOWDOWN,PolygonSlow,0.0,-0.6923,0.0,0.0,0.0
117.638,243.8,-3.5255,3.087,1.1369,-1.569,2.99,480,0,232,358,0.3128,0.246,SLOWDOWN,PolygonSlow,0.0,-0.6923,0.0,0.0,0.0
117.738,243.9,-3.5247,3.087,1.1205,-1.569,2.99,480,0,230,355,0.3127,0.2461,SLOWDOWN,PolygonSlow,0.0,-0.641,0.0,0.0,0.0
117.836,244.0,-3.524,3.087,1.105,-1.569,2.99,480,0,226,354,0.3126,0.2462,SLOWDOWN,PolygonSlow,0.0,-0.641,0.0,0.0,0.0
117.944,244.1,-3.5234,3.087,1.0895,-1.569,2.99,480,0,223,354,0.3126,0.2463,SLOWDOWN,PolygonSlow,0.0,-0.641,0.0,0.0,0.0
118.051,244.2,-3.5228,3.087,1.0748,-1.569,2.99,480,0,220,349,0.3127,0.2464,SLOWDOWN,PolygonSlow,0.0,-0.5897,0.0,0.0,0.0
118.143,244.3,-3.5223,3.087,1.0609,-1.569,2.99,480,0,217,346,0.3128,0.2465,SLOWDOWN,PolygonSlow,0.0,-0.5897,0.0,0.0,0.0
118.253,244.4,-3.5219,3.087,1.047,-1.569,2.99,480,0,215,343,0.3127,0.2465,SLOWDOWN,PolygonSlow,0.0,-0.5897,0.0,0.0,0.0
118.344,244.5,-3.5215,3.087,1.0333,-1.569,2.99,480,0,212,339,0.3126,0.2466,SLOWDOWN,PolygonSlow,0.0,-0.5897,0.0,0.0,0.0
118.457,244.6,-3.5211,3.087,1.0197,-1.569,2.99,480,0,211,336,0.3126,0.2467,SLOWDOWN,PolygonSlow,0.0,-0.5385,0.0,0.0,0.0
118.554,244.7,-3.5208,3.087,1.0071,-1.569,2.99,480,0,209,333,0.3126,0.2469,SLOWDOWN,PolygonSlow,0.0,-0.5385,0.0,0.0,0.0
118.662,244.8,-3.5205,3.087,0.9949,-1.569,2.99,480,0,207,331,0.3127,0.247,SLOWDOWN,PolygonSlow,0.0,-0.5385,0.0,0.0,0.0
118.771,244.9,-3.5202,3.087,0.9828,-1.569,2.99,480,0,206,329,0.3127,0.2472,SLOWDOWN,PolygonSlow,0.0,-0.5385,0.0,0.0,0.0
118.879,245.0,-3.52,3.087,0.9707,-1.569,2.99,480,0,205,326,0.3126,0.2474,SLOWDOWN,PolygonSlow,0.0,-0.4872,0.0,0.0,0.0
118.978,245.1,-3.5198,3.087,0.9597,-1.569,2.99,480,0,202,324,0.3126,0.2476,SLOWDOWN,PolygonSlow,0.0,-0.4872,0.0,0.0,0.0
119.074,245.2,-3.5197,3.087,0.949,-1.569,2.99,480,0,203,321,0.3126,0.2479,SLOWDOWN,PolygonSlow,0.0,-0.4872,0.0,0.0,0.0
119.176,245.3,-3.5196,3.0869,0.9388,-1.569,2.99,480,0,200,318,0.3127,0.248,SLOWDOWN,PolygonSlow,0.0,-0.4872,0.0,0.0,0.0
119.272,245.4,-3.5196,3.0867,0.929,-1.569,2.99,480,0,199,317,0.3129,0.2482,SLOWDOWN,PolygonSlow,0.0,-0.4872,0.0,0.0,0.0
119.374,245.5,-3.5196,3.0867,0.919,-1.569,2.99,480,0,199,316,0.3131,0.2484,SLOWDOWN,PolygonSlow,0.0,-0.4359,0.0,0.0,0.0
119.476,245.6,-3.5196,3.0866,0.9097,-1.569,2.99,480,0,197,313,0.3131,0.2486,SLOWDOWN,PolygonSlow,0.0,-0.4359,0.0,0.0,0.0
119.573,245.7,-3.5196,3.0866,0.9006,-1.569,2.99,480,0,196,312,0.3131,0.2489,SLOWDOWN,PolygonSlow,0.0,-0.4359,0.0,0.0,0.0
119.674,245.8,-3.5196,3.0866,0.8914,-1.569,2.99,480,0,195,311,0.3131,0.2491,SLOWDOWN,PolygonSlow,0.0,-0.4359,0.0,0.0,0.0
119.774,245.9,-3.5196,3.0866,0.8821,-1.569,2.99,480,0,194,309,0.3131,0.2495,SLOWDOWN,PolygonSlow,0.0,-0.4359,0.0,0.0,0.0
119.881,246.0,-3.5196,3.0866,0.8727,-1.569,2.99,480,0,193,308,0.313,0.2498,SLOWDOWN,PolygonSlow,0.0,-0.3846,0.0,0.0,0.0
119.975,246.1,-3.5196,3.0867,0.8641,-1.569,2.99,480,0,192,305,0.3129,0.2502,SLOWDOWN,PolygonSlow,0.0,-0.3846,0.0,0.0,0.0
120.072,246.2,-3.5196,3.0868,0.8557,-1.569,2.99,480,0,192,305,0.3128,0.2506,SLOWDOWN,PolygonSlow,0.0,-0.3846,0.0,0.0,0.0
120.178,246.3,-3.5196,3.0869,0.8472,-1.569,2.99,480,0,192,304,0.3127,0.251,SLOWDOWN,PolygonSlow,0.0,-0.3846,0.0,0.0,0.0
120.275,246.4,-3.5196,3.087,0.8386,-1.569,2.94,480,0,191,301,0.3126,0.2514,SLOWDOWN,PolygonSlow,0.0,-0.3846,0.0,0.0,0.0
120.379,246.5,-3.5196,3.0871,0.8299,-1.569,2.94,480,0,191,300,0.3125,0.2519,SLOWDOWN,PolygonSlow,0.0158,-1.0,0.0158,0.0,0.0
120.472,246.6,-3.5194,3.0874,0.8169,-1.569,2.94,480,0,190,297,0.3122,0.2529,SLOWDOWN,PolygonSlow,0.0158,-1.0,0.0158,0.0047,0.0047
120.578,246.7,-3.519,3.0879,0.7965,-1.569,2.94,480,0,188,295,0.3118,0.2546,SLOWDOWN,PolygonSlow,0.0158,-1.0,0.0158,0.0047,0.0047
120.671,246.8,-3.5187,3.0882,0.773,-1.569,2.94,480,0,187,292,0.3115,0.2568,SLOWDOWN,PolygonSlow,0.0158,-1.0,0.0158,0.0047,0.0047
120.774,246.9,-3.5182,3.0885,0.75,-1.569,2.94,480,0,186,288,0.3111,0.2593,SLOWDOWN,PolygonSlow,0.0158,-1.0,0.0158,0.0047,0.0047
120.873,247.0,-3.5176,3.0889,0.7274,-1.569,2.94,480,0,185,286,0.3108,0.2622,SLOWDOWN,PolygonSlow,0.0158,-1.0,0.0158,0.0047,0.0047
120.978,247.1,-3.517,3.0892,0.7053,-1.569,2.94,480,0,183,283,0.3105,0.2652,SLOWDOWN,PolygonSlow,0.0158,-1.0,0.0158,0.0047,0.0047
121.079,247.2,-3.5165,3.0895,0.6837,-1.569,2.94,480,0,183,280,0.3103,0.2683,SLOWDOWN,PolygonSlow,0.0158,-1.0,0.0158,0.0047,0.0047
121.18,247.3,-3.5161,3.0898,0.6626,-1.569,2.94,480,0,182,279,0.3099,0.2715,SLOWDOWN,PolygonSlow,0.0158,-1.0,0.0158,0.0047,0.0047
121.282,247.4,-3.5156,3.0901,0.642,-1.569,2.94,480,0,182,276,0.3096,0.275,SLOWDOWN,PolygonSlow,0.0158,-1.0,0.0158,0.0047,0.0047
121.401,247.5,-3.5148,3.0904,0.6179,-1.569,2.94,480,0,182,274,0.3095,0.2788,SLOWDOWN,PolygonSlow,0.0158,-1.0,0.0158,0.0047,0.0047
121.484,247.6,-3.5141,3.0906,0.6022,-1.569,2.94,480,0,182,273,0.3093,0.278,SLOWDOWN,PolygonSlow,0.0,0.0,0.0,0.0,0.0
121.596,247.7,-3.5139,3.0905,0.5861,-1.569,2.94,480,0,181,271,0.3093,0.2759,SLOWDOWN,PolygonSlow,0.0,0.0,0.0,0.0,0.0
121.684,247.8,-3.5139,3.0903,0.5758,-1.569,2.94,480,0,182,270,0.3096,0.2748,SLOWDOWN,PolygonSlow,0.0,0.0,0.0,0.0,0.0
121.797,247.9,-3.5139,3.0903,0.5726,-1.569,2.94,480,0,181,269,0.3096,0.2745,DO_NOTHING,,0.0,0.0,0.0,0.0,0.0
121.893,248.0,-3.5139,3.0903,0.5726,-1.569,2.94,480,0,181,269,0.3096,0.2745,DO_NOTHING,,0.0,0.0,0.0,0.0,0.0
122.0,248.1,-3.5139,3.0903,0.5726,-1.569,2.94,480,0,181,269,0.3096,0.2745,DO_NOTHING,,0.0,0.0,0.0,0.0,0.0
122.101,248.2,-3.5139,3.0903,0.5726,-1.569,2.94,480,0,181,269,0.3096,0.2745,DO_NOTHING,,0.0,0.0,0.0,0.0,0.0
122.21,248.3,-3.5139,3.0903,0.5726,-1.569,2.94,480,0,181,269,0.3096,0.2745,DO_NOTHING,,0.0,0.0,0.0,0.0,0.0
122.32,248.4,-3.5139,3.0903,0.5726,-1.569,2.94,480,0,181,269,0.3096,0.2745,DO_NOTHING,,0.0,0.0,0.0,0.0,0.0
122.428,248.5,-3.5139,3.0903,0.5726,-1.569,2.94,480,0,181,269,0.3096,0.2745,DO_NOTHING,,0.0,0.0,0.0,0.0,0.0
122.525,248.6,-3.5139,3.0903,0.5726,-1.569,2.94,480,0,181,269,0.3096,0.2745,DO_NOTHING,,0.0,0.0,0.0,0.0,0.0
122.628,248.7,-3.5139,3.0903,0.5726,-1.569,2.94,480,0,181,269,0.3096,0.2745,DO_NOTHING,,0.0,0.0,0.0,0.0,0.0
122.729,248.8,-3.5139,3.0903,0.5726,-1.569,2.94,480,0,181,269,0.3096,0.2745,DO_NOTHING,,0.0,0.0,0.0,0.0,0.0
122.825,248.9,-3.5139,3.0903,0.5726,-1.569,2.94,480,0,181,269,0.3096,0.2745,DO_NOTHING,,0.0,0.0,0.0,0.0,0.0
122.926,249.0,-3.5139,3.0903,0.5726,-1.569,2.94,480,0,181,269,0.3096,0.2745,DO_NOTHING,,0.0,0.0,0.0,0.0,0.0
123.033,249.1,-3.5139,3.0903,0.5726,-1.569,2.94,480,0,181,269,0.3096,0.2745,DO_NOTHING,,0.0,0.0,0.0,0.0,0.0
123.129,249.2,-3.5139,3.0903,0.5726,-1.569,2.94,480,0,181,269,0.3096,0.2745,DO_NOTHING,,0.0,0.0,0.0,0.0,0.0
123.226,249.3,-3.5139,3.0903,0.5726,-1.569,2.94,480,0,181,269,0.3096,0.2745,DO_NOTHING,,0.0,0.0,0.0,0.0,0.0
123.325,249.4,-3.5139,3.0903,0.5726,-1.569,2.94,480,0,181,269,0.3096,0.2745,DO_NOTHING,,0.0,0.0,0.0,0.0,0.0
123.425,249.5,-3.5139,3.0903,0.5726,-1.569,2.94,480,0,181,269,0.3096,0.2745,DO_NOTHING,,0.0,0.0,0.0,0.0,0.0
123.526,249.6,-3.5139,3.0903,0.5726,-1.569,2.94,480,0,181,269,0.3096,0.2745,DO_NOTHING,,0.0,0.0,0.0,0.0,0.0
123.627,249.7,-3.5139,3.0903,0.5726,-1.569,2.94,480,0,181,269,0.3096,0.2745,DO_NOTHING,,0.0,1.0,0.0,0.0,0.0
123.726,249.8,-3.5139,3.0903,0.5773,-1.569,2.94,480,0,181,270,0.3096,0.275,SLOWDOWN,PolygonSlow,0.0,1.0,0.0,0.0,0.0
123.831,249.9,-3.5141,3.0904,0.5884,-1.569,2.94,480,0,181,271,0.3094,0.2763,SLOWDOWN,PolygonSlow,0.0,1.0,0.0,0.0,0.0
123.928,250.0,-3.5145,3.0905,0.6053,-1.569,2.94,480,0,181,273,0.3094,0.2785,SLOWDOWN,PolygonSlow,0.0,1.0,0.0,0.0,0.0
124.035,250.1,-3.5148,3.0905,0.6249,-1.569,2.94,480,0,182,274,0.3093,0.2784,SLOWDOWN,PolygonSlow,0.0,1.0,0.0,0.0,0.0
124.132,250.2,-3.5151,3.0905,0.6452,-1.569,2.94,480,0,183,275,0.3092,0.275,SLOWDOWN,PolygonSlow,0.0,1.0,0.0,0.0,0.0
124.232,250.3,-3.5152,3.0905,0.6658,-1.569,2.94,480,0,182,280,0.3092,0.272,SLOWDOWN,PolygonSlow,0.0,1.0,0.0,0.0,0.0
124.336,250.4,-3.5153,3.0905,0.687,-1.569,2.94,480,0,183,281,0.3093,0.2692,SLOWDOWN,PolygonSlow,0.0,1.0,0.0,0.0,0.0
124.443,250.5,-3.5154,3.0905,0.7086,-1.569,2.94,480,0,184,284,0.3092,0.2665,SLOWDOWN,PolygonSlow,0.0,1.0,0.0,0.0,0.0
124.54,250.6,-3.5157,3.0905,0.7308,-1.569,2.94,480,0,185,287,0.3092,0.2639,SLOWDOWN,PolygonSlow,0.0,1.0,0.0,0.0,0.0
124.641,250.7,-3.5159,3.0905,0.7534,-1.569,2.94,480,0,186,289,0.3092,0.2614,SLOWDOWN,PolygonSlow,0.0,1.0,0.0,0.0,0.0
124.754,250.8,-3.5161,3.0905,0.7766,-1.569,2.94,480,0,187,292,0.3092,0.2593,SLOWDOWN,PolygonSlow,0.0,1.0,0.0,0.0,0.0
124.842,250.9,-3.5161,3.0905,0.8,-1.569,2.94,480,0,190,296,0.3091,0.2575,SLOWDOWN,PolygonSlow,0.0,1.0,0.0,0.0,0.0
124.965,251.0,-3.5161,3.0903,0.8276,-1.569,2.94,480,0,191,299,0.3093,0.256,SLOWDOWN,PolygonSlow,0.0,1.0,0.0,0.0,0.0
125.052,251.1,-3.5161,3.09,0.8456,-1.569,2.94,480,0,192,305,0.3096,0.2547,SLOWDOWN,PolygonSlow,0.0,1.0,0.0,0.0,0.0
125.152,251.2,-3.5161,3.0898,0.8676,-1.569,2.94,480,0,193,308,0.3099,0.2537,SLOWDOWN,PolygonSlow,0.0,1.0,0.0,0.0,0.0
125.253,251.3,-3.5161,3.0897,0.8891,-1.569,2.94,480,0,196,311,0.31,0.2528,SLOWDOWN,PolygonSlow,0.0,1.0,0.0,0.0,0.0
125.366,251.4,-3.5161,3.0897,0.9102,-1.569,2.94,480,0,197,314,0.31,0.2522,SLOWDOWN,PolygonSlow,0.0,1.0,0.0,0.0,0.0
125.464,251.5,-3.5161,3.0899,0.9308,-1.569,2.94,480,0,199,318,0.3098,0.2518,SLOWDOWN,PolygonSlow,0.0,1.0,0.0,0.0,0.0
125.566,251.6,-3.5161,3.0901,0.9509,-1.569,2.94,480,0,202,323,0.3094,0.2515,SLOWDOWN,PolygonSlow,0.0,1.0,0.0,0.0,0.0
125.664,251.7,-3.5161,3.0904,0.9705,-1.569,2.94,480,0,205,328,0.3092,0.2514,SLOWDOWN,PolygonSlow,0.0,1.0,0.0,0.0,0.0
125.774,251.8,-3.5161,3.0907,0.9903,-1.569,2.94,480,0,206,332,0.309,0.2513,SLOWDOWN,PolygonSlow,0.0,1.0,0.0,0.0,0.0
125.873,251.9,-3.5165,3.0909,1.0116,-1.569,2.94,480,0,209,336,0.3087,0.2512,SLOWDOWN,PolygonSlow,0.0,1.0,0.0,0.0,0.0
125.979,252.0,-3.5171,3.0909,1.0346,-1.569,2.94,480,0,213,340,0.3087,0.251,SLOWDOWN,PolygonSlow,0.0,1.0,0.0,0.0,0.0
126.074,252.1,-3.5178,3.0909,1.0579,-1.569,2.94,480,0,215,346,0.3089,0.2509,SLOWDOWN,PolygonSlow,0.0,1.0,0.0,0.0,0.0
126.186,252.2,-3.5187,3.0909,1.0816,-1.569,2.94,480,0,220,352,0.3087,0.2507,SLOWDOWN,PolygonSlow,0.0,1.0,0.0,0.0,0.0
126.282,252.3,-3.5197,3.0909,1.1057,-1.569,2.94,480,0,225,354,0.3087,0.2506,SLOWDOWN,PolygonSlow,0.0,1.0,0.0,0.0,0.0
126.39,252.4,-3.5207,3.0909,1.1301,-1.569,2.94,480,0,230,357,0.3088,0.2504,SLOWDOWN,PolygonSlow,0.0,1.0,0.0,0.0,0.0
126.484,252.5,-3.5219,3.0909,1.1548,-1.569,2.94,480,0,234,359,0.3088,0.2502,SLOWDOWN,PolygonSlow,0.0,1.0,0.0,0.0,0.0
126.583,252.6,-3.5232,3.0909,1.1799,-1.569,2.94,480,0,242,360,0.3086,0.25,SLOWDOWN,PolygonSlow,0.0,1.0,0.0,0.0,0.0
126.685,252.7,-3.5247,3.0909,1.2054,-1.569,2.94,480,0,248,363,0.3087,0.2498,SLOWDOWN,PolygonSlow,0.0,1.0,0.0,0.0,0.0
126.788,252.8,-3.5262,3.0909,1.2313,-1.569,2.94,480,0,254,362,0.309,0.2495,SLOWDOWN,PolygonSlow,0.0,1.0,0.0,0.0,0.0
126.889,252.9,-3.5278,3.0909,1.2576,-1.569,2.94,480,0,264,362,0.3088,0.2493,SLOWDOWN,PolygonSlow,0.0,1.0,0.0,0.0,0.0
126.985,253.0,-3.5296,3.0909,1.2843,-1.569,2.94,480,0,280,362,0.3087,0.249,SLOWDOWN,PolygonSlow,0.0,1.0,0.0,0.0,0.0
127.085,253.1,-3.5315,3.0909,1.3114,-1.569,2.94,480,0,289,362,0.3089,0.2488,SLOWDOWN,PolygonSlow,0.0,1.0,0.0,0.0,0.0
127.186,253.2,-3.5335,3.0909,1.339,-1.569,2.94,480,0,300,362,0.3089,0.2485,SLOWDOWN,PolygonSlow,0.0,1.0,0.0,0.0,0.0
127.284,253.3,-3.5356,3.0909,1.367,-1.569,2.94,480,0,313,362,0.3087,0.2483,SLOWDOWN,PolygonSlow,0.0,1.0,0.0,0.0,0.0
127.385,253.4,-3.5378,3.0909,1.3954,-1.569,2.94,480,0,323,361,0.3088,0.2481,SLOWDOWN,PolygonSlow,0.0,1.0,0.0,0.0,0.0
127.487,253.5,-3.5401,3.0909,1.4244,-1.569,2.94,480,0,332,362,0.3089,0.2479,SLOWDOWN,PolygonSlow,0.0,1.0,0.0,0.0,0.0
127.587,253.6,-3.5425,3.0909,1.4539,-1.569,2.94,480,0,336,360,0.3088,0.2477,SLOWDOWN,PolygonSlow,0.0,1.0,0.0,0.0,0.0
127.688,253.7,-3.545,3.0909,1.4839,-1.569,2.94,480,0,338,361,0.3089,0.2475,SLOWDOWN,PolygonSlow,0.0,1.0,0.0,0.0,0.0
127.799,253.8,-3.5477,3.0909,1.5144,-1.569,2.94,480,0,339,361,0.3088,0.2474,SLOWDOWN,PolygonSlow,0.0,1.0,0.0,0.0,0.0
127.93,253.9,-3.5504,3.0909,1.5455,-1.569,2.94,480,0,341,361,0.3089,0.2473,SLOWDOWN,PolygonSlow,0.0,1.0,0.0,0.0,0.0
128.059,254.0,-3.5533,3.0909,1.5773,-1.569,2.94,480,0,343,360,0.3088,0.2473,SLOWDOWN,PolygonSlow,0.0,1.0,0.0,0.0,0.0
128.176,254.1,-3.5566,3.0909,1.615,-1.569,2.94,480,0,345,360,0.3088,0.2474,SLOWDOWN,PolygonSlow,0.0,1.0,0.0,0.0,0.0
128.272,254.2,-3.5588,3.0909,1.6397,-1.569,2.94,480,0,347,362,0.3089,0.2477,SLOWDOWN,PolygonSlow,0.0,1.0,0.0,0.0,0.0
128.429,254.3,-3.5619,3.0909,1.676,-1.569,2.94,480,0,348,364,0.309,0.248,SLOWDOWN,PolygonSlow,0.0,1.0,0.0,0.0,0.0
128.518,254.4,-3.5639,3.0909,1.6998,-1.569,2.94,480,0,350,366,0.3089,0.2486,SLOWDOWN,PolygonSlow,0.0,1.0,0.0,0.0,0.0
128.647,254.5,-3.5663,3.0909,1.7291,-1.569,2.94,480,0,351,368,0.3089,0.2492,SLOWDOWN,PolygonSlow,0.0,1.0,0.0,0.0,0.0
128.746,254.6,-3.5685,3.0909,1.7578,-1.569,2.94,480,0,353,370,0.3089,0.25,SLOWDOWN,PolygonSlow,0.0,1.0,0.0,0.0,0.0
128.852,254.7,-3.5707,3.0909,1.7861,-1.569,2.94,480,0,355,372,0.3089,0.2509,SLOWDOWN,PolygonSlow,0.0,0.972,0.0,0.0,0.0
128.951,254.8,-3.5727,3.0909,1.8129,-1.569,2.94,480,0,354,374,0.309,0.2518,SLOWDOWN,PolygonSlow,0.0,0.8683,0.0,0.0,0.0
129.059,254.9,-3.5743,3.0909,1.8364,-1.569,2.94,480,0,348,376,0.309,0.2528,SLOWDOWN,PolygonSlow,0.0,0.7572,0.0,0.0,0.0
129.153,255.0,-3.5757,3.0909,1.856,-1.569,2.94,480,0,343,378,0.3089,0.2537,SLOWDOWN,PolygonSlow,0.0,0.6426,0.0,0.0,0.0
129.256,255.1,-3.5768,3.0909,1.8727,-1.569,2.94,480,0,339,379,0.309,0.2545,SLOWDOWN,PolygonSlow,0.0,0.5277,0.0,0.0,0.0
129.355,255.2,-3.5777,3.0909,1.8857,-1.569,2.94,480,0,335,380,0.309,0.2551,SLOWDOWN,PolygonSlow,0.0,0.4048,0.0,0.0,0.0
129.456,255.3,-3.5783,3.0909,1.8964,-1.569,2.94,480,0,334,381,0.309,0.2557,SLOWDOWN,PolygonSlow,0.0,0.4,0.0,0.0,0.0
129.561,255.4,-3.5789,3.0909,1.9058,-0.019,-0.01,480,0,332,381,0.3089,0.2562,SLOWDOWN,PolygonSlow,0.0,-1.0,0.0,0.0,0.0
129.672,255.5,-3.5791,3.0909,1.9084,-0.019,-0.01,480,0,331,382,0.3089,0.2564,SLOWDOWN,PolygonSlow,0.0,-1.0,0.0,0.0,0.0
129.765,255.6,-3.5788,3.0909,1.9028,-0.019,-0.01,480,0,332,381,0.3089,0.256,SLOWDOWN,PolygonSlow,0.0,-1.0,0.0,0.0,0.0
129.864,255.7,-3.5779,3.0909,1.8879,-0.019,-0.01,480,0,335,380,0.309,0.2552,SLOWDOWN,PolygonSlow,0.0,-1.0,0.0,0.0,0.0
129.961,255.8,-3.5764,3.0909,1.8641,-0.019,-0.01,480,0,340,378,0.3089,0.2539,SLOWDOWN,PolygonSlow,0.0,-1.0,0.0,0.0,0.0
130.066,255.9,-3.5745,3.0909,1.837,-0.019,-0.01,480,0,348,376,0.309,0.2527,SLOWDOWN,PolygonSlow,0.0,-1.0,0.0,0.0,0.0
130.163,256.0,-3.5726,3.0909,1.8096,-0.019,-0.01,480,0,354,374,0.309,0.2515,SLOWDOWN,PolygonSlow,0.0,-1.0,0.0,0.0,0.0
130.269,256.1,-3.5705,3.0909,1.7817,-0.019,-0.01,480,0,354,372,0.3089,0.2505,SLOWDOWN,PolygonSlow,0.0,-1.0,0.0,0.0,0.0
130.366,256.2,-3.5683,3.0909,1.7534,-0.019,-0.01,480,0,353,370,0.3089,0.2497,SLOWDOWN,PolygonSlow,0.0,-1.0,0.0,0.0,0.0
130.466,256.3,-3.566,3.0909,1.7245,-0.019,-0.01,480,0,351,368,0.3089,0.2489,SLOWDOWN,PolygonSlow,0.0,-1.0,0.0,0.0,0.0
130.566,256.4,-3.5636,3.0909,1.6952,-0.019,-0.01,480,0,350,365,0.3089,0.2483,SLOWDOWN,PolygonSlow,0.0,-1.0,0.0,0.0,0.0
130.664,256.5,-3.5611,3.0909,1.6653,-0.019,-0.01,480,0,348,363,0.3089,0.2478,SLOWDOWN,PolygonSlow,0.0,-1.0,0.0,0.0,0.0
130.764,256.6,-3.5585,3.0909,1.6349,-0.019,-0.01,480,0,346,361,0.3089,0.2475,SLOWDOWN,PolygonSlow,0.0,-1.0,0.0,0.0,0.0
130.868,256.7,-3.5558,3.0909,1.604,-0.019,-0.01,480,0,344,360,0.3088,0.2472,SLOWDOWN,PolygonSlow,0.0,-1.0,0.0,0.0,0.0
130.969,256.8,-3.553,3.0909,1.5724,-0.019,-0.01,480,0,343,361,0.3088,0.2472,SLOWDOWN,PolygonSlow,0.0,-1.0,0.0,0.0,0.0
131.082,256.9,-3.5502,3.0909,1.5407,-0.019,-0.01,480,0,341,360,0.3089,0.2472,SLOWDOWN,PolygonSlow,0.0,-1.0,0.0,0.0,0.0
131.192,257.0,-3.5474,3.0909,1.5096,-0.019,-0.01,480,0,339,361,0.3089,0.2473,SLOWDOWN,PolygonSlow,0.0,-1.0,0.0,0.0,0.0
131.292,257.1,-3.5448,3.0909,1.4792,-0.019,-0.01,480,0,337,361,0.3089,0.2474,SLOWDOWN,PolygonSlow,0.0,-1.0,0.0,0.0,0.0
131.391,257.2,-3.5423,3.0909,1.4492,-0.019,-0.01,480,0,336,361,0.3088,0.2475,SLOWDOWN,PolygonSlow,0.0,-1.0,0.0,0.0,0.0
131.494,257.3,-3.5399,3.0909,1.4199,-0.019,-0.01,480,0,330,361,0.3089,0.2477,SLOWDOWN,PolygonSlow,0.0,-1.0,0.0,0.0,0.0
131.613,257.4,-3.5371,3.0909,1.3852,-0.019,-0.01,480,0,321,361,0.3088,0.248,SLOWDOWN,PolygonSlow,0.0,-1.0,0.0,0.0,0.0
131.69,257.5,-3.5354,3.0909,1.3626,-0.019,-0.01,480,0,312,361,0.3087,0.2482,SLOWDOWN,PolygonSlow,0.0,-1.0,0.0,0.0,0.0
131.813,257.6,-3.5329,3.0909,1.3291,-0.019,-0.01,480,0,300,361,0.3089,0.2484,SLOWDOWN,PolygonSlow,0.0,-1.0,0.0,0.0,0.0
131.894,257.7,-3.5313,3.0909,1.3071,-0.019,-0.01,480,0,288,361,0.3088,0.2487,SLOWDOWN,PolygonSlow,0.0,-1.0,0.0,0.0,0.0
132.0,257.8,-3.5295,3.0909,1.2801,-0.019,-0.01,480,0,275,361,0.3087,0.2489,SLOWDOWN,PolygonSlow,0.0,-1.0,0.0,0.0,0.0
132.097,257.9,-3.5277,3.0909,1.2534,-0.019,-0.01,480,0,263,362,0.3088,0.2492,SLOWDOWN,PolygonSlow,0.0,-1.0,0.0,0.0,0.0
132.203,258.0,-3.5261,3.0909,1.2272,-0.019,-0.01,480,0,255,362,0.3089,0.2494,SLOWDOWN,PolygonSlow,0.0,-1.0,0.0,0.0,0.0
132.298,258.1,-3.5246,3.0909,1.2014,-0.019,-0.01,480,0,247,362,0.3087,0.2497,SLOWDOWN,PolygonSlow,0.0,-1.0,0.0,0.0,0.0
132.4,258.2,-3.5232,3.0909,1.1759,-0.019,-0.01,480,0,240,361,0.3087,0.2499,SLOWDOWN,PolygonSlow,0.0,-1.0,0.0,0.0,0.0
132.501,258.3,-3.5219,3.0909,1.1508,-0.019,-0.01,480,0,234,359,0.3088,0.2501,SLOWDOWN,PolygonSlow,0.0,-1.0,0.0,0.0,0.0
132.603,258.4,-3.5207,3.0909,1.1261,-0.019,-0.01,480,0,229,357,0.3088,0.2503,SLOWDOWN,PolygonSlow,0.0,-1.0,0.0,0.0,0.0
132.701,258.5,-3.5196,3.0909,1.1018,-0.019,-0.01,480,0,225,354,0.3086,0.2505,SLOWDOWN,PolygonSlow,0.0,-1.0,0.0,0.0,0.0
132.8,258.6,-3.5187,3.0909,1.0778,-0.019,-0.01,480,0,220,350,0.3087,0.2506,SLOWDOWN,PolygonSlow,0.0,-1.0,0.0,0.0,0.0
132.903,258.7,-3.5179,3.0909,1.0542,-0.019,-0.01,480,0,215,345,0.3088,0.2507,SLOWDOWN,PolygonSlow,0.0,-1.0,0.0,0.0,0.0
133.008,258.8,-3.5171,3.0909,1.031,-0.019,-0.01,480,0,212,340,0.3086,0.2509,SLOWDOWN,PolygonSlow,0.0158,-1.0,0.0158,0.0047,0.0047
133.104,258.9,-3.5163,3.0913,1.0082,-0.019,-0.01,480,0,209,335,0.3083,0.2513,SLOWDOWN,PolygonSlow,0.0158,-1.0,0.0158,0.0047,0.0047
133.203,259.0,-3.5155,3.0917,0.9856,-0.019,-0.01,480,0,206,331,0.308,0.2519,SLOWDOWN,PolygonSlow,0.0158,-1.0,0.0158,0.0047,0.0047
133.309,259.1,-3.5149,3.0921,0.9634,-0.019,-0.01,480,0,204,326,0.3075,0.2526,SLOWDOWN,PolygonSlow,0.0158,-1.0,0.0158,0.0047,0.0047
133.402,259.2,-3.5144,3.0923,0.9423,-0.019,-0.01,480,0,201,323,0.3072,0.2532,SLOWDOWN,PolygonSlow,0.0158,-1.0,0.0158,0.0047,0.0047
133.506,259.3,-3.5142,3.0924,0.922,-0.019,-0.01,480,0,199,317,0.3072,0.2538,SLOWDOWN,PolygonSlow,0.0158,-1.0,0.0158,0.0047,0.0047
133.613,259.4,-3.5139,3.0927,0.9012,-0.019,-0.01,480,0,198,313,0.307,0.2547,SLOWDOWN,PolygonSlow,0.0158,-1.0,0.0158,0.0047,0.0047
133.711,259.5,-3.5136,3.0931,0.88,-0.019,-0.01,480,0,196,311,0.3066,0.2557,SLOWDOWN,PolygonSlow,0.0158,-1.0,0.0158,0.0047,0.0047
133.807,259.6,-3.5133,3.0936,0.8583,-0.019,-0.01,480,0,195,307,0.306,0.2569,SLOWDOWN,PolygonSlow,0.0158,-1.0,0.0158,0.0047,0.0047
133.909,259.7,-3.5129,3.0943,0.836,-0.019,-0.01,480,0,193,304,0.3053,0.2584,SLOWDOWN,PolygonSlow,0.0158,-1.0,0.0158,0.0047,0.0047
134.006,259.8,-3.5126,3.0949,0.8133,-0.019,-0.01,480,0,192,299,0.3048,0.2601,SLOWDOWN,PolygonSlow,0.0158,-1.0,0.0158,0.0047,0.0047
134.108,259.9,-3.5123,3.0953,0.7901,-0.019,-0.01,480,0,191,297,0.3043,0.2621,SLOWDOWN,PolygonSlow,0.0158,-1.0,0.0158,0.0047,0.0047
134.208,260.0,-3.5119,3.0956,0.7666,-0.019,-0.01,480,0,189,292,0.3041,0.2644,SLOWDOWN,PolygonSlow,0.0158,-1.0,0.0158,0.0047,0.0047
134.308,260.1,-3.5114,3.096,0.7437,-0.019,-0.01,480,0,187,290,0.3037,0.2671,SLOWDOWN,PolygonSlow,0.0158,-1.0,0.0158,0.0047,0.0047
134.409,260.2,-3.5107,3.0963,0.7213,-0.019,-0.01,480,0,187,287,0.3034,0.2701,SLOWDOWN,PolygonSlow,0.0158,-1.0,0.0158,0.0047,0.0047
134.508,260.3,-3.5096,3.0971,0.6995,-0.019,-0.01,480,0,187,284,0.3026,0.2738,SLOWDOWN,PolygonSlow,0.1737,-1.0,0.1737,0.0422,0.0422
134.617,260.4,-3.5057,3.1002,0.678,-0.019,-0.01,480,0,188,282,0.2995,0.2783,SLOWDOWN,PolygonSlow,0.1737,-1.0,0.1737,0.0521,0.0521
134.712,260.5,-3.5023,3.1029,0.657,-0.019,-0.01,480,0,189,279,0.2968,0.2729,SLOWDOWN,PolygonSlow,0.0158,-1.0,0.0158,0.0047,0.0047
134.82,260.6,-3.5011,3.1037,0.6363,-0.019,-0.01,480,0,188,279,0.2959,0.2693,SLOWDOWN,PolygonSlow,0.1579,-1.0,0.1579,0.0474,0.0474
134.938,260.7,-3.4965,3.1067,0.6102,-0.019,-0.01,480,0,189,276,0.2935,0.2639,SLOWDOWN,PolygonSlow,0.1579,-0.8974,0.1579,0.0474,0.0474
135.018,260.8,-3.4934,3.1086,0.5931,-0.019,-0.01,480,0,189,273,0.2913,0.2588,SLOWDOWN,PolygonSlow,0.1579,-0.8974,0.1579,0.0474,0.0474
135.131,260.9,-3.4887,3.1112,0.5682,-0.019,-0.01,480,0,193,271,0.2891,0.2539,SLOWDOWN,PolygonSlow,0.1579,-0.9487,0.1579,0.0474,0.0474
135.234,261.0,-3.4847,3.1132,0.5465,-0.019,-0.01,480,0,193,270,0.2871,0.2491,SLOWDOWN,PolygonSlow,0.1579,-0.9487,0.1579,0.0474,0.0474
135.336,261.1,-3.4814,3.1146,0.5286,-0.019,-0.01,480,0,195,269,0.2853,0.2445,SLOWDOWN,PolygonSlow,0.1895,-0.9487,0.1579,0.0474,0.0474
135.446,261.2,-3.4769,3.1164,0.5057,-0.019,-0.01,480,0,197,268,0.2834,0.2397,SLOWDOWN,PolygonSlow,0.2053,-1.0,0.1895,0.0568,0.0568
135.547,261.3,-3.4717,3.1183,0.4825,-0.019,-0.01,480,0,202,266,0.2814,0.2348,SLOWDOWN,PolygonSlow,0.2211,-1.0,0.2053,0.0616,0.0616
135.645,261.4,-3.4659,3.1203,0.4584,-0.019,-0.01,480,0,209,265,0.2794,0.2299,SLOWDOWN,PolygonSlow,0.2842,-0.7949,0.2211,0.0663,0.0663
135.756,261.5,-3.459,3.1226,0.4361,-0.019,-0.01,480,0,217,264,0.2772,0.2248,SLOWDOWN,PolygonSlow,0.2842,-1.0,0.2842,0.0853,0.0853
135.853,261.6,-3.4512,3.125,0.4139,-0.019,-0.01,480,0,223,263,0.2747,0.2196,SLOWDOWN,PolygonSlow,0.3,-1.0,0.2842,0.0853,0.0853
135.96,261.7,-3.443,3.1272,0.3887,-0.019,-0.01,480,0,231,262,0.2726,0.2144,SLOWDOWN,PolygonSlow,0.3,-0.8974,0.3,0.09,0.09
136.056,261.8,-3.4347,3.1292,0.3655,-0.019,-0.01,480,0,231,263,0.2705,0.2096,SLOWDOWN,PolygonSlow,0.3,-0.9487,0.3,0.09,0.09
136.182,261.9,-3.4262,3.1309,0.3414,-0.019,-0.01,480,0,230,262,0.2689,0.205,SLOWDOWN,PolygonSlow,0.3,-0.8974,0.3,0.09,0.09
136.278,262.0,-3.4177,3.1324,0.3177,-0.019,-0.01,480,0,228,262,0.2677,0.2008,SLOWDOWN,PolygonSlow,0.3,-0.8462,0.3,0.09,0.09
136.38,262.1,-3.4091,3.1336,0.2951,-0.019,-0.01,480,0,227,263,0.2663,0.1969,SLOWDOWN,PolygonSlow,0.3,-0.8462,0.3,0.09,0.09
136.482,262.2,-3.4005,3.1346,0.2723,-0.019,-0.01,480,0,225,264,0.2653,0.1933,SLOWDOWN,PolygonSlow,0.3,-1.0,0.3,0.09,0.09
136.581,262.3,-3.3918,3.135,0.2455,-0.019,-0.01,480,0,223,265,0.2648,0.1899,SLOWDOWN,PolygonSlow,0.2842,-1.0,0.2842,0.0853,0.0853
136.679,262.4,-3.3835,3.1349,0.2179,-0.019,-0.01,480,0,221,266,0.2648,0.1869,SLOWDOWN,PolygonSlow,0.3,-0.8974,0.3,0.09,0.09
136.792,262.5,-3.3747,3.1349,0.1926,-0.019,-0.01,480,0,219,268,0.265,0.1842,SLOWDOWN,PolygonSlow,0.3,-0.6923,0.3,0.09,0.09
136.898,262.6,-3.3658,3.1349,0.1714,-0.019,-0.01,480,0,217,274,0.2649,0.182,SLOWDOWN,PolygonSlow,0.3,-0.8462,0.3,0.09,0.09
137.002,262.7,-3.357,3.1343,0.1469,-0.019,-0.01,480,0,215,280,0.2655,0.1799,SLOWDOWN,PolygonSlow,0.3,-0.8462,0.3,0.09,0.09
137.094,262.8,-3.3482,3.1335,0.122,-0.019,-0.01,480,0,213,287,0.2663,0.1782,SLOWDOWN,PolygonSlow,0.2842,-0.8462,0.2842,0.0853,0.0853
137.197,262.9,-3.3397,3.1323,0.0969,-0.019,-0.01,480,0,210,288,0.2676,0.1769,SLOWDOWN,PolygonSlow,0.2842,-0.7949,0.2842,0.0853,0.0853
137.294,263.0,-3.3312,3.131,0.0731,-0.019,-0.01,480,0,208,285,0.2688,0.1758,SLOWDOWN,PolygonSlow,0.3,-0.6923,0.3,0.09,0.09
137.394,263.1,-3.3222,3.1297,0.0519,-0.019,-0.01,480,0,206,285,0.2701,0.1751,SLOWDOWN,PolygonSlow,0.3,-0.6923,0.3,0.09,0.09
137.494,263.2,-3.3132,3.1282,0.0306,-0.019,-0.01,480,0,204,283,0.2716,0.1746,SLOWDOWN,PolygonSlow,0.3,-0.5897,0.3,0.09,0.09
137.594,263.3,-3.3042,3.1268,0.0124,-0.019,-0.01,480,0,202,282,0.273,0.1743,SLOWDOWN,PolygonSlow,0.3,-0.3846,0.3,0.09,0.09
137.695,263.4,-3.2952,3.1257,-0.0002,-0.019,-0.01,480,0,201,281,0.274,0.1743,SLOWDOWN,PolygonSlow,0.3,-0.3846,0.3,0.09,0.09
137.804,263.5,-3.2862,3.1246,-0.0123,-0.019,-0.01,480,0,200,282,0.2752,0.1743,SLOWDOWN,PolygonSlow,0.3,-0.3333,0.3,0.09,0.09
137.904,263.6,-3.2772,3.1235,-0.0228,-0.019,-0.01,480,0,198,281,0.2763,0.1745,SLOWDOWN,PolygonSlow,0.2842,-0.3333,0.2842,0.0853,0.0853
138.01,263.7,-3.2687,3.1223,-0.0333,-0.019,-0.01,480,0,197,281,0.2774,0.1748,SLOWDOWN,PolygonSlow,0.2842,-0.3333,0.2842,0.0853,0.0853
138.111,263.8,-3.2601,3.1211,-0.0437,-0.019,-0.01,480,0,197,280,0.2787,0.1751,SLOWDOWN,PolygonSlow,0.3,-0.3333,0.3,0.09,0.09
138.212,263.9,-3.2511,3.1197,-0.0537,-0.019,-0.01,480,0,195,279,0.28,0.1756,SLOWDOWN,PolygonSlow,0.3,-0.2821,0.3,0.09,0.09
138.337,264.0,-3.2421,3.1185,-0.0624,-0.019,-0.01,480,0,194,279,0.2813,0.1761,SLOWDOWN,PolygonSlow,0.2842,-0.2821,0.3,0.09,0.09
138.416,264.1,-3.2332,3.1171,-0.071,-0.019,-0.01,480,0,194,279,0.2826,0.1767,SLOWDOWN,PolygonSlow,0.2842,-0.2821,0.2842,0.0853,0.0853
138.538,264.2,-3.223,3.1155,-0.0813,-0.019,-0.01,480,0,192,280,0.2841,0.1774,SLOWDOWN,PolygonSlow,0.3,-0.2308,0.2842,0.0853,0.0853
138.615,264.3,-3.2161,3.1143,-0.0877,-0.019,-0.01,480,0,191,279,0.2855,0.1782,SLOWDOWN,PolygonSlow,0.3,-0.2308,0.3,0.09,0.09
138.727,264.4,-3.2071,3.1129,-0.0947,-0.019,-0.01,480,0,191,278,0.2869,0.179,SLOWDOWN,PolygonSlow,0.3,-0.2308,0.3,0.09,0.09
138.826,264.5,-3.1982,3.1114,-0.1016,-0.019,-0.01,480,0,190,278,0.2884,0.18,SLOWDOWN,PolygonSlow,0.3,-0.2308,0.3,0.09,0.09
138.932,264.6,-3.1895,3.1101,-0.107,-0.019,-0.01,480,0,189,279,0.2897,0.1809,SLOWDOWN,PolygonSlow,0.2842,-0.1282,0.2842,0.0853,0.0853
139.031,264.7,-3.181,3.1088,-0.1108,-0.019,-0.01,480,0,188,279,0.291,0.1818,SLOWDOWN,PolygonSlow,0.3,-0.0769,0.2842,0.0853,0.0853
139.137,264.8,-3.1723,3.1076,-0.1139,-0.019,-0.01,480,0,188,279,0.2922,0.1828,SLOWDOWN,PolygonSlow,0.3,-0.0769,0.3,0.09,0.09
139.23,264.9,-3.1633,3.1064,-0.1162,-0.019,-0.01,480,0,188,279,0.2934,0.1839,SLOWDOWN,PolygonSlow,0.3,-0.0769,0.3,0.09,0.09
139.339,265.0,-3.1544,3.1051,-0.1185,-0.019,-0.01,480,0,187,281,0.2946,0.185,SLOWDOWN,PolygonSlow,0.2842,-0.0769,0.3,0.09,0.09
139.438,265.1,-3.1457,3.1039,-0.1207,-0.019,-0.01,480,0,187,281,0.2959,0.186,SLOWDOWN,PolygonSlow,0.2842,-0.0769,0.2842,0.0853,0.0853
139.549,265.2,-3.1372,3.1026,-0.123,-0.019,-0.01,480,0,186,280,0.2971,0.1871,SLOWDOWN,PolygonSlow,0.2684,-0.0256,0.2842,0.0853,0.0853
139.644,265.3,-3.129,3.1015,-0.1244,-0.019,-0.01,480,0,186,280,0.2983,0.1881,SLOWDOWN,PolygonSlow,0.3,-0.0769,0.2684,0.0805,0.0805
139.779,265.4,-3.1204,3.1003,-0.1261,-0.019,-0.01,480,0,186,282,0.2995,0.1892,SLOWDOWN,PolygonSlow,0.3,-0.0769,0.3,0.09,0.09
139.902,265.5,-3.1114,3.099,-0.1284,-0.019,-0.01,480,0,185,283,0.3008,0.1903,SLOWDOWN,PolygonSlow,0.3,-0.0769,0.3,0.09,0.09
139.999,265.6,-3.1026,3.0976,-0.1307,-0.019,-0.01,480,0,186,284,0.3022,0.1915,SLOWDOWN,PolygonSlow,0.2842,-0.0769,0.2842,0.0853,0.0853
140.102,265.7,-3.0941,3.0963,-0.1329,-0.019,-0.01,480,0,187,283,0.3035,0.1927,SLOWDOWN,PolygonSlow,0.2842,-0.0769,0.2842,0.0853,0.0853
140.222,265.8,-3.0857,3.095,-0.1352,-0.019,-0.01,480,0,189,283,0.3048,0.1938,SLOWDOWN,PolygonSlow,0.2842,-0.0769,0.2842,0.0853,0.0853
140.331,265.9,-3.0771,3.0936,-0.1371,-0.019,-0.01,480,0,189,284,0.3061,0.195,SLOWDOWN,PolygonSlow,0.3,-0.0256,0.3,0.09,0.09
140.431,266.0,-3.07,3.0926,-0.1386,-0.019,-0.01,480,0,190,284,0.3075,0.1962,SLOWDOWN,PolygonSlow,0.3,-0.1282,0.3,0.09,0.09
140.55,266.1,-3.0593,3.0907,-0.1431,-0.019,-0.01,480,0,189,284,0.3091,0.1975,SLOWDOWN,PolygonSlow,0.3,-0.0769,0.3,0.09,0.09
140.66,266.2,-3.0504,3.0891,-0.1459,-0.019,-0.01,480,0,192,286,0.3106,0.1988,SLOWDOWN,PolygonSlow,0.2842,-0.1282,0.2842,0.09,0.09
140.761,266.3,-3.0418,3.0876,-0.1493,-0.019,-0.01,480,0,192,285,0.3122,0.2001,SLOWDOWN,PolygonSlow,0.2842,-0.0769,0.2842,0.0853,0.0853
140.86,266.4,-3.0334,3.0861,-0.152,-0.019,-0.01,480,0,194,285,0.3137,0.2014,SLOWDOWN,PolygonSlow,0.2842,-0.0769,0.2842,0.0853,0.0853
140.964,266.5,-3.025,3.0846,-0.1543,-0.019,-0.01,480,0,193,285,0.3152,0.2027,SLOWDOWN,PolygonSlow,0.3,-0.1282,0.3,0.09,0.09
141.062,266.6,-3.0161,3.083,-0.1578,-0.019,-0.01,480,0,194,285,0.3168,0.2041,SLOWDOWN,PolygonSlow,0.3,-0.1282,0.3,0.09,0.09
141.166,266.7,-3.0072,3.0812,-0.1615,-0.019,-0.01,480,0,195,285,0.3185,0.2056,SLOWDOWN,PolygonSlow,0.3,-0.1282,0.3,0.09,0.09
141.269,266.8,-2.9984,3.0795,-0.1652,-0.019,-0.01,480,0,197,286,0.3203,0.2071,SLOWDOWN,PolygonSlow,0.2842,-0.1282,0.2842,0.0853,0.09
141.369,266.9,-2.9899,3.0777,-0.1689,-0.019,-0.01,480,0,196,284,0.3221,0.2086,SLOWDOWN,PolygonSlow,0.2842,-0.1282,0.2842,0.0853,0.0853
141.472,267.0,-2.9815,3.076,-0.1726,-0.019,-0.01,480,0,197,284,0.3238,0.21,SLOWDOWN,PolygonSlow,0.2842,-0.1282,0.2842,0.0853,0.0853
141.568,267.1,-2.9731,3.0742,-0.1763,-0.019,-0.01,480,0,198,285,0.3256,0.2115,SLOWDOWN,PolygonSlow,0.3,-0.1795,0.3,0.09,0.0853
141.678,267.2,-2.9643,3.0723,-0.1812,-0.019,-0.01,480,0,197,285,0.3276,0.2132,SLOWDOWN,PolygonSlow,0.3,-0.1795,0.3,0.09,0.09
141.792,267.3,-2.9554,3.0702,-0.1863,-0.019,-0.01,480,0,197,283,0.3296,0.2148,SLOWDOWN,PolygonSlow,0.3,-0.1795,0.3,0.09,0.09
141.876,267.4,-2.9466,3.0681,-0.1913,-0.019,-0.01,480,0,194,283,0.3316,0.2166,SLOWDOWN,PolygonSlow,0.2842,-0.1282,0.2842,0.0853,0.0853
141.988,267.5,-2.9383,3.0662,-0.1948,-0.019,-0.01,480,0,193,283,0.3336,0.2182,SLOWDOWN,PolygonSlow,0.2842,-0.0769,0.2842,0.0853,0.0853
142.079,267.6,-2.9298,3.0644,-0.1969,-0.019,-0.01,480,0,193,284,0.3354,0.2199,SLOWDOWN,PolygonSlow,0.3,-0.0256,0.3,0.09,0.09
142.189,267.7,-2.921,3.0626,-0.1978,-0.019,-0.01,480,0,191,283,0.3372,0.2217,SLOWDOWN,PolygonSlow,0.3,-0.1282,0.3,0.09,0.09
142.292,267.8,-2.9122,3.0605,-0.2015,-0.019,-0.01,480,0,189,282,0.3393,0.2235,SLOWDOWN,PolygonSlow,0.3,-0.1282,0.3,0.09,0.09
142.393,267.9,-2.9034,3.0584,-0.2051,-0.019,-0.01,480,0,187,282,0.3414,0.2253,SLOWDOWN,PolygonSlow,0.3,-0.1282,0.3,0.09,0.09
142.491,268.0,-2.8946,3.0563,-0.2087,-0.019,-0.01,480,0,185,281,0.3435,0.2272,SLOWDOWN,PolygonSlow,0.2842,-0.1282,0.2842,0.0853,0.0853
142.596,268.1,-2.8862,3.0543,-0.2123,-0.019,-0.01,480,0,185,281,0.3455,0.229,SLOWDOWN,PolygonSlow,0.2842,-0.1282,0.2842,0.0853,0.0853
142.696,268.2,-2.8779,3.0522,-0.2159,-0.019,-0.01,480,0,182,281,0.3476,0.2309,SLOWDOWN,PolygonSlow,0.2842,-0.1282,0.2842,0.0853,0.0853
142.795,268.3,-2.8695,3.0501,-0.2195,-0.019,-0.01,480,0,181,281,0.3497,0.2328,SLOWDOWN,PolygonSlow,0.3,-0.1282,0.3,0.09,0.09
142.901,268.4,-2.8608,3.0478,-0.2231,-0.019,-0.01,480,0,179,280,0.3519,0.2348,SLOWDOWN,PolygonSlow,0.3,-0.0769,0.3,0.09,0.09
142.997,268.5,-2.852,3.0456,-0.2255,-0.019,-0.01,480,0,175,279,0.3541,0.2368,SLOWDOWN,PolygonSlow,0.3,-0.1795,0.3,0.09,0.09
143.097,268.6,-2.8432,3.0432,-0.2306,-0.019,-0.01,480,0,173,279,0.3566,0.2388,SLOWDOWN,PolygonSlow,0.3,-0.2308,0.3,0.09,0.09
143.214,268.7,-2.8345,3.0407,-0.237,-0.019,-0.01,480,0,170,277,0.3592,0.241,SLOWDOWN,PolygonSlow,0.3,-0.2308,0.3,0.09,0.09
143.323,268.8,-2.8258,3.0381,-0.2431,-0.019,-0.01,480,0,165,276,0.3618,0.2432,SLOWDOWN,PolygonSlow,0.2842,-0.1795,0.2842,0.0853,0.0853
143.449,268.9,-2.8174,3.0357,-0.2478,-0.019,-0.01,480,0,163,276,0.3642,0.2453,SLOWDOWN,PolygonSlow,0.3,-0.1282,0.3,0.09,0.09
143.566,269.0,-2.8087,3.0332,-0.2513,-0.019,-0.01,480,0,159,275,0.3666,0.2476,SLOWDOWN,PolygonSlow,0.3,-0.1282,0.3,0.09,0.09
143.669,269.1,-2.8,3.0307,-0.2548,-0.019,-0.01,480,0,156,274,0.3691,0.2498,SLOWDOWN,PolygonSlow,0.3,-0.1795,0.3,0.09,0.09
143.785,269.2,-2.7913,3.0281,-0.2596,-0.019,-0.01,480,0,153,272,0.3717,0.2522,SLOWDOWN,PolygonSlow,0.2842,-0.1282,0.2842,0.0853,0.0853
143.885,269.3,-2.7831,3.0256,-0.2631,-0.019,-0.01,480,0,149,272,0.3742,0.2544,SLOWDOWN,PolygonSlow,0.2842,-0.1282,0.2842,0.0853,0.0853
143.986,269.4,-2.7748,3.0232,-0.2666,-0.019,-0.01,480,0,146,271,0.373,0.2567,SLOWDOWN,PolygonSlow,0.3,-0.2821,0.3,0.09,0.09
144.094,269.5,-2.7662,3.0203,-0.2739,-0.019,-0.01,480,0,142,269,0.3701,0.2591,SLOWDOWN,PolygonSlow,0.2842,-0.2308,0.2842,0.0853,0.0853
144.188,269.6,-2.758,3.0175,-0.2801,-0.019,-0.01,480,0,138,266,0.3674,0.2615,SLOWDOWN,PolygonSlow,0.2842,-0.2308,0.2842,0.0853,0.0853
144.288,269.7,-2.7499,3.0147,-0.2862,-0.019,-0.01,480,0,133,264,0.3647,0.2639,SLOWDOWN,PolygonSlow,0.2684,-0.1795,0.2684,0.0805,0.0805
144.389,269.8,-2.7421,3.0121,-0.291,-0.019,-0.01,480,0,129,261,0.3621,0.2663,SLOWDOWN,PolygonSlow,0.3,-0.2821,0.3,0.09,0.09
144.487,269.9,-2.7335,3.009,-0.2984,-0.019,-0.01,480,0,124,258,0.3594,0.269,SLOWDOWN,PolygonSlow,0.3,-0.2821,0.3,0.09,0.09
144.59,270.0,-2.725,3.0058,-0.3058,-0.019,-0.01,480,0,120,255,0.3568,0.2717,SLOWDOWN,PolygonSlow,0.3,-0.2308,0.3,0.09,0.09
144.686,270.1,-2.7164,3.0027,-0.3121,-0.019,-0.01,480,0,115,251,0.3545,0.2745,SLOWDOWN,PolygonSlow,0.3,-0.2821,0.3,0.09,0.09
144.787,270.2,-2.7079,2.9994,-0.3194,-0.019,-0.01,480,0,110,248,0.3521,0.2774,SLOWDOWN,PolygonSlow,0.2842,-0.2308,0.2842,0.0853,0.0853
144.886,270.3,-2.6998,2.9963,-0.3256,-0.019,-0.01,480,0,106,244,0.3505,0.2801,SLOWDOWN,PolygonSlow,0.3,-0.3333,0.3,0.09,0.09
144.985,270.4,-2.6913,2.9929,-0.3341,-0.019,-0.01,480,0,100,241,0.3483,0.2831,SLOWDOWN,PolygonSlow,0.3,-0.2308,0.3,0.09,0.09
145.086,270.5,-2.6828,2.9896,-0.3401,-0.019,-0.01,480,0,98,240,0.3469,0.2861,SLOWDOWN,PolygonSlow,0.3,-0.2308,0.3,0.09,0.09
145.208,270.6,-2.6743,2.9862,-0.346,-0.019,-0.01,480,0,92,237,0.3459,0.2892,SLOWDOWN,PolygonSlow,0.2842,-0.1795,0.2842,0.0853,0.0853
145.286,270.7,-2.6663,2.983,-0.3507,-0.019,-0.01,480,0,90,234,0.344,0.2922,SLOWDOWN,PolygonSlow,0.2842,-0.2308,0.2842,0.0853,0.0853
145.397,270.8,-2.6583,2.9797,-0.3566,-0.019,-0.01,480,0,86,231,0.3423,0.2952,SLOWDOWN,PolygonSlow,0.3,-0.2308,0.3,0.09,0.09
145.484,270.9,-2.6499,2.9762,-0.3626,-0.019,-0.01,480,0,80,228,0.3415,0.2984,SLOWDOWN,PolygonSlow,0.3,-0.2308,0.3,0.09,0.09
145.593,271.0,-2.6415,2.9726,-0.3685,-0.019,-0.01,480,0,77,225,0.3402,0.3017,SLOWDOWN,PolygonSlow,0.2842,-0.2308,0.2842,0.0853,0.0853
145.692,271.1,-2.6335,2.9692,-0.3743,-0.019,-0.01,480,0,74,222,0.3399,0.3048,SLOWDOWN,PolygonSlow,0.3,-0.2308,0.3,0.09,0.09
145.798,271.2,-2.6252,2.9656,-0.3802,-0.019,-0.01,480,0,72,218,0.3396,0.3082,SLOWDOWN,PolygonSlow,0.3,-0.2821,0.3,0.09,0.09
145.91,271.3,-2.6168,2.9618,-0.3874,-0.019,-0.01,480,0,67,214,0.3403,0.3116,SLOWDOWN,PolygonSlow,0.3,-0.2821,0.3,0.09,0.09
146.004,271.4,-2.6085,2.958,-0.3948,-0.019,-0.01,480,0,63,209,0.339,0.3151,SLOWDOWN,PolygonSlow,0.3,-0.3333,0.3,0.09,0.09
146.104,271.5,-2.6003,2.9541,-0.4029,-0.019,-0.01,480,0,59,205,0.3396,0.3186,SLOWDOWN,PolygonSlow,0.2842,-0.2821,0.2842,0.0853,0.0853
146.205,271.6,-2.5924,2.9503,-0.41,-0.019,-0.01,480,0,57,201,0.3403,0.3221,SLOWDOWN,PolygonSlow,0.2842,-0.2821,0.2842,0.0853,0.0853
146.302,271.7,-2.5846,2.9466,-0.417,-0.019,-0.01,480,0,53,198,0.3423,0.3256,SLOWDOWN,PolygonSlow,0.2842,-0.2821,0.2842,0.0853,0.0853
146.4,271.8,-2.5768,2.9427,-0.4238,-0.019,-0.01,480,0,50,194,0.3414,0.3291,SLOWDOWN,PolygonSlow,0.3,-0.2308,0.3,0.09,0.09
146.501,271.9,-2.5686,2.9387,-0.4295,-0.019,-0.01,480,0,46,190,0.3424,0.3329,SLOWDOWN,PolygonSlow,0.3,-0.2308,0.3,0.09,0.09
146.604,272.0,-2.5604,2.9347,-0.4356,-0.019,-0.01,480,0,42,185,0.3436,0.3367,SLOWDOWN,PolygonSlow,0.3,-0.3333,0.3,0.09,0.09
146.708,272.1,-2.5523,2.9305,-0.4436,-0.019,-0.01,480,0,41,180,0.3451,0.3406,SLOWDOWN,PolygonSlow,0.3,-0.2821,0.3,0.09,0.09
146.802,272.2,-2.5442,2.9262,-0.4508,-0.019,-0.01,480,0,37,176,0.3454,0.3445,SLOWDOWN,PolygonSlow,0.3,-0.3333,0.3,0.09,0.09
146.902,272.3,-2.5361,2.9219,-0.4589,-0.019,-0.01,480,0,35,173,0.3461,0.3486,SLOWDOWN,PolygonSlow,0.3,-0.3333,0.3,0.09,0.09
147.007,272.4,-2.528,2.9176,-0.4672,-0.019,-0.01,480,0,34,169,0.3479,0.3526,SLOWDOWN,PolygonSlow,0.3,-0.3846,0.3,0.09,0.09
147.118,272.5,-2.52,2.9131,-0.4765,-0.019,-0.01,480,0,33,165,0.3505,0.3568,SLOWDOWN,PolygonSlow,0.3,-0.3846,0.3,0.09,0.09
147.221,272.6,-2.512,2.9086,-0.4857,-0.019,-0.01,480,0,33,161,0.3534,0.361,SLOWDOWN,PolygonSlow,0.3,-0.3846,0.3,0.09,0.09
147.318,272.7,-2.5041,2.904,-0.4952,-0.019,-0.01,480,0,33,155,0.3555,0.3653,SLOWDOWN,PolygonSlow,0.3,-0.4359,0.3,0.09,0.09
147.421,272.8,-2.4962,2.8993,-0.5056,-0.019,-0.01,480,0,31,152,0.3561,0.3697,SLOWDOWN,PolygonSlow,0.3,-0.4359,0.3,0.09,0.09
147.524,272.9,-2.4884,2.8945,-0.5158,-0.019,-0.01,480,0,31,147,0.3598,0.3741,SLOWDOWN,PolygonSlow,0.3,-0.4359,0.3,0.09,0.09
147.622,273.0,-2.4805,2.8897,-0.526,-0.019,-0.01,480,0,30,143,0.361,0.3786,SLOWDOWN,PolygonSlow,0.3,-0.4359,0.3,0.09,0.09
147.72,273.1,-2.4728,2.8848,-0.5362,-0.019,-0.01,480,0,29,139,0.3646,0.3833,SLOWDOWN,PolygonSlow,0.3,-0.4359,0.3,0.09,0.09
147.825,273.2,-2.4652,2.88,-0.5462,-0.019,-0.01,480,0,28,134,0.3675,0.3879,SLOWDOWN,PolygonSlow,0.2842,-0.4359,0.2842,0.0853,0.0853
147.918,273.3,-2.4579,2.8753,-0.5558,-0.019,-0.01,480,0,27,130,0.3692,0.3925,SLOWDOWN,PolygonSlow,0.3,-0.4872,0.3,0.09,0.09
148.018,273.4,-2.4507,2.8705,-0.5648,-0.019,-0.01,480,0,26,125,0.3727,0.3972,SLOWDOWN,PolygonSlow,0.3,-0.4872,0.3,0.09,0.09
148.155,273.5,-2.4434,2.8656,-0.5731,-0.019,-0.01,480,0,26,123,0.3748,0.4021,SLOWDOWN,PolygonSlow,0.3,-0.3333,0.3,0.09,0.09
148.269,273.6,-2.4361,2.8607,-0.5796,-0.019,-0.01,480,0,25,119,0.3789,0.407,SLOWDOWN,PolygonSlow,0.3,-0.3846,0.3,0.09,0.09
148.373,273.7,-2.4288,2.8558,-0.587,-0.019,-0.01,480,0,24,115,0.3835,0.412,SLOWDOWN,PolygonSlow,0.3,-0.3846,0.3,0.09,0.09
148.522,273.8,-2.4215,2.8508,-0.5943,-0.019,-0.01,480,0,24,111,0.3854,0.4171,SLOWDOWN,PolygonSlow,0.2842,-0.3333,0.2842,0.0853,0.0853
148.623,273.9,-2.4145,2.8459,-0.6015,-0.019,-0.01,480,0,24,107,0.3884,0.4221,SLOWDOWN,PolygonSlow,0.3,-0.4359,0.3,0.09,0.09
148.711,274.0,-2.4073,2.8408,-0.61,-0.019,-0.01,480,0,23,104,0.3936,0.4274,SLOWDOWN,PolygonSlow,0.3,-0.4359,0.3,0.09,0.09
148.824,274.1,-2.4001,2.8356,-0.6186,-0.019,-0.01,480,0,21,100,0.3966,0.4328,SLOWDOWN,PolygonSlow,0.3,-0.4359,0.3,0.09,0.09
148.912,274.2,-2.393,2.8303,-0.6273,-0.019,-0.01,480,0,19,96,0.4019,0.4383,SLOWDOWN,PolygonSlow,0.3,-0.4359,0.3,0.09,0.09
149.016,274.3,-2.3859,2.8251,-0.6361,-0.019,-0.01,480,0,19,93,0.404,0.4439,SLOWDOWN,PolygonSlow,0.2842,-0.4359,0.2842,0.0853,0.0853
149.129,274.4,-2.3792,2.82,-0.645,-0.019,-0.01,480,0,19,91,0.4088,0.4494,SLOWDOWN,PolygonSlow,0.2842,-0.4359,0.2842,0.0853,0.0853
149.227,274.5,-2.3724,2.8148,-0.6542,-0.019,-0.01,480,0,18,87,0.4126,0.4551,SLOWDOWN,PolygonSlow,0.3,-0.4872,0.3,0.09,0.09
149.322,274.6,-2.3653,2.8093,-0.6643,-0.019,-0.01,480,0,17,83,0.4171,0.4612,SLOWDOWN,PolygonSlow,0.3,-0.4872,0.3,0.09,0.09
149.424,274.7,-2.3583,2.8037,-0.6746,-0.019,-0.01,480,0,16,80,0.4228,0.4675,SLOWDOWN,PolygonSlow,0.2842,-0.4359,0.3,0.09,0.09
149.525,274.8,-2.3514,2.7982,-0.6844,-0.019,-0.01,480,0,15,76,0.426,0.4738,SLOWDOWN,PolygonSlow,0.2842,-0.4872,0.2842,0.0853,0.0853
149.625,274.9,-2.3448,2.7927,-0.6943,-0.019,-0.01,480,0,14,72,0.4295,0.48,SLOWDOWN,PolygonSlow,0.2684,-0.4359,0.2842,0.0853,0.0853
149.725,275.0,-2.3384,2.7874,-0.7043,-0.019,-0.01,480,0,13,69,0.4342,0.4862,SLOWDOWN,PolygonSlow,0.2684,-0.4359,0.2684,0.0805,0.0805
149.828,275.1,-2.332,2.7819,-0.7147,-0.019,-0.01,480,0,11,67,0.4388,0.4928,SLOWDOWN,PolygonSlow,0.3,-0.5385,0.3,0.09,0.09
149.923,275.2,-2.3251,2.776,-0.7267,-0.019,-0.01,480,0,10,63,0.4449,0.5,SLOWDOWN,PolygonSlow,0.3,-0.5385,0.3,0.09,0.09
150.035,275.3,-2.3184,2.7701,-0.7381,-0.019,-0.01,480,0,9,59,0.4477,0.502,SLOWDOWN,PolygonSlow,0.2842,-0.4872,0.2842,0.0853,0.0853
150.137,275.4,-2.312,2.7643,-0.7492,-0.019,-0.01,480,0,7,57,0.4526,0.5058,SLOWDOWN,PolygonSlow,0.2684,-0.4872,0.2842,0.0853,0.0853
150.239,275.5,-2.3059,2.7586,-0.7604,-0.019,-0.01,480,0,6,53,0.4577,0.51,SLOWDOWN,PolygonSlow,0.3,-0.4872,0.2684,0.0805,0.0805
150.336,275.6,-2.2998,2.7528,-0.7716,-0.019,-0.01,480,0,4,52,0.4626,0.515,SLOWDOWN,PolygonSlow,0.3,-0.4872,0.3,0.09,0.09
150.44,275.7,-2.2933,2.7465,-0.783,-0.019,-0.01,480,0,4,52,0.4676,0.5191,SLOWDOWN,PolygonSlow,0.3,-0.4872,0.3,0.09,0.09
150.531,275.8,-2.287,2.7401,-0.7945,-0.019,-0.01,480,0,2,52,0.4733,0.5248,DO_NOTHING,,0.2842,-0.4872,0.3,0.3,0.3
150.635,275.9,-2.2743,2.7264,-0.8164,-0.019,-0.01,480,0,0,49,0.482,0.5316,DO_NOTHING,,0.2842,-0.4872,0.2842,0.2842,0.2842
150.739,276.0,-2.2553,2.705,-0.8525,-0.019,-0.01,480,0,0,47,0.4986,0.5464,DO_NOTHING,,0.3,-0.4872,0.2842,0.2842,0.2842
150.83,276.1,-2.2366,2.6827,-0.8878,-0.019,-0.01,480,0,0,43,0.5146,0.5595,DO_NOTHING,,0.3,-0.4359,0.3,0.3,0.3
150.93,276.2,-2.2181,2.6592,-0.9206,-0.019,-0.01,480,0,0,40,0.5323,0.5766,DO_NOTHING,,0.2842,-0.4359,0.3,0.3,0.3
151.032,276.3,-2.2006,2.6359,-0.9503,-0.019,-0.01,480,0,0,37,0.5493,0.5908,DO_NOTHING,,0.3,-0.5385,0.2842,0.2842,0.2842
151.13,276.4,-2.1845,2.6133,-0.9805,-0.019,-0.01,480,0,0,35,0.5651,0.6064,LIMIT,PolygonLimit,0.2842,-0.4872,0.3,0.2786,0.2786
151.232,276.5,-2.1695,2.5906,-1.0129,-0.019,-0.01,480,0,0,31,0.5802,0.6224,DO_NOTHING,,0.3,-0.4872,0.2842,0.2842,0.2842
151.333,276.6,-2.155,2.5665,-1.0457,-0.019,-0.01,480,0,0,28,0.5946,0.638,DO_NOTHING,,0.2842,-0.4359,0.3,0.3,0.3
151.434,276.7,-2.1412,2.5414,-1.0794,-0.019,-0.01,480,0,0,24,0.6085,0.6549,DO_NOTHING,,0.3,-0.4359,0.2842,0.2842,0.2842
151.531,276.8,-2.1288,2.5161,-1.1114,-0.019,-0.01,480,0,0,20,0.6209,0.6709,DO_NOTHING,,0.2842,-0.5897,0.3,0.3,0.3
151.633,276.9,-2.1173,2.4903,-1.1445,-0.019,-0.01,480,0,0,17,0.6323,0.6866,LIMIT,PolygonLimit,0.3,-0.4872,0.2842,0.241,0.241
151.73,277.0,-2.1073,2.4668,-1.1828,-0.019,-0.01,480,0,0,10,0.6424,0.7012,DO_NOTHING,,0.2842,-0.4359,0.3,0.3,0.3
151.834,277.1,-2.0986,2.4396,-1.2214,-0.019,-0.01,480,0,0,4,0.6514,0.7146,DO_NOTHING,,0.3,-0.4872,0.2842,0.2842,0.2842
151.942,277.2,-2.0912,2.4123,-1.2603,-0.019,-0.01,480,0,0,0,0.6584,0.7265,DO_NOTHING,,0.3,-0.4359,0.3,0.3,0.3
152.038,277.3,-2.0854,2.3835,-1.3021,-0.019,-0.01,480,0,0,0,0.6645,0.7371,DO_NOTHING,,0.3,-0.4359,0.3,0.3,0.3
152.146,277.4,-2.0808,2.3544,-1.3421,-0.019,-0.01,480,0,0,0,0.6688,0.7461,DO_NOTHING,,0.3,-0.3846,0.3,0.3,0.3
152.23,277.5,-2.0776,2.3251,-1.3812,-0.019,-0.01,480,0,0,0,0.6724,0.7537,DO_NOTHING,,0.2842,-0.3333,0.3,0.3,0.3
152.343,277.6,-2.0753,2.2961,-1.4162,-0.019,-0.01,480,0,0,0,0.6744,0.7597,DO_NOTHING,,0.3,-0.2308,0.2842,0.2842,0.2842
152.443,277.7,-2.0734,2.2669,-1.4428,-0.019,-0.01,480,0,0,0,0.6766,0.7643,DO_NOTHING,,0.2842,-0.2821,0.3,0.3,0.3
152.545,277.8,-2.0718,2.2381,-1.4685,-0.019,-0.01,480,0,0,0,0.6781,0.7685,DO_NOTHING,,0.2842,-0.1795,0.2842,0.2842,0.2842
152.645,277.9,-2.0711,2.2098,-1.4916,-0.019,-0.01,480,0,0,0,0.6786,0.7715,DO_NOTHING,,0.3,-0.2308,0.2842,0.2842,0.2842
152.761,278.0,-2.0709,2.1806,-1.5124,-0.019,-0.01,480,0,0,0,0.6788,0.7737,DO_NOTHING,,0.2842,-0.1282,0.2842,0.2842,0.3
152.856,278.1,-2.0708,2.1519,-1.528,-0.019,-0.01,480,0,0,0,0.679,0.7752,DO_NOTHING,,0.3,-0.1282,0.3,0.2842,0.2842
152.956,278.2,-2.0709,2.1224,-1.5412,-0.019,-0.01,480,0,0,0,0.6795,0.7764,DO_NOTHING,,0.2842,-0.1282,0.2842,0.3,0.3
153.059,278.3,-2.0714,2.0935,-1.5544,-0.019,-0.01,480,0,0,0,0.681,0.7771,DO_NOTHING,,0.3,-0.1282,0.3,0.2842,0.2842
153.167,278.4,-2.0723,2.064,-1.5678,-0.019,-0.01,480,0,0,0,0.6842,0.7774,DO_NOTHING,,0.3,0.0769,0.3,0.3,0.3
153.262,278.5,-2.0724,2.034,-1.5682,-0.019,-0.01,480,0,0,0,0.6884,0.778,DO_NOTHING,,0.2842,0.0769,0.2842,0.3,0.3
153.371,278.6,-2.0715,2.0053,-1.5603,-0.019,-0.01,480,0,0,0,0.6951,0.7799,DO_NOTHING,,0.3,0.0769,0.3,0.3,0.3
153.471,278.7,-2.0704,1.9755,-1.5524,-0.019,-0.01,480,0,0,0,0.7026,0.7826,DO_NOTHING,,0.2842,0.0769,0.2842,0.2842,0.2842
153.571,278.8,-2.0691,1.9469,-1.5445,-0.019,-0.01,480,0,0,0,0.7121,0.7871,DO_NOTHING,,0.3,-0.0256,0.3,0.3,0.3
153.671,278.9,-2.0684,1.917,-1.5453,-0.019,-0.01,480,0,0,0,0.7221,0.793,DO_NOTHING,,0.2842,-0.0256,0.2842,0.2842,0.2842
153.771,279.0,-2.0679,1.8884,-1.5479,-0.019,-0.01,480,0,0,0,0.7322,0.799,DO_NOTHING,,0.3,-0.0256,0.3,0.3,0.3
153.872,279.1,-2.0675,1.8586,-1.5505,-0.019,-0.01,480,0,0,0,0.7421,0.8058,DO_NOTHING,,0.3,0.0256,0.3,0.3,0.3
153.971,279.2,-2.0667,1.8286,-1.5484,-0.019,-0.01,480,0,0,0,0.7573,0.8156,DO_NOTHING,,0.2842,0.0,0.2842,0.2842,0.2842
154.071,279.3,-2.066,1.8001,-1.5482,-0.019,-0.01,480,0,0,0,0.7683,0.8234,DO_NOTHING,,0.3,0.0256,0.3,0.3,0.3
154.172,279.4,-2.0651,1.7703,-1.5459,-0.019,-0.01,480,0,0,0,0.785,0.8355,DO_NOTHING,,0.2842,0.0256,0.2842,0.2842,0.2842
154.269,279.5,-2.0642,1.7417,-1.5433,-0.019,-0.01,480,0,0,0,0.801,0.8168,DO_NOTHING,,0.3,0.0769,0.3,0.3,0.3
154.371,279.6,-2.0627,1.7119,-1.5365,-0.019,-0.01,480,0,0,0,0.8156,0.7992,DO_NOTHING,,0.3,0.1282,0.3,0.3,0.3
154.469,279.7,-2.0604,1.682,-1.5239,-0.019,-0.01,480,0,0,0,0.807,0.7787,DO_NOTHING,,0.3,-0.0256,0.3,0.3,0.3
154.571,279.8,-2.0588,1.652,-1.5226,-0.019,-0.01,480,0,0,0,0.7944,0.7613,DO_NOTHING,,0.3,-0.0769,0.3,0.3,0.3
154.669,279.9,-2.0581,1.622,-1.5299,-0.019,-0.01,480,0,0,0,0.7792,0.7414,DO_NOTHING,,0.2842,-0.0769,0.2842,0.2842,0.2842
154.77,280.0,-2.0577,1.5934,-1.5377,-0.019,-0.01,480,0,0,0,0.7686,0.7262,DO_NOTHING,,0.3,-0.0769,0.3,0.3,0.3
154.869,280.1,-2.0575,1.5636,-1.5455,-0.019,-0.01,480,0,0,0,0.7573,0.7093,DO_NOTHING,,0.2842,-0.0769,0.2842,0.2842,0.2842
154.97,280.2,-2.0575,1.535,-1.5534,-0.019,-0.01,480,0,0,0,0.7462,0.6918,DO_NOTHING,,0.3,-0.0769,0.3,0.3,0.3
155.069,280.3,-2.0578,1.5052,-1.5613,-0.019,-0.01,480,0,0,0,0.7382,0.6784,DO_NOTHING,,0.2842,-0.0769,0.2842,0.2842,0.2842
155.174,280.4,-2.0584,1.4766,-1.5692,-0.019,-0.01,480,0,0,0,0.7315,0.6666,DO_NOTHING,,0.3,-0.0256,0.3,0.2842,0.2842
155.286,280.5,-2.0587,1.4469,-1.5731,-0.019,-0.01,480,0,0,0,0.7239,0.653,DO_NOTHING,,0.3,0.0256,0.3,0.3,0.3
155.374,280.6,-2.0587,1.4169,-1.5716,-0.019,-0.01,480,0,0,0,0.7187,0.643,DO_NOTHING,,0.2842,-0.0256,0.2842,0.3,0.3
155.488,280.7,-2.0588,1.3882,-1.5732,-0.019,-0.01,480,0,0,0,0.7154,0.636,DO_NOTHING,,0.3,-0.0769,0.3,0.3,0.3
155.58,280.8,-2.0596,1.3586,-1.5795,-0.019,-0.01,480,0,0,0,0.7119,0.6271,DO_NOTHING,,0.2842,-0.0769,0.2842,0.2842,0.2842
155.697,280.9,-2.0606,1.3299,-1.5874,-0.019,-0.01,480,0,0,0,0.7111,0.6213,DO_NOTHING,,0.3,-0.0256,0.3,0.3,0.3
155.798,281.0,-2.0614,1.3002,-1.5907,-0.019,-0.01,480,0,0,0,0.7118,0.6171,DO_NOTHING,,0.2842,-0.0256,0.2842,0.2842,0.2842
155.901,281.1,-2.0623,1.2717,-1.5933,-0.019,-0.01,480,0,0,0,0.712,0.6136,DO_NOTHING,,0.3,-0.0769,0.3,0.3,0.3
155.996,281.2,-2.0637,1.2418,-1.601,-0.019,-0.01,480,0,0,0,0.7135,0.6118,DO_NOTHING,,0.2842,-0.0769,0.2842,0.2842,0.2842
156.107,281.3,-2.0653,1.2133,-1.6086,-0.019,-0.01,480,0,0,0,0.7152,0.612,DO_NOTHING,,0.3,-0.0256,0.3,0.3,0.3
156.201,281.4,-2.0667,1.1836,-1.6112,-0.019,-0.01,480,0,0,0,0.7166,0.6131,DO_NOTHING,,0.2842,-0.0256,0.2842,0.2842,0.2842
156.305,281.5,-2.0681,1.155,-1.6141,-0.019,-0.01,480,0,0,0,0.7181,0.6143,DO_NOTHING,,0.3,-0.0769,0.3,0.3,0.3
156.401,281.6,-2.0702,1.1253,-1.6225,-0.019,-0.01,480,0,0,0,0.7201,0.6157,DO_NOTHING,,0.2842,-0.1282,0.2842,0.2842,0.2842
156.502,281.7,-2.0728,1.0966,-1.6347,-0.019,-0.01,480,0,0,0,0.7226,0.6173,DO_NOTHING,,0.3,-0.0769,0.3,0.3,0.3
156.605,281.8,-2.0754,1.0672,-1.6411,-0.019,-0.01,480,0,0,0,0.7251,0.6193,DO_NOTHING,,0.2684,0.0,0.2684,0.2684,0.2684
156.731,281.9,-2.0773,1.04,-1.6413,-0.019,-0.01,480,0,0,0,0.727,0.6212,DO_NOTHING,,0.3,-0.0256,0.3,0.3,0.3
156.82,282.0,-2.0796,1.0107,-1.6438,-0.019,-0.01,480,0,0,0,0.7293,0.6233,DO_NOTHING,,0.2842,-0.0256,0.2842,0.2842,0.2842
156.927,282.1,-2.0818,0.9823,-1.6445,-0.019,-0.01,480,0,0,0,0.7315,0.6254,DO_NOTHING,,0.2842,0.0256,0.2842,0.2842,0.2842
157.023,282.2,-2.0838,0.9534,-1.6429,-0.019,-0.01,480,0,0,0,0.7334,0.6275,DO_NOTHING,,0.3,0.0,0.3,0.3,0.3
157.127,282.3,-2.0859,0.9241,-1.6429,-0.019,-0.01,480,0,0,0,0.7356,0.6297,DO_NOTHING,,0.2842,0.0,0.2842,0.2842,0.2842
157.223,282.4,-2.088,0.8951,-1.6429,-0.019,-0.01,480,0,0,0,0.7377,0.6317,DO_NOTHING,,0.3,0.0,0.3,0.3,0.3
157.325,282.5,-2.0901,0.8658,-1.6429,-0.019,-0.01,480,0,0,0,0.7398,0.6339,DO_NOTHING,,0.2842,0.0,0.2842,0.2842,0.2842
157.449,282.6,-2.0922,0.8369,-1.6429,-0.019,-0.01,480,0,0,0,0.7419,0.6359,DO_NOTHING,,0.2842,0.0,0.3,0.3,0.3
157.543,282.7,-2.0943,0.8079,-1.6429,-0.019,-0.01,480,0,0,0,0.744,0.638,DO_NOTHING,,0.3,0.0256,0.2842,0.2842,0.2842
157.645,282.8,-2.0962,0.7786,-1.6415,-0.019,-0.01,480,0,0,0,0.7467,0.6401,DO_NOTHING,,0.2842,0.0256,0.3,0.3,0.3
157.744,282.9,-2.0981,0.7496,-1.6389,-0.019,-0.01,480,0,0,0,0.7496,0.6422,DO_NOTHING,,0.3,0.0,0.2842,0.2842,0.2842
157.847,283.0,-2.0999,0.7203,-1.6379,-0.019,-0.01,480,0,0,0,0.7547,0.6441,DO_NOTHING,,0.2684,0.0256,0.3,0.3,0.3
157.943,283.1,-2.1017,0.6922,-1.6364,-0.019,-0.01,480,0,0,0,0.7594,0.6465,DO_NOTHING,,0.2842,0.0256,0.2684,0.2684,0.2684
158.042,283.2,-2.1033,0.6645,-1.6339,-0.019,-0.01,480,0,0,0,0.7661,0.6503,DO_NOTHING,,0.3,0.0256,0.2842,0.2842,0.2842
158.141,283.3,-2.1049,0.6352,-1.6314,-0.019,-0.01,480,0,0,0,0.7734,0.655,DO_NOTHING,,0.2842,0.0,0.3,0.3,0.3
158.242,283.4,-2.1065,0.6062,-1.6304,-0.019,-0.01,480,0,0,0,0.7817,0.6613,DO_NOTHING,,0.3,0.0769,0.2842,0.2842,0.2842
158.344,283.5,-2.1078,0.5768,-1.6255,-0.019,-0.01,480,0,0,0,0.7912,0.6686,DO_NOTHING,,0.2842,0.0769,0.3,0.3,0.3
158.442,283.6,-2.1087,0.5478,-1.6178,-0.019,-0.01,480,0,0,0,0.7999,0.6759,DO_NOTHING,,0.3,0.0,0.2842,0.2842,0.2842
158.544,283.7,-2.1096,0.5185,-1.6142,-0.019,-0.01,480,0,0,0,0.8102,0.6846,DO_NOTHING,,0.2842,0.0,0.3,0.3,0.3
158.656,283.8,-2.1109,0.4894,-1.6142,-0.019,-0.01,480,0,0,0,0.8225,0.6951,DO_NOTHING,,0.2842,0.0256,0.2842,0.2842,0.2842
158.743,283.9,-2.112,0.461,-1.6126,-0.019,-0.01,480,0,0,0,0.834,0.7054,DO_NOTHING,,0.3,0.0256,0.2842,0.2842,0.2842
158.863,284.0,-2.1132,0.4257,-1.6096,-0.019,-0.01,480,0,0,0,0.8485,0.7187,DO_NOTHING,,0.2842,0.0,0.2842,0.3,0.3
158.949,284.1,-2.114,0.4027,-1.609,-0.019,-0.01,480,0,0,0,0.8614,0.7305,DO_NOTHING,,0.2684,0.0,0.2842,0.2842,0.2842
159.053,284.2,-2.115,0.3752,-1.609,-0.019,-0.01,480,0,0,0,0.8767,0.7449,DO_NOTHING,,0.2526,0.0,0.2684,0.2684,0.2684
159.157,284.3,-2.116,0.3493,-1.609,-0.019,-0.01,480,0,0,0,0.917,0.7849,DO_NOTHING,,0.2368,0.0,0.2368,0.2526,0.2526
159.262,284.4,-2.117,0.325,-1.609,-0.019,-0.01,480,0,0,0,0.9692,0.8372,DO_NOTHING,,0.2211,0.0,0.2211,0.2211,0.2211
159.358,284.5,-2.1178,0.3028,-1.609,-0.019,-0.01,480,0,0,0,1.0172,0.8852,DO_NOTHING,,0.2053,0.1795,0.2053,0.2211,0.2211
159.465,284.6,-2.1182,0.2818,-1.5997,-0.019,-0.01,480,0,0,0,1.0442,0.9122,DO_NOTHING,,0.1895,0.1795,0.1895,0.1895,0.1895
159.564,284.7,-2.1174,0.2626,-1.5811,-0.019,-0.01,480,0,0,0,1.0489,0.9169,DO_NOTHING,,0.1737,0.1282,0.1737,0.1895,0.1895
159.668,284.8,-2.1161,0.2449,-1.5662,-0.019,-0.01,480,0,0,0,1.0577,0.9257,DO_NOTHING,,0.1579,0.1282,0.1579,0.1579,0.1737
159.767,284.9,-2.1148,0.229,-1.5529,-0.019,-0.01,480,0,0,0,1.0603,0.9335,DO_NOTHING,,0.1421,0.1282,0.1421,0.1579,0.1579
159.868,285.0,-2.1133,0.2146,-1.5396,-0.019,-0.01,480,0,0,0,1.0478,0.9382,DO_NOTHING,,0.1421,0.1282,0.1421,0.1421,0.1421
159.966,285.1,-2.1116,0.2004,-1.5263,-0.019,-0.01,480,0,0,0,1.0367,0.9425,DO_NOTHING,,0.1263,0.0769,0.1263,0.1421,0.1421
160.071,285.2,-2.1102,0.1876,-1.5177,-0.019,-0.01,480,0,0,0,1.0254,0.952,DO_NOTHING,,0.1263,0.0769,0.1263,0.1263,0.1263
160.17,285.3,-2.1088,0.175,-1.5098,-0.019,-0.01,480,0,0,0,1.0162,0.9622,DO_NOTHING,,0.1105,0.0769,0.1105,0.1105,0.1105
160.272,285.4,-2.1074,0.1637,-1.5021,-0.019,-0.01,480,0,0,0,1.0092,0.9699,DO_NOTHING,,0.0947,0.0769,0.0947,0.0947,0.0947
160.37,285.5,-2.1061,0.1541,-1.4944,-0.019,-0.01,480,0,0,0,1.0042,0.9748,DO_NOTHING,,0.0947,0.0769,0.0947,0.0947,0.0947
160.469,285.6,-2.1046,0.1447,-1.4866,-0.019,-0.01,480,0,0,0,0.9959,0.9791,DO_NOTHING,,0.0947,0.0769,0.0947,0.0947,0.0947
160.569,285.7,-2.1031,0.1352,-1.4789,-0.019,-0.01,480,0,0,0,0.9863,0.9835,DO_NOTHING,,0.0789,0.0769,0.0789,0.0789,0.0789
160.668,285.8,-2.1018,0.1272,-1.4713,-0.019,-0.01,480,0,0,0,0.9814,0.9845,DO_NOTHING,,0.0789,0.0769,0.0789,0.0789,0.0789
160.769,285.9,-2.1003,0.1193,-1.4636,-0.019,-0.01,480,0,0,0,0.9731,0.9772,DO_NOTHING,,0.0789,0.0769,0.0789,0.0789,0.0789
160.872,286.0,-2.0988,0.1115,-1.4559,-0.019,-0.01,480,0,0,0,0.9703,0.9743,DO_NOTHING,,0.0632,0.0256,0.0632,0.0632,0.0632
160.968,286.1,-2.0978,0.1051,-1.4528,-0.019,-0.01,480,0,0,0,0.9648,0.9687,DO_NOTHING,,0.0632,0.0256,0.0632,0.0632,0.0632
161.072,286.2,-2.0968,0.0988,-1.4503,-0.019,-0.01,480,0,0,0,0.9589,0.9627,DO_NOTHING,,0.0632,0.0256,0.0632,0.0632,0.0632
161.169,286.3,-2.0958,0.0925,-1.4477,-0.019,-0.01,480,0,0,0,0.9529,0.9567,DO_NOTHING,,0.0474,0.0,0.0474,0.0474,0.0474
161.27,286.4,-2.0952,0.0877,-1.4475,-0.019,-0.01,480,0,0,0,0.9506,0.9544,DO_NOTHING,,0.0474,0.0256,0.0474,0.0474,0.0474
161.37,286.5,-2.0944,0.083,-1.4452,-0.019,-0.01,480,0,0,0,0.9476,0.9507,DO_NOTHING,,0.0474,0.0256,0.0474,0.0474,0.0474
161.471,286.6,-2.0936,0.0783,-1.4427,-0.019,-0.01,480,0,0,0,0.9442,0.9468,DO_NOTHING,,0.0474,0.0256,0.0474,0.0474,0.0474
161.572,286.7,-2.0928,0.0736,-1.4402,-0.019,-0.01,480,0,0,0,0.9404,0.9429,DO_NOTHING,,0.0474,0.0256,0.0474,0.0474,0.0474
161.69,286.8,-2.092,0.0689,-1.4376,-0.019,-0.01,480,0,0,0,0.9365,0.9389,DO_NOTHING,,0.0316,0.0,0.0316,0.0316,0.0316
161.777,286.9,-2.0915,0.0654,-1.4371,-0.019,-0.01,480,0,0,0,0.9331,0.9355,DO_NOTHING,,0.0,1.0,0.0,0.0316,0.0316
161.893,287.0,-2.0909,0.0649,-1.4207,-0.019,-0.01,480,0,0,0,0.9322,0.937,DO_NOTHING,,0.0,1.0,0.0,0.0,0.0
161.997,287.1,-2.0889,0.0649,-1.374,-0.019,-0.01,480,0,0,0,0.9345,0.9465,DO_NOTHING,,0.0,1.0,0.0,0.0,0.0
162.077,287.2,-2.0853,0.0649,-1.2991,-0.019,-0.01,480,0,0,0,0.9285,0.911,DO_NOTHING,,0.0,1.0,0.0,0.0,0.0
162.189,287.3,-2.0803,0.0649,-1.2109,-0.019,-0.01,480,0,0,0,0.9254,0.9105,DO_NOTHING,,0.0,0.8974,0.0,0.0,0.0
162.278,287.4,-2.0762,0.0649,-1.1342,-0.019,-0.01,480,0,0,0,0.9231,0.9106,DO_NOTHING,,0.0,0.8462,0.0,0.0,0.0
162.387,287.5,-2.0734,0.0649,-1.0661,-0.019,-0.01,480,0,0,0,0.9244,0.9127,DO_NOTHING,,0.0,0.7949,0.0,0.0,0.0
162.483,287.6,-2.0716,0.0649,-1.0045,-0.019,-0.01,480,0,0,0,0.9175,0.9159,DO_NOTHING,,0.0,0.6923,0.0,0.0,0.0
162.587,287.7,-2.0707,0.0651,-0.9536,-0.019,-0.01,480,0,0,0,0.9212,0.9213,DO_NOTHING,,0.0,0.641,0.0,0.0,0.0
162.685,287.8,-2.0706,0.0654,-0.9094,-0.019,-0.01,480,0,0,0,0.9181,0.9216,DO_NOTHING,,0.0,0.5897,0.0,0.0,0.0
162.791,287.9,-2.0706,0.0655,-0.8676,-0.019,-0.01,480,0,0,0,0.9187,0.9254,DO_NOTHING,,0.0,0.5897,0.0,0.0,0.0
162.889,288.0,-2.0706,0.066,-0.8242,-0.019,-0.01,480,0,0,0,0.9174,0.929,DO_NOTHING,,0.0,0.5385,0.0,0.0,0.0
162.991,288.1,-2.0706,0.0662,-0.7828,-0.019,-0.01,480,0,0,0,0.919,0.9323,DO_NOTHING,,0.0,0.4872,0.0,0.0,0.0
163.089,288.2,-2.0708,0.0662,-0.7456,-0.019,-0.01,480,0,0,0,0.9166,0.9422,DO_NOTHING,,0.0,0.4359,0.0,0.0,0.0
163.189,288.3,-2.0712,0.0662,-0.7131,-0.019,-0.01,480,0,0,0,0.9192,0.94,DO_NOTHING,,0.0,0.4359,0.0,0.0,0.0
163.286,288.4,-2.0714,0.0662,-0.6819,-0.019,-0.01,480,0,0,0,0.9196,0.946,DO_NOTHING,,0.0,0.3846,0.0,0.0,0.0
163.389,288.5,-2.0713,0.0662,-0.6552,-0.019,-0.01,480,0,0,0,0.9214,0.9481,DO_NOTHING,,0.0,0.3333,0.0,0.0,0.0
163.488,288.6,-2.0711,0.0662,-0.6325,-0.019,-0.01,480,0,0,0,0.9178,0.9513,DO_NOTHING,,0.0,0.3333,0.0,0.0,0.0
163.587,288.7,-2.0709,0.0662,-0.6104,-0.019,-0.01,480,0,0,0,0.9185,0.9515,DO_NOTHING,,0.0,0.3333,0.0,0.0,0.0
163.688,288.8,-2.0706,0.0662,-0.5888,-0.019,-0.01,480,0,0,0,0.9216,0.9536,DO_NOTHING,,0.0,0.2821,0.0,0.0,0.0
163.789,288.9,-2.0705,0.0666,-0.5684,-0.019,-0.01,480,0,0,0,0.9185,0.9616,DO_NOTHING,,0.0,0.2821,0.0,0.0,0.0
163.89,289.0,-2.0704,0.0671,-0.547,-0.019,-0.01,480,0,0,0,0.9197,0.9603,DO_NOTHING,,0.0,0.2821,0.0,0.0,0.0
163.992,289.1,-2.0704,0.0677,-0.5255,-0.019,-0.01,480,0,0,0,0.9178,0.9596,DO_NOTHING,,0.0,0.2308,0.0,0.0,0.0
164.089,289.2,-2.0704,0.0683,-0.5074,-0.019,-0.01,480,0,0,0,0.9194,0.9659,DO_NOTHING,,0.0,0.2308,0.0,0.0,0.0
164.19,289.3,-2.0704,0.069,-0.4892,-0.019,-0.01,480,0,0,0,0.9211,0.9639,DO_NOTHING,,0.0,0.2308,0.0,0.0,0.0
164.291,289.4,-2.0704,0.0697,-0.4707,-0.019,-0.01,480,0,0,0,0.9199,0.965,DO_NOTHING,,0.0,0.2308,0.0,0.0,0.0
164.389,289.5,-2.0704,0.0705,-0.4523,-0.019,-0.01,480,0,0,0,0.9204,0.9671,DO_NOTHING,,0.0,0.0,0.0,0.0,0.0
164.489,289.6,-2.0704,0.0707,-0.4493,-0.019,-0.01,480,0,0,0,0.9217,0.9698,DO_NOTHING,,0.0,0.0,0.0,0.0,0.0
164.59,289.7,-2.0704,0.0707,-0.4493,-0.019,-0.01,480,0,0,0,0.9217,0.9698,DO_NOTHING,,0.0,0.0,0.0,0.0,0.0
164.689,289.8,-2.0704,0.0707,-0.4493,-0.019,-0.01,480,0,0,0,0.9217,0.9698,DO_NOTHING,,0.0,0.0,0.0,0.0,0.0
164.79,289.9,-2.0704,0.0707,-0.4493,-0.019,-0.01,480,0,0,0,0.9217,0.9698,DO_NOTHING,,0.0,0.0,0.0,0.0,0.0
164.891,290.0,-2.0704,0.0707,-0.4493,-0.019,-0.01,480,0,0,0,0.9217,0.9698,DO_NOTHING,,0.0,0.0,0.0,0.0,0.0
164.992,290.1,-2.0704,0.0707,-0.4493,-0.019,-0.01,480,0,0,0,0.9217,0.9698,DO_NOTHING,,0.0,0.0,0.0,0.0,0.0
165.09,290.2,-2.0704,0.0707,-0.4493,-0.019,-0.01,480,0,0,0,0.9217,0.9698,DO_NOTHING,,0.0,0.0,0.0,0.0,0.0
165.194,290.3,-2.0704,0.0707,-0.4493,-0.019,-0.01,480,0,0,0,0.9217,0.9698,DO_NOTHING,,0.0,0.0,0.0,0.0,0.0
165.306,290.4,-2.0704,0.0707,-0.4493,-0.019,-0.01,480,0,0,0,0.9217,0.9698,DO_NOTHING,,0.0,0.0,0.0,0.0,0.0
165.396,290.5,-2.0704,0.0707,-0.4493,-0.019,-0.01,480,0,0,0,0.9217,0.9698,DO_NOTHING,,0.0,0.0,0.0,0.0,0.0
165.516,290.6,-2.0704,0.0707,-0.4493,-0.019,-0.01,480,0,0,0,0.9217,0.9698,DO_NOTHING,,0.0,0.0,0.0,0.0,0.0
165.598,290.7,-2.0704,0.0707,-0.4493,-0.019,-0.01,480,0,0,0,0.9217,0.9698,DO_NOTHING,,0.0,0.0,0.0,0.0,0.0
165.706,290.8,-2.0704,0.0707,-0.4493,-0.019,-0.01,480,0,0,0,0.9217,0.9698,DO_NOTHING,,0.0,0.0,0.0,0.0,0.0
165.807,290.9,-2.0704,0.0707,-0.4493,-0.019,-0.01,480,0,0,0,0.9217,0.9698,DO_NOTHING,,0.0,0.0,0.0,0.0,0.0
165.917,291.0,-2.0704,0.0707,-0.4493,-0.019,-0.01,480,0,0,0,0.9217,0.9698,DO_NOTHING,,0.0,0.0,0.0,0.0,0.0
166.026,291.1,-2.0704,0.0707,-0.4493,-0.019,-0.01,480,0,0,0,0.9217,0.9698,DO_NOTHING,,0.0,0.0,0.0,0.0,0.0
166.175,291.2,-2.0704,0.0707,-0.4493,-0.019,-0.01,480,0,0,0,0.9217,0.9698,DO_NOTHING,,0.0,0.0,0.0,0.0,0.0
166.253,291.3,-2.0704,0.0707,-0.4493,-0.019,-0.01,480,0,0,0,0.9217,0.9698,DO_NOTHING,,0.0,0.0,0.0,0.0,0.0
166.353,291.4,-2.0704,0.0707,-0.4493,-0.019,-0.01,480,0,0,0,0.9217,0.9698,DO_NOTHING,,0.0,0.0,0.0,0.0,0.0
166.456,291.5,-2.0704,0.0707,-0.4493,-0.019,-0.01,480,0,0,0,0.9217,0.9698,DO_NOTHING,,0.0,0.0,0.0,0.0,0.0
166.553,291.6,-2.0704,0.0707,-0.4493,-0.019,-0.01,480,0,0,0,0.9217,0.9698,DO_NOTHING,,0.0,0.0,0.0,0.0,0.0
166.654,291.7,-2.0704,0.0707,-0.4493,-0.019,-0.01,480,0,0,0,0.9217,0.9698,DO_NOTHING,,0.0,0.0,0.0,0.0,0.0
166.753,291.8,-2.0704,0.0707,-0.4493,-0.019,-0.01,480,0,0,0,0.9217,0.9698,DO_NOTHING,,0.0,0.0,0.0,0.0,0.0
166.85,291.9,-2.0704,0.0707,-0.4493,-0.019,-0.01,480,0,0,0,0.9217,0.9698,DO_NOTHING,,0.0,0.0,0.0,0.0,0.0
166.95,292.0,-2.0704,0.0707,-0.4493,-0.019,-0.01,480,0,0,0,0.9217,0.9698,DO_NOTHING,,0.0,0.0,0.0,0.0,0.0
167.05,292.1,-2.0704,0.0707,-0.4493,-0.019,-0.01,480,0,0,0,0.9217,0.9698,DO_NOTHING,,0.0,0.0,0.0,0.0,0.0
167.152,292.2,-2.0704,0.0707,-0.4493,-0.019,-0.01,480,0,0,0,0.9217,0.9698,DO_NOTHING,,0.0,0.0,0.0,0.0,0.0
167.252,292.3,-2.0704,0.0707,-0.4493,-0.019,-0.01,480,0,0,0,0.9217,0.9698,DO_NOTHING,,0.0,0.0,0.0,0.0,0.0
167.353,292.4,-2.0704,0.0707,-0.4493,-0.019,-0.01,480,0,0,0,0.9217,0.9698,DO_NOTHING,,0.0,0.0,0.0,0.0,0.0
167.452,292.5,-2.0704,0.0707,-0.4493,-0.019,-0.01,480,0,0,0,0.9217,0.9698,DO_NOTHING,,0.0,0.0,0.0,0.0,0.0
167.551,292.6,-2.0704,0.0707,-0.4493,-0.019,-0.01,480,0,0,0,0.9217,0.9698,DO_NOTHING,,0.0,0.0,0.0,0.0,0.0
167.651,292.7,-2.0704,0.0707,-0.4493,-0.019,-0.01,480,0,0,0,0.9217,0.9698,DO_NOTHING,,0.0,0.0,0.0,0.0,0.0
167.749,292.8,-2.0704,0.0707,-0.4493,-0.019,-0.01,480,0,0,0,0.9217,0.9698,DO_NOTHING,,0.0,0.0,0.0,0.0,0.0
167.849,292.9,-2.0704,0.0707,-0.4493,-0.019,-0.01,480,0,0,0,0.9217,0.9698,DO_NOTHING,,0.0,0.0,0.0,0.0,0.0
167.951,293.0,-2.0704,0.0707,-0.4493,-0.019,-0.01,480,0,0,0,0.9217,0.9698,DO_NOTHING,,0.0,0.0,0.0,0.0,0.0
168.051,293.1,-2.0704,0.0707,-0.4493,-0.019,-0.01,480,0,0,0,0.9217,0.9698,DO_NOTHING,,0.0,0.0,0.0,0.0,0.0
168.153,293.2,-2.0704,0.0707,-0.4493,-0.019,-0.01,480,0,0,0,0.9217,0.9698,DO_NOTHING,,0.0,0.0,0.0,0.0,0.0
168.252,293.3,-2.0704,0.0707,-0.4493,-0.019,-0.01,480,0,0,0,0.9217,0.9698,DO_NOTHING,,0.0,0.0,0.0,0.0,0.0
168.358,293.4,-2.0704,0.0707,-0.4493,-0.019,-0.01,480,0,0,0,0.9217,0.9698,DO_NOTHING,,0.0,0.0,0.0,0.0,0.0
168.456,293.5,-2.0704,0.0707,-0.4493,-0.019,-0.01,480,0,0,0,0.9217,0.9698,DO_NOTHING,,0.0,0.0,0.0,0.0,0.0
168.562,293.6,-2.0704,0.0707,-0.4493,-0.019,-0.01,480,0,0,0,0.9217,0.9698,DO_NOTHING,,0.0,0.0,0.0,0.0,0.0
168.679,293.7,-2.0704,0.0707,-0.4493,-0.019,-0.01,480,0,0,0,0.9217,0.9698,DO_NOTHING,,0.0,0.0,0.0,0.0,0.0
168.761,293.8,-2.0704,0.0707,-0.4493,-0.019,-0.01,480,0,0,0,0.9217,0.9698,DO_NOTHING,,0.0,0.0,0.0,0.0,0.0
168.872,293.9,-2.0704,0.0707,-0.4493,-0.019,-0.01,480,0,0,0,0.9217,0.9698,DO_NOTHING,,0.0,0.0,0.0,0.0,0.0
168.962,294.0,-2.0704,0.0707,-0.4493,-0.019,-0.01,480,0,0,0,0.9217,0.9698,DO_NOTHING,,0.0,0.0,0.0,0.0,0.0
169.068,294.1,-2.0704,0.0707,-0.4493,-0.019,-0.01,480,0,0,0,0.9217,0.9698,DO_NOTHING,,0.0,0.0,0.0,0.0,0.0
169.166,294.2,-2.0704,0.0707,-0.4493,-0.019,-0.01,480,0,0,0,0.9217,0.9698,DO_NOTHING,,0.0,0.0,0.0,0.0,0.0
169.278,294.3,-2.0704,0.0707,-0.4493,-0.019,-0.01,480,0,0,0,0.9217,0.9698,DO_NOTHING,,0.0,0.0,0.0,0.0,0.0
169.376,294.4,-2.0704,0.0707,-0.4493,-0.019,-0.01,480,0,0,0,0.9217,0.9698,DO_NOTHING,,0.0,0.0,0.0,0.0,0.0
169.479,294.5,-2.0704,0.0707,-0.4493,-0.019,-0.01,480,0,0,0,0.9217,0.9698,DO_NOTHING,,0.0,0.0,0.0,0.0,0.0
169.576,294.6,-2.0704,0.0707,-0.4493,-0.019,-0.01,480,0,0,0,0.9217,0.9698,DO_NOTHING,,0.0,0.0,0.0,0.0,0.0
169.682,294.7,-2.0704,0.0707,-0.4493,-0.019,-0.01,480,0,0,0,0.9217,0.9698,DO_NOTHING,,0.0,0.0,0.0,0.0,0.0
169.78,294.8,-2.0704,0.0707,-0.4493,-0.019,-0.01,480,0,0,0,0.9217,0.9698,DO_NOTHING,,0.0,0.0,0.0,0.0,0.0
169.879,294.9,-2.0704,0.0707,-0.4493,-0.019,-0.01,480,0,0,0,0.9217,0.9698,DO_NOTHING,,0.0,0.0,0.0,0.0,0.0
169.978,295.0,-2.0704,0.0707,-0.4493,-0.019,-0.01,480,0,0,0,0.9217,0.9698,DO_NOTHING,,0.0,0.0,0.0,0.0,0.0
