t_s,stamp,gt_x,gt_y,gt_yaw,goal_map_x,goal_map_y,n_valid,n_in_stop,n_in_slow,n_in_limit,d_min_base_m,r_min_lidar_m,monitor_action,monitor_polygon,v_nav,w_nav,v_smoothed,v_out,v_wheel
0.003,94.2,-2.0,0.0,-0.0,,,480,0,0,0,0.8217,0.9543,,,,,,,
0.104,94.3,-2.0,0.0,-0.0,,,480,0,0,0,0.8217,0.9543,,,,,,,
0.21,94.4,-2.0,0.0,-0.0,,,480,0,0,0,0.8217,0.9543,,,,,,,
0.304,94.5,-2.0,0.0,-0.0,,,480,0,0,0,0.8217,0.9543,,,,,,,
0.41,94.6,-2.0,0.0,-0.0,,,480,0,0,0,0.8217,0.9543,,,,,,,
0.512,94.7,-2.0,0.0,-0.0,,,480,0,0,0,0.8217,0.9543,,,,,,,
0.61,94.8,-2.0,0.0,-0.0,,,480,0,0,0,0.8217,0.9543,,,,,,,
0.712,94.9,-2.0,0.0,-0.0,,,480,0,0,0,0.8217,0.9543,,,,,,,
0.81,95.0,-2.0,0.0,-0.0,,,480,0,0,0,0.8217,0.9543,,,,,,,
0.912,95.1,-2.0,0.0,-0.0,,,480,0,0,0,0.8217,0.9543,,,,,,,
1.013,95.2,-2.0,0.0,-0.0,,,480,0,0,0,0.8217,0.9543,,,,,,,
1.119,95.3,-2.0,0.0,-0.0,,,480,0,0,0,0.8217,0.9543,,,,,,,
1.23,95.4,-2.0,0.0,-0.0,,,480,0,0,0,0.8217,0.9543,,,,,,,
1.33,95.5,-2.0,0.0,-0.0,,,480,0,0,0,0.8217,0.9543,,,,,,,
1.433,95.6,-2.0,0.0,-0.0,,,480,0,0,0,0.8217,0.9543,,,,,,,
1.546,95.7,-2.0,0.0,-0.0,,,480,0,0,0,0.8217,0.9543,,,,,,,
1.635,95.8,-2.0,0.0,-0.0,,,480,0,0,0,0.8217,0.9543,,,,,,,
1.749,95.9,-2.0,0.0,-0.0,,,480,0,0,0,0.8217,0.9543,,,,,,,
1.849,96.0,-2.0,0.0,-0.0,-0.019,-2.21,480,0,0,0,0.8217,0.9543,,,,,,,
1.944,96.1,-2.0,0.0,-0.0,-0.019,-2.21,480,0,0,0,0.8217,0.9543,,,0.0158,-1.0,0.0158,0.0158,0.0158
2.042,96.2,-1.9986,-0.0007,-0.0182,-0.019,-2.21,480,0,0,0,0.8219,0.9542,,,0.0158,-1.0,0.0158,0.0158,0.0158
2.153,96.3,-1.997,-0.0029,-0.0693,-0.019,-2.21,480,0,0,0,0.8193,0.9504,,,0.0158,-1.0,0.0158,0.0158,0.0158
2.256,96.4,-1.9955,-0.0067,-0.1484,-0.019,-2.21,480,0,0,0,0.816,0.9443,,,0.0158,-1.0,0.0158,0.0158,0.0158
2.358,96.5,-1.9939,-0.0119,-0.243,-0.019,-2.21,480,0,0,0,0.8084,0.9323,,,0.0,-1.0,0.0,0.0,0.0
2.463,96.6,-1.9938,-0.0177,-0.3321,-0.019,-2.21,480,0,0,0,0.8064,0.9249,,,0.0,-1.0,0.0,0.0,0.0
2.562,96.7,-1.9938,-0.0225,-0.417,-0.019,-2.21,480,0,0,0,0.8071,0.9205,,,0.0,-0.9487,0.0,0.0,0.0
2.662,96.8,-1.9933,-0.0261,-0.4938,-0.019,-2.21,480,0,0,0,0.8021,0.909,,,0.0158,-1.0,0.0158,0.0158,0.0158
2.775,96.9,-1.9906,-0.0305,-0.5602,-0.019,-2.21,480,0,0,0,0.7972,0.8985,,,0.2842,-1.0,0.2513,0.1263,0.1263
2.873,97.0,-1.9811,-0.0396,-0.6211,-0.019,-2.21,480,0,0,0,0.7834,0.8795,,,0.3,-1.0,0.3,0.2842,0.2842
2.99,97.1,-1.9613,-0.0572,-0.6868,-0.019,-2.21,480,0,0,0,0.7558,0.8463,,,0.2684,-1.0,0.2684,0.2684,0.2684
3.094,97.2,-1.9403,-0.0752,-0.7607,-0.019,-2.21,480,0,0,0,0.7292,0.8128,,,0.3,-1.0,0.3,0.3,0.3
3.187,97.3,-1.9198,-0.0962,-0.837,-0.019,-2.21,480,0,0,0,0.6995,0.7747,,,0.2842,-1.0,0.2842,0.2842,0.2842
3.287,97.4,-1.9014,-0.1184,-0.9091,-0.019,-2.21,480,0,0,0,0.6711,0.7375,,,0.3,-0.9487,0.3,0.3,0.3
3.384,97.5,-1.8839,-0.1416,-0.9734,-0.019,-2.21,480,0,0,0,0.6454,0.7031,,,0.2842,-0.9487,0.2842,0.2842,0.3
3.484,97.6,-1.8691,-0.1645,-1.038,-0.019,-2.21,480,0,0,0,0.6211,0.6699,,,0.3,-1.0,0.3,0.3,0.3
3.589,97.7,-1.8565,-0.1888,-1.1077,-0.019,-2.21,480,0,0,18,0.5963,0.6339,LIMIT,PolygonLimit,0.3,-0.8974,0.3,0.15,0.15
3.685,97.8,-1.8471,-0.2051,-1.1615,-0.019,-2.21,480,0,0,33,0.5816,0.6106,LIMIT,PolygonLimit,0.3,-0.8974,0.3,0.1671,0.1671
3.784,97.9,-1.8401,-0.2205,-1.2038,-0.019,-2.21,480,0,0,37,0.5671,0.5897,LIMIT,PolygonLimit,0.2842,-0.8462,0.2842,0.1679,0.1671
3.888,98.0,-1.8347,-0.2363,-1.2471,-0.019,-2.21,480,0,0,39,0.5525,0.5662,LIMIT,PolygonLimit,0.3,-0.7436,0.3,0.2017,0.2017
3.984,98.1,-1.831,-0.254,-1.287,-0.019,-2.21,480,0,6,42,0.5423,0.5484,SLOWDOWN,PolygonSlow,0.2842,-0.6923,0.2842,0.0853,0.09
4.097,98.2,-1.8283,-0.2633,-1.3056,-0.019,-2.21,480,0,7,44,0.5354,0.5377,SLOWDOWN,PolygonSlow,0.3,-0.8462,0.3,0.09,0.09
4.202,98.3,-1.8272,-0.2719,-1.3283,-0.019,-2.21,480,0,5,45,0.5291,0.5263,SLOWDOWN,PolygonSlow,0.3,-0.7949,0.3,0.09,0.09
4.321,98.4,-1.8265,-0.2828,-1.3531,-0.019,-2.21,480,0,0,47,0.5251,0.5174,LIMIT,PolygonLimit,0.3,-0.7436,0.3,0.1887,0.1887
4.429,98.5,-1.8263,-0.3018,-1.3991,-0.019,-2.21,480,0,0,49,0.5166,0.4979,LIMIT,PolygonLimit,0.2842,-0.7436,0.2842,0.1911,0.1911
4.532,98.6,-1.8272,-0.3211,-1.4474,-0.019,-2.21,480,0,0,54,0.51,0.4807,LIMIT,PolygonLimit,0.3,-0.5897,0.3,0.2543,0.2543
4.642,98.7,-1.8288,-0.3471,-1.4957,-0.019,-2.21,480,0,0,59,0.5034,0.4615,DO_NOTHING,,0.3,-0.4872,0.3,0.3,0.3
4.734,98.8,-1.8316,-0.3765,-1.5458,-0.019,-2.21,480,0,0,66,0.4982,0.4422,LIMIT,PolygonLimit,0.3,-0.5385,0.3,0.2786,0.2786
4.837,98.9,-1.836,-0.4053,-1.5975,-0.019,-2.21,480,0,0,75,0.4958,0.4258,DO_NOTHING,,0.3,-0.4872,0.3,0.3,0.3
4.951,99.0,-1.8427,-0.4413,-1.6513,-0.019,-2.21,480,0,0,82,0.4962,0.4126,DO_NOTHING,,0.3,-0.3846,0.3,0.3,0.3
5.039,99.1,-1.8472,-0.4651,-1.678,-0.019,-2.21,480,0,0,85,0.4983,0.4049,DO_NOTHING,,0.3,-0.2821,0.3,0.3,0.3
5.153,99.2,-1.8537,-0.5009,-1.7032,-0.019,-2.21,480,0,0,80,0.5029,0.4008,DO_NOTHING,,0.3,-0.1282,0.3,0.3,0.3
5.239,99.3,-1.8578,-0.5247,-1.7132,-0.019,-2.21,480,0,0,79,0.5075,0.3999,DO_NOTHING,,0.3,-0.1282,0.3,0.3,0.3
5.353,99.4,-1.8629,-0.5543,-1.7217,-0.019,-2.21,480,0,0,79,0.5127,0.4011,DO_NOTHING,,0.3,-0.0256,0.3,0.3,0.3
5.45,99.5,-1.8676,-0.584,-1.7245,-0.019,-2.21,480,0,0,80,0.5175,0.405,DO_NOTHING,,0.3,-0.1795,0.3,0.3,0.3
5.569,99.6,-1.8731,-0.6136,-1.7364,-0.019,-2.21,480,0,0,81,0.523,0.4097,DO_NOTHING,,0.3,0.0,0.3,0.3,0.3
5.666,99.7,-1.8783,-0.6432,-1.739,-0.019,-2.21,480,0,0,80,0.5282,0.4147,DO_NOTHING,,0.3,0.0,0.3,0.3,0.3
5.777,99.8,-1.8834,-0.6727,-1.739,-0.019,-2.21,480,0,0,82,0.5332,0.4197,DO_NOTHING,,0.2842,-0.0256,0.2842,0.3,0.3
5.872,99.9,-1.8883,-0.7012,-1.7406,-0.019,-2.21,480,0,0,81,0.5382,0.4246,DO_NOTHING,,0.2842,-0.0256,0.2842,0.2842,0.2842
5.974,100.0,-1.8934,-0.7294,-1.7428,-0.019,-2.21,480,0,0,82,0.5432,0.4294,DO_NOTHING,,0.2842,0.0,0.2842,0.3,0.3
6.073,100.1,-1.8983,-0.758,-1.7428,-0.019,-2.21,480,0,0,74,0.5481,0.4344,DO_NOTHING,,0.2842,0.1795,0.2842,0.2842,0.2842
6.176,100.2,-1.9029,-0.786,-1.7358,-0.019,-2.21,480,0,0,68,0.5527,0.4395,DO_NOTHING,,0.3,0.2308,0.3,0.3,0.3
6.275,100.3,-1.9059,-0.8154,-1.7147,-0.019,-2.21,480,0,0,63,0.5558,0.444,DO_NOTHING,,0.2842,0.1795,0.2842,0.3,0.3
6.373,100.4,-1.9082,-0.844,-1.6955,-0.019,-2.21,480,0,0,58,0.5579,0.4478,DO_NOTHING,,0.3,0.1795,0.3,0.2842,0.2842
6.474,100.5,-1.9101,-0.8733,-1.6778,-0.019,-2.21,480,0,0,52,0.5598,0.4511,DO_NOTHING,,0.2842,0.1795,0.2842,0.3,0.3
6.581,100.6,-1.9115,-0.9021,-1.66,-0.019,-2.21,480,0,0,44,0.5614,0.4539,DO_NOTHING,,0.2842,0.1795,0.2842,0.2842,0.2842
6.679,100.7,-1.9122,-0.9305,-1.6418,-0.019,-2.21,480,0,0,35,0.562,0.4561,DO_NOTHING,,0.3,0.1795,0.3,0.2842,0.2842
6.78,100.8,-1.9125,-0.9599,-1.6236,-0.019,-2.21,480,0,0,21,0.5622,0.4579,DO_NOTHING,,0.2842,0.1282,0.2842,0.3,0.3
6.881,100.9,-1.9125,-0.9888,-1.6087,-0.019,-2.21,480,0,0,3,0.5623,0.4591,DO_NOTHING,,0.3,0.1282,0.2842,0.2842,0.2842
6.975,101.0,-1.9122,-1.0176,-1.5954,-0.019,-2.21,480,0,0,0,0.5623,0.46,DO_NOTHING,,0.2842,0.1282,0.3,0.3,0.3
7.076,101.1,-1.9116,-1.0472,-1.5821,-0.019,-2.21,480,0,0,0,0.564,0.4606,DO_NOTHING,,0.3,0.0769,0.3,0.2842,0.2842
7.178,101.2,-1.9108,-1.0767,-1.5722,-0.019,-2.21,480,0,0,0,0.5666,0.4607,DO_NOTHING,,0.2842,0.0769,0.2842,0.3,0.3
7.281,101.3,-1.9101,-1.1056,-1.5642,-0.019,-2.21,480,0,0,0,0.5699,0.4609,DO_NOTHING,,0.3,0.1282,0.2842,0.2842,0.2842
7.376,101.4,-1.909,-1.1344,-1.5552,-0.019,-2.21,480,0,0,0,0.5761,0.463,DO_NOTHING,,0.2842,-0.0769,0.2842,0.3,0.3
7.477,101.5,-1.908,-1.1633,-1.5522,-0.019,-2.21,480,0,0,0,0.5817,0.4653,DO_NOTHING,,0.3,-0.0256,0.3,0.2842,0.2842
7.577,101.6,-1.908,-1.1928,-1.5566,-0.019,-2.21,480,0,0,0,0.5915,0.4712,DO_NOTHING,,0.2684,0.0,0.2684,0.3,0.3
7.681,101.7,-1.9077,-1.2207,-1.5574,-0.019,-2.21,480,0,0,0,0.6,0.477,DO_NOTHING,,0.3,0.0,0.3,0.2684,0.2684
7.787,101.8,-1.9073,-1.2493,-1.5574,-0.019,-2.21,480,0,0,0,0.611,0.4853,DO_NOTHING,,0.3,0.0256,0.3,0.3,0.3
7.886,101.9,-1.9067,-1.2793,-1.5553,-0.019,-2.21,480,0,0,0,0.6233,0.4955,DO_NOTHING,,0.2842,0.0,0.2842,0.2842,0.2842
7.988,102.0,-1.9062,-1.3079,-1.555,-0.019,-2.21,480,0,0,0,0.6365,0.5069,DO_NOTHING,,0.3,0.0,0.3,0.3,0.3
8.09,102.1,-1.9057,-1.3377,-1.555,-0.019,-2.21,480,0,0,0,0.6506,0.5195,DO_NOTHING,,0.2842,-0.0256,0.2842,0.2842,0.2842
8.194,102.2,-1.9055,-1.3663,-1.5573,-0.019,-2.21,480,0,0,0,0.6718,0.5396,DO_NOTHING,,0.3,0.0256,0.3,0.3,0.2842
8.306,102.3,-1.9049,-1.3961,-1.5554,-0.019,-2.21,480,0,0,0,0.7279,0.5958,DO_NOTHING,,0.2842,0.0256,0.2842,0.2842,0.2842
8.394,102.4,-1.9042,-1.4247,-1.5528,-0.019,-2.21,480,0,0,0,0.7804,0.6483,DO_NOTHING,,0.3,-0.0769,0.3,0.3,0.2842
8.505,102.5,-1.9042,-1.4546,-1.5588,-0.019,-2.21,480,0,0,0,0.8468,0.7148,DO_NOTHING,,0.2842,-0.0769,0.2842,0.2842,0.2842
8.595,102.6,-1.9046,-1.4832,-1.5667,-0.019,-2.21,480,0,0,0,0.9152,0.7831,DO_NOTHING,,0.3,-0.0769,0.2842,0.2842,0.2842
8.706,102.7,-1.9053,-1.5123,-1.5746,-0.019,-2.21,480,0,0,0,0.9867,0.8547,DO_NOTHING,,0.2842,-0.0769,0.2842,0.2842,0.2842
8.808,102.8,-1.9062,-1.5411,-1.5824,-0.019,-2.21,480,0,0,0,1.0589,0.9269,DO_NOTHING,,0.3,-0.0769,0.3,0.3,0.3
8.914,102.9,-1.9074,-1.571,-1.5902,-0.019,-2.21,480,0,0,0,1.1359,1.004,DO_NOTHING,,0.2842,-0.0769,0.2842,0.2842,0.2842
9.012,103.0,-1.9087,-1.5995,-1.5981,-0.019,-2.21,480,0,0,0,1.2124,1.0805,DO_NOTHING,,0.3,-0.0769,0.3,0.3,0.3
9.125,103.1,-1.9103,-1.6294,-1.6059,-0.019,-2.21,480,0,0,0,1.7704,1.8572,DO_NOTHING,,0.2842,-0.0769,0.2842,0.2842,0.2842
9.218,103.2,-1.9121,-1.6578,-1.6138,-0.019,-2.21,480,0,0,0,1.742,1.8278,DO_NOTHING,,0.3,-0.1282,0.3,0.3,0.3
9.322,103.3,-1.9147,-1.6878,-1.6272,-0.019,-2.21,480,0,0,0,1.7122,1.7965,DO_NOTHING,,0.3,-0.1795,0.3,0.3,0.3
9.419,103.4,-1.9182,-1.7175,-1.6462,-0.019,-2.21,480,0,0,0,1.6827,1.7647,DO_NOTHING,,0.2842,-0.2821,0.2842,0.2842,0.2842
9.524,103.5,-1.9226,-1.7458,-1.6735,-0.019,-2.21,480,0,0,0,1.6538,1.7335,DO_NOTHING,,0.2842,-0.1795,0.2842,0.2842,0.2842
9.621,103.6,-1.9272,-1.7738,-1.6912,-0.019,-2.21,480,0,0,0,1.626,1.7036,DO_NOTHING,,0.2684,-0.1795,0.2684,0.2684,0.2684
9.723,103.7,-1.932,-1.8001,-1.7087,-0.019,-2.21,480,0,0,0,1.5998,1.6753,DO_NOTHING,,0.2526,-0.1795,0.2526,0.2526,0.2526
9.825,103.8,-1.937,-1.8248,-1.726,-0.019,-2.21,480,0,0,0,1.5753,1.6486,DO_NOTHING,,0.2368,-0.1795,0.2368,0.2368,0.2368
9.933,103.9,-1.9423,-1.8482,-1.7433,-0.019,-2.21,480,0,0,0,1.5515,1.6233,DO_NOTHING,,0.2211,-0.1795,0.2211,0.2211,0.2211
10.027,104.0,-1.9475,-1.8697,-1.7602,-0.019,-2.21,480,0,0,0,1.5299,1.5999,DO_NOTHING,,0.2053,-0.1795,0.2053,0.2053,0.2053
10.133,104.1,-1.9526,-1.8894,-1.7758,-0.019,-2.21,480,0,0,0,1.5104,1.5784,DO_NOTHING,,0.1895,-0.1282,0.1895,0.1895,0.1895
10.227,104.2,-1.9573,-1.9075,-1.7865,-0.019,-2.21,480,0,0,0,1.4925,1.559,DO_NOTHING,,0.1737,-0.0769,0.1737,0.1737,0.1737
10.326,104.3,-1.9617,-1.9244,-1.795,-0.019,-2.21,480,0,0,0,1.4757,1.5411,DO_NOTHING,,0.1737,-0.1282,0.1737,0.1737,0.1737
10.425,104.4,-1.9664,-1.9409,-1.8067,-0.019,-2.21,480,0,0,0,1.4589,1.5232,DO_NOTHING,,0.1579,-0.1282,0.1579,0.1579,0.1579
10.527,104.5,-1.9709,-1.9558,-1.8184,-0.019,-2.21,480,0,0,0,1.4438,1.5069,DO_NOTHING,,0.1421,-0.1282,0.1421,0.1421,0.1421
10.629,104.6,-1.975,-1.9691,-1.8282,-0.019,-2.21,480,0,0,0,1.4305,1.4925,DO_NOTHING,,0.1263,-0.0256,0.1263,0.1263,0.1263
10.732,104.7,-1.9785,-1.9813,-1.8324,-0.019,-2.21,480,0,0,0,1.4183,1.4797,DO_NOTHING,,0.1263,-0.1282,0.1263,0.1263,0.1263
10.827,104.8,-1.9826,-1.9935,-1.844,-0.019,-2.21,480,0,0,0,1.4063,1.4662,DO_NOTHING,,0.1105,0.0,0.1105,0.1263,0.1263
10.931,104.9,-1.9862,-2.0046,-1.8508,-0.019,-2.21,480,0,0,0,1.3953,1.4542,DO_NOTHING,,0.1105,-0.1282,0.1105,0.1105,0.1105
11.026,105.0,-1.9898,-2.0148,-1.8603,-0.019,-2.21,480,0,0,0,1.3851,1.4429,DO_NOTHING,,0.0947,0.0256,0.0947,0.0947,0.0947
11.125,105.1,-1.9924,-2.0239,-1.8599,-0.019,-2.21,480,0,0,0,1.3761,1.4339,DO_NOTHING,,0.0947,-0.1282,0.0947,0.0947,0.0947
11.228,105.2,-1.9958,-2.0329,-1.87,-0.019,-2.21,480,0,0,0,1.3668,1.4236,DO_NOTHING,,0.0947,-0.0769,0.0947,0.0947,0.0947
11.331,105.3,-1.9988,-2.0415,-1.8748,-0.019,-2.21,480,0,0,0,1.3581,1.4145,DO_NOTHING,,0.0789,0.1282,0.0789,0.0789,0.0789
11.434,105.4,-2.0006,-2.049,-1.8664,-0.019,-2.21,480,0,0,0,1.3508,1.4079,DO_NOTHING,,0.0789,-0.1282,0.0789,0.0789,0.0789
11.539,105.5,-2.0032,-2.0561,-1.874,-0.019,-2.21,480,0,0,0,1.3435,1.3999,DO_NOTHING,,0.0632,0.1282,0.0632,0.0632,0.0632
11.651,105.6,-2.0047,-2.0634,-1.862,-0.019,-2.21,480,0,0,0,1.3377,1.3951,DO_NOTHING,,0.0632,0.1282,0.0632,0.0632,0.0632
11.74,105.7,-2.0057,-2.0682,-1.8549,-0.019,-2.21,480,0,0,0,1.3317,1.3902,DO_NOTHING,,0.0632,-0.1282,0.0632,0.0632,0.0632
11.852,105.8,-2.0086,-2.0755,-1.867,-0.019,-2.21,480,0,0,0,1.3256,1.3829,DO_NOTHING,,0.0632,-0.1282,0.0632,0.0632,0.0632
11.946,105.9,-2.0107,-2.0803,-1.8779,-0.019,-2.21,480,0,0,0,1.3193,1.3753,DO_NOTHING,,0.0632,-0.2821,0.0632,0.0632,0.0632
12.051,106.0,-2.0143,-2.0863,-1.9026,-0.019,-2.21,480,0,0,0,1.3135,1.3662,DO_NOTHING,,0.0632,-0.2821,0.0632,0.0632,0.0632
12.153,106.1,-2.0179,-2.0922,-1.9271,-0.019,-2.21,480,0,0,0,1.3076,1.3573,DO_NOTHING,,0.0632,-0.2821,0.0632,0.0632,0.0632
12.271,106.2,-2.0211,-2.0974,-1.9493,-0.019,-2.21,480,0,0,0,1.3023,1.3493,DO_NOTHING,,0.0474,-0.2308,0.0474,0.0474,0.0474
12.373,106.3,-2.024,-2.1018,-1.9688,-0.019,-2.21,480,0,0,0,1.2979,1.3424,DO_NOTHING,,0.0474,-0.2308,0.0474,0.0474,0.0474
12.467,106.4,-2.0268,-2.1062,-1.9881,-0.019,-2.21,480,0,0,0,1.2935,1.3356,DO_NOTHING,,0.0474,-0.2308,0.0474,0.0474,0.0474
12.564,106.5,-2.0297,-2.1105,-2.0071,-0.019,-2.21,480,0,0,0,1.2892,1.3288,DO_NOTHING,,0.0474,-0.2308,0.0474,0.0474,0.0474
12.682,106.6,-2.0322,-2.1143,-2.0204,-0.019,-2.21,480,0,0,0,1.2859,1.324,DO_NOTHING,,0.0,1.0,0.0,0.0316,0.0316
12.769,106.7,-2.0323,-2.1148,-2.0181,-0.019,-2.21,480,0,0,0,1.2849,1.3231,DO_NOTHING,,0.0,1.0,0.0,0.0,0.0
12.871,106.8,-2.0315,-2.1149,-1.9934,-0.019,-2.21,480,0,0,0,1.2849,1.3262,DO_NOTHING,,0.0,1.0,0.0,0.0,0.0
12.97,106.9,-2.0296,-2.115,-1.9424,-0.019,-2.21,480,0,0,0,1.2847,1.3326,DO_NOTHING,,0.0,1.0,0.0,0.0,0.0
13.077,107.0,-2.0267,-2.1151,-1.8618,-0.019,-2.21,480,0,0,0,1.2849,1.3424,DO_NOTHING,,0.0,1.0,0.0,0.0,0.0
13.174,107.1,-2.0225,-2.1151,-1.7699,0.012,-2.193,480,0,0,0,1.2845,1.3534,DO_NOTHING,,0.0,1.0,0.0,0.0,0.0
13.285,107.2,-2.0167,-2.1151,-1.6729,0.012,-2.193,480,0,0,0,1.2848,1.3643,DO_NOTHING,,0.0,1.0,0.0,0.0,0.0
13.38,107.3,-2.0094,-2.1151,-1.5698,0.012,-2.193,480,0,0,0,1.2848,1.375,DO_NOTHING,,0.0,1.0,0.0,0.0,0.0
13.474,107.4,-2.0009,-2.1151,-1.4666,0.012,-2.193,480,0,0,0,1.2847,1.3849,DO_NOTHING,,0.0,1.0,0.0,0.0,0.0
13.576,107.5,-1.9931,-2.1151,-1.3696,0.012,-2.193,480,0,0,0,1.2847,1.3931,DO_NOTHING,,0.0,1.0,0.0,0.0,0.0
13.676,107.6,-1.9864,-2.1151,-1.2778,0.012,-2.193,480,0,0,0,1.2848,1.3752,DO_NOTHING,,0.0,0.8974,0.0,0.0,0.0
13.775,107.7,-1.9814,-2.1151,-1.196,0.012,-2.193,480,0,0,0,1.2848,1.2739,DO_NOTHING,,0.0,0.8462,0.0,0.0,0.0
13.881,107.8,-1.9777,-2.1151,-1.124,0.012,-2.193,480,0,0,0,1.2848,1.2027,DO_NOTHING,,0.0,0.7436,0.0,0.0,0.0
13.975,107.9,-1.9751,-2.1151,-1.058,0.012,-2.193,480,0,0,0,1.2812,1.1493,DO_NOTHING,,0.0,0.6923,0.0,0.0,0.0
14.082,108.0,-1.9735,-2.1151,-1.0034,0.012,-2.193,480,0,0,0,1.2811,1.1509,DO_NOTHING,,0.0,0.641,0.0,0.0,0.0
14.175,108.1,-1.9727,-2.115,-0.9548,-0.019,-2.21,480,0,0,0,1.2792,1.1509,DO_NOTHING,,0.0,0.5897,0.0,0.0,0.0
14.284,108.2,-1.9725,-2.1147,-0.9129,-0.019,-2.21,480,0,0,0,1.283,1.1565,DO_NOTHING,,0.0,-1.0,0.0,0.0,0.0
14.385,108.3,-1.9725,-2.1146,-0.8793,-0.019,-2.21,480,0,0,0,1.282,1.1575,DO_NOTHING,,0.0,-1.0,0.0,0.0,0.0
14.491,108.4,-1.9725,-2.1145,-0.8678,-0.019,-2.21,480,0,0,0,1.2781,1.154,DO_NOTHING,,0.0,-1.0,0.0,0.0,0.0
14.591,108.5,-1.9725,-2.1146,-0.8818,-0.019,-2.21,480,0,0,0,1.283,1.1581,DO_NOTHING,,0.0,-1.0,0.0,0.0,0.0
14.696,108.6,-1.9725,-2.1147,-0.92,-0.019,-2.21,480,0,0,0,1.2797,1.1532,DO_NOTHING,,0.0,-1.0,0.0,0.0,0.0
14.795,108.7,-1.9725,-2.1151,-0.9774,-0.019,-2.21,480,0,0,0,1.2787,1.1495,DO_NOTHING,,0.0,-1.0,0.0,0.0,0.0
14.901,108.8,-1.9725,-2.1155,-1.0396,-0.019,-2.21,480,0,0,0,1.2799,1.1485,DO_NOTHING,,0.0158,-1.0,0.0158,0.0158,0.0158
15.014,108.9,-1.9732,-2.1173,-1.1221,-0.019,-2.21,480,0,0,0,1.2829,1.1905,DO_NOTHING,,0.0158,-1.0,0.0158,0.0158,0.0158
15.103,109.0,-1.9742,-2.1186,-1.1868,-0.019,-2.21,480,0,0,0,1.2813,1.2685,DO_NOTHING,,0.0158,-1.0,0.0158,0.0158,0.0158
15.215,109.1,-1.9771,-2.1204,-1.2916,-0.019,-2.21,480,0,0,0,1.2798,1.3764,DO_NOTHING,,0.0158,-1.0,0.0158,0.0158,0.0158
15.304,109.2,-1.9802,-2.1217,-1.3652,-0.019,-2.21,480,0,0,0,1.2781,1.3869,DO_NOTHING,,0.0158,-1.0,0.0158,0.0158,0.0158
15.43,109.3,-1.9854,-2.1232,-1.4619,-0.019,-2.21,480,0,0,0,1.2767,1.3771,DO_NOTHING,,0.0158,-1.0,0.0158,0.0158,0.0158
15.526,109.4,-1.9921,-2.1248,-1.5645,-0.019,-2.21,480,0,0,0,1.2751,1.3658,DO_NOTHING,,0.0158,-1.0,0.0158,0.0158,0.0158
15.629,109.5,-2.0002,-2.1264,-1.6681,-0.019,-2.21,480,0,0,0,1.2737,1.3535,DO_NOTHING,,0.0158,-1.0,0.0158,0.0158,0.0158
15.731,109.6,-2.0083,-2.1279,-1.7655,-0.019,-2.21,480,0,0,0,1.2717,1.341,DO_NOTHING,,0.0158,-1.0,0.0158,0.0158,0.0158
15.847,109.7,-2.0167,-2.1298,-1.8755,-0.019,-2.21,480,0,0,0,1.2704,1.3286,DO_NOTHING,,0.0158,-1.0,0.0158,0.0158,0.0158
15.934,109.8,-2.0211,-2.1307,-1.9448,-0.019,-2.21,480,0,0,0,1.2691,1.3166,DO_NOTHING,,0.0,-1.0,0.0,0.0,0.0
16.038,109.9,-2.0254,-2.1309,-2.0269,-0.019,-2.21,480,0,0,0,1.2688,1.3059,DO_NOTHING,,0.0158,-1.0,0.0158,0.0158,0.0158
16.137,110.0,-2.0286,-2.1319,-2.1046,-0.019,-2.21,480,0,0,0,1.2678,1.2947,DO_NOTHING,,0.0,-1.0,0.0,0.0,0.0
16.236,110.1,-2.0298,-2.1327,-2.1744,-0.019,-2.21,480,0,0,0,1.2672,1.2847,DO_NOTHING,,0.0158,-1.0,0.0158,0.0158,0.0158
16.337,110.2,-2.0308,-2.1332,-2.242,-0.019,-2.21,480,0,0,0,1.2667,1.2751,DO_NOTHING,,0.0158,-1.0,0.0158,0.0158,0.0158
16.437,110.3,-2.0315,-2.1344,-2.313,-0.019,-2.21,480,0,0,0,1.2654,1.2644,DO_NOTHING,,0.0,-0.5385,0.0,0.0,0.0
16.544,110.4,-2.0318,-2.1349,-2.37,-0.019,-2.21,480,0,0,0,1.2649,1.2562,DO_NOTHING,,0.0158,-1.0,0.0158,0.0158,0.0158
16.636,110.5,-2.0335,-2.136,-2.4419,-0.019,-2.21,480,0,0,0,1.2639,1.2455,DO_NOTHING,,0.0158,-1.0,0.0158,0.0158,0.0158
16.746,110.6,-2.0347,-2.1367,-2.5116,-0.019,-2.21,480,0,0,0,1.2631,1.2356,DO_NOTHING,,0.0,-1.0,0.0,0.0,0.0
16.839,110.7,-2.0352,-2.1367,-2.5761,-0.019,-2.21,480,0,0,0,1.2633,1.2271,DO_NOTHING,,0.0,-1.0,0.0,0.0,0.0
16.938,110.8,-2.0356,-2.1368,-2.6372,-0.019,-2.21,480,0,0,0,1.2632,1.2192,DO_NOTHING,,0.0,-1.0,0.0,0.0,0.0
17.038,110.9,-2.0361,-2.1371,-2.7048,-0.019,-2.21,480,0,0,0,1.2628,1.2104,DO_NOTHING,,0.0,-1.0,0.0,0.0,0.0
17.138,111.0,-2.0364,-2.1374,-2.7868,-0.019,-2.21,480,0,0,0,1.2624,1.2001,DO_NOTHING,,0.0,-1.0,0.0,0.0,0.0
17.24,111.1,-2.0364,-2.1366,-2.8738,-0.019,-2.21,480,0,0,0,1.2633,1.1908,DO_NOTHING,,0.0,-0.9487,0.0,0.0,0.0
17.336,111.2,-2.0364,-2.1343,-2.9634,-0.019,-2.21,480,0,0,0,1.2655,1.1833,DO_NOTHING,,0.0,-1.0,0.0,0.0,0.0
17.435,111.3,-2.0364,-2.1305,-3.0617,-0.019,-2.21,480,0,0,0,1.2694,1.177,DO_NOTHING,,0.0,-1.0,0.0,0.0,0.0
17.537,111.4,-2.0371,-2.1251,3.1182,-0.019,-2.21,480,0,0,0,1.2746,1.1728,DO_NOTHING,,0.0316,-1.0,0.0316,0.0316,0.0316
17.635,111.5,-2.0408,-2.1175,3.0175,-0.019,-2.21,480,0,0,0,1.2826,1.1722,DO_NOTHING,,0.0789,-1.0,0.0789,0.0789,0.0789
17.74,111.6,-2.0481,-2.1087,2.923,-0.019,-2.21,480,0,0,0,1.2911,1.1741,DO_NOTHING,,0.0632,-0.9487,0.0632,0.0632,0.0632
17.839,111.7,-2.0542,-2.1009,2.835,-0.019,-2.21,480,0,0,0,1.2989,1.1766,DO_NOTHING,,0.0632,-1.0,0.0632,0.0632,0.0632
17.937,111.8,-2.0602,-2.0937,2.7506,-0.019,-2.21,480,0,0,0,1.3063,1.1795,DO_NOTHING,,0.0632,-0.9487,0.0632,0.0632,0.0632
18.038,111.9,-2.0659,-2.0875,2.6758,-0.019,-2.21,480,0,0,0,1.3042,1.1828,DO_NOTHING,,0.0632,-0.8462,0.0632,0.0632,0.0632
18.138,112.0,-2.071,-2.0824,2.6102,-0.019,-2.21,480,0,0,0,1.301,1.1859,DO_NOTHING,,0.0474,-0.7949,0.0474,0.0474,0.0474
18.24,112.1,-2.0748,-2.0785,2.5508,-0.019,-2.21,480,0,0,0,1.3035,1.1912,DO_NOTHING,,0.0158,-0.5385,0.0158,0.0474,0.0474
18.353,112.2,-2.0765,-2.0775,2.5008,-0.019,-2.21,480,0,0,0,1.3023,1.1971,DO_NOTHING,,0.0,-1.0,0.0,0.0,0.0
18.44,112.3,-2.0768,-2.0775,2.435,-0.019,-2.21,480,0,0,0,1.3016,1.2087,DO_NOTHING,,0.0,-1.0,0.0,0.0,0.0
18.55,112.4,-2.077,-2.0775,2.3595,-0.019,-2.21,480,0,0,0,1.3032,1.2297,DO_NOTHING,,0.0,-1.0,0.0,0.0,0.0
18.646,112.5,-2.077,-2.0769,2.2833,-0.019,-2.21,480,0,0,0,1.3001,1.2605,DO_NOTHING,,0.0,-1.0,0.0,0.0,0.0
18.748,112.6,-2.077,-2.0766,2.2127,-0.019,-2.21,480,0,0,0,1.3016,1.2978,DO_NOTHING,,0.0,-1.0,0.0,0.0,0.0
18.849,112.7,-2.077,-2.0763,2.1473,-0.019,-2.21,480,0,0,0,1.301,1.3411,DO_NOTHING,,0.0,-1.0,0.0,0.0,0.0
18.951,112.8,-2.0771,-2.0758,2.0861,-0.019,-2.21,480,0,0,0,1.3053,1.3903,DO_NOTHING,,0.0,-1.0,0.0,0.0,0.0
19.048,112.9,-2.0773,-2.0753,2.0206,-0.019,-2.21,480,0,0,0,1.2993,1.4312,DO_NOTHING,,0.0,-1.0,0.0,0.0,0.0
19.15,113.0,-2.0778,-2.075,1.9409,-0.019,-2.21,480,0,0,0,1.3002,1.4337,DO_NOTHING,,0.0,-1.0,0.0,0.0,0.0
19.248,113.1,-2.0772,-2.075,1.8533,-0.019,-2.21,480,0,0,0,1.3006,1.4351,DO_NOTHING,,0.0,-1.0,0.0,0.0,0.0
19.349,113.2,-2.0751,-2.075,1.761,-0.019,-2.21,480,0,0,0,1.2991,1.4335,DO_NOTHING,,0.0,-1.0,0.0,0.0,0.0
19.452,113.3,-2.0716,-2.075,1.6634,-0.019,-2.21,480,0,0,0,1.2994,1.4326,DO_NOTHING,,0.0,-1.0,0.0,0.0,0.0
19.559,113.4,-2.0666,-2.075,1.5597,-0.019,-2.21,480,0,0,0,1.2954,1.4257,DO_NOTHING,,0.0,-1.0,0.0,0.0,0.0
19.664,113.5,-2.0602,-2.075,1.4572,-0.019,-2.21,480,0,0,0,1.2905,1.4168,DO_NOTHING,,0.0,-1.0,0.0,0.0,0.0
19.763,113.6,-2.0528,-2.075,1.3607,-0.019,-2.21,480,0,0,0,1.2876,1.4092,DO_NOTHING,,0.0,-1.0,0.0,0.0,0.0
19.857,113.7,-2.0463,-2.075,1.2693,-0.019,-2.21,480,0,0,0,1.2833,1.399,DO_NOTHING,,0.0,-1.0,0.0,0.0,0.0
19.958,113.8,-2.0411,-2.075,1.1826,-0.019,-2.21,480,0,0,0,1.2799,1.3889,DO_NOTHING,,0.0,-1.0,0.0,0.0,0.0
20.058,113.9,-2.0369,-2.0745,1.1016,-0.019,-2.21,480,0,0,0,1.2837,1.3867,DO_NOTHING,,0.0158,-1.0,0.0158,0.0158,0.0158
20.157,114.0,-2.0335,-2.0732,1.0233,-0.019,-2.21,480,0,0,0,1.2758,1.3713,DO_NOTHING,,0.0158,-1.0,0.0158,0.0158,0.0158
20.258,114.1,-2.0318,-2.0722,0.9507,-0.019,-2.21,480,0,0,0,1.274,1.3633,DO_NOTHING,,0.0,-1.0,0.0,0.0,0.0
20.363,114.2,-2.0318,-2.0718,0.8819,-0.019,-2.21,480,0,0,0,1.2742,1.3559,DO_NOTHING,,0.0,-1.0,0.0,0.0,0.0
20.463,114.3,-2.0318,-2.0715,0.8077,-0.019,-2.21,480,0,0,0,1.2745,1.3483,DO_NOTHING,,0.0,-1.0,0.0,0.0,0.0
20.567,114.4,-2.0315,-2.0715,0.7307,-0.019,-2.21,480,0,0,0,1.271,1.3366,DO_NOTHING,,0.0,-1.0,0.0,0.0,0.0
20.666,114.5,-2.031,-2.0715,0.6587,-0.019,-2.21,480,0,0,0,1.2725,1.3295,DO_NOTHING,,0.0,-1.0,0.0,0.0,0.0
20.774,114.6,-2.0307,-2.0715,0.5921,-0.019,-2.21,480,0,0,0,1.271,1.3202,DO_NOTHING,,0.0,-1.0,0.0,0.0,0.0
20.863,114.7,-2.0302,-2.0714,0.5302,-0.019,-2.21,480,0,0,0,1.2753,1.3166,DO_NOTHING,,0.0,0.0,0.0,0.0,0.0
20.965,114.8,-2.03,-2.0714,0.4718,-0.019,-2.21,480,0,0,0,1.2743,1.3075,DO_NOTHING,,0.0,0.0,0.0,0.0,0.0
21.062,114.9,-2.03,-2.0725,0.4338,-0.019,-2.21,480,0,0,0,1.2725,1.3011,DO_NOTHING,,0.0,0.0,0.0,0.0,0.0
21.163,115.0,-2.03,-2.0731,0.4221,-0.019,-2.21,480,0,0,0,1.2718,1.2992,DO_NOTHING,,0.0,0.0,0.0,0.0,0.0
21.267,115.1,-2.03,-2.0731,0.4221,-0.019,-2.21,480,0,0,0,1.2718,1.2992,DO_NOTHING,,0.0,0.0,0.0,0.0,0.0
21.373,115.2,-2.03,-2.0731,0.4221,-0.019,-2.21,480,0,0,0,1.2718,1.2992,DO_NOTHING,,0.0,0.0,0.0,0.0,0.0
21.47,115.3,-2.03,-2.0731,0.4221,-0.019,-2.21,480,0,0,0,1.2718,1.2992,DO_NOTHING,,0.0,0.0,0.0,0.0,0.0
21.574,115.4,-2.03,-2.0731,0.4221,-0.019,-2.21,480,0,0,0,1.2718,1.2992,DO_NOTHING,,0.0,0.0,0.0,0.0,0.0
21.685,115.5,-2.03,-2.0731,0.4221,-0.019,-2.21,480,0,0,0,1.2718,1.2992,DO_NOTHING,,0.0,0.0,0.0,0.0,0.0
21.775,115.6,-2.03,-2.0731,0.4221,-0.019,-2.21,480,0,0,0,1.2718,1.2992,DO_NOTHING,,0.0,0.0,0.0,0.0,0.0
21.88,115.7,-2.03,-2.0731,0.4221,-0.019,-2.21,480,0,0,0,1.2718,1.2992,DO_NOTHING,,0.0,0.0,0.0,0.0,0.0
21.972,115.8,-2.03,-2.0731,0.4221,-0.019,-3.01,480,0,0,0,1.2718,1.2992,DO_NOTHING,,0.0,-1.0,0.0,0.0,0.0
22.079,115.9,-2.03,-2.0733,0.4138,-0.019,-3.01,480,0,0,0,1.2742,1.2996,DO_NOTHING,,0.0,-1.0,0.0,0.0,0.0
22.177,116.0,-2.0298,-2.0746,0.3762,-0.019,-3.01,480,0,0,0,1.2725,1.2929,DO_NOTHING,,0.0,-1.0,0.0,0.0,0.0
22.286,116.1,-2.0298,-2.0771,0.3124,-0.019,-3.01,480,0,0,0,1.2753,1.2875,DO_NOTHING,,0.0,-1.0,0.0,0.0,0.0
22.383,116.2,-2.0297,-2.0808,0.2225,-0.019,-3.01,480,0,0,0,1.2778,1.2781,DO_NOTHING,,0.0,-1.0,0.0,0.0,0.0
22.486,116.3,-2.0297,-2.086,0.1268,-0.019,-3.01,480,0,0,0,1.2845,1.2719,DO_NOTHING,,0.2526,-1.0,0.125,0.125,0.125
22.586,116.4,-2.0226,-2.0932,0.0327,-0.019,-3.01,480,0,0,0,1.2888,1.262,DO_NOTHING,,0.1421,-1.0,0.1421,0.1421,0.25
22.685,116.5,-2.0073,-2.101,-0.0671,-0.019,-3.01,480,0,0,0,1.2867,1.2456,DO_NOTHING,,0.3,-1.0,0.2671,0.2671,0.2671
22.785,116.6,-1.9877,-2.1105,-0.1532,-0.019,-3.01,480,0,0,0,1.2814,1.2262,DO_NOTHING,,0.2526,-1.0,0.2526,0.2526,0.2526
22.882,116.7,-1.9629,-2.1217,-0.2414,-0.019,-3.01,480,0,0,0,1.2782,1.2158,DO_NOTHING,,0.2842,-1.0,0.2842,0.2526,0.2526
22.984,116.8,-1.9372,-2.1347,-0.3248,-0.019,-3.01,480,0,0,0,1.2653,1.2038,DO_NOTHING,,0.3,-1.0,0.3,0.3,0.2842
23.084,116.9,-1.911,-2.149,-0.4002,-0.019,-3.01,480,0,0,0,1.2508,1.1886,DO_NOTHING,,0.2684,-1.0,0.2684,0.2684,0.2684
23.184,117.0,-1.8872,-2.1637,-0.4766,-0.019,-3.01,480,0,0,0,1.2363,1.1832,DO_NOTHING,,0.3,-1.0,0.3,0.3,0.3
23.292,117.1,-1.8645,-2.1785,-0.5373,-0.019,-3.01,480,0,0,0,1.2215,1.1791,DO_NOTHING,,0.2684,-1.0,0.2684,0.2684,0.2684
23.393,117.2,-1.8434,-2.1934,-0.6013,-0.019,-3.01,480,0,0,0,1.2066,1.1773,DO_NOTHING,,0.2842,-1.0,0.2842,0.2842,0.2842
23.498,117.3,-1.8226,-2.2101,-0.6686,-0.019,-3.01,480,0,0,0,1.1899,1.1822,DO_NOTHING,,0.2684,-1.0,0.2684,0.2684,0.2684
23.594,117.4,-1.8016,-2.2276,-0.7413,-0.019,-3.01,480,0,0,0,1.1724,1.1832,DO_NOTHING,,0.2842,-1.0,0.2842,0.2842,0.2684
23.694,117.5,-1.7814,-2.2474,-0.8184,-0.019,-3.01,480,0,0,0,1.1526,1.1915,DO_NOTHING,,0.3,-1.0,0.3,0.3,0.2842
23.793,117.6,-1.7619,-2.2693,-0.8918,-0.019,-3.01,480,0,0,0,1.1306,1.2193,DO_NOTHING,,0.2526,-1.0,0.2526,0.3,0.3
23.894,117.7,-1.746,-2.2899,-0.9614,-0.019,-3.01,480,0,0,0,1.1101,1.2412,DO_NOTHING,,0.3,-1.0,0.3,0.3,0.3
23.991,117.8,-1.7309,-2.3127,-1.0288,-0.019,-3.01,480,0,0,0,1.0873,1.216,DO_NOTHING,,0.3,-1.0,0.3,0.3,0.3
24.092,117.9,-1.7181,-2.3376,-1.0994,-0.019,-3.01,480,0,0,0,1.0623,1.188,DO_NOTHING,,0.3,-0.7949,0.3,0.3,0.3
24.2,118.0,-1.7082,-2.3641,-1.166,-0.019,-3.01,480,0,0,0,1.0358,1.158,DO_NOTHING,,0.3,-0.8974,0.3,0.3,0.3
24.294,118.1,-1.701,-2.3914,-1.2367,-0.019,-3.01,480,0,0,0,1.0085,1.1264,DO_NOTHING,,0.3,-0.7436,0.3,0.3,0.3
24.396,118.2,-1.6964,-2.42,-1.3058,-0.019,-3.01,480,0,0,0,0.9799,1.0931,DO_NOTHING,,0.3,-0.6923,0.3,0.3,0.3
24.495,118.3,-1.6933,-2.4492,-1.3705,-0.019,-3.01,480,0,0,0,0.9507,1.059,DO_NOTHING,,0.2842,-0.5385,0.2842,0.2842,0.2842
24.594,118.4,-1.6914,-2.4774,-1.4259,-0.019,-3.01,480,0,0,0,0.9226,1.0261,DO_NOTHING,,0.3,-0.8974,0.3,0.3,0.3
24.695,118.5,-1.6927,-2.5069,-1.4953,-0.019,-3.01,480,0,0,0,0.8929,0.9904,DO_NOTHING,,0.3,-0.5385,0.3,0.3,0.3
24.799,118.6,-1.6972,-2.5368,-1.5634,-0.019,-3.01,480,0,0,0,0.8629,0.9539,DO_NOTHING,,0.2842,-0.7436,0.2842,0.2842,0.2842
24.9,118.7,-1.7028,-2.5656,-1.633,-0.019,-3.01,480,0,0,0,0.8344,0.918,DO_NOTHING,,0.3,-0.5897,0.3,0.3,0.3
25.013,118.8,-1.7101,-2.5954,-1.693,-0.019,-3.01,480,0,0,0,0.8045,0.8818,DO_NOTHING,,0.2842,-0.4359,0.2842,0.2842,0.2842
25.1,118.9,-1.7178,-2.6236,-1.7362,-0.019,-3.01,480,0,0,0,0.7761,0.8488,DO_NOTHING,,0.3,-0.2821,0.3,0.3,0.3
25.209,119.0,-1.7253,-2.653,-1.764,-0.019,-3.01,480,0,0,0,0.7467,0.8162,DO_NOTHING,,0.2842,-0.2821,0.2842,0.2842,0.2842
25.3,119.1,-1.733,-2.6807,-1.7904,-0.019,-3.01,480,0,0,0,0.7192,0.7854,DO_NOTHING,,0.2684,-0.2821,0.2684,0.2684,0.2684
25.415,119.2,-1.7411,-2.7067,-1.8165,-0.019,-3.01,480,0,0,0,0.6931,0.7563,DO_NOTHING,,0.2526,-0.2821,0.2526,0.2526,0.2526
25.519,119.3,-1.7494,-2.7311,-1.8424,-0.019,-3.01,480,0,0,5,0.6685,0.7288,DO_NOTHING,,0.2526,-0.3846,0.2526,0.2526,0.2526
25.624,119.4,-1.7587,-2.7552,-1.8764,-0.019,-3.01,480,0,0,24,0.6445,0.7005,DO_NOTHING,,0.2368,-0.3846,0.2368,0.2368,0.2368
25.721,119.5,-1.7681,-2.7773,-1.9091,-0.019,-3.01,480,0,0,41,0.6224,0.6744,DO_NOTHING,,0.2211,-0.3333,0.2211,0.2211,0.2211
25.835,119.6,-1.7772,-2.7976,-1.9368,-0.019,-3.01,480,0,0,55,0.6019,0.6506,DO_NOTHING,,0.1895,-0.2821,0.2053,0.2053,0.2053
25.931,119.7,-1.786,-2.8163,-1.9608,-0.019,-3.01,480,0,0,67,0.5834,0.6289,DO_NOTHING,,0.1737,-0.2821,0.1895,0.1895,0.1895
26.051,119.8,-1.7961,-2.8365,-1.9891,-0.019,-3.01,480,0,0,78,0.5663,0.6089,DO_NOTHING,,0.1579,-0.2308,0.1737,0.1737,0.1737
26.138,119.9,-1.8025,-2.8488,-2.0067,-0.019,-3.01,480,0,0,87,0.5508,0.5906,DO_NOTHING,,0.1579,-0.2308,0.1579,0.1579,0.1579
26.242,120.0,-1.8101,-2.863,-2.0256,-0.019,-3.01,480,0,0,94,0.5365,0.5739,DO_NOTHING,,0.1421,-0.2308,0.1579,0.1579,0.1579
26.342,120.1,-1.8176,-2.8765,-2.0442,-0.019,-3.01,480,0,8,101,0.5232,0.558,SLOWDOWN,PolygonSlow,0.1263,-0.1795,0.1421,0.0426,0.0426
26.443,120.2,-1.8212,-2.8829,-2.0526,-0.019,-3.01,480,0,12,104,0.5169,0.5506,SLOWDOWN,PolygonSlow,0.1263,-0.1795,0.1263,0.0379,0.0379
26.54,120.3,-1.8232,-2.8862,-2.0568,-0.019,-3.01,480,0,13,106,0.5135,0.5467,SLOWDOWN,PolygonSlow,0.1263,-0.1795,0.1263,0.0379,0.0379
26.639,120.4,-1.8251,-2.8896,-2.0611,-0.019,-3.01,480,0,16,108,0.5102,0.5427,SLOWDOWN,PolygonSlow,0.1263,-0.1795,0.1263,0.0379,0.0379
26.74,120.5,-1.8271,-2.8929,-2.0654,-0.019,-3.01,480,0,17,110,0.507,0.5389,SLOWDOWN,PolygonSlow,0.1105,-0.1282,0.1263,0.0379,0.0379
26.849,120.6,-1.8289,-2.896,-2.0691,-0.019,-3.01,480,0,20,112,0.5038,0.5353,SLOWDOWN,PolygonSlow,0.1105,-0.1282,0.1105,0.0332,0.0332
26.947,120.7,-1.8306,-2.8989,-2.0721,-0.019,-3.01,480,0,21,114,0.5009,0.5319,SLOWDOWN,PolygonSlow,0.1105,-0.1795,0.1105,0.0332,0.0332
27.051,120.8,-1.8323,-2.9018,-2.0756,-0.019,-3.01,480,0,23,115,0.4979,0.5286,SLOWDOWN,PolygonSlow,0.1105,-0.1795,0.1105,0.0332,0.0332
27.141,120.9,-1.8341,-2.9047,-2.0799,-0.019,-3.01,480,0,25,116,0.495,0.5251,SLOWDOWN,PolygonSlow,0.1105,-0.1795,0.1105,0.0332,0.0332
27.247,121.0,-1.8358,-2.9076,-2.0841,-0.019,-3.01,480,0,27,118,0.4921,0.5217,SLOWDOWN,PolygonSlow,0.1105,-0.1795,0.1105,0.0332,0.0332
27.342,121.1,-1.8376,-2.9105,-2.0883,-0.019,-3.01,480,0,28,119,0.4892,0.5182,SLOWDOWN,PolygonSlow,0.1105,-0.1282,0.1105,0.0332,0.0332
27.446,121.2,-1.8394,-2.9134,-2.092,-0.019,-3.01,480,0,31,120,0.4863,0.5149,SLOWDOWN,PolygonSlow,0.0947,-0.0769,0.1105,0.0332,0.0332
27.543,121.3,-1.841,-2.9161,-2.0945,-0.019,-3.01,480,0,32,122,0.4836,0.5118,SLOWDOWN,PolygonSlow,0.0947,-0.1282,0.0947,0.0284,0.0284
27.641,121.4,-1.8425,-2.9186,-2.0968,-0.019,-3.01,480,0,34,124,0.4812,0.5091,SLOWDOWN,PolygonSlow,0.0947,-0.1282,0.0947,0.0284,0.0284
27.744,121.5,-1.844,-2.921,-2.0998,-0.019,-3.01,480,0,35,124,0.4787,0.5062,SLOWDOWN,PolygonSlow,0.0947,-0.1795,0.0947,0.0284,0.0284
27.85,121.6,-1.8456,-2.9235,-2.1034,-0.019,-3.01,480,0,37,126,0.4762,0.5033,SLOWDOWN,PolygonSlow,0.0947,-0.1795,0.0947,0.0284,0.0284
27.949,121.7,-1.8472,-2.9259,-2.1075,-0.019,-3.01,480,0,38,127,0.4738,0.5003,SLOWDOWN,PolygonSlow,0.0947,-0.1282,0.0947,0.0284,0.0284
28.063,121.8,-1.8487,-2.9283,-2.1112,-0.019,-3.01,480,0,40,129,0.4714,0.4974,SLOWDOWN,PolygonSlow,0.0947,-0.1282,0.0947,0.0284,0.0284
28.152,121.9,-1.8503,-2.9308,-2.1142,-0.019,-3.01,480,0,41,130,0.4689,0.4946,SLOWDOWN,PolygonSlow,0.0947,-0.1282,0.0947,0.0284,0.0284
28.258,122.0,-1.8518,-2.9332,-2.1171,-0.019,-3.01,480,0,43,131,0.4665,0.4917,SLOWDOWN,PolygonSlow,0.0789,-0.0256,0.0947,0.0284,0.0284
28.37,122.1,-1.8535,-2.9358,-2.119,-0.019,-3.01,480,0,44,132,0.4643,0.4893,SLOWDOWN,PolygonSlow,0.0789,-0.0769,0.0789,0.0237,0.0237
28.457,122.2,-1.8545,-2.9375,-2.1201,-0.019,-3.01,480,0,45,132,0.4623,0.4871,SLOWDOWN,PolygonSlow,0.0789,-0.1282,0.0789,0.0237,0.0237
28.571,122.3,-1.8561,-2.9399,-2.123,-0.019,-3.01,480,0,47,134,0.4602,0.4848,SLOWDOWN,PolygonSlow,0.0789,-0.1282,0.0789,0.0237,0.0237
28.656,122.4,-1.8571,-2.9415,-2.1253,-0.019,-3.01,480,0,47,134,0.4582,0.4824,SLOWDOWN,PolygonSlow,0.0789,-0.1795,0.0789,0.0237,0.0237
28.768,122.5,-1.8585,-2.9435,-2.1288,-0.019,-3.01,480,0,49,136,0.4562,0.4799,SLOWDOWN,PolygonSlow,0.0789,-0.1282,0.0789,0.0237,0.0237
28.866,122.6,-1.8598,-2.9455,-2.1321,-0.019,-3.01,480,0,50,137,0.4542,0.4775,SLOWDOWN,PolygonSlow,0.0789,-0.1282,0.0789,0.0237,0.0237
28.975,122.7,-1.8611,-2.9475,-2.135,-0.019,-3.01,480,0,52,138,0.4522,0.4751,SLOWDOWN,PolygonSlow,0.0789,-0.1282,0.0789,0.0237,0.0237
29.078,122.8,-1.8625,-2.9495,-2.1379,-0.019,-3.01,480,0,53,139,0.4502,0.4727,SLOWDOWN,PolygonSlow,0.0789,-0.1282,0.0789,0.0237,0.0237
29.181,122.9,-1.8638,-2.9515,-2.1409,-0.019,-3.01,480,0,53,140,0.4482,0.4703,SLOWDOWN,PolygonSlow,0.0789,-0.0769,0.0789,0.0237,0.0237
29.285,123.0,-1.8651,-2.9535,-2.1427,-0.019,-3.01,480,0,55,141,0.4462,0.4681,SLOWDOWN,PolygonSlow,0.0632,-0.0256,0.0632,0.0237,0.0237
29.387,123.1,-1.8663,-2.9552,-2.1437,-0.019,-3.01,480,0,56,142,0.4445,0.4662,SLOWDOWN,PolygonSlow,0.0632,-0.0256,0.0632,0.0189,0.0189
29.482,123.2,-1.8673,-2.9568,-2.1442,-0.019,-3.01,480,0,58,143,0.4429,0.4646,SLOWDOWN,PolygonSlow,0.0632,-0.0769,0.0632,0.0189,0.0189
29.584,123.3,-1.8684,-2.9584,-2.1458,-0.019,-3.01,480,0,58,144,0.4413,0.4628,SLOWDOWN,PolygonSlow,0.0632,-0.0769,0.0632,0.0189,0.0189
29.682,123.4,-1.8694,-2.96,-2.1476,-0.019,-3.01,480,0,59,145,0.4397,0.4609,SLOWDOWN,PolygonSlow,0.0632,-0.1282,0.0632,0.0189,0.0189
29.783,123.5,-1.8705,-2.9615,-2.1502,-0.019,-3.01,480,0,61,146,0.4381,0.459,SLOWDOWN,PolygonSlow,0.0632,-0.1282,0.0632,0.0189,0.0189
29.883,123.6,-1.8716,-2.9631,-2.1531,-0.019,-3.01,480,0,61,147,0.4365,0.457,SLOWDOWN,PolygonSlow,0.0632,-0.1282,0.0632,0.0189,0.0189
29.985,123.7,-1.8727,-2.9647,-2.156,-0.019,-3.01,480,0,63,147,0.4349,0.4551,SLOWDOWN,PolygonSlow,0.0632,-0.1282,0.0632,0.0189,0.0189
30.083,123.8,-1.8738,-2.9663,-2.1589,-0.019,-3.01,480,0,63,148,0.4333,0.4531,SLOWDOWN,PolygonSlow,0.0632,-0.1282,0.0632,0.0189,0.0189
30.18,123.9,-1.8749,-2.9679,-2.1617,-0.019,-3.01,480,0,63,148,0.4318,0.4512,SLOWDOWN,PolygonSlow,0.0632,-0.0769,0.0632,0.0189,0.0189
30.29,124.0,-1.876,-2.9694,-2.1637,-0.019,-3.01,480,0,65,149,0.4302,0.4493,SLOWDOWN,PolygonSlow,0.0632,-0.0769,0.0632,0.0189,0.0189
30.384,124.1,-1.8771,-2.971,-2.1654,-0.019,-3.01,480,0,66,149,0.4286,0.4475,SLOWDOWN,PolygonSlow,0.0632,-0.0769,0.0632,0.0189,0.0189
30.484,124.2,-1.8782,-2.9726,-2.1671,-0.019,-3.01,480,0,67,151,0.427,0.4457,SLOWDOWN,PolygonSlow,0.0474,0.0769,0.0474,0.0142,0.0189
30.582,124.3,-1.879,-2.9738,-2.1658,-0.019,-3.01,480,0,68,151,0.4258,0.4447,SLOWDOWN,PolygonSlow,0.0474,0.0,0.0474,0.0142,0.0142
30.683,124.4,-1.8798,-2.975,-2.1656,-0.019,-3.01,480,0,68,152,0.4247,0.4435,SLOWDOWN,PolygonSlow,0.0474,-0.0256,0.0474,0.0142,0.0142
30.784,124.5,-1.8806,-2.9761,-2.1661,-0.019,-3.01,480,0,69,153,0.4235,0.4423,SLOWDOWN,PolygonSlow,0.0474,-0.0256,0.0474,0.0142,0.0142
30.884,124.6,-1.8814,-2.9773,-2.1667,-0.019,-3.01,480,0,69,154,0.4223,0.441,SLOWDOWN,PolygonSlow,0.0474,-0.0769,0.0474,0.0142,0.0142
30.983,124.7,-1.8823,-2.9785,-2.1682,-0.019,-3.01,480,0,71,155,0.4211,0.4397,SLOWDOWN,PolygonSlow,0.0474,-0.0769,0.0474,0.0142,0.0142
31.086,124.8,-1.8831,-2.9797,-2.1699,-0.019,-3.01,480,0,71,155,0.4199,0.4383,SLOWDOWN,PolygonSlow,0.0474,-0.1282,0.0474,0.0142,0.0142
31.186,124.9,-1.8839,-2.9808,-2.1726,-0.019,-3.01,480,0,72,155,0.4188,0.4367,SLOWDOWN,PolygonSlow,0.0474,-0.1282,0.0474,0.0142,0.0142
31.286,125.0,-1.8848,-2.982,-2.1754,-0.019,-3.01,480,0,73,156,0.4176,0.4352,SLOWDOWN,PolygonSlow,0.0474,-0.1282,0.0474,0.0142,0.0142
31.389,125.1,-1.8856,-2.9832,-2.1783,-0.019,-3.01,480,0,74,157,0.4164,0.4337,SLOWDOWN,PolygonSlow,0.0474,-0.1282,0.0474,0.0142,0.0142
31.493,125.2,-1.8865,-2.9843,-2.1811,-0.019,-3.01,480,0,75,157,0.4153,0.4321,SLOWDOWN,PolygonSlow,0.0474,-0.1282,0.0474,0.0142,0.0142
31.598,125.3,-1.8873,-2.9855,-2.184,-0.019,-3.01,480,0,75,158,0.4141,0.4306,SLOWDOWN,PolygonSlow,0.0474,-0.1795,0.0474,0.0142,0.0142
31.711,125.4,-1.8883,-2.9868,-2.1882,-0.019,-3.01,480,0,75,158,0.413,0.429,SLOWDOWN,PolygonSlow,0.0474,-0.1795,0.0474,0.0142,0.0142
31.797,125.5,-1.889,-2.9877,-2.191,-0.019,-3.01,480,0,76,159,0.4119,0.4274,SLOWDOWN,PolygonSlow,0.0474,-0.1795,0.0474,0.0142,0.0142
31.918,125.6,-1.89,-2.989,-2.1953,-0.019,-3.01,480,0,76,160,0.4108,0.4259,SLOWDOWN,PolygonSlow,0.0474,-0.1795,0.0474,0.0142,0.0142
31.998,125.7,-1.8906,-2.9899,-2.1982,-0.019,-3.01,480,0,78,160,0.4097,0.4243,SLOWDOWN,PolygonSlow,0.0474,-0.1795,0.0474,0.0142,0.0142
32.111,125.8,-1.8915,-2.991,-2.2018,-0.019,-3.01,480,0,78,161,0.4087,0.4227,SLOWDOWN,PolygonSlow,0.0474,-0.1795,0.0474,0.0142,0.0142
32.208,125.9,-1.8923,-2.9921,-2.2054,-0.019,-3.01,480,0,78,162,0.4076,0.4211,SLOWDOWN,PolygonSlow,0.0474,-0.1795,0.0474,0.0142,0.0142
32.331,126.0,-1.8932,-2.9932,-2.209,-0.019,-3.01,480,0,80,162,0.4065,0.4195,SLOWDOWN,PolygonSlow,0.0474,-0.1795,0.0474,0.0142,0.0142
32.43,126.1,-1.894,-2.9943,-2.2127,-0.019,-3.01,480,0,80,163,0.4054,0.4179,SLOWDOWN,PolygonSlow,0.0474,-0.1795,0.0474,0.0142,0.0142
32.541,126.2,-1.895,-2.9956,-2.2171,-0.019,-3.01,480,0,81,163,0.4043,0.4164,SLOWDOWN,PolygonSlow,0.0474,-0.1795,0.0474,0.0142,0.0142
32.632,126.3,-1.8957,-2.9965,-2.22,-0.019,-3.01,480,0,81,163,0.4032,0.4148,SLOWDOWN,PolygonSlow,0.0474,-0.1795,0.0474,0.0142,0.0142
32.735,126.4,-1.8966,-2.9976,-2.2237,-0.019,-3.01,480,0,83,164,0.402,0.4132,SLOWDOWN,PolygonSlow,0.0474,-0.1795,0.0474,0.0142,0.0142
32.844,126.5,-1.8976,-2.9989,-2.2282,-0.019,-3.01,480,0,83,165,0.4009,0.4116,SLOWDOWN,PolygonSlow,0.0474,-0.1795,0.0474,0.0142,0.0142
32.936,126.6,-1.8983,-2.9998,-2.2311,-0.019,-3.01,480,0,84,166,0.3998,0.41,SLOWDOWN,PolygonSlow,0.0474,-0.1795,0.0474,0.0142,0.0142
33.037,126.7,-1.8992,-3.0009,-2.2349,-0.019,-3.01,480,0,84,166,0.3987,0.4084,SLOWDOWN,PolygonSlow,0.0474,-0.1795,0.0474,0.0142,0.0142
33.142,126.8,-1.9,-3.0019,-2.2384,-0.019,-3.01,480,0,85,167,0.3977,0.4068,SLOWDOWN,PolygonSlow,0.0316,-0.1282,0.0316,0.0095,0.0095
33.239,126.9,-1.9006,-3.0027,-2.2411,-0.019,-3.01,480,0,86,167,0.3969,0.4057,SLOWDOWN,PolygonSlow,0.0316,-0.1282,0.0316,0.0095,0.0095
33.339,127.0,-1.9012,-3.0034,-2.2438,-0.019,-3.01,480,0,86,168,0.3962,0.4046,SLOWDOWN,PolygonSlow,0.0316,-0.1282,0.0316,0.0095,0.0095
33.441,127.1,-1.9018,-3.0041,-2.2465,-0.019,-3.01,480,0,86,168,0.3955,0.4035,SLOWDOWN,PolygonSlow,0.0316,-0.1282,0.0316,0.0095,0.0095
33.546,127.2,-1.9024,-3.0049,-2.2493,-0.019,-3.01,480,0,87,168,0.3947,0.4024,SLOWDOWN,PolygonSlow,0.0316,-0.1282,0.0316,0.0095,0.0095
33.636,127.3,-1.903,-3.0056,-2.252,-0.019,-3.01,480,0,87,169,0.394,0.4013,SLOWDOWN,PolygonSlow,0.0316,-0.1282,0.0316,0.0095,0.0095
33.743,127.4,-1.9036,-3.0064,-2.2547,-0.019,-3.01,480,0,88,169,0.3933,0.4002,SLOWDOWN,PolygonSlow,0.0316,-0.1282,0.0316,0.0095,0.0095
33.838,127.5,-1.9042,-3.0071,-2.2574,-0.019,-3.01,480,0,89,169,0.3925,0.3991,SLOWDOWN,PolygonSlow,0.0316,-0.1282,0.0316,0.0095,0.0095
33.937,127.6,-1.9048,-3.0078,-2.2602,-0.019,-3.01,480,0,89,170,0.3918,0.398,SLOWDOWN,PolygonSlow,0.0316,-0.1282,0.0316,0.0095,0.0095
34.037,127.7,-1.9054,-3.0086,-2.2629,-0.019,-3.01,480,0,89,171,0.3911,0.3969,SLOWDOWN,PolygonSlow,0.0316,-0.1282,0.0316,0.0095,0.0095
34.136,127.8,-1.906,-3.0093,-2.2657,-0.019,-3.01,480,0,90,171,0.3904,0.3958,SLOWDOWN,PolygonSlow,0.0316,-0.1282,0.0316,0.0095,0.0095
34.237,127.9,-1.9066,-3.0101,-2.2685,-0.019,-3.01,480,0,90,172,0.3896,0.3947,SLOWDOWN,PolygonSlow,0.0316,-0.1282,0.0316,0.0095,0.0095
34.34,128.0,-1.9072,-3.0108,-2.2713,0.03,-2.98,480,0,91,172,0.3889,0.3935,SLOWDOWN,PolygonSlow,0.0,1.0,0.0316,0.0095,0.0095
34.443,128.1,-1.9076,-3.0113,-2.2731,0.03,-2.98,480,0,91,173,0.3884,0.3928,SLOWDOWN,PolygonSlow,0.0,1.0,0.0,0.0,0.0
34.548,128.2,-1.9076,-3.0113,-2.2676,0.03,-2.98,480,0,91,172,0.3884,0.3935,SLOWDOWN,PolygonSlow,0.0,1.0,0.0,0.0,0.0
34.651,128.3,-1.9076,-3.0112,-2.2554,0.03,-2.98,480,0,92,172,0.3884,0.3952,SLOWDOWN,PolygonSlow,0.0,1.0,0.0,0.0,0.0
34.772,128.4,-1.9076,-3.0113,-2.2328,0.03,-2.98,480,0,92,173,0.3884,0.3977,SLOWDOWN,PolygonSlow,0.0,1.0,0.0,0.0,0.0
34.856,128.5,-1.9076,-3.0114,-2.2163,0.03,-2.98,480,0,91,172,0.3882,0.4004,SLOWDOWN,PolygonSlow,0.0,1.0,0.0,0.0,0.0
34.962,128.6,-1.9076,-3.0116,-2.196,0.03,-2.98,480,0,92,173,0.388,0.4028,SLOWDOWN,PolygonSlow,0.0,1.0,0.0,0.0,0.0
35.076,128.7,-1.9076,-3.012,-2.1724,0.03,-2.98,480,0,92,172,0.3878,0.4052,SLOWDOWN,PolygonSlow,0.0,1.0,0.0,0.0,0.0
35.162,128.8,-1.9076,-3.0122,-2.1567,0.03,-2.98,480,0,92,173,0.3875,0.4075,SLOWDOWN,PolygonSlow,0.0,1.0,0.0,0.0,0.0
35.276,128.9,-1.9072,-3.0125,-2.1314,0.028,-2.982,480,0,93,174,0.3873,0.41,SLOWDOWN,PolygonSlow,0.0,1.0,0.0,0.0,0.0
35.362,129.0,-1.9068,-3.0125,-2.1132,0.028,-2.982,480,0,93,173,0.3871,0.413,SLOWDOWN,PolygonSlow,0.0,1.0,0.0,0.0,0.0
35.474,129.1,-1.906,-3.0125,-2.0899,0.028,-2.982,480,0,92,174,0.3871,0.4161,SLOWDOWN,PolygonSlow,0.0,1.0,0.0,0.0,0.0
35.575,129.2,-1.9052,-3.0125,-2.0663,0.028,-2.982,480,0,93,176,0.3872,0.4192,SLOWDOWN,PolygonSlow,0.0,1.0,0.0,0.0,0.0
35.695,129.3,-1.9043,-3.0125,-2.0424,0.028,-2.982,480,0,93,177,0.3871,0.4223,SLOWDOWN,PolygonSlow,0.0,1.0,0.0,0.0,0.0
35.795,129.4,-1.9032,-3.0125,-2.0181,0.028,-2.982,480,0,94,177,0.3872,0.4254,SLOWDOWN,PolygonSlow,0.0,1.0,0.0,0.0,0.0
35.893,129.5,-1.9021,-3.0125,-1.9934,0.028,-2.982,480,0,95,179,0.3872,0.4286,SLOWDOWN,PolygonSlow,0.0,1.0,0.0,0.0,0.0
35.992,129.6,-1.9008,-3.0125,-1.9684,0.028,-2.982,480,0,94,181,0.3871,0.4318,SLOWDOWN,PolygonSlow,0.0,1.0,0.0,0.0,0.0
36.095,129.7,-1.8994,-3.0125,-1.943,0.028,-2.982,480,0,94,183,0.3872,0.435,SLOWDOWN,PolygonSlow,0.0,1.0,0.0,0.0,0.0
36.192,129.8,-1.8979,-3.0125,-1.9172,0.028,-2.982,480,0,95,186,0.3873,0.4382,SLOWDOWN,PolygonSlow,0.0,1.0,0.0,0.0,0.0
36.293,129.9,-1.8963,-3.0125,-1.891,0.028,-2.982,480,0,97,189,0.3871,0.4415,SLOWDOWN,PolygonSlow,0.0,1.0,0.0,0.0,0.0
36.392,130.0,-1.8946,-3.0125,-1.8644,-0.019,-3.01,480,0,96,192,0.3872,0.4447,SLOWDOWN,PolygonSlow,0.0316,-1.0,0.0316,0.0,0.0
36.492,130.1,-1.8933,-3.0132,-1.8423,-0.019,-3.01,480,0,98,195,0.3867,0.4467,SLOWDOWN,PolygonSlow,0.0316,-1.0,0.0316,0.0095,0.0095
36.594,130.2,-1.8926,-3.0141,-1.8289,-0.019,-3.01,480,0,100,196,0.3857,0.4474,SLOWDOWN,PolygonSlow,0.0316,-1.0,0.0316,0.0095,0.0095
36.706,130.3,-1.8925,-3.015,-1.8241,-0.019,-3.01,480,0,101,197,0.3847,0.4471,SLOWDOWN,PolygonSlow,0.0316,-1.0,0.0316,0.0095,0.0095
36.806,130.4,-1.893,-3.0159,-1.8292,-0.019,-3.01,480,0,101,196,0.3839,0.4455,SLOWDOWN,PolygonSlow,0.0316,-1.0,0.0316,0.0095,0.0095
36.901,130.5,-1.8942,-3.0168,-1.8428,-0.019,-3.01,480,0,102,197,0.3831,0.443,SLOWDOWN,PolygonSlow,0.0316,-1.0,0.0316,0.0095,0.0095
37.001,130.6,-1.8959,-3.0177,-1.8648,-0.019,-3.01,480,0,102,194,0.3819,0.4394,SLOWDOWN,PolygonSlow,0.0316,-1.0,0.0316,0.0095,0.0095
37.1,130.7,-1.8979,-3.0186,-1.8912,-0.019,-3.01,480,0,102,192,0.3809,0.4353,SLOWDOWN,PolygonSlow,0.0158,-0.8974,0.0158,0.0047,0.0047
37.202,130.8,-1.8995,-3.0191,-1.9147,-0.019,-3.01,480,0,101,189,0.3806,0.432,SLOWDOWN,PolygonSlow,0.0158,-0.8974,0.0158,0.0047,0.0047
37.302,130.9,-1.9011,-3.0195,-1.9379,-0.019,-3.01,480,0,101,187,0.3803,0.4286,SLOWDOWN,PolygonSlow,0.0158,-0.8974,0.0158,0.0047,0.0047
37.403,131.0,-1.9025,-3.0199,-1.9608,-0.019,-3.01,480,0,100,186,0.3797,0.4253,SLOWDOWN,PolygonSlow,0.0158,-0.8974,0.0158,0.0047,0.0047
37.501,131.1,-1.9039,-3.0204,-1.9834,-0.019,-3.01,480,0,101,184,0.3792,0.422,SLOWDOWN,PolygonSlow,0.0158,-0.8974,0.0158,0.0047,0.0047
37.603,131.2,-1.9052,-3.0208,-2.0055,-0.019,-3.01,480,0,100,183,0.3789,0.4187,SLOWDOWN,PolygonSlow,0.0474,-0.9487,0.0474,0.0142,0.0142
37.702,131.3,-1.9068,-3.0221,-2.0284,-0.019,-3.01,480,0,100,183,0.3776,0.4145,SLOWDOWN,PolygonSlow,0.0474,-0.9487,0.0474,0.0142,0.0142
37.804,131.4,-1.9083,-3.0233,-2.0513,-0.019,-3.01,480,0,101,182,0.3762,0.4103,SLOWDOWN,PolygonSlow,0.0158,-1.0,0.0158,0.0047,0.0047
37.905,131.5,-1.9094,-3.0237,-2.075,-0.019,-3.01,480,0,101,180,0.3759,0.4067,SLOWDOWN,PolygonSlow,0.0158,-1.0,0.0158,0.0047,0.0047
38.009,131.6,-1.9105,-3.0242,-2.0985,-0.019,-3.01,480,0,100,180,0.3754,0.4032,SLOWDOWN,PolygonSlow,0.0158,-1.0,0.0158,0.0047,0.0047
38.112,131.7,-1.9114,-3.0246,-2.1217,-0.019,-3.01,480,0,101,179,0.375,0.3998,SLOWDOWN,PolygonSlow,0.0158,-1.0,0.0158,0.0047,0.0047
38.212,131.8,-1.9122,-3.025,-2.1445,-0.019,-3.01,480,0,100,180,0.3747,0.3964,SLOWDOWN,PolygonSlow,0.0,-1.0,0.0,0.0,0.0
38.318,131.9,-1.9126,-3.025,-2.1669,-0.019,-3.01,480,0,100,180,0.3747,0.3934,SLOWDOWN,PolygonSlow,0.0,-1.0,0.0,0.0,0.0
38.432,132.0,-1.913,-3.025,-2.1927,-0.019,-3.01,480,0,101,180,0.3748,0.3905,SLOWDOWN,PolygonSlow,0.0158,-1.0,0.0158,0.0047,0.0047
38.518,132.1,-1.9132,-3.025,-2.2087,-0.019,-3.01,480,0,101,179,0.3746,0.3877,SLOWDOWN,PolygonSlow,0.0158,-1.0,0.0158,0.0047,0.0047
38.632,132.2,-1.9136,-3.0253,-2.2334,-0.019,-3.01,480,0,100,181,0.3744,0.3848,SLOWDOWN,PolygonSlow,0.0158,-1.0,0.0158,0.0047,0.0047
38.719,132.3,-1.9138,-3.0256,-2.2502,-0.019,-3.01,480,0,101,180,0.374,0.3816,SLOWDOWN,PolygonSlow,0.0158,-1.0,0.0158,0.0047,0.0047
38.832,132.4,-1.9141,-3.026,-2.2717,-0.019,-3.01,480,0,100,181,0.3736,0.3783,SLOWDOWN,PolygonSlow,0.0474,-1.0,0.0158,0.0047,0.0047
38.93,132.5,-1.9146,-3.0267,-2.2937,-0.019,-3.01,480,0,101,182,0.3731,0.3747,SLOWDOWN,PolygonSlow,0.0474,-1.0,0.0474,0.0142,0.0142
39.037,132.6,-1.9156,-3.0277,-2.3161,-0.019,-3.01,480,0,101,183,0.372,0.3706,SLOWDOWN,PolygonSlow,0.0474,-1.0,0.0474,0.0142,0.0142
39.144,132.7,-1.9165,-3.029,-2.3391,-0.019,-3.01,480,0,103,185,0.3707,0.3663,SLOWDOWN,PolygonSlow,0.0474,-1.0,0.0474,0.0142,0.0142
39.248,132.8,-1.9175,-3.03,-2.3625,-0.019,-3.01,480,0,103,187,0.3697,0.3621,SLOWDOWN,PolygonSlow,0.0474,-1.0,0.0474,0.0142,0.0142
39.343,132.9,-1.9187,-3.031,-2.3857,-0.019,-3.01,480,0,104,187,0.3688,0.358,SLOWDOWN,PolygonSlow,0.0474,-1.0,0.0474,0.0142,0.0142
39.457,133.0,-1.92,-3.032,-2.4084,-0.019,-3.01,480,0,105,190,0.3677,0.354,SLOWDOWN,PolygonSlow,0.0474,-1.0,0.0474,0.0142,0.0142
39.566,133.1,-1.9213,-3.0329,-2.4306,-0.019,-3.01,480,0,107,192,0.3668,0.3501,SLOWDOWN,PolygonSlow,0.0316,-0.8462,0.0474,0.0142,0.0142
39.663,133.2,-1.9224,-3.0337,-2.4508,-0.019,-3.01,480,0,107,194,0.3662,0.3466,SLOWDOWN,PolygonSlow,0.0316,-1.0,0.0316,0.0095,0.0095
39.762,133.3,-1.9231,-3.0343,-2.4707,-0.019,-3.01,480,0,107,195,0.3656,0.3434,SLOWDOWN,PolygonSlow,0.0316,-1.0,0.0316,0.0095,0.0095
39.871,133.4,-1.924,-3.0348,-2.4915,-0.019,-3.01,480,0,109,199,0.3651,0.34,SLOWDOWN,PolygonSlow,0.0316,-1.0,0.0316,0.0095,0.0095
39.97,133.5,-1.925,-3.0354,-2.5118,-0.019,-3.01,480,0,110,200,0.3644,0.3368,SLOWDOWN,PolygonSlow,0.0316,-1.0,0.0316,0.0095,0.0095
40.074,133.6,-1.9261,-3.036,-2.5317,-0.019,-3.01,480,0,111,203,0.3638,0.3336,SLOWDOWN,PolygonSlow,0.0316,-1.0,0.0316,0.0095,0.0095
40.174,133.7,-1.9272,-3.0365,-2.5514,-0.019,-3.01,480,0,112,204,0.3632,0.3305,SLOWDOWN,PolygonSlow,0.0316,-1.0,0.0316,0.0095,0.0095
40.281,133.8,-1.9283,-3.0368,-2.5722,-0.019,-3.01,480,0,112,207,0.3629,0.3275,SLOWDOWN,PolygonSlow,0.0316,-1.0,0.0316,0.0095,0.0095
40.38,133.9,-1.9292,-3.0368,-2.5944,-0.019,-3.01,480,0,113,210,0.363,0.3246,SLOWDOWN,PolygonSlow,0.0316,-0.9487,0.0316,0.0095,0.0095
40.484,134.0,-1.9302,-3.0366,-2.6214,-0.019,-3.01,480,0,115,213,0.3631,0.3219,SLOWDOWN,PolygonSlow,0.0316,-0.9487,0.0316,0.0095,0.0095
40.573,134.1,-1.9308,-3.0363,-2.6392,-0.019,-3.01,480,0,115,214,0.3634,0.3194,SLOWDOWN,PolygonSlow,0.0316,-0.8974,0.0316,0.0095,0.0095
40.67,134.2,-1.9317,-3.036,-2.6611,-0.019,-3.01,480,0,115,218,0.364,0.317,SLOWDOWN,PolygonSlow,0.0947,-1.0,0.0316,0.0095,0.0095
40.77,134.3,-1.9335,-3.0359,-2.6841,-0.019,-3.01,480,0,117,222,0.3641,0.3141,SLOWDOWN,PolygonSlow,0.0947,-1.0,0.0947,0.0284,0.0284
40.868,134.4,-1.936,-3.036,-2.7086,-0.019,-3.01,480,0,120,226,0.3638,0.311,SLOWDOWN,PolygonSlow,0.0947,-0.9487,0.0947,0.0284,0.0284
40.97,134.5,-1.9386,-3.036,-2.7327,-0.019,-3.01,480,0,121,229,0.3638,0.308,SLOWDOWN,PolygonSlow,0.0947,-0.8974,0.0947,0.0284,0.0284
41.069,134.6,-1.9412,-3.0359,-2.7559,-0.019,-3.01,480,0,122,228,0.3639,0.3053,SLOWDOWN,PolygonSlow,0.0789,-1.0,0.0947,0.0284,0.0284
41.168,134.7,-1.9436,-3.0355,-2.7802,-0.019,-3.01,480,0,125,226,0.3643,0.3028,SLOWDOWN,PolygonSlow,0.0789,-1.0,0.0789,0.0237,0.0237
41.27,134.8,-1.9459,-3.0348,-2.8062,-0.019,-3.01,480,0,127,223,0.365,0.3004,SLOWDOWN,PolygonSlow,0.0789,-1.0,0.0789,0.0237,0.0237
41.369,134.9,-1.9481,-3.0339,-2.8325,-0.019,-3.01,480,0,129,221,0.366,0.2983,SLOWDOWN,PolygonSlow,0.0789,-1.0,0.0789,0.0237,0.0237
41.473,135.0,-1.9504,-3.0328,-2.8593,-0.019,-3.01,480,0,132,218,0.367,0.2963,SLOWDOWN,PolygonSlow,0.0789,-1.0,0.0789,0.0237,0.0237
41.572,135.1,-1.9527,-3.0315,-2.8865,-0.019,-3.01,480,0,134,216,0.3683,0.2944,SLOWDOWN,PolygonSlow,0.0632,-1.0,0.0789,0.0237,0.0237
41.674,135.2,-1.9546,-3.03,-2.9141,-0.019,-3.01,480,0,137,213,0.3698,0.2929,SLOWDOWN,PolygonSlow,0.0632,-0.8974,0.0632,0.0189,0.0189
41.791,135.3,-1.9565,-3.0285,-2.9401,-0.019,-3.01,480,0,140,211,0.3713,0.2916,SLOWDOWN,PolygonSlow,0.0632,-0.8462,0.0632,0.0189,0.0189
41.877,135.4,-1.9584,-3.0269,-2.9645,-0.019,-3.01,480,0,143,209,0.3729,0.2905,SLOWDOWN,PolygonSlow,0.0632,-0.7949,0.0632,0.0189,0.0189
42.001,135.5,-1.9602,-3.0254,-2.9878,-0.019,-3.01,480,0,148,206,0.3744,0.2896,SLOWDOWN,PolygonSlow,0.0632,-0.7436,0.0632,0.0189,0.0189
42.079,135.6,-1.9621,-3.0238,-3.0098,-0.019,-3.01,480,0,154,205,0.3759,0.2888,SLOWDOWN,PolygonSlow,0.0632,-1.0,0.0632,0.0189,0.0189
42.185,135.7,-1.9636,-3.022,-3.0346,-0.019,-3.01,480,0,161,202,0.3777,0.2882,SLOWDOWN,PolygonSlow,0.0,0.0,0.0,0.0,0.0
42.3,135.8,-1.9636,-3.0206,-3.0514,-0.019,-3.01,480,0,172,201,0.3791,0.2879,SLOWDOWN,PolygonSlow,0.0,0.0,0.0,0.0,0.0
42.392,135.9,-1.9636,-3.02,-3.0582,-0.019,-3.01,480,0,174,200,0.3797,0.2878,SLOWDOWN,PolygonSlow,0.0789,-0.7436,0.0789,0.0237,0.0237
42.492,136.0,-1.9657,-3.0194,-3.0674,-0.019,-3.01,480,0,181,199,0.3803,0.2875,SLOWDOWN,PolygonSlow,0.0632,-0.641,0.0632,0.0237,0.0237
42.601,136.1,-1.9676,-3.0181,-3.0855,-0.019,-3.01,480,0,184,197,0.3816,0.2871,SLOWDOWN,PolygonSlow,0.0632,-0.641,0.0632,0.0189,0.0189
42.699,136.2,-1.9695,-3.0164,-3.1054,-0.019,-3.01,480,0,183,195,0.3833,0.2869,SLOWDOWN,PolygonSlow,0.0632,-0.641,0.0632,0.0189,0.0189
42.802,136.3,-1.9714,-3.0147,-3.1255,-0.019,-3.01,480,0,181,194,0.3851,0.2868,SLOWDOWN,PolygonSlow,0.0632,-0.641,0.0632,0.0189,0.0189
42.901,136.4,-1.9733,-3.0129,3.1373,-0.019,-3.01,480,0,179,191,0.3869,0.2867,SLOWDOWN,PolygonSlow,0.0632,-0.641,0.0632,0.0189,0.0189
43.003,136.5,-1.9752,-3.011,3.117,-0.019,-3.01,480,0,177,189,0.3887,0.2868,SLOWDOWN,PolygonSlow,0.0632,-0.641,0.0632,0.0189,0.0189
43.1,136.6,-1.9771,-3.0092,3.0969,-0.019,-3.01,480,0,147,188,0.3905,0.2869,SLOWDOWN,PolygonSlow,0.0632,-0.641,0.0632,0.0189,0.0189
43.201,136.7,-1.979,-3.0074,3.0771,-0.019,-3.01,480,0,126,186,0.3924,0.2871,SLOWDOWN,PolygonSlow,0.0632,-0.641,0.0632,0.0189,0.0189
43.301,136.8,-1.9809,-3.0055,3.0576,-0.019,-3.01,480,0,111,184,0.3942,0.2873,SLOWDOWN,PolygonSlow,0.0632,-0.5897,0.0632,0.0189,0.0189
43.407,136.9,-1.9827,-3.0038,3.0398,-0.019,-3.01,480,0,101,182,0.3959,0.2875,SLOWDOWN,PolygonSlow,0.0474,-0.4872,0.0474,0.0142,0.0142
43.502,137.0,-1.9842,-3.0025,3.0252,-0.019,-3.01,480,0,93,181,0.3974,0.2878,SLOWDOWN,PolygonSlow,0.0474,-0.4872,0.0474,0.0142,0.0142
43.602,137.1,-1.9856,-3.0011,3.0108,-0.019,-3.01,480,0,88,179,0.3987,0.288,SLOWDOWN,PolygonSlow,0.0474,-0.7949,0.0474,0.0142,0.0142
43.702,137.2,-1.987,-2.9993,2.9903,-0.019,-3.01,480,0,82,177,0.4005,0.2883,SLOWDOWN,PolygonSlow,0.0474,-0.7949,0.0474,0.0142,0.0142
43.801,137.3,-1.9884,-2.9972,2.9673,-0.019,-3.01,480,0,75,175,0.4025,0.2887,SLOWDOWN,PolygonSlow,0.0474,-0.7949,0.0474,0.0142,0.0142
43.901,137.4,-1.9898,-2.9952,2.9447,-0.019,-3.01,480,0,70,173,0.4046,0.2891,SLOWDOWN,PolygonSlow,0.0474,-0.7949,0.0474,0.0142,0.0142
44.002,137.5,-1.9912,-2.9932,2.9223,-0.019,-3.01,480,0,66,171,0.4067,0.2896,SLOWDOWN,PolygonSlow,0.0474,-0.7436,0.0474,0.0142,0.0142
44.103,137.6,-1.9926,-2.9913,2.9016,-0.019,-3.01,480,0,62,168,0.4085,0.2901,SLOWDOWN,PolygonSlow,0.0474,-0.7436,0.0474,0.0142,0.0142
44.202,137.7,-1.9939,-2.9895,2.8811,-0.019,-3.01,480,0,59,163,0.4104,0.2907,SLOWDOWN,PolygonSlow,0.0474,-0.7436,0.0474,0.0142,0.0142
44.303,137.8,-1.9953,-2.9877,2.8609,-0.019,-3.01,480,0,56,157,0.4121,0.2912,SLOWDOWN,PolygonSlow,0.0316,-0.641,0.0316,0.0095,0.0095
44.403,137.9,-1.9962,-2.9863,2.8437,-0.019,-3.01,480,0,54,152,0.4135,0.2917,SLOWDOWN,PolygonSlow,0.0474,-0.2308,0.0474,0.0142,0.0142
44.501,138.0,-1.9976,-2.9851,2.8324,-0.019,-3.01,480,0,52,150,0.4148,0.2922,SLOWDOWN,PolygonSlow,0.0474,-0.2308,0.0474,0.0142,0.0142
44.603,138.1,-1.9989,-2.9843,2.8263,-0.019,-3.01,480,0,51,148,0.4155,0.2927,SLOWDOWN,PolygonSlow,0.0474,-0.1795,0.0474,0.0142,0.0142
44.703,138.2,-2.0003,-2.9836,2.8216,-0.019,-3.01,480,0,50,147,0.4163,0.2932,SLOWDOWN,PolygonSlow,0.0316,-0.2821,0.0316,0.0095,0.0095
44.807,138.3,-2.0012,-2.9828,2.8142,-0.019,-3.01,480,0,49,146,0.417,0.2936,SLOWDOWN,PolygonSlow,0.0316,-0.2821,0.0316,0.0095,0.0095
44.908,138.4,-2.002,-2.9821,2.8067,-0.019,-3.01,480,0,48,144,0.4177,0.2939,SLOWDOWN,PolygonSlow,0.0,-1.0,0.0,0.0,0.0
45.013,138.5,-2.002,-2.9813,2.7925,-0.019,-3.01,480,0,47,141,0.4186,0.2939,SLOWDOWN,PolygonSlow,0.0,-1.0,0.0,0.0,0.0
45.128,138.6,-2.002,-2.9798,2.7649,-0.019,-3.01,480,0,45,135,0.4198,0.2941,SLOWDOWN,PolygonSlow,0.0,-1.0,0.0,0.0,0.0
45.213,138.7,-2.002,-2.9787,2.7446,-0.019,-3.01,480,0,43,130,0.4212,0.2943,SLOWDOWN,PolygonSlow,0.0,-1.0,0.0,0.0,0.0
45.341,138.8,-2.002,-2.9771,2.7146,-0.019,-3.01,480,0,41,124,0.4225,0.2945,SLOWDOWN,PolygonSlow,0.0,-1.0,0.0,0.0,0.0
45.424,138.9,-2.002,-2.9762,2.6949,-0.019,-3.01,480,0,39,120,0.4237,0.2947,SLOWDOWN,PolygonSlow,0.0,-1.0,0.0,0.0,0.0
45.534,139.0,-2.002,-2.9752,2.6706,-0.019,-3.01,480,0,37,116,0.4248,0.2949,SLOWDOWN,PolygonSlow,0.0,-1.0,0.0,0.0,0.0
45.623,139.1,-2.002,-2.9742,2.6466,-0.019,-3.01,480,0,36,111,0.4257,0.295,SLOWDOWN,PolygonSlow,0.0,-1.0,0.0,0.0,0.0
45.737,139.2,-2.0022,-2.9734,2.6239,-0.019,-3.01,480,0,34,107,0.4266,0.2952,SLOWDOWN,PolygonSlow,0.0316,-0.1282,0.0316,0.0095,0.0095
45.836,139.3,-2.003,-2.9724,2.6087,-0.019,-3.01,480,0,33,105,0.4275,0.2958,SLOWDOWN,PolygonSlow,0.0316,-0.1282,0.0316,0.0095,0.0095
45.947,139.4,-2.0038,-2.9717,2.6009,-0.019,-3.01,480,0,32,102,0.4282,0.2963,SLOWDOWN,PolygonSlow,0.0316,-0.0769,0.0316,0.0095,0.0095
46.044,139.5,-2.0046,-2.9711,2.5984,-0.019,-3.01,480,0,32,102,0.4288,0.2968,SLOWDOWN,PolygonSlow,0.0,-1.0,0.0316,0.0095,0.0095
46.156,139.6,-2.005,-2.9708,2.595,-0.019,-3.01,480,0,31,101,0.4291,0.2971,SLOWDOWN,PolygonSlow,0.0,-1.0,0.0,0.0,0.0
46.255,139.7,-2.005,-2.9706,2.5849,-0.019,-3.01,480,0,31,100,0.4294,0.2971,SLOWDOWN,PolygonSlow,0.0,-1.0,0.0,0.0,0.0
46.361,139.8,-2.0049,-2.9702,2.5672,-0.019,-3.01,480,0,30,97,0.4297,0.2973,SLOWDOWN,PolygonSlow,0.0,-1.0,0.0,0.0,0.0
46.458,139.9,-2.0048,-2.9699,2.5456,-0.019,-3.01,480,0,28,93,0.4301,0.2976,SLOWDOWN,PolygonSlow,0.0,-1.0,0.0,0.0,0.0
46.559,140.0,-2.0046,-2.9697,2.5241,-0.019,-3.01,480,0,27,90,0.4306,0.2981,SLOWDOWN,PolygonSlow,0.0,-1.0,0.0,0.0,0.0
46.657,140.1,-2.0044,-2.9696,2.5038,-0.019,-3.01,480,0,26,88,0.431,0.2985,SLOWDOWN,PolygonSlow,0.0,-1.0,0.0,0.0,0.0
46.762,140.2,-2.0042,-2.9696,2.4833,-0.019,-3.01,480,0,25,85,0.4315,0.299,SLOWDOWN,PolygonSlow,0.0,-1.0,0.0,0.0,0.0
46.866,140.3,-2.0042,-2.9696,2.4623,-0.019,-3.01,480,0,24,82,0.4323,0.2998,SLOWDOWN,PolygonSlow,0.0,-1.0,0.0,0.0,0.0
46.961,140.4,-2.0042,-2.9696,2.4408,-0.019,-3.01,480,0,23,79,0.4333,0.3007,SLOWDOWN,PolygonSlow,0.0,-1.0,0.0,0.0,0.0
47.059,140.5,-2.0045,-2.9696,2.4189,-0.019,-3.01,480,0,21,76,0.4345,0.302,SLOWDOWN,PolygonSlow,0.0,-1.0,0.0,0.0,0.0
47.159,140.6,-2.0048,-2.9696,2.3964,-0.019,-3.01,480,0,20,74,0.4359,0.3034,SLOWDOWN,PolygonSlow,0.0,-1.0,0.0,0.0,0.0
47.259,140.7,-2.0049,-2.9696,2.3735,-0.019,-3.01,480,0,19,70,0.4377,0.3052,SLOWDOWN,PolygonSlow,0.0,-1.0,0.0,0.0,0.0
47.359,140.8,-2.005,-2.9696,2.35,-0.019,-3.01,480,0,17,68,0.4397,0.3072,SLOWDOWN,PolygonSlow,0.0,-1.0,0.0,0.0,0.0
47.459,140.9,-2.005,-2.9695,2.3268,-0.019,-3.01,480,0,15,65,0.4421,0.3097,SLOWDOWN,PolygonSlow,0.0,-1.0,0.0,0.0,0.0
47.559,141.0,-2.005,-2.9693,2.3041,-0.019,-3.01,480,0,14,62,0.4449,0.3124,SLOWDOWN,PolygonSlow,0.0,-1.0,0.0,0.0,0.0
47.659,141.1,-2.005,-2.969,2.2819,-0.019,-3.01,480,0,12,59,0.4479,0.3155,SLOWDOWN,PolygonSlow,0.0,-1.0,0.0,0.0,0.0
47.764,141.2,-2.005,-2.9688,2.2602,-0.019,-3.01,480,0,11,57,0.451,0.3186,SLOWDOWN,PolygonSlow,0.0,-1.0,0.0,0.0,0.0
47.859,141.3,-2.005,-2.9688,2.239,-0.019,-3.01,480,0,9,54,0.4542,0.3217,SLOWDOWN,PolygonSlow,0.0,-1.0,0.0,0.0,0.0
47.961,141.4,-2.005,-2.9687,2.2182,-0.019,-3.01,480,0,8,51,0.4576,0.3252,SLOWDOWN,PolygonSlow,0.0,-1.0,0.0,0.0,0.0
48.06,141.5,-2.005,-2.9684,2.1979,-0.019,-3.01,480,0,7,49,0.4614,0.3289,SLOWDOWN,PolygonSlow,0.0,-1.0,0.0,0.0,0.0
48.159,141.6,-2.005,-2.9681,2.1781,-0.019,-3.01,480,0,5,47,0.4654,0.333,SLOWDOWN,PolygonSlow,0.0,-1.0,0.0,0.0,0.0
48.265,141.7,-2.005,-2.9677,2.1584,-0.019,-3.01,480,0,3,44,0.4698,0.3374,SLOWDOWN,PolygonSlow,0.0,-1.0,0.0,0.0,0.0
48.37,141.8,-2.0051,-2.9673,2.1378,-0.019,-3.01,480,0,2,42,0.4745,0.3421,SLOWDOWN,PolygonSlow,0.0,-1.0,0.0,0.0,0.0
48.485,141.9,-2.0049,-2.967,2.1085,-0.019,-3.01,480,0,0,39,0.4805,0.3481,SLOWDOWN,PolygonSlow,0.0,-1.0,0.0,0.0,0.0
48.573,142.0,-2.0044,-2.967,2.0887,-0.019,-3.01,480,0,0,37,0.4866,0.3542,LIMIT,PolygonLimit,0.0,-1.0,0.0,0.0,0.0
48.687,142.1,-2.0036,-2.9667,2.0442,-0.019,-3.01,480,0,0,32,0.4969,0.3645,LIMIT,PolygonLimit,0.0,-1.0,0.0,0.0,0.0
48.779,142.2,-2.0023,-2.9667,2.0118,-0.019,-3.01,480,0,0,28,0.5093,0.3769,LIMIT,PolygonLimit,0.0,-1.0,0.0,0.0,0.0
48.893,142.3,-2.0002,-2.9667,1.9703,-0.019,-3.01,480,0,0,24,0.5236,0.3913,LIMIT,PolygonLimit,0.0,-1.0,0.0,0.0,0.0
48.985,142.4,-1.9979,-2.9667,1.9278,-0.019,-3.01,480,0,0,19,0.5403,0.408,LIMIT,PolygonLimit,0.0,-1.0,0.0,0.0,0.0
49.089,142.5,-1.9952,-2.9667,1.8842,-0.019,-3.01,480,0,0,15,0.5598,0.4275,LIMIT,PolygonLimit,0.0,-1.0,0.0,0.0,0.0
49.186,142.6,-1.9922,-2.9667,1.8395,-0.019,-3.01,480,0,0,11,0.5827,0.4505,LIMIT,PolygonLimit,0.0,-1.0,0.0,0.0,0.0
49.289,142.7,-1.9889,-2.9667,1.7936,-0.019,-3.01,480,0,0,7,0.6098,0.4775,LIMIT,PolygonLimit,0.0,-1.0,0.0,0.0,0.0
49.388,142.8,-1.9853,-2.9667,1.7464,-0.019,-3.01,480,0,0,2,0.642,0.5098,LIMIT,PolygonLimit,0.0,-1.0,0.0,0.0,0.0
49.489,142.9,-1.9812,-2.9667,1.6941,-0.019,-3.01,480,0,0,0,0.6842,0.552,DO_NOTHING,,0.0,-1.0,0.0,0.0,0.0
49.588,143.0,-1.976,-2.9667,1.6225,-0.019,-3.01,480,0,0,1,0.7175,0.6239,DO_NOTHING,,0.0,-1.0,0.0,0.0,0.0
49.687,143.1,-1.9691,-2.9667,1.5213,-0.019,-3.01,480,0,0,9,0.6167,0.6448,DO_NOTHING,,0.0,-1.0,0.0,0.0,0.0
49.788,143.2,-1.9614,-2.9667,1.4249,-0.019,-3.01,480,0,0,15,0.5533,0.5799,LIMIT,PolygonLimit,0.0,-1.0,0.0,0.0,0.0
49.889,143.3,-1.9566,-2.9667,1.3642,-0.019,-3.01,480,0,4,20,0.524,0.5498,LIMIT,PolygonLimit,0.0,-0.9487,0.0,0.0,0.0
49.987,143.4,-1.9532,-2.9667,1.3179,-0.019,-3.01,480,0,7,24,0.5058,0.5309,LIMIT,PolygonLimit,0.0,-0.9487,0.0,0.0,0.0
50.088,143.5,-1.9505,-2.9667,1.278,-0.019,-3.01,480,0,9,27,0.4924,0.5171,SLOWDOWN,PolygonSlow,0.0,-0.8974,0.0,0.0,0.0
50.189,143.6,-1.9489,-2.9667,1.2539,-0.019,-3.01,480,0,10,28,0.4853,0.5098,SLOWDOWN,PolygonSlow,0.0,-0.8974,0.0,0.0,0.0
50.292,143.7,-1.9474,-2.9667,1.2304,-0.019,-3.01,480,0,12,31,0.479,0.5032,SLOWDOWN,PolygonSlow,0.0,-0.8462,0.0,0.0,0.0
50.389,143.8,-1.9461,-2.9667,1.2082,-0.019,-3.01,480,0,12,32,0.4735,0.4975,SLOWDOWN,PolygonSlow,0.0,-0.8462,0.0,0.0,0.0
50.487,143.9,-1.9449,-2.9667,1.1865,-0.019,-3.01,480,0,14,34,0.4686,0.4924,SLOWDOWN,PolygonSlow,0.0,-0.7949,0.0,0.0,0.0
50.588,144.0,-1.9438,-2.9667,1.1663,-0.019,-3.01,480,0,15,35,0.4644,0.488,SLOWDOWN,PolygonSlow,0.0,-0.7949,0.0,0.0,0.0
50.692,144.1,-1.9428,-2.9667,1.1465,-0.019,-3.01,480,0,16,37,0.4605,0.484,SLOWDOWN,PolygonSlow,0.0,-0.7949,0.0,0.0,0.0
50.79,144.2,-1.9419,-2.9667,1.1268,-0.019,-3.01,480,0,17,38,0.4571,0.4804,SLOWDOWN,PolygonSlow,0.0,-0.8462,0.0,0.0,0.0
50.891,144.3,-1.941,-2.9667,1.1065,-0.019,-3.01,480,0,18,40,0.4538,0.477,SLOWDOWN,PolygonSlow,0.0,-0.8462,0.0,0.0,0.0
50.991,144.4,-1.9401,-2.9667,1.0861,-0.019,-3.01,480,0,19,41,0.4508,0.4739,SLOWDOWN,PolygonSlow,0.0,-0.7949,0.0,0.0,0.0
51.092,144.5,-1.9394,-2.9667,1.0671,-0.019,-3.01,480,0,20,43,0.4483,0.4712,SLOWDOWN,PolygonSlow,0.0,-0.7949,0.0,0.0,0.0
51.193,144.6,-1.9388,-2.9667,1.0484,-0.019,-3.01,480,0,21,44,0.446,0.4689,SLOWDOWN,PolygonSlow,0.0,-0.7949,0.0,0.0,0.0
51.295,144.7,-1.9382,-2.9667,1.0299,-0.019,-3.01,480,0,22,45,0.444,0.4667,SLOWDOWN,PolygonSlow,0.0,-0.7436,0.0,0.0,0.0
51.398,144.8,-1.9378,-2.9667,1.0127,-0.019,-3.01,480,0,23,47,0.4423,0.4649,SLOWDOWN,PolygonSlow,0.0,-0.7436,0.0,0.0,0.0
51.501,144.9,-1.9374,-2.9667,0.9957,-0.019,-3.01,480,0,23,48,0.4407,0.4634,SLOWDOWN,PolygonSlow,0.0,-0.7436,0.0,0.0,0.0
51.603,145.0,-1.937,-2.9667,0.979,-0.019,-3.01,480,0,24,50,0.4394,0.462,SLOWDOWN,PolygonSlow,0.0,-0.6923,0.0,0.0,0.0
51.713,145.1,-1.9368,-2.9667,0.9635,-0.019,-3.01,480,0,25,51,0.4383,0.4608,SLOWDOWN,PolygonSlow,0.0,-0.6923,0.0,0.0,0.0
51.825,145.2,-1.9366,-2.9667,0.9455,-0.019,-3.01,480,0,26,51,0.4373,0.4598,SLOWDOWN,PolygonSlow,0.0,-0.6923,0.0,0.0,0.0
51.915,145.3,-1.9365,-2.9669,0.9343,-0.019,-3.01,480,0,27,53,0.4363,0.4588,SLOWDOWN,PolygonSlow,0.0,-0.641,0.0,0.0,0.0
52.028,145.4,-1.9365,-2.967,0.9186,-0.019,-3.01,480,0,27,54,0.4355,0.458,SLOWDOWN,PolygonSlow,0.0,-0.641,0.0,0.0,0.0
52.11,145.5,-1.9365,-2.9671,0.9076,-0.019,-3.01,480,0,28,55,0.4348,0.4573,SLOWDOWN,PolygonSlow,0.0,-1.0,0.0,0.0,0.0
52.215,145.6,-1.9365,-2.9671,0.8891,-0.019,-3.01,480,0,28,57,0.4341,0.4566,SLOWDOWN,PolygonSlow,0.0,-1.0,0.0,0.0,0.0
52.311,145.7,-1.9365,-2.967,0.8675,-0.019,-3.01,480,0,30,59,0.4335,0.4561,SLOWDOWN,PolygonSlow,0.0,-1.0,0.0,0.0,0.0
52.415,145.8,-1.9365,-2.9668,0.8455,-0.019,-3.01,480,0,31,60,0.4334,0.456,SLOWDOWN,PolygonSlow,0.0,-1.0,0.0,0.0,0.0
52.514,145.9,-1.9365,-2.9665,0.823,-0.019,-3.01,480,0,32,62,0.4334,0.4561,SLOWDOWN,PolygonSlow,0.0,-1.0,0.0,0.0,0.0
52.616,146.0,-1.9365,-2.9663,0.8003,-0.019,-3.01,480,0,32,64,0.4333,0.4564,SLOWDOWN,PolygonSlow,0.0,0.0,0.0,0.0,0.0
52.718,146.1,-1.9365,-2.9663,0.7835,-0.019,-3.01,480,0,33,65,0.4333,0.4566,SLOWDOWN,PolygonSlow,0.0,0.0,0.0,0.0,0.0
52.824,146.2,-1.9365,-2.9663,0.7735,-0.019,-3.01,480,0,33,66,0.4334,0.4568,SLOWDOWN,PolygonSlow,0.0,-1.0,0.0,0.0,0.0
52.919,146.3,-1.9364,-2.9663,0.7586,-0.019,-3.01,480,0,34,68,0.4334,0.4572,SLOWDOWN,PolygonSlow,0.0,-1.0,0.0,0.0,0.0
53.028,146.4,-1.9362,-2.9663,0.7374,-0.019,-3.01,480,0,35,69,0.4333,0.4579,SLOWDOWN,PolygonSlow,0.0,-1.0,0.0,0.0,0.0
53.125,146.5,-1.9359,-2.9663,0.7151,-0.019,-3.01,480,0,36,71,0.4334,0.4588,SLOWDOWN,PolygonSlow,0.0,-1.0,0.0,0.0,0.0
53.223,146.6,-1.9358,-2.9663,0.6933,-0.019,-3.01,480,0,36,73,0.4335,0.4599,SLOWDOWN,PolygonSlow,0.0,-1.0,0.0,0.0,0.0
53.324,146.7,-1.9357,-2.9663,0.672,-0.019,-3.01,480,0,37,75,0.4334,0.4612,SLOWDOWN,PolygonSlow,0.0,-1.0,0.0,0.0,0.0
53.424,146.8,-1.9356,-2.9663,0.6512,-0.019,-3.01,480,0,37,77,0.4333,0.4626,SLOWDOWN,PolygonSlow,0.0,-1.0,0.0,0.0,0.0
53.523,146.9,-1.9354,-2.9663,0.6308,-0.019,-3.01,480,0,38,79,0.4334,0.4642,SLOWDOWN,PolygonSlow,0.0,-1.0,0.0,0.0,0.0
53.623,147.0,-1.9351,-2.9663,0.6109,-0.019,-3.01,480,0,39,82,0.4333,0.4659,SLOWDOWN,PolygonSlow,0.0,-1.0,0.0,0.0,0.0
53.723,147.1,-1.9346,-2.9663,0.5912,-0.019,-3.01,480,0,39,83,0.4334,0.4677,SLOWDOWN,PolygonSlow,0.0,-1.0,0.0,0.0,0.0
53.823,147.2,-1.9343,-2.9662,0.5709,-0.019,-3.01,480,0,40,85,0.4334,0.4699,SLOWDOWN,PolygonSlow,0.0,-1.0,0.0,0.0,0.0
53.924,147.3,-1.934,-2.9664,0.5495,-0.019,-3.01,480,0,41,88,0.4332,0.472,SLOWDOWN,PolygonSlow,0.0,-1.0,0.0,0.0,0.0
54.034,147.4,-1.934,-2.9671,0.5265,-0.019,-3.01,480,0,42,90,0.4325,0.4741,SLOWDOWN,PolygonSlow,0.0,-1.0,0.0,0.0,0.0
54.126,147.5,-1.934,-2.9679,0.503,-0.019,-3.01,480,0,43,93,0.4317,0.4764,SLOWDOWN,PolygonSlow,0.0,-1.0,0.0,0.0,0.0
54.227,147.6,-1.934,-2.9688,0.4791,-0.019,-3.01,480,0,44,97,0.4309,0.4785,SLOWDOWN,PolygonSlow,0.0,-1.0,0.0,0.0,0.0
54.326,147.7,-1.934,-2.9698,0.455,-0.019,-3.01,480,0,44,101,0.4299,0.4805,SLOWDOWN,PolygonSlow,0.0,0.0,0.0,0.0,0.0
54.424,147.8,-1.934,-2.9707,0.4342,-0.019,-3.01,480,0,45,103,0.4291,0.4821,SLOWDOWN,PolygonSlow,0.0,0.0,0.0,0.0,0.0
54.528,147.9,-1.934,-2.9714,0.4212,-0.019,-3.01,480,0,45,105,0.4283,0.4831,SLOWDOWN,PolygonSlow,0.0,0.0,0.0,0.0,0.0
54.635,148.0,-1.934,-2.9716,0.4161,-0.019,-3.01,480,0,46,106,0.428,0.4835,SLOWDOWN,PolygonSlow,0.0,0.0,0.0,0.0,0.0
54.735,148.1,-1.934,-2.9716,0.4158,-0.019,-3.01,480,0,46,106,0.428,0.4835,DO_NOTHING,,0.0,0.0,0.0,0.0,0.0
54.839,148.2,-1.934,-2.9716,0.4158,-0.019,-3.01,480,0,46,106,0.428,0.4835,DO_NOTHING,,0.0,0.0,0.0,0.0,0.0
54.944,148.3,-1.934,-2.9716,0.4158,-0.019,-3.01,480,0,46,106,0.428,0.4835,DO_NOTHING,,0.0,0.0,0.0,0.0,0.0
55.049,148.4,-1.934,-2.9716,0.4158,-0.019,-3.01,480,0,46,106,0.428,0.4835,DO_NOTHING,,0.0,0.0,0.0,0.0,0.0
55.164,148.5,-1.934,-2.9716,0.4158,-0.019,-3.01,480,0,46,106,0.428,0.4835,DO_NOTHING,,0.0,0.0,0.0,0.0,0.0
55.25,148.6,-1.934,-2.9716,0.4158,-0.019,-3.01,480,0,46,106,0.428,0.4835,DO_NOTHING,,0.0,0.0,0.0,0.0,0.0
55.359,148.7,-1.934,-2.9716,0.4158,-0.019,-3.01,480,0,46,106,0.428,0.4835,DO_NOTHING,,0.0,0.0,0.0,0.0,0.0
55.446,148.8,-1.934,-2.9716,0.4158,-0.019,-3.01,480,0,46,106,0.428,0.4835,DO_NOTHING,,0.0,0.0,0.0,0.0,0.0
55.552,148.9,-1.934,-2.9716,0.4158,-0.019,-3.01,480,0,46,106,0.428,0.4835,DO_NOTHING,,0.0,0.0,0.0,0.0,0.0
55.65,149.0,-1.9338,-2.9715,0.4158,2.481,-2.96,480,0,45,106,0.4281,0.4836,SLOWDOWN,PolygonSlow,0.3,-0.0256,0.125,0.0375,0.0375
55.754,149.1,-1.9287,-2.9693,0.4152,2.481,-2.96,480,0,44,105,0.4303,0.4859,SLOWDOWN,PolygonSlow,0.3,-0.0256,0.3,0.09,0.09
55.854,149.2,-1.9204,-2.9657,0.4144,2.481,-2.96,480,0,43,105,0.4339,0.4896,SLOWDOWN,PolygonSlow,0.3,-0.0769,0.3,0.09,0.09
55.956,149.3,-1.9122,-2.9622,0.4125,2.481,-2.96,480,0,40,103,0.4375,0.4933,SLOWDOWN,PolygonSlow,0.3,-0.0769,0.3,0.09,0.09
56.054,149.4,-1.904,-2.9587,0.4107,2.481,-2.96,480,0,38,102,0.441,0.497,SLOWDOWN,PolygonSlow,0.2842,-0.0256,0.2842,0.0853,0.0853
56.154,149.5,-1.8961,-2.9553,0.41,2.481,-2.96,480,0,37,101,0.4444,0.5005,SLOWDOWN,PolygonSlow,0.3,-0.0769,0.3,0.09,0.09
56.254,149.6,-1.8879,-2.9518,0.408,2.481,-2.96,480,0,35,100,0.4478,0.5042,SLOWDOWN,PolygonSlow,0.3,-0.0769,0.3,0.09,0.09
56.354,149.7,-1.8796,-2.9484,0.406,2.481,-2.96,480,0,33,98,0.4513,0.5079,SLOWDOWN,PolygonSlow,0.3,-0.1282,0.3,0.09,0.09
56.454,149.8,-1.8713,-2.945,0.403,2.481,-2.96,480,0,31,97,0.4547,0.5117,SLOWDOWN,PolygonSlow,0.3,-0.0256,0.3,0.09,0.09
56.554,149.9,-1.8631,-2.9415,0.4023,2.481,-2.96,480,0,29,97,0.4582,0.5153,SLOWDOWN,PolygonSlow,0.3,-0.0769,0.3,0.09,0.09
56.657,150.0,-1.8548,-2.9381,0.4005,2.481,-2.96,480,0,27,95,0.4616,0.5189,SLOWDOWN,PolygonSlow,0.3,0.0,0.3,0.09,0.09
56.762,150.1,-1.8465,-2.9346,0.4005,2.481,-2.96,480,0,25,93,0.4651,0.5224,SLOWDOWN,PolygonSlow,0.3,-0.0256,0.3,0.09,0.09
56.864,150.2,-1.8382,-2.9311,0.3997,2.481,-2.96,480,0,23,93,0.4686,0.526,SLOWDOWN,PolygonSlow,0.3,-0.0769,0.3,0.09,0.09
56.97,150.3,-1.83,-2.9277,0.3979,2.481,-2.96,480,0,21,92,0.472,0.5296,SLOWDOWN,PolygonSlow,0.2842,-0.0256,0.2842,0.0853,0.0853
57.064,150.4,-1.8221,-2.9245,0.3972,2.481,-2.96,480,0,20,90,0.4753,0.5329,SLOWDOWN,PolygonSlow,0.2842,-0.0256,0.2842,0.0853,0.0853
57.159,150.5,-1.8143,-2.9212,0.3966,2.481,-2.96,480,0,18,88,0.4785,0.5363,SLOWDOWN,PolygonSlow,0.2684,0.0,0.2684,0.0805,0.0805
57.259,150.6,-1.8068,-2.9181,0.3966,2.481,-2.96,480,0,16,88,0.4816,0.5394,SLOWDOWN,PolygonSlow,0.2684,-0.0256,0.2684,0.0805,0.0805
57.359,150.7,-1.7993,-2.915,0.3959,2.481,-2.96,480,0,15,86,0.4848,0.5426,SLOWDOWN,PolygonSlow,0.3,-0.0769,0.3,0.09,0.09
57.461,150.8,-1.791,-2.9117,0.3938,2.481,-2.96,480,0,13,85,0.4881,0.5462,SLOWDOWN,PolygonSlow,0.3,-0.1282,0.3,0.09,0.09
57.559,150.9,-1.7827,-2.9084,0.3907,2.481,-2.96,480,0,11,83,0.4914,0.5498,SLOWDOWN,PolygonSlow,0.3,-0.0769,0.3,0.09,0.09
57.66,151.0,-1.7744,-2.9051,0.3887,2.481,-2.96,480,0,9,82,0.4947,0.5534,SLOWDOWN,PolygonSlow,0.3,-0.0769,0.3,0.09,0.09
57.764,151.1,-1.7661,-2.9018,0.3868,2.481,-2.96,480,0,8,82,0.498,0.5569,SLOWDOWN,PolygonSlow,0.3,-0.0769,0.3,0.09,0.09
57.862,151.2,-1.7577,-2.8985,0.385,2.481,-2.96,480,0,6,80,0.5012,0.5604,SLOWDOWN,PolygonSlow,0.3,-0.0256,0.3,0.09,0.09
57.971,151.3,-1.7494,-2.8951,0.3843,2.481,-2.96,480,0,4,78,0.5046,0.5638,SLOWDOWN,PolygonSlow,0.3,-0.0256,0.3,0.09,0.09
58.064,151.4,-1.741,-2.8918,0.3835,2.481,-2.96,480,0,3,77,0.5079,0.5673,SLOWDOWN,PolygonSlow,0.3,-0.0769,0.3,0.09,0.09
58.18,151.5,-1.7233,-2.8847,0.3808,2.481,-2.96,480,0,0,75,0.5132,0.5728,DO_NOTHING,,0.3,-0.0769,0.3,0.3,0.3
58.267,151.6,-1.7013,-2.876,0.377,2.481,-2.96,480,0,0,70,0.5237,0.5838,DO_NOTHING,,0.3,-0.0256,0.3,0.3,0.3
58.371,151.7,-1.6734,-2.8652,0.3742,2.481,-2.96,480,0,0,65,0.5346,0.595,DO_NOTHING,,0.3,-0.0769,0.3,0.3,0.3
58.484,151.8,-1.6398,-2.8526,0.3663,2.481,-2.96,480,0,0,60,0.5451,0.6063,DO_NOTHING,,0.3,-0.0769,0.3,0.3,0.3
58.572,151.9,-1.6176,-2.8444,0.3606,2.481,-2.96,480,0,0,56,0.5553,0.6174,DO_NOTHING,,0.2842,-0.1795,0.2842,0.2842,0.2842
58.686,152.0,-1.585,-2.8334,0.3422,2.481,-2.96,480,0,0,51,0.5644,0.6285,DO_NOTHING,,0.3,-0.1795,0.3,0.3,0.3
58.779,152.1,-1.5626,-2.8262,0.33,2.481,-2.96,480,0,0,47,0.5734,0.6393,DO_NOTHING,,0.2842,-0.1795,0.2842,0.2842,0.2842
58.876,152.2,-1.5354,-2.8179,0.315,2.481,-2.96,480,0,0,43,0.5817,0.6493,DO_NOTHING,,0.3,-0.1282,0.3,0.3,0.3
58.973,152.3,-1.5068,-2.8095,0.3037,2.481,-2.96,480,0,0,38,0.5902,0.659,DO_NOTHING,,0.3,-0.1282,0.3,0.3,0.3
59.083,152.4,-1.4781,-2.8015,0.2922,2.481,-2.96,480,0,0,33,0.5985,0.6684,DO_NOTHING,,0.3,-0.1282,0.3,0.3,0.3
59.18,152.5,-1.4493,-2.7938,0.2807,2.481,-2.96,480,0,0,28,0.6061,0.6774,DO_NOTHING,,0.3,-0.1282,0.3,0.3,0.3
59.286,152.6,-1.4209,-2.7864,0.2695,2.481,-2.96,480,0,0,22,0.6133,0.686,DO_NOTHING,,0.2842,-0.1282,0.2842,0.2842,0.2842
59.39,152.7,-1.393,-2.7797,0.258,2.481,-2.96,480,0,0,17,0.62,0.6941,DO_NOTHING,,0.3,-0.1282,0.3,0.3,0.3
59.484,152.8,-1.364,-2.773,0.2463,2.481,-2.96,480,0,0,12,0.6266,0.702,DO_NOTHING,,0.3,-0.1282,0.3,0.3,0.3
59.582,152.9,-1.3348,-2.7666,0.2357,2.481,-2.96,480,0,0,6,0.6331,0.7096,DO_NOTHING,,0.3,-0.0769,0.3,0.3,0.3
59.683,153.0,-1.3056,-2.7602,0.2286,2.481,-2.96,480,0,0,1,0.6395,0.7168,DO_NOTHING,,0.3,-0.0769,0.3,0.3,0.3
59.784,153.1,-1.2767,-2.7541,0.2207,2.481,-2.96,480,0,0,0,0.6457,0.7238,DO_NOTHING,,0.2842,-0.1282,0.2842,0.2842,0.2842
59.882,153.2,-1.2494,-2.7488,0.2091,2.481,-2.96,480,0,0,0,0.6512,0.7304,DO_NOTHING,,0.2684,-0.1282,0.2684,0.2684,0.2684
59.983,153.3,-1.2224,-2.7441,0.1975,2.481,-2.96,480,0,0,0,0.6559,0.7363,DO_NOTHING,,0.3,-0.1282,0.3,0.3,0.3
60.086,153.4,-1.1929,-2.7393,0.1853,2.481,-2.96,480,0,0,0,0.6605,0.7424,DO_NOTHING,,0.3,-0.1282,0.3,0.3,0.3
60.183,153.5,-1.1634,-2.7348,0.1745,2.481,-2.96,480,0,0,0,0.6649,0.748,DO_NOTHING,,0.3,-0.0769,0.3,0.3,0.3
60.282,153.6,-1.1338,-2.7304,0.1658,2.481,-2.96,480,0,0,0,0.6693,0.7534,DO_NOTHING,,0.3,-0.1282,0.3,0.3,0.3
60.384,153.7,-1.1042,-2.7264,0.1561,2.481,-2.96,480,0,0,0,0.6733,0.7584,DO_NOTHING,,0.3,0.0256,0.3,0.3,0.3
60.483,153.8,-1.0746,-2.7216,0.1572,2.481,-2.96,480,0,0,0,0.6781,0.7631,DO_NOTHING,,0.3,-0.0256,0.3,0.3,0.3
60.587,153.9,-1.0449,-2.717,0.1562,2.481,-2.96,480,0,0,0,0.6827,0.7678,DO_NOTHING,,0.3,0.0256,0.3,0.3,0.3
60.69,154.0,-1.0153,-2.7122,0.1579,2.481,-2.96,480,0,0,0,0.6875,0.7724,DO_NOTHING,,0.3,0.0,0.3,0.3,0.3
60.784,154.1,-0.9857,-2.7074,0.1586,2.481,-2.96,480,0,0,0,0.6923,0.7771,DO_NOTHING,,0.3,0.0256,0.3,0.3,0.3
60.884,154.2,-0.9565,-2.7026,0.159,2.481,-2.96,480,0,0,0,0.6971,0.7819,DO_NOTHING,,0.2842,-0.0769,0.2842,0.2842,0.2842
60.985,154.3,-0.928,-2.6987,0.1518,2.481,-2.96,480,0,0,0,0.701,0.7865,DO_NOTHING,,0.3,-0.0769,0.3,0.3,0.3
61.082,154.4,-0.8988,-2.6949,0.1446,2.481,-2.96,480,0,0,0,0.7048,0.7911,DO_NOTHING,,0.2842,-0.0769,0.2842,0.2842,0.2842
61.184,154.5,-0.8702,-2.6913,0.1385,2.481,-2.96,480,0,0,0,0.7084,0.7953,DO_NOTHING,,0.3,-0.0256,0.3,0.3,0.3
61.283,154.6,-0.8405,-2.6874,0.136,2.481,-2.96,480,0,0,0,0.7123,0.7995,DO_NOTHING,,0.3,-0.0256,0.3,0.3,0.3
61.382,154.7,-0.8107,-2.6836,0.1334,2.481,-2.96,480,0,0,0,0.7162,0.8035,DO_NOTHING,,0.3,-0.0256,0.3,0.3,0.3
61.482,154.8,-0.781,-2.6799,0.1309,2.481,-2.96,480,0,0,0,0.7199,0.8075,DO_NOTHING,,0.3,-0.0256,0.3,0.3,0.3
61.584,154.9,-0.7517,-2.6762,0.1285,2.481,-2.96,480,0,0,0,0.7236,0.8114,DO_NOTHING,,0.2842,-0.0256,0.2842,0.2842,0.2842
61.685,155.0,-0.7231,-2.6727,0.1267,2.481,-2.96,480,0,0,0,0.7271,0.8151,DO_NOTHING,,0.3,0.0,0.3,0.3,0.3
61.795,155.1,-0.6938,-2.669,0.1267,2.481,-2.96,480,0,0,0,0.7308,0.8189,DO_NOTHING,,0.2842,0.0,0.2842,0.2842,0.2842
61.887,155.2,-0.6651,-2.6653,0.1267,2.481,-2.96,480,0,0,0,0.7345,0.8225,DO_NOTHING,,0.3,0.0,0.3,0.3,0.3
62.001,155.3,-0.6294,-2.6609,0.125,2.481,-2.96,480,0,0,0,0.7382,0.8263,DO_NOTHING,,0.3,0.0256,0.3,0.3,0.3
62.085,155.4,-0.6056,-2.658,0.1243,2.481,-2.96,480,0,0,0,0.7418,0.8301,DO_NOTHING,,0.3,0.0256,0.3,0.3,0.3
62.193,155.5,-0.5766,-2.6544,0.1226,2.481,-2.96,480,0,0,0,0.7454,0.8338,DO_NOTHING,,0.2842,-0.0769,0.2842,0.2842,0.2842
62.289,155.6,-0.5476,-2.6516,0.1152,2.481,-2.96,480,0,0,0,0.7484,0.8374,DO_NOTHING,,0.3,-0.0769,0.3,0.3,0.3
62.397,155.7,-0.5178,-2.6491,0.1051,2.481,-2.96,480,0,0,0,0.751,0.841,DO_NOTHING,,0.3,-0.1282,0.3,0.3,0.3
62.496,155.8,-0.4887,-2.6472,0.0925,2.481,-2.96,480,0,0,0,0.7528,0.8441,DO_NOTHING,,0.2842,-0.1282,0.2842,0.2842,0.2842
62.61,155.9,-0.4596,-2.6454,0.0838,2.481,-2.96,480,0,0,0,0.7545,0.8467,DO_NOTHING,,0.3,-0.0769,0.3,0.3,0.3
62.704,156.0,-0.4297,-2.6433,0.0788,2.481,-2.96,480,0,0,0,0.7565,0.8493,DO_NOTHING,,0.3,-0.1282,0.3,0.3,0.3
62.808,156.1,-0.3998,-2.6419,0.0685,2.481,-2.96,480,0,0,0,0.7578,0.8517,DO_NOTHING,,0.3,-0.0256,0.3,0.3,0.3
62.908,156.2,-0.3698,-2.6408,0.0598,2.481,-2.96,480,0,0,0,0.7589,0.8537,DO_NOTHING,,0.3,-0.0769,0.3,0.3,0.3
63.015,156.3,-0.3399,-2.6395,0.0547,2.481,-2.96,480,0,0,0,0.7602,0.8555,DO_NOTHING,,0.3,-0.1282,0.3,0.3,0.3
63.121,156.4,-0.3099,-2.6389,0.0432,2.481,-2.96,480,0,0,0,0.7608,0.8571,DO_NOTHING,,0.3,0.0,0.3,0.3,0.3
63.213,156.5,-0.28,-2.6383,0.0375,2.481,-2.96,480,0,0,0,0.7615,0.8583,DO_NOTHING,,0.2684,-0.1282,0.3,0.3,0.3
63.311,156.6,-0.252,-2.6375,0.0304,2.481,-2.96,480,0,0,0,0.7624,0.8598,DO_NOTHING,,0.3,-0.0769,0.2684,0.2684,0.2684
63.411,156.7,-0.2232,-2.6375,0.0206,2.481,-2.96,480,0,0,0,0.7625,0.8606,DO_NOTHING,,0.3,-0.1282,0.3,0.3,0.3
63.511,156.8,-0.1932,-2.638,0.0089,2.481,-2.96,480,0,0,0,0.7619,0.8612,DO_NOTHING,,0.2842,-0.1282,0.3,0.3,0.3
63.611,156.9,-0.1642,-2.6391,-0.0045,2.481,-2.96,480,0,0,0,0.7607,0.8613,DO_NOTHING,,0.3,-0.0769,0.2842,0.2842,0.2842
63.711,157.0,-0.1347,-2.6403,-0.0144,2.481,-2.96,480,0,0,0,0.7594,0.861,DO_NOTHING,,0.3,-0.1282,0.3,0.3,0.3
63.812,157.1,-0.1047,-2.6419,-0.0261,2.481,-2.96,480,0,0,0,0.7579,0.8604,DO_NOTHING,,0.3,-0.1795,0.3,0.3,0.3
63.911,157.2,-0.0747,-2.6443,-0.043,2.481,-2.96,480,0,0,0,0.7557,0.8595,DO_NOTHING,,0.2842,-0.1795,0.3,0.3,0.3
64.011,157.3,-0.0458,-2.6474,-0.0613,2.481,-2.96,480,0,0,0,0.7526,0.858,DO_NOTHING,,0.2842,-0.1795,0.2842,0.2842,0.2842
64.118,157.4,-0.0175,-2.651,-0.0796,2.481,-2.96,480,0,0,0,0.7488,0.8559,DO_NOTHING,,0.3,-0.2308,0.2842,0.2842,0.2842
64.211,157.5,0.0118,-2.6553,-0.1003,2.481,-2.96,480,0,0,0,0.7445,0.8532,DO_NOTHING,,0.2842,-0.2308,0.3,0.3,0.3
64.311,157.6,0.0406,-2.6604,-0.1231,2.481,-2.96,480,0,0,0,0.7395,0.8499,DO_NOTHING,,0.3,-0.2821,0.2842,0.2842,0.2842
64.412,157.7,0.0696,-2.6664,-0.1482,2.481,-2.96,480,0,0,0,0.7334,0.8458,DO_NOTHING,,0.2684,-0.2308,0.3,0.3,0.3
64.512,157.8,0.0972,-2.6728,-0.172,2.481,-2.96,480,0,0,0,0.7272,0.8412,DO_NOTHING,,0.2526,-0.2308,0.2684,0.2684,0.2684
64.611,157.9,0.1226,-2.6791,-0.1939,2.481,-2.96,480,0,0,0,0.7207,0.8364,DO_NOTHING,,0.2368,-0.2308,0.2526,0.2526,0.2526
64.711,158.0,0.1463,-2.6857,-0.2155,2.481,-2.96,480,0,0,0,0.7143,0.8313,DO_NOTHING,,0.2211,-0.1795,0.2368,0.2368,0.2368
64.812,158.1,0.1683,-2.6921,-0.2338,2.481,-2.96,480,0,0,0,0.7078,0.8261,DO_NOTHING,,0.2053,-0.1795,0.2211,0.2211,0.2211
64.912,158.2,0.1888,-2.6983,-0.2502,2.481,-2.96,480,0,0,0,0.7017,0.8209,DO_NOTHING,,0.1895,-0.0769,0.2053,0.2053,0.2053
65.026,158.3,0.2076,-2.7039,-0.2609,2.481,-2.96,480,0,0,0,0.696,0.8159,DO_NOTHING,,0.1895,-0.1795,0.1895,0.1895,0.1895
65.142,158.4,0.2295,-2.711,-0.2767,2.481,-2.96,480,0,0,0,0.6901,0.8109,DO_NOTHING,,0.1737,-0.1795,0.1737,0.1737,0.1737
65.218,158.5,0.243,-2.7158,-0.2895,2.481,-2.96,480,0,0,0,0.6842,0.8058,DO_NOTHING,,0.1579,-0.1795,0.1737,0.1737,0.1737
65.33,158.6,0.2616,-2.7227,-0.3086,2.481,-2.96,480,0,0,4,0.6783,0.8009,DO_NOTHING,,0.1737,-0.0769,0.1737,0.1579,0.1579
65.418,158.7,0.2746,-2.7274,-0.3155,2.481,-2.96,480,0,0,8,0.6724,0.7956,DO_NOTHING,,0.1737,-0.1795,0.1737,0.1737,0.1737
65.533,158.8,0.2911,-2.7336,-0.3276,2.481,-2.96,480,0,0,12,0.6663,0.7901,DO_NOTHING,,0.1579,-0.1795,0.1579,0.1579,0.1579
65.63,158.9,0.3062,-2.7398,-0.3432,2.481,-2.96,480,0,0,16,0.6601,0.7847,DO_NOTHING,,0.1421,-0.1282,0.1421,0.1579,0.1579
65.739,159.0,0.32,-2.7456,-0.3557,2.481,-2.96,480,0,0,20,0.6543,0.7795,DO_NOTHING,,0.1421,-0.1282,0.1421,0.1421,0.1421
65.838,159.1,0.3333,-2.7512,-0.3667,2.481,-2.96,480,0,0,23,0.6486,0.7744,DO_NOTHING,,0.1263,-0.1282,0.1263,0.1263,0.1263
65.946,159.2,0.3452,-2.7565,-0.3776,2.481,-2.96,480,0,0,27,0.6434,0.7697,DO_NOTHING,,0.1105,-0.0256,0.1105,0.1105,0.1105
66.042,159.3,0.3557,-2.7609,-0.3814,2.481,-2.96,480,0,0,29,0.639,0.7655,DO_NOTHING,,0.1105,-0.1282,0.1105,0.1105,0.1105
66.145,159.4,0.3659,-2.7655,-0.3904,2.481,-2.96,480,0,0,32,0.6345,0.7613,DO_NOTHING,,0.1105,-0.1282,0.1105,0.1105,0.1105
66.242,159.5,0.3761,-2.7703,-0.4012,2.481,-2.96,480,0,0,35,0.6296,0.7569,DO_NOTHING,,0.0947,-0.1282,0.0947,0.1105,0.1105
66.342,159.6,0.385,-2.7747,-0.4119,2.481,-2.96,480,0,0,37,0.6253,0.753,DO_NOTHING,,0.0947,-0.1282,0.0947,0.0947,0.0947
66.443,159.7,0.3936,-2.779,-0.4225,2.481,-2.96,480,0,0,39,0.6209,0.7491,DO_NOTHING,,0.0789,-0.0769,0.0789,0.0947,0.0947
66.542,159.8,0.401,-2.7827,-0.4294,2.481,-2.96,480,0,0,41,0.6172,0.7457,DO_NOTHING,,0.0789,-0.0769,0.0789,0.0789,0.0789
66.644,159.9,0.4081,-2.7863,-0.4358,2.481,-2.96,480,0,0,43,0.6136,0.7423,DO_NOTHING,,0.0789,-0.0769,0.0789,0.0789,0.0789
66.744,160.0,0.4153,-2.79,-0.4421,2.481,-2.96,480,0,0,46,0.61,0.7389,DO_NOTHING,,0.0632,-0.0769,0.0632,0.0632,0.0789
66.842,160.1,0.4211,-2.793,-0.4483,2.481,-2.96,480,0,0,47,0.6069,0.7361,DO_NOTHING,,0.0632,-0.0769,0.0632,0.0632,0.0632
66.942,160.2,0.4268,-2.7961,-0.4546,2.481,-2.96,480,0,0,49,0.6039,0.7333,DO_NOTHING,,0.0632,-0.0769,0.0632,0.0632,0.0632
67.043,160.3,0.4325,-2.7991,-0.4608,2.481,-2.96,480,0,0,49,0.6008,0.7305,DO_NOTHING,,0.0474,-0.0769,0.0474,0.0632,0.0632
67.143,160.4,0.4369,-2.8016,-0.467,2.481,-2.96,480,0,0,51,0.5984,0.7282,DO_NOTHING,,0.0474,-0.3333,0.0474,0.0474,0.0474
67.244,160.5,0.4407,-2.8042,-0.4837,2.481,-2.96,480,0,0,53,0.5958,0.7262,DO_NOTHING,,0.0474,-0.3333,0.0474,0.0474,0.0474
67.341,160.6,0.4448,-2.8073,-0.5094,2.481,-2.96,480,0,0,54,0.5926,0.7239,DO_NOTHING,,0.0474,-0.2821,0.0474,0.0474,0.0474
67.442,160.7,0.4489,-2.8104,-0.5319,2.481,-2.96,480,0,0,57,0.5895,0.7214,DO_NOTHING,,0.0474,-0.2821,0.0474,0.0474,0.0474
67.542,160.8,0.4529,-2.8135,-0.5536,2.481,-2.96,480,0,0,58,0.5865,0.7189,DO_NOTHING,,0.0316,-0.1795,0.0316,0.0474,0.0474
67.642,160.9,0.4558,-2.8157,-0.5688,2.481,-2.96,480,0,0,59,0.5843,0.7171,DO_NOTHING,,0.0316,-0.2308,0.0316,0.0316,0.0316
67.742,161.0,0.4582,-2.8176,-0.5846,2.481,-2.96,480,0,0,60,0.5824,0.7155,DO_NOTHING,,0.0316,-0.2308,0.0316,0.0316,0.0316
67.849,161.1,0.4606,-2.8195,-0.6002,2.481,-2.96,480,0,0,61,0.5805,0.7139,DO_NOTHING,,0.0316,-0.2308,0.0316,0.0316,0.0316
67.953,161.2,0.4629,-2.8213,-0.615,2.481,-2.96,480,0,0,62,0.5787,0.7123,DO_NOTHING,,0.0316,-0.1795,0.0316,0.0316,0.0316
68.048,161.3,0.4653,-2.8232,-0.6271,2.481,-2.96,480,0,0,62,0.5768,0.7106,DO_NOTHING,,0.0789,-0.6923,0.0789,0.0789,0.0789
68.151,161.4,0.4711,-2.8277,-0.6529,2.481,-2.96,480,0,0,64,0.5723,0.7064,LIMIT,PolygonLimit,0.0632,-0.7949,0.0632,0.0479,0.0479
68.247,161.5,0.4747,-2.8305,-0.6879,2.481,-2.96,480,0,0,66,0.5695,0.7039,LIMIT,PolygonLimit,0.0632,-0.641,0.0632,0.0493,0.0493
68.348,161.6,0.4786,-2.8337,-0.7243,2.481,-2.96,480,0,0,67,0.5663,0.7008,LIMIT,PolygonLimit,0.0632,-0.641,0.0632,0.0493,0.0493
68.46,161.7,0.4826,-2.8371,-0.7621,2.481,-2.96,480,0,0,68,0.5629,0.6974,LIMIT,PolygonLimit,0.0632,-0.5897,0.0632,0.0535,0.0535
68.549,161.8,0.4865,-2.8409,-0.8011,2.481,-2.96,480,0,2,70,0.5591,0.6934,LIMIT,PolygonLimit,0.0632,-0.8974,0.0632,0.0421,0.0421
68.659,161.9,0.4892,-2.8441,-0.8389,2.481,-2.96,480,0,3,71,0.5559,0.6897,LIMIT,PolygonLimit,0.0474,-0.5897,0.0474,0.0321,0.0321
68.75,162.0,0.4915,-2.8471,-0.8756,2.481,-2.96,480,0,4,72,0.5529,0.6861,SLOWDOWN,PolygonSlow,0.0474,-0.5385,0.0474,0.0142,0.0142
68.855,162.1,0.4925,-2.8484,-0.8963,2.481,-2.96,480,0,4,73,0.5516,0.6844,SLOWDOWN,PolygonSlow,0.0632,-0.5385,0.0632,0.0189,0.0189
68.955,162.2,0.4938,-2.85,-0.9078,2.481,-2.96,480,0,4,73,0.55,0.6825,LIMIT,PolygonLimit,0.0632,-0.5385,0.0632,0.0586,0.0586
69.058,162.3,0.4962,-2.8532,-0.9289,2.481,-2.96,480,0,5,75,0.5468,0.6788,SLOWDOWN,PolygonSlow,0.0474,-0.4359,0.0474,0.0142,0.0142
69.158,162.4,0.497,-2.8544,-0.9382,2.481,-2.96,480,0,5,75,0.5456,0.6773,SLOWDOWN,PolygonSlow,0.0474,-0.4359,0.0474,0.0142,0.0142
69.264,162.5,0.4979,-2.8557,-0.947,2.481,-2.96,480,0,5,76,0.5444,0.6758,SLOWDOWN,PolygonSlow,0.0474,-0.4359,0.0474,0.0142,0.0142
69.359,162.6,0.4987,-2.8569,-0.956,2.481,-2.96,480,0,5,76,0.5431,0.6743,SLOWDOWN,PolygonSlow,0.0474,-0.4359,0.0474,0.0142,0.0142
69.457,162.7,0.4993,-2.8581,-0.9655,2.481,-2.96,480,0,5,77,0.5419,0.6728,SLOWDOWN,PolygonSlow,0.0474,-0.4359,0.0474,0.0142,0.0142
69.557,162.8,0.5,-2.8593,-0.9752,2.481,-2.96,480,0,5,77,0.5407,0.6713,SLOWDOWN,PolygonSlow,0.0474,-0.4359,0.0474,0.0142,0.0142
69.657,162.9,0.5006,-2.8605,-0.9848,2.481,-2.96,480,0,5,78,0.5395,0.6698,SLOWDOWN,PolygonSlow,0.0474,-0.3846,0.0474,0.0142,0.0142
69.757,163.0,0.5012,-2.8617,-0.9935,2.481,-2.96,480,0,5,79,0.5383,0.6683,SLOWDOWN,PolygonSlow,0.0474,-0.3846,0.0474,0.0142,0.0142
69.86,163.1,0.5018,-2.8629,-1.0022,2.481,-2.96,480,0,5,80,0.5371,0.6668,SLOWDOWN,PolygonSlow,0.0474,-0.3846,0.0474,0.0142,0.0142
69.973,163.2,0.5023,-2.8641,-1.011,2.481,-2.96,480,0,6,79,0.5359,0.6653,SLOWDOWN,PolygonSlow,0.0474,-0.3846,0.0474,0.0142,0.0142
70.068,163.3,0.5028,-2.8653,-1.0198,2.481,-2.96,480,0,6,80,0.5347,0.6638,SLOWDOWN,PolygonSlow,0.0474,-0.3846,0.0474,0.0142,0.0142
70.165,163.4,0.5033,-2.8665,-1.0286,2.481,-2.96,480,0,6,81,0.5335,0.6622,SLOWDOWN,PolygonSlow,0.0474,-0.3846,0.0474,0.0142,0.0142
70.264,163.5,0.5038,-2.8677,-1.0375,2.481,-2.96,480,0,6,82,0.5323,0.6607,SLOWDOWN,PolygonSlow,0.0474,-0.3846,0.0474,0.0142,0.0142
70.36,163.6,0.5042,-2.8689,-1.0465,2.481,-2.96,480,0,6,82,0.531,0.6591,SLOWDOWN,PolygonSlow,0.0474,-0.3846,0.0474,0.0142,0.0142
70.463,163.7,0.5047,-2.8702,-1.0555,2.481,-2.96,480,0,6,83,0.5298,0.6575,SLOWDOWN,PolygonSlow,0.0474,-0.3846,0.0474,0.0142,0.0142
70.562,163.8,0.505,-2.8714,-1.0643,2.481,-2.96,480,0,6,84,0.5286,0.6559,SLOWDOWN,PolygonSlow,0.0316,-0.2821,0.0316,0.0095,0.0095
70.661,163.9,0.5053,-2.8722,-1.071,2.481,-2.96,480,0,6,84,0.5277,0.6547,SLOWDOWN,PolygonSlow,0.0316,-0.2821,0.0316,0.0095,0.0095
70.762,164.0,0.5055,-2.873,-1.0777,2.481,-2.96,480,0,6,85,0.5269,0.6536,SLOWDOWN,PolygonSlow,0.0316,-0.2821,0.0316,0.0095,0.0095
70.866,164.1,0.5057,-2.8739,-1.0844,2.481,-2.96,480,0,6,85,0.526,0.6525,SLOWDOWN,PolygonSlow,0.0316,-0.2821,0.0316,0.0095,0.0095
70.962,164.2,0.5058,-2.8747,-1.0912,2.481,-2.96,480,0,6,86,0.5252,0.6513,SLOWDOWN,PolygonSlow,0.0316,-0.2821,0.0316,0.0095,0.0095
71.073,164.3,0.506,-2.8757,-1.0993,2.481,-2.96,480,0,6,86,0.5244,0.6501,SLOWDOWN,PolygonSlow,0.0316,-0.2821,0.0316,0.0095,0.0095
71.162,164.4,0.5061,-2.8764,-1.1048,2.481,-2.96,480,0,6,86,0.5235,0.649,SLOWDOWN,PolygonSlow,0.0316,-0.2821,0.0316,0.0095,0.0095
71.263,164.5,0.5063,-2.8772,-1.1116,2.481,-2.96,480,0,6,87,0.5227,0.6478,SLOWDOWN,PolygonSlow,0.0316,-0.2821,0.0316,0.0095,0.0095
71.373,164.6,0.5064,-2.8781,-1.1185,2.481,-2.96,480,0,6,88,0.5218,0.6466,SLOWDOWN,PolygonSlow,0.0316,-0.2821,0.0316,0.0095,0.0095
71.476,164.7,0.5065,-2.8789,-1.1254,2.481,-2.96,480,0,5,88,0.521,0.6454,SLOWDOWN,PolygonSlow,0.0316,-0.2821,0.0316,0.0095,0.0095
71.576,164.8,0.5066,-2.8798,-1.1323,2.481,-2.96,480,0,5,89,0.5201,0.6442,SLOWDOWN,PolygonSlow,0.0316,-0.2821,0.0316,0.0095,0.0095
71.678,164.9,0.5066,-2.8807,-1.1393,2.481,-2.96,480,0,4,89,0.5192,0.6429,SLOWDOWN,PolygonSlow,0.0316,-0.2821,0.0316,0.0095,0.0095
71.785,165.0,0.5067,-2.8815,-1.1463,2.481,-2.96,480,0,4,90,0.5184,0.6417,SLOWDOWN,PolygonSlow,0.0316,-0.2821,0.0316,0.0095,0.0095
71.878,165.1,0.5068,-2.8824,-1.153,2.481,-2.96,480,0,4,91,0.5175,0.6405,SLOWDOWN,PolygonSlow,0.0316,-0.2308,0.0316,0.0095,0.0095
71.986,165.2,0.5068,-2.8832,-1.1588,2.481,-2.96,480,0,4,92,0.5166,0.6393,SLOWDOWN,PolygonSlow,0.0316,-0.2308,0.0316,0.0095,0.0095
72.08,165.3,0.5069,-2.8841,-1.1646,2.481,-2.96,480,0,4,92,0.5157,0.6381,SLOWDOWN,PolygonSlow,0.0316,-0.2308,0.0316,0.0095,0.0095
72.187,165.4,0.5071,-2.8853,-1.1709,2.481,-2.96,480,0,4,93,0.5146,0.6365,SLOWDOWN,PolygonSlow,0.0316,-0.2308,0.0316,0.0095,0.0095
72.288,165.5,0.5075,-2.8865,-1.1784,2.481,-2.96,480,0,4,94,0.5134,0.635,SLOWDOWN,PolygonSlow,0.0316,-0.2308,0.0316,0.0095,0.0095
72.388,165.6,0.5078,-2.8883,-1.1885,2.481,-2.96,480,0,4,95,0.5117,0.6326,SLOWDOWN,PolygonSlow,0.0316,-0.2308,0.0316,0.0095,0.0095
72.491,165.7,0.5079,-2.8894,-1.1975,2.481,-2.96,480,0,3,97,0.5105,0.6308,SLOWDOWN,PolygonSlow,0.0316,-0.2308,0.0316,0.0095,0.0095
72.59,165.8,0.5081,-2.8913,-1.2078,2.481,-2.96,480,0,3,98,0.5086,0.6284,SLOWDOWN,PolygonSlow,0.0316,-0.2308,0.0316,0.0095,0.0095
72.687,165.9,0.5081,-2.892,-1.2169,2.481,-2.96,480,0,3,99,0.5078,0.627,DO_NOTHING,,0.0,1.0,0.0,0.0,0.0
72.788,166.0,0.5084,-2.892,-1.2083,2.481,-2.96,480,0,3,98,0.5079,0.6276,DO_NOTHING,,0.0,1.0,0.0,0.0,0.0
72.887,166.1,0.5098,-2.892,-1.1823,2.481,-2.96,480,0,6,98,0.5079,0.6292,SLOWDOWN,PolygonSlow,0.0,1.0,0.0,0.0,0.0
72.99,166.2,0.5108,-2.892,-1.1625,2.481,-2.96,480,0,8,97,0.5079,0.6303,SLOWDOWN,PolygonSlow,0.0,1.0,0.0,0.0,0.0
73.087,166.3,0.512,-2.892,-1.138,2.481,-2.96,480,0,10,96,0.5079,0.6316,SLOWDOWN,PolygonSlow,0.0,1.0,0.0,0.0,0.0
73.188,166.4,0.5132,-2.892,-1.1135,2.481,-2.96,480,0,12,95,0.5079,0.6329,SLOWDOWN,PolygonSlow,0.0,1.0,0.0,0.0,0.0
73.285,166.5,0.5141,-2.892,-1.0899,2.481,-2.96,480,0,12,95,0.5079,0.634,SLOWDOWN,PolygonSlow,0.0,0.9487,0.0,0.0,0.0
73.389,166.6,0.515,-2.892,-1.0673,2.481,-2.96,480,0,14,94,0.5079,0.6351,SLOWDOWN,PolygonSlow,0.0,0.9487,0.0,0.0,0.0
73.494,166.7,0.5157,-2.892,-1.0456,2.481,-2.96,480,0,15,93,0.5079,0.636,SLOWDOWN,PolygonSlow,0.0,0.8974,0.0,0.0,0.0
73.59,166.8,0.5163,-2.892,-1.0248,2.481,-2.96,480,0,16,93,0.508,0.6368,SLOWDOWN,PolygonSlow,0.0,0.8974,0.0,0.0,0.0
73.687,166.9,0.5169,-2.892,-1.0048,2.481,-2.96,480,0,16,93,0.508,0.6376,SLOWDOWN,PolygonSlow,0.0,0.8462,0.0,0.0,0.0
73.789,167.0,0.5173,-2.892,-0.9857,2.481,-2.96,480,0,18,92,0.5079,0.6383,SLOWDOWN,PolygonSlow,0.0,0.8462,0.0,0.0,0.0
73.887,167.1,0.5176,-2.892,-0.9674,2.481,-2.96,480,0,18,92,0.508,0.6389,SLOWDOWN,PolygonSlow,0.0,0.7949,0.0,0.0,0.0
73.988,167.2,0.5178,-2.8919,-0.9503,2.481,-2.96,480,0,19,92,0.5081,0.6395,SLOWDOWN,PolygonSlow,0.0,0.7949,0.0,0.0,0.0
74.091,167.3,0.5178,-2.8917,-0.9342,2.481,-2.96,480,0,19,92,0.5083,0.6401,SLOWDOWN,PolygonSlow,0.0,0.7949,0.0,0.0,0.0
74.188,167.4,0.5178,-2.8916,-0.9185,2.481,-2.96,480,0,19,92,0.5084,0.6407,SLOWDOWN,PolygonSlow,0.0,0.7436,0.0,0.0,0.0
74.288,167.5,0.5178,-2.8915,-0.903,2.481,-2.96,480,0,19,90,0.5085,0.6411,SLOWDOWN,PolygonSlow,0.0,0.7436,0.0,0.0,0.0
74.387,167.6,0.5178,-2.8915,-0.8879,2.481,-2.96,480,0,20,91,0.5085,0.6415,SLOWDOWN,PolygonSlow,0.0,0.6923,0.0,0.0,0.0
74.487,167.7,0.5178,-2.8914,-0.873,2.481,-2.96,480,0,20,91,0.5086,0.6418,SLOWDOWN,PolygonSlow,0.0,0.6923,0.0,0.0,0.0
74.587,167.8,0.5178,-2.8913,-0.8579,2.481,-2.96,480,0,20,91,0.5087,0.6422,SLOWDOWN,PolygonSlow,0.0,0.6923,0.0,0.0,0.0
74.687,167.9,0.5178,-2.8911,-0.8431,2.481,-2.96,480,0,19,91,0.5089,0.6426,SLOWDOWN,PolygonSlow,0.0,0.641,0.0,0.0,0.0
74.785,168.0,0.5178,-2.8909,-0.8287,2.481,-2.96,480,0,20,91,0.5091,0.643,SLOWDOWN,PolygonSlow,0.0,0.641,0.0,0.0,0.0
74.887,168.1,0.5178,-2.8908,-0.8141,2.481,-2.96,480,0,20,91,0.5093,0.6433,SLOWDOWN,PolygonSlow,0.0,0.641,0.0,0.0,0.0
74.989,168.2,0.5178,-2.8907,-0.7993,2.481,-2.96,480,0,20,90,0.5093,0.6436,SLOWDOWN,PolygonSlow,0.0,0.641,0.0,0.0,0.0
75.107,168.3,0.5178,-2.8907,-0.7819,2.488,-2.947,480,0,20,90,0.5093,0.6437,SLOWDOWN,PolygonSlow,0.0,0.5897,0.0,0.0,0.0
75.188,168.4,0.5178,-2.8907,-0.7709,2.488,-2.947,480,0,20,91,0.5093,0.6438,SLOWDOWN,PolygonSlow,0.0,0.5897,0.0,0.0,0.0
75.306,168.5,0.5177,-2.8907,-0.7573,2.488,-2.947,480,0,20,91,0.5094,0.6439,SLOWDOWN,PolygonSlow,0.0,0.5897,0.0,0.0,0.0
75.389,168.6,0.5176,-2.8907,-0.7438,2.488,-2.947,480,0,19,91,0.5094,0.6439,SLOWDOWN,PolygonSlow,0.0,0.5897,0.0,0.0,0.0
75.512,168.7,0.5174,-2.8907,-0.731,2.488,-2.947,480,0,20,90,0.5094,0.6439,SLOWDOWN,PolygonSlow,0.0,0.5385,0.0,0.0,0.0
75.606,168.8,0.5173,-2.8907,-0.719,2.488,-2.947,480,0,20,91,0.5094,0.6439,SLOWDOWN,PolygonSlow,0.0,0.5385,0.0,0.0,0.0
75.716,168.9,0.5171,-2.8907,-0.7071,2.488,-2.947,480,0,20,91,0.5094,0.6438,SLOWDOWN,PolygonSlow,0.0,0.4872,0.0,0.0,0.0
75.814,169.0,0.5171,-2.8907,-0.6962,2.488,-2.947,480,0,20,90,0.5093,0.6438,SLOWDOWN,PolygonSlow,0.0,0.4872,0.0,0.0,0.0
75.919,169.1,0.517,-2.8907,-0.6857,2.488,-2.947,480,0,20,91,0.5093,0.6437,SLOWDOWN,PolygonSlow,0.0,0.4872,0.0,0.0,0.0
76.018,169.2,0.517,-2.8907,-0.6754,2.488,-2.947,480,0,19,91,0.5094,0.6437,SLOWDOWN,PolygonSlow,0.0,0.4872,0.0,0.0,0.0
76.122,169.3,0.517,-2.8907,-0.6651,2.481,-2.944,480,0,19,91,0.5094,0.6436,SLOWDOWN,PolygonSlow,0.0,0.4872,0.0,0.0,0.0
76.221,169.4,0.5171,-2.8907,-0.655,2.481,-2.944,480,0,19,91,0.5094,0.6435,SLOWDOWN,PolygonSlow,0.0,0.4359,0.0,0.0,0.0
76.342,169.5,0.5172,-2.8906,-0.6439,2.481,-2.944,480,0,19,90,0.5094,0.6434,SLOWDOWN,PolygonSlow,0.0,0.4359,0.0,0.0,0.0
76.428,169.6,0.5172,-2.8906,-0.6368,2.481,-2.944,480,0,19,91,0.5093,0.6433,SLOWDOWN,PolygonSlow,0.0,0.4359,0.0,0.0,0.0
76.533,169.7,0.5174,-2.8906,-0.628,2.481,-2.944,480,0,18,92,0.5093,0.6432,SLOWDOWN,PolygonSlow,0.0,0.4359,0.0,0.0,0.0
76.628,169.8,0.5175,-2.8906,-0.6193,2.481,-2.944,480,0,18,91,0.5093,0.643,SLOWDOWN,PolygonSlow,0.0,0.4359,0.0,0.0,0.0
76.731,169.9,0.5176,-2.8906,-0.6106,2.481,-2.944,480,0,18,92,0.5094,0.6429,SLOWDOWN,PolygonSlow,0.0,0.4359,0.0,0.0,0.0
76.831,170.0,0.5177,-2.8905,-0.6014,2.481,-2.944,480,0,17,91,0.5095,0.6428,SLOWDOWN,PolygonSlow,0.0,0.3846,0.0,0.0,0.0
76.93,170.1,0.5177,-2.8904,-0.5927,2.481,-2.944,480,0,17,91,0.5096,0.6428,SLOWDOWN,PolygonSlow,0.0,0.3846,0.0,0.0,0.0
77.028,170.2,0.5177,-2.8902,-0.5841,2.481,-2.944,480,0,16,91,0.5098,0.6428,SLOWDOWN,PolygonSlow,0.0,0.3846,0.0,0.0,0.0
77.127,170.3,0.5177,-2.89,-0.5754,2.481,-2.944,480,0,16,92,0.51,0.6428,SLOWDOWN,PolygonSlow,0.0,0.3846,0.0,0.0,0.0
77.227,170.4,0.5177,-2.8898,-0.5667,2.481,-2.944,480,0,16,91,0.5101,0.6428,SLOWDOWN,PolygonSlow,0.0,0.3846,0.0,0.0,0.0
77.329,170.5,0.5177,-2.8896,-0.5579,2.481,-2.944,480,0,16,92,0.5103,0.6429,SLOWDOWN,PolygonSlow,0.0,0.3846,0.0,0.0,0.0
77.432,170.6,0.5177,-2.8894,-0.5491,2.481,-2.944,480,0,15,92,0.5106,0.6429,SLOWDOWN,PolygonSlow,0.0,0.3333,0.0,0.0,0.0
77.531,170.7,0.5177,-2.8892,-0.5413,2.481,-2.944,480,0,14,92,0.5108,0.6429,SLOWDOWN,PolygonSlow,0.0,0.3333,0.0,0.0,0.0
77.631,170.8,0.5177,-2.8889,-0.5335,2.481,-2.944,480,0,14,92,0.511,0.6429,SLOWDOWN,PolygonSlow,0.0,0.3333,0.0,0.0,0.0
77.73,170.9,0.5177,-2.8887,-0.5258,2.481,-2.944,480,0,14,92,0.5112,0.643,SLOWDOWN,PolygonSlow,0.0,0.3333,0.0,0.0,0.0
77.831,171.0,0.5177,-2.8885,-0.518,2.481,-2.944,480,0,14,91,0.5115,0.643,SLOWDOWN,PolygonSlow,0.0,0.3333,0.0,0.0,0.0
77.934,171.1,0.5177,-2.8882,-0.5102,2.481,-2.944,480,0,12,92,0.5118,0.643,SLOWDOWN,PolygonSlow,0.0,0.3333,0.0,0.0,0.0
78.029,171.2,0.5177,-2.8879,-0.5023,2.481,-2.944,480,0,12,91,0.512,0.6431,SLOWDOWN,PolygonSlow,0.0,0.3333,0.0,0.0,0.0
78.13,171.3,0.5177,-2.8876,-0.4944,2.481,-2.944,480,0,12,92,0.5123,0.6431,SLOWDOWN,PolygonSlow,0.0,0.2821,0.0,0.0,0.0
78.232,171.4,0.5177,-2.8874,-0.4874,2.485,-2.942,480,0,11,91,0.5126,0.6431,SLOWDOWN,PolygonSlow,0.0,0.2821,0.0,0.0,0.0
78.335,171.5,0.5177,-2.8871,-0.4806,2.485,-2.942,480,0,11,92,0.5128,0.6432,SLOWDOWN,PolygonSlow,0.0,0.2821,0.0,0.0,0.0
78.441,171.6,0.5177,-2.8868,-0.4739,2.485,-2.942,480,0,10,92,0.5131,0.6432,SLOWDOWN,PolygonSlow,0.0,0.2821,0.0,0.0,0.0
78.537,171.7,0.5177,-2.8865,-0.4671,2.485,-2.942,480,0,10,91,0.5134,0.6433,SLOWDOWN,PolygonSlow,0.0,0.2821,0.0,0.0,0.0
78.64,171.8,0.5177,-2.8863,-0.4602,2.485,-2.942,480,0,9,92,0.5137,0.6433,SLOWDOWN,PolygonSlow,0.0,0.0,0.0,0.0,0.0
78.736,171.9,0.5177,-2.8861,-0.4576,2.485,-2.942,480,0,9,92,0.5138,0.6433,DO_NOTHING,,0.0,0.2821,0.0,0.0,0.0
78.843,172.0,0.5177,-2.8861,-0.4566,2.485,-2.942,480,0,9,92,0.5138,0.6433,SLOWDOWN,PolygonSlow,0.0,0.2821,0.0,0.0,0.0
78.942,172.1,0.5177,-2.8858,-0.45,2.485,-2.942,480,0,9,92,0.5141,0.6434,SLOWDOWN,PolygonSlow,0.0,0.2821,0.0,0.0,0.0
79.045,172.2,0.5177,-2.8855,-0.4431,2.485,-2.942,480,0,7,92,0.5144,0.6434,SLOWDOWN,PolygonSlow,0.0,0.2821,0.0,0.0,0.0
79.143,172.3,0.5177,-2.8852,-0.4362,2.485,-2.942,480,0,7,92,0.5147,0.6435,SLOWDOWN,PolygonSlow,0.0,0.2308,0.0,0.0,0.0
79.255,172.4,0.5177,-2.8849,-0.4299,2.485,-2.942,480,0,6,92,0.515,0.6435,SLOWDOWN,PolygonSlow,0.0,0.2308,0.0,0.0,0.0
79.355,172.5,0.5177,-2.8846,-0.4241,2.485,-2.942,480,0,6,92,0.5153,0.6436,SLOWDOWN,PolygonSlow,0.0,0.2308,0.0,0.0,0.0
79.452,172.6,0.5177,-2.8843,-0.4184,2.485,-2.942,480,0,6,92,0.5155,0.6436,SLOWDOWN,PolygonSlow,0.0,0.2308,0.0,0.0,0.0
79.549,172.7,0.5177,-2.8841,-0.4127,2.485,-2.942,480,0,4,92,0.5158,0.6437,SLOWDOWN,PolygonSlow,0.0,0.2308,0.0,0.0,0.0
79.651,172.8,0.5177,-2.8838,-0.4069,2.485,-2.942,480,0,4,92,0.5161,0.6437,SLOWDOWN,PolygonSlow,0.0,0.2308,0.0,0.0,0.0
79.75,172.9,0.5177,-2.8835,-0.4011,2.485,-2.942,480,0,4,92,0.5165,0.6438,SLOWDOWN,PolygonSlow,0.0,0.2308,0.0,0.0,0.0
79.858,173.0,0.5177,-2.883,-0.3909,2.485,-2.942,480,0,2,92,0.5169,0.6437,DO_NOTHING,,0.0,0.2308,0.0,0.0,0.0
79.958,173.1,0.5177,-2.8819,-0.3713,2.485,-2.942,480,0,0,92,0.5179,0.6439,DO_NOTHING,,0.0,0.2308,0.0,0.0,0.0
80.057,173.2,0.5177,-2.8808,-0.3515,2.485,-2.942,480,0,0,93,0.5191,0.6441,DO_NOTHING,,0.0,0.1795,0.0,0.0,0.0
80.16,173.3,0.5177,-2.8797,-0.3336,2.485,-2.942,480,0,0,93,0.5201,0.6443,DO_NOTHING,,0.0,0.1795,0.0,0.0,0.0
80.26,173.4,0.5177,-2.8787,-0.3179,2.49,-2.935,480,0,0,93,0.5211,0.6444,DO_NOTHING,,0.0,0.0,0.0,0.0,0.0
80.363,173.5,0.5177,-2.878,-0.307,2.49,-2.935,480,0,0,92,0.5218,0.6445,DO_NOTHING,,0.0,0.0,0.0,0.0,0.0
80.462,173.6,0.5177,-2.878,-0.307,2.49,-2.935,480,0,0,92,0.5218,0.6445,DO_NOTHING,,0.0,0.0,0.0,0.0,0.0
80.559,173.7,0.5177,-2.878,-0.307,2.49,-2.935,480,0,0,92,0.5218,0.6445,DO_NOTHING,,0.0,0.0,0.0,0.0,0.0
80.657,173.8,0.5177,-2.878,-0.307,2.49,-2.935,480,0,0,92,0.5218,0.6445,DO_NOTHING,,0.0,0.0,0.0,0.0,0.0
80.759,173.9,0.5177,-2.878,-0.307,2.49,-2.935,480,0,0,92,0.5218,0.6445,DO_NOTHING,,0.0,0.0,0.0,0.0,0.0
80.866,174.0,0.5177,-2.878,-0.307,2.49,-2.935,480,0,0,92,0.5218,0.6445,DO_NOTHING,,0.0,0.0,0.0,0.0,0.0
80.962,174.1,0.5177,-2.878,-0.307,2.49,-2.935,480,0,0,92,0.5218,0.6445,DO_NOTHING,,0.0,0.0,0.0,0.0,0.0
81.06,174.2,0.5177,-2.878,-0.307,2.49,-2.935,480,0,0,92,0.5218,0.6445,DO_NOTHING,,0.0,0.0,0.0,0.0,0.0
81.158,174.3,0.5177,-2.878,-0.307,2.49,-2.935,480,0,0,92,0.5218,0.6445,DO_NOTHING,,0.0,0.0,0.0,0.0,0.0
81.262,174.4,0.5177,-2.878,-0.307,2.49,-2.935,480,0,0,92,0.5218,0.6445,DO_NOTHING,,0.0,0.0,0.0,0.0,0.0
81.363,174.5,0.5177,-2.878,-0.307,2.49,-2.935,480,0,0,92,0.5218,0.6445,DO_NOTHING,,0.0,0.0,0.0,0.0,0.0
81.469,174.6,0.5177,-2.878,-0.307,2.281,-0.31,480,0,0,92,0.5218,0.6445,DO_NOTHING,,0.0,0.9487,0.0,0.0,0.0
81.565,174.7,0.5177,-2.8777,-0.2991,2.281,-0.31,480,0,0,93,0.5221,0.6444,DO_NOTHING,,0.0,0.9487,0.0,0.0,0.0
81.669,174.8,0.5177,-2.876,-0.2635,2.281,-0.31,480,0,0,94,0.5239,0.644,LIMIT,PolygonLimit,0.0,0.9487,0.0,0.0,0.0
81.778,174.9,0.5177,-2.8729,-0.2174,2.281,-0.31,480,0,0,94,0.527,0.6442,LIMIT,PolygonLimit,0.0,0.8974,0.0,0.0,0.0
81.874,175.0,0.5177,-2.8692,-0.1701,2.281,-0.31,480,0,0,94,0.5306,0.6446,LIMIT,PolygonLimit,0.0,0.8462,0.0,0.0,0.0
81.982,175.1,0.5177,-2.8644,-0.1115,2.281,-0.31,480,0,0,98,0.5345,0.6449,LIMIT,PolygonLimit,0.0,0.7949,0.0,0.0,0.0
82.071,175.2,0.5177,-2.861,-0.0712,2.281,-0.31,480,0,0,102,0.5389,0.6452,LIMIT,PolygonLimit,0.0,0.7949,0.0,0.0,0.0
82.174,175.3,0.5177,-2.8565,-0.0195,2.281,-0.31,480,0,0,131,0.5435,0.6453,LIMIT,PolygonLimit,0.0,0.7436,0.0,0.0,0.0
82.273,175.4,0.5177,-2.8517,0.0333,2.281,-0.31,480,0,0,82,0.548,0.6452,LIMIT,PolygonLimit,0.0,0.6923,0.0,0.0,0.0
82.381,175.5,0.5177,-2.8473,0.0846,2.281,-0.31,480,0,0,67,0.5524,0.6448,LIMIT,PolygonLimit,0.0,1.0,0.0,0.0,0.0
82.485,175.6,0.5177,-2.8431,0.1344,2.281,-0.31,480,0,0,60,0.5569,0.644,LIMIT,PolygonLimit,0.0,0.9487,0.0,0.0,0.0
82.581,175.7,0.5177,-2.8392,0.1827,2.281,-0.31,480,0,0,57,0.5605,0.6428,LIMIT,PolygonLimit,0.0,1.0,0.0,0.0,0.0
82.677,175.8,0.5177,-2.8356,0.2298,2.281,-0.31,480,0,0,54,0.5644,0.6413,LIMIT,PolygonLimit,0.0,0.9487,0.0,0.0,0.0
82.781,175.9,0.5177,-2.8324,0.2755,2.281,-0.31,480,0,0,51,0.5673,0.6394,LIMIT,PolygonLimit,0.0,0.8974,0.0,0.0,0.0
82.882,176.0,0.5177,-2.8294,0.3201,2.281,-0.31,480,0,0,49,0.5702,0.6372,LIMIT,PolygonLimit,0.0,0.8462,0.0,0.0,0.0
82.985,176.1,0.5177,-2.8268,0.3635,2.281,-0.31,480,0,0,47,0.5731,0.6347,LIMIT,PolygonLimit,0.0,0.8462,0.0,0.0,0.0
83.083,176.2,0.5177,-2.8244,0.4059,2.281,-0.31,480,0,0,45,0.5752,0.6319,LIMIT,PolygonLimit,0.0,0.7949,0.0,0.0,0.0
83.193,176.3,0.5177,-2.8224,0.4472,2.281,-0.31,480,0,0,43,0.5771,0.6288,LIMIT,PolygonLimit,0.0,0.7436,0.0,0.0,0.0
83.291,176.4,0.5177,-2.8208,0.4875,2.281,-0.31,480,0,0,41,0.5789,0.6254,LIMIT,PolygonLimit,0.0,0.6923,0.0,0.0,0.0
83.403,176.5,0.5177,-2.8194,0.5269,2.281,-0.31,480,0,0,40,0.5802,0.6218,LIMIT,PolygonLimit,0.2526,1.0,0.125,0.0733,0.0733
83.502,176.6,0.5221,-2.8152,0.5578,2.281,-0.31,480,0,0,37,0.5845,0.6224,LIMIT,PolygonLimit,0.2053,1.0,0.2053,0.1026,0.1026
83.604,176.7,0.5305,-2.8091,0.5924,2.281,-0.31,480,0,0,34,0.5906,0.6252,LIMIT,PolygonLimit,0.1737,1.0,0.1737,0.0868,0.0868
83.696,176.8,0.5373,-2.8039,0.6265,2.281,-0.31,480,0,0,32,0.596,0.6278,LIMIT,PolygonLimit,0.1579,1.0,0.1579,0.0789,0.0789
83.793,176.9,0.5434,-2.7991,0.6608,2.281,-0.31,480,0,0,29,0.6005,0.6308,LIMIT,PolygonLimit,0.2368,1.0,0.2368,0.0789,0.0789
83.894,177.0,0.5516,-2.792,0.6958,2.281,-0.31,480,0,0,26,0.6076,0.6367,LIMIT,PolygonLimit,0.3,1.0,0.3,0.15,0.1184
83.992,177.1,0.5621,-2.7826,0.7322,2.281,-0.31,480,0,0,23,0.6174,0.646,LIMIT,PolygonLimit,0.2684,1.0,0.2684,0.15,0.15
84.093,177.2,0.572,-2.7733,0.7703,2.281,-0.31,480,0,0,19,0.6275,0.6561,LIMIT,PolygonLimit,0.2526,1.0,0.2526,0.1342,0.1342
84.192,177.3,0.581,-2.7643,0.8092,2.281,-0.31,480,0,0,16,0.6384,0.667,LIMIT,PolygonLimit,0.3,1.0,0.3,0.1263,0.1263
84.292,177.4,0.5909,-2.7539,0.8467,2.281,-0.31,480,0,0,13,0.6517,0.6806,LIMIT,PolygonLimit,0.1579,1.0,0.175,0.15,0.15
84.392,177.5,0.5973,-2.7464,0.8831,2.281,-0.31,480,0,0,10,0.6632,0.6924,LIMIT,PolygonLimit,0.1421,0.9487,0.1421,0.0789,0.0789
84.492,177.6,0.6019,-2.7405,0.9182,2.281,-0.31,480,0,0,8,0.674,0.7034,LIMIT,PolygonLimit,0.1263,1.0,0.1263,0.0749,0.0749
84.592,177.7,0.6058,-2.7354,0.952,2.281,-0.31,480,0,0,6,0.685,0.7146,LIMIT,PolygonLimit,0.2211,1.0,0.2211,0.0632,0.0632
84.693,177.8,0.6112,-2.7275,0.9866,2.281,-0.31,480,0,0,4,0.7004,0.7302,LIMIT,PolygonLimit,0.2211,0.9487,0.2211,0.1105,0.1105
84.792,177.9,0.6168,-2.7181,1.0224,2.281,-0.31,480,0,0,1,0.7193,0.7494,LIMIT,PolygonLimit,0.1105,0.9487,0.1105,0.1165,0.1165
84.894,178.0,0.6212,-2.7106,1.0619,2.281,-0.31,480,0,0,0,0.7388,0.7692,LIMIT,PolygonLimit,0.1105,1.0,0.1105,0.1105,0.1105
84.995,178.1,0.6251,-2.7033,1.1097,2.281,-0.31,480,0,0,0,0.7634,0.7942,DO_NOTHING,,0.0947,0.8462,0.0947,0.0947,0.0947
85.104,178.2,0.6273,-2.6951,1.1711,2.281,-0.31,480,0,0,0,0.7988,0.8301,DO_NOTHING,,0.1737,0.8974,0.1737,0.1737,0.1737
85.196,178.3,0.6286,-2.682,1.2446,2.281,-0.31,480,0,0,0,0.8549,0.8869,DO_NOTHING,,0.1737,1.0,0.1737,0.1737,0.1737
85.304,178.4,0.6281,-2.6656,1.3328,2.281,-0.31,480,0,0,0,0.9412,0.9741,DO_NOTHING,,0.2684,0.9487,0.2684,0.2684,0.2684
85.395,178.5,0.6255,-2.6431,1.4224,2.281,-0.31,480,0,0,0,0.9927,1.0681,DO_NOTHING,,0.2684,1.0,0.2684,0.2684,0.2684
85.51,178.6,0.6214,-2.6165,1.5218,2.281,-0.31,480,0,0,0,0.9664,1.0522,DO_NOTHING,,0.2842,0.9487,0.2842,0.2842,0.2842
85.602,178.7,0.6153,-2.5883,1.6219,2.281,-0.31,480,0,0,0,0.9381,1.0337,DO_NOTHING,,0.2684,0.8462,0.2842,0.2842,0.2842
85.712,178.8,0.6075,-2.5607,1.7127,2.281,-0.31,480,0,0,0,0.9106,1.0144,DO_NOTHING,,0.3,1.0,0.3,0.3,0.3
85.811,178.9,0.5959,-2.5328,1.7966,2.281,-0.31,480,0,0,0,0.8826,0.9936,DO_NOTHING,,0.3,1.0,0.3,0.3,0.3
85.918,179.0,0.5819,-2.5042,1.8851,2.281,-0.31,480,0,0,0,0.8541,0.9715,DO_NOTHING,,0.3,1.0,0.3,0.3,0.3
86.016,179.1,0.5667,-2.4764,1.9688,2.281,-0.31,480,0,0,0,0.8264,0.9491,DO_NOTHING,,0.3,0.641,0.3,0.3,0.3
86.121,179.2,0.5512,-2.4494,2.0308,2.281,-0.31,480,0,0,0,0.7994,0.9262,DO_NOTHING,,0.3,0.6923,0.3,0.3,0.3
86.221,179.3,0.5363,-2.4244,2.0784,2.281,-0.31,480,0,0,0,0.7746,0.9036,DO_NOTHING,,0.3,0.8462,0.3,0.3,0.3
86.324,179.4,0.5211,-2.4011,2.127,2.281,-0.31,480,0,0,1,0.7519,0.8832,DO_NOTHING,,0.3,0.4872,0.3,0.3,0.3
86.423,179.5,0.5049,-2.3778,2.164,2.281,-0.31,480,0,0,10,0.7292,0.8619,DO_NOTHING,,0.3,0.3846,0.3,0.3,0.3
86.532,179.6,0.4882,-2.3542,2.1908,2.281,-0.31,480,0,0,15,0.707,0.8406,LIMIT,PolygonLimit,0.3,0.5385,0.3,0.2786,0.2786
86.627,179.7,0.4713,-2.3319,2.2228,2.281,-0.31,480,0,0,14,0.6869,0.8212,DO_NOTHING,,0.3,0.1795,0.3,0.3,0.3
86.725,179.8,0.4528,-2.3083,2.2447,2.281,-0.31,480,0,0,13,0.6661,0.8006,DO_NOTHING,,0.3,0.4872,0.3,0.3,0.3
86.825,179.9,0.4344,-2.2859,2.2768,2.281,-0.31,480,0,0,12,0.6476,0.7819,LIMIT,PolygonLimit,0.3,0.5897,0.3,0.2543,0.2543
86.925,180.0,0.4169,-2.2664,2.3119,2.281,-0.31,480,0,0,9,0.6317,0.7653,DO_NOTHING,,0.3,0.1282,0.3,0.3,0.3
87.025,180.1,0.3964,-2.2447,2.3372,2.281,-0.31,480,0,0,7,0.6154,0.748,DO_NOTHING,,0.3,0.2308,0.3,0.3,0.3
87.129,180.2,0.3754,-2.2233,2.3533,2.281,-0.31,480,0,0,6,0.6001,0.7314,DO_NOTHING,,0.3,-0.0256,0.3,0.3,0.3
87.224,180.3,0.3542,-2.2021,2.3543,2.281,-0.31,480,0,0,6,0.5862,0.7163,DO_NOTHING,,0.3,0.0769,0.3,0.3,0.3
87.333,180.4,0.3333,-2.1812,2.362,2.281,-0.31,480,0,0,6,0.5742,0.7024,DO_NOTHING,,0.2842,0.1795,0.2842,0.2842,0.2842
87.428,180.5,0.3127,-2.1611,2.3741,2.281,-0.31,480,0,0,5,0.5639,0.69,DO_NOTHING,,0.3,-0.2308,0.3,0.3,0.3
87.528,180.6,0.2911,-2.1402,2.3707,2.281,-0.31,480,0,0,6,0.5551,0.6787,DO_NOTHING,,0.3,-0.0256,0.3,0.3,0.3
87.633,180.7,0.2696,-2.1193,2.367,2.281,-0.31,480,0,0,7,0.5486,0.6695,DO_NOTHING,,0.3,-0.1282,0.3,0.3,0.3
87.732,180.8,0.2484,-2.0984,2.3579,2.281,-0.31,480,0,0,7,0.5426,0.661,DO_NOTHING,,0.2842,0.2308,0.2842,0.2842,0.2842
87.83,180.9,0.228,-2.0782,2.3671,2.281,-0.31,480,0,0,6,0.5374,0.6526,DO_NOTHING,,0.3,-0.0256,0.3,0.3,0.3
87.928,181.0,0.2066,-2.0572,2.3674,2.281,-0.31,480,0,0,6,0.5349,0.6465,DO_NOTHING,,0.3,0.1282,0.3,0.3,0.3
88.029,181.1,0.1851,-2.0364,2.3761,2.281,-0.31,480,0,0,6,0.5336,0.6407,DO_NOTHING,,0.3,-0.0256,0.3,0.3,0.3
88.129,181.2,0.1635,-2.0156,2.3753,2.281,-0.31,480,0,0,7,0.5337,0.6368,DO_NOTHING,,0.3,0.0769,0.3,0.3,0.3
88.229,181.3,0.1418,-1.9948,2.3803,2.281,-0.31,480,0,0,7,0.5344,0.6323,DO_NOTHING,,0.3,0.0,0.3,0.3,0.3
88.332,181.4,0.1201,-1.9741,2.3785,2.281,-0.31,480,0,0,6,0.5396,0.6322,DO_NOTHING,,0.3,-0.1795,0.3,0.3,0.3
88.444,181.5,0.0985,-1.9532,2.3666,2.281,-0.31,480,0,0,6,0.546,0.6348,DO_NOTHING,,0.3,0.0,0.3,0.3,0.3
88.538,181.6,0.0771,-1.9323,2.3651,2.281,-0.31,480,0,0,6,0.5529,0.637,DO_NOTHING,,0.3,-0.0769,0.3,0.3,0.3
88.646,181.7,0.0515,-1.9069,2.3625,2.281,-0.31,480,0,0,6,0.5595,0.6386,DO_NOTHING,,0.3,0.1282,0.3,0.3,0.3
88.735,181.8,0.0343,-1.8901,2.3688,2.281,-0.31,480,0,0,7,0.5691,0.642,DO_NOTHING,,0.3,0.0256,0.3,0.3,0.3
88.84,181.9,0.0128,-1.8692,2.3708,2.281,-0.31,480,0,0,7,0.5809,0.6487,DO_NOTHING,,0.3,-0.2308,0.3,0.3,0.3
88.939,182.0,-0.0082,-1.8487,2.3622,2.281,-0.31,480,0,0,5,0.5927,0.6563,DO_NOTHING,,0.2842,-0.1795,0.2842,0.2842,0.2842
89.044,182.1,-0.0287,-1.8282,2.3483,2.281,-0.31,480,0,0,4,0.6065,0.666,DO_NOTHING,,0.3,-0.1795,0.3,0.3,0.3
89.145,182.2,-0.0491,-1.8071,2.3344,2.281,-0.31,480,0,0,3,0.6201,0.6764,DO_NOTHING,,0.2842,-0.1795,0.2842,0.2842,0.2842
89.245,182.3,-0.0691,-1.7859,2.3168,2.281,-0.31,480,0,0,1,0.6337,0.6868,DO_NOTHING,,0.3,-0.3333,0.3,0.3,0.3
89.343,182.4,-0.0886,-1.7638,2.2918,2.281,-0.31,480,0,0,0,0.6495,0.7007,DO_NOTHING,,0.2842,-0.3333,0.2842,0.2842,0.2842
89.442,182.5,-0.1076,-1.7416,2.2676,2.281,-0.31,480,0,0,0,0.6639,0.713,DO_NOTHING,,0.3,-0.3333,0.3,0.3,0.3
89.542,182.6,-0.1262,-1.7189,2.2455,2.281,-0.31,480,0,0,0,0.6804,0.7275,DO_NOTHING,,0.2842,-0.2821,0.2842,0.2842,0.2842
89.648,182.7,-0.1441,-1.696,2.223,2.281,-0.31,480,0,0,0,0.6958,0.7408,DO_NOTHING,,0.3,-0.3846,0.3,0.3,0.3
89.746,182.8,-0.162,-1.6723,2.1933,2.281,-0.31,480,0,0,0,0.7127,0.7569,DO_NOTHING,,0.3,-0.5385,0.3,0.3,0.3
89.846,182.9,-0.1791,-1.6484,2.1597,2.281,-0.31,480,0,0,0,0.729,0.7738,DO_NOTHING,,0.3,-0.4872,0.3,0.3,0.3
89.946,183.0,-0.1952,-1.6242,2.1251,2.281,-0.31,480,0,0,0,0.7451,0.7905,DO_NOTHING,,0.3,-0.641,0.3,0.3,0.3
90.046,183.1,-0.2098,-1.5993,2.0841,2.281,-0.31,480,0,0,0,0.7595,0.8066,DO_NOTHING,,0.3,-0.5385,0.3,0.3,0.3
90.146,183.2,-0.223,-1.574,2.0461,2.281,-0.31,480,0,0,0,0.7726,0.8225,DO_NOTHING,,0.2842,-0.4872,0.2842,0.2842,0.2842
90.246,183.3,-0.2341,-1.5491,2.0066,2.281,-0.31,480,0,0,0,0.7838,0.8373,DO_NOTHING,,0.2842,-0.5897,0.2842,0.2842,0.2842
90.345,183.4,-0.2436,-1.523,1.9579,2.281,-0.31,480,0,0,0,0.7932,0.8476,DO_NOTHING,,0.3,-0.6923,0.3,0.3,0.3
90.445,183.5,-0.2509,-1.4953,1.8989,2.281,-0.31,480,0,0,0,0.7782,0.8132,DO_NOTHING,,0.3,-0.7436,0.3,0.3,0.3
90.546,183.6,-0.2562,-1.4674,1.8376,2.281,-0.31,480,0,0,0,0.7576,0.7816,DO_NOTHING,,0.2842,-0.5897,0.2842,0.2842,0.2842
90.644,183.7,-0.2598,-1.4392,1.7821,2.281,-0.31,480,0,0,0,0.7361,0.7502,DO_NOTHING,,0.3,-0.641,0.3,0.3,0.3
90.745,183.8,-0.2618,-1.4118,1.7269,2.281,-0.31,480,0,0,9,0.719,0.7221,LIMIT,PolygonLimit,0.2842,-0.641,0.2842,0.2217,0.2217
90.844,183.9,-0.263,-1.3901,1.6779,2.281,-0.31,480,0,0,11,0.7054,0.6988,LIMIT,PolygonLimit,0.3,-0.6923,0.3,0.2167,0.2167
90.945,184.0,-0.2627,-1.3682,1.6273,2.281,-0.31,480,0,0,0,0.6952,0.6789,DO_NOTHING,,0.2842,-0.641,0.2842,0.2842,0.2217
91.044,184.1,-0.259,-1.342,1.572,2.281,-0.31,480,0,0,0,0.6837,0.6556,DO_NOTHING,,0.3,-0.6923,0.3,0.3,0.3
91.145,184.2,-0.2521,-1.3128,1.5025,2.281,-0.31,480,0,0,0,0.6775,0.6347,DO_NOTHING,,0.2842,-0.641,0.2842,0.2842,0.2842
91.245,184.3,-0.2441,-1.2838,1.4424,2.281,-0.31,480,0,0,0,0.6718,0.615,DO_NOTHING,,0.3,-0.5385,0.3,0.3,0.3
91.346,184.4,-0.2356,-1.2549,1.3923,2.281,-0.31,480,0,0,0,0.6661,0.5982,DO_NOTHING,,0.2842,-0.4872,0.2842,0.2842,0.2842
91.447,184.5,-0.2264,-1.227,1.3464,2.281,-0.31,480,0,0,0,0.6641,0.5849,DO_NOTHING,,0.2842,-0.4872,0.2842,0.2842,0.2842
91.55,184.6,-0.2162,-1.1989,1.3029,2.281,-0.31,480,0,0,0,0.6654,0.5766,DO_NOTHING,,0.3,-0.4872,0.3,0.3,0.3
91.657,184.7,-0.2051,-1.1709,1.2612,2.281,-0.31,480,0,0,0,0.6681,0.5706,DO_NOTHING,,0.2842,-0.4359,0.2842,0.2842,0.2842
91.768,184.8,-0.1911,-1.1381,1.2182,2.281,-0.31,480,0,0,0,0.6731,0.5675,DO_NOTHING,,0.3,-0.1282,0.3,0.3,0.3
91.856,184.9,-0.1813,-1.1159,1.1947,2.281,-0.31,480,0,0,0,0.68,0.5684,DO_NOTHING,,0.3,-0.1282,0.3,0.3,0.3
91.97,185.0,-0.167,-1.0827,1.1791,2.281,-0.31,480,0,0,0,0.6862,0.57,DO_NOTHING,,0.2842,-0.1282,0.3,0.3,0.3
92.055,185.1,-0.1576,-1.0614,1.1696,2.281,-0.31,480,0,0,0,0.6953,0.5755,DO_NOTHING,,0.2842,-0.1282,0.2842,0.2842,0.2842
92.167,185.2,-0.1458,-1.0349,1.1612,2.281,-0.31,480,0,0,0,0.7052,0.5823,DO_NOTHING,,0.2842,-0.1282,0.3,0.3,0.3
92.265,185.3,-0.1339,-1.0087,1.1525,2.281,-0.31,480,0,0,0,0.6992,0.591,DO_NOTHING,,0.3,-0.1282,0.2842,0.2842,0.2842
92.373,185.4,-0.1217,-0.9824,1.1452,2.281,-0.31,480,0,0,0,0.6933,0.6006,DO_NOTHING,,0.2842,-0.1282,0.2842,0.3,0.3
92.472,185.5,-0.1094,-0.9564,1.1367,2.281,-0.31,480,0,0,0,0.6887,0.612,DO_NOTHING,,0.3,-0.1282,0.2842,0.2842,0.2842
92.578,185.6,-0.0968,-0.9303,1.1296,2.281,-0.31,480,0,0,0,0.6833,0.6243,DO_NOTHING,,0.2842,-0.1282,0.2842,0.3,0.3
92.676,185.7,-0.0842,-0.9045,1.1212,2.281,-0.31,480,0,0,0,0.6804,0.6366,DO_NOTHING,,0.3,-0.0769,0.3,0.2842,0.2842
92.782,185.8,-0.0713,-0.8784,1.1161,2.281,-0.31,480,0,0,0,0.6783,0.6494,DO_NOTHING,,0.2842,-0.0769,0.2842,0.2842,0.2842
92.882,185.9,-0.0586,-0.853,1.1115,2.281,-0.31,480,0,0,0,0.6784,0.6619,DO_NOTHING,,0.3,-0.0769,0.3,0.3,0.3
92.983,186.0,-0.0453,-0.8266,1.1074,2.281,-0.31,480,0,0,0,0.6792,0.675,DO_NOTHING,,0.2842,-0.0769,0.2842,0.3,0.3
93.081,186.1,-0.0324,-0.8012,1.1029,2.281,-0.31,480,0,0,0,0.6796,0.6878,DO_NOTHING,,0.3,-0.0256,0.3,0.3,0.3
93.184,186.2,-0.0189,-0.7747,1.1012,2.281,-0.31,480,0,0,0,0.684,0.7012,DO_NOTHING,,0.3,-0.0769,0.3,0.3,0.3
93.281,186.3,-0.0053,-0.7483,1.0973,2.281,-0.31,480,0,0,0,0.6856,0.7147,DO_NOTHING,,0.2842,-0.0769,0.2842,0.2842,0.2842
93.382,186.4,0.0079,-0.7231,1.0928,2.281,-0.31,480,0,0,0,0.6904,0.7277,DO_NOTHING,,0.3,-0.0256,0.3,0.3,0.3
93.483,186.5,0.0216,-0.6968,1.0911,2.281,-0.31,480,0,0,0,0.6971,0.7414,DO_NOTHING,,0.2842,-0.0256,0.2842,0.2842,0.2842
93.581,186.6,0.0348,-0.6715,1.0897,2.281,-0.31,480,0,0,0,0.7051,0.7545,DO_NOTHING,,0.3,-0.0769,0.3,0.3,0.3
93.682,186.7,0.0487,-0.6454,1.0859,2.281,-0.31,480,0,0,0,0.7128,0.7683,DO_NOTHING,,0.2842,-0.1282,0.2842,0.2842,0.2842
93.78,186.8,0.0621,-0.6205,1.0787,2.281,-0.31,480,0,0,0,0.7232,0.7815,DO_NOTHING,,0.2526,-0.0769,0.2526,0.2526,0.2526
93.881,186.9,0.0744,-0.5981,1.0734,2.281,-0.31,480,0,0,0,0.7284,0.7936,DO_NOTHING,,0.2368,-0.0256,0.2368,0.2368,0.2368
93.98,187.0,0.0858,-0.5773,1.0715,2.281,-0.31,480,0,0,0,0.7394,0.8049,DO_NOTHING,,0.2211,-0.0256,0.2211,0.2211,0.2211
94.082,187.1,0.0965,-0.5578,1.07,2.281,-0.31,480,0,0,0,0.7464,0.8112,DO_NOTHING,,0.2053,-0.0256,0.2053,0.2053,0.2053
94.18,187.2,0.1065,-0.5398,1.0685,2.281,-0.31,480,0,0,0,0.7564,0.818,DO_NOTHING,,0.1895,-0.0769,0.1895,0.1895,0.1895
94.282,187.3,0.1157,-0.5232,1.0642,2.281,-0.31,480,0,0,0,0.7631,0.8227,DO_NOTHING,,0.1895,-0.1282,0.1895,0.1895,0.1895
94.382,187.4,0.125,-0.5071,1.0572,2.281,-0.31,480,0,0,0,0.771,0.8284,DO_NOTHING,,0.1737,-0.0769,0.1737,0.1737,0.1737
94.483,187.5,0.1337,-0.492,1.0517,2.281,-0.31,480,0,0,0,0.7788,0.8351,DO_NOTHING,,0.1579,-0.0769,0.1579,0.1579,0.1579
94.585,187.6,0.1417,-0.4783,1.0467,2.281,-0.31,480,0,0,0,0.7863,0.8405,DO_NOTHING,,0.1421,-0.0769,0.1421,0.1421,0.1421
94.685,187.7,0.149,-0.466,1.0415,2.281,-0.31,480,0,0,0,0.7958,0.849,DO_NOTHING,,0.1421,-0.0769,0.1421,0.1421,0.1421
94.788,187.8,0.1562,-0.454,1.037,2.281,-0.31,480,0,0,0,0.8005,0.8527,DO_NOTHING,,0.1263,0.0,0.1263,0.1263,0.1263
94.888,187.9,0.1628,-0.443,1.0362,2.281,-0.31,480,0,0,0,0.8073,0.8572,DO_NOTHING,,0.1263,-0.0769,0.1263,0.1263,0.1263
94.993,188.0,0.1692,-0.4323,1.0324,2.281,-0.31,480,0,0,0,0.8155,0.8644,DO_NOTHING,,0.1105,-0.0769,0.1105,0.1263,0.1263
95.11,188.1,0.1762,-0.4209,1.026,2.281,-0.31,480,0,0,0,0.8194,0.8672,DO_NOTHING,,0.1105,-0.0769,0.1105,0.1105,0.1105
95.194,188.2,0.1808,-0.4135,1.0223,2.281,-0.31,480,0,0,0,0.8246,0.8678,DO_NOTHING,,0.0947,-0.0769,0.0947,0.0947,0.0947
95.311,188.3,0.187,-0.4038,1.0159,2.281,-0.31,480,0,0,0,0.8311,0.8605,DO_NOTHING,,0.0947,-0.0769,0.0947,0.0947,0.0947
95.393,188.4,0.191,-0.3975,1.012,2.281,-0.31,480,0,0,0,0.8356,0.8535,DO_NOTHING,,0.0789,0.0,0.0789,0.0947,0.0947
95.504,188.5,0.1953,-0.3907,1.0113,2.281,-0.31,480,0,0,0,0.841,0.848,DO_NOTHING,,0.0789,-0.0769,0.0789,0.0789,0.0789
95.602,188.6,0.1995,-0.3842,1.0072,2.281,-0.31,480,0,0,0,0.843,0.8421,DO_NOTHING,,0.0789,-0.0769,0.0789,0.0789,0.0789
95.71,188.7,0.2037,-0.3777,1.0025,2.281,-0.31,480,0,0,0,0.8479,0.8364,DO_NOTHING,,0.0632,0.0256,0.0632,0.0632,0.0632
95.808,188.8,0.2071,-0.3724,1.004,2.281,-0.31,480,0,0,0,0.853,0.8325,DO_NOTHING,,0.0632,0.1282,0.0632,0.0632,0.0632
95.915,188.9,0.2103,-0.3671,1.0135,2.281,-0.31,480,0,0,0,0.8509,0.8295,DO_NOTHING,,0.0632,0.1795,0.0632,0.0632,0.0632
96.012,189.0,0.2132,-0.3617,1.0272,2.281,-0.31,480,0,0,0,0.8469,0.8271,DO_NOTHING,,0.0632,0.2308,0.0632,0.0632,0.0632
96.115,189.1,0.2159,-0.3563,1.0448,2.281,-0.31,480,0,0,0,0.843,0.825,DO_NOTHING,,0.0474,0.1282,0.0474,0.0474,0.0474
96.214,189.2,0.2181,-0.3522,1.0551,2.281,-0.31,480,0,0,0,0.84,0.8231,DO_NOTHING,,0.0474,0.0769,0.0474,0.0474,0.0474
96.317,189.3,0.2202,-0.3481,1.0614,2.281,-0.31,480,0,0,0,0.8374,0.8206,DO_NOTHING,,0.0474,0.1282,0.0474,0.0474,0.0474
96.415,189.4,0.2222,-0.3439,1.0717,2.281,-0.31,480,0,0,0,0.8344,0.8186,DO_NOTHING,,0.0474,0.1795,0.0474,0.0474,0.0474
96.521,189.5,0.2239,-0.3398,1.086,2.281,-0.31,480,0,0,0,0.8314,0.817,DO_NOTHING,,0.0474,0.1795,0.0474,0.0474,0.0474
96.615,189.6,0.2255,-0.3357,1.0999,2.281,-0.31,480,0,0,0,0.8283,0.8155,DO_NOTHING,,0.0316,0.0256,0.0316,0.0316,0.0316
96.715,189.7,0.2268,-0.333,1.1026,2.281,-0.31,480,0,0,0,0.8264,0.8137,DO_NOTHING,,0.0,-0.7436,0.0,0.0,0.0
96.814,189.8,0.2272,-0.3331,1.0873,2.281,-0.31,480,0,0,0,0.8267,0.8118,DO_NOTHING,,0.0,-0.7436,0.0,0.0,0.0
96.916,189.9,0.2281,-0.3338,1.0495,2.281,-0.31,480,0,0,0,0.8277,0.8076,DO_NOTHING,,0.0,-0.6923,0.0,0.0,0.0
97.017,190.0,0.229,-0.3346,1.0015,2.281,-0.31,480,0,0,0,0.8284,0.8023,DO_NOTHING,,0.0,-0.641,0.0,0.0,0.0
97.118,190.1,0.2294,-0.3351,0.9571,2.281,-0.31,480,0,0,0,0.8297,0.797,DO_NOTHING,,0.0,-0.641,0.0,0.0,0.0
97.215,190.2,0.2295,-0.3357,0.9141,2.281,-0.31,480,0,0,0,0.83,0.7919,DO_NOTHING,,0.0,-0.5897,0.0,0.0,0.0
97.315,190.3,0.2295,-0.3357,0.8727,2.281,-0.31,480,0,0,0,0.8297,0.7865,DO_NOTHING,,0.0,-0.5385,0.0,0.0,0.0
97.415,190.4,0.2295,-0.3353,0.8334,2.281,-0.31,480,0,0,0,0.8292,0.781,DO_NOTHING,,0.0,-0.4872,0.0,0.0,0.0
97.515,190.5,0.2295,-0.335,0.7961,2.281,-0.31,480,0,0,0,0.8291,0.776,DO_NOTHING,,0.0,-0.4872,0.0,0.0,0.0
97.614,190.6,0.2295,-0.335,0.7585,2.281,-0.31,480,0,0,0,0.8292,0.7713,DO_NOTHING,,0.0,-0.4359,0.0,0.0,0.0
97.716,190.7,0.2299,-0.335,0.7259,2.281,-0.31,480,0,0,0,0.829,0.7673,DO_NOTHING,,0.0,-0.3846,0.0,0.0,0.0
97.816,190.8,0.2302,-0.335,0.6977,2.281,-0.31,480,0,0,0,0.8292,0.7639,DO_NOTHING,,0.0,-0.3846,0.0,0.0,0.0
97.918,190.9,0.2303,-0.335,0.6703,2.281,-0.31,480,0,0,0,0.8293,0.7606,DO_NOTHING,,0.0,-0.3846,0.0,0.0,0.0
98.018,191.0,0.2304,-0.335,0.644,2.281,-0.31,480,0,0,0,0.8293,0.7575,DO_NOTHING,,0.0,-0.3333,0.0,0.0,0.0
98.122,191.1,0.2307,-0.335,0.6215,2.281,-0.31,480,0,0,0,0.8302,0.755,DO_NOTHING,,0.0,-0.3333,0.0,0.0,0.0
98.224,191.2,0.2311,-0.335,0.6,2.281,-0.31,480,0,0,0,0.8299,0.7526,DO_NOTHING,,0.0,-0.2821,0.0,0.0,0.0
98.331,191.3,0.2314,-0.3352,0.5807,2.281,-0.31,480,0,0,0,0.8298,0.7507,DO_NOTHING,,0.0,-0.2821,0.0,0.0,0.0
98.447,191.4,0.2316,-0.3356,0.5564,2.281,-0.31,480,0,0,0,0.8307,0.7488,DO_NOTHING,,0.0,-0.2821,0.0,0.0,0.0
98.534,191.5,0.2316,-0.336,0.5402,2.281,-0.31,480,0,0,0,0.8307,0.747,DO_NOTHING,,0.0,-0.2308,0.0,0.0,0.0
98.641,191.6,0.2316,-0.3367,0.5188,2.281,-0.31,480,0,0,0,0.8316,0.7455,DO_NOTHING,,0.0,-0.2308,0.0,0.0,0.0
98.73,191.7,0.2316,-0.3372,0.5043,2.281,-0.31,480,0,0,0,0.8325,0.7443,DO_NOTHING,,0.0,-0.2308,0.0,0.0,0.0
98.838,191.8,0.2316,-0.3379,0.486,2.281,-0.31,480,0,0,0,0.8325,0.7429,DO_NOTHING,,0.0,-0.2308,0.0,0.0,0.0
98.939,191.9,0.2316,-0.3385,0.4694,2.281,-0.31,480,0,0,0,0.8334,0.7418,DO_NOTHING,,0.0,0.0,0.0,0.0,0.0
99.045,192.0,0.2316,-0.3386,0.4686,2.281,-0.31,480,0,0,0,0.8335,0.7417,DO_NOTHING,,0.0,0.0,0.0,0.0,0.0
99.147,192.1,0.2316,-0.3386,0.4686,2.281,-0.31,480,0,0,0,0.8335,0.7417,DO_NOTHING,,0.0,0.0,0.0,0.0,0.0
99.254,192.2,0.2316,-0.3386,0.4686,2.281,-0.31,480,0,0,0,0.8335,0.7417,DO_NOTHING,,0.0,0.0,0.0,0.0,0.0
99.353,192.3,0.2316,-0.3386,0.4686,2.281,-0.31,480,0,0,0,0.8335,0.7417,DO_NOTHING,,0.0,0.0,0.0,0.0,0.0
99.456,192.4,0.2316,-0.3386,0.4686,2.281,-0.31,480,0,0,0,0.8335,0.7417,DO_NOTHING,,0.0,0.0,0.0,0.0,0.0
99.557,192.5,0.2316,-0.3386,0.4686,2.281,-0.31,480,0,0,0,0.8335,0.7417,DO_NOTHING,,0.0,0.0,0.0,0.0,0.0
99.659,192.6,0.2316,-0.3386,0.4686,2.281,-0.31,480,0,0,0,0.8335,0.7417,DO_NOTHING,,0.0,0.0,0.0,0.0,0.0
99.758,192.7,0.2316,-0.3386,0.4686,2.281,-0.31,480,0,0,0,0.8335,0.7417,DO_NOTHING,,0.0,0.0,0.0,0.0,0.0
99.863,192.8,0.2316,-0.3386,0.4686,2.281,-0.31,480,0,0,0,0.8335,0.7417,DO_NOTHING,,0.0,0.0,0.0,0.0,0.0
99.96,192.9,0.2316,-0.3386,0.4686,2.281,-0.31,480,0,0,0,0.8335,0.7417,DO_NOTHING,,0.0,0.0,0.0,0.0,0.0
100.062,193.0,0.2316,-0.3386,0.4686,-0.619,-0.11,480,0,0,0,0.8335,0.7417,DO_NOTHING,,0.0,-1.0,0.0,0.0,0.0
100.16,193.1,0.2316,-0.3388,0.4617,-0.619,-0.11,480,0,0,0,0.8338,0.7412,DO_NOTHING,,0.0,-1.0,0.0,0.0,0.0
100.261,193.2,0.2319,-0.3396,0.4318,-0.619,-0.11,480,0,0,0,0.8341,0.739,DO_NOTHING,,0.0,-1.0,0.0,0.0,0.0
100.361,193.3,0.2322,-0.3409,0.3753,-0.619,-0.11,480,0,0,0,0.8355,0.735,DO_NOTHING,,0.0,-1.0,0.0,0.0,0.0
100.46,193.4,0.2324,-0.3426,0.2918,-0.619,-0.11,480,0,0,0,0.8373,0.7291,DO_NOTHING,,0.0,-1.0,0.0,0.0,0.0
100.561,193.5,0.2324,-0.3457,0.2001,-0.619,-0.11,480,0,0,0,0.84,0.7246,DO_NOTHING,,0.0,-1.0,0.0,0.0,0.0
100.659,193.6,0.2324,-0.3501,0.103,-0.619,-0.11,480,0,0,0,0.844,0.7223,DO_NOTHING,,0.0,-1.0,0.0,0.0,0.0
100.759,193.7,0.2324,-0.3561,-0.0,-0.619,-0.11,480,0,0,0,0.8495,0.7221,DO_NOTHING,,0.0,-0.8974,0.0,0.0,0.0
100.862,193.8,0.2324,-0.3634,-0.0971,-0.619,-0.11,480,0,0,0,0.8484,0.7252,DO_NOTHING,,0.0,-0.8462,0.0,0.0,0.0
100.958,193.9,0.2324,-0.3703,-0.1815,-0.619,-0.11,480,0,0,0,0.8433,0.736,DO_NOTHING,,0.0,-0.7949,0.0,0.0,0.0
101.058,194.0,0.2324,-0.3759,-0.2572,-0.619,-0.11,480,0,0,0,0.8396,0.7759,DO_NOTHING,,0.0,-1.0,0.0,0.0,0.0
101.16,194.1,0.2324,-0.3811,-0.3359,-0.619,-0.11,480,0,0,0,0.8342,0.9688,DO_NOTHING,,0.0,-1.0,0.0,0.0,0.0
101.259,194.2,0.2324,-0.3858,-0.4209,-0.619,-0.11,480,0,0,0,0.8291,0.9632,DO_NOTHING,,0.0,-1.0,0.0,0.0,0.0
101.36,194.3,0.2324,-0.3893,-0.5019,-0.619,-0.11,480,0,0,0,0.8253,0.9582,DO_NOTHING,,0.0,-1.0,0.0,0.0,0.0
101.464,194.4,0.2324,-0.3915,-0.5789,-0.619,-0.11,480,0,0,0,0.8237,0.9547,DO_NOTHING,,0.0,-1.0,0.0,0.0,0.0
101.563,194.5,0.2321,-0.3923,-0.6506,-0.619,-0.11,480,0,0,0,0.8237,0.9524,DO_NOTHING,,0.0158,-0.8974,0.0,0.0,0.0
101.669,194.6,0.2327,-0.393,-0.7172,-0.619,-0.11,480,0,0,0,0.8208,0.9471,DO_NOTHING,,0.0158,-0.7949,0.0158,0.0158,0.0158
101.787,194.7,0.2343,-0.3943,-0.793,-0.619,-0.11,480,0,0,0,0.8222,0.9452,DO_NOTHING,,0.0,-1.0,0.0,0.0,0.0
101.871,194.8,0.2345,-0.395,-0.848,-0.619,-0.11,480,0,0,0,0.8187,0.9384,DO_NOTHING,,0.0158,-1.0,0.0,0.0,0.0
101.982,194.9,0.2353,-0.3963,-0.933,-0.619,-0.11,480,0,0,0,0.8172,0.9326,DO_NOTHING,,0.0158,-1.0,0.0158,0.0158,0.0158
102.071,195.0,0.236,-0.3976,-0.9854,-0.619,-0.11,480,0,0,0,0.8155,0.9262,DO_NOTHING,,0.0158,-1.0,0.0158,0.0158,0.0158
102.181,195.1,0.2368,-0.3993,-1.047,-0.619,-0.11,480,0,0,0,0.8179,0.9233,DO_NOTHING,,0.0158,-1.0,0.0158,0.0158,0.0158
102.278,195.2,0.2374,-0.401,-1.1111,-0.619,-0.11,480,0,0,0,0.8146,0.9151,DO_NOTHING,,0.0,-1.0,0.0,0.0158,0.0158
102.387,195.3,0.2385,-0.4021,-1.1875,-0.619,-0.11,480,0,0,0,0.811,0.9055,DO_NOTHING,,0.0,-1.0,0.0,0.0,0.0
102.486,195.4,0.2395,-0.4022,-1.2742,-0.619,-0.11,480,0,0,0,0.8111,0.8974,DO_NOTHING,,0.0,-1.0,0.0,0.0,0.0
102.592,195.5,0.239,-0.4022,-1.3657,-0.619,-0.11,480,0,0,0,0.8108,0.8881,DO_NOTHING,,0.0,-1.0,0.0,0.0,0.0
102.689,195.6,0.2371,-0.4022,-1.4624,-0.619,-0.11,480,0,0,0,0.8117,0.8775,DO_NOTHING,,0.0,-1.0,0.0,0.0,0.0
102.791,195.7,0.2337,-0.4022,-1.5651,-0.619,-0.11,480,0,0,0,0.8125,0.8663,DO_NOTHING,,0.0316,-1.0,0.0316,0.0316,0.0316
102.891,195.8,0.2283,-0.4047,-1.6678,-0.619,-0.11,480,0,0,0,0.8134,0.8535,DO_NOTHING,,0.0,-1.0,0.0,0.0316,0.0316
102.995,195.9,0.2219,-0.4058,-1.7646,-0.619,-0.11,480,0,0,0,0.8171,0.8431,DO_NOTHING,,0.0316,-1.0,0.0316,0.0316,0.0316
103.092,196.0,0.2148,-0.4078,-1.8558,-0.619,-0.11,480,0,0,0,0.8178,0.8308,DO_NOTHING,,0.0316,-1.0,0.0316,0.0316,0.0316
103.193,196.1,0.2083,-0.4107,-1.9433,-0.619,-0.11,480,0,0,0,0.8149,0.8159,DO_NOTHING,,0.0316,-1.0,0.0316,0.0316,0.0316
103.292,196.2,0.2029,-0.4136,-2.0266,-0.619,-0.11,480,0,0,0,0.8155,0.8047,DO_NOTHING,,0.0158,-1.0,0.0158,0.0316,0.0316
103.392,196.3,0.1992,-0.4156,-2.1047,-0.619,-0.11,480,0,0,0,0.8157,0.7932,DO_NOTHING,,0.0158,-1.0,0.0158,0.0158,0.0158
103.493,196.4,0.1967,-0.4168,-2.1796,-0.619,-0.11,480,0,0,0,0.8145,0.7817,DO_NOTHING,,0.0158,-1.0,0.0158,0.0158,0.0158
103.592,196.5,0.1956,-0.4176,-2.2491,-0.619,-0.11,480,0,0,0,0.8166,0.7739,DO_NOTHING,,0.0158,-1.0,0.0158,0.0158,0.0158
103.693,196.6,0.1945,-0.4191,-2.3224,-0.619,-0.11,480,0,0,0,0.8159,0.7634,DO_NOTHING,,0.2211,-1.0,0.1408,0.0158,0.0158
103.792,196.7,0.1892,-0.4242,-2.3941,-0.619,-0.11,480,0,0,0,0.8118,0.7499,DO_NOTHING,,0.2053,-1.0,0.2053,0.2211,0.2211
103.892,196.8,0.1741,-0.4373,-2.4661,-0.619,-0.11,480,0,0,0,0.8068,0.7331,DO_NOTHING,,0.2368,-0.9487,0.2368,0.2053,0.2053
103.995,196.9,0.1565,-0.451,-2.5319,-0.619,-0.11,480,0,0,0,0.8025,0.7188,DO_NOTHING,,0.3,-0.9487,0.3,0.3,0.3
104.09,197.0,0.1346,-0.4652,-2.5964,-0.619,-0.11,480,0,0,0,0.8036,0.709,DO_NOTHING,,0.2684,-1.0,0.2684,0.3,0.3
104.194,197.1,0.1113,-0.4782,-2.6669,-0.619,-0.11,480,0,0,0,0.805,0.7002,DO_NOTHING,,0.3,-1.0,0.3,0.3,0.2684
104.291,197.2,0.0862,-0.4877,-2.7414,-0.619,-0.11,480,0,0,0,0.8101,0.6968,DO_NOTHING,,0.2842,-1.0,0.2842,0.3,0.3
104.391,197.3,0.0596,-0.4945,-2.8248,-0.619,-0.11,480,0,0,0,0.8219,0.7002,DO_NOTHING,,0.2842,-1.0,0.2842,0.2842,0.2842
104.492,197.4,0.0323,-0.4994,-2.9151,-0.619,-0.11,480,0,0,0,0.8337,0.7056,DO_NOTHING,,0.3,-1.0,0.3,0.2842,0.2842
104.591,197.5,0.0032,-0.5024,-3.01,-0.619,-0.11,480,0,0,0,0.8531,0.7316,DO_NOTHING,,0.3,-1.0,0.3,0.3,0.3
104.69,197.6,-0.0267,-0.503,-3.1112,-0.619,-0.11,480,0,0,0,0.8234,0.9164,DO_NOTHING,,0.3,-1.0,0.3,0.3,0.3
104.791,197.7,-0.0566,-0.5012,3.0675,-0.619,-0.11,480,0,0,0,0.7932,0.8757,DO_NOTHING,,0.2842,-0.7949,0.2842,0.3,0.3
104.889,197.8,-0.0852,-0.4977,2.98,-0.619,-0.11,480,0,0,0,0.7645,0.8375,DO_NOTHING,,0.3,-0.8974,0.3,0.2842,0.2842
104.995,197.9,-0.1138,-0.4914,2.9019,-0.619,-0.11,480,0,0,0,0.736,0.7999,DO_NOTHING,,0.3,-0.9487,0.3,0.3,0.3
105.109,198.0,-0.1479,-0.4802,2.8021,-0.619,-0.11,480,0,0,0,0.7078,0.7612,DO_NOTHING,,0.2842,-0.8974,0.2842,0.2842,0.2842
105.195,198.1,-0.1672,-0.4719,2.7461,-0.619,-0.11,480,0,0,16,0.6837,0.7273,LIMIT,PolygonLimit,0.3,-0.8974,0.3,0.1671,0.1671
105.314,198.2,-0.1858,-0.4611,2.6941,-0.619,-0.11,480,0,0,27,0.668,0.7061,LIMIT,PolygonLimit,0.2842,-0.641,0.2842,0.1927,0.1927
105.396,198.3,-0.1991,-0.4534,2.6709,-0.619,-0.11,480,0,0,36,0.6527,0.6858,LIMIT,PolygonLimit,0.2684,-0.5897,0.2684,0.2276,0.2276
105.506,198.4,-0.2171,-0.4429,2.6433,-0.619,-0.11,480,0,0,39,0.6356,0.6642,LIMIT,PolygonLimit,0.3,-0.5385,0.3,0.2786,0.2786
105.605,198.5,-0.2383,-0.4296,2.6152,-0.619,-0.11,480,0,0,37,0.6157,0.6392,DO_NOTHING,,0.3,-0.3846,0.3,0.3,0.3
105.719,198.6,-0.2628,-0.4143,2.5918,-0.619,-0.11,480,0,0,37,0.5935,0.6117,DO_NOTHING,,0.2842,-0.3846,0.2842,0.2842,0.2842
105.816,198.7,-0.2861,-0.399,2.5674,-0.619,-0.11,480,0,0,37,0.5729,0.5852,DO_NOTHING,,0.3,-0.4359,0.3,0.3,0.3
105.929,198.8,-0.3101,-0.3825,2.5392,-0.619,-0.11,480,0,0,35,0.5535,0.5574,LIMIT,PolygonLimit,0.3,-0.5385,0.3,0.2786,0.2786
106.025,198.9,-0.3325,-0.3659,2.5071,-0.619,-0.11,480,0,0,36,0.5345,0.5307,DO_NOTHING,,0.3,-0.4359,0.3,0.3,0.3
106.137,199.0,-0.3561,-0.3478,2.4789,-0.619,-0.11,480,0,0,36,0.5176,0.5037,DO_NOTHING,,0.3,-0.1795,0.3,0.3,0.3
106.236,199.1,-0.3796,-0.3292,2.4651,-0.619,-0.11,480,0,0,37,0.501,0.4794,DO_NOTHING,,0.3,-0.0769,0.3,0.3,0.3
106.35,199.2,-0.4029,-0.3103,2.4554,-0.619,-0.11,480,0,0,40,0.4871,0.4574,DO_NOTHING,,0.3,0.0769,0.3,0.3,0.3
106.446,199.3,-0.4261,-0.2912,2.4538,-0.619,-0.11,480,0,0,42,0.4731,0.4366,DO_NOTHING,,0.3,0.1282,0.3,0.3,0.3
106.557,199.4,-0.4493,-0.2722,2.461,-0.619,-0.11,480,0,0,45,0.462,0.4191,DO_NOTHING,,0.3,0.1795,0.3,0.3,0.3
106.653,199.5,-0.4727,-0.2535,2.4718,-0.619,-0.11,480,0,0,48,0.4515,0.402,DO_NOTHING,,0.3,0.2821,0.3,0.3,0.3
106.763,199.6,-0.4963,-0.235,2.4873,-0.619,-0.11,480,0,0,51,0.4428,0.3877,DO_NOTHING,,0.2842,0.2821,0.3,0.3,0.3
106.859,199.7,-0.5195,-0.2174,2.5067,-0.619,-0.11,480,0,0,53,0.4351,0.3745,DO_NOTHING,,0.3,0.2821,0.2842,0.2842,0.2842
106.96,199.8,-0.5429,-0.2003,2.5255,-0.619,-0.11,480,0,0,56,0.4289,0.3631,DO_NOTHING,,0.3,0.2821,0.3,0.3,0.3
107.059,199.9,-0.5671,-0.1832,2.5439,-0.619,-0.11,480,0,0,58,0.426,0.3533,DO_NOTHING,,0.3,0.3333,0.3,0.3,0.3
107.161,200.0,-0.5915,-0.1666,2.5635,-0.619,-0.11,480,0,0,62,0.4223,0.344,DO_NOTHING,,0.2842,0.2821,0.3,0.3,0.3
107.26,200.1,-0.6155,-0.1508,2.5835,-0.619,-0.11,480,0,0,63,0.4205,0.3369,DO_NOTHING,,0.2842,0.2821,0.2842,0.2842,0.2842
107.36,200.2,-0.6391,-0.136,2.6012,-0.619,-0.11,480,0,0,65,0.421,0.3317,DO_NOTHING,,0.3,0.3846,0.2842,0.2842,0.2842
107.458,200.3,-0.6634,-0.1214,2.6214,-0.619,-0.11,480,0,0,68,0.4225,0.3278,DO_NOTHING,,0.3,0.1795,0.3,0.3,0.3
107.558,200.4,-0.6891,-0.1072,2.6435,-0.619,-0.11,480,0,0,70,0.4249,0.3251,DO_NOTHING,,0.3,0.2821,0.3,0.3,0.3
107.659,200.5,-0.7151,-0.0934,2.6585,-0.619,-0.11,480,0,0,72,0.4299,0.3255,DO_NOTHING,,0.2842,0.2308,0.3,0.3,0.3
107.76,200.6,-0.7407,-0.0803,2.6768,-0.619,-0.11,480,0,0,74,0.4344,0.325,DO_NOTHING,,0.3,0.2308,0.2842,0.2842,0.2842
107.859,200.7,-0.7665,-0.068,2.6932,-0.619,-0.11,480,0,0,76,0.4403,0.3265,DO_NOTHING,,0.2842,0.1795,0.3,0.3,0.3
107.959,200.8,-0.7927,-0.0559,2.7087,-0.619,-0.11,480,0,0,78,0.4482,0.3308,DO_NOTHING,,0.3,0.1795,0.2842,0.2842,0.2842
108.059,200.9,-0.8191,-0.0444,2.7223,-0.619,-0.11,480,0,0,78,0.457,0.3359,DO_NOTHING,,0.2842,0.1282,0.3,0.3,0.3
108.161,201.0,-0.8456,-0.0331,2.7342,-0.619,-0.11,480,0,0,80,0.4668,0.343,DO_NOTHING,,0.3,0.1795,0.2842,0.2842,0.2842
108.263,201.1,-0.8725,-0.0222,2.7463,-0.619,-0.11,480,0,0,81,0.4777,0.3518,DO_NOTHING,,0.2842,0.1795,0.3,0.3,0.3
108.371,201.2,-0.8992,-0.0117,2.7611,-0.619,-0.11,480,0,0,81,0.4881,0.362,DO_NOTHING,,0.2842,0.3333,0.2842,0.2842,0.2842
108.484,201.3,-0.9308,-0.0009,2.7878,-0.619,-0.11,480,0,0,84,0.4974,0.3722,DO_NOTHING,,0.3,0.3846,0.3,0.2842,0.2842
108.569,201.4,-0.953,0.0057,2.8128,-0.619,-0.11,480,0,0,85,0.5056,0.382,DO_NOTHING,,0.2842,0.3333,0.3,0.3,0.3
108.684,201.5,-0.9859,0.014,2.8497,-0.619,-0.11,480,0,0,88,0.5126,0.3907,DO_NOTHING,,0.3,0.3333,0.3,0.3,0.3
108.77,201.6,-1.0088,0.019,2.8735,-0.619,-0.11,480,0,0,91,0.5189,0.3987,DO_NOTHING,,0.2842,0.1795,0.3,0.3,0.3
108.879,201.7,-1.0368,0.0247,2.8962,-0.619,-0.11,480,0,0,92,0.5245,0.4058,DO_NOTHING,,0.2842,0.2308,0.2842,0.2842,0.2842
108.976,201.8,-1.0644,0.0299,2.9169,-0.619,-0.11,480,0,0,89,0.5297,0.4123,DO_NOTHING,,0.2684,0.2308,0.2684,0.2842,0.2842
109.085,201.9,-1.0911,0.0342,2.9383,-0.619,-0.11,480,0,0,88,0.5341,0.4181,DO_NOTHING,,0.2842,0.1795,0.2842,0.2842,0.2842
109.184,202.0,-1.1188,0.0383,2.9559,-0.619,-0.11,480,0,0,86,0.5381,0.4234,DO_NOTHING,,0.3,0.1795,0.3,0.3,0.3
109.289,202.1,-1.1482,0.0422,2.973,-0.619,-0.11,480,0,0,82,0.5421,0.4285,DO_NOTHING,,0.2842,0.1795,0.2842,0.2842,0.2842
109.389,202.2,-1.1764,0.0455,2.9901,-0.619,-0.11,480,0,0,80,0.5455,0.4331,DO_NOTHING,,0.3,0.1795,0.3,0.3,0.3
109.493,202.3,-1.2059,0.0483,3.0075,-0.619,-0.11,480,0,0,76,0.5481,0.4372,DO_NOTHING,,0.2842,0.1795,0.2842,0.2842,0.2842
109.59,202.4,-1.2343,0.0505,3.025,-0.619,-0.11,480,0,0,75,0.5503,0.4408,DO_NOTHING,,0.3,0.1795,0.3,0.2842,0.2842
109.692,202.5,-1.2638,0.0522,3.0427,-0.619,-0.11,480,0,0,70,0.552,0.4438,DO_NOTHING,,0.2842,0.1282,0.2842,0.3,0.3
109.791,202.6,-1.2924,0.0537,3.0567,-0.619,-0.11,480,0,0,67,0.5536,0.4464,DO_NOTHING,,0.3,0.1282,0.3,0.2842,0.2842
109.89,202.7,-1.322,0.0549,3.0695,-0.619,-0.11,480,0,0,61,0.5547,0.4487,DO_NOTHING,,0.2684,0.1282,0.2684,0.3,0.3
109.99,202.8,-1.3496,0.0558,3.0821,-0.619,-0.11,480,0,0,54,0.5555,0.4506,DO_NOTHING,,0.2842,0.1282,0.2842,0.2684,0.2684
110.091,202.9,-1.3776,0.0561,3.0952,-0.619,-0.11,480,0,0,47,0.5571,0.4521,DO_NOTHING,,0.3,0.1282,0.3,0.2842,0.2842
110.19,203.0,-1.4072,0.0562,3.1083,-0.619,-0.11,480,0,0,34,0.5593,0.4532,DO_NOTHING,,0.2842,0.1282,0.2842,0.3,0.3
110.29,203.1,-1.436,0.0558,3.1215,-0.619,-0.11,480,0,0,12,0.5625,0.454,DO_NOTHING,,0.3,0.1282,0.3,0.2842,0.2842
110.39,203.2,-1.4656,0.055,3.1349,-0.619,-0.11,480,0,0,0,0.5673,0.4552,DO_NOTHING,,0.2842,0.0769,0.2842,0.3,0.3
110.491,203.3,-1.4944,0.0542,-3.1389,-0.619,-0.11,480,0,0,0,0.5733,0.4579,DO_NOTHING,,0.3,0.0769,0.3,0.2842,0.2842
110.589,203.4,-1.524,0.0533,-3.131,-0.619,-0.11,480,0,0,0,0.5806,0.4621,DO_NOTHING,,0.3,0.0769,0.3,0.3,0.3
110.689,203.5,-1.554,0.0521,-3.1229,-0.619,-0.11,480,0,0,0,0.5891,0.4679,DO_NOTHING,,0.2842,-0.0256,0.2842,0.3,0.3
110.792,203.6,-1.5828,0.0515,-3.1225,-0.619,-0.11,480,0,0,0,0.5993,0.4751,DO_NOTHING,,0.3,-0.0256,0.3,0.2842,0.2842
110.89,203.7,-1.6124,0.0512,-3.1251,-0.619,-0.11,480,0,0,0,0.6115,0.4847,DO_NOTHING,,0.2842,-0.0256,0.2842,0.2842,0.2842
110.99,203.8,-1.641,0.051,-3.1277,-0.619,-0.11,480,0,0,0,0.6233,0.4945,DO_NOTHING,,0.3,-0.0256,0.3,0.2842,0.2842
111.089,203.9,-1.6707,0.0509,-3.1303,-0.619,-0.11,480,0,0,0,0.638,0.5073,DO_NOTHING,,0.2684,0.0,0.2684,0.3,0.3
111.19,204.0,-1.6983,0.0506,-3.1308,-0.619,-0.11,480,0,0,0,0.6542,0.5222,DO_NOTHING,,0.2842,-0.0256,0.2842,0.2684,0.2684
111.29,204.1,-1.7264,0.0505,-3.1329,-0.619,-0.11,480,0,0,0,0.6969,0.5648,DO_NOTHING,,0.3,-0.0256,0.3,0.2842,0.2842
111.39,204.2,-1.756,0.0505,-3.1354,-0.619,-0.11,480,0,0,0,0.7588,0.6267,DO_NOTHING,,0.2842,-0.0256,0.2842,0.3,0.3
111.49,204.3,-1.7848,0.0506,-3.1381,-0.619,-0.11,480,0,0,0,0.8195,0.6875,DO_NOTHING,,0.3,0.0,0.3,0.2842,0.2842
111.591,204.4,-1.8145,0.0506,-3.1386,-0.619,-0.11,480,0,0,0,0.8795,0.7475,DO_NOTHING,,0.2842,0.0,0.2842,0.3,0.3
111.695,204.5,-1.843,0.0505,-3.1386,-0.619,-0.11,480,0,0,0,0.898,0.8046,DO_NOTHING,,0.3,0.0,0.3,0.3,0.3
111.807,204.6,-1.8729,0.0504,-3.1386,-0.619,-0.11,480,0,0,0,0.9156,0.8642,DO_NOTHING,,0.2684,0.0,0.2684,0.2684,0.2684
111.895,204.7,-1.9002,0.0503,-3.1386,-0.619,-0.11,480,0,0,0,0.9328,0.9187,DO_NOTHING,,0.2842,0.0,0.2842,0.2842,0.2842
112.006,204.8,-1.9284,0.0502,-3.1386,-0.619,-0.11,480,0,0,0,0.9524,0.9752,DO_NOTHING,,0.3,0.0256,0.3,0.3,0.3
112.094,204.9,-1.9582,0.0499,-3.1363,-0.619,-0.11,480,0,0,0,1.0159,1.0301,DO_NOTHING,,0.2842,0.0256,0.2842,0.2842,0.2842
112.205,205.0,-1.9868,0.0495,-3.1337,-0.619,-0.11,480,0,0,0,1.078,1.0816,DO_NOTHING,,0.3,0.1282,0.3,0.3,0.3
112.304,205.1,-2.0164,0.0484,-3.123,-0.619,-0.11,480,0,0,0,1.1581,1.1927,DO_NOTHING,,0.2842,0.1282,0.2842,0.2842,0.2842
112.415,205.2,-2.045,0.0465,-3.1098,-0.619,-0.11,480,0,0,0,1.2451,1.2801,DO_NOTHING,,0.3,0.1282,0.3,0.3,0.3
112.513,205.3,-2.0748,0.0442,-3.0965,-0.619,-0.11,480,0,0,0,1.34,1.3755,DO_NOTHING,,0.2842,0.1795,0.2842,0.2842,0.2842
112.619,205.4,-2.1033,0.0412,-3.0781,-0.619,-0.11,480,0,0,0,1.451,1.4869,DO_NOTHING,,0.3,0.2308,0.3,0.3,0.3
112.717,205.5,-2.1328,0.0371,-3.0551,-0.619,-0.11,480,0,0,0,1.7673,1.8656,DO_NOTHING,,0.2842,0.2308,0.2842,0.2842,0.2842
112.823,205.6,-2.161,0.0325,-3.0333,-0.619,-0.11,480,0,0,0,1.7387,1.8393,DO_NOTHING,,0.2842,0.1795,0.2842,0.2842,0.2842
112.923,205.7,-2.189,0.0277,-3.0156,-0.619,-0.11,480,0,0,0,1.711,1.8129,DO_NOTHING,,0.2684,0.1795,0.2684,0.2684,0.2684
113.023,205.8,-2.2158,0.0227,-2.9984,-0.619,-0.11,480,0,0,0,1.6842,1.7875,DO_NOTHING,,0.2842,0.1795,0.2842,0.2842,0.2842
113.122,205.9,-2.2441,0.017,-2.9815,-0.619,-0.11,480,0,0,0,1.6557,1.7607,DO_NOTHING,,0.3,0.1795,0.3,0.3,0.3
113.224,206.0,-2.2734,0.0107,-2.9651,-0.619,-0.11,480,0,0,0,1.6265,1.7328,DO_NOTHING,,0.2842,0.1282,0.2842,0.2842,0.2842
113.323,206.1,-2.3011,0.0047,-2.953,-0.619,-0.11,480,0,0,0,1.599,1.7061,DO_NOTHING,,0.2684,0.1282,0.2684,0.2684,0.2684
113.423,206.2,-2.327,-0.0013,-2.9411,-0.619,-0.11,480,0,0,0,1.5729,1.6811,DO_NOTHING,,0.2368,0.1282,0.2368,0.2368,0.2368
113.523,206.3,-2.3499,-0.007,-2.9292,-0.619,-0.11,480,0,0,0,1.5499,1.6592,DO_NOTHING,,0.2211,0.1282,0.2211,0.2211,0.2211
113.623,206.4,-2.3712,-0.0125,-2.9173,-0.619,-0.11,480,0,0,0,1.5286,1.6388,DO_NOTHING,,0.2053,0.1282,0.2053,0.2053,0.2053
113.721,206.5,-2.3909,-0.018,-2.9063,-0.619,-0.11,480,0,0,0,1.5092,1.62,DO_NOTHING,,0.1895,0.0769,0.1895,0.1895,0.1895
113.82,206.6,-2.4093,-0.0229,-2.9,-0.619,-0.11,480,0,0,0,1.4906,1.602,DO_NOTHING,,0.1895,0.0256,0.1895,0.1895,0.1895
113.922,206.7,-2.4274,-0.0275,-2.8977,-0.619,-0.11,480,0,0,0,1.4725,1.5841,DO_NOTHING,,0.1737,0.0256,0.1737,0.1737,0.1737
114.024,206.8,-2.4439,-0.0318,-2.8954,-0.619,-0.11,480,0,0,0,1.4559,1.5677,DO_NOTHING,,0.1579,0.0256,0.1579,0.1579,0.1579
114.125,206.9,-2.4589,-0.0358,-2.8931,-0.619,-0.11,480,0,0,0,1.4409,1.5529,DO_NOTHING,,0.1421,0.0256,0.1421,0.1421,0.1421
114.223,207.0,-2.4727,-0.0394,-2.8912,-0.619,-0.11,480,0,0,0,1.4271,1.5393,DO_NOTHING,,0.1421,0.0,0.1421,0.1421,0.1421
114.32,207.1,-2.4862,-0.0429,-2.8912,-0.619,-0.11,480,0,0,0,1.4137,1.5258,DO_NOTHING,,0.1263,0.0,0.1263,0.1263,0.1263
114.421,207.2,-2.4981,-0.046,-2.8903,-0.619,-0.11,480,0,0,0,1.4017,1.5139,DO_NOTHING,,0.1105,0.0769,0.1105,0.1105,0.1105
114.523,207.3,-2.5088,-0.0491,-2.8843,-0.619,-0.11,480,0,0,0,1.391,1.5037,DO_NOTHING,,0.1105,0.0,0.1105,0.1105,0.1105
114.623,207.4,-2.5192,-0.0519,-2.8834,-0.619,-0.11,480,0,0,0,1.3807,1.4933,DO_NOTHING,,0.0947,0.0769,0.0947,0.0947,0.0947
114.723,207.5,-2.5284,-0.0547,-2.8775,-0.619,-0.11,480,0,0,0,1.3716,1.4846,DO_NOTHING,,0.0947,-0.0256,0.0947,0.0947,0.0947
114.829,207.6,-2.5375,-0.0571,-2.8798,-0.619,-0.11,480,0,0,0,1.3624,1.4753,DO_NOTHING,,0.0947,-0.0256,0.0947,0.0947,0.0947
114.927,207.7,-2.5462,-0.0593,-2.8801,-0.619,-0.11,480,0,0,0,1.3537,1.4666,DO_NOTHING,,0.0789,0.1282,0.0789,0.0789,0.0789
115.033,207.8,-2.5538,-0.0621,-2.8695,-0.619,-0.11,480,0,0,0,1.3462,1.4598,DO_NOTHING,,0.0632,-0.0256,0.0789,0.0789,0.0789
115.153,207.9,-2.5624,-0.0643,-2.8719,-0.619,-0.11,480,0,0,0,1.3389,1.4523,DO_NOTHING,,0.0632,0.1282,0.0632,0.0632,0.0632
115.232,208.0,-2.5672,-0.0656,-2.8728,-0.619,-0.11,480,0,0,0,1.3328,1.4461,DO_NOTHING,,0.0632,-0.0256,0.0632,0.0632,0.0632
115.344,208.1,-2.5745,-0.0683,-2.8628,-0.619,-0.11,480,0,0,0,1.3266,1.4408,DO_NOTHING,,0.0632,-0.0769,0.0632,0.0632,0.0632
115.436,208.2,-2.5794,-0.0695,-2.8654,-0.619,-0.11,480,0,0,0,1.3205,1.4345,DO_NOTHING,,0.0632,-0.0769,0.0632,0.0632,0.0632
115.541,208.3,-2.5854,-0.0708,-2.8713,-0.619,-0.11,480,0,0,0,1.3146,1.428,DO_NOTHING,,0.0474,0.1795,0.0632,0.0632,0.0632
115.639,208.4,-2.5908,-0.073,-2.8591,-0.619,-0.11,480,0,0,0,1.3091,1.4235,DO_NOTHING,,0.0474,0.2308,0.0474,0.0474,0.0474
115.748,208.5,-2.5953,-0.0755,-2.8414,-0.619,-0.11,480,0,0,0,1.3047,1.4202,DO_NOTHING,,0.0474,0.4359,0.0474,0.0474,0.0474
115.85,208.6,-2.5998,-0.0785,-2.8163,-0.619,-0.11,480,0,0,0,1.3,1.4174,DO_NOTHING,,0.0474,0.3846,0.0474,0.0474,0.0474
115.954,208.7,-2.6043,-0.0822,-2.7811,-0.619,-0.11,480,0,0,0,1.2956,1.4152,DO_NOTHING,,0.0474,0.3333,0.0474,0.0474,0.0474
116.051,208.8,-2.6087,-0.0856,-2.7505,-0.619,-0.11,480,0,0,0,1.2913,1.4126,DO_NOTHING,,0.0316,0.4359,0.0474,0.0474,0.0474
116.154,208.9,-2.6125,-0.0885,-2.7202,-0.619,-0.11,480,0,0,0,1.2875,1.4083,DO_NOTHING,,0.0316,0.3846,0.0316,0.0316,0.0316
116.252,209.0,-2.6154,-0.0913,-2.6864,-0.619,-0.11,480,0,0,0,1.2845,1.3767,DO_NOTHING,,0.0316,0.3333,0.0316,0.0316,0.0316
116.358,209.1,-2.6182,-0.0939,-2.6574,-0.619,-0.11,480,0,0,0,1.2818,1.3525,DO_NOTHING,,0.0,1.0,0.0316,0.0316,0.0316
116.457,209.2,-2.6204,-0.0953,-2.6305,-0.581,-0.068,480,0,0,0,1.2795,1.3314,DO_NOTHING,,0.0,1.0,0.0,0.0,0.0
116.559,209.3,-2.6224,-0.0951,-2.588,-0.581,-0.068,480,0,0,0,1.2776,1.2999,DO_NOTHING,,0.0,1.0,0.0,0.0,0.0
116.659,209.4,-2.6243,-0.0951,-2.5262,-0.581,-0.068,480,0,0,0,1.2757,1.26,DO_NOTHING,,0.0,1.0,0.0,0.0,0.0
116.763,209.5,-2.6249,-0.0951,-2.4578,-0.581,-0.068,480,0,0,0,1.2751,1.2228,DO_NOTHING,,0.0,1.0,0.0,0.0,0.0
116.863,209.6,-2.6242,-0.0951,-2.384,-0.581,-0.068,480,0,0,0,1.2758,1.2068,DO_NOTHING,,0.0,1.0,0.0,0.0,0.0
116.962,209.7,-2.6241,-0.0951,-2.3069,-0.581,-0.068,480,0,0,0,1.2759,1.2117,DO_NOTHING,,0.0,1.0,0.0,0.0,0.0
117.063,209.8,-2.6241,-0.0948,-2.2345,-0.581,-0.068,480,0,0,0,1.2759,1.2135,DO_NOTHING,,0.0,1.0,0.0,0.0,0.0
117.162,209.9,-2.6241,-0.0951,-2.1675,-0.581,-0.068,480,0,0,0,1.276,1.2168,DO_NOTHING,,0.0,1.0,0.0,0.0,0.0
117.261,210.0,-2.6241,-0.0953,-2.1055,-0.581,-0.068,480,0,0,0,1.2759,1.2218,DO_NOTHING,,0.0,1.0,0.0,0.0,0.0
117.365,210.1,-2.6237,-0.0956,-2.0446,-0.581,-0.068,480,0,0,0,1.2762,1.2261,DO_NOTHING,,0.0,1.0,0.0,0.0,0.0
117.461,210.2,-2.6228,-0.0958,-1.9741,-0.581,-0.068,480,0,0,0,1.2771,1.2315,DO_NOTHING,,0.0,1.0,0.0,0.0,0.0
117.56,210.3,-2.621,-0.0959,-1.8889,-0.619,-0.11,480,0,0,0,1.2789,1.2422,DO_NOTHING,,0.0,1.0,0.0,0.0,0.0
117.66,210.4,-2.6177,-0.0959,-1.7986,-0.619,-0.11,480,0,0,0,1.2821,1.2444,DO_NOTHING,,0.0,1.0,0.0,0.0,0.0
117.762,210.5,-2.613,-0.0959,-1.7032,-0.619,-0.11,480,0,0,0,1.2868,1.2485,DO_NOTHING,,0.0,1.0,0.0,0.0,0.0
117.859,210.6,-2.6067,-0.0959,-1.602,-0.619,-0.11,480,0,0,0,1.2933,1.2567,DO_NOTHING,,0.0,1.0,0.0,0.0,0.0
117.96,210.7,-2.599,-0.0959,-1.4975,-0.619,-0.11,480,0,0,0,1.3009,1.2648,DO_NOTHING,,0.0,1.0,0.0,0.0,0.0
118.061,210.8,-2.5908,-0.0959,-1.3987,-0.619,-0.11,480,0,0,0,1.306,1.2661,DO_NOTHING,,0.0,1.0,0.0,0.0,0.0
118.166,210.9,-2.5838,-0.0959,-1.3054,-0.619,-0.11,480,0,0,0,1.2986,1.271,DO_NOTHING,,0.0,0.8974,0.0,0.0,0.0
118.264,211.0,-2.5784,-0.0959,-1.2223,-0.619,-0.11,480,0,0,0,1.2938,1.2778,DO_NOTHING,,0.0,0.8462,0.0,0.0,0.0
118.37,211.1,-2.5744,-0.0959,-1.1492,-0.619,-0.11,480,0,0,0,1.2916,1.2861,DO_NOTHING,,0.0,0.7949,0.0,0.0,0.0
118.489,211.2,-2.571,-0.0959,-1.0706,-0.619,-0.11,480,0,0,0,1.2904,1.2938,DO_NOTHING,,0.0,0.7436,0.0,0.0,0.0
118.574,211.3,-2.5695,-0.0959,-1.0238,-0.619,-0.11,480,0,0,0,1.2848,1.2958,DO_NOTHING,,0.0,0.6923,0.0,0.0,0.0
118.695,211.4,-2.5682,-0.0958,-0.9606,-0.619,-0.11,480,0,0,0,1.2852,1.3032,DO_NOTHING,,0.0,0.641,0.0,0.0,0.0
118.771,211.5,-2.568,-0.0955,-0.9244,-0.619,-0.11,480,0,0,0,1.2885,1.3131,DO_NOTHING,,0.0,0.5897,0.0,0.0,0.0
118.883,211.6,-2.568,-0.0954,-0.882,-0.619,-0.11,480,0,0,0,1.2844,1.3142,DO_NOTHING,,0.0,0.5385,0.0,0.0,0.0
118.98,211.7,-2.568,-0.095,-0.8423,-0.619,-0.11,480,0,0,0,1.2862,1.321,DO_NOTHING,,0.0,0.5385,0.0,0.0,0.0
119.092,211.8,-2.568,-0.0946,-0.8014,-0.619,-0.11,480,0,0,0,1.2865,1.3268,DO_NOTHING,,0.0,0.4872,0.0,0.0,0.0
119.189,211.9,-2.5681,-0.0946,-0.7629,-0.619,-0.11,480,0,0,0,1.2887,1.3346,DO_NOTHING,,0.0,0.4359,0.0,0.0,0.0
119.3,212.0,-2.5684,-0.0946,-0.7294,-0.619,-0.11,480,0,0,0,1.2873,1.3366,DO_NOTHING,,0.0,0.4359,0.0,0.0,0.0
119.397,212.1,-2.5688,-0.0946,-0.6974,-0.619,-0.11,480,0,0,0,1.2861,1.3398,DO_NOTHING,,0.0,0.3846,0.0,0.0,0.0
119.51,212.2,-2.5688,-0.0946,-0.6696,-0.619,-0.11,480,0,0,0,1.2867,1.3427,DO_NOTHING,,0.0,0.3846,0.0,0.0,0.0
119.611,212.3,-2.5687,-0.0946,-0.6433,-0.619,-0.11,480,0,0,0,1.2857,1.346,DO_NOTHING,,0.0,0.3333,0.0,0.0,0.0
119.715,212.4,-2.5684,-0.0946,-0.6205,-0.619,-0.11,480,0,0,0,1.2863,1.3487,DO_NOTHING,,0.0158,0.8462,0.0158,0.0158,0.0158
119.813,212.5,-2.5671,-0.0955,-0.5833,-0.619,-0.11,480,0,0,0,1.2838,1.3505,DO_NOTHING,,0.0158,1.0,0.0158,0.0158,0.0158
119.922,212.6,-2.5656,-0.0963,-0.5288,-0.619,-0.11,480,0,0,0,1.2813,1.3541,DO_NOTHING,,0.0158,0.7949,0.0158,0.0158,0.0158
120.018,212.7,-2.5641,-0.0965,-0.4689,-0.619,-0.11,480,0,0,0,1.2824,1.3615,DO_NOTHING,,0.0,1.0,0.0,0.0,0.0
120.12,212.8,-2.5636,-0.0969,-0.4002,-0.619,-0.11,480,0,0,0,1.2811,1.3677,DO_NOTHING,,0.0,0.0,0.0,0.0,0.0
120.218,212.9,-2.5636,-0.0966,-0.3352,-0.619,-0.11,480,0,0,0,1.2821,1.3749,DO_NOTHING,,0.0,0.0,0.0,0.0,0.0
120.323,213.0,-2.5636,-0.0949,-0.2962,-0.619,-0.11,480,0,0,0,1.2793,1.3757,DO_NOTHING,,0.0,0.0,0.0,0.0,0.0
120.423,213.1,-2.5636,-0.0942,-0.2853,-0.619,-0.11,480,0,0,0,1.2825,1.3797,DO_NOTHING,,0.0,0.0,0.0,0.0,0.0
120.522,213.2,-2.5636,-0.0942,-0.2853,-0.619,-0.11,480,0,0,0,1.2825,1.3797,DO_NOTHING,,0.0,0.0,0.0,0.0,0.0
120.622,213.3,-2.5636,-0.0942,-0.2853,-0.619,-0.11,480,0,0,0,1.2825,1.3797,DO_NOTHING,,0.0,0.0,0.0,0.0,0.0
120.723,213.4,-2.5636,-0.0942,-0.2853,-0.619,-0.11,480,0,0,0,1.2825,1.3797,DO_NOTHING,,0.0,0.0,0.0,0.0,0.0
120.822,213.5,-2.5636,-0.0942,-0.2853,-0.619,-0.11,480,0,0,0,1.2825,1.3797,DO_NOTHING,,0.0,0.0,0.0,0.0,0.0
120.922,213.6,-2.5636,-0.0942,-0.2853,-0.619,-0.11,480,0,0,0,1.2825,1.3797,DO_NOTHING,,0.0,0.0,0.0,0.0,0.0
121.021,213.7,-2.5636,-0.0942,-0.2853,-0.619,-0.11,480,0,0,0,1.2825,1.3797,DO_NOTHING,,0.0,0.0,0.0,0.0,0.0
121.121,213.8,-2.5636,-0.0942,-0.2853,-0.619,-0.11,480,0,0,0,1.2825,1.3797,DO_NOTHING,,0.0,0.0,0.0,0.0,0.0
121.22,213.9,-2.5636,-0.0942,-0.2853,-0.619,-0.11,480,0,0,0,1.2825,1.3797,DO_NOTHING,,0.0,0.0,0.0,0.0,0.0
121.325,214.0,-2.5636,-0.0941,-0.2835,-1.569,2.94,480,0,0,0,1.2816,1.3789,DO_NOTHING,,0.0,0.7436,0.0,0.0,0.0
121.425,214.1,-2.5636,-0.093,-0.2605,-1.569,2.94,480,0,0,0,1.2822,1.3819,DO_NOTHING,,0.0,0.7436,0.0,0.0,0.0
121.526,214.2,-2.5636,-0.0904,-0.2068,-1.569,2.94,480,0,0,0,1.284,1.3885,DO_NOTHING,,0.0,0.7436,0.0,0.0,0.0
121.627,214.3,-2.5636,-0.0863,-0.1355,-1.569,2.94,480,0,0,0,1.2843,1.3948,DO_NOTHING,,0.0,0.6923,0.0,0.0,0.0
121.731,214.4,-2.5636,-0.0808,-0.0649,-1.569,2.94,480,0,0,0,1.2845,1.3996,DO_NOTHING,,0.0,0.641,0.0,0.0,0.0
121.843,214.5,-2.5636,-0.0736,0.0197,-1.569,2.94,480,0,0,0,1.2876,1.4075,DO_NOTHING,,0.0,1.0,0.0,0.0,0.0
121.933,214.6,-2.5636,-0.0678,0.0951,-1.569,2.94,480,0,0,0,1.2908,1.4158,DO_NOTHING,,0.0,0.8974,0.0,0.0,0.0
122.043,214.7,-2.5636,-0.0606,0.1829,-1.569,2.94,480,0,0,0,1.2918,1.4208,DO_NOTHING,,0.0,0.8462,0.0,0.0,0.0
122.132,214.8,-2.5636,-0.0547,0.2621,-1.569,2.94,480,0,0,0,1.2934,1.4249,DO_NOTHING,,0.0,0.7949,0.0,0.0,0.0
122.248,214.9,-2.5636,-0.0501,0.3319,-1.569,2.94,480,0,0,0,1.2954,1.4286,DO_NOTHING,,0.0,0.6923,0.0,0.0,0.0
122.353,215.0,-2.5636,-0.0466,0.3914,-1.569,2.94,480,0,0,0,1.2988,1.433,DO_NOTHING,,0.0,0.641,0.0,0.0,0.0
122.457,215.1,-2.5636,-0.0441,0.4428,-1.569,2.94,480,0,0,0,1.2974,1.4319,DO_NOTHING,,0.0,0.5897,0.0,0.0,0.0
122.556,215.2,-2.5635,-0.042,0.4915,-1.569,2.94,480,0,0,0,1.2988,1.4264,DO_NOTHING,,0.0158,1.0,0.0158,0.0158,0.0158
122.666,215.3,-2.5629,-0.0391,0.55,-1.569,2.94,480,0,0,0,1.3012,1.3763,DO_NOTHING,,0.2211,1.0,0.2211,0.2211,0.2211
122.765,215.4,-2.5531,-0.0305,0.612,-1.569,2.94,480,0,0,0,1.2949,1.3422,DO_NOTHING,,0.1421,1.0,0.1421,0.1421,0.1421
122.875,215.5,-2.541,-0.0198,0.6772,-1.569,2.94,480,0,0,0,1.2866,1.3164,DO_NOTHING,,0.2684,1.0,0.2684,0.3,0.3
122.971,215.6,-2.5214,-0.0019,0.7476,-1.569,2.94,480,0,0,0,1.2745,1.3035,DO_NOTHING,,0.3,1.0,0.2684,0.2684,0.2684
123.078,215.7,-2.5013,0.0182,0.8233,-1.569,2.94,480,0,0,0,1.2632,1.2973,DO_NOTHING,,0.2526,1.0,0.3,0.3,0.3
123.175,215.8,-2.4822,0.0397,0.8971,-1.569,2.94,480,0,0,0,1.2578,1.2985,DO_NOTHING,,0.2842,0.9487,0.2842,0.2526,0.2526
123.275,215.9,-2.466,0.0607,0.963,-1.569,2.94,480,0,0,0,1.2496,1.3054,DO_NOTHING,,0.3,1.0,0.3,0.2842,0.2842
123.377,216.0,-2.4504,0.0838,1.0277,-1.569,2.94,480,0,0,0,1.2489,1.3178,DO_NOTHING,,0.2684,1.0,0.3,0.3,0.3
123.474,216.1,-2.4372,0.1081,1.0983,-1.569,2.94,480,0,0,0,1.2493,1.3328,DO_NOTHING,,0.3,1.0,0.3,0.2684,0.2684
123.573,216.2,-2.4272,0.1328,1.1719,-1.569,2.94,480,0,0,0,1.2516,1.3423,DO_NOTHING,,0.2684,0.9487,0.2684,0.3,0.3
123.681,216.3,-2.4202,0.1585,1.2516,-1.569,2.94,480,0,0,0,1.2501,1.3388,DO_NOTHING,,0.2842,0.9487,0.2684,0.2684,0.2684
123.772,216.4,-2.4154,0.1843,1.3355,-1.569,2.94,480,0,0,0,1.2358,1.3424,DO_NOTHING,,0.3,0.8462,0.2842,0.2842,0.2842
123.875,216.5,-2.4132,0.2131,1.4186,-1.569,2.94,480,0,0,0,1.2155,1.3402,DO_NOTHING,,0.2842,0.8974,0.2842,0.3,0.3
123.974,216.6,-2.4126,0.242,1.5053,-1.569,2.94,480,0,0,0,1.2014,1.334,DO_NOTHING,,0.3,0.8462,0.3,0.2842,0.2842
124.072,216.7,-2.4137,0.2715,1.5955,-1.569,2.94,480,0,0,0,1.1882,1.3174,DO_NOTHING,,0.3,0.9487,0.3,0.3,0.3
124.172,216.8,-2.4168,0.3014,1.6871,-1.569,2.94,480,0,0,0,1.1781,1.3023,DO_NOTHING,,0.3,0.8462,0.3,0.3,0.3
124.279,216.9,-2.4214,0.331,1.7727,-1.569,2.94,480,0,0,0,1.1698,1.2882,DO_NOTHING,,0.3,0.8462,0.3,0.3,0.3
124.374,217.0,-2.4275,0.3601,1.8485,-1.569,2.94,480,0,0,0,1.165,1.2771,DO_NOTHING,,0.2842,0.5385,0.2842,0.3,0.3
124.479,217.1,-2.4348,0.3879,1.9036,-1.569,2.94,480,0,0,0,1.1634,1.2697,DO_NOTHING,,0.2842,0.4359,0.2842,0.2842,0.2842
124.576,217.2,-2.4435,0.4145,1.9442,-1.569,2.94,480,0,0,0,1.1608,1.2616,DO_NOTHING,,0.3,0.3333,0.2842,0.2842,0.2842
124.678,217.3,-2.4546,0.4402,1.9734,-1.569,2.94,480,0,0,0,1.1644,1.2602,DO_NOTHING,,0.2842,0.3846,0.2842,0.3,0.3
124.778,217.4,-2.4667,0.4653,1.9958,-1.569,2.94,480,0,0,0,1.1664,1.2577,DO_NOTHING,,0.3,0.3333,0.3,0.2842,0.2842
124.883,217.5,-2.4792,0.4902,2.0152,-1.569,2.94,480,0,0,0,1.1715,1.2592,DO_NOTHING,,0.3,0.4872,0.3,0.3,0.3
124.984,217.6,-2.4924,0.5156,2.0333,-1.569,2.94,480,0,0,0,1.1785,1.2615,DO_NOTHING,,0.3,0.4359,0.3,0.3,0.3
125.087,217.7,-2.5061,0.5404,2.0572,-1.569,2.94,480,0,0,0,1.1854,1.2635,DO_NOTHING,,0.2842,0.4359,0.2842,0.2842,0.2842
125.201,217.8,-2.5228,0.5688,2.0878,-1.569,2.94,480,0,0,0,1.1938,1.267,DO_NOTHING,,0.3,0.3333,0.3,0.3,0.3
125.289,217.9,-2.5348,0.5886,2.1035,-1.569,2.94,480,0,0,0,1.2046,1.2737,DO_NOTHING,,0.2842,0.3333,0.2842,0.2842,0.2842
125.402,218.0,-2.5527,0.617,2.1283,-1.569,2.94,480,0,0,0,1.2147,1.2786,DO_NOTHING,,0.3,0.2821,0.3,0.3,0.3
125.489,218.1,-2.5656,0.6367,2.1423,-1.569,2.94,480,0,0,0,1.2271,1.2856,DO_NOTHING,,0.3,0.3846,0.3,0.3,0.3
125.599,218.2,-2.5821,0.6611,2.1655,-1.569,2.94,480,0,0,0,1.2404,1.2855,DO_NOTHING,,0.3,0.3333,0.3,0.3,0.3
125.698,218.3,-2.5991,0.6852,2.1876,-1.569,2.94,480,0,0,0,1.2562,1.2713,DO_NOTHING,,0.3,0.2308,0.3,0.3,0.3
125.805,218.4,-2.6167,0.7093,2.2042,-1.569,2.94,480,0,0,0,1.2705,1.256,DO_NOTHING,,0.3,-0.0769,0.3,0.3,0.3
125.903,218.5,-2.6346,0.7333,2.2084,-1.569,2.94,480,0,0,0,1.2652,1.2387,DO_NOTHING,,0.3,0.2308,0.3,0.3,0.3
126.011,218.6,-2.6524,0.7572,2.2172,-1.569,2.94,480,0,0,0,1.2473,1.222,DO_NOTHING,,0.2842,0.2308,0.2842,0.2842,0.2842
126.11,218.7,-2.6697,0.7796,2.2331,-1.569,2.94,480,0,0,0,1.2303,1.2068,DO_NOTHING,,0.3,0.1795,0.2842,0.2842,0.2842
126.212,218.8,-2.6878,0.8024,2.2472,-1.569,2.94,480,0,0,0,1.212,1.1905,DO_NOTHING,,0.3,0.0256,0.3,0.3,0.3
126.312,218.9,-2.7066,0.8258,2.2501,-1.569,2.94,480,0,0,0,1.1931,1.1721,DO_NOTHING,,0.3,0.1282,0.3,0.3,0.3
126.414,219.0,-2.7256,0.8491,2.2587,-1.569,2.94,480,0,0,0,1.1742,1.1543,DO_NOTHING,,0.3,-0.4872,0.3,0.3,0.3
126.511,219.1,-2.7446,0.8723,2.2521,-1.569,2.94,480,0,0,0,1.1552,1.1344,DO_NOTHING,,0.3,-0.7436,0.3,0.3,0.3
126.613,219.2,-2.7632,0.8957,2.222,-1.569,2.94,480,0,0,0,1.1367,1.1118,DO_NOTHING,,0.3,-0.5385,0.3,0.3,0.3
126.712,219.3,-2.7809,0.9194,2.1855,-1.569,2.94,480,0,0,0,1.1189,1.0893,DO_NOTHING,,0.3,-0.7436,0.3,0.3,0.3
126.813,219.4,-2.7976,0.9432,2.139,-1.569,2.94,480,0,0,0,1.1022,1.0666,DO_NOTHING,,0.3,-0.3846,0.3,0.3,0.3
126.911,219.5,-2.8126,0.9682,2.103,-1.569,2.94,480,0,0,0,1.0872,1.0469,DO_NOTHING,,0.3,-0.4872,0.3,0.3,0.3
127.011,219.6,-2.8267,0.9936,2.0691,-1.569,2.94,480,0,0,0,1.0732,1.0285,DO_NOTHING,,0.3,-0.4872,0.3,0.3,0.3
127.111,219.7,-2.8394,1.0196,2.0334,-1.569,2.94,480,0,0,0,1.0604,1.0112,DO_NOTHING,,0.3,-0.5897,0.3,0.3,0.3
127.212,219.8,-2.8505,1.0461,1.9891,-1.569,2.94,480,0,0,0,1.0493,0.9946,DO_NOTHING,,0.3,-0.6923,0.3,0.3,0.3
127.311,219.9,-2.8593,1.0732,1.9344,-1.569,2.94,480,0,0,0,1.0403,0.9792,DO_NOTHING,,0.3,-0.7949,0.3,0.3,0.3
127.411,220.0,-2.8653,1.1011,1.8675,-1.569,2.94,480,0,0,0,1.0344,0.9654,DO_NOTHING,,0.3,-1.0,0.3,0.3,0.3
127.511,220.1,-2.8685,1.1298,1.7807,-1.569,2.94,480,0,0,0,1.0201,0.9524,DO_NOTHING,,0.2842,-1.0,0.2842,0.2842,0.2842
127.609,220.2,-2.8702,1.1579,1.6845,-1.569,2.94,480,0,0,0,0.992,0.9407,DO_NOTHING,,0.3,-1.0,0.3,0.3,0.3
127.71,220.3,-2.8685,1.1877,1.5828,-1.569,2.94,480,0,0,0,0.9621,0.9326,DO_NOTHING,,0.2684,-0.9487,0.2684,0.2684,0.2684
127.812,220.4,-2.8649,1.2146,1.4846,-1.569,2.94,480,0,0,0,0.9351,0.9278,DO_NOTHING,,0.2842,-0.9487,0.2842,0.2842,0.2842
127.909,220.5,-2.8592,1.2428,1.392,-1.569,2.94,480,0,0,0,0.907,0.9264,DO_NOTHING,,0.3,-0.8974,0.3,0.3,0.3
128.011,220.6,-2.8518,1.2719,1.3086,-1.569,2.94,480,0,0,0,0.8779,0.9283,DO_NOTHING,,0.2842,-0.7949,0.2842,0.2842,0.2842
128.109,220.7,-2.8431,1.2992,1.2381,-1.569,2.94,480,0,0,0,0.8507,0.9032,DO_NOTHING,,0.3,-0.7436,0.3,0.3,0.3
128.212,220.8,-2.8311,1.3259,1.1818,-1.569,2.94,480,0,0,0,0.8238,0.8695,DO_NOTHING,,0.2684,-0.641,0.2684,0.2684,0.2684
128.311,220.9,-2.8177,1.3503,1.1301,-1.569,2.94,480,0,0,0,0.7995,0.8385,DO_NOTHING,,0.2842,-0.4872,0.2842,0.2842,0.2842
128.417,221.0,-2.8042,1.3747,1.0969,-1.569,2.94,480,0,0,0,0.7749,0.8098,DO_NOTHING,,0.3,-0.4359,0.3,0.3,0.3
128.529,221.1,-2.7875,1.4042,1.0668,-1.569,2.94,480,0,0,0,0.7503,0.7819,DO_NOTHING,,0.2842,-0.4359,0.2842,0.2842,0.2842
128.615,221.2,-2.7762,1.4229,1.0468,-1.569,2.94,480,0,0,8,0.7267,0.755,DO_NOTHING,,0.3,-0.3846,0.3,0.3,0.3
128.732,221.3,-2.7579,1.4521,1.0184,-1.569,2.94,480,0,0,19,0.7024,0.7274,DO_NOTHING,,0.2842,-0.3846,0.2842,0.2842,0.2842
128.818,221.4,-2.7457,1.4707,0.9997,-1.569,2.94,480,0,0,29,0.6792,0.701,DO_NOTHING,,0.3,-0.3333,0.3,0.3,0.3
128.927,221.5,-2.7292,1.4951,0.9789,-1.569,2.94,480,0,0,34,0.6552,0.6738,DO_NOTHING,,0.3,-0.2308,0.3,0.3,0.3
129.027,221.6,-2.7125,1.5192,0.9627,-1.569,2.94,480,0,0,34,0.6324,0.6476,DO_NOTHING,,0.2842,-0.2821,0.2842,0.2842,0.2842
129.138,221.7,-2.6963,1.5417,0.9439,-1.569,2.94,480,0,0,34,0.6109,0.6226,DO_NOTHING,,0.2684,-0.2821,0.2684,0.2684,0.2684
129.234,221.8,-2.6804,1.563,0.9249,-1.569,2.94,480,0,0,33,0.5918,0.5987,DO_NOTHING,,0.2211,0.1282,0.2211,0.2211,0.2211
129.34,221.9,-2.6671,1.5804,0.9118,-1.569,2.94,480,0,0,34,0.5758,0.5795,DO_NOTHING,,0.1421,-0.2821,0.1421,0.1421,0.1421
129.44,222.0,-2.6586,1.5913,0.8905,-1.569,2.94,480,0,0,33,0.5664,0.5658,DO_NOTHING,,0.1263,-0.4872,0.1263,0.1263,0.1263
129.546,222.1,-2.6507,1.6008,0.8557,-1.569,2.94,480,0,0,31,0.559,0.5516,DO_NOTHING,,0.1105,-0.4872,0.1105,0.1105,0.1105
129.643,222.2,-2.6426,1.61,0.8218,-1.569,2.94,480,0,0,30,0.5512,0.5378,DO_NOTHING,,0.1421,-0.3846,0.1421,0.1421,0.1421
129.745,222.3,-2.6332,1.6199,0.7937,-1.569,2.94,480,0,0,29,0.5433,0.5242,DO_NOTHING,,0.1263,-0.3333,0.1263,0.1263,0.1263
129.844,222.4,-2.6242,1.6288,0.7677,-1.569,2.94,480,0,0,28,0.5368,0.5118,DO_NOTHING,,0.1263,-0.3333,0.1263,0.1263,0.1263
129.947,222.5,-2.6152,1.637,0.7422,-1.569,2.94,480,0,0,27,0.531,0.5001,DO_NOTHING,,0.1105,-0.3333,0.1105,0.1105,0.1105
130.047,222.6,-2.6067,1.6444,0.7192,-1.569,2.94,480,0,0,27,0.5254,0.4898,DO_NOTHING,,0.1105,-0.2821,0.1105,0.1105,0.1105
130.151,222.7,-2.5987,1.6511,0.7004,-1.569,2.94,480,0,0,26,0.5222,0.4809,DO_NOTHING,,0.0947,-0.2308,0.0947,0.0947,0.0947
130.248,222.8,-2.5903,1.658,0.6856,-1.569,2.94,480,0,0,26,0.5183,0.4725,DO_NOTHING,,0.1263,-0.1795,0.1263,0.1263,0.1263
130.35,222.9,-2.5815,1.6651,0.669,-1.419,2.89,480,0,0,26,0.514,0.4638,DO_NOTHING,,0.0947,-0.4872,0.0947,0.0947,0.0947
130.45,223.0,-2.5762,1.6693,0.6407,-1.419,2.89,480,0,0,26,0.5119,0.4564,DO_NOTHING,,0.0,-0.1795,0.0,0.0,0.0
130.551,223.1,-2.5761,1.6693,0.6272,-1.419,2.89,480,0,0,26,0.5112,0.4546,DO_NOTHING,,0.0,-0.1282,0.0,0.0,0.0
130.649,223.2,-2.576,1.6693,0.6186,-1.419,2.89,480,0,0,26,0.5125,0.4539,DO_NOTHING,,0.0,-0.1282,0.0,0.0,0.0
130.751,223.3,-2.5758,1.6692,0.6101,-1.419,2.89,480,0,0,26,0.5123,0.4527,DO_NOTHING,,0.0,-0.1282,0.0,0.0,0.0
130.849,223.4,-2.5757,1.6692,0.6029,-1.419,2.89,480,0,0,25,0.5126,0.452,DO_NOTHING,,0.0,-0.0769,0.0,0.0,0.0
130.949,223.5,-2.5757,1.6691,0.5972,-1.419,2.89,480,0,0,25,0.5117,0.4511,DO_NOTHING,,0.0,-0.0769,0.0,0.0,0.0
131.049,223.6,-2.5757,1.669,0.5915,-1.419,2.89,480,0,0,25,0.5121,0.4504,DO_NOTHING,,0.0,-0.0769,0.0,0.0,0.0
131.149,223.7,-2.5757,1.6689,0.5857,-1.419,2.89,480,0,0,25,0.5127,0.4501,DO_NOTHING,,0.0,-0.0769,0.0,0.0,0.0
131.249,223.8,-2.5757,1.6688,0.5799,-1.419,2.89,480,0,0,25,0.5118,0.4492,DO_NOTHING,,0.0,-0.0769,0.0,0.0,0.0
131.348,223.9,-2.5757,1.6686,0.5741,-1.419,2.89,480,0,0,24,0.5122,0.4486,DO_NOTHING,,0.0,-0.0769,0.0,0.0,0.0
131.448,224.0,-2.5757,1.6685,0.5683,-1.419,2.89,480,0,0,25,0.5126,0.448,DO_NOTHING,,0.0,-0.0769,0.0,0.0,0.0
131.553,224.1,-2.5757,1.6684,0.5625,-1.419,2.89,480,0,0,25,0.5132,0.4477,DO_NOTHING,,0.0,-0.0769,0.0,0.0,0.0
131.654,224.2,-2.5757,1.6682,0.5566,-1.419,2.89,480,0,0,24,0.5124,0.4468,DO_NOTHING,,0.0,-0.0769,0.0,0.0,0.0
131.76,224.3,-2.5757,1.6681,0.5534,-1.419,2.89,480,0,0,24,0.5131,0.4466,DO_NOTHING,,0.0,-0.0256,0.0,0.0,0.0
131.882,224.4,-2.5757,1.6681,0.5511,-1.419,2.89,480,0,0,24,0.5129,0.4463,DO_NOTHING,,0.0,-0.0256,0.0,0.0,0.0
131.963,224.5,-2.5757,1.668,0.5495,-1.419,2.89,480,0,0,24,0.5131,0.4465,DO_NOTHING,,0.0,-0.0256,0.0,0.0,0.0
132.074,224.6,-2.5757,1.668,0.5471,-1.419,2.89,480,0,0,24,0.5138,0.4463,DO_NOTHING,,0.0,-0.0256,0.0,0.0,0.0
132.16,224.7,-2.5757,1.6679,0.5456,-1.419,2.89,480,0,0,25,0.5135,0.446,DO_NOTHING,,0.0,-0.0256,0.0,0.0,0.0
132.272,224.8,-2.5757,1.6679,0.5436,-1.419,2.89,480,0,0,24,0.5133,0.4457,DO_NOTHING,,0.0,-0.0256,0.0,0.0,0.0
132.37,224.9,-2.5757,1.6678,0.5416,-1.419,2.89,480,0,0,24,0.513,0.4454,DO_NOTHING,,0.0,-0.0256,0.0,0.0,0.0
132.482,225.0,-2.5757,1.6678,0.5396,-1.419,2.89,480,0,0,24,0.5127,0.4451,DO_NOTHING,,0.0,-0.0256,0.0,0.0,0.0
132.579,225.1,-2.5757,1.6677,0.5377,-1.419,2.89,480,0,0,23,0.5136,0.4451,DO_NOTHING,,0.0,-0.0256,0.0,0.0,0.0
132.686,225.2,-2.5757,1.6676,0.5357,-1.419,2.89,480,0,0,23,0.5134,0.4449,DO_NOTHING,,0.0,-0.0256,0.0,0.0,0.0
132.787,225.3,-2.5757,1.6676,0.5337,-1.419,2.89,480,0,0,24,0.5131,0.4446,DO_NOTHING,,0.0,-0.0256,0.0,0.0,0.0
132.892,225.4,-2.5757,1.6675,0.5317,-1.419,2.89,480,0,0,24,0.514,0.4446,DO_NOTHING,,0.0,-0.0256,0.0,0.0,0.0
132.99,225.5,-2.5757,1.6675,0.5297,-1.419,2.89,480,0,0,24,0.5137,0.4443,DO_NOTHING,,0.0,-0.0256,0.0,0.0,0.0
133.091,225.6,-2.5757,1.6674,0.5277,-1.419,2.89,480,0,0,23,0.5135,0.444,DO_NOTHING,,0.0,-0.0256,0.0,0.0,0.0
133.189,225.7,-2.5757,1.6673,0.5257,-1.419,2.89,480,0,0,24,0.5147,0.4444,DO_NOTHING,,0.0,-0.0256,0.0,0.0,0.0
133.292,225.8,-2.5757,1.6673,0.5237,-1.419,2.89,480,0,0,24,0.5144,0.4441,DO_NOTHING,,0.0,-0.0256,0.0,0.0,0.0
133.39,225.9,-2.5757,1.6672,0.5217,-1.419,2.89,480,0,0,23,0.5142,0.4438,DO_NOTHING,,0.0,-0.0256,0.0,0.0,0.0
133.488,226.0,-2.5757,1.6671,0.5197,-1.419,2.89,480,0,0,23,0.5139,0.4435,DO_NOTHING,,0.0,-0.0256,0.0,0.0,0.0
133.589,226.1,-2.5757,1.6671,0.5177,-1.419,2.89,480,0,0,24,0.5136,0.4432,DO_NOTHING,,0.0,-0.0256,0.0,0.0,0.0
133.689,226.2,-2.5757,1.667,0.5157,-1.419,2.89,480,0,0,23,0.5133,0.4429,DO_NOTHING,,0.0,-0.0256,0.0,0.0,0.0
133.788,226.3,-2.5757,1.6669,0.5137,-1.419,2.89,480,0,0,23,0.5143,0.4429,DO_NOTHING,,0.0,-0.0256,0.0,0.0,0.0
133.889,226.4,-2.5757,1.6669,0.5117,-1.419,2.89,480,0,0,23,0.514,0.4426,DO_NOTHING,,0.0,-0.0256,0.0,0.0,0.0
133.989,226.5,-2.5757,1.6668,0.5097,-1.419,2.89,480,0,0,24,0.5137,0.4424,DO_NOTHING,,0.0,-0.0256,0.0,0.0,0.0
134.088,226.6,-2.5757,1.6667,0.5077,-1.419,2.89,480,0,0,24,0.5147,0.4424,DO_NOTHING,,0.0,-0.0256,0.0,0.0,0.0
134.187,226.7,-2.5757,1.6667,0.5057,-1.419,2.89,480,0,0,24,0.5144,0.4421,DO_NOTHING,,0.0,-0.0256,0.0,0.0,0.0
134.288,226.8,-2.5757,1.6666,0.5036,-1.419,2.89,480,0,0,23,0.5141,0.4418,DO_NOTHING,,0.0,-0.0256,0.0,0.0,0.0
134.389,226.9,-2.5757,1.6665,0.5016,-1.419,2.89,480,0,0,24,0.5154,0.4422,DO_NOTHING,,0.0,-0.0256,0.0,0.0,0.0
134.488,227.0,-2.5757,1.6664,0.4996,-1.419,2.89,480,0,0,24,0.5151,0.4419,DO_NOTHING,,0.0,0.0256,0.0,0.0,0.0
134.588,227.1,-2.5757,1.6664,0.4987,-1.419,2.89,480,0,0,23,0.515,0.4418,DO_NOTHING,,0.0,0.0256,0.0,0.0,0.0
134.686,227.2,-2.5757,1.6665,0.5007,-1.419,2.89,480,0,0,24,0.5153,0.4421,DO_NOTHING,,0.0,0.0256,0.0,0.0,0.0
134.789,227.3,-2.5757,1.6666,0.5027,-1.419,2.89,480,0,0,23,0.5151,0.4424,DO_NOTHING,,0.0,0.0256,0.0,0.0,0.0
134.892,227.4,-2.5757,1.6666,0.5048,-1.419,2.89,480,0,0,23,0.5143,0.442,DO_NOTHING,,0.0,0.0256,0.0,0.0,0.0
134.994,227.5,-2.5757,1.6667,0.5068,-1.419,2.89,480,0,0,24,0.5145,0.4423,DO_NOTHING,,0.0,0.0256,0.0,0.0,0.0
135.1,227.6,-2.5757,1.6668,0.5088,-1.419,2.89,480,0,0,24,0.514,0.4426,DO_NOTHING,,0.0,0.0256,0.0,0.0,0.0
135.216,227.7,-2.5757,1.6669,0.5112,-1.419,2.89,480,0,0,23,0.5139,0.4425,DO_NOTHING,,0.0,0.0256,0.0,0.0,0.0
135.3,227.8,-2.5757,1.6669,0.5128,-1.419,2.89,480,0,0,23,0.5141,0.4428,DO_NOTHING,,0.0,0.0256,0.0,0.0,0.0
135.413,227.9,-2.5757,1.667,0.5152,-1.419,2.89,480,0,0,23,0.5132,0.4428,DO_NOTHING,,0.0,0.0256,0.0,0.0,0.0
135.5,228.0,-2.5757,1.667,0.5168,-1.419,2.89,480,0,0,23,0.5135,0.4431,DO_NOTHING,,0.0,0.0256,0.0,0.0,0.0
135.609,228.1,-2.5757,1.6671,0.5188,-1.419,2.89,480,0,0,23,0.5138,0.4434,DO_NOTHING,,0.0,0.0256,0.0,0.0,0.0
135.709,228.2,-2.5757,1.6672,0.5208,-1.419,2.89,480,0,0,23,0.514,0.4436,DO_NOTHING,,0.0,0.0256,0.0,0.0,0.0
135.818,228.3,-2.5757,1.6672,0.5228,-1.419,2.89,480,0,0,24,0.5143,0.4439,DO_NOTHING,,0.0,0.0256,0.0,0.0,0.0
135.915,228.4,-2.5757,1.6673,0.5248,-1.419,2.89,480,0,0,24,0.5146,0.4442,DO_NOTHING,,0.0,0.0256,0.0,0.0,0.0
136.021,228.5,-2.5757,1.6674,0.5268,-1.419,2.89,480,0,0,23,0.5133,0.4439,DO_NOTHING,,0.0,0.0256,0.0,0.0,0.0
136.119,228.6,-2.5757,1.6674,0.5288,-1.419,2.89,480,0,0,24,0.5136,0.4442,DO_NOTHING,,0.0,0.0256,0.0,0.0,0.0
136.233,228.7,-2.5757,1.6675,0.5308,-1.419,2.89,480,0,0,24,0.5139,0.4445,DO_NOTHING,,0.0,0.0256,0.0,0.0,0.0
136.326,228.8,-2.5757,1.6675,0.5328,-1.419,2.89,480,0,0,24,0.513,0.4444,DO_NOTHING,,0.0,0.0256,0.0,0.0,0.0
136.433,228.9,-2.5757,1.6676,0.5348,-1.419,2.89,480,0,0,23,0.5132,0.4447,DO_NOTHING,,0.0,0.0256,0.0,0.0,0.0
136.53,229.0,-2.5757,1.6676,0.5358,-1.419,2.89,480,0,0,23,0.5134,0.4449,DO_NOTHING,,0.0,-0.0256,0.0,0.0,0.0
136.628,229.1,-2.5757,1.6676,0.5338,-1.419,2.89,480,0,0,24,0.5131,0.4446,DO_NOTHING,,0.0,-0.0256,0.0,0.0,0.0
136.727,229.2,-2.5757,1.6675,0.5318,-1.419,2.89,480,0,0,24,0.514,0.4446,DO_NOTHING,,0.0,-0.0256,0.0,0.0,0.0
136.827,229.3,-2.5757,1.6675,0.5298,-1.419,2.89,480,0,0,24,0.5138,0.4443,DO_NOTHING,,0.0,-0.0256,0.0,0.0,0.0
136.928,229.4,-2.5757,1.6674,0.5279,-1.419,2.89,480,0,0,23,0.5135,0.444,DO_NOTHING,,0.0,-0.0256,0.0,0.0,0.0
137.031,229.5,-2.5757,1.6673,0.5259,-1.419,2.89,480,0,0,24,0.5148,0.4444,DO_NOTHING,,0.0,-0.0256,0.0,0.0,0.0
137.128,229.6,-2.5757,1.6673,0.5239,-1.419,2.89,480,0,0,24,0.5145,0.4441,DO_NOTHING,,0.0,-0.0256,0.0,0.0,0.0
137.228,229.7,-2.5757,1.6672,0.5219,-1.419,2.89,480,0,0,23,0.5142,0.4438,DO_NOTHING,,0.0,-0.0256,0.0,0.0,0.0
137.327,229.8,-2.5757,1.6671,0.5199,-1.419,2.89,480,0,0,23,0.5139,0.4435,DO_NOTHING,,0.0,-0.0256,0.0,0.0,0.0
137.428,229.9,-2.5757,1.6671,0.5179,-1.419,2.89,480,0,0,24,0.5136,0.4432,DO_NOTHING,,0.0,-0.0256,0.0,0.0,0.0
137.528,230.0,-2.5757,1.667,0.5159,-1.419,2.89,480,0,0,23,0.5133,0.4429,DO_NOTHING,,0.0,-0.0256,0.0,0.0,0.0
137.627,230.1,-2.5757,1.6669,0.5139,-1.419,2.89,480,0,0,23,0.5143,0.443,DO_NOTHING,,0.0,-0.0256,0.0,0.0,0.0
137.726,230.2,-2.5757,1.6669,0.5118,-1.419,2.89,480,0,0,23,0.514,0.4427,DO_NOTHING,,0.0,-0.0256,0.0,0.0,0.0
137.826,230.3,-2.5757,1.6668,0.5098,-1.419,2.89,480,0,0,24,0.5137,0.4424,DO_NOTHING,,0.0,-0.0256,0.0,0.0,0.0
137.927,230.4,-2.5757,1.6667,0.5078,-1.419,2.89,480,0,0,24,0.5147,0.4424,DO_NOTHING,,0.0,-0.0256,0.0,0.0,0.0
138.029,230.5,-2.5757,1.6667,0.5058,-1.419,2.89,480,0,0,24,0.5144,0.4421,DO_NOTHING,,0.0,-0.0256,0.0,0.0,0.0
138.129,230.6,-2.5757,1.6666,0.5038,-1.419,2.89,480,0,0,23,0.5141,0.4418,DO_NOTHING,,0.0,-0.0256,0.0,0.0,0.0
138.233,230.7,-2.5757,1.6665,0.5018,-1.419,2.89,480,0,0,24,0.5154,0.4422,DO_NOTHING,,0.0,-0.0256,0.0,0.0,0.0
138.333,230.8,-2.5757,1.6665,0.4997,-1.419,2.89,480,0,0,24,0.5151,0.4419,DO_NOTHING,,0.0,-0.0256,0.0,0.0,0.0
138.439,230.9,-2.5757,1.6664,0.4988,-1.419,2.89,480,0,0,23,0.515,0.4418,DO_NOTHING,,0.0,0.0256,0.0,0.0,0.0
138.55,231.0,-2.5757,1.6665,0.5008,-1.419,2.89,480,0,0,24,0.5153,0.4421,DO_NOTHING,,0.0,0.0256,0.0,0.0,0.0
138.639,231.1,-2.5757,1.6666,0.5029,-1.419,2.89,480,0,0,23,0.5145,0.4423,DO_NOTHING,,0.0,0.0256,0.0,0.0,0.0
138.751,231.2,-2.5757,1.6666,0.5053,-1.419,2.89,480,0,0,23,0.5143,0.442,DO_NOTHING,,0.0,0.0256,0.0,0.0,0.0
138.839,231.3,-2.5757,1.6667,0.5069,-1.419,2.89,480,0,0,24,0.5146,0.4423,DO_NOTHING,,0.0,0.0256,0.0,0.0,0.0
138.949,231.4,-2.5757,1.6668,0.5089,-1.419,2.89,480,0,0,24,0.5136,0.4423,DO_NOTHING,,0.0,0.0256,0.0,0.0,0.0
139.047,231.5,-2.5757,1.6668,0.5109,-1.419,2.89,480,0,0,23,0.5139,0.4425,DO_NOTHING,,0.0,0.0256,0.0,0.0,0.0
139.156,231.6,-2.5757,1.6669,0.5129,-1.419,2.89,480,0,0,23,0.5142,0.4428,DO_NOTHING,,0.0,0.0256,0.0,0.0,0.0
139.254,231.7,-2.5757,1.667,0.515,-1.419,2.89,480,0,0,23,0.5132,0.4428,DO_NOTHING,,0.0,0.0256,0.0,0.0,0.0
139.362,231.8,-2.5757,1.667,0.517,-1.419,2.89,480,0,0,24,0.5135,0.4431,DO_NOTHING,,0.0,0.0256,0.0,0.0,0.0
139.46,231.9,-2.5757,1.6671,0.519,-1.419,2.89,480,0,0,23,0.5138,0.4434,DO_NOTHING,,0.0,0.0256,0.0,0.0,0.0
139.564,232.0,-2.5757,1.6671,0.5191,-1.419,2.89,480,0,0,23,0.5138,0.4434,DO_NOTHING,,0.0,-0.0256,0.0,0.0,0.0
139.662,232.1,-2.5757,1.6671,0.5171,-1.419,2.89,480,0,0,24,0.5135,0.4431,DO_NOTHING,,0.0,-0.0256,0.0,0.0,0.0
139.763,232.2,-2.5757,1.667,0.5151,-1.419,2.89,480,0,0,23,0.5132,0.4428,DO_NOTHING,,0.0,-0.0256,0.0,0.0,0.0
139.863,232.3,-2.5757,1.6669,0.513,-1.419,2.89,480,0,0,23,0.5142,0.4428,DO_NOTHING,,0.0,-0.0256,0.0,0.0,0.0
139.972,232.4,-2.5757,1.6668,0.511,-1.419,2.89,480,0,0,23,0.5139,0.4426,DO_NOTHING,,0.0,-0.0256,0.0,0.0,0.0
140.07,232.5,-2.5757,1.6668,0.509,-1.419,2.89,480,0,0,24,0.5136,0.4423,DO_NOTHING,,0.0,0.0,0.0,0.0,0.0
140.17,232.6,-2.5757,1.6668,0.5084,-1.419,2.89,480,0,0,24,0.5148,0.4425,DO_NOTHING,,0.0,-0.0256,0.0,0.0,0.0
140.271,232.7,-2.5757,1.6667,0.507,-1.419,2.89,480,0,0,24,0.5146,0.4423,DO_NOTHING,,0.0,-0.0256,0.0,0.0,0.0
140.372,232.8,-2.5757,1.6666,0.505,-1.419,2.89,480,0,0,23,0.5143,0.442,DO_NOTHING,,0.0,-0.0256,0.0,0.0,0.0
140.472,232.9,-2.5757,1.6666,0.503,-1.419,2.89,480,0,0,23,0.514,0.4417,DO_NOTHING,,0.0,-0.0256,0.0,0.0,0.0
140.569,233.0,-2.5757,1.6665,0.501,-1.419,2.89,480,0,0,24,0.5153,0.4421,DO_NOTHING,,0.0,-0.0256,0.0,0.0,0.0
140.669,233.1,-2.5757,1.6665,0.5001,-1.419,2.89,480,0,0,24,0.5152,0.442,DO_NOTHING,,0.0,0.0256,0.0,0.0,0.0
140.773,233.2,-2.5757,1.6665,0.5021,-1.419,2.89,480,0,0,23,0.5155,0.4423,DO_NOTHING,,0.0,0.0256,0.0,0.0,0.0
140.869,233.3,-2.5757,1.6666,0.5042,-1.419,2.89,480,0,0,23,0.5142,0.4419,DO_NOTHING,,0.0,0.0256,0.0,0.0,0.0
140.97,233.4,-2.5757,1.6667,0.5062,-1.419,2.89,480,0,0,24,0.5145,0.4422,DO_NOTHING,,0.0,0.0256,0.0,0.0,0.0
141.07,233.5,-2.5757,1.6668,0.5082,-1.419,2.89,480,0,0,24,0.5147,0.4425,DO_NOTHING,,0.0,0.0256,0.0,0.0,0.0
141.171,233.6,-2.5757,1.6668,0.5102,-1.419,2.89,480,0,0,23,0.5138,0.4424,DO_NOTHING,,0.0,0.0256,0.0,0.0,0.0
141.27,233.7,-2.5757,1.6669,0.5122,-1.419,2.89,480,0,0,23,0.5141,0.4427,DO_NOTHING,,0.0,0.0256,0.0,0.0,0.0
141.372,233.8,-2.5757,1.667,0.5142,-1.419,2.89,480,0,0,23,0.5143,0.443,DO_NOTHING,,0.0,0.0256,0.0,0.0,0.0
141.474,233.9,-2.5757,1.667,0.5162,-1.419,2.89,480,0,0,23,0.5134,0.443,DO_NOTHING,,0.0,0.0256,0.0,0.0,0.0
141.58,234.0,-2.5757,1.6671,0.5182,-1.419,2.89,480,0,0,23,0.5137,0.4433,DO_NOTHING,,0.0,0.0256,0.0,0.0,0.0
141.678,234.1,-2.5757,1.6672,0.5202,-1.419,2.89,480,0,0,23,0.5139,0.4435,DO_NOTHING,,0.0,0.0256,0.0,0.0,0.0
141.785,234.2,-2.5757,1.6672,0.5222,-1.419,2.89,480,0,0,23,0.5142,0.4438,DO_NOTHING,,0.0,0.0256,0.0,0.0,0.0
141.896,234.3,-2.5757,1.6673,0.5246,-1.419,2.89,480,0,0,24,0.5145,0.4441,DO_NOTHING,,0.0,0.0256,0.0,0.0,0.0
141.985,234.4,-2.5757,1.6673,0.5262,-1.419,2.89,480,0,0,24,0.5144,0.4444,DO_NOTHING,,0.0,0.0256,0.0,0.0,0.0
142.097,234.5,-2.5757,1.6674,0.5286,-1.419,2.89,480,0,0,24,0.5135,0.4441,DO_NOTHING,,0.0,0.0256,0.0,0.0,0.0
142.184,234.6,-2.5757,1.6675,0.5302,-1.419,2.89,480,0,0,24,0.5138,0.4444,DO_NOTHING,,0.0,0.0256,0.0,0.0,0.0
142.296,234.7,-2.5757,1.6675,0.5322,-1.419,2.89,480,0,0,24,0.5134,0.4447,DO_NOTHING,,0.0,0.0256,0.0,0.0,0.0
142.395,234.8,-2.5757,1.6676,0.5342,-1.419,2.89,480,0,0,24,0.5131,0.4446,DO_NOTHING,,0.0,0.0256,0.0,0.0,0.0
142.503,234.9,-2.5757,1.6677,0.5362,-1.419,2.89,480,0,0,23,0.5134,0.4449,DO_NOTHING,,0.0,-0.0256,0.0,0.0,0.0
142.601,235.0,-2.5757,1.6677,0.5363,-1.419,2.89,480,0,0,23,0.5134,0.4449,DO_NOTHING,,0.0,-0.0256,0.0,0.0,0.0
142.706,235.1,-2.5757,1.6676,0.5343,-1.419,2.89,480,0,0,24,0.5132,0.4446,DO_NOTHING,,0.0,-0.0256,0.0,0.0,0.0
142.806,235.2,-2.5757,1.6675,0.5323,-1.419,2.89,480,0,0,24,0.5129,0.4444,DO_NOTHING,,0.0,-0.0256,0.0,0.0,0.0
142.91,235.3,-2.5757,1.6675,0.5303,-1.419,2.89,480,0,0,24,0.5138,0.4444,DO_NOTHING,,0.0,-0.0256,0.0,0.0,0.0
143.008,235.4,-2.5757,1.6674,0.5283,-1.419,2.89,480,0,0,24,0.5135,0.4441,DO_NOTHING,,0.0,-0.0256,0.0,0.0,0.0
143.112,235.5,-2.5757,1.6674,0.5263,-1.419,2.89,480,0,0,23,0.514,0.4444,DO_NOTHING,,0.0,-0.0256,0.0,0.0,0.0
143.211,235.6,-2.5757,1.6673,0.5243,-1.419,2.89,480,0,0,24,0.5145,0.4441,DO_NOTHING,,0.0,-0.0256,0.0,0.0,0.0
143.311,235.7,-2.5757,1.6672,0.5224,-1.419,2.89,480,0,0,23,0.5142,0.4439,DO_NOTHING,,0.0,-0.0256,0.0,0.0,0.0
143.41,235.8,-2.5757,1.6672,0.5204,-1.419,2.89,480,0,0,23,0.514,0.4436,DO_NOTHING,,0.0,-0.0256,0.0,0.0,0.0
143.512,235.9,-2.5757,1.6671,0.5183,-1.419,2.89,480,0,0,23,0.5137,0.4433,DO_NOTHING,,0.0,-0.0256,0.0,0.0,0.0
143.611,236.0,-2.5757,1.667,0.5163,-1.419,2.89,480,0,0,23,0.5134,0.443,DO_NOTHING,,0.0,-0.0256,0.0,0.0,0.0
143.711,236.1,-2.5757,1.667,0.5143,-1.419,2.89,480,0,0,23,0.5144,0.443,DO_NOTHING,,0.0,-0.0256,0.0,0.0,0.0
143.813,236.2,-2.5757,1.6669,0.5123,-1.419,2.89,480,0,0,23,0.5141,0.4427,DO_NOTHING,,0.0,-0.0256,0.0,0.0,0.0
143.911,236.3,-2.5757,1.6668,0.5103,-1.419,2.89,480,0,0,23,0.5138,0.4424,DO_NOTHING,,0.0,-0.0256,0.0,0.0,0.0
144.01,236.4,-2.5757,1.6668,0.5083,-1.419,2.89,480,0,0,24,0.5147,0.4425,DO_NOTHING,,0.0,-0.0256,0.0,0.0,0.0
144.111,236.5,-2.5757,1.6667,0.5063,-1.419,2.89,480,0,0,24,0.5145,0.4422,DO_NOTHING,,0.0,-0.0256,0.0,0.0,0.0
144.213,236.6,-2.5757,1.6666,0.5043,-1.419,2.89,480,0,0,23,0.5142,0.4419,DO_NOTHING,,0.0,-0.0256,0.0,0.0,0.0
144.31,236.7,-2.5757,1.6665,0.5022,-1.419,2.89,480,0,0,23,0.5155,0.4423,DO_NOTHING,,0.0,-0.0256,0.0,0.0,0.0
144.41,236.8,-2.5757,1.6665,0.5002,-1.419,2.89,480,0,0,24,0.5152,0.442,DO_NOTHING,,0.0,0.0256,0.0,0.0,0.0
144.51,236.9,-2.5757,1.6665,0.5009,-1.419,2.89,480,0,0,24,0.5153,0.4421,DO_NOTHING,,0.0,0.0256,0.0,0.0,0.0
144.61,237.0,-2.5757,1.6666,0.5029,-1.419,2.89,480,0,0,23,0.5142,0.4419,DO_NOTHING,,0.0,0.0256,0.0,0.0,0.0
144.711,237.1,-2.5757,1.6666,0.505,-1.419,2.89,480,0,0,23,0.5143,0.442,DO_NOTHING,,0.0,0.0256,0.0,0.0,0.0
144.811,237.2,-2.5757,1.6667,0.507,-1.419,2.89,480,0,0,24,0.5146,0.4423,DO_NOTHING,,0.0,0.0256,0.0,0.0,0.0
144.917,237.3,-2.5757,1.6668,0.509,-1.419,2.89,480,0,0,24,0.5136,0.4423,DO_NOTHING,,0.0,0.0256,0.0,0.0,0.0
145.018,237.4,-2.5757,1.6669,0.511,-1.419,2.89,480,0,0,23,0.5139,0.4425,DO_NOTHING,,0.0,0.0256,0.0,0.0,0.0
145.125,237.5,-2.5757,1.6669,0.513,-1.419,2.89,480,0,0,23,0.5142,0.4428,DO_NOTHING,,0.0,0.0256,0.0,0.0,0.0
145.239,237.6,-2.5757,1.667,0.5154,-1.419,2.89,480,0,0,23,0.5132,0.4428,DO_NOTHING,,0.0,0.0256,0.0,0.0,0.0
145.325,237.7,-2.5757,1.6671,0.517,-1.419,2.89,480,0,0,24,0.5135,0.4431,DO_NOTHING,,0.0,0.0256,0.0,0.0,0.0
145.442,237.8,-2.5757,1.6671,0.5195,-1.419,2.89,480,0,0,23,0.5138,0.4434,DO_NOTHING,,0.0,0.0256,0.0,0.0,0.0
145.526,237.9,-2.5757,1.6672,0.5211,-1.419,2.89,480,0,0,23,0.5141,0.4437,DO_NOTHING,,0.0,0.0256,0.0,0.0,0.0
145.634,238.0,-2.5757,1.6672,0.5231,-1.419,2.89,480,0,0,24,0.5143,0.444,DO_NOTHING,,0.0,-0.0256,0.0,0.0,0.0
145.733,238.1,-2.5757,1.6672,0.5216,-1.419,2.89,480,0,0,23,0.5141,0.4437,DO_NOTHING,,0.0,-0.0256,0.0,0.0,0.0
145.841,238.2,-2.5757,1.6671,0.5196,-1.419,2.89,480,0,0,23,0.5138,0.4434,DO_NOTHING,,0.0,-0.0256,0.0,0.0,0.0
145.939,238.3,-2.5757,1.6671,0.5175,-1.419,2.89,480,0,0,24,0.5136,0.4432,DO_NOTHING,,0.0,-0.0256,0.0,0.0,0.0
146.045,238.4,-2.5757,1.667,0.5155,-1.419,2.89,480,0,0,23,0.5133,0.4429,DO_NOTHING,,0.0,-0.0256,0.0,0.0,0.0
146.145,238.5,-2.5757,1.6669,0.5135,-1.419,2.89,480,0,0,23,0.5142,0.4429,DO_NOTHING,,0.0,-0.0256,0.0,0.0,0.0
146.248,238.6,-2.5757,1.6669,0.5115,-1.419,2.89,480,0,0,23,0.514,0.4426,DO_NOTHING,,0.0,-0.0256,0.0,0.0,0.0
146.349,238.7,-2.5757,1.6668,0.5095,-1.419,2.89,480,0,0,24,0.5137,0.4423,DO_NOTHING,,0.0,-0.0256,0.0,0.0,0.0
146.45,238.8,-2.5757,1.6667,0.5075,-1.419,2.89,480,0,0,24,0.5146,0.4424,DO_NOTHING,,0.0,-0.0256,0.0,0.0,0.0
146.547,238.9,-2.5757,1.6667,0.5055,-1.419,2.89,480,0,0,24,0.5144,0.4421,DO_NOTHING,,0.0,-0.0256,0.0,0.0,0.0
146.648,239.0,-2.5757,1.6666,0.5035,-1.419,2.89,480,0,0,23,0.5141,0.4418,DO_NOTHING,,0.0,-0.0256,0.0,0.0,0.0
146.746,239.1,-2.5757,1.6665,0.5014,-1.419,2.89,480,0,0,24,0.5154,0.4422,DO_NOTHING,,0.0,-0.0256,0.0,0.0,0.0
146.848,239.2,-2.5757,1.6664,0.4994,-1.419,2.89,480,0,0,23,0.5151,0.4419,DO_NOTHING,,0.0,0.0256,0.0,0.0,0.0
146.947,239.3,-2.5757,1.6665,0.501,-1.419,2.89,480,0,0,24,0.5153,0.4421,DO_NOTHING,,0.0,0.0256,0.0,0.0,0.0
147.048,239.4,-2.5757,1.6666,0.503,-1.419,2.89,480,0,0,23,0.514,0.4417,DO_NOTHING,,0.0,0.0256,0.0,0.0,0.0
147.146,239.5,-2.5757,1.6666,0.505,-1.419,2.89,480,0,0,23,0.5143,0.442,DO_NOTHING,,0.0,0.0256,0.0,0.0,0.0
147.247,239.6,-2.5757,1.6667,0.5071,-1.419,2.89,480,0,0,24,0.5146,0.4423,DO_NOTHING,,0.0,0.0256,0.0,0.0,0.0
147.347,239.7,-2.5757,1.6668,0.5091,-1.419,2.89,480,0,0,24,0.5136,0.4423,DO_NOTHING,,0.0,0.0256,0.0,0.0,0.0
147.447,239.8,-2.5757,1.6669,0.5111,-1.419,2.89,480,0,0,23,0.5139,0.4426,DO_NOTHING,,0.0,0.0256,0.0,0.0,0.0
147.546,239.9,-2.5757,1.6669,0.5131,-1.419,2.89,480,0,0,23,0.5142,0.4428,DO_NOTHING,,0.0,0.0256,0.0,0.0,0.0
147.648,240.0,-2.5757,1.667,0.5151,-1.419,2.89,480,0,0,23,0.5132,0.4428,DO_NOTHING,,0.0,0.0256,0.0,0.0,0.0
147.747,240.1,-2.5757,1.6671,0.5171,-1.419,2.89,480,0,0,24,0.5135,0.4431,DO_NOTHING,,0.0,0.0256,0.0,0.0,0.0
147.85,240.2,-2.5757,1.6671,0.5191,-1.419,2.89,480,0,0,23,0.5138,0.4434,DO_NOTHING,,0.0,0.0256,0.0,0.0,0.0
147.95,240.3,-2.5757,1.6672,0.5211,-1.419,2.89,480,0,0,23,0.5141,0.4437,DO_NOTHING,,0.0,0.0256,0.0,0.0,0.0
148.052,240.4,-2.5757,1.6673,0.5231,-1.419,2.89,480,0,0,24,0.5144,0.444,DO_NOTHING,,0.0,0.0256,0.0,0.0,0.0
148.151,240.5,-2.5757,1.6673,0.5251,-1.419,2.89,480,0,0,24,0.5146,0.4443,DO_NOTHING,,0.0,0.0256,0.0,0.0,0.0
148.256,240.6,-2.5757,1.6674,0.5271,-1.419,2.89,480,0,0,23,0.5134,0.4439,DO_NOTHING,,0.0,0.0256,0.0,0.0,0.0
148.357,240.7,-2.5757,1.6674,0.5291,-1.419,2.89,480,0,0,24,0.5137,0.4442,DO_NOTHING,,0.0,0.0256,0.0,0.0,0.0
148.465,240.8,-2.5757,1.6675,0.5311,-1.419,2.89,480,0,0,24,0.5139,0.4445,DO_NOTHING,,0.0,0.0256,0.0,0.0,0.0
148.575,240.9,-2.5757,1.6676,0.5335,-1.419,2.89,480,0,0,24,0.513,0.4445,DO_NOTHING,,0.0,0.0256,0.0,0.0,0.0
148.663,241.0,-2.5757,1.6676,0.5351,-1.419,2.89,480,0,0,23,0.5133,0.4448,DO_NOTHING,,0.0,-0.0256,0.0,0.0,0.0
148.776,241.1,-2.5757,1.6676,0.5328,-1.419,2.89,480,0,0,24,0.513,0.4445,DO_NOTHING,,0.0,-0.0256,0.0,0.0,0.0
148.863,241.2,-2.5757,1.6675,0.5312,-1.419,2.89,480,0,0,24,0.5139,0.4445,DO_NOTHING,,0.0,-0.0256,0.0,0.0,0.0
148.974,241.3,-2.5757,1.6674,0.5292,-1.419,2.89,480,0,0,24,0.5137,0.4442,DO_NOTHING,,0.0,-0.0256,0.0,0.0,0.0
149.076,241.4,-2.5757,1.6674,0.5272,-1.419,2.89,480,0,0,23,0.5134,0.4439,DO_NOTHING,,0.0,-0.0256,0.0,0.0,0.0
149.181,241.5,-2.5757,1.6673,0.5252,-1.419,2.89,480,0,0,24,0.5147,0.4443,DO_NOTHING,,0.0,-0.0256,0.0,0.0,0.0
149.279,241.6,-2.5757,1.6673,0.5232,-1.419,2.89,480,0,0,24,0.5144,0.444,DO_NOTHING,,0.0,-0.0256,0.0,0.0,0.0
149.385,241.7,-2.5757,1.6672,0.5212,-1.419,2.89,480,0,0,23,0.5141,0.4437,DO_NOTHING,,0.0,-0.0256,0.0,0.0,0.0
149.487,241.8,-2.5757,1.6671,0.5192,-1.419,2.89,480,0,0,23,0.5138,0.4434,DO_NOTHING,,0.0,-0.0256,0.0,0.0,0.0
149.591,241.9,-2.5757,1.6671,0.5172,-1.419,2.89,480,0,0,24,0.5135,0.4431,DO_NOTHING,,0.0,-0.0256,0.0,0.0,0.0
149.688,242.0,-2.5757,1.667,0.5152,-1.419,2.89,480,0,0,23,0.5132,0.4428,DO_NOTHING,,0.0,-0.0256,0.0,0.0,0.0
149.79,242.1,-2.5757,1.6669,0.5132,-1.419,2.89,480,0,0,23,0.5142,0.4429,DO_NOTHING,,0.0,-0.0256,0.0,0.0,0.0
149.891,242.2,-2.5757,1.6669,0.5112,-1.419,2.89,480,0,0,23,0.5139,0.4426,DO_NOTHING,,0.0,-0.0256,0.0,0.0,0.0
149.989,242.3,-2.5757,1.6668,0.5092,-1.419,2.89,480,0,0,24,0.5136,0.4423,DO_NOTHING,,0.0,-0.0256,0.0,0.0,0.0
150.088,242.4,-2.5757,1.6667,0.5072,-1.419,2.89,480,0,0,24,0.5146,0.4423,DO_NOTHING,,0.0,-0.0256,0.0,0.0,0.0
150.188,242.5,-2.5757,1.6666,0.5051,-1.419,2.89,480,0,0,23,0.5143,0.442,DO_NOTHING,,0.0,-0.0256,0.0,0.0,0.0
150.288,242.6,-2.5757,1.6666,0.5031,-1.419,2.89,480,0,0,23,0.514,0.4418,DO_NOTHING,,0.0,0.0,0.0,0.0,0.0
150.389,242.7,-2.5757,1.6665,0.5017,-1.419,2.89,480,0,0,24,0.5154,0.4422,DO_NOTHING,,0.0,0.0,0.0,0.0,0.0
150.489,242.8,-2.5757,1.6665,0.5017,-1.519,2.94,480,0,0,24,0.5154,0.4422,DO_NOTHING,,0.0,0.0,0.0,0.0,0.0
150.588,242.9,-2.5757,1.6665,0.5011,-1.519,2.94,480,0,0,24,0.5153,0.4421,DO_NOTHING,,0.0,-0.0256,0.0,0.0,0.0
150.688,243.0,-2.5757,1.6665,0.5003,-1.519,2.94,480,0,0,24,0.5152,0.442,DO_NOTHING,,0.0,0.0256,0.0,0.0,0.0
150.788,243.1,-2.5757,1.6665,0.5023,-1.519,2.94,480,0,0,23,0.5155,0.4423,DO_NOTHING,,0.0,0.0256,0.0,0.0,0.0
150.888,243.2,-2.5757,1.6666,0.5043,-1.519,2.94,480,0,0,23,0.5142,0.4419,DO_NOTHING,,0.0,0.0256,0.0,0.0,0.0
150.988,243.3,-2.5757,1.6667,0.5063,-1.519,2.94,480,0,0,24,0.5145,0.4422,DO_NOTHING,,0.0,0.0256,0.0,0.0,0.0
151.088,243.4,-2.5757,1.6668,0.5083,-1.519,2.94,480,0,0,24,0.5148,0.4425,DO_NOTHING,,0.0,0.0256,0.0,0.0,0.0
151.191,243.5,-2.5757,1.6668,0.5104,-1.519,2.94,480,0,0,23,0.5138,0.4424,DO_NOTHING,,0.0,0.0256,0.0,0.0,0.0
151.289,243.6,-2.5757,1.6669,0.5124,-1.519,2.94,480,0,0,23,0.5141,0.4427,DO_NOTHING,,0.0,0.0256,0.0,0.0,0.0
151.391,243.7,-2.5757,1.667,0.5144,-1.519,2.94,480,0,0,23,0.5144,0.443,DO_NOTHING,,0.0,0.0256,0.0,0.0,0.0
151.492,243.8,-2.5757,1.667,0.5164,-1.519,2.94,480,0,0,23,0.5134,0.443,DO_NOTHING,,0.0,0.0256,0.0,0.0,0.0
151.597,243.9,-2.5757,1.6671,0.5184,-1.519,2.94,480,0,0,23,0.5137,0.4433,DO_NOTHING,,0.0,0.0256,0.0,0.0,0.0
151.696,244.0,-2.5757,1.6672,0.5204,-1.519,2.94,480,0,0,23,0.514,0.4436,DO_NOTHING,,0.0,0.0256,0.0,0.0,0.0
151.802,244.1,-2.5757,1.6672,0.5224,-1.519,2.94,480,0,0,23,0.5143,0.4439,DO_NOTHING,,0.0,0.0256,0.0,0.0,0.0
151.914,244.2,-2.5757,1.6673,0.5248,-1.519,2.94,480,0,0,24,0.5145,0.4442,DO_NOTHING,,0.0,0.0256,0.0,0.0,0.0
152.004,244.3,-2.5757,1.6674,0.5264,-1.519,2.94,480,0,0,23,0.5138,0.4444,DO_NOTHING,,0.0,0.0256,0.0,0.0,0.0
152.115,244.4,-2.5757,1.6674,0.5288,-1.519,2.94,480,0,0,24,0.5135,0.4441,DO_NOTHING,,0.0,0.0256,0.0,0.0,0.0
152.203,244.5,-2.5757,1.6675,0.5304,-1.519,2.94,480,0,0,24,0.5138,0.4444,DO_NOTHING,,0.0,0.0256,0.0,0.0,0.0
152.316,244.6,-2.5757,1.6675,0.5324,-1.519,2.94,480,0,0,24,0.5129,0.4444,DO_NOTHING,,0.0,0.0256,0.0,0.0,0.0
152.415,244.7,-2.5757,1.6676,0.5343,-1.519,2.94,480,0,0,24,0.5132,0.4447,DO_NOTHING,,0.0,0.0256,0.0,0.0,0.0
152.521,244.8,-2.5757,1.6677,0.5363,-1.519,2.94,480,0,0,23,0.5134,0.4449,DO_NOTHING,,0.0,0.0256,0.0,0.0,0.0
152.619,244.9,-2.5757,1.6677,0.5383,-1.519,2.94,480,0,0,23,0.5125,0.4449,DO_NOTHING,,0.0,0.0256,0.0,0.0,0.0
152.725,245.0,-2.5757,1.6678,0.5403,-1.519,2.94,480,0,0,24,0.5128,0.4452,DO_NOTHING,,0.0,0.0256,0.0,0.0,0.0
152.826,245.1,-2.5757,1.6678,0.5423,-1.519,2.94,480,0,0,24,0.5131,0.4455,DO_NOTHING,,0.0,0.0256,0.0,0.0,0.0
152.931,245.2,-2.5757,1.6679,0.5442,-1.519,2.94,480,0,0,24,0.5133,0.4458,DO_NOTHING,,0.0,0.0256,0.0,0.0,0.0
153.028,245.3,-2.5757,1.6679,0.5462,-1.519,2.94,480,0,0,25,0.5136,0.4461,DO_NOTHING,,0.0,0.0256,0.0,0.0,0.0
153.13,245.4,-2.5757,1.668,0.5482,-1.519,2.94,480,0,0,24,0.5139,0.4464,DO_NOTHING,,0.0,0.0256,0.0,0.0,0.0
153.228,245.5,-2.5757,1.6681,0.5501,-1.519,2.94,480,0,0,24,0.5127,0.4461,DO_NOTHING,,0.0,0.0256,0.0,0.0,0.0
153.334,245.6,-2.5757,1.6681,0.5521,-1.519,2.94,480,0,0,24,0.513,0.4464,DO_NOTHING,,0.0,0.0256,0.0,0.0,0.0
153.431,245.7,-2.5757,1.6682,0.5541,-1.519,2.94,480,0,0,24,0.5132,0.4467,DO_NOTHING,,0.0,0.0256,0.0,0.0,0.0
153.538,245.8,-2.5757,1.6682,0.556,-1.519,2.99,480,0,0,23,0.5123,0.4467,DO_NOTHING,,0.0,0.0256,0.0,0.0,0.0
153.633,245.9,-2.5757,1.6683,0.558,-1.519,2.99,480,0,0,24,0.5126,0.447,DO_NOTHING,,0.0,-0.0256,0.0,0.0,0.0
153.74,246.0,-2.5757,1.6682,0.5569,-1.519,2.99,480,0,0,24,0.5124,0.4468,DO_NOTHING,,0.0,-0.0256,0.0,0.0,0.0
153.836,246.1,-2.5757,1.6682,0.5549,-1.519,2.99,480,0,0,24,0.5134,0.4468,DO_NOTHING,,0.0,-0.0256,0.0,0.0,0.0
153.935,246.2,-2.5757,1.6681,0.553,-1.519,2.99,480,0,0,24,0.5131,0.4465,DO_NOTHING,,0.0,-0.0256,0.0,0.0,0.0
154.034,246.3,-2.5757,1.6681,0.551,-1.519,2.99,480,0,0,24,0.5128,0.4462,DO_NOTHING,,0.0,-0.0256,0.0,0.0,0.0
154.134,246.4,-2.5757,1.668,0.5491,-1.519,2.99,480,0,0,24,0.5141,0.4465,DO_NOTHING,,0.0,-0.0256,0.0,0.0,0.0
154.234,246.5,-2.5757,1.668,0.5471,-1.519,2.99,480,0,0,25,0.5138,0.4462,DO_NOTHING,,0.0,-0.0256,0.0,0.0,0.0
154.338,246.6,-2.5757,1.6679,0.5451,-1.519,2.99,480,0,0,25,0.5135,0.4459,DO_NOTHING,,0.0,-0.0256,0.0,0.0,0.0
154.433,246.7,-2.5757,1.6679,0.5432,-1.519,2.99,480,0,0,24,0.5132,0.4456,DO_NOTHING,,0.0,-0.0256,0.0,0.0,0.0
154.534,246.8,-2.5757,1.6678,0.5412,-1.519,2.99,480,0,0,24,0.5129,0.4454,DO_NOTHING,,0.0,-0.0256,0.0,0.0,0.0
154.634,246.9,-2.5757,1.6677,0.5392,-1.519,2.99,480,0,0,23,0.5126,0.4451,DO_NOTHING,,0.0,-0.0256,0.0,0.0,0.0
154.735,247.0,-2.5757,1.6677,0.5372,-1.519,2.99,480,0,0,23,0.5136,0.4451,DO_NOTHING,,0.0,-0.0256,0.0,0.0,0.0
154.836,247.1,-2.5757,1.6676,0.5352,-1.519,2.99,480,0,0,23,0.5133,0.4448,DO_NOTHING,,0.0,-0.0256,0.0,0.0,0.0
154.941,247.2,-2.5757,1.6676,0.5333,-1.519,2.99,480,0,0,24,0.513,0.4445,DO_NOTHING,,0.0,-0.0256,0.0,0.0,0.0
155.04,247.3,-2.5757,1.6675,0.5313,-1.519,2.99,480,0,0,24,0.514,0.4445,DO_NOTHING,,0.0,-0.0256,0.0,0.0,0.0
155.146,247.4,-2.5757,1.6674,0.5293,-1.519,2.99,480,0,0,24,0.5137,0.4442,DO_NOTHING,,0.0,-0.0256,0.0,0.0,0.0
155.259,247.5,-2.5757,1.6674,0.5269,-1.519,2.99,480,0,0,23,0.5134,0.4439,DO_NOTHING,,0.0,-0.0256,0.0,0.0,0.0
155.347,247.6,-2.5757,1.6673,0.5253,-1.519,2.99,480,0,0,24,0.5147,0.4443,DO_NOTHING,,0.0,-0.0256,0.0,0.0,0.0
155.462,247.7,-2.5757,1.6672,0.5229,-1.519,2.99,480,0,0,24,0.5144,0.444,DO_NOTHING,,0.0,-0.0256,0.0,0.0,0.0
155.546,247.8,-2.5757,1.6672,0.5213,-1.519,2.99,480,0,0,23,0.5141,0.4437,DO_NOTHING,,0.0,-0.0256,0.0,0.0,0.0
155.658,247.9,-2.5757,1.6671,0.5193,-1.519,2.99,480,0,0,23,0.5138,0.4434,DO_NOTHING,,0.0,-0.0256,0.0,0.0,0.0
155.758,248.0,-2.5757,1.6671,0.5173,-1.519,2.99,480,0,0,24,0.5135,0.4431,DO_NOTHING,,0.0,-0.0256,0.0,0.0,0.0
155.868,248.1,-2.5757,1.667,0.5153,-1.519,2.99,480,0,0,23,0.5132,0.4428,DO_NOTHING,,0.0,-0.0256,0.0,0.0,0.0
155.967,248.2,-2.5757,1.6669,0.5133,-1.519,2.99,480,0,0,23,0.5142,0.4429,DO_NOTHING,,0.0,-0.0256,0.0,0.0,0.0
156.073,248.3,-2.5757,1.6669,0.5113,-1.519,2.99,480,0,0,23,0.5139,0.4426,DO_NOTHING,,0.0,-0.0256,0.0,0.0,0.0
156.172,248.4,-2.5757,1.6668,0.5093,-1.519,2.99,480,0,0,24,0.5136,0.4423,DO_NOTHING,,0.0,-0.0256,0.0,0.0,0.0
156.277,248.5,-2.5757,1.6667,0.5072,-1.519,2.99,480,0,0,24,0.5146,0.4423,DO_NOTHING,,0.0,-0.0256,0.0,0.0,0.0
156.375,248.6,-2.5757,1.6667,0.5052,-1.519,2.99,480,0,0,24,0.5143,0.442,DO_NOTHING,,0.0,-0.0256,0.0,0.0,0.0
156.479,248.7,-2.5757,1.6666,0.5032,-1.519,2.99,480,0,0,23,0.514,0.4418,DO_NOTHING,,0.0,-0.0256,0.0,0.0,0.0
156.577,248.8,-2.5757,1.6665,0.5012,-1.519,2.99,480,0,0,24,0.5153,0.4421,DO_NOTHING,,0.0,-0.0256,0.0,0.0,0.0
156.677,248.9,-2.5757,1.6665,0.5003,-1.519,2.99,480,0,0,24,0.5152,0.442,DO_NOTHING,,0.0,0.0256,0.0,0.0,0.0
156.777,249.0,-2.5757,1.6665,0.5023,-1.519,2.99,480,0,0,23,0.5155,0.4423,DO_NOTHING,,0.0,0.0256,0.0,0.0,0.0
156.877,249.1,-2.5757,1.6666,0.5032,-1.519,2.99,480,0,0,23,0.514,0.4418,DO_NOTHING,,0.0,-0.0256,0.0,0.0,0.0
156.977,249.2,-2.5757,1.6665,0.5012,-1.519,2.99,480,0,0,24,0.5153,0.4421,DO_NOTHING,,0.0,-0.0256,0.0,0.0,0.0
157.077,249.3,-2.5757,1.6664,0.4976,-1.519,2.99,480,0,0,23,0.5148,0.4416,DO_NOTHING,,0.0,-0.5385,0.0,0.0,0.0
157.177,249.4,-2.5754,1.666,0.477,-1.519,2.99,480,0,0,23,0.5153,0.4393,LIMIT,PolygonLimit,0.0,-0.5385,0.0,0.0,0.0
157.277,249.5,-2.5752,1.6653,0.4387,-1.519,2.99,480,0,0,23,0.5162,0.4358,DO_NOTHING,,0.0,-0.4872,0.0,0.0,0.0
157.376,249.6,-2.5752,1.6635,0.3995,-1.519,2.99,480,0,0,23,0.5177,0.4329,DO_NOTHING,,0.0,-0.4359,0.0,0.0,0.0
157.478,249.7,-2.5752,1.6615,0.3625,-1.519,2.99,480,0,0,23,0.5185,0.4305,DO_NOTHING,,0.0,-0.4359,0.0,0.0,0.0
157.576,249.8,-2.5752,1.6593,0.326,-1.519,2.99,480,0,0,24,0.5221,0.4293,DO_NOTHING,,0.0,-0.3846,0.0,0.0,0.0
157.675,249.9,-2.5752,1.657,0.29,-1.519,2.99,480,0,0,25,0.5241,0.4274,LIMIT,PolygonLimit,0.0,-1.0,0.0,0.0,0.0
157.774,250.0,-2.5752,1.6539,0.2447,-1.519,2.99,480,0,0,28,0.5269,0.426,LIMIT,PolygonLimit,0.0,0.1795,0.0,0.0,0.0
157.875,250.1,-2.5752,1.6511,0.2069,-1.519,2.99,480,0,0,33,0.5291,0.4252,DO_NOTHING,,0.0,0.1795,0.0,0.0,0.0
157.976,250.2,-2.5752,1.6503,0.196,-1.519,2.99,480,0,0,34,0.5297,0.4247,DO_NOTHING,,0.0,0.2308,0.0,0.0,0.0
158.074,250.3,-2.5752,1.6513,0.2122,-1.519,2.99,480,0,0,31,0.5291,0.4254,DO_NOTHING,,0.0,0.2308,0.0,0.0,0.0
158.174,250.4,-2.5752,1.6529,0.2337,-1.519,2.99,480,0,0,29,0.5272,0.4256,DO_NOTHING,,0.0,0.2308,0.0,0.0,0.0
158.275,250.5,-2.5752,1.6544,0.2549,-1.519,2.99,480,0,0,28,0.5258,0.4263,DO_NOTHING,,0.0,0.2308,0.0,0.0,0.0
158.375,250.6,-2.5752,1.6558,0.2746,-1.519,2.99,480,0,0,25,0.5255,0.4274,DO_NOTHING,,0.0,0.1795,0.0,0.0,0.0
158.479,250.7,-2.5752,1.6569,0.2907,-1.519,2.99,480,0,0,26,0.5243,0.4277,DO_NOTHING,,0.0,0.1795,0.0,0.0,0.0
158.597,250.8,-2.5752,1.6582,0.3099,-1.519,2.99,480,0,0,25,0.5225,0.4281,DO_NOTHING,,0.0,0.1795,0.0,0.0,0.0
158.681,250.9,-2.5752,1.659,0.3225,-1.519,2.99,480,0,0,23,0.5218,0.429,DO_NOTHING,,0.0,0.1795,0.0,0.0,0.0
158.794,251.0,-2.5752,1.66,0.3392,-1.519,2.99,480,0,0,24,0.5206,0.4293,DO_NOTHING,,0.0,0.1282,0.0,0.0,0.0
158.882,251.1,-2.5752,1.6605,0.3481,-1.519,2.99,480,0,0,24,0.5206,0.4302,DO_NOTHING,,0.0,0.1282,0.0,0.0,0.0
158.99,251.2,-2.5752,1.6612,0.3592,-1.519,2.99,480,0,0,24,0.5195,0.4306,DO_NOTHING,,0.0,0.1282,0.0,0.0,0.0
159.089,251.3,-2.5752,1.6618,0.3702,-1.519,2.99,480,0,0,23,0.5195,0.4315,DO_NOTHING,,0.0,0.1282,0.0,0.0,0.0
159.197,251.4,-2.5752,1.6624,0.3811,-1.519,2.99,480,0,0,23,0.5192,0.432,DO_NOTHING,,0.0,0.0769,0.0,0.0,0.0
159.297,251.5,-2.5752,1.6629,0.3899,-1.519,2.99,480,0,0,24,0.5178,0.4322,DO_NOTHING,,0.0,0.0769,0.0,0.0,0.0
159.405,251.6,-2.5752,1.6633,0.3964,-1.519,2.99,480,0,0,24,0.5174,0.4326,DO_NOTHING,,0.0,0.0769,0.0,0.0,0.0
159.501,251.7,-2.5752,1.6636,0.4028,-1.519,2.99,480,0,0,23,0.517,0.4331,DO_NOTHING,,0.0,0.0769,0.0,0.0,0.0
159.607,251.8,-2.5752,1.6639,0.4093,-1.469,2.99,480,0,0,23,0.5178,0.4339,DO_NOTHING,,0.0,0.0769,0.0,0.0,0.0
159.707,251.9,-2.5752,1.6643,0.4157,-1.469,2.99,480,0,0,23,0.5169,0.4339,DO_NOTHING,,0.0,0.0769,0.0,0.0,0.0
159.808,252.0,-2.5752,1.6646,0.4221,-1.469,2.99,480,0,0,23,0.5165,0.4343,DO_NOTHING,,0.0,0.0769,0.0,0.0,0.0
159.905,252.1,-2.5752,1.6649,0.4284,-1.469,2.99,480,0,0,23,0.5161,0.4348,DO_NOTHING,,0.0,0.0769,0.0,0.0,0.0
160.005,252.2,-2.5752,1.6652,0.4348,-1.469,2.99,480,0,0,22,0.5157,0.4352,DO_NOTHING,,0.0,0.0769,0.0,0.0,0.0
160.105,252.3,-2.5752,1.6655,0.4411,-1.469,2.99,480,0,0,23,0.5165,0.436,DO_NOTHING,,0.0,0.0769,0.0,0.0,0.0
160.206,252.4,-2.5752,1.6658,0.4474,-1.469,2.99,480,0,0,24,0.5157,0.4361,DO_NOTHING,,0.0,0.0256,0.0,0.0,0.0
160.304,252.5,-2.5752,1.666,0.4516,-1.469,2.99,480,0,0,23,0.515,0.4363,DO_NOTHING,,0.0,0.0256,0.0,0.0,0.0
160.404,252.6,-2.5752,1.6661,0.4537,-1.469,2.99,480,0,0,24,0.5153,0.4366,DO_NOTHING,,0.0,0.0256,0.0,0.0,0.0
160.505,252.7,-2.5752,1.6662,0.4558,-1.469,2.99,480,0,0,24,0.5155,0.4369,DO_NOTHING,,0.0,0.0256,0.0,0.0,0.0
160.604,252.8,-2.5752,1.6662,0.4579,-1.469,2.99,480,0,0,24,0.5146,0.4368,DO_NOTHING,,0.0,0.0256,0.0,0.0,0.0
160.708,252.9,-2.5752,1.6663,0.46,-1.469,2.99,480,0,0,23,0.5149,0.4371,DO_NOTHING,,0.0,0.0,0.0,0.0,0.0
160.805,253.0,-2.5752,1.6664,0.4612,-1.469,2.99,480,0,0,23,0.515,0.4372,DO_NOTHING,,0.0,0.0256,0.0,0.0,0.0
160.908,253.1,-2.5752,1.6665,0.4633,-1.469,2.99,480,0,0,23,0.5141,0.4372,DO_NOTHING,,0.0,0.0256,0.0,0.0,0.0
161.006,253.2,-2.5752,1.6666,0.4653,-1.469,2.99,480,0,0,24,0.5143,0.4374,DO_NOTHING,,0.0,0.0256,0.0,0.0,0.0
161.107,253.3,-2.5752,1.6667,0.4674,-1.469,2.99,480,0,0,23,0.5146,0.4377,DO_NOTHING,,0.0,0.0256,0.0,0.0,0.0
161.205,253.4,-2.5752,1.6667,0.4695,-1.469,2.99,480,0,0,23,0.5149,0.438,DO_NOTHING,,0.0,0.0256,0.0,0.0,0.0
161.307,253.5,-2.5752,1.6668,0.4715,-1.469,2.99,480,0,0,24,0.5152,0.4383,DO_NOTHING,,0.0,0.0256,0.0,0.0,0.0
161.409,253.6,-2.5752,1.6669,0.4736,-1.469,2.99,480,0,0,23,0.5154,0.4386,DO_NOTHING,,0.0,0.0256,0.0,0.0,0.0
161.509,253.7,-2.5752,1.667,0.4756,-1.469,2.99,480,0,0,23,0.5141,0.4381,DO_NOTHING,,0.0,0.0256,0.0,0.0,0.0
161.612,253.8,-2.5752,1.6671,0.4777,-1.469,2.99,480,0,0,24,0.5144,0.4384,DO_NOTHING,,0.0,0.0256,0.0,0.0,0.0
161.712,253.9,-2.5752,1.6672,0.4798,-1.469,2.99,480,0,0,24,0.5147,0.4387,DO_NOTHING,,0.0,0.0256,0.0,0.0,0.0
161.819,254.0,-2.5752,1.6672,0.4818,-1.469,2.99,480,0,0,23,0.5137,0.4386,DO_NOTHING,,0.0,0.0256,0.0,0.0,0.0
161.936,254.1,-2.5752,1.6673,0.4843,-1.469,2.99,480,0,0,24,0.514,0.4389,DO_NOTHING,,0.0,0.0256,0.0,0.0,0.0
162.022,254.2,-2.5752,1.6674,0.4859,-1.469,2.99,480,0,0,24,0.5143,0.4392,DO_NOTHING,,0.0,0.0256,0.0,0.0,0.0
162.138,254.3,-2.5752,1.6675,0.4884,-1.469,2.99,480,0,0,24,0.5133,0.4392,DO_NOTHING,,0.0,0.0256,0.0,0.0,0.0
162.22,254.4,-2.5752,1.6676,0.49,-1.469,2.99,480,0,0,23,0.5136,0.4394,DO_NOTHING,,0.0,0.0256,0.0,0.0,0.0
162.336,254.5,-2.5752,1.6676,0.492,-1.469,2.99,480,0,0,23,0.5139,0.4397,DO_NOTHING,,0.0,0.0256,0.0,0.0,0.0
162.428,254.6,-2.5752,1.6677,0.4941,-1.469,2.99,480,0,0,23,0.5129,0.4397,DO_NOTHING,,0.0,0.0256,0.0,0.0,0.0
162.537,254.7,-2.5752,1.6678,0.4961,-1.469,2.99,480,0,0,24,0.5132,0.4399,DO_NOTHING,,0.0,0.0256,0.0,0.0,0.0
162.636,254.8,-2.5752,1.6679,0.4981,-1.469,2.99,480,0,0,24,0.5135,0.4402,DO_NOTHING,,0.0,0.0256,0.0,0.0,0.0
162.744,254.9,-2.5752,1.6679,0.5001,-1.469,2.99,480,0,0,24,0.5138,0.4405,DO_NOTHING,,0.0,0.0256,0.0,0.0,0.0
162.843,255.0,-2.5752,1.668,0.5022,-1.469,2.99,480,0,0,24,0.514,0.4408,DO_NOTHING,,0.0,0.0256,0.0,0.0,0.0
162.951,255.1,-2.5752,1.6681,0.5042,-1.469,2.99,480,0,0,24,0.5132,0.4409,DO_NOTHING,,0.0,0.0256,0.0,0.0,0.0
163.049,255.2,-2.5752,1.6681,0.5062,-1.469,2.99,480,0,0,25,0.513,0.4407,DO_NOTHING,,0.0,-0.0256,0.0,0.0,0.0
163.15,255.3,-2.5752,1.6681,0.5047,-1.469,2.99,480,0,0,24,0.5128,0.4405,DO_NOTHING,,0.0,-0.0256,0.0,0.0,0.0
163.249,255.4,-2.5752,1.668,0.5027,-1.469,2.99,480,0,0,24,0.5141,0.4409,DO_NOTHING,,0.0,-0.5385,0.0,0.0,0.0
163.352,255.5,-2.575,1.6679,0.4894,-1.469,2.99,480,0,0,24,0.5132,0.439,DO_NOTHING,,0.0,-0.4872,0.0,0.0,0.0
163.451,255.6,-2.5747,1.6676,0.456,-1.469,2.99,480,0,0,25,0.5142,0.4355,DO_NOTHING,,0.0,-0.4872,0.0,0.0,0.0
163.551,255.7,-2.5747,1.6663,0.4163,-1.469,2.99,480,0,0,24,0.515,0.432,DO_NOTHING,,0.0,-0.4359,0.0,0.0,0.0
163.65,255.8,-2.5747,1.6644,0.3797,-1.469,2.99,480,0,0,24,0.5171,0.4298,DO_NOTHING,,0.0,-0.4359,0.0,0.0,0.0
163.751,255.9,-2.5747,1.6622,0.3426,-1.469,2.99,480,0,0,25,0.5192,0.4279,DO_NOTHING,,0.0,-0.3846,0.0,0.0,0.0
163.849,256.0,-2.5747,1.6601,0.3086,-1.469,2.99,480,0,0,26,0.5207,0.4263,LIMIT,PolygonLimit,0.0,-1.0,0.0,0.0,0.0
163.949,256.1,-2.5747,1.6572,0.2642,-1.469,2.99,480,0,0,29,0.5235,0.4246,LIMIT,PolygonLimit,0.0,0.1795,0.0,0.0,0.0
164.049,256.2,-2.5747,1.6542,0.2227,-1.469,2.99,480,0,0,32,0.5269,0.4238,DO_NOTHING,,0.0,0.2308,0.0,0.0,0.0
164.148,256.3,-2.5747,1.653,0.2059,-1.469,2.99,480,0,0,35,0.5276,0.4232,DO_NOTHING,,0.0,0.2308,0.0,0.0,0.0
164.249,256.4,-2.5747,1.6537,0.2183,-1.469,2.99,480,0,0,31,0.5266,0.4236,DO_NOTHING,,0.0,0.2308,0.0,0.0,0.0
164.352,256.5,-2.5747,1.6552,0.2397,-1.469,2.99,480,0,0,31,0.5259,0.4243,DO_NOTHING,,0.0,0.2308,0.0,0.0,0.0
164.449,256.6,-2.5747,1.6567,0.2605,-1.469,2.99,480,0,0,30,0.5242,0.4249,DO_NOTHING,,0.0,0.1795,0.0,0.0,0.0
164.55,256.7,-2.5747,1.6579,0.2768,-1.469,2.99,480,0,0,27,0.5238,0.4257,DO_NOTHING,,0.0,0.1795,0.0,0.0,0.0
164.649,256.8,-2.5747,1.659,0.2929,-1.469,2.99,480,0,0,28,0.5227,0.426,DO_NOTHING,,0.0,0.1795,0.0,0.0,0.0
164.749,256.9,-2.5747,1.66,0.3089,-1.469,2.99,480,0,0,26,0.5208,0.4264,DO_NOTHING,,0.0,0.1795,0.0,0.0,0.0
164.849,257.0,-2.5747,1.661,0.3244,-1.469,2.99,480,0,0,25,0.5201,0.4272,DO_NOTHING,,0.0,0.1282,0.0,0.0,0.0
164.953,257.1,-2.5747,1.6617,0.3356,-1.469,2.99,480,0,0,25,0.5197,0.4276,DO_NOTHING,,0.0,0.1282,0.0,0.0,0.0
165.053,257.2,-2.5747,1.6624,0.3467,-1.469,2.99,480,0,0,25,0.5186,0.4281,DO_NOTHING,,0.0,0.1282,0.0,0.0,0.0
165.159,257.3,-2.5747,1.663,0.3578,-1.469,2.99,480,0,0,25,0.5174,0.4285,DO_NOTHING,,0.0,0.1282,0.0,0.0,0.0
165.271,257.4,-2.5747,1.6638,0.371,-1.469,2.99,480,0,0,24,0.5175,0.4294,DO_NOTHING,,0.0,0.1282,0.0,0.0,0.0
165.358,257.5,-2.5747,1.6643,0.3797,-1.469,2.99,480,0,0,24,0.5172,0.4299,DO_NOTHING,,0.0,0.1282,0.0,0.0,0.0
165.473,257.6,-2.5747,1.6649,0.3915,-1.469,2.99,480,0,0,24,0.516,0.4304,DO_NOTHING,,0.0,0.0769,0.0,0.0,0.0
165.559,257.7,-2.5747,1.6652,0.3967,-1.469,2.99,480,0,0,25,0.5156,0.4308,DO_NOTHING,,0.0,0.0769,0.0,0.0,0.0
165.669,257.8,-2.5747,1.6655,0.4032,-1.469,2.99,480,0,0,24,0.5151,0.4312,DO_NOTHING,,0.0,0.0769,0.0,0.0,0.0
165.768,257.9,-2.5747,1.6659,0.4096,-1.469,2.99,480,0,0,24,0.5159,0.432,DO_NOTHING,,0.0,0.0769,0.0,0.0,0.0
165.875,258.0,-2.5747,1.6662,0.416,-1.469,2.99,480,0,0,24,0.5151,0.432,DO_NOTHING,,0.0,0.0769,0.0,0.0,0.0
165.974,258.1,-2.5747,1.6665,0.4224,-1.469,2.99,480,0,0,24,0.5147,0.4324,DO_NOTHING,,0.0,0.0769,0.0,0.0,0.0
166.08,258.2,-2.5747,1.6668,0.4287,-1.469,2.99,480,0,0,24,0.5142,0.4329,DO_NOTHING,,0.0,0.0769,0.0,0.0,0.0
166.179,258.3,-2.5747,1.6671,0.4351,-1.469,2.99,480,0,0,23,0.5138,0.4333,DO_NOTHING,,0.0,0.0769,0.0,0.0,0.0
166.284,258.4,-2.5747,1.6674,0.4414,-1.469,2.99,480,0,0,23,0.5146,0.4342,DO_NOTHING,,0.0,0.0769,0.0,0.0,0.0
166.382,258.5,-2.5747,1.6677,0.4477,-1.469,2.99,480,0,0,24,0.5138,0.4342,DO_NOTHING,,0.0,0.0769,0.0,0.0,0.0
166.484,258.6,-2.5747,1.668,0.4532,-1.469,2.99,480,0,0,24,0.5133,0.4346,DO_NOTHING,,0.0,0.0256,0.0,0.0,0.0
166.583,258.7,-2.5747,1.668,0.4553,-1.469,2.99,480,0,0,25,0.5136,0.4349,DO_NOTHING,,0.0,0.0256,0.0,0.0,0.0
166.685,258.8,-2.5747,1.6681,0.4574,-1.469,2.99,480,0,0,25,0.5139,0.4352,DO_NOTHING,,0.0,0.0256,0.0,0.0,0.0
166.782,258.9,-2.5747,1.6682,0.4595,-1.469,2.99,480,0,0,24,0.5129,0.4351,DO_NOTHING,,0.0,0.0256,0.0,0.0,0.0
166.882,259.0,-2.5747,1.6683,0.4615,-1.469,2.99,480,0,0,24,0.5132,0.4354,DO_NOTHING,,0.0,0.0256,0.0,0.0,0.0
166.982,259.1,-2.5747,1.6684,0.4636,-1.469,2.99,480,0,0,24,0.513,0.4356,DO_NOTHING,,0.0,0.0256,0.0,0.0,0.0
167.081,259.2,-2.5747,1.6685,0.4657,-1.469,2.99,480,0,0,24,0.5125,0.4356,DO_NOTHING,,0.0,0.0256,0.0,0.0,0.0
167.181,259.3,-2.5747,1.6686,0.4677,-1.469,2.99,480,0,0,24,0.5128,0.4358,DO_NOTHING,,0.0,0.0256,0.0,0.0,0.0
167.281,259.4,-2.5747,1.6687,0.4698,-1.469,2.99,480,0,0,24,0.5131,0.4361,DO_NOTHING,,0.0,0.0256,0.0,0.0,0.0
167.382,259.5,-2.5747,1.6688,0.4719,-1.469,2.99,480,0,0,24,0.5133,0.4364,DO_NOTHING,,0.0,0.0256,0.0,0.0,0.0
167.481,259.6,-2.5747,1.6688,0.4739,-1.469,2.99,480,0,0,25,0.5136,0.4367,DO_NOTHING,,0.0,0.0256,0.0,0.0,0.0
167.582,259.7,-2.5747,1.6689,0.476,-1.469,2.99,480,0,0,24,0.5123,0.4363,DO_NOTHING,,0.0,0.0256,0.0,0.0,0.0
167.682,259.8,-2.5747,1.669,0.478,-1.469,2.99,480,0,0,25,0.5126,0.4365,DO_NOTHING,,0.0,0.0256,0.0,0.0,0.0
167.783,259.9,-2.5747,1.6691,0.4801,-1.469,2.99,480,0,0,25,0.5129,0.4368,DO_NOTHING,,0.0,0.0256,0.0,0.0,0.0
167.882,260.0,-2.5747,1.6692,0.4821,-1.469,2.99,480,0,0,24,0.5119,0.4368,DO_NOTHING,,0.0,0.0256,0.0,0.0,0.0
167.981,260.1,-2.5747,1.6692,0.4842,-1.469,2.99,480,0,0,25,0.5122,0.437,DO_NOTHING,,0.0,0.0256,0.0,0.0,0.0
168.085,260.2,-2.5747,1.6693,0.4862,-1.469,2.99,480,0,0,25,0.5125,0.4373,DO_NOTHING,,0.0,0.0256,0.0,0.0,0.0
168.182,260.3,-2.5747,1.6694,0.4883,-1.469,2.99,480,0,0,25,0.5115,0.4373,DO_NOTHING,,0.0,0.0256,0.0,0.0,0.0
168.285,260.4,-2.5747,1.6695,0.4903,-1.469,2.99,480,0,0,24,0.5118,0.4376,DO_NOTHING,,0.0,0.0256,0.0,0.0,0.0
168.386,260.5,-2.5747,1.6696,0.4924,-1.469,2.99,480,0,0,24,0.512,0.4378,DO_NOTHING,,0.0,0.0256,0.0,0.0,0.0
168.494,260.6,-2.5747,1.6696,0.4944,-1.469,2.99,480,0,0,24,0.5111,0.4378,DO_NOTHING,,0.0,0.0256,0.0,0.0,0.0
168.604,260.7,-2.5747,1.6697,0.4968,-1.469,2.99,480,0,0,25,0.5114,0.4381,DO_NOTHING,,0.0,0.0256,0.0,0.0,0.0
168.692,260.8,-2.5747,1.6698,0.4985,-1.469,2.99,480,0,0,24,0.5117,0.4384,DO_NOTHING,,0.0,0.0256,0.0,0.0,0.0
168.807,260.9,-2.5747,1.6699,0.5009,-1.469,2.99,480,0,0,24,0.5119,0.4386,DO_NOTHING,,0.0,0.0256,0.0,0.0,0.0
168.895,261.0,-2.5747,1.6699,0.5025,-1.469,2.99,480,0,0,25,0.5122,0.4389,DO_NOTHING,,0.0,0.0256,0.0,0.0,0.0
169.002,261.1,-2.5747,1.67,0.5045,-1.469,2.99,480,0,0,25,0.5125,0.4392,DO_NOTHING,,0.0,0.0256,0.0,0.0,0.0
169.101,261.2,-2.5747,1.6701,0.5066,-1.469,2.99,480,0,0,25,0.5112,0.4388,DO_NOTHING,,0.0,0.0256,0.0,0.0,0.0
169.209,261.3,-2.5747,1.6701,0.5086,-1.469,2.99,480,0,0,26,0.5115,0.4391,DO_NOTHING,,0.0,0.0256,0.0,0.0,0.0
169.307,261.4,-2.5747,1.6702,0.5106,-1.469,2.99,480,0,0,25,0.5118,0.4394,DO_NOTHING,,0.0,0.0256,0.0,0.0,0.0
169.413,261.5,-2.5747,1.6702,0.5106,-1.469,2.99,480,0,0,25,0.5118,0.4394,DO_NOTHING,,0.0,-0.0256,0.0,0.0,0.0
169.513,261.6,-2.5747,1.6701,0.5086,-1.469,2.99,480,0,0,26,0.5115,0.4391,DO_NOTHING,,0.0,-0.0256,0.0,0.0,0.0
169.615,261.7,-2.5746,1.67,0.5004,-1.469,2.99,480,0,0,24,0.5118,0.4385,DO_NOTHING,,0.0,-0.5385,0.0,0.0,0.0
169.714,261.8,-2.5742,1.6696,0.4721,-1.469,2.99,480,0,0,24,0.5125,0.4355,DO_NOTHING,,0.0,-0.4872,0.0,0.0,0.0
169.816,261.9,-2.5742,1.6687,0.4328,-1.469,2.99,480,0,0,25,0.5131,0.4317,DO_NOTHING,,0.0,-0.4872,0.0,0.0,0.0
169.913,262.0,-2.5742,1.6669,0.3951,-1.469,2.99,480,0,0,26,0.5149,0.4292,DO_NOTHING,,0.0,-0.4359,0.0,0.0,0.0
170.015,262.1,-2.5742,1.665,0.361,-1.469,2.99,480,0,0,26,0.5161,0.4271,DO_NOTHING,,0.0,-0.3846,0.0,0.0,0.0
170.113,262.2,-2.5742,1.6629,0.3276,-1.469,2.99,480,0,0,26,0.5188,0.4259,DO_NOTHING,,0.0,-0.3846,0.0,0.0,0.0
170.213,262.3,-2.5742,1.6605,0.2877,-1.469,2.99,480,0,0,28,0.5215,0.4241,LIMIT,PolygonLimit,0.0,-1.0,0.0,0.0,0.0
170.313,262.4,-2.5742,1.6573,0.2426,-1.469,2.99,480,0,0,32,0.5239,0.4227,DO_NOTHING,,0.0,0.1795,0.0,0.0,0.0
170.414,262.5,-2.5742,1.6553,0.215,-1.469,2.99,480,0,0,36,0.5256,0.4219,DO_NOTHING,,0.0,0.2308,0.0,0.0,0.0
170.512,262.6,-2.5742,1.6553,0.2162,-1.469,2.99,480,0,0,35,0.5259,0.4221,DO_NOTHING,,0.0,0.2308,0.0,0.0,0.0
170.612,262.7,-2.5742,1.6567,0.2369,-1.469,2.99,480,0,0,33,0.524,0.4223,DO_NOTHING,,0.0,0.2308,0.0,0.0,0.0
170.711,262.8,-2.5742,1.6582,0.258,-1.469,2.99,480,0,0,30,0.5226,0.423,DO_NOTHING,,0.0,0.2308,0.0,0.0,0.0
170.811,262.9,-2.5742,1.6594,0.2758,-1.469,2.99,480,0,0,29,0.5221,0.424,DO_NOTHING,,0.0,0.1795,0.0,0.0,0.0
170.913,263.0,-2.5742,1.6605,0.292,-1.469,2.99,480,0,0,27,0.5209,0.4243,DO_NOTHING,,0.0,0.0,0.0,0.0,0.0
171.012,263.1,-2.5742,1.6611,0.3007,-1.469,2.99,480,0,0,28,0.5207,0.4248,DO_NOTHING,,0.0,1.0,0.0,0.0,0.0
171.115,263.2,-2.5742,1.6621,0.3229,-1.469,2.99,480,0,0,26,0.5187,0.4258,DO_NOTHING,,0.0,1.0,0.0,0.0,0.0
171.216,263.3,-2.5742,1.6645,0.365,-1.469,2.99,480,0,0,25,0.5169,0.4283,LIMIT,PolygonLimit,0.0,1.0,0.0,0.0,0.0
171.316,263.4,-2.5742,1.6668,0.4073,-1.469,2.99,480,0,0,25,0.5146,0.4306,LIMIT,PolygonLimit,0.0,1.0,0.0,0.0,0.0
171.421,263.5,-2.5742,1.6688,0.4486,-1.469,2.99,480,0,0,24,0.5129,0.4333,LIMIT,PolygonLimit,0.0,1.0,0.0,0.0,0.0
171.524,263.6,-2.5742,1.6705,0.4889,-1.469,2.99,480,0,0,25,0.5118,0.4366,LIMIT,PolygonLimit,0.0,1.0,0.0,0.0,0.0
171.63,263.7,-2.5742,1.6719,0.5282,-1.469,2.99,480,0,0,26,0.5107,0.4402,LIMIT,PolygonLimit,0.0,1.0,0.0,0.0,0.0
171.728,263.8,-2.5742,1.6729,0.5666,-1.469,2.99,480,0,0,26,0.5095,0.4438,LIMIT,PolygonLimit,0.0,1.0,0.0,0.0,0.0
171.838,263.9,-2.5742,1.6736,0.6038,-1.469,2.99,480,0,0,27,0.5084,0.4477,LIMIT,PolygonLimit,0.0,1.0,0.0,0.0,0.0
171.954,264.0,-2.5746,1.6738,0.6451,-1.469,2.99,480,0,0,27,0.5087,0.452,LIMIT,PolygonLimit,0.0,1.0,0.0,0.0,0.0
172.036,264.1,-2.5748,1.6738,0.6728,-1.469,2.99,480,0,0,29,0.5076,0.4561,LIMIT,PolygonLimit,0.0,1.0,0.0,0.0,0.0
172.157,264.2,-2.575,1.6738,0.7159,-1.469,2.99,480,0,0,29,0.508,0.4608,LIMIT,PolygonLimit,0.0,1.0,0.0,0.0,0.0
172.238,264.3,-2.5754,1.6738,0.7457,-1.469,2.99,480,0,0,29,0.5074,0.4657,LIMIT,PolygonLimit,0.0,1.0,0.0,0.0,0.0
172.349,264.4,-2.5756,1.6738,0.7843,-1.469,2.99,480,0,0,32,0.5069,0.4707,LIMIT,PolygonLimit,0.0,1.0,0.0,0.0,0.0
172.451,264.5,-2.5756,1.6737,0.823,-1.469,2.99,480,0,0,33,0.5079,0.4762,LIMIT,PolygonLimit,0.0,1.0,0.0,0.0,0.0
172.559,264.6,-2.5756,1.6732,0.8603,-1.469,2.99,480,0,0,34,0.5088,0.4817,LIMIT,PolygonLimit,0.0,1.0,0.0,0.0,0.0
172.66,264.7,-2.5756,1.673,0.8961,-1.469,2.99,480,0,0,36,0.5091,0.4867,LIMIT,PolygonLimit,0.0,1.0,0.0,0.0,0.0
172.765,264.8,-2.5756,1.6732,0.9307,-1.469,2.99,480,0,0,37,0.509,0.4912,LIMIT,PolygonLimit,0.0,1.0,0.0,0.0,0.0
172.866,264.9,-2.5756,1.6735,0.964,-1.469,2.99,480,0,0,38,0.5083,0.4953,LIMIT,PolygonLimit,0.0,1.0,0.0,0.0,0.0
172.973,265.0,-2.5756,1.6738,0.996,-1.469,2.99,480,0,0,40,0.5076,0.4993,LIMIT,PolygonLimit,0.0,1.0,0.0,0.0,0.0
173.075,265.1,-2.5758,1.674,1.0282,-1.469,2.99,480,0,2,42,0.5083,0.5036,LIMIT,PolygonLimit,0.0,1.0,0.0,0.0,0.0
173.176,265.2,-2.5765,1.6742,1.0642,-1.469,2.99,480,0,5,42,0.508,0.5081,SLOWDOWN,PolygonSlow,0.0,1.0,0.0,0.0,0.0
173.276,265.3,-2.5774,1.6742,1.0899,-1.469,2.99,480,0,8,45,0.5077,0.5114,SLOWDOWN,PolygonSlow,0.0,1.0,0.0,0.0,0.0
173.379,265.4,-2.5784,1.6742,1.1141,-1.469,2.99,480,0,9,45,0.5058,0.5143,SLOWDOWN,PolygonSlow,0.0,1.0,0.0,0.0,0.0
173.479,265.5,-2.5796,1.6742,1.1386,-1.469,2.99,480,0,12,46,0.5066,0.5176,SLOWDOWN,PolygonSlow,0.0,1.0,0.0,0.0,0.0
173.582,265.6,-2.5808,1.6742,1.1635,-1.469,2.99,480,0,14,48,0.506,0.5206,SLOWDOWN,PolygonSlow,0.0,1.0,0.0,0.0,0.0
173.68,265.7,-2.5821,1.6742,1.1888,-1.469,2.99,480,0,16,49,0.5056,0.5239,SLOWDOWN,PolygonSlow,0.0,1.0,0.0,0.0,0.0
173.781,265.8,-2.5836,1.6742,1.2144,-1.469,2.99,480,0,18,50,0.5038,0.5268,SLOWDOWN,PolygonSlow,0.0,1.0,0.0,0.0,0.0
173.876,265.9,-2.5852,1.6742,1.2404,-1.469,2.99,480,0,21,51,0.5034,0.5301,SLOWDOWN,PolygonSlow,0.0,1.0,0.0,0.0,0.0
173.978,266.0,-2.5868,1.6742,1.2668,-1.469,2.99,480,0,19,52,0.503,0.5333,SLOWDOWN,PolygonSlow,0.0,1.0,0.0,0.0,0.0
174.077,266.1,-2.5886,1.6742,1.2937,-1.469,2.99,480,0,14,54,0.5027,0.5366,SLOWDOWN,PolygonSlow,0.0,1.0,0.0,0.0,0.0
174.178,266.2,-2.5906,1.6742,1.321,-1.469,2.99,480,0,9,56,0.5023,0.5399,SLOWDOWN,PolygonSlow,0.0,1.0,0.0,0.0,0.0
174.278,266.3,-2.5926,1.6742,1.3487,-1.469,2.99,480,0,2,57,0.502,0.5431,SLOWDOWN,PolygonSlow,0.0,1.0,0.0,0.0,0.0
174.378,266.4,-2.5951,1.6742,1.386,-1.469,2.99,480,0,0,59,0.5017,0.5475,LIMIT,PolygonLimit,0.0,1.0,0.0,0.0,0.0
174.478,266.5,-2.5988,1.6742,1.4343,-1.469,2.99,480,0,0,61,0.5,0.5529,LIMIT,PolygonLimit,0.0,1.0,0.0,0.0,0.0
174.576,266.6,-2.603,1.6742,1.484,-1.469,2.99,480,0,0,65,0.4985,0.5582,LIMIT,PolygonLimit,0.0,0.8489,0.0,0.0,0.0
174.677,266.7,-2.6074,1.6742,1.5352,-1.469,2.99,480,0,0,68,0.4974,0.5638,LIMIT,PolygonLimit,0.0,0.6329,0.0,0.0,0.0
174.776,266.8,-2.6121,1.6742,1.588,-1.469,2.99,480,0,0,71,0.4961,0.5691,LIMIT,PolygonLimit,0.0,0.4,0.0,0.0,0.0
174.879,266.9,-2.6163,1.6742,1.6358,-1.469,2.99,480,0,0,73,0.4955,0.5738,DO_NOTHING,,0.2526,-1.0,0.0,0.0,0.0
174.983,267.0,-2.6192,1.6748,1.668,-1.469,2.99,480,0,0,76,0.4926,0.5759,DO_NOTHING,,0.2526,-1.0,0.25,0.125,0.125
175.083,267.1,-2.6204,1.6877,1.6672,-1.469,2.99,480,0,0,77,0.4798,0.5629,APPROACH,FootprintApproach,0.1579,-1.0,0.2526,0.1844,0.1844
175.187,267.2,-2.6201,1.7099,1.6402,-1.469,2.99,480,0,0,78,0.4598,0.5383,LIMIT,PolygonLimit,0.1579,-1.0,0.1579,0.1096,0.1096
175.3,267.3,-2.6193,1.7244,1.6071,-1.469,2.99,480,0,0,78,0.447,0.5208,LIMIT,PolygonLimit,0.1421,-1.0,0.1579,0.0789,0.0789
175.387,267.4,-2.6176,1.7323,1.5551,-1.469,2.99,480,0,0,77,0.4391,0.5073,LIMIT,PolygonLimit,0.1421,-1.0,0.1421,0.0711,0.0711
175.499,267.5,-2.6145,1.7394,1.5033,-1.469,2.99,480,0,49,75,0.4323,0.4946,SLOWDOWN,PolygonSlow,0.1421,-1.0,0.1421,0.0426,0.0426
175.588,267.6,-2.6112,1.7441,1.4669,-1.469,2.99,480,0,47,74,0.4299,0.4863,SLOWDOWN,PolygonSlow,0.1263,-0.8974,0.1421,0.0426,0.0426
175.699,267.7,-2.6083,1.7482,1.438,-1.469,2.99,480,0,46,73,0.4274,0.479,SLOWDOWN,PolygonSlow,0.1263,-0.9487,0.1263,0.0379,0.0379
175.798,267.8,-2.6055,1.7519,1.411,-1.469,2.99,480,0,45,72,0.423,0.4721,SLOWDOWN,PolygonSlow,0.1263,-0.9487,0.1263,0.0379,0.0379
175.905,267.9,-2.6027,1.7557,1.3838,-1.469,2.99,480,0,42,71,0.4225,0.4655,SLOWDOWN,PolygonSlow,0.0789,-1.0,0.1263,0.0379,0.0379
176.004,268.0,-2.6,1.7588,1.3564,-1.469,2.99,480,0,41,70,0.42,0.4593,SLOWDOWN,PolygonSlow,0.0789,-1.0,0.0789,0.0237,0.0237
176.111,268.1,-2.5975,1.7611,1.3286,-1.469,2.99,480,0,40,69,0.4182,0.4537,SLOWDOWN,PolygonSlow,0.0789,-1.0,0.0789,0.0237,0.0237
176.211,268.2,-2.5949,1.7634,1.3012,-1.469,2.99,480,0,37,69,0.4164,0.4482,SLOWDOWN,PolygonSlow,0.0789,-1.0,0.0789,0.0237,0.0237
176.313,268.3,-2.5924,1.7656,1.2742,-1.469,2.99,480,0,36,68,0.416,0.4429,SLOWDOWN,PolygonSlow,0.0316,-1.0,0.0789,0.0237,0.0237
176.412,268.4,-2.5903,1.7671,1.2478,-1.469,2.99,480,0,35,68,0.415,0.4381,SLOWDOWN,PolygonSlow,0.0316,-1.0,0.0316,0.0095,0.0095
176.514,268.5,-2.5884,1.768,1.2217,-1.469,2.99,480,0,33,67,0.4146,0.4339,SLOWDOWN,PolygonSlow,0.0316,-1.0,0.0316,0.0095,0.0095
176.615,268.6,-2.5865,1.7689,1.1959,-1.469,2.99,480,0,31,66,0.4156,0.43,SLOWDOWN,PolygonSlow,0.0316,-1.0,0.0316,0.0095,0.0095
176.713,268.7,-2.5848,1.7698,1.1705,-1.469,2.99,480,0,30,66,0.4152,0.4259,SLOWDOWN,PolygonSlow,0.0789,-1.0,0.0316,0.0095,0.0095
176.813,268.8,-2.5828,1.7714,1.1463,-1.469,2.99,480,0,28,66,0.4144,0.4214,SLOWDOWN,PolygonSlow,0.0789,-1.0,0.0789,0.0237,0.0237
176.913,268.9,-2.5807,1.7736,1.1217,-1.469,2.99,480,0,28,65,0.4144,0.4165,SLOWDOWN,PolygonSlow,0.0632,-1.0,0.0789,0.0237,0.0237
177.013,269.0,-2.5787,1.7754,1.0974,-1.469,2.99,480,0,26,65,0.4133,0.4116,SLOWDOWN,PolygonSlow,0.0316,-1.0,0.0632,0.0189,0.0189
177.112,269.1,-2.5772,1.7767,1.0736,-1.469,2.99,480,0,24,65,0.4128,0.4074,SLOWDOWN,PolygonSlow,0.0316,-1.0,0.0316,0.0095,0.0095
177.213,269.2,-2.5759,1.7775,1.0501,-1.469,2.99,480,0,23,65,0.4126,0.4035,SLOWDOWN,PolygonSlow,0.0474,-1.0,0.0316,0.0095,0.0095
177.313,269.3,-2.5746,1.7785,1.0272,-1.469,2.99,480,0,21,66,0.4123,0.3996,SLOWDOWN,PolygonSlow,0.0474,-1.0,0.0474,0.0142,0.0142
177.413,269.4,-2.5733,1.7797,1.0043,-1.469,2.99,480,0,20,65,0.4103,0.3951,SLOWDOWN,PolygonSlow,0.0474,-1.0,0.0474,0.0142,0.0142
177.516,269.5,-2.572,1.7809,0.9817,-1.469,2.99,480,0,18,65,0.4113,0.3913,SLOWDOWN,PolygonSlow,0.0474,-1.0,0.0474,0.0142,0.0142
177.613,269.6,-2.5709,1.782,0.9598,-1.469,2.99,480,0,17,65,0.4095,0.3871,SLOWDOWN,PolygonSlow,0.0474,-1.0,0.0474,0.0142,0.0142
177.714,269.7,-2.57,1.7829,0.9395,-1.469,2.99,480,0,16,64,0.4096,0.3837,SLOWDOWN,PolygonSlow,0.0632,-1.0,0.0474,0.0142,0.0142
177.812,269.8,-2.569,1.784,0.9192,-1.469,2.99,480,0,14,65,0.4081,0.3798,SLOWDOWN,PolygonSlow,0.0632,-1.0,0.0632,0.0189,0.0189
177.913,269.9,-2.5678,1.7854,0.8983,-1.469,2.99,480,0,13,65,0.409,0.3761,SLOWDOWN,PolygonSlow,0.0632,-1.0,0.0632,0.0189,0.0189
178.012,270.0,-2.5666,1.7869,0.877,-1.469,2.99,480,0,12,65,0.4069,0.3717,SLOWDOWN,PolygonSlow,0.0,-0.1795,0.0632,0.0189,0.0189
178.112,270.1,-2.5661,1.7877,0.8573,-1.469,2.99,480,0,12,65,0.4072,0.3685,SLOWDOWN,PolygonSlow,0.0,-0.1282,0.0,0.0,0.0
178.213,270.2,-2.5661,1.7879,0.8442,-1.469,2.99,480,0,11,66,0.4062,0.3664,SLOWDOWN,PolygonSlow,0.0,-0.1282,0.0,0.0,0.0
178.317,270.3,-2.5661,1.7879,0.8388,-1.469,2.99,480,0,10,66,0.4066,0.3658,SLOWDOWN,PolygonSlow,0.0,-0.1282,0.0,0.0,0.0
178.418,270.4,-2.5661,1.788,0.8359,-1.469,2.99,480,0,10,66,0.4061,0.3652,SLOWDOWN,PolygonSlow,0.0,-0.1282,0.0,0.0,0.0
178.526,270.5,-2.5661,1.788,0.833,-1.469,2.99,480,0,10,67,0.4068,0.3648,SLOWDOWN,PolygonSlow,0.0,-0.1282,0.0,0.0,0.0
178.636,270.6,-2.5661,1.7881,0.8296,-1.469,2.99,480,0,10,66,0.4063,0.3643,SLOWDOWN,PolygonSlow,0.0,-0.1282,0.0,0.0,0.0
178.724,270.7,-2.5661,1.7881,0.8272,-1.469,2.99,480,0,10,66,0.4072,0.3642,SLOWDOWN,PolygonSlow,0.0,-0.1282,0.0,0.0,0.0
178.836,270.8,-2.5661,1.7881,0.8237,-1.469,2.99,480,0,9,67,0.4067,0.3636,SLOWDOWN,PolygonSlow,0.0,-0.1282,0.0,0.0,0.0
178.924,270.9,-2.5661,1.7881,0.8214,-1.469,2.99,480,0,9,66,0.4061,0.363,SLOWDOWN,PolygonSlow,0.0,-0.1282,0.0,0.0,0.0
179.035,271.0,-2.5661,1.7882,0.8185,-1.469,2.99,480,0,9,67,0.4071,0.3629,SLOWDOWN,PolygonSlow,0.0,-0.0769,0.0,0.0,0.0
179.134,271.1,-2.5661,1.7882,0.8166,-1.469,2.99,480,0,9,67,0.4067,0.3626,SLOWDOWN,PolygonSlow,0.0,-0.0769,0.0,0.0,0.0
179.243,271.2,-2.5661,1.7882,0.8148,-1.469,2.99,480,0,9,66,0.4064,0.3622,SLOWDOWN,PolygonSlow,0.0,-0.0769,0.0,0.0,0.0
179.34,271.3,-2.5661,1.7882,0.8131,-1.469,2.99,480,0,9,67,0.4061,0.3619,SLOWDOWN,PolygonSlow,0.0,0.5897,0.0,0.0,0.0
179.448,271.4,-2.5661,1.7882,0.8164,-1.469,2.99,480,0,9,67,0.4067,0.3625,SLOWDOWN,PolygonSlow,0.0,0.641,0.0,0.0,0.0
179.545,271.5,-2.5661,1.7881,0.8269,-1.469,2.99,480,0,10,66,0.4071,0.3641,SLOWDOWN,PolygonSlow,0.0,0.5897,0.0,0.0,0.0
179.651,271.6,-2.5661,1.7879,0.8401,-1.469,2.99,480,0,10,65,0.4069,0.366,SLOWDOWN,PolygonSlow,0.0,0.5897,0.0,0.0,0.0
179.749,271.7,-2.5661,1.7878,0.8532,-1.469,2.99,480,0,11,66,0.4064,0.3677,SLOWDOWN,PolygonSlow,0.0,0.5897,0.0,0.0,0.0
179.85,271.8,-2.5661,1.7876,0.8662,-1.469,2.99,480,0,12,66,0.4073,0.3698,SLOWDOWN,PolygonSlow,0.0,0.5897,0.0,0.0,0.0
179.95,271.9,-2.5661,1.7875,0.8789,-1.469,2.99,480,0,12,65,0.4067,0.3714,SLOWDOWN,PolygonSlow,0.0,0.5385,0.0,0.0,0.0
180.047,272.0,-2.5661,1.7875,0.8906,-1.469,2.99,480,0,13,65,0.4073,0.3732,SLOWDOWN,PolygonSlow,0.0,0.5385,0.0,0.0,0.0
180.149,272.1,-2.5661,1.7875,0.9019,-1.469,2.99,480,0,13,66,0.4076,0.3747,SLOWDOWN,PolygonSlow,0.0,0.5385,0.0,0.0,0.0
180.25,272.2,-2.5661,1.7876,0.9132,-1.469,2.99,480,0,15,65,0.4066,0.3759,SLOWDOWN,PolygonSlow,0.0,0.5385,0.0,0.0,0.0
180.348,272.3,-2.5661,1.7876,0.9243,-1.469,2.99,480,0,15,65,0.407,0.3775,SLOWDOWN,PolygonSlow,0.0,0.4872,0.0,0.0,0.0
180.449,272.4,-2.5661,1.7877,0.9343,-1.469,2.99,480,0,15,66,0.4072,0.3789,SLOWDOWN,PolygonSlow,0.0,0.4872,0.0,0.0,0.0
180.549,272.5,-2.5661,1.7879,0.9441,-1.469,2.99,480,0,16,65,0.4071,0.3799,SLOWDOWN,PolygonSlow,0.0,0.4872,0.0,0.0,0.0
180.648,272.6,-2.5661,1.788,0.9538,-1.469,2.99,480,0,17,65,0.4072,0.3812,SLOWDOWN,PolygonSlow,0.0,0.4872,0.0,0.0,0.0
180.748,272.7,-2.5662,1.7882,0.9636,-1.469,2.99,480,0,18,66,0.4072,0.3824,SLOWDOWN,PolygonSlow,0.0,0.4872,0.0,0.0,0.0
180.848,272.8,-2.5663,1.7883,0.974,-1.469,2.99,480,0,18,66,0.4059,0.3833,SLOWDOWN,PolygonSlow,0.0,0.0256,0.0,0.0,0.0
180.948,272.9,-2.5664,1.7883,0.98,-1.469,2.99,480,0,19,66,0.407,0.3845,SLOWDOWN,PolygonSlow,0.0,-0.2308,0.0,0.0,0.0
181.048,273.0,-2.5664,1.7883,0.9788,-1.469,2.99,480,0,19,67,0.4068,0.3843,SLOWDOWN,PolygonSlow,0.0,-0.7436,0.0,0.0,0.0
181.149,273.1,-2.5663,1.7882,0.9711,-1.469,2.99,480,0,18,67,0.407,0.3833,SLOWDOWN,PolygonSlow,0.0,-0.7436,0.0,0.0,0.0
181.249,273.2,-2.5663,1.788,0.9577,-1.469,2.99,480,0,17,66,0.4064,0.3815,SLOWDOWN,PolygonSlow,0.0,-0.7436,0.0,0.0,0.0
181.348,273.3,-2.5663,1.7877,0.943,-1.469,2.99,480,0,16,66,0.4071,0.3799,SLOWDOWN,PolygonSlow,0.0,-0.6923,0.0,0.0,0.0
181.449,273.4,-2.5663,1.7875,0.9289,-1.469,2.99,480,0,15,65,0.4065,0.3781,SLOWDOWN,PolygonSlow,0.0,-0.6923,0.0,0.0,0.0
181.548,273.5,-2.5663,1.7874,0.9146,-1.469,2.99,480,0,15,66,0.407,0.3763,SLOWDOWN,PolygonSlow,0.0,-0.6923,0.0,0.0,0.0
181.652,273.6,-2.5663,1.7874,0.9002,-1.469,2.99,480,0,13,66,0.4075,0.3745,SLOWDOWN,PolygonSlow,0.0,-0.641,0.0,0.0,0.0
181.752,273.7,-2.5663,1.7874,0.8866,-1.469,2.99,480,0,12,65,0.4067,0.3726,SLOWDOWN,PolygonSlow,0.0,-0.641,0.0,0.0,0.0
181.857,273.8,-2.5663,1.7874,0.8728,-1.469,2.99,480,0,12,66,0.4072,0.3708,SLOWDOWN,PolygonSlow,0.0,-0.641,0.0,0.0,0.0
181.972,273.9,-2.5663,1.7876,0.8564,-1.469,2.99,480,0,11,66,0.4073,0.369,SLOWDOWN,PolygonSlow,0.0,-0.5897,0.0,0.0,0.0
182.058,274.0,-2.5663,1.7877,0.8459,-1.469,2.99,480,0,10,66,0.4066,0.3669,SLOWDOWN,PolygonSlow,0.0,-0.5897,0.0,0.0,0.0
182.173,274.1,-2.5663,1.7879,0.83,-1.469,2.99,480,0,10,67,0.4069,0.3649,SLOWDOWN,PolygonSlow,0.0,-0.5897,0.0,0.0,0.0
182.267,274.2,-2.5663,1.788,0.8193,-1.469,2.99,480,0,8,67,0.4074,0.3632,SLOWDOWN,PolygonSlow,0.0,-0.5897,0.0,0.0,0.0
182.384,274.3,-2.5663,1.7881,0.8059,-1.469,2.99,480,0,8,67,0.4064,0.3611,SLOWDOWN,PolygonSlow,0.0316,-0.8974,0.0,0.0,0.0
182.487,274.4,-2.5661,1.7883,0.7929,-1.469,2.99,480,0,7,67,0.407,0.3595,SLOWDOWN,PolygonSlow,0.0316,-0.8462,0.0316,0.0095,0.0095
182.596,274.5,-2.5654,1.7889,0.7736,-1.469,2.99,480,0,6,68,0.4057,0.356,SLOWDOWN,PolygonSlow,0.0316,-0.8462,0.0316,0.0095,0.0095
182.696,274.6,-2.5646,1.7896,0.754,-1.469,2.99,480,0,5,68,0.4058,0.353,SLOWDOWN,PolygonSlow,0.0316,-0.7949,0.0316,0.0095,0.0095
182.804,274.7,-2.5637,1.7902,0.7354,-1.469,2.99,480,0,5,69,0.4062,0.3503,SLOWDOWN,PolygonSlow,0.0316,-0.7436,0.0316,0.0095,0.0095
182.904,274.8,-2.5628,1.7909,0.7182,-1.469,2.99,480,0,4,70,0.4053,0.3473,LIMIT,PolygonLimit,0.0316,-0.7436,0.0316,0.0212,0.0212
183.012,274.9,-2.5611,1.7922,0.688,-1.469,2.99,480,0,2,70,0.4058,0.3428,LIMIT,PolygonLimit,0.0316,-0.6923,0.0316,0.0212,0.0212
183.112,275.0,-2.5592,1.7936,0.653,-1.469,2.99,480,0,1,72,0.4051,0.3371,LIMIT,PolygonLimit,0.0316,-0.641,0.0316,0.0228,0.0228
183.218,275.1,-2.5571,1.795,0.6192,-1.469,2.99,480,0,0,75,0.4045,0.3318,LIMIT,PolygonLimit,0.0316,-0.3846,0.0316,0.0246,0.0246
183.318,275.2,-2.5546,1.7964,0.5854,-1.469,2.99,480,0,0,77,0.404,0.3267,DO_NOTHING,,0.0316,-0.3333,0.0316,0.0316,0.0316
183.419,275.3,-2.552,1.7975,0.5588,-1.469,2.99,480,0,0,78,0.4047,0.323,DO_NOTHING,,0.0316,-0.3333,0.0316,0.0316,0.0316
183.516,275.4,-2.5493,1.7984,0.5332,-1.469,2.99,480,0,0,82,0.4058,0.3199,DO_NOTHING,,0.0316,-0.3333,0.0316,0.0316,0.0316
183.618,275.5,-2.5465,1.7992,0.5072,-1.469,2.99,480,0,0,82,0.4057,0.3165,DO_NOTHING,,0.0316,-0.3333,0.0316,0.0316,0.0316
183.716,275.6,-2.5437,1.7997,0.4808,-1.469,2.99,480,0,0,85,0.407,0.314,DO_NOTHING,,0.0158,-0.1795,0.0316,0.0316,0.0316
183.817,275.7,-2.5418,1.8,0.461,-1.469,2.99,480,0,0,86,0.4086,0.3126,DO_NOTHING,,0.1105,-0.0769,0.0158,0.0158,0.0158
183.918,275.8,-2.5362,1.8023,0.4519,-1.469,2.99,480,0,0,88,0.4084,0.3103,DO_NOTHING,,0.1105,-0.1282,0.1105,0.1105,0.1105
184.019,275.9,-2.5263,1.8067,0.443,-1.469,2.99,480,0,0,86,0.4098,0.3082,DO_NOTHING,,0.0789,-0.0769,0.1105,0.1105,0.1105
184.116,276.0,-2.5181,1.8103,0.4354,-1.469,2.99,480,0,0,83,0.4117,0.3068,DO_NOTHING,,0.0789,-0.1282,0.0789,0.0789,0.0789
184.216,276.1,-2.5109,1.8132,0.4263,-1.469,2.99,480,0,0,80,0.4135,0.3061,DO_NOTHING,,0.0632,-0.0256,0.0789,0.0789,0.0789
184.316,276.2,-2.5047,1.8158,0.421,-1.469,2.99,480,0,0,77,0.4158,0.306,DO_NOTHING,,0.0632,-0.0769,0.0632,0.0632,0.0632
184.416,276.3,-2.499,1.8181,0.416,-1.469,2.99,480,0,0,75,0.4162,0.3053,DO_NOTHING,,0.0632,-0.1282,0.0632,0.0632,0.0632
184.516,276.4,-2.4932,1.8202,0.4068,-1.469,2.99,480,0,0,72,0.4181,0.3049,DO_NOTHING,,0.0474,0.0,0.0632,0.0632,0.0632
184.615,276.5,-2.4884,1.8221,0.4025,-1.469,2.99,480,0,0,70,0.4199,0.3052,DO_NOTHING,,0.0474,-0.0256,0.0474,0.0474,0.0474
184.715,276.6,-2.484,1.8239,0.401,-1.469,2.99,480,0,0,69,0.4212,0.3059,DO_NOTHING,,0.1105,0.0769,0.0474,0.0474,0.0474
184.816,276.7,-2.4764,1.8272,0.4029,-1.469,2.99,480,0,0,68,0.4241,0.3073,DO_NOTHING,,0.0947,0.2821,0.1105,0.1105,0.1105
184.915,276.8,-2.4674,1.8317,0.4159,-1.469,2.99,480,0,0,67,0.4266,0.3089,DO_NOTHING,,0.0947,0.0256,0.0947,0.0947,0.0947
185.02,276.9,-2.4588,1.8363,0.4311,-1.469,2.99,480,0,0,66,0.4303,0.3118,DO_NOTHING,,0.0947,0.0256,0.0947,0.0947,0.0947
185.121,277.0,-2.4502,1.8404,0.4334,-1.469,2.99,480,0,0,64,0.4316,0.3121,DO_NOTHING,,0.0789,0.1795,0.0947,0.0947,0.0947
185.226,277.1,-2.4426,1.8442,0.4421,-1.469,2.99,480,0,0,63,0.4342,0.3137,DO_NOTHING,,0.0789,0.0,0.0789,0.0789,0.0789
185.338,277.2,-2.4341,1.8487,0.4491,-1.469,2.99,480,0,0,62,0.4369,0.3157,DO_NOTHING,,0.0789,0.0,0.0789,0.0789,0.0789
185.429,277.3,-2.4284,1.8514,0.4491,-1.469,2.99,480,0,0,59,0.4398,0.3173,DO_NOTHING,,0.0632,0.1282,0.0632,0.0789,0.0789
185.538,277.4,-2.4212,1.8552,0.4568,-1.469,2.99,480,0,0,59,0.4421,0.3192,DO_NOTHING,,0.0632,-0.0256,0.0632,0.0632,0.0632
185.626,277.5,-2.4167,1.8575,0.4583,-1.469,2.99,480,0,0,58,0.4448,0.3211,DO_NOTHING,,0.0632,-0.0256,0.0632,0.0632,0.0632
185.737,277.6,-2.411,1.8602,0.4562,-1.469,2.99,480,0,0,56,0.4467,0.3223,DO_NOTHING,,0.0947,0.3333,0.0947,0.0947,0.0947
185.836,277.7,-2.4033,1.8643,0.4634,-1.469,2.99,480,0,0,55,0.4507,0.3255,DO_NOTHING,,0.0474,-0.0256,0.0474,0.0474,0.0474
185.949,277.8,-2.3983,1.8673,0.4751,-1.469,2.99,480,0,0,55,0.453,0.3278,DO_NOTHING,,0.0789,0.0769,0.0789,0.0789,0.0789
186.046,277.9,-2.3918,1.8708,0.4792,-1.469,2.99,480,0,0,53,0.4542,0.3283,DO_NOTHING,,0.0789,0.3333,0.0789,0.0789,0.0789
186.154,278.0,-2.3854,1.8748,0.4947,-1.469,2.99,480,0,0,53,0.4571,0.3313,DO_NOTHING,,0.0947,0.3333,0.0947,0.0947,0.0947
186.25,278.1,-2.3785,1.8794,0.5144,-1.469,2.99,480,0,0,54,0.4601,0.3343,DO_NOTHING,,0.0632,0.0769,0.0632,0.0632,0.0632
186.353,278.2,-2.3729,1.8829,0.5258,-1.469,2.99,480,0,0,53,0.4626,0.3368,DO_NOTHING,,0.0789,0.2821,0.0789,0.0789,0.0789
186.453,278.3,-2.3668,1.8869,0.5402,-1.469,2.99,480,0,0,53,0.4656,0.3398,DO_NOTHING,,0.0789,0.2821,0.0789,0.0789,0.0789
186.558,278.4,-2.3609,1.8911,0.5573,-1.469,2.99,480,0,0,54,0.4676,0.3418,DO_NOTHING,,0.0474,0.0,0.0474,0.0474,0.0474
186.658,278.5,-2.3567,1.8938,0.5646,-1.469,2.99,480,0,0,53,0.4703,0.3442,DO_NOTHING,,0.0474,-0.0256,0.0474,0.0474,0.0474
186.762,278.6,-2.3527,1.8963,0.5629,-1.469,2.99,480,0,0,52,0.4729,0.3465,DO_NOTHING,,0.0474,0.2308,0.0474,0.0474,0.0474
186.857,278.7,-2.349,1.8989,0.5732,-1.469,2.99,480,0,0,52,0.4742,0.3478,DO_NOTHING,,0.0632,0.2821,0.0632,0.0632,0.0632
186.96,278.8,-2.3444,1.9024,0.5911,-1.469,2.99,480,0,0,53,0.4761,0.35,DO_NOTHING,,0.0474,0.2308,0.0474,0.0474,0.0474
187.057,278.9,-2.3408,1.9051,0.607,-1.469,2.99,480,0,0,54,0.4772,0.3516,DO_NOTHING,,0.0316,0.0,0.0316,0.0316,0.0316
187.159,279.0,-2.3382,1.907,0.6109,-1.469,2.99,480,0,0,53,0.4792,0.3532,DO_NOTHING,,0.0316,0.4872,0.0316,0.0316,0.0316
187.258,279.1,-2.3359,1.9088,0.6246,-1.469,2.99,480,0,0,54,0.4795,0.3542,DO_NOTHING,,0.0316,0.4872,0.0316,0.0316,0.0316
187.357,279.2,-2.3337,1.9106,0.6567,-1.469,2.99,480,0,0,52,0.4807,0.357,LIMIT,PolygonLimit,0.0316,0.5897,0.0316,0.0268,0.0268
187.459,279.3,-2.3317,1.9123,0.6918,-1.469,2.99,480,0,0,49,0.4813,0.3592,LIMIT,PolygonLimit,0.0316,0.5897,0.0316,0.0268,0.0268
187.557,279.4,-2.33,1.9141,0.7284,-1.469,2.99,480,0,0,46,0.4825,0.3626,LIMIT,PolygonLimit,0.0316,0.5897,0.0316,0.0268,0.0268
187.658,279.5,-2.3285,1.9158,0.7659,-1.469,2.99,480,0,0,44,0.4837,0.3663,DO_NOTHING,,0.0158,0.1282,0.0158,0.0158,0.0158
187.758,279.6,-2.3274,1.9169,0.7948,-1.469,2.99,480,0,0,42,0.4833,0.368,DO_NOTHING,,0.0158,0.2308,0.0158,0.0158,0.0158
187.858,279.7,-2.3263,1.918,0.8127,-1.469,2.99,480,0,0,43,0.4831,0.3689,DO_NOTHING,,0.0158,0.2308,0.0158,0.0158,0.0158
187.956,279.8,-2.3252,1.919,0.8302,-1.469,2.99,480,0,0,40,0.4847,0.3716,DO_NOTHING,,0.0158,0.2308,0.0158,0.0158,0.0158
188.058,279.9,-2.3241,1.9199,0.8478,-1.469,2.99,480,0,0,40,0.4843,0.3724,DO_NOTHING,,0.0158,0.2821,0.0158,0.0158,0.0158
188.159,280.0,-2.3231,1.9209,0.8684,-1.469,2.99,480,0,0,39,0.4848,0.3746,DO_NOTHING,,0.0158,0.2821,0.0158,0.0158,0.0158
188.259,280.1,-2.3221,1.922,0.8887,-1.469,2.99,480,0,0,38,0.4859,0.377,DO_NOTHING,,0.0158,0.2821,0.0158,0.0158,0.0158
188.365,280.2,-2.3211,1.9233,0.9085,-1.469,2.99,480,0,0,38,0.4862,0.3785,DO_NOTHING,,0.0158,0.2821,0.0158,0.0158,0.0158
188.463,280.3,-2.3201,1.9246,0.9279,-1.469,2.99,480,0,0,37,0.4857,0.3799,DO_NOTHING,,0.0158,0.2821,0.0158,0.0158,0.0158
188.569,280.4,-2.3192,1.9261,0.9468,-1.469,2.99,480,0,0,37,0.4863,0.3819,DO_NOTHING,,0.0158,0.2821,0.0158,0.0158,0.0158
188.683,280.5,-2.3182,1.9278,0.9693,-1.469,2.99,480,0,0,37,0.4865,0.3834,DO_NOTHING,,0.0158,0.6923,0.0158,0.0158,0.0158
188.769,280.6,-2.3176,1.929,0.9852,-1.469,2.99,480,0,0,36,0.4868,0.3851,DO_NOTHING,,0.0158,0.6923,0.0158,0.0158,0.0158
188.881,280.7,-2.3168,1.9307,1.0213,-1.469,2.99,480,0,0,36,0.4874,0.3886,LIMIT,PolygonLimit,0.0158,0.6923,0.0158,0.0114,0.0114
188.97,280.8,-2.3166,1.9316,1.0488,-1.469,2.99,480,0,0,36,0.486,0.3908,LIMIT,PolygonLimit,0.0158,0.6923,0.0158,0.0114,0.0114
189.083,280.9,-2.3172,1.9327,1.0878,-1.469,2.99,480,0,0,38,0.485,0.3936,LIMIT,PolygonLimit,0.0,0.4872,0.0158,0.0123,0.0123
189.177,281.0,-2.3183,1.9336,1.1274,-1.469,2.99,480,0,0,40,0.4832,0.3959,DO_NOTHING,,0.0,0.4872,0.0,0.0,0.0
189.287,281.1,-2.3202,1.9336,1.1677,-1.469,2.99,480,0,0,42,0.4814,0.3991,DO_NOTHING,,0.0,0.4359,0.0,0.0,0.0
189.384,281.2,-2.3224,1.9336,1.2078,-1.469,2.99,480,0,0,45,0.4808,0.4038,DO_NOTHING,,0.0,0.3846,0.0,0.0,0.0
189.494,281.3,-2.3246,1.9336,1.2444,-1.469,2.99,480,0,0,49,0.4773,0.4048,DO_NOTHING,,0.0,0.3846,0.0,0.0,0.0
189.589,281.4,-2.3268,1.9336,1.2784,-1.469,2.99,480,0,0,53,0.4762,0.4084,DO_NOTHING,,0.0,0.3333,0.0,0.0,0.0
189.695,281.5,-2.3291,1.9336,1.3118,-1.469,2.99,480,0,0,58,0.4747,0.4118,DO_NOTHING,,0.0,0.2821,0.0,0.0,0.0
189.796,281.6,-2.3311,1.9336,1.3402,-1.469,2.99,480,0,0,61,0.4733,0.4143,DO_NOTHING,,0.0,0.2821,0.0,0.0,0.0
189.896,281.7,-2.3331,1.9336,1.3666,-1.469,2.99,480,0,0,63,0.4711,0.4151,DO_NOTHING,,0.0,0.2821,0.0,0.0,0.0
189.993,281.8,-2.3352,1.9336,1.3933,-1.469,2.99,480,0,0,63,0.469,0.4171,DO_NOTHING,,0.0,0.2308,0.0,0.0,0.0
190.094,281.9,-2.3371,1.9336,1.4181,-1.469,2.99,480,0,0,63,0.4665,0.4177,DO_NOTHING,,0.0,0.2308,0.0,0.0,0.0
190.192,282.0,-2.339,1.9336,1.4407,-1.469,2.99,480,0,0,62,0.4652,0.42,DO_NOTHING,,0.0,0.2308,0.0,0.0,0.0
190.292,282.1,-2.3409,1.9336,1.4635,-1.469,2.99,480,0,0,62,0.4644,0.4228,DO_NOTHING,,0.0,0.1795,0.0,0.0,0.0
190.392,282.2,-2.3426,1.9336,1.4842,-1.469,2.99,480,0,0,62,0.4619,0.4227,DO_NOTHING,,0.0,0.1795,0.0,0.0,0.0
190.492,282.3,-2.3442,1.9336,1.5025,-1.469,2.99,480,0,0,61,0.4598,0.4239,DO_NOTHING,,0.0,0.1795,0.0,0.0,0.0
190.592,282.4,-2.3458,1.9336,1.5209,-1.469,2.99,480,0,0,61,0.4596,0.4267,DO_NOTHING,,0.0,0.1795,0.0,0.0,0.0
190.691,282.5,-2.3475,1.9336,1.5395,-1.469,2.99,480,0,0,61,0.4583,0.428,DO_NOTHING,,0.0,0.1282,0.0,0.0,0.0
190.792,282.6,-2.3489,1.9336,1.5558,-1.469,2.99,480,0,0,61,0.4559,0.4278,DO_NOTHING,,0.0,0.1282,0.0,0.0,0.0
190.893,282.7,-2.3501,1.9336,1.5694,-1.469,2.99,480,0,6,61,0.4546,0.4288,DO_NOTHING,,0.0,0.1282,0.0,0.0,0.0
190.992,282.8,-2.351,1.9336,1.5789,-1.469,2.99,480,0,26,62,0.4546,0.4299,SLOWDOWN,PolygonSlow,0.0,0.1282,0.0,0.0,0.0
191.093,282.9,-2.3513,1.9336,1.5829,-1.469,2.99,480,0,26,61,0.4553,0.4309,SLOWDOWN,PolygonSlow,0.0,0.1282,0.0,0.0,0.0
191.195,283.0,-2.3517,1.9336,1.587,-1.469,2.99,480,0,26,61,0.4536,0.43,SLOWDOWN,PolygonSlow,0.0,0.1282,0.0,0.0,0.0
191.292,283.1,-2.3521,1.9336,1.591,-1.469,2.99,480,0,26,62,0.4543,0.4319,SLOWDOWN,PolygonSlow,0.0,0.1282,0.0,0.0,0.0
191.392,283.2,-2.3524,1.9336,1.5951,-1.469,2.99,480,0,26,61,0.4531,0.4307,SLOWDOWN,PolygonSlow,0.0,0.1282,0.0,0.0,0.0
191.492,283.3,-2.3528,1.9336,1.5991,-1.469,2.99,480,0,26,61,0.4534,0.4321,SLOWDOWN,PolygonSlow,0.0,0.1282,0.0,0.0,0.0
191.592,283.4,-2.3531,1.9336,1.6031,-1.469,2.99,480,0,26,61,0.4529,0.4316,SLOWDOWN,PolygonSlow,0.0,0.1282,0.0,0.0,0.0
191.691,283.5,-2.3535,1.9336,1.6071,-1.469,2.99,480,0,26,62,0.4526,0.4324,SLOWDOWN,PolygonSlow,0.0,0.0769,0.0,0.0,0.0
191.792,283.6,-2.3538,1.9336,1.6103,-1.469,2.99,480,0,27,62,0.4521,0.432,SLOWDOWN,PolygonSlow,0.0,0.0769,0.0,0.0,0.0
191.895,283.7,-2.354,1.9336,1.6127,-1.469,2.99,480,0,27,61,0.4528,0.4333,SLOWDOWN,PolygonSlow,0.0,0.0769,0.0,0.0,0.0
192.012,283.8,-2.3542,1.9336,1.6156,-1.469,2.99,480,0,26,61,0.4518,0.4329,SLOWDOWN,PolygonSlow,0.0,0.0769,0.0,0.0,0.0
192.096,283.9,-2.3544,1.9336,1.6175,-1.469,2.99,480,0,26,61,0.4513,0.4323,SLOWDOWN,PolygonSlow,0.0,0.0769,0.0,0.0,0.0
192.208,284.0,-2.3546,1.9336,1.6199,-1.469,2.99,480,0,26,61,0.4525,0.4336,SLOWDOWN,PolygonSlow,0.0,0.0769,0.0,0.0,0.0
192.296,284.1,-2.3548,1.9336,1.6223,-1.469,2.99,480,0,26,62,0.4515,0.4337,SLOWDOWN,PolygonSlow,0.0,0.0769,0.0,0.0,0.0
192.405,284.2,-2.355,1.9336,1.6246,-1.469,2.99,480,0,27,61,0.4505,0.4327,SLOWDOWN,PolygonSlow,0.0,0.0769,0.0,0.0,0.0
192.505,284.3,-2.3552,1.9336,1.627,-1.469,2.99,480,0,27,61,0.4516,0.4338,SLOWDOWN,PolygonSlow,0.0,0.0769,0.0,0.0,0.0
192.612,284.4,-2.3555,1.9336,1.6294,-1.469,2.99,480,0,26,61,0.4513,0.4347,SLOWDOWN,PolygonSlow,0.0,0.0769,0.0,0.0,0.0
192.711,284.5,-2.3557,1.9336,1.6318,-1.469,2.99,480,0,26,61,0.4503,0.4336,SLOWDOWN,PolygonSlow,0.0,0.0769,0.0,0.0,0.0
192.817,284.6,-2.3559,1.9336,1.6341,-1.469,2.99,480,0,27,61,0.4506,0.4339,SLOWDOWN,PolygonSlow,0.0,0.0769,0.0,0.0,0.0
192.917,284.7,-2.3561,1.9336,1.6365,-1.469,2.99,480,0,27,61,0.4511,0.4352,SLOWDOWN,PolygonSlow,0.0,0.0769,0.0,0.0,0.0
193.025,284.8,-2.3563,1.9336,1.6388,-1.469,2.99,480,0,27,62,0.4501,0.4347,SLOWDOWN,PolygonSlow,0.0,0.0769,0.0,0.0,0.0
193.119,284.9,-2.3565,1.9336,1.6412,-1.469,2.99,480,0,27,62,0.4495,0.434,SLOWDOWN,PolygonSlow,0.0,0.0769,0.0,0.0,0.0
193.223,285.0,-2.3567,1.9336,1.6435,-1.469,2.99,480,0,26,61,0.4507,0.4353,SLOWDOWN,PolygonSlow,0.0,0.0769,0.0,0.0,0.0
193.319,285.1,-2.3569,1.9336,1.6459,-1.469,2.99,480,0,26,61,0.4501,0.4358,SLOWDOWN,PolygonSlow,0.0,0.0769,0.0,0.0,0.0
193.419,285.2,-2.3571,1.9336,1.6482,-1.469,2.99,480,0,26,61,0.4491,0.4348,SLOWDOWN,PolygonSlow,0.0,0.0769,0.0,0.0,0.0
193.52,285.3,-2.3573,1.9336,1.6506,-1.469,2.99,480,0,27,61,0.449,0.4352,SLOWDOWN,PolygonSlow,0.0,0.0769,0.0,0.0,0.0
193.62,285.4,-2.3575,1.9336,1.6529,-1.469,2.99,480,0,27,61,0.4481,0.4349,SLOWDOWN,PolygonSlow,0.0,0.0769,0.0,0.0,0.0
193.719,285.5,-2.3577,1.9336,1.6553,-1.469,2.99,480,0,27,61,0.449,0.4358,SLOWDOWN,PolygonSlow,0.0,0.0769,0.0,0.0,0.0
193.824,285.6,-2.3579,1.9336,1.6576,-1.469,2.99,480,0,26,61,0.4491,0.4371,SLOWDOWN,PolygonSlow,0.0,0.0769,0.0,0.0,0.0
193.919,285.7,-2.3581,1.9336,1.6599,-1.469,2.99,480,0,27,61,0.4481,0.4361,SLOWDOWN,PolygonSlow,0.0,0.0769,0.0,0.0,0.0
194.02,285.8,-2.3583,1.9336,1.6622,-1.469,2.99,480,0,27,61,0.4477,0.4356,SLOWDOWN,PolygonSlow,0.0,0.0769,0.0,0.0,0.0
194.119,285.9,-2.3585,1.9336,1.6646,-1.469,2.99,480,0,27,62,0.4489,0.4369,SLOWDOWN,PolygonSlow,0.0,0.0769,0.0,0.0,0.0
194.221,286.0,-2.3587,1.9336,1.6669,-1.469,2.99,480,0,27,61,0.4483,0.4375,SLOWDOWN,PolygonSlow,0.0,0.0769,0.0,0.0,0.0
194.319,286.1,-2.3589,1.9336,1.6692,-1.469,2.99,480,0,28,61,0.4474,0.4365,SLOWDOWN,PolygonSlow,0.0,0.0769,0.0,0.0,0.0
194.42,286.2,-2.3591,1.9336,1.6715,-1.469,2.99,480,0,27,62,0.4475,0.4366,SLOWDOWN,PolygonSlow,0.0,0.0769,0.0,0.0,0.0
194.519,286.3,-2.3593,1.9336,1.6738,-1.469,2.99,480,0,27,62,0.4486,0.4379,SLOWDOWN,PolygonSlow,0.0,0.0769,0.0,0.0,0.0
194.62,286.4,-2.3595,1.9336,1.6761,-1.469,2.99,480,0,27,62,0.4476,0.438,SLOWDOWN,PolygonSlow,0.0,0.0769,0.0,0.0,0.0
194.719,286.5,-2.3597,1.9336,1.6784,-1.469,2.99,480,0,27,61,0.4467,0.437,SLOWDOWN,PolygonSlow,0.0,0.0769,0.0,0.0,0.0
194.818,286.6,-2.3598,1.9336,1.6807,-1.469,2.99,480,0,27,62,0.4472,0.4375,SLOWDOWN,PolygonSlow,0.0,0.0769,0.0,0.0,0.0
194.919,286.7,-2.36,1.9336,1.683,-1.469,2.99,480,0,27,62,0.448,0.4388,SLOWDOWN,PolygonSlow,0.0,0.0769,0.0,0.0,0.0
195.02,286.8,-2.3602,1.9336,1.6853,-1.469,2.99,480,0,27,62,0.447,0.4386,SLOWDOWN,PolygonSlow,0.0,0.0769,0.0,0.0,0.0
195.12,286.9,-2.3604,1.9336,1.6876,-1.469,2.99,480,0,27,62,0.4461,0.4376,SLOWDOWN,PolygonSlow,0.0,0.0256,0.0,0.0,0.0
195.223,287.0,-2.3605,1.9336,1.6888,-1.469,2.99,480,0,27,62,0.4462,0.4377,SLOWDOWN,PolygonSlow,0.0,0.0256,0.0,0.0,0.0
195.339,287.1,-2.3606,1.9336,1.6897,-1.469,2.99,480,0,27,62,0.4463,0.4382,SLOWDOWN,PolygonSlow,0.0,0.0256,0.0,0.0,0.0
195.425,287.2,-2.3607,1.9336,1.6903,-1.469,2.99,480,0,27,61,0.446,0.4386,SLOWDOWN,PolygonSlow,0.0,0.0256,0.0,0.0,0.0
195.538,287.3,-2.3607,1.9336,1.6912,-1.469,2.99,480,0,27,61,0.4457,0.4384,SLOWDOWN,PolygonSlow,0.0,0.0256,0.0,0.0,0.0
195.627,287.4,-2.3608,1.9336,1.6918,-1.469,2.99,480,0,27,61,0.4454,0.438,SLOWDOWN,PolygonSlow,0.0,0.0256,0.0,0.0,0.0
195.735,287.5,-2.3608,1.9336,1.6926,-1.469,2.99,480,0,27,61,0.4451,0.4377,SLOWDOWN,PolygonSlow,0.0,0.0256,0.0,0.0,0.0
195.834,287.6,-2.3609,1.9336,1.6934,-1.469,2.99,480,0,28,61,0.4454,0.4381,SLOWDOWN,PolygonSlow,0.0,0.0256,0.0,0.0,0.0
195.947,287.7,-2.361,1.9336,1.6941,-1.469,2.99,480,0,28,61,0.4458,0.4385,SLOWDOWN,PolygonSlow,0.0,0.0256,0.0,0.0,0.0
196.045,287.8,-2.361,1.9336,1.6949,-1.469,2.99,480,0,28,61,0.4462,0.4389,SLOWDOWN,PolygonSlow,0.0,0.0256,0.0,0.0,0.0
196.149,287.9,-2.3611,1.9336,1.6956,-1.469,2.99,480,0,28,61,0.4466,0.4393,SLOWDOWN,PolygonSlow,0.0,0.0256,0.0,0.0,0.0
196.249,288.0,-2.3612,1.9336,1.6964,-1.469,2.99,480,0,28,62,0.4468,0.4397,SLOWDOWN,PolygonSlow,0.0,0.0256,0.0,0.0,0.0
196.353,288.1,-2.3612,1.9336,1.6968,-1.469,2.99,480,0,28,62,0.4467,0.4399,DO_NOTHING,,0.0,0.0256,0.0,0.0,0.0
196.45,288.2,-2.3612,1.9336,1.6971,-1.469,2.99,480,0,28,62,0.4466,0.4401,SLOWDOWN,PolygonSlow,0.0,0.0256,0.0,0.0,0.0
196.553,288.3,-2.3613,1.9336,1.6978,-1.469,2.99,480,0,28,62,0.4462,0.4402,SLOWDOWN,PolygonSlow,0.0,0.0256,0.0,0.0,0.0
196.652,288.4,-2.3613,1.9336,1.6986,-1.469,2.99,480,0,28,61,0.4459,0.4398,SLOWDOWN,PolygonSlow,0.0,0.0256,0.0,0.0,0.0
196.754,288.5,-2.3614,1.9336,1.6994,-1.469,2.99,480,0,28,61,0.4456,0.4395,SLOWDOWN,PolygonSlow,0.0,0.0256,0.0,0.0,0.0
196.85,288.6,-2.3615,1.9336,1.7001,-1.469,2.99,480,0,27,61,0.4453,0.4392,SLOWDOWN,PolygonSlow,0.0,0.0256,0.0,0.0,0.0
196.951,288.7,-2.3615,1.9336,1.7009,-1.469,2.99,480,0,27,61,0.445,0.4388,SLOWDOWN,PolygonSlow,0.0,0.0256,0.0,0.0,0.0
197.05,288.8,-2.3616,1.9336,1.7016,-1.469,2.99,480,0,27,61,0.4446,0.4385,SLOWDOWN,PolygonSlow,0.0,0.0256,0.0,0.0,0.0
197.15,288.9,-2.3616,1.9336,1.7024,-1.469,2.99,480,0,27,61,0.4448,0.4387,SLOWDOWN,PolygonSlow,0.0,0.0256,0.0,0.0,0.0
197.25,289.0,-2.3617,1.9336,1.7031,-1.469,2.99,480,0,27,61,0.4452,0.4391,SLOWDOWN,PolygonSlow,0.0,0.0256,0.0,0.0,0.0
197.35,289.1,-2.3618,1.9336,1.7039,-1.469,2.99,480,0,27,61,0.4456,0.4395,SLOWDOWN,PolygonSlow,0.0,0.0256,0.0,0.0,0.0
197.451,289.2,-2.3618,1.9336,1.7046,-1.469,2.99,480,0,27,61,0.446,0.4399,SLOWDOWN,PolygonSlow,0.0,0.0256,0.0,0.0,0.0
197.551,289.3,-2.3619,1.9336,1.7054,-1.469,2.99,480,0,27,62,0.4464,0.4403,SLOWDOWN,PolygonSlow,0.0,0.0256,0.0,0.0,0.0
197.652,289.4,-2.362,1.9336,1.7062,-1.469,2.99,480,0,27,62,0.4462,0.4407,SLOWDOWN,PolygonSlow,0.0,0.0256,0.0,0.0,0.0
197.752,289.5,-2.362,1.9336,1.7069,-1.469,2.99,480,0,27,62,0.4459,0.441,SLOWDOWN,PolygonSlow,0.0,0.0256,0.0,0.0,0.0
197.852,289.6,-2.3621,1.9336,1.7077,-1.469,2.99,480,0,27,62,0.4456,0.4407,SLOWDOWN,PolygonSlow,0.0,0.0256,0.0,0.0,0.0
197.951,289.7,-2.3621,1.9336,1.7084,-1.469,2.99,480,0,27,62,0.4453,0.4404,SLOWDOWN,PolygonSlow,0.0,0.0256,0.0,0.0,0.0
198.05,289.8,-2.3622,1.9336,1.7092,-1.469,2.99,480,0,27,62,0.445,0.44,SLOWDOWN,PolygonSlow,0.0,0.0256,0.0,0.0,0.0
198.152,289.9,-2.3623,1.9336,1.7099,-1.469,2.99,480,0,28,61,0.4446,0.4397,SLOWDOWN,PolygonSlow,0.0,0.0256,0.0,0.0,0.0
198.251,290.0,-2.3623,1.9336,1.7107,-1.469,2.99,480,0,28,61,0.4443,0.4394,SLOWDOWN,PolygonSlow,0.0,0.0256,0.0,0.0,0.0
198.354,290.1,-2.3624,1.9336,1.7114,-1.469,2.99,480,0,28,61,0.4442,0.4392,SLOWDOWN,PolygonSlow,0.0,0.0256,0.0,0.0,0.0
198.454,290.2,-2.3625,1.9336,1.7122,-1.469,2.99,480,0,28,61,0.4446,0.4396,SLOWDOWN,PolygonSlow,0.0,0.0256,0.0,0.0,0.0
198.559,290.3,-2.3625,1.9336,1.7129,-1.469,2.99,480,0,28,61,0.4446,0.44,SLOWDOWN,PolygonSlow,0.0,0.0256,0.0,0.0,0.0
198.673,290.4,-2.3626,1.9336,1.7138,-1.469,2.99,480,0,28,62,0.4443,0.4405,SLOWDOWN,PolygonSlow,0.0,0.0256,0.0,0.0,0.0
198.759,290.5,-2.3626,1.9336,1.7144,-1.469,2.99,480,0,28,62,0.4439,0.4402,SLOWDOWN,PolygonSlow,0.0,0.0256,0.0,0.0,0.0
198.873,290.6,-2.3627,1.9336,1.7153,-1.469,2.99,480,0,27,62,0.4436,0.4399,SLOWDOWN,PolygonSlow,0.0,0.0256,0.0,0.0,0.0
198.961,290.7,-2.3628,1.9336,1.7159,-1.469,2.99,480,0,27,62,0.4433,0.4395,SLOWDOWN,PolygonSlow,0.0,0.0256,0.0,0.0,0.0
199.07,290.8,-2.3628,1.9336,1.7167,-1.469,2.99,480,0,27,62,0.4437,0.4399,SLOWDOWN,PolygonSlow,0.0,0.0256,0.0,0.0,0.0
199.17,290.9,-2.3629,1.9336,1.7174,-1.469,2.99,480,0,27,62,0.444,0.4403,SLOWDOWN,PolygonSlow,0.0,0.0256,0.0,0.0,0.0
199.277,291.0,-2.3629,1.9336,1.7182,-1.469,2.99,480,0,27,62,0.4444,0.4407,SLOWDOWN,PolygonSlow,0.0,0.0256,0.0,0.0,0.0
199.376,291.1,-2.363,1.9336,1.7189,-1.469,2.99,480,0,28,62,0.4448,0.4411,SLOWDOWN,PolygonSlow,0.0,0.0256,0.0,0.0,0.0
199.482,291.2,-2.3631,1.9336,1.7197,-1.469,2.99,480,0,28,62,0.4452,0.4415,SLOWDOWN,PolygonSlow,0.0,0.0256,0.0,0.0,0.0
199.582,291.3,-2.3631,1.9336,1.7204,-1.469,2.99,480,0,28,62,0.445,0.4419,SLOWDOWN,PolygonSlow,0.0,0.0256,0.0,0.0,0.0
199.683,291.4,-2.3632,1.9336,1.7212,-1.469,2.99,480,0,28,62,0.4447,0.4422,SLOWDOWN,PolygonSlow,0.0,0.0256,0.0,0.0,0.0
199.785,291.5,-2.3632,1.9336,1.7219,-1.469,2.99,480,0,28,61,0.4444,0.4419,SLOWDOWN,PolygonSlow,0.0,0.0256,0.0,0.0,0.0
199.888,291.6,-2.3633,1.9336,1.7227,-1.469,2.99,480,0,28,62,0.4441,0.4415,SLOWDOWN,PolygonSlow,0.0,0.0256,0.0,0.0,0.0
199.986,291.7,-2.3634,1.9336,1.7234,-1.469,2.99,480,0,28,62,0.4438,0.4412,SLOWDOWN,PolygonSlow,0.0,0.0256,0.0,0.0,0.0
200.087,291.8,-2.3634,1.9336,1.7242,-1.469,2.99,480,0,28,62,0.4435,0.4409,SLOWDOWN,PolygonSlow,0.0,0.0256,0.0,0.0,0.0
200.186,291.9,-2.3635,1.9336,1.7249,-1.469,2.99,480,0,28,62,0.4432,0.4406,SLOWDOWN,PolygonSlow,0.0,0.0256,0.0,0.0,0.0
200.286,292.0,-2.3635,1.9336,1.7256,-1.469,2.99,480,0,28,62,0.4429,0.4403,SLOWDOWN,PolygonSlow,0.0,0.0256,0.0,0.0,0.0
200.386,292.1,-2.3636,1.9336,1.7264,-1.469,2.99,480,0,28,62,0.4432,0.4407,SLOWDOWN,PolygonSlow,0.0,0.0256,0.0,0.0,0.0
200.49,292.2,-2.3638,1.9337,1.7283,-1.469,2.99,480,0,27,62,0.4441,0.4415,SLOWDOWN,PolygonSlow,0.0158,0.9487,0.0158,0.0047,0.0047
200.586,292.3,-2.3646,1.9341,1.7391,-1.469,2.99,480,0,28,62,0.4422,0.442,SLOWDOWN,PolygonSlow,0.0158,0.9487,0.0158,0.0047,0.0047
200.688,292.4,-2.3662,1.9346,1.7589,-1.469,2.99,480,0,29,62,0.4416,0.4438,SLOWDOWN,PolygonSlow,0.0158,0.9487,0.0158,0.0047,0.0047
200.788,292.5,-2.3683,1.9351,1.7854,-1.469,2.99,480,0,29,63,0.4386,0.4444,SLOWDOWN,PolygonSlow,0.0158,0.9487,0.0158,0.0047,0.0047
200.886,292.6,-2.3704,1.9355,1.8118,-1.469,2.99,480,0,29,63,0.4365,0.4458,SLOWDOWN,PolygonSlow,0.0158,0.9487,0.0158,0.0047,0.0047
200.988,292.7,-2.3723,1.936,1.8374,-1.469,2.99,480,0,30,63,0.435,0.4479,SLOWDOWN,PolygonSlow,0.0158,0.8974,0.0158,0.0047,0.0047
201.086,292.8,-2.3741,1.9364,1.8617,-1.469,2.99,480,0,30,64,0.4329,0.4495,SLOWDOWN,PolygonSlow,0.0158,0.8974,0.0158,0.0047,0.0047
201.187,292.9,-2.3758,1.9369,1.8856,-1.469,2.99,480,0,31,65,0.4304,0.4505,SLOWDOWN,PolygonSlow,0.0158,0.8974,0.0158,0.0047,0.0047
201.287,293.0,-2.3774,1.9373,1.9088,-1.469,2.99,480,0,31,65,0.4296,0.4534,SLOWDOWN,PolygonSlow,0.0158,0.8462,0.0158,0.0047,0.0047
201.387,293.1,-2.3789,1.9378,1.9307,-1.469,2.99,480,0,32,65,0.4279,0.454,SLOWDOWN,PolygonSlow,0.0158,0.8462,0.0158,0.0047,0.0047
201.488,293.2,-2.3803,1.9382,1.9524,-1.469,2.99,480,0,33,66,0.4265,0.4551,SLOWDOWN,PolygonSlow,0.0158,0.8462,0.0158,0.0047,0.0047
201.591,293.3,-2.3816,1.9387,1.9734,-1.469,2.99,480,0,33,66,0.4246,0.4567,SLOWDOWN,PolygonSlow,0.0158,0.7949,0.0158,0.0047,0.0047
201.695,293.4,-2.3828,1.9391,1.9933,-1.469,2.99,480,0,31,66,0.4244,0.459,SLOWDOWN,PolygonSlow,0.0158,0.7949,0.0158,0.0047,0.0047
201.796,293.5,-2.3839,1.9395,2.0129,-1.469,2.99,480,0,28,67,0.4228,0.4597,SLOWDOWN,PolygonSlow,0.0158,0.7949,0.0158,0.0047,0.0047
201.901,293.6,-2.385,1.94,2.0323,-1.469,2.99,480,0,26,68,0.4217,0.4611,SLOWDOWN,PolygonSlow,0.0158,0.7436,0.0158,0.0047,0.0047
202.013,293.7,-2.3862,1.9405,2.0545,-1.469,2.99,480,0,23,68,0.4204,0.4621,SLOWDOWN,PolygonSlow,0.0158,0.7436,0.0158,0.0047,0.0047
202.102,293.8,-2.3869,1.9408,2.0687,-1.469,2.99,480,0,22,68,0.4208,0.4641,SLOWDOWN,PolygonSlow,0.0158,0.7436,0.0158,0.0047,0.0047
202.213,293.9,-2.3877,1.9412,2.0862,-1.469,2.99,480,0,21,68,0.4191,0.4656,SLOWDOWN,PolygonSlow,0.0158,0.3846,0.0158,0.0047,0.0047
202.3,294.0,-2.3885,1.9416,2.1015,-1.469,2.99,480,0,20,68,0.4183,0.4664,SLOWDOWN,PolygonSlow,0.0158,0.3846,0.0158,0.0047,0.0047
202.41,294.1,-2.389,1.942,2.1109,-1.469,2.99,480,0,17,68,0.4184,0.4673,SLOWDOWN,PolygonSlow,0.0,-0.2308,0.0158,0.0047,0.0047
202.508,294.2,-2.3893,1.9422,2.1177,-1.469,2.99,480,0,16,68,0.4183,0.4683,SLOWDOWN,PolygonSlow,0.0,-0.2821,0.0,0.0,0.0
202.619,294.3,-2.3893,1.9422,2.117,-1.469,2.99,480,0,16,67,0.4184,0.4685,SLOWDOWN,PolygonSlow,0.0,-0.2821,0.0,0.0,0.0
202.718,294.4,-2.3891,1.9423,2.1107,-1.469,2.99,480,0,18,68,0.4181,0.4669,SLOWDOWN,PolygonSlow,0.0,-0.2821,0.0,0.0,0.0
202.826,294.5,-2.3889,1.9423,2.1042,-1.469,2.99,480,0,19,67,0.4168,0.4656,SLOWDOWN,PolygonSlow,0.0,-0.2308,0.0,0.0,0.0
202.923,294.6,-2.3887,1.9423,2.0983,-1.469,2.99,480,0,20,68,0.4165,0.464,SLOWDOWN,PolygonSlow,0.0,-0.2308,0.0,0.0,0.0
203.027,294.7,-2.3886,1.9423,2.0929,-1.469,2.99,480,0,19,69,0.4181,0.4646,SLOWDOWN,PolygonSlow,0.0,-0.2308,0.0,0.0,0.0
203.128,294.8,-2.3884,1.9423,2.0875,-1.469,2.99,480,0,21,68,0.4178,0.4642,SLOWDOWN,PolygonSlow,0.0,-0.2308,0.0,0.0,0.0
203.23,294.9,-2.3882,1.9423,2.0821,-1.469,2.99,480,0,21,69,0.4173,0.4625,SLOWDOWN,PolygonSlow,0.0,-0.2308,0.0,0.0,0.0
203.335,295.0,-2.388,1.9423,2.0767,-1.469,2.99,480,0,22,69,0.4188,0.4629,SLOWDOWN,PolygonSlow,0.0,-0.2308,0.0,0.0,0.0
203.434,295.1,-2.3878,1.9423,2.0712,-1.469,2.99,480,0,22,69,0.4187,0.4628,SLOWDOWN,PolygonSlow,0.0,-0.2308,0.0,0.0,0.0
203.529,295.2,-2.3876,1.9423,2.0657,-1.469,2.99,480,0,23,69,0.4184,0.4612,SLOWDOWN,PolygonSlow,0.0,-0.2308,0.0,0.0,0.0
203.635,295.3,-2.3874,1.9423,2.0602,-1.469,2.99,480,0,23,68,0.4203,0.4632,SLOWDOWN,PolygonSlow,0.0,-0.2308,0.0,0.0,0.0
203.731,295.4,-2.3872,1.9423,2.0547,-1.469,2.99,480,0,24,68,0.4198,0.4615,SLOWDOWN,PolygonSlow,0.0,-0.2308,0.0,0.0,0.0
203.83,295.5,-2.387,1.9423,2.0492,-1.469,2.99,480,0,26,69,0.4184,0.4601,SLOWDOWN,PolygonSlow,0.0,-0.2308,0.0,0.0,0.0
203.929,295.6,-2.3868,1.9423,2.0436,-1.469,2.99,480,0,25,69,0.4186,0.459,SLOWDOWN,PolygonSlow,0.0,-0.1795,0.0,0.0,0.0
204.029,295.7,-2.3866,1.9423,2.0389,-1.469,2.99,480,0,26,69,0.4198,0.4598,SLOWDOWN,PolygonSlow,0.0,-0.1795,0.0,0.0,0.0
204.129,295.8,-2.3864,1.9423,2.0346,-1.469,2.99,480,0,27,69,0.4192,0.4584,SLOWDOWN,PolygonSlow,0.0,-0.1795,0.0,0.0,0.0
204.229,295.9,-2.3862,1.9423,2.0302,-1.469,2.99,480,0,27,68,0.4205,0.4585,SLOWDOWN,PolygonSlow,0.0,-0.1795,0.0,0.0,0.0
204.329,296.0,-2.386,1.9423,2.0259,-1.469,2.99,480,0,28,69,0.42,0.4581,SLOWDOWN,PolygonSlow,0.0,-0.1795,0.0,0.0,0.0
204.432,296.1,-2.3858,1.9423,2.0215,-1.469,2.99,480,0,29,68,0.4216,0.4597,SLOWDOWN,PolygonSlow,0.0,-0.1795,0.0,0.0,0.0
204.53,296.2,-2.3856,1.9423,2.0171,-1.469,2.99,480,0,29,68,0.4212,0.4581,SLOWDOWN,PolygonSlow,0.0,-0.1795,0.0,0.0,0.0
204.629,296.3,-2.3854,1.9423,2.0127,-1.469,2.99,480,0,30,67,0.4193,0.4561,SLOWDOWN,PolygonSlow,0.0,-0.1795,0.0,0.0,0.0
204.729,296.4,-2.3852,1.9423,2.0083,-1.469,2.99,480,0,31,68,0.4208,0.4567,SLOWDOWN,PolygonSlow,0.0,-0.1795,0.0,0.0,0.0
204.828,296.5,-2.385,1.9423,2.0038,-1.469,2.99,480,0,30,67,0.4203,0.4559,SLOWDOWN,PolygonSlow,0.0,-0.1795,0.0,0.0,0.0
204.929,296.6,-2.3848,1.9423,1.9994,-1.469,2.99,480,0,32,67,0.4208,0.4553,SLOWDOWN,PolygonSlow,0.0,-0.1795,0.0,0.0,0.0
205.032,296.7,-2.3846,1.9423,1.995,-1.469,2.99,480,0,32,67,0.4214,0.4559,SLOWDOWN,PolygonSlow,0.0,-0.1795,0.0,0.0,0.0
205.132,296.8,-2.3844,1.9423,1.9905,-1.469,2.99,480,0,33,67,0.421,0.4542,SLOWDOWN,PolygonSlow,0.0,-0.1795,0.0,0.0,0.0
205.239,296.9,-2.3841,1.9423,1.986,-1.469,2.99,480,0,33,67,0.4226,0.4559,SLOWDOWN,PolygonSlow,0.0,-0.1795,0.0,0.0,0.0
205.353,297.0,-2.3839,1.9423,1.9808,-1.469,2.99,480,0,34,67,0.4231,0.4552,SLOWDOWN,PolygonSlow,0.0,-0.1282,0.0,0.0,0.0
205.437,297.1,-2.3837,1.9423,1.9782,-1.469,2.99,480,0,34,67,0.4215,0.4535,SLOWDOWN,PolygonSlow,0.0,-0.1282,0.0,0.0,0.0
205.552,297.2,-2.3835,1.9423,1.9743,-1.469,2.99,480,0,34,66,0.4213,0.4533,SLOWDOWN,PolygonSlow,0.0,-0.1282,0.0,0.0,0.0
205.637,297.3,-2.3834,1.9423,1.9718,-1.469,2.99,480,0,33,67,0.4224,0.4532,SLOWDOWN,PolygonSlow,0.0,-0.1282,0.0,0.0,0.0
205.747,297.4,-2.3832,1.9423,1.9685,-1.469,2.99,480,0,33,67,0.4217,0.4525,SLOWDOWN,PolygonSlow,0.0,-0.1282,0.0,0.0,0.0
205.846,297.5,-2.3831,1.9423,1.9653,-1.469,2.99,480,0,34,67,0.4229,0.4529,SLOWDOWN,PolygonSlow,0.0,-0.1282,0.0,0.0,0.0
205.955,297.6,-2.3829,1.9423,1.9621,-1.469,2.99,480,0,34,67,0.4221,0.4516,SLOWDOWN,PolygonSlow,0.0,-0.1282,0.0,0.0,0.0
206.053,297.7,-2.3827,1.9423,1.9588,-1.469,2.99,480,0,33,68,0.4233,0.4525,SLOWDOWN,PolygonSlow,0.0,-0.1282,0.0,0.0,0.0
206.159,297.8,-2.3825,1.9423,1.9556,-1.469,2.99,480,0,33,67,0.4225,0.4508,SLOWDOWN,PolygonSlow,0.0,-0.1282,0.0,0.0,0.0
206.257,297.9,-2.3824,1.9423,1.9523,-1.469,2.99,480,0,34,67,0.4237,0.4521,SLOWDOWN,PolygonSlow,0.0,-0.1282,0.0,0.0,0.0
206.363,298.0,-2.3822,1.9423,1.949,-1.469,2.99,480,0,34,67,0.4249,0.4533,SLOWDOWN,PolygonSlow,0.0,-0.1282,0.0,0.0,0.0
206.461,298.1,-2.382,1.9423,1.9458,-1.469,2.99,480,0,34,67,0.4244,0.4516,SLOWDOWN,PolygonSlow,0.0,-0.1282,0.0,0.0,0.0
206.563,298.2,-2.3818,1.9423,1.9428,-1.469,2.99,480,0,34,67,0.423,0.4501,DO_NOTHING,,0.0,0.0,0.0,0.0,0.0
206.66,298.3,-2.3818,1.9423,1.9428,-1.469,2.99,480,0,34,67,0.423,0.4501,DO_NOTHING,,0.0,0.0,0.0,0.0,0.0
206.762,298.4,-2.3818,1.9423,1.9428,-1.469,2.99,480,0,34,67,0.423,0.4501,DO_NOTHING,,0.0,0.0,0.0,0.0,0.0
206.862,298.5,-2.3818,1.9423,1.9428,-1.469,2.99,480,0,34,67,0.423,0.4501,DO_NOTHING,,0.0,0.0,0.0,0.0,0.0
206.962,298.6,-2.3818,1.9423,1.9428,-1.469,2.99,480,0,34,67,0.423,0.4501,DO_NOTHING,,0.0,0.0,0.0,0.0,0.0
207.062,298.7,-2.3818,1.9423,1.9428,-1.469,2.99,480,0,34,67,0.423,0.4501,DO_NOTHING,,0.0,0.0,0.0,0.0,0.0
207.164,298.8,-2.3818,1.9423,1.9428,-1.469,2.99,480,0,34,67,0.423,0.4501,DO_NOTHING,,0.0,0.0,0.0,0.0,0.0
207.262,298.9,-2.3818,1.9423,1.9428,-1.469,2.99,480,0,34,67,0.423,0.4501,DO_NOTHING,,0.0,0.0,0.0,0.0,0.0
207.36,299.0,-2.3818,1.9423,1.9428,-1.469,2.99,480,0,34,67,0.423,0.4501,DO_NOTHING,,0.0,0.0,0.0,0.0,0.0
207.463,299.1,-2.3818,1.9423,1.9428,-1.469,2.99,480,0,34,67,0.423,0.4501,DO_NOTHING,,0.0,0.0,0.0,0.0,0.0
207.564,299.2,-2.3818,1.9423,1.9428,-1.469,2.99,480,0,34,67,0.423,0.4501,DO_NOTHING,,0.0,0.0,0.0,0.0,0.0
207.664,299.3,-2.3818,1.9423,1.9428,-1.469,2.99,480,0,34,67,0.423,0.4501,DO_NOTHING,,0.0,0.0,0.0,0.0,0.0
207.763,299.4,-2.3818,1.9423,1.9428,-1.469,2.99,480,0,34,67,0.423,0.4501,DO_NOTHING,,0.0,0.0,0.0,0.0,0.0
207.865,299.5,-2.3818,1.9423,1.9428,-1.469,2.99,480,0,34,67,0.423,0.4501,DO_NOTHING,,0.0,0.0,0.0,0.0,0.0
207.966,299.6,-2.3818,1.9423,1.9428,-1.469,2.99,480,0,34,67,0.423,0.4501,DO_NOTHING,,0.0,0.0,0.0,0.0,0.0
208.067,299.7,-2.3818,1.9423,1.9428,-1.469,2.99,480,0,34,67,0.423,0.4501,DO_NOTHING,,0.0,0.0,0.0,0.0,0.0
208.173,299.8,-2.3818,1.9423,1.9428,-1.469,2.99,480,0,34,67,0.423,0.4501,DO_NOTHING,,0.0,0.0,0.0,0.0,0.0
208.274,299.9,-2.3818,1.9423,1.9428,-1.469,2.99,480,0,34,67,0.423,0.4501,DO_NOTHING,,0.0,0.0,0.0,0.0,0.0
208.379,300.0,-2.3818,1.9423,1.9428,-1.469,2.99,480,0,34,67,0.423,0.4501,DO_NOTHING,,0.0,0.0,0.0,0.0,0.0
208.479,300.1,-2.3818,1.9423,1.9428,-1.469,2.99,480,0,34,67,0.423,0.4501,DO_NOTHING,,0.0,0.0,0.0,0.0,0.0
208.586,300.2,-2.3818,1.9423,1.9428,-1.469,2.99,480,0,34,67,0.423,0.4501,DO_NOTHING,,0.0,0.0,0.0,0.0,0.0
208.703,300.3,-2.3818,1.9423,1.9428,-1.469,2.99,480,0,34,67,0.423,0.4501,DO_NOTHING,,0.0,0.0,0.0,0.0,0.0
208.787,300.4,-2.3818,1.9423,1.9428,-1.469,2.99,480,0,34,67,0.423,0.4501,DO_NOTHING,,0.0,0.0,0.0,0.0,0.0
208.9,300.5,-2.3818,1.9423,1.9428,-1.469,2.99,480,0,34,67,0.423,0.4501,DO_NOTHING,,0.0,0.0,0.0,0.0,0.0
208.987,300.6,-2.3818,1.9423,1.9428,-1.469,2.99,480,0,34,67,0.423,0.4501,DO_NOTHING,,0.0,0.0,0.0,0.0,0.0
209.098,300.7,-2.3818,1.9423,1.9428,-1.469,2.99,480,0,34,67,0.423,0.4501,DO_NOTHING,,0.0,0.0,0.0,0.0,0.0
209.197,300.8,-2.3818,1.9423,1.9428,-1.469,2.99,480,0,34,67,0.423,0.4501,DO_NOTHING,,0.0,0.0,0.0,0.0,0.0
209.305,300.9,-2.3818,1.9423,1.9428,-1.469,2.99,480,0,34,67,0.423,0.4501,DO_NOTHING,,0.0,0.0,0.0,0.0,0.0
209.408,301.0,-2.3818,1.9423,1.9428,-1.469,2.99,480,0,34,67,0.423,0.4501,DO_NOTHING,,0.0,0.0,0.0,0.0,0.0
209.512,301.1,-2.3818,1.9423,1.9428,-1.469,2.99,480,0,34,67,0.423,0.4501,DO_NOTHING,,0.0,0.0,0.0,0.0,0.0
209.612,301.2,-2.3818,1.9423,1.9428,-1.469,2.99,480,0,34,67,0.423,0.4501,DO_NOTHING,,0.0,0.0,0.0,0.0,0.0
209.721,301.3,-2.3818,1.9423,1.9428,-1.469,2.99,480,0,34,67,0.423,0.4501,DO_NOTHING,,0.0,0.0,0.0,0.0,0.0
209.821,301.4,-2.3818,1.9423,1.9428,-1.469,2.99,480,0,34,67,0.423,0.4501,DO_NOTHING,,0.0,0.0,0.0,0.0,0.0
209.924,301.5,-2.3818,1.9423,1.9428,-1.469,2.99,480,0,34,67,0.423,0.4501,DO_NOTHING,,0.0,0.0,0.0,0.0,0.0
210.026,301.6,-2.3818,1.9423,1.9428,-1.469,2.99,480,0,34,67,0.423,0.4501,DO_NOTHING,,0.0,0.0,0.0,0.0,0.0
210.126,301.7,-2.3818,1.9423,1.9428,-1.469,2.99,480,0,34,67,0.423,0.4501,DO_NOTHING,,0.0,0.0,0.0,0.0,0.0
210.226,301.8,-2.3818,1.9423,1.9428,-1.469,2.99,480,0,34,67,0.423,0.4501,DO_NOTHING,,0.0,0.0,0.0,0.0,0.0
210.324,301.9,-2.3818,1.9423,1.9428,-1.469,2.99,480,0,34,67,0.423,0.4501,DO_NOTHING,,0.0,0.0,0.0,0.0,0.0
210.424,302.0,-2.3818,1.9423,1.9428,-1.469,2.99,480,0,34,67,0.423,0.4501,DO_NOTHING,,0.0,0.0,0.0,0.0,0.0
210.523,302.1,-2.3818,1.9423,1.9428,-1.469,2.99,480,0,34,67,0.423,0.4501,DO_NOTHING,,0.0,0.0,0.0,0.0,0.0
210.626,302.2,-2.3818,1.9423,1.9428,-1.469,2.99,480,0,34,67,0.423,0.4501,DO_NOTHING,,0.0,0.0,0.0,0.0,0.0
210.724,302.3,-2.3818,1.9423,1.9428,-1.469,2.99,480,0,34,67,0.423,0.4501,DO_NOTHING,,0.0,0.0,0.0,0.0,0.0
210.826,302.4,-2.3818,1.9423,1.9428,-1.469,2.99,480,0,34,67,0.423,0.4501,DO_NOTHING,,0.0,0.0,0.0,0.0,0.0
210.923,302.5,-2.3818,1.9423,1.9428,-1.469,2.99,480,0,34,67,0.423,0.4501,DO_NOTHING,,0.0,0.0,0.0,0.0,0.0
211.026,302.6,-2.3818,1.9423,1.9428,-1.469,2.99,480,0,34,67,0.423,0.4501,DO_NOTHING,,0.0,0.0,0.0,0.0,0.0
211.126,302.7,-2.3818,1.9423,1.9428,-1.469,2.99,480,0,34,67,0.423,0.4501,DO_NOTHING,,0.0,0.0,0.0,0.0,0.0
211.225,302.8,-2.3818,1.9423,1.9428,-1.469,2.99,480,0,34,67,0.423,0.4501,DO_NOTHING,,0.0,0.0,0.0,0.0,0.0
211.324,302.9,-2.3818,1.9423,1.9428,-1.469,2.99,480,0,34,67,0.423,0.4501,DO_NOTHING,,0.0,0.0,0.0,0.0,0.0
211.425,303.0,-2.3818,1.9423,1.9428,-1.469,2.99,480,0,34,67,0.423,0.4501,DO_NOTHING,,0.0,0.0,0.0,0.0,0.0
211.528,303.1,-2.3818,1.9423,1.9428,-1.469,2.99,480,0,34,67,0.423,0.4501,DO_NOTHING,,0.0,0.0,0.0,0.0,0.0
211.629,303.2,-2.3818,1.9423,1.9428,-1.469,2.99,480,0,34,67,0.423,0.4501,DO_NOTHING,,0.0,0.0,0.0,0.0,0.0
211.733,303.3,-2.3818,1.9423,1.9422,-1.469,2.99,480,0,34,67,0.4227,0.4498,SLOWDOWN,PolygonSlow,0.0,-0.1282,0.0,0.0,0.0
211.833,303.4,-2.3816,1.9423,1.9389,-1.469,2.99,480,0,33,66,0.4236,0.4508,SLOWDOWN,PolygonSlow,0.0,-0.1282,0.0,0.0,0.0
211.94,303.5,-2.3814,1.9423,1.9356,-1.469,2.99,480,0,34,66,0.4234,0.4493,SLOWDOWN,PolygonSlow,0.0,-0.1282,0.0,0.0,0.0
212.051,303.6,-2.3812,1.9423,1.9316,-1.469,2.99,480,0,34,67,0.4241,0.4501,SLOWDOWN,PolygonSlow,0.0,-0.1282,0.0,0.0,0.0
212.138,303.7,-2.381,1.9423,1.929,-1.469,2.99,480,0,33,66,0.424,0.4488,SLOWDOWN,PolygonSlow,0.0,-0.1282,0.0,0.0,0.0
212.249,303.8,-2.3809,1.9423,1.9257,-1.469,2.99,480,0,33,66,0.4247,0.4495,SLOWDOWN,PolygonSlow,0.0,-0.1282,0.0,0.0,0.0
212.34,303.9,-2.3807,1.9423,1.9224,-1.469,2.99,480,0,33,66,0.426,0.4508,SLOWDOWN,PolygonSlow,0.0,-0.1282,0.0,0.0,0.0
212.449,304.0,-2.3805,1.9423,1.9194,-1.469,2.99,480,0,32,66,0.4259,0.4495,SLOWDOWN,PolygonSlow,0.0,-0.0769,0.0,0.0,0.0
212.548,304.1,-2.3804,1.9423,1.9175,-1.469,2.99,480,0,33,66,0.4249,0.4485,SLOWDOWN,PolygonSlow,0.0,-0.0769,0.0,0.0,0.0
212.656,304.2,-2.3802,1.9423,1.9155,-1.469,2.99,480,0,33,66,0.424,0.4475,SLOWDOWN,PolygonSlow,0.0,-0.0769,0.0,0.0,0.0
212.755,304.3,-2.3801,1.9423,1.9134,-1.469,2.99,480,0,33,66,0.4244,0.448,SLOWDOWN,PolygonSlow,0.0,-0.0769,0.0,0.0,0.0
212.865,304.4,-2.38,1.9423,1.9114,-1.469,2.99,480,0,33,65,0.4252,0.4482,SLOWDOWN,PolygonSlow,0.0,-0.0769,0.0,0.0,0.0
212.963,304.5,-2.3799,1.9423,1.9094,-1.469,2.99,480,0,32,65,0.4249,0.4472,SLOWDOWN,PolygonSlow,0.0,-0.0769,0.0,0.0,0.0
213.067,304.6,-2.3798,1.9423,1.9074,-1.469,2.99,480,0,32,66,0.4249,0.4472,SLOWDOWN,PolygonSlow,0.0,-0.0769,0.0,0.0,0.0
213.166,304.7,-2.3796,1.9423,1.9054,-1.469,2.99,480,0,32,66,0.4257,0.4479,SLOWDOWN,PolygonSlow,0.0,-0.0769,0.0,0.0,0.0
213.276,304.8,-2.3795,1.9423,1.9034,-1.469,2.99,480,0,33,66,0.4257,0.4468,SLOWDOWN,PolygonSlow,0.0,-0.0769,0.0,0.0,0.0
213.37,304.9,-2.3794,1.9423,1.9014,-1.469,2.99,480,0,33,65,0.4254,0.4465,SLOWDOWN,PolygonSlow,0.0,-0.0769,0.0,0.0,0.0
213.476,305.0,-2.3793,1.9423,1.8994,-1.469,2.99,480,0,33,65,0.4261,0.4473,SLOWDOWN,PolygonSlow,0.0,-0.0769,0.0,0.0,0.0
213.569,305.1,-2.3791,1.9423,1.8973,-1.469,2.99,480,0,33,65,0.4269,0.4481,SLOWDOWN,PolygonSlow,0.0,-0.0769,0.0,0.0,0.0
213.669,305.2,-2.379,1.9423,1.8953,-1.469,2.99,480,0,33,65,0.4277,0.4481,SLOWDOWN,PolygonSlow,0.0,-0.0769,0.0,0.0,0.0
213.769,305.3,-2.3789,1.9423,1.8933,-1.469,2.99,480,0,33,66,0.4271,0.4471,SLOWDOWN,PolygonSlow,0.0,-0.0769,0.0,0.0,0.0
213.87,305.4,-2.3787,1.9423,1.8913,-1.469,2.99,480,0,33,66,0.4262,0.4461,SLOWDOWN,PolygonSlow,0.0,-0.0769,0.0,0.0,0.0
213.97,305.5,-2.3786,1.9423,1.8892,-1.469,2.99,480,0,32,66,0.4253,0.4451,SLOWDOWN,PolygonSlow,0.0,-0.0769,0.0,0.0,0.0
214.07,305.6,-2.3785,1.9423,1.8872,-1.469,2.99,480,0,32,66,0.4261,0.446,SLOWDOWN,PolygonSlow,0.0,-0.0769,0.0,0.0,0.0
214.17,305.7,-2.3784,1.9423,1.8852,-1.469,2.99,480,0,33,66,0.4268,0.4456,SLOWDOWN,PolygonSlow,0.0,-0.0769,0.0,0.0,0.0
214.269,305.8,-2.3782,1.9423,1.8831,-1.469,2.99,480,0,33,65,0.4259,0.4446,SLOWDOWN,PolygonSlow,0.0,-0.0769,0.0,0.0,0.0
214.371,305.9,-2.3781,1.9423,1.8811,-1.469,2.99,480,0,33,66,0.4267,0.4453,SLOWDOWN,PolygonSlow,0.0,-0.0769,0.0,0.0,0.0
214.469,306.0,-2.378,1.9423,1.8791,-1.469,2.99,480,0,32,66,0.4274,0.4452,SLOWDOWN,PolygonSlow,0.0,-0.0769,0.0,0.0,0.0
214.569,306.1,-2.3778,1.9423,1.877,-1.469,2.99,480,0,32,66,0.4267,0.4441,SLOWDOWN,PolygonSlow,0.0,-0.0769,0.0,0.0,0.0
214.669,306.2,-2.3777,1.9423,1.875,-1.469,2.99,480,0,32,65,0.4273,0.4448,SLOWDOWN,PolygonSlow,0.0,-0.0769,0.0,0.0,0.0
214.769,306.3,-2.3776,1.9423,1.8729,-1.469,2.99,480,0,32,65,0.4281,0.4456,SLOWDOWN,PolygonSlow,0.0158,0.9487,0.0,0.0,0.0
214.869,306.4,-2.3777,1.9426,1.8739,-1.469,2.99,480,0,32,65,0.4276,0.4451,SLOWDOWN,PolygonSlow,0.0158,0.9487,0.0158,0.0047,0.0047
214.974,306.5,-2.3785,1.943,1.8835,-1.469,2.99,480,0,33,66,0.4254,0.4441,SLOWDOWN,PolygonSlow,0.0158,0.9487,0.0158,0.0047,0.0047
215.078,306.6,-2.3797,1.9435,1.9024,-1.469,2.99,480,0,33,66,0.4246,0.4457,SLOWDOWN,PolygonSlow,0.0158,0.9487,0.0158,0.0047,0.0047
215.177,306.7,-2.3814,1.9439,1.9266,-1.469,2.99,480,0,33,66,0.4238,0.4485,SLOWDOWN,PolygonSlow,0.0158,0.8974,0.0158,0.0047,0.0047
215.285,306.8,-2.3829,1.9443,1.9501,-1.469,2.99,480,0,34,67,0.4236,0.451,SLOWDOWN,PolygonSlow,0.0158,0.8974,0.0158,0.0047,0.0047
215.396,306.9,-2.3846,1.9449,1.9774,-1.469,2.99,480,0,35,67,0.4196,0.4503,SLOWDOWN,PolygonSlow,0.0158,0.8974,0.0158,0.0047,0.0047
215.484,307.0,-2.3856,1.9452,1.9953,-1.469,2.99,480,0,34,68,0.419,0.4521,SLOWDOWN,PolygonSlow,0.0158,0.8462,0.0158,0.0047,0.0047
215.596,307.1,-2.387,1.9457,2.0205,-1.469,2.99,480,0,32,68,0.4164,0.4531,SLOWDOWN,PolygonSlow,0.0158,0.8462,0.0158,0.0047,0.0047
215.684,307.2,-2.3879,1.9461,2.037,-1.469,2.99,480,0,28,69,0.4163,0.4554,SLOWDOWN,PolygonSlow,0.0158,0.8462,0.0158,0.0047,0.0047
215.795,307.3,-2.389,1.9465,2.0574,-1.469,2.99,480,0,27,69,0.4154,0.4569,SLOWDOWN,PolygonSlow,0.0158,0.7949,0.0158,0.0047,0.0047
215.893,307.4,-2.3899,1.9469,2.0764,-1.469,2.99,480,0,24,70,0.4144,0.4583,SLOWDOWN,PolygonSlow,0.0158,0.7949,0.0158,0.0047,0.0047
215.999,307.5,-2.3907,1.9473,2.0951,-1.469,2.99,480,0,23,70,0.4124,0.4586,SLOWDOWN,PolygonSlow,0.0158,0.7949,0.0158,0.0047,0.0047
216.097,307.6,-2.3915,1.9477,2.1135,-1.469,2.99,480,0,21,69,0.4121,0.4607,SLOWDOWN,PolygonSlow,0.0158,0.7436,0.0158,0.0047,0.0047
216.203,307.7,-2.3922,1.9481,2.1307,-1.469,2.99,480,0,18,67,0.4123,0.4621,SLOWDOWN,PolygonSlow,0.0158,0.7436,0.0158,0.0047,0.0047
216.302,307.8,-2.3929,1.9485,2.1476,-1.469,2.99,480,0,18,66,0.4111,0.4632,SLOWDOWN,PolygonSlow,0.0158,0.7436,0.0158,0.0047,0.0047
216.406,307.9,-2.3935,1.9489,2.1643,-1.469,2.99,480,0,17,65,0.4098,0.4642,SLOWDOWN,PolygonSlow,0.0158,0.3333,0.0158,0.0047,0.0047
216.505,308.0,-2.394,1.9493,2.1755,-1.469,2.99,480,0,16,65,0.4102,0.4658,SLOWDOWN,PolygonSlow,0.0158,0.3333,0.0158,0.0047,0.0047
216.607,308.1,-2.3943,1.9497,2.1827,-1.469,2.99,480,0,16,64,0.4104,0.4672,SLOWDOWN,PolygonSlow,0.0158,0.2821,0.0158,0.0047,0.0047
216.706,308.2,-2.3947,1.9501,2.1888,-1.469,2.99,480,0,15,64,0.4083,0.465,SLOWDOWN,PolygonSlow,0.0158,0.2821,0.0158,0.0047,0.0047
216.805,308.3,-2.395,1.9504,2.1946,-1.469,2.99,480,0,14,65,0.4086,0.4665,SLOWDOWN,PolygonSlow,0.0158,0.2821,0.0158,0.0047,0.0047
216.904,308.4,-2.3952,1.9507,2.2002,-1.469,2.99,480,0,14,63,0.4079,0.4658,SLOWDOWN,PolygonSlow,0.0158,0.2821,0.0158,0.0047,0.0047
217.006,308.5,-2.3955,1.951,2.2058,-1.469,2.99,480,0,14,64,0.4071,0.4661,SLOWDOWN,PolygonSlow,0.0158,0.2308,0.0158,0.0047,0.0047
217.106,308.6,-2.3958,1.9513,2.2105,-1.469,2.99,480,0,14,63,0.4075,0.4665,SLOWDOWN,PolygonSlow,0.0158,0.2308,0.0158,0.0047,0.0047
217.207,308.7,-2.3961,1.9516,2.2155,-1.469,2.99,480,0,14,62,0.4061,0.4662,SLOWDOWN,PolygonSlow,0.0158,0.6923,0.0158,0.0047,0.0047
217.305,308.8,-2.3964,1.9519,2.2254,-1.469,2.99,480,0,13,62,0.4054,0.4666,SLOWDOWN,PolygonSlow,0.0158,0.6923,0.0158,0.0047,0.0047
217.405,308.9,-2.3967,1.9523,2.2398,-1.469,2.99,480,0,12,61,0.4058,0.4692,SLOWDOWN,PolygonSlow,0.0158,0.6923,0.0158,0.0047,0.0047
217.506,309.0,-2.397,1.9526,2.2544,-1.469,2.99,480,0,12,62,0.4073,0.4721,SLOWDOWN,PolygonSlow,0.0158,0.641,0.0158,0.0047,0.0047
217.606,309.1,-2.3973,1.9529,2.2681,-1.469,2.99,480,0,10,61,0.4056,0.4714,SLOWDOWN,PolygonSlow,0.0158,0.641,0.0158,0.0047,0.0047
217.706,309.2,-2.3976,1.9532,2.2818,-1.469,2.99,480,0,10,59,0.4039,0.4708,SLOWDOWN,PolygonSlow,0.0,-0.4359,0.0,0.0,0.0
217.806,309.3,-2.3976,1.9531,2.2904,-1.469,2.99,480,0,9,59,0.404,0.4721,SLOWDOWN,PolygonSlow,0.0,-0.4359,0.0,0.0,0.0
217.905,309.4,-2.3976,1.953,2.292,-1.469,2.99,480,0,9,59,0.4041,0.4722,SLOWDOWN,PolygonSlow,0.0,-0.4359,0.0,0.0,0.0
218.005,309.5,-2.3976,1.9531,2.2865,-1.469,2.99,480,0,10,58,0.4051,0.4731,SLOWDOWN,PolygonSlow,0.0,-0.4359,0.0,0.0,0.0
218.106,309.6,-2.3976,1.9532,2.277,-1.469,2.99,480,0,10,60,0.4052,0.4719,SLOWDOWN,PolygonSlow,0.0,-0.4359,0.0,0.0,0.0
218.208,309.7,-2.3976,1.9533,2.2675,-1.469,2.99,480,0,11,61,0.4054,0.4707,SLOWDOWN,PolygonSlow,0.0,-0.4359,0.0,0.0,0.0
218.309,309.8,-2.3976,1.9533,2.2582,-1.469,2.99,480,0,12,61,0.4055,0.4702,SLOWDOWN,PolygonSlow,0.0,-0.3846,0.0,0.0,0.0
218.412,309.9,-2.3976,1.9533,2.25,-1.469,2.99,480,0,12,62,0.4056,0.4691,SLOWDOWN,PolygonSlow,0.0,-0.3846,0.0,0.0,0.0
218.512,310.0,-2.3976,1.9533,2.2419,-1.469,2.99,480,0,13,61,0.404,0.4675,SLOWDOWN,PolygonSlow,0.0,-0.3846,0.0,0.0,0.0
218.618,310.1,-2.3976,1.9534,2.2338,-1.469,2.99,480,0,13,62,0.4038,0.4662,SLOWDOWN,PolygonSlow,0.0,-0.3846,0.0,0.0,0.0
218.731,310.2,-2.3976,1.9534,2.2242,-1.469,2.99,480,0,14,63,0.4036,0.4648,SLOWDOWN,PolygonSlow,0.0,-0.3846,0.0,0.0,0.0
218.817,310.3,-2.3976,1.9535,2.2179,-1.469,2.99,480,0,15,63,0.4036,0.4637,SLOWDOWN,PolygonSlow,0.0,-0.3846,0.0,0.0,0.0
218.931,310.4,-2.3975,1.9535,2.2088,-1.469,2.99,480,0,15,64,0.4043,0.4632,SLOWDOWN,PolygonSlow,0.0,-0.3333,0.0,0.0,0.0
219.017,310.5,-2.3975,1.9536,2.2034,-1.469,2.99,480,0,16,65,0.405,0.4633,SLOWDOWN,PolygonSlow,0.0,-0.3333,0.0,0.0,0.0
219.127,310.6,-2.3975,1.9537,2.1967,-1.469,2.99,480,0,16,66,0.4045,0.4622,SLOWDOWN,PolygonSlow,0.0,-0.3333,0.0,0.0,0.0
219.23,310.7,-2.3975,1.9538,2.1901,-1.469,2.99,480,0,17,66,0.404,0.4606,SLOWDOWN,PolygonSlow,0.0,-0.3333,0.0,0.0,0.0
219.334,310.8,-2.3975,1.9539,2.1834,-1.469,2.99,480,0,18,66,0.4058,0.4624,SLOWDOWN,PolygonSlow,0.0,-0.3333,0.0,0.0,0.0
219.433,310.9,-2.3975,1.954,2.1766,-1.469,2.99,480,0,19,66,0.4044,0.4597,SLOWDOWN,PolygonSlow,0.0,-0.3333,0.0,0.0,0.0
219.541,311.0,-2.3974,1.9541,2.1693,-1.469,2.99,480,0,19,68,0.4041,0.4595,SLOWDOWN,PolygonSlow,0.0,-0.3333,0.0,0.0,0.0
219.642,311.1,-2.3973,1.9541,2.1622,-1.469,2.99,480,0,20,67,0.4039,0.4581,SLOWDOWN,PolygonSlow,0.0,-0.2821,0.0,0.0,0.0
219.744,311.2,-2.3972,1.9541,2.1559,-1.469,2.99,480,0,21,68,0.4036,0.4565,SLOWDOWN,PolygonSlow,0.0,-0.2821,0.0,0.0,0.0
219.844,311.3,-2.397,1.9541,2.1496,-1.469,2.99,480,0,21,69,0.4047,0.4565,SLOWDOWN,PolygonSlow,0.0,-0.2821,0.0,0.0,0.0
219.946,311.4,-2.3969,1.9541,2.1432,-1.469,2.99,480,0,21,69,0.4051,0.4567,SLOWDOWN,PolygonSlow,0.0,-0.2821,0.0,0.0,0.0
220.044,311.5,-2.3967,1.9541,2.1368,-1.469,2.99,480,0,22,69,0.4048,0.4555,SLOWDOWN,PolygonSlow,0.0,-0.2821,0.0,0.0,0.0
220.146,311.6,-2.3966,1.9541,2.1304,-1.469,2.99,480,0,23,69,0.4046,0.454,SLOWDOWN,PolygonSlow,0.0,-0.2821,0.0,0.0,0.0
220.245,311.7,-2.3964,1.9541,2.1239,-1.469,2.99,480,0,23,70,0.4066,0.4561,SLOWDOWN,PolygonSlow,0.0,-0.2821,0.0,0.0,0.0
220.347,311.8,-2.3964,1.9543,2.1192,-1.469,2.99,480,0,24,71,0.4061,0.4544,SLOWDOWN,PolygonSlow,0.0158,0.8462,0.0158,0.0047,0.0047
220.443,311.9,-2.3967,1.9547,2.121,-1.469,2.99,480,0,23,70,0.4064,0.4548,SLOWDOWN,PolygonSlow,0.0158,0.8974,0.0158,0.0047,0.0047
220.545,312.0,-2.3971,1.955,2.13,-1.469,2.99,480,0,24,70,0.4039,0.4533,SLOWDOWN,PolygonSlow,0.0158,0.7949,0.0158,0.0047,0.0047
220.644,312.1,-2.3977,1.9553,2.1455,-1.469,2.99,480,0,21,69,0.4035,0.4552,SLOWDOWN,PolygonSlow,0.0158,0.7949,0.0158,0.0047,0.0047
220.747,312.2,-2.3982,1.9556,2.1614,-1.469,2.99,480,0,21,68,0.4029,0.4568,SLOWDOWN,PolygonSlow,0.0158,0.3333,0.0158,0.0047,0.0047
220.844,312.3,-2.3986,1.956,2.171,-1.469,2.99,480,0,20,68,0.4019,0.4572,SLOWDOWN,PolygonSlow,0.0158,0.2821,0.0158,0.0047,0.0047
220.944,312.4,-2.399,1.9564,2.1773,-1.469,2.99,480,0,19,68,0.4015,0.4568,SLOWDOWN,PolygonSlow,0.0158,0.2821,0.0158,0.0047,0.0047
221.046,312.5,-2.3994,1.9568,2.1836,-1.469,2.99,480,0,20,68,0.4033,0.4593,SLOWDOWN,PolygonSlow,0.0158,0.2821,0.0158,0.0047,0.0047
221.143,312.6,-2.3997,1.9572,2.1897,-1.469,2.99,480,0,19,67,0.4011,0.4576,SLOWDOWN,PolygonSlow,0.0158,0.2821,0.0158,0.0047,0.0047
221.244,312.7,-2.4,1.9575,2.1949,-1.469,2.99,480,0,19,67,0.4007,0.4571,SLOWDOWN,PolygonSlow,0.0158,0.2308,0.0158,0.0047,0.0047
221.345,312.8,-2.4003,1.9578,2.1996,-1.469,2.99,480,0,18,66,0.4,0.4575,SLOWDOWN,PolygonSlow,0.0158,0.2308,0.0158,0.0047,0.0047
221.443,312.9,-2.4006,1.9581,2.2042,-1.469,2.99,480,0,18,66,0.3998,0.4573,SLOWDOWN,PolygonSlow,0.0158,0.2308,0.0158,0.0047,0.0047
221.542,313.0,-2.4009,1.9584,2.2089,-1.469,2.99,480,0,18,66,0.399,0.4577,SLOWDOWN,PolygonSlow,0.0158,0.2308,0.0158,0.0047,0.0047
221.643,313.1,-2.4011,1.9588,2.2141,-1.469,2.99,480,0,18,65,0.3991,0.4578,SLOWDOWN,PolygonSlow,0.0158,0.2821,0.0158,0.0047,0.0047
221.749,313.2,-2.4014,1.9591,2.2214,-1.469,2.99,480,0,17,66,0.3977,0.4575,SLOWDOWN,PolygonSlow,0.0158,0.7436,0.0158,0.0047,0.0047
221.848,313.3,-2.4017,1.9594,2.2349,-1.469,2.99,480,0,17,65,0.3979,0.46,SLOWDOWN,PolygonSlow,0.0158,0.7436,0.0158,0.0047,0.0047
221.954,313.4,-2.4019,1.9595,2.2489,-1.469,2.99,480,0,16,64,0.3965,0.4597,SLOWDOWN,PolygonSlow,0.0158,0.2308,0.0,0.0,0.0
222.066,313.5,-2.4021,1.9598,2.2572,-1.469,2.99,480,0,15,64,0.3998,0.4632,SLOWDOWN,PolygonSlow,0.0158,0.2308,0.0158,0.0047,0.0047
222.154,313.6,-2.4023,1.9601,2.2612,-1.469,2.99,480,0,15,65,0.3982,0.4626,SLOWDOWN,PolygonSlow,0.0158,0.2308,0.0158,0.0047,0.0047
222.267,313.7,-2.4027,1.9605,2.2681,-1.469,2.99,480,0,15,64,0.3964,0.4608,SLOWDOWN,PolygonSlow,0.0158,0.6923,0.0158,0.0047,0.0047
222.354,313.8,-2.4029,1.9607,2.2769,-1.469,2.99,480,0,14,63,0.3956,0.4611,SLOWDOWN,PolygonSlow,0.0158,0.6923,0.0158,0.0047,0.0047
222.463,313.9,-2.4032,1.9609,2.2918,-1.469,2.99,480,0,13,62,0.396,0.4637,SLOWDOWN,PolygonSlow,0.0158,0.0256,0.0158,0.0047,0.0047
222.563,314.0,-2.4036,1.9611,2.3012,-1.469,2.99,480,0,13,62,0.3954,0.4643,SLOWDOWN,PolygonSlow,0.0158,-0.0256,0.0158,0.0047,0.0047
222.675,314.1,-2.4039,1.9614,2.304,-1.469,2.99,480,0,13,62,0.3943,0.4631,SLOWDOWN,PolygonSlow,0.0158,-0.0256,0.0158,0.0047,0.0047
222.773,314.2,-2.4042,1.9618,2.3034,-1.469,2.99,480,0,13,62,0.394,0.4628,SLOWDOWN,PolygonSlow,0.0158,-0.0256,0.0158,0.0047,0.0047
222.886,314.3,-2.4045,1.9621,2.3028,-1.469,2.99,480,0,14,62,0.3937,0.4625,SLOWDOWN,PolygonSlow,0.0158,-0.0769,0.0158,0.0047,0.0047
222.983,314.4,-2.4048,1.9625,2.3019,-1.469,2.99,480,0,14,62,0.3936,0.4624,SLOWDOWN,PolygonSlow,0.0158,-0.0769,0.0158,0.0047,0.0047
223.085,314.5,-2.4051,1.9629,2.3002,-1.469,2.99,480,0,14,63,0.3936,0.4622,SLOWDOWN,PolygonSlow,0.0158,-0.0769,0.0158,0.0047,0.0047
223.183,314.6,-2.4054,1.9633,2.2985,-1.469,2.99,480,0,15,63,0.3931,0.4608,SLOWDOWN,PolygonSlow,0.0158,-0.0769,0.0158,0.0047,0.0047
223.291,314.7,-2.4058,1.9636,2.2967,-1.469,2.99,480,0,15,64,0.3918,0.4594,SLOWDOWN,PolygonSlow,0.0158,-0.0769,0.0158,0.0047,0.0047
223.388,314.8,-2.4061,1.964,2.295,-1.469,2.99,480,0,16,63,0.3913,0.4589,SLOWDOWN,PolygonSlow,0.0158,-0.0769,0.0158,0.0047,0.0047
223.489,314.9,-2.4064,1.9644,2.2933,-1.469,2.99,480,0,16,64,0.3913,0.4589,SLOWDOWN,PolygonSlow,0.0158,-0.0769,0.0158,0.0047,0.0047
223.589,315.0,-2.4067,1.9648,2.2916,-1.469,2.99,480,0,17,64,0.3913,0.4589,SLOWDOWN,PolygonSlow,0.0158,-0.0769,0.0158,0.0047,0.0047
223.688,315.1,-2.407,1.9652,2.2899,-1.469,2.99,480,0,17,65,0.3911,0.4575,SLOWDOWN,PolygonSlow,0.0158,-0.0769,0.0158,0.0047,0.0047
223.789,315.2,-2.4073,1.9655,2.2882,-1.469,2.99,480,0,16,65,0.3897,0.4561,SLOWDOWN,PolygonSlow,0.0158,-0.0769,0.0158,0.0047,0.0047
223.888,315.3,-2.4076,1.9659,2.2865,-1.469,2.99,480,0,17,65,0.3891,0.4555,SLOWDOWN,PolygonSlow,0.0158,-0.0769,0.0158,0.0047,0.0047
223.988,315.4,-2.408,1.9663,2.2848,-1.469,2.99,480,0,17,65,0.3891,0.4555,SLOWDOWN,PolygonSlow,0.0158,-0.0769,0.0158,0.0047,0.0047
224.091,315.5,-2.4083,1.9667,2.2831,-1.469,2.99,480,0,17,65,0.3891,0.4555,SLOWDOWN,PolygonSlow,0.0158,-0.0769,0.0158,0.0047,0.0047
224.188,315.6,-2.4086,1.967,2.2814,-1.469,2.99,480,0,17,66,0.3891,0.4543,SLOWDOWN,PolygonSlow,0.0158,-0.0769,0.0158,0.0047,0.0047
224.288,315.7,-2.4089,1.9674,2.2798,-1.469,2.99,480,0,17,65,0.3878,0.4529,SLOWDOWN,PolygonSlow,0.0158,-0.0769,0.0158,0.0047,0.0047
224.388,315.8,-2.4092,1.9678,2.2781,-1.469,2.99,480,0,18,66,0.3869,0.452,SLOWDOWN,PolygonSlow,0.0158,-0.0769,0.0158,0.0047,0.0047
224.488,315.9,-2.4095,1.9682,2.2764,-1.469,2.99,480,0,18,66,0.3869,0.452,SLOWDOWN,PolygonSlow,0.0158,-0.0769,0.0158,0.0047,0.0047
224.588,316.0,-2.4098,1.9685,2.2747,-1.469,2.99,480,0,19,67,0.3869,0.452,SLOWDOWN,PolygonSlow,0.0158,-0.0769,0.0158,0.0047,0.0047
224.689,316.1,-2.4101,1.9689,2.273,-1.469,2.99,480,0,19,67,0.3869,0.4511,SLOWDOWN,PolygonSlow,0.0158,-0.0769,0.0158,0.0047,0.0047
224.789,316.2,-2.4104,1.9693,2.2714,-1.469,2.99,480,0,20,67,0.3858,0.4497,SLOWDOWN,PolygonSlow,0.0158,-0.0769,0.0158,0.0047,0.0047
224.893,316.3,-2.4107,1.9697,2.2697,-1.469,2.99,480,0,20,67,0.3847,0.4486,SLOWDOWN,PolygonSlow,0.0158,-0.0769,0.0158,0.0047,0.0047
224.991,316.4,-2.411,1.97,2.268,-1.469,2.99,480,0,20,67,0.3847,0.4486,SLOWDOWN,PolygonSlow,0.0158,-0.0769,0.0158,0.0047,0.0047
225.096,316.5,-2.4113,1.9704,2.2664,-1.469,2.99,480,0,21,68,0.3847,0.4486,SLOWDOWN,PolygonSlow,0.0158,-0.0769,0.0158,0.0047,0.0047
225.197,316.6,-2.4116,1.9708,2.2647,-1.469,2.99,480,0,21,67,0.3847,0.4486,SLOWDOWN,PolygonSlow,0.0158,-0.0769,0.0158,0.0047,0.0047
225.302,316.7,-2.4119,1.9711,2.2631,-1.469,2.99,480,0,22,68,0.3847,0.4486,SLOWDOWN,PolygonSlow,0.0158,-0.0769,0.0158,0.0047,0.0047
225.415,316.8,-2.4123,1.9716,2.2611,-1.469,2.99,480,0,22,68,0.3847,0.4486,SLOWDOWN,PolygonSlow,0.0158,-0.0769,0.0158,0.0047,0.0047
225.502,316.9,-2.4125,1.9719,2.2597,-1.469,2.99,480,0,23,69,0.3847,0.4474,SLOWDOWN,PolygonSlow,0.0158,-0.0769,0.0158,0.0047,0.0047
225.617,317.0,-2.4129,1.9723,2.2578,-1.469,2.99,480,0,23,69,0.3834,0.4461,SLOWDOWN,PolygonSlow,0.0158,-0.0769,0.0158,0.0047,0.0047
225.702,317.1,-2.4131,1.9726,2.2565,-1.469,2.99,480,0,23,69,0.3821,0.4447,SLOWDOWN,PolygonSlow,0.0158,-0.0769,0.0158,0.0047,0.0047
225.813,317.2,-2.4134,1.973,2.2548,-1.469,2.99,480,0,23,69,0.3809,0.4434,SLOWDOWN,PolygonSlow,0.0158,-0.0769,0.0158,0.0047,0.0047
225.912,317.3,-2.4137,1.9734,2.2532,-1.469,2.99,480,0,23,69,0.3796,0.4421,SLOWDOWN,PolygonSlow,0.0158,-0.0769,0.0158,0.0047,0.0047
226.021,317.4,-2.414,1.9737,2.2515,-1.469,2.99,480,0,24,70,0.3793,0.4418,SLOWDOWN,PolygonSlow,0.0158,-0.0769,0.0158,0.0047,0.0047
226.119,317.5,-2.4143,1.9741,2.2499,-1.469,2.99,480,0,24,69,0.3793,0.4418,SLOWDOWN,PolygonSlow,0.0158,-0.0769,0.0158,0.0047,0.0047
226.227,317.6,-2.4146,1.9745,2.2483,-1.469,2.99,480,0,25,70,0.3792,0.4416,SLOWDOWN,PolygonSlow,0.0158,-0.0769,0.0158,0.0047,0.0047
226.323,317.7,-2.4149,1.9749,2.2466,-1.469,2.99,480,0,25,70,0.379,0.4403,SLOWDOWN,PolygonSlow,0.0158,-0.0769,0.0158,0.0047,0.0047
226.429,317.8,-2.4152,1.9752,2.245,-1.469,2.99,480,0,25,71,0.3777,0.439,SLOWDOWN,PolygonSlow,0.0158,-0.0769,0.0158,0.0047,0.0047
226.528,317.9,-2.4155,1.9756,2.2434,-1.469,2.99,480,0,26,71,0.3771,0.4384,SLOWDOWN,PolygonSlow,0.0158,-0.0769,0.0158,0.0047,0.0047
226.633,318.0,-2.4158,1.976,2.2417,-1.469,2.99,480,0,26,71,0.3771,0.4383,SLOWDOWN,PolygonSlow,0.0158,-0.0769,0.0158,0.0047,0.0047
226.727,318.1,-2.4161,1.9763,2.2401,-1.469,2.99,480,0,27,71,0.3771,0.4383,SLOWDOWN,PolygonSlow,0.0158,-0.0769,0.0158,0.0047,0.0047
226.827,318.2,-2.4164,1.9767,2.2385,-1.469,2.99,480,0,27,71,0.3771,0.4372,SLOWDOWN,PolygonSlow,0.0158,-0.0769,0.0158,0.0047,0.0047
226.93,318.3,-2.4167,1.9771,2.2368,-1.469,2.99,480,0,27,72,0.3759,0.4359,SLOWDOWN,PolygonSlow,0.0158,-0.0769,0.0158,0.0047,0.0047
227.03,318.4,-2.417,1.9775,2.2352,-1.469,2.99,480,0,27,73,0.375,0.435,SLOWDOWN,PolygonSlow,0.0158,-0.0769,0.0158,0.0047,0.0047
227.127,318.5,-2.4173,1.9778,2.2336,-1.469,2.99,480,0,28,73,0.375,0.435,SLOWDOWN,PolygonSlow,0.0158,-0.0769,0.0158,0.0047,0.0047
227.227,318.6,-2.4175,1.9782,2.2319,-1.469,2.99,480,0,28,73,0.375,0.435,SLOWDOWN,PolygonSlow,0.0158,-0.0769,0.0158,0.0047,0.0047
227.327,318.7,-2.4178,1.9786,2.2303,-1.469,2.99,480,0,28,73,0.375,0.434,SLOWDOWN,PolygonSlow,0.0158,-0.0769,0.0158,0.0047,0.0047
227.427,318.8,-2.4181,1.979,2.2286,-1.469,2.99,480,0,28,73,0.374,0.4327,SLOWDOWN,PolygonSlow,0.0158,-0.0769,0.0158,0.0047,0.0047
227.526,318.9,-2.4184,1.9793,2.227,-1.469,2.99,480,0,28,74,0.373,0.4317,SLOWDOWN,PolygonSlow,0.0158,-0.0256,0.0158,0.0047,0.0047
227.627,319.0,-2.4187,1.9797,2.2261,-1.469,2.99,480,0,29,74,0.3728,0.4315,SLOWDOWN,PolygonSlow,0.0158,-0.0256,0.0158,0.0047,0.0047
227.727,319.1,-2.419,1.9801,2.2255,-1.469,2.99,480,0,29,74,0.3726,0.4312,SLOWDOWN,PolygonSlow,0.0158,-0.0256,0.0158,0.0047,0.0047
227.828,319.2,-2.4192,1.9805,2.225,-1.469,2.99,480,0,29,75,0.3723,0.431,SLOWDOWN,PolygonSlow,0.0158,-0.0256,0.0158,0.0047,0.0047
227.928,319.3,-2.4195,1.9808,2.2244,-1.469,2.99,480,0,30,75,0.3721,0.4307,SLOWDOWN,PolygonSlow,0.0158,-0.0256,0.0158,0.0047,0.0047
228.028,319.4,-2.4198,1.9812,2.2239,-1.469,2.99,480,0,30,75,0.3718,0.4304,SLOWDOWN,PolygonSlow,0.0158,-0.0256,0.0158,0.0047,0.0047
228.127,319.5,-2.4201,1.9816,2.2233,-1.469,2.99,480,0,31,76,0.3716,0.4298,SLOWDOWN,PolygonSlow,0.0158,-0.0256,0.0158,0.0047,0.0047
228.231,319.6,-2.4204,1.982,2.2228,-1.469,2.99,480,0,31,76,0.3713,0.429,SLOWDOWN,PolygonSlow,0.0158,-0.0256,0.0158,0.0047,0.0047
228.329,319.7,-2.4207,1.9823,2.2222,-1.469,2.99,480,0,32,76,0.3708,0.4282,SLOWDOWN,PolygonSlow,0.0158,-0.0256,0.0158,0.0047,0.0047
228.434,319.8,-2.421,1.9827,2.2217,-1.469,2.99,480,0,32,76,0.37,0.4274,SLOWDOWN,PolygonSlow,0.0158,-0.0256,0.0158,0.0047,0.0047
228.535,319.9,-2.4212,1.9831,2.2211,-1.469,2.99,480,0,32,76,0.3693,0.4266,SLOWDOWN,PolygonSlow,0.0,0.8462,0.0,0.0,0.0
228.643,320.0,-2.4213,1.9831,2.2244,-1.469,2.99,480,0,32,76,0.3697,0.4281,SLOWDOWN,PolygonSlow,0.0,0.8462,0.0,0.0,0.0
228.752,320.1,-2.4213,1.983,2.2379,-1.469,2.99,480,0,31,74,0.3693,0.429,SLOWDOWN,PolygonSlow,0.0,0.8462,0.0,0.0,0.0
228.842,320.2,-2.4213,1.983,2.2514,-1.469,2.99,480,0,30,73,0.3696,0.4309,SLOWDOWN,PolygonSlow,0.0,0.8462,0.0,0.0,0.0
228.954,320.3,-2.4213,1.9829,2.2731,-1.469,2.99,480,0,28,73,0.3706,0.4339,SLOWDOWN,PolygonSlow,0.0,0.7949,0.0,0.0,0.0
229.04,320.4,-2.4213,1.9828,2.2871,-1.469,2.99,480,0,27,71,0.3699,0.4343,SLOWDOWN,PolygonSlow,0.0,0.7949,0.0,0.0,0.0
229.152,320.5,-2.4213,1.9826,2.3048,-1.469,2.99,480,0,25,71,0.3693,0.436,SLOWDOWN,PolygonSlow,0.0,0.7949,0.0,0.0,0.0
229.251,320.6,-2.4213,1.9824,2.3227,-1.469,2.99,480,0,24,71,0.3688,0.4377,SLOWDOWN,PolygonSlow,0.0,0.7436,0.0,0.0,0.0
229.367,320.7,-2.4213,1.9823,2.3398,-1.469,2.99,480,0,24,70,0.3691,0.4403,SLOWDOWN,PolygonSlow,0.0,0.7436,0.0,0.0,0.0
229.463,320.8,-2.4213,1.9822,2.3572,-1.469,2.99,480,0,22,68,0.3704,0.4427,SLOWDOWN,PolygonSlow,0.0,0.7436,0.0,0.0,0.0
229.572,320.9,-2.4212,1.9822,2.3746,-1.469,2.99,480,0,22,68,0.3706,0.4446,SLOWDOWN,PolygonSlow,0.0,0.6923,0.0,0.0,0.0
229.671,321.0,-2.4211,1.9822,2.3906,-1.469,2.99,480,0,21,67,0.3693,0.4449,SLOWDOWN,PolygonSlow,0.0,0.6923,0.0,0.0,0.0
229.782,321.1,-2.4209,1.9822,2.4062,-1.469,2.99,480,0,20,68,0.3702,0.448,SLOWDOWN,PolygonSlow,0.0,0.641,0.0,0.0,0.0
229.878,321.2,-2.4207,1.9822,2.4214,-1.469,2.99,480,0,19,67,0.3695,0.4485,SLOWDOWN,PolygonSlow,0.0,0.641,0.0,0.0,0.0
229.994,321.3,-2.4206,1.9822,2.4355,-1.469,2.99,480,0,18,66,0.3715,0.4515,SLOWDOWN,PolygonSlow,0.0,0.641,0.0,0.0,0.0
230.093,321.4,-2.4205,1.9822,2.4494,-1.469,2.99,480,0,19,68,0.3705,0.4516,SLOWDOWN,PolygonSlow,0.0,1.0,0.0,0.0,0.0
230.204,321.5,-2.4205,1.9822,2.4644,-1.469,2.99,480,0,19,66,0.3714,0.4541,SLOWDOWN,PolygonSlow,0.0,1.0,0.0,0.0,0.0
230.3,321.6,-2.4205,1.9822,2.4845,-1.469,2.99,480,0,18,65,0.371,0.4562,SLOWDOWN,PolygonSlow,0.0,1.0,0.0,0.0,0.0
230.409,321.7,-2.4207,1.9822,2.505,-1.469,2.99,480,0,17,67,0.3704,0.4577,SLOWDOWN,PolygonSlow,0.0,0.9487,0.0,0.0,0.0
230.505,321.8,-2.4209,1.9822,2.5246,-1.469,2.99,480,0,17,66,0.3717,0.4601,SLOWDOWN,PolygonSlow,0.0,0.9487,0.0,0.0,0.0
230.606,321.9,-2.4212,1.9822,2.5432,-1.469,2.99,480,0,17,66,0.3705,0.4609,SLOWDOWN,PolygonSlow,0.0,0.8974,0.0,0.0,0.0
230.706,322.0,-2.4215,1.9821,2.5619,-1.469,2.99,480,0,16,67,0.3701,0.4625,SLOWDOWN,PolygonSlow,0.0,0.8974,0.0,0.0,0.0
230.808,322.1,-2.4216,1.9817,2.5817,-1.469,2.99,480,0,16,67,0.3698,0.464,SLOWDOWN,PolygonSlow,0.0,0.8974,0.0,0.0,0.0
230.906,322.2,-2.4216,1.9811,2.6023,-1.469,2.99,480,0,17,66,0.3723,0.4682,SLOWDOWN,PolygonSlow,0.0,0.8462,0.0,0.0,0.0
231.005,322.3,-2.4216,1.9805,2.6226,-1.469,2.99,480,0,16,68,0.3698,0.467,SLOWDOWN,PolygonSlow,0.0,0.8462,0.0,0.0,0.0
231.104,322.4,-2.4216,1.9798,2.6426,-1.469,2.99,480,0,16,67,0.3708,0.4698,SLOWDOWN,PolygonSlow,0.0,0.7949,0.0,0.0,0.0
231.205,322.5,-2.4216,1.9791,2.6622,-1.469,2.99,480,0,16,68,0.3718,0.4726,SLOWDOWN,PolygonSlow,0.0,0.7949,0.0,0.0,0.0
231.305,322.6,-2.4216,1.9783,2.6814,-1.469,2.99,480,0,17,68,0.3719,0.4744,SLOWDOWN,PolygonSlow,0.0,0.7949,0.0,0.0,0.0
231.404,322.7,-2.4216,1.9774,2.7008,-1.469,2.99,480,0,15,70,0.3716,0.4758,SLOWDOWN,PolygonSlow,0.0,0.7436,0.0,0.0,0.0
231.505,322.8,-2.4216,1.9765,2.7198,-1.469,2.99,480,0,18,71,0.3713,0.4773,SLOWDOWN,PolygonSlow,0.0,0.7436,0.0,0.0,0.0
231.607,322.9,-2.4216,1.9756,2.7384,-1.469,2.99,480,0,17,72,0.3725,0.4793,SLOWDOWN,PolygonSlow,0.0,0.7436,0.0,0.0,0.0
231.706,323.0,-2.4216,1.9746,2.7572,-1.469,2.99,480,0,17,73,0.3736,0.4822,SLOWDOWN,PolygonSlow,0.0,0.6923,0.0,0.0,0.0
231.811,323.1,-2.4216,1.9735,2.7752,-1.469,2.99,480,0,18,74,0.3743,0.4843,SLOWDOWN,PolygonSlow,0.0,0.6923,0.0,0.0,0.0
231.911,323.2,-2.4216,1.9725,2.7931,-1.469,2.99,480,0,19,73,0.3741,0.4857,SLOWDOWN,PolygonSlow,0.0,0.6923,0.0,0.0,0.0
232.016,323.3,-2.4216,1.9714,2.8112,-1.469,2.99,480,0,19,73,0.3766,0.4897,SLOWDOWN,PolygonSlow,0.0,0.641,0.0,0.0,0.0
232.13,323.4,-2.4216,1.9701,2.8319,-1.469,2.99,480,0,21,74,0.3745,0.4884,SLOWDOWN,PolygonSlow,0.0,0.641,0.0,0.0,0.0
232.22,323.5,-2.4216,1.9692,2.8451,-1.469,2.99,480,0,23,73,0.375,0.4903,SLOWDOWN,PolygonSlow,-0.15,0.0,0.0,0.0,0.0
232.333,323.6,-2.4184,1.9679,2.855,-1.469,2.99,480,0,22,72,0.3799,0.4959,SLOWDOWN,PolygonSlow,-0.15,0.0,-0.15,-0.045,-0.045
232.419,323.7,-2.415,1.9668,2.8554,-1.469,2.99,480,0,20,71,0.3844,0.4998,SLOWDOWN,PolygonSlow,-0.15,0.0,-0.15,-0.045,-0.045
232.537,323.8,-2.4106,1.9656,2.8554,-1.469,2.99,480,0,16,71,0.3864,0.5018,SLOWDOWN,PolygonSlow,-0.15,0.0,-0.15,-0.045,-0.045
232.637,323.9,-2.4063,1.9643,2.8554,-1.469,2.99,480,0,13,70,0.3912,0.5067,SLOWDOWN,PolygonSlow,-0.15,0.0,-0.15,-0.045,-0.045
232.746,324.0,-2.402,1.963,2.8554,-1.469,2.99,480,0,10,69,0.3957,0.5106,SLOWDOWN,PolygonSlow,-0.15,0.0,-0.15,-0.045,-0.045
232.846,324.1,-2.3977,1.9617,2.8554,-1.469,2.99,480,0,6,69,0.4,0.5149,SLOWDOWN,PolygonSlow,-0.15,0.0,-0.15,-0.045,-0.045
232.951,324.2,-2.3934,1.9605,2.8554,-1.469,2.99,480,0,3,68,0.4052,0.5195,SLOWDOWN,PolygonSlow,-0.15,0.0,-0.15,-0.045,-0.045
233.053,324.3,-2.3863,1.9584,2.8554,-1.469,2.99,480,0,0,67,0.4122,0.5265,DO_NOTHING,,-0.15,0.0,-0.15,-0.15,-0.15
233.157,324.4,-2.3719,1.9541,2.8554,-1.469,2.99,480,0,0,63,0.4279,0.5417,DO_NOTHING,,-0.15,0.0,-0.15,-0.15,-0.15
233.259,324.5,-2.3575,1.9499,2.8554,-1.469,2.99,480,0,0,59,0.4408,0.554,DO_NOTHING,,-0.15,0.0,-0.15,-0.15,-0.15
233.363,324.6,-2.3431,1.9457,2.8554,-1.469,2.99,480,0,0,53,0.4562,0.5689,DO_NOTHING,,-0.15,0.0,-0.15,-0.15,-0.15
233.462,324.7,-2.3287,1.9414,2.8554,-1.469,2.99,480,0,0,47,0.4715,0.5836,DO_NOTHING,,-0.15,0.0,-0.15,-0.15,-0.15
233.564,324.8,-2.3143,1.9372,2.8554,-1.469,2.99,480,0,0,39,0.4867,0.5982,DO_NOTHING,,-0.15,0.0,-0.15,-0.15,-0.15
233.663,324.9,-2.2999,1.933,2.8554,-1.469,2.99,480,0,0,32,0.5014,0.6123,DO_NOTHING,,-0.15,0.0,-0.15,-0.15,-0.15
233.762,325.0,-2.2855,1.9287,2.8554,-1.469,2.99,480,0,0,24,0.516,0.6267,DO_NOTHING,,-0.15,0.0,-0.15,-0.15,-0.15
233.865,325.1,-2.2711,1.9245,2.8554,-1.469,2.99,480,0,0,15,0.5308,0.6413,DO_NOTHING,,-0.15,0.0,-0.15,-0.15,-0.15
233.963,325.2,-2.2567,1.9203,2.8554,-1.469,2.99,480,0,0,8,0.5456,0.6554,DO_NOTHING,,-0.15,0.0,-0.15,-0.15,-0.15
234.061,325.3,-2.2424,1.916,2.8554,-1.469,2.99,480,0,0,0,0.5602,0.6694,DO_NOTHING,,-0.15,0.0,-0.15,-0.15,-0.15
234.163,325.4,-2.228,1.9118,2.8554,-1.469,2.99,480,0,0,0,0.5771,0.6865,DO_NOTHING,,-0.15,0.0,-0.15,-0.15,-0.15
234.263,325.5,-2.2136,1.9076,2.8554,-1.469,2.99,480,0,0,0,0.5885,0.6972,DO_NOTHING,,-0.15,0.0,-0.15,-0.15,-0.15
234.363,325.6,-2.1992,1.9033,2.8554,-1.469,2.99,480,0,0,0,0.6052,0.7132,DO_NOTHING,,-0.15,0.0,-0.15,-0.15,-0.15
234.463,325.7,-2.1848,1.8991,2.8554,-1.469,2.99,480,0,0,0,0.6195,0.7277,DO_NOTHING,,-0.15,0.0,-0.15,-0.15,-0.15
234.565,325.8,-2.1704,1.8949,2.8554,-1.469,2.99,480,0,0,0,0.6337,0.7412,DO_NOTHING,,-0.15,0.0,-0.15,-0.15,-0.15
234.663,325.9,-2.156,1.8906,2.8554,-1.469,2.99,480,0,0,0,0.6495,0.7563,DO_NOTHING,,-0.15,0.0,-0.15,-0.15,-0.15
234.763,326.0,-2.1416,1.8864,2.8554,-1.469,2.99,480,0,0,0,0.6644,0.7713,DO_NOTHING,,-0.15,0.0,-0.15,-0.15,-0.15
234.864,326.1,-2.1272,1.8822,2.8554,-1.469,2.99,480,0,0,0,0.6784,0.7846,DO_NOTHING,,-0.15,0.0,-0.15,-0.15,-0.15
234.968,326.2,-2.113,1.878,2.8554,-1.469,2.99,480,0,0,0,0.6947,0.801,DO_NOTHING,,0.3,-1.0,-0.025,-0.025,-0.025
235.066,326.3,-2.1102,1.8774,2.8516,-1.469,2.99,480,0,0,0,0.6965,0.8021,DO_NOTHING,,0.3,-0.8974,0.225,0.225,0.225
235.172,326.4,-2.1234,1.8826,2.8371,-1.469,2.99,480,0,0,0,0.6852,0.7899,DO_NOTHING,,0.3,-1.0,0.3,0.3,0.3
235.269,326.5,-2.1462,1.8922,2.8052,-1.469,2.99,480,0,0,0,0.6585,0.7612,DO_NOTHING,,0.2842,-1.0,0.3,0.3,0.3
235.375,326.6,-2.168,1.9034,2.7532,-1.469,2.99,480,0,0,0,0.6329,0.7314,DO_NOTHING,,0.3,-1.0,0.3,0.2842,0.2842
235.488,326.7,-2.1941,1.9181,2.6914,-1.469,2.99,480,0,0,0,0.6102,0.704,DO_NOTHING,,0.2842,-1.0,0.2842,0.3,0.3
235.577,326.8,-2.2111,1.9286,2.6471,-1.469,2.99,480,0,0,0,0.5828,0.6706,DO_NOTHING,,0.2842,-1.0,0.2842,0.2842,0.2842
235.692,326.9,-2.2368,1.9458,2.5763,-1.469,2.99,480,0,0,0,0.5586,0.6411,DO_NOTHING,,0.3,-0.9487,0.3,0.2842,0.2842
235.775,327.0,-2.2541,1.9586,2.5274,-1.469,2.99,480,0,0,14,0.5326,0.6084,LIMIT,PolygonLimit,0.3,-0.6923,0.3,0.1581,0.1581
235.895,327.1,-2.27,1.971,2.4824,-1.469,2.99,480,0,0,22,0.5128,0.5817,LIMIT,PolygonLimit,0.3,-1.0,0.3,0.176,0.176
235.993,327.2,-2.2837,1.9819,2.4467,-1.469,2.99,480,0,0,30,0.4963,0.5616,LIMIT,PolygonLimit,0.3,-1.0,0.3,0.15,0.15
236.106,327.3,-2.2954,1.9917,2.4101,-1.469,2.99,480,0,0,36,0.4819,0.5411,LIMIT,PolygonLimit,0.3,-0.7949,0.3,0.1786,0.1786
236.204,327.4,-2.3084,2.004,2.3729,-1.469,2.99,480,0,0,45,0.4654,0.5195,LIMIT,PolygonLimit,0.3,-0.641,0.3,0.234,0.234
236.317,327.5,-2.3247,2.0205,2.3347,-1.469,2.99,480,0,5,55,0.4446,0.4921,LIMIT,PolygonLimit,0.3,-0.6923,0.3,0.2167,0.2167
236.414,327.6,-2.3368,2.0338,2.303,-1.469,2.99,480,0,17,63,0.4291,0.4711,SLOWDOWN,PolygonSlow,0.3,-0.7436,0.3,0.09,0.09
236.518,327.7,-2.3428,2.0407,2.2865,-1.469,2.99,480,0,22,66,0.4221,0.4602,SLOWDOWN,PolygonSlow,0.3,-0.7949,0.3,0.09,0.09
236.617,327.8,-2.3486,2.0477,2.2693,-1.469,2.99,480,0,28,70,0.4141,0.4494,SLOWDOWN,PolygonSlow,0.2842,-0.6923,0.2842,0.0853,0.0853
236.719,327.9,-2.354,2.0543,2.2543,-1.469,2.99,480,0,33,73,0.4083,0.4409,SLOWDOWN,PolygonSlow,0.2842,-0.7436,0.2842,0.0853,0.0853
236.815,328.0,-2.3594,2.061,2.2385,-1.469,2.99,480,0,38,76,0.4011,0.4303,SLOWDOWN,PolygonSlow,0.3,-0.7949,0.3,0.09,0.09
236.918,328.1,-2.3649,2.068,2.2219,-1.469,2.99,480,0,42,78,0.3935,0.4191,SLOWDOWN,PolygonSlow,0.3,-0.7949,0.3,0.09,0.09
237.017,328.2,-2.3703,2.0751,2.2051,-1.469,2.99,480,0,46,81,0.3883,0.4107,SLOWDOWN,PolygonSlow,0.3,-1.0,0.3,0.09,0.09
237.118,328.3,-2.3754,2.0823,2.1846,-1.469,2.99,480,0,49,82,0.3816,0.399,SLOWDOWN,PolygonSlow,0.3,-0.641,0.3,0.09,0.09
237.217,328.4,-2.3803,2.0896,2.1682,-1.469,2.99,480,0,51,84,0.3758,0.3893,SLOWDOWN,PolygonSlow,0.2842,-1.0,0.2842,0.0853,0.0853
237.316,328.5,-2.3846,2.0967,2.1476,-1.469,2.99,480,0,54,87,0.3694,0.3786,SLOWDOWN,PolygonSlow,0.2842,-0.5897,0.2842,0.0853,0.0853
237.42,328.6,-2.3888,2.1039,2.1312,-1.469,2.99,480,0,56,89,0.3646,0.3697,SLOWDOWN,PolygonSlow,0.2842,-0.5897,0.2842,0.0853,0.0853
237.515,328.7,-2.393,2.1111,2.1178,-1.469,2.99,480,0,59,90,0.359,0.36,SLOWDOWN,PolygonSlow,0.2684,-0.5385,0.2684,0.0805,0.0805
237.615,328.8,-2.3968,2.1181,2.1052,-1.469,2.99,480,0,62,92,0.3548,0.3519,SLOWDOWN,PolygonSlow,0.3,-0.6923,0.3,0.09,0.09
237.716,328.9,-2.4008,2.1258,2.0891,-1.469,2.99,480,0,65,94,0.35,0.3431,SLOWDOWN,PolygonSlow,0.3,-0.6923,0.3,0.09,0.09
237.817,329.0,-2.4047,2.1337,2.0728,-1.469,2.99,480,0,68,97,0.3457,0.3344,SLOWDOWN,PolygonSlow,0.3,-0.6923,0.3,0.09,0.09
237.916,329.1,-2.4083,2.1416,2.0566,-1.469,2.99,480,0,70,99,0.3418,0.3254,SLOWDOWN,PolygonSlow,0.3,-0.5385,0.3,0.09,0.09
238.016,329.2,-2.412,2.1496,2.0435,-1.469,2.99,480,0,73,101,0.3378,0.3167,SLOWDOWN,PolygonSlow,0.2842,-0.9487,0.2842,0.0853,0.0853
238.119,329.3,-2.415,2.1571,2.0244,-1.469,2.99,480,0,76,103,0.3348,0.3084,SLOWDOWN,PolygonSlow,0.0,0.0256,0.1592,0.0478,0.0478
238.218,329.4,-2.4163,2.1593,2.0108,-1.469,2.99,480,0,77,104,0.3337,0.3048,SLOWDOWN,PolygonSlow,0.0,0.0769,0.0,0.0,0.0
238.32,329.5,-2.4161,2.1593,2.0045,-1.469,2.99,480,0,78,104,0.3339,0.3038,SLOWDOWN,PolygonSlow,0.0,0.0769,0.0,0.0,0.0
238.42,329.6,-2.4162,2.1593,2.0053,-1.469,2.99,480,0,78,104,0.3339,0.3038,SLOWDOWN,PolygonSlow,0.0,0.0769,0.0,0.0,0.0
238.524,329.7,-2.4162,2.1593,2.0072,-1.469,2.99,480,0,77,104,0.3337,0.3037,SLOWDOWN,PolygonSlow,0.0,0.0769,0.0,0.0,0.0
238.623,329.8,-2.4163,2.1593,2.0091,-1.469,2.99,480,0,77,104,0.3336,0.3047,SLOWDOWN,PolygonSlow,0.0,0.0769,0.0,0.0,0.0
238.73,329.9,-2.4164,2.1593,2.011,-1.469,2.99,480,0,77,104,0.3335,0.3046,SLOWDOWN,PolygonSlow,0.0,0.0769,0.0,0.0,0.0
238.845,330.0,-2.4165,2.1593,2.0133,-1.469,2.99,480,0,77,103,0.3334,0.3045,SLOWDOWN,PolygonSlow,0.0,0.0769,0.0,0.0,0.0
238.931,330.1,-2.4166,2.1593,2.0148,-1.469,2.99,480,0,77,103,0.3333,0.3044,SLOWDOWN,PolygonSlow,0.0,0.0769,0.0,0.0,0.0
239.044,330.2,-2.4167,2.1593,2.0171,-1.469,2.99,480,0,77,104,0.3332,0.3052,SLOWDOWN,PolygonSlow,0.0,0.0769,0.0,0.0,0.0
239.131,330.3,-2.4168,2.1593,2.0186,-1.469,2.99,480,0,77,104,0.3331,0.3054,SLOWDOWN,PolygonSlow,0.0,0.0769,0.0,0.0,0.0
239.24,330.4,-2.4169,2.1593,2.0205,-1.469,2.99,480,0,77,104,0.333,0.3053,SLOWDOWN,PolygonSlow,0.0,0.0769,0.0,0.0,0.0
239.339,330.5,-2.4169,2.1593,2.0223,-1.469,2.99,480,0,77,103,0.3329,0.3052,SLOWDOWN,PolygonSlow,0.0,0.0769,0.0,0.0,0.0
239.448,330.6,-2.417,2.1593,2.0242,-1.469,2.99,480,0,77,104,0.3328,0.3054,SLOWDOWN,PolygonSlow,0.0,0.0769,0.0,0.0,0.0
239.546,330.7,-2.4171,2.1593,2.0261,-1.469,2.99,480,0,77,104,0.3327,0.3062,SLOWDOWN,PolygonSlow,0.0,0.0769,0.0,0.0,0.0
239.652,330.8,-2.4172,2.1593,2.028,-1.469,2.99,480,0,77,104,0.3326,0.3061,SLOWDOWN,PolygonSlow,0.0,0.0769,0.0,0.0,0.0
239.751,330.9,-2.4173,2.1593,2.0298,-1.469,2.99,480,0,77,104,0.3325,0.306,SLOWDOWN,PolygonSlow,0.0,0.0769,0.0,0.0,0.0
239.857,331.0,-2.4173,2.1593,2.0317,-1.469,2.99,480,0,77,104,0.3324,0.306,SLOWDOWN,PolygonSlow,0.0,0.0769,0.0,0.0,0.0
239.956,331.1,-2.4174,2.1593,2.0336,-1.469,2.99,480,0,77,104,0.3323,0.307,SLOWDOWN,PolygonSlow,0.0,0.0769,0.0,0.0,0.0
240.057,331.2,-2.4175,2.1593,2.0354,-1.469,2.99,480,0,77,104,0.3322,0.3069,SLOWDOWN,PolygonSlow,0.0,0.0769,0.0,0.0,0.0
240.156,331.3,-2.4176,2.1593,2.0373,-1.469,2.99,480,0,77,104,0.3321,0.3069,SLOWDOWN,PolygonSlow,0.0,0.0769,0.0,0.0,0.0
240.257,331.4,-2.4177,2.1593,2.0392,-1.469,2.99,480,0,77,104,0.3321,0.3068,SLOWDOWN,PolygonSlow,0.0,0.0769,0.0,0.0,0.0
240.356,331.5,-2.4177,2.1593,2.041,-1.469,2.99,480,0,77,104,0.332,0.307,SLOWDOWN,PolygonSlow,0.0,0.0769,0.0,0.0,0.0
240.456,331.6,-2.4178,2.1593,2.0429,-1.469,2.99,480,0,77,104,0.3319,0.3078,SLOWDOWN,PolygonSlow,0.0,0.0769,0.0,0.0,0.0
240.556,331.7,-2.4179,2.1593,2.0447,-1.469,2.99,480,0,77,104,0.3318,0.3078,SLOWDOWN,PolygonSlow,0.0,0.0769,0.0,0.0,0.0
240.656,331.8,-2.418,2.1593,2.0466,-1.469,2.99,480,0,77,104,0.3318,0.3077,SLOWDOWN,PolygonSlow,0.0,0.0769,0.0,0.0,0.0
240.758,331.9,-2.418,2.1593,2.0484,-1.469,2.99,480,0,78,104,0.3317,0.3076,SLOWDOWN,PolygonSlow,0.0,0.0769,0.0,0.0,0.0
240.858,332.0,-2.4181,2.1593,2.0503,-1.469,2.99,480,0,77,104,0.3316,0.3084,SLOWDOWN,PolygonSlow,0.0,0.0769,0.0,0.0,0.0
240.955,332.1,-2.4182,2.1593,2.0521,-1.469,2.99,480,0,77,105,0.3315,0.3087,SLOWDOWN,PolygonSlow,0.0,0.0769,0.0,0.0,0.0
241.057,332.2,-2.4183,2.1593,2.054,-1.469,2.99,480,0,77,104,0.3315,0.3086,SLOWDOWN,PolygonSlow,0.0,0.5385,0.0,0.0,0.0
241.155,332.3,-2.4184,2.1593,2.0578,-1.469,2.99,480,0,77,104,0.3314,0.3085,SLOWDOWN,PolygonSlow,0.0,0.5385,0.0,0.0,0.0
241.256,332.4,-2.4188,2.1592,2.0695,-1.469,2.99,480,0,76,103,0.331,0.3099,SLOWDOWN,PolygonSlow,0.0,0.5385,0.0,0.0,0.0
241.355,332.5,-2.4193,2.1592,2.0822,-1.469,2.99,480,0,77,103,0.3305,0.3117,SLOWDOWN,PolygonSlow,0.0,0.4872,0.0,0.0,0.0
241.458,332.6,-2.4196,2.1592,2.094,-1.469,2.99,480,0,76,103,0.3301,0.313,SLOWDOWN,PolygonSlow,0.0,0.4872,0.0,0.0,0.0
241.557,332.7,-2.42,2.1592,2.1053,-1.469,2.99,480,0,76,103,0.3297,0.314,SLOWDOWN,PolygonSlow,0.0,0.4872,0.0,0.0,0.0
241.659,332.8,-2.4203,2.1592,2.1166,-1.469,2.99,480,0,76,104,0.3294,0.3153,SLOWDOWN,PolygonSlow,0.0,0.4872,0.0,0.0,0.0
241.763,332.9,-2.4206,2.1592,2.1278,-1.469,2.99,480,0,76,103,0.3291,0.3169,SLOWDOWN,PolygonSlow,0.0,0.4872,0.0,0.0,0.0
241.866,333.0,-2.4209,2.1592,2.1389,-1.469,2.99,480,0,76,104,0.3289,0.3174,SLOWDOWN,PolygonSlow,0.0,0.4359,0.0,0.0,0.0
241.967,333.1,-2.4211,2.1592,2.1491,-1.469,2.99,480,0,76,103,0.3286,0.3186,SLOWDOWN,PolygonSlow,0.0,0.4359,0.0,0.0,0.0
242.074,333.2,-2.4213,2.1592,2.1589,-1.469,2.99,480,0,76,102,0.3285,0.3199,SLOWDOWN,PolygonSlow,0.0,0.4359,0.0,0.0,0.0
242.188,333.3,-2.4215,2.1592,2.1706,-1.469,2.99,480,0,75,102,0.3284,0.3205,SLOWDOWN,PolygonSlow,0.0,0.4359,0.0,0.0,0.0
242.289,333.4,-2.4217,2.1592,2.1784,-1.469,2.99,480,0,75,102,0.3282,0.3219,SLOWDOWN,PolygonSlow,0.0,0.4359,0.0,0.0,0.0
242.4,333.5,-2.4218,2.1592,2.1898,-1.469,2.99,480,0,75,104,0.3281,0.3233,SLOWDOWN,PolygonSlow,0.0,0.4359,0.0,0.0,0.0
242.486,333.6,-2.4218,2.1592,2.197,-1.469,2.99,480,0,74,104,0.328,0.3241,SLOWDOWN,PolygonSlow,0.0,0.3846,0.0,0.0,0.0
242.596,333.7,-2.4219,2.159,2.2049,-1.469,2.99,480,0,74,103,0.328,0.3256,SLOWDOWN,PolygonSlow,0.0,0.3846,0.0,0.0,0.0
242.696,333.8,-2.4219,2.159,2.2127,-1.469,2.99,480,0,74,103,0.328,0.3265,SLOWDOWN,PolygonSlow,0.0,0.3846,0.0,0.0,0.0
242.802,333.9,-2.4219,2.1589,2.2206,-1.469,2.99,480,0,74,103,0.328,0.3281,SLOWDOWN,PolygonSlow,0.0316,-0.8462,0.0316,0.0095,0.0095
242.901,334.0,-2.4224,2.1595,2.2237,-1.469,2.99,480,0,74,103,0.3274,0.3276,SLOWDOWN,PolygonSlow,0.0316,-0.8974,0.0316,0.0095,0.0095
243.007,334.1,-2.4229,2.1603,2.2199,-1.469,2.99,480,0,74,103,0.3269,0.326,SLOWDOWN,PolygonSlow,0.0316,-0.8974,0.0316,0.0095,0.0095
243.105,334.2,-2.4235,2.1612,2.2095,-1.469,2.99,480,0,74,104,0.3264,0.3239,SLOWDOWN,PolygonSlow,0.0316,-0.8974,0.0316,0.0095,0.0095
243.209,334.3,-2.4241,2.1621,2.1932,-1.469,2.99,480,0,75,105,0.3258,0.3209,SLOWDOWN,PolygonSlow,0.0316,-0.8462,0.0316,0.0095,0.0095
243.31,334.4,-2.4246,2.1632,2.1763,-1.469,2.99,480,0,77,104,0.3253,0.3173,SLOWDOWN,PolygonSlow,0.0316,-0.8462,0.0316,0.0095,0.0095
243.411,334.5,-2.425,2.1643,2.1594,-1.469,2.99,480,0,78,104,0.3248,0.3145,SLOWDOWN,PolygonSlow,0.0474,-0.2821,0.0474,0.0142,0.0142
243.509,334.6,-2.4255,2.1655,2.1456,-1.469,2.99,480,0,78,105,0.3242,0.3118,SLOWDOWN,PolygonSlow,0.0316,-0.7436,0.0316,0.0095,0.0095
243.609,334.7,-2.4259,2.1666,2.131,-1.469,2.99,480,0,79,106,0.3239,0.3086,SLOWDOWN,PolygonSlow,0.0474,-0.2308,0.0474,0.0142,0.0142
243.707,334.8,-2.4264,2.1678,2.1197,-1.469,2.99,480,0,79,106,0.3234,0.3067,SLOWDOWN,PolygonSlow,0.0474,-0.2308,0.0474,0.0142,0.0142
243.808,334.9,-2.4269,2.169,2.1141,-1.469,2.99,480,0,80,106,0.3228,0.3054,SLOWDOWN,PolygonSlow,0.0474,-0.1795,0.0474,0.0142,0.0142
243.908,335.0,-2.4275,2.1702,2.11,-1.469,2.99,480,0,80,107,0.3221,0.3035,SLOWDOWN,PolygonSlow,0.0474,-0.1795,0.0474,0.0142,0.0142
244.008,335.1,-2.4282,2.1714,2.1058,-1.469,2.99,480,0,80,107,0.3215,0.3016,SLOWDOWN,PolygonSlow,0.0474,-0.1795,0.0474,0.0142,0.0142
244.108,335.2,-2.4287,2.1726,2.1016,-1.469,2.99,480,0,81,107,0.3209,0.2998,SLOWDOWN,PolygonSlow,0.0474,-0.1795,0.0474,0.0142,0.0142
244.21,335.3,-2.4293,2.1739,2.0975,-1.469,2.99,480,0,82,108,0.3204,0.2985,SLOWDOWN,PolygonSlow,0.0474,-0.1795,0.0474,0.0142,0.0142
244.308,335.4,-2.4299,2.1751,2.0933,-1.469,2.99,480,0,83,108,0.3198,0.2968,SLOWDOWN,PolygonSlow,0.0474,-0.1795,0.0474,0.0142,0.0142
244.408,335.5,-2.4305,2.1763,2.0891,-1.469,2.99,480,0,83,109,0.3192,0.2961,SLOWDOWN,PolygonSlow,0.0474,-0.1795,0.0474,0.0142,0.0142
244.508,335.6,-2.431,2.1775,2.0847,-1.469,2.99,480,0,83,109,0.3187,0.2944,SLOWDOWN,PolygonSlow,0.0316,-0.641,0.0316,0.0095,0.0095
244.608,335.7,-2.4312,2.1784,2.0741,-1.469,2.99,480,0,84,109,0.3186,0.292,SLOWDOWN,PolygonSlow,0.0316,-0.641,0.0316,0.0095,0.0095
244.708,335.8,-2.4311,2.1792,2.0588,-1.469,2.99,480,0,84,109,0.3187,0.2898,SLOWDOWN,PolygonSlow,0.0158,-0.9487,0.0158,0.0047,0.0047
244.809,335.9,-2.4306,2.1797,2.0377,-1.469,2.99,480,0,85,111,0.3192,0.2871,SLOWDOWN,PolygonSlow,0.0316,-0.1795,0.0316,0.0095,0.0095
244.908,336.0,-2.4303,2.1806,2.0207,-1.469,2.99,480,0,87,111,0.3195,0.2849,SLOWDOWN,PolygonSlow,0.0316,-0.1282,0.0316,0.0095,0.0095
245.007,336.1,-2.4303,2.1815,2.0122,-1.469,2.99,480,0,87,111,0.3195,0.2838,SLOWDOWN,PolygonSlow,0.0316,-0.1282,0.0316,0.0095,0.0095
245.108,336.2,-2.4305,2.1823,2.0088,-1.469,2.99,480,0,87,111,0.3192,0.2827,SLOWDOWN,PolygonSlow,0.0316,-0.1282,0.0316,0.0095,0.0095
245.211,336.3,-2.4308,2.1832,2.0057,-1.469,2.99,480,0,88,112,0.319,0.2815,SLOWDOWN,PolygonSlow,0.0316,-0.1282,0.0316,0.0095,0.0095
245.312,336.4,-2.431,2.184,2.0025,-1.469,2.99,480,0,88,111,0.3188,0.2811,SLOWDOWN,PolygonSlow,0.0316,-0.1282,0.0316,0.0095,0.0095
245.419,336.5,-2.4313,2.1849,1.9995,-1.469,2.99,480,0,88,112,0.3186,0.2796,SLOWDOWN,PolygonSlow,0.0316,-0.0769,0.0316,0.0095,0.0095
245.543,336.6,-2.4316,2.1859,1.9972,-1.469,2.99,480,0,88,112,0.3183,0.2792,SLOWDOWN,PolygonSlow,0.0316,-0.0769,0.0316,0.0095,0.0095
245.622,336.7,-2.4319,2.1866,1.9957,-1.469,2.99,480,0,89,113,0.318,0.278,SLOWDOWN,PolygonSlow,0.0316,-0.0769,0.0316,0.0095,0.0095
245.73,336.8,-2.4322,2.1877,1.9934,-1.469,2.99,480,0,89,113,0.3177,0.2776,SLOWDOWN,PolygonSlow,0.0316,-0.0769,0.0316,0.0095,0.0095
245.818,336.9,-2.4325,2.1883,1.9918,-1.469,2.99,480,0,89,113,0.3174,0.2765,SLOWDOWN,PolygonSlow,0.0316,-0.0769,0.0316,0.0095,0.0095
245.937,337.0,-2.4328,2.1892,1.9899,-1.469,2.99,480,0,90,114,0.3171,0.2761,SLOWDOWN,PolygonSlow,0.0316,-0.0769,0.0316,0.0095,0.0095
246.03,337.1,-2.4331,2.1901,1.988,-1.469,2.99,480,0,91,113,0.3169,0.275,SLOWDOWN,PolygonSlow,0.0316,-0.0769,0.0316,0.0095,0.0095
246.139,337.2,-2.4333,2.1909,1.9861,-1.469,2.99,480,0,91,113,0.3166,0.2746,SLOWDOWN,PolygonSlow,0.0316,-0.0769,0.0316,0.0095,0.0095
246.238,337.3,-2.4336,2.1918,1.9842,-1.469,2.99,480,0,91,114,0.3163,0.2734,SLOWDOWN,PolygonSlow,0.0316,-0.0769,0.0316,0.0095,0.0095
246.344,337.4,-2.4339,2.1927,1.9822,-1.469,2.99,480,0,92,114,0.3161,0.273,SLOWDOWN,PolygonSlow,0.0316,-0.0769,0.0316,0.0095,0.0095
246.444,337.5,-2.4342,2.1935,1.9803,-1.469,2.99,480,0,92,114,0.3158,0.2719,SLOWDOWN,PolygonSlow,0.0316,-0.0769,0.0316,0.0095,0.0095
246.547,337.6,-2.4345,2.1944,1.9784,-1.469,2.99,480,0,92,114,0.3156,0.2714,SLOWDOWN,PolygonSlow,0.0316,-0.0769,0.0316,0.0095,0.0095
246.646,337.7,-2.4347,2.1953,1.9765,-1.469,2.99,480,0,92,114,0.3153,0.2704,SLOWDOWN,PolygonSlow,0.0316,-0.0769,0.0316,0.0095,0.0095
246.751,337.8,-2.435,2.1962,1.9745,-1.469,2.99,480,0,93,115,0.315,0.2697,SLOWDOWN,PolygonSlow,0.0316,-0.0256,0.0316,0.0095,0.0095
246.849,337.9,-2.4353,2.197,1.9732,-1.469,2.99,480,0,93,115,0.3147,0.2691,SLOWDOWN,PolygonSlow,0.0158,-0.1282,0.0316,0.0095,0.0095
246.949,338.0,-2.4355,2.1977,1.9714,-1.469,2.99,480,0,93,115,0.3145,0.2683,SLOWDOWN,PolygonSlow,0.0316,-0.0256,0.0158,0.0047,0.0047
247.049,338.1,-2.4357,2.1983,1.9694,-1.469,2.99,480,0,94,115,0.3144,0.268,SLOWDOWN,PolygonSlow,0.0158,-0.5897,0.0316,0.0095,0.0095
247.148,338.2,-2.4358,2.199,1.9669,-1.469,2.99,480,0,94,115,0.3142,0.267,SLOWDOWN,PolygonSlow,0.0158,-0.0769,0.0158,0.0047,0.0047
247.249,338.3,-2.4357,2.1995,1.9606,-1.469,2.99,480,0,94,115,0.3143,0.266,SLOWDOWN,PolygonSlow,0.0158,-0.0769,0.0158,0.0047,0.0047
247.349,338.4,-2.4358,2.1999,1.9584,-1.469,2.99,480,0,95,116,0.3142,0.2659,SLOWDOWN,PolygonSlow,0.0158,-0.0769,0.0158,0.0047,0.0047
247.448,338.5,-2.4358,2.2003,1.9564,-1.469,2.99,480,0,95,116,0.3141,0.265,SLOWDOWN,PolygonSlow,0.0158,-0.0769,0.0158,0.0047,0.0047
247.55,338.6,-2.4359,2.2008,1.9545,-1.469,2.99,480,0,95,116,0.314,0.2648,SLOWDOWN,PolygonSlow,0.0158,-0.0769,0.0158,0.0047,0.0047
247.648,338.7,-2.436,2.2012,1.9525,-1.469,2.99,480,0,96,116,0.3139,0.2646,SLOWDOWN,PolygonSlow,0.0158,-0.0769,0.0158,0.0047,0.0047
247.749,338.8,-2.4361,2.2016,1.9505,-1.469,2.99,480,0,96,117,0.3139,0.2637,SLOWDOWN,PolygonSlow,0.0158,-0.0769,0.0158,0.0047,0.0047
247.85,338.9,-2.4361,2.2021,1.9486,-1.469,2.99,480,0,95,117,0.3138,0.2632,SLOWDOWN,PolygonSlow,0.0158,-0.0769,0.0158,0.0047,0.0047
247.95,339.0,-2.4362,2.2025,1.9466,-1.469,2.99,480,0,95,117,0.3137,0.263,SLOWDOWN,PolygonSlow,0.0158,-0.0769,0.0158,0.0047,0.0047
248.048,339.1,-2.4362,2.203,1.9447,-1.469,2.99,480,0,96,117,0.3136,0.2629,SLOWDOWN,PolygonSlow,0.0158,-0.0769,0.0158,0.0047,0.0047
248.148,339.2,-2.4363,2.2034,1.9427,-1.469,2.99,480,0,96,117,0.3136,0.262,SLOWDOWN,PolygonSlow,0.0158,-0.0769,0.0158,0.0047,0.0047
248.248,339.3,-2.4364,2.2039,1.9407,-1.469,2.99,480,0,97,117,0.3135,0.2618,SLOWDOWN,PolygonSlow,0.0,0.0,0.0158,0.0047,0.0047
248.349,339.4,-2.4364,2.2041,1.9397,-1.469,2.99,480,0,97,116,0.3135,0.2617,DO_NOTHING,,0.0158,-0.0769,0.0,0.0,0.0
248.448,339.5,-2.4364,2.2043,1.9388,-1.469,2.99,480,0,97,117,0.3134,0.2616,SLOWDOWN,PolygonSlow,0.0158,-0.0769,0.0158,0.0047,0.0047
248.552,339.6,-2.4365,2.2047,1.9368,-1.469,2.99,480,0,97,117,0.3133,0.2608,SLOWDOWN,PolygonSlow,0.0158,-0.0769,0.0158,0.0047,0.0047
248.652,339.7,-2.4365,2.2052,1.9348,-1.469,2.99,480,0,98,118,0.3133,0.2602,SLOWDOWN,PolygonSlow,0.0158,-0.0769,0.0158,0.0047,0.0047
248.758,339.8,-2.4366,2.2056,1.9335,-1.469,2.99,480,0,98,118,0.3132,0.2601,SLOWDOWN,PolygonSlow,0.0158,-0.0256,0.0158,0.0047,0.0047
248.87,339.9,-2.4368,2.2061,1.9327,-1.469,2.99,480,0,99,118,0.3131,0.2599,SLOWDOWN,PolygonSlow,0.0158,-0.0256,0.0158,0.0047,0.0047
248.958,340.0,-2.4369,2.2065,1.9322,-1.469,2.99,480,0,99,117,0.3129,0.2597,SLOWDOWN,PolygonSlow,0.0158,-0.0256,0.0158,0.0047,0.0047
249.07,340.1,-2.4371,2.207,1.9314,-1.469,2.99,480,0,99,117,0.3128,0.2589,SLOWDOWN,PolygonSlow,0.0158,-0.0256,0.0158,0.0047,0.0047
249.163,340.2,-2.4372,2.2074,1.9309,-1.469,2.99,480,0,99,117,0.3127,0.2587,SLOWDOWN,PolygonSlow,0.0158,-0.0256,0.0158,0.0047,0.0047
249.268,340.3,-2.4373,2.2078,1.9302,-1.469,2.99,480,0,99,117,0.3125,0.2585,SLOWDOWN,PolygonSlow,0.0158,-0.0256,0.0158,0.0047,0.0047
249.366,340.4,-2.4374,2.2083,1.9295,-1.469,2.99,480,0,99,117,0.3124,0.2583,SLOWDOWN,PolygonSlow,0.0158,-0.0256,0.0158,0.0047,0.0047
249.475,340.5,-2.4375,2.2087,1.9289,-1.469,2.99,480,0,100,118,0.3123,0.2582,SLOWDOWN,PolygonSlow,0.0158,-0.0256,0.0158,0.0047,0.0047
249.573,340.6,-2.4377,2.2092,1.9282,-1.469,2.99,480,0,100,118,0.3122,0.2573,SLOWDOWN,PolygonSlow,0.0158,-0.0256,0.0158,0.0047,0.0047
249.682,340.7,-2.4378,2.2096,1.9276,-1.469,2.99,480,0,100,118,0.312,0.2572,SLOWDOWN,PolygonSlow,0.0158,-0.0256,0.0158,0.0047,0.0047
249.781,340.8,-2.4379,2.21,1.9269,-1.469,2.99,480,0,100,118,0.3119,0.2567,SLOWDOWN,PolygonSlow,0.0158,-0.0256,0.0158,0.0047,0.0047
249.884,340.9,-2.438,2.2105,1.9262,-1.469,2.99,480,0,101,119,0.3118,0.2565,SLOWDOWN,PolygonSlow,0.0158,-0.0256,0.0158,0.0047,0.0047
249.986,341.0,-2.4382,2.2109,1.9256,-1.469,2.99,480,0,101,119,0.3116,0.2563,SLOWDOWN,PolygonSlow,0.0158,0.2821,0.0158,0.0047,0.0047
250.085,341.1,-2.4385,2.2114,1.9288,-1.469,2.99,480,0,101,119,0.3113,0.2562,SLOWDOWN,PolygonSlow,0.0158,0.2821,0.0158,0.0047,0.0047
250.183,341.2,-2.4391,2.2118,1.936,-1.469,2.99,480,0,100,118,0.3108,0.2564,SLOWDOWN,PolygonSlow,0.0158,0.2821,0.0158,0.0047,0.0047
250.287,341.3,-2.4397,2.2123,1.9433,-1.469,2.99,480,0,100,119,0.3102,0.2568,SLOWDOWN,PolygonSlow,0.0158,0.2821,0.0158,0.0047,0.0047
250.386,341.4,-2.4402,2.2127,1.9505,-1.469,2.99,480,0,100,119,0.3097,0.2573,SLOWDOWN,PolygonSlow,0.0158,0.2821,0.0158,0.0047,0.0047
250.487,341.5,-2.4408,2.2131,1.9576,-1.469,2.99,480,0,99,118,0.3092,0.2572,SLOWDOWN,PolygonSlow,0.0158,0.2821,0.0158,0.0047,0.0047
250.586,341.6,-2.4414,2.2136,1.9648,-1.469,2.99,480,0,100,118,0.3087,0.2577,SLOWDOWN,PolygonSlow,0.0158,0.2821,0.0158,0.0047,0.0047
250.685,341.7,-2.4419,2.214,1.9719,-1.469,2.99,480,0,100,118,0.308,0.2579,SLOWDOWN,PolygonSlow,0.0158,0.2308,0.0158,0.0047,0.0047
250.786,341.8,-2.4424,2.2145,1.9778,-1.469,2.99,480,0,100,118,0.3074,0.2584,SLOWDOWN,PolygonSlow,0.0158,0.2308,0.0158,0.0047,0.0047
250.888,341.9,-2.4429,2.2149,1.9836,-1.469,2.99,480,0,100,119,0.3069,0.2583,SLOWDOWN,PolygonSlow,0.0158,0.2308,0.0158,0.0047,0.0047
250.985,342.0,-2.4434,2.2153,1.9894,-1.469,2.99,480,0,100,118,0.3064,0.2585,SLOWDOWN,PolygonSlow,0.0158,0.2308,0.0158,0.0047,0.0047
251.086,342.1,-2.4439,2.2158,1.9951,-1.469,2.99,480,0,101,118,0.3059,0.259,SLOWDOWN,PolygonSlow,0.0158,0.2308,0.0158,0.0047,0.0047
251.185,342.2,-2.4443,2.2162,2.0008,-1.469,2.99,480,0,100,119,0.3054,0.2589,SLOWDOWN,PolygonSlow,0.0158,0.2308,0.0158,0.0047,0.0047
251.286,342.3,-2.4448,2.2166,2.0065,-1.469,2.99,480,0,100,118,0.3049,0.2593,SLOWDOWN,PolygonSlow,0.0158,0.2308,0.0158,0.0047,0.0047
251.386,342.4,-2.4453,2.217,2.0122,-1.469,2.99,480,0,99,119,0.3045,0.2592,SLOWDOWN,PolygonSlow,0.0158,0.2308,0.0158,0.0047,0.0047
251.486,342.5,-2.4457,2.2175,2.0179,-1.469,2.99,480,0,100,119,0.304,0.2597,SLOWDOWN,PolygonSlow,0.0158,0.2308,0.0158,0.0047,0.0047
251.585,342.6,-2.4462,2.2179,2.0235,-1.469,2.99,480,0,100,119,0.3036,0.2596,SLOWDOWN,PolygonSlow,0.0158,0.2308,0.0158,0.0047,0.0047
251.687,342.7,-2.4467,2.2183,2.0291,-1.469,2.99,480,0,100,119,0.3032,0.2601,SLOWDOWN,PolygonSlow,0.0158,0.2308,0.0158,0.0047,0.0047
251.787,342.8,-2.4471,2.2187,2.0347,-1.469,2.99,480,0,100,118,0.3027,0.26,SLOWDOWN,PolygonSlow,0.0158,0.2308,0.0158,0.0047,0.0047
251.89,342.9,-2.4476,2.2192,2.0403,-1.469,2.99,480,0,100,118,0.3022,0.2605,SLOWDOWN,PolygonSlow,0.0158,-0.1282,0.0158,0.0047,0.0047
251.99,343.0,-2.4478,2.2196,2.0407,-1.469,2.99,480,0,100,118,0.302,0.2603,SLOWDOWN,PolygonSlow,0.0158,-0.1282,0.0158,0.0047,0.0047
252.096,343.1,-2.4479,2.22,2.0377,-1.469,2.99,480,0,100,118,0.3019,0.2595,SLOWDOWN,PolygonSlow,0.0158,-0.5385,0.0158,0.0047,0.0047
252.209,343.2,-2.4477,2.2205,2.0271,-1.469,2.99,480,0,101,119,0.302,0.2584,SLOWDOWN,PolygonSlow,0.0158,-0.5385,0.0158,0.0047,0.0047
252.297,343.3,-2.4474,2.2209,2.0166,-1.469,2.99,480,0,101,120,0.3023,0.2568,SLOWDOWN,PolygonSlow,0.0158,-0.5385,0.0158,0.0047,0.0047
252.41,343.4,-2.4469,2.2214,2.0008,-1.469,2.99,480,0,101,120,0.3027,0.2555,SLOWDOWN,PolygonSlow,0.0158,-0.4872,0.0158,0.0047,0.0047
252.497,343.5,-2.4466,2.2217,1.9911,-1.469,2.99,480,0,103,120,0.3031,0.2544,SLOWDOWN,PolygonSlow,0.0158,-0.4872,0.0158,0.0047,0.0047
252.606,343.6,-2.4462,2.2222,1.979,-1.469,2.99,480,0,103,120,0.3036,0.2532,SLOWDOWN,PolygonSlow,0.0158,-0.4872,0.0158,0.0047,0.0047
252.705,343.7,-2.4457,2.2226,1.9667,-1.469,2.99,480,0,104,120,0.3042,0.2516,SLOWDOWN,PolygonSlow,0.0158,-0.4872,0.0158,0.0047,0.0047
252.812,343.8,-2.4453,2.223,1.9545,-1.469,2.99,480,0,104,121,0.3048,0.2504,SLOWDOWN,PolygonSlow,0.0158,-0.4359,0.0158,0.0047,0.0047
252.911,343.9,-2.4448,2.2235,1.9434,-1.469,2.99,480,0,105,122,0.3052,0.2492,SLOWDOWN,PolygonSlow,0.0158,-0.4359,0.0158,0.0047,0.0047
253.033,344.0,-2.4443,2.2239,1.9325,-1.469,2.99,480,0,105,121,0.3055,0.2484,SLOWDOWN,PolygonSlow,0.0,-0.0769,0.0,0.0,0.0
253.125,344.1,-2.4441,2.2239,1.9285,-1.469,2.99,480,0,105,121,0.3057,0.248,SLOWDOWN,PolygonSlow,0.0,-0.0769,0.0,0.0,0.0
253.229,344.2,-2.4441,2.2239,1.9277,-1.469,2.99,480,0,106,121,0.3058,0.248,SLOWDOWN,PolygonSlow,0.0,0.2821,0.0,0.0,0.0
253.329,344.3,-2.4444,2.2239,1.9337,-1.469,2.99,480,0,105,121,0.3055,0.2484,SLOWDOWN,PolygonSlow,0.0,0.2821,0.0,0.0,0.0
253.436,344.4,-2.4448,2.2239,1.941,-1.469,2.99,480,0,105,121,0.3052,0.2491,SLOWDOWN,PolygonSlow,0.0,0.2821,0.0,0.0,0.0
253.533,344.5,-2.4452,2.2239,1.9482,-1.469,2.99,480,0,105,121,0.3048,0.2495,SLOWDOWN,PolygonSlow,0.0,0.2821,0.0,0.0,0.0
253.635,344.6,-2.4456,2.2239,1.9554,-1.469,2.99,480,0,105,121,0.3044,0.2501,SLOWDOWN,PolygonSlow,0.0,0.2821,0.0,0.0,0.0
253.732,344.7,-2.446,2.2239,1.9625,-1.469,2.99,480,0,104,120,0.304,0.2508,SLOWDOWN,PolygonSlow,0.0,0.2821,0.0,0.0,0.0
253.833,344.8,-2.4464,2.2239,1.9692,-1.469,2.99,480,0,104,120,0.3036,0.2512,SLOWDOWN,PolygonSlow,0.0,0.2308,0.0,0.0,0.0
253.932,344.9,-2.4467,2.2239,1.9751,-1.469,2.99,480,0,105,120,0.3032,0.2519,SLOWDOWN,PolygonSlow,0.0,0.2308,0.0,0.0,0.0
254.033,345.0,-2.447,2.2239,1.9808,-1.469,2.99,480,0,104,120,0.3028,0.252,SLOWDOWN,PolygonSlow,0.0,0.2308,0.0,0.0,0.0
254.132,345.1,-2.4472,2.2239,1.9866,-1.469,2.99,480,0,104,120,0.3025,0.2526,SLOWDOWN,PolygonSlow,0.0,0.2308,0.0,0.0,0.0
254.231,345.2,-2.4475,2.2239,1.9923,-1.469,2.99,480,0,104,120,0.3022,0.253,SLOWDOWN,PolygonSlow,0.0,0.2308,0.0,0.0,0.0
254.331,345.3,-2.4478,2.2239,1.9981,-1.469,2.99,480,0,103,120,0.3019,0.2537,SLOWDOWN,PolygonSlow,0.0,0.2308,0.0,0.0,0.0
254.432,345.4,-2.4481,2.2239,2.0038,-1.469,2.99,480,0,103,120,0.3016,0.2539,SLOWDOWN,PolygonSlow,0.0,0.2308,0.0,0.0,0.0
254.531,345.5,-2.4484,2.2239,2.0095,-1.469,2.99,480,0,102,120,0.3014,0.2545,SLOWDOWN,PolygonSlow,0.0,0.2308,0.0,0.0,0.0
254.633,345.6,-2.4486,2.2239,2.0151,-1.469,2.99,480,0,103,120,0.3011,0.255,SLOWDOWN,PolygonSlow,0.0,0.2308,0.0,0.0,0.0
254.734,345.7,-2.4489,2.2239,2.0208,-1.469,2.99,480,0,102,120,0.3009,0.2556,SLOWDOWN,PolygonSlow,0.0,0.2308,0.0,0.0,0.0
254.836,345.8,-2.4491,2.2239,2.0264,-1.469,2.99,480,0,102,120,0.3007,0.2561,SLOWDOWN,PolygonSlow,0.0,0.2308,0.0,0.0,0.0
254.934,345.9,-2.4493,2.2239,2.0317,-1.469,2.99,480,0,102,120,0.3004,0.2565,SLOWDOWN,PolygonSlow,0.0,0.1795,0.0,0.0,0.0
255.036,346.0,-2.4495,2.2239,2.036,-1.469,2.99,480,0,102,119,0.3002,0.2571,SLOWDOWN,PolygonSlow,0.0,0.1795,0.0,0.0,0.0
255.137,346.1,-2.4497,2.2239,2.0404,-1.469,2.99,480,0,102,119,0.3,0.2573,SLOWDOWN,PolygonSlow,0.0,0.1795,0.0,0.0,0.0
255.24,346.2,-2.4499,2.2239,2.0447,-1.469,2.99,480,0,102,119,0.2999,0.2579,SLOWDOWN,PolygonSlow,0.0,0.1795,0.0,0.0,0.0
255.34,346.3,-2.4501,2.2239,2.049,-1.469,2.99,480,0,102,119,0.2997,0.2581,SLOWDOWN,PolygonSlow,0.0,0.1795,0.0,0.0,0.0
255.446,346.4,-2.4502,2.2239,2.0533,-1.469,2.99,480,0,101,119,0.2995,0.2587,SLOWDOWN,PolygonSlow,0.0,0.1795,0.0,0.0,0.0
255.56,346.5,-2.4504,2.2239,2.0585,-1.469,2.99,480,0,102,119,0.2993,0.2589,SLOWDOWN,PolygonSlow,0.0,0.1795,0.0,0.0,0.0
255.646,346.6,-2.4506,2.2239,2.0619,-1.469,2.99,480,0,101,120,0.2991,0.2593,SLOWDOWN,PolygonSlow,0.0,0.1795,0.0,0.0,0.0
255.759,346.7,-2.4508,2.2239,2.067,-1.469,2.99,480,0,102,119,0.299,0.2599,SLOWDOWN,PolygonSlow,0.0,0.1795,0.0,0.0,0.0
255.847,346.8,-2.4509,2.2239,2.0704,-1.469,2.99,480,0,101,119,0.2988,0.2601,SLOWDOWN,PolygonSlow,0.0,0.1795,0.0,0.0,0.0
255.96,346.9,-2.451,2.2239,2.0747,-1.469,2.99,480,0,102,119,0.2987,0.2607,SLOWDOWN,PolygonSlow,0.0,0.1795,0.0,0.0,0.0
256.062,347.0,-2.4512,2.2239,2.0789,-1.469,2.99,480,0,101,119,0.2985,0.2609,SLOWDOWN,PolygonSlow,0.0,0.1795,0.0,0.0,0.0
256.167,347.1,-2.4513,2.2239,2.0831,-1.469,2.99,480,0,101,119,0.2984,0.2615,SLOWDOWN,PolygonSlow,0.0,0.1795,0.0,0.0,0.0
256.267,347.2,-2.4515,2.2239,2.0874,-1.469,2.99,480,0,100,120,0.2983,0.2617,SLOWDOWN,PolygonSlow,0.0,0.1282,0.0,0.0,0.0
256.378,347.3,-2.4516,2.2239,2.0907,-1.469,2.99,480,0,100,119,0.2982,0.2623,SLOWDOWN,PolygonSlow,0.0,0.1282,0.0,0.0,0.0
256.475,347.4,-2.4517,2.2239,2.0937,-1.469,2.99,480,0,100,118,0.2981,0.2625,SLOWDOWN,PolygonSlow,0.0,0.1282,0.0,0.0,0.0
256.58,347.5,-2.4518,2.2239,2.0967,-1.469,2.99,480,0,100,119,0.298,0.2626,SLOWDOWN,PolygonSlow,0.0,0.1282,0.0,0.0,0.0
256.679,347.6,-2.4519,2.2239,2.0997,-1.469,2.99,480,0,100,119,0.2979,0.2632,SLOWDOWN,PolygonSlow,0.0,0.1282,0.0,0.0,0.0
256.786,347.7,-2.452,2.2239,2.1027,-1.469,2.99,480,0,100,119,0.2978,0.2633,SLOWDOWN,PolygonSlow,0.0,0.1282,0.0,0.0,0.0
256.884,347.8,-2.4521,2.2239,2.1057,-1.469,2.99,480,0,100,119,0.2977,0.2639,SLOWDOWN,PolygonSlow,0.0,0.1282,0.0,0.0,0.0
256.984,347.9,-2.4521,2.2239,2.1087,-1.469,2.99,480,0,100,119,0.2976,0.2641,SLOWDOWN,PolygonSlow,0.0,0.1282,0.0,0.0,0.0
257.084,348.0,-2.4522,2.2239,2.1116,-1.469,2.99,480,0,100,119,0.2976,0.2642,SLOWDOWN,PolygonSlow,0.0,0.1282,0.0,0.0,0.0
257.187,348.1,-2.4523,2.2239,2.1146,-1.469,2.99,480,0,99,118,0.2975,0.265,SLOWDOWN,PolygonSlow,0.0,0.1282,0.0,0.0,0.0
257.286,348.2,-2.4524,2.2239,2.1175,-1.469,2.99,480,0,100,118,0.2974,0.2652,SLOWDOWN,PolygonSlow,0.0,0.1282,0.0,0.0,0.0
257.386,348.3,-2.4525,2.2239,2.1205,-1.469,2.99,480,0,100,117,0.2974,0.2653,SLOWDOWN,PolygonSlow,0.0,0.1282,0.0,0.0,0.0
257.486,348.4,-2.4526,2.2239,2.1234,-1.469,2.99,480,0,99,118,0.2973,0.2655,SLOWDOWN,PolygonSlow,0.0,0.1282,0.0,0.0,0.0
257.587,348.5,-2.4526,2.2239,2.1264,-1.469,2.99,480,0,100,118,0.2973,0.2661,SLOWDOWN,PolygonSlow,0.0,0.1282,0.0,0.0,0.0
257.688,348.6,-2.4527,2.2239,2.1293,-1.469,2.99,480,0,99,117,0.2972,0.2662,SLOWDOWN,PolygonSlow,0.0,0.1282,0.0,0.0,0.0
257.788,348.7,-2.4528,2.2239,2.1322,-1.469,2.99,480,0,99,118,0.2971,0.2663,SLOWDOWN,PolygonSlow,0.0,0.1282,0.0,0.0,0.0
257.887,348.8,-2.4528,2.2239,2.1352,-1.469,2.99,480,0,99,118,0.297,0.267,SLOWDOWN,PolygonSlow,0.0,0.1282,0.0,0.0,0.0
257.988,348.9,-2.4529,2.2239,2.1381,-1.469,2.99,480,0,99,118,0.297,0.2671,SLOWDOWN,PolygonSlow,0.0,0.1282,0.0,0.0,0.0
258.086,349.0,-2.453,2.2239,2.141,-1.469,2.99,480,0,99,118,0.2969,0.2677,SLOWDOWN,PolygonSlow,0.0,0.1282,0.0,0.0,0.0
258.186,349.1,-2.4531,2.2239,2.1439,-1.469,2.99,480,0,99,118,0.2968,0.2679,SLOWDOWN,PolygonSlow,0.0,0.1282,0.0,0.0,0.0
258.287,349.2,-2.4531,2.2239,2.1468,-1.469,2.99,480,0,99,118,0.2968,0.268,SLOWDOWN,PolygonSlow,0.0,0.0769,0.0,0.0,0.0
258.39,349.3,-2.4532,2.2239,2.1486,-1.469,2.99,480,0,99,118,0.2967,0.2686,SLOWDOWN,PolygonSlow,0.0,0.0769,0.0,0.0,0.0
258.489,349.4,-2.4532,2.2239,2.1504,-1.469,2.99,480,0,99,118,0.2967,0.2687,SLOWDOWN,PolygonSlow,0.0,0.0769,0.0,0.0,0.0
258.593,349.5,-2.4532,2.2239,2.1521,-1.469,2.99,480,0,99,118,0.2967,0.2687,SLOWDOWN,PolygonSlow,0.0,0.0,0.0,0.0,0.0
258.695,349.6,-2.4532,2.2239,2.1525,-1.569,2.94,480,0,99,118,0.2967,0.2688,DO_NOTHING,,0.0,0.0,0.0,0.0,0.0
258.801,349.7,-2.4532,2.2239,2.1526,-1.569,2.94,480,0,99,118,0.2967,0.2688,SLOWDOWN,PolygonSlow,0.0,0.0769,0.0,0.0,0.0
258.916,349.8,-2.4533,2.2239,2.1547,-1.569,2.94,480,0,99,118,0.2966,0.2689,SLOWDOWN,PolygonSlow,0.0,0.0769,0.0,0.0,0.0
259.002,349.9,-2.4533,2.2239,2.1561,-1.569,2.94,480,0,98,119,0.2966,0.2697,SLOWDOWN,PolygonSlow,0.0,0.0769,0.0,0.0,0.0
259.113,350.0,-2.4533,2.2239,2.1582,-1.569,2.94,480,0,99,119,0.2965,0.2698,SLOWDOWN,PolygonSlow,0.0,0.0769,0.0,0.0,0.0
259.202,350.1,-2.4534,2.2239,2.1595,-1.569,2.94,480,0,99,118,0.2965,0.2699,SLOWDOWN,PolygonSlow,0.0,0.0769,0.0,0.0,0.0
259.313,350.2,-2.4534,2.2239,2.1613,-1.569,2.94,480,0,99,118,0.2965,0.27,SLOWDOWN,PolygonSlow,0.0,0.0769,0.0,0.0,0.0
259.41,350.3,-2.4534,2.2239,2.163,-1.569,2.94,480,0,99,118,0.2964,0.27,SLOWDOWN,PolygonSlow,0.0,0.0769,0.0,0.0,0.0
259.519,350.4,-2.4535,2.2239,2.1647,-1.569,2.94,480,0,98,118,0.2964,0.2701,SLOWDOWN,PolygonSlow,0.0,0.0769,0.0,0.0,0.0
259.619,350.5,-2.4535,2.2239,2.1664,-1.569,2.94,480,0,98,119,0.2964,0.2702,SLOWDOWN,PolygonSlow,0.0,0.0769,0.0,0.0,0.0
259.723,350.6,-2.4535,2.2239,2.1681,-1.569,2.94,480,0,99,118,0.2964,0.2708,SLOWDOWN,PolygonSlow,0.0,0.0769,0.0,0.0,0.0
259.822,350.7,-2.4536,2.2239,2.1699,-1.569,2.94,480,0,99,118,0.2963,0.2709,SLOWDOWN,PolygonSlow,0.0,0.0769,0.0,0.0,0.0
259.927,350.8,-2.4536,2.2239,2.1716,-1.569,2.94,480,0,99,118,0.2963,0.271,SLOWDOWN,PolygonSlow,0.0,0.0769,0.0,0.0,0.0
260.025,350.9,-2.4536,2.2239,2.1733,-1.569,2.94,480,0,99,117,0.2962,0.2711,SLOWDOWN,PolygonSlow,0.0,0.0769,0.0,0.0,0.0
260.128,351.0,-2.4536,2.2239,2.175,-1.569,2.94,480,0,98,118,0.2962,0.2717,SLOWDOWN,PolygonSlow,0.0,0.0769,0.0,0.0,0.0
260.225,351.1,-2.4537,2.2239,2.1767,-1.569,2.94,480,0,98,118,0.2961,0.2718,SLOWDOWN,PolygonSlow,0.0,0.0769,0.0,0.0,0.0
260.328,351.2,-2.4537,2.2239,2.1784,-1.569,2.94,480,0,98,118,0.2961,0.2719,SLOWDOWN,PolygonSlow,0.0,0.0769,0.0,0.0,0.0
260.424,351.3,-2.4537,2.2239,2.1801,-1.569,2.94,480,0,98,118,0.296,0.272,SLOWDOWN,PolygonSlow,0.0,0.0769,0.0,0.0,0.0
260.527,351.4,-2.4538,2.2239,2.1818,-1.569,2.94,480,0,98,118,0.296,0.2721,SLOWDOWN,PolygonSlow,0.0,0.0769,0.0,0.0,0.0
260.624,351.5,-2.4538,2.2239,2.1835,-1.569,2.94,480,0,97,117,0.296,0.2727,SLOWDOWN,PolygonSlow,0.0,0.0769,0.0,0.0,0.0
260.727,351.6,-2.4538,2.2239,2.1852,-1.569,2.94,480,0,97,117,0.2959,0.2728,SLOWDOWN,PolygonSlow,0.0,0.0769,0.0,0.0,0.0
260.824,351.7,-2.4538,2.2239,2.1869,-1.569,2.94,480,0,97,117,0.2959,0.2729,SLOWDOWN,PolygonSlow,0.0,0.0769,0.0,0.0,0.0
260.924,351.8,-2.4538,2.2239,2.1886,-1.569,2.94,480,0,97,117,0.2959,0.273,SLOWDOWN,PolygonSlow,0.0,0.0769,0.0,0.0,0.0
261.025,351.9,-2.4539,2.2239,2.1903,-1.569,2.94,480,0,98,117,0.2958,0.2731,SLOWDOWN,PolygonSlow,0.0,0.0769,0.0,0.0,0.0
261.127,352.0,-2.4539,2.2239,2.192,-1.569,2.94,480,0,98,117,0.2958,0.2738,SLOWDOWN,PolygonSlow,0.0,0.0769,0.0,0.0,0.0
261.226,352.1,-2.4539,2.2239,2.1937,-1.569,2.94,480,0,98,117,0.2958,0.2739,SLOWDOWN,PolygonSlow,0.0,0.0769,0.0,0.0,0.0
261.324,352.2,-2.4539,2.2239,2.1953,-1.569,2.94,480,0,97,117,0.2958,0.274,SLOWDOWN,PolygonSlow,0.0,0.0769,0.0,0.0,0.0
261.424,352.3,-2.4539,2.2239,2.197,-1.569,2.94,480,0,97,117,0.2957,0.2741,SLOWDOWN,PolygonSlow,0.0,0.0769,0.0,0.0,0.0
261.524,352.4,-2.454,2.2239,2.1986,-1.569,2.94,480,0,97,117,0.2957,0.2742,SLOWDOWN,PolygonSlow,0.0,0.0769,0.0,0.0,0.0
261.624,352.5,-2.454,2.2238,2.2001,-1.569,2.94,480,0,98,116,0.2957,0.2748,SLOWDOWN,PolygonSlow,0.0,0.0769,0.0,0.0,0.0
261.727,352.6,-2.454,2.2238,2.2017,-1.569,2.94,480,0,98,117,0.2957,0.2749,SLOWDOWN,PolygonSlow,0.0,0.0256,0.0,0.0,0.0
261.826,352.7,-2.454,2.2238,2.2025,-1.569,2.94,480,0,98,117,0.2957,0.275,SLOWDOWN,PolygonSlow,0.0,0.0256,0.0,0.0,0.0
261.933,352.8,-2.454,2.2238,2.203,-1.569,2.94,480,0,98,117,0.2957,0.275,SLOWDOWN,PolygonSlow,0.0,0.0256,0.0,0.0,0.0
262.031,352.9,-2.454,2.2238,2.2035,-1.569,2.94,480,0,97,117,0.2957,0.2751,SLOWDOWN,PolygonSlow,0.0,0.0256,0.0,0.0,0.0
262.138,353.0,-2.454,2.2238,2.2041,-1.569,2.94,480,0,97,117,0.2957,0.2751,SLOWDOWN,PolygonSlow,0.0,0.0256,0.0,0.0,0.0
262.251,353.1,-2.454,2.2238,2.2047,-1.569,2.94,480,0,97,117,0.2957,0.2752,SLOWDOWN,PolygonSlow,0.0,0.0256,0.0,0.0,0.0
262.338,353.2,-2.454,2.2238,2.2051,-1.569,2.94,480,0,97,117,0.2957,0.2752,SLOWDOWN,PolygonSlow,0.0,0.0256,0.0,0.0,0.0
262.449,353.3,-2.454,2.2238,2.2057,-1.569,2.94,480,0,97,117,0.2957,0.2752,SLOWDOWN,PolygonSlow,0.0,0.0256,0.0,0.0,0.0
262.537,353.4,-2.454,2.2238,2.2061,-1.569,2.94,480,0,97,117,0.2957,0.2753,SLOWDOWN,PolygonSlow,0.0,0.0256,0.0,0.0,0.0
262.648,353.5,-2.454,2.2237,2.2067,-1.569,2.94,480,0,97,117,0.2957,0.2753,SLOWDOWN,PolygonSlow,0.0,0.0256,0.0,0.0,0.0
262.748,353.6,-2.454,2.2237,2.2072,-1.569,2.94,480,0,97,117,0.2957,0.2754,SLOWDOWN,PolygonSlow,0.0,0.0256,0.0,0.0,0.0
262.854,353.7,-2.454,2.2237,2.2077,-1.569,2.94,480,0,97,117,0.2957,0.2754,SLOWDOWN,PolygonSlow,0.0,0.0256,0.0,0.0,0.0
262.953,353.8,-2.454,2.2237,2.2082,-1.569,2.94,480,0,97,117,0.2957,0.2757,SLOWDOWN,PolygonSlow,0.0,0.0256,0.0,0.0,0.0
263.061,353.9,-2.454,2.2237,2.2087,-1.569,2.94,480,0,97,117,0.2957,0.276,SLOWDOWN,PolygonSlow,0.0,0.0256,0.0,0.0,0.0
263.158,354.0,-2.454,2.2237,2.2092,-1.569,2.94,480,0,97,116,0.2957,0.276,SLOWDOWN,PolygonSlow,0.0,0.0256,0.0,0.0,0.0
263.262,354.1,-2.454,2.2237,2.2098,-1.569,2.94,480,0,97,117,0.2957,0.2761,SLOWDOWN,PolygonSlow,0.0,0.0256,0.0,0.0,0.0
263.364,354.2,-2.454,2.2237,2.2103,-1.569,2.94,480,0,97,117,0.2957,0.2761,SLOWDOWN,PolygonSlow,0.0,0.0256,0.0,0.0,0.0
263.468,354.3,-2.454,2.2237,2.2108,-1.569,2.94,480,0,97,117,0.2957,0.2762,SLOWDOWN,PolygonSlow,0.0,0.0256,0.0,0.0,0.0
263.565,354.4,-2.454,2.2237,2.2113,-1.569,2.94,480,0,98,117,0.2957,0.2762,SLOWDOWN,PolygonSlow,0.0,0.0256,0.0,0.0,0.0
263.667,354.5,-2.454,2.2237,2.2119,-1.569,2.94,480,0,97,117,0.2957,0.2762,SLOWDOWN,PolygonSlow,0.0,0.0256,0.0,0.0,0.0
263.767,354.6,-2.454,2.2237,2.2124,-1.569,2.94,480,0,97,117,0.2957,0.2763,SLOWDOWN,PolygonSlow,0.0,0.0256,0.0,0.0,0.0
263.866,354.7,-2.454,2.2237,2.2129,-1.569,2.94,480,0,97,117,0.2957,0.2763,SLOWDOWN,PolygonSlow,0.0,0.0256,0.0,0.0,0.0
263.966,354.8,-2.454,2.2237,2.2134,-1.569,2.94,480,0,97,117,0.2957,0.2764,SLOWDOWN,PolygonSlow,0.0,0.0256,0.0,0.0,0.0
264.065,354.9,-2.454,2.2237,2.2139,-1.569,2.94,480,0,97,117,0.2957,0.2764,SLOWDOWN,PolygonSlow,0.0,0.0256,0.0,0.0,0.0
264.166,355.0,-2.454,2.2237,2.2145,-1.569,2.94,480,0,97,117,0.2957,0.2764,SLOWDOWN,PolygonSlow,0.0,0.0256,0.0,0.0,0.0
264.264,355.1,-2.454,2.2237,2.215,-1.569,2.94,480,0,97,117,0.2957,0.2765,SLOWDOWN,PolygonSlow,0.0,0.0256,0.0,0.0,0.0
264.365,355.2,-2.454,2.2236,2.2155,-1.569,2.94,480,0,97,117,0.2957,0.2765,SLOWDOWN,PolygonSlow,0.0,0.0256,0.0,0.0,0.0
264.467,355.3,-2.454,2.2236,2.216,-1.569,2.94,480,0,97,117,0.2957,0.2765,SLOWDOWN,PolygonSlow,0.0,0.0256,0.0,0.0,0.0
264.565,355.4,-2.454,2.2236,2.2166,-1.569,2.94,480,0,97,117,0.2957,0.2766,SLOWDOWN,PolygonSlow,0.0,0.0256,0.0,0.0,0.0
264.668,355.5,-2.454,2.2236,2.2171,-1.569,2.94,480,0,97,117,0.2957,0.2772,SLOWDOWN,PolygonSlow,0.0,0.0256,0.0,0.0,0.0
264.765,355.6,-2.454,2.2236,2.2176,-1.569,2.94,480,0,97,117,0.2957,0.2772,SLOWDOWN,PolygonSlow,0.0,0.0256,0.0,0.0,0.0
264.865,355.7,-2.454,2.2236,2.2181,-1.569,2.94,480,0,97,116,0.2957,0.2773,SLOWDOWN,PolygonSlow,0.0,0.0256,0.0,0.0,0.0
264.966,355.8,-2.454,2.2236,2.2187,-1.569,2.94,480,0,97,116,0.2957,0.2773,SLOWDOWN,PolygonSlow,0.0,0.0256,0.0,0.0,0.0
265.069,355.9,-2.454,2.2236,2.2192,-1.569,2.94,480,0,97,117,0.2957,0.2773,SLOWDOWN,PolygonSlow,0.0,0.0256,0.0,0.0,0.0
265.169,356.0,-2.454,2.2236,2.2197,-1.569,2.94,480,0,97,117,0.2957,0.2774,SLOWDOWN,PolygonSlow,0.0,0.0256,0.0,0.0,0.0
265.272,356.1,-2.454,2.2236,2.2202,-1.569,2.94,480,0,96,117,0.2957,0.2774,SLOWDOWN,PolygonSlow,0.0,0.0256,0.0,0.0,0.0
265.373,356.2,-2.454,2.2236,2.2208,-1.569,2.94,480,0,96,117,0.2957,0.2774,SLOWDOWN,PolygonSlow,0.0,0.0256,0.0,0.0,0.0
265.48,356.3,-2.454,2.2236,2.2213,-1.569,2.94,480,0,96,117,0.2957,0.2775,SLOWDOWN,PolygonSlow,0.0,0.0256,0.0,0.0,0.0
265.591,356.4,-2.454,2.2236,2.2219,-1.569,2.94,480,0,97,117,0.2957,0.2775,SLOWDOWN,PolygonSlow,0.0,0.0256,0.0,0.0,0.0
265.679,356.5,-2.454,2.2236,2.2224,-1.569,2.94,480,0,97,117,0.2957,0.2776,SLOWDOWN,PolygonSlow,0.0,0.0256,0.0,0.0,0.0
265.792,356.6,-2.454,2.2236,2.223,-1.569,2.94,480,0,97,117,0.2957,0.2776,SLOWDOWN,PolygonSlow,0.0,0.0256,0.0,0.0,0.0
265.879,356.7,-2.454,2.2236,2.2234,-1.569,2.94,480,0,97,117,0.2958,0.2776,SLOWDOWN,PolygonSlow,0.0,0.0256,0.0,0.0,0.0
265.989,356.8,-2.454,2.2236,2.2239,-1.569,2.94,480,0,97,117,0.2958,0.2777,SLOWDOWN,PolygonSlow,0.0,0.0256,0.0,0.0,0.0
266.087,356.9,-2.454,2.2236,2.2245,-1.569,2.94,480,0,97,117,0.2958,0.2777,SLOWDOWN,PolygonSlow,0.0,0.0256,0.0,0.0,0.0
266.197,357.0,-2.454,2.2236,2.225,-1.569,2.94,480,0,97,117,0.2958,0.2778,SLOWDOWN,PolygonSlow,0.0,0.0256,0.0,0.0,0.0
266.297,357.1,-2.454,2.2236,2.2255,-1.569,2.94,480,0,97,117,0.2958,0.2779,SLOWDOWN,PolygonSlow,0.0,0.0256,0.0,0.0,0.0
266.402,357.2,-2.454,2.2236,2.2261,-1.569,2.94,480,0,97,117,0.2958,0.2784,SLOWDOWN,PolygonSlow,0.0,0.0256,0.0,0.0,0.0
266.504,357.3,-2.454,2.2236,2.2266,-1.569,2.94,480,0,97,116,0.2958,0.2784,SLOWDOWN,PolygonSlow,0.0,0.0256,0.0,0.0,0.0
266.605,357.4,-2.454,2.2236,2.2271,-1.569,2.94,480,0,97,116,0.2958,0.2785,SLOWDOWN,PolygonSlow,0.0,0.0256,0.0,0.0,0.0
266.703,357.5,-2.454,2.2236,2.2277,-1.569,2.94,480,0,97,116,0.2958,0.2785,SLOWDOWN,PolygonSlow,0.0,0.0256,0.0,0.0,0.0
266.805,357.6,-2.454,2.2236,2.2282,-1.569,2.94,480,0,97,117,0.2958,0.2786,SLOWDOWN,PolygonSlow,0.0,0.0256,0.0,0.0,0.0
266.908,357.7,-2.454,2.2235,2.2287,-1.569,2.94,480,0,96,117,0.2958,0.2786,SLOWDOWN,PolygonSlow,0.0,0.0256,0.0,0.0,0.0
267.005,357.8,-2.454,2.2235,2.2293,-1.569,2.94,480,0,96,117,0.2958,0.2786,SLOWDOWN,PolygonSlow,0.0,0.0256,0.0,0.0,0.0
267.103,357.9,-2.454,2.2235,2.2298,-1.569,2.94,480,0,96,117,0.2958,0.2787,SLOWDOWN,PolygonSlow,0.0,0.0256,0.0,0.0,0.0
267.204,358.0,-2.454,2.2235,2.2303,-1.569,2.94,480,0,96,117,0.2958,0.2787,SLOWDOWN,PolygonSlow,0.0,0.0256,0.0,0.0,0.0
267.303,358.1,-2.454,2.2235,2.2308,-1.569,2.94,480,0,96,117,0.2958,0.2788,SLOWDOWN,PolygonSlow,0.0,0.0256,0.0,0.0,0.0
267.404,358.2,-2.454,2.2235,2.2314,-1.569,2.94,480,0,96,117,0.2958,0.2788,SLOWDOWN,PolygonSlow,0.0,0.0256,0.0,0.0,0.0
267.504,358.3,-2.454,2.2235,2.2319,-1.569,2.94,480,0,96,117,0.2958,0.2788,SLOWDOWN,PolygonSlow,0.0,0.0256,0.0,0.0,0.0
267.603,358.4,-2.454,2.2235,2.2324,-1.569,2.94,480,0,96,117,0.2958,0.2789,SLOWDOWN,PolygonSlow,0.0,0.0256,0.0,0.0,0.0
267.704,358.5,-2.454,2.2235,2.233,-1.569,2.94,480,0,97,117,0.2958,0.2789,SLOWDOWN,PolygonSlow,0.0,0.0256,0.0,0.0,0.0
267.805,358.6,-2.454,2.2235,2.2335,-1.569,2.94,480,0,97,117,0.2958,0.279,SLOWDOWN,PolygonSlow,0.0,0.0256,0.0,0.0,0.0
267.904,358.7,-2.454,2.2235,2.2341,-1.569,2.94,480,0,97,117,0.2958,0.279,SLOWDOWN,PolygonSlow,0.0,0.0256,0.0,0.0,0.0
268.005,358.8,-2.454,2.2235,2.2346,-1.569,2.94,480,0,97,117,0.2958,0.279,SLOWDOWN,PolygonSlow,0.0,0.0256,0.0,0.0,0.0
268.103,358.9,-2.454,2.2235,2.2351,-1.569,2.94,480,0,97,117,0.2958,0.2797,SLOWDOWN,PolygonSlow,0.0,0.0256,0.0,0.0,0.0
268.203,359.0,-2.454,2.2235,2.2357,-1.569,2.94,480,0,97,117,0.2958,0.2797,SLOWDOWN,PolygonSlow,0.0,0.0256,0.0,0.0,0.0
268.305,359.1,-2.454,2.2235,2.2362,-1.569,2.94,480,0,97,117,0.2958,0.2797,SLOWDOWN,PolygonSlow,0.0,0.0256,0.0,0.0,0.0
268.409,359.2,-2.454,2.2235,2.2367,-1.569,2.94,480,0,97,117,0.2958,0.2798,SLOWDOWN,PolygonSlow,0.0,0.0256,0.0,0.0,0.0
268.507,359.3,-2.454,2.2235,2.2373,-1.569,2.94,480,0,97,118,0.2958,0.2798,SLOWDOWN,PolygonSlow,0.0,0.0256,0.0,0.0,0.0
268.61,359.4,-2.454,2.2235,2.2378,-1.569,2.94,480,0,97,118,0.2958,0.2798,SLOWDOWN,PolygonSlow,0.0,0.0256,0.0,0.0,0.0
268.711,359.5,-2.454,2.2235,2.2383,-1.569,2.94,480,0,97,118,0.2958,0.2799,SLOWDOWN,PolygonSlow,0.0,0.0256,0.0,0.0,0.0
268.818,359.6,-2.454,2.2235,2.2389,-1.569,2.94,480,0,97,118,0.2958,0.2799,SLOWDOWN,PolygonSlow,0.0,0.0256,0.0,0.0,0.0
268.939,359.7,-2.454,2.2235,2.2395,-1.569,2.94,480,0,97,117,0.2958,0.28,DO_NOTHING,,0.0,0.0256,0.0,0.0,0.0
269.017,359.8,-2.454,2.2235,2.2396,-1.569,2.94,480,0,97,117,0.2958,0.28,SLOWDOWN,PolygonSlow,0.0,0.0256,0.0,0.0,0.0
269.138,359.9,-2.454,2.2235,2.2403,-1.569,2.94,480,0,97,117,0.2958,0.28,SLOWDOWN,PolygonSlow,0.0,0.0256,0.0,0.0,0.0
269.218,360.0,-2.454,2.2235,2.2407,-1.569,2.94,480,0,97,117,0.2958,0.2801,SLOWDOWN,PolygonSlow,0.0,0.0256,0.0,0.0,0.0
269.328,360.1,-2.454,2.2235,2.2413,-1.569,2.94,480,0,96,117,0.2958,0.2801,SLOWDOWN,PolygonSlow,0.0,0.0256,0.0,0.0,0.0
269.43,360.2,-2.454,2.2235,2.2418,-1.569,2.94,480,0,96,117,0.2958,0.2801,SLOWDOWN,PolygonSlow,0.0,0.0256,0.0,0.0,0.0
269.539,360.3,-2.454,2.2235,2.2423,-1.569,2.94,480,0,96,117,0.2958,0.2802,SLOWDOWN,PolygonSlow,0.0,0.0256,0.0,0.0,0.0
269.638,360.4,-2.454,2.2235,2.2429,-1.569,2.94,480,0,96,117,0.2958,0.2802,SLOWDOWN,PolygonSlow,0.0,0.0256,0.0,0.0,0.0
269.745,360.5,-2.454,2.2235,2.2434,-1.569,2.94,480,0,96,117,0.2958,0.2803,SLOWDOWN,PolygonSlow,0.0,0.0256,0.0,0.0,0.0
269.844,360.6,-2.454,2.2235,2.244,-1.569,2.94,480,0,97,117,0.2958,0.2803,SLOWDOWN,PolygonSlow,0.0,0.0256,0.0,0.0,0.0
269.948,360.7,-2.454,2.2235,2.2445,-1.569,2.94,480,0,97,117,0.2958,0.2806,SLOWDOWN,PolygonSlow,0.0,0.0256,0.0,0.0,0.0
270.049,360.8,-2.454,2.2235,2.245,-1.569,2.94,480,0,97,117,0.2958,0.2807,SLOWDOWN,PolygonSlow,0.0,0.0256,0.0,0.0,0.0
270.149,360.9,-2.454,2.2235,2.2456,-1.569,2.94,480,0,97,117,0.2958,0.2807,SLOWDOWN,PolygonSlow,0.0,0.0256,0.0,0.0,0.0
270.246,361.0,-2.454,2.2235,2.2461,-1.569,2.94,480,0,97,117,0.2958,0.2808,SLOWDOWN,PolygonSlow,0.0,0.0256,0.0,0.0,0.0
270.348,361.1,-2.454,2.2235,2.2467,-1.569,2.94,480,0,97,117,0.2958,0.2808,SLOWDOWN,PolygonSlow,0.0,0.0256,0.0,0.0,0.0
270.449,361.2,-2.454,2.2235,2.2472,-1.569,2.94,480,0,97,117,0.2958,0.2808,SLOWDOWN,PolygonSlow,0.0,1.0,0.0,0.0,0.0
270.549,361.3,-2.454,2.2235,2.2524,-1.569,2.94,480,0,96,116,0.2958,0.2818,SLOWDOWN,PolygonSlow,0.0,1.0,0.0,0.0,0.0
270.647,361.4,-2.454,2.2235,2.2645,-1.569,2.94,480,0,96,117,0.2958,0.2833,SLOWDOWN,PolygonSlow,0.0,1.0,0.0,0.0,0.0
270.746,361.5,-2.454,2.2233,2.2837,-1.569,2.94,480,0,95,117,0.2957,0.286,SLOWDOWN,PolygonSlow,0.0,1.0,0.0,0.0,0.0
270.847,361.6,-2.454,2.223,2.3059,-1.569,2.94,480,0,95,116,0.2958,0.2892,SLOWDOWN,PolygonSlow,0.0,0.9487,0.0,0.0,0.0
270.952,361.7,-2.454,2.2228,2.3276,-1.569,2.94,480,0,94,116,0.2958,0.2918,SLOWDOWN,PolygonSlow,0.0,0.9487,0.0,0.0,0.0
271.05,361.8,-2.454,2.2227,2.3496,-1.569,2.94,480,0,95,116,0.2957,0.2952,SLOWDOWN,PolygonSlow,0.0,0.8974,0.0,0.0,0.0
271.151,361.9,-2.4539,2.2227,2.3708,-1.569,2.94,480,0,94,115,0.2957,0.2975,SLOWDOWN,PolygonSlow,0.0,0.8974,0.0,0.0,0.0
271.251,362.0,-2.4538,2.2227,2.3915,-1.569,2.94,480,0,94,115,0.2958,0.3006,SLOWDOWN,PolygonSlow,0.0,0.8974,0.0,0.0,0.0
271.351,362.1,-2.4535,2.2227,2.4118,-1.569,2.94,480,0,94,114,0.2961,0.3034,SLOWDOWN,PolygonSlow,0.0,0.8462,0.0,0.0,0.0
271.45,362.2,-2.4533,2.2227,2.4306,-1.569,2.94,480,0,93,115,0.2964,0.3062,SLOWDOWN,PolygonSlow,0.0,0.8462,0.0,0.0,0.0
271.551,362.3,-2.4532,2.2227,2.449,-1.569,2.94,480,0,93,114,0.2965,0.3088,SLOWDOWN,PolygonSlow,0.0,0.7949,0.0,0.0,0.0
271.65,362.4,-2.4531,2.2227,2.4661,-1.569,2.94,480,0,94,114,0.2966,0.3113,SLOWDOWN,PolygonSlow,0.0,0.7949,0.0,0.0,0.0
271.753,362.5,-2.4532,2.2227,2.4828,-1.569,2.94,480,0,94,113,0.2964,0.3129,SLOWDOWN,PolygonSlow,0.0,0.7949,0.0,0.0,0.0
271.852,362.6,-2.4533,2.2227,2.4991,-1.569,2.94,480,0,92,114,0.2962,0.3152,SLOWDOWN,PolygonSlow,0.0,0.7436,0.0,0.0,0.0
271.958,362.7,-2.4535,2.2227,2.5142,-1.569,2.94,480,0,92,113,0.296,0.3173,SLOWDOWN,PolygonSlow,0.0,0.7436,0.0,0.0,0.0
272.057,362.8,-2.4538,2.2227,2.5289,-1.569,2.94,480,0,93,113,0.2959,0.3185,SLOWDOWN,PolygonSlow,0.0,0.7436,0.0,0.0,0.0
272.163,362.9,-2.454,2.2227,2.5437,-1.569,2.94,480,0,92,112,0.2956,0.3206,SLOWDOWN,PolygonSlow,0.0,0.6923,0.0,0.0,0.0
272.278,363.0,-2.4542,2.2225,2.5609,-1.569,2.94,480,0,92,111,0.2954,0.3219,SLOWDOWN,PolygonSlow,0.0158,-1.0,0.0158,0.0047,0.0047
272.364,363.1,-2.4545,2.2225,2.5684,-1.569,2.94,480,0,92,111,0.295,0.3227,SLOWDOWN,PolygonSlow,0.0158,-1.0,0.0158,0.0047,0.0047
272.479,363.2,-2.455,2.2228,2.5708,-1.569,2.94,480,0,91,112,0.2946,0.3225,SLOWDOWN,PolygonSlow,0.0158,-1.0,0.0158,0.0047,0.0047
272.563,363.3,-2.4553,2.223,2.5668,-1.569,2.94,480,0,92,112,0.2942,0.3218,SLOWDOWN,PolygonSlow,0.0158,-1.0,0.0158,0.0047,0.0047
272.676,363.4,-2.4556,2.2234,2.5559,-1.569,2.94,480,0,93,112,0.294,0.3199,SLOWDOWN,PolygonSlow,0.0158,-1.0,0.0158,0.0047,0.0047
272.776,363.5,-2.4557,2.2238,2.5385,-1.569,2.94,480,0,93,112,0.294,0.3177,SLOWDOWN,PolygonSlow,0.0158,-1.0,0.0158,0.0047,0.0047
272.889,363.6,-2.4556,2.224,2.5188,-1.569,2.94,480,0,94,113,0.2939,0.3155,SLOWDOWN,PolygonSlow,0.0158,-1.0,0.0158,0.0047,0.0047
272.986,363.7,-2.4559,2.2244,2.4996,-1.569,2.94,480,0,94,114,0.2937,0.3122,SLOWDOWN,PolygonSlow,0.0316,-0.641,0.0316,0.0095,0.0095
273.101,363.8,-2.4564,2.2249,2.4842,-1.569,2.94,480,0,94,114,0.2931,0.3097,SLOWDOWN,PolygonSlow,0.0158,-1.0,0.0158,0.0047,0.0047
273.201,363.9,-2.4569,2.2253,2.4652,-1.569,2.94,480,0,95,115,0.2928,0.3066,SLOWDOWN,PolygonSlow,0.0316,-0.5897,0.0316,0.0095,0.0095
273.312,364.0,-2.4575,2.2258,2.4487,-1.569,2.94,480,0,95,115,0.2922,0.304,SLOWDOWN,PolygonSlow,0.0158,-1.0,0.0158,0.0047,0.0047
273.411,364.1,-2.4581,2.2262,2.4293,-1.569,2.94,480,0,95,115,0.2916,0.3008,SLOWDOWN,PolygonSlow,0.0316,-0.5385,0.0316,0.0095,0.0095
273.525,364.2,-2.459,2.2269,2.4164,-1.569,2.94,480,0,95,116,0.2907,0.2979,SLOWDOWN,PolygonSlow,0.0158,-0.5385,0.0158,0.0095,0.0095
273.621,364.3,-2.4596,2.2273,2.4044,-1.569,2.94,480,0,96,115,0.29,0.2956,SLOWDOWN,PolygonSlow,0.0316,-0.4872,0.0158,0.0047,0.0047
273.726,364.4,-2.4602,2.2278,2.393,-1.569,2.94,480,0,97,115,0.2894,0.2938,SLOWDOWN,PolygonSlow,0.0316,-0.4872,0.0316,0.0095,0.0095
273.826,364.5,-2.461,2.2285,2.3818,-1.569,2.94,480,0,98,117,0.2886,0.2911,SLOWDOWN,PolygonSlow,0.0316,-0.4872,0.0316,0.0095,0.0095
273.928,364.6,-2.4617,2.2291,2.3706,-1.569,2.94,480,0,98,117,0.2879,0.2888,SLOWDOWN,PolygonSlow,0.0316,-0.4359,0.0316,0.0095,0.0095
274.025,364.7,-2.4624,2.2298,2.3601,-1.569,2.94,480,0,98,116,0.2872,0.2863,SLOWDOWN,PolygonSlow,0.0158,-0.4872,0.0158,0.0095,0.0095
274.134,364.8,-2.4629,2.2302,2.349,-1.569,2.94,480,0,98,117,0.2867,0.2844,SLOWDOWN,PolygonSlow,0.0316,-0.4359,0.0158,0.0047,0.0047
274.227,364.9,-2.4633,2.2307,2.338,-1.569,2.94,480,0,99,118,0.2863,0.2824,SLOWDOWN,PolygonSlow,0.0316,-0.4359,0.0316,0.0095,0.0095
274.337,365.0,-2.464,2.2315,2.328,-1.569,2.94,480,0,99,118,0.2857,0.2807,SLOWDOWN,PolygonSlow,0.0316,-0.3846,0.0316,0.0095,0.0095
274.426,365.1,-2.4646,2.2322,2.3184,-1.569,2.94,480,0,100,118,0.2851,0.2781,SLOWDOWN,PolygonSlow,0.0158,-0.4359,0.0158,0.0095,0.0095
274.527,365.2,-2.465,2.2328,2.3088,-1.569,2.94,480,0,101,118,0.2847,0.2766,SLOWDOWN,PolygonSlow,0.0158,-0.4359,0.0158,0.0047,0.0047
274.63,365.3,-2.4653,2.2333,2.299,-1.569,2.94,480,0,102,119,0.2844,0.2749,SLOWDOWN,PolygonSlow,0.0316,-0.3846,0.0316,0.0047,0.0047
274.729,365.4,-2.4659,2.234,2.2902,-1.569,2.94,480,0,102,119,0.2838,0.2731,SLOWDOWN,PolygonSlow,0.0158,-0.3846,0.0158,0.0095,0.0095
274.828,365.5,-2.4663,2.2345,2.2817,-1.569,2.94,480,0,102,119,0.2834,0.2715,SLOWDOWN,PolygonSlow,0.0789,-1.0,0.0789,0.0047,0.0047
274.928,365.6,-2.4674,2.2359,2.2701,-1.569,2.94,480,0,103,120,0.2823,0.2682,SLOWDOWN,PolygonSlow,0.0789,-1.0,0.0789,0.0237,0.0237
275.028,365.7,-2.4689,2.2378,2.2517,-1.569,2.94,480,0,104,120,0.2808,0.2642,SLOWDOWN,PolygonSlow,0.0789,-1.0,0.0789,0.0237,0.0237
275.131,365.8,-2.4704,2.2397,2.2307,-1.569,2.94,480,0,106,121,0.2793,0.2596,SLOWDOWN,PolygonSlow,0.0789,-1.0,0.0789,0.0237,0.0237
275.235,365.9,-2.4718,2.2418,2.2102,-1.569,2.94,480,0,107,122,0.2779,0.2552,SLOWDOWN,PolygonSlow,0.0158,-0.2821,0.0158,0.0047,0.0047
275.339,366.0,-2.4722,2.2426,2.1935,-1.569,2.94,480,0,108,123,0.2775,0.2521,SLOWDOWN,PolygonSlow,0.0158,-0.2821,0.0158,0.0047,0.0047
275.44,366.1,-2.4724,2.243,2.1828,-1.569,2.94,480,0,108,122,0.2773,0.2507,SLOWDOWN,PolygonSlow,0.0789,-1.0,0.0789,0.0237,0.0237
275.546,366.2,-2.4735,2.2448,2.1708,-1.569,2.94,480,0,110,123,0.2762,0.2476,SLOWDOWN,PolygonSlow,0.0789,-1.0,0.0789,0.0237,0.0237
275.657,366.3,-2.4749,2.2473,2.1487,-1.569,2.94,480,0,111,124,0.275,0.2437,SLOWDOWN,PolygonSlow,0.0632,-1.0,0.0632,0.0189,0.0189
275.745,366.4,-2.4757,2.2488,2.1318,-1.569,2.94,480,0,112,125,0.2741,0.2396,SLOWDOWN,PolygonSlow,0.0632,-1.0,0.0632,0.0189,0.0189
275.858,366.5,-2.4763,2.251,2.1046,-1.569,2.94,480,0,114,126,0.2737,0.236,SLOWDOWN,PolygonSlow,0.2211,-1.0,0.1882,0.0564,0.0564
275.945,366.6,-2.4782,2.2552,2.086,-1.569,2.94,480,0,118,128,0.2717,0.2303,SLOWDOWN,PolygonSlow,0.2211,-1.0,0.2211,0.0663,0.0663
276.057,366.7,-2.4806,2.261,2.0623,-1.569,2.94,480,0,120,130,0.2693,0.2243,SLOWDOWN,PolygonSlow,0.2211,-0.8974,0.2211,0.0663,0.0663
276.154,366.8,-2.4828,2.2669,2.0405,-1.569,2.94,480,0,124,131,0.267,0.219,SLOWDOWN,PolygonSlow,0.2211,-0.8974,0.2211,0.0663,0.0663
276.261,366.9,-2.4848,2.2727,2.0193,-1.569,2.94,480,0,128,133,0.265,0.2142,SLOWDOWN,PolygonSlow,0.0,0.2308,0.0961,0.0288,0.0288
276.364,367.0,-2.4854,2.2738,2.0049,-1.569,2.94,480,0,128,134,0.2643,0.2117,SLOWDOWN,PolygonSlow,0.0,0.2308,0.0,0.0,0.0
276.466,367.1,-2.4851,2.2738,1.9976,-1.569,2.94,480,0,129,134,0.2646,0.2111,SLOWDOWN,PolygonSlow,0.0,0.2308,0.0,0.0,0.0
276.564,367.2,-2.4851,2.2738,1.9982,-1.569,2.94,480,0,129,135,0.2646,0.2112,SLOWDOWN,PolygonSlow,0.0,0.2308,0.0,0.0,0.0
276.668,367.3,-2.4854,2.2738,2.0038,-1.569,2.94,480,0,128,134,0.2643,0.2116,SLOWDOWN,PolygonSlow,0.0,0.2308,0.0,0.0,0.0
276.769,367.4,-2.4856,2.2738,2.0095,-1.569,2.94,480,0,128,133,0.2641,0.2121,SLOWDOWN,PolygonSlow,0.0,0.2308,0.0,0.0,0.0
276.874,367.5,-2.4859,2.2738,2.0152,-1.569,2.94,480,0,128,133,0.2638,0.2125,SLOWDOWN,PolygonSlow,0.0,0.2308,0.0,0.0,0.0
276.972,367.6,-2.4861,2.2738,2.0205,-1.569,2.94,480,0,128,133,0.2636,0.2129,SLOWDOWN,PolygonSlow,0.0,0.0,0.0,0.0,0.0
277.076,367.7,-2.4862,2.2738,2.021,-1.569,2.94,480,0,128,133,0.2636,0.213,DO_NOTHING,,0.0,0.0,0.0,0.0,0.0
277.178,367.8,-2.4862,2.2738,2.021,-1.569,2.94,480,0,128,133,0.2636,0.213,DO_NOTHING,,0.0,0.0,0.0,0.0,0.0
277.277,367.9,-2.4862,2.2738,2.021,-1.569,2.94,480,0,128,133,0.2636,0.213,DO_NOTHING,,0.0,0.0,0.0,0.0,0.0
277.377,368.0,-2.4862,2.2738,2.021,-1.569,2.94,480,0,128,133,0.2636,0.213,DO_NOTHING,,0.0,0.0,0.0,0.0,0.0
277.477,368.1,-2.4862,2.2738,2.021,-1.569,2.94,480,0,128,133,0.2636,0.213,DO_NOTHING,,0.0,0.0,0.0,0.0,0.0
277.576,368.2,-2.4862,2.2738,2.021,-1.569,2.94,480,0,128,133,0.2636,0.213,DO_NOTHING,,0.0,0.0,0.0,0.0,0.0
277.676,368.3,-2.4862,2.2738,2.021,-1.569,2.94,480,0,128,133,0.2636,0.213,DO_NOTHING,,0.0,0.0,0.0,0.0,0.0
277.777,368.4,-2.4862,2.2738,2.021,-1.569,2.94,480,0,128,133,0.2636,0.213,DO_NOTHING,,0.0,0.0,0.0,0.0,0.0
277.877,368.5,-2.4862,2.2738,2.021,-1.569,2.94,480,0,128,133,0.2636,0.213,DO_NOTHING,,0.0,0.0,0.0,0.0,0.0
277.977,368.6,-2.4862,2.2738,2.021,-1.569,2.94,480,0,128,133,0.2636,0.213,DO_NOTHING,,0.0,0.0,0.0,0.0,0.0
278.075,368.7,-2.4862,2.2738,2.021,-1.569,2.94,480,0,128,133,0.2636,0.213,DO_NOTHING,,0.0,0.0,0.0,0.0,0.0
278.174,368.8,-2.4862,2.2738,2.021,-1.569,2.94,480,0,128,133,0.2636,0.213,DO_NOTHING,,0.0,0.0,0.0,0.0,0.0
278.274,368.9,-2.4862,2.2738,2.021,-1.569,2.94,480,0,128,133,0.2636,0.213,DO_NOTHING,,0.0,0.0,0.0,0.0,0.0
278.376,369.0,-2.4862,2.2738,2.021,-1.569,2.94,480,0,128,133,0.2636,0.213,DO_NOTHING,,0.0,0.0,0.0,0.0,0.0
278.478,369.1,-2.4862,2.2738,2.021,-1.569,2.94,480,0,128,133,0.2636,0.213,DO_NOTHING,,0.0,0.0,0.0,0.0,0.0
278.58,369.2,-2.4862,2.2738,2.021,-1.569,2.94,480,0,128,133,0.2636,0.213,DO_NOTHING,,0.0,0.0,0.0,0.0,0.0
278.685,369.3,-2.4862,2.2738,2.021,-1.569,2.94,480,0,128,133,0.2636,0.213,DO_NOTHING,,0.0,0.0,0.0,0.0,0.0
278.786,369.4,-2.4862,2.2738,2.021,-1.569,2.94,480,0,128,133,0.2636,0.213,DO_NOTHING,,0.0,0.0,0.0,0.0,0.0
278.891,369.5,-2.4862,2.2738,2.021,-1.569,2.94,480,0,128,133,0.2636,0.213,DO_NOTHING,,0.0,0.0,0.0,0.0,0.0
279.006,369.6,-2.4862,2.2738,2.021,-1.569,2.94,480,0,128,133,0.2636,0.213,DO_NOTHING,,0.0,0.0,0.0,0.0,0.0
279.095,369.7,-2.4862,2.2738,2.021,-1.569,2.94,480,0,128,133,0.2636,0.213,DO_NOTHING,,0.0,0.0,0.0,0.0,0.0
279.211,369.8,-2.4862,2.2738,2.021,-1.569,2.94,480,0,128,133,0.2636,0.213,DO_NOTHING,,0.0,0.0,0.0,0.0,0.0
279.295,369.9,-2.4862,2.2738,2.021,-1.569,2.94,480,0,128,133,0.2636,0.213,DO_NOTHING,,0.0,0.0,0.0,0.0,0.0
279.405,370.0,-2.4862,2.2738,2.021,-1.569,2.94,480,0,128,133,0.2636,0.213,DO_NOTHING,,0.0,0.0,0.0,0.0,0.0
279.507,370.1,-2.4862,2.2738,2.021,-1.569,2.94,480,0,128,133,0.2636,0.213,DO_NOTHING,,0.0,0.0,0.0,0.0,0.0
279.62,370.2,-2.4862,2.2738,2.021,-1.569,2.94,480,0,128,133,0.2636,0.213,DO_NOTHING,,0.0,0.0,0.0,0.0,0.0
279.716,370.3,-2.4862,2.2738,2.021,-1.569,2.94,480,0,128,133,0.2636,0.213,DO_NOTHING,,0.0,0.0,0.0,0.0,0.0
279.823,370.4,-2.4862,2.2738,2.021,-1.569,2.94,480,0,128,133,0.2636,0.213,DO_NOTHING,,0.0,0.0,0.0,0.0,0.0
279.924,370.5,-2.4862,2.2738,2.021,-1.569,2.94,480,0,128,133,0.2636,0.213,DO_NOTHING,,0.0,0.0,0.0,0.0,0.0
280.032,370.6,-2.4862,2.2738,2.021,-1.569,2.94,480,0,128,133,0.2636,0.213,DO_NOTHING,,0.0,0.0,0.0,0.0,0.0
280.131,370.7,-2.4862,2.2738,2.021,-1.569,2.94,480,0,128,133,0.2636,0.213,DO_NOTHING,,0.0,0.0,0.0,0.0,0.0
280.236,370.8,-2.4862,2.2738,2.021,-1.569,2.94,480,0,128,133,0.2636,0.213,DO_NOTHING,,0.0,0.0,0.0,0.0,0.0
280.338,370.9,-2.4862,2.2738,2.021,-1.569,2.94,480,0,128,133,0.2636,0.213,DO_NOTHING,,0.0,0.0,0.0,0.0,0.0
280.439,371.0,-2.4862,2.2738,2.021,-1.569,2.94,480,0,128,133,0.2636,0.213,DO_NOTHING,,0.0,0.0,0.0,0.0,0.0
280.54,371.1,-2.4862,2.2738,2.021,-1.569,2.94,480,0,128,133,0.2636,0.213,DO_NOTHING,,0.0,0.0,0.0,0.0,0.0
280.642,371.2,-2.4862,2.2738,2.021,-1.569,2.94,480,0,128,133,0.2636,0.213,DO_NOTHING,,0.0,0.0,0.0,0.0,0.0
280.742,371.3,-2.4862,2.2738,2.021,-1.569,2.94,480,0,128,133,0.2636,0.213,DO_NOTHING,,0.0,0.0,0.0,0.0,0.0
280.844,371.4,-2.4862,2.2738,2.021,-1.569,2.94,480,0,128,133,0.2636,0.213,DO_NOTHING,,0.0,0.0,0.0,0.0,0.0
280.941,371.5,-2.4862,2.2738,2.021,-1.569,2.94,480,0,128,133,0.2636,0.213,DO_NOTHING,,0.0,0.0,0.0,0.0,0.0
281.04,371.6,-2.4862,2.2738,2.021,-1.569,2.94,480,0,128,133,0.2636,0.213,DO_NOTHING,,0.0,0.0,0.0,0.0,0.0
281.141,371.7,-2.4862,2.2738,2.021,-1.569,2.94,480,0,128,133,0.2636,0.213,DO_NOTHING,,0.0,0.0,0.0,0.0,0.0
281.24,371.8,-2.4862,2.2738,2.021,-1.569,2.94,480,0,128,133,0.2636,0.213,DO_NOTHING,,0.0,0.0,0.0,0.0,0.0
281.341,371.9,-2.4862,2.2738,2.021,-1.569,2.94,480,0,128,133,0.2636,0.213,DO_NOTHING,,0.0,0.0,0.0,0.0,0.0
281.442,372.0,-2.4862,2.2738,2.021,-1.569,2.94,480,0,128,133,0.2636,0.213,DO_NOTHING,,0.0,0.0,0.0,0.0,0.0
281.541,372.1,-2.4862,2.2738,2.021,-1.569,2.94,480,0,128,133,0.2636,0.213,DO_NOTHING,,0.0,0.0,0.0,0.0,0.0
281.642,372.2,-2.4862,2.2738,2.021,-1.569,2.94,480,0,128,133,0.2636,0.213,DO_NOTHING,,0.0,0.0,0.0,0.0,0.0
281.745,372.3,-2.4862,2.2738,2.021,-1.569,2.94,480,0,128,133,0.2636,0.213,DO_NOTHING,,0.0,0.0,0.0,0.0,0.0
281.847,372.4,-2.4862,2.2738,2.021,-1.569,2.94,480,0,128,133,0.2636,0.213,DO_NOTHING,,0.0,0.0,0.0,0.0,0.0
281.949,372.5,-2.4862,2.2738,2.021,-1.569,2.94,480,0,128,133,0.2636,0.213,DO_NOTHING,,0.0,0.0,0.0,0.0,0.0
282.055,372.6,-2.4862,2.2738,2.021,-1.569,2.94,480,0,128,133,0.2636,0.213,DO_NOTHING,,0.0,0.0,0.0,0.0,0.0
282.156,372.7,-2.4862,2.2738,2.021,-1.569,2.94,480,0,128,133,0.2636,0.213,DO_NOTHING,,0.0,0.0,0.0,0.0,0.0
282.264,372.8,-2.4862,2.2738,2.021,-1.569,2.94,480,0,128,133,0.2636,0.213,DO_NOTHING,,0.0,0.0,0.0,0.0,0.0
282.38,372.9,-2.4862,2.2738,2.021,-1.569,2.94,480,0,128,133,0.2636,0.213,DO_NOTHING,,0.0,0.0,0.0,0.0,0.0
282.466,373.0,-2.4862,2.2738,2.021,-1.569,2.94,480,0,128,133,0.2636,0.213,DO_NOTHING,,0.0,0.0,0.0,0.0,0.0
282.578,373.1,-2.4862,2.2738,2.021,-1.569,2.94,480,0,128,133,0.2636,0.213,DO_NOTHING,,0.0,0.0,0.0,0.0,0.0
282.665,373.2,-2.4862,2.2738,2.021,-1.569,2.94,480,0,128,133,0.2636,0.213,DO_NOTHING,,0.0,0.0,0.0,0.0,0.0
282.777,373.3,-2.4862,2.2738,2.021,-1.569,2.94,480,0,128,133,0.2636,0.213,DO_NOTHING,,0.0,0.0,0.0,0.0,0.0
282.877,373.4,-2.4862,2.2738,2.021,-1.569,2.94,480,0,128,133,0.2636,0.213,DO_NOTHING,,0.0,0.0,0.0,0.0,0.0
282.99,373.5,-2.4862,2.2738,2.021,-1.569,2.94,480,0,128,133,0.2636,0.213,DO_NOTHING,,0.0,0.0,0.0,0.0,0.0
283.087,373.6,-2.4862,2.2738,2.021,-1.569,2.94,480,0,128,133,0.2636,0.213,DO_NOTHING,,0.0,0.0,0.0,0.0,0.0
283.195,373.7,-2.4862,2.2738,2.021,-1.569,2.94,480,0,128,133,0.2636,0.213,DO_NOTHING,,0.0,0.0,0.0,0.0,0.0
283.298,373.8,-2.4862,2.2738,2.021,-1.569,2.94,480,0,128,133,0.2636,0.213,DO_NOTHING,,0.0,0.0,0.0,0.0,0.0
283.403,373.9,-2.4862,2.2738,2.021,-1.569,2.94,480,0,128,133,0.2636,0.213,DO_NOTHING,,0.0,0.0,0.0,0.0,0.0
283.503,374.0,-2.4862,2.2738,2.021,-1.569,2.94,480,0,128,133,0.2636,0.213,DO_NOTHING,,0.0,0.0,0.0,0.0,0.0
283.608,374.1,-2.4862,2.2738,2.021,-1.569,2.94,480,0,128,133,0.2636,0.213,DO_NOTHING,,0.0,0.0,0.0,0.0,0.0
283.709,374.2,-2.4862,2.2738,2.021,-1.569,2.94,480,0,128,133,0.2636,0.213,DO_NOTHING,,0.0,0.0,0.0,0.0,0.0
283.812,374.3,-2.4862,2.2738,2.021,-1.569,2.94,480,0,128,133,0.2636,0.213,DO_NOTHING,,0.0,0.0,0.0,0.0,0.0
283.914,374.4,-2.4862,2.2738,2.021,-1.569,2.94,480,0,128,133,0.2636,0.213,DO_NOTHING,,0.0,0.0,0.0,0.0,0.0
284.01,374.5,-2.4862,2.2738,2.021,-1.569,2.94,480,0,128,133,0.2636,0.213,DO_NOTHING,,0.0,0.0,0.0,0.0,0.0
284.112,374.6,-2.4862,2.2738,2.021,-1.569,2.94,480,0,128,133,0.2636,0.213,DO_NOTHING,,0.0,0.0,0.0,0.0,0.0
284.211,374.7,-2.4862,2.2738,2.021,-1.569,2.94,480,0,128,133,0.2636,0.213,DO_NOTHING,,0.0,0.0,0.0,0.0,0.0
284.312,374.8,-2.4862,2.2738,2.021,-1.569,2.94,480,0,128,133,0.2636,0.213,DO_NOTHING,,0.0,0.0,0.0,0.0,0.0
284.407,374.9,-2.4862,2.2738,2.021,-1.569,2.94,480,0,128,133,0.2636,0.213,DO_NOTHING,,0.0,0.0,0.0,0.0,0.0
284.512,375.0,-2.4862,2.2738,2.021,-1.569,2.94,480,0,128,133,0.2636,0.213,DO_NOTHING,,0.0,0.0,0.0,0.0,0.0
284.611,375.1,-2.4862,2.2738,2.021,-1.569,2.94,480,0,128,133,0.2636,0.213,DO_NOTHING,,0.0,0.0,0.0,0.0,0.0
284.712,375.2,-2.4862,2.2738,2.021,-1.569,2.94,480,0,128,133,0.2636,0.213,DO_NOTHING,,0.0,0.0,0.0,0.0,0.0
284.811,375.3,-2.4862,2.2738,2.021,-1.569,2.94,480,0,128,133,0.2636,0.213,DO_NOTHING,,0.0,0.0,0.0,0.0,0.0
284.913,375.4,-2.4862,2.2738,2.021,-1.569,2.94,480,0,128,133,0.2636,0.213,DO_NOTHING,,0.0,0.0,0.0,0.0,0.0
285.014,375.5,-2.4862,2.2738,2.021,-1.569,2.94,480,0,128,133,0.2636,0.213,DO_NOTHING,,0.0,0.0,0.0,0.0,0.0
