t_s,stamp,gt_x,gt_y,gt_yaw,goal_map_x,goal_map_y,n_valid,n_in_stop,n_in_slow,n_in_limit,d_min_base_m,r_min_lidar_m,monitor_action,monitor_polygon,v_nav,w_nav,v_smoothed,v_out,v_wheel
0.011,93.1,-2.0,0.0,-0.0,,,480,0,0,0,0.8217,0.9543,,,,,,,
0.118,93.2,-2.0,0.0,-0.0,,,480,0,0,0,0.8217,0.9543,,,,,,,
0.22,93.3,-2.0,0.0,-0.0,,,480,0,0,0,0.8217,0.9543,,,,,,,
0.328,93.4,-2.0,0.0,-0.0,,,480,0,0,0,0.8217,0.9543,,,,,,,
0.422,93.5,-2.0,0.0,-0.0,,,480,0,0,0,0.8217,0.9543,,,,,,,
0.527,93.6,-2.0,0.0,-0.0,,,480,0,0,0,0.8217,0.9543,,,,,,,
0.627,93.7,-2.0,0.0,-0.0,,,480,0,0,0,0.8217,0.9543,,,,,,,
0.727,93.8,-2.0,0.0,-0.0,,,480,0,0,0,0.8217,0.9543,,,,,,,
0.83,93.9,-2.0,0.0,-0.0,-0.019,-2.21,480,0,0,0,0.8217,0.9543,,,,,,,
0.926,94.0,-1.9994,-0.0002,-0.0039,-0.019,-2.21,480,0,0,0,0.8209,0.9534,,,0.0158,-1.0,0.0158,0.0158,0.0158
1.03,94.1,-1.9978,-0.0016,-0.0356,-0.019,-2.21,480,0,0,0,0.8175,0.9493,,,0.0158,-1.0,0.0158,0.0158,0.0158
1.126,94.2,-1.9962,-0.0046,-0.099,-0.019,-2.21,480,0,0,0,0.8179,0.948,,,0.0158,-1.0,0.0158,0.0158,0.0158
1.227,94.3,-1.9947,-0.0091,-0.1885,-0.019,-2.21,480,0,0,0,0.815,0.9417,,,0.0158,-1.0,0.0158,0.0158,0.0158
1.327,94.4,-1.9936,-0.0149,-0.2804,-0.019,-2.21,480,0,0,0,0.8088,0.9307,,,0.0,-1.0,0.0,0.0,0.0
1.429,94.5,-1.9936,-0.0204,-0.3682,-0.019,-2.21,480,0,0,0,0.8055,0.9215,,,0.0,-1.0,0.0,0.0,0.0
1.528,94.6,-1.9933,-0.0248,-0.4504,-0.019,-2.21,480,0,0,0,0.8016,0.9121,,,0.0158,-1.0,0.0158,0.0158,0.0158
1.628,94.7,-1.9924,-0.0281,-0.5268,-0.019,-2.21,480,0,0,0,0.7996,0.9041,,,0.0,-0.8462,0.0,0.0,0.0
1.727,94.8,-1.992,-0.0303,-0.5896,-0.019,-2.21,480,0,0,0,0.7964,0.8961,,,0.2526,-1.0,0.25,0.125,0.125
1.828,94.9,-1.9825,-0.0399,-0.6512,-0.019,-2.21,480,0,0,0,0.784,0.8783,,,0.2053,-1.0,0.2053,0.2053,0.2053
1.928,95.0,-1.9673,-0.054,-0.7202,-0.019,-2.21,480,0,0,0,0.7672,0.854,,,0.3,-1.0,0.3,0.3,0.3
2.028,95.1,-1.9466,-0.074,-0.7923,-0.019,-2.21,480,0,0,0,0.7362,0.8159,,,0.2842,-0.8974,0.2842,0.2842,0.2842
2.129,95.2,-1.927,-0.0951,-0.8623,-0.019,-2.21,480,0,0,0,0.7063,0.7774,,,0.3,-1.0,0.3,0.3,0.3
2.23,95.3,-1.9083,-0.1182,-0.9313,-0.019,-2.21,480,0,0,0,0.6793,0.7425,,,0.3,-0.9487,0.3,0.3,0.3
2.334,95.4,-1.8912,-0.1416,-0.9942,-0.019,-2.21,480,0,0,0,0.649,0.7039,,,0.3,-0.9487,0.3,0.3,0.3
2.434,95.5,-1.8767,-0.1658,-1.0597,-0.019,-2.21,480,0,0,1,0.6257,0.6698,,,0.3,-1.0,0.3,0.3,0.3
2.543,95.6,-1.8648,-0.1902,-1.1306,-0.019,-2.21,480,0,0,20,0.6046,0.6377,LIMIT,PolygonLimit,0.3,-0.8974,0.3,0.1671,0.1671
2.651,95.7,-1.8554,-0.2066,-1.1824,-0.019,-2.21,480,0,0,33,0.5846,0.61,LIMIT,PolygonLimit,0.3,-0.8974,0.3,0.1671,0.1671
2.74,95.8,-1.8477,-0.2222,-1.2252,-0.019,-2.21,480,0,0,36,0.5701,0.5879,LIMIT,PolygonLimit,0.3,-0.8974,0.3,0.1671,0.1671
2.855,95.9,-1.8411,-0.2426,-1.2759,-0.019,-2.21,480,0,2,38,0.5571,0.5673,LIMIT,PolygonLimit,0.3,-0.7436,0.3,0.2017,0.2017
2.94,96.0,-1.8385,-0.2574,-1.3115,-0.019,-2.21,480,0,0,41,0.5466,0.548,LIMIT,PolygonLimit,0.3,-0.8462,0.3,0.1773,0.1773
3.049,96.1,-1.8366,-0.2754,-1.3571,-0.019,-2.21,480,0,0,44,0.536,0.5275,LIMIT,PolygonLimit,0.3,-0.7436,0.3,0.2017,0.2017
3.15,96.2,-1.8362,-0.296,-1.4045,-0.019,-2.21,480,0,0,48,0.528,0.5085,LIMIT,PolygonLimit,0.3,-0.6923,0.3,0.2167,0.2167
3.258,96.3,-1.8369,-0.3194,-1.4529,-0.019,-2.21,480,0,0,52,0.5192,0.4879,LIMIT,PolygonLimit,0.2842,-0.5385,0.3,0.2543,0.2543
3.361,96.4,-1.8388,-0.3452,-1.5031,-0.019,-2.21,480,0,0,58,0.514,0.4703,LIMIT,PolygonLimit,0.2842,-0.5385,0.2842,0.2639,0.2639
3.461,96.5,-1.842,-0.3734,-1.5536,-0.019,-2.21,480,0,0,65,0.5086,0.4509,DO_NOTHING,,0.3,-0.4872,0.3,0.3,0.3
3.561,96.6,-1.8468,-0.4034,-1.605,-0.019,-2.21,480,0,0,73,0.5061,0.4345,DO_NOTHING,,0.3,-0.3846,0.3,0.3,0.3
3.666,96.7,-1.8524,-0.4333,-1.6498,-0.019,-2.21,480,0,0,80,0.5078,0.4245,DO_NOTHING,,0.3,-0.4359,0.3,0.3,0.3
3.766,96.8,-1.8587,-0.4632,-1.6917,-0.019,-2.21,480,0,0,69,0.5101,0.4147,DO_NOTHING,,0.3,-0.3333,0.3,0.3,0.3
3.866,96.9,-1.8659,-0.4929,-1.7282,-0.019,-2.21,480,0,0,59,0.5158,0.4112,DO_NOTHING,,0.3,-0.2308,0.3,0.3,0.3
3.966,97.0,-1.8731,-0.5224,-1.7542,-0.019,-2.21,480,0,0,54,0.5229,0.4111,DO_NOTHING,,0.3,0.0256,0.3,0.3,0.3
4.065,97.1,-1.8798,-0.5519,-1.7675,-0.019,-2.21,480,0,0,52,0.5296,0.4146,DO_NOTHING,,0.2842,0.0769,0.3,0.3,0.3
4.165,97.2,-1.8851,-0.5803,-1.7622,-0.019,-2.21,480,0,0,52,0.5349,0.4198,DO_NOTHING,,0.2684,0.0769,0.2842,0.2842,0.2842
4.266,97.3,-1.8897,-0.6071,-1.7551,-0.019,-2.21,480,0,0,55,0.5395,0.4249,DO_NOTHING,,0.3,-0.0256,0.3,0.2684,0.2684
4.367,97.4,-1.8949,-0.6356,-1.7538,-0.019,-2.21,480,0,0,54,0.5447,0.4302,DO_NOTHING,,0.3,0.0256,0.3,0.3,0.3
4.464,97.5,-1.9003,-0.6651,-1.7531,-0.019,-2.21,480,0,0,55,0.5501,0.4356,DO_NOTHING,,0.3,-0.0256,0.3,0.3,0.3
4.565,97.6,-1.9058,-0.6946,-1.754,-0.019,-2.21,480,0,0,54,0.5556,0.4411,DO_NOTHING,,0.3,0.0256,0.3,0.3,0.3
4.666,97.7,-1.9112,-0.7241,-1.7531,-0.019,-2.21,480,0,0,53,0.561,0.4465,DO_NOTHING,,0.3,-0.0256,0.3,0.3,0.3
4.764,97.8,-1.9167,-0.7536,-1.754,-0.019,-2.21,480,0,0,47,0.5665,0.452,DO_NOTHING,,0.3,0.0769,0.3,0.3,0.3
4.866,97.9,-1.9219,-0.7831,-1.7505,-0.019,-2.21,480,0,0,40,0.5717,0.4575,DO_NOTHING,,0.3,0.0,0.3,0.3,0.3
4.966,98.0,-1.927,-0.8126,-1.7479,-0.019,-2.21,480,0,0,33,0.5768,0.4627,DO_NOTHING,,0.2842,0.2308,0.2842,0.3,0.3
5.064,98.1,-1.9318,-0.841,-1.7394,-0.019,-2.21,480,0,0,25,0.5815,0.4681,DO_NOTHING,,0.3,0.1795,0.2842,0.2842,0.2842
5.166,98.2,-1.9351,-0.8702,-1.7206,-0.019,-2.21,480,0,0,16,0.585,0.4728,DO_NOTHING,,0.2842,0.1795,0.2842,0.3,0.3
5.266,98.3,-1.9379,-0.8988,-1.7032,-0.019,-2.21,480,0,0,6,0.5878,0.4769,DO_NOTHING,,0.3,0.1282,0.3,0.2842,0.2842
5.368,98.4,-1.9404,-0.9281,-1.6889,-0.019,-2.21,480,0,0,0,0.5901,0.4805,DO_NOTHING,,0.2842,0.1282,0.2842,0.3,0.3
5.469,98.5,-1.9426,-0.9567,-1.6764,-0.019,-2.21,480,0,0,0,0.5923,0.4837,DO_NOTHING,,0.3,0.1795,0.3,0.2842,0.2842
5.569,98.6,-1.9441,-0.9861,-1.66,-0.019,-2.21,480,0,0,0,0.5939,0.4865,DO_NOTHING,,0.2684,0.1795,0.2684,0.3,0.3
5.671,98.7,-1.945,-1.0138,-1.6423,-0.019,-2.21,480,0,0,0,0.5949,0.4888,DO_NOTHING,,0.3,0.1282,0.3,0.2684,0.2684
5.772,98.8,-1.9456,-1.043,-1.6281,-0.019,-2.21,480,0,0,0,0.5975,0.4906,DO_NOTHING,,0.3,0.1795,0.3,0.3,0.3
5.875,98.9,-1.9456,-1.0729,-1.6107,-0.019,-2.21,480,0,0,0,0.6002,0.4921,DO_NOTHING,,0.2842,0.1282,0.2842,0.3,0.3
5.987,99.0,-1.9453,-1.1016,-1.5962,-0.019,-2.21,480,0,0,0,0.6044,0.4933,DO_NOTHING,,0.3,0.0769,0.3,0.3,0.2842
6.075,99.1,-1.945,-1.1313,-1.5869,-0.019,-2.21,480,0,0,0,0.6095,0.4956,DO_NOTHING,,0.2842,0.0,0.2842,0.3,0.3
6.188,99.2,-1.9453,-1.1601,-1.5849,-0.019,-2.21,480,0,0,0,0.6164,0.4992,DO_NOTHING,,0.3,0.0,0.3,0.3,0.3
6.276,99.3,-1.9457,-1.1897,-1.5849,-0.019,-2.21,480,0,0,0,0.6256,0.505,DO_NOTHING,,0.2842,-0.0256,0.2842,0.3,0.3
6.387,99.4,-1.9463,-1.2185,-1.587,-0.019,-2.21,480,0,0,0,0.6359,0.5123,DO_NOTHING,,0.3,-0.0256,0.3,0.2842,0.2842
6.484,99.5,-1.947,-1.248,-1.5895,-0.019,-2.21,480,0,0,0,0.6471,0.5212,DO_NOTHING,,0.2842,-0.0256,0.2842,0.2842,0.2842
6.592,99.6,-1.9478,-1.2764,-1.5921,-0.019,-2.21,480,0,0,0,0.6598,0.5315,DO_NOTHING,,0.3,0.0,0.3,0.3,0.3
6.691,99.7,-1.9485,-1.3062,-1.5924,-0.019,-2.21,480,0,0,0,0.6733,0.5435,DO_NOTHING,,0.2842,0.0256,0.2842,0.2842,0.2842
6.797,99.8,-1.9489,-1.3347,-1.5898,-0.019,-2.21,480,0,0,0,0.6863,0.5553,DO_NOTHING,,0.3,-0.0256,0.3,0.3,0.3
6.895,99.9,-1.9497,-1.3646,-1.5923,-0.019,-2.21,480,0,0,0,0.7098,0.5776,DO_NOTHING,,0.2842,-0.0256,0.2842,0.2842,0.2842
6.998,100.0,-1.9505,-1.3931,-1.5949,-0.019,-2.21,480,0,0,0,0.7727,0.6406,DO_NOTHING,,0.3,0.0256,0.3,0.3,0.3
7.097,100.1,-1.951,-1.423,-1.5924,-0.019,-2.21,480,0,0,0,0.8317,0.6997,DO_NOTHING,,0.3,0.0256,0.3,0.3,0.3
7.199,100.2,-1.9514,-1.453,-1.5897,-0.019,-2.21,480,0,0,0,0.89,0.758,DO_NOTHING,,0.2842,0.0,0.2842,0.2842,0.2842
7.297,100.3,-1.9519,-1.4815,-1.5897,-0.019,-2.21,480,0,0,0,0.949,0.817,DO_NOTHING,,0.3,0.0,0.3,0.3,0.3
7.401,100.4,-1.9525,-1.5114,-1.5897,-0.019,-2.21,480,0,0,0,1.0112,0.8793,DO_NOTHING,,0.2842,-0.0256,0.2842,0.2842,0.2842
7.497,100.5,-1.9533,-1.5399,-1.5923,-0.019,-2.21,480,0,0,0,1.0753,0.9433,DO_NOTHING,,0.3,0.0256,0.3,0.3,0.3
7.597,100.6,-1.9537,-1.5698,-1.5898,-0.019,-2.21,480,0,0,0,1.1327,1.0008,DO_NOTHING,,0.2842,0.0256,0.2842,0.2842,0.2842
7.697,100.7,-1.9539,-1.5983,-1.5872,-0.019,-2.21,480,0,0,0,1.1862,1.0542,DO_NOTHING,,0.3,-0.0256,0.3,0.3,0.3
7.797,100.8,-1.9547,-1.6283,-1.5897,-0.019,-2.21,480,0,0,0,1.2538,1.1219,DO_NOTHING,,0.2842,-0.0769,0.2842,0.2842,0.2842
7.897,100.9,-1.9558,-1.6567,-1.5971,-0.019,-2.21,480,0,0,0,1.7429,1.8306,DO_NOTHING,,0.3,-0.0256,0.3,0.3,0.3
7.997,101.0,-1.9569,-1.6867,-1.5999,-0.019,-2.21,480,0,0,0,1.713,1.8003,DO_NOTHING,,0.3,0.0256,0.3,0.3,0.3
8.099,101.1,-1.9575,-1.7167,-1.5973,-0.019,-2.21,480,0,0,0,1.683,1.7706,DO_NOTHING,,0.2842,0.0256,0.2842,0.2842,0.2842
8.197,101.2,-1.958,-1.7451,-1.5947,-0.019,-2.21,480,0,0,0,1.6546,1.7425,DO_NOTHING,,0.3,-0.0256,0.3,0.3,0.3
8.297,101.3,-1.959,-1.7751,-1.5972,-0.019,-2.21,480,0,0,0,1.6246,1.7122,DO_NOTHING,,0.2842,-0.0769,0.2842,0.2842,0.2842
8.397,101.4,-1.9604,-1.8036,-1.6046,-0.019,-2.21,480,0,0,0,1.5961,1.683,DO_NOTHING,,0.2684,-0.0769,0.2684,0.2684,0.2684
8.498,101.5,-1.962,-1.8305,-1.6124,-0.019,-2.21,480,0,0,0,1.5693,1.6553,DO_NOTHING,,0.2526,-0.0769,0.2526,0.2526,0.2526
8.598,101.6,-1.9638,-1.8557,-1.6201,-0.019,-2.21,480,0,0,0,1.5441,1.6292,DO_NOTHING,,0.2211,0.0769,0.2211,0.2211,0.2211
8.698,101.7,-1.9644,-1.8779,-1.6142,-0.019,-2.21,480,0,0,0,1.5218,1.6077,DO_NOTHING,,0.2053,0.0769,0.2053,0.2053,0.2053
8.797,101.8,-1.9646,-1.8985,-1.6064,-0.019,-2.21,480,0,0,0,1.5012,1.588,DO_NOTHING,,0.1895,0.1282,0.1895,0.2053,0.2053
8.898,101.9,-1.9643,-1.9176,-1.5941,-0.019,-2.21,480,0,0,0,1.4822,1.57,DO_NOTHING,,0.1895,-0.0769,0.1895,0.1895,0.1895
8.999,102.0,-1.9648,-1.9366,-1.5974,-0.019,-2.21,480,0,0,0,1.4632,1.5507,DO_NOTHING,,0.1737,-0.1282,0.1737,0.1737,0.1737
9.099,102.1,-1.9664,-1.954,-1.6101,-0.019,-2.21,480,0,0,0,1.4457,1.532,DO_NOTHING,,0.1579,0.0256,0.1579,0.1579,0.1579
9.203,102.2,-1.967,-1.9698,-1.6095,-0.019,-2.21,480,0,0,0,1.4299,1.5163,DO_NOTHING,,0.1579,0.0769,0.1579,0.1579,0.1579
9.315,102.3,-1.9669,-1.9854,-1.602,-0.019,-2.21,480,0,0,0,1.4143,1.5014,DO_NOTHING,,0.1421,-0.1282,0.1421,0.1421,0.1421
9.403,102.4,-1.968,-1.9995,-1.6111,-0.019,-2.21,480,0,0,0,1.4002,1.4864,DO_NOTHING,,0.1263,-0.0256,0.1263,0.1263,0.1263
9.516,102.5,-1.9688,-2.0121,-1.6142,-0.019,-2.21,480,0,0,0,1.3876,1.4735,DO_NOTHING,,0.1263,-0.1282,0.1263,0.1263,0.1263
9.604,102.6,-1.9703,-2.0246,-1.6268,-0.019,-2.21,480,0,0,0,1.3752,1.4597,DO_NOTHING,,0.1105,-0.0256,0.1105,0.1105,0.1105
9.715,102.7,-1.9712,-2.0356,-1.63,-0.019,-2.21,480,0,0,0,1.3642,1.4483,DO_NOTHING,,0.1105,-0.1282,0.1105,0.1105,0.1105
9.812,102.8,-1.9727,-2.0463,-1.6416,-0.019,-2.21,480,0,0,0,1.3536,1.4364,DO_NOTHING,,0.0947,-0.0256,0.0947,0.0947,0.0947
9.921,102.9,-1.9737,-2.0558,-1.6454,-0.019,-2.21,480,0,0,0,1.3442,1.4265,DO_NOTHING,,0.0947,-0.1282,0.0947,0.0947,0.0947
10.02,103.0,-1.9753,-2.0647,-1.657,-0.019,-2.21,480,0,0,0,1.3354,1.4164,DO_NOTHING,,0.0474,0.0,0.0474,0.0474,0.0474
10.129,103.1,-1.9757,-2.0698,-1.6576,-0.019,-2.21,480,0,0,0,1.3303,1.4112,DO_NOTHING,,0.0789,-0.0769,0.0789,0.0789,0.0789
10.228,103.2,-1.9772,-2.0777,-1.6673,-0.019,-2.21,480,0,0,0,1.3224,1.4023,DO_NOTHING,,0.0789,-0.1282,0.0789,0.0789,0.0789
10.338,103.3,-1.9789,-2.0855,-1.6782,-0.019,-2.21,480,0,0,0,1.3142,1.3933,DO_NOTHING,,0.0789,-0.0769,0.0789,0.0789,0.0789
10.436,103.4,-1.9802,-2.0929,-1.6836,-0.019,-2.21,480,0,0,0,1.3067,1.3852,DO_NOTHING,,0.0632,0.1282,0.0632,0.0632,0.0632
10.539,103.5,-1.9803,-2.0992,-1.6737,-0.019,-2.21,480,0,0,0,1.3007,1.3801,DO_NOTHING,,0.0632,-0.0769,0.0632,0.0632,0.0632
10.637,103.6,-1.9815,-2.1055,-1.6808,-0.019,-2.21,480,0,0,0,1.2942,1.373,DO_NOTHING,,0.0632,-0.0769,0.0632,0.0632,0.0632
10.737,103.7,-1.9827,-2.1111,-1.6887,-0.019,-2.21,480,0,0,0,1.2885,1.3665,DO_NOTHING,,0.0316,-0.1282,0.0316,0.0316,0.0316
10.834,103.8,-1.9839,-2.1147,-1.699,-0.019,-2.21,480,0,0,0,1.2849,1.3618,DO_NOTHING,,0.0474,0.0,0.0474,0.0474,0.0474
10.936,103.9,-1.9846,-2.1194,-1.7009,-0.019,-2.21,480,0,0,0,1.2802,1.3569,DO_NOTHING,,0.0474,-0.0769,0.0474,0.0474,0.0474
11.034,104.0,-1.9858,-2.1241,-1.7084,-0.019,-2.21,480,0,0,0,1.2756,1.3513,DO_NOTHING,,0.0474,-0.0769,0.0474,0.0474,0.0474
11.138,104.1,-1.9871,-2.1288,-1.7159,-0.019,-2.21,480,0,0,0,1.271,1.3458,DO_NOTHING,,0.0474,-0.0769,0.0474,0.0474,0.0474
11.234,104.2,-1.9882,-2.1328,-1.7237,-0.019,-2.21,480,0,0,0,1.2671,1.3409,DO_NOTHING,,0.0158,-0.1282,0.0158,0.0158,0.0158
11.335,104.3,-1.9894,-2.1344,-1.7361,-0.019,-2.21,480,0,0,0,1.2657,1.338,DO_NOTHING,,0.0158,-0.1282,0.0158,0.0158,0.0158
11.433,104.4,-1.9905,-2.1364,-1.7456,-0.019,-2.21,480,0,0,0,1.2636,1.3349,DO_NOTHING,,0.0316,0.1282,0.0316,0.0316,0.0316
11.534,104.5,-1.9906,-2.1395,-1.7373,-0.019,-2.21,480,0,0,0,1.2606,1.3327,DO_NOTHING,,0.0316,0.0,0.0316,0.0316,0.0316
11.636,104.6,-1.9911,-2.1426,-1.7373,-0.019,-2.21,480,0,0,0,1.2575,1.3296,DO_NOTHING,,0.0316,0.0,0.0316,0.0316,0.0316
11.735,104.7,-1.9916,-2.1457,-1.7373,-0.019,-2.21,480,0,0,0,1.2544,1.3265,DO_NOTHING,,0.0316,0.0,0.0316,0.0316,0.0316
11.833,104.8,-1.992,-2.1481,-1.7355,-0.019,-2.21,480,0,0,0,1.252,1.3243,DO_NOTHING,,0.0,1.0,0.0,0.0,0.0
11.935,104.9,-1.9914,-2.1481,-1.7063,-0.019,-2.21,480,0,0,0,1.2516,1.3276,DO_NOTHING,,0.0,1.0,0.0,0.0,0.0
12.035,105.0,-1.9892,-2.1481,-1.6445,-0.019,-2.21,480,0,0,0,1.2518,1.3343,DO_NOTHING,,0.0,1.0,0.0,0.0,0.0
12.134,105.1,-1.9856,-2.1481,-1.5475,-0.005,-2.166,480,0,0,0,1.2516,1.3442,DO_NOTHING,,0.0,1.0,0.0,0.0,0.0
12.235,105.2,-1.9804,-2.1481,-1.4457,-0.005,-2.166,480,0,0,0,1.2519,1.3537,DO_NOTHING,,0.0,1.0,0.0,0.0,0.0
12.34,105.3,-1.9738,-2.1481,-1.3498,-0.005,-2.166,480,0,0,0,1.2518,1.3617,DO_NOTHING,,0.0,1.0,0.0,0.0,0.0
12.439,105.4,-1.9675,-2.1481,-1.259,-0.005,-2.166,480,0,0,0,1.2518,1.3683,DO_NOTHING,,0.0,1.0,0.0,0.0,0.0
12.548,105.5,-1.9625,-2.1481,-1.1748,-0.005,-2.166,480,0,0,0,1.2519,1.293,DO_NOTHING,,0.0,0.9487,0.0,0.0,0.0
12.663,105.6,-1.9584,-2.1481,-1.0867,-0.005,-2.166,480,0,0,0,1.2518,1.2217,DO_NOTHING,,0.0,0.7949,0.0,0.0,0.0
12.745,105.7,-1.9567,-2.1481,-1.0354,-0.005,-2.166,480,0,0,0,1.2518,1.1711,DO_NOTHING,,0.0,0.7949,0.0,0.0,0.0
12.857,105.8,-1.9551,-2.148,-0.9662,-0.005,-2.166,480,0,0,0,1.2519,1.1702,DO_NOTHING,,0.0,0.641,0.0,0.0,0.0
12.949,105.9,-1.9548,-2.1478,-0.9271,-0.005,-2.166,480,0,0,0,1.2522,1.1692,DO_NOTHING,,0.0,0.641,0.0,0.0,0.0
13.055,106.0,-1.9548,-2.1477,-0.8841,-0.005,-2.166,480,0,0,0,1.2523,1.1751,DO_NOTHING,,0.0,0.5897,0.0,0.0,0.0
13.155,106.1,-1.9548,-2.1473,-0.8411,-0.019,-2.21,480,0,0,0,1.2527,1.173,DO_NOTHING,,0.0,0.5385,0.0,0.0,0.0
13.266,106.2,-1.9548,-2.1469,-0.7985,-0.019,-2.21,480,0,0,0,1.2531,1.1773,DO_NOTHING,,0.0,-1.0,0.0,0.0,0.0
13.366,106.3,-1.9548,-2.1469,-0.7655,-0.019,-2.21,480,0,0,0,1.2531,1.1796,DO_NOTHING,,0.0,-1.0,0.0,0.0,0.0
13.475,106.4,-1.9549,-2.1469,-0.7573,-0.019,-2.21,480,0,0,0,1.2532,1.1791,DO_NOTHING,,0.0,-1.0,0.0,0.0,0.0
13.574,106.5,-1.9548,-2.1469,-0.7736,-0.019,-2.21,480,0,0,0,1.2531,1.1802,DO_NOTHING,,0.0,-1.0,0.0,0.0,0.0
13.681,106.6,-1.9548,-2.147,-0.8149,-0.019,-2.21,480,0,0,0,1.253,1.1747,DO_NOTHING,,0.0,-1.0,0.0,0.0,0.0
13.78,106.7,-1.9548,-2.1476,-0.8795,-0.019,-2.21,480,0,0,0,1.2523,1.1719,DO_NOTHING,,0.0,-1.0,0.0,0.0,0.0
13.883,106.8,-1.9548,-2.1479,-0.9485,-0.019,-2.21,480,0,0,0,1.2521,1.1712,DO_NOTHING,,0.0,-1.0,0.0,0.0,0.0
13.979,106.9,-1.9548,-2.1483,-1.0125,-0.019,-2.21,480,0,0,0,1.2517,1.1669,DO_NOTHING,,0.0,-1.0,0.0,0.0,0.0
14.082,107.0,-1.9547,-2.1488,-1.0737,-0.019,-2.21,480,0,0,0,1.2512,1.2005,DO_NOTHING,,0.0,-1.0,0.0,0.0,0.0
14.179,107.1,-1.9543,-2.1493,-1.1427,-0.019,-2.21,480,0,0,0,1.2507,1.2618,DO_NOTHING,,0.0,-1.0,0.0,0.0,0.0
14.278,107.2,-1.9541,-2.1495,-1.2259,-0.019,-2.21,480,0,0,0,1.2504,1.3532,DO_NOTHING,,0.0,-1.0,0.0,0.0,0.0
14.379,107.3,-1.9551,-2.1495,-1.3148,-0.019,-2.21,480,0,0,0,1.2505,1.3629,DO_NOTHING,,0.0,-1.0,0.0,0.0,0.0
14.479,107.4,-1.9576,-2.1495,-1.4086,-0.019,-2.21,480,0,0,0,1.2504,1.3555,DO_NOTHING,,0.0,-1.0,0.0,0.0,0.0
14.577,107.5,-1.9616,-2.1495,-1.5079,-0.019,-2.21,480,0,0,0,1.2506,1.3467,DO_NOTHING,,0.0,-1.0,0.0,0.0,0.0
14.677,107.6,-1.9669,-2.1495,-1.6125,-0.019,-2.21,480,0,0,0,1.2503,1.3363,DO_NOTHING,,0.0,-1.0,0.0,0.0,0.0
14.778,107.7,-1.9737,-2.1495,-1.7132,-0.019,-2.21,480,0,0,0,1.2503,1.3254,DO_NOTHING,,0.0,-1.0,0.0,0.0,0.0
14.879,107.8,-1.9811,-2.1495,-1.8081,-0.019,-2.21,480,0,0,0,1.2506,1.3145,DO_NOTHING,,0.0,-1.0,0.0,0.0,0.0
14.978,107.9,-1.9872,-2.1495,-1.8981,-0.019,-2.21,480,0,0,0,1.2501,1.3036,DO_NOTHING,,0.0,-1.0,0.0,0.0,0.0
15.081,108.0,-1.9921,-2.1495,-1.9835,-0.019,-2.21,480,0,0,0,1.2502,1.2929,DO_NOTHING,,0.0,-1.0,0.0,0.0,0.0
15.179,108.1,-1.9956,-2.1495,-2.0649,-0.019,-2.21,480,0,0,0,1.2503,1.2824,DO_NOTHING,,0.0,-1.0,0.0,0.0,0.0
15.282,108.2,-1.998,-2.1495,-2.1423,-0.019,-2.21,480,0,0,0,1.2503,1.2722,DO_NOTHING,,0.0,-1.0,0.0,0.0,0.0
15.379,108.3,-1.9989,-2.1492,-2.2146,-0.019,-2.21,480,0,0,0,1.2507,1.2628,DO_NOTHING,,0.0,-1.0,0.0,0.0,0.0
15.48,108.4,-1.9989,-2.1491,-2.2853,-0.019,-2.21,480,0,0,0,1.2506,1.2534,DO_NOTHING,,0.0,-1.0,0.0,0.0,0.0
15.579,108.5,-1.9989,-2.1493,-2.3615,-0.019,-2.21,480,0,0,0,1.2504,1.2429,DO_NOTHING,,0.0,-1.0,0.0,0.0,0.0
15.684,108.6,-1.9996,-2.1493,-2.437,-0.019,-2.21,480,0,0,0,1.2506,1.2328,DO_NOTHING,,0.0,-1.0,0.0,0.0,0.0
15.783,108.7,-1.9998,-2.1493,-2.507,-0.019,-2.21,480,0,0,0,1.2504,1.2235,DO_NOTHING,,0.0,-1.0,0.0,0.0,0.0
15.887,108.8,-2.0002,-2.1493,-2.5719,-0.019,-2.21,480,0,0,0,1.2507,1.215,DO_NOTHING,,0.0316,-1.0,0.0316,0.0316,0.0
15.999,108.9,-2.0028,-2.1492,-2.6568,-0.019,-2.21,480,0,0,0,1.2506,1.206,DO_NOTHING,,0.0316,-1.0,0.0316,0.0316,0.0316
16.089,109.0,-2.0051,-2.1482,-2.7199,-0.019,-2.21,480,0,0,0,1.2517,1.1974,DO_NOTHING,,0.0316,-1.0,0.0316,0.0316,0.0316
16.2,109.1,-2.0084,-2.1453,-2.8213,-0.019,-2.21,480,0,0,0,1.2538,1.1896,DO_NOTHING,,0.0,-1.0,0.0,0.0,0.0
16.288,109.2,-2.0086,-2.1433,-2.8921,-0.019,-2.21,480,0,0,0,1.2565,1.1821,DO_NOTHING,,0.0316,-1.0,0.0316,0.0316,0.0316
16.397,109.3,-2.0113,-2.1387,-2.9852,-0.019,-2.21,480,0,0,0,1.2611,1.1766,DO_NOTHING,,0.0158,-0.8974,0.0158,0.0158,0.0158
16.495,109.4,-2.013,-2.1328,-3.0755,-0.019,-2.21,480,0,0,0,1.2673,1.1735,DO_NOTHING,,0.0158,-0.9487,0.0158,0.0158,0.0158
16.604,109.5,-2.0146,-2.1254,3.1086,-0.019,-2.21,480,0,0,0,1.2744,1.1717,DO_NOTHING,,0.0158,-0.8974,0.0158,0.0158,0.0158
16.706,109.6,-2.0161,-2.1175,3.0182,-0.019,-2.21,480,0,0,0,1.2825,1.1722,DO_NOTHING,,0.0158,-0.8462,0.0158,0.0158,0.0158
16.808,109.7,-2.0177,-2.1108,2.9366,-0.019,-2.21,480,0,0,0,1.289,1.173,DO_NOTHING,,0.0158,-0.8462,0.0158,0.0158,0.0158
16.911,109.8,-2.0192,-2.1048,2.8596,-0.019,-2.21,480,0,0,0,1.293,1.1741,DO_NOTHING,,0.0158,-0.7949,0.0158,0.0158,0.0158
17.011,109.9,-2.0209,-2.0998,2.7905,-0.019,-2.21,480,0,0,0,1.2903,1.1754,DO_NOTHING,,0.0474,-0.7949,0.0474,0.0474,0.0474
17.11,110.0,-2.025,-2.0946,2.7255,-0.019,-2.21,480,0,0,0,1.2899,1.1776,DO_NOTHING,,0.0474,-0.6923,0.0474,0.0474,0.0474
17.211,110.1,-2.0292,-2.09,2.6695,-0.019,-2.21,480,0,0,0,1.2887,1.18,DO_NOTHING,,0.0474,-0.641,0.0474,0.0474,0.0474
17.311,110.2,-2.0334,-2.0859,2.619,-0.019,-2.21,480,0,0,0,1.2842,1.1826,DO_NOTHING,,0.0474,-0.5897,0.0474,0.0474,0.0474
17.414,110.3,-2.0374,-2.0822,2.5745,-0.019,-2.21,480,0,0,0,1.2882,1.1864,DO_NOTHING,,0.0474,-0.5385,0.0474,0.0474,0.0474
17.511,110.4,-2.0411,-2.079,2.5358,-0.019,-2.21,480,0,0,0,1.2823,1.1918,DO_NOTHING,,0.0316,-0.3846,0.0316,0.0316,0.0316
17.613,110.5,-2.0434,-2.0773,2.5073,-0.019,-2.21,480,0,0,0,1.2827,1.1965,DO_NOTHING,,0.0,-1.0,0.0,0.0,0.0
17.71,110.6,-2.0437,-2.0773,2.4642,-0.019,-2.21,480,0,0,0,1.2842,1.2031,DO_NOTHING,,0.0,-1.0,0.0,0.0,0.0
17.811,110.7,-2.0438,-2.0773,2.3967,-0.019,-2.21,480,0,0,0,1.2856,1.2186,DO_NOTHING,,0.0,-1.0,0.0,0.0,0.0
17.913,110.8,-2.0439,-2.0771,2.3194,-0.019,-2.21,480,0,0,0,1.2835,1.2449,DO_NOTHING,,0.0,-1.0,0.0,0.0,0.0
18.011,110.9,-2.0439,-2.0765,2.2462,-0.019,-2.21,480,0,0,0,1.2836,1.2793,DO_NOTHING,,0.0,-1.0,0.0,0.0,0.0
18.111,111.0,-2.0439,-2.0762,2.1783,-0.019,-2.21,480,0,0,0,1.281,1.3197,DO_NOTHING,,0.0,-1.0,0.0,0.0,0.0
18.213,111.1,-2.0439,-2.0758,2.1154,-0.019,-2.21,480,0,0,0,1.2805,1.3659,DO_NOTHING,,0.0,-1.0,0.0,0.0,0.0
18.313,111.2,-2.0441,-2.0753,2.0536,-0.019,-2.21,480,0,0,0,1.2821,1.4137,DO_NOTHING,,0.0,-1.0,0.0,0.0,0.0
18.409,111.3,-2.0445,-2.0748,1.9817,-0.019,-2.21,480,0,0,0,1.2851,1.4182,DO_NOTHING,,0.0,0.7436,0.0,0.0,0.0
18.51,111.4,-2.0442,-2.0748,1.9171,-0.019,-2.21,480,0,0,0,1.2822,1.4163,DO_NOTHING,,0.0,0.8462,0.0,0.0,0.0
18.612,111.5,-2.0426,-2.0748,1.8784,-0.019,-2.21,480,0,0,0,1.2794,1.4138,DO_NOTHING,,0.0,0.8974,0.0,0.0,0.0
18.714,111.6,-2.0419,-2.0748,1.8676,-0.019,-2.21,480,0,0,0,1.2841,1.4186,DO_NOTHING,,0.0,0.8974,0.0,0.0,0.0
18.816,111.7,-2.0428,-2.0748,1.8856,-0.019,-2.21,480,0,0,0,1.2819,1.4163,DO_NOTHING,,0.0,0.8974,0.0,0.0,0.0
18.916,111.8,-2.0453,-2.0749,1.9303,-0.019,-2.21,480,0,0,0,1.2803,1.4143,DO_NOTHING,,0.0,0.8974,0.0,0.0,0.0
19.02,111.9,-2.0488,-2.0749,1.9982,-0.019,-2.21,480,0,0,0,1.2864,1.4191,DO_NOTHING,,0.0,0.8462,0.0,0.0,0.0
19.12,112.0,-2.0517,-2.0749,2.0657,-0.019,-2.21,480,0,0,0,1.2877,1.4097,DO_NOTHING,,0.0,0.7436,0.0,0.0,0.0
19.226,112.1,-2.0536,-2.0749,2.1226,-0.019,-2.21,480,0,0,0,1.285,1.3612,DO_NOTHING,,0.0,0.6923,0.0,0.0,0.0
19.338,112.2,-2.0548,-2.075,2.1831,-0.019,-2.21,480,0,0,0,1.2908,1.324,DO_NOTHING,,0.0,0.641,0.0,0.0,0.0
19.427,112.3,-2.055,-2.0752,2.2179,-0.019,-2.21,480,0,0,0,1.2891,1.2962,DO_NOTHING,,0.0,0.5897,0.0,0.0,0.0
19.538,112.4,-2.055,-2.0754,2.2658,-0.019,-2.21,480,0,0,0,1.2871,1.2743,DO_NOTHING,,0.0,0.5385,0.0,0.0,0.0
19.626,112.5,-2.055,-2.0757,2.2973,-0.019,-2.21,480,0,0,0,1.2869,1.2555,DO_NOTHING,,0.0,0.5385,0.0,0.0,0.0
19.739,112.6,-2.055,-2.0762,2.3399,-0.019,-2.21,480,0,0,0,1.291,1.238,DO_NOTHING,,0.0,1.0,0.0,0.0,0.0
19.837,112.7,-2.0549,-2.0762,2.4041,-0.019,-2.21,480,0,0,0,1.2906,1.2176,DO_NOTHING,,0.0,0.9487,0.0,0.0,0.0
19.954,112.8,-2.0549,-2.0759,2.4739,-0.019,-2.21,480,0,0,0,1.2884,1.2027,DO_NOTHING,,0.0158,0.9487,0.0158,0.0158,0.0158
20.058,112.9,-2.0563,-2.075,2.5395,-0.019,-2.21,480,0,0,0,1.2884,1.1955,DO_NOTHING,,0.0,0.7436,0.0158,0.0158,0.0158
20.166,113.0,-2.0573,-2.0742,2.5987,-0.019,-2.21,480,0,0,0,1.2871,1.194,DO_NOTHING,,0.0,0.6923,0.0,0.0,0.0
20.261,113.1,-2.0575,-2.0736,2.6533,-0.019,-2.21,480,0,0,0,1.2897,1.1959,DO_NOTHING,,0.0,0.641,0.0,0.0,0.0
20.376,113.2,-2.0575,-2.0742,2.7069,-0.019,-2.21,480,0,0,0,1.2883,1.1972,DO_NOTHING,,0.0,1.0,0.0,0.0,0.0
20.469,113.3,-2.0576,-2.0762,2.768,-0.019,-2.21,480,0,0,0,1.2893,1.1979,DO_NOTHING,,0.0,0.9487,0.0,0.0,0.0
20.573,113.4,-2.0576,-2.0794,2.8498,-0.019,-2.21,480,0,0,0,1.2966,1.199,DO_NOTHING,,0.0158,0.9487,0.0158,0.0,0.0
20.67,113.5,-2.0587,-2.0843,2.9363,-0.019,-2.21,480,0,0,0,1.2961,1.1994,DO_NOTHING,,0.0474,1.0,0.0474,0.0158,0.0158
20.77,113.6,-2.0624,-2.091,3.0308,-0.019,-2.21,480,0,0,0,1.3034,1.1997,DO_NOTHING,,0.0474,0.8974,0.0474,0.0474,0.0474
20.869,113.7,-2.0672,-2.0988,3.1256,-0.019,-2.21,480,0,0,0,1.3009,1.1998,DO_NOTHING,,0.0316,0.7949,0.0316,0.0474,0.0474
20.969,113.8,-2.0707,-2.1065,-3.0712,-0.019,-2.21,480,0,0,0,1.2935,1.2,DO_NOTHING,,0.0316,0.6923,0.0316,0.0316,0.0316
21.072,113.9,-2.0738,-2.113,-2.9992,-0.019,-2.21,480,0,0,0,1.2867,1.2008,DO_NOTHING,,0.0316,0.6923,0.0316,0.0316,0.0316
21.18,114.0,-2.0769,-2.1187,-2.9329,-0.019,-2.21,480,0,0,0,1.2811,1.2021,DO_NOTHING,,0.0,0.0,0.0,0.0316,0.0316
21.28,114.1,-2.0779,-2.1227,-2.8812,-0.019,-2.21,480,0,0,0,1.277,1.2038,DO_NOTHING,,0.0,0.0,0.0,0.0,0.0
21.38,114.2,-2.0779,-2.1243,-2.8579,-0.019,-2.21,480,0,0,0,1.2753,1.2049,DO_NOTHING,,0.0,1.0,0.0,0.0,0.0
21.479,114.3,-2.0779,-2.1252,-2.8408,-0.019,-2.21,480,0,0,0,1.2746,1.206,DO_NOTHING,,0.0,1.0,0.0,0.0,0.0
21.579,114.4,-2.0778,-2.1275,-2.7961,-0.019,-2.21,480,0,0,0,1.2722,1.2089,DO_NOTHING,,0.0,0.9487,0.0,0.0,0.0
21.679,114.5,-2.0778,-2.1312,-2.7267,-0.019,-2.21,480,0,0,0,1.2686,1.2136,DO_NOTHING,,0.0,0.8974,0.0,0.0,0.0
21.779,114.6,-2.0778,-2.1345,-2.6527,-0.019,-2.21,480,0,0,0,1.2653,1.2195,DO_NOTHING,,0.0632,0.8974,0.0632,0.0,0.0
21.879,114.7,-2.079,-2.1376,-2.5935,-0.019,-2.21,480,0,0,0,1.2622,1.224,DO_NOTHING,,0.0474,0.9487,0.0474,0.0632,0.0632
21.977,114.8,-2.0815,-2.1404,-2.534,-0.019,-2.21,480,0,0,0,1.2594,1.2289,DO_NOTHING,,0.0474,0.7949,0.0474,0.0474,0.0474
22.08,114.9,-2.0846,-2.1432,-2.4767,-0.019,-2.21,480,0,0,0,1.2568,1.2336,DO_NOTHING,,0.0474,0.9487,0.0474,0.0474,0.0474
22.189,115.0,-2.0879,-2.1463,-2.4122,-0.019,-2.21,480,0,0,0,1.2538,1.2392,DO_NOTHING,,0.0474,0.8974,0.0474,0.0474,0.0474
22.29,115.1,-2.0909,-2.1495,-2.3423,-0.019,-2.21,480,0,0,0,1.2503,1.2453,DO_NOTHING,,0.0316,0.7436,0.0316,0.0474,0.0474
22.394,115.2,-2.0933,-2.1523,-2.2822,-0.019,-2.21,480,0,0,0,1.2474,1.2506,DO_NOTHING,,0.0316,0.6923,0.0316,0.0316,0.0316
22.496,115.3,-2.0953,-2.1547,-2.2328,-0.019,-2.21,480,0,0,0,1.2452,1.2548,DO_NOTHING,,0.0789,1.0,0.0789,0.0789,0.0789
22.602,115.4,-2.0996,-2.1602,-2.1725,-0.019,-2.21,480,0,0,0,1.2396,1.2574,DO_NOTHING,,0.0789,0.9487,0.0789,0.0789,0.0789
22.717,115.5,-2.1041,-2.1677,-2.0973,-0.019,-2.21,480,0,0,0,1.2332,1.2594,DO_NOTHING,,0.0632,0.7436,0.0632,0.0632,0.0632
22.801,115.6,-2.1066,-2.1722,-2.0497,-0.019,-2.21,480,0,0,0,1.2276,1.2616,DO_NOTHING,,0.0632,1.0,0.0632,0.0632,0.0632
22.913,115.7,-2.1081,-2.1776,-1.9838,-0.019,-2.21,480,0,0,0,1.222,1.2647,DO_NOTHING,,0.0632,0.9487,0.0632,0.0632,0.0632
23.001,115.8,-2.1074,-2.1834,-1.9037,-0.019,-2.21,480,0,0,0,1.2162,1.269,DO_NOTHING,,0.0474,0.8462,0.0474,0.0474,0.0474
23.109,115.9,-2.1055,-2.188,-1.8275,-0.019,-2.21,480,0,0,0,1.2116,1.2736,DO_NOTHING,,0.0474,0.8462,0.0474,0.0474,0.0474
23.208,116.0,-2.1022,-2.1927,-1.7485,-0.019,-2.21,480,0,0,0,1.2074,1.2783,DO_NOTHING,,0.0474,0.8462,0.0474,0.0474,0.0474
23.316,116.1,-2.0974,-2.1973,-1.6657,-0.019,-2.21,480,0,0,0,1.2027,1.2828,DO_NOTHING,,0.0474,0.8462,0.0474,0.0474,0.0474
23.419,116.2,-2.0911,-2.2019,-1.5789,-0.019,-2.21,480,0,0,0,1.198,1.2873,DO_NOTHING,,0.0316,0.5385,0.0316,0.0316,0.0316
23.52,116.3,-2.0853,-2.2051,-1.5138,-0.019,-2.21,480,0,0,0,1.195,1.2905,DO_NOTHING,,0.0316,0.8462,0.0316,0.0316,0.0316
23.621,116.4,-2.0793,-2.2082,-1.4377,-0.019,-2.21,480,0,0,0,1.1916,1.2942,DO_NOTHING,,0.0316,0.7949,0.0316,0.0316,0.0316
23.726,116.5,-2.0727,-2.2115,-1.3615,-0.019,-2.21,480,0,0,0,1.1882,1.2973,DO_NOTHING,,0.0632,1.0,0.0632,0.0632,0.0632
23.824,116.6,-2.0651,-2.2171,-1.2745,-0.019,-2.21,480,0,0,0,1.1829,1.2982,DO_NOTHING,,0.0632,1.0,0.0632,0.0632,0.0632
23.924,116.7,-2.0577,-2.2231,-1.1875,-0.019,-2.21,480,0,0,0,1.1768,1.2978,DO_NOTHING,,0.0632,1.0,0.0632,0.0632,0.0632
24.027,116.8,-2.052,-2.2279,-1.1082,-0.019,-2.21,480,0,0,0,1.172,1.2972,DO_NOTHING,,0.0,0.641,0.0,0.0,0.0
24.123,116.9,-2.0504,-2.2283,-1.0529,-0.019,-2.21,480,0,0,0,1.1716,1.2851,DO_NOTHING,,0.0,0.5897,0.0,0.0,0.0
24.223,117.0,-2.0491,-2.2283,-1.0089,-0.019,-2.21,480,0,0,0,1.1716,1.2877,DO_NOTHING,,0.0,0.5385,0.0,0.0,0.0
24.333,117.1,-2.0484,-2.2282,-0.9683,-0.019,-2.21,480,0,0,0,1.1718,1.2893,DO_NOTHING,,0.0,0.8462,0.0,0.0,0.0
24.429,117.2,-2.0483,-2.2275,-0.9152,-0.019,-2.21,480,0,0,0,1.1726,1.2925,DO_NOTHING,,0.0,0.7436,0.0,0.0,0.0
24.537,117.3,-2.0483,-2.2272,-0.8573,-0.019,-2.21,480,0,0,0,1.1728,1.2893,DO_NOTHING,,0.0,0.6923,0.0,0.0,0.0
24.638,117.4,-2.0483,-2.2267,-0.8028,-0.019,-2.21,480,0,0,0,1.1734,1.294,DO_NOTHING,,0.0,0.641,0.0,0.0,0.0
24.731,117.5,-2.0484,-2.2266,-0.7505,-0.019,-2.21,480,0,0,0,1.1734,1.2963,DO_NOTHING,,0.0,0.5897,0.0,0.0,0.0
24.83,117.6,-2.0488,-2.2266,-0.7043,-0.019,-2.21,480,0,0,0,1.1734,1.3023,DO_NOTHING,,0.0316,0.9487,0.0,0.0,0.0
24.931,117.7,-2.0482,-2.2273,-0.6596,-0.019,-2.21,480,0,0,0,1.1727,1.3069,DO_NOTHING,,0.0316,0.8974,0.0316,0.0316,0.0316
25.036,117.8,-2.0457,-2.2291,-0.6026,-0.019,-2.21,480,0,0,0,1.1709,1.3043,DO_NOTHING,,0.0316,0.8974,0.0316,0.0316,0.0316
25.132,117.9,-2.043,-2.2308,-0.5461,-0.019,-2.21,480,0,0,0,1.1691,1.3014,DO_NOTHING,,0.0,0.0,0.0316,0.0316,0.0316
25.234,118.0,-2.0407,-2.232,-0.4903,-0.019,-2.21,480,0,0,0,1.1679,1.2986,DO_NOTHING,,0.0,0.0,0.0,0.0,0.0
25.333,118.1,-2.0407,-2.2331,-0.4454,-0.019,-2.21,480,0,0,0,1.1668,1.2959,DO_NOTHING,,0.0,0.0,0.0,0.0,0.0
25.434,118.2,-2.0407,-2.2329,-0.4254,-0.019,-2.21,480,0,0,0,1.1671,1.2954,DO_NOTHING,,0.0,0.0,0.0,0.0,0.0
25.545,118.3,-2.0407,-2.2328,-0.4247,-0.019,-2.21,480,0,0,0,1.1671,1.2954,DO_NOTHING,,0.0,0.0,0.0,0.0,0.0
25.648,118.4,-2.0407,-2.2328,-0.4247,-0.019,-2.21,480,0,0,0,1.1671,1.2954,DO_NOTHING,,0.0,0.0,0.0,0.0,0.0
25.754,118.5,-2.0407,-2.2328,-0.4247,-0.019,-2.21,480,0,0,0,1.1671,1.2954,DO_NOTHING,,0.0,0.0,0.0,0.0,0.0
25.854,118.6,-2.0407,-2.2328,-0.4247,-0.019,-2.21,480,0,0,0,1.1671,1.2954,DO_NOTHING,,0.0,0.0,0.0,0.0,0.0
25.962,118.7,-2.0407,-2.2328,-0.4247,-0.019,-2.21,480,0,0,0,1.1671,1.2954,DO_NOTHING,,0.0,0.0,0.0,0.0,0.0
26.075,118.8,-2.0407,-2.2328,-0.4247,-0.019,-2.21,480,0,0,0,1.1671,1.2954,DO_NOTHING,,0.0,0.0,0.0,0.0,0.0
26.161,118.9,-2.0407,-2.2328,-0.4247,-0.019,-2.21,480,0,0,0,1.1671,1.2954,DO_NOTHING,,0.0,0.0,0.0,0.0,0.0
26.28,119.0,-2.0407,-2.2328,-0.4247,-0.019,-2.21,480,0,0,0,1.1671,1.2954,DO_NOTHING,,0.0,0.0,0.0,0.0,0.0
26.36,119.1,-2.0407,-2.2328,-0.4247,-0.019,-2.21,480,0,0,0,1.1671,1.2954,DO_NOTHING,,0.0,0.0,0.0,0.0,0.0
26.473,119.2,-2.0407,-2.2328,-0.4247,-0.019,-3.01,480,0,0,0,1.1671,1.2954,DO_NOTHING,,0.0,-1.0,0.0,0.0,0.0
26.571,119.3,-2.0407,-2.2332,-0.4337,-0.019,-3.01,480,0,0,0,1.1669,1.2954,DO_NOTHING,,0.0,-1.0,0.0,0.0,0.0
26.687,119.4,-2.0409,-2.2345,-0.4668,-0.019,-3.01,480,0,0,0,1.1655,1.2953,DO_NOTHING,,0.0,-1.0,0.0,0.0,0.0
26.781,119.5,-2.0417,-2.2361,-0.523,-0.019,-3.01,480,0,0,0,1.1639,1.2955,DO_NOTHING,,0.0158,-1.0,0.0158,0.0,0.0
26.906,119.6,-2.0428,-2.2373,-0.5994,-0.019,-3.01,480,0,0,0,1.1629,1.296,DO_NOTHING,,0.2842,-1.0,0.1408,0.1408,0.1408
27.001,119.7,-2.0395,-2.2419,-0.6489,-0.019,-3.01,480,0,0,0,1.1581,1.2922,DO_NOTHING,,0.2526,-1.0,0.2526,0.2526,0.2526
27.118,119.8,-2.0243,-2.2568,-0.7147,-0.019,-3.01,480,0,0,0,1.1432,1.2778,DO_NOTHING,,0.3,-1.0,0.3,0.3,0.3
27.213,119.9,-2.0036,-2.2767,-0.7889,-0.019,-3.01,480,0,0,0,1.1233,1.2576,DO_NOTHING,,0.3,-1.0,0.3,0.3,0.3
27.33,120.0,-1.9832,-2.2987,-0.8646,-0.019,-3.01,480,0,0,0,1.1013,1.2346,DO_NOTHING,,0.3,-1.0,0.3,0.3,0.3
27.421,120.1,-1.9646,-2.322,-0.9347,-0.019,-3.01,480,0,0,0,1.078,1.2098,DO_NOTHING,,0.3,-1.0,0.3,0.3,0.3
27.52,120.2,-1.9478,-2.3453,-1.0014,-0.019,-3.01,480,0,0,0,1.0548,1.1845,DO_NOTHING,,0.2842,-1.0,0.2842,0.2842,0.2842
27.621,120.3,-1.9345,-2.3684,-1.0701,-0.019,-3.01,480,0,0,0,1.0315,1.1586,DO_NOTHING,,0.2842,-0.8462,0.2842,0.2842,0.2842
27.72,120.4,-1.9238,-2.3932,-1.1333,-0.019,-3.01,480,0,0,0,1.0067,1.1307,DO_NOTHING,,0.3,-0.7949,0.3,0.3,0.3
27.823,120.5,-1.9148,-2.42,-1.1963,-0.019,-3.01,480,0,0,0,0.9799,1.1003,DO_NOTHING,,0.3,-0.8462,0.3,0.3,0.3
27.922,120.6,-1.9088,-2.4479,-1.2664,-0.019,-3.01,480,0,0,0,0.9519,1.0679,DO_NOTHING,,0.3,-0.641,0.3,0.3,0.3
28.017,120.7,-1.9045,-2.4768,-1.3244,-0.019,-3.01,480,0,0,0,0.9232,1.0349,DO_NOTHING,,0.3,-0.5385,0.3,0.3,0.3
28.118,120.8,-1.9015,-2.5059,-1.375,-0.019,-3.01,480,0,0,0,0.894,1.0019,DO_NOTHING,,0.2842,-0.6923,0.2842,0.2842,0.2842
28.22,120.9,-1.8998,-2.5341,-1.4401,-0.019,-3.01,480,0,0,0,0.8657,0.9681,DO_NOTHING,,0.3,-0.5385,0.3,0.3,0.3
28.321,121.0,-1.8999,-2.5636,-1.4931,-0.019,-3.01,480,0,0,0,0.8363,0.9339,DO_NOTHING,,0.2684,-0.4872,0.2684,0.2684,0.2684
28.418,121.1,-1.9012,-2.5901,-1.5423,-0.019,-3.01,480,0,0,0,0.8099,0.9027,DO_NOTHING,,0.2526,-0.4359,0.2526,0.2526,0.2526
28.518,121.2,-1.9042,-2.6151,-1.5873,-0.019,-3.01,480,0,0,0,0.7846,0.8733,DO_NOTHING,,0.2368,-0.3846,0.2368,0.2368,0.2368
28.618,121.3,-1.9083,-2.6385,-1.6272,-0.019,-3.01,480,0,0,0,0.7615,0.8458,DO_NOTHING,,0.2211,-0.3846,0.2211,0.2211,0.2211
28.72,121.4,-1.9133,-2.6602,-1.6654,-0.019,-3.01,480,0,0,0,0.7395,0.8199,DO_NOTHING,,0.2053,-0.3333,0.2053,0.2053,0.2053
28.819,121.5,-1.9182,-2.6804,-1.6984,-0.019,-3.01,480,0,0,0,0.7194,0.7962,DO_NOTHING,,0.1895,-0.3333,0.1895,0.1895,0.1895
28.918,121.6,-1.9235,-2.6988,-1.7301,-0.019,-3.01,480,0,0,0,0.7011,0.7741,DO_NOTHING,,0.1737,-0.2821,0.1737,0.1737,0.1737
29.02,121.7,-1.9285,-2.7157,-1.7571,-0.019,-3.01,480,0,0,0,0.6839,0.7542,DO_NOTHING,,0.1579,-0.2821,0.1579,0.1579,0.1579
29.126,121.8,-1.9334,-2.7306,-1.7819,-0.019,-3.01,480,0,0,0,0.6691,0.7365,DO_NOTHING,,0.1421,-0.2308,0.1421,0.1421,0.1421
29.224,121.9,-1.9382,-2.7444,-1.8034,-0.019,-3.01,480,0,0,4,0.6554,0.7201,DO_NOTHING,,0.1421,-0.2308,0.1421,0.1421,0.1421
29.329,122.0,-1.943,-2.7577,-1.8246,-0.019,-3.01,480,0,0,17,0.6422,0.7043,DO_NOTHING,,0.1263,-0.2308,0.1263,0.1263,0.1263
29.439,122.1,-1.9478,-2.7698,-1.8484,-0.019,-3.01,480,0,0,30,0.6298,0.6893,DO_NOTHING,,0.1263,-0.3333,0.1263,0.1263,0.1263
29.529,122.2,-1.9531,-2.7814,-1.8754,-0.019,-3.01,480,0,0,40,0.6183,0.6745,DO_NOTHING,,0.1105,-0.2308,0.1105,0.1105,0.1105
29.641,122.3,-1.9589,-2.794,-1.9024,-0.019,-3.01,480,0,0,49,0.608,0.6613,DO_NOTHING,,0.1105,-0.2821,0.1105,0.1105,0.1105
29.729,122.4,-1.9627,-2.8018,-1.9193,-0.019,-3.01,480,0,0,57,0.5979,0.6487,DO_NOTHING,,0.0947,-0.1795,0.0947,0.0947,0.0947
29.84,122.5,-1.9668,-2.8106,-1.9331,-0.019,-3.01,480,0,0,62,0.5889,0.6381,DO_NOTHING,,0.0947,-0.1282,0.0947,0.0947,0.0947
29.941,122.6,-1.9706,-2.8189,-1.9425,-0.019,-3.01,480,0,0,68,0.5807,0.6286,DO_NOTHING,,0.0789,-0.0769,0.0789,0.0789,0.0789
30.047,122.7,-1.9739,-2.8262,-1.9506,-0.019,-3.01,480,0,0,73,0.5733,0.6203,DO_NOTHING,,0.0789,-0.1282,0.0789,0.0789,0.0789
30.144,122.8,-1.9777,-2.8335,-1.9657,-0.019,-3.01,480,0,0,77,0.5661,0.6111,DO_NOTHING,,0.0789,-0.2308,0.0789,0.0789,0.0789
30.25,122.9,-1.9811,-2.84,-1.9794,-0.019,-3.01,480,0,0,81,0.5598,0.6029,DO_NOTHING,,0.0632,-0.0769,0.0632,0.0632,0.0632
30.35,123.0,-1.9841,-2.8457,-1.9882,-0.019,-3.01,480,0,0,85,0.554,0.596,DO_NOTHING,,0.0632,-0.0769,0.0632,0.0632,0.0632
30.455,123.1,-1.9871,-2.8515,-1.9963,-0.019,-3.01,480,0,0,88,0.5481,0.5892,DO_NOTHING,,0.0632,-0.2308,0.0632,0.0632,0.0632
30.555,123.2,-1.9902,-2.8571,-2.0077,-0.019,-3.01,480,0,0,91,0.5424,0.5821,DO_NOTHING,,0.0474,-0.0256,0.0632,0.0632,0.0632
30.656,123.3,-1.9931,-2.862,-2.0208,-0.019,-3.01,480,0,0,93,0.5375,0.5755,DO_NOTHING,,0.0474,-0.0769,0.0474,0.0474,0.0474
30.759,123.4,-1.9954,-2.8663,-2.0253,-0.019,-3.01,480,0,1,96,0.5333,0.5707,DO_NOTHING,,0.0474,-0.0769,0.0474,0.0474,0.0474
30.852,123.5,-1.9979,-2.8705,-2.0354,-0.019,-3.01,480,0,4,99,0.5291,0.5652,DO_NOTHING,,0.0474,-0.1282,0.0474,0.0474,0.0474
30.952,123.6,-1.9996,-2.8731,-2.0446,-0.019,-3.01,480,0,6,100,0.5266,0.5614,SLOWDOWN,PolygonSlow,0.0474,-0.1282,0.0474,0.0142,0.0142
31.056,123.7,-2.0003,-2.8743,-2.0477,-0.019,-3.01,480,0,6,101,0.5254,0.5597,SLOWDOWN,PolygonSlow,0.0474,-0.1282,0.0474,0.0142,0.0142
31.152,123.8,-2.0011,-2.8756,-2.0508,-0.019,-3.01,480,0,8,101,0.5242,0.5581,SLOWDOWN,PolygonSlow,0.0474,-0.1282,0.0474,0.0142,0.0142
31.253,123.9,-2.0019,-2.8768,-2.0538,-0.019,-3.01,480,0,9,102,0.5229,0.5564,SLOWDOWN,PolygonSlow,0.0474,-0.1282,0.0474,0.0142,0.0142
31.352,124.0,-2.0027,-2.8781,-2.0569,-0.019,-3.01,480,0,9,102,0.5217,0.5548,SLOWDOWN,PolygonSlow,0.0474,-0.1282,0.0474,0.0142,0.0142
31.452,124.1,-2.0034,-2.8794,-2.06,-0.019,-3.01,480,0,10,102,0.5205,0.5531,SLOWDOWN,PolygonSlow,0.0474,-0.1282,0.0474,0.0142,0.0142
31.552,124.2,-2.0042,-2.8806,-2.063,-0.019,-3.01,480,0,11,103,0.5192,0.5515,SLOWDOWN,PolygonSlow,0.0474,-0.1282,0.0474,0.0142,0.0142
31.654,124.3,-2.005,-2.8819,-2.0661,-0.019,-3.01,480,0,12,104,0.5179,0.5498,SLOWDOWN,PolygonSlow,0.0474,-0.1282,0.0474,0.0142,0.0142
31.752,124.4,-2.0058,-2.8831,-2.0691,-0.019,-3.01,480,0,13,104,0.5166,0.5482,SLOWDOWN,PolygonSlow,0.0316,-0.0769,0.0474,0.0142,0.0142
31.852,124.5,-2.0064,-2.8841,-2.0714,-0.019,-3.01,480,0,13,105,0.5156,0.5468,SLOWDOWN,PolygonSlow,0.0316,-0.0769,0.0316,0.0095,0.0095
31.952,124.6,-2.007,-2.8849,-2.0733,-0.019,-3.01,480,0,14,105,0.5148,0.5458,SLOWDOWN,PolygonSlow,0.0316,-0.0769,0.0316,0.0095,0.0095
32.052,124.7,-2.0075,-2.8858,-2.0751,-0.019,-3.01,480,0,14,105,0.514,0.5447,SLOWDOWN,PolygonSlow,0.0316,-0.0769,0.0316,0.0095,0.0095
32.152,124.8,-2.008,-2.8866,-2.0769,-0.019,-3.01,480,0,15,107,0.5131,0.5436,SLOWDOWN,PolygonSlow,0.0316,-0.0769,0.0316,0.0095,0.0095
32.254,124.9,-2.0085,-2.8874,-2.0787,-0.019,-3.01,480,0,16,107,0.5123,0.5426,SLOWDOWN,PolygonSlow,0.0316,-0.0769,0.0316,0.0095,0.0095
32.354,125.0,-2.0091,-2.8883,-2.0805,-0.019,-3.01,480,0,16,107,0.5115,0.5415,SLOWDOWN,PolygonSlow,0.0316,-0.0769,0.0316,0.0095,0.0095
32.458,125.1,-2.0096,-2.8891,-2.0823,-0.019,-3.01,480,0,17,107,0.5106,0.5405,SLOWDOWN,PolygonSlow,0.0316,-0.0769,0.0316,0.0095,0.0095
32.558,125.2,-2.0101,-2.8899,-2.0842,-0.019,-3.01,480,0,17,108,0.5098,0.5394,SLOWDOWN,PolygonSlow,0.0316,-0.0769,0.0316,0.0095,0.0095
32.664,125.3,-2.0106,-2.8907,-2.086,-0.019,-3.01,480,0,17,109,0.509,0.5383,SLOWDOWN,PolygonSlow,0.0316,-0.0769,0.0316,0.0095,0.0095
32.78,125.4,-2.0113,-2.8917,-2.0881,-0.019,-3.01,480,0,19,109,0.5081,0.5373,SLOWDOWN,PolygonSlow,0.0316,-0.0769,0.0316,0.0095,0.0095
32.864,125.5,-2.0117,-2.8924,-2.0896,-0.019,-3.01,480,0,19,109,0.5073,0.5362,SLOWDOWN,PolygonSlow,0.0316,-0.0769,0.0316,0.0095,0.0095
32.977,125.6,-2.0123,-2.8934,-2.0917,-0.019,-3.01,480,0,19,110,0.5065,0.5351,SLOWDOWN,PolygonSlow,0.0316,-0.0769,0.0316,0.0095,0.0095
33.064,125.7,-2.0127,-2.894,-2.0932,-0.019,-3.01,480,0,20,110,0.5057,0.5341,SLOWDOWN,PolygonSlow,0.0316,-0.0769,0.0316,0.0095,0.0095
33.174,125.8,-2.0133,-2.8948,-2.095,-0.019,-3.01,480,0,20,110,0.5049,0.533,SLOWDOWN,PolygonSlow,0.0316,-0.0769,0.0316,0.0095,0.0095
33.272,125.9,-2.0138,-2.8957,-2.0968,-0.019,-3.01,480,0,21,111,0.504,0.532,SLOWDOWN,PolygonSlow,0.0316,-0.0769,0.0316,0.0095,0.0095
33.381,126.0,-2.0143,-2.8965,-2.0986,-0.019,-3.01,480,0,21,112,0.5032,0.5309,SLOWDOWN,PolygonSlow,0.0316,-0.0769,0.0316,0.0095,0.0095
33.478,126.1,-2.0149,-2.8973,-2.1004,-0.019,-3.01,480,0,22,112,0.5024,0.5299,SLOWDOWN,PolygonSlow,0.0316,-0.1282,0.0316,0.0095,0.0095
33.584,126.2,-2.0154,-2.8981,-2.1031,-0.019,-3.01,480,0,23,112,0.5016,0.5287,SLOWDOWN,PolygonSlow,0.0316,-0.1282,0.0316,0.0095,0.0095
33.684,126.3,-2.016,-2.8989,-2.1061,-0.019,-3.01,480,0,23,113,0.5008,0.5275,SLOWDOWN,PolygonSlow,0.0316,-0.1282,0.0316,0.0095,0.0095
33.788,126.4,-2.0166,-2.8997,-2.109,-0.019,-3.01,480,0,23,113,0.5,0.5263,SLOWDOWN,PolygonSlow,0.0474,0.1282,0.0474,0.0142,0.0142
33.886,126.5,-2.0173,-2.901,-2.1077,-0.019,-3.01,480,0,24,114,0.4988,0.5252,SLOWDOWN,PolygonSlow,0.0474,0.1282,0.0474,0.0142,0.0142
33.99,126.6,-2.0179,-2.9022,-2.1047,-0.019,-3.01,480,0,24,114,0.4975,0.5244,SLOWDOWN,PolygonSlow,0.0474,0.1282,0.0474,0.0142,0.0142
34.086,126.7,-2.0185,-2.9034,-2.1018,-0.019,-3.01,480,0,26,115,0.4963,0.5236,SLOWDOWN,PolygonSlow,0.0474,0.1282,0.0474,0.0142,0.0142
34.187,126.8,-2.0192,-2.9046,-2.0988,-0.019,-3.01,480,0,26,116,0.4951,0.5227,SLOWDOWN,PolygonSlow,0.0474,0.1795,0.0474,0.0142,0.0142
34.286,126.9,-2.0197,-2.9059,-2.0946,-0.019,-3.01,480,0,27,117,0.4938,0.5221,SLOWDOWN,PolygonSlow,0.0474,0.1795,0.0474,0.0142,0.0142
34.387,127.0,-2.0203,-2.9071,-2.0904,-0.019,-3.01,480,0,27,117,0.4926,0.5214,SLOWDOWN,PolygonSlow,0.0474,0.2308,0.0474,0.0142,0.0142
34.487,127.1,-2.0208,-2.9083,-2.085,-0.019,-3.01,480,0,27,118,0.4914,0.5209,SLOWDOWN,PolygonSlow,0.0474,0.2308,0.0474,0.0142,0.0142
34.589,127.2,-2.0214,-2.9096,-2.0796,-0.019,-3.01,480,0,28,119,0.4902,0.5203,SLOWDOWN,PolygonSlow,0.0474,0.2308,0.0474,0.0142,0.0142
34.687,127.3,-2.0219,-2.9108,-2.0741,-0.019,-3.01,480,0,28,120,0.489,0.5198,SLOWDOWN,PolygonSlow,0.0158,-0.1282,0.0158,0.0047,0.0047
34.786,127.4,-2.0221,-2.9112,-2.0738,-0.019,-3.01,480,0,28,120,0.4886,0.5194,SLOWDOWN,PolygonSlow,0.0316,0.1282,0.0316,0.0095,0.0095
34.887,127.5,-2.0225,-2.912,-2.0717,-0.019,-3.01,480,0,29,121,0.4877,0.5189,SLOWDOWN,PolygonSlow,0.0316,0.1282,0.0316,0.0095,0.0095
34.988,127.6,-2.0228,-2.9129,-2.0686,-0.019,-3.01,480,0,29,121,0.4868,0.5185,SLOWDOWN,PolygonSlow,0.0316,0.1282,0.0316,0.0095,0.0095
35.086,127.7,-2.0231,-2.9137,-2.0656,-0.019,-3.01,480,0,29,122,0.486,0.518,SLOWDOWN,PolygonSlow,0.0316,0.1282,0.0316,0.0095,0.0095
35.186,127.8,-2.0235,-2.9145,-2.0625,-0.019,-3.01,480,0,29,123,0.4851,0.5176,SLOWDOWN,PolygonSlow,0.0316,0.1282,0.0316,0.0095,0.0095
35.288,127.9,-2.0238,-2.9154,-2.0595,-0.019,-3.01,480,0,30,124,0.4842,0.5171,SLOWDOWN,PolygonSlow,0.0316,0.1282,0.0316,0.0095,0.0095
35.387,128.0,-2.0241,-2.9162,-2.0564,-0.019,-3.01,480,0,30,124,0.4834,0.5167,SLOWDOWN,PolygonSlow,0.0316,0.1282,0.0316,0.0095,0.0095
35.487,128.1,-2.0245,-2.9171,-2.0533,-0.019,-3.01,480,0,30,123,0.4825,0.5163,SLOWDOWN,PolygonSlow,0.0316,0.0769,0.0316,0.0095,0.0095
35.589,128.2,-2.0248,-2.9179,-2.0515,-0.019,-3.01,480,0,31,123,0.4817,0.5157,SLOWDOWN,PolygonSlow,0.0316,0.0769,0.0316,0.0095,0.0095
35.69,128.3,-2.0252,-2.9187,-2.0496,-0.019,-3.01,480,0,31,125,0.4808,0.5151,SLOWDOWN,PolygonSlow,0.0316,0.0769,0.0316,0.0095,0.0095
35.794,128.4,-2.0255,-2.9196,-2.0478,-0.019,-3.01,480,0,31,125,0.48,0.5145,SLOWDOWN,PolygonSlow,0.0316,0.0769,0.0316,0.0095,0.0095
35.895,128.5,-2.0259,-2.9204,-2.0459,-0.019,-3.01,480,0,32,126,0.4791,0.5139,SLOWDOWN,PolygonSlow,0.0316,0.0769,0.0316,0.0095,0.0095
36.0,128.6,-2.0263,-2.9213,-2.0441,-0.019,-3.01,480,0,33,127,0.4783,0.5133,SLOWDOWN,PolygonSlow,0.0316,0.0769,0.0316,0.0095,0.0095
36.112,128.7,-2.0267,-2.9223,-2.0419,-0.019,-3.01,480,0,33,127,0.4774,0.5127,SLOWDOWN,PolygonSlow,0.0316,0.0769,0.0316,0.0095,0.0095
36.2,128.8,-2.027,-2.923,-2.0404,-0.019,-3.01,480,0,34,128,0.4766,0.5121,SLOWDOWN,PolygonSlow,0.0316,0.0769,0.0316,0.0095,0.0095
36.312,128.9,-2.0274,-2.924,-2.0384,-0.019,-3.01,480,0,34,129,0.4758,0.5115,SLOWDOWN,PolygonSlow,0.0316,0.0256,0.0316,0.0095,0.0095
36.4,129.0,-2.0277,-2.9246,-2.0379,-0.019,-3.01,480,0,34,129,0.4749,0.5107,SLOWDOWN,PolygonSlow,0.0,1.0,0.0,0.0,0.0
36.513,129.1,-2.0275,-2.9247,-2.0314,-0.019,-3.01,480,0,34,129,0.4749,0.5115,SLOWDOWN,PolygonSlow,0.0,1.0,0.0,0.0,0.0
36.61,129.2,-2.0269,-2.9247,-2.0164,-0.019,-3.01,480,0,33,129,0.4751,0.5134,SLOWDOWN,PolygonSlow,0.0,1.0,0.0,0.0,0.0
36.719,129.3,-2.0258,-2.9247,-1.9938,0.002,-2.965,480,0,31,131,0.4749,0.5163,SLOWDOWN,PolygonSlow,0.0,1.0,0.0,0.0,0.0
36.816,129.4,-2.0246,-2.9247,-1.9688,0.002,-2.965,480,0,30,131,0.475,0.5195,SLOWDOWN,PolygonSlow,0.0,1.0,0.0,0.0,0.0
36.919,129.5,-2.0232,-2.9247,-1.9434,0.002,-2.965,480,0,27,134,0.4751,0.5227,SLOWDOWN,PolygonSlow,0.0,1.0,0.0,0.0,0.0
37.02,129.6,-2.0217,-2.9247,-1.9177,0.002,-2.965,480,0,24,136,0.4749,0.526,SLOWDOWN,PolygonSlow,0.0,1.0,0.0,0.0,0.0
37.124,129.7,-2.0201,-2.9247,-1.8915,0.002,-2.965,480,0,21,138,0.475,0.5292,SLOWDOWN,PolygonSlow,0.0,1.0,0.0,0.0,0.0
37.224,129.8,-2.0183,-2.9247,-1.8649,0.002,-2.965,480,0,17,140,0.4751,0.5325,SLOWDOWN,PolygonSlow,0.0,1.0,0.0,0.0,0.0
37.325,129.9,-2.0165,-2.9247,-1.8379,0.002,-2.965,480,0,13,144,0.4749,0.5357,SLOWDOWN,PolygonSlow,0.0,1.0,0.0,0.0,0.0
37.425,130.0,-2.0146,-2.9247,-1.8105,0.002,-2.965,480,0,8,147,0.475,0.539,SLOWDOWN,PolygonSlow,0.0,1.0,0.0,0.0,0.0
37.527,130.1,-2.0125,-2.9247,-1.7816,0.002,-2.965,480,0,0,154,0.4752,0.5424,LIMIT,PolygonLimit,0.0,1.0,0.0,0.0,0.0
37.623,130.2,-2.0093,-2.9247,-1.7354,0.002,-2.965,480,0,0,162,0.475,0.5477,LIMIT,PolygonLimit,0.0,1.0,0.0,0.0,0.0
37.723,130.3,-2.0053,-2.9247,-1.6865,0.019,-2.962,480,0,0,174,0.4751,0.5532,LIMIT,PolygonLimit,0.0,1.0,0.0,0.0,0.0
37.823,130.4,-2.001,-2.9247,-1.6362,0.019,-2.962,480,0,0,175,0.4752,0.5586,LIMIT,PolygonLimit,0.0,1.0,0.0,0.0,0.0
37.926,130.5,-1.9965,-2.9247,-1.5843,0.019,-2.962,480,0,0,175,0.475,0.564,LIMIT,PolygonLimit,0.0,1.0,0.0,0.0,0.0
38.022,130.6,-1.9918,-2.9247,-1.5316,0.019,-2.962,480,0,0,175,0.4751,0.5692,LIMIT,PolygonLimit,0.0,1.0,0.0,0.0,0.0
38.121,130.7,-1.9873,-2.9247,-1.4804,0.019,-2.962,480,0,0,175,0.4751,0.574,LIMIT,PolygonLimit,0.0,1.0,0.0,0.0,0.0
38.221,130.8,-1.9832,-2.9247,-1.4308,0.019,-2.962,480,0,0,169,0.4752,0.5784,LIMIT,PolygonLimit,0.0,1.0,0.0,0.0,0.0
38.321,130.9,-1.9793,-2.9247,-1.3826,0.019,-2.962,480,0,0,151,0.4752,0.5824,LIMIT,PolygonLimit,0.0,1.0,0.0,0.0,0.0
38.421,131.0,-1.9758,-2.9247,-1.3358,0.019,-2.962,480,0,5,138,0.4751,0.5861,LIMIT,PolygonLimit,0.0,1.0,0.0,0.0,0.0
38.524,131.1,-1.9733,-2.9247,-1.3009,0.019,-2.962,480,0,10,132,0.4752,0.5887,SLOWDOWN,PolygonSlow,0.0,1.0,0.0,0.0,0.0
38.624,131.2,-1.9714,-2.9247,-1.2739,0.019,-2.962,480,0,13,126,0.4752,0.5906,SLOWDOWN,PolygonSlow,0.0,1.0,0.0,0.0,0.0
38.723,131.3,-1.9697,-2.9247,-1.2476,0.019,-2.962,480,0,17,124,0.4752,0.5924,SLOWDOWN,PolygonSlow,0.0,0.9487,0.0,0.0,0.0
38.823,131.4,-1.9682,-2.9247,-1.2228,-0.006,-2.976,480,0,19,121,0.4752,0.594,SLOWDOWN,PolygonSlow,0.0,0.9487,0.0,0.0,0.0
38.923,131.5,-1.9668,-2.9247,-1.1986,-0.006,-2.976,480,0,21,118,0.4753,0.5955,SLOWDOWN,PolygonSlow,0.0,0.8974,0.0,0.0,0.0
39.025,131.6,-1.9656,-2.9247,-1.1758,-0.006,-2.976,480,0,22,117,0.4752,0.5969,SLOWDOWN,PolygonSlow,0.0,0.8974,0.0,0.0,0.0
39.13,131.7,-1.9644,-2.9247,-1.1538,-0.006,-2.976,480,0,24,116,0.4752,0.5981,SLOWDOWN,PolygonSlow,0.0,0.8462,0.0,0.0,0.0
39.229,131.8,-1.9634,-2.9247,-1.1328,-0.006,-2.976,480,0,26,114,0.4752,0.5992,SLOWDOWN,PolygonSlow,0.0,0.8462,0.0,0.0,0.0
39.335,131.9,-1.9625,-2.9247,-1.1126,-0.006,-2.976,480,0,26,112,0.4752,0.6003,SLOWDOWN,PolygonSlow,0.0,0.7949,0.0,0.0,0.0
39.448,132.0,-1.9615,-2.9247,-1.0896,-0.006,-2.976,480,0,27,112,0.4752,0.6012,SLOWDOWN,PolygonSlow,0.0,0.7949,0.0,0.0,0.0
39.536,132.1,-1.961,-2.9247,-1.0744,-0.006,-2.976,480,0,29,111,0.4752,0.6021,SLOWDOWN,PolygonSlow,0.0,0.7949,0.0,0.0,0.0
39.647,132.2,-1.9602,-2.9247,-1.0526,-0.006,-2.976,480,0,29,110,0.4753,0.6029,SLOWDOWN,PolygonSlow,0.0,0.7436,0.0,0.0,0.0
39.735,132.3,-1.9598,-2.9247,-1.0387,-0.006,-2.976,480,0,30,110,0.4753,0.6036,SLOWDOWN,PolygonSlow,0.0,0.7436,0.0,0.0,0.0
39.846,132.4,-1.9593,-2.9247,-1.0215,0.001,-2.981,480,0,30,109,0.4753,0.6043,SLOWDOWN,PolygonSlow,0.0,0.7436,0.0,0.0,0.0
39.944,132.5,-1.9588,-2.9247,-1.0052,0.001,-2.981,480,0,31,108,0.4753,0.6049,SLOWDOWN,PolygonSlow,0.0,0.6923,0.0,0.0,0.0
40.058,132.6,-1.9585,-2.9247,-0.9895,0.001,-2.981,480,0,31,107,0.4753,0.6054,SLOWDOWN,PolygonSlow,0.0,0.6923,0.0,0.0,0.0
40.156,132.7,-1.9582,-2.9247,-0.974,0.001,-2.981,480,0,31,108,0.4753,0.606,SLOWDOWN,PolygonSlow,0.0,0.641,0.0,0.0,0.0
40.261,132.8,-1.958,-2.9247,-0.9594,0.001,-2.981,480,0,32,107,0.4753,0.6064,SLOWDOWN,PolygonSlow,0.0,0.641,0.0,0.0,0.0
40.359,132.9,-1.9579,-2.9246,-0.9459,0.001,-2.981,480,0,32,107,0.4754,0.6069,SLOWDOWN,PolygonSlow,0.0,0.641,0.0,0.0,0.0
40.466,133.0,-1.9579,-2.9244,-0.933,0.001,-2.981,480,0,32,107,0.4756,0.6075,SLOWDOWN,PolygonSlow,0.0,0.641,0.0,0.0,0.0
40.565,133.1,-1.9579,-2.9243,-0.9199,0.001,-2.981,480,0,33,106,0.4757,0.6079,SLOWDOWN,PolygonSlow,0.0,0.0,0.0,0.0,0.0
40.666,133.2,-1.9579,-2.9242,-0.9097,0.001,-2.981,480,0,32,106,0.4758,0.6082,SLOWDOWN,PolygonSlow,0.0,0.0,0.0,0.0,0.0
40.764,133.3,-1.9579,-2.9242,-0.905,0.001,-2.981,480,0,32,105,0.4758,0.6084,SLOWDOWN,PolygonSlow,0.0,0.5897,0.0,0.0,0.0
40.865,133.4,-1.9579,-2.9242,-0.8952,0.0,-2.977,480,0,32,105,0.4758,0.6086,SLOWDOWN,PolygonSlow,0.0,0.5897,0.0,0.0,0.0
40.963,133.5,-1.9579,-2.9242,-0.8826,0.0,-2.977,480,0,33,106,0.4758,0.6089,SLOWDOWN,PolygonSlow,0.0,0.5897,0.0,0.0,0.0
41.064,133.6,-1.9579,-2.9241,-0.8699,0.0,-2.977,480,0,33,106,0.4759,0.6092,SLOWDOWN,PolygonSlow,0.0,0.5385,0.0,0.0,0.0
41.163,133.7,-1.9579,-2.924,-0.8579,0.0,-2.977,480,0,33,106,0.476,0.6095,SLOWDOWN,PolygonSlow,0.0,0.5385,0.0,0.0,0.0
41.264,133.8,-1.9579,-2.9238,-0.846,0.0,-2.977,480,0,34,105,0.4761,0.6098,SLOWDOWN,PolygonSlow,0.0,0.5385,0.0,0.0,0.0
41.362,133.9,-1.9579,-2.9237,-0.834,0.0,-2.977,480,0,33,105,0.4763,0.6102,SLOWDOWN,PolygonSlow,0.0,0.5385,0.0,0.0,0.0
41.464,134.0,-1.9579,-2.9235,-0.8218,0.0,-2.977,480,0,33,105,0.4765,0.6105,SLOWDOWN,PolygonSlow,0.0,0.4872,0.0,0.0,0.0
41.567,134.1,-1.9579,-2.9234,-0.8104,0.0,-2.977,480,0,33,105,0.4766,0.6107,SLOWDOWN,PolygonSlow,0.0,0.4872,0.0,0.0,0.0
41.667,134.2,-1.9579,-2.9234,-0.7991,0.0,-2.977,480,0,33,105,0.4766,0.6109,SLOWDOWN,PolygonSlow,0.0,0.4872,0.0,0.0,0.0
41.764,134.3,-1.9579,-2.9234,-0.7877,0.0,-2.977,480,0,33,105,0.4766,0.611,SLOWDOWN,PolygonSlow,0.0,0.4872,0.0,0.0,0.0
41.875,134.4,-1.9579,-2.9234,-0.7762,0.014,-2.988,480,0,33,105,0.4766,0.6111,SLOWDOWN,PolygonSlow,0.0,0.4872,0.0,0.0,0.0
41.964,134.5,-1.9579,-2.9234,-0.7649,0.014,-2.988,480,0,33,105,0.4766,0.6111,SLOWDOWN,PolygonSlow,0.0,0.4872,0.0,0.0,0.0
42.064,134.6,-1.958,-2.9234,-0.7536,0.014,-2.988,480,0,33,104,0.4766,0.6111,SLOWDOWN,PolygonSlow,0.0,0.4359,0.0,0.0,0.0
42.164,134.7,-1.9581,-2.9234,-0.7435,0.014,-2.988,480,0,33,105,0.4766,0.6112,SLOWDOWN,PolygonSlow,0.0,0.4359,0.0,0.0,0.0
42.265,134.8,-1.9582,-2.9234,-0.7336,0.014,-2.988,480,0,33,105,0.4766,0.6112,SLOWDOWN,PolygonSlow,0.0,0.4359,0.0,0.0,0.0
42.364,134.9,-1.9583,-2.9234,-0.7239,0.014,-2.988,480,0,33,104,0.4766,0.6112,SLOWDOWN,PolygonSlow,0.0,0.4359,0.0,0.0,0.0
42.468,135.0,-1.9585,-2.9234,-0.7142,0.014,-2.988,480,0,33,105,0.4766,0.6112,SLOWDOWN,PolygonSlow,0.0,0.4359,0.0,0.0,0.0
42.568,135.1,-1.9586,-2.9234,-0.7047,0.014,-2.988,480,0,33,105,0.4766,0.6111,SLOWDOWN,PolygonSlow,0.0,0.3846,0.0,0.0,0.0
42.674,135.2,-1.9586,-2.9234,-0.6961,0.014,-2.988,480,0,33,106,0.4766,0.6111,SLOWDOWN,PolygonSlow,0.0,0.3846,0.0,0.0,0.0
42.795,135.3,-1.9587,-2.9234,-0.6862,0.014,-2.988,480,0,32,105,0.4766,0.611,SLOWDOWN,PolygonSlow,0.0,0.3846,0.0,0.0,0.0
42.874,135.4,-1.9587,-2.9234,-0.6796,0.026,-2.998,480,0,32,105,0.4766,0.611,SLOWDOWN,PolygonSlow,0.0,0.3846,0.0,0.0,0.0
42.995,135.5,-1.9587,-2.9234,-0.6699,0.026,-2.998,480,0,32,106,0.4766,0.6109,SLOWDOWN,PolygonSlow,0.0,0.3846,0.0,0.0,0.0
43.075,135.6,-1.9586,-2.9234,-0.6634,0.026,-2.998,480,0,32,106,0.4766,0.6108,SLOWDOWN,PolygonSlow,0.0,0.3846,0.0,0.0,0.0
43.191,135.7,-1.9586,-2.9234,-0.6554,0.026,-2.998,480,0,33,105,0.4766,0.6108,SLOWDOWN,PolygonSlow,0.0,0.3333,0.0,0.0,0.0
43.29,135.8,-1.9586,-2.9234,-0.6483,0.026,-2.998,480,0,32,106,0.4766,0.6107,SLOWDOWN,PolygonSlow,0.0,0.3333,0.0,0.0,0.0
43.407,135.9,-1.9585,-2.9234,-0.6415,0.026,-2.998,480,0,32,106,0.4766,0.6106,SLOWDOWN,PolygonSlow,0.0,0.3333,0.0,0.0,0.0
43.506,136.0,-1.9584,-2.9234,-0.6348,0.026,-2.998,480,0,32,106,0.4766,0.6105,SLOWDOWN,PolygonSlow,0.0,0.3333,0.0,0.0,0.0
43.616,136.1,-1.9583,-2.9234,-0.6281,0.026,-2.998,480,0,32,106,0.4766,0.6104,SLOWDOWN,PolygonSlow,0.0,0.3333,0.0,0.0,0.0
43.715,136.2,-1.9582,-2.9234,-0.6214,0.026,-2.998,480,0,32,106,0.4766,0.6103,SLOWDOWN,PolygonSlow,0.0,0.3333,0.0,0.0,0.0
43.826,136.3,-1.9581,-2.9233,-0.6146,0.026,-2.998,480,0,32,107,0.4766,0.6103,SLOWDOWN,PolygonSlow,0.0,0.3333,0.0,0.0,0.0
43.924,136.4,-1.9581,-2.9233,-0.6075,0.026,-2.998,480,0,31,107,0.4767,0.6102,SLOWDOWN,PolygonSlow,0.0,0.3333,0.0,0.0,0.0
44.031,136.5,-1.9581,-2.9232,-0.6001,0.026,-2.998,480,0,31,107,0.4769,0.6102,SLOWDOWN,PolygonSlow,0.0,0.3333,0.0,0.0,0.0
44.127,136.6,-1.9581,-2.923,-0.5927,0.026,-2.998,480,0,31,107,0.477,0.6102,SLOWDOWN,PolygonSlow,0.0,0.3333,0.0,0.0,0.0
44.237,136.7,-1.9581,-2.9229,-0.5852,0.026,-2.998,480,0,31,107,0.4771,0.6102,SLOWDOWN,PolygonSlow,0.0,0.3333,0.0,0.0,0.0
44.337,136.8,-1.9581,-2.9227,-0.5777,0.026,-2.998,480,0,30,106,0.4773,0.6102,SLOWDOWN,PolygonSlow,0.0,0.2821,0.0,0.0,0.0
44.441,136.9,-1.9581,-2.9226,-0.5705,0.026,-2.998,480,0,30,107,0.4775,0.6102,SLOWDOWN,PolygonSlow,0.0,0.2821,0.0,0.0,0.0
44.541,137.0,-1.9581,-2.9224,-0.5641,0.026,-2.998,480,0,30,107,0.4776,0.6102,SLOWDOWN,PolygonSlow,0.0,0.2821,0.0,0.0,0.0
44.641,137.1,-1.9581,-2.9222,-0.5576,0.026,-2.998,480,0,30,107,0.4777,0.6102,SLOWDOWN,PolygonSlow,0.0,0.2821,0.0,0.0,0.0
44.74,137.2,-1.9581,-2.9221,-0.5512,0.026,-2.998,480,0,29,107,0.4779,0.6102,SLOWDOWN,PolygonSlow,0.0,0.2821,0.0,0.0,0.0
44.841,137.3,-1.9581,-2.9219,-0.5447,0.026,-2.998,480,0,28,107,0.4781,0.6103,SLOWDOWN,PolygonSlow,0.0,0.2821,0.0,0.0,0.0
44.939,137.4,-1.9581,-2.9217,-0.5382,-0.019,-3.01,480,0,28,108,0.4783,0.6103,SLOWDOWN,PolygonSlow,0.0,-1.0,0.0,0.0,0.0
45.04,137.5,-1.9581,-2.9216,-0.5331,-0.019,-3.01,480,0,28,108,0.4784,0.6103,SLOWDOWN,PolygonSlow,0.0,-1.0,0.0,0.0,0.0
45.138,137.6,-1.9581,-2.9216,-0.5351,-0.019,-3.01,480,0,28,108,0.4784,0.6103,SLOWDOWN,PolygonSlow,0.0,-1.0,0.0,0.0,0.0
45.238,137.7,-1.9581,-2.9218,-0.5443,-0.019,-3.01,480,0,28,107,0.4782,0.6103,SLOWDOWN,PolygonSlow,0.0,-1.0,0.0,0.0,0.0
45.339,137.8,-1.9582,-2.9222,-0.5606,-0.019,-3.01,480,0,30,107,0.4777,0.6103,SLOWDOWN,PolygonSlow,0.0,-1.0,0.0,0.0,0.0
45.439,137.9,-1.9582,-2.9227,-0.5826,-0.019,-3.01,480,0,31,106,0.4773,0.6104,SLOWDOWN,PolygonSlow,0.0,-1.0,0.0,0.0,0.0
45.539,138.0,-1.9583,-2.9231,-0.6049,-0.019,-3.01,480,0,31,107,0.4769,0.6104,SLOWDOWN,PolygonSlow,0.0,-1.0,0.0,0.0,0.0
45.642,138.1,-1.9583,-2.9233,-0.6264,-0.019,-3.01,480,0,32,106,0.4767,0.6105,SLOWDOWN,PolygonSlow,0.0,-1.0,0.0,0.0,0.0
45.742,138.2,-1.9586,-2.9233,-0.6467,-0.019,-3.01,480,0,32,106,0.4767,0.6107,SLOWDOWN,PolygonSlow,0.0,-1.0,0.0,0.0,0.0
45.847,138.3,-1.9587,-2.9233,-0.6674,-0.019,-3.01,480,0,32,106,0.4767,0.6109,SLOWDOWN,PolygonSlow,0.0,-1.0,0.0,0.0,0.0
45.947,138.4,-1.9587,-2.9233,-0.6886,-0.019,-3.01,480,0,32,105,0.4767,0.6111,SLOWDOWN,PolygonSlow,0.0,-1.0,0.0,0.0,0.0
46.053,138.5,-1.9585,-2.9233,-0.7103,-0.019,-3.01,480,0,33,105,0.4767,0.6112,SLOWDOWN,PolygonSlow,0.0,-1.0,0.0,0.0,0.0
46.171,138.6,-1.9582,-2.9233,-0.737,-0.019,-3.01,480,0,33,105,0.4767,0.6112,SLOWDOWN,PolygonSlow,0.0,-1.0,0.0,0.0,0.0
46.253,138.7,-1.958,-2.9233,-0.7552,-0.019,-3.01,480,0,33,105,0.4767,0.6112,SLOWDOWN,PolygonSlow,0.0,-1.0,0.0,0.0,0.0
46.369,138.8,-1.9579,-2.9233,-0.7831,-0.019,-3.01,480,0,33,105,0.4767,0.6111,SLOWDOWN,PolygonSlow,0.0,-1.0,0.0,0.0,0.0
46.454,138.9,-1.9579,-2.9233,-0.8018,-0.019,-3.01,480,0,33,105,0.4767,0.6109,SLOWDOWN,PolygonSlow,0.0,-1.0,0.0,0.0,0.0
46.567,139.0,-1.9579,-2.9235,-0.8248,-0.019,-3.01,480,0,33,105,0.4765,0.6105,SLOWDOWN,PolygonSlow,0.0,-1.0,0.0,0.0,0.0
46.666,139.1,-1.9579,-2.9238,-0.8473,-0.019,-3.01,480,0,34,105,0.4762,0.6099,SLOWDOWN,PolygonSlow,0.0,-1.0,0.0,0.0,0.0
46.773,139.2,-1.9579,-2.924,-0.8693,-0.019,-3.01,480,0,33,106,0.476,0.6093,SLOWDOWN,PolygonSlow,0.0,-1.0,0.0,0.0,0.0
46.871,139.3,-1.9579,-2.9241,-0.8908,-0.019,-3.01,480,0,32,105,0.4759,0.6087,SLOWDOWN,PolygonSlow,0.0,-1.0,0.0,0.0,0.0
46.978,139.4,-1.9579,-2.9242,-0.9118,-0.019,-3.01,480,0,32,106,0.4758,0.6082,SLOWDOWN,PolygonSlow,0.0,-1.0,0.0,0.0,0.0
47.076,139.5,-1.9579,-2.9243,-0.9323,-0.019,-3.01,480,0,32,107,0.4756,0.6075,SLOWDOWN,PolygonSlow,0.0158,-1.0,0.0158,0.0,0.0
47.183,139.6,-1.9578,-2.9248,-0.9531,-0.019,-3.01,480,0,32,108,0.4752,0.6065,SLOWDOWN,PolygonSlow,0.0158,-1.0,0.0158,0.0047,0.0047
47.28,139.7,-1.9575,-2.9256,-0.9731,-0.019,-3.01,480,0,32,108,0.4744,0.6051,SLOWDOWN,PolygonSlow,0.0158,-1.0,0.0158,0.0047,0.0047
47.383,139.8,-1.9574,-2.9263,-0.9934,-0.019,-3.01,480,0,31,109,0.4737,0.6037,SLOWDOWN,PolygonSlow,0.0,-1.0,0.0,0.0047,0.0047
47.481,139.9,-1.9572,-2.9267,-1.014,-0.019,-3.01,480,0,32,109,0.4732,0.6025,SLOWDOWN,PolygonSlow,0.0,-1.0,0.0,0.0,0.0
47.585,140.0,-1.9576,-2.9269,-1.0361,-0.019,-3.01,480,0,31,110,0.4731,0.6015,SLOWDOWN,PolygonSlow,0.0,-1.0,0.0,0.0,0.0
47.682,140.1,-1.9583,-2.9269,-1.0595,-0.019,-3.01,480,0,29,112,0.4731,0.6005,SLOWDOWN,PolygonSlow,0.0,-1.0,0.0,0.0,0.0
47.781,140.2,-1.9592,-2.9269,-1.0832,-0.019,-3.01,480,0,29,112,0.473,0.5995,SLOWDOWN,PolygonSlow,0.0,-1.0,0.0,0.0,0.0
47.881,140.3,-1.9602,-2.9269,-1.1073,-0.019,-3.01,480,0,28,113,0.473,0.5983,SLOWDOWN,PolygonSlow,0.0,-1.0,0.0,0.0,0.0
47.982,140.4,-1.9612,-2.9269,-1.1317,-0.019,-3.01,480,0,26,115,0.473,0.5971,SLOWDOWN,PolygonSlow,0.0,-1.0,0.0,0.0,0.0
48.08,140.5,-1.9624,-2.9269,-1.1565,-0.019,-3.01,480,0,25,117,0.473,0.5957,SLOWDOWN,PolygonSlow,0.0,-1.0,0.0,0.0,0.0
48.184,140.6,-1.9638,-2.9269,-1.1816,-0.019,-3.01,480,0,23,119,0.473,0.5943,SLOWDOWN,PolygonSlow,0.0,-1.0,0.0,0.0,0.0
48.281,140.7,-1.9652,-2.9269,-1.2071,-0.019,-3.01,480,0,22,121,0.473,0.5928,SLOWDOWN,PolygonSlow,0.0,-1.0,0.0,0.0,0.0
48.382,140.8,-1.9667,-2.9269,-1.233,-0.019,-3.01,480,0,19,124,0.4729,0.5912,SLOWDOWN,PolygonSlow,0.0,-1.0,0.0,0.0,0.0
48.48,140.9,-1.9684,-2.9269,-1.2594,-0.019,-3.01,480,0,17,127,0.473,0.5894,SLOWDOWN,PolygonSlow,0.0,-1.0,0.0,0.0,0.0
48.58,141.0,-1.9701,-2.9269,-1.2861,-0.019,-3.01,480,0,13,131,0.473,0.5876,SLOWDOWN,PolygonSlow,0.0,-1.0,0.0,0.0,0.0
48.679,141.1,-1.972,-2.9269,-1.3132,-0.019,-3.01,480,0,10,135,0.473,0.5856,SLOWDOWN,PolygonSlow,0.0,-1.0,0.0,0.0,0.0
48.779,141.2,-1.974,-2.9269,-1.3408,-0.019,-3.01,480,0,5,142,0.4729,0.5835,SLOWDOWN,PolygonSlow,0.0,-1.0,0.0,0.0,0.0
48.88,141.3,-1.9762,-2.9269,-1.3724,-0.019,-3.01,480,0,0,148,0.4729,0.581,LIMIT,PolygonLimit,0.0,-1.0,0.0,0.0,0.0
48.978,141.4,-1.9797,-2.9269,-1.4203,-0.019,-3.01,480,0,0,167,0.4729,0.5771,LIMIT,PolygonLimit,0.0,-1.0,0.0,0.0,0.0
49.079,141.5,-1.9837,-2.9269,-1.4695,-0.019,-3.01,480,0,0,176,0.4728,0.5728,LIMIT,PolygonLimit,0.0474,-1.0,0.0474,0.0,0.0
49.181,141.6,-1.988,-2.9286,-1.5203,-0.019,-3.01,480,0,0,176,0.4711,0.5663,LIMIT,PolygonLimit,0.0474,-1.0,0.0474,0.0237,0.0237
49.282,141.7,-1.9926,-2.931,-1.5728,-0.019,-3.01,480,0,0,176,0.4688,0.5588,LIMIT,PolygonLimit,0.0474,-1.0,0.0474,0.0237,0.0237
49.388,141.8,-1.9973,-2.9334,-1.6251,-0.019,-3.01,480,0,0,177,0.4666,0.5511,LIMIT,PolygonLimit,0.0316,-1.0,0.0316,0.0158,0.0158
49.499,141.9,-2.0027,-2.9353,-1.6857,-0.019,-3.01,480,0,0,177,0.4647,0.5441,LIMIT,PolygonLimit,0.0316,-1.0,0.0316,0.0158,0.0158
49.586,142.0,-2.006,-2.9365,-1.725,-0.019,-3.01,480,0,0,175,0.4633,0.5371,LIMIT,PolygonLimit,0.0316,-1.0,0.0316,0.0158,0.0158
49.699,142.1,-2.0108,-2.9383,-1.7812,-0.019,-3.01,480,0,10,164,0.4616,0.53,SLOWDOWN,PolygonSlow,0.0316,-1.0,0.0316,0.0095,0.0095
49.787,142.2,-2.0127,-2.939,-1.8047,-0.019,-3.01,480,0,18,158,0.4609,0.5254,SLOWDOWN,PolygonSlow,0.0316,-1.0,0.0316,0.0095,0.0095
49.895,142.3,-2.0149,-2.9399,-1.8323,-0.019,-3.01,480,0,25,155,0.4597,0.5212,SLOWDOWN,PolygonSlow,0.0316,-1.0,0.0316,0.0095,0.0095
49.995,142.4,-2.017,-2.9408,-1.8593,-0.019,-3.01,480,0,30,152,0.4588,0.517,SLOWDOWN,PolygonSlow,0.0316,-1.0,0.0316,0.0095,0.0095
50.104,142.5,-2.0191,-2.9417,-1.886,-0.019,-3.01,480,0,34,150,0.4582,0.5128,SLOWDOWN,PolygonSlow,0.0316,-1.0,0.0316,0.0095,0.0095
50.205,142.6,-2.021,-2.9426,-1.9123,-0.019,-3.01,480,0,37,146,0.457,0.5087,SLOWDOWN,PolygonSlow,0.0316,-1.0,0.0316,0.0095,0.0095
50.309,142.7,-2.0229,-2.9435,-1.9381,-0.019,-3.01,480,0,40,144,0.4561,0.5046,SLOWDOWN,PolygonSlow,0.0316,-0.8462,0.0316,0.0095,0.0095
50.408,142.8,-2.0244,-2.9444,-1.9595,-0.019,-3.01,480,0,42,144,0.4554,0.501,SLOWDOWN,PolygonSlow,0.0316,-0.7949,0.0316,0.0095,0.0095
50.513,142.9,-2.0258,-2.9453,-1.9796,-0.019,-3.01,480,0,44,143,0.4544,0.4976,SLOWDOWN,PolygonSlow,0.0316,-0.7949,0.0316,0.0095,0.0095
50.61,143.0,-2.0272,-2.9462,-1.9994,-0.019,-3.01,480,0,46,142,0.4534,0.4942,SLOWDOWN,PolygonSlow,0.0316,-0.7949,0.0316,0.0095,0.0095
50.713,143.1,-2.0285,-2.947,-2.0195,-0.019,-3.01,480,0,48,143,0.4526,0.4907,SLOWDOWN,PolygonSlow,0.0316,-0.9487,0.0316,0.0095,0.0095
50.811,143.2,-2.0299,-2.9479,-2.0426,-0.019,-3.01,480,0,49,141,0.4518,0.4869,SLOWDOWN,PolygonSlow,0.0316,-0.9487,0.0316,0.0095,0.0095
50.91,143.3,-2.0313,-2.9487,-2.0653,-0.019,-3.01,480,0,50,141,0.4509,0.4831,SLOWDOWN,PolygonSlow,0.0316,-0.9487,0.0316,0.0095,0.0095
51.014,143.4,-2.0321,-2.949,-2.0849,-0.019,-3.01,480,0,51,140,0.4506,0.4802,SLOWDOWN,PolygonSlow,0.0,0.0,0.0,0.0,0.0
51.114,143.5,-2.0325,-2.949,-2.0968,-0.019,-3.01,480,0,52,140,0.4508,0.4786,SLOWDOWN,PolygonSlow,0.0,0.0,0.0,0.0,0.0
51.211,143.6,-2.0327,-2.9491,-2.1019,-0.019,-3.01,480,0,52,139,0.4507,0.4779,SLOWDOWN,PolygonSlow,0.0316,-0.8974,0.0316,0.0095,0.0095
51.311,143.7,-2.0334,-2.9498,-2.1109,-0.019,-3.01,480,0,52,140,0.4499,0.4759,SLOWDOWN,PolygonSlow,0.0316,-0.8974,0.0316,0.0095,0.0095
51.411,143.8,-2.0343,-2.9506,-2.1275,-0.019,-3.01,480,0,53,140,0.4491,0.473,SLOWDOWN,PolygonSlow,0.0316,-0.8974,0.0316,0.0095,0.0095
51.511,143.9,-2.0353,-2.9514,-2.1478,-0.019,-3.01,480,0,54,139,0.4483,0.4695,SLOWDOWN,PolygonSlow,0.0316,-0.8974,0.0316,0.0095,0.0095
51.611,144.0,-2.0362,-2.9521,-2.1679,-0.019,-3.01,480,0,55,139,0.4475,0.4661,SLOWDOWN,PolygonSlow,0.0316,-0.8974,0.0316,0.0095,0.0095
51.711,144.1,-2.037,-2.9529,-2.1874,-0.019,-3.01,480,0,55,141,0.4468,0.4628,SLOWDOWN,PolygonSlow,0.0316,-0.8974,0.0316,0.0095,0.0095
51.811,144.2,-2.0376,-2.9534,-2.2056,-0.019,-3.01,480,0,56,141,0.4462,0.4598,SLOWDOWN,PolygonSlow,0.0316,-0.8974,0.0316,0.0095,0.0095
51.91,144.3,-2.0381,-2.954,-2.2237,-0.019,-3.01,480,0,57,140,0.4457,0.4568,SLOWDOWN,PolygonSlow,0.0316,-0.8462,0.0316,0.0095,0.0095
52.01,144.4,-2.0387,-2.9546,-2.2408,-0.019,-3.01,480,0,56,140,0.4452,0.4539,SLOWDOWN,PolygonSlow,0.0158,-0.5385,0.0158,0.0047,0.0047
52.111,144.5,-2.039,-2.9549,-2.2534,-0.019,-3.01,480,0,57,140,0.4448,0.4518,SLOWDOWN,PolygonSlow,0.0158,-0.5385,0.0158,0.0047,0.0047
52.211,144.6,-2.0393,-2.9553,-2.265,-0.019,-3.01,480,0,57,141,0.4443,0.4499,SLOWDOWN,PolygonSlow,0.0158,-0.5385,0.0158,0.0047,0.0047
52.313,144.7,-2.0396,-2.9558,-2.2767,-0.019,-3.01,480,0,58,142,0.4439,0.4479,SLOWDOWN,PolygonSlow,0.0158,-0.5385,0.0158,0.0047,0.0047
52.413,144.8,-2.0399,-2.9563,-2.2883,-0.019,-3.01,480,0,57,142,0.4435,0.4458,SLOWDOWN,PolygonSlow,0.0158,-0.4872,0.0158,0.0047,0.0047
52.518,144.9,-2.0402,-2.9568,-2.2991,-0.019,-3.01,480,0,58,142,0.4429,0.4439,SLOWDOWN,PolygonSlow,0.0158,-0.4872,0.0158,0.0047,0.0047
52.619,145.0,-2.0405,-2.9573,-2.31,-0.019,-3.01,480,0,58,143,0.4425,0.4419,SLOWDOWN,PolygonSlow,0.0158,-0.4872,0.0158,0.0047,0.0047
52.727,145.1,-2.0408,-2.9577,-2.3211,-0.019,-3.01,480,0,59,142,0.4421,0.4399,SLOWDOWN,PolygonSlow,0.0158,-0.4872,0.0158,0.0047,0.0047
52.841,145.2,-2.0412,-2.9582,-2.3345,-0.019,-3.01,480,0,58,143,0.4416,0.438,SLOWDOWN,PolygonSlow,0.0158,-0.4872,0.0158,0.0047,0.0047
52.925,145.3,-2.0415,-2.9585,-2.3436,-0.019,-3.01,480,0,59,143,0.4411,0.4361,SLOWDOWN,PolygonSlow,0.0158,-0.4872,0.0158,0.0047,0.0047
53.039,145.4,-2.0419,-2.959,-2.3573,0.031,-3.01,480,0,59,143,0.4408,0.4342,SLOWDOWN,PolygonSlow,0.0,1.0,0.0158,0.0047,0.0047
53.125,145.5,-2.0421,-2.9591,-2.3654,0.031,-3.01,480,0,59,145,0.4406,0.4326,SLOWDOWN,PolygonSlow,0.0,1.0,0.0,0.0,0.0
53.243,145.6,-2.0421,-2.9591,-2.3694,0.031,-3.01,480,0,59,145,0.4406,0.432,SLOWDOWN,PolygonSlow,0.0,1.0,0.0,0.0,0.0
53.342,145.7,-2.0421,-2.9591,-2.3652,0.031,-3.01,480,0,59,145,0.4406,0.4326,SLOWDOWN,PolygonSlow,0.0,1.0,0.0,0.0,0.0
53.45,145.8,-2.0421,-2.9591,-2.3528,0.031,-3.01,480,0,59,144,0.4405,0.4343,SLOWDOWN,PolygonSlow,0.0,1.0,0.0,0.0,0.0
53.55,145.9,-2.0421,-2.9591,-2.3322,0.031,-3.01,480,0,60,144,0.4407,0.4371,SLOWDOWN,PolygonSlow,0.0,1.0,0.0,0.0,0.0
53.656,146.0,-2.0421,-2.9589,-2.3094,0.031,-3.01,480,0,60,144,0.4409,0.4404,SLOWDOWN,PolygonSlow,0.0,1.0,0.0,0.0,0.0
53.754,146.1,-2.0421,-2.9586,-2.2871,0.031,-3.01,480,0,59,143,0.4412,0.4437,SLOWDOWN,PolygonSlow,0.0,1.0,0.0,0.0,0.0
53.857,146.2,-2.0421,-2.9584,-2.2653,0.031,-3.01,480,0,59,142,0.4413,0.4468,SLOWDOWN,PolygonSlow,0.0,1.0,0.0,0.0,0.0
53.957,146.3,-2.0421,-2.9583,-2.2439,0.031,-3.01,480,0,58,142,0.4414,0.4497,SLOWDOWN,PolygonSlow,0.0,1.0,0.0,0.0,0.0
54.059,146.4,-2.0421,-2.9584,-2.2231,0.03,-3.01,480,0,59,144,0.4413,0.4524,SLOWDOWN,PolygonSlow,0.0,1.0,0.0,0.0,0.0
54.159,146.5,-2.0421,-2.9586,-2.2027,0.03,-3.01,480,0,59,144,0.441,0.4549,SLOWDOWN,PolygonSlow,0.0,1.0,0.0,0.0,0.0
54.258,146.6,-2.0421,-2.9589,-2.1828,0.03,-3.01,480,0,58,143,0.4408,0.4573,SLOWDOWN,PolygonSlow,0.0,1.0,0.0,0.0,0.0
54.357,146.7,-2.042,-2.9592,-2.1632,0.03,-3.01,480,0,59,144,0.4404,0.4597,SLOWDOWN,PolygonSlow,0.0,1.0,0.0,0.0,0.0
54.457,146.8,-2.0419,-2.9594,-2.1429,0.03,-3.01,480,0,59,145,0.4403,0.4621,SLOWDOWN,PolygonSlow,0.0,1.0,0.0,0.0,0.0
54.556,146.9,-2.0414,-2.9596,-2.1208,0.03,-3.01,480,0,58,145,0.4401,0.4649,SLOWDOWN,PolygonSlow,0.0,1.0,0.0,0.0,0.0
54.66,147.0,-2.0407,-2.9596,-2.0977,0.03,-3.01,480,0,58,146,0.4402,0.468,SLOWDOWN,PolygonSlow,0.0,1.0,0.0,0.0,0.0
54.758,147.1,-2.0399,-2.9596,-2.0742,0.03,-3.01,480,0,57,146,0.44,0.471,SLOWDOWN,PolygonSlow,0.0,1.0,0.0,0.0,0.0
54.858,147.2,-2.039,-2.9596,-2.0503,0.03,-3.01,480,0,58,147,0.44,0.4742,SLOWDOWN,PolygonSlow,0.0,1.0,0.0,0.0,0.0
54.957,147.3,-2.038,-2.9596,-2.0262,0.03,-3.01,480,0,57,148,0.4401,0.4773,SLOWDOWN,PolygonSlow,0.0,1.0,0.0,0.0,0.0
55.057,147.4,-2.0369,-2.9596,-2.0016,0.03,-3.01,480,0,56,150,0.44,0.4805,SLOWDOWN,PolygonSlow,0.0,1.0,0.0,0.0,0.0
55.156,147.5,-2.0357,-2.9596,-1.9767,-0.019,-3.01,480,0,55,152,0.4402,0.4836,SLOWDOWN,PolygonSlow,0.0,1.0,0.0,0.0,0.0
55.257,147.6,-2.0343,-2.9596,-1.9515,-0.019,-3.01,480,0,53,154,0.4401,0.4868,SLOWDOWN,PolygonSlow,0.0,1.0,0.0,0.0,0.0
55.356,147.7,-2.0329,-2.9596,-1.9258,-0.019,-3.01,480,0,52,155,0.44,0.4901,SLOWDOWN,PolygonSlow,0.0,1.0,0.0,0.0,0.0
55.459,147.8,-2.0313,-2.9596,-1.8997,-0.019,-3.01,480,0,50,158,0.4403,0.4933,SLOWDOWN,PolygonSlow,0.0,1.0,0.0,0.0,0.0
55.557,147.9,-2.0296,-2.9596,-1.8733,-0.019,-3.01,480,0,48,161,0.4401,0.4966,SLOWDOWN,PolygonSlow,0.0,1.0,0.0,0.0,0.0
55.659,148.0,-2.0278,-2.9596,-1.8464,-0.019,-3.01,480,0,45,166,0.44,0.4998,SLOWDOWN,PolygonSlow,0.0,1.0,0.0,0.0,0.0
55.759,148.1,-2.0259,-2.9596,-1.8191,-0.019,-3.01,480,0,42,170,0.4402,0.5031,SLOWDOWN,PolygonSlow,0.0,1.0,0.0,0.0,0.0
55.861,148.2,-2.0238,-2.9596,-1.7914,-0.019,-3.01,480,0,38,174,0.4402,0.5064,SLOWDOWN,PolygonSlow,0.0,1.0,0.0,0.0,0.0
55.96,148.3,-2.0217,-2.9596,-1.7632,-0.019,-3.01,480,0,32,180,0.4401,0.5097,SLOWDOWN,PolygonSlow,0.0,1.0,0.0,0.0,0.0
56.066,148.4,-2.0194,-2.9596,-1.7346,-0.019,-3.01,480,0,24,182,0.4403,0.5129,SLOWDOWN,PolygonSlow,0.0,1.0,0.0,0.0,0.0
56.176,148.5,-2.0171,-2.9596,-1.7054,0.022,-3.01,480,0,14,181,0.4402,0.5162,SLOWDOWN,PolygonSlow,0.0,1.0,0.0,0.0,0.0
56.264,148.6,-2.0146,-2.9596,-1.6757,0.022,-3.01,480,0,0,182,0.4401,0.5195,SLOWDOWN,PolygonSlow,0.0,1.0,0.0,0.0,0.0
56.376,148.7,-2.0117,-2.9596,-1.6355,0.022,-3.01,480,0,0,181,0.4403,0.5238,LIMIT,PolygonLimit,0.0,1.0,0.0,0.0,0.0
56.468,148.8,-2.0074,-2.9596,-1.5836,0.022,-3.01,480,0,0,182,0.4402,0.5292,LIMIT,PolygonLimit,0.0,1.0,0.0,0.0,0.0
56.576,148.9,-2.0027,-2.9596,-1.5309,0.022,-3.01,480,0,0,182,0.4402,0.5344,LIMIT,PolygonLimit,0.0,1.0,0.0,0.0,0.0
56.676,149.0,-1.9983,-2.9596,-1.4797,0.022,-3.01,480,0,0,182,0.4401,0.5392,LIMIT,PolygonLimit,0.0,1.0,0.0,0.0,0.0
56.787,149.1,-1.9941,-2.9596,-1.4301,0.022,-3.01,480,0,12,182,0.4402,0.5436,LIMIT,PolygonLimit,0.0,1.0,0.0,0.0,0.0
56.885,149.2,-1.991,-2.9596,-1.3913,0.022,-3.01,480,0,21,182,0.4403,0.5469,SLOWDOWN,PolygonSlow,0.0,1.0,0.0,0.0,0.0
56.994,149.3,-1.9888,-2.9596,-1.3629,0.022,-3.01,480,0,26,174,0.4404,0.5492,SLOWDOWN,PolygonSlow,0.0,1.0,0.0,0.0,0.0
57.092,149.4,-1.9867,-2.9596,-1.3349,0.022,-3.01,480,0,29,166,0.4402,0.5513,SLOWDOWN,PolygonSlow,0.0,1.0,0.0,0.0,0.0
57.2,149.5,-1.9848,-2.9596,-1.3074,-0.019,-3.01,480,0,33,160,0.4403,0.5534,SLOWDOWN,PolygonSlow,0.0,0.9487,0.0,0.0,0.0
57.298,149.6,-1.983,-2.9596,-1.2821,-0.019,-3.01,480,0,35,153,0.4403,0.5552,SLOWDOWN,PolygonSlow,0.0158,-1.0,0.0158,0.0047,0.0047
57.4,149.7,-1.9816,-2.96,-1.2634,-0.019,-3.01,480,0,37,151,0.4398,0.556,SLOWDOWN,PolygonSlow,0.0,0.8974,0.0,0.0,0.0
57.5,149.8,-1.9802,-2.9601,-1.2411,-0.019,-3.01,480,0,39,146,0.4398,0.5575,SLOWDOWN,PolygonSlow,0.0,0.8974,0.0,0.0,0.0
57.6,149.9,-1.9788,-2.9601,-1.2177,-0.019,-3.01,480,0,41,143,0.4399,0.559,SLOWDOWN,PolygonSlow,0.0,0.8462,0.0,0.0,0.0
57.703,150.0,-1.9776,-2.9601,-1.1959,-0.019,-3.01,480,0,42,141,0.4398,0.5603,SLOWDOWN,PolygonSlow,0.0,0.8462,0.0,0.0,0.0
57.8,150.1,-1.9764,-2.9601,-1.1745,-0.019,-3.01,480,0,43,138,0.4398,0.5616,SLOWDOWN,PolygonSlow,0.0,0.8462,0.0,0.0,0.0
57.899,150.2,-1.9753,-2.9601,-1.1532,-0.019,-3.01,480,0,43,136,0.4398,0.5628,SLOWDOWN,PolygonSlow,0.0,0.7949,0.0,0.0,0.0
58.0,150.3,-1.9743,-2.9601,-1.1335,-0.019,-3.01,480,0,44,134,0.4398,0.5638,SLOWDOWN,PolygonSlow,0.0,0.7949,0.0,0.0,0.0
58.099,150.4,-1.9735,-2.9601,-1.1141,-0.019,-3.01,480,0,45,133,0.4398,0.5648,SLOWDOWN,PolygonSlow,0.0,0.7436,0.0,0.0,0.0
58.2,150.5,-1.9727,-2.9601,-1.0961,0.03,-3.003,480,0,45,132,0.4398,0.5657,SLOWDOWN,PolygonSlow,0.0,0.7436,0.0,0.0,0.0
58.299,150.6,-1.972,-2.9601,-1.0783,0.03,-3.003,480,0,46,130,0.4399,0.5665,SLOWDOWN,PolygonSlow,0.0,0.7436,0.0,0.0,0.0
58.399,150.7,-1.9714,-2.9601,-1.0606,0.03,-3.003,480,0,47,128,0.4399,0.5673,SLOWDOWN,PolygonSlow,0.0,0.6923,0.0,0.0,0.0
58.5,150.8,-1.9708,-2.9601,-1.0444,0.03,-3.003,480,0,46,128,0.4399,0.568,SLOWDOWN,PolygonSlow,0.0,0.6923,0.0,0.0,0.0
58.6,150.9,-1.9704,-2.9601,-1.0283,0.03,-3.003,480,0,47,127,0.4399,0.5686,SLOWDOWN,PolygonSlow,0.0,0.6923,0.0,0.0,0.0
58.699,151.0,-1.9699,-2.9601,-1.0124,0.03,-3.003,480,0,47,126,0.4399,0.5693,SLOWDOWN,PolygonSlow,0.0,0.641,0.0,0.0,0.0
58.8,151.1,-1.9696,-2.9601,-0.9978,0.03,-3.003,480,0,48,125,0.4399,0.5698,SLOWDOWN,PolygonSlow,0.0,0.641,0.0,0.0,0.0
58.9,151.2,-1.9693,-2.9601,-0.9834,0.03,-3.003,480,0,48,125,0.4399,0.5703,SLOWDOWN,PolygonSlow,0.0,0.641,0.0,0.0,0.0
59.004,151.3,-1.969,-2.9601,-0.9691,0.03,-3.003,480,0,48,125,0.4399,0.5707,SLOWDOWN,PolygonSlow,0.0,0.641,0.0,0.0,0.0
59.105,151.4,-1.9688,-2.96,-0.955,0.03,-3.003,480,0,48,124,0.44,0.5712,SLOWDOWN,PolygonSlow,0.0,0.5897,0.0,0.0,0.0
59.209,151.5,-1.9687,-2.9599,-0.9426,0.025,-2.996,480,0,48,124,0.44,0.5716,SLOWDOWN,PolygonSlow,0.0,0.5897,0.0,0.0,0.0
59.309,151.6,-1.9687,-2.9598,-0.9307,0.025,-2.996,480,0,48,123,0.4402,0.5721,SLOWDOWN,PolygonSlow,0.0,0.5897,0.0,0.0,0.0
59.416,151.7,-1.9687,-2.9597,-0.9186,0.025,-2.996,480,0,49,123,0.4403,0.5725,SLOWDOWN,PolygonSlow,0.0,0.5897,0.0,0.0,0.0
59.528,151.8,-1.9687,-2.9596,-0.9039,0.025,-2.996,480,0,49,123,0.4404,0.5729,SLOWDOWN,PolygonSlow,0.0,0.5897,0.0,0.0,0.0
59.616,151.9,-1.9687,-2.9596,-0.894,0.025,-2.996,480,0,48,122,0.4404,0.5732,SLOWDOWN,PolygonSlow,0.0,0.5897,0.0,0.0,0.0
59.731,152.0,-1.9687,-2.9596,-0.8793,0.025,-2.996,480,0,49,122,0.4404,0.5735,SLOWDOWN,PolygonSlow,0.0,0.5385,0.0,0.0,0.0
59.816,152.1,-1.9687,-2.9595,-0.87,0.025,-2.996,480,0,49,122,0.4405,0.5738,SLOWDOWN,PolygonSlow,0.0,0.5385,0.0,0.0,0.0
59.925,152.2,-1.9687,-2.9594,-0.8582,0.025,-2.996,480,0,48,122,0.4406,0.5741,SLOWDOWN,PolygonSlow,0.0,0.5385,0.0,0.0,0.0
60.028,152.3,-1.9687,-2.9593,-0.8463,0.025,-2.996,480,0,49,122,0.4407,0.5744,SLOWDOWN,PolygonSlow,0.0,0.5385,0.0,0.0,0.0
60.133,152.4,-1.9687,-2.9591,-0.8347,0.025,-2.996,480,0,49,121,0.4409,0.5747,SLOWDOWN,PolygonSlow,0.0,0.4872,0.0,0.0,0.0
60.233,152.5,-1.9687,-2.959,-0.8237,0.009,-3.004,480,0,48,121,0.441,0.575,SLOWDOWN,PolygonSlow,0.0,0.4872,0.0,0.0,0.0
60.343,152.6,-1.9687,-2.9589,-0.8126,0.009,-3.004,480,0,49,121,0.4411,0.5752,SLOWDOWN,PolygonSlow,0.0,0.4872,0.0,0.0,0.0
60.442,152.7,-1.9687,-2.9588,-0.8013,0.009,-3.004,480,0,49,121,0.4412,0.5754,SLOWDOWN,PolygonSlow,0.0,0.4872,0.0,0.0,0.0
60.553,152.8,-1.9687,-2.9588,-0.7899,0.009,-3.004,480,0,48,121,0.4412,0.5755,SLOWDOWN,PolygonSlow,0.0,0.4359,0.0,0.0,0.0
60.65,152.9,-1.9687,-2.9588,-0.7792,0.009,-3.004,480,0,49,121,0.4412,0.5756,SLOWDOWN,PolygonSlow,0.0,0.4872,0.0,0.0,0.0
60.756,153.0,-1.9688,-2.9588,-0.7683,0.009,-3.004,480,0,49,120,0.4412,0.5757,SLOWDOWN,PolygonSlow,0.0,0.4872,0.0,0.0,0.0
60.855,153.1,-1.9688,-2.9588,-0.757,0.009,-3.004,480,0,48,120,0.4412,0.5757,SLOWDOWN,PolygonSlow,0.0,0.4359,0.0,0.0,0.0
60.96,153.2,-1.9689,-2.9588,-0.7466,0.009,-3.004,480,0,49,121,0.4412,0.5758,SLOWDOWN,PolygonSlow,0.0,0.4359,0.0,0.0,0.0
61.058,153.3,-1.969,-2.9588,-0.7367,0.009,-3.004,480,0,49,121,0.4412,0.5758,SLOWDOWN,PolygonSlow,0.0,0.4359,0.0,0.0,0.0
61.158,153.4,-1.9692,-2.9588,-0.7269,0.009,-3.004,480,0,48,121,0.4412,0.5758,SLOWDOWN,PolygonSlow,0.0,0.4359,0.0,0.0,0.0
61.256,153.5,-1.9693,-2.9588,-0.7173,0.013,-3.0,480,0,48,122,0.4412,0.5757,SLOWDOWN,PolygonSlow,0.0,0.4359,0.0,0.0,0.0
61.363,153.6,-1.9694,-2.9588,-0.7077,0.013,-3.0,480,0,49,122,0.4412,0.5757,SLOWDOWN,PolygonSlow,0.0,0.0,0.0,0.0,0.0
61.461,153.7,-1.9695,-2.9588,-0.7009,0.013,-3.0,480,0,49,121,0.4412,0.5757,SLOWDOWN,PolygonSlow,0.0,0.0,0.0,0.0,0.0
61.563,153.8,-1.9695,-2.9588,-0.6993,0.013,-3.0,480,0,49,121,0.4412,0.5757,SLOWDOWN,PolygonSlow,0.0,0.3846,0.0,0.0,0.0
61.659,153.9,-1.9695,-2.9588,-0.6935,0.013,-3.0,480,0,49,122,0.4412,0.5757,SLOWDOWN,PolygonSlow,0.0,0.3846,0.0,0.0,0.0
61.762,154.0,-1.9695,-2.9588,-0.6853,0.013,-3.0,480,0,48,122,0.4412,0.5756,SLOWDOWN,PolygonSlow,0.0,0.3846,0.0,0.0,0.0
61.86,154.1,-1.9695,-2.9588,-0.6771,0.013,-3.0,480,0,48,121,0.4412,0.5755,SLOWDOWN,PolygonSlow,0.0,0.3846,0.0,0.0,0.0
61.962,154.2,-1.9695,-2.9588,-0.669,0.013,-3.0,480,0,49,122,0.4412,0.5755,SLOWDOWN,PolygonSlow,0.0,0.3846,0.0,0.0,0.0
62.06,154.3,-1.9695,-2.9588,-0.6609,0.013,-3.0,480,0,48,123,0.4412,0.5754,SLOWDOWN,PolygonSlow,0.0,0.3846,0.0,0.0,0.0
62.16,154.4,-1.9695,-2.9588,-0.653,0.013,-3.0,480,0,48,123,0.4412,0.5753,SLOWDOWN,PolygonSlow,0.0,0.3333,0.0,0.0,0.0
62.259,154.5,-1.9694,-2.9588,-0.6457,0.013,-3.0,480,0,48,123,0.4412,0.5753,SLOWDOWN,PolygonSlow,0.0,0.3333,0.0,0.0,0.0
62.361,154.6,-1.9693,-2.9588,-0.6389,0.013,-3.0,480,0,48,123,0.4412,0.5752,SLOWDOWN,PolygonSlow,0.0,0.3333,0.0,0.0,0.0
62.46,154.7,-1.9693,-2.9588,-0.6321,0.013,-3.0,480,0,47,123,0.4412,0.5751,SLOWDOWN,PolygonSlow,0.0,0.3333,0.0,0.0,0.0
62.564,154.8,-1.9692,-2.9588,-0.6254,0.013,-3.0,480,0,48,123,0.4412,0.575,SLOWDOWN,PolygonSlow,0.0,0.3333,0.0,0.0,0.0
62.664,154.9,-1.969,-2.9588,-0.6188,0.013,-3.0,480,0,48,123,0.4412,0.5749,SLOWDOWN,PolygonSlow,0.0,0.3333,0.0,0.0,0.0
62.771,155.0,-1.969,-2.9587,-0.6119,0.013,-3.0,480,0,48,123,0.4412,0.5748,SLOWDOWN,PolygonSlow,0.0,0.3333,0.0,0.0,0.0
62.887,155.1,-1.969,-2.9586,-0.6031,0.013,-3.0,480,0,48,124,0.4414,0.5748,SLOWDOWN,PolygonSlow,0.0,0.3333,0.0,0.0,0.0
62.969,155.2,-1.969,-2.9585,-0.5972,0.013,-3.0,480,0,47,124,0.4415,0.5748,SLOWDOWN,PolygonSlow,0.0,0.3333,0.0,0.0,0.0
63.088,155.3,-1.969,-2.9583,-0.5883,0.013,-3.0,480,0,47,124,0.4416,0.5748,SLOWDOWN,PolygonSlow,0.0,0.3333,0.0,0.0,0.0
63.17,155.4,-1.969,-2.9582,-0.5823,0.013,-3.0,480,0,47,125,0.4418,0.5748,SLOWDOWN,PolygonSlow,0.0,0.3333,0.0,0.0,0.0
63.283,155.5,-1.969,-2.9581,-0.5747,0.002,-2.994,480,0,46,124,0.4419,0.5748,SLOWDOWN,PolygonSlow,0.0,0.2821,0.0,0.0,0.0
63.383,155.6,-1.969,-2.9579,-0.5681,0.002,-2.994,480,0,46,125,0.4421,0.5748,SLOWDOWN,PolygonSlow,0.0,0.2821,0.0,0.0,0.0
63.493,155.7,-1.969,-2.9578,-0.5617,0.002,-2.994,480,0,46,126,0.4422,0.5748,SLOWDOWN,PolygonSlow,0.0,0.2821,0.0,0.0,0.0
63.595,155.8,-1.969,-2.9576,-0.5552,0.002,-2.994,480,0,46,125,0.4424,0.5748,SLOWDOWN,PolygonSlow,0.0,0.2821,0.0,0.0,0.0
63.703,155.9,-1.969,-2.9574,-0.5488,0.002,-2.994,480,0,46,124,0.4425,0.5748,SLOWDOWN,PolygonSlow,0.0,0.2821,0.0,0.0,0.0
63.802,156.0,-1.969,-2.9572,-0.5423,0.002,-2.994,480,0,46,125,0.4427,0.5749,SLOWDOWN,PolygonSlow,0.0,0.2821,0.0,0.0,0.0
63.914,156.1,-1.969,-2.9571,-0.5357,0.002,-2.994,480,0,46,125,0.4429,0.5749,SLOWDOWN,PolygonSlow,0.0,0.2821,0.0,0.0,0.0
64.011,156.2,-1.969,-2.9569,-0.5292,0.002,-2.994,480,0,46,126,0.4431,0.5749,SLOWDOWN,PolygonSlow,0.0,0.2821,0.0,0.0,0.0
64.118,156.3,-1.969,-2.9567,-0.5228,0.002,-2.994,480,0,45,126,0.4433,0.5749,SLOWDOWN,PolygonSlow,0.0,0.2308,0.0,0.0,0.0
64.217,156.4,-1.969,-2.9565,-0.5174,0.002,-2.994,480,0,45,126,0.4434,0.575,SLOWDOWN,PolygonSlow,0.0,0.2308,0.0,0.0,0.0
64.324,156.5,-1.969,-2.9563,-0.512,0.002,-2.994,480,0,45,127,0.4436,0.575,SLOWDOWN,PolygonSlow,0.0,0.2308,0.0,0.0,0.0
64.421,156.6,-1.969,-2.9561,-0.5066,0.002,-2.994,480,0,45,127,0.4438,0.575,SLOWDOWN,PolygonSlow,0.0,0.2308,0.0,0.0,0.0
64.523,156.7,-1.969,-2.9559,-0.5011,0.002,-2.994,480,0,45,127,0.444,0.575,SLOWDOWN,PolygonSlow,0.0,0.2308,0.0,0.0,0.0
64.62,156.8,-1.969,-2.9557,-0.4956,0.002,-2.994,480,0,44,128,0.4442,0.5751,SLOWDOWN,PolygonSlow,0.0,0.2308,0.0,0.0,0.0
64.721,156.9,-1.969,-2.9555,-0.4901,0.002,-2.994,480,0,43,127,0.4444,0.5751,SLOWDOWN,PolygonSlow,0.0,0.2308,0.0,0.0,0.0
64.821,157.0,-1.969,-2.9553,-0.4846,0.002,-2.994,480,0,43,128,0.4447,0.5751,SLOWDOWN,PolygonSlow,0.0,0.2308,0.0,0.0,0.0
64.921,157.1,-1.969,-2.9551,-0.4791,0.002,-2.994,480,0,43,129,0.4449,0.5752,SLOWDOWN,PolygonSlow,0.0,0.2308,0.0,0.0,0.0
65.023,157.2,-1.969,-2.9549,-0.4736,0.002,-2.994,480,0,42,128,0.4451,0.5752,SLOWDOWN,PolygonSlow,0.0,0.2308,0.0,0.0,0.0
65.123,157.3,-1.969,-2.9546,-0.468,0.002,-2.994,480,0,42,128,0.4453,0.5752,SLOWDOWN,PolygonSlow,0.0,0.2308,0.0,0.0,0.0
65.221,157.4,-1.969,-2.9544,-0.4624,0.002,-2.994,480,0,42,128,0.4456,0.5753,SLOWDOWN,PolygonSlow,0.0,0.2308,0.0,0.0,0.0
65.323,157.5,-1.969,-2.9542,-0.4568,0.002,-2.994,480,0,42,129,0.4458,0.5753,SLOWDOWN,PolygonSlow,0.0,0.2308,0.0,0.0,0.0
65.42,157.6,-1.969,-2.9539,-0.4512,0.002,-2.982,480,0,41,129,0.446,0.5753,SLOWDOWN,PolygonSlow,0.0,0.2308,0.0,0.0,0.0
65.52,157.7,-1.969,-2.9536,-0.4455,0.002,-2.982,480,0,41,129,0.4463,0.5754,SLOWDOWN,PolygonSlow,0.0,0.2308,0.0,0.0,0.0
65.623,157.8,-1.969,-2.9534,-0.4398,0.002,-2.982,480,0,41,130,0.4466,0.5754,SLOWDOWN,PolygonSlow,0.0,0.2308,0.0,0.0,0.0
65.726,157.9,-1.969,-2.9531,-0.4342,0.002,-2.982,480,0,41,130,0.4468,0.5755,SLOWDOWN,PolygonSlow,0.0,0.1795,0.0,0.0,0.0
65.826,158.0,-1.969,-2.9529,-0.4288,0.002,-2.982,480,0,39,130,0.447,0.5755,SLOWDOWN,PolygonSlow,0.0,0.1795,0.0,0.0,0.0
65.931,158.1,-1.969,-2.9527,-0.4244,0.002,-2.982,480,0,39,131,0.4473,0.5755,SLOWDOWN,PolygonSlow,0.0,0.1795,0.0,0.0,0.0
66.031,158.2,-1.969,-2.9524,-0.4199,0.002,-2.982,480,0,39,131,0.4475,0.5756,SLOWDOWN,PolygonSlow,0.0,0.1795,0.0,0.0,0.0
66.137,158.3,-1.969,-2.9522,-0.4155,0.002,-2.982,480,0,39,131,0.4477,0.5756,SLOWDOWN,PolygonSlow,0.0,0.1795,0.0,0.0,0.0
66.251,158.4,-1.969,-2.9519,-0.4101,0.002,-2.982,480,0,39,132,0.4479,0.5756,SLOWDOWN,PolygonSlow,0.0,0.1795,0.0,0.0,0.0
66.337,158.5,-1.969,-2.9518,-0.4065,0.002,-2.982,480,0,38,132,0.4481,0.5757,SLOWDOWN,PolygonSlow,0.0,0.1795,0.0,0.0,0.0
66.455,158.6,-1.969,-2.9515,-0.4011,0.002,-2.982,480,0,38,131,0.4484,0.5757,SLOWDOWN,PolygonSlow,0.0,0.1795,0.0,0.0,0.0
66.536,158.7,-1.969,-2.9513,-0.3975,0.002,-2.982,480,0,37,132,0.4486,0.5758,SLOWDOWN,PolygonSlow,0.0,0.1795,0.0,0.0,0.0
66.647,158.8,-1.969,-2.951,-0.3929,0.002,-2.982,480,0,37,133,0.4489,0.5758,SLOWDOWN,PolygonSlow,0.0,0.0,0.0,0.0,0.0
66.747,158.9,-1.969,-2.9509,-0.3903,0.002,-2.982,480,0,37,132,0.449,0.5758,DO_NOTHING,,0.0,0.0,0.0,0.0,0.0
66.855,159.0,-1.969,-2.9509,-0.3903,0.002,-2.982,480,0,37,132,0.449,0.5758,DO_NOTHING,,0.0,0.0,0.0,0.0,0.0
66.956,159.1,-1.969,-2.9509,-0.3903,0.002,-2.982,480,0,37,132,0.449,0.5758,DO_NOTHING,,0.0,0.0,0.0,0.0,0.0
67.065,159.2,-1.969,-2.9509,-0.3903,0.002,-2.982,480,0,37,132,0.449,0.5758,DO_NOTHING,,0.0,0.0,0.0,0.0,0.0
67.166,159.3,-1.969,-2.9509,-0.3903,0.002,-2.982,480,0,37,132,0.449,0.5758,DO_NOTHING,,0.0,0.0,0.0,0.0,0.0
67.272,159.4,-1.969,-2.9509,-0.3903,0.002,-2.982,480,0,37,132,0.449,0.5758,DO_NOTHING,,0.0,0.0,0.0,0.0,0.0
67.373,159.5,-1.969,-2.9509,-0.3903,0.002,-2.982,480,0,37,132,0.449,0.5758,DO_NOTHING,,0.0,0.0,0.0,0.0,0.0
67.478,159.6,-1.969,-2.9509,-0.3903,0.002,-2.982,480,0,37,132,0.449,0.5758,DO_NOTHING,,0.0,0.0,0.0,0.0,0.0
67.579,159.7,-1.969,-2.9509,-0.3903,0.002,-2.982,480,0,37,132,0.449,0.5758,DO_NOTHING,,0.0,0.0,0.0,0.0,0.0
67.678,159.8,-1.969,-2.9509,-0.3903,0.002,-2.982,480,0,37,132,0.449,0.5758,DO_NOTHING,,0.0,0.0,0.0,0.0,0.0
67.78,159.9,-1.969,-2.9509,-0.3903,0.002,-2.982,480,0,37,132,0.449,0.5758,DO_NOTHING,,0.0,0.0,0.0,0.0,0.0
67.875,160.0,-1.969,-2.9509,-0.3903,0.002,-2.982,480,0,37,132,0.449,0.5758,DO_NOTHING,,0.0,0.0,0.0,0.0,0.0
67.975,160.1,-1.969,-2.9509,-0.3903,2.481,-2.91,480,0,37,132,0.449,0.5758,DO_NOTHING,,0.3,0.6923,0.125,0.0,0.0
68.074,160.2,-1.9661,-2.952,-0.3876,2.481,-2.91,480,0,38,133,0.4479,0.5746,SLOWDOWN,PolygonSlow,0.3,0.6923,0.3,0.075,0.075
68.176,160.3,-1.9582,-2.9546,-0.3758,2.481,-2.91,480,0,38,137,0.4454,0.5715,SLOWDOWN,PolygonSlow,0.2842,0.6923,0.2842,0.09,0.09
68.274,160.4,-1.9502,-2.9567,-0.3584,2.481,-2.91,480,0,38,140,0.4432,0.5685,SLOWDOWN,PolygonSlow,0.3,0.641,0.3,0.0853,0.0853
68.375,160.5,-1.9418,-2.9587,-0.3413,2.481,-2.91,480,0,39,143,0.4411,0.5657,SLOWDOWN,PolygonSlow,0.3,0.641,0.3,0.09,0.09
68.476,160.6,-1.9333,-2.9606,-0.3245,2.481,-2.91,480,0,39,147,0.4393,0.5629,SLOWDOWN,PolygonSlow,0.3,0.641,0.3,0.09,0.09
68.575,160.7,-1.9248,-2.9623,-0.3076,2.481,-2.91,480,0,39,151,0.4375,0.5602,SLOWDOWN,PolygonSlow,0.3,0.5897,0.3,0.09,0.09
68.677,160.8,-1.9162,-2.9639,-0.2914,2.481,-2.91,480,0,39,154,0.4359,0.5577,SLOWDOWN,PolygonSlow,0.2842,0.5897,0.2842,0.09,0.09
68.774,160.9,-1.9079,-2.9653,-0.2755,2.481,-2.91,480,0,39,160,0.4345,0.5554,SLOWDOWN,PolygonSlow,0.2842,0.5897,0.2842,0.0853,0.0853
68.873,161.0,-1.8996,-2.9664,-0.2595,2.481,-2.91,480,0,39,164,0.4335,0.5533,SLOWDOWN,PolygonSlow,0.3,0.5385,0.3,0.0853,0.0853
68.974,161.1,-1.8911,-2.9675,-0.2442,2.581,-2.91,480,0,39,168,0.4324,0.5513,SLOWDOWN,PolygonSlow,0.3,0.5385,0.3,0.09,0.09
69.074,161.2,-1.8823,-2.9686,-0.2293,2.581,-2.91,480,0,37,172,0.4313,0.5493,SLOWDOWN,PolygonSlow,0.3,0.5385,0.3,0.09,0.09
69.175,161.3,-1.8735,-2.9694,-0.2143,2.581,-2.91,480,0,37,174,0.4305,0.5474,SLOWDOWN,PolygonSlow,0.3,0.4872,0.3,0.09,0.09
69.278,161.4,-1.8647,-2.9702,-0.2003,2.581,-2.91,480,0,35,173,0.4297,0.5457,SLOWDOWN,PolygonSlow,0.2842,0.4872,0.2842,0.0853,0.0853
69.378,161.5,-1.8563,-2.9708,-0.1864,2.581,-2.91,480,0,35,172,0.429,0.5442,SLOWDOWN,PolygonSlow,0.3,0.4359,0.3,0.0853,0.0853
69.483,161.6,-1.8476,-2.9714,-0.1736,2.581,-2.91,480,0,32,171,0.4285,0.5427,SLOWDOWN,PolygonSlow,0.3,0.4359,0.3,0.09,0.09
69.595,161.7,-1.8369,-2.972,-0.1585,2.581,-2.91,480,0,32,171,0.428,0.5413,SLOWDOWN,PolygonSlow,0.3,0.4359,0.3,0.09,0.09
69.682,161.8,-1.8298,-2.9722,-0.1484,2.581,-2.91,480,0,29,170,0.4275,0.54,SLOWDOWN,PolygonSlow,0.3,0.4359,0.3,0.09,0.09
69.795,161.9,-1.8192,-2.9725,-0.1331,2.581,-2.91,480,0,27,169,0.4273,0.5388,SLOWDOWN,PolygonSlow,0.2842,0.4359,0.2842,0.0853,0.0853
69.882,162.0,-1.8124,-2.9725,-0.1228,2.581,-2.91,480,0,23,168,0.4273,0.5378,SLOWDOWN,PolygonSlow,0.3,0.2821,0.3,0.09,0.09
69.991,162.1,-1.8035,-2.9729,-0.1143,2.531,-2.91,480,0,20,168,0.427,0.5367,SLOWDOWN,PolygonSlow,0.3,0.3846,0.3,0.09,0.09
70.09,162.2,-1.7946,-2.9729,-0.1028,2.531,-2.91,480,0,16,167,0.4269,0.5358,SLOWDOWN,PolygonSlow,0.3,0.3846,0.3,0.09,0.09
70.197,162.3,-1.7856,-2.9728,-0.0913,2.531,-2.91,480,0,10,166,0.427,0.535,SLOWDOWN,PolygonSlow,0.3,0.5385,0.3,0.09,0.09
70.297,162.4,-1.7766,-2.9722,-0.075,2.531,-2.91,480,0,2,166,0.4275,0.5343,SLOWDOWN,PolygonSlow,0.3,0.5385,0.3,0.09,0.09
70.402,162.5,-1.7646,-2.9714,-0.0569,2.531,-2.91,480,0,0,164,0.4285,0.5335,DO_NOTHING,,0.3,0.4872,0.3,0.3,0.3
70.5,162.6,-1.7392,-2.97,-0.0277,2.531,-2.91,480,0,0,163,0.4298,0.5325,DO_NOTHING,,0.3,0.3333,0.3,0.3,0.3
70.604,162.7,-1.7092,-2.9671,0.0078,2.531,-2.91,480,0,0,160,0.4328,0.5322,DO_NOTHING,,0.3,0.3846,0.3,0.3,0.3
70.705,162.8,-1.6792,-2.9629,0.0479,2.531,-2.91,480,0,0,157,0.4368,0.5327,DO_NOTHING,,0.3,0.2821,0.3,0.3,0.3
70.806,162.9,-1.6493,-2.9584,0.0778,2.531,-2.91,480,0,0,155,0.4414,0.5343,DO_NOTHING,,0.3,0.2821,0.3,0.3,0.3
70.904,163.0,-1.6195,-2.9533,0.106,2.531,-2.91,480,0,0,153,0.4464,0.5366,DO_NOTHING,,0.2684,0.2821,0.2684,0.2684,0.2684
71.005,163.1,-1.5927,-2.9479,0.1332,2.481,-2.96,480,0,0,151,0.4518,0.5393,DO_NOTHING,,0.3,0.2308,0.3,0.3,0.3
71.105,163.2,-1.5632,-2.9418,0.1549,2.481,-2.96,480,0,0,149,0.458,0.5431,DO_NOTHING,,0.2842,0.1795,0.2842,0.2842,0.2842
71.206,163.3,-1.5351,-2.9358,0.1717,2.481,-2.96,480,0,0,140,0.4642,0.5473,DO_NOTHING,,0.3,0.1282,0.3,0.3,0.3
71.305,163.4,-1.5057,-2.9296,0.1839,2.481,-2.96,480,0,0,132,0.4703,0.5523,DO_NOTHING,,0.2842,0.1282,0.2842,0.2842,0.2842
71.403,163.5,-1.4776,-2.9233,0.1955,2.481,-2.96,480,0,0,126,0.4764,0.5573,DO_NOTHING,,0.3,0.0769,0.3,0.3,0.3
71.503,163.6,-1.4482,-2.9169,0.2024,2.481,-2.96,480,0,0,120,0.4828,0.563,DO_NOTHING,,0.3,0.0256,0.3,0.3,0.3
71.608,163.7,-1.419,-2.9107,0.2048,2.481,-2.96,480,0,0,114,0.489,0.569,DO_NOTHING,,0.2842,0.0256,0.2842,0.2842,0.2842
71.704,163.8,-1.391,-2.9047,0.2069,2.481,-2.96,480,0,0,111,0.495,0.5747,DO_NOTHING,,0.3,-0.0256,0.3,0.3,0.3
71.804,163.9,-1.3618,-2.8987,0.2045,2.481,-2.96,480,0,0,106,0.5009,0.5809,DO_NOTHING,,0.2842,-0.0256,0.2842,0.2842,0.2842
71.904,164.0,-1.3338,-2.8931,0.2023,2.481,-2.96,480,0,0,101,0.5065,0.5868,DO_NOTHING,,0.3,-0.0256,0.3,0.3,0.3
72.005,164.1,-1.3044,-2.8873,0.1998,2.481,-2.96,480,0,0,97,0.5123,0.5928,DO_NOTHING,,0.3,-0.0256,0.3,0.3,0.3
72.106,164.2,-1.2752,-2.8816,0.1975,2.481,-2.96,480,0,0,93,0.5181,0.5988,DO_NOTHING,,0.2842,-0.0256,0.2842,0.2842,0.2842
72.204,164.3,-1.2472,-2.8762,0.195,2.481,-2.96,480,0,0,90,0.5234,0.6044,DO_NOTHING,,0.3,-0.0769,0.3,0.3,0.3
72.307,164.4,-1.2179,-2.8711,0.1882,2.481,-2.96,480,0,0,87,0.5286,0.6104,DO_NOTHING,,0.2842,-0.0769,0.2842,0.2842,0.2842
72.406,164.5,-1.1897,-2.8663,0.181,2.481,-2.96,480,0,0,82,0.5334,0.6159,DO_NOTHING,,0.3,-0.0769,0.3,0.3,0.3
72.508,164.6,-1.1601,-2.8616,0.1737,2.481,-2.96,480,0,0,80,0.5382,0.6214,DO_NOTHING,,0.3,-0.0769,0.3,0.3,0.3
72.611,164.7,-1.1308,-2.8571,0.1666,2.481,-2.96,480,0,0,75,0.5427,0.6266,DO_NOTHING,,0.2842,-0.0769,0.2842,0.2842,0.2842
72.71,164.8,-1.1025,-2.853,0.1593,2.481,-2.96,480,0,0,72,0.5469,0.6315,DO_NOTHING,,0.3,-0.0769,0.3,0.3,0.3
72.816,164.9,-1.073,-2.8489,0.1522,2.481,-2.96,480,0,0,68,0.5511,0.6363,DO_NOTHING,,0.2842,-0.0769,0.2842,0.2842,0.2842
72.929,165.0,-1.0387,-2.8445,0.1434,2.481,-2.96,480,0,0,63,0.5548,0.6408,DO_NOTHING,,0.3,-0.0769,0.3,0.3,0.3
73.016,165.1,-1.015,-2.8416,0.1377,2.481,-2.96,480,0,0,59,0.5584,0.6451,DO_NOTHING,,0.2842,-0.0769,0.2842,0.2842,0.2842
73.132,165.2,-0.9808,-2.8377,0.1288,2.481,-2.96,480,0,0,54,0.5616,0.6491,DO_NOTHING,,0.3,-0.0769,0.3,0.3,0.3
73.215,165.3,-0.9571,-2.8352,0.1232,2.481,-2.96,480,0,0,49,0.5647,0.653,DO_NOTHING,,0.2684,-0.0769,0.2684,0.2684,0.2684
73.324,165.4,-0.9303,-2.8324,0.1161,2.481,-2.96,480,0,0,44,0.5674,0.6565,DO_NOTHING,,0.2842,-0.0769,0.2842,0.2842,0.2842
73.425,165.5,-0.9016,-2.8297,0.1099,2.481,-2.96,480,0,0,39,0.5701,0.6599,DO_NOTHING,,0.3,-0.0256,0.3,0.3,0.3
73.533,165.6,-0.8722,-2.8267,0.1074,2.481,-2.96,480,0,0,33,0.5731,0.6631,DO_NOTHING,,0.2842,-0.0256,0.2842,0.2842,0.2842
73.632,165.7,-0.8434,-2.8238,0.105,2.481,-2.96,480,0,0,28,0.5759,0.6662,DO_NOTHING,,0.3,-0.0256,0.3,0.3,0.3
73.74,165.8,-0.8141,-2.8209,0.1025,2.481,-2.96,480,0,0,22,0.5788,0.6693,DO_NOTHING,,0.2842,-0.0256,0.2842,0.2842,0.2842
73.838,165.9,-0.7854,-2.8182,0.1,2.481,-2.96,480,0,0,17,0.5815,0.6723,DO_NOTHING,,0.3,-0.0256,0.3,0.3,0.3
73.939,166.0,-0.7562,-2.8155,0.0975,2.481,-2.96,480,0,0,13,0.5842,0.6752,DO_NOTHING,,0.2842,-0.0256,0.2842,0.2842,0.2842
74.037,166.1,-0.7279,-2.813,0.095,2.481,-2.96,480,0,0,7,0.5867,0.678,DO_NOTHING,,0.2842,-0.0256,0.2842,0.2842,0.2842
74.141,166.2,-0.699,-2.8105,0.0925,2.481,-2.96,480,0,0,3,0.5892,0.6808,DO_NOTHING,,0.3,-0.0256,0.3,0.3,0.3
74.237,166.3,-0.6697,-2.808,0.09,2.481,-2.96,480,0,0,0,0.5916,0.6835,DO_NOTHING,,0.2842,-0.0256,0.2842,0.2842,0.2842
74.338,166.4,-0.6408,-2.8057,0.0876,2.481,-2.96,480,0,0,0,0.594,0.6861,DO_NOTHING,,0.3,-0.0256,0.3,0.3,0.3
74.439,166.5,-0.6115,-2.8033,0.0851,2.481,-2.96,480,0,0,0,0.5963,0.6887,DO_NOTHING,,0.2842,-0.0256,0.2842,0.2842,0.2842
74.538,166.6,-0.5826,-2.8011,0.0826,2.481,-2.96,480,0,0,0,0.5985,0.6911,DO_NOTHING,,0.3,-0.0256,0.3,0.3,0.3
74.638,166.7,-0.5538,-2.799,0.0802,2.481,-2.96,480,0,0,0,0.6007,0.6935,DO_NOTHING,,0.2684,-0.0256,0.2684,0.2684,0.2684
74.741,166.8,-0.5264,-2.797,0.0777,2.481,-2.96,480,0,0,0,0.6026,0.6957,DO_NOTHING,,0.2842,-0.0256,0.2842,0.2842,0.2842
74.839,166.9,-0.4975,-2.795,0.0752,2.481,-2.96,480,0,0,0,0.6047,0.698,DO_NOTHING,,0.3,-0.0256,0.3,0.3,0.3
74.938,167.0,-0.4682,-2.793,0.0727,2.481,-2.96,480,0,0,0,0.6066,0.7002,DO_NOTHING,,0.2842,-0.0256,0.2842,0.2842,0.2842
75.04,167.1,-0.4392,-2.7912,0.0702,2.481,-2.96,480,0,0,0,0.6085,0.7023,DO_NOTHING,,0.3,-0.0256,0.3,0.3,0.3
75.138,167.2,-0.4099,-2.7893,0.0677,2.481,-2.96,480,0,0,0,0.6103,0.7043,DO_NOTHING,,0.2842,-0.0256,0.2842,0.2842,0.2842
75.237,167.3,-0.381,-2.7876,0.0652,2.481,-2.96,480,0,0,0,0.6121,0.7063,DO_NOTHING,,0.3,-0.0256,0.3,0.3,0.3
75.339,167.4,-0.351,-2.7859,0.0626,2.481,-2.96,480,0,0,0,0.6138,0.7082,DO_NOTHING,,0.3,-0.0256,0.3,0.3,0.3
75.437,167.5,-0.3217,-2.7844,0.0601,2.481,-2.96,480,0,0,0,0.6154,0.7101,DO_NOTHING,,0.2842,-0.0256,0.2842,0.2842,0.2842
75.537,167.6,-0.2927,-2.7829,0.0575,2.481,-2.96,480,0,0,0,0.6169,0.7118,DO_NOTHING,,0.3,-0.0256,0.3,0.3,0.3
75.638,167.7,-0.2634,-2.7814,0.055,2.481,-2.96,480,0,0,0,0.6184,0.7135,DO_NOTHING,,0.2842,-0.0256,0.2842,0.2842,0.2842
75.737,167.8,-0.2344,-2.7801,0.0525,2.481,-2.96,480,0,0,0,0.6197,0.7151,DO_NOTHING,,0.3,-0.0256,0.3,0.3,0.3
75.838,167.9,-0.2044,-2.7788,0.0498,2.481,-2.96,480,0,0,0,0.6211,0.7166,DO_NOTHING,,0.3,-0.0256,0.3,0.3,0.3
75.941,168.0,-0.1751,-2.7776,0.0473,2.481,-2.96,480,0,0,0,0.6223,0.7181,DO_NOTHING,,0.2842,-0.0256,0.2842,0.2842,0.2842
76.04,168.1,-0.1461,-2.7765,0.0448,2.481,-2.96,480,0,0,0,0.6235,0.7194,DO_NOTHING,,0.3,-0.0256,0.3,0.3,0.3
76.144,168.2,-0.1169,-2.7754,0.0422,2.481,-2.96,480,0,0,0,0.6246,0.7207,DO_NOTHING,,0.3,-0.1282,0.2842,0.2842,0.2842
76.258,168.3,-0.0818,-2.7747,0.0331,2.481,-2.96,480,0,0,0,0.6253,0.722,DO_NOTHING,,0.3,-0.0256,0.3,0.3,0.3
76.347,168.4,-0.0578,-2.7746,0.0268,2.481,-2.96,480,0,0,0,0.6253,0.723,DO_NOTHING,,0.2842,-0.0256,0.3,0.3,0.3
76.456,168.5,-0.0286,-2.7741,0.0242,2.481,-2.96,480,0,0,0,0.6258,0.7237,DO_NOTHING,,0.3,-0.1282,0.2842,0.2842,0.2842
76.546,168.6,0.0005,-2.7739,0.0177,2.481,-2.96,480,0,0,0,0.6259,0.7245,DO_NOTHING,,0.3,-0.2821,0.3,0.3,0.3
76.655,168.7,0.0305,-2.775,-0.0015,2.481,-2.96,480,0,0,0,0.6248,0.7252,DO_NOTHING,,0.3,-0.2308,0.3,0.3,0.3
76.753,168.8,0.0605,-2.7774,-0.0286,2.481,-2.96,480,0,0,0,0.6227,0.7251,DO_NOTHING,,0.3,-0.2308,0.3,0.3,0.3
76.862,168.9,0.0905,-2.7807,-0.0526,2.481,-2.96,480,0,0,0,0.6191,0.7239,DO_NOTHING,,0.3,-0.2308,0.3,0.3,0.3
76.961,169.0,0.1204,-2.7847,-0.0762,2.481,-2.96,480,0,0,0,0.6151,0.7219,DO_NOTHING,,0.2842,-0.2308,0.3,0.3,0.3
77.07,169.1,0.1494,-2.7892,-0.0994,2.481,-2.96,480,0,0,0,0.6108,0.7192,DO_NOTHING,,0.3,-0.2308,0.3,0.2842,0.2842
77.168,169.2,0.1789,-2.7944,-0.122,2.481,-2.96,480,0,0,7,0.6054,0.7159,DO_NOTHING,,0.2842,-0.2308,0.2842,0.3,0.3
77.272,169.3,0.2074,-2.8,-0.1445,2.481,-2.96,480,0,0,19,0.5999,0.7119,DO_NOTHING,,0.2684,-0.2308,0.2684,0.2842,0.2842
77.37,169.4,0.2343,-2.806,-0.1667,2.481,-2.96,480,0,0,30,0.5939,0.7076,DO_NOTHING,,0.2842,-0.1795,0.2842,0.2684,0.2684
77.474,169.5,0.2619,-2.8123,-0.1849,2.481,-2.96,480,0,0,38,0.5875,0.7025,DO_NOTHING,,0.2526,-0.0769,0.2526,0.2842,0.2842
77.57,169.6,0.2875,-2.818,-0.195,2.481,-2.96,480,0,0,44,0.5819,0.6975,DO_NOTHING,,0.2368,-0.0256,0.2368,0.2526,0.2526
77.673,169.7,0.311,-2.823,-0.1984,2.481,-2.96,480,0,0,49,0.5769,0.6928,DO_NOTHING,,0.2211,-0.1282,0.2211,0.2368,0.2368
77.772,169.8,0.333,-2.8279,-0.2074,2.481,-2.96,480,0,0,54,0.5719,0.6885,DO_NOTHING,,0.2053,-0.1282,0.2053,0.2211,0.2211
77.872,169.9,0.3534,-2.8332,-0.2192,2.481,-2.96,480,0,0,59,0.5666,0.684,DO_NOTHING,,0.1895,-0.0256,0.1895,0.2053,0.2053
77.972,170.0,0.3722,-2.8379,-0.2244,2.481,-2.96,480,0,0,63,0.562,0.6797,DO_NOTHING,,0.1737,0.0,0.1737,0.1895,0.1895
78.071,170.1,0.3895,-2.8418,-0.2249,2.481,-2.96,480,0,0,66,0.558,0.6757,DO_NOTHING,,0.1263,0.0256,0.1263,0.1737,0.1737
78.172,170.2,0.4031,-2.8448,-0.2232,2.481,-2.96,480,0,0,69,0.555,0.6726,DO_NOTHING,,0.1579,-0.1282,0.1579,0.1263,0.1263
78.272,170.3,0.4177,-2.8486,-0.2294,2.481,-2.96,480,0,0,72,0.5513,0.6693,DO_NOTHING,,0.1421,0.0,0.1421,0.1579,0.1579
78.374,170.4,0.4318,-2.8522,-0.2332,2.481,-2.96,480,0,0,76,0.5477,0.6659,DO_NOTHING,,0.1421,-0.1795,0.1421,0.1421,0.1421
78.474,170.5,0.4456,-2.856,-0.2429,2.481,-2.96,480,0,0,78,0.5439,0.6627,DO_NOTHING,,0.1263,-0.0769,0.1263,0.1421,0.1421
78.572,170.6,0.4582,-2.8599,-0.2527,2.481,-2.96,480,0,0,82,0.5399,0.6594,DO_NOTHING,,0.1263,-0.1282,0.1263,0.1263,0.1263
78.671,170.7,0.4704,-2.8639,-0.2633,2.481,-2.96,480,0,0,83,0.536,0.6561,DO_NOTHING,,0.1105,-0.0769,0.1105,0.1263,0.1263
78.772,170.8,0.4814,-2.8674,-0.2713,2.481,-2.96,480,0,0,86,0.5325,0.653,DO_NOTHING,,0.1105,-0.1282,0.1105,0.1105,0.1105
78.871,170.9,0.492,-2.8711,-0.2818,2.481,-2.96,480,0,0,89,0.5287,0.65,DO_NOTHING,,0.0947,-0.0769,0.0947,0.1105,0.1105
78.973,171.0,0.5014,-2.8744,-0.2897,2.481,-2.96,480,0,0,91,0.5254,0.6471,DO_NOTHING,,0.0947,-0.1282,0.0947,0.0947,0.0947
79.076,171.1,0.5105,-2.8778,-0.2997,2.481,-2.96,480,0,0,93,0.522,0.6443,DO_NOTHING,,0.0789,0.1282,0.0789,0.0947,0.0947
79.174,171.2,0.5183,-2.8803,-0.3001,2.481,-2.96,480,0,0,94,0.5195,0.6418,DO_NOTHING,,0.0789,-0.1282,0.0789,0.0789,0.0789
79.277,171.3,0.5258,-2.8826,-0.3004,2.481,-2.96,480,0,0,97,0.5172,0.6395,DO_NOTHING,,0.0789,-0.1282,0.0789,0.0789,0.0789
79.378,171.4,0.5334,-2.8857,-0.3118,2.481,-2.96,480,0,0,97,0.5142,0.6371,DO_NOTHING,,0.0632,0.1282,0.0632,0.0789,0.0789
79.484,171.5,0.5397,-2.8878,-0.3113,2.481,-2.96,480,0,0,100,0.5121,0.6349,DO_NOTHING,,0.0632,-0.1282,0.0632,0.0632,0.0632
79.596,171.6,0.5469,-2.8904,-0.3168,2.481,-2.96,480,0,0,100,0.51,0.633,DO_NOTHING,,0.0632,-0.1282,0.0632,0.0632,0.0632
79.683,171.7,0.5517,-2.8926,-0.3259,2.481,-2.96,480,0,0,102,0.5072,0.6309,DO_NOTHING,,0.0632,-0.1282,0.0632,0.0632,0.0632
79.8,171.8,0.5588,-2.8959,-0.3385,2.481,-2.96,480,0,3,103,0.5045,0.6288,DO_NOTHING,,0.0632,-0.0769,0.0632,0.0632,0.0632
79.884,171.9,0.5622,-2.8973,-0.3421,2.481,-2.96,480,0,4,103,0.5026,0.6271,SLOWDOWN,PolygonSlow,0.0474,0.0769,0.0474,0.0142,0.0142
79.993,172.0,0.5636,-2.8976,-0.3401,2.481,-2.96,480,0,4,103,0.5023,0.6267,SLOWDOWN,PolygonSlow,0.0474,0.0256,0.0474,0.0142,0.0142
80.092,172.1,0.5649,-2.8981,-0.3395,2.481,-2.96,480,0,4,103,0.5018,0.6262,SLOWDOWN,PolygonSlow,0.0474,0.0,0.0474,0.0142,0.0142
80.202,172.2,0.5663,-2.8985,-0.3395,2.481,-2.96,480,0,4,104,0.5014,0.6257,SLOWDOWN,PolygonSlow,0.0474,-0.0256,0.0474,0.0142,0.0142
80.304,172.3,0.5676,-2.8991,-0.3401,2.481,-2.96,480,0,5,105,0.5009,0.6252,SLOWDOWN,PolygonSlow,0.0474,-0.0256,0.0474,0.0142,0.0142
80.407,172.4,0.5689,-2.8996,-0.3408,2.481,-2.96,480,0,5,105,0.5003,0.6248,SLOWDOWN,PolygonSlow,0.0474,-0.0256,0.0474,0.0142,0.0142
80.507,172.5,0.5703,-2.9001,-0.3415,2.481,-2.96,480,0,5,105,0.4998,0.6243,SLOWDOWN,PolygonSlow,0.0474,-0.0256,0.0474,0.0142,0.0142
80.61,172.6,0.5716,-2.9006,-0.3424,2.481,-2.96,480,0,5,105,0.4993,0.6238,SLOWDOWN,PolygonSlow,0.0474,-0.0769,0.0474,0.0142,0.0142
80.71,172.7,0.573,-2.9012,-0.3444,2.481,-2.96,480,0,7,105,0.4987,0.6233,SLOWDOWN,PolygonSlow,0.0474,-0.0769,0.0474,0.0142,0.0142
80.812,172.8,0.5743,-2.9018,-0.3464,2.481,-2.96,480,0,7,105,0.498,0.6228,SLOWDOWN,PolygonSlow,0.0474,-0.0769,0.0474,0.0142,0.0142
80.909,172.9,0.5756,-2.9024,-0.3484,2.481,-2.96,480,0,7,106,0.4974,0.6223,SLOWDOWN,PolygonSlow,0.0474,-0.0769,0.0474,0.0142,0.0142
81.012,173.0,0.577,-2.903,-0.3504,2.481,-2.96,480,0,8,107,0.4968,0.6218,SLOWDOWN,PolygonSlow,0.0474,-0.0769,0.0474,0.0142,0.0142
81.109,173.1,0.5783,-2.9036,-0.3524,2.481,-2.96,480,0,8,107,0.4962,0.6213,SLOWDOWN,PolygonSlow,0.0474,-0.0769,0.0474,0.0142,0.0142
81.209,173.2,0.5796,-2.9042,-0.3536,2.481,-2.96,480,0,8,107,0.4957,0.6208,SLOWDOWN,PolygonSlow,0.0316,0.1282,0.0316,0.0095,0.0095
81.312,173.3,0.5804,-2.9043,-0.3508,2.481,-2.96,480,0,8,107,0.4955,0.6205,SLOWDOWN,PolygonSlow,0.0316,0.1282,0.0316,0.0095,0.0095
81.408,173.4,0.5813,-2.9045,-0.3475,2.481,-2.96,480,0,8,108,0.4954,0.6202,SLOWDOWN,PolygonSlow,0.0316,0.1282,0.0316,0.0095,0.0095
81.509,173.5,0.5822,-2.9046,-0.3444,2.481,-2.96,480,0,8,107,0.4953,0.6199,SLOWDOWN,PolygonSlow,0.0316,0.0769,0.0316,0.0095,0.0095
81.611,173.6,0.5831,-2.9048,-0.3424,2.481,-2.96,480,0,8,108,0.4951,0.6196,SLOWDOWN,PolygonSlow,0.0316,0.0769,0.0316,0.0095,0.0095
81.709,173.7,0.584,-2.905,-0.3404,2.481,-2.96,480,0,8,108,0.4949,0.6193,SLOWDOWN,PolygonSlow,0.0316,0.0769,0.0316,0.0095,0.0095
81.81,173.8,0.5849,-2.9052,-0.3387,2.481,-2.96,480,0,8,108,0.4947,0.619,SLOWDOWN,PolygonSlow,0.0316,0.0256,0.0316,0.0095,0.0095
81.909,173.9,0.5858,-2.9055,-0.338,2.481,-2.96,480,0,8,109,0.4944,0.6187,SLOWDOWN,PolygonSlow,0.0316,0.0256,0.0316,0.0095,0.0095
82.009,174.0,0.5867,-2.9058,-0.3374,2.481,-2.96,480,0,8,109,0.4941,0.6184,SLOWDOWN,PolygonSlow,0.0316,0.0,0.0316,0.0095,0.0095
82.109,174.1,0.5876,-2.9061,-0.3376,2.481,-2.96,480,0,8,109,0.4938,0.6181,SLOWDOWN,PolygonSlow,0.0316,-0.0256,0.0316,0.0095,0.0095
82.211,174.2,0.5885,-2.9064,-0.3383,2.481,-2.96,480,0,8,109,0.4935,0.6178,SLOWDOWN,PolygonSlow,0.0316,-0.0256,0.0316,0.0095,0.0095
82.309,174.3,0.5894,-2.9068,-0.3389,2.481,-2.96,480,0,8,109,0.4931,0.6175,SLOWDOWN,PolygonSlow,0.0316,-0.0256,0.0316,0.0095,0.0095
82.409,174.4,0.5903,-2.9071,-0.3396,2.481,-2.96,480,0,9,109,0.4928,0.6171,SLOWDOWN,PolygonSlow,0.0316,-0.0256,0.0316,0.0095,0.0095
82.509,174.5,0.5912,-2.9075,-0.3403,2.481,-2.96,480,0,9,111,0.4924,0.6168,SLOWDOWN,PolygonSlow,0.0316,-0.0256,0.0316,0.0095,0.0095
82.613,174.6,0.5921,-2.9079,-0.3409,2.481,-2.96,480,0,9,111,0.492,0.6165,SLOWDOWN,PolygonSlow,0.0316,-0.0256,0.0316,0.0095,0.0095
82.713,174.7,0.5929,-2.9082,-0.3419,2.481,-2.96,480,0,9,111,0.4917,0.6162,SLOWDOWN,PolygonSlow,0.0316,-0.0769,0.0316,0.0095,0.0095
82.82,174.8,0.5938,-2.9087,-0.3439,2.481,-2.96,480,0,11,111,0.4912,0.6158,SLOWDOWN,PolygonSlow,0.0316,-0.0769,0.0316,0.0095,0.0095
82.931,174.9,0.5949,-2.9092,-0.3463,2.481,-2.96,480,0,11,111,0.4908,0.6155,SLOWDOWN,PolygonSlow,0.0316,-0.0769,0.0316,0.0095,0.0095
83.024,175.0,0.5956,-2.9096,-0.3479,2.481,-2.96,480,0,11,111,0.4903,0.6151,SLOWDOWN,PolygonSlow,0.0316,-0.0769,0.0316,0.0095,0.0095
83.133,175.1,0.5967,-2.9101,-0.3503,2.481,-2.96,480,0,11,112,0.4899,0.6148,SLOWDOWN,PolygonSlow,0.0316,-0.0769,0.0316,0.0095,0.0095
83.222,175.2,0.5974,-2.9104,-0.3519,2.481,-2.96,480,0,12,112,0.4894,0.6145,SLOWDOWN,PolygonSlow,0.0316,-0.0769,0.0316,0.0095,0.0095
83.33,175.3,0.5983,-2.9109,-0.3538,2.481,-2.96,480,0,12,112,0.489,0.6141,SLOWDOWN,PolygonSlow,0.0316,-0.0769,0.0316,0.0095,0.0095
83.428,175.4,0.5992,-2.9113,-0.3558,2.481,-2.96,480,0,12,111,0.4885,0.6138,SLOWDOWN,PolygonSlow,0.0316,-0.0769,0.0316,0.0095,0.0095
83.542,175.5,0.6001,-2.9118,-0.3578,2.481,-2.96,480,0,12,111,0.4881,0.6134,SLOWDOWN,PolygonSlow,0.0,0.2821,0.0316,0.0095,0.0095
83.639,175.6,0.6006,-2.912,-0.3583,2.481,-2.96,480,0,12,111,0.4878,0.6132,SLOWDOWN,PolygonSlow,0.0,0.2821,0.0,0.0,0.0
83.746,175.7,0.6006,-2.9116,-0.3517,2.481,-2.96,480,0,12,112,0.4882,0.6132,SLOWDOWN,PolygonSlow,0.0,0.2821,0.0,0.0,0.0
83.845,175.8,0.6006,-2.9112,-0.3444,2.481,-2.96,480,0,12,112,0.4887,0.6133,SLOWDOWN,PolygonSlow,0.0,0.2308,0.0,0.0,0.0
83.95,175.9,0.6006,-2.9108,-0.3378,2.481,-2.96,480,0,11,113,0.4891,0.6134,SLOWDOWN,PolygonSlow,0.0,0.2308,0.0,0.0,0.0
84.049,176.0,0.6006,-2.9104,-0.3318,2.481,-2.96,480,0,9,113,0.4894,0.6134,SLOWDOWN,PolygonSlow,0.0,0.2308,0.0,0.0,0.0
84.16,176.1,0.6006,-2.9101,-0.3257,2.481,-2.96,480,0,9,113,0.4898,0.6135,SLOWDOWN,PolygonSlow,0.0,0.2308,0.0,0.0,0.0
84.255,176.2,0.6006,-2.9097,-0.3197,2.481,-2.96,480,0,8,113,0.4902,0.6136,SLOWDOWN,PolygonSlow,0.0,0.2308,0.0,0.0,0.0
84.358,176.3,0.6006,-2.9093,-0.3136,2.481,-2.96,480,0,7,113,0.4906,0.6136,SLOWDOWN,PolygonSlow,0.0,0.2308,0.0,0.0,0.0
84.456,176.4,0.6006,-2.9089,-0.3074,2.481,-2.96,480,0,6,114,0.491,0.6137,SLOWDOWN,PolygonSlow,0.0,0.2308,0.0,0.0,0.0
84.562,176.5,0.6006,-2.9085,-0.3013,2.481,-2.96,480,0,5,115,0.4914,0.6137,SLOWDOWN,PolygonSlow,0.0,0.2308,0.0,0.0,0.0
84.654,176.6,0.6006,-2.9081,-0.2951,2.481,-2.96,480,0,4,114,0.4917,0.6138,SLOWDOWN,PolygonSlow,0.0,0.2308,0.0,0.0,0.0
84.759,176.7,0.6006,-2.9076,-0.288,2.481,-2.96,480,0,3,116,0.4922,0.6138,DO_NOTHING,,0.0,0.2308,0.0,0.0,0.0
84.855,176.8,0.6006,-2.9064,-0.2679,2.481,-2.96,480,0,0,118,0.4935,0.6139,DO_NOTHING,,0.0,0.1795,0.0,0.0,0.0
84.957,176.9,0.6006,-2.9051,-0.2495,2.481,-2.96,480,0,0,119,0.4948,0.614,DO_NOTHING,,0.0,0.1795,0.0,0.0,0.0
85.054,177.0,0.6006,-2.9039,-0.233,2.481,-2.96,480,0,0,120,0.496,0.6142,DO_NOTHING,,0.0,0.1795,0.0,0.0,0.0
85.154,177.1,0.6006,-2.9027,-0.2163,2.481,-2.96,480,0,0,121,0.4972,0.6143,DO_NOTHING,,0.0,0.0,0.0,0.0,0.0
85.255,177.2,0.6006,-2.9019,-0.2065,2.481,-2.96,480,0,0,123,0.4979,0.6144,DO_NOTHING,,0.0,0.0,0.0,0.0,0.0
85.357,177.3,0.6006,-2.9019,-0.2065,2.481,-2.96,480,0,0,123,0.4979,0.6144,DO_NOTHING,,0.0,0.0,0.0,0.0,0.0
85.456,177.4,0.6006,-2.9019,-0.2065,2.481,-2.96,480,0,0,123,0.4979,0.6144,DO_NOTHING,,0.0,0.0,0.0,0.0,0.0
85.554,177.5,0.6006,-2.9019,-0.2065,2.481,-2.96,480,0,0,123,0.4979,0.6144,DO_NOTHING,,0.0,0.0,0.0,0.0,0.0
85.657,177.6,0.6006,-2.9019,-0.2065,2.481,-2.96,480,0,0,123,0.4979,0.6144,DO_NOTHING,,0.0,0.0,0.0,0.0,0.0
85.762,177.7,0.6006,-2.9019,-0.2065,2.481,-2.96,480,0,0,123,0.4979,0.6144,DO_NOTHING,,0.0,0.0,0.0,0.0,0.0
85.861,177.8,0.6006,-2.9019,-0.2065,2.481,-2.96,480,0,0,123,0.4979,0.6144,DO_NOTHING,,0.0,0.0,0.0,0.0,0.0
85.965,177.9,0.6006,-2.9019,-0.2065,2.481,-2.96,480,0,0,123,0.4979,0.6144,DO_NOTHING,,0.0,0.0,0.0,0.0,0.0
86.066,178.0,0.6006,-2.9019,-0.2065,2.481,-2.96,480,0,0,123,0.4979,0.6144,DO_NOTHING,,0.0,0.0,0.0,0.0,0.0
86.171,178.1,0.6006,-2.9019,-0.2065,2.481,-2.96,480,0,0,123,0.4979,0.6144,DO_NOTHING,,0.0,0.0,0.0,0.0,0.0
86.285,178.2,0.6006,-2.9019,-0.2065,2.481,-2.96,480,0,0,123,0.4979,0.6144,DO_NOTHING,,0.0,0.0,0.0,0.0,0.0
86.37,178.3,0.6006,-2.9019,-0.2065,2.481,-2.96,480,0,0,123,0.4979,0.6144,DO_NOTHING,,0.0,0.0,0.0,0.0,0.0
86.486,178.4,0.6006,-2.9016,-0.1997,2.281,-0.31,480,0,0,124,0.4981,0.6143,DO_NOTHING,,0.0,0.7949,0.0,0.0,0.0
86.569,178.5,0.6006,-2.9005,-0.1771,2.281,-0.31,480,0,0,128,0.4994,0.6138,DO_NOTHING,,0.0,0.7949,0.0,0.0,0.0
86.677,178.6,0.6006,-2.8977,-0.1296,2.281,-0.31,480,0,0,141,0.5022,0.6131,LIMIT,PolygonLimit,0.0,0.7949,0.0,0.0,0.0
86.775,178.7,0.6006,-2.8936,-0.0797,2.281,-0.31,480,0,0,157,0.5063,0.6133,LIMIT,PolygonLimit,0.0,0.7436,0.0,0.0,0.0
86.883,178.8,0.6006,-2.8891,-0.0282,2.281,-0.31,480,0,0,154,0.5107,0.6134,LIMIT,PolygonLimit,0.0,0.6923,0.0,0.0,0.0
86.982,178.9,0.6006,-2.8844,0.0246,2.281,-0.31,480,0,0,151,0.5154,0.6134,LIMIT,PolygonLimit,0.0,0.6923,0.0,0.0,0.0
87.087,179.0,0.6006,-2.8799,0.0762,2.281,-0.31,480,0,0,131,0.52,0.613,LIMIT,PolygonLimit,0.0,0.641,0.0,0.0,0.0
87.189,179.1,0.6006,-2.8756,0.1263,2.281,-0.31,480,0,0,105,0.5242,0.6123,LIMIT,PolygonLimit,0.0,1.0,0.0,0.0,0.0
87.292,179.2,0.6006,-2.8717,0.1748,2.281,-0.31,480,0,0,88,0.5281,0.6111,LIMIT,PolygonLimit,0.0,0.9487,0.0,0.0,0.0
87.39,179.3,0.6006,-2.8681,0.2221,2.281,-0.31,480,0,0,80,0.5318,0.6097,LIMIT,PolygonLimit,0.0,0.9487,0.0,0.0,0.0
87.492,179.4,0.6006,-2.8647,0.268,2.281,-0.31,480,0,0,73,0.5349,0.6079,LIMIT,PolygonLimit,0.0,0.8974,0.0,0.0,0.0
87.591,179.5,0.6006,-2.8617,0.3128,2.281,-0.31,480,0,0,68,0.5381,0.6057,LIMIT,PolygonLimit,0.0,0.8462,0.0,0.0,0.0
87.691,179.6,0.6006,-2.8591,0.3564,2.281,-0.31,480,0,0,63,0.5406,0.6033,LIMIT,PolygonLimit,0.0,0.7949,0.0,0.0,0.0
87.791,179.7,0.6006,-2.8567,0.3989,2.281,-0.31,480,0,0,59,0.543,0.6005,LIMIT,PolygonLimit,0.0,0.7436,0.0,0.0,0.0
87.89,179.8,0.6006,-2.8546,0.4404,2.281,-0.31,480,0,0,57,0.5451,0.5975,LIMIT,PolygonLimit,0.0,0.7436,0.0,0.0,0.0
87.99,179.9,0.6006,-2.8529,0.4809,2.281,-0.31,480,0,0,53,0.5468,0.5941,LIMIT,PolygonLimit,0.0,0.6923,0.0,0.0,0.0
88.091,180.0,0.6011,-2.8513,0.5177,2.281,-0.31,480,0,0,51,0.5483,0.5911,LIMIT,PolygonLimit,0.0316,1.0,0.0316,0.0158,0.0158
88.19,180.1,0.6018,-2.8499,0.5541,2.281,-0.31,480,0,0,49,0.5496,0.5881,LIMIT,PolygonLimit,0.0,1.0,0.0,0.0,0.0
88.29,180.2,0.6018,-2.8491,0.5915,2.281,-0.31,480,0,0,46,0.5505,0.5851,LIMIT,PolygonLimit,0.0,1.0,0.0,0.0,0.0
88.391,180.3,0.6016,-2.8488,0.627,2.281,-0.31,480,0,0,44,0.5511,0.5827,SLOWDOWN,PolygonSlow,0.0,0.9487,0.0,0.0,0.0
88.491,180.4,0.6019,-2.8483,0.653,2.281,-0.31,480,0,0,43,0.5514,0.5815,LIMIT,PolygonLimit,0.0316,1.0,0.0316,0.0158,0.0158
88.593,180.5,0.603,-2.8473,0.6878,2.281,-0.31,480,0,0,41,0.5523,0.5809,SLOWDOWN,PolygonSlow,0.0316,1.0,0.0316,0.0095,0.0095
88.691,180.6,0.6038,-2.8464,0.7194,2.281,-0.31,480,0,0,39,0.5532,0.5809,SLOWDOWN,PolygonSlow,0.0316,0.9487,0.0316,0.0095,0.0095
88.791,180.7,0.6049,-2.8453,0.7468,2.281,-0.31,480,0,0,37,0.5546,0.5817,LIMIT,PolygonLimit,0.0632,0.9487,0.0632,0.0333,0.0333
88.891,180.8,0.6071,-2.843,0.7853,2.281,-0.31,480,0,0,35,0.5574,0.5844,LIMIT,PolygonLimit,0.0632,0.9487,0.0632,0.0333,0.0333
88.992,180.9,0.61,-2.84,0.8236,2.281,-0.31,480,0,0,32,0.5617,0.5886,LIMIT,PolygonLimit,0.1263,1.0,0.1263,0.0632,0.0632
89.093,181.0,0.6156,-2.8342,0.8605,2.281,-0.31,480,0,0,29,0.5698,0.5968,LIMIT,PolygonLimit,0.2053,1.0,0.2053,0.1026,0.1026
89.194,181.1,0.622,-2.8266,0.8963,2.281,-0.31,480,0,0,26,0.5805,0.6079,LIMIT,PolygonLimit,0.1895,0.9487,0.1895,0.0999,0.0999
89.299,181.2,0.6292,-2.8175,0.931,2.281,-0.31,480,0,0,22,0.5938,0.6215,LIMIT,PolygonLimit,0.2684,1.0,0.2684,0.1342,0.1342
89.399,181.3,0.636,-2.8085,0.9662,2.281,-0.31,480,0,0,19,0.6083,0.6362,LIMIT,PolygonLimit,0.1895,1.0,0.1895,0.0947,0.0947
89.504,181.4,0.6419,-2.7994,1.0014,2.281,-0.31,480,0,0,15,0.6242,0.6525,LIMIT,PolygonLimit,0.2842,1.0,0.2684,0.1342,0.1342
89.618,181.5,0.6497,-2.7856,1.0447,2.281,-0.31,480,0,0,12,0.6443,0.6731,LIMIT,PolygonLimit,0.2526,1.0,0.2526,0.1421,0.1421
89.706,181.6,0.6543,-2.7765,1.0752,2.281,-0.31,480,0,0,8,0.6667,0.6959,LIMIT,PolygonLimit,0.3,1.0,0.2526,0.1263,0.1263
89.819,181.7,0.6603,-2.7617,1.1221,2.281,-0.31,480,0,0,4,0.6925,0.7222,LIMIT,PolygonLimit,0.2842,1.0,0.2842,0.15,0.15
89.905,181.8,0.6637,-2.7513,1.155,2.281,-0.31,480,0,0,0,0.7228,0.753,LIMIT,PolygonLimit,0.2684,1.0,0.2842,0.1421,0.1421
90.018,181.9,0.6679,-2.7356,1.2008,2.281,-0.31,480,0,0,0,0.762,0.7928,DO_NOTHING,,0.2368,1.0,0.2368,0.2684,0.2684
90.113,182.0,0.6726,-2.716,1.2578,2.281,-0.31,480,0,0,0,0.8178,0.8493,DO_NOTHING,,0.2842,1.0,0.2368,0.2368,0.2368
90.221,182.1,0.6743,-2.6927,1.3239,2.281,-0.31,480,0,0,0,0.8951,0.9275,DO_NOTHING,,0.2526,1.0,0.2526,0.2842,0.2842
90.321,182.2,0.6739,-2.6671,1.4177,2.281,-0.31,480,0,0,0,1.0168,1.0558,DO_NOTHING,,0.2842,1.0,0.2842,0.2526,0.2526
90.425,182.3,0.6705,-2.6399,1.5163,2.281,-0.31,480,0,0,0,0.9897,1.0743,DO_NOTHING,,0.2526,1.0,0.2526,0.2842,0.2842
90.527,182.4,0.6644,-2.6134,1.6204,2.281,-0.31,480,0,0,0,0.9634,1.0583,DO_NOTHING,,0.2842,0.8974,0.2842,0.2526,0.2526
90.63,182.5,0.6565,-2.5865,1.7142,2.281,-0.31,480,0,0,0,0.9364,1.0398,DO_NOTHING,,0.3,0.8974,0.3,0.2842,0.2842
90.729,182.6,0.6461,-2.5575,1.7985,2.281,-0.31,480,0,0,0,0.9074,1.0178,DO_NOTHING,,0.2684,1.0,0.2684,0.3,0.3
90.832,182.7,0.6344,-2.5307,1.885,2.281,-0.31,480,0,0,0,0.8806,0.9972,DO_NOTHING,,0.2842,0.8974,0.2842,0.2684,0.2684
90.929,182.8,0.6208,-2.505,1.9616,2.281,-0.31,480,0,0,0,0.8548,0.9763,DO_NOTHING,,0.3,1.0,0.3,0.2842,0.2842
91.035,182.9,0.6065,-2.4804,2.0272,2.281,-0.31,480,0,0,0,0.8303,0.9553,DO_NOTHING,,0.2842,0.9487,0.2842,0.3,0.3
91.134,183.0,0.5925,-2.4581,2.0853,2.281,-0.31,480,0,0,0,0.808,0.9357,DO_NOTHING,,0.3,0.6923,0.3,0.3,0.3
91.234,183.1,0.5771,-2.436,2.132,2.281,-0.31,480,0,0,0,0.786,0.9155,DO_NOTHING,,0.3,0.8462,0.3,0.3,0.3
91.334,183.2,0.5605,-2.4132,2.1843,2.281,-0.31,480,0,0,1,0.7632,0.8946,DO_NOTHING,,0.3,0.9487,0.3,0.3,0.3
91.435,183.3,0.5435,-2.3911,2.2471,2.281,-0.31,480,0,0,8,0.7412,0.8744,LIMIT,PolygonLimit,0.3,0.8974,0.3,0.1671,0.1671
91.534,183.4,0.5323,-2.3778,2.2905,2.281,-0.31,480,0,0,10,0.7281,0.8622,LIMIT,PolygonLimit,0.3,0.641,0.3,0.2034,0.2034
91.636,183.5,0.5179,-2.3625,2.3271,2.281,-0.31,480,0,0,7,0.7132,0.8477,LIMIT,PolygonLimit,0.2842,0.5897,0.2842,0.241,0.241
91.734,183.6,0.5011,-2.3454,2.3659,2.281,-0.31,480,0,0,4,0.6972,0.8317,DO_NOTHING,,0.3,0.4359,0.3,0.3,0.3
91.834,183.7,0.4801,-2.3254,2.3985,2.281,-0.31,480,0,0,2,0.6798,0.8137,DO_NOTHING,,0.2842,0.5385,0.2842,0.2842,0.2842
91.933,183.8,0.4589,-2.3065,2.4377,2.281,-0.31,480,0,0,0,0.6634,0.7963,DO_NOTHING,,0.3,0.4359,0.3,0.3,0.3
92.034,183.9,0.4359,-2.2875,2.4694,2.281,-0.31,480,0,0,0,0.648,0.7793,DO_NOTHING,,0.3,0.2308,0.3,0.3,0.3
92.134,184.0,0.4123,-2.2691,2.4891,2.281,-0.31,480,0,0,0,0.6352,0.7646,DO_NOTHING,,0.3,0.3333,0.3,0.3,0.3
92.234,184.1,0.3885,-2.2511,2.5112,2.281,-0.31,480,0,0,0,0.623,0.7502,DO_NOTHING,,0.3,0.2821,0.3,0.3,0.3
92.333,184.2,0.3644,-2.2337,2.5301,2.281,-0.31,480,0,0,0,0.6133,0.7376,DO_NOTHING,,0.2842,0.3333,0.2842,0.2842,0.2842
92.434,184.3,0.3414,-2.2176,2.5519,2.281,-0.31,480,0,0,0,0.6078,0.7283,DO_NOTHING,,0.2842,0.1282,0.2842,0.2842,0.2842
92.535,184.4,0.318,-2.2019,2.5635,2.281,-0.31,480,0,0,0,0.5988,0.717,DO_NOTHING,,0.3,0.0769,0.3,0.3,0.3
92.637,184.5,0.293,-2.1856,2.5683,2.281,-0.31,480,0,0,0,0.594,0.7089,DO_NOTHING,,0.2842,0.0769,0.2842,0.2842,0.2842
92.739,184.6,0.2693,-2.1702,2.5732,2.281,-0.31,480,0,0,0,0.5944,0.7051,DO_NOTHING,,0.3,-0.0256,0.3,0.3,0.3
92.846,184.7,0.2441,-2.1541,2.5721,2.281,-0.31,480,0,0,0,0.5916,0.6993,DO_NOTHING,,0.2842,-0.0256,0.2842,0.2842,0.2842
92.96,184.8,0.215,-2.1354,2.5702,2.281,-0.31,480,0,0,0,0.592,0.6956,DO_NOTHING,,0.3,-0.0256,0.3,0.3,0.3
93.045,184.9,0.1949,-2.1224,2.569,2.281,-0.31,480,0,0,0,0.5956,0.6951,DO_NOTHING,,0.2684,0.0769,0.2684,0.2684,0.2684
93.162,185.0,0.1674,-2.1047,2.5734,2.281,-0.31,480,0,0,0,0.5945,0.6905,DO_NOTHING,,0.3,-0.0256,0.3,0.3,0.3
93.245,185.1,0.1472,-2.0918,2.5721,2.281,-0.31,480,0,0,0,0.5995,0.691,DO_NOTHING,,0.3,-0.0769,0.3,0.3,0.3
93.359,185.2,0.1222,-2.0756,2.5673,2.281,-0.31,480,0,0,0,0.6057,0.6925,DO_NOTHING,,0.2842,-0.0769,0.2842,0.2842,0.2842
93.458,185.3,0.0982,-2.0599,2.563,2.281,-0.31,480,0,0,0,0.6119,0.6958,DO_NOTHING,,0.3,-0.0256,0.3,0.3,0.3
93.569,185.4,0.0732,-2.0435,2.5606,2.281,-0.31,480,0,0,0,0.6204,0.6983,DO_NOTHING,,0.3,-0.1795,0.3,0.3,0.3
93.668,185.5,0.0486,-2.0269,2.549,2.281,-0.31,480,0,0,0,0.6281,0.7031,DO_NOTHING,,0.3,-0.2308,0.3,0.3,0.3
93.78,185.6,0.0245,-2.0102,2.5344,2.281,-0.31,480,0,0,0,0.6396,0.7114,DO_NOTHING,,0.2368,0.0,0.2368,0.2368,0.2368
93.877,185.7,0.0038,-1.9957,2.5309,2.281,-0.31,480,0,0,0,0.6479,0.7157,DO_NOTHING,,0.3,-0.7949,0.3,0.3,0.3
93.986,185.8,-0.0203,-1.9783,2.5108,2.281,-0.31,480,0,0,0,0.6611,0.7269,DO_NOTHING,,0.3,-0.641,0.3,0.3,0.3
94.086,185.9,-0.0439,-1.9601,2.4694,2.281,-0.31,480,0,0,0,0.6738,0.7399,DO_NOTHING,,0.3,-0.6923,0.3,0.3,0.3
94.194,186.0,-0.0672,-1.9409,2.4166,2.281,-0.31,480,0,0,0,0.6827,0.7488,DO_NOTHING,,0.3,-0.8462,0.3,0.3,0.3
94.294,186.1,-0.0895,-1.9203,2.355,2.281,-0.31,480,0,0,0,0.6961,0.7646,DO_NOTHING,,0.3,-0.641,0.3,0.3,0.3
94.395,186.2,-0.1101,-1.8983,2.3033,2.281,-0.31,480,0,0,0,0.7067,0.7774,DO_NOTHING,,0.3,-0.7436,0.3,0.3,0.3
94.494,186.3,-0.1296,-1.8751,2.252,2.281,-0.31,480,0,0,0,0.7198,0.7911,DO_NOTHING,,0.3,-0.5897,0.3,0.3,0.3
94.594,186.4,-0.148,-1.8517,2.2089,2.281,-0.31,480,0,0,0,0.7295,0.8016,DO_NOTHING,,0.3,-0.6923,0.3,0.3,0.3
94.693,186.5,-0.1653,-1.8279,2.1654,2.281,-0.31,480,0,0,0,0.7389,0.8111,DO_NOTHING,,0.3,-0.4359,0.3,0.3,0.3
94.792,186.6,-0.1815,-1.8035,2.1342,2.281,-0.31,480,0,0,0,0.7501,0.8214,DO_NOTHING,,0.3,-0.4872,0.3,0.3,0.3
94.893,186.7,-0.1968,-1.7786,2.1039,2.281,-0.31,480,0,0,0,0.7583,0.8297,DO_NOTHING,,0.3,-0.3333,0.3,0.3,0.3
94.993,186.8,-0.2112,-1.7532,2.0774,2.281,-0.31,480,0,0,0,0.7683,0.8376,DO_NOTHING,,0.3,-0.4359,0.3,0.3,0.3
95.093,186.9,-0.2245,-1.7272,2.048,2.281,-0.31,480,0,0,0,0.7786,0.8469,DO_NOTHING,,0.3,-0.3333,0.3,0.3,0.3
95.194,187.0,-0.2369,-1.7008,2.0206,2.281,-0.31,480,0,0,0,0.789,0.8564,DO_NOTHING,,0.3,-0.4359,0.3,0.3,0.3
95.294,187.1,-0.2482,-1.6738,1.9895,2.281,-0.31,480,0,0,0,0.7991,0.8666,DO_NOTHING,,0.3,-0.2821,0.3,0.3,0.3
95.393,187.2,-0.2588,-1.6464,1.9635,2.281,-0.31,480,0,0,0,0.8084,0.8749,DO_NOTHING,,0.3,-0.4872,0.3,0.3,0.3
95.492,187.3,-0.2676,-1.6187,1.9237,2.281,-0.31,480,0,0,0,0.8173,0.8859,DO_NOTHING,,0.3,-0.4872,0.3,0.3,0.3
95.593,187.4,-0.275,-1.5909,1.8828,2.281,-0.31,480,0,0,0,0.8249,0.8725,DO_NOTHING,,0.2842,-0.4359,0.2842,0.2842,0.2842
95.693,187.5,-0.281,-1.5632,1.8441,2.281,-0.31,480,0,0,0,0.8023,0.8411,DO_NOTHING,,0.3,-0.4359,0.3,0.3,0.3
95.795,187.6,-0.286,-1.5349,1.8092,2.281,-0.31,480,0,0,0,0.7773,0.8099,DO_NOTHING,,0.2842,-0.2821,0.2842,0.2842,0.2842
95.894,187.7,-0.2906,-1.5064,1.7831,2.281,-0.31,480,0,0,0,0.7573,0.7837,DO_NOTHING,,0.3,-0.2821,0.3,0.3,0.3
95.997,187.8,-0.2945,-1.4778,1.7522,2.281,-0.31,480,0,0,0,0.7356,0.7546,DO_NOTHING,,0.2842,-0.3846,0.2842,0.2842,0.2842
96.095,187.9,-0.2968,-1.4489,1.7154,2.281,-0.31,480,0,0,10,0.7136,0.725,DO_NOTHING,,0.3,-0.3846,0.3,0.3,0.3
96.2,188.0,-0.2976,-1.4207,1.676,2.281,-0.31,480,0,0,12,0.6979,0.6994,DO_NOTHING,,0.2684,-0.4359,0.2684,0.2684,0.2684
96.317,188.1,-0.2968,-1.3874,1.6303,2.281,-0.31,480,0,0,16,0.68,0.6728,DO_NOTHING,,0.3,-0.3333,0.3,0.2842,0.2842
96.399,188.2,-0.2955,-1.3637,1.6029,2.281,-0.31,480,0,0,19,0.6644,0.6475,DO_NOTHING,,0.3,-0.3333,0.3,0.3,0.3
96.512,188.3,-0.2931,-1.3347,1.5709,2.281,-0.31,480,0,0,0,0.6503,0.625,DO_NOTHING,,0.3,-0.3333,0.2842,0.2842,0.2842
96.599,188.4,-0.2899,-1.3054,1.5387,2.281,-0.31,480,0,0,0,0.6393,0.6035,DO_NOTHING,,0.3,-0.3333,0.3,0.3,0.3
96.711,188.5,-0.2855,-1.2763,1.5045,2.281,-0.31,480,0,0,0,0.6307,0.5858,DO_NOTHING,,0.3,-0.5385,0.2842,0.2842,0.2842
96.813,188.6,-0.2799,-1.2473,1.4645,2.281,-0.31,480,0,0,0,0.6216,0.5648,DO_NOTHING,,0.3,-0.5385,0.3,0.3,0.3
96.917,188.7,-0.2726,-1.2176,1.4116,2.281,-0.31,480,0,0,0,0.6176,0.5488,DO_NOTHING,,0.2684,-0.4359,0.2684,0.3,0.3
97.018,188.8,-0.2643,-1.1903,1.3671,2.281,-0.31,480,0,0,0,0.616,0.536,DO_NOTHING,,0.2842,-0.3846,0.2842,0.2684,0.2684
97.125,188.9,-0.2554,-1.163,1.3303,2.281,-0.31,480,0,0,0,0.6168,0.5274,DO_NOTHING,,0.3,-0.5385,0.3,0.2842,0.2842
97.221,189.0,-0.2452,-1.1351,1.2911,2.281,-0.31,480,0,0,0,0.62,0.522,DO_NOTHING,,0.3,-0.4359,0.3,0.3,0.3
97.33,189.1,-0.2337,-1.1066,1.2506,2.281,-0.31,480,0,0,0,0.6259,0.5188,DO_NOTHING,,0.3,-0.3333,0.3,0.3,0.3
97.429,189.2,-0.2219,-1.0783,1.219,2.281,-0.31,480,0,0,0,0.6332,0.52,DO_NOTHING,,0.2842,-0.3333,0.2842,0.3,0.3
97.53,189.3,-0.2099,-1.0514,1.1904,2.281,-0.31,480,0,0,0,0.6424,0.5233,DO_NOTHING,,0.3,-0.2821,0.3,0.2842,0.2842
97.628,189.4,-0.1976,-1.0245,1.1686,2.281,-0.31,480,0,0,0,0.6529,0.5297,DO_NOTHING,,0.3,-0.1795,0.3,0.3,0.3
97.729,189.5,-0.1851,-0.9974,1.1537,2.281,-0.31,480,0,0,0,0.6648,0.5386,DO_NOTHING,,0.3,-0.2821,0.3,0.3,0.3
97.828,189.6,-0.1725,-0.9711,1.139,2.281,-0.31,480,0,0,0,0.6774,0.5492,DO_NOTHING,,0.3,-0.2308,0.3,0.3,0.3
97.929,189.7,-0.1598,-0.9452,1.1265,2.281,-0.31,480,0,0,0,0.6901,0.5613,DO_NOTHING,,0.3,-0.2821,0.3,0.3,0.3
98.028,189.8,-0.1467,-0.9195,1.1123,2.281,-0.31,480,0,0,0,0.7033,0.5738,DO_NOTHING,,0.3,-0.1795,0.3,0.3,0.3
98.129,189.9,-0.1333,-0.8936,1.1011,2.281,-0.31,480,0,0,0,0.7167,0.5869,DO_NOTHING,,0.2842,-0.1795,0.2842,0.3,0.3
98.228,190.0,-0.1199,-0.8685,1.0897,2.281,-0.31,480,0,0,0,0.7288,0.5998,DO_NOTHING,,0.3,-0.1795,0.3,0.2842,0.2842
98.328,190.1,-0.1061,-0.843,1.0798,2.281,-0.31,480,0,0,0,0.7259,0.6133,DO_NOTHING,,0.3,-0.1282,0.3,0.3,0.3
98.428,190.2,-0.0918,-0.8172,1.0719,2.281,-0.31,480,0,0,0,0.7253,0.6273,DO_NOTHING,,0.3,-0.0769,0.3,0.3,0.3
98.528,190.3,-0.0774,-0.7912,1.0669,2.281,-0.31,480,0,0,0,0.7254,0.6416,DO_NOTHING,,0.3,-0.0256,0.3,0.3,0.3
98.627,190.4,-0.0629,-0.7651,1.0648,2.281,-0.31,480,0,0,0,0.7246,0.6561,DO_NOTHING,,0.2842,-0.0256,0.2842,0.3,0.3
98.731,190.5,-0.0489,-0.74,1.0633,2.281,-0.31,480,0,0,0,0.7259,0.67,DO_NOTHING,,0.3,-0.0769,0.3,0.2842,0.2842
98.828,190.6,-0.0345,-0.7144,1.0597,2.281,-0.31,480,0,0,0,0.7308,0.6843,DO_NOTHING,,0.2842,-0.0769,0.2842,0.3,0.3
98.927,190.7,-0.0203,-0.6895,1.0551,2.281,-0.31,480,0,0,0,0.7335,0.6983,DO_NOTHING,,0.2842,0.0,0.2842,0.2842,0.2842
99.028,190.8,-0.0063,-0.6649,1.054,2.281,-0.31,480,0,0,0,0.7414,0.7123,DO_NOTHING,,0.2684,-0.0256,0.2684,0.2842,0.2842
99.13,190.9,0.0071,-0.6414,1.0528,2.281,-0.31,480,0,0,0,0.7469,0.7257,DO_NOTHING,,0.2842,-0.0256,0.2842,0.2684,0.2684
99.23,191.0,0.0211,-0.617,1.0514,2.281,-0.31,480,0,0,0,0.7534,0.7396,DO_NOTHING,,0.2684,-0.0256,0.2684,0.2842,0.2842
99.333,191.1,0.0346,-0.5935,1.0499,2.281,-0.31,480,0,0,0,0.7605,0.7531,DO_NOTHING,,0.2526,-0.0256,0.2526,0.2526,0.2526
99.434,191.2,0.0472,-0.5717,1.0484,2.281,-0.31,480,0,0,0,0.7691,0.7656,DO_NOTHING,,0.2368,-0.0256,0.2368,0.2368,0.2368
99.54,191.3,0.059,-0.5512,1.0469,2.281,-0.31,480,0,0,0,0.775,0.7774,DO_NOTHING,,0.2211,-0.0256,0.2211,0.2211,0.2211
99.652,191.4,0.0722,-0.5286,1.045,2.281,-0.31,480,0,0,0,0.7832,0.7884,DO_NOTHING,,0.2053,-0.0256,0.2053,0.2053,0.2053
99.739,191.5,0.0804,-0.5145,1.0438,2.281,-0.31,480,0,0,0,0.7905,0.7987,DO_NOTHING,,0.1895,-0.0256,0.1895,0.1895,0.1895
99.854,191.6,0.0917,-0.4952,1.0423,2.281,-0.31,480,0,0,0,0.7993,0.8082,DO_NOTHING,,0.1737,0.0,0.1737,0.1737,0.1737
99.94,191.7,0.0987,-0.4832,1.0423,2.281,-0.31,480,0,0,0,0.8073,0.817,DO_NOTHING,,0.1737,-0.1795,0.1737,0.1737,0.1737
100.052,191.8,0.1075,-0.4687,1.0338,2.281,-0.31,480,0,0,0,0.8127,0.8717,DO_NOTHING,,0.1579,-0.1282,0.1579,0.1579,0.1579
100.152,191.9,0.1158,-0.4553,1.0251,2.281,-0.31,480,0,0,0,0.8209,0.8789,DO_NOTHING,,0.1421,0.0,0.1421,0.1421,0.1421
100.259,192.0,0.1232,-0.4432,1.024,2.281,-0.31,480,0,0,0,0.8269,0.8838,DO_NOTHING,,0.1421,-0.1282,0.1421,0.1421,0.1421
100.358,192.1,0.1305,-0.4316,1.0176,2.281,-0.31,480,0,0,0,0.8344,0.8742,DO_NOTHING,,0.1263,0.0256,0.1263,0.1263,0.1263
100.465,192.2,0.1371,-0.4208,1.0185,2.281,-0.31,480,0,0,0,0.8409,0.865,DO_NOTHING,,0.1263,-0.1282,0.1263,0.1263,0.1263
100.564,192.3,0.1436,-0.4106,1.0111,2.281,-0.31,480,0,0,0,0.8472,0.8552,DO_NOTHING,,0.1105,-0.0769,0.1105,0.1105,0.1105
100.668,192.4,0.1495,-0.4014,1.0056,2.281,-0.31,480,0,0,0,0.8503,0.8467,DO_NOTHING,,0.1105,-0.1282,0.1105,0.1105,0.1105
100.766,192.5,0.1554,-0.3925,0.9978,2.281,-0.31,480,0,0,0,0.8541,0.8383,DO_NOTHING,,0.0947,-0.0769,0.0947,0.0947,0.0947
100.87,192.6,0.1606,-0.3847,0.9924,2.281,-0.31,480,0,0,0,0.8492,0.8309,DO_NOTHING,,0.0947,-0.1282,0.0947,0.0947,0.0947
100.968,192.7,0.1657,-0.3772,0.9849,2.281,-0.31,480,0,0,0,0.8434,0.824,DO_NOTHING,,0.0789,0.0769,0.0789,0.0789,0.0789
101.071,192.8,0.17,-0.3707,0.9886,2.281,-0.31,480,0,0,0,0.839,0.8192,DO_NOTHING,,0.0789,-0.1282,0.0789,0.0789,0.0789
101.168,192.9,0.1743,-0.3643,0.9814,2.281,-0.31,480,0,0,0,0.8347,0.8131,DO_NOTHING,,0.0789,-0.1282,0.0789,0.0789,0.0789
101.272,193.0,0.1786,-0.3582,0.9738,2.281,-0.31,480,0,0,0,0.8305,0.8071,DO_NOTHING,,0.0632,0.1282,0.0632,0.0632,0.0632
101.368,193.1,0.1821,-0.353,0.9797,2.281,-0.31,480,0,0,0,0.827,0.8038,DO_NOTHING,,0.0632,-0.1282,0.0632,0.0632,0.0632
101.47,193.2,0.1856,-0.348,0.9736,2.281,-0.31,480,0,0,0,0.8232,0.7991,DO_NOTHING,,0.0632,-0.1282,0.0632,0.0632,0.0632
101.57,193.3,0.1892,-0.3429,0.9653,2.281,-0.31,480,0,0,0,0.8202,0.7941,DO_NOTHING,,0.0632,-0.1282,0.0632,0.0632,0.0632
101.67,193.4,0.1926,-0.3382,0.9575,2.281,-0.31,480,0,0,0,0.8169,0.7893,DO_NOTHING,,0.0474,0.1282,0.0474,0.0474,0.0474
101.769,193.5,0.1953,-0.3343,0.9636,2.281,-0.31,480,0,0,0,0.8144,0.7873,DO_NOTHING,,0.0474,-0.3333,0.0474,0.0474,0.0474
101.869,193.6,0.198,-0.3306,0.9542,2.281,-0.31,480,0,0,0,0.8123,0.7832,DO_NOTHING,,0.0474,-0.3333,0.0474,0.0474,0.0474
101.973,193.7,0.2006,-0.3273,0.9327,2.281,-0.31,480,0,0,0,0.8105,0.7779,DO_NOTHING,,0.0316,-0.2308,0.0316,0.0316,0.0316
102.07,193.8,0.2025,-0.3249,0.9168,2.281,-0.31,480,0,0,0,0.8088,0.7741,DO_NOTHING,,0.0316,-0.2308,0.0316,0.0316,0.0316
102.17,193.9,0.2045,-0.3225,0.9008,2.281,-0.31,480,0,0,0,0.8071,0.7702,DO_NOTHING,,0.0316,-0.2308,0.0316,0.0316,0.0316
102.269,194.0,0.2064,-0.32,0.8845,2.281,-0.31,480,0,0,0,0.8061,0.7663,DO_NOTHING,,0.0316,-0.2308,0.0316,0.0316,0.0316
102.369,194.1,0.2085,-0.3175,0.8679,2.281,-0.31,480,0,0,0,0.8046,0.7624,DO_NOTHING,,0.0316,-0.2308,0.0316,0.0316,0.0316
102.468,194.2,0.2105,-0.3149,0.851,2.281,-0.31,480,0,0,0,0.8032,0.7583,DO_NOTHING,,0.0316,-0.2308,0.0316,0.0316,0.0316
102.57,194.3,0.2123,-0.3126,0.8333,2.281,-0.31,480,0,0,0,0.8015,0.7544,DO_NOTHING,,0.0,-0.4872,0.0,0.0,0.0
102.673,194.4,0.2123,-0.3124,0.7986,2.281,-0.31,480,0,0,0,0.8015,0.7497,DO_NOTHING,,0.0,-0.4872,0.0,0.0,0.0
102.773,194.5,0.2124,-0.3123,0.7607,2.281,-0.31,480,0,0,0,0.8016,0.7449,DO_NOTHING,,0.0,-0.4872,0.0,0.0,0.0
102.879,194.6,0.2128,-0.3123,0.7253,2.281,-0.31,480,0,0,0,0.8016,0.7406,DO_NOTHING,,0.0,-0.4359,0.0,0.0,0.0
102.996,194.7,0.2131,-0.3123,0.6893,2.281,-0.31,480,0,0,0,0.802,0.7369,DO_NOTHING,,0.0,-0.3846,0.0,0.0,0.0
103.079,194.8,0.2132,-0.3123,0.6676,2.281,-0.31,480,0,0,0,0.8016,0.7336,DO_NOTHING,,0.0,-0.3846,0.0,0.0,0.0
103.196,194.9,0.2133,-0.3124,0.6378,2.281,-0.31,480,0,0,0,0.8022,0.7307,DO_NOTHING,,0.0,-0.3333,0.0,0.0,0.0
103.279,195.0,0.2136,-0.3124,0.62,2.281,-0.31,480,0,0,0,0.802,0.7281,DO_NOTHING,,0.0,-0.3333,0.0,0.0,0.0
103.395,195.1,0.214,-0.3124,0.5982,2.281,-0.31,480,0,0,0,0.802,0.7257,DO_NOTHING,,0.0,-0.3333,0.0,0.0,0.0
103.492,195.2,0.2144,-0.3123,0.5769,2.281,-0.31,480,0,0,0,0.8026,0.7233,DO_NOTHING,,0.0,-0.2821,0.0,0.0,0.0
103.602,195.3,0.2145,-0.3127,0.5566,2.281,-0.31,480,0,0,0,0.8025,0.7214,DO_NOTHING,,0.0,-0.2308,0.0,0.0,0.0
103.7,195.4,0.2146,-0.3132,0.5373,2.281,-0.31,480,0,0,0,0.8035,0.7198,DO_NOTHING,,0.0,-0.2308,0.0,0.0,0.0
103.809,195.5,0.2146,-0.3137,0.5194,2.281,-0.31,480,0,0,0,0.8035,0.7183,DO_NOTHING,,0.0,-0.2308,0.0,0.0,0.0
103.907,195.6,0.2146,-0.3144,0.5013,2.281,-0.31,480,0,0,0,0.8043,0.7169,DO_NOTHING,,0.0,-0.2308,0.0,0.0,0.0
104.01,195.7,0.2146,-0.3151,0.483,2.281,-0.31,480,0,0,0,0.8045,0.7156,DO_NOTHING,,0.0,-0.1795,0.0,0.0,0.0
104.112,195.8,0.2146,-0.3157,0.4668,2.281,-0.31,480,0,0,0,0.8053,0.7146,DO_NOTHING,,0.0,-0.1795,0.0,0.0,0.0
104.212,195.9,0.2146,-0.3163,0.4523,2.281,-0.31,480,0,0,0,0.8061,0.7136,DO_NOTHING,,0.0,0.0,0.0,0.0,0.0
104.31,196.0,0.2146,-0.3167,0.4438,2.281,-0.31,480,0,0,0,0.8066,0.7131,DO_NOTHING,,0.0,0.0,0.0,0.0,0.0
104.414,196.1,0.2146,-0.3167,0.4438,2.281,-0.31,480,0,0,0,0.8066,0.7131,DO_NOTHING,,0.0,0.0,0.0,0.0,0.0
104.513,196.2,0.2146,-0.3167,0.4438,2.281,-0.31,480,0,0,0,0.8066,0.7131,DO_NOTHING,,0.0,0.0,0.0,0.0,0.0
104.618,196.3,0.2146,-0.3167,0.4438,2.281,-0.31,480,0,0,0,0.8066,0.7131,DO_NOTHING,,0.0,0.0,0.0,0.0,0.0
104.718,196.4,0.2146,-0.3167,0.4438,2.281,-0.31,480,0,0,0,0.8066,0.7131,DO_NOTHING,,0.0,0.0,0.0,0.0,0.0
104.813,196.5,0.2146,-0.3167,0.4438,2.281,-0.31,480,0,0,0,0.8066,0.7131,DO_NOTHING,,0.0,0.0,0.0,0.0,0.0
104.917,196.6,0.2146,-0.3167,0.4438,2.281,-0.31,480,0,0,0,0.8066,0.7131,DO_NOTHING,,0.0,0.0,0.0,0.0,0.0
105.014,196.7,0.2146,-0.3167,0.4438,2.281,-0.31,480,0,0,0,0.8066,0.7131,DO_NOTHING,,0.0,0.0,0.0,0.0,0.0
105.116,196.8,0.2146,-0.3167,0.4438,2.281,-0.31,480,0,0,0,0.8066,0.7131,DO_NOTHING,,0.0,0.0,0.0,0.0,0.0
105.215,196.9,0.2146,-0.3167,0.4438,2.281,-0.31,480,0,0,0,0.8066,0.7131,DO_NOTHING,,0.0,0.0,0.0,0.0,0.0
105.317,197.0,0.2146,-0.3167,0.4438,2.281,-0.31,480,0,0,0,0.8066,0.7131,DO_NOTHING,,0.0,0.0,0.0,0.0,0.0
105.413,197.1,0.2146,-0.3167,0.4438,-0.619,-0.11,480,0,0,0,0.8066,0.7131,DO_NOTHING,,0.0,0.9487,0.0,0.0,0.0
105.513,197.2,0.2145,-0.3165,0.45,-0.619,-0.11,480,0,0,0,0.8064,0.7135,DO_NOTHING,,0.0,0.9487,0.0,0.0,0.0
105.612,197.3,0.2142,-0.3154,0.4801,-0.619,-0.11,480,0,0,0,0.8047,0.7156,DO_NOTHING,,0.0,0.9487,0.0,0.0,0.0
105.713,197.4,0.2133,-0.3142,0.531,-0.619,-0.11,480,0,0,0,0.8034,0.7196,DO_NOTHING,,0.0,0.8974,0.0,0.0,0.0
105.817,197.5,0.2118,-0.3136,0.5914,-0.619,-0.11,480,0,0,0,0.8022,0.7255,DO_NOTHING,,0.0,0.7949,0.0,0.0,0.0
105.916,197.6,0.2108,-0.3136,0.6466,-0.619,-0.11,480,0,0,0,0.802,0.7317,DO_NOTHING,,0.0,0.7436,0.0,0.0,0.0
106.022,197.7,0.2106,-0.3136,0.6996,-0.619,-0.11,480,0,0,0,0.8019,0.738,DO_NOTHING,,0.0,0.6923,0.0,0.0,0.0
106.12,197.8,0.21,-0.3136,0.7518,-0.619,-0.11,480,0,0,0,0.8013,0.7443,DO_NOTHING,,0.0,0.641,0.0,0.0,0.0
106.227,197.9,0.2098,-0.3136,0.8028,-0.619,-0.11,480,0,0,0,0.8015,0.7507,DO_NOTHING,,0.0,1.0,0.0,0.0,0.0
106.338,198.0,0.2098,-0.314,0.8734,-0.619,-0.11,480,0,0,0,0.8015,0.7582,DO_NOTHING,,0.0,0.9487,0.0,0.0,0.0
106.426,198.1,0.2098,-0.314,0.9267,-0.619,-0.11,480,0,0,0,0.8019,0.7671,DO_NOTHING,,0.0,0.8462,0.0,0.0,0.0
106.538,198.2,0.2098,-0.3137,0.9967,-0.619,-0.11,480,0,0,0,0.8014,0.7747,DO_NOTHING,,0.0474,1.0,0.0474,0.0474,0.0474
106.628,198.3,0.2105,-0.3119,1.0483,-0.619,-0.11,480,0,0,0,0.8001,0.7814,DO_NOTHING,,0.0316,0.9487,0.0316,0.0474,0.0474
106.737,198.4,0.2111,-0.3085,1.1204,-0.619,-0.11,480,0,0,0,0.7975,0.7881,DO_NOTHING,,0.0316,0.8462,0.0316,0.0316,0.0316
106.836,198.5,0.2108,-0.3056,1.1939,-0.619,-0.11,480,0,0,0,0.7946,0.7951,DO_NOTHING,,0.0474,0.9487,0.0474,0.0474,0.0474
106.944,198.6,0.2083,-0.3016,1.2727,-0.619,-0.11,480,0,0,0,0.7901,0.801,DO_NOTHING,,0.0316,1.0,0.0316,0.0316,0.0316
107.04,198.7,0.2044,-0.2982,1.3626,-0.619,-0.11,480,0,0,0,0.7856,0.8086,DO_NOTHING,,0.0316,0.9487,0.0316,0.0316,0.0316
107.151,198.8,0.1993,-0.2951,1.4542,-0.619,-0.11,480,0,0,0,0.7802,0.816,DO_NOTHING,,0.0158,1.0,0.0158,0.0158,0.0158
107.246,198.9,0.1931,-0.2934,1.5557,-0.619,-0.11,480,0,0,0,0.7759,0.8253,DO_NOTHING,,0.0,0.9487,0.0,0.0,0.0
107.35,199.0,0.1857,-0.2934,1.6546,-0.619,-0.11,480,0,0,0,0.7731,0.835,DO_NOTHING,,0.0632,1.0,0.0632,0.0632,0.0632
107.451,199.1,0.1771,-0.2887,1.75,-0.619,-0.11,480,0,0,0,0.7658,0.8388,DO_NOTHING,,0.0632,0.8974,0.0632,0.0632,0.0632
107.553,199.2,0.1695,-0.2826,1.8339,-0.619,-0.11,480,0,0,0,0.7571,0.8396,DO_NOTHING,,0.0,0.7949,0.0,0.0,0.0
107.652,199.3,0.1646,-0.2811,1.9054,-0.619,-0.11,480,0,0,0,0.7537,0.8439,DO_NOTHING,,0.0474,1.0,0.0474,0.0474,0.0474
107.755,199.4,0.1597,-0.279,1.9758,-0.619,-0.11,480,0,0,0,0.75,0.847,DO_NOTHING,,0.3,1.0,0.1724,0.1724,0.1724
107.851,199.5,0.1523,-0.2714,2.0326,-0.619,-0.11,480,0,0,0,0.7401,0.8425,DO_NOTHING,,0.2526,1.0,0.2526,0.2526,0.2526
107.953,199.6,0.1404,-0.2543,2.0882,-0.619,-0.11,480,0,0,0,0.7198,0.8272,DO_NOTHING,,0.3,1.0,0.3,0.3,0.3
108.052,199.7,0.1251,-0.2339,2.1481,-0.619,-0.11,480,0,0,0,0.6955,0.8076,DO_NOTHING,,0.3,0.8974,0.3,0.3,0.3
108.151,199.8,0.108,-0.2125,2.2071,-0.619,-0.11,480,0,0,0,0.6691,0.7862,DO_NOTHING,,0.3,1.0,0.3,0.3,0.3
108.251,199.9,0.0894,-0.1911,2.2766,-0.619,-0.11,480,0,0,0,0.6425,0.7645,DO_NOTHING,,0.3,0.9487,0.3,0.3,0.3
108.354,200.0,0.0691,-0.1696,2.3481,-0.619,-0.11,480,0,0,16,0.6157,0.7417,LIMIT,PolygonLimit,0.3,0.9487,0.3,0.1581,0.1581
108.452,200.1,0.054,-0.1551,2.4024,-0.619,-0.11,480,0,0,31,0.5973,0.7257,LIMIT,PolygonLimit,0.3,0.9487,0.3,0.1581,0.1581
108.553,200.2,0.0423,-0.1446,2.4394,-0.619,-0.11,480,0,0,36,0.5838,0.7138,LIMIT,PolygonLimit,0.3,0.8462,0.3,0.1773,0.1773
108.654,200.3,0.0287,-0.1335,2.4749,-0.619,-0.11,480,0,0,40,0.5692,0.7004,LIMIT,PolygonLimit,0.3,0.7949,0.3,0.1887,0.1887
108.752,200.4,0.014,-0.122,2.5092,-0.619,-0.11,480,0,0,44,0.554,0.6862,LIMIT,PolygonLimit,0.3,0.6923,0.3,0.2167,0.2167
108.852,200.5,-0.0028,-0.1097,2.5424,-0.619,-0.11,480,0,8,47,0.5373,0.6705,SLOWDOWN,PolygonSlow,0.3,0.641,0.3,0.09,0.09
108.953,200.6,-0.0133,-0.1022,2.5652,-0.619,-0.11,480,0,12,48,0.5272,0.6609,SLOWDOWN,PolygonSlow,0.3,0.5385,0.3,0.09,0.09
109.052,200.7,-0.0209,-0.0976,2.5774,-0.619,-0.11,480,0,14,51,0.5207,0.6547,SLOWDOWN,PolygonSlow,0.3,0.7436,0.3,0.09,0.09
109.154,200.8,-0.0285,-0.0933,2.5935,-0.619,-0.11,480,0,16,51,0.5146,0.6489,SLOWDOWN,PolygonSlow,0.3,0.6923,0.3,0.09,0.09
109.253,200.9,-0.0362,-0.0891,2.6097,-0.619,-0.11,480,0,17,52,0.5087,0.6431,SLOWDOWN,PolygonSlow,0.2842,0.7436,0.2842,0.0853,0.0853
109.358,201.0,-0.0436,-0.0854,2.6266,-0.619,-0.11,480,0,19,53,0.5032,0.6378,SLOWDOWN,PolygonSlow,0.3,0.641,0.3,0.09,0.09
109.457,201.1,-0.0515,-0.0815,2.6415,-0.619,-0.11,480,0,20,53,0.4976,0.6322,SLOWDOWN,PolygonSlow,0.3,0.5897,0.3,0.09,0.09
109.564,201.2,-0.0594,-0.0778,2.6556,-0.619,-0.11,480,0,21,54,0.4924,0.6268,SLOWDOWN,PolygonSlow,0.3,0.5897,0.3,0.09,0.09
109.674,201.3,-0.069,-0.0734,2.6711,-0.619,-0.11,480,0,22,54,0.4873,0.6217,SLOWDOWN,PolygonSlow,0.3,0.3333,0.3,0.09,0.09
109.762,201.4,-0.0754,-0.0705,2.6786,-0.619,-0.11,480,0,24,54,0.4822,0.6164,SLOWDOWN,PolygonSlow,0.3,0.4872,0.3,0.09,0.09
109.875,201.5,-0.0851,-0.0663,2.6914,-0.619,-0.11,480,0,24,55,0.4772,0.611,SLOWDOWN,PolygonSlow,0.3,0.2821,0.3,0.09,0.09
109.963,201.6,-0.0916,-0.0635,2.6976,-0.619,-0.11,480,0,25,55,0.4726,0.6061,SLOWDOWN,PolygonSlow,0.3,0.4359,0.3,0.09,0.09
110.075,201.7,-0.0997,-0.0601,2.7084,-0.619,-0.11,480,0,26,55,0.4681,0.6012,SLOWDOWN,PolygonSlow,0.3,0.4359,0.3,0.09,0.09
110.173,201.8,-0.1079,-0.0569,2.7192,-0.619,-0.11,480,0,27,56,0.464,0.5966,SLOWDOWN,PolygonSlow,0.3,0.4359,0.3,0.09,0.09
110.281,201.9,-0.1162,-0.0538,2.7295,-0.619,-0.11,480,0,27,56,0.4598,0.5918,SLOWDOWN,PolygonSlow,0.3,0.3846,0.3,0.09,0.09
110.38,202.0,-0.1244,-0.0506,2.7377,-0.619,-0.11,480,0,27,56,0.4558,0.5874,SLOWDOWN,PolygonSlow,0.3,0.2308,0.3,0.09,0.09
110.486,202.1,-0.1327,-0.0475,2.7445,-0.619,-0.11,480,0,28,57,0.4519,0.583,SLOWDOWN,PolygonSlow,0.3,0.3333,0.3,0.09,0.09
110.583,202.2,-0.141,-0.0445,2.7529,-0.619,-0.11,480,0,27,57,0.4481,0.5788,SLOWDOWN,PolygonSlow,0.3,0.3333,0.3,0.09,0.09
110.687,202.3,-0.1494,-0.0416,2.7614,-0.619,-0.11,480,0,28,57,0.4444,0.5747,SLOWDOWN,PolygonSlow,0.3,0.3333,0.3,0.09,0.09
110.788,202.4,-0.1577,-0.0387,2.7694,-0.619,-0.11,480,0,26,59,0.4408,0.5707,SLOWDOWN,PolygonSlow,0.3,0.2821,0.3,0.09,0.09
110.892,202.5,-0.166,-0.0359,2.7766,-0.619,-0.11,480,0,25,58,0.4373,0.5669,SLOWDOWN,PolygonSlow,0.2842,0.2821,0.2842,0.0853,0.0853
110.989,202.6,-0.1741,-0.0333,2.7839,-0.619,-0.11,480,0,24,58,0.4341,0.5631,SLOWDOWN,PolygonSlow,0.3,0.2821,0.3,0.09,0.09
111.089,202.7,-0.1825,-0.0305,2.7906,-0.619,-0.11,480,0,23,59,0.431,0.5593,SLOWDOWN,PolygonSlow,0.3,0.2308,0.3,0.09,0.09
111.188,202.8,-0.191,-0.0278,2.7966,-0.619,-0.11,480,0,23,58,0.4279,0.5556,SLOWDOWN,PolygonSlow,0.3,0.2308,0.3,0.09,0.09
111.288,202.9,-0.1995,-0.0252,2.8026,-0.619,-0.11,480,0,22,60,0.4251,0.5519,SLOWDOWN,PolygonSlow,0.3,0.2308,0.3,0.09,0.09
111.388,203.0,-0.208,-0.0225,2.8081,-0.619,-0.11,480,0,20,60,0.4228,0.5484,SLOWDOWN,PolygonSlow,0.3,0.1795,0.3,0.09,0.09
111.487,203.1,-0.2165,-0.0199,2.8128,-0.619,-0.11,480,0,19,60,0.4203,0.5449,SLOWDOWN,PolygonSlow,0.3,0.1795,0.3,0.09,0.09
111.588,203.2,-0.225,-0.0173,2.8175,-0.619,-0.11,480,0,17,61,0.418,0.5415,SLOWDOWN,PolygonSlow,0.3,0.1795,0.3,0.09,0.09
111.689,203.3,-0.2336,-0.0147,2.8216,-0.619,-0.11,480,0,17,62,0.4163,0.5387,SLOWDOWN,PolygonSlow,0.3,0.1282,0.3,0.09,0.09
111.786,203.4,-0.2421,-0.0121,2.825,-0.619,-0.11,480,0,16,62,0.4141,0.5355,SLOWDOWN,PolygonSlow,0.3,0.1282,0.3,0.09,0.09
111.886,203.5,-0.2505,-0.0096,2.8284,-0.619,-0.11,480,0,14,62,0.4125,0.5329,SLOWDOWN,PolygonSlow,0.2842,0.1282,0.2842,0.0853,0.0853
111.987,203.6,-0.2588,-0.0072,2.8318,-0.619,-0.11,480,0,12,62,0.4108,0.53,SLOWDOWN,PolygonSlow,0.3,0.1282,0.3,0.09,0.09
112.088,203.7,-0.2673,-0.0046,2.8346,-0.619,-0.11,480,0,12,63,0.4092,0.5276,SLOWDOWN,PolygonSlow,0.3,0.0769,0.3,0.09,0.09
112.188,203.8,-0.2759,-0.002,2.8367,-0.619,-0.11,480,0,11,63,0.4075,0.525,SLOWDOWN,PolygonSlow,0.3,0.0769,0.3,0.09,0.09
112.288,203.9,-0.2843,0.0005,2.8387,-0.619,-0.11,480,0,12,63,0.4058,0.5226,SLOWDOWN,PolygonSlow,0.2842,0.0769,0.2842,0.0853,0.0853
112.388,204.0,-0.2925,0.0029,2.8408,-0.619,-0.11,480,0,11,63,0.4045,0.5206,SLOWDOWN,PolygonSlow,0.2842,0.0769,0.2842,0.0853,0.0853
112.489,204.1,-0.3008,0.0052,2.8443,-0.619,-0.11,480,0,9,64,0.4035,0.5187,SLOWDOWN,PolygonSlow,0.3,0.2308,0.3,0.09,0.09
112.59,204.2,-0.3094,0.0074,2.8505,-0.619,-0.11,480,0,4,64,0.4027,0.5168,SLOWDOWN,PolygonSlow,0.3,0.2308,0.3,0.09,0.09
112.694,204.3,-0.3215,0.0105,2.8586,-0.619,-0.11,480,0,0,64,0.4017,0.5143,DO_NOTHING,,0.3,0.1795,0.3,0.3,0.3
112.792,204.4,-0.3483,0.0172,2.8721,-0.619,-0.11,480,0,0,66,0.4016,0.5093,DO_NOTHING,,0.3,0.1795,0.3,0.3,0.3
112.898,204.5,-0.3773,0.0243,2.8819,-0.619,-0.11,480,0,0,66,0.4033,0.5052,DO_NOTHING,,0.3,0.0769,0.3,0.3,0.3
113.01,204.6,-0.412,0.0332,2.887,-0.619,-0.11,480,0,0,66,0.4045,0.5029,DO_NOTHING,,0.3,0.0256,0.3,0.3,0.3
113.096,204.7,-0.4353,0.039,2.8899,-0.619,-0.11,480,0,0,66,0.408,0.5024,DO_NOTHING,,0.3,0.0256,0.3,0.3,0.3
113.209,204.8,-0.4702,0.0474,2.8963,-0.619,-0.11,480,0,0,65,0.4146,0.5034,DO_NOTHING,,0.3,0.0256,0.3,0.3,0.3
113.299,204.9,-0.4935,0.053,2.8993,-0.619,-0.11,480,0,0,65,0.4214,0.5048,DO_NOTHING,,0.3,0.0256,0.3,0.3,0.3
113.406,205.0,-0.5217,0.0599,2.9002,-0.619,-0.11,480,0,0,66,0.4291,0.5077,DO_NOTHING,,0.3,0.0769,0.2842,0.2842,0.2842
113.506,205.1,-0.5501,0.0667,2.9037,-0.619,-0.11,480,0,0,64,0.4381,0.512,DO_NOTHING,,0.3,0.0,0.3,0.3,0.3
113.616,205.2,-0.5793,0.0734,2.9076,-0.619,-0.11,480,0,0,64,0.4491,0.5181,DO_NOTHING,,0.3,0.1795,0.3,0.3,0.3
113.711,205.3,-0.6085,0.08,2.9143,-0.619,-0.11,480,0,6,61,0.4617,0.5252,DO_NOTHING,,0.3,0.1282,0.3,0.3,0.3
113.821,205.4,-0.6338,0.0852,2.9242,-0.619,-0.11,480,0,13,55,0.4738,0.5316,SLOWDOWN,PolygonSlow,0.3,0.0769,0.3,0.09,0.09
113.921,205.5,-0.6443,0.0874,2.9262,-0.619,-0.11,480,0,16,53,0.4787,0.5345,SLOWDOWN,PolygonSlow,0.3,0.0769,0.3,0.09,0.09
114.024,205.6,-0.6531,0.0891,2.9284,-0.619,-0.11,480,0,16,51,0.4829,0.5374,SLOWDOWN,PolygonSlow,0.2842,0.0769,0.2842,0.09,0.09
114.123,205.7,-0.6615,0.0908,2.9305,-0.619,-0.11,480,0,15,50,0.4875,0.5399,SLOWDOWN,PolygonSlow,0.3,0.1795,0.3,0.0853,0.0853
114.228,205.8,-0.6702,0.0923,2.9349,-0.619,-0.11,480,0,13,48,0.4921,0.5379,SLOWDOWN,PolygonSlow,0.3,0.1795,0.3,0.09,0.09
114.325,205.9,-0.679,0.0938,2.94,-0.619,-0.11,480,0,12,46,0.4971,0.5345,SLOWDOWN,PolygonSlow,0.3,0.1795,0.3,0.09,0.09
114.428,206.0,-0.6878,0.0952,2.9451,-0.619,-0.11,480,0,11,44,0.5019,0.5332,SLOWDOWN,PolygonSlow,0.3,0.1282,0.3,0.09,0.09
114.523,206.1,-0.6967,0.0966,2.9492,-0.619,-0.11,480,0,9,42,0.5073,0.5321,SLOWDOWN,PolygonSlow,0.3,0.1282,0.3,0.09,0.09
114.626,206.2,-0.7055,0.098,2.9528,-0.619,-0.11,480,0,8,40,0.5123,0.5295,SLOWDOWN,PolygonSlow,0.3,0.1282,0.3,0.09,0.09
114.723,206.3,-0.7143,0.0994,2.9565,-0.619,-0.11,480,0,7,38,0.518,0.527,SLOWDOWN,PolygonSlow,0.3,0.0769,0.3,0.09,0.09
114.824,206.4,-0.7232,0.1008,2.9591,-0.619,-0.11,480,0,5,37,0.5232,0.5249,SLOWDOWN,PolygonSlow,0.2842,0.1282,0.2842,0.09,0.09
114.926,206.5,-0.7317,0.1022,2.9623,-0.619,-0.11,480,0,4,35,0.5289,0.5243,SLOWDOWN,PolygonSlow,0.3,0.0769,0.3,0.0853,0.0853
115.028,206.6,-0.7404,0.1035,2.965,-0.619,-0.11,480,0,3,33,0.5341,0.5224,SLOWDOWN,PolygonSlow,0.3,0.0769,0.3,0.09,0.09
115.125,206.7,-0.7505,0.1051,2.9671,-0.619,-0.11,480,0,1,32,0.5402,0.521,DO_NOTHING,,0.3,0.0769,0.3,0.3,0.3
115.225,206.8,-0.7751,0.1092,2.971,-0.619,-0.11,480,0,0,27,0.5566,0.5171,DO_NOTHING,,0.2842,0.0769,0.2842,0.3,0.3
115.324,206.9,-0.8037,0.1135,2.9782,-0.619,-0.11,480,0,0,22,0.5759,0.5146,DO_NOTHING,,0.3,0.1282,0.3,0.2842,0.2842
115.425,207.0,-0.8327,0.1173,2.9885,-0.619,-0.11,480,0,0,16,0.5976,0.5131,DO_NOTHING,,0.3,0.0769,0.3,0.3,0.3
115.525,207.1,-0.8624,0.121,2.9977,-0.619,-0.11,480,0,0,11,0.6209,0.5131,DO_NOTHING,,0.3,0.1795,0.3,0.3,0.3
115.624,207.2,-0.8921,0.1243,3.0113,-0.619,-0.11,480,0,0,6,0.6243,0.5148,DO_NOTHING,,0.3,0.1282,0.3,0.3,0.3
115.723,207.3,-0.9219,0.1268,3.0256,-0.619,-0.11,480,0,0,1,0.6266,0.5171,DO_NOTHING,,0.2842,0.0769,0.2842,0.3,0.3
115.827,207.4,-0.9506,0.1292,3.0348,-0.619,-0.11,480,0,0,0,0.6289,0.5202,DO_NOTHING,,0.3,0.1282,0.3,0.2842,0.2842
115.923,207.5,-0.9799,0.1313,3.0455,-0.619,-0.11,480,0,0,0,0.631,0.5231,DO_NOTHING,,0.3,0.1282,0.3,0.3,0.3
116.025,207.6,-1.0098,0.1329,3.0584,-0.619,-0.11,480,0,0,0,0.6326,0.5258,DO_NOTHING,,0.3,0.0256,0.3,0.3,0.3
116.124,207.7,-1.0397,0.1347,3.065,-0.619,-0.11,480,0,0,0,0.6345,0.5281,DO_NOTHING,,0.2842,0.0256,0.2842,0.3,0.3
116.227,207.8,-1.0684,0.1366,3.0675,-0.619,-0.11,480,0,0,0,0.6365,0.5303,DO_NOTHING,,0.3,0.0769,0.3,0.2842,0.2842
116.339,207.9,-1.0979,0.1382,3.0738,-0.619,-0.11,480,0,0,0,0.6381,0.5324,DO_NOTHING,,0.3,0.0769,0.3,0.3,0.3
116.43,208.0,-1.1278,0.1395,3.0816,-0.619,-0.11,480,0,0,0,0.6394,0.5343,DO_NOTHING,,0.2842,0.0256,0.2842,0.3,0.3
116.541,208.1,-1.1622,0.1411,3.0859,-0.619,-0.11,480,0,0,0,0.6406,0.5359,DO_NOTHING,,0.3,-0.0256,0.3,0.3,0.3
116.628,208.2,-1.1862,0.1426,3.084,-0.619,-0.11,480,0,0,0,0.6425,0.5376,DO_NOTHING,,0.3,0.0769,0.3,0.3,0.3
116.737,208.3,-1.2161,0.144,3.0888,-0.619,-0.11,480,0,0,0,0.6438,0.5394,DO_NOTHING,,0.3,0.0,0.3,0.3,0.3
116.837,208.4,-1.2461,0.1453,3.0908,-0.619,-0.11,480,0,0,0,0.6451,0.5409,DO_NOTHING,,0.2842,0.0,0.2842,0.2842,0.2842
116.944,208.5,-1.2745,0.1468,3.0908,-0.619,-0.11,480,0,0,0,0.6466,0.5423,DO_NOTHING,,0.3,-0.0769,0.3,0.3,0.3
117.053,208.6,-1.3044,0.1489,3.0837,-0.619,-0.11,480,0,0,0,0.6488,0.5439,DO_NOTHING,,0.3,0.0256,0.3,0.3,0.3
117.153,208.7,-1.3343,0.1506,3.0843,-0.619,-0.11,480,0,0,0,0.6492,0.5457,DO_NOTHING,,0.3,0.0,0.3,0.3,0.3
117.25,208.8,-1.364,0.1523,3.0842,-0.619,-0.11,480,0,0,0,0.6482,0.5473,DO_NOTHING,,0.2842,-0.0256,0.2842,0.2842,0.2842
117.357,208.9,-1.3923,0.1542,3.0815,-0.619,-0.11,480,0,0,0,0.6471,0.549,DO_NOTHING,,0.3,-0.0769,0.3,0.3,0.3
117.458,209.0,-1.4222,0.1567,3.0745,-0.619,-0.11,480,0,0,0,0.6483,0.5509,DO_NOTHING,,0.2842,-0.0769,0.2842,0.2842,0.2842
117.558,209.1,-1.4509,0.1593,3.0681,-0.619,-0.11,480,0,0,0,0.6491,0.5534,DO_NOTHING,,0.3,0.0,0.3,0.3,0.3
117.655,209.2,-1.4805,0.1614,3.0681,-0.619,-0.11,480,0,0,0,0.6528,0.5575,DO_NOTHING,,0.2842,0.0,0.2842,0.2842,0.2842
117.759,209.3,-1.5091,0.1635,3.069,-0.619,-0.11,480,0,0,0,0.6569,0.5627,DO_NOTHING,,0.3,0.0769,0.3,0.3,0.3
117.855,209.4,-1.539,0.165,3.0759,-0.619,-0.11,480,0,0,0,0.6652,0.5696,DO_NOTHING,,0.3,0.0256,0.3,0.3,0.3
117.955,209.5,-1.5689,0.1668,3.0776,-0.619,-0.11,480,0,0,0,0.6709,0.5781,DO_NOTHING,,0.3,-0.0256,0.3,0.3,0.3
118.057,209.6,-1.5986,0.1689,3.0751,-0.619,-0.11,480,0,0,0,0.6793,0.5875,DO_NOTHING,,0.2842,-0.0256,0.2842,0.2842,0.2842
118.156,209.7,-1.6272,0.171,3.0733,-0.619,-0.11,480,0,0,0,0.6899,0.5982,DO_NOTHING,,0.3,0.0256,0.3,0.3,0.3
118.255,209.8,-1.6569,0.1728,3.0759,-0.619,-0.11,480,0,0,0,0.6996,0.6112,DO_NOTHING,,0.2842,0.0256,0.2842,0.2842,0.2842
118.36,209.9,-1.6852,0.1745,3.0776,-0.619,-0.11,480,0,0,0,0.7108,0.6243,DO_NOTHING,,0.2842,-0.0256,0.2842,0.2842,0.2842
118.455,210.0,-1.7139,0.1765,3.0761,-0.619,-0.11,480,0,0,0,0.7237,0.6376,DO_NOTHING,,0.3,0.0769,0.3,0.3,0.3
118.555,210.1,-1.7438,0.1777,3.0839,-0.619,-0.11,480,0,0,0,0.7381,0.6927,DO_NOTHING,,0.3,0.0769,0.3,0.3,0.3
118.655,210.2,-1.7738,0.1786,3.0928,-0.619,-0.11,480,0,0,0,0.7532,0.7445,DO_NOTHING,,0.3,0.1282,0.3,0.3,0.3
118.755,210.3,-1.8038,0.1788,3.1051,-0.619,-0.11,480,0,0,0,0.7706,0.7885,DO_NOTHING,,0.3,0.0769,0.3,0.3,0.3
118.855,210.4,-1.8335,0.1791,3.1129,-0.619,-0.11,480,0,0,0,0.7869,0.8251,DO_NOTHING,,0.2842,0.0769,0.2842,0.2842,0.2842
118.954,210.5,-1.8619,0.1791,3.1219,-0.619,-0.11,480,0,0,0,0.8075,0.8401,DO_NOTHING,,0.2842,0.1282,0.2842,0.2842,0.2842
119.055,210.6,-1.8906,0.1784,3.1342,-0.619,-0.11,480,0,0,0,0.8628,0.8949,DO_NOTHING,,0.3,0.0256,0.3,0.3,0.3
119.156,210.7,-1.9206,0.1783,3.1372,-0.619,-0.11,480,0,0,0,0.9259,0.9586,DO_NOTHING,,0.3,0.1282,0.3,0.3,0.3
119.256,210.8,-1.9506,0.1773,-3.1327,-0.619,-0.11,480,0,0,0,1.0062,1.0081,DO_NOTHING,,0.3,0.1282,0.3,0.3,0.3
119.358,210.9,-1.9806,0.1756,-3.1192,-0.619,-0.11,480,0,0,0,1.0912,1.0409,DO_NOTHING,,0.3,0.1282,0.3,0.3,0.3
119.458,211.0,-2.0106,0.1735,-3.1058,-0.619,-0.11,480,0,0,0,1.1806,1.0726,DO_NOTHING,,0.3,0.1282,0.3,0.3,0.3
119.562,211.1,-2.0402,0.1712,-3.0935,-0.619,-0.11,480,0,0,0,1.2366,1.1046,DO_NOTHING,,0.2842,0.0769,0.2842,0.2842,0.2842
119.676,211.2,-2.0743,0.1684,-3.0815,-0.619,-0.11,480,0,0,0,1.271,1.1391,DO_NOTHING,,0.2842,0.1282,0.2842,0.2842,0.2842
119.762,211.3,-2.097,0.166,-3.071,-0.619,-0.11,480,0,0,0,1.2973,1.1654,DO_NOTHING,,0.2842,0.1282,0.2842,0.2842,0.2842
119.875,211.4,-2.1256,0.1627,-3.0583,-0.619,-0.11,480,0,0,0,1.324,1.1921,DO_NOTHING,,0.3,0.1282,0.3,0.3,0.3
119.962,211.5,-2.1555,0.1589,-3.0454,-0.619,-0.11,480,0,0,0,1.3517,1.2198,DO_NOTHING,,0.3,0.1282,0.3,0.3,0.3
120.076,211.6,-2.185,0.1549,-3.0335,-0.619,-0.11,480,0,0,0,1.3801,1.2482,DO_NOTHING,,0.2842,0.0769,0.2842,0.2842,0.2842
120.172,211.7,-2.2126,0.1512,-3.026,-0.619,-0.11,480,0,0,0,1.4127,1.2809,DO_NOTHING,,0.2684,0.0769,0.2684,0.2684,0.2684
120.281,211.8,-2.2402,0.1473,-3.0195,-0.619,-0.11,480,0,0,0,1.4467,1.3148,DO_NOTHING,,0.3,0.0769,0.3,0.3,0.3
120.381,211.9,-2.2694,0.1431,-3.012,-0.619,-0.11,480,0,0,0,1.6308,1.7328,DO_NOTHING,,0.2842,0.0769,0.2842,0.2842,0.2842
120.485,212.0,-2.2965,0.1389,-3.0048,-0.619,-0.11,480,0,0,0,1.6036,1.7063,DO_NOTHING,,0.2526,0.0769,0.2526,0.2526,0.2526
120.584,212.1,-2.3211,0.1349,-2.9975,-0.619,-0.11,480,0,0,0,1.5789,1.6824,DO_NOTHING,,0.2368,0.0769,0.2368,0.2368,0.2368
120.69,212.2,-2.3441,0.1309,-2.9901,-0.619,-0.11,480,0,0,0,1.5558,1.66,DO_NOTHING,,0.2211,0.0769,0.2211,0.2211,0.2211
120.788,212.3,-2.3653,0.127,-2.9828,-0.619,-0.11,480,0,0,0,1.5345,1.6394,DO_NOTHING,,0.2053,0.0769,0.2053,0.2053,0.2053
120.893,212.4,-2.3855,0.1229,-2.9717,-0.619,-0.11,480,0,0,0,1.5143,1.6201,DO_NOTHING,,0.2053,0.3333,0.2053,0.2053,0.2053
120.989,212.5,-2.4051,0.1176,-2.9409,-0.619,-0.11,480,0,0,0,1.4947,1.603,DO_NOTHING,,0.1895,0.3333,0.1895,0.1895,0.1895
121.088,212.6,-2.4231,0.1114,-2.9083,-0.619,-0.11,480,0,0,0,1.4769,1.4051,DO_NOTHING,,0.1737,0.3846,0.1737,0.1737,0.1737
121.189,212.7,-2.4394,0.1047,-2.8716,-0.619,-0.11,480,0,0,0,1.4607,1.3722,DO_NOTHING,,0.1579,0.4359,0.1579,0.1579,0.1579
121.289,212.8,-2.4545,0.0978,-2.836,-0.619,-0.11,480,0,0,0,1.4455,1.3436,DO_NOTHING,,0.1579,0.1795,0.1579,0.1579,0.1579
121.392,212.9,-2.469,0.092,-2.8179,-0.619,-0.11,480,0,0,0,1.4308,1.3396,DO_NOTHING,,0.1421,0.2308,0.1421,0.1421,0.1421
121.49,213.0,-2.4819,0.0862,-2.7953,-0.619,-0.11,480,0,0,0,1.4181,1.3285,DO_NOTHING,,0.1263,0.3333,0.1263,0.1263,0.1263
121.588,213.1,-2.4937,0.0803,-2.77,-0.619,-0.11,480,0,0,0,1.4063,1.3141,DO_NOTHING,,0.1263,0.0769,0.1263,0.1263,0.1263
121.689,213.2,-2.5048,0.0754,-2.7601,-0.619,-0.11,480,0,0,0,1.3951,1.3172,DO_NOTHING,,0.1105,0.2308,0.1105,0.1105,0.1105
121.788,213.3,-2.515,0.0702,-2.7408,-0.619,-0.11,480,0,0,0,1.3849,1.3091,DO_NOTHING,,0.1105,0.2308,0.1105,0.1105,0.1105
121.889,213.4,-2.5246,0.0651,-2.7215,-0.619,-0.11,480,0,0,0,1.3753,1.3011,DO_NOTHING,,0.0947,0.2308,0.0947,0.0947,0.0947
121.989,213.5,-2.5332,0.0602,-2.7025,-0.619,-0.11,480,0,0,0,1.3668,1.2928,DO_NOTHING,,0.0947,0.2308,0.0947,0.0947,0.0947
122.088,213.6,-2.5413,0.0555,-2.6823,-0.619,-0.11,480,0,0,0,1.3586,1.2834,DO_NOTHING,,0.0789,0.2821,0.0789,0.0789,0.0789
122.188,213.7,-2.5483,0.0511,-2.6623,-0.619,-0.11,480,0,0,0,1.3516,1.2739,DO_NOTHING,,0.0789,0.1795,0.0789,0.0789,0.0789
122.288,213.8,-2.5553,0.0468,-2.648,-0.619,-0.11,480,0,0,0,1.3446,1.2699,DO_NOTHING,,0.0789,0.1795,0.0789,0.0789,0.0789
122.389,213.9,-2.5617,0.0428,-2.6325,-0.619,-0.11,480,0,0,0,1.3383,1.2646,DO_NOTHING,,0.0632,0.2308,0.0632,0.0632,0.0632
122.489,214.0,-2.5672,0.0392,-2.617,-0.619,-0.11,480,0,0,0,1.3328,1.2587,DO_NOTHING,,0.0632,0.1282,0.0632,0.0632,0.0632
122.588,214.1,-2.5726,0.0357,-2.607,-0.619,-0.11,480,0,0,0,1.3273,1.2573,DO_NOTHING,,0.0632,0.1282,0.0632,0.0632,0.0632
122.692,214.2,-2.5788,0.0317,-2.5969,-0.619,-0.11,480,0,0,0,1.3212,1.2568,DO_NOTHING,,0.0947,0.1795,0.0947,0.0947,0.0947
122.792,214.3,-2.586,0.027,-2.5838,-0.619,-0.11,480,0,0,0,1.314,1.2555,DO_NOTHING,,0.0789,0.2308,0.0789,0.0789,0.0789
122.898,214.4,-2.5925,0.0225,-2.5712,-0.619,-0.11,480,0,0,0,1.3075,1.254,DO_NOTHING,,0.0789,0.1282,0.0789,0.0789,0.0789
123.015,214.5,-2.6002,0.0173,-2.5613,-0.619,-0.11,480,0,0,0,1.3011,1.2555,DO_NOTHING,,0.0632,0.2308,0.0789,0.0789,0.0789
123.103,214.6,-2.6044,0.0144,-2.5512,-0.619,-0.11,480,0,0,0,1.2955,1.2539,DO_NOTHING,,0.0632,0.2308,0.0632,0.0632,0.0632
123.216,214.7,-2.6104,0.0101,-2.5379,-0.619,-0.11,480,0,0,0,1.2906,1.2519,DO_NOTHING,,0.0632,0.0769,0.0632,0.0632,0.0632
123.299,214.8,-2.6145,0.0072,-2.5331,-0.619,-0.11,480,0,0,0,1.2856,1.2534,DO_NOTHING,,0.0632,0.0769,0.0632,0.0632,0.0632
123.415,214.9,-2.6195,0.0035,-2.528,-0.619,-0.11,480,0,0,0,1.2805,1.2559,DO_NOTHING,,0.0474,0.1282,0.0632,0.0632,0.0632
123.513,215.0,-2.6238,0.0004,-2.521,-0.619,-0.11,480,0,0,0,1.2761,1.2563,DO_NOTHING,,0.0474,0.0769,0.0474,0.0474,0.0474
123.624,215.1,-2.6276,-0.0023,-2.5143,-0.619,-0.11,480,0,0,0,1.2724,1.2564,DO_NOTHING,,0.0474,0.0769,0.0474,0.0474,0.0474
123.723,215.2,-2.6313,-0.0051,-2.5092,-0.619,-0.11,480,0,0,0,1.2687,1.2575,DO_NOTHING,,0.0474,0.0769,0.0474,0.0474,0.0474
123.838,215.3,-2.6351,-0.0079,-2.504,-0.619,-0.11,480,0,0,0,1.2649,1.2585,DO_NOTHING,,0.0474,0.0769,0.0474,0.0474,0.0474
123.934,215.4,-2.6388,-0.0108,-2.4988,-0.594,-0.063,480,0,0,0,1.2612,1.2596,DO_NOTHING,,0.0,1.0,0.0,0.0474,0.0474
124.043,215.5,-2.6399,-0.0116,-2.4838,-0.594,-0.063,480,0,0,0,1.2601,1.2525,DO_NOTHING,,0.0,1.0,0.0,0.0,0.0
124.142,215.6,-2.6398,-0.0116,-2.4457,-0.594,-0.063,480,0,0,0,1.2602,1.2535,DO_NOTHING,,0.0,1.0,0.0,0.0,0.0
124.249,215.7,-2.6392,-0.0116,-2.3796,-0.594,-0.063,480,0,0,0,1.2609,1.2504,DO_NOTHING,,0.0,1.0,0.0,0.0,0.0
124.348,215.8,-2.6391,-0.0115,-2.3025,-0.594,-0.063,480,0,0,0,1.2609,1.2595,DO_NOTHING,,0.0,1.0,0.0,0.0,0.0
124.448,215.9,-2.6391,-0.0113,-2.2305,-0.594,-0.063,480,0,0,0,1.2609,1.264,DO_NOTHING,,0.0,1.0,0.0,0.0,0.0
124.547,216.0,-2.6391,-0.0115,-2.1638,-0.594,-0.063,480,0,0,0,1.2609,1.2653,DO_NOTHING,,0.0,1.0,0.0,0.0,0.0
124.648,216.1,-2.6391,-0.0118,-2.102,-0.594,-0.063,480,0,0,0,1.2609,1.2679,DO_NOTHING,,0.0,1.0,0.0,0.0,0.0
124.747,216.2,-2.6387,-0.012,-2.0409,-0.594,-0.063,480,0,0,0,1.2612,1.2732,DO_NOTHING,,0.0,1.0,0.0,0.0,0.0
124.847,216.3,-2.6377,-0.0123,-1.9695,-0.594,-0.063,480,0,0,0,1.2621,1.2792,DO_NOTHING,,0.0,1.0,0.0,0.0,0.0
124.946,216.4,-2.6359,-0.0123,-1.8838,-0.617,-0.079,480,0,0,0,1.264,1.2909,DO_NOTHING,,0.0,1.0,0.0,0.0,0.0
125.046,216.5,-2.6325,-0.0123,-1.7932,-0.617,-0.079,480,0,0,0,1.2673,1.2933,DO_NOTHING,,0.0,1.0,0.0,0.0,0.0
125.146,216.6,-2.6277,-0.0123,-1.6975,-0.617,-0.079,480,0,0,0,1.2721,1.2989,DO_NOTHING,,0.0,1.0,0.0,0.0,0.0
125.244,216.7,-2.6214,-0.0123,-1.596,-0.617,-0.079,480,0,0,0,1.2787,1.305,DO_NOTHING,,0.0,1.0,0.0,0.0,0.0
125.344,216.8,-2.6135,-0.0123,-1.4917,-0.617,-0.079,480,0,0,0,1.2863,1.3102,DO_NOTHING,,0.0,1.0,0.0,0.0,0.0
125.446,216.9,-2.6054,-0.0123,-1.3932,-0.617,-0.079,480,0,0,0,1.2944,1.3156,DO_NOTHING,,0.0,1.0,0.0,0.0,0.0
125.546,217.0,-2.5985,-0.0123,-1.3001,-0.617,-0.079,480,0,0,0,1.3016,1.3221,DO_NOTHING,,0.0,0.8974,0.0,0.0,0.0
125.646,217.1,-2.5932,-0.0123,-1.219,-0.617,-0.079,480,0,0,0,1.3064,1.3312,DO_NOTHING,,0.0,0.7949,0.0,0.0,0.0
125.746,217.2,-2.5895,-0.0123,-1.1501,-0.617,-0.079,480,0,0,0,1.3101,1.3357,DO_NOTHING,,0.0,0.7949,0.0,0.0,0.0
125.847,217.3,-2.5866,-0.0123,-1.0855,-0.617,-0.079,480,0,0,0,1.3133,1.3417,DO_NOTHING,,0.0,0.6923,0.0,0.0,0.0
125.948,217.4,-2.5847,-0.0123,-1.0305,-0.619,-0.11,480,0,0,0,1.3149,1.3483,DO_NOTHING,,0.0,0.641,0.0,0.0,0.0
126.051,217.5,-2.5836,-0.0123,-0.9819,-0.619,-0.11,480,0,0,0,1.3161,1.3522,DO_NOTHING,,0.0,0.641,0.0,0.0,0.0
126.152,217.6,-2.5831,-0.012,-0.9366,-0.619,-0.11,480,0,0,0,1.3171,1.3527,DO_NOTHING,,0.0,0.5897,0.0,0.0,0.0
126.26,217.7,-2.5831,-0.0117,-0.8965,-0.619,-0.11,480,0,0,0,1.3193,1.3546,DO_NOTHING,,0.0,0.5385,0.0,0.0,0.0
126.37,217.8,-2.5831,-0.0115,-0.8499,-0.619,-0.11,480,0,0,0,1.3232,1.3586,DO_NOTHING,,0.0,0.5385,0.0,0.0,0.0
126.459,217.9,-2.5831,-0.0111,-0.8182,-0.619,-0.11,480,0,0,0,1.3293,1.3647,DO_NOTHING,,0.0,0.4872,0.0,0.0,0.0
126.575,218.0,-2.5831,-0.0109,-0.7728,-0.619,-0.11,480,0,0,0,1.3332,1.3727,DO_NOTHING,,0.0,0.4872,0.0,0.0,0.0
126.659,218.1,-2.5834,-0.0109,-0.7436,-0.619,-0.11,480,0,0,0,1.3341,1.3823,DO_NOTHING,,0.0,0.4359,0.0,0.0,0.0
126.778,218.2,-2.5838,-0.0109,-0.7119,-0.619,-0.11,480,0,0,0,1.3291,1.3874,DO_NOTHING,,0.0,0.3846,0.0,0.0,0.0
126.876,218.3,-2.5839,-0.0109,-0.6841,-0.619,-0.11,480,0,0,0,1.3316,1.3931,DO_NOTHING,,0.0,0.3846,0.0,0.0,0.0
126.989,218.4,-2.5839,-0.0109,-0.6571,-0.596,-0.077,480,0,0,0,1.3292,1.394,DO_NOTHING,,0.0,0.3846,0.0,0.0,0.0
127.087,218.5,-2.5837,-0.0109,-0.6321,-0.596,-0.077,480,0,0,0,1.3334,1.4013,DO_NOTHING,,0.0,0.3333,0.0,0.0,0.0
127.199,218.6,-2.5834,-0.0109,-0.61,-0.596,-0.077,480,0,0,0,1.3295,1.3994,DO_NOTHING,,0.0,0.3333,0.0,0.0,0.0
127.297,218.7,-2.5832,-0.0109,-0.5883,-0.596,-0.077,480,0,0,0,1.3292,1.4012,DO_NOTHING,,0.0,0.2821,0.0,0.0,0.0
127.403,218.8,-2.583,-0.0106,-0.5671,-0.596,-0.077,480,0,0,0,1.3326,1.4077,DO_NOTHING,,0.0,0.2821,0.0,0.0,0.0
127.502,218.9,-2.583,-0.0101,-0.5457,-0.596,-0.077,480,0,0,0,1.3296,1.4066,DO_NOTHING,,0.0,0.2308,0.0,0.0,0.0
127.61,219.0,-2.583,-0.0095,-0.5261,-0.596,-0.077,480,0,0,0,1.3277,1.4067,DO_NOTHING,,0.0,0.2308,0.0,0.0,0.0
127.708,219.1,-2.583,-0.0089,-0.508,-0.596,-0.077,480,0,0,0,1.3283,1.4093,DO_NOTHING,,0.0,0.2821,0.0,0.0,0.0
127.811,219.2,-2.583,-0.0082,-0.4876,-0.596,-0.077,480,0,0,0,1.3297,1.4127,DO_NOTHING,,0.0,0.0,0.0,0.0,0.0
127.909,219.3,-2.583,-0.0076,-0.4717,-0.596,-0.077,480,0,0,0,1.33,1.4148,DO_NOTHING,,0.0,0.0,0.0,0.0,0.0
128.013,219.4,-2.583,-0.0076,-0.4717,-0.596,-0.077,480,0,0,0,1.33,1.4148,DO_NOTHING,,0.0,0.0,0.0,0.0,0.0
128.112,219.5,-2.583,-0.0076,-0.4717,-0.596,-0.077,480,0,0,0,1.33,1.4148,DO_NOTHING,,0.0,0.0,0.0,0.0,0.0
128.211,219.6,-2.583,-0.0076,-0.4717,-0.596,-0.077,480,0,0,0,1.33,1.4148,DO_NOTHING,,0.0,0.0,0.0,0.0,0.0
128.312,219.7,-2.583,-0.0076,-0.4717,-0.596,-0.077,480,0,0,0,1.33,1.4148,DO_NOTHING,,0.0,0.0,0.0,0.0,0.0
128.409,219.8,-2.583,-0.0076,-0.4717,-0.596,-0.077,480,0,0,0,1.33,1.4148,DO_NOTHING,,0.0,0.0,0.0,0.0,0.0
128.512,219.9,-2.583,-0.0076,-0.4717,-0.596,-0.077,480,0,0,0,1.33,1.4148,DO_NOTHING,,0.0,0.0,0.0,0.0,0.0
128.61,220.0,-2.583,-0.0076,-0.4717,-0.596,-0.077,480,0,0,0,1.33,1.4148,DO_NOTHING,,0.0,0.0,0.0,0.0,0.0
128.712,220.1,-2.583,-0.0076,-0.4717,-0.596,-0.077,480,0,0,0,1.33,1.4148,DO_NOTHING,,0.0,0.0,0.0,0.0,0.0
128.81,220.2,-2.583,-0.0076,-0.4717,-0.596,-0.077,480,0,0,0,1.33,1.4148,DO_NOTHING,,0.0,0.0,0.0,0.0,0.0
128.911,220.3,-2.583,-0.0076,-0.4717,-0.596,-0.077,480,0,0,0,1.33,1.4148,DO_NOTHING,,0.0,0.0,0.0,0.0,0.0
129.011,220.4,-2.583,-0.0076,-0.4717,-1.569,2.94,480,0,0,0,1.33,1.4148,DO_NOTHING,,0.0,0.0,0.0,0.0,0.0
129.111,220.5,-2.583,-0.0075,-0.4709,-1.569,2.94,480,0,0,0,1.3295,1.4143,DO_NOTHING,,0.0,0.9487,0.0,0.0,0.0
129.214,220.6,-2.5829,-0.007,-0.4532,-1.569,2.94,480,0,0,0,1.3286,1.4153,DO_NOTHING,,0.0,0.9487,0.0,0.0,0.0
129.314,220.7,-2.5827,-0.0058,-0.4116,-1.569,2.94,480,0,0,0,1.3289,1.4193,DO_NOTHING,,0.0,0.8974,0.0,0.0,0.0
129.423,220.8,-2.5825,-0.0038,-0.3446,-1.569,2.94,480,0,0,0,1.3331,1.4305,DO_NOTHING,,0.0,0.8462,0.0,0.0,0.0
129.521,220.9,-2.5825,-0.0006,-0.2709,-1.569,2.94,480,0,0,0,1.3333,1.4371,DO_NOTHING,,0.0,0.7949,0.0,0.0,0.0
129.626,221.0,-2.5825,0.0041,-0.1993,-1.569,2.94,480,0,0,0,1.3335,1.4433,DO_NOTHING,,0.0,0.7436,0.0,0.0,0.0
129.738,221.1,-2.5825,0.0109,-0.1153,-1.569,2.94,480,0,0,0,1.3344,1.4489,DO_NOTHING,,0.0789,1.0,0.0,0.0,0.0
129.826,221.2,-2.5812,0.0156,-0.0587,-1.569,2.94,480,0,0,0,1.3351,1.4545,DO_NOTHING,,0.0789,1.0,0.0789,0.0789,0.0789
129.938,221.3,-2.5749,0.0223,0.038,-1.569,2.94,480,0,0,0,1.3333,1.4583,DO_NOTHING,,0.2842,1.0,0.0316,0.0316,0.0316
130.025,221.4,-2.5708,0.03,0.1372,-1.569,2.94,480,0,0,0,1.3333,1.4627,DO_NOTHING,,0.2842,1.0,0.2816,0.1566,0.1566
130.137,221.5,-2.5563,0.039,0.2139,-1.569,2.94,480,0,0,0,1.3265,1.4587,DO_NOTHING,,0.2526,1.0,0.2053,0.2053,0.2053
130.237,221.6,-2.5374,0.0498,0.2944,-1.569,2.94,480,0,0,0,1.3086,1.4424,DO_NOTHING,,0.2842,1.0,0.2526,0.2526,0.2526
130.345,221.7,-2.5158,0.0618,0.3644,-1.569,2.94,480,0,0,0,1.2968,1.4313,DO_NOTHING,,0.2526,0.9487,0.2842,0.2842,0.2842
130.444,221.8,-2.4939,0.0743,0.4292,-1.569,2.94,480,0,0,0,1.2846,1.4189,DO_NOTHING,,0.2842,0.9487,0.2526,0.2526,0.2526
130.556,221.9,-2.4731,0.0872,0.487,-1.569,2.94,480,0,0,0,1.2696,1.4031,DO_NOTHING,,0.3,1.0,0.2842,0.2842,0.2842
130.654,222.0,-2.4516,0.1016,0.5434,-1.569,2.94,480,0,0,0,1.2574,1.3892,DO_NOTHING,,0.2842,0.9487,0.3,0.3,0.3
130.761,222.1,-2.4296,0.1174,0.6043,-1.569,2.94,480,0,0,0,1.2449,1.3745,DO_NOTHING,,0.3,0.9487,0.2842,0.2842,0.2842
130.858,222.2,-2.4076,0.1348,0.6683,-1.569,2.94,480,0,0,0,1.2351,1.3544,DO_NOTHING,,0.2842,0.8974,0.3,0.3,0.3
130.967,222.3,-2.3853,0.1536,0.7349,-1.569,2.94,480,0,0,0,1.2248,1.3329,DO_NOTHING,,0.3,1.0,0.3,0.2842,0.2842
131.067,222.4,-2.3641,0.174,0.8086,-1.569,2.94,480,0,0,0,1.195,1.3093,DO_NOTHING,,0.2842,0.9487,0.2842,0.3,0.3
131.166,222.5,-2.3449,0.1952,0.8804,-1.569,2.94,480,0,0,0,1.1662,1.2854,DO_NOTHING,,0.3,1.0,0.3,0.2842,0.2842
131.269,222.6,-2.3268,0.2181,0.9485,-1.569,2.94,480,0,0,0,1.1425,1.2659,DO_NOTHING,,0.3,0.7949,0.3,0.3,0.3
131.368,222.7,-2.3104,0.2418,1.0076,-1.569,2.94,480,0,0,0,1.1158,1.2428,DO_NOTHING,,0.2842,0.6923,0.2842,0.2842,0.2842
131.464,222.8,-2.2962,0.2656,1.0577,-1.569,2.94,480,0,0,0,1.0888,1.2181,DO_NOTHING,,0.3,0.5897,0.2842,0.2842,0.2842
131.564,222.9,-2.2834,0.2908,1.1021,-1.569,2.94,480,0,0,0,1.0654,1.1965,DO_NOTHING,,0.2684,0.5385,0.3,0.3,0.3
131.664,223.0,-2.2719,0.3156,1.1447,-1.569,2.94,480,0,0,0,1.0421,1.1747,DO_NOTHING,,0.3,0.6923,0.2684,0.2684,0.2684
131.767,223.1,-2.2622,0.3413,1.1913,-1.569,2.94,480,0,0,0,1.021,1.1548,DO_NOTHING,,0.3,0.4872,0.3,0.3,0.3
131.864,223.2,-2.2545,0.3692,1.2397,-1.569,2.94,480,0,0,0,1.0024,1.1368,DO_NOTHING,,0.2842,0.4359,0.3,0.3,0.3
131.962,223.3,-2.2479,0.3966,1.2794,-1.569,2.94,480,0,0,0,0.9847,1.1192,DO_NOTHING,,0.3,0.3846,0.2842,0.2842,0.2842
132.066,223.4,-2.2423,0.4251,1.3153,-1.569,2.94,480,0,0,0,0.9691,1.1033,DO_NOTHING,,0.3,0.1795,0.3,0.3,0.3
132.165,223.5,-2.2371,0.4542,1.3419,-1.569,2.94,480,0,0,0,0.9537,1.0873,DO_NOTHING,,0.2842,0.0769,0.3,0.3,0.3
132.267,223.6,-2.2315,0.4822,1.3517,-1.569,2.94,480,0,0,0,0.9381,1.071,DO_NOTHING,,0.3,0.0769,0.3,0.2842,0.2842
132.362,223.7,-2.2257,0.511,1.3587,-1.569,2.94,480,0,0,0,0.9239,1.0562,DO_NOTHING,,0.2842,0.0769,0.3,0.3,0.3
132.464,223.8,-2.2202,0.5392,1.3657,-1.569,2.94,480,0,0,0,0.9086,1.0398,DO_NOTHING,,0.3,0.0769,0.2842,0.2842,0.2842
132.565,223.9,-2.2148,0.5681,1.3727,-1.569,2.94,480,0,0,0,0.8958,1.0262,DO_NOTHING,,0.2684,0.1282,0.3,0.3,0.3
132.662,224.0,-2.2096,0.5956,1.3823,-1.569,2.94,480,0,0,0,0.8847,1.0137,DO_NOTHING,,0.3,0.0256,0.2684,0.2684,0.2684
132.767,224.1,-2.2047,0.6241,1.3883,-1.569,2.94,480,0,0,0,0.8732,1.0011,DO_NOTHING,,0.3,0.0256,0.3,0.3,0.3
132.863,224.2,-2.1994,0.6536,1.3907,-1.569,2.94,480,0,0,0,0.8621,0.9883,DO_NOTHING,,0.2842,0.0256,0.3,0.3,0.3
132.967,224.3,-2.1945,0.6819,1.3931,-1.569,2.94,480,0,0,0,0.8531,0.978,DO_NOTHING,,0.3,0.0769,0.3,0.2842,0.2842
133.081,224.4,-2.1889,0.7169,1.4003,-1.569,2.94,480,0,0,0,0.8447,0.9676,DO_NOTHING,,0.2842,0.0769,0.2842,0.2842,0.2842
133.168,224.5,-2.1854,0.7394,1.406,-1.569,2.94,480,0,0,0,0.8378,0.9585,DO_NOTHING,,0.3,0.0769,0.3,0.2842,0.2842
133.279,224.6,-2.1813,0.7686,1.4133,-1.569,2.94,480,0,0,0,0.8319,0.9502,DO_NOTHING,,0.2842,0.0769,0.2842,0.2842,0.2842
133.366,224.7,-2.1774,0.7971,1.4205,-1.569,2.94,480,0,0,0,0.8272,0.943,DO_NOTHING,,0.3,0.0769,0.3,0.2842,0.2842
133.48,224.8,-2.1736,0.8264,1.4278,-1.569,2.94,480,0,0,0,0.8235,0.9368,DO_NOTHING,,0.3,0.0769,0.3,0.3,0.3
133.579,224.9,-2.1701,0.8561,1.4353,-1.569,2.94,480,0,0,0,0.82,0.9316,DO_NOTHING,,0.2842,0.0769,0.2842,0.3,0.3
133.688,225.0,-2.1669,0.8846,1.4427,-1.569,2.94,480,0,0,0,0.8169,0.9276,DO_NOTHING,,0.3,-0.0256,0.3,0.2842,0.2842
133.787,225.1,-2.1632,0.9141,1.4431,-1.569,2.94,480,0,0,0,0.8132,0.9238,DO_NOTHING,,0.2842,-0.0256,0.2842,0.2842,0.2842
133.896,225.2,-2.1593,0.9423,1.4407,-1.569,2.94,480,0,0,0,0.8093,0.9202,DO_NOTHING,,0.3,0.1282,0.3,0.3,0.3
133.994,225.3,-2.1562,0.972,1.4509,-1.569,2.94,480,0,0,0,0.8062,0.9162,DO_NOTHING,,0.2842,0.1282,0.2842,0.2842,0.2842
134.099,225.4,-2.1539,1.0004,1.4635,-1.569,2.94,480,0,0,0,0.8037,0.913,DO_NOTHING,,0.3,0.1282,0.3,0.3,0.3
134.198,225.5,-2.152,1.0301,1.4761,-1.569,2.94,480,0,0,0,0.8017,0.9101,DO_NOTHING,,0.3,0.0769,0.3,0.3,0.3
134.299,225.6,-2.1499,1.06,1.484,-1.569,2.94,480,0,0,0,0.7997,0.9074,DO_NOTHING,,0.2842,0.0769,0.2842,0.2842,0.2842
134.396,225.7,-2.1482,1.0883,1.4916,-1.569,2.94,480,0,0,0,0.798,0.905,DO_NOTHING,,0.3,0.0769,0.3,0.3,0.3
134.499,225.8,-2.1466,1.1182,1.4992,-1.569,2.94,480,0,0,0,0.7965,0.9028,DO_NOTHING,,0.2842,0.0769,0.2842,0.2842,0.2842
134.596,225.9,-2.1453,1.1466,1.5069,-1.569,2.94,480,0,0,0,0.7953,0.9008,DO_NOTHING,,0.3,0.0769,0.3,0.3,0.3
134.696,226.0,-2.1441,1.1765,1.5146,-1.569,2.94,480,0,0,0,0.7942,0.899,DO_NOTHING,,0.2842,0.0769,0.2842,0.2842,0.2842
134.796,226.1,-2.1433,1.2049,1.5223,-1.569,2.94,480,0,0,0,0.7933,0.8975,DO_NOTHING,,0.2842,0.0769,0.2842,0.2842,0.2842
134.896,226.2,-2.1427,1.2333,1.5303,-1.569,2.94,480,0,0,0,0.7926,0.8963,DO_NOTHING,,0.2684,0.0769,0.2684,0.2684,0.2684
134.996,226.3,-2.1424,1.2602,1.5382,-1.569,2.94,480,0,0,0,0.7922,0.8953,DO_NOTHING,,0.2842,0.0256,0.2842,0.2842,0.2842
135.097,226.4,-2.1418,1.2886,1.541,-1.569,2.94,480,0,0,0,0.7915,0.8944,DO_NOTHING,,0.3,0.0256,0.3,0.3,0.3
135.196,226.5,-2.1411,1.3186,1.5435,-1.569,2.94,480,0,0,0,0.7915,0.8936,DO_NOTHING,,0.2842,0.0256,0.2842,0.2842,0.2842
135.296,226.6,-2.1406,1.347,1.5461,-1.569,2.94,480,0,0,0,0.7923,0.8928,DO_NOTHING,,0.3,-0.0769,0.3,0.3,0.3
135.396,226.7,-2.1393,1.377,1.5391,-1.569,2.94,480,0,0,0,0.7936,0.8921,DO_NOTHING,,0.2684,-0.0256,0.2684,0.2684,0.2684
135.496,226.8,-2.1382,1.4039,1.5365,-1.569,2.94,480,0,0,0,0.7955,0.8914,DO_NOTHING,,0.2842,-0.0769,0.2842,0.2842,0.2842
135.597,226.9,-2.1365,1.4322,1.5292,-1.569,2.94,480,0,0,0,0.7986,0.8918,DO_NOTHING,,0.3,-0.0769,0.3,0.3,0.3
135.695,227.0,-2.1345,1.4622,1.5215,-1.569,2.94,480,0,0,0,0.802,0.8926,DO_NOTHING,,0.2842,0.0769,0.2842,0.2842,0.2842
135.796,227.1,-2.1335,1.4906,1.5274,-1.569,2.94,480,0,0,0,0.8086,0.8953,DO_NOTHING,,0.3,0.0769,0.3,0.3,0.3
135.896,227.2,-2.133,1.5205,1.5352,-1.569,2.94,480,0,0,0,0.8151,0.8828,DO_NOTHING,,0.2842,0.0769,0.2842,0.2842,0.2842
135.997,227.3,-2.1328,1.549,1.543,-1.569,2.94,480,0,0,0,0.8228,0.8597,DO_NOTHING,,0.3,0.0769,0.3,0.3,0.3
136.099,227.4,-2.1328,1.5789,1.5509,-1.569,2.94,480,0,0,0,0.8326,0.8374,DO_NOTHING,,0.2684,0.0256,0.2684,0.2684,0.2684
136.199,227.5,-2.1325,1.6059,1.5536,-1.569,2.94,480,0,0,0,0.8243,0.8172,DO_NOTHING,,0.2842,0.0256,0.2842,0.2842,0.2842
136.303,227.6,-2.1322,1.6344,1.556,-1.569,2.94,480,0,0,0,0.8056,0.7958,DO_NOTHING,,0.3,0.0256,0.3,0.3,0.3
136.415,227.7,-2.1321,1.6641,1.5586,-1.569,2.94,480,0,0,0,0.788,0.7744,DO_NOTHING,,0.2842,0.0256,0.2842,0.2842,0.2842
136.503,227.8,-2.132,1.6927,1.561,-1.569,2.94,480,0,0,0,0.7719,0.7558,DO_NOTHING,,0.3,-0.0769,0.3,0.3,0.3
136.615,227.9,-2.1311,1.7224,1.5544,-1.569,2.94,480,0,0,0,0.7547,0.7336,DO_NOTHING,,0.2842,0.0256,0.2842,0.2842,0.2842
136.703,228.0,-2.1309,1.7511,1.557,-1.569,2.94,480,0,0,0,0.737,0.7121,DO_NOTHING,,0.3,0.0256,0.3,0.3,0.3
136.815,228.1,-2.1307,1.7811,1.5597,-1.569,2.94,480,0,0,0,0.7226,0.6941,DO_NOTHING,,0.3,0.0256,0.3,0.3,0.3
136.912,228.2,-2.1307,1.8108,1.5624,-1.569,2.94,480,0,0,0,0.7075,0.6741,DO_NOTHING,,0.2842,0.0256,0.2842,0.2842,0.2842
137.021,228.3,-2.1306,1.8395,1.5639,-1.569,2.94,480,0,0,0,0.695,0.6581,DO_NOTHING,,0.3,-0.0769,0.3,0.3,0.3
137.12,228.4,-2.1297,1.8692,1.556,-1.569,2.94,480,0,0,0,0.6814,0.6376,DO_NOTHING,,0.2842,-0.0769,0.2842,0.2842,0.2842
137.226,228.5,-2.1285,1.8979,1.5481,-1.569,2.94,480,0,0,0,0.6722,0.6228,DO_NOTHING,,0.3,-0.0769,0.3,0.3,0.3
137.325,228.6,-2.127,1.9273,1.5403,-1.569,2.94,480,0,0,0,0.6625,0.6066,DO_NOTHING,,0.2842,-0.0769,0.2842,0.2842,0.2842
137.431,228.7,-2.1253,1.9563,1.5325,-1.569,2.94,480,0,0,0,0.654,0.5918,DO_NOTHING,,0.3,-0.0769,0.3,0.3,0.3
137.53,228.8,-2.1234,1.9857,1.5248,-1.569,2.94,480,0,0,0,0.6481,0.5799,DO_NOTHING,,0.2842,-0.0769,0.2842,0.2842,0.2842
137.632,228.9,-2.1215,2.0141,1.5188,-1.569,2.94,480,0,0,0,0.643,0.569,DO_NOTHING,,0.2842,-0.0256,0.2842,0.2842,0.2842
137.73,229.0,-2.1198,2.043,1.5163,-1.569,2.94,480,0,0,0,0.6398,0.5602,DO_NOTHING,,0.3,-0.0256,0.3,0.3,0.3
137.83,229.1,-2.1179,2.0724,1.5138,-1.569,2.94,480,0,0,0,0.6377,0.5528,DO_NOTHING,,0.2842,-0.0256,0.2842,0.2842,0.2842
137.93,229.2,-2.1162,2.1014,1.5144,-1.569,2.94,480,0,0,0,0.6363,0.5463,DO_NOTHING,,0.3,0.0769,0.3,0.3,0.3
138.032,229.3,-2.1153,2.1307,1.5221,-1.569,2.94,480,0,0,0,0.6352,0.5412,DO_NOTHING,,0.2842,0.0769,0.2842,0.2842,0.2842
138.13,229.4,-2.1147,2.1597,1.5299,-1.569,2.94,480,0,0,0,0.6351,0.5374,DO_NOTHING,,0.3,0.0769,0.3,0.3,0.3
138.23,229.5,-2.1142,2.1886,1.5374,-1.569,2.94,480,0,0,0,0.6356,0.5352,DO_NOTHING,,0.2684,0.0769,0.2684,0.2684,0.2684
138.33,229.6,-2.1142,2.2163,1.5473,-1.569,2.94,480,0,0,0,0.6356,0.5342,DO_NOTHING,,0.3,0.1795,0.3,0.3,0.3
138.431,229.7,-2.1154,2.2463,1.5662,-1.569,2.94,480,0,0,0,0.6344,0.5342,DO_NOTHING,,0.3,0.1795,0.3,0.3,0.3
138.53,229.8,-2.1172,2.2758,1.5851,-1.569,2.94,480,0,0,0,0.6325,0.5341,DO_NOTHING,,0.2842,0.1795,0.2842,0.2842,0.2842
138.63,229.9,-2.1196,2.3048,1.6037,-1.569,2.94,480,0,0,0,0.6303,0.5335,DO_NOTHING,,0.3,0.1795,0.3,0.3,0.3
138.73,230.0,-2.1224,2.3342,1.6239,-1.569,2.94,480,0,0,0,0.6273,0.5325,DO_NOTHING,,0.2842,0.2308,0.2842,0.2842,0.2842
138.83,230.1,-2.1261,2.3631,1.6455,-1.569,2.94,480,0,0,0,0.6237,0.5309,DO_NOTHING,,0.3,0.1795,0.3,0.3,0.3
138.93,230.2,-2.1303,2.393,1.6669,-1.569,2.94,480,0,0,0,0.6194,0.5288,DO_NOTHING,,0.3,0.2821,0.3,0.3,0.3
139.032,230.3,-2.1357,2.4228,1.6949,-1.569,2.94,480,0,0,0,0.614,0.5262,DO_NOTHING,,0.3,0.2821,0.3,0.3,0.3
139.132,230.4,-2.142,2.452,1.7241,-1.569,2.94,480,0,0,0,0.6077,0.5229,DO_NOTHING,,0.2842,0.3333,0.2842,0.2842,0.2842
139.232,230.5,-2.1494,2.4804,1.7565,-1.569,2.94,480,0,0,0,0.6002,0.5189,DO_NOTHING,,0.3,0.3846,0.3,0.3,0.3
139.334,230.6,-2.1582,2.5098,1.7927,-1.569,2.94,480,0,0,3,0.5914,0.514,DO_NOTHING,,0.3,0.5385,0.3,0.3,0.3
139.44,230.7,-2.1678,2.5382,1.8308,-1.569,2.94,480,0,0,13,0.5819,0.5088,LIMIT,PolygonLimit,0.3,0.5385,0.3,0.2786,0.2786
139.538,230.8,-2.1783,2.565,1.8757,-1.569,2.94,480,0,0,20,0.5716,0.5034,LIMIT,PolygonLimit,0.3,0.5897,0.3,0.2786,0.2786
139.644,230.9,-2.1895,2.5901,1.9196,-1.569,2.94,480,0,0,27,0.5603,0.4973,LIMIT,PolygonLimit,0.3,0.4872,0.3,0.2543,0.2543
139.756,231.0,-2.2035,2.6198,1.9603,-1.569,2.94,480,0,0,32,0.5487,0.4899,DO_NOTHING,,0.3,0.5385,0.3,0.3,0.3
139.845,231.1,-2.2131,2.6395,1.9855,-1.569,2.94,480,0,0,36,0.5367,0.4817,LIMIT,PolygonLimit,0.2842,0.5385,0.3,0.2786,0.2786
139.957,231.2,-2.2278,2.6672,2.0254,-1.569,2.94,480,0,0,39,0.525,0.4735,LIMIT,PolygonLimit,0.3,0.5897,0.2842,0.2639,0.2639
140.044,231.3,-2.2375,2.6844,2.0507,-1.569,2.94,480,0,0,49,0.5139,0.4653,LIMIT,PolygonLimit,0.2842,0.5385,0.3,0.2543,0.2543
140.154,231.4,-2.2499,2.7052,2.0791,-1.569,2.94,480,0,0,59,0.5035,0.4565,LIMIT,PolygonLimit,0.3,0.5897,0.2842,0.2639,0.2639
140.254,231.5,-2.2628,2.7261,2.1088,-1.569,2.94,480,0,0,70,0.4934,0.4474,LIMIT,PolygonLimit,0.2842,0.5897,0.3,0.2543,0.2543
140.363,231.6,-2.2759,2.7458,2.1399,-1.569,2.94,480,0,0,79,0.4835,0.4384,LIMIT,PolygonLimit,0.3,0.5897,0.2842,0.241,0.241
140.462,231.7,-2.2896,2.7654,2.1716,-1.569,2.94,480,0,0,88,0.4753,0.4288,LIMIT,PolygonLimit,0.2842,0.5385,0.3,0.2543,0.2543
140.569,231.8,-2.3046,2.7859,2.2046,-1.569,2.94,480,0,0,97,0.4659,0.4181,LIMIT,PolygonLimit,0.3,0.5897,0.3,0.2639,0.2639
140.667,231.9,-2.3202,2.806,2.239,-1.569,2.94,480,0,0,106,0.4581,0.4079,LIMIT,PolygonLimit,0.2842,0.5897,0.2842,0.2543,0.2543
140.773,232.0,-2.3356,2.8248,2.2747,-1.569,2.94,480,0,0,115,0.4504,0.3988,LIMIT,PolygonLimit,0.2684,0.4872,0.2684,0.241,0.241
140.873,232.1,-2.3529,2.8439,2.3106,-1.569,2.94,480,0,3,124,0.4431,0.389,DO_NOTHING,,0.2842,0.5385,0.2842,0.2684,0.2684
140.98,232.2,-2.3708,2.8626,2.3476,-1.569,2.94,480,0,10,134,0.4348,0.3793,SLOWDOWN,PolygonSlow,0.2684,0.4872,0.2684,0.0853,0.0853
141.078,232.3,-2.3798,2.8718,2.365,-1.569,2.94,480,0,13,137,0.4331,0.3754,SLOWDOWN,PolygonSlow,0.3,0.4872,0.3,0.0805,0.0805
141.183,232.4,-2.3861,2.8779,2.3763,-1.569,2.94,480,0,15,142,0.4294,0.3716,SLOWDOWN,PolygonSlow,0.2842,0.4872,0.2842,0.09,0.09
141.282,232.5,-2.3923,2.8838,2.3875,-1.569,2.94,480,0,17,144,0.4282,0.3693,SLOWDOWN,PolygonSlow,0.2842,0.4872,0.2842,0.0853,0.0853
141.383,232.6,-2.3984,2.8896,2.3986,-1.569,2.89,480,0,19,147,0.426,0.366,SLOWDOWN,PolygonSlow,0.2684,0.4359,0.2684,0.0853,0.0853
141.481,232.7,-2.4044,2.8951,2.4087,-1.569,2.89,480,0,21,150,0.4241,0.363,SLOWDOWN,PolygonSlow,0.3,0.641,0.3,0.0805,0.0805
141.584,232.8,-2.4108,2.901,2.4215,-1.569,2.89,480,0,24,155,0.4232,0.361,SLOWDOWN,PolygonSlow,0.3,0.641,0.3,0.09,0.09
141.684,232.9,-2.4175,2.9068,2.4356,-1.569,2.89,480,0,26,158,0.4201,0.3578,SLOWDOWN,PolygonSlow,0.3,0.641,0.3,0.09,0.09
141.784,233.0,-2.4242,2.9126,2.4495,-1.569,2.89,480,0,28,160,0.4186,0.3552,SLOWDOWN,PolygonSlow,0.3,0.641,0.3,0.09,0.09
141.884,233.1,-2.4312,2.9183,2.4632,-1.569,2.89,480,0,30,164,0.4178,0.3534,SLOWDOWN,PolygonSlow,0.2842,0.641,0.2842,0.0853,0.0853
141.985,233.2,-2.4378,2.9236,2.4767,-1.569,2.89,480,0,33,167,0.4155,0.3509,SLOWDOWN,PolygonSlow,0.2842,0.641,0.2842,0.0853,0.0853
142.084,233.3,-2.4445,2.9289,2.4901,-1.569,2.89,480,0,35,169,0.4144,0.3489,SLOWDOWN,PolygonSlow,0.3,0.5897,0.3,0.09,0.09
142.185,233.4,-2.4516,2.9343,2.5021,-1.569,2.89,480,0,37,173,0.4123,0.3457,SLOWDOWN,PolygonSlow,0.3,0.5897,0.3,0.09,0.09
142.283,233.5,-2.4587,2.9396,2.5142,-1.569,2.89,480,0,39,177,0.4114,0.3437,SLOWDOWN,PolygonSlow,0.3,0.5897,0.3,0.09,0.09
142.384,233.6,-2.4659,2.9447,2.5265,-1.569,2.89,480,0,41,180,0.4116,0.342,SLOWDOWN,PolygonSlow,0.3,0.5385,0.3,0.09,0.09
142.484,233.7,-2.4733,2.9497,2.5382,-1.569,2.89,480,0,43,185,0.4085,0.3388,SLOWDOWN,PolygonSlow,0.2842,0.5385,0.2842,0.0853,0.0853
142.586,233.8,-2.4803,2.9544,2.55,-1.569,2.89,480,0,45,188,0.4085,0.3374,SLOWDOWN,PolygonSlow,0.2842,0.5385,0.2842,0.0853,0.0853
142.687,233.9,-2.4874,2.9589,2.5621,-1.569,2.89,480,0,47,192,0.4052,0.3334,SLOWDOWN,PolygonSlow,0.2842,0.5385,0.2842,0.0853,0.0853
142.79,234.0,-2.4945,2.9632,2.5743,-1.569,2.89,480,0,49,195,0.4048,0.332,SLOWDOWN,PolygonSlow,0.3,0.4872,0.3,0.09,0.09
142.89,234.1,-2.5022,2.9677,2.5854,-1.569,2.89,480,0,52,199,0.4048,0.3302,SLOWDOWN,PolygonSlow,0.3,0.4872,0.3,0.09,0.09
142.995,234.2,-2.5098,2.9721,2.5966,-1.569,2.89,480,0,54,203,0.4023,0.3267,SLOWDOWN,PolygonSlow,0.3,0.4872,0.3,0.09,0.09
143.112,234.3,-2.5191,2.9773,2.6101,-1.569,2.89,480,0,55,208,0.4018,0.3253,SLOWDOWN,PolygonSlow,0.2842,0.4872,0.2842,0.0853,0.0853
143.197,234.4,-2.525,2.9804,2.6192,-1.569,2.89,480,0,59,212,0.3995,0.3219,SLOWDOWN,PolygonSlow,0.3,0.4359,0.3,0.09,0.09
143.313,234.5,-2.5343,2.9853,2.6316,-1.569,2.89,480,0,62,216,0.3992,0.3199,SLOWDOWN,PolygonSlow,0.3,0.4359,0.3,0.09,0.09
143.396,234.6,-2.5406,2.9885,2.6399,-1.569,2.89,480,0,63,218,0.3998,0.3196,SLOWDOWN,PolygonSlow,0.3,0.5897,0.3,0.09,0.09
143.508,234.7,-2.5485,2.9923,2.6534,-1.569,2.84,480,0,66,223,0.3973,0.3161,SLOWDOWN,PolygonSlow,0.3,0.5385,0.3,0.09,0.09
143.606,234.8,-2.5565,2.996,2.6664,-1.569,2.84,480,0,69,227,0.3974,0.3146,SLOWDOWN,PolygonSlow,0.3,0.5385,0.3,0.09,0.09
143.713,234.9,-2.5645,2.9995,2.6793,-1.569,2.84,480,0,72,232,0.3961,0.3123,SLOWDOWN,PolygonSlow,0.3,0.4872,0.3,0.09,0.09
143.811,235.0,-2.5725,3.0029,2.6912,-1.569,2.84,480,0,74,237,0.3954,0.3108,SLOWDOWN,PolygonSlow,0.2842,0.4872,0.2842,0.0853,0.0853
143.92,235.1,-2.5802,3.0061,2.7031,-1.569,2.84,480,0,77,241,0.3939,0.3092,SLOWDOWN,PolygonSlow,0.2842,0.4872,0.2842,0.0853,0.0853
144.018,235.2,-2.5879,3.0091,2.7151,-1.569,2.84,480,0,78,245,0.3909,0.3078,SLOWDOWN,PolygonSlow,0.2842,0.4872,0.2842,0.0853,0.0853
144.125,235.3,-2.5958,3.012,2.727,-1.569,2.84,480,0,82,250,0.3879,0.3075,SLOWDOWN,PolygonSlow,0.3,0.4359,0.3,0.09,0.09
144.224,235.4,-2.604,3.015,2.7386,-1.569,2.84,480,0,87,255,0.3849,0.3041,SLOWDOWN,PolygonSlow,0.3,0.5897,0.3,0.09,0.09
144.324,235.5,-2.6124,3.0177,2.7535,-1.569,2.84,480,0,90,260,0.3822,0.3031,SLOWDOWN,PolygonSlow,0.3,0.5897,0.3,0.09,0.09
144.42,235.6,-2.6207,3.0202,2.7684,-1.569,2.84,480,0,92,266,0.3797,0.3021,SLOWDOWN,PolygonSlow,0.3,0.5385,0.3,0.09,0.09
144.528,235.7,-2.6291,3.0226,2.7822,-1.569,2.84,480,0,97,271,0.3773,0.3014,SLOWDOWN,PolygonSlow,0.3,0.5385,0.3,0.09,0.09
144.621,235.8,-2.6376,3.0249,2.7959,-1.569,2.84,480,0,98,277,0.375,0.2992,SLOWDOWN,PolygonSlow,0.3,0.4872,0.3,0.09,0.09
144.721,235.9,-2.646,3.0271,2.8086,-1.569,2.84,480,0,102,283,0.3727,0.2981,SLOWDOWN,PolygonSlow,0.3,0.4872,0.3,0.09,0.09
144.821,236.0,-2.6546,3.0292,2.8212,-1.569,2.84,480,0,105,286,0.3706,0.2971,SLOWDOWN,PolygonSlow,0.3,0.4359,0.3,0.09,0.09
144.922,236.1,-2.6631,3.0313,2.8327,-1.569,2.84,480,0,108,287,0.3686,0.2956,SLOWDOWN,PolygonSlow,0.3,0.4359,0.3,0.09,0.09
145.021,236.2,-2.6717,3.0332,2.8443,-1.569,2.84,480,0,113,288,0.3666,0.2943,SLOWDOWN,PolygonSlow,0.3,0.4359,0.3,0.09,0.09
145.122,236.3,-2.6803,3.035,2.8557,-1.569,2.84,480,0,117,289,0.3648,0.2932,SLOWDOWN,PolygonSlow,0.3,0.3846,0.3,0.09,0.09
145.222,236.4,-2.6889,3.0368,2.8661,-1.569,2.84,480,0,121,290,0.3631,0.2923,SLOWDOWN,PolygonSlow,0.2842,0.3846,0.2842,0.0853,0.0853
145.321,236.5,-2.6972,3.0384,2.8763,-1.569,2.84,480,0,125,290,0.3614,0.2914,SLOWDOWN,PolygonSlow,0.3,0.3333,0.3,0.09,0.09
145.421,236.6,-2.7059,3.0401,2.8854,-1.569,2.84,480,0,126,290,0.3597,0.2909,SLOWDOWN,PolygonSlow,0.3,0.3333,0.3,0.09,0.09
145.521,236.7,-2.7146,3.0417,2.8946,-1.519,2.89,480,0,131,291,0.3581,0.2905,SLOWDOWN,PolygonSlow,0.3,0.3333,0.3,0.09,0.09
145.62,236.8,-2.7233,3.0432,2.9035,-1.519,2.89,480,0,135,292,0.3566,0.2895,SLOWDOWN,PolygonSlow,0.3,0.2821,0.3,0.09,0.09
145.719,236.9,-2.7321,3.0447,2.9113,-1.519,2.89,480,0,139,293,0.3552,0.2901,SLOWDOWN,PolygonSlow,0.3,0.2821,0.3,0.09,0.09
145.818,237.0,-2.7409,3.0461,2.9192,-1.519,2.89,480,0,142,293,0.3537,0.2889,SLOWDOWN,PolygonSlow,0.3,0.2821,0.3,0.09,0.09
145.921,237.1,-2.7497,3.0475,2.9268,-1.519,2.89,480,0,146,294,0.3523,0.2885,SLOWDOWN,PolygonSlow,0.3,0.2308,0.3,0.09,0.09
146.022,237.2,-2.7584,3.0489,2.9332,-1.519,2.89,480,0,150,296,0.3509,0.2889,SLOWDOWN,PolygonSlow,0.2842,0.2308,0.2842,0.0853,0.0853
146.126,237.3,-2.7666,3.0502,2.9389,-1.519,2.89,480,0,154,295,0.3496,0.289,SLOWDOWN,PolygonSlow,0.2684,0.1282,0.2684,0.0805,0.0805
146.227,237.4,-2.7747,3.0515,2.9436,-1.519,2.89,480,0,155,296,0.3483,0.2892,SLOWDOWN,PolygonSlow,0.3,0.3846,0.3,0.09,0.09
146.331,237.5,-2.7835,3.0524,2.954,-1.519,2.89,480,0,161,298,0.3474,0.2898,SLOWDOWN,PolygonSlow,0.3,0.3846,0.3,0.09,0.09
146.446,237.6,-2.7942,3.0534,2.9663,-1.519,2.89,480,0,166,298,0.3467,0.2905,SLOWDOWN,PolygonSlow,0.3,0.3333,0.3,0.09,0.09
146.531,237.7,-2.8013,3.054,2.974,-1.519,2.89,480,0,172,299,0.3458,0.2913,SLOWDOWN,PolygonSlow,0.3,0.3333,0.3,0.09,0.09
146.648,237.8,-2.8119,3.0549,2.9846,-1.519,2.89,480,0,176,299,0.345,0.2921,SLOWDOWN,PolygonSlow,0.3,0.2821,0.3,0.09,0.09
146.73,237.9,-2.819,3.0555,2.9912,-1.519,2.89,480,0,181,300,0.3443,0.2932,SLOWDOWN,PolygonSlow,0.3,0.2821,0.3,0.09,0.09
146.842,238.0,-2.8279,3.0562,2.9995,-1.519,2.89,480,0,186,300,0.3437,0.2944,SLOWDOWN,PolygonSlow,0.2842,0.2821,0.3,0.09,0.09
146.939,238.1,-2.8367,3.0567,3.0077,-1.519,2.89,480,0,188,302,0.3432,0.2956,SLOWDOWN,PolygonSlow,0.2842,0.2821,0.2842,0.0853,0.0853
147.053,238.2,-2.8451,3.0571,3.016,-1.519,2.89,480,0,187,303,0.3427,0.2966,SLOWDOWN,PolygonSlow,0.3,0.2308,0.2842,0.0853,0.0853
147.151,238.3,-2.8539,3.0576,3.0235,-1.519,2.89,480,0,186,305,0.3422,0.2977,SLOWDOWN,PolygonSlow,0.3,0.1795,0.3,0.09,0.09
147.267,238.4,-2.8628,3.0581,3.0295,-1.519,2.89,480,0,187,307,0.3417,0.2987,SLOWDOWN,PolygonSlow,0.3,0.1795,0.3,0.09,0.09
147.355,238.5,-2.8718,3.0586,3.0348,-1.519,2.89,480,0,186,307,0.3411,0.2996,SLOWDOWN,PolygonSlow,0.2842,0.1795,0.3,0.09,0.09
147.462,238.6,-2.8805,3.0591,3.0402,-1.519,2.89,480,0,184,309,0.3407,0.3005,SLOWDOWN,PolygonSlow,0.3,0.1282,0.2842,0.0853,0.0853
147.561,238.7,-2.8892,3.0596,3.0447,-1.569,2.94,480,0,184,310,0.3402,0.3013,SLOWDOWN,PolygonSlow,0.3,0.1282,0.3,0.09,0.09
147.665,238.8,-2.8982,3.0601,3.0485,-1.569,2.94,480,0,183,312,0.3397,0.3022,SLOWDOWN,PolygonSlow,0.2842,0.0256,0.3,0.09,0.09
147.763,238.9,-2.9068,3.0608,3.0499,-1.569,2.94,480,0,182,313,0.339,0.303,SLOWDOWN,PolygonSlow,0.2842,0.1282,0.2842,0.0853,0.0853
147.863,239.0,-2.9153,3.0613,3.0532,-1.569,2.94,480,0,182,316,0.3385,0.3037,SLOWDOWN,PolygonSlow,0.3,0.0769,0.2842,0.0853,0.0853
147.962,239.1,-2.9241,3.0618,3.0558,-1.569,2.94,480,0,180,317,0.338,0.3045,SLOWDOWN,PolygonSlow,0.3,0.0769,0.3,0.09,0.09
148.062,239.2,-2.9331,3.0624,3.0581,-1.569,2.94,480,0,179,319,0.3374,0.3053,SLOWDOWN,PolygonSlow,0.3,0.0769,0.3,0.09,0.09
148.162,239.3,-2.9421,3.0629,3.0605,-1.569,2.94,480,0,178,319,0.3369,0.306,SLOWDOWN,PolygonSlow,0.3,0.0769,0.3,0.09,0.09
148.262,239.4,-2.9511,3.0635,3.0628,-1.569,2.94,480,0,177,321,0.3364,0.3067,SLOWDOWN,PolygonSlow,0.2842,0.0769,0.3,0.09,0.09
148.363,239.5,-2.9597,3.0639,3.0651,-1.569,2.94,480,0,175,322,0.3359,0.3074,SLOWDOWN,PolygonSlow,0.2842,0.0769,0.2842,0.0853,0.0853
148.462,239.6,-2.9682,3.0644,3.0675,-1.569,2.94,480,0,173,323,0.3355,0.308,SLOWDOWN,PolygonSlow,0.3,0.0256,0.2842,0.0853,0.0853
148.563,239.7,-2.977,3.0649,3.0686,-1.569,2.94,480,0,173,325,0.335,0.3086,SLOWDOWN,PolygonSlow,0.3,0.0,0.3,0.09,0.09
148.664,239.8,-2.986,3.0656,3.0689,-1.569,2.94,480,0,171,325,0.3343,0.3093,SLOWDOWN,PolygonSlow,0.3,0.0,0.3,0.09,0.09
148.764,239.9,-2.995,3.0662,3.0689,-1.569,2.94,480,0,169,324,0.3337,0.3099,SLOWDOWN,PolygonSlow,0.2842,0.0,0.3,0.09,0.09
148.862,240.0,-3.0036,3.0668,3.0689,-1.569,2.94,480,0,166,322,0.333,0.3106,SLOWDOWN,PolygonSlow,0.2842,0.0,0.2842,0.0853,0.0853
148.962,240.1,-3.0121,3.0675,3.0689,-1.569,2.94,480,0,164,321,0.3324,0.3112,SLOWDOWN,PolygonSlow,0.3,-0.0256,0.2842,0.0853,0.0853
149.064,240.2,-3.021,3.0682,3.0683,-1.569,2.94,480,0,162,319,0.3317,0.3118,SLOWDOWN,PolygonSlow,0.3,-0.0256,0.3,0.09,0.09
149.163,240.3,-3.0299,3.0689,3.0675,-1.569,2.94,480,0,161,317,0.331,0.3125,SLOWDOWN,PolygonSlow,0.3,-0.0256,0.3,0.09,0.09
149.262,240.4,-3.0389,3.0696,3.0667,-1.569,2.94,480,0,161,315,0.3302,0.3132,SLOWDOWN,PolygonSlow,0.2842,-0.0256,0.3,0.09,0.09
149.362,240.5,-3.0475,3.0703,3.0659,-1.569,2.94,480,0,162,313,0.3295,0.3138,SLOWDOWN,PolygonSlow,0.2842,-0.0256,0.2842,0.0853,0.0853
149.463,240.6,-3.056,3.0711,3.0652,-1.569,2.94,480,0,162,312,0.3288,0.3145,SLOWDOWN,PolygonSlow,0.2842,-0.0256,0.2842,0.0853,0.0853
149.562,240.7,-3.0645,3.0718,3.0644,-1.569,2.94,480,0,162,310,0.328,0.3151,SLOWDOWN,PolygonSlow,0.2684,-0.0256,0.2842,0.0853,0.0853
149.667,240.8,-3.0726,3.0725,3.0636,-1.569,2.94,480,0,162,308,0.3273,0.3158,SLOWDOWN,PolygonSlow,0.2684,-0.0256,0.2684,0.0805,0.0805
149.78,240.9,-3.0823,3.0733,3.0627,-1.569,2.94,480,0,162,306,0.3266,0.3164,SLOWDOWN,PolygonSlow,0.2684,-0.0256,0.2684,0.0805,0.0805
149.867,241.0,-3.0887,3.0739,3.062,-1.569,2.94,480,0,163,304,0.3259,0.317,SLOWDOWN,PolygonSlow,0.2526,-0.0256,0.2526,0.0805,0.0805
149.98,241.1,-3.0979,3.0747,3.0611,-1.569,2.94,480,0,163,303,0.3252,0.3177,SLOWDOWN,PolygonSlow,0.2526,-0.0256,0.2526,0.0758,0.0758
150.066,241.2,-3.1039,3.0752,3.0605,-1.569,2.94,480,0,163,301,0.3246,0.3183,SLOWDOWN,PolygonSlow,0.2526,-0.0256,0.2526,0.0758,0.0758
150.178,241.3,-3.1115,3.0759,3.0597,-1.569,2.94,480,0,163,299,0.3239,0.3189,SLOWDOWN,PolygonSlow,0.2368,-0.0256,0.2368,0.0758,0.0758
150.274,241.4,-3.1187,3.0766,3.059,-1.569,2.94,480,0,163,297,0.3232,0.3195,SLOWDOWN,PolygonSlow,0.2368,-0.0256,0.2368,0.0711,0.0711
150.382,241.5,-3.1258,3.0772,3.0582,-1.569,2.94,480,0,163,295,0.3225,0.3201,SLOWDOWN,PolygonSlow,0.2368,-0.0256,0.2368,0.0711,0.0711
150.48,241.6,-3.1328,3.0779,3.0574,-1.569,2.94,480,0,163,293,0.3219,0.3207,SLOWDOWN,PolygonSlow,0.2211,-0.0256,0.2211,0.0711,0.0711
150.587,241.7,-3.1396,3.0785,3.0566,-1.569,2.94,480,0,163,291,0.3212,0.3213,SLOWDOWN,PolygonSlow,0.2211,-0.0256,0.2211,0.0663,0.0663
150.685,241.8,-3.1462,3.0792,3.0559,-1.569,2.94,480,0,164,290,0.3206,0.3218,SLOWDOWN,PolygonSlow,0.2211,-0.0256,0.2211,0.0663,0.0663
150.79,241.9,-3.1528,3.0798,3.0551,-1.569,2.94,480,0,164,287,0.32,0.3224,SLOWDOWN,PolygonSlow,0.2211,-0.0256,0.2211,0.0663,0.0663
150.889,242.0,-3.1594,3.0804,3.0543,-1.569,2.94,480,0,164,286,0.3193,0.323,SLOWDOWN,PolygonSlow,0.2053,-0.0256,0.2053,0.0616,0.0616
150.991,242.1,-3.1655,3.081,3.0535,-1.569,2.94,480,0,164,285,0.3187,0.3235,SLOWDOWN,PolygonSlow,0.2053,-0.0256,0.2053,0.0616,0.0616
151.09,242.2,-3.1716,3.0816,3.0528,-1.569,2.94,480,0,164,282,0.3181,0.3241,SLOWDOWN,PolygonSlow,0.2053,-0.0256,0.2053,0.0616,0.0616
151.192,242.3,-3.1778,3.0823,3.052,-1.569,2.94,480,0,164,281,0.3175,0.3246,SLOWDOWN,PolygonSlow,0.2053,-0.0256,0.2053,0.0616,0.0616
151.289,242.4,-3.1839,3.0829,3.0512,-1.569,2.94,480,0,164,278,0.3169,0.3252,SLOWDOWN,PolygonSlow,0.1895,-0.0256,0.1895,0.0568,0.0568
151.388,242.5,-3.1896,3.0835,3.0505,-1.569,2.94,480,0,164,277,0.3163,0.3257,SLOWDOWN,PolygonSlow,0.1895,-0.0256,0.1895,0.0568,0.0568
151.488,242.6,-3.1952,3.084,3.0497,-1.569,2.94,480,0,165,276,0.3157,0.3262,SLOWDOWN,PolygonSlow,0.1895,-0.0256,0.1895,0.0568,0.0568
151.588,242.7,-3.2009,3.0846,3.0489,-1.569,2.94,480,0,165,274,0.3151,0.3267,SLOWDOWN,PolygonSlow,0.1895,-0.0256,0.1895,0.0568,0.0568
151.688,242.8,-3.2066,3.0852,3.0481,-1.569,2.94,480,0,165,272,0.3145,0.3273,SLOWDOWN,PolygonSlow,0.1737,-0.0256,0.1737,0.0521,0.0521
151.788,242.9,-3.2117,3.0858,3.0474,-1.569,2.94,480,0,165,270,0.314,0.3278,SLOWDOWN,PolygonSlow,0.1737,-0.0256,0.1737,0.0521,0.0521
151.889,243.0,-3.2169,3.0863,3.0466,-1.569,2.94,480,0,165,269,0.3134,0.3283,SLOWDOWN,PolygonSlow,0.1737,-0.0256,0.1737,0.0521,0.0521
151.988,243.1,-3.2221,3.0869,3.0458,-1.569,2.94,480,0,165,267,0.3129,0.3288,SLOWDOWN,PolygonSlow,0.1737,-0.0256,0.1737,0.0521,0.0521
152.088,243.2,-3.2273,3.0875,3.0451,-1.569,2.94,480,0,165,265,0.3123,0.3293,SLOWDOWN,PolygonSlow,0.1579,-0.0256,0.1579,0.0474,0.0474
152.188,243.3,-3.232,3.088,3.0443,-1.569,2.94,480,0,165,263,0.3118,0.3297,SLOWDOWN,PolygonSlow,0.1579,-0.0256,0.1579,0.0474,0.0474
152.288,243.4,-3.2367,3.0885,3.0435,-1.569,2.94,480,0,165,262,0.3113,0.3302,SLOWDOWN,PolygonSlow,0.1579,-0.0256,0.1579,0.0474,0.0474
152.39,243.5,-3.2414,3.089,3.0428,-1.569,2.94,480,0,166,261,0.3107,0.3307,SLOWDOWN,PolygonSlow,0.1579,-0.0256,0.1579,0.0474,0.0474
152.489,243.6,-3.2462,3.0896,3.042,-1.569,2.94,480,0,166,259,0.3102,0.3311,SLOWDOWN,PolygonSlow,0.1579,-0.0256,0.1579,0.0474,0.0474
152.589,243.7,-3.2509,3.0901,3.0412,-1.569,2.94,480,0,166,257,0.3097,0.3316,SLOWDOWN,PolygonSlow,0.2053,0.1282,0.2053,0.0616,0.0616
152.689,243.8,-3.2568,3.0905,3.0444,-1.569,2.94,480,0,166,256,0.3093,0.3322,SLOWDOWN,PolygonSlow,0.2053,0.1282,0.2053,0.0616,0.0616
152.793,243.9,-3.263,3.0907,3.0483,-1.569,2.94,480,0,166,254,0.309,0.3328,SLOWDOWN,PolygonSlow,0.1105,0.0769,0.1105,0.0332,0.0332
152.893,244.0,-3.2664,3.0909,3.0504,-1.569,2.94,480,0,165,253,0.3089,0.3331,SLOWDOWN,PolygonSlow,0.1895,0.1282,0.1895,0.0568,0.0568
152.997,244.1,-3.272,3.0911,3.0541,-1.569,2.94,480,0,165,251,0.3087,0.3336,SLOWDOWN,PolygonSlow,0.1895,0.1282,0.1895,0.0568,0.0568
153.11,244.2,-3.2776,3.0912,3.0579,-1.569,2.94,480,0,165,250,0.3085,0.3341,SLOWDOWN,PolygonSlow,0.1105,0.0,0.1105,0.0332,0.0332
153.196,244.3,-3.281,3.0915,3.0579,-1.569,2.94,480,0,165,249,0.3082,0.3343,SLOWDOWN,PolygonSlow,0.0947,0.0769,0.0947,0.0284,0.0284
153.309,244.4,-3.2838,3.0916,3.0602,-1.569,2.94,480,0,165,249,0.3082,0.3346,SLOWDOWN,PolygonSlow,0.1737,0.1282,0.1737,0.0521,0.0521
153.397,244.5,-3.2889,3.0917,3.0639,-1.569,2.94,480,0,165,247,0.3081,0.335,SLOWDOWN,PolygonSlow,0.1579,0.1795,0.1579,0.0474,0.0474
153.507,244.6,-3.2937,3.0916,3.0693,-1.569,2.94,480,0,165,246,0.3082,0.3353,SLOWDOWN,PolygonSlow,0.1579,0.1795,0.1579,0.0474,0.0474
153.605,244.7,-3.2984,3.0914,3.0748,-1.569,2.94,480,0,164,245,0.3084,0.3356,SLOWDOWN,PolygonSlow,0.1579,0.1795,0.1579,0.0474,0.0474
153.713,244.8,-3.3031,3.0913,3.08,-1.569,2.94,480,0,164,243,0.3086,0.3359,SLOWDOWN,PolygonSlow,0.1579,0.1282,0.1579,0.0474,0.0474
153.812,244.9,-3.3078,3.0912,3.0839,-1.569,2.94,480,0,164,242,0.3087,0.3362,SLOWDOWN,PolygonSlow,0.1579,0.1282,0.1579,0.0474,0.0474
153.918,245.0,-3.3126,3.0911,3.0885,-1.569,2.94,480,0,163,241,0.3088,0.3365,SLOWDOWN,PolygonSlow,0.1579,0.2308,0.1579,0.0474,0.0474
154.017,245.1,-3.3172,3.0907,3.0953,-1.569,2.94,480,0,163,239,0.3091,0.3367,SLOWDOWN,PolygonSlow,0.1421,0.1795,0.1421,0.0426,0.0426
154.123,245.2,-3.3215,3.0904,3.1006,-1.569,2.94,480,0,163,238,0.3093,0.3368,SLOWDOWN,PolygonSlow,0.1421,0.1282,0.1421,0.0426,0.0426
154.222,245.3,-3.3257,3.0903,3.1048,-1.569,2.94,480,0,163,236,0.3095,0.337,SLOWDOWN,PolygonSlow,0.1421,0.1795,0.1421,0.0426,0.0426
154.323,245.4,-3.33,3.0899,3.1104,-1.569,2.94,480,0,162,236,0.3098,0.3371,SLOWDOWN,PolygonSlow,0.1421,0.1795,0.1421,0.0426,0.0426
154.421,245.5,-3.3342,3.0896,3.1154,-1.569,2.94,480,0,162,236,0.3101,0.3373,SLOWDOWN,PolygonSlow,0.1421,0.0769,0.1421,0.0426,0.0426
154.523,245.6,-3.3384,3.0895,3.1181,-1.569,2.94,480,0,161,241,0.3103,0.3374,SLOWDOWN,PolygonSlow,0.1263,0.1282,0.1263,0.0379,0.0379
154.62,245.7,-3.3422,3.0892,3.1221,-1.569,2.94,480,0,161,251,0.3105,0.3375,SLOWDOWN,PolygonSlow,0.1263,0.1282,0.1263,0.0379,0.0379
154.726,245.8,-3.346,3.0889,3.1262,-1.569,2.94,480,0,161,274,0.3109,0.3376,SLOWDOWN,PolygonSlow,0.1263,0.1282,0.1263,0.0379,0.0379
154.82,245.9,-3.3498,3.0886,3.1299,-1.569,2.94,480,0,161,315,0.3111,0.3378,SLOWDOWN,PolygonSlow,0.1263,0.0769,0.1263,0.0379,0.0379
154.922,246.0,-3.3536,3.0884,3.1323,-1.569,2.94,480,0,161,367,0.3113,0.338,SLOWDOWN,PolygonSlow,0.1263,0.0769,0.1263,0.0379,0.0379
155.021,246.1,-3.3574,3.0882,3.1348,-1.569,2.94,480,0,160,366,0.3115,0.3382,SLOWDOWN,PolygonSlow,0.1263,0.0769,0.1263,0.0379,0.0379
155.12,246.2,-3.3611,3.088,3.1375,-1.569,2.94,480,0,160,365,0.3118,0.3385,SLOWDOWN,PolygonSlow,0.1105,0.1282,0.1105,0.0332,0.0332
155.224,246.3,-3.3644,3.0877,-3.1416,-1.569,2.94,480,0,160,365,0.3122,0.3386,SLOWDOWN,PolygonSlow,0.1105,0.1282,0.1105,0.0332,0.0332
155.323,246.4,-3.3677,3.0873,-3.1375,-1.569,2.94,480,0,160,365,0.3126,0.3391,SLOWDOWN,PolygonSlow,0.1105,0.1282,0.1105,0.0332,0.0332
155.42,246.5,-3.371,3.0869,-3.1337,-1.569,2.94,480,0,159,364,0.313,0.3392,SLOWDOWN,PolygonSlow,0.1105,0.0769,0.1105,0.0332,0.0332
155.521,246.6,-3.3743,3.0867,-3.1313,-1.569,2.94,480,0,159,365,0.3132,0.3393,SLOWDOWN,PolygonSlow,0.1105,0.0769,0.1105,0.0332,0.0332
155.62,246.7,-3.3776,3.0864,-3.1292,-1.569,2.94,480,0,159,364,0.3134,0.3396,SLOWDOWN,PolygonSlow,0.1105,0.0256,0.1105,0.0332,0.0332
155.721,246.8,-3.381,3.0863,-3.1284,-1.569,2.94,480,0,159,363,0.3135,0.3399,SLOWDOWN,PolygonSlow,0.1105,0.0256,0.1105,0.0332,0.0332
155.821,246.9,-3.3841,3.0861,-3.1263,-1.569,2.94,480,0,159,363,0.3137,0.3403,SLOWDOWN,PolygonSlow,0.0947,0.1282,0.0947,0.0284,0.0284
155.922,247.0,-3.3869,3.0857,-3.1223,-1.569,2.94,480,0,159,363,0.3141,0.3408,SLOWDOWN,PolygonSlow,0.0947,0.1282,0.0947,0.0284,0.0284
156.02,247.1,-3.3898,3.0854,-3.1189,-1.569,2.94,480,0,158,363,0.3144,0.3409,SLOWDOWN,PolygonSlow,0.0947,0.0769,0.0947,0.0284,0.0284
156.121,247.2,-3.3926,3.0851,-3.1164,-1.569,2.94,480,0,158,363,0.3147,0.3414,SLOWDOWN,PolygonSlow,0.0947,0.0769,0.0947,0.0284,0.0284
156.22,247.3,-3.3955,3.0848,-3.1137,-1.569,2.94,480,0,158,364,0.315,0.3415,SLOWDOWN,PolygonSlow,0.0947,0.1282,0.0947,0.0284,0.0284
156.325,247.4,-3.3983,3.0844,-3.1106,-1.569,2.94,480,0,158,363,0.3153,0.342,SLOWDOWN,PolygonSlow,0.0947,0.0256,0.0947,0.0284,0.0284
156.436,247.5,-3.4011,3.0843,-3.1101,-1.569,2.94,480,0,158,363,0.3155,0.3429,SLOWDOWN,PolygonSlow,0.0947,0.0,0.0947,0.0284,0.0284
156.524,247.6,-3.404,3.0842,-3.1101,-1.569,2.94,480,0,158,362,0.3155,0.3428,SLOWDOWN,PolygonSlow,0.0947,0.0,0.0947,0.0284,0.0284
156.639,247.7,-3.4072,3.084,-3.1081,-1.569,2.94,480,0,158,362,0.3157,0.3433,SLOWDOWN,PolygonSlow,0.0789,0.1282,0.0789,0.0237,0.0237
156.725,247.8,-3.4091,3.0836,-3.1049,-1.569,2.94,480,0,157,362,0.3161,0.3435,SLOWDOWN,PolygonSlow,0.0789,0.1282,0.0789,0.0237,0.0237
156.837,247.9,-3.4114,3.0832,-3.1014,-1.569,2.94,480,0,157,362,0.3165,0.3437,SLOWDOWN,PolygonSlow,0.0789,0.0769,0.0789,0.0237,0.0237
156.934,248.0,-3.4138,3.0829,-3.099,-1.569,2.94,480,0,157,362,0.3168,0.3443,SLOWDOWN,PolygonSlow,0.0789,0.0769,0.0789,0.0237,0.0237
157.042,248.1,-3.4162,3.0826,-3.0971,-1.569,2.94,480,0,157,361,0.3171,0.3444,SLOWDOWN,PolygonSlow,0.0789,0.0256,0.0789,0.0237,0.0237
157.142,248.2,-3.4185,3.0824,-3.0963,-1.569,2.94,480,0,157,361,0.3173,0.3449,SLOWDOWN,PolygonSlow,0.0789,0.0,0.0789,0.0237,0.0237
157.252,248.3,-3.4209,3.0823,-3.0958,-1.569,2.94,480,0,157,360,0.3174,0.3454,SLOWDOWN,PolygonSlow,0.0789,-0.0256,0.0789,0.0237,0.0237
157.348,248.4,-3.4233,3.0822,-3.0963,-1.569,2.94,480,0,157,359,0.3175,0.3459,SLOWDOWN,PolygonSlow,0.0789,-0.0256,0.0789,0.0237,0.0237
157.451,248.5,-3.4256,3.0822,-3.0971,-1.569,2.94,480,0,157,360,0.3175,0.3463,SLOWDOWN,PolygonSlow,0.0789,-0.0256,0.0789,0.0237,0.0237
157.55,248.6,-3.428,3.0822,-3.0979,-1.569,2.94,480,0,157,359,0.3176,0.3474,SLOWDOWN,PolygonSlow,0.0632,0.1282,0.0789,0.0237,0.0237
157.658,248.7,-3.4301,3.0819,-3.096,-1.569,2.94,480,0,157,359,0.3178,0.3476,SLOWDOWN,PolygonSlow,0.0632,0.1282,0.0632,0.0189,0.0189
157.753,248.8,-3.432,3.0815,-3.092,-1.569,2.94,480,0,156,359,0.3182,0.3479,SLOWDOWN,PolygonSlow,0.0632,0.0769,0.0632,0.0189,0.0189
157.854,248.9,-3.4339,3.0811,-3.0888,-1.569,2.94,480,0,156,359,0.3186,0.3481,SLOWDOWN,PolygonSlow,0.0632,0.0769,0.0632,0.0189,0.0189
157.954,249.0,-3.4358,3.0808,-3.0865,-1.569,2.94,480,0,156,359,0.3189,0.3483,SLOWDOWN,PolygonSlow,0.0632,0.0769,0.0632,0.0189,0.0189
158.053,249.1,-3.4376,3.0805,-3.0841,-1.569,2.94,480,0,156,359,0.3192,0.3484,SLOWDOWN,PolygonSlow,0.0632,0.0256,0.0632,0.0189,0.0189
158.154,249.2,-3.4395,3.0803,-3.0825,-1.569,2.94,480,0,156,359,0.3195,0.3492,SLOWDOWN,PolygonSlow,0.0632,-0.0256,0.0632,0.0189,0.0189
158.253,249.3,-3.4414,3.0801,-3.0823,-1.569,2.94,480,0,156,358,0.3196,0.3491,SLOWDOWN,PolygonSlow,0.0632,-0.0256,0.0632,0.0189,0.0189
158.353,249.4,-3.4433,3.0801,-3.0831,-1.569,2.94,480,0,156,358,0.3197,0.3496,SLOWDOWN,PolygonSlow,0.0632,-0.0256,0.0632,0.0189,0.0189
158.453,249.5,-3.4452,3.08,-3.0839,-1.569,2.94,480,0,156,358,0.3197,0.3502,SLOWDOWN,PolygonSlow,0.0632,-0.0256,0.0632,0.0189,0.0189
158.555,249.6,-3.4471,3.08,-3.0847,-1.569,2.94,480,0,156,357,0.3197,0.3508,SLOWDOWN,PolygonSlow,0.0632,-0.0256,0.0632,0.0189,0.0189
158.655,249.7,-3.449,3.08,-3.0855,-1.569,2.94,480,0,156,357,0.3198,0.3522,SLOWDOWN,PolygonSlow,0.0632,-0.0769,0.0632,0.0189,0.0189
158.753,249.8,-3.4509,3.08,-3.0871,-1.569,2.94,480,0,156,356,0.3197,0.3519,SLOWDOWN,PolygonSlow,0.0474,0.1282,0.0632,0.0189,0.0189
158.853,249.9,-3.4525,3.0799,-3.0865,-1.569,2.94,480,0,156,356,0.3199,0.3519,SLOWDOWN,PolygonSlow,0.0474,0.1282,0.0474,0.0142,0.0142
158.954,250.0,-3.4539,3.0794,-3.0825,-1.569,2.94,480,0,156,356,0.3203,0.3523,SLOWDOWN,PolygonSlow,0.0474,0.0769,0.0474,0.0142,0.0142
159.053,250.1,-3.4553,3.0791,-3.0795,-1.569,2.94,480,0,155,356,0.3207,0.3525,SLOWDOWN,PolygonSlow,0.0474,0.0769,0.0474,0.0142,0.0142
159.154,250.2,-3.4568,3.0788,-3.0772,-1.569,2.94,480,0,155,356,0.321,0.3528,SLOWDOWN,PolygonSlow,0.0474,0.0769,0.0474,0.0142,0.0142
159.255,250.3,-3.4582,3.0785,-3.0748,-1.569,2.94,480,0,155,356,0.3213,0.353,SLOWDOWN,PolygonSlow,0.0474,0.0256,0.0474,0.0142,0.0142
159.354,250.4,-3.4596,3.0783,-3.0732,-1.569,2.94,480,0,155,356,0.3216,0.3539,SLOWDOWN,PolygonSlow,0.0474,0.0,0.0474,0.0142,0.0142
159.46,250.5,-3.461,3.0781,-3.0729,-1.569,2.94,480,0,155,356,0.3217,0.3539,SLOWDOWN,PolygonSlow,0.0474,-0.0256,0.0474,0.0142,0.0142
159.559,250.6,-3.4624,3.0781,-3.0734,-1.569,2.94,480,0,155,356,0.3218,0.3546,SLOWDOWN,PolygonSlow,0.0474,-0.0256,0.0474,0.0142,0.0142
159.664,250.7,-3.4638,3.0781,-3.0742,-1.569,2.94,480,0,155,355,0.3218,0.3544,SLOWDOWN,PolygonSlow,0.0474,-0.0256,0.0474,0.0142,0.0142
159.777,250.8,-3.4655,3.078,-3.0751,-1.569,2.94,480,0,155,355,0.3218,0.3551,SLOWDOWN,PolygonSlow,0.0474,-0.0256,0.0474,0.0142,0.0142
159.865,250.9,-3.4667,3.078,-3.0758,-1.569,2.94,480,0,155,354,0.3218,0.3558,SLOWDOWN,PolygonSlow,0.0474,-0.0256,0.0474,0.0142,0.0142
159.976,251.0,-3.4684,3.078,-3.0767,-1.569,2.94,480,0,155,354,0.3218,0.3556,SLOWDOWN,PolygonSlow,0.0474,-0.0769,0.0474,0.0142,0.0142
160.065,251.1,-3.4695,3.0781,-3.0786,-1.569,2.94,480,0,155,355,0.3217,0.3571,SLOWDOWN,PolygonSlow,0.0474,-0.0769,0.0474,0.0142,0.0142
160.175,251.2,-3.4709,3.0782,-3.081,-1.569,2.94,480,0,155,354,0.3216,0.3567,SLOWDOWN,PolygonSlow,0.0474,-0.0769,0.0474,0.0142,0.0142
160.272,251.3,-3.4724,3.0783,-3.0833,-1.569,2.94,480,0,156,353,0.3215,0.3572,SLOWDOWN,PolygonSlow,0.0474,-0.0769,0.0474,0.0142,0.0142
160.379,251.4,-3.4738,3.0784,-3.0857,-1.569,2.94,480,0,156,354,0.3213,0.3577,SLOWDOWN,PolygonSlow,0.0474,-0.0769,0.0474,0.0142,0.0142
160.477,251.5,-3.4752,3.0786,-3.0881,-1.569,2.94,480,0,156,353,0.3212,0.3583,SLOWDOWN,PolygonSlow,0.0316,0.1795,0.0316,0.0142,0.0142
160.584,251.6,-3.4762,3.0783,-3.0854,-1.569,2.94,480,0,156,353,0.3215,0.3587,SLOWDOWN,PolygonSlow,0.0316,0.1282,0.0316,0.0095,0.0095
160.682,251.7,-3.4772,3.0779,-3.0812,-1.569,2.94,480,0,155,353,0.3219,0.3593,SLOWDOWN,PolygonSlow,0.0316,0.1282,0.0316,0.0095,0.0095
160.788,251.8,-3.4781,3.0775,-3.0772,-1.569,2.94,480,0,155,354,0.3223,0.3588,SLOWDOWN,PolygonSlow,0.0316,0.1282,0.0316,0.0095,0.0095
160.887,251.9,-3.4791,3.0771,-3.0733,-1.569,2.94,480,0,160,354,0.3228,0.3593,SLOWDOWN,PolygonSlow,0.0316,0.0769,0.0316,0.0095,0.0095
160.994,252.0,-3.48,3.0768,-3.0709,-1.569,2.94,480,0,162,354,0.3231,0.3596,SLOWDOWN,PolygonSlow,0.0316,0.0769,0.0316,0.0095,0.0095
161.091,252.1,-3.481,3.0765,-3.0686,-1.569,2.94,480,0,166,353,0.3234,0.3599,SLOWDOWN,PolygonSlow,0.0316,0.0769,0.0316,0.0095,0.0095
161.193,252.2,-3.4819,3.0763,-3.0663,-1.569,2.94,480,0,167,353,0.3237,0.3602,SLOWDOWN,PolygonSlow,0.0316,0.0256,0.0316,0.0095,0.0095
161.291,252.3,-3.4829,3.0761,-3.0655,-1.569,2.94,480,0,170,353,0.3238,0.3603,SLOWDOWN,PolygonSlow,0.0474,0.0,0.0474,0.0142,0.0142
161.393,252.4,-3.4843,3.076,-3.0655,-1.569,2.94,480,0,173,354,0.3239,0.3605,SLOWDOWN,PolygonSlow,0.0474,0.0,0.0474,0.0142,0.0142
161.491,252.5,-3.4857,3.0759,-3.0655,-1.569,2.94,480,0,177,353,0.324,0.3611,SLOWDOWN,PolygonSlow,0.0474,0.0,0.0474,0.0142,0.0142
161.592,252.6,-3.4871,3.0758,-3.0655,-1.569,2.94,480,0,180,353,0.3242,0.3617,SLOWDOWN,PolygonSlow,0.0474,0.0,0.0474,0.0142,0.0142
161.692,252.7,-3.4885,3.0757,-3.0655,-1.569,2.94,480,0,184,352,0.3243,0.363,SLOWDOWN,PolygonSlow,0.0316,0.0769,0.0316,0.0095,0.0095
161.795,252.8,-3.4895,3.0754,-3.0632,-1.569,2.94,480,0,186,353,0.3246,0.3633,SLOWDOWN,PolygonSlow,0.0316,0.0769,0.0316,0.0095,0.0095
161.891,252.9,-3.4904,3.0751,-3.0608,-1.569,2.94,480,0,189,353,0.3248,0.3637,SLOWDOWN,PolygonSlow,0.0316,0.0769,0.0316,0.0095,0.0095
161.991,253.0,-3.4914,3.0749,-3.0585,-1.569,2.94,480,0,192,353,0.325,0.364,SLOWDOWN,PolygonSlow,0.0316,0.0769,0.0316,0.0095,0.0095
162.091,253.1,-3.4923,3.0746,-3.0562,-1.569,2.94,480,0,194,353,0.3253,0.3643,SLOWDOWN,PolygonSlow,0.0316,0.0256,0.0316,0.0095,0.0095
162.192,253.2,-3.4932,3.0744,-3.0554,-1.569,2.94,480,0,196,353,0.3254,0.3643,SLOWDOWN,PolygonSlow,0.0316,0.0256,0.0316,0.0095,0.0095
162.291,253.3,-3.4942,3.0743,-3.0546,-1.569,2.94,480,0,199,353,0.3256,0.3644,SLOWDOWN,PolygonSlow,0.0316,0.0256,0.0316,0.0095,0.0095
162.392,253.4,-3.4951,3.0741,-3.0538,-1.569,2.94,480,0,201,352,0.3257,0.3644,SLOWDOWN,PolygonSlow,0.0316,0.0256,0.0316,0.0095,0.0095
162.493,253.5,-3.4961,3.074,-3.0531,-1.569,2.94,480,0,203,352,0.3259,0.3645,SLOWDOWN,PolygonSlow,0.0316,0.0256,0.0316,0.0095,0.0095
162.592,253.6,-3.497,3.0738,-3.0523,-1.569,2.94,480,0,206,352,0.326,0.3645,SLOWDOWN,PolygonSlow,0.0316,0.0256,0.0316,0.0095,0.0095
162.693,253.7,-3.498,3.0737,-3.0515,-1.569,2.94,480,0,208,352,0.3261,0.3646,SLOWDOWN,PolygonSlow,0.0316,0.0256,0.0316,0.0095,0.0095
162.795,253.8,-3.4989,3.0735,-3.0507,-1.569,2.94,480,0,211,352,0.3263,0.3646,SLOWDOWN,PolygonSlow,0.0316,0.0256,0.0316,0.0095,0.0095
162.895,253.9,-3.4999,3.0734,-3.05,-1.569,2.94,480,0,212,352,0.3264,0.3654,SLOWDOWN,PolygonSlow,0.0316,0.0,0.0316,0.0095,0.0095
162.999,254.0,-3.5008,3.0733,-3.05,-1.569,2.94,480,0,214,351,0.3265,0.3657,SLOWDOWN,PolygonSlow,0.0316,0.0,0.0316,0.0095,0.0095
163.111,254.1,-3.5017,3.0732,-3.05,-1.569,2.94,480,0,217,351,0.3266,0.3656,SLOWDOWN,PolygonSlow,0.0316,0.0,0.0316,0.0095,0.0095
163.199,254.2,-3.5027,3.0731,-3.05,-1.569,2.94,480,0,219,352,0.3267,0.3667,SLOWDOWN,PolygonSlow,0.0316,0.0,0.0316,0.0095,0.0095
163.31,254.3,-3.5036,3.073,-3.05,-1.569,2.94,480,0,222,352,0.3268,0.3666,SLOWDOWN,PolygonSlow,0.0316,0.0,0.0316,0.0095,0.0095
163.399,254.4,-3.5046,3.073,-3.05,-1.569,2.94,480,0,224,352,0.3269,0.3665,SLOWDOWN,PolygonSlow,0.0316,0.0,0.0316,0.0095,0.0095
163.509,254.5,-3.5055,3.0729,-3.05,-1.569,2.94,480,0,226,352,0.3269,0.3676,SLOWDOWN,PolygonSlow,0.0316,0.0,0.0316,0.0095,0.0095
163.608,254.6,-3.5065,3.0728,-3.05,-1.569,2.94,480,0,229,352,0.327,0.3675,SLOWDOWN,PolygonSlow,0.0316,0.0,0.0316,0.0095,0.0095
163.721,254.7,-3.5074,3.0727,-3.05,-1.569,2.94,480,0,231,351,0.3271,0.3674,SLOWDOWN,PolygonSlow,0.0316,0.0,0.0316,0.0095,0.0095
163.816,254.8,-3.5083,3.0726,-3.05,-1.569,2.94,480,0,234,351,0.3272,0.3693,SLOWDOWN,PolygonSlow,0.0316,-0.0256,0.0316,0.0095,0.0095
163.924,254.9,-3.5093,3.0726,-3.0508,-1.569,2.94,480,0,236,351,0.3272,0.3695,SLOWDOWN,PolygonSlow,0.0316,-0.0256,0.0316,0.0095,0.0095
164.021,255.0,-3.5102,3.0726,-3.0516,-1.569,2.94,480,0,239,350,0.3273,0.3693,SLOWDOWN,PolygonSlow,0.0316,-0.0256,0.0316,0.0095,0.0095
164.128,255.1,-3.5112,3.0726,-3.0524,-1.569,2.94,480,0,242,351,0.3273,0.369,SLOWDOWN,PolygonSlow,0.0316,-0.0256,0.0316,0.0095,0.0095
164.226,255.2,-3.5121,3.0725,-3.0531,-1.569,2.94,480,0,244,351,0.3273,0.37,SLOWDOWN,PolygonSlow,0.0316,-0.0256,0.0316,0.0095,0.0095
164.329,255.3,-3.5129,3.0724,-3.0527,-1.569,2.94,480,0,246,350,0.3274,0.3701,SLOWDOWN,PolygonSlow,0.0158,0.0769,0.0158,0.0047,0.0047
164.431,255.4,-3.5134,3.0722,-3.0504,-1.569,2.94,480,0,246,351,0.3276,0.3705,SLOWDOWN,PolygonSlow,0.0158,0.0769,0.0158,0.0047,0.0047
164.53,255.5,-3.5138,3.072,-3.0481,-1.569,2.94,480,0,247,351,0.3278,0.3696,SLOWDOWN,PolygonSlow,0.0158,0.0769,0.0158,0.0047,0.0047
164.628,255.6,-3.5143,3.0718,-3.0467,-1.569,2.94,480,0,247,351,0.328,0.3699,SLOWDOWN,PolygonSlow,0.0158,0.0,0.0158,0.0047,0.0047
164.732,255.7,-3.5148,3.0718,-3.0467,-1.569,2.94,480,0,249,351,0.328,0.3703,SLOWDOWN,PolygonSlow,0.0158,0.0,0.0158,0.0047,0.0047
164.832,255.8,-3.5152,3.0717,-3.0467,-1.569,2.94,480,0,250,351,0.3281,0.371,SLOWDOWN,PolygonSlow,0.0158,0.0,0.0158,0.0047,0.0047
164.928,255.9,-3.5157,3.0717,-3.0467,-1.569,2.94,480,0,252,351,0.3281,0.371,SLOWDOWN,PolygonSlow,0.0158,0.0,0.0158,0.0047,0.0047
165.028,256.0,-3.5162,3.0716,-3.0467,-1.569,2.94,480,0,252,350,0.3282,0.3709,SLOWDOWN,PolygonSlow,0.0158,0.0,0.0158,0.0047,0.0047
165.128,256.1,-3.5167,3.0717,-3.0485,-1.569,2.94,480,0,253,350,0.3281,0.3712,SLOWDOWN,PolygonSlow,0.0158,-0.2821,0.0158,0.0047,0.0047
165.228,256.2,-3.5171,3.0723,-3.0563,-1.569,2.94,480,0,259,349,0.3276,0.3714,SLOWDOWN,PolygonSlow,0.0158,-0.2821,0.0158,0.0047,0.0047
165.329,256.3,-3.5176,3.073,-3.0648,-1.569,2.94,480,0,265,349,0.327,0.3721,SLOWDOWN,PolygonSlow,0.0158,-0.2821,0.0158,0.0047,0.0047
165.428,256.4,-3.5181,3.0737,-3.0734,-1.569,2.94,480,0,275,349,0.3262,0.3728,SLOWDOWN,PolygonSlow,0.0158,-0.2821,0.0158,0.0047,0.0047
165.529,256.5,-3.5185,3.0744,-3.0821,-1.569,2.94,480,0,284,347,0.3254,0.3736,SLOWDOWN,PolygonSlow,0.0158,-0.2821,0.0158,0.0047,0.0047
165.628,256.6,-3.519,3.0751,-3.0902,-1.569,2.94,480,0,296,347,0.3247,0.3732,SLOWDOWN,PolygonSlow,0.0158,-0.2308,0.0158,0.0047,0.0047
165.729,256.7,-3.5195,3.0757,-3.0973,-1.569,2.94,480,0,303,347,0.324,0.3742,SLOWDOWN,PolygonSlow,0.0158,-0.2308,0.0158,0.0047,0.0047
165.829,256.8,-3.52,3.0763,-3.1045,-1.569,2.94,480,0,303,347,0.3234,0.3739,SLOWDOWN,PolygonSlow,0.0158,-0.2308,0.0158,0.0047,0.0047
165.928,256.9,-3.5204,3.0769,-3.1117,-1.569,2.94,480,0,304,345,0.3228,0.3762,SLOWDOWN,PolygonSlow,0.0158,-0.2308,0.0158,0.0047,0.0047
166.03,257.0,-3.5209,3.0776,-3.119,-1.569,2.94,480,0,304,345,0.3222,0.3757,SLOWDOWN,PolygonSlow,0.0158,-0.2308,0.0158,0.0047,0.0047
166.132,257.1,-3.5214,3.0782,-3.1263,-1.569,2.94,480,0,305,346,0.3216,0.377,SLOWDOWN,PolygonSlow,0.0158,-0.2308,0.0158,0.0047,0.0047
166.233,257.2,-3.5219,3.0789,-3.1336,-1.569,2.94,480,0,305,345,0.321,0.3767,SLOWDOWN,PolygonSlow,0.0158,-0.2308,0.0158,0.0047,0.0047
166.339,257.3,-3.5223,3.0795,-3.1409,-1.569,2.94,480,0,305,344,0.3204,0.3774,SLOWDOWN,PolygonSlow,0.0158,-0.2308,0.0158,0.0047,0.0047
166.45,257.4,-3.5229,3.0803,3.1334,-1.569,2.94,480,0,306,343,0.3196,0.3773,SLOWDOWN,PolygonSlow,0.0158,-0.2308,0.0158,0.0047,0.0047
166.537,257.5,-3.5233,3.0808,3.1276,-1.569,2.94,480,0,306,344,0.3189,0.3802,SLOWDOWN,PolygonSlow,0.0158,-0.2308,0.0158,0.0047,0.0047
166.651,257.6,-3.5238,3.0816,3.1188,-1.569,2.94,480,0,306,342,0.3182,0.3878,SLOWDOWN,PolygonSlow,0.0158,-0.2308,0.0158,0.0047,0.0047
166.739,257.7,-3.5242,3.0822,3.113,-1.569,2.94,480,0,307,342,0.3176,0.3956,SLOWDOWN,PolygonSlow,0.0158,-0.2308,0.0158,0.0047,0.0047
166.846,257.8,-3.5247,3.0828,3.1064,-1.569,2.94,480,0,307,342,0.317,0.403,SLOWDOWN,PolygonSlow,0.0158,-0.1795,0.0158,0.0047,0.0047
166.947,257.9,-3.5252,3.0833,3.1008,-1.569,2.94,480,0,307,342,0.3165,0.4096,SLOWDOWN,PolygonSlow,0.0158,-0.1795,0.0158,0.0047,0.0047
167.061,258.0,-3.5256,3.0838,3.0952,-1.569,2.94,480,0,308,341,0.316,0.4164,SLOWDOWN,PolygonSlow,0.0158,-0.1795,0.0158,0.0047,0.0047
167.158,258.1,-3.5261,3.0843,3.0897,-1.569,2.94,480,0,308,342,0.3155,0.4203,SLOWDOWN,PolygonSlow,0.0158,-0.1795,0.0158,0.0047,0.0047
167.269,258.2,-3.5266,3.0848,3.0841,-1.569,2.94,480,0,308,341,0.3151,0.4202,SLOWDOWN,PolygonSlow,0.0158,-0.1795,0.0158,0.0047,0.0047
167.369,258.3,-3.5271,3.0853,3.0786,-1.569,2.94,480,0,309,341,0.3145,0.4202,SLOWDOWN,PolygonSlow,0.0158,-0.1795,0.0158,0.0047,0.0047
167.473,258.4,-3.5275,3.0858,3.0731,-1.569,2.94,480,0,309,340,0.314,0.4201,SLOWDOWN,PolygonSlow,0.0158,-0.1795,0.0158,0.0047,0.0047
167.572,258.5,-3.528,3.0863,3.0676,-1.569,2.94,480,0,309,340,0.3135,0.4201,SLOWDOWN,PolygonSlow,0.0158,-0.1795,0.0158,0.0047,0.0047
167.675,258.6,-3.5285,3.0868,3.0622,-1.569,2.94,480,0,309,340,0.3129,0.42,SLOWDOWN,PolygonSlow,0.0158,-0.1795,0.0158,0.0047,0.0047
167.773,258.7,-3.529,3.0873,3.0567,-1.569,2.94,480,0,310,339,0.3124,0.4199,SLOWDOWN,PolygonSlow,0.0158,-0.1795,0.0158,0.0047,0.0047
167.874,258.8,-3.5294,3.0878,3.0513,-1.569,2.94,480,0,310,340,0.3119,0.4199,SLOWDOWN,PolygonSlow,0.0158,-0.1795,0.0158,0.0047,0.0047
167.972,258.9,-3.5299,3.0883,3.0459,-1.569,2.94,480,0,311,339,0.3114,0.4198,SLOWDOWN,PolygonSlow,0.0158,-0.1795,0.0158,0.0047,0.0047
168.075,259.0,-3.5304,3.0889,3.0405,-1.569,2.94,480,0,311,339,0.3109,0.4197,SLOWDOWN,PolygonSlow,0.0158,-0.1795,0.0158,0.0047,0.0047
168.172,259.1,-3.5308,3.0894,3.0351,-1.569,2.94,480,0,311,338,0.3105,0.4196,SLOWDOWN,PolygonSlow,0.0158,-0.1795,0.0158,0.0047,0.0047
168.272,259.2,-3.5313,3.0899,3.0297,-1.569,2.94,480,0,309,338,0.31,0.4196,SLOWDOWN,PolygonSlow,0.0158,-0.1795,0.0158,0.0047,0.0047
168.373,259.3,-3.5318,3.0904,3.0244,-1.569,2.94,480,0,309,338,0.3095,0.4195,SLOWDOWN,PolygonSlow,0.0,-0.1282,0.0,0.0047,0.0047
168.472,259.4,-3.5319,3.0907,3.0203,-1.569,2.94,480,0,308,337,0.3091,0.4194,SLOWDOWN,PolygonSlow,0.0,1.0,0.0,0.0,0.0
168.572,259.5,-3.5319,3.0907,3.021,-1.569,2.94,480,0,308,337,0.3092,0.4194,SLOWDOWN,PolygonSlow,0.0,1.0,0.0,0.0,0.0
168.672,259.6,-3.5319,3.0899,3.0312,-1.569,2.94,480,0,310,339,0.3099,0.4194,SLOWDOWN,PolygonSlow,0.0,1.0,0.0,0.0,0.0
168.772,259.7,-3.5319,3.0883,3.0512,-1.569,2.94,480,0,311,339,0.3114,0.4194,SLOWDOWN,PolygonSlow,0.0,1.0,0.0,0.0,0.0
168.872,259.8,-3.5319,3.0859,3.0804,-1.569,2.94,480,0,309,340,0.314,0.4195,SLOWDOWN,PolygonSlow,0.0,1.0,0.0,0.0,0.0
168.971,259.9,-3.5319,3.0831,3.1114,-1.569,2.94,480,0,308,342,0.3166,0.4134,SLOWDOWN,PolygonSlow,0.0,1.0,0.0,0.0,0.0
169.071,260.0,-3.5319,3.0803,-3.1401,-1.519,2.94,480,0,306,344,0.3196,0.384,SLOWDOWN,PolygonSlow,0.0,1.0,0.0,0.0,0.0
169.171,260.1,-3.5319,3.0775,-3.1085,-1.519,2.94,480,0,305,345,0.3222,0.3818,SLOWDOWN,PolygonSlow,0.0,1.0,0.0,0.0,0.0
169.271,260.2,-3.5319,3.0748,-3.0775,-1.519,2.94,480,0,303,346,0.3251,0.3794,SLOWDOWN,PolygonSlow,0.0,1.0,0.0,0.0,0.0
169.37,260.3,-3.5319,3.0721,-3.0471,-1.519,2.94,480,0,289,348,0.3276,0.3789,SLOWDOWN,PolygonSlow,0.0,1.0,0.0,0.0,0.0
169.471,260.4,-3.5319,3.0696,-3.0172,-1.519,2.94,480,0,271,350,0.3301,0.3779,SLOWDOWN,PolygonSlow,0.0,1.0,0.0,0.0,0.0
169.571,260.5,-3.5319,3.0672,-2.9879,-1.519,2.94,480,0,259,352,0.3327,0.3776,SLOWDOWN,PolygonSlow,0.0,1.0,0.0,0.0,0.0
169.674,260.6,-3.5319,3.0649,-2.959,-1.519,2.94,480,0,249,354,0.3347,0.3771,SLOWDOWN,PolygonSlow,0.0,1.0,0.0,0.0,0.0
169.789,260.7,-3.5319,3.0628,-2.9307,-1.519,2.94,480,0,238,355,0.3369,0.3766,SLOWDOWN,PolygonSlow,0.0,1.0,0.0,0.0,0.0
169.875,260.8,-3.5319,3.0607,-2.9028,-1.519,2.94,480,0,226,357,0.3392,0.3761,SLOWDOWN,PolygonSlow,0.0,1.0,0.0,0.0,0.0
169.989,260.9,-3.5319,3.0583,-2.8699,-1.519,2.94,480,0,217,359,0.341,0.3779,SLOWDOWN,PolygonSlow,0.0,1.0,0.0,0.0,0.0
170.077,261.0,-3.5319,3.0569,-2.8483,-1.569,2.94,480,0,206,360,0.3428,0.3762,SLOWDOWN,PolygonSlow,0.0,1.0,0.0,0.0,0.0
170.188,261.1,-3.5319,3.0551,-2.8217,-1.569,2.94,480,0,201,357,0.3447,0.377,SLOWDOWN,PolygonSlow,0.0316,0.0769,0.0316,0.0,0.0
170.286,261.2,-3.5325,3.0535,-2.7995,-1.569,2.94,480,0,195,352,0.3463,0.378,SLOWDOWN,PolygonSlow,0.0,0.0,0.0,0.0,0.0
170.393,261.3,-3.5329,3.0526,-2.7871,-1.569,2.94,480,0,191,348,0.3471,0.378,SLOWDOWN,PolygonSlow,0.0316,-0.2308,0.0316,0.0095,0.0095
170.492,261.4,-3.5338,3.0521,-2.783,-1.569,2.94,480,0,192,347,0.3476,0.3787,SLOWDOWN,PolygonSlow,0.0316,-0.2308,0.0316,0.0095,0.0095
170.598,261.5,-3.5347,3.052,-2.7871,-1.569,2.94,480,0,193,347,0.3477,0.3787,SLOWDOWN,PolygonSlow,0.0316,-0.2308,0.0316,0.0095,0.0095
170.696,261.6,-3.5356,3.052,-2.7931,-1.569,2.94,480,0,196,352,0.3478,0.3783,SLOWDOWN,PolygonSlow,0.0316,-0.2308,0.0316,0.0095,0.0095
170.8,261.7,-3.5365,3.052,-2.7991,-1.569,2.94,480,0,198,354,0.3478,0.3779,SLOWDOWN,PolygonSlow,0.0316,-0.1795,0.0316,0.0095,0.0095
170.899,261.8,-3.5374,3.052,-2.8039,-1.569,2.94,480,0,199,356,0.3479,0.3777,SLOWDOWN,PolygonSlow,0.0316,-0.1795,0.0316,0.0095,0.0095
171.003,261.9,-3.5383,3.052,-2.8086,-1.569,2.94,480,0,201,356,0.348,0.3777,SLOWDOWN,PolygonSlow,0.0316,-0.1795,0.0316,0.0095,0.0095
171.1,262.0,-3.5392,3.052,-2.8133,-1.569,2.94,480,0,202,356,0.3479,0.3791,SLOWDOWN,PolygonSlow,0.0316,-0.1795,0.0316,0.0095,0.0095
171.201,262.1,-3.5401,3.052,-2.818,-1.569,2.94,480,0,204,357,0.3479,0.3783,SLOWDOWN,PolygonSlow,0.0,-0.1282,0.0,0.0,0.0
171.299,262.2,-3.5401,3.0521,-2.8213,-1.569,2.94,480,0,205,358,0.3477,0.3781,SLOWDOWN,PolygonSlow,0.0,-0.1282,0.0,0.0,0.0
171.399,262.3,-3.5401,3.0524,-2.8247,-1.569,2.94,480,0,207,357,0.3474,0.3786,SLOWDOWN,PolygonSlow,0.0,-0.1282,0.0,0.0,0.0
171.5,262.4,-3.5401,3.0526,-2.8281,-1.569,2.94,480,0,207,359,0.3472,0.3779,SLOWDOWN,PolygonSlow,0.0,-0.1282,0.0,0.0,0.0
171.599,262.5,-3.5401,3.0528,-2.8315,-1.569,2.94,480,0,209,359,0.3469,0.3785,SLOWDOWN,PolygonSlow,0.0,-0.1282,0.0,0.0,0.0
171.699,262.6,-3.5401,3.053,-2.8349,-1.569,2.94,480,0,209,360,0.3467,0.3777,SLOWDOWN,PolygonSlow,0.0,-0.1282,0.0,0.0,0.0
171.799,262.7,-3.5401,3.0532,-2.8383,-1.569,2.94,480,0,210,360,0.3464,0.3783,SLOWDOWN,PolygonSlow,0.0,-0.1282,0.0,0.0,0.0
171.901,262.8,-3.5401,3.0535,-2.8418,-1.569,2.94,480,0,211,360,0.3462,0.3774,SLOWDOWN,PolygonSlow,0.0,-0.1282,0.0,0.0,0.0
171.999,262.9,-3.5401,3.0537,-2.8452,-1.569,2.94,480,0,213,360,0.346,0.378,SLOWDOWN,PolygonSlow,0.0,-0.1282,0.0,0.0,0.0
172.097,263.0,-3.5401,3.0539,-2.8486,-1.569,2.94,480,0,215,360,0.3457,0.3775,SLOWDOWN,PolygonSlow,0.0,-0.1282,0.0,0.0,0.0
172.198,263.1,-3.5401,3.0542,-2.8521,-1.569,2.94,480,0,214,359,0.3455,0.3778,SLOWDOWN,PolygonSlow,0.0316,-0.1282,0.0316,0.0095,0.0095
172.297,263.2,-3.541,3.0541,-2.8555,-1.569,2.94,480,0,215,358,0.3455,0.3797,SLOWDOWN,PolygonSlow,0.0316,-0.0769,0.0316,0.0095,0.0095
172.398,263.3,-3.5419,3.054,-2.8575,-1.569,2.94,480,0,216,358,0.3457,0.3788,SLOWDOWN,PolygonSlow,0.0316,-0.0769,0.0316,0.0095,0.0095
172.498,263.4,-3.5428,3.0539,-2.8596,-1.569,2.94,480,0,218,358,0.3458,0.378,SLOWDOWN,PolygonSlow,0.0316,-0.0769,0.0316,0.0095,0.0095
172.598,263.5,-3.5437,3.0537,-2.8617,-1.569,2.94,480,0,220,358,0.3459,0.3787,SLOWDOWN,PolygonSlow,0.0316,-0.0769,0.0316,0.0095,0.0095
172.698,263.6,-3.5446,3.0536,-2.8638,-1.569,2.94,480,0,223,357,0.346,0.3789,SLOWDOWN,PolygonSlow,0.0316,-0.0769,0.0316,0.0095,0.0095
172.797,263.7,-3.5455,3.0535,-2.8659,-1.569,2.94,480,0,225,357,0.3462,0.3785,SLOWDOWN,PolygonSlow,0.0316,-0.0256,0.0316,0.0095,0.0095
172.898,263.8,-3.5464,3.0533,-2.8665,-1.569,2.94,480,0,226,356,0.3464,0.3796,SLOWDOWN,PolygonSlow,0.0316,-0.0256,0.0316,0.0095,0.0095
173.002,263.9,-3.5473,3.0531,-2.8672,-1.569,2.94,480,0,226,356,0.3466,0.3791,SLOWDOWN,PolygonSlow,0.0316,-0.0256,0.0316,0.0095,0.0095
173.116,264.0,-3.5484,3.0528,-2.8681,-1.569,2.94,480,0,227,357,0.3468,0.3798,SLOWDOWN,PolygonSlow,0.0316,-0.0256,0.0316,0.0095,0.0095
173.204,264.1,-3.5492,3.0527,-2.8693,-1.569,2.94,480,0,228,357,0.347,0.3796,SLOWDOWN,PolygonSlow,0.0316,-0.2821,0.0316,0.0095,0.0095
173.315,264.2,-3.5503,3.053,-2.8775,-1.569,2.94,480,0,231,356,0.3468,0.3807,SLOWDOWN,PolygonSlow,0.0316,-0.2821,0.0316,0.0095,0.0095
173.402,264.3,-3.551,3.0532,-2.8836,-1.569,2.94,480,0,236,355,0.3466,0.3799,SLOWDOWN,PolygonSlow,0.0316,-0.2821,0.0316,0.0095,0.0095
173.514,264.4,-3.5519,3.0535,-2.8911,-1.569,2.94,480,0,237,355,0.3464,0.3809,SLOWDOWN,PolygonSlow,0.0316,-0.2308,0.0316,0.0095,0.0095
173.613,264.5,-3.5528,3.0537,-2.8974,-1.569,2.94,480,0,242,354,0.3463,0.3805,SLOWDOWN,PolygonSlow,0.0316,-0.2308,0.0316,0.0095,0.0095
173.72,264.6,-3.5538,3.054,-2.9038,-1.569,2.94,480,0,247,353,0.346,0.3817,SLOWDOWN,PolygonSlow,0.0316,-0.2308,0.0316,0.0095,0.0095
173.82,264.7,-3.5547,3.0542,-2.9102,-1.569,2.94,480,0,249,353,0.3452,0.3814,SLOWDOWN,PolygonSlow,0.0316,-0.2308,0.0316,0.0095,0.0095
173.927,264.8,-3.5555,3.0544,-2.9158,-1.569,2.94,480,0,254,352,0.3443,0.3812,SLOWDOWN,PolygonSlow,0.0158,0.1795,0.0158,0.0047,0.0047
174.026,264.9,-3.556,3.0542,-2.914,-1.569,2.94,480,0,254,352,0.3439,0.3816,SLOWDOWN,PolygonSlow,0.0158,0.1795,0.0158,0.0047,0.0047
174.13,265.0,-3.5564,3.0537,-2.909,-1.569,2.94,480,0,251,353,0.3434,0.3815,SLOWDOWN,PolygonSlow,0.0158,0.1795,0.0158,0.0047,0.0047
174.232,265.1,-3.5571,3.0533,-2.9057,-1.569,2.94,480,0,250,353,0.3428,0.3819,SLOWDOWN,PolygonSlow,0.0316,0.0256,0.0316,0.0095,0.0095
174.33,265.2,-3.558,3.0531,-2.905,-1.569,2.94,480,0,251,353,0.3419,0.3819,SLOWDOWN,PolygonSlow,0.0316,0.0256,0.0316,0.0095,0.0095
174.428,265.3,-3.5589,3.0528,-2.9043,-1.569,2.94,480,0,251,353,0.341,0.3826,SLOWDOWN,PolygonSlow,0.0316,0.0256,0.0316,0.0095,0.0095
174.532,265.4,-3.5598,3.0525,-2.9036,-1.569,2.94,480,0,252,353,0.34,0.3834,SLOWDOWN,PolygonSlow,0.0316,0.0256,0.0316,0.0095,0.0095
174.631,265.5,-3.5608,3.0522,-2.9029,-1.569,2.94,480,0,252,353,0.3391,0.3833,SLOWDOWN,PolygonSlow,0.0316,0.0256,0.0316,0.0095,0.0095
174.733,265.6,-3.5617,3.052,-2.9024,-1.569,2.94,480,0,252,352,0.3382,0.3832,SLOWDOWN,PolygonSlow,0.0316,0.0,0.0316,0.0095,0.0095
174.833,265.7,-3.5626,3.0518,-2.9024,-1.569,2.94,480,0,253,352,0.3373,0.3838,SLOWDOWN,PolygonSlow,0.0316,0.0,0.0316,0.0095,0.0095
174.931,265.8,-3.5635,3.0515,-2.9024,-1.569,2.94,480,0,254,352,0.3364,0.3843,SLOWDOWN,PolygonSlow,0.0316,0.0,0.0316,0.0095,0.0095
175.032,265.9,-3.5644,3.0513,-2.9024,-1.569,2.94,480,0,256,352,0.3355,0.3841,SLOWDOWN,PolygonSlow,0.0316,0.0,0.0316,0.0095,0.0095
175.131,266.0,-3.5654,3.0511,-2.9024,-1.569,2.94,480,0,258,351,0.3345,0.3846,SLOWDOWN,PolygonSlow,0.0316,0.0,0.0316,0.0095,0.0095
175.23,266.1,-3.5663,3.0509,-2.9024,-1.569,2.94,480,0,258,352,0.3336,0.3864,SLOWDOWN,PolygonSlow,0.0316,0.0,0.0316,0.0095,0.0095
175.331,266.2,-3.5672,3.0506,-2.9024,-1.569,2.94,480,0,258,352,0.3327,0.3867,SLOWDOWN,PolygonSlow,0.0316,0.0,0.0316,0.0095,0.0095
175.43,266.3,-3.5681,3.0504,-2.9027,-1.569,2.94,480,0,257,352,0.3318,0.3864,SLOWDOWN,PolygonSlow,0.0316,-0.0256,0.0316,0.0095,0.0095
175.53,266.4,-3.569,3.0503,-2.9034,-1.569,2.94,480,0,259,351,0.3309,0.3859,SLOWDOWN,PolygonSlow,0.0316,-0.0256,0.0316,0.0095,0.0095
175.631,266.5,-3.57,3.0501,-2.9041,-1.569,2.94,480,0,261,351,0.3299,0.386,SLOWDOWN,PolygonSlow,0.0316,-0.0256,0.0316,0.0095,0.0095
175.731,266.6,-3.5709,3.0499,-2.9049,-1.569,2.94,480,0,262,350,0.329,0.3867,SLOWDOWN,PolygonSlow,0.0316,-0.0256,0.0316,0.0095,0.0095
175.829,266.7,-3.5718,3.0497,-2.9056,-1.569,2.94,480,0,262,350,0.3281,0.3863,SLOWDOWN,PolygonSlow,0.0316,-0.0256,0.0316,0.0095,0.0095
175.933,266.8,-3.5726,3.0497,-2.9079,-1.569,2.94,480,0,267,351,0.3273,0.387,SLOWDOWN,PolygonSlow,0.0158,-0.2308,0.0158,0.0047,0.0047
176.031,266.9,-3.573,3.05,-2.914,-1.569,2.94,480,0,268,350,0.3268,0.3868,SLOWDOWN,PolygonSlow,0.0158,-0.2308,0.0158,0.0047,0.0047
176.141,267.0,-3.5735,3.0504,-2.9205,-1.569,2.94,480,0,273,350,0.3264,0.3882,SLOWDOWN,PolygonSlow,0.0158,-0.2308,0.0158,0.0047,0.0047
176.236,267.1,-3.5739,3.0508,-2.9269,-1.569,2.94,480,0,278,349,0.3259,0.3879,SLOWDOWN,PolygonSlow,0.0158,-0.2308,0.0158,0.0047,0.0047
176.347,267.2,-3.5744,3.0512,-2.9334,-1.569,2.94,480,0,282,349,0.3255,0.3876,SLOWDOWN,PolygonSlow,0.0158,-0.2308,0.0158,0.0047,0.0047
176.454,267.3,-3.575,3.0516,-2.9413,-1.569,2.94,480,0,287,348,0.325,0.3889,SLOWDOWN,PolygonSlow,0.0158,-0.2308,0.0158,0.0047,0.0047
176.54,267.4,-3.5753,3.052,-2.9465,-1.569,2.94,480,0,291,348,0.3245,0.3887,SLOWDOWN,PolygonSlow,0.0158,-0.2308,0.0158,0.0047,0.0047
176.652,267.5,-3.5758,3.0524,-2.953,-1.569,2.94,480,0,295,348,0.324,0.3885,SLOWDOWN,PolygonSlow,0.0158,-0.2308,0.0158,0.0047,0.0047
176.741,267.6,-3.5761,3.0527,-2.9579,-1.569,2.94,480,0,299,347,0.3237,0.3888,SLOWDOWN,PolygonSlow,0.0,0.2308,0.0,0.0,0.0
176.851,267.7,-3.5763,3.0525,-2.9556,-1.569,2.94,480,0,298,348,0.3235,0.3892,SLOWDOWN,PolygonSlow,0.0158,0.0769,0.0158,0.0047,0.0047
176.949,267.8,-3.5765,3.0521,-2.9509,-1.569,2.94,480,0,295,348,0.3233,0.3889,SLOWDOWN,PolygonSlow,0.0,0.2308,0.0,0.0,0.0
177.066,267.9,-3.5765,3.0516,-2.9444,-1.569,2.94,480,0,289,348,0.3234,0.3891,SLOWDOWN,PolygonSlow,0.0,0.2308,0.0,0.0,0.0
177.157,268.0,-3.5765,3.0511,-2.9378,-1.569,2.94,480,0,286,348,0.3234,0.3902,SLOWDOWN,PolygonSlow,0.0,0.1795,0.0,0.0,0.0
177.272,268.1,-3.5765,3.0507,-2.9322,-1.569,2.94,480,0,281,349,0.3234,0.3893,SLOWDOWN,PolygonSlow,0.0,0.1795,0.0,0.0,0.0
177.364,268.2,-3.5765,3.0503,-2.9272,-1.569,2.94,480,0,279,349,0.3234,0.3891,SLOWDOWN,PolygonSlow,0.0,0.1795,0.0,0.0,0.0
177.471,268.3,-3.5765,3.05,-2.9221,-1.569,2.94,480,0,277,349,0.3234,0.3888,SLOWDOWN,PolygonSlow,0.0,0.1795,0.0,0.0,0.0
177.569,268.4,-3.5765,3.0496,-2.9171,-1.569,2.94,480,0,272,350,0.3234,0.3886,SLOWDOWN,PolygonSlow,0.0,0.1795,0.0,0.0,0.0
177.673,268.5,-3.5765,3.0492,-2.9121,-1.569,2.94,480,0,272,350,0.3234,0.3901,SLOWDOWN,PolygonSlow,0.0,0.1795,0.0,0.0,0.0
177.771,268.6,-3.5765,3.0488,-2.9071,-1.569,2.94,480,0,266,350,0.3234,0.3881,SLOWDOWN,PolygonSlow,0.0,0.1795,0.0,0.0,0.0
177.872,268.7,-3.5765,3.0485,-2.9021,-1.569,2.94,480,0,266,350,0.3234,0.3882,SLOWDOWN,PolygonSlow,0.0,0.1795,0.0,0.0,0.0
177.971,268.8,-3.5765,3.0481,-2.8972,-1.569,2.94,480,0,263,350,0.3234,0.3887,SLOWDOWN,PolygonSlow,0.0,0.1795,0.0,0.0,0.0
178.074,268.9,-3.5765,3.0478,-2.8922,-1.569,2.94,480,0,260,351,0.3234,0.389,SLOWDOWN,PolygonSlow,0.0158,0.0256,0.0158,0.0,0.0
178.171,269.0,-3.5768,3.0475,-2.8906,-1.569,2.94,480,0,260,351,0.323,0.3886,SLOWDOWN,PolygonSlow,0.0158,0.0256,0.0158,0.0047,0.0047
178.272,269.1,-3.5773,3.0474,-2.8899,-1.569,2.94,480,0,259,351,0.3226,0.389,SLOWDOWN,PolygonSlow,0.0158,0.0256,0.0158,0.0047,0.0047
178.372,269.2,-3.5777,3.0472,-2.8892,-1.569,2.94,480,0,259,351,0.3221,0.3893,SLOWDOWN,PolygonSlow,0.0158,0.0256,0.0158,0.0047,0.0047
178.472,269.3,-3.5782,3.047,-2.8885,-1.569,2.94,480,0,260,351,0.3217,0.3896,SLOWDOWN,PolygonSlow,0.0158,0.0256,0.0158,0.0047,0.0047
178.571,269.4,-3.5787,3.0469,-2.8877,-1.569,2.94,480,0,259,351,0.3212,0.3897,SLOWDOWN,PolygonSlow,0.0158,0.0256,0.0158,0.0047,0.0047
178.676,269.5,-3.5791,3.0467,-2.887,-1.569,2.94,480,0,259,351,0.3207,0.3898,SLOWDOWN,PolygonSlow,0.0158,0.0256,0.0158,0.0047,0.0047
178.771,269.6,-3.5796,3.0465,-2.8863,-1.569,2.94,480,0,260,351,0.3203,0.3899,SLOWDOWN,PolygonSlow,0.0158,0.0256,0.0158,0.0047,0.0047
178.871,269.7,-3.58,3.0464,-2.8856,-1.569,2.94,480,0,260,351,0.3198,0.39,SLOWDOWN,PolygonSlow,0.0158,0.0256,0.0158,0.0047,0.0047
178.972,269.8,-3.5805,3.0462,-2.8849,-1.569,2.94,480,0,260,350,0.3194,0.39,SLOWDOWN,PolygonSlow,0.0158,0.0,0.0158,0.0047,0.0047
179.071,269.9,-3.581,3.0461,-2.8848,-1.569,2.94,480,0,261,350,0.3189,0.3899,SLOWDOWN,PolygonSlow,0.0158,0.0,0.0158,0.0047,0.0047
179.172,270.0,-3.5814,3.0459,-2.8848,-1.569,2.94,480,0,261,350,0.3185,0.3898,SLOWDOWN,PolygonSlow,0.0158,0.0,0.0158,0.0047,0.0047
179.273,270.1,-3.5819,3.0458,-2.8848,-1.569,2.94,480,0,263,350,0.318,0.3897,SLOWDOWN,PolygonSlow,0.0158,0.0,0.0158,0.0047,0.0047
179.371,270.2,-3.5823,3.0457,-2.8848,-1.569,2.94,480,0,263,350,0.3175,0.3904,SLOWDOWN,PolygonSlow,0.0158,0.0,0.0158,0.0047,0.0047
179.476,270.3,-3.5828,3.0456,-2.8848,-1.569,2.94,480,0,263,350,0.3171,0.3912,SLOWDOWN,PolygonSlow,0.0158,0.0,0.0158,0.0047,0.0047
179.575,270.4,-3.5832,3.0455,-2.8848,-1.569,2.94,480,0,263,350,0.3166,0.3911,SLOWDOWN,PolygonSlow,0.0158,0.0,0.0158,0.0047,0.0047
179.682,270.5,-3.5837,3.0453,-2.8848,-1.569,2.94,480,0,263,350,0.3162,0.3909,SLOWDOWN,PolygonSlow,0.0158,0.0,0.0158,0.0047,0.0047
179.793,270.6,-3.5843,3.0452,-2.8848,-1.569,2.94,480,0,263,349,0.3157,0.3908,SLOWDOWN,PolygonSlow,0.0158,0.0,0.0158,0.0047,0.0047
179.882,270.7,-3.5846,3.0451,-2.8848,-1.569,2.94,480,0,264,349,0.3153,0.3906,SLOWDOWN,PolygonSlow,0.0158,0.0,0.0158,0.0047,0.0047
179.993,270.8,-3.5852,3.045,-2.8848,-1.569,2.94,480,0,265,349,0.3148,0.3913,SLOWDOWN,PolygonSlow,0.0158,0.0,0.0158,0.0047,0.0047
180.082,270.9,-3.5855,3.0449,-2.8848,-1.569,2.94,480,0,265,349,0.3143,0.3921,SLOWDOWN,PolygonSlow,0.0158,0.0,0.0158,0.0047,0.0047
180.19,271.0,-3.586,3.0447,-2.8848,-1.569,2.94,480,0,265,349,0.3139,0.3921,SLOWDOWN,PolygonSlow,0.0158,-0.0256,0.0158,0.0047,0.0047
180.289,271.1,-3.5864,3.0447,-2.8854,-1.569,2.94,480,0,267,349,0.3134,0.3917,SLOWDOWN,PolygonSlow,0.0158,-0.0256,0.0158,0.0047,0.0047
180.397,271.2,-3.5869,3.0446,-2.8861,-1.569,2.94,480,0,267,350,0.313,0.3915,SLOWDOWN,PolygonSlow,0.0158,-0.0256,0.0158,0.0047,0.0047
180.496,271.3,-3.5874,3.0445,-2.8868,-1.569,2.94,480,0,267,350,0.3125,0.3928,DO_NOTHING,,0.0,0.0,0.0,0.0,0.0
180.602,271.4,-3.5874,3.0445,-2.8868,-1.569,2.94,480,0,267,350,0.3125,0.3929,DO_NOTHING,,0.0158,-0.0256,0.0,0.0,0.0
180.702,271.5,-3.5877,3.0445,-2.8872,-1.569,2.94,480,0,267,350,0.3122,0.3937,SLOWDOWN,PolygonSlow,0.0158,-0.0256,0.0158,0.0047,0.0047
180.809,271.6,-3.5881,3.0444,-2.888,-1.569,2.94,480,0,268,350,0.3117,0.3942,SLOWDOWN,PolygonSlow,0.0158,-0.0256,0.0158,0.0047,0.0047
180.907,271.7,-3.5886,3.0443,-2.8887,-1.569,2.94,480,0,269,349,0.3113,0.3938,SLOWDOWN,PolygonSlow,0.0158,-0.0256,0.0158,0.0047,0.0047
181.01,271.8,-3.5891,3.0443,-2.8894,-1.569,2.94,480,0,270,349,0.3108,0.3934,SLOWDOWN,PolygonSlow,0.0158,-0.0256,0.0158,0.0047,0.0047
181.109,271.9,-3.5895,3.0442,-2.8901,-1.569,2.94,480,0,270,349,0.3103,0.393,SLOWDOWN,PolygonSlow,0.0158,-0.0256,0.0158,0.0047,0.0047
181.211,272.0,-3.59,3.0441,-2.8908,-1.569,2.94,480,0,270,349,0.3099,0.3926,SLOWDOWN,PolygonSlow,0.0158,-0.0256,0.0158,0.0047,0.0047
181.308,272.1,-3.5904,3.0441,-2.8915,-1.569,2.94,480,0,271,350,0.3094,0.3937,SLOWDOWN,PolygonSlow,0.0158,-0.0256,0.0158,0.0047,0.0047
181.409,272.2,-3.5909,3.044,-2.8922,-1.569,2.94,480,0,273,349,0.309,0.3938,SLOWDOWN,PolygonSlow,0.0158,-0.0256,0.0158,0.0047,0.0047
181.51,272.3,-3.5914,3.0439,-2.8929,-1.569,2.94,480,0,274,349,0.3085,0.3934,SLOWDOWN,PolygonSlow,0.0158,-0.0256,0.0158,0.0047,0.0047
181.609,272.4,-3.5918,3.0439,-2.8936,-1.569,2.94,480,0,274,349,0.308,0.3938,SLOWDOWN,PolygonSlow,0.0158,-0.0256,0.0158,0.0047,0.0047
181.708,272.5,-3.5923,3.0438,-2.8943,-1.569,2.94,480,0,274,349,0.3076,0.3946,SLOWDOWN,PolygonSlow,0.0158,-0.0256,0.0158,0.0047,0.0047
181.807,272.6,-3.5927,3.0437,-2.895,-1.569,2.94,480,0,275,348,0.3071,0.3942,SLOWDOWN,PolygonSlow,0.0158,-0.0256,0.0158,0.0047,0.0047
181.909,272.7,-3.5932,3.0437,-2.8957,-1.569,2.94,480,0,277,348,0.3067,0.3939,SLOWDOWN,PolygonSlow,0.0158,-0.0256,0.0158,0.0047,0.0047
182.007,272.8,-3.5937,3.0436,-2.8964,-1.569,2.94,480,0,277,348,0.3062,0.3952,SLOWDOWN,PolygonSlow,0.0,-0.2821,0.0158,0.0047,0.0047
182.11,272.9,-3.5939,3.0438,-2.9001,-1.569,2.94,480,0,277,347,0.306,0.3943,SLOWDOWN,PolygonSlow,0.0,-0.2821,0.0,0.0,0.0
182.209,273.0,-3.5939,3.0443,-2.9079,-1.569,2.94,480,0,282,347,0.306,0.3952,SLOWDOWN,PolygonSlow,0.0,-0.2821,0.0,0.0,0.0
182.307,273.1,-3.5939,3.0449,-2.9158,-1.569,2.94,480,0,288,347,0.306,0.3945,SLOWDOWN,PolygonSlow,0.0,-0.2821,0.0,0.0,0.0
182.407,273.2,-3.5939,3.0455,-2.9236,-1.569,2.94,480,0,291,347,0.306,0.3958,SLOWDOWN,PolygonSlow,0.0158,-0.0256,0.0,0.0,0.0
182.508,273.3,-3.5941,3.0458,-2.9284,-1.569,2.94,480,0,294,346,0.3057,0.3959,SLOWDOWN,PolygonSlow,0.0158,-0.0256,0.0158,0.0047,0.0047
182.609,273.4,-3.5946,3.0457,-2.9291,-1.569,2.99,480,0,294,346,0.3053,0.3955,SLOWDOWN,PolygonSlow,0.0,-0.2821,0.0158,0.0047,0.0047
182.707,273.5,-3.5948,3.0459,-2.9329,-1.569,2.99,480,0,296,346,0.3051,0.396,SLOWDOWN,PolygonSlow,0.0,-0.7949,0.0,0.0,0.0
182.812,273.6,-3.5948,3.0467,-2.9442,-1.569,2.99,480,0,298,346,0.3051,0.3959,SLOWDOWN,PolygonSlow,0.0,-0.7949,0.0,0.0,0.0
182.91,273.7,-3.5948,3.0482,-2.9642,-1.569,2.99,480,0,305,345,0.305,0.3966,SLOWDOWN,PolygonSlow,0.0,-0.7949,0.0,0.0,0.0
183.014,273.8,-3.5948,3.0501,-2.9872,-1.569,2.99,480,0,306,345,0.305,0.3964,SLOWDOWN,PolygonSlow,0.0,-0.7436,0.0,0.0,0.0
183.13,273.9,-3.5948,3.0522,-3.0138,-1.569,2.99,480,0,307,343,0.305,0.3987,SLOWDOWN,PolygonSlow,0.0,-0.7436,0.0,0.0,0.0
183.213,274.0,-3.5948,3.0537,-3.0314,-1.569,2.99,480,0,308,342,0.305,0.4057,SLOWDOWN,PolygonSlow,0.0,1.0,0.0,0.0,0.0
183.33,274.1,-3.5948,3.0555,-3.0527,-1.569,2.99,480,0,309,341,0.305,0.404,SLOWDOWN,PolygonSlow,0.0,1.0,0.0,0.0,0.0
183.413,274.2,-3.5948,3.0561,-3.0592,-1.569,2.99,480,0,310,341,0.305,0.4031,SLOWDOWN,PolygonSlow,0.0,1.0,0.0,0.0,0.0
183.524,274.3,-3.5948,3.056,-3.0587,-1.569,2.99,480,0,310,341,0.305,0.4032,SLOWDOWN,PolygonSlow,0.0,1.0,0.0,0.0,0.0
183.623,274.4,-3.5948,3.0551,-3.0465,-1.569,2.99,480,0,309,342,0.3051,0.4043,SLOWDOWN,PolygonSlow,0.0,1.0,0.0,0.0,0.0
183.731,274.5,-3.5948,3.0534,-3.0254,-1.569,2.99,480,0,308,342,0.305,0.4062,SLOWDOWN,PolygonSlow,0.0,1.0,0.0,0.0,0.0
183.83,274.6,-3.5948,3.0511,-2.9969,-1.569,2.99,480,0,306,343,0.3051,0.3989,SLOWDOWN,PolygonSlow,0.0,1.0,0.0,0.0,0.0
183.939,274.7,-3.5948,3.0488,-2.9679,-1.569,2.99,480,0,305,344,0.305,0.3964,SLOWDOWN,PolygonSlow,0.0,1.0,0.0,0.0,0.0
184.037,274.8,-3.5948,3.0465,-2.9394,-1.569,2.99,480,0,296,346,0.3051,0.3975,SLOWDOWN,PolygonSlow,0.0,1.0,0.0,0.0,0.0
184.144,274.9,-3.5948,3.0444,-2.9113,-1.569,2.99,480,0,284,347,0.3051,0.3958,SLOWDOWN,PolygonSlow,0.0,1.0,0.0,0.0,0.0
184.246,275.0,-3.5948,3.0424,-2.8837,-1.569,2.99,480,0,272,348,0.3051,0.3955,SLOWDOWN,PolygonSlow,0.0,1.0,0.0,0.0,0.0
184.344,275.1,-3.5948,3.0406,-2.8566,-1.569,2.99,480,0,258,349,0.305,0.3949,SLOWDOWN,PolygonSlow,0.0,1.0,0.0,0.0,0.0
184.442,275.2,-3.5948,3.0388,-2.8299,-1.569,2.99,480,0,248,352,0.3051,0.3942,SLOWDOWN,PolygonSlow,0.0,1.0,0.0,0.0,0.0
184.545,275.3,-3.5948,3.0371,-2.8035,-1.569,2.99,480,0,239,353,0.305,0.3953,SLOWDOWN,PolygonSlow,0.0,1.0,0.0,0.0,0.0
184.642,275.4,-3.5948,3.0356,-2.7776,-1.569,2.99,480,0,232,354,0.3051,0.3956,SLOWDOWN,PolygonSlow,0.0,1.0,0.0,0.0,0.0
184.743,275.5,-3.5948,3.0342,-2.7521,-1.569,2.99,480,0,226,349,0.3051,0.3953,SLOWDOWN,PolygonSlow,0.0,1.0,0.0,0.0,0.0
184.842,275.6,-3.5948,3.0329,-2.7269,-1.569,2.99,480,0,219,342,0.3051,0.3959,SLOWDOWN,PolygonSlow,0.0,-0.4359,0.0,0.0,0.0
184.942,275.7,-3.5948,3.0319,-2.7084,-1.569,2.99,480,0,215,335,0.3051,0.3964,SLOWDOWN,PolygonSlow,0.0,-0.4359,0.0,0.0,0.0
185.046,275.8,-3.5948,3.0314,-2.6969,-1.569,2.99,480,0,212,332,0.3051,0.3985,SLOWDOWN,PolygonSlow,0.0,-0.4359,0.0,0.0,0.0
185.143,275.9,-3.5948,3.0313,-2.6942,-1.569,2.99,480,0,211,330,0.3051,0.3995,SLOWDOWN,PolygonSlow,0.0,-0.4872,0.0,0.0,0.0
185.242,276.0,-3.5948,3.0315,-2.6983,-1.569,2.99,480,0,213,332,0.3051,0.398,SLOWDOWN,PolygonSlow,0.0,-0.4872,0.0,0.0,0.0
185.343,276.1,-3.5948,3.032,-2.7094,-1.569,2.99,480,0,215,335,0.3051,0.397,SLOWDOWN,PolygonSlow,0.0,-0.4359,0.0,0.0,0.0
185.443,276.2,-3.5948,3.0325,-2.7202,-1.569,2.99,480,0,218,339,0.3051,0.3962,SLOWDOWN,PolygonSlow,0.0,-0.4359,0.0,0.0,0.0
185.543,276.3,-3.5948,3.033,-2.7311,-1.569,2.99,480,0,220,343,0.3051,0.3964,SLOWDOWN,PolygonSlow,0.0,-0.4359,0.0,0.0,0.0
185.642,276.4,-3.5948,3.0336,-2.7421,-1.569,2.99,480,0,222,346,0.3051,0.3972,SLOWDOWN,PolygonSlow,0.0,-0.4359,0.0,0.0,0.0
185.743,276.5,-3.5948,3.0342,-2.7531,-1.569,2.94,480,0,225,350,0.3051,0.396,SLOWDOWN,PolygonSlow,0.0,-0.4359,0.0,0.0,0.0
185.842,276.6,-3.5948,3.0348,-2.7642,-1.569,2.94,480,0,229,352,0.3051,0.3949,SLOWDOWN,PolygonSlow,0.0,-0.3846,0.0,0.0,0.0
185.942,276.7,-3.5948,3.0353,-2.774,-1.569,2.94,480,0,230,355,0.3051,0.3954,SLOWDOWN,PolygonSlow,0.0,-0.3846,0.0,0.0,0.0
186.043,276.8,-3.5948,3.0359,-2.7839,-1.569,2.94,480,0,235,354,0.3051,0.396,SLOWDOWN,PolygonSlow,0.0,-0.3846,0.0,0.0,0.0
186.147,276.9,-3.5948,3.0365,-2.7939,-1.569,2.94,480,0,236,353,0.305,0.3945,SLOWDOWN,PolygonSlow,0.0,-0.3846,0.0,0.0,0.0
186.247,277.0,-3.5948,3.0371,-2.8039,-1.569,2.94,480,0,239,353,0.305,0.3951,SLOWDOWN,PolygonSlow,0.0,-0.3846,0.0,0.0,0.0
186.356,277.1,-3.5948,3.0377,-2.8139,-1.569,2.94,480,0,244,352,0.3051,0.3955,SLOWDOWN,PolygonSlow,0.0,-0.3846,0.0,0.0,0.0
186.467,277.2,-3.5948,3.0385,-2.8258,-1.569,2.94,480,0,245,351,0.3051,0.3943,SLOWDOWN,PolygonSlow,0.0,-0.3333,0.0,0.0,0.0
186.552,277.3,-3.5948,3.0389,-2.8329,-1.569,2.94,480,0,250,352,0.3051,0.395,SLOWDOWN,PolygonSlow,0.0,-0.3333,0.0,0.0,0.0
186.665,277.4,-3.5948,3.0396,-2.8436,-1.569,2.94,480,0,253,350,0.3051,0.3944,SLOWDOWN,PolygonSlow,0.0,-0.3333,0.0,0.0,0.0
186.753,277.5,-3.5948,3.0401,-2.8507,-1.569,2.94,480,0,256,350,0.305,0.3949,SLOWDOWN,PolygonSlow,0.0,-0.3333,0.0,0.0,0.0
186.864,277.6,-3.5948,3.0407,-2.8597,-1.569,2.94,480,0,260,350,0.305,0.3948,SLOWDOWN,PolygonSlow,0.0,-0.3333,0.0,0.0,0.0
186.961,277.7,-3.5948,3.0413,-2.8687,-1.569,2.94,480,0,263,349,0.305,0.3946,SLOWDOWN,PolygonSlow,0.0,-0.3333,0.0,0.0,0.0
187.072,277.8,-3.5948,3.042,-2.8778,-1.569,2.94,480,0,268,349,0.3051,0.3955,SLOWDOWN,PolygonSlow,0.0,-0.3333,0.0,0.0,0.0
187.169,277.9,-3.5948,3.0426,-2.8869,-1.569,2.94,480,0,272,349,0.3051,0.3944,SLOWDOWN,PolygonSlow,0.0,-0.3333,0.0,0.0,0.0
187.28,278.0,-3.5948,3.0432,-2.8957,-1.569,2.94,480,0,277,348,0.3051,0.3952,SLOWDOWN,PolygonSlow,0.0,-0.2821,0.0,0.0,0.0
187.377,278.1,-3.5948,3.0438,-2.9035,-1.569,2.94,480,0,281,348,0.3051,0.3965,SLOWDOWN,PolygonSlow,0.0,-0.2821,0.0,0.0,0.0
187.482,278.2,-3.5948,3.0444,-2.9114,-1.569,2.94,480,0,284,347,0.3051,0.3957,SLOWDOWN,PolygonSlow,0.0,-0.2821,0.0,0.0,0.0
187.58,278.3,-3.5948,3.045,-2.9192,-1.569,2.94,480,0,290,347,0.3051,0.395,SLOWDOWN,PolygonSlow,0.0,-0.2821,0.0,0.0,0.0
187.682,278.4,-3.5948,3.0456,-2.9271,-1.569,2.94,480,0,294,346,0.3051,0.3962,SLOWDOWN,PolygonSlow,0.0,-0.2821,0.0,0.0,0.0
187.78,278.5,-3.5948,3.0462,-2.935,-1.569,2.94,480,0,296,346,0.305,0.3954,SLOWDOWN,PolygonSlow,0.0,-0.2821,0.0,0.0,0.0
187.88,278.6,-3.5948,3.0468,-2.943,-1.569,2.94,480,0,298,345,0.3051,0.3965,SLOWDOWN,PolygonSlow,0.0,-0.2821,0.0,0.0,0.0
187.98,278.7,-3.5948,3.0474,-2.951,-1.569,2.94,480,0,300,346,0.3051,0.3957,SLOWDOWN,PolygonSlow,0.0,-0.2821,0.0,0.0,0.0
188.079,278.8,-3.595,3.0478,-2.9573,-1.569,2.94,480,0,303,346,0.3048,0.3963,SLOWDOWN,PolygonSlow,0.0158,0.0,0.0158,0.0047,0.0047
188.179,278.9,-3.5955,3.0478,-2.958,-1.569,2.94,480,0,304,346,0.3044,0.3975,SLOWDOWN,PolygonSlow,0.0158,0.0,0.0158,0.0047,0.0047
188.28,279.0,-3.5957,3.0478,-2.9597,-1.569,2.94,480,0,305,345,0.3041,0.3981,SLOWDOWN,PolygonSlow,0.0,-0.2308,0.0,0.0,0.0
188.381,279.1,-3.5957,3.0483,-2.9659,-1.569,2.94,480,0,305,344,0.304,0.3967,SLOWDOWN,PolygonSlow,0.0,-0.2308,0.0,0.0,0.0
188.48,279.2,-3.5957,3.0488,-2.9725,-1.569,2.94,480,0,305,345,0.304,0.3978,SLOWDOWN,PolygonSlow,0.0,-0.2308,0.0,0.0,0.0
188.578,279.3,-3.5957,3.0494,-2.9792,-1.569,2.94,480,0,306,344,0.304,0.3971,SLOWDOWN,PolygonSlow,0.0,-0.2308,0.0,0.0,0.0
188.678,279.4,-3.5957,3.0499,-2.9859,-1.569,2.94,480,0,306,345,0.3041,0.3971,SLOWDOWN,PolygonSlow,0.0,-0.2308,0.0,0.0,0.0
188.779,279.5,-3.5959,3.0503,-2.9908,-1.569,2.94,480,0,306,344,0.3039,0.3976,SLOWDOWN,PolygonSlow,0.0158,0.0256,0.0158,0.0047,0.0047
188.879,279.6,-3.5964,3.0502,-2.9906,-1.569,2.94,480,0,306,344,0.3034,0.3982,SLOWDOWN,PolygonSlow,0.0158,0.0256,0.0158,0.0047,0.0047
188.978,279.7,-3.5967,3.05,-2.9888,-1.569,2.94,480,0,306,344,0.3031,0.3975,SLOWDOWN,PolygonSlow,0.0,0.1282,0.0,0.0,0.0
189.077,279.8,-3.5967,3.0497,-2.9851,-1.569,2.94,480,0,306,344,0.3031,0.3981,SLOWDOWN,PolygonSlow,0.0,0.1282,0.0,0.0,0.0
189.178,279.9,-3.5967,3.0494,-2.9814,-1.569,2.94,480,0,306,344,0.3031,0.3981,SLOWDOWN,PolygonSlow,0.0,0.1282,0.0,0.0,0.0
189.278,280.0,-3.5967,3.0491,-2.9777,-1.569,2.94,480,0,306,344,0.3031,0.3975,SLOWDOWN,PolygonSlow,0.0,0.1282,0.0,0.0,0.0
189.379,280.1,-3.5967,3.0488,-2.974,-1.569,2.94,480,0,305,344,0.3031,0.3987,SLOWDOWN,PolygonSlow,0.0,0.1282,0.0,0.0,0.0
189.488,280.2,-3.5967,3.0485,-2.9703,-1.569,2.94,480,0,305,345,0.3031,0.3979,SLOWDOWN,PolygonSlow,0.0,0.1282,0.0,0.0,0.0
189.583,280.3,-3.5967,3.0482,-2.9666,-1.569,2.94,480,0,305,344,0.3031,0.3975,SLOWDOWN,PolygonSlow,0.0,0.1282,0.0,0.0,0.0
189.689,280.4,-3.5967,3.0479,-2.9629,-1.569,2.94,480,0,305,345,0.3031,0.3969,SLOWDOWN,PolygonSlow,0.0,0.1282,0.0,0.0,0.0
189.801,280.5,-3.5967,3.0476,-2.9585,-1.569,2.94,480,0,305,345,0.3031,0.3981,SLOWDOWN,PolygonSlow,0.0,0.1282,0.0,0.0,0.0
189.888,280.6,-3.5967,3.0474,-2.9556,-1.569,2.94,480,0,303,346,0.3031,0.398,SLOWDOWN,PolygonSlow,0.0,0.1282,0.0,0.0,0.0
190.002,280.7,-3.5967,3.047,-2.9512,-1.569,2.94,480,0,300,345,0.3032,0.3968,SLOWDOWN,PolygonSlow,0.0,0.1282,0.0,0.0,0.0
190.088,280.8,-3.5967,3.0468,-2.9483,-1.569,2.94,480,0,300,346,0.3032,0.3964,SLOWDOWN,PolygonSlow,0.0,0.1282,0.0,0.0,0.0
190.198,280.9,-3.5967,3.0465,-2.9446,-1.569,2.94,480,0,298,346,0.3032,0.3974,SLOWDOWN,PolygonSlow,0.0,0.0769,0.0,0.0,0.0
190.298,281.0,-3.5967,3.0463,-2.9419,-1.569,2.94,480,0,299,346,0.3032,0.3964,SLOWDOWN,PolygonSlow,0.0,0.0769,0.0,0.0,0.0
190.409,281.1,-3.5967,3.0461,-2.9397,-1.569,2.94,480,0,297,345,0.3032,0.3972,SLOWDOWN,PolygonSlow,0.0,0.0769,0.0,0.0,0.0
190.505,281.2,-3.5967,3.046,-2.9375,-1.569,2.94,480,0,297,345,0.3032,0.3979,SLOWDOWN,PolygonSlow,0.0,0.0769,0.0,0.0,0.0
190.611,281.3,-3.5967,3.0458,-2.9353,-1.569,2.94,480,0,296,346,0.3032,0.398,SLOWDOWN,PolygonSlow,0.0,0.0769,0.0,0.0,0.0
190.711,281.4,-3.5967,3.0457,-2.9332,-1.569,2.94,480,0,295,346,0.3032,0.3966,SLOWDOWN,PolygonSlow,0.0,0.0769,0.0,0.0,0.0
190.819,281.5,-3.5967,3.0455,-2.931,-1.569,2.94,480,0,294,346,0.3032,0.3963,SLOWDOWN,PolygonSlow,0.0,0.0,0.0,0.0,0.0
190.92,281.6,-3.5967,3.0455,-2.9306,-1.569,2.94,480,0,294,346,0.3032,0.3964,DO_NOTHING,,0.0,0.0769,0.0,0.0,0.0
191.031,281.7,-3.5967,3.0453,-2.9289,-1.569,2.94,480,0,295,347,0.3032,0.397,SLOWDOWN,PolygonSlow,0.0,0.0769,0.0,0.0,0.0
191.12,281.8,-3.5967,3.0452,-2.9267,-1.569,2.94,480,0,295,347,0.3032,0.3959,SLOWDOWN,PolygonSlow,0.0,0.0769,0.0,0.0,0.0
191.226,281.9,-3.5967,3.045,-2.9245,-1.569,2.94,480,0,293,346,0.3032,0.3966,SLOWDOWN,PolygonSlow,0.0,0.0769,0.0,0.0,0.0
191.32,282.0,-3.5967,3.0448,-2.9224,-1.569,2.94,480,0,292,346,0.3032,0.3973,SLOWDOWN,PolygonSlow,0.0,0.0769,0.0,0.0,0.0
191.422,282.1,-3.5967,3.0447,-2.9202,-1.569,2.94,480,0,292,347,0.3032,0.3981,SLOWDOWN,PolygonSlow,0.0,0.0769,0.0,0.0,0.0
191.522,282.2,-3.5967,3.0445,-2.9181,-1.569,2.94,480,0,290,347,0.3032,0.3969,SLOWDOWN,PolygonSlow,0.0,0.0769,0.0,0.0,0.0
191.622,282.3,-3.5967,3.0444,-2.9159,-1.569,2.94,480,0,290,347,0.3032,0.3957,SLOWDOWN,PolygonSlow,0.0,0.0769,0.0,0.0,0.0
191.72,282.4,-3.5967,3.0442,-2.9138,-1.569,2.94,480,0,287,348,0.3032,0.3964,SLOWDOWN,PolygonSlow,0.0,0.0769,0.0,0.0,0.0
191.824,282.5,-3.5967,3.044,-2.9117,-1.569,2.94,480,0,286,348,0.3032,0.3961,SLOWDOWN,PolygonSlow,0.0,0.0769,0.0,0.0,0.0
191.922,282.6,-3.5967,3.0439,-2.9095,-1.569,2.94,480,0,286,347,0.3032,0.3959,SLOWDOWN,PolygonSlow,0.0,0.0769,0.0,0.0,0.0
192.027,282.7,-3.5967,3.0437,-2.9074,-1.569,2.94,480,0,285,347,0.3032,0.3966,SLOWDOWN,PolygonSlow,0.0,0.0769,0.0,0.0,0.0
192.121,282.8,-3.5967,3.0436,-2.9053,-1.569,2.94,480,0,284,347,0.3032,0.3954,SLOWDOWN,PolygonSlow,0.0,0.0769,0.0,0.0,0.0
192.22,282.9,-3.5967,3.0434,-2.9031,-1.569,2.94,480,0,283,347,0.3032,0.3962,SLOWDOWN,PolygonSlow,0.0,0.0769,0.0,0.0,0.0
192.321,283.0,-3.5967,3.0433,-2.901,-1.569,2.94,480,0,280,347,0.3032,0.3969,SLOWDOWN,PolygonSlow,0.0,0.0769,0.0,0.0,0.0
192.421,283.1,-3.5967,3.0431,-2.8989,-1.569,2.94,480,0,279,348,0.3032,0.3976,SLOWDOWN,PolygonSlow,0.0,0.0769,0.0,0.0,0.0
192.526,283.2,-3.5967,3.043,-2.8967,-1.569,2.94,480,0,279,348,0.3032,0.3969,SLOWDOWN,PolygonSlow,0.0,0.0769,0.0,0.0,0.0
192.632,283.3,-3.5967,3.0428,-2.8946,-1.569,2.94,480,0,279,347,0.3032,0.3955,SLOWDOWN,PolygonSlow,0.0,0.0769,0.0,0.0,0.0
192.728,283.4,-3.5967,3.0427,-2.8925,-1.569,2.94,480,0,277,348,0.3032,0.3959,SLOWDOWN,PolygonSlow,0.0,0.0769,0.0,0.0,0.0
192.834,283.5,-3.5967,3.0425,-2.8904,-1.569,2.94,480,0,276,348,0.3032,0.3963,SLOWDOWN,PolygonSlow,0.0,0.0769,0.0,0.0,0.0
192.931,283.6,-3.5967,3.0424,-2.8883,-1.569,2.94,480,0,275,348,0.3032,0.3954,SLOWDOWN,PolygonSlow,0.0,0.0769,0.0,0.0,0.0
193.037,283.7,-3.5967,3.0422,-2.8862,-1.569,2.94,480,0,273,349,0.3032,0.3961,SLOWDOWN,PolygonSlow,0.0,0.0769,0.0,0.0,0.0
193.15,283.8,-3.5967,3.042,-2.8836,-1.569,2.94,480,0,272,349,0.3032,0.3957,SLOWDOWN,PolygonSlow,0.0,0.0769,0.0,0.0,0.0
193.237,283.9,-3.5967,3.0419,-2.882,-1.569,2.94,480,0,272,349,0.3032,0.3956,SLOWDOWN,PolygonSlow,0.0,0.0769,0.0,0.0,0.0
193.349,284.0,-3.5967,3.0417,-2.8794,-1.569,2.94,480,0,271,348,0.3032,0.3963,SLOWDOWN,PolygonSlow,0.0,0.0769,0.0,0.0,0.0
193.438,284.1,-3.5967,3.0416,-2.8778,-1.569,2.94,480,0,270,349,0.3032,0.3952,SLOWDOWN,PolygonSlow,0.0,0.0769,0.0,0.0,0.0
193.548,284.2,-3.5967,3.0415,-2.8757,-1.569,2.94,480,0,268,349,0.3032,0.3958,SLOWDOWN,PolygonSlow,0.0,0.0769,0.0,0.0,0.0
193.647,284.3,-3.5967,3.0413,-2.8736,-1.569,2.94,480,0,267,349,0.3032,0.3965,SLOWDOWN,PolygonSlow,0.0,0.0256,0.0,0.0,0.0
193.756,284.4,-3.5967,3.0413,-2.8729,-1.569,2.94,480,0,267,349,0.3032,0.3967,SLOWDOWN,PolygonSlow,0.0,0.0256,0.0,0.0,0.0
193.854,284.5,-3.5967,3.0412,-2.8722,-1.569,2.94,480,0,266,349,0.3032,0.397,SLOWDOWN,PolygonSlow,0.0,0.0256,0.0,0.0,0.0
193.961,284.6,-3.5967,3.0412,-2.8715,-1.569,2.94,480,0,266,350,0.3032,0.3972,SLOWDOWN,PolygonSlow,0.0,0.0256,0.0,0.0,0.0
194.061,284.7,-3.5967,3.0411,-2.8708,-1.569,2.94,480,0,266,350,0.3031,0.3975,SLOWDOWN,PolygonSlow,0.0,0.0256,0.0,0.0,0.0
194.162,284.8,-3.5967,3.0411,-2.8701,-1.569,2.94,480,0,266,349,0.3031,0.3975,SLOWDOWN,PolygonSlow,0.0,0.0256,0.0,0.0,0.0
194.262,284.9,-3.5967,3.041,-2.8694,-1.569,2.94,480,0,266,349,0.3031,0.397,SLOWDOWN,PolygonSlow,0.0,0.0256,0.0,0.0,0.0
194.366,285.0,-3.5967,3.041,-2.8687,-1.569,2.94,480,0,266,349,0.3031,0.3966,SLOWDOWN,PolygonSlow,0.0,0.0256,0.0,0.0,0.0
194.465,285.1,-3.5967,3.0409,-2.868,-1.569,2.94,480,0,265,349,0.3031,0.3961,SLOWDOWN,PolygonSlow,0.0,0.0256,0.0,0.0,0.0
194.566,285.2,-3.5967,3.0409,-2.8673,-1.569,2.94,480,0,265,349,0.3031,0.3956,SLOWDOWN,PolygonSlow,0.0,0.0256,0.0,0.0,0.0
194.665,285.3,-3.5967,3.0408,-2.8666,-1.569,2.94,480,0,264,349,0.3031,0.3952,SLOWDOWN,PolygonSlow,0.0,0.0256,0.0,0.0,0.0
194.765,285.4,-3.5967,3.0408,-2.8659,-1.569,2.94,480,0,264,349,0.3031,0.3952,SLOWDOWN,PolygonSlow,0.0,0.0256,0.0,0.0,0.0
194.866,285.5,-3.5967,3.0407,-2.8652,-1.569,2.94,480,0,264,349,0.3031,0.3954,SLOWDOWN,PolygonSlow,0.0,0.0256,0.0,0.0,0.0
194.965,285.6,-3.5967,3.0407,-2.8645,-1.569,2.94,480,0,263,349,0.3031,0.3956,SLOWDOWN,PolygonSlow,0.0,0.0256,0.0,0.0,0.0
195.065,285.7,-3.5967,3.0406,-2.8638,-1.569,2.94,480,0,263,349,0.3031,0.3959,SLOWDOWN,PolygonSlow,0.0,0.0256,0.0,0.0,0.0
195.165,285.8,-3.5967,3.0406,-2.8631,-1.569,2.94,480,0,263,349,0.3031,0.3961,SLOWDOWN,PolygonSlow,0.0,0.0256,0.0,0.0,0.0
195.266,285.9,-3.5967,3.0406,-2.8625,-1.569,2.94,480,0,263,349,0.3031,0.3961,SLOWDOWN,PolygonSlow,0.0,0.0256,0.0,0.0,0.0
195.365,286.0,-3.5967,3.0405,-2.8618,-1.569,2.94,480,0,264,349,0.3031,0.3957,SLOWDOWN,PolygonSlow,0.0,0.0256,0.0,0.0,0.0
195.464,286.1,-3.5967,3.0405,-2.8611,-1.569,2.94,480,0,263,349,0.3031,0.3952,SLOWDOWN,PolygonSlow,0.0,0.0256,0.0,0.0,0.0
195.564,286.2,-3.5967,3.0404,-2.8604,-1.569,2.94,480,0,263,349,0.3031,0.3951,SLOWDOWN,PolygonSlow,0.0,0.0256,0.0,0.0,0.0
195.665,286.3,-3.5967,3.0404,-2.8597,-1.569,2.94,480,0,263,349,0.3031,0.3953,SLOWDOWN,PolygonSlow,0.0,0.0256,0.0,0.0,0.0
195.765,286.4,-3.5967,3.0403,-2.859,-1.569,2.94,480,0,263,349,0.3031,0.3956,SLOWDOWN,PolygonSlow,0.0,0.0256,0.0,0.0,0.0
195.866,286.5,-3.5967,3.0403,-2.8583,-1.569,2.94,480,0,262,349,0.3031,0.3958,SLOWDOWN,PolygonSlow,0.0,0.0256,0.0,0.0,0.0
195.968,286.6,-3.5967,3.0402,-2.8576,-1.569,2.94,480,0,261,350,0.3031,0.396,SLOWDOWN,PolygonSlow,0.0,0.0256,0.0,0.0,0.0
196.068,286.7,-3.5967,3.0402,-2.8569,-1.569,2.94,480,0,261,350,0.3031,0.3962,SLOWDOWN,PolygonSlow,0.0,0.0256,0.0,0.0,0.0
196.172,286.8,-3.5967,3.0401,-2.8562,-1.569,2.94,480,0,261,350,0.3031,0.3958,SLOWDOWN,PolygonSlow,0.0,0.0256,0.0,0.0,0.0
196.271,286.9,-3.5967,3.0401,-2.8555,-1.569,2.94,480,0,259,350,0.3031,0.3953,SLOWDOWN,PolygonSlow,0.0,0.0256,0.0,0.0,0.0
196.377,287.0,-3.5967,3.04,-2.8548,-1.569,2.94,480,0,259,349,0.3032,0.395,SLOWDOWN,PolygonSlow,0.0,0.0256,0.0,0.0,0.0
196.489,287.1,-3.5967,3.04,-2.854,-1.569,2.94,480,0,259,349,0.3032,0.3952,SLOWDOWN,PolygonSlow,0.0,0.0256,0.0,0.0,0.0
196.578,287.2,-3.5967,3.0399,-2.8535,-1.569,2.94,480,0,258,349,0.3032,0.3955,SLOWDOWN,PolygonSlow,0.0,0.0256,0.0,0.0,0.0
196.69,287.3,-3.5967,3.0399,-2.8526,-1.569,2.94,480,0,258,349,0.3032,0.3957,SLOWDOWN,PolygonSlow,0.0,0.0256,0.0,0.0,0.0
196.778,287.4,-3.5967,3.0398,-2.8521,-1.569,2.94,480,0,257,349,0.3032,0.396,SLOWDOWN,PolygonSlow,0.0,0.0256,0.0,0.0,0.0
196.887,287.5,-3.5967,3.0398,-2.8514,-1.569,2.94,480,0,256,349,0.3032,0.3962,SLOWDOWN,PolygonSlow,0.0,0.0256,0.0,0.0,0.0
196.987,287.6,-3.5967,3.0398,-2.8507,-1.569,2.94,480,0,256,350,0.3032,0.3959,SLOWDOWN,PolygonSlow,0.0,0.0256,0.0,0.0,0.0
197.095,287.7,-3.5967,3.0397,-2.85,-1.569,2.94,480,0,256,350,0.3032,0.3954,SLOWDOWN,PolygonSlow,0.0,0.0256,0.0,0.0,0.0
197.192,287.8,-3.5967,3.0397,-2.8493,-1.569,2.94,480,0,256,350,0.3032,0.395,SLOWDOWN,PolygonSlow,0.0,0.0256,0.0,0.0,0.0
197.297,287.9,-3.5967,3.0396,-2.8487,-1.569,2.94,480,0,256,350,0.3032,0.3952,SLOWDOWN,PolygonSlow,0.0,0.0256,0.0,0.0,0.0
197.4,288.0,-3.5967,3.0396,-2.848,-1.569,2.94,480,0,256,350,0.3032,0.3954,SLOWDOWN,PolygonSlow,0.0,0.0256,0.0,0.0,0.0
197.501,288.1,-3.5967,3.0395,-2.8473,-1.569,2.94,480,0,256,350,0.3032,0.3956,SLOWDOWN,PolygonSlow,0.0,0.0256,0.0,0.0,0.0
197.6,288.2,-3.5967,3.0395,-2.8466,-1.569,2.94,480,0,256,350,0.3032,0.3959,SLOWDOWN,PolygonSlow,0.0,0.0256,0.0,0.0,0.0
197.702,288.3,-3.5967,3.0394,-2.8459,-1.569,2.94,480,0,256,350,0.3032,0.3961,SLOWDOWN,PolygonSlow,0.0,0.0256,0.0,0.0,0.0
197.8,288.4,-3.5967,3.0394,-2.8452,-1.569,2.94,480,0,256,350,0.3032,0.3963,SLOWDOWN,PolygonSlow,0.0,0.0256,0.0,0.0,0.0
197.901,288.5,-3.5967,3.0393,-2.8445,-1.569,2.94,480,0,256,350,0.3032,0.3966,SLOWDOWN,PolygonSlow,0.0,0.0256,0.0,0.0,0.0
198.001,288.6,-3.5967,3.0393,-2.8438,-1.569,2.94,480,0,256,350,0.3032,0.3968,SLOWDOWN,PolygonSlow,0.0,0.0256,0.0,0.0,0.0
198.106,288.7,-3.5967,3.0393,-2.8432,-1.569,2.94,480,0,255,351,0.3032,0.3971,SLOWDOWN,PolygonSlow,0.0,0.0256,0.0,0.0,0.0
198.202,288.8,-3.5967,3.0392,-2.8425,-1.569,2.94,480,0,255,351,0.3032,0.3973,SLOWDOWN,PolygonSlow,0.0,0.0256,0.0,0.0,0.0
198.302,288.9,-3.5967,3.0392,-2.8418,-1.569,2.94,480,0,255,351,0.3032,0.3976,SLOWDOWN,PolygonSlow,0.0,0.0256,0.0,0.0,0.0
198.401,289.0,-3.5967,3.0391,-2.8411,-1.569,2.94,480,0,255,351,0.3032,0.3972,SLOWDOWN,PolygonSlow,0.0,0.0256,0.0,0.0,0.0
198.504,289.1,-3.5967,3.0391,-2.8404,-1.569,2.94,480,0,255,351,0.3032,0.3967,SLOWDOWN,PolygonSlow,0.0,0.0256,0.0,0.0,0.0
198.602,289.2,-3.5967,3.039,-2.8397,-1.569,2.94,480,0,254,351,0.3032,0.3963,SLOWDOWN,PolygonSlow,0.0,0.0256,0.0,0.0,0.0
198.703,289.3,-3.5967,3.039,-2.8391,-1.569,2.94,480,0,254,350,0.3032,0.3958,SLOWDOWN,PolygonSlow,0.0,0.0256,0.0,0.0,0.0
198.796,289.4,-3.5967,3.0389,-2.8384,-1.569,2.94,480,0,253,350,0.3032,0.3954,SLOWDOWN,PolygonSlow,0.0,0.0256,0.0,0.0,0.0
198.896,289.5,-3.5967,3.0389,-2.8377,-1.569,2.94,480,0,253,350,0.3032,0.3949,SLOWDOWN,PolygonSlow,0.0,0.0256,0.0,0.0,0.0
198.994,289.6,-3.5967,3.0388,-2.837,-1.569,2.94,480,0,253,350,0.3032,0.3952,SLOWDOWN,PolygonSlow,0.0,0.0256,0.0,0.0,0.0
199.095,289.7,-3.5967,3.0388,-2.8363,-1.569,2.94,480,0,251,350,0.3032,0.3954,SLOWDOWN,PolygonSlow,0.0,0.0256,0.0,0.0,0.0
199.196,289.8,-3.5967,3.0388,-2.8356,-1.569,2.94,480,0,251,351,0.3032,0.3957,SLOWDOWN,PolygonSlow,0.0,0.0256,0.0,0.0,0.0
199.294,289.9,-3.5967,3.0387,-2.835,-1.569,2.94,480,0,251,351,0.3032,0.3959,SLOWDOWN,PolygonSlow,0.0,0.0256,0.0,0.0,0.0
199.395,290.0,-3.5967,3.0387,-2.8343,-1.569,2.94,480,0,251,351,0.3032,0.3961,SLOWDOWN,PolygonSlow,0.0,0.0256,0.0,0.0,0.0
199.497,290.1,-3.5967,3.0386,-2.8336,-1.569,2.94,480,0,251,351,0.3032,0.396,SLOWDOWN,PolygonSlow,0.0,0.0256,0.0,0.0,0.0
199.595,290.2,-3.5967,3.0386,-2.8329,-1.569,2.94,480,0,251,351,0.3032,0.3956,SLOWDOWN,PolygonSlow,0.0,0.0256,0.0,0.0,0.0
199.694,290.3,-3.5967,3.0385,-2.8322,-1.569,2.94,480,0,250,351,0.3032,0.3951,SLOWDOWN,PolygonSlow,0.0,0.0256,0.0,0.0,0.0
199.801,290.4,-3.5967,3.0385,-2.8316,-1.569,2.94,480,0,250,351,0.3032,0.3951,SLOWDOWN,PolygonSlow,0.0,0.0256,0.0,0.0,0.0
199.895,290.5,-3.5967,3.0385,-2.8309,-1.569,2.94,480,0,250,351,0.3032,0.3953,SLOWDOWN,PolygonSlow,0.0,0.0256,0.0,0.0,0.0
200.003,290.6,-3.5967,3.0384,-2.8302,-1.569,2.94,480,0,250,351,0.3032,0.3956,SLOWDOWN,PolygonSlow,0.0,0.0256,0.0,0.0,0.0
200.096,290.7,-3.5967,3.0384,-2.8295,-1.569,2.94,480,0,250,351,0.3033,0.3958,SLOWDOWN,PolygonSlow,0.0,0.0256,0.0,0.0,0.0
200.201,290.8,-3.5967,3.0383,-2.8288,-1.569,2.94,480,0,250,352,0.3033,0.396,SLOWDOWN,PolygonSlow,0.0,0.0256,0.0,0.0,0.0
200.298,290.9,-3.5967,3.0383,-2.8282,-1.569,2.94,480,0,249,352,0.3032,0.3963,SLOWDOWN,PolygonSlow,0.0,0.0256,0.0,0.0,0.0
200.402,291.0,-3.5967,3.0382,-2.8275,-1.569,2.94,480,0,249,352,0.3032,0.3959,SLOWDOWN,PolygonSlow,0.0,0.0256,0.0,0.0,0.0
200.498,291.1,-3.5967,3.0382,-2.8268,-1.569,2.94,480,0,249,352,0.3032,0.3954,SLOWDOWN,PolygonSlow,0.0,0.0256,0.0,0.0,0.0
200.599,291.2,-3.5967,3.0381,-2.8261,-1.569,2.94,480,0,249,352,0.3032,0.395,SLOWDOWN,PolygonSlow,0.0,0.0256,0.0,0.0,0.0
200.699,291.3,-3.5967,3.0381,-2.8254,-1.569,2.94,480,0,249,352,0.3032,0.3952,SLOWDOWN,PolygonSlow,0.0,0.0256,0.0,0.0,0.0
200.797,291.4,-3.5967,3.0381,-2.8248,-1.569,2.94,480,0,248,352,0.3032,0.3954,SLOWDOWN,PolygonSlow,0.0,0.0256,0.0,0.0,0.0
200.897,291.5,-3.5967,3.038,-2.8241,-1.569,2.94,480,0,248,352,0.3032,0.3957,SLOWDOWN,PolygonSlow,0.0,0.0256,0.0,0.0,0.0
200.998,291.6,-3.5967,3.038,-2.8234,-1.569,2.94,480,0,248,351,0.3032,0.3959,SLOWDOWN,PolygonSlow,0.0,0.0256,0.0,0.0,0.0
201.098,291.7,-3.5967,3.0379,-2.8224,-1.569,2.94,480,0,247,351,0.3032,0.3963,SLOWDOWN,PolygonSlow,0.0,1.0,0.0,0.0,0.0
201.197,291.8,-3.5967,3.0375,-2.8155,-1.569,2.94,480,0,245,351,0.3032,0.3967,SLOWDOWN,PolygonSlow,0.0,1.0,0.0,0.0,0.0
201.3,291.9,-3.5967,3.0366,-2.7998,-1.569,2.94,480,0,239,353,0.3032,0.3962,SLOWDOWN,PolygonSlow,0.0,1.0,0.0,0.0,0.0
201.398,292.0,-3.5967,3.0353,-2.777,-1.569,2.94,480,0,233,354,0.3032,0.3982,SLOWDOWN,PolygonSlow,0.0,1.0,0.0,0.0,0.0
201.501,292.1,-3.5967,3.0338,-2.7515,-1.569,2.94,480,0,226,349,0.3032,0.397,SLOWDOWN,PolygonSlow,0.0,1.0,0.0,0.0,0.0
201.601,292.2,-3.5967,3.0325,-2.7263,-1.569,2.94,480,0,219,342,0.3032,0.3978,SLOWDOWN,PolygonSlow,0.0,1.0,0.0,0.0,0.0
201.701,292.3,-3.5967,3.0313,-2.7015,-1.569,2.94,480,0,215,333,0.3032,0.3986,SLOWDOWN,PolygonSlow,0.0,1.0,0.0,0.0,0.0
201.802,292.4,-3.5967,3.0303,-2.6771,-1.569,2.94,480,0,210,326,0.3033,0.3993,SLOWDOWN,PolygonSlow,0.0,1.0,0.0,0.0,0.0
201.901,292.5,-3.5967,3.0293,-2.6531,-1.569,2.94,480,0,207,320,0.3033,0.3999,SLOWDOWN,PolygonSlow,0.0,1.0,0.0,0.0,0.0
202.0,292.6,-3.5967,3.0284,-2.6294,-1.569,2.94,480,0,201,312,0.3033,0.4009,SLOWDOWN,PolygonSlow,0.0,1.0,0.0,0.0,0.0
202.102,292.7,-3.5967,3.0277,-2.606,-1.569,2.94,480,0,199,306,0.3033,0.4032,SLOWDOWN,PolygonSlow,0.0,1.0,0.0,0.0,0.0
202.202,292.8,-3.5967,3.027,-2.583,-1.569,2.94,480,0,196,301,0.3033,0.4059,SLOWDOWN,PolygonSlow,0.0,1.0,0.0,0.0,0.0
202.303,292.9,-3.5967,3.0265,-2.5603,-1.569,2.94,480,0,193,297,0.3033,0.4065,SLOWDOWN,PolygonSlow,0.0,1.0,0.0,0.0,0.0
202.401,293.0,-3.5967,3.0261,-2.538,-1.569,2.94,480,0,190,293,0.3033,0.4065,SLOWDOWN,PolygonSlow,0.0,1.0,0.0,0.0,0.0
202.503,293.1,-3.5965,3.0259,-2.5168,-1.569,2.94,480,0,187,288,0.3034,0.4047,SLOWDOWN,PolygonSlow,0.0,1.0,0.0,0.0,0.0
202.602,293.2,-3.5963,3.0259,-2.4966,-1.569,2.94,480,0,186,283,0.3037,0.403,SLOWDOWN,PolygonSlow,0.0,1.0,0.0,0.0,0.0
202.704,293.3,-3.5961,3.0259,-2.4759,-1.569,2.94,480,0,184,280,0.3039,0.4013,SLOWDOWN,PolygonSlow,0.0,1.0,0.0,0.0,0.0
202.807,293.4,-3.5961,3.0259,-2.4548,-1.569,2.94,480,0,182,277,0.3039,0.3998,SLOWDOWN,PolygonSlow,0.0,1.0,0.0,0.0,0.0
202.905,293.5,-3.596,3.0259,-2.4331,-1.569,2.94,480,0,180,273,0.304,0.3984,SLOWDOWN,PolygonSlow,0.0,1.0,0.0,0.0,0.0
203.009,293.6,-3.5957,3.0259,-2.411,-1.569,2.94,480,0,178,271,0.3043,0.3972,SLOWDOWN,PolygonSlow,0.0,1.0,0.0,0.0,0.0
203.125,293.7,-3.5954,3.0259,-2.3838,-1.569,2.94,480,0,176,266,0.3046,0.3961,SLOWDOWN,PolygonSlow,0.0,1.0,0.0,0.0,0.0
203.208,293.8,-3.5953,3.0259,-2.3652,-1.569,2.94,480,0,175,264,0.3047,0.3952,SLOWDOWN,PolygonSlow,0.0,1.0,0.0,0.0,0.0
203.322,293.9,-3.5953,3.026,-2.3371,-1.569,2.94,480,0,173,261,0.3047,0.3944,SLOWDOWN,PolygonSlow,0.0,1.0,0.0,0.0,0.0
203.41,294.0,-3.5953,3.0261,-2.3187,-1.569,2.94,480,0,172,259,0.3047,0.3937,SLOWDOWN,PolygonSlow,0.0,1.0,0.0,0.0,0.0
203.519,294.1,-3.5953,3.0264,-2.2962,-1.569,2.94,480,0,171,255,0.3047,0.3931,SLOWDOWN,PolygonSlow,0.0,1.0,0.0,0.0,0.0
203.619,294.2,-3.5953,3.0266,-2.2741,-1.569,2.94,480,0,170,254,0.3047,0.3927,SLOWDOWN,PolygonSlow,0.0,1.0,0.0,0.0,0.0
203.727,294.3,-3.5953,3.0267,-2.2526,-1.569,2.94,480,0,168,252,0.3047,0.3927,SLOWDOWN,PolygonSlow,0.0,1.0,0.0,0.0,0.0
203.826,294.4,-3.5953,3.0267,-2.2316,-1.569,2.94,480,0,169,250,0.3047,0.3929,SLOWDOWN,PolygonSlow,0.0,1.0,0.0,0.0,0.0
203.932,294.5,-3.5953,3.0265,-2.211,-1.569,2.94,480,0,167,249,0.3047,0.3935,SLOWDOWN,PolygonSlow,0.0,1.0,0.0,0.0,0.0
204.029,294.6,-3.5953,3.0263,-2.1909,-1.569,2.94,480,0,167,249,0.3047,0.3944,SLOWDOWN,PolygonSlow,0.0,1.0,0.0,0.0,0.0
204.133,294.7,-3.5953,3.026,-2.1712,-1.569,2.94,480,0,166,246,0.3047,0.3955,SLOWDOWN,PolygonSlow,0.0,1.0,0.0,0.0,0.0
204.237,294.8,-3.5952,3.0257,-2.1515,-1.569,2.94,480,0,166,244,0.3048,0.3967,SLOWDOWN,PolygonSlow,0.0,1.0,0.0,0.0,0.0
204.341,294.9,-3.5949,3.0255,-2.1301,-1.569,2.94,480,0,164,244,0.3051,0.3982,SLOWDOWN,PolygonSlow,0.0,1.0,0.0,0.0,0.0
204.44,295.0,-3.5943,3.0255,-2.1072,-1.569,2.94,480,0,164,244,0.3057,0.3997,SLOWDOWN,PolygonSlow,0.0,1.0,0.0,0.0,0.0
204.545,295.1,-3.5935,3.0255,-2.0838,-1.569,2.94,480,0,165,242,0.3065,0.4016,SLOWDOWN,PolygonSlow,0.0,1.0,0.0,0.0,0.0
204.642,295.2,-3.5927,3.0255,-2.0602,-1.569,2.94,480,0,163,243,0.3073,0.4038,SLOWDOWN,PolygonSlow,0.0,1.0,0.0,0.0,0.0
204.745,295.3,-3.5917,3.0255,-2.0361,-1.569,2.94,480,0,163,242,0.3082,0.4063,SLOWDOWN,PolygonSlow,0.0,1.0,0.0,0.0,0.0
204.841,295.4,-3.5906,3.0255,-2.0117,-1.569,2.94,480,0,163,241,0.3093,0.4093,SLOWDOWN,PolygonSlow,0.0,1.0,0.0,0.0,0.0
204.946,295.5,-3.5894,3.0255,-1.987,-1.569,2.94,480,0,163,242,0.3105,0.4127,SLOWDOWN,PolygonSlow,0.0,1.0,0.0,0.0,0.0
205.043,295.6,-3.5881,3.0255,-1.9619,-1.569,2.94,480,0,163,242,0.3118,0.4165,SLOWDOWN,PolygonSlow,0.0,1.0,0.0,0.0,0.0
205.145,295.7,-3.5867,3.0255,-1.9364,-1.569,2.94,480,0,163,242,0.3132,0.4209,SLOWDOWN,PolygonSlow,0.0,1.0,0.0,0.0,0.0
205.245,295.8,-3.5852,3.0255,-1.9105,-1.569,2.94,480,0,165,242,0.3148,0.4258,SLOWDOWN,PolygonSlow,0.0,1.0,0.0,0.0,0.0
205.342,295.9,-3.5835,3.0255,-1.8842,-1.569,2.94,480,0,165,240,0.3163,0.4314,SLOWDOWN,PolygonSlow,0.0,1.0,0.0,0.0,0.0
205.444,296.0,-3.5818,3.0255,-1.8575,-1.569,2.94,480,0,166,238,0.3181,0.4378,SLOWDOWN,PolygonSlow,0.0,1.0,0.0,0.0,0.0
205.542,296.1,-3.5799,3.0255,-1.8304,-1.569,2.94,480,0,169,237,0.32,0.4399,SLOWDOWN,PolygonSlow,0.0,1.0,0.0,0.0,0.0
205.643,296.2,-3.5779,3.0255,-1.8028,-1.569,2.94,480,0,171,236,0.3219,0.4401,SLOWDOWN,PolygonSlow,0.0,1.0,0.0,0.0,0.0
205.742,296.3,-3.5758,3.0255,-1.7748,-1.569,2.94,480,0,173,233,0.324,0.4403,SLOWDOWN,PolygonSlow,0.0,1.0,0.0,0.0,0.0
205.843,296.4,-3.5736,3.0255,-1.7464,-1.569,2.94,480,0,179,231,0.3263,0.4406,SLOWDOWN,PolygonSlow,0.0,1.0,0.0,0.0,0.0
205.945,296.5,-3.5713,3.0255,-1.7174,-1.569,2.94,480,0,178,230,0.3285,0.4408,SLOWDOWN,PolygonSlow,0.0,1.0,0.0,0.0,0.0
206.047,296.6,-3.5689,3.0255,-1.688,-1.569,2.94,480,0,178,228,0.3309,0.441,SLOWDOWN,PolygonSlow,0.0,0.9938,0.0,0.0,0.0
206.151,296.7,-3.5663,3.0255,-1.6581,-1.569,2.94,480,0,177,227,0.3334,0.4411,SLOWDOWN,PolygonSlow,0.0,0.8922,0.0,0.0,0.0
206.251,296.8,-3.5639,3.0255,-1.6296,-1.569,2.94,480,0,176,225,0.3359,0.4412,SLOWDOWN,PolygonSlow,0.0,0.7817,0.0,0.0,0.0
206.356,296.9,-3.5616,3.0255,-1.6036,-1.569,2.94,480,0,176,225,0.3381,0.4413,SLOWDOWN,PolygonSlow,0.0,0.6663,0.0,0.0,0.0
206.47,297.0,-3.5592,3.0255,-1.5769,-1.569,2.94,480,0,176,223,0.3403,0.4413,SLOWDOWN,PolygonSlow,0.0,0.5482,0.0,0.0,0.0
206.56,297.1,-3.5579,3.0255,-1.5618,-1.569,2.94,480,0,176,222,0.3419,0.4413,SLOWDOWN,PolygonSlow,0.0,0.4208,0.0,0.0,0.0
206.671,297.2,-3.5563,3.0255,-1.5438,-1.569,2.94,480,0,176,221,0.3432,0.4413,SLOWDOWN,PolygonSlow,0.0,0.4,0.0,0.0,0.0
206.76,297.3,-3.5553,3.0255,-1.5336,-1.569,2.99,480,0,175,221,0.3444,0.4412,SLOWDOWN,PolygonSlow,0.0,0.0,0.0,0.0,0.0
206.863,297.4,-3.5544,3.0255,-1.5227,-1.569,2.99,480,0,175,222,0.3454,0.4411,SLOWDOWN,PolygonSlow,0.0,1.0,0.0,0.0,0.0
206.963,297.5,-3.553,3.0255,-1.5056,-1.569,2.99,480,0,169,222,0.3469,0.4409,SLOWDOWN,PolygonSlow,0.0,1.0,0.0,0.0,0.0
207.073,297.6,-3.5508,3.0255,-1.4792,-1.569,2.99,480,0,151,225,0.3489,0.4405,SLOWDOWN,PolygonSlow,0.0,1.0,0.0,0.0,0.0
207.17,297.7,-3.5483,3.0255,-1.4493,-1.569,2.99,480,0,147,226,0.3515,0.44,SLOWDOWN,PolygonSlow,0.0,1.0,0.0,0.0,0.0
207.278,297.8,-3.5459,3.0255,-1.4202,-1.569,2.99,480,0,133,230,0.3538,0.4346,SLOWDOWN,PolygonSlow,0.0,0.9487,0.0,0.0,0.0
207.378,297.9,-3.5437,3.0255,-1.3928,-1.569,2.99,480,0,122,230,0.3559,0.4167,SLOWDOWN,PolygonSlow,0.0,0.9487,0.0,0.0,0.0
207.483,298.0,-3.5416,3.0255,-1.3658,-1.569,2.99,480,0,113,233,0.3581,0.4006,SLOWDOWN,PolygonSlow,0.0,0.8974,0.0,0.0,0.0
207.583,298.1,-3.5397,3.0255,-1.3398,-1.569,2.99,480,0,108,235,0.3603,0.3864,SLOWDOWN,PolygonSlow,0.0,0.8974,0.0,0.0,0.0
207.686,298.2,-3.5379,3.0255,-1.315,-1.569,2.99,480,0,101,237,0.3618,0.3739,SLOWDOWN,PolygonSlow,0.0,0.8462,0.0,0.0,0.0
207.787,298.3,-3.5362,3.0255,-1.2912,-1.569,2.99,480,0,97,240,0.3634,0.3627,SLOWDOWN,PolygonSlow,0.0,0.8462,0.0,0.0,0.0
207.883,298.4,-3.5347,3.0255,-1.2685,-1.569,2.99,480,0,93,237,0.3651,0.3528,SLOWDOWN,PolygonSlow,0.0,0.8462,0.0,0.0,0.0
207.982,298.5,-3.5333,3.0255,-1.246,-1.569,2.99,480,0,90,230,0.3666,0.3437,SLOWDOWN,PolygonSlow,0.0,0.7949,0.0,0.0,0.0
208.088,298.6,-3.532,3.0255,-1.2244,-1.569,2.99,480,0,89,223,0.3677,0.3355,SLOWDOWN,PolygonSlow,0.0,0.7949,0.0,0.0,0.0
208.184,298.7,-3.5308,3.0255,-1.2039,-1.569,2.99,480,0,88,221,0.3689,0.3282,SLOWDOWN,PolygonSlow,0.0,0.7949,0.0,0.0,0.0
208.286,298.8,-3.5296,3.0255,-1.1836,-1.569,2.99,480,0,88,214,0.3701,0.3214,SLOWDOWN,PolygonSlow,0.0,0.7949,0.0,0.0,0.0
208.383,298.9,-3.5286,3.0255,-1.1636,-1.569,2.99,480,0,87,212,0.3711,0.315,SLOWDOWN,PolygonSlow,0.0,0.7436,0.0,0.0,0.0
208.488,299.0,-3.5276,3.0255,-1.1443,-1.569,2.99,480,0,87,210,0.372,0.3093,SLOWDOWN,PolygonSlow,0.0,0.7436,0.0,0.0,0.0
208.585,299.1,-3.5267,3.0255,-1.1259,-1.569,2.99,480,0,87,205,0.3729,0.3042,SLOWDOWN,PolygonSlow,0.0,0.7436,0.0,0.0,0.0
208.685,299.2,-3.5259,3.0255,-1.1078,-1.569,2.99,480,0,87,205,0.3738,0.2993,SLOWDOWN,PolygonSlow,0.0,0.6923,0.0,0.0,0.0
208.783,299.3,-3.5252,3.0255,-1.0904,-1.569,2.99,480,0,86,202,0.3746,0.295,SLOWDOWN,PolygonSlow,0.0,0.6923,0.0,0.0,0.0
208.889,299.4,-3.5246,3.0255,-1.0738,-1.569,2.99,480,0,86,200,0.3751,0.291,SLOWDOWN,PolygonSlow,0.0,-1.0,0.0,0.0,0.0
208.987,299.5,-3.524,3.0255,-1.0589,-1.569,2.99,480,0,87,199,0.3756,0.2876,SLOWDOWN,PolygonSlow,0.0,-1.0,0.0,0.0,0.0
209.089,299.6,-3.5238,3.0255,-1.0512,-1.569,2.99,480,0,87,199,0.3759,0.2859,SLOWDOWN,PolygonSlow,0.0,-1.0,0.0,0.0,0.0
209.186,299.7,-3.5238,3.0255,-1.0502,-1.569,2.99,480,0,87,200,0.3759,0.2857,SLOWDOWN,PolygonSlow,0.0,-1.0,0.0,0.0,0.0
209.289,299.8,-3.5239,3.0255,-1.0568,-1.569,2.99,480,0,87,199,0.3757,0.2872,SLOWDOWN,PolygonSlow,0.0,-1.0,0.0,0.0,0.0
209.386,299.9,-3.5244,3.0255,-1.0706,-1.569,2.99,480,0,87,201,0.3753,0.2903,SLOWDOWN,PolygonSlow,0.0,-1.0,0.0,0.0,0.0
209.491,300.0,-3.5252,3.0254,-1.0925,-1.569,2.99,480,0,86,203,0.3746,0.2956,SLOWDOWN,PolygonSlow,0.0,-1.0,0.0,0.0,0.0
209.593,300.1,-3.5262,3.0254,-1.1167,-1.569,2.99,480,0,87,205,0.3734,0.3018,SLOWDOWN,PolygonSlow,0.0,-1.0,0.0,0.0,0.0
209.698,300.2,-3.5273,3.0254,-1.1413,-1.569,2.99,480,0,86,209,0.3722,0.3085,SLOWDOWN,PolygonSlow,0.0,-1.0,0.0,0.0,0.0
209.813,300.3,-3.5288,3.0254,-1.1712,-1.569,2.99,480,0,88,211,0.3712,0.3159,SLOWDOWN,PolygonSlow,0.0,-1.0,0.0,0.0,0.0
209.901,300.4,-3.5299,3.0254,-1.1915,-1.569,2.94,480,0,88,218,0.3698,0.324,SLOWDOWN,PolygonSlow,0.0,-1.0,0.0,0.0,0.0
210.013,300.5,-3.5317,3.0254,-1.2224,-1.569,2.94,480,0,89,224,0.3682,0.3329,SLOWDOWN,PolygonSlow,0.0,-1.0,0.0,0.0,0.0
210.098,300.6,-3.533,3.0254,-1.2432,-1.569,2.94,480,0,90,229,0.3668,0.3427,SLOWDOWN,PolygonSlow,0.0,-1.0,0.0,0.0,0.0
210.211,300.7,-3.5347,3.0254,-1.2697,-1.569,2.94,480,0,93,237,0.3651,0.3534,SLOWDOWN,PolygonSlow,0.0,-1.0,0.0,0.0,0.0
210.309,300.8,-3.5365,3.0254,-1.2966,-1.569,2.94,480,0,97,239,0.3632,0.3653,SLOWDOWN,PolygonSlow,0.0,-1.0,0.0,0.0,0.0
210.417,300.9,-3.5384,3.0254,-1.3239,-1.569,2.94,480,0,104,236,0.3614,0.3783,SLOWDOWN,PolygonSlow,0.0,-1.0,0.0,0.0,0.0
210.515,301.0,-3.5405,3.0254,-1.3517,-1.569,2.94,480,0,111,235,0.3594,0.3928,SLOWDOWN,PolygonSlow,0.0,-1.0,0.0,0.0,0.0
210.621,301.1,-3.5426,3.0254,-1.3799,-1.569,2.94,480,0,118,232,0.357,0.4089,SLOWDOWN,PolygonSlow,0.0,-1.0,0.0,0.0,0.0
210.719,301.2,-3.5449,3.0254,-1.4086,-1.569,2.94,480,0,127,229,0.3548,0.4269,SLOWDOWN,PolygonSlow,0.0,-1.0,0.0,0.0,0.0
210.824,301.3,-3.5472,3.0254,-1.4378,-1.569,2.94,480,0,140,228,0.3527,0.44,SLOWDOWN,PolygonSlow,0.0,-1.0,0.0,0.0,0.0
210.922,301.4,-3.5497,3.0254,-1.4675,-1.569,2.94,480,0,150,226,0.35,0.4405,SLOWDOWN,PolygonSlow,0.0158,-1.0,0.0158,0.0,0.0
211.025,301.5,-3.5523,3.0251,-1.4977,-1.569,2.94,480,0,162,222,0.3476,0.4409,SLOWDOWN,PolygonSlow,0.0158,-1.0,0.0158,0.0047,0.0047
211.122,301.6,-3.5549,3.0246,-1.5285,-1.569,2.94,480,0,175,222,0.3449,0.4412,SLOWDOWN,PolygonSlow,0.0158,-1.0,0.0158,0.0047,0.0047
211.223,301.7,-3.5577,3.0241,-1.5599,-1.569,2.94,480,0,175,222,0.3421,0.4413,SLOWDOWN,PolygonSlow,0.0158,-1.0,0.0158,0.0047,0.0047
211.321,301.8,-3.5605,3.0236,-1.5917,-1.569,2.94,480,0,176,223,0.3393,0.4413,SLOWDOWN,PolygonSlow,0.0158,-1.0,0.0158,0.0047,0.0047
211.422,301.9,-3.5633,3.0232,-1.6229,-1.569,2.94,480,0,176,226,0.3364,0.4412,SLOWDOWN,PolygonSlow,0.0158,-1.0,0.0158,0.0047,0.0047
211.521,302.0,-3.566,3.0227,-1.6536,-1.569,2.94,480,0,176,226,0.3338,0.4411,SLOWDOWN,PolygonSlow,0.0158,-1.0,0.0158,0.0047,0.0047
211.622,302.1,-3.5686,3.0222,-1.6837,-1.569,2.94,480,0,177,228,0.3312,0.4409,SLOWDOWN,PolygonSlow,0.0,-1.0,0.0,0.0047,0.0047
211.723,302.2,-3.5711,3.0221,-1.7132,-1.569,2.94,480,0,177,229,0.3288,0.4407,SLOWDOWN,PolygonSlow,0.0,-1.0,0.0,0.0,0.0
211.823,302.3,-3.5734,3.0221,-1.7422,-1.569,2.94,480,0,178,232,0.3265,0.4405,SLOWDOWN,PolygonSlow,0.0,-1.0,0.0,0.0,0.0
211.924,302.4,-3.5756,3.0221,-1.7708,-1.569,2.94,480,0,173,233,0.3242,0.4403,SLOWDOWN,PolygonSlow,0.0,-1.0,0.0,0.0,0.0
212.023,302.5,-3.5777,3.0221,-1.7989,-1.569,2.94,480,0,171,235,0.3221,0.44,SLOWDOWN,PolygonSlow,0.0,-1.0,0.0,0.0,0.0
212.123,302.6,-3.5797,3.0221,-1.8265,-1.569,2.94,480,0,168,237,0.3201,0.4398,SLOWDOWN,PolygonSlow,0.0,-1.0,0.0,0.0,0.0
212.225,302.7,-3.5816,3.0221,-1.8537,-1.569,2.94,480,0,167,238,0.3182,0.4395,SLOWDOWN,PolygonSlow,0.0,-1.0,0.0,0.0,0.0
212.323,302.8,-3.5834,3.0221,-1.8804,-1.569,2.94,480,0,164,241,0.3164,0.4369,SLOWDOWN,PolygonSlow,0.0,-1.0,0.0,0.0,0.0
212.423,302.9,-3.5851,3.0221,-1.9068,-1.569,2.94,480,0,164,244,0.3149,0.431,SLOWDOWN,PolygonSlow,0.0,-1.0,0.0,0.0,0.0
212.525,303.0,-3.5866,3.0221,-1.9327,-1.569,2.94,480,0,162,243,0.3133,0.4259,SLOWDOWN,PolygonSlow,0.0,-1.0,0.0,0.0,0.0
212.627,303.1,-3.5881,3.0221,-1.9583,-1.569,2.94,480,0,163,242,0.3119,0.4214,SLOWDOWN,PolygonSlow,0.0,-1.0,0.0,0.0,0.0
212.727,303.2,-3.5894,3.0221,-1.9835,-1.569,2.94,480,0,161,241,0.3106,0.4174,SLOWDOWN,PolygonSlow,0.0,-1.0,0.0,0.0,0.0
212.832,303.3,-3.5906,3.0221,-2.0083,-1.569,2.94,480,0,162,243,0.3094,0.4139,SLOWDOWN,PolygonSlow,0.0,-1.0,0.0,0.0,0.0
212.931,303.4,-3.5917,3.0221,-2.0327,-1.569,2.94,480,0,163,242,0.3083,0.4108,SLOWDOWN,PolygonSlow,0.0,-1.0,0.0,0.0,0.0
213.036,303.5,-3.5927,3.0221,-2.0568,-1.569,2.94,480,0,161,243,0.3073,0.4081,SLOWDOWN,PolygonSlow,0.0316,0.4872,0.0316,0.0095,0.0095
213.149,303.6,-3.594,3.0212,-2.0778,-1.569,2.94,480,0,163,243,0.3062,0.4072,SLOWDOWN,PolygonSlow,0.0316,0.5385,0.0316,0.0095,0.0095
213.236,303.7,-3.5946,3.0205,-2.0861,-1.569,2.94,480,0,163,244,0.3054,0.4072,SLOWDOWN,PolygonSlow,0.0316,0.5385,0.0316,0.0095,0.0095
213.349,303.8,-3.5953,3.0195,-2.089,-1.569,2.94,480,0,163,245,0.3048,0.4079,SLOWDOWN,PolygonSlow,0.0316,0.5897,0.0316,0.0095,0.0095
213.437,303.9,-3.5955,3.0189,-2.0854,-1.569,2.94,480,0,164,244,0.3044,0.4092,SLOWDOWN,PolygonSlow,0.0316,0.5897,0.0316,0.0095,0.0095
213.548,304.0,-3.5956,3.018,-2.0739,-1.569,2.94,480,0,164,244,0.3043,0.4112,SLOWDOWN,PolygonSlow,0.0316,0.5897,0.0316,0.0095,0.0095
213.649,304.1,-3.5956,3.0172,-2.0599,-1.569,2.94,480,0,162,245,0.3043,0.4136,SLOWDOWN,PolygonSlow,0.0316,0.5897,0.0316,0.0095,0.0095
213.753,304.2,-3.5955,3.0164,-2.0458,-1.569,2.94,480,0,163,244,0.3045,0.4162,SLOWDOWN,PolygonSlow,0.0316,0.5897,0.0316,0.0095,0.0095
213.853,304.3,-3.5953,3.0155,-2.0315,-1.569,2.94,480,0,164,245,0.3047,0.4189,SLOWDOWN,PolygonSlow,0.0316,0.5897,0.0316,0.0095,0.0095
213.959,304.4,-3.5951,3.0147,-2.0172,-1.569,2.94,480,0,164,243,0.3049,0.4218,SLOWDOWN,PolygonSlow,0.0316,0.5385,0.0316,0.0095,0.0095
214.058,304.5,-3.5949,3.0138,-2.0035,-1.569,2.94,480,0,163,245,0.3051,0.4247,SLOWDOWN,PolygonSlow,0.0158,1.0,0.0158,0.0047,0.0047
214.166,304.6,-3.5941,3.0134,-1.9838,-1.569,2.94,480,0,164,243,0.3058,0.4281,SLOWDOWN,PolygonSlow,0.0158,0.8974,0.0158,0.0047,0.0047
214.262,304.7,-3.5932,3.013,-1.9615,-1.569,2.94,480,0,163,244,0.3067,0.4324,SLOWDOWN,PolygonSlow,0.0158,0.8462,0.0158,0.0047,0.0047
214.365,304.8,-3.5922,3.0125,-1.9405,-1.569,2.94,480,0,164,245,0.3077,0.4336,SLOWDOWN,PolygonSlow,0.0158,0.7436,0.0158,0.0047,0.0047
214.464,304.9,-3.5912,3.0121,-1.9213,-1.569,2.94,480,0,165,244,0.3087,0.4336,SLOWDOWN,PolygonSlow,0.0158,0.7436,0.0158,0.0047,0.0047
214.564,305.0,-3.5902,3.0116,-1.9019,-1.569,2.94,480,0,166,244,0.3097,0.4336,SLOWDOWN,PolygonSlow,0.0158,0.7436,0.0158,0.0047,0.0047
214.663,305.1,-3.5891,3.0112,-1.8826,-1.569,2.94,480,0,166,243,0.3107,0.4337,SLOWDOWN,PolygonSlow,0.0158,0.6923,0.0158,0.0047,0.0047
214.763,305.2,-3.5881,3.0107,-1.8641,-1.569,2.94,480,0,167,242,0.3118,0.4337,SLOWDOWN,PolygonSlow,0.0158,0.6923,0.0158,0.0047,0.0047
214.864,305.3,-3.5869,3.0103,-1.8455,-1.569,2.94,480,0,168,240,0.3129,0.4337,SLOWDOWN,PolygonSlow,0.0158,0.6923,0.0158,0.0047,0.0047
214.965,305.4,-3.5858,3.0098,-1.8269,-1.569,2.94,480,0,171,239,0.3141,0.4338,SLOWDOWN,PolygonSlow,0.0158,0.641,0.0158,0.0047,0.0047
215.062,305.5,-3.5846,3.0094,-1.8093,-1.569,2.94,480,0,173,238,0.3152,0.4338,SLOWDOWN,PolygonSlow,0.0158,0.641,0.0158,0.0047,0.0047
215.163,305.6,-3.5834,3.0089,-1.7907,-1.569,2.94,480,0,171,238,0.3165,0.4339,SLOWDOWN,PolygonSlow,0.0158,1.0,0.0158,0.0047,0.0047
215.261,305.7,-3.5816,3.0084,-1.7653,-1.569,2.94,480,0,175,235,0.3183,0.4339,SLOWDOWN,PolygonSlow,0.0158,1.0,0.0158,0.0047,0.0047
215.363,305.8,-3.5794,3.008,-1.7369,-1.569,2.94,480,0,181,233,0.3205,0.4341,SLOWDOWN,PolygonSlow,0.0158,0.9487,0.0158,0.0047,0.0047
215.463,305.9,-3.5773,3.0075,-1.7093,-1.569,2.94,480,0,179,232,0.3225,0.4342,SLOWDOWN,PolygonSlow,0.0158,0.9487,0.0158,0.0047,0.0047
215.563,306.0,-3.575,3.007,-1.6813,-1.569,2.94,480,0,179,230,0.3248,0.4343,SLOWDOWN,PolygonSlow,0.0158,0.9487,0.0158,0.0047,0.0047
215.663,306.1,-3.5727,3.0066,-1.653,-1.569,2.94,480,0,179,228,0.3271,0.4344,SLOWDOWN,PolygonSlow,0.0158,0.8974,0.0158,0.0047,0.0047
215.763,306.2,-3.5703,3.0061,-1.6256,-1.569,2.94,480,0,178,227,0.3295,0.4345,SLOWDOWN,PolygonSlow,0.0158,0.8974,0.0158,0.0047,0.0047
215.861,306.3,-3.5679,3.0056,-1.5979,-1.569,2.94,480,0,178,226,0.3318,0.4345,SLOWDOWN,PolygonSlow,0.0158,0.8462,0.0158,0.0047,0.0047
215.962,306.4,-3.5655,3.0051,-1.5711,-1.569,2.94,480,0,178,225,0.3344,0.4345,SLOWDOWN,PolygonSlow,0.0158,0.8462,0.0158,0.0047,0.0047
216.061,306.5,-3.5631,3.0047,-1.5435,-1.569,2.94,480,0,177,223,0.3366,0.4344,SLOWDOWN,PolygonSlow,0.0158,1.0,0.0158,0.0047,0.0047
216.163,306.6,-3.5603,3.0042,-1.5123,-1.569,2.94,480,0,176,223,0.3396,0.4343,SLOWDOWN,PolygonSlow,0.0158,1.0,0.0158,0.0047,0.0047
216.263,306.7,-3.5576,3.0037,-1.4818,-1.569,2.94,480,0,177,222,0.3421,0.434,SLOWDOWN,PolygonSlow,0.0158,1.0,0.0158,0.0047,0.0047
216.367,306.8,-3.5551,3.0033,-1.4519,-1.569,2.94,480,0,172,225,0.3447,0.4335,SLOWDOWN,PolygonSlow,0.0158,1.0,0.0158,0.0047,0.0047
216.48,306.9,-3.5526,3.0028,-1.4227,-1.569,2.94,480,0,150,226,0.3472,0.433,SLOWDOWN,PolygonSlow,0.0158,0.9487,0.0158,0.0047,0.0047
216.568,307.0,-3.5503,3.0023,-1.3953,-1.569,2.94,480,0,129,228,0.3493,0.4324,SLOWDOWN,PolygonSlow,0.0158,0.9487,0.0158,0.0047,0.0047
216.681,307.1,-3.5477,3.0018,-1.3629,-1.569,2.94,480,0,120,230,0.3515,0.4317,SLOWDOWN,PolygonSlow,0.0158,0.8974,0.0158,0.0047,0.0047
216.767,307.2,-3.5461,3.0014,-1.3419,-1.569,2.94,480,0,113,233,0.3539,0.4228,SLOWDOWN,PolygonSlow,0.0158,0.8974,0.0158,0.0047,0.0047
216.886,307.3,-3.5442,3.0009,-1.3171,-1.569,2.94,480,0,108,233,0.3556,0.41,SLOWDOWN,PolygonSlow,0.0158,0.8974,0.0158,0.0047,0.0047
216.98,307.4,-3.5423,3.0005,-1.2927,-1.569,2.94,480,0,101,234,0.3573,0.3983,SLOWDOWN,PolygonSlow,0.0,0.0,0.0158,0.0047,0.0047
217.089,307.5,-3.5407,3.0002,-1.2701,-1.569,2.94,480,0,97,237,0.359,0.3881,SLOWDOWN,PolygonSlow,0.0,0.0,0.0,0.0,0.0
217.188,307.6,-3.5397,3.0002,-1.2543,-1.569,2.94,480,0,94,236,0.3602,0.381,SLOWDOWN,PolygonSlow,0.0,0.5385,0.0,0.0,0.0
217.294,307.7,-3.5388,3.0002,-1.2401,-1.569,2.94,480,0,93,232,0.361,0.375,SLOWDOWN,PolygonSlow,0.0,0.5385,0.0,0.0,0.0
217.393,307.8,-3.5379,3.0002,-1.226,-1.569,2.94,480,0,90,229,0.3618,0.3693,SLOWDOWN,PolygonSlow,0.0,0.5385,0.0,0.0,0.0
217.498,307.9,-3.5371,3.0002,-1.2121,-1.569,2.94,480,0,88,226,0.3625,0.3639,SLOWDOWN,PolygonSlow,0.0,0.4872,0.0,0.0,0.0
217.596,308.0,-3.5364,3.0002,-1.1996,-1.569,2.94,480,0,87,223,0.3632,0.3592,SLOWDOWN,PolygonSlow,0.0,0.4872,0.0,0.0,0.0
217.698,308.1,-3.5357,3.0002,-1.1871,-1.569,2.94,480,0,85,221,0.364,0.3547,SLOWDOWN,PolygonSlow,0.0,0.4872,0.0,0.0,0.0
217.799,308.2,-3.535,3.0002,-1.1748,-1.569,2.94,480,0,83,218,0.3648,0.3504,SLOWDOWN,PolygonSlow,0.0,0.4872,0.0,0.0,0.0
217.896,308.3,-3.5344,3.0002,-1.1625,-1.569,2.94,480,0,83,216,0.3653,0.3463,SLOWDOWN,PolygonSlow,0.0,0.4359,0.0,0.0,0.0
217.996,308.4,-3.5338,3.0002,-1.1515,-1.569,2.94,480,0,83,214,0.3658,0.3427,SLOWDOWN,PolygonSlow,0.0,0.4359,0.0,0.0,0.0
218.098,308.5,-3.5333,3.0002,-1.1407,-1.569,2.94,480,0,81,212,0.3663,0.3394,SLOWDOWN,PolygonSlow,0.0,0.4359,0.0,0.0,0.0
218.197,308.6,-3.5329,3.0002,-1.1318,-1.569,2.94,480,0,81,212,0.3667,0.3367,SLOWDOWN,PolygonSlow,0.0,-0.3846,0.0,0.0,0.0
218.296,308.7,-3.5328,3.0002,-1.1304,-1.569,2.94,480,0,81,210,0.3667,0.3363,SLOWDOWN,PolygonSlow,0.0,-0.3846,0.0,0.0,0.0
218.396,308.8,-3.5331,3.0002,-1.1368,-1.569,2.94,480,0,82,212,0.3665,0.3382,SLOWDOWN,PolygonSlow,0.0,-0.3846,0.0,0.0,0.0
218.497,308.9,-3.5335,3.0002,-1.1462,-1.569,2.94,480,0,82,213,0.3661,0.3411,SLOWDOWN,PolygonSlow,0.0,-0.3846,0.0,0.0,0.0
218.597,309.0,-3.534,3.0002,-1.1558,-1.569,2.94,480,0,82,213,0.3657,0.3441,SLOWDOWN,PolygonSlow,0.0,-0.3846,0.0,0.0,0.0
218.696,309.1,-3.5345,3.0002,-1.1654,-1.569,2.94,480,0,82,215,0.3653,0.3473,SLOWDOWN,PolygonSlow,0.0,-0.3846,0.0,0.0,0.0
218.796,309.2,-3.535,3.0002,-1.1751,-1.569,2.94,480,0,83,218,0.3648,0.3505,SLOWDOWN,PolygonSlow,0.0,-0.3846,0.0,0.0,0.0
218.896,309.3,-3.5355,3.0002,-1.1849,-1.569,2.94,480,0,84,221,0.3642,0.3539,SLOWDOWN,PolygonSlow,0.0,-0.3333,0.0,0.0,0.0
218.996,309.4,-3.536,3.0002,-1.1935,-1.569,2.94,480,0,86,222,0.3636,0.357,SLOWDOWN,PolygonSlow,0.0,-0.3333,0.0,0.0,0.0
219.097,309.5,-3.5365,3.0002,-1.202,-1.569,2.94,480,0,87,223,0.3631,0.3601,SLOWDOWN,PolygonSlow,0.0,-0.3333,0.0,0.0,0.0
219.196,309.6,-3.537,3.0002,-1.2106,-1.569,2.94,480,0,88,224,0.3626,0.3633,SLOWDOWN,PolygonSlow,0.0,-0.3333,0.0,0.0,0.0
219.299,309.7,-3.5375,3.0002,-1.2192,-1.569,2.94,480,0,88,226,0.3622,0.3666,SLOWDOWN,PolygonSlow,0.0,-0.3333,0.0,0.0,0.0
219.398,309.8,-3.538,3.0002,-1.2278,-1.569,2.94,480,0,90,230,0.3617,0.37,SLOWDOWN,PolygonSlow,0.0,-0.3333,0.0,0.0,0.0
219.502,309.9,-3.5385,3.0002,-1.2365,-1.569,2.94,480,0,92,232,0.3613,0.3735,SLOWDOWN,PolygonSlow,0.0,-0.3333,0.0,0.0,0.0
219.602,310.0,-3.539,3.0002,-1.2445,-1.569,2.94,480,0,93,233,0.3609,0.3768,SLOWDOWN,PolygonSlow,0.0,-0.2821,0.0,0.0,0.0
219.707,310.1,-3.5395,3.0002,-1.2519,-1.569,2.94,480,0,94,236,0.3604,0.38,SLOWDOWN,PolygonSlow,0.0,-0.2821,0.0,0.0,0.0
219.822,310.2,-3.5401,3.0002,-1.2609,-1.569,2.94,480,0,95,236,0.3599,0.3832,SLOWDOWN,PolygonSlow,0.0,-0.2821,0.0,0.0,0.0
219.91,310.3,-3.5405,3.0002,-1.2669,-1.569,2.94,480,0,97,237,0.3593,0.3866,SLOWDOWN,PolygonSlow,0.0,-0.2821,0.0,0.0,0.0
220.024,310.4,-3.5411,3.0002,-1.2759,-1.569,2.94,480,0,97,236,0.3587,0.39,SLOWDOWN,PolygonSlow,0.0,-0.2821,0.0,0.0,0.0
220.108,310.5,-3.5415,3.0002,-1.282,-1.569,2.94,480,0,99,235,0.3582,0.3935,SLOWDOWN,PolygonSlow,0.0,-0.2821,0.0,0.0,0.0
220.219,310.6,-3.542,3.0002,-1.2895,-1.569,2.94,480,0,101,234,0.3577,0.3972,SLOWDOWN,PolygonSlow,0.0,-0.2821,0.0,0.0,0.0
220.318,310.7,-3.5425,3.0002,-1.2972,-1.569,2.94,480,0,102,235,0.3571,0.4009,SLOWDOWN,PolygonSlow,0.0,-0.2308,0.0,0.0,0.0
220.425,310.8,-3.543,3.0002,-1.3047,-1.569,2.94,480,0,105,233,0.3567,0.4047,SLOWDOWN,PolygonSlow,0.0,-0.2308,0.0,0.0,0.0
220.524,310.9,-3.5435,3.0002,-1.311,-1.569,2.94,480,0,105,233,0.3563,0.4079,SLOWDOWN,PolygonSlow,0.0,-0.2308,0.0,0.0,0.0
220.629,311.0,-3.5439,3.0002,-1.3173,-1.569,2.94,480,0,107,233,0.3559,0.4112,SLOWDOWN,PolygonSlow,0.0,-0.2308,0.0,0.0,0.0
220.726,311.1,-3.5444,3.0002,-1.3237,-1.569,2.94,480,0,108,232,0.3555,0.4145,SLOWDOWN,PolygonSlow,0.0,-0.2308,0.0,0.0,0.0
220.832,311.2,-3.5448,3.0002,-1.33,-1.569,2.94,480,0,110,232,0.3551,0.418,SLOWDOWN,PolygonSlow,0.0,-0.2308,0.0,0.0,0.0
220.932,311.3,-3.5453,3.0002,-1.3364,-1.569,2.94,480,0,111,232,0.3547,0.4215,SLOWDOWN,PolygonSlow,0.0,-0.2308,0.0,0.0,0.0
221.036,311.4,-3.5458,3.0002,-1.3428,-1.569,2.94,480,0,113,232,0.3542,0.4251,SLOWDOWN,PolygonSlow,0.0,-0.2308,0.0,0.0,0.0
221.137,311.5,-3.5462,3.0002,-1.3493,-1.569,2.94,480,0,115,230,0.3536,0.4288,SLOWDOWN,PolygonSlow,0.0,-0.2308,0.0,0.0,0.0
221.238,311.6,-3.5467,3.0002,-1.3557,-1.569,2.94,480,0,116,229,0.3531,0.4318,SLOWDOWN,PolygonSlow,0.0,-0.2308,0.0,0.0,0.0
221.334,311.7,-3.5472,3.0002,-1.3622,-1.569,2.94,480,0,118,230,0.3525,0.432,SLOWDOWN,PolygonSlow,0.0,-0.2308,0.0,0.0,0.0
221.435,311.8,-3.5477,3.0002,-1.3687,-1.569,2.94,480,0,120,230,0.352,0.4322,SLOWDOWN,PolygonSlow,0.0,-0.1795,0.0,0.0,0.0
221.534,311.9,-3.5481,3.0002,-1.3739,-1.569,2.94,480,0,122,229,0.3515,0.4324,SLOWDOWN,PolygonSlow,0.0,-0.1795,0.0,0.0,0.0
221.639,312.0,-3.5485,3.0002,-1.379,-1.569,2.94,480,0,124,228,0.3511,0.4325,SLOWDOWN,PolygonSlow,0.0,-0.1795,0.0,0.0,0.0
221.734,312.1,-3.5489,3.0002,-1.3842,-1.569,2.94,480,0,127,228,0.3507,0.4327,SLOWDOWN,PolygonSlow,0.0,-0.1795,0.0,0.0,0.0
221.835,312.2,-3.5493,3.0002,-1.3893,-1.569,2.94,480,0,128,228,0.3503,0.4328,SLOWDOWN,PolygonSlow,0.0,-0.1795,0.0,0.0,0.0
221.934,312.3,-3.5497,3.0002,-1.3944,-1.569,2.94,480,0,132,227,0.3499,0.433,SLOWDOWN,PolygonSlow,0.0,-0.1795,0.0,0.0,0.0
222.035,312.4,-3.5501,3.0002,-1.3996,-1.569,2.94,480,0,134,227,0.3495,0.4331,SLOWDOWN,PolygonSlow,0.0,-0.1795,0.0,0.0,0.0
222.138,312.5,-3.5505,3.0002,-1.4048,-1.569,2.94,480,0,139,227,0.3491,0.4332,SLOWDOWN,PolygonSlow,0.0,-0.1795,0.0,0.0,0.0
222.234,312.6,-3.5509,3.0002,-1.4099,-1.569,2.94,480,0,141,226,0.3488,0.4334,SLOWDOWN,PolygonSlow,0.0,-0.1795,0.0,0.0,0.0
222.335,312.7,-3.5514,3.0002,-1.4152,-1.569,2.94,480,0,147,226,0.3484,0.4335,SLOWDOWN,PolygonSlow,0.0,-0.1795,0.0,0.0,0.0
222.435,312.8,-3.5518,3.0002,-1.4204,-1.569,2.94,480,0,150,226,0.348,0.4336,SLOWDOWN,PolygonSlow,0.0,-0.1795,0.0,0.0,0.0
222.535,312.9,-3.5522,3.0002,-1.4256,-1.569,2.94,480,0,154,226,0.3477,0.4337,SLOWDOWN,PolygonSlow,0.0,-0.1795,0.0,0.0,0.0
222.636,313.0,-3.5526,3.0002,-1.4309,-1.569,2.94,480,0,159,224,0.3473,0.4338,SLOWDOWN,PolygonSlow,0.0,-0.1795,0.0,0.0,0.0
222.734,313.1,-3.5531,3.0002,-1.4361,-1.569,2.94,480,0,163,225,0.3468,0.4339,SLOWDOWN,PolygonSlow,0.0,-0.1795,0.0,0.0,0.0
222.834,313.2,-3.5535,3.0002,-1.4414,-1.569,2.94,480,0,169,224,0.3463,0.4341,SLOWDOWN,PolygonSlow,0.0,-0.1282,0.0,0.0,0.0
222.935,313.3,-3.5538,3.0002,-1.4454,-1.569,2.94,480,0,173,224,0.3459,0.4341,SLOWDOWN,PolygonSlow,0.0,-0.1282,0.0,0.0,0.0
223.038,313.4,-3.5541,3.0002,-1.4492,-1.569,2.94,480,0,175,224,0.3456,0.4342,SLOWDOWN,PolygonSlow,0.0,-0.1282,0.0,0.0,0.0
223.152,313.5,-3.5545,3.0002,-1.453,-1.569,2.94,480,0,177,224,0.3453,0.4343,SLOWDOWN,PolygonSlow,0.0,-0.1282,0.0,0.0,0.0
223.24,313.6,-3.5548,3.0002,-1.4568,-1.569,2.94,480,0,177,223,0.3449,0.4343,SLOWDOWN,PolygonSlow,0.0,-0.1282,0.0,0.0,0.0
223.351,313.7,-3.5551,3.0002,-1.4606,-1.569,2.94,480,0,176,223,0.3446,0.4344,SLOWDOWN,PolygonSlow,0.0,-0.1282,0.0,0.0,0.0
223.439,313.8,-3.5554,3.0002,-1.4644,-1.569,2.94,480,0,176,224,0.3443,0.4345,SLOWDOWN,PolygonSlow,0.0,-0.1282,0.0,0.0,0.0
223.552,313.9,-3.5557,3.0002,-1.4683,-1.569,2.94,480,0,178,223,0.344,0.4345,SLOWDOWN,PolygonSlow,0.0,-0.1282,0.0,0.0,0.0
223.65,314.0,-3.5561,3.0002,-1.4721,-1.569,2.94,480,0,177,222,0.3436,0.4346,SLOWDOWN,PolygonSlow,0.0,-0.1282,0.0,0.0,0.0
223.761,314.1,-3.5564,3.0002,-1.476,-1.569,2.94,480,0,177,222,0.3433,0.4346,SLOWDOWN,PolygonSlow,0.0,-0.1282,0.0,0.0,0.0
223.86,314.2,-3.5567,3.0002,-1.4798,-1.569,2.94,480,0,176,222,0.343,0.4347,SLOWDOWN,PolygonSlow,0.0,-0.1282,0.0,0.0,0.0
223.965,314.3,-3.5571,3.0002,-1.4837,-1.569,2.94,480,0,177,222,0.3427,0.4347,SLOWDOWN,PolygonSlow,0.0,-0.1282,0.0,0.0,0.0
224.067,314.4,-3.5574,3.0002,-1.4876,-1.569,2.94,480,0,178,221,0.3424,0.4348,SLOWDOWN,PolygonSlow,0.0,-0.1282,0.0,0.0,0.0
224.166,314.5,-3.5577,3.0002,-1.4915,-1.569,2.94,480,0,178,223,0.3421,0.4348,SLOWDOWN,PolygonSlow,0.0,-0.1282,0.0,0.0,0.0
224.266,314.6,-3.5581,3.0002,-1.4954,-1.569,2.94,480,0,177,223,0.3418,0.4349,SLOWDOWN,PolygonSlow,0.0,-0.1282,0.0,0.0,0.0
224.368,314.7,-3.5584,3.0002,-1.4993,-1.569,2.94,480,0,177,222,0.3415,0.4349,SLOWDOWN,PolygonSlow,0.0,-0.1282,0.0,0.0,0.0
224.467,314.8,-3.5587,3.0002,-1.5032,-1.569,2.94,480,0,177,222,0.3412,0.435,SLOWDOWN,PolygonSlow,0.0,-0.1282,0.0,0.0,0.0
224.568,314.9,-3.5591,3.0002,-1.5072,-1.569,2.94,480,0,177,223,0.3409,0.435,SLOWDOWN,PolygonSlow,0.0,-0.1282,0.0,0.0,0.0
224.667,315.0,-3.5594,3.0002,-1.5111,-1.569,2.94,480,0,177,223,0.3405,0.435,SLOWDOWN,PolygonSlow,0.0,-0.1282,0.0,0.0,0.0
224.768,315.1,-3.5597,3.0002,-1.5148,-1.569,2.94,480,0,177,224,0.3401,0.4351,SLOWDOWN,PolygonSlow,0.0,-0.0769,0.0,0.0,0.0
224.867,315.2,-3.56,3.0002,-1.5171,-1.569,2.94,480,0,177,224,0.3399,0.4351,SLOWDOWN,PolygonSlow,0.0,-0.0769,0.0,0.0,0.0
224.968,315.3,-3.5602,3.0002,-1.5195,-1.569,2.94,480,0,177,225,0.3397,0.4351,SLOWDOWN,PolygonSlow,0.0,-0.0769,0.0,0.0,0.0
225.067,315.4,-3.5604,3.0002,-1.5219,-1.569,2.94,480,0,177,224,0.3394,0.4351,SLOWDOWN,PolygonSlow,0.0,-0.0769,0.0,0.0,0.0
225.168,315.5,-3.5606,3.0002,-1.5243,-1.569,2.94,480,0,177,224,0.3392,0.4351,SLOWDOWN,PolygonSlow,0.0,-0.0769,0.0,0.0,0.0
225.268,315.6,-3.5608,3.0002,-1.5267,-1.569,2.94,480,0,177,224,0.339,0.4351,SLOWDOWN,PolygonSlow,0.0,-0.0769,0.0,0.0,0.0
225.367,315.7,-3.561,3.0002,-1.5291,-1.569,2.94,480,0,177,224,0.3387,0.4352,SLOWDOWN,PolygonSlow,0.0,-0.0769,0.0,0.0,0.0
225.468,315.8,-3.5612,3.0002,-1.5314,-1.569,2.94,480,0,177,224,0.3385,0.4352,SLOWDOWN,PolygonSlow,0.0,-0.0769,0.0,0.0,0.0
225.57,315.9,-3.5614,3.0002,-1.5338,-1.569,2.94,480,0,179,224,0.3383,0.4352,SLOWDOWN,PolygonSlow,0.0,-0.0769,0.0,0.0,0.0
225.668,316.0,-3.5616,3.0002,-1.5363,-1.569,2.94,480,0,178,224,0.3381,0.4352,SLOWDOWN,PolygonSlow,0.0,-0.0769,0.0,0.0,0.0
225.768,316.1,-3.5618,3.0002,-1.5387,-1.569,2.94,480,0,178,224,0.3379,0.4352,SLOWDOWN,PolygonSlow,0.0,-0.0769,0.0,0.0,0.0
225.868,316.2,-3.5621,3.0002,-1.5411,-1.569,2.94,480,0,178,224,0.3377,0.4352,SLOWDOWN,PolygonSlow,0.0,-0.0769,0.0,0.0,0.0
225.968,316.3,-3.5623,3.0002,-1.5435,-1.569,2.94,480,0,177,224,0.3374,0.4352,SLOWDOWN,PolygonSlow,0.0,-0.0769,0.0,0.0,0.0
226.068,316.4,-3.5625,3.0002,-1.5459,-1.569,2.94,480,0,177,224,0.3372,0.4352,SLOWDOWN,PolygonSlow,0.0,-0.0769,0.0,0.0,0.0
226.171,316.5,-3.5627,3.0002,-1.5483,-1.569,2.94,480,0,177,224,0.337,0.4353,SLOWDOWN,PolygonSlow,0.0,-0.0769,0.0,0.0,0.0
226.269,316.6,-3.5629,3.0002,-1.5507,-1.569,2.94,480,0,178,225,0.3368,0.4353,SLOWDOWN,PolygonSlow,0.0,-0.0769,0.0,0.0,0.0
226.373,316.7,-3.5631,3.0002,-1.5532,-1.569,2.94,480,0,178,226,0.3366,0.4353,SLOWDOWN,PolygonSlow,0.0,-0.0769,0.0,0.0,0.0
226.487,316.8,-3.5634,3.0002,-1.5556,-1.569,2.94,480,0,178,226,0.3364,0.4353,SLOWDOWN,PolygonSlow,0.0,-0.0769,0.0,0.0,0.0
226.573,316.9,-3.5636,3.0002,-1.558,-1.569,2.94,480,0,178,226,0.3362,0.4353,SLOWDOWN,PolygonSlow,0.0,-0.0769,0.0,0.0,0.0
226.687,317.0,-3.5638,3.0002,-1.561,-1.569,2.94,480,0,178,225,0.336,0.4353,SLOWDOWN,PolygonSlow,0.0,-0.0769,0.0,0.0,0.0
226.773,317.1,-3.564,3.0002,-1.5629,-1.569,2.94,480,0,178,226,0.3358,0.4353,SLOWDOWN,PolygonSlow,0.0,-0.0769,0.0,0.0,0.0
226.882,317.2,-3.5642,3.0002,-1.5654,-1.569,2.94,480,0,179,226,0.3356,0.4353,SLOWDOWN,PolygonSlow,0.0,-0.0769,0.0,0.0,0.0
226.981,317.3,-3.5644,3.0002,-1.5678,-1.569,2.94,480,0,178,226,0.3354,0.4353,SLOWDOWN,PolygonSlow,0.0,-0.0769,0.0,0.0,0.0
227.088,317.4,-3.5647,3.0002,-1.5703,-1.569,2.94,480,0,178,226,0.3352,0.4353,SLOWDOWN,PolygonSlow,0.0,-0.0769,0.0,0.0,0.0
227.188,317.5,-3.5649,3.0002,-1.5727,-1.569,2.94,480,0,178,226,0.335,0.4353,SLOWDOWN,PolygonSlow,0.0,-0.0769,0.0,0.0,0.0
227.294,317.6,-3.565,3.0002,-1.5742,-1.569,2.94,480,0,178,226,0.3349,0.4353,DO_NOTHING,,0.0,0.0,0.0,0.0,0.0
227.394,317.7,-3.565,3.0002,-1.5742,-1.569,2.94,480,0,178,226,0.3349,0.4353,DO_NOTHING,,0.0,0.0,0.0,0.0,0.0
227.502,317.8,-3.565,3.0002,-1.5742,-1.569,2.94,480,0,178,226,0.3349,0.4353,DO_NOTHING,,0.0,0.0,0.0,0.0,0.0
227.6,317.9,-3.565,3.0002,-1.5742,-1.569,2.94,480,0,178,226,0.3349,0.4353,DO_NOTHING,,0.0,0.0,0.0,0.0,0.0
227.706,318.0,-3.565,3.0002,-1.5742,-1.569,2.94,480,0,178,226,0.3349,0.4353,DO_NOTHING,,0.0,0.0,0.0,0.0,0.0
227.808,318.1,-3.565,3.0002,-1.5742,-1.569,2.94,480,0,178,226,0.3349,0.4353,DO_NOTHING,,0.0,0.0,0.0,0.0,0.0
227.907,318.2,-3.565,3.0002,-1.5742,-1.569,2.94,480,0,178,226,0.3349,0.4353,DO_NOTHING,,0.0,0.0,0.0,0.0,0.0
228.007,318.3,-3.565,3.0002,-1.5742,-1.569,2.94,480,0,178,226,0.3349,0.4353,DO_NOTHING,,0.0,0.0,0.0,0.0,0.0
228.109,318.4,-3.565,3.0002,-1.5742,-1.569,2.94,480,0,178,226,0.3349,0.4353,DO_NOTHING,,0.0,0.0,0.0,0.0,0.0
228.205,318.5,-3.565,3.0002,-1.5742,-1.569,2.94,480,0,178,226,0.3349,0.4353,DO_NOTHING,,0.0,0.0,0.0,0.0,0.0
228.307,318.6,-3.565,3.0002,-1.5742,-1.569,2.94,480,0,178,226,0.3349,0.4353,DO_NOTHING,,0.0,0.0,0.0,0.0,0.0
228.405,318.7,-3.565,3.0002,-1.5742,-1.569,2.94,480,0,178,226,0.3349,0.4353,DO_NOTHING,,0.0,0.0,0.0,0.0,0.0
228.505,318.8,-3.565,3.0002,-1.5742,-1.569,2.94,480,0,178,226,0.3349,0.4353,DO_NOTHING,,0.0,0.0,0.0,0.0,0.0
228.607,318.9,-3.565,3.0002,-1.5742,-1.569,2.94,480,0,178,226,0.3349,0.4353,DO_NOTHING,,0.0,0.0,0.0,0.0,0.0
228.707,319.0,-3.565,3.0002,-1.5742,-1.569,2.94,480,0,178,226,0.3349,0.4353,DO_NOTHING,,0.0,0.0,0.0,0.0,0.0
228.807,319.1,-3.565,3.0002,-1.5742,-1.569,2.94,480,0,178,226,0.3349,0.4353,DO_NOTHING,,0.0,0.0,0.0,0.0,0.0
228.907,319.2,-3.565,3.0002,-1.5742,-1.569,2.94,480,0,178,226,0.3349,0.4353,DO_NOTHING,,0.0,0.0,0.0,0.0,0.0
229.006,319.3,-3.565,3.0002,-1.5742,-1.569,2.94,480,0,178,226,0.3349,0.4353,DO_NOTHING,,0.0,0.0,0.0,0.0,0.0
229.106,319.4,-3.565,3.0002,-1.5742,-1.569,2.94,480,0,178,226,0.3349,0.4353,DO_NOTHING,,0.0,0.0,0.0,0.0,0.0
229.205,319.5,-3.565,3.0002,-1.5742,-1.569,2.94,480,0,178,226,0.3349,0.4353,DO_NOTHING,,0.0,0.0,0.0,0.0,0.0
229.306,319.6,-3.565,3.0002,-1.5742,-1.569,2.94,480,0,178,226,0.3349,0.4353,DO_NOTHING,,0.0,0.0,0.0,0.0,0.0
229.405,319.7,-3.565,3.0002,-1.5742,-1.569,2.94,480,0,178,226,0.3349,0.4353,DO_NOTHING,,0.0,0.0,0.0,0.0,0.0
229.508,319.8,-3.565,3.0002,-1.5742,-1.569,2.94,480,0,178,226,0.3349,0.4353,DO_NOTHING,,0.0,0.0,0.0,0.0,0.0
229.609,319.9,-3.565,3.0002,-1.5742,-1.569,2.94,480,0,178,226,0.3349,0.4353,DO_NOTHING,,0.0,0.0,0.0,0.0,0.0
229.72,320.0,-3.565,3.0002,-1.5742,-1.569,2.94,480,0,178,226,0.3349,0.4353,DO_NOTHING,,0.0,0.0,0.0,0.0,0.0
229.832,320.1,-3.565,3.0002,-1.5742,-1.569,2.94,480,0,178,226,0.3349,0.4353,DO_NOTHING,,0.0,0.0,0.0,0.0,0.0
229.916,320.2,-3.565,3.0002,-1.5742,-1.569,2.94,480,0,178,226,0.3349,0.4353,DO_NOTHING,,0.0,0.0,0.0,0.0,0.0
230.031,320.3,-3.565,3.0002,-1.5742,-1.569,2.94,480,0,178,226,0.3349,0.4353,DO_NOTHING,,0.0,0.0,0.0,0.0,0.0
230.116,320.4,-3.565,3.0002,-1.5742,-1.569,2.94,480,0,178,226,0.3349,0.4353,DO_NOTHING,,0.0,0.0,0.0,0.0,0.0
230.23,320.5,-3.565,3.0002,-1.5742,-1.569,2.94,480,0,178,226,0.3349,0.4353,DO_NOTHING,,0.0,0.0,0.0,0.0,0.0
230.329,320.6,-3.565,3.0002,-1.5742,-1.569,2.94,480,0,178,226,0.3349,0.4353,DO_NOTHING,,0.0,0.0,0.0,0.0,0.0
230.437,320.7,-3.565,3.0002,-1.5742,-1.569,2.94,480,0,178,226,0.3349,0.4353,DO_NOTHING,,0.0,0.0,0.0,0.0,0.0
230.538,320.8,-3.565,3.0002,-1.5742,-1.569,2.94,480,0,178,226,0.3349,0.4353,DO_NOTHING,,0.0,0.0,0.0,0.0,0.0
230.645,320.9,-3.565,3.0002,-1.5742,-1.569,2.94,480,0,178,226,0.3349,0.4353,DO_NOTHING,,0.0,0.0,0.0,0.0,0.0
230.745,321.0,-3.565,3.0002,-1.5742,-1.569,2.94,480,0,178,226,0.3349,0.4353,DO_NOTHING,,0.0,0.0,0.0,0.0,0.0
230.851,321.1,-3.565,3.0002,-1.5742,-1.569,2.94,480,0,178,226,0.3349,0.4353,DO_NOTHING,,0.0,0.0,0.0,0.0,0.0
230.951,321.2,-3.565,3.0002,-1.5742,-1.569,2.94,480,0,178,226,0.3349,0.4353,DO_NOTHING,,0.0,0.0,0.0,0.0,0.0
231.052,321.3,-3.565,3.0002,-1.5742,-1.569,2.94,480,0,178,226,0.3349,0.4353,DO_NOTHING,,0.0,0.0,0.0,0.0,0.0
231.153,321.4,-3.565,3.0002,-1.5742,-1.569,2.94,480,0,178,226,0.3349,0.4353,DO_NOTHING,,0.0,0.0,0.0,0.0,0.0
231.252,321.5,-3.565,3.0002,-1.5742,-1.569,2.94,480,0,178,226,0.3349,0.4353,DO_NOTHING,,0.0,0.0,0.0,0.0,0.0
231.355,321.6,-3.565,3.0002,-1.5742,-1.569,2.94,480,0,178,226,0.3349,0.4353,DO_NOTHING,,0.0,0.0,0.0,0.0,0.0
231.454,321.7,-3.565,3.0002,-1.5742,-1.569,2.94,480,0,178,226,0.3349,0.4353,DO_NOTHING,,0.0,0.0,0.0,0.0,0.0
231.554,321.8,-3.565,3.0002,-1.5742,-1.569,2.94,480,0,178,226,0.3349,0.4353,DO_NOTHING,,0.0,0.0,0.0,0.0,0.0
231.652,321.9,-3.565,3.0002,-1.5742,-1.569,2.94,480,0,178,226,0.3349,0.4353,DO_NOTHING,,0.0,0.0,0.0,0.0,0.0
231.756,322.0,-3.565,3.0002,-1.5742,-1.569,2.94,480,0,178,226,0.3349,0.4353,DO_NOTHING,,0.0,0.0,0.0,0.0,0.0
231.855,322.1,-3.565,3.0002,-1.5742,-1.569,2.94,480,0,178,226,0.3349,0.4353,DO_NOTHING,,0.0,0.0,0.0,0.0,0.0
231.955,322.2,-3.565,3.0002,-1.5742,-1.569,2.94,480,0,178,226,0.3349,0.4353,DO_NOTHING,,0.0,0.0,0.0,0.0,0.0
232.05,322.3,-3.565,3.0002,-1.5742,-1.569,2.94,480,0,178,226,0.3349,0.4353,DO_NOTHING,,0.0,0.0,0.0,0.0,0.0
232.154,322.4,-3.565,3.0002,-1.5742,-1.569,2.94,480,0,178,226,0.3349,0.4353,DO_NOTHING,,0.0,0.0,0.0,0.0,0.0
232.252,322.5,-3.565,3.0002,-1.5742,-1.569,2.94,480,0,178,226,0.3349,0.4353,DO_NOTHING,,0.0,0.0,0.0,0.0,0.0
232.354,322.6,-3.565,3.0002,-1.5742,-1.569,2.94,480,0,178,226,0.3349,0.4353,DO_NOTHING,,0.0,0.0,0.0,0.0,0.0
232.45,322.7,-3.565,3.0002,-1.5742,-1.569,2.94,480,0,178,226,0.3349,0.4353,SLOWDOWN,PolygonSlow,0.0158,-0.4359,0.0158,0.0047,0.0047
232.55,322.8,-3.5656,2.9998,-1.5816,-1.569,2.94,480,0,179,226,0.3343,0.4354,SLOWDOWN,PolygonSlow,0.0158,-0.4359,0.0158,0.0047,0.0047
232.65,322.9,-3.5668,2.9993,-1.5953,-1.569,2.94,480,0,179,228,0.333,0.4354,SLOWDOWN,PolygonSlow,0.0158,-0.4359,0.0158,0.0047,0.0047
232.75,323.0,-3.568,2.9988,-1.609,-1.569,2.94,480,0,178,228,0.3317,0.4353,SLOWDOWN,PolygonSlow,0.0158,-0.3846,0.0158,0.0047,0.0047
232.851,323.1,-3.5691,2.9984,-1.6209,-1.569,2.94,480,0,179,228,0.3306,0.4353,SLOWDOWN,PolygonSlow,0.0316,-0.1795,0.0316,0.0095,0.0095
232.951,323.2,-3.5697,2.9974,-1.6271,-1.569,2.94,480,0,180,228,0.3301,0.4352,SLOWDOWN,PolygonSlow,0.0158,-0.4359,0.0158,0.0047,0.0047
233.057,323.3,-3.5707,2.9969,-1.6391,-1.569,2.94,480,0,179,229,0.3292,0.4352,SLOWDOWN,PolygonSlow,0.0158,-0.4359,0.0158,0.0047,0.0047
233.168,323.4,-3.5721,2.9964,-1.6551,-1.569,2.94,480,0,180,229,0.3279,0.4351,SLOWDOWN,PolygonSlow,0.0158,-0.4359,0.0158,0.0047,0.0047
233.257,323.5,-3.573,2.996,-1.6656,-1.569,2.94,480,0,180,232,0.3267,0.435,SLOWDOWN,PolygonSlow,0.0158,-0.4359,0.0158,0.0047,0.0047
233.367,323.6,-3.5742,2.9955,-1.6787,-1.569,2.94,480,0,181,232,0.3256,0.4349,SLOWDOWN,PolygonSlow,0.0158,-0.4359,0.0158,0.0047,0.0047
233.458,323.7,-3.5753,2.995,-1.6917,-1.569,2.94,480,0,181,233,0.3245,0.4348,SLOWDOWN,PolygonSlow,0.0158,-0.4359,0.0158,0.0047,0.0047
233.566,323.8,-3.5765,2.9946,-1.7045,-1.569,2.94,480,0,182,233,0.3234,0.4346,SLOWDOWN,PolygonSlow,0.0158,-0.4359,0.0158,0.0047,0.0047
233.664,323.9,-3.5776,2.9941,-1.7173,-1.569,2.94,480,0,182,234,0.3222,0.4345,SLOWDOWN,PolygonSlow,0.0158,-0.4359,0.0158,0.0047,0.0047
233.773,324.0,-3.5787,2.9936,-1.73,-1.569,2.94,480,0,181,236,0.3212,0.4343,SLOWDOWN,PolygonSlow,0.0158,-0.4359,0.0158,0.0047,0.0047
233.874,324.1,-3.5798,2.9932,-1.7426,-1.569,2.94,480,0,181,237,0.3201,0.4342,SLOWDOWN,PolygonSlow,0.0158,-0.4359,0.0158,0.0047,0.0047
233.977,324.2,-3.5808,2.9927,-1.7551,-1.569,2.94,480,0,179,237,0.319,0.434,SLOWDOWN,PolygonSlow,0.0158,-0.4359,0.0158,0.0047,0.0047
234.076,324.3,-3.5819,2.9922,-1.7675,-1.569,2.94,480,0,176,238,0.318,0.4338,SLOWDOWN,PolygonSlow,0.0158,-0.4359,0.0158,0.0047,0.0047
234.181,324.4,-3.5829,2.9918,-1.7798,-1.569,2.94,480,0,174,239,0.317,0.4336,SLOWDOWN,PolygonSlow,0.0158,-0.3846,0.0158,0.0047,0.0047
234.28,324.5,-3.5839,2.9913,-1.7915,-1.569,2.94,480,0,172,241,0.3159,0.4334,SLOWDOWN,PolygonSlow,0.0158,-0.3846,0.0158,0.0047,0.0047
234.381,324.6,-3.5848,2.9908,-1.8022,-1.569,2.94,480,0,172,241,0.315,0.4332,SLOWDOWN,PolygonSlow,0.0158,-0.3846,0.0158,0.0047,0.0047
234.48,324.7,-3.5857,2.9904,-1.8129,-1.569,2.94,480,0,171,241,0.3141,0.433,SLOWDOWN,PolygonSlow,0.0158,-0.3846,0.0158,0.0047,0.0047
234.581,324.8,-3.5866,2.9899,-1.8234,-1.569,2.94,480,0,170,243,0.3133,0.4328,SLOWDOWN,PolygonSlow,0.0158,-0.3846,0.0158,0.0047,0.0047
234.68,324.9,-3.5874,2.9895,-1.834,-1.569,2.94,480,0,167,244,0.3124,0.4325,SLOWDOWN,PolygonSlow,0.0158,-0.3846,0.0158,0.0047,0.0047
234.779,325.0,-3.5883,2.989,-1.8444,-1.569,2.94,480,0,167,243,0.3116,0.4323,SLOWDOWN,PolygonSlow,0.0158,-0.3846,0.0158,0.0047,0.0047
234.882,325.1,-3.5891,2.9885,-1.8548,-1.569,2.94,480,0,165,245,0.3107,0.4321,SLOWDOWN,PolygonSlow,0.0158,-0.3846,0.0158,0.0047,0.0047
234.977,325.2,-3.5899,2.9881,-1.8652,-1.569,2.94,480,0,165,246,0.3099,0.4319,SLOWDOWN,PolygonSlow,0.0158,-0.3846,0.0158,0.0047,0.0047
235.078,325.3,-3.5908,2.9876,-1.8754,-1.569,2.94,480,0,164,247,0.3091,0.4316,SLOWDOWN,PolygonSlow,0.0158,-0.3333,0.0158,0.0047,0.0047
235.177,325.4,-3.5915,2.9872,-1.8851,-1.569,2.94,480,0,164,248,0.3083,0.4314,SLOWDOWN,PolygonSlow,0.0158,-0.3333,0.0158,0.0047,0.0047
235.277,325.5,-3.5922,2.9867,-1.8939,-1.569,2.94,480,0,163,250,0.3076,0.4312,SLOWDOWN,PolygonSlow,0.0158,-0.3333,0.0158,0.0047,0.0047
235.378,325.6,-3.5929,2.9863,-1.9027,-1.569,2.94,480,0,162,249,0.307,0.4309,SLOWDOWN,PolygonSlow,0.0158,-0.3333,0.0158,0.0047,0.0047
235.479,325.7,-3.5936,2.9858,-1.9114,-1.569,2.94,480,0,162,250,0.3063,0.4307,SLOWDOWN,PolygonSlow,0.0158,-0.3333,0.0158,0.0047,0.0047
235.578,325.8,-3.5943,2.9854,-1.92,-1.569,2.94,480,0,162,249,0.3056,0.4304,SLOWDOWN,PolygonSlow,0.0158,-0.3333,0.0158,0.0047,0.0047
235.68,325.9,-3.595,2.985,-1.9287,-1.569,2.94,480,0,161,249,0.3049,0.4302,SLOWDOWN,PolygonSlow,0.0158,-0.1795,0.0158,0.0047,0.0047
235.781,326.0,-3.5956,2.9845,-1.9357,-1.569,2.94,480,0,161,250,0.3043,0.43,SLOWDOWN,PolygonSlow,0.0158,0.0,0.0158,0.0047,0.0047
235.88,326.1,-3.5959,2.9841,-1.9388,-1.569,2.94,480,0,161,250,0.3039,0.4298,SLOWDOWN,PolygonSlow,0.0158,0.5385,0.0158,0.0047,0.0047
235.981,326.2,-3.596,2.9836,-1.9373,-1.569,2.94,480,0,161,250,0.3038,0.4296,SLOWDOWN,PolygonSlow,0.0158,0.5385,0.0158,0.0047,0.0047
236.082,326.3,-3.5957,2.9832,-1.9285,-1.569,2.94,480,0,161,250,0.3042,0.4295,SLOWDOWN,PolygonSlow,0.0158,0.5385,0.0158,0.0047,0.0047
236.189,326.4,-3.5951,2.9827,-1.9151,-1.569,2.94,480,0,163,249,0.3049,0.4294,SLOWDOWN,PolygonSlow,0.0158,0.8974,0.0158,0.0047,0.0047
236.284,326.5,-3.5943,2.9823,-1.8999,-1.569,2.94,480,0,163,250,0.3056,0.4294,SLOWDOWN,PolygonSlow,0.0158,0.8974,0.0158,0.0047,0.0047
236.391,326.6,-3.5931,2.9818,-1.8773,-1.569,2.94,480,0,164,249,0.3068,0.4294,SLOWDOWN,PolygonSlow,0.0,0.7949,0.0158,0.0047,0.0047
236.498,326.7,-3.5916,2.9815,-1.8541,-1.569,2.94,480,0,166,247,0.3082,0.4296,SLOWDOWN,PolygonSlow,0.0,-1.0,0.0,0.0,0.0
236.587,326.8,-3.5903,2.9815,-1.8342,-1.569,2.94,480,0,170,245,0.3096,0.4297,SLOWDOWN,PolygonSlow,0.0,-1.0,0.0,0.0,0.0
236.699,326.9,-3.5894,2.9815,-1.8227,-1.569,2.94,480,0,171,244,0.3104,0.4298,SLOWDOWN,PolygonSlow,0.0,-1.0,0.0,0.0,0.0
236.787,327.0,-3.5892,2.9815,-1.8201,-1.569,2.94,480,0,171,244,0.3106,0.4299,SLOWDOWN,PolygonSlow,0.0,-1.0,0.0,0.0,0.0
236.9,327.1,-3.5896,2.9815,-1.8261,-1.569,2.94,480,0,169,244,0.3102,0.4299,SLOWDOWN,PolygonSlow,0.0,-1.0,0.0,0.0,0.0
236.994,327.2,-3.5907,2.9815,-1.8417,-1.569,2.94,480,0,166,245,0.3091,0.4298,SLOWDOWN,PolygonSlow,0.0,-1.0,0.0,0.0,0.0
237.103,327.3,-3.5923,2.9815,-1.8658,-1.569,2.94,480,0,166,248,0.3076,0.4296,SLOWDOWN,PolygonSlow,0.0,-1.0,0.0,0.0,0.0
237.202,327.4,-3.594,2.9815,-1.8923,-1.569,2.94,480,0,164,250,0.3059,0.4293,SLOWDOWN,PolygonSlow,0.0,-1.0,0.0,0.0,0.0
237.309,327.5,-3.5956,2.9815,-1.9185,-1.569,2.94,480,0,163,250,0.3043,0.4291,SLOWDOWN,PolygonSlow,0.0,-1.0,0.0,0.0,0.0
237.407,327.6,-3.5971,2.9815,-1.9443,-1.569,2.94,480,0,162,250,0.3028,0.4288,SLOWDOWN,PolygonSlow,0.0,-1.0,0.0,0.0,0.0
237.511,327.7,-3.5985,2.9815,-1.9697,-1.569,2.94,480,0,160,250,0.3014,0.4286,SLOWDOWN,PolygonSlow,0.0,-1.0,0.0,0.0,0.0
237.61,327.8,-3.5998,2.9815,-1.9947,-1.569,2.94,480,0,160,252,0.3002,0.4284,SLOWDOWN,PolygonSlow,0.0,-1.0,0.0,0.0,0.0
237.714,327.9,-3.6009,2.9815,-2.0193,-1.569,2.94,480,0,159,251,0.299,0.4282,SLOWDOWN,PolygonSlow,0.0,-1.0,0.0,0.0,0.0
237.81,328.0,-3.602,2.9815,-2.0436,-1.569,2.94,480,0,161,252,0.298,0.428,SLOWDOWN,PolygonSlow,0.0,-1.0,0.0,0.0,0.0
237.911,328.1,-3.6029,2.9815,-2.0675,-1.569,2.94,480,0,159,252,0.297,0.4271,SLOWDOWN,PolygonSlow,0.0,-1.0,0.0,0.0,0.0
238.011,328.2,-3.6037,2.9815,-2.0911,-1.569,2.94,480,0,159,253,0.2963,0.4231,SLOWDOWN,PolygonSlow,0.0,-1.0,0.0,0.0,0.0
238.113,328.3,-3.6044,2.9815,-2.1144,-1.569,2.94,480,0,161,254,0.2956,0.4213,SLOWDOWN,PolygonSlow,0.0,-1.0,0.0,0.0,0.0
238.211,328.4,-3.605,2.9815,-2.1373,-1.569,2.94,480,0,161,255,0.2949,0.42,SLOWDOWN,PolygonSlow,0.0,-1.0,0.0,0.0,0.0
238.31,328.5,-3.6055,2.9815,-2.1599,-1.569,2.94,480,0,161,258,0.2945,0.4174,SLOWDOWN,PolygonSlow,0.0,-1.0,0.0,0.0,0.0
238.411,328.6,-3.6059,2.9815,-2.1821,-1.569,2.94,480,0,161,259,0.2941,0.415,SLOWDOWN,PolygonSlow,0.0,-1.0,0.0,0.0,0.0
238.514,328.7,-3.606,2.9817,-2.2031,-1.569,2.94,480,0,161,260,0.294,0.4117,SLOWDOWN,PolygonSlow,0.0,-1.0,0.0,0.0,0.0
238.613,328.8,-3.606,2.9819,-2.2235,-1.569,2.94,480,0,162,262,0.294,0.4088,SLOWDOWN,PolygonSlow,0.0,-1.0,0.0,0.0,0.0
238.712,328.9,-3.606,2.982,-2.2444,-1.569,2.94,480,0,163,264,0.294,0.4074,SLOWDOWN,PolygonSlow,0.0,-1.0,0.0,0.0,0.0
238.812,329.0,-3.606,2.9819,-2.2657,-1.569,2.94,480,0,163,267,0.294,0.4039,SLOWDOWN,PolygonSlow,0.0,-1.0,0.0,0.0,0.0
238.91,329.1,-3.606,2.9818,-2.2875,-1.569,2.94,480,0,164,269,0.294,0.402,SLOWDOWN,PolygonSlow,0.0,-1.0,0.0,0.0,0.0
239.011,329.2,-3.606,2.9815,-2.3098,-1.569,2.94,480,0,164,272,0.294,0.4,SLOWDOWN,PolygonSlow,0.0,-1.0,0.0,0.0,0.0
239.11,329.3,-3.606,2.9812,-2.3327,-1.569,2.94,480,0,165,274,0.294,0.3959,SLOWDOWN,PolygonSlow,0.0,-1.0,0.0,0.0,0.0
239.211,329.4,-3.606,2.9812,-2.356,-1.569,2.94,480,0,167,278,0.294,0.3938,SLOWDOWN,PolygonSlow,0.0,-1.0,0.0,0.0,0.0
239.314,329.5,-3.6061,2.9812,-2.3794,-1.569,2.94,480,0,167,281,0.2939,0.3911,SLOWDOWN,PolygonSlow,0.0,-1.0,0.0,0.0,0.0
239.414,329.6,-3.6063,2.9812,-2.4022,-1.569,2.94,480,0,169,285,0.2937,0.3903,SLOWDOWN,PolygonSlow,0.0,-1.0,0.0,0.0,0.0
239.52,329.7,-3.6066,2.9812,-2.4245,-1.569,2.94,480,0,171,288,0.2934,0.3869,SLOWDOWN,PolygonSlow,0.0,-1.0,0.0,0.0,0.0
239.619,329.8,-3.6068,2.9812,-2.4464,-1.569,2.89,480,0,172,293,0.2932,0.3843,SLOWDOWN,PolygonSlow,0.0,-1.0,0.0,0.0,0.0
239.726,329.9,-3.6068,2.9812,-2.4677,-1.569,2.89,480,0,173,296,0.2931,0.3829,SLOWDOWN,PolygonSlow,0.0,-1.0,0.0,0.0,0.0
239.845,330.0,-3.607,2.9812,-2.4927,-1.569,2.89,480,0,175,300,0.2931,0.3802,SLOWDOWN,PolygonSlow,0.0,-1.0,0.0,0.0,0.0
239.927,330.1,-3.6071,2.9812,-2.509,-1.569,2.89,480,0,176,304,0.2928,0.3793,SLOWDOWN,PolygonSlow,0.0,-1.0,0.0,0.0,0.0
240.047,330.2,-3.6075,2.9812,-2.5329,-1.569,2.89,480,0,178,309,0.2925,0.3776,SLOWDOWN,PolygonSlow,0.0,-1.0,0.0,0.0,0.0
240.125,330.3,-3.6079,2.9811,-2.5486,-1.569,2.89,480,0,180,315,0.2921,0.3754,SLOWDOWN,PolygonSlow,0.0158,0.8974,0.0158,0.0,0.0
240.239,330.4,-3.6083,2.9812,-2.5664,-1.569,2.89,480,0,182,319,0.2917,0.3764,SLOWDOWN,PolygonSlow,0.0158,0.9487,0.0158,0.0047,0.0047
240.339,330.5,-3.6087,2.9812,-2.5776,-1.569,2.89,480,0,183,321,0.2913,0.3736,SLOWDOWN,PolygonSlow,0.0158,1.0,0.0158,0.0047,0.0047
240.448,330.6,-3.6091,2.981,-2.5808,-1.569,2.89,480,0,182,321,0.2909,0.3741,SLOWDOWN,PolygonSlow,0.0474,1.0,0.0474,0.0142,0.0142
240.55,330.7,-3.6102,2.9802,-2.5764,-1.569,2.89,480,0,183,321,0.2897,0.375,SLOWDOWN,PolygonSlow,0.0,0.0769,0.0,0.0,0.0
240.66,330.8,-3.6102,2.9801,-2.5742,-1.569,2.89,480,0,183,321,0.2897,0.3738,SLOWDOWN,PolygonSlow,0.0,-1.0,0.0,0.0,0.0
240.758,330.9,-3.6103,2.9802,-2.5782,-1.569,2.89,480,0,184,321,0.2897,0.3743,SLOWDOWN,PolygonSlow,0.0,-1.0,0.0,0.0,0.0
240.863,331.0,-3.6103,2.9804,-2.5889,-1.569,2.89,480,0,184,324,0.2896,0.3742,SLOWDOWN,PolygonSlow,0.0,-1.0,0.0,0.0,0.0
240.962,331.1,-3.6104,2.9809,-2.6075,-1.569,2.89,480,0,187,328,0.2895,0.3737,SLOWDOWN,PolygonSlow,0.0,-1.0,0.0,0.0,0.0
241.063,331.2,-3.6105,2.9816,-2.6307,-1.569,2.89,480,0,190,336,0.2895,0.3719,SLOWDOWN,PolygonSlow,0.0,-1.0,0.0,0.0,0.0
241.164,331.3,-3.6105,2.9825,-2.6545,-1.569,2.89,480,0,194,341,0.2895,0.3706,SLOWDOWN,PolygonSlow,0.0,-1.0,0.0,0.0,0.0
241.26,331.4,-3.6105,2.9834,-2.6785,-1.569,2.89,480,0,196,349,0.2895,0.3698,SLOWDOWN,PolygonSlow,0.0,-1.0,0.0,0.0,0.0
241.361,331.5,-3.6105,2.9845,-2.703,-1.569,2.89,480,0,201,351,0.2894,0.3695,SLOWDOWN,PolygonSlow,0.0,-1.0,0.0,0.0,0.0
241.461,331.6,-3.6105,2.9857,-2.7277,-1.569,2.89,480,0,204,352,0.2894,0.3697,SLOWDOWN,PolygonSlow,0.0,-1.0,0.0,0.0,0.0
241.56,331.7,-3.6105,2.987,-2.7529,-1.569,2.89,480,0,209,353,0.2894,0.3674,SLOWDOWN,PolygonSlow,0.0,-1.0,0.0,0.0,0.0
241.658,331.8,-3.6105,2.9885,-2.7784,-1.569,2.89,480,0,215,351,0.2894,0.3679,SLOWDOWN,PolygonSlow,0.0,-1.0,0.0,0.0,0.0
241.759,331.9,-3.6105,2.99,-2.8044,-1.569,2.89,480,0,221,351,0.2894,0.3678,SLOWDOWN,PolygonSlow,0.0,-1.0,0.0,0.0,0.0
241.863,332.0,-3.6105,2.9917,-2.8307,-1.569,2.89,480,0,228,348,0.2894,0.3676,SLOWDOWN,PolygonSlow,0.0,-1.0,0.0,0.0,0.0
241.963,332.1,-3.6105,2.9934,-2.8574,-1.569,2.89,480,0,236,347,0.2894,0.3681,SLOWDOWN,PolygonSlow,0.0,-1.0,0.0,0.0,0.0
242.06,332.2,-3.6105,2.9953,-2.8846,-1.569,2.89,480,0,245,347,0.2894,0.3693,SLOWDOWN,PolygonSlow,0.0,-1.0,0.0,0.0,0.0
242.16,332.3,-3.6105,2.9973,-2.9122,-1.569,2.89,480,0,251,345,0.2894,0.3689,SLOWDOWN,PolygonSlow,0.0,-1.0,0.0,0.0,0.0
242.261,332.4,-3.6105,2.9994,-2.9402,-1.569,2.89,480,0,253,344,0.2894,0.3814,SLOWDOWN,PolygonSlow,0.0,-1.0,0.0,0.0,0.0
242.361,332.5,-3.6105,3.0016,-2.9687,-1.569,2.89,480,0,258,343,0.2894,0.3954,SLOWDOWN,PolygonSlow,0.0,-1.0,0.0,0.0,0.0
242.461,332.6,-3.6105,3.004,-2.9977,-1.569,2.89,480,0,263,342,0.2894,0.393,SLOWDOWN,PolygonSlow,0.0,-1.0,0.0,0.0,0.0
242.56,332.7,-3.6105,3.0064,-3.0272,-1.569,2.89,480,0,270,341,0.2894,0.3904,SLOWDOWN,PolygonSlow,0.0,-1.0,0.0,0.0,0.0
242.663,332.8,-3.6105,3.0089,-3.0564,-1.569,2.89,480,0,283,340,0.2894,0.3877,SLOWDOWN,PolygonSlow,0.0,0.0,0.0,0.0,0.0
242.762,332.9,-3.6105,3.0109,-3.0801,-1.569,2.89,480,0,297,339,0.2892,0.3854,SLOWDOWN,PolygonSlow,0.0158,-1.0,0.0158,0.0047,0.0047
242.864,333.0,-3.611,3.0134,-3.1095,-1.569,2.89,480,0,315,339,0.2887,0.3822,SLOWDOWN,PolygonSlow,0.0158,-1.0,0.0158,0.0047,0.0047
242.965,333.1,-3.6115,3.0162,-3.1412,-1.569,2.89,480,0,317,339,0.2882,0.3786,SLOWDOWN,PolygonSlow,0.0,-1.0,0.0158,0.0047,0.0047
243.069,333.2,-3.6116,3.019,3.1104,-1.569,2.89,480,0,319,342,0.2883,0.3753,SLOWDOWN,PolygonSlow,0.0,-1.0,0.0,0.0,0.0
243.18,333.3,-3.6116,3.0218,3.0794,-1.569,2.89,480,0,312,345,0.2881,0.372,SLOWDOWN,PolygonSlow,0.0,-1.0,0.0,0.0,0.0
243.268,333.4,-3.6116,3.0244,3.0489,-1.569,2.89,480,0,295,348,0.2883,0.3688,SLOWDOWN,PolygonSlow,0.0,-0.9487,0.0,0.0,0.0
243.38,333.5,-3.6116,3.0268,3.0202,-1.569,2.89,480,0,287,350,0.2881,0.3657,SLOWDOWN,PolygonSlow,0.0,-0.9487,0.0,0.0,0.0
243.468,333.6,-3.6116,3.0291,2.9923,-1.569,2.89,480,0,282,353,0.2881,0.3625,SLOWDOWN,PolygonSlow,0.0,-0.9487,0.0,0.0,0.0
243.578,333.7,-3.6116,3.0313,2.9649,-1.569,2.89,480,0,279,355,0.2883,0.3594,SLOWDOWN,PolygonSlow,0.0,-0.8974,0.0,0.0,0.0
243.677,333.8,-3.6116,3.0333,2.939,-1.569,2.84,480,0,277,358,0.2881,0.3565,SLOWDOWN,PolygonSlow,0.0,-0.8974,0.0,0.0,0.0
243.786,333.9,-3.6116,3.0352,2.9138,-1.569,2.84,480,0,275,360,0.288,0.3535,SLOWDOWN,PolygonSlow,0.0316,-0.7949,0.0316,0.0,0.0
243.885,334.0,-3.6122,3.037,2.8909,-1.569,2.84,480,0,274,362,0.2875,0.3502,SLOWDOWN,PolygonSlow,0.0316,-0.7436,0.0316,0.0095,0.0095
243.992,334.1,-3.6131,3.0387,2.8706,-1.569,2.84,480,0,274,364,0.2868,0.3468,SLOWDOWN,PolygonSlow,0.0316,-0.7436,0.0316,0.0095,0.0095
244.093,334.2,-3.614,3.0403,2.8506,-1.569,2.84,480,0,274,367,0.2857,0.3435,SLOWDOWN,PolygonSlow,0.0316,-0.7436,0.0316,0.0095,0.0095
244.203,334.3,-3.6149,3.0419,2.8307,-1.569,2.84,480,0,274,369,0.2847,0.3402,SLOWDOWN,PolygonSlow,0.0,-1.0,0.0,0.0,0.0
244.301,334.4,-3.615,3.0434,2.8058,-1.569,2.84,480,0,273,372,0.2846,0.337,SLOWDOWN,PolygonSlow,0.0,-1.0,0.0,0.0,0.0
244.401,334.5,-3.615,3.0449,2.7799,-1.569,2.84,480,0,274,373,0.2848,0.3338,SLOWDOWN,PolygonSlow,0.0,-1.0,0.0,0.0,0.0
244.499,334.6,-3.615,3.0464,2.7543,-1.569,2.84,480,0,273,371,0.2847,0.3306,SLOWDOWN,PolygonSlow,0.0,-1.0,0.0,0.0,0.0
244.6,334.7,-3.615,3.0477,2.7291,-1.569,2.84,480,0,271,368,0.2846,0.3274,SLOWDOWN,PolygonSlow,0.0,-1.0,0.0,0.0,0.0
244.698,334.8,-3.615,3.0489,2.7043,-1.569,2.84,480,0,270,366,0.2846,0.3242,SLOWDOWN,PolygonSlow,0.0,-1.0,0.0,0.0,0.0
244.798,334.9,-3.615,3.05,2.6799,-1.569,2.84,480,0,270,365,0.2848,0.321,SLOWDOWN,PolygonSlow,0.0,-1.0,0.0,0.0,0.0
244.898,335.0,-3.615,3.051,2.6558,-1.569,2.84,480,0,268,363,0.2846,0.3179,SLOWDOWN,PolygonSlow,0.0,-1.0,0.0,0.0,0.0
244.999,335.1,-3.615,3.0519,2.632,-1.569,2.84,480,0,265,363,0.2846,0.3148,SLOWDOWN,PolygonSlow,0.0,-1.0,0.0,0.0,0.0
245.099,335.2,-3.615,3.0526,2.6086,-1.569,2.84,480,0,265,363,0.2847,0.3117,SLOWDOWN,PolygonSlow,0.0,-1.0,0.0,0.0,0.0
245.2,335.3,-3.615,3.0533,2.5855,-1.569,2.84,480,0,264,361,0.2847,0.3087,SLOWDOWN,PolygonSlow,0.0,-1.0,0.0,0.0,0.0
245.3,335.4,-3.615,3.0538,2.5628,-1.569,2.84,480,0,265,362,0.2846,0.3057,SLOWDOWN,PolygonSlow,0.0,-1.0,0.0,0.0,0.0
245.399,335.5,-3.615,3.0542,2.5404,-1.569,2.84,480,0,263,362,0.2846,0.3027,SLOWDOWN,PolygonSlow,0.0,-1.0,0.0,0.0,0.0
245.498,335.6,-3.6149,3.0545,2.5187,-1.569,2.84,480,0,263,362,0.2847,0.2998,SLOWDOWN,PolygonSlow,0.0,-1.0,0.0,0.0,0.0
245.601,335.7,-3.6147,3.0545,2.4983,-1.569,2.84,480,0,262,362,0.2848,0.2973,SLOWDOWN,PolygonSlow,0.0,-1.0,0.0,0.0,0.0
245.698,335.8,-3.6146,3.0545,2.4776,-1.569,2.89,480,0,263,363,0.285,0.2947,SLOWDOWN,PolygonSlow,0.0,-1.0,0.0,0.0,0.0
245.799,335.9,-3.6145,3.0545,2.4565,-1.569,2.89,480,0,262,363,0.2852,0.2919,SLOWDOWN,PolygonSlow,0.0,-1.0,0.0,0.0,0.0
245.897,336.0,-3.6147,3.0545,2.4349,-1.569,2.89,480,0,264,364,0.285,0.2889,SLOWDOWN,PolygonSlow,0.0,-1.0,0.0,0.0,0.0
245.998,336.1,-3.6149,3.0545,2.4128,-1.569,2.89,480,0,263,365,0.2848,0.2856,SLOWDOWN,PolygonSlow,0.0,-1.0,0.0,0.0,0.0
246.098,336.2,-3.6152,3.0545,2.3902,-1.569,2.89,480,0,265,368,0.2844,0.2823,SLOWDOWN,PolygonSlow,0.0,-1.0,0.0,0.0,0.0
246.202,336.3,-3.6153,3.0545,2.3671,-1.569,2.89,480,0,266,368,0.2843,0.2791,SLOWDOWN,PolygonSlow,0.0,-1.0,0.0,0.0,0.0
246.302,336.4,-3.6153,3.0545,2.3437,-1.569,2.89,480,0,266,369,0.2843,0.2759,SLOWDOWN,PolygonSlow,0.0,-1.0,0.0,0.0,0.0
246.409,336.5,-3.6153,3.0547,2.3206,-1.569,2.89,480,0,269,372,0.2843,0.2728,SLOWDOWN,PolygonSlow,0.0,-1.0,0.0,0.0,0.0
246.528,336.6,-3.6153,3.055,2.2936,-1.569,2.89,480,0,271,373,0.2844,0.2698,SLOWDOWN,PolygonSlow,0.0,-1.0,0.0,0.0,0.0
246.61,336.7,-3.6153,3.0552,2.276,-1.569,2.89,480,0,272,374,0.2843,0.2668,SLOWDOWN,PolygonSlow,0.0,-1.0,0.0,0.0,0.0
246.725,336.8,-3.6153,3.0553,2.2501,-1.569,2.94,480,0,273,378,0.2843,0.264,SLOWDOWN,PolygonSlow,0.0,-1.0,0.0,0.0,0.0
246.809,336.9,-3.6153,3.0554,2.2333,-1.569,2.94,480,0,277,380,0.2844,0.2612,SLOWDOWN,PolygonSlow,0.0,-1.0,0.0,0.0,0.0
246.919,337.0,-3.6153,3.0555,2.2127,-1.569,2.94,480,0,278,382,0.2844,0.2584,SLOWDOWN,PolygonSlow,0.0,-1.0,0.0,0.0,0.0
247.024,337.1,-3.6153,3.0558,2.1925,-1.569,2.94,480,0,282,384,0.2843,0.2558,SLOWDOWN,PolygonSlow,0.0,-1.0,0.0,0.0,0.0
247.126,337.2,-3.6153,3.0562,2.1728,-1.569,2.94,480,0,284,386,0.2844,0.2532,SLOWDOWN,PolygonSlow,0.0,-1.0,0.0,0.0,0.0
247.226,337.3,-3.6154,3.0566,2.1529,-1.569,2.94,480,0,287,389,0.2844,0.2505,SLOWDOWN,PolygonSlow,0.0,-1.0,0.0,0.0,0.0
247.332,337.4,-3.6154,3.0569,2.1321,-1.569,2.94,480,0,291,392,0.2845,0.2479,SLOWDOWN,PolygonSlow,0.0,-1.0,0.0,0.0,0.0
247.431,337.5,-3.6149,3.057,2.11,-1.569,2.94,480,0,295,392,0.285,0.2455,SLOWDOWN,PolygonSlow,0.0,-1.0,0.0,0.0,0.0
247.536,337.6,-3.6142,3.057,2.0867,-1.569,2.94,480,0,297,390,0.2856,0.2432,SLOWDOWN,PolygonSlow,0.0,-1.0,0.0,0.0,0.0
247.636,337.7,-3.6134,3.057,2.063,-1.569,2.94,480,0,300,388,0.2864,0.241,SLOWDOWN,PolygonSlow,0.0,-1.0,0.0,0.0,0.0
247.743,337.8,-3.6124,3.057,2.039,-1.569,2.99,480,0,306,386,0.2873,0.239,SLOWDOWN,PolygonSlow,0.0,-1.0,0.0,0.0,0.0
247.841,337.9,-3.6113,3.057,2.0147,-1.569,2.99,480,0,310,384,0.2884,0.237,SLOWDOWN,PolygonSlow,0.0,-1.0,0.0,0.0,0.0
247.941,338.0,-3.6102,3.057,1.99,-1.569,2.99,480,0,315,382,0.2896,0.2351,SLOWDOWN,PolygonSlow,0.0,-1.0,0.0,0.0,0.0
248.041,338.1,-3.6089,3.057,1.9649,-1.569,2.99,480,0,321,380,0.2909,0.2333,SLOWDOWN,PolygonSlow,0.0,-1.0,0.0,0.0,0.0
248.141,338.2,-3.6075,3.057,1.9394,-1.569,2.99,480,0,328,379,0.2926,0.2317,SLOWDOWN,PolygonSlow,0.0,-1.0,0.0,0.0,0.0
248.241,338.3,-3.606,3.057,1.9136,-1.569,2.99,480,0,335,376,0.2939,0.2301,SLOWDOWN,PolygonSlow,0.0,-1.0,0.0,0.0,0.0
248.341,338.4,-3.6043,3.057,1.8874,-1.569,2.99,480,0,339,375,0.2955,0.2287,SLOWDOWN,PolygonSlow,0.0,-1.0,0.0,0.0,0.0
248.441,338.5,-3.6026,3.057,1.8607,-1.569,2.99,480,0,342,372,0.2972,0.2273,SLOWDOWN,PolygonSlow,0.0,-1.0,0.0,0.0,0.0
248.544,338.6,-3.6007,3.057,1.8336,-1.569,2.99,480,0,343,371,0.2991,0.2261,SLOWDOWN,PolygonSlow,0.0,-1.0,0.0,0.0,0.0
248.642,338.7,-3.5988,3.057,1.8062,-1.569,2.99,480,0,346,369,0.301,0.225,SLOWDOWN,PolygonSlow,0.0,-1.0,0.0,0.0,0.0
248.743,338.8,-3.5967,3.057,1.7782,-1.569,2.99,480,0,349,367,0.3031,0.224,SLOWDOWN,PolygonSlow,0.0,-1.0,0.0,0.0,0.0
248.841,338.9,-3.5945,3.057,1.7498,-1.569,2.99,480,0,347,364,0.3053,0.2231,SLOWDOWN,PolygonSlow,0.0,-1.0,0.0,0.0,0.0
248.945,339.0,-3.5922,3.057,1.7209,-1.569,2.99,480,0,346,362,0.3076,0.2224,SLOWDOWN,PolygonSlow,0.0,-1.0,0.0,0.0,0.0
249.041,339.1,-3.5898,3.057,1.6915,-1.569,2.99,480,0,344,360,0.31,0.2218,SLOWDOWN,PolygonSlow,0.0,-0.9487,0.0,0.0,0.0
249.141,339.2,-3.5873,3.057,1.6622,-1.569,2.99,480,0,343,359,0.3125,0.2213,SLOWDOWN,PolygonSlow,0.0,-0.9487,0.0,0.0,0.0
249.239,339.3,-3.5848,3.057,1.6333,-1.569,2.99,480,0,341,360,0.3149,0.221,SLOWDOWN,PolygonSlow,0.0,-0.9487,0.0,0.0,0.0
249.339,339.4,-3.5822,3.057,1.6039,-1.569,2.99,480,0,340,360,0.3175,0.2208,SLOWDOWN,PolygonSlow,0.0,-0.8974,0.0,0.0,0.0
249.439,339.5,-3.5796,3.057,1.5746,-1.569,2.99,480,0,338,361,0.3201,0.2207,SLOWDOWN,PolygonSlow,0.0,-0.8974,0.0,0.0,0.0
249.54,339.6,-3.5771,3.057,1.5461,-1.569,2.99,480,0,337,361,0.3227,0.2208,SLOWDOWN,PolygonSlow,0.0,-0.8462,0.0,0.0,0.0
249.639,339.7,-3.5746,3.057,1.5186,-1.569,2.99,480,0,335,361,0.3252,0.2208,SLOWDOWN,PolygonSlow,0.0,-0.8462,0.0,0.0,0.0
249.743,339.8,-3.5724,3.057,1.4926,-1.569,2.99,480,0,335,362,0.3274,0.2209,SLOWDOWN,PolygonSlow,0.0,-0.7949,0.0,0.0,0.0
249.858,339.9,-3.5699,3.057,1.4632,-1.569,2.94,480,0,335,361,0.3295,0.221,SLOWDOWN,PolygonSlow,0.0158,-0.8462,0.0,0.0,0.0
249.945,340.0,-3.5682,3.0573,1.4435,-1.569,2.94,480,0,335,363,0.3316,0.2212,SLOWDOWN,PolygonSlow,0.0158,-1.0,0.0158,0.0047,0.0047
250.055,340.1,-3.566,3.0578,1.4165,-1.569,2.94,480,0,330,362,0.3338,0.2214,SLOWDOWN,PolygonSlow,0.0158,-1.0,0.0158,0.0047,0.0047
250.143,340.2,-3.5636,3.0583,1.3877,-1.569,2.94,480,0,323,364,0.3362,0.2217,SLOWDOWN,PolygonSlow,0.0158,-1.0,0.0158,0.0047,0.0047
250.254,340.3,-3.5613,3.0587,1.3593,-1.569,2.94,480,0,316,363,0.3385,0.222,SLOWDOWN,PolygonSlow,0.0158,-1.0,0.0158,0.0047,0.0047
250.355,340.4,-3.5591,3.0592,1.3314,-1.569,2.94,480,0,295,364,0.3405,0.2224,SLOWDOWN,PolygonSlow,0.0158,-1.0,0.0158,0.0047,0.0047
250.464,340.5,-3.5571,3.0596,1.304,-1.569,2.94,480,0,284,364,0.34,0.2228,SLOWDOWN,PolygonSlow,0.0158,-1.0,0.0158,0.0047,0.0047
250.563,340.6,-3.5551,3.0601,1.277,-1.569,2.94,480,0,272,364,0.3397,0.2231,SLOWDOWN,PolygonSlow,0.0158,-1.0,0.0158,0.0047,0.0047
250.67,340.7,-3.5532,3.0606,1.2504,-1.569,2.94,480,0,262,365,0.3392,0.2235,SLOWDOWN,PolygonSlow,0.0158,-1.0,0.0158,0.0047,0.0047
250.768,340.8,-3.5514,3.061,1.2242,-1.569,2.94,480,0,255,363,0.3386,0.2239,SLOWDOWN,PolygonSlow,0.0158,-1.0,0.0158,0.0047,0.0047
250.873,340.9,-3.5498,3.0614,1.1984,-1.569,2.94,480,0,246,361,0.3382,0.2243,SLOWDOWN,PolygonSlow,0.0158,-1.0,0.0158,0.0047,0.0047
250.974,341.0,-3.5482,3.0619,1.173,-1.569,2.94,480,0,240,358,0.338,0.2247,SLOWDOWN,PolygonSlow,0.0,-1.0,0.0,0.0047,0.0047
251.074,341.1,-3.5469,3.062,1.148,-1.569,2.94,480,0,235,356,0.3376,0.225,SLOWDOWN,PolygonSlow,0.0,-1.0,0.0,0.0,0.0
251.171,341.2,-3.5457,3.062,1.1233,-1.569,2.94,480,0,229,355,0.3376,0.2252,SLOWDOWN,PolygonSlow,0.0,-1.0,0.0,0.0,0.0
251.271,341.3,-3.5447,3.062,1.099,-1.569,2.94,480,0,222,347,0.3377,0.2253,SLOWDOWN,PolygonSlow,0.0,-1.0,0.0,0.0,0.0
251.372,341.4,-3.5437,3.062,1.0751,-1.569,2.94,480,0,218,341,0.3377,0.2255,SLOWDOWN,PolygonSlow,0.0,-1.0,0.0,0.0,0.0
251.473,341.5,-3.5429,3.062,1.0515,-1.569,2.94,480,0,214,336,0.3376,0.2256,SLOWDOWN,PolygonSlow,0.0,-1.0,0.0,0.0,0.0
251.57,341.6,-3.5422,3.062,1.0282,-1.569,2.94,480,0,210,331,0.3377,0.2257,SLOWDOWN,PolygonSlow,0.0,-1.0,0.0,0.0,0.0
251.672,341.7,-3.5416,3.062,1.0053,-1.569,2.94,480,0,206,325,0.3376,0.226,SLOWDOWN,PolygonSlow,0.0,-1.0,0.0,0.0,0.0
251.771,341.8,-3.5411,3.062,0.9827,-1.569,2.94,480,0,202,320,0.3376,0.2263,SLOWDOWN,PolygonSlow,0.0,-1.0,0.0,0.0,0.0
251.875,341.9,-3.5407,3.062,0.9605,-1.569,2.94,480,0,200,316,0.3377,0.2266,SLOWDOWN,PolygonSlow,0.0,-1.0,0.0,0.0,0.0
251.973,342.0,-3.5406,3.0618,0.9394,-1.569,2.94,480,0,196,312,0.3379,0.227,SLOWDOWN,PolygonSlow,0.0,-1.0,0.0,0.0,0.0
252.072,342.1,-3.5406,3.0616,0.919,-1.569,2.94,480,0,193,310,0.3381,0.2273,SLOWDOWN,PolygonSlow,0.0,-1.0,0.0,0.0,0.0
252.17,342.2,-3.5406,3.0615,0.8982,-1.569,2.94,480,0,191,306,0.3381,0.2277,SLOWDOWN,PolygonSlow,0.0,-1.0,0.0,0.0,0.0
252.272,342.3,-3.5406,3.0616,0.8768,-1.569,2.94,480,0,189,301,0.338,0.2284,SLOWDOWN,PolygonSlow,0.0,-1.0,0.0,0.0,0.0
252.37,342.4,-3.5406,3.0617,0.855,-1.569,2.94,480,0,187,298,0.3379,0.2292,SLOWDOWN,PolygonSlow,0.0,-1.0,0.0,0.0,0.0
252.472,342.5,-3.5406,3.062,0.8327,-1.569,2.94,480,0,185,296,0.3376,0.2303,SLOWDOWN,PolygonSlow,0.0,-1.0,0.0,0.0,0.0
252.571,342.6,-3.5406,3.0623,0.8099,-1.569,2.94,480,0,182,292,0.3375,0.2316,SLOWDOWN,PolygonSlow,0.0,-1.0,0.0,0.0,0.0
252.674,342.7,-3.5406,3.0623,0.7866,-1.569,2.94,480,0,179,290,0.3374,0.2331,SLOWDOWN,PolygonSlow,0.0,-1.0,0.0,0.0,0.0
252.773,342.8,-3.5405,3.0623,0.7632,-1.569,2.94,480,0,179,286,0.3374,0.2349,SLOWDOWN,PolygonSlow,0.0,-1.0,0.0,0.0,0.0
252.877,342.9,-3.5403,3.0623,0.7418,-1.569,2.94,480,0,177,283,0.3374,0.2369,SLOWDOWN,PolygonSlow,0.0,0.0,0.0,0.0,0.0
252.977,343.0,-3.5401,3.0623,0.7271,-1.569,2.94,480,0,175,281,0.3374,0.2384,SLOWDOWN,PolygonSlow,0.0,0.0,0.0,0.0,0.0
253.086,343.1,-3.54,3.0623,0.7196,-1.569,2.94,480,0,174,281,0.3374,0.2393,SLOWDOWN,PolygonSlow,0.0,0.0,0.0,0.0,0.0
253.2,343.2,-3.54,3.0623,0.7187,-1.569,2.94,480,0,174,281,0.3374,0.2394,DO_NOTHING,,0.0,0.0,0.0,0.0,0.0
253.287,343.3,-3.54,3.0623,0.7187,-1.569,2.94,480,0,174,281,0.3374,0.2394,DO_NOTHING,,0.0,0.0,0.0,0.0,0.0
253.402,343.4,-3.54,3.0623,0.7187,-1.569,2.94,480,0,174,281,0.3374,0.2394,DO_NOTHING,,0.0,0.0,0.0,0.0,0.0
253.485,343.5,-3.54,3.0623,0.7187,-1.569,2.94,480,0,174,281,0.3374,0.2394,DO_NOTHING,,0.0,0.0,0.0,0.0,0.0
253.598,343.6,-3.54,3.0623,0.7187,-1.569,2.94,480,0,174,281,0.3374,0.2394,DO_NOTHING,,0.0,0.0,0.0,0.0,0.0
253.699,343.7,-3.54,3.0623,0.7187,-1.569,2.94,480,0,174,281,0.3374,0.2394,DO_NOTHING,,0.0,0.0,0.0,0.0,0.0
253.814,343.8,-3.54,3.0623,0.7187,-1.569,2.94,480,0,174,281,0.3374,0.2394,DO_NOTHING,,0.0,0.0,0.0,0.0,0.0
253.913,343.9,-3.54,3.0623,0.7187,-1.569,2.94,480,0,174,281,0.3374,0.2394,DO_NOTHING,,0.0,0.0,0.0,0.0,0.0
254.023,344.0,-3.54,3.0623,0.7187,-1.569,2.94,480,0,174,281,0.3374,0.2394,DO_NOTHING,,0.0,0.0,0.0,0.0,0.0
254.123,344.1,-3.54,3.0623,0.7187,-1.569,2.94,480,0,174,281,0.3374,0.2394,DO_NOTHING,,0.0,0.0,0.0,0.0,0.0
254.23,344.2,-3.54,3.0623,0.7187,-1.569,2.94,480,0,174,281,0.3374,0.2394,DO_NOTHING,,0.0,0.0,0.0,0.0,0.0
254.328,344.3,-3.54,3.0623,0.7187,-1.569,2.94,480,0,174,281,0.3374,0.2394,DO_NOTHING,,0.0,0.0,0.0,0.0,0.0
254.435,344.4,-3.54,3.0623,0.7187,-1.569,2.94,480,0,174,281,0.3374,0.2394,DO_NOTHING,,0.0,0.0,0.0,0.0,0.0
254.537,344.5,-3.54,3.0623,0.7187,-1.569,2.94,480,0,174,281,0.3374,0.2394,DO_NOTHING,,0.0,0.0,0.0,0.0,0.0
254.644,344.6,-3.54,3.0623,0.7187,-1.569,2.94,480,0,174,281,0.3374,0.2394,DO_NOTHING,,0.0,0.0,0.0,0.0,0.0
254.744,344.7,-3.54,3.0623,0.7187,-1.569,2.94,480,0,174,281,0.3374,0.2394,DO_NOTHING,,0.0,0.0,0.0,0.0,0.0
254.848,344.8,-3.54,3.0623,0.7187,-1.569,2.94,480,0,174,281,0.3374,0.2394,DO_NOTHING,,0.0,0.0,0.0,0.0,0.0
254.948,344.9,-3.54,3.0623,0.7187,-1.569,2.94,480,0,174,281,0.3374,0.2394,DO_NOTHING,,0.0,0.0,0.0,0.0,0.0
255.054,345.0,-3.54,3.0623,0.7187,-1.569,2.94,480,0,174,281,0.3374,0.2394,SLOWDOWN,PolygonSlow,0.0,1.0,0.0,0.0,0.0
255.147,345.1,-3.5401,3.0623,0.7239,-1.569,2.94,480,0,174,281,0.3374,0.2388,SLOWDOWN,PolygonSlow,0.0,1.0,0.0,0.0,0.0
255.246,345.2,-3.5403,3.0623,0.7366,-1.569,2.94,480,0,176,282,0.3374,0.2374,SLOWDOWN,PolygonSlow,0.0,1.0,0.0,0.0,0.0
255.348,345.3,-3.5405,3.0623,0.7565,-1.569,2.94,480,0,177,285,0.3374,0.2355,SLOWDOWN,PolygonSlow,0.0,1.0,0.0,0.0,0.0
255.447,345.4,-3.5406,3.0623,0.7797,-1.569,2.94,480,0,179,289,0.3373,0.2336,SLOWDOWN,PolygonSlow,0.0,1.0,0.0,0.0,0.0
255.547,345.5,-3.5406,3.0623,0.8031,-1.569,2.94,480,0,181,290,0.3374,0.232,SLOWDOWN,PolygonSlow,0.0,1.0,0.0,0.0,0.0
255.649,345.6,-3.5406,3.0621,0.8261,-1.569,2.94,480,0,184,295,0.3375,0.2306,SLOWDOWN,PolygonSlow,0.0,1.0,0.0,0.0,0.0
255.748,345.7,-3.5406,3.0618,0.8486,-1.569,2.94,480,0,186,297,0.3378,0.2295,SLOWDOWN,PolygonSlow,0.0,1.0,0.0,0.0,0.0
255.847,345.8,-3.5406,3.0616,0.8705,-1.569,2.94,480,0,189,301,0.338,0.2286,SLOWDOWN,PolygonSlow,0.0,1.0,0.0,0.0,0.0
255.95,345.9,-3.5406,3.0615,0.892,-1.569,2.94,480,0,191,305,0.3381,0.2279,SLOWDOWN,PolygonSlow,0.0,1.0,0.0,0.0,0.0
256.053,346.0,-3.5406,3.0616,0.913,-1.569,2.94,480,0,193,308,0.3381,0.2274,SLOWDOWN,PolygonSlow,0.0,1.0,0.0,0.0,0.0
256.154,346.1,-3.5406,3.0617,0.9335,-1.569,2.94,480,0,196,312,0.338,0.227,SLOWDOWN,PolygonSlow,0.0,1.0,0.0,0.0,0.0
256.259,346.2,-3.5406,3.062,0.9535,-1.569,2.94,480,0,199,316,0.3377,0.2268,SLOWDOWN,PolygonSlow,0.0,1.0,0.0,0.0,0.0
256.359,346.3,-3.5406,3.0623,0.9731,-1.569,2.94,480,0,201,320,0.3373,0.2268,SLOWDOWN,PolygonSlow,0.0,1.0,0.0,0.0,0.0
256.467,346.4,-3.5407,3.0626,0.993,-1.569,2.94,480,0,203,323,0.337,0.2268,SLOWDOWN,PolygonSlow,0.0,1.0,0.0,0.0,0.0
256.579,346.5,-3.5412,3.0628,1.0192,-1.569,2.94,480,0,208,329,0.3369,0.2266,SLOWDOWN,PolygonSlow,0.0,1.0,0.0,0.0,0.0
256.666,346.6,-3.5417,3.0628,1.0377,-1.569,2.94,480,0,211,334,0.3368,0.2264,SLOWDOWN,PolygonSlow,0.0,1.0,0.0,0.0,0.0
256.779,346.7,-3.5426,3.0628,1.0658,-1.569,2.94,480,0,216,338,0.3368,0.2263,SLOWDOWN,PolygonSlow,0.0,1.0,0.0,0.0,0.0
256.865,346.8,-3.5433,3.0628,1.0848,-1.569,2.94,480,0,221,344,0.337,0.2262,SLOWDOWN,PolygonSlow,0.0,1.0,0.0,0.0,0.0
256.976,346.9,-3.5443,3.0628,1.1089,-1.569,2.94,480,0,225,350,0.3369,0.2261,SLOWDOWN,PolygonSlow,0.0,1.0,0.0,0.0,0.0
257.077,347.0,-3.5454,3.0628,1.1333,-1.569,2.94,480,0,230,356,0.3368,0.2259,SLOWDOWN,PolygonSlow,0.0,1.0,0.0,0.0,0.0
257.186,347.1,-3.5466,3.0628,1.1581,-1.569,2.94,480,0,237,356,0.337,0.2257,SLOWDOWN,PolygonSlow,0.0,1.0,0.0,0.0,0.0
257.284,347.2,-3.5479,3.0628,1.1833,-1.569,2.94,480,0,244,359,0.337,0.2255,SLOWDOWN,PolygonSlow,0.0,1.0,0.0,0.0,0.0
257.391,347.3,-3.5494,3.0628,1.2089,-1.569,2.94,480,0,252,362,0.3368,0.2252,SLOWDOWN,PolygonSlow,0.0,1.0,0.0,0.0,0.0
257.488,347.4,-3.5509,3.0628,1.2348,-1.569,2.94,480,0,259,364,0.3369,0.225,SLOWDOWN,PolygonSlow,0.0,1.0,0.0,0.0,0.0
257.593,347.5,-3.5526,3.0628,1.2612,-1.569,2.94,480,0,266,365,0.3372,0.2248,SLOWDOWN,PolygonSlow,0.0,1.0,0.0,0.0,0.0
257.695,347.6,-3.5544,3.0628,1.2879,-1.569,2.94,480,0,277,364,0.3369,0.2245,SLOWDOWN,PolygonSlow,0.0,1.0,0.0,0.0,0.0
257.797,347.7,-3.5562,3.0628,1.3151,-1.569,2.94,480,0,290,363,0.3369,0.2242,SLOWDOWN,PolygonSlow,0.0,1.0,0.0,0.0,0.0
257.899,347.8,-3.5582,3.0628,1.3427,-1.569,2.94,480,0,305,363,0.3371,0.224,SLOWDOWN,PolygonSlow,0.0,1.0,0.0,0.0,0.0
257.998,347.9,-3.5604,3.0628,1.3708,-1.569,2.94,480,0,322,363,0.337,0.2238,SLOWDOWN,PolygonSlow,0.0,1.0,0.0,0.0,0.0
258.097,348.0,-3.5626,3.0628,1.3993,-1.569,2.94,480,0,329,363,0.3369,0.2235,SLOWDOWN,PolygonSlow,0.0,1.0,0.0,0.0,0.0
258.196,348.1,-3.5649,3.0628,1.4283,-1.569,2.94,480,0,335,363,0.3349,0.2233,SLOWDOWN,PolygonSlow,0.0,1.0,0.0,0.0,0.0
258.297,348.2,-3.5674,3.0628,1.4578,-1.569,2.94,480,0,335,361,0.3324,0.2231,SLOWDOWN,PolygonSlow,0.0,1.0,0.0,0.0,0.0
258.395,348.3,-3.5699,3.0628,1.4879,-1.569,2.94,480,0,334,362,0.3299,0.223,SLOWDOWN,PolygonSlow,0.0,1.0,0.0,0.0,0.0
258.496,348.4,-3.5726,3.0628,1.5185,-1.569,2.94,480,0,336,362,0.3272,0.2229,SLOWDOWN,PolygonSlow,0.0,1.0,0.0,0.0,0.0
258.596,348.5,-3.5753,3.0628,1.5497,-1.569,2.94,480,0,338,362,0.3245,0.2228,SLOWDOWN,PolygonSlow,0.0,1.0,0.0,0.0,0.0
258.697,348.6,-3.5782,3.0628,1.5815,-1.569,2.94,480,0,339,361,0.3216,0.2228,SLOWDOWN,PolygonSlow,0.0,1.0,0.0,0.0,0.0
258.795,348.7,-3.581,3.0628,1.6129,-1.569,2.94,480,0,341,361,0.3188,0.2229,SLOWDOWN,PolygonSlow,0.0,1.0,0.0,0.0,0.0
258.897,348.8,-3.5836,3.0628,1.6438,-1.569,2.94,480,0,343,360,0.3161,0.2232,SLOWDOWN,PolygonSlow,0.0,1.0,0.0,0.0,0.0
258.998,348.9,-3.5862,3.0628,1.674,-1.569,2.94,480,0,344,360,0.3136,0.2236,SLOWDOWN,PolygonSlow,0.0,1.0,0.0,0.0,0.0
259.098,349.0,-3.5887,3.0628,1.7037,-1.569,2.94,480,0,346,362,0.311,0.2241,SLOWDOWN,PolygonSlow,0.0,1.0,0.0,0.0,0.0
259.197,349.1,-3.5911,3.0628,1.7329,-1.569,2.94,480,0,347,364,0.3088,0.2248,SLOWDOWN,PolygonSlow,0.0,1.0,0.0,0.0,0.0
259.297,349.2,-3.5933,3.0628,1.7616,-1.569,2.94,480,0,349,366,0.3064,0.2256,SLOWDOWN,PolygonSlow,0.0,1.0,0.0,0.0,0.0
259.402,349.3,-3.5955,3.0628,1.7899,-1.569,2.94,480,0,350,368,0.3043,0.2265,SLOWDOWN,PolygonSlow,0.0,1.0,0.0,0.0,0.0
259.502,349.4,-3.5975,3.0628,1.8176,-1.569,2.94,480,0,352,370,0.3022,0.2275,SLOWDOWN,PolygonSlow,0.0,1.0,0.0,0.0,0.0
259.607,349.5,-3.5995,3.0628,1.845,-1.569,2.94,480,0,348,372,0.3003,0.2287,SLOWDOWN,PolygonSlow,0.0,1.0,0.0,0.0,0.0
259.709,349.6,-3.6013,3.0628,1.8718,-1.569,2.94,480,0,347,374,0.2985,0.2299,SLOWDOWN,PolygonSlow,0.0,1.0,0.0,0.0,0.0
259.818,349.7,-3.603,3.0628,1.8983,-1.569,2.94,480,0,342,376,0.2968,0.2313,SLOWDOWN,PolygonSlow,0.0,1.0,0.0,0.0,0.0
259.932,349.8,-3.6049,3.0628,1.9296,-1.569,2.94,480,0,335,378,0.2954,0.2328,SLOWDOWN,PolygonSlow,0.0,1.0,0.0,0.0,0.0
260.02,349.9,-3.606,3.0628,1.9501,-1.569,2.94,480,0,327,380,0.2939,0.2344,SLOWDOWN,PolygonSlow,0.0,0.9959,0.0,0.0,0.0
260.133,350.0,-3.6076,3.0628,1.9803,-1.569,2.94,480,0,321,382,0.2924,0.2361,SLOWDOWN,PolygonSlow,0.0,0.8945,0.0,0.0,0.0
260.217,350.1,-3.6085,3.0628,1.9982,-1.569,2.94,480,0,316,384,0.2912,0.2378,SLOWDOWN,PolygonSlow,0.0,0.7863,0.0,0.0,0.0
260.331,350.2,-3.6095,3.0628,2.0181,-1.569,2.94,480,0,311,386,0.2903,0.2393,SLOWDOWN,PolygonSlow,0.0,0.676,0.0,0.0,0.0
260.431,350.3,-3.6102,3.0628,2.0351,-1.569,2.94,480,0,310,387,0.2895,0.2407,SLOWDOWN,PolygonSlow,0.0,0.5853,0.0,0.0,0.0
260.54,350.4,-3.6108,3.0628,2.0496,-1.569,2.94,480,0,306,388,0.2889,0.2419,SLOWDOWN,PolygonSlow,0.0,0.4669,0.0,0.0,0.0
260.641,350.5,-3.6113,3.0628,2.0614,-1.569,2.94,480,0,302,389,0.2885,0.2429,SLOWDOWN,PolygonSlow,0.0,0.4,0.0,0.0,0.0
260.743,350.6,-3.6116,3.0628,2.0709,-1.569,2.94,480,0,301,390,0.2881,0.2438,SLOWDOWN,PolygonSlow,0.0,0.4,0.0,0.0,0.0
260.845,350.7,-3.6119,3.0628,2.0804,-0.019,-0.01,480,0,299,391,0.2878,0.2447,SLOWDOWN,PolygonSlow,0.0,0.9487,0.0,0.0,0.0
260.948,350.8,-3.6122,3.0627,2.0874,-0.019,-0.01,480,0,299,391,0.2876,0.2453,SLOWDOWN,PolygonSlow,0.0,0.9487,0.0,0.0,0.0
261.046,350.9,-3.6126,3.0627,2.1024,-0.019,-0.01,480,0,297,392,0.2872,0.2468,SLOWDOWN,PolygonSlow,0.0,0.9487,0.0,0.0,0.0
261.15,351.0,-3.6132,3.0627,2.1235,-0.019,-0.01,480,0,294,393,0.2867,0.249,SLOWDOWN,PolygonSlow,0.0,0.9487,0.0,0.0,0.0
261.25,351.1,-3.6137,3.0627,2.1451,-0.019,-0.01,480,0,290,390,0.2862,0.2512,SLOWDOWN,PolygonSlow,0.0,0.8974,0.0,0.0,0.0
261.35,351.2,-3.6141,3.0627,2.1658,-0.019,-0.01,480,0,288,388,0.2856,0.2535,SLOWDOWN,PolygonSlow,0.0,0.8974,0.0,0.0,0.0
261.448,351.3,-3.6144,3.0626,2.1854,-0.019,-0.01,480,0,285,385,0.2853,0.2558,SLOWDOWN,PolygonSlow,0.0,0.8462,0.0,0.0,0.0
261.547,351.4,-3.6145,3.0624,2.2032,-0.019,-0.01,480,0,282,383,0.2852,0.2581,SLOWDOWN,PolygonSlow,0.0,0.8462,0.0,0.0,0.0
261.648,351.5,-3.6145,3.0622,2.2204,-0.019,-0.01,480,0,281,382,0.2853,0.2603,SLOWDOWN,PolygonSlow,0.0,0.7949,0.0,0.0,0.0
261.749,351.6,-3.6145,3.0621,2.2374,-0.019,-0.01,480,0,279,381,0.2852,0.2626,SLOWDOWN,PolygonSlow,0.0,0.7949,0.0,0.0,0.0
261.848,351.7,-3.6145,3.0621,2.2542,-0.019,-0.01,480,0,276,379,0.2852,0.2648,SLOWDOWN,PolygonSlow,0.0,0.7949,0.0,0.0,0.0
261.948,351.8,-3.6145,3.062,2.2713,-0.019,-0.01,480,0,276,377,0.2852,0.2671,SLOWDOWN,PolygonSlow,0.0,0.7436,0.0,0.0,0.0
262.048,351.9,-3.6145,3.0619,2.288,-0.019,-0.01,480,0,274,375,0.2852,0.2693,SLOWDOWN,PolygonSlow,0.0,0.7436,0.0,0.0,0.0
262.149,352.0,-3.6145,3.0617,2.3045,-0.019,-0.01,480,0,273,374,0.2852,0.2715,SLOWDOWN,PolygonSlow,0.0,0.6923,0.0,0.0,0.0
262.247,352.1,-3.6145,3.0615,2.3207,-0.019,-0.01,480,0,271,372,0.2852,0.2737,SLOWDOWN,PolygonSlow,0.0,0.6923,0.0,0.0,0.0
262.348,352.2,-3.6145,3.0614,2.3366,-0.019,-0.01,480,0,269,371,0.2851,0.2758,SLOWDOWN,PolygonSlow,0.0,0.6923,0.0,0.0,0.0
262.449,352.3,-3.6145,3.0613,2.3528,-0.019,-0.01,480,0,270,371,0.2851,0.278,SLOWDOWN,PolygonSlow,0.0,0.6923,0.0,0.0,0.0
262.554,352.4,-3.6145,3.0613,2.369,-0.019,-0.01,480,0,268,369,0.2852,0.2802,SLOWDOWN,PolygonSlow,0.0,0.641,0.0,0.0,0.0
262.648,352.5,-3.6144,3.0613,2.3845,-0.019,-0.01,480,0,268,369,0.2852,0.2824,SLOWDOWN,PolygonSlow,0.0,0.641,0.0,0.0,0.0
262.75,352.6,-3.6142,3.0613,2.3991,-0.019,-0.01,480,0,266,368,0.2854,0.2845,SLOWDOWN,PolygonSlow,0.0,0.641,0.0,0.0,0.0
262.85,352.7,-3.614,3.0613,2.4135,-0.019,-0.01,480,0,266,367,0.2857,0.2866,SLOWDOWN,PolygonSlow,0.0,0.5897,0.0,0.0,0.0
262.952,352.8,-3.6139,3.0613,2.427,-0.019,-0.01,480,0,266,365,0.2858,0.2886,SLOWDOWN,PolygonSlow,0.0,0.5897,0.0,0.0,0.0
263.053,352.9,-3.6138,3.0613,2.4399,-0.019,-0.01,480,0,266,366,0.286,0.2904,SLOWDOWN,PolygonSlow,0.0,0.5897,0.0,0.0,0.0
263.16,353.0,-3.6137,3.0613,2.4527,-0.019,-0.01,480,0,266,366,0.2861,0.2922,SLOWDOWN,PolygonSlow,0.0,0.5897,0.0,0.0,0.0
263.282,353.1,-3.6137,3.0613,2.4677,-0.019,-0.01,480,0,266,365,0.286,0.2939,SLOWDOWN,PolygonSlow,0.0,0.5385,0.0,0.0,0.0
263.359,353.2,-3.6137,3.0613,2.477,-0.019,-0.01,480,0,265,364,0.2859,0.2955,SLOWDOWN,PolygonSlow,0.0316,-1.0,0.0,0.0,0.0
263.479,353.3,-3.6143,3.0618,2.4867,-0.019,-0.01,480,0,268,364,0.2854,0.2962,SLOWDOWN,PolygonSlow,0.0316,-1.0,0.0316,0.0095,0.0095
263.559,353.4,-3.6149,3.0622,2.4878,-0.019,-0.01,480,0,268,364,0.2846,0.2957,SLOWDOWN,PolygonSlow,0.0316,-1.0,0.0316,0.0095,0.0095
263.675,353.5,-3.6156,3.0628,2.4831,-0.019,-0.01,480,0,268,365,0.2839,0.2944,SLOWDOWN,PolygonSlow,0.0316,-1.0,0.0316,0.0095,0.0095
263.774,353.6,-3.6163,3.0634,2.4704,-0.019,-0.01,480,0,269,366,0.2832,0.292,SLOWDOWN,PolygonSlow,0.0316,-1.0,0.0316,0.0095,0.0095
263.889,353.7,-3.6171,3.064,2.4517,-0.019,-0.01,480,0,270,368,0.2826,0.2887,SLOWDOWN,PolygonSlow,0.0316,-1.0,0.0316,0.0095,0.0095
263.989,353.8,-3.618,3.0646,2.43,-0.019,-0.01,480,0,272,368,0.2817,0.2849,SLOWDOWN,PolygonSlow,0.0316,-1.0,0.0316,0.0095,0.0095
264.099,353.9,-3.619,3.0652,2.4078,-0.019,-0.01,480,0,273,370,0.2807,0.2809,SLOWDOWN,PolygonSlow,0.0316,-1.0,0.0316,0.0095,0.0095
264.199,354.0,-3.6199,3.0659,2.3851,-0.019,-0.01,480,0,274,371,0.2797,0.2769,SLOWDOWN,PolygonSlow,0.0316,-0.9487,0.0316,0.0095,0.0095
264.308,354.1,-3.6207,3.0665,2.363,-0.019,-0.01,480,0,277,374,0.2789,0.2732,SLOWDOWN,PolygonSlow,0.0316,-0.9487,0.0316,0.0095,0.0095
264.407,354.2,-3.6214,3.0672,2.3407,-0.019,-0.01,480,0,280,375,0.2783,0.2695,SLOWDOWN,PolygonSlow,0.0316,-0.9487,0.0316,0.0095,0.0095
264.516,354.3,-3.622,3.0681,2.319,-0.019,-0.01,480,0,282,377,0.2776,0.2659,SLOWDOWN,PolygonSlow,0.0316,-0.8974,0.0316,0.0095,0.0095
264.612,354.4,-3.6227,3.069,2.2987,-0.019,-0.01,480,0,284,379,0.2771,0.2626,SLOWDOWN,PolygonSlow,0.0316,-0.8974,0.0316,0.0095,0.0095
264.714,354.5,-3.6233,3.07,2.2791,-0.019,-0.01,480,0,287,381,0.2764,0.2593,SLOWDOWN,PolygonSlow,0.0316,-0.8462,0.0316,0.0095,0.0095
264.814,354.6,-3.6239,3.0708,2.2608,-0.019,-0.01,480,0,291,384,0.2758,0.2563,SLOWDOWN,PolygonSlow,0.0316,-0.8462,0.0316,0.0095,0.0095
264.912,354.7,-3.6245,3.0716,2.2428,-0.019,-0.01,480,0,292,385,0.2752,0.2533,SLOWDOWN,PolygonSlow,0.0316,-0.8462,0.0316,0.0095,0.0095
265.013,354.8,-3.625,3.0723,2.2255,-0.019,-0.01,480,0,296,387,0.2747,0.2505,SLOWDOWN,PolygonSlow,0.0158,-0.7436,0.0158,0.0047,0.0047
265.113,354.9,-3.6253,3.0728,2.2103,-0.019,-0.01,480,0,298,389,0.2744,0.2482,SLOWDOWN,PolygonSlow,0.0158,-0.7436,0.0158,0.0047,0.0047
265.212,355.0,-3.6255,3.0733,2.1957,-0.019,-0.01,480,0,301,391,0.2742,0.246,SLOWDOWN,PolygonSlow,0.0,-0.641,0.0,0.0,0.0
265.313,355.1,-3.6255,3.0736,2.1829,-0.019,-0.01,480,0,304,392,0.2742,0.2444,SLOWDOWN,PolygonSlow,0.0,-0.641,0.0,0.0,0.0
265.411,355.2,-3.6255,3.0738,2.1703,-0.019,-0.01,480,0,306,394,0.2742,0.2427,SLOWDOWN,PolygonSlow,0.0,-0.641,0.0,0.0,0.0
265.511,355.3,-3.6254,3.074,2.1573,-0.019,-0.01,480,0,307,395,0.2743,0.2411,SLOWDOWN,PolygonSlow,0.0,-0.641,0.0,0.0,0.0
265.612,355.4,-3.6252,3.0741,2.1435,-0.019,-0.01,480,0,309,397,0.2746,0.2396,SLOWDOWN,PolygonSlow,0.0,-0.5897,0.0,0.0,0.0
265.712,355.5,-3.6249,3.0741,2.1301,-0.019,-0.01,480,0,311,397,0.275,0.2381,SLOWDOWN,PolygonSlow,0.0,-0.5897,0.0,0.0,0.0
265.814,355.6,-3.6245,3.0741,2.1166,-0.019,-0.01,480,0,313,396,0.2754,0.2367,SLOWDOWN,PolygonSlow,0.0,-0.5897,0.0,0.0,0.0
265.913,355.7,-3.6241,3.0741,2.1029,-0.019,-0.01,480,0,316,395,0.2758,0.2354,SLOWDOWN,PolygonSlow,0.0,-0.5897,0.0,0.0,0.0
266.016,355.8,-3.6237,3.0741,2.0894,-0.019,-0.01,480,0,319,393,0.2762,0.2341,SLOWDOWN,PolygonSlow,0.0,-0.5385,0.0,0.0,0.0
266.117,355.9,-3.6232,3.0741,2.0767,-0.019,-0.01,480,0,320,392,0.2766,0.2329,SLOWDOWN,PolygonSlow,0.0,-0.5385,0.0,0.0,0.0
266.22,356.0,-3.6228,3.0741,2.0639,-0.019,-0.01,480,0,322,392,0.277,0.2317,SLOWDOWN,PolygonSlow,0.0,-0.5385,0.0,0.0,0.0
266.323,356.1,-3.6223,3.0741,2.0497,-0.019,-0.01,480,0,325,390,0.2775,0.2305,SLOWDOWN,PolygonSlow,0.0,-1.0,0.0,0.0,0.0
266.424,356.2,-3.6214,3.0741,2.0287,-0.019,-0.01,480,0,328,388,0.2783,0.2287,SLOWDOWN,PolygonSlow,0.0,-1.0,0.0,0.0,0.0
266.528,356.3,-3.6203,3.0741,2.0042,-0.019,-0.01,480,0,335,387,0.2794,0.2267,SLOWDOWN,PolygonSlow,0.0,-1.0,0.0,0.0,0.0
266.642,356.4,-3.6188,3.0741,1.9743,-0.019,-0.01,480,0,341,384,0.2807,0.2249,SLOWDOWN,PolygonSlow,0.0,-1.0,0.0,0.0,0.0
266.732,356.5,-3.6177,3.0741,1.9541,-0.019,-0.01,480,0,347,383,0.282,0.2232,SLOWDOWN,PolygonSlow,0.0,-1.0,0.0,0.0,0.0
266.842,356.6,-3.616,3.0741,1.9233,-0.019,-0.01,480,0,355,380,0.2837,0.2215,SLOWDOWN,PolygonSlow,0.0,-1.0,0.0,0.0,0.0
266.933,356.7,-3.6147,3.0741,1.9024,-0.019,-0.01,480,0,357,379,0.2852,0.22,SLOWDOWN,PolygonSlow,0.0,-1.0,0.0,0.0,0.0
267.039,356.8,-3.613,3.0741,1.876,-0.019,-0.01,480,0,357,376,0.2868,0.2186,SLOWDOWN,PolygonSlow,0.0,-1.0,0.0,0.0,0.0
267.142,356.9,-3.6113,3.0741,1.8492,-0.019,-0.01,480,0,355,374,0.2885,0.2173,SLOWDOWN,PolygonSlow,0.0,-1.0,0.0,0.0,0.0
267.245,357.0,-3.6093,3.0741,1.822,-0.019,-0.01,480,0,354,372,0.2905,0.2162,SLOWDOWN,PolygonSlow,0.0,-1.0,0.0,0.0,0.0
267.345,357.1,-3.6073,3.0741,1.7943,-0.019,-0.01,480,0,353,370,0.2924,0.2151,SLOWDOWN,PolygonSlow,0.0474,-1.0,0.0,0.0,0.0
267.449,357.2,-3.6053,3.0747,1.7661,-0.019,-0.01,480,0,351,368,0.2945,0.2141,SLOWDOWN,PolygonSlow,0.0474,-1.0,0.0474,0.0142,0.0142
267.548,357.3,-3.6033,3.0761,1.7375,-0.019,-0.01,480,0,350,367,0.2965,0.213,SLOWDOWN,PolygonSlow,0.0474,-1.0,0.0474,0.0142,0.0142
267.65,357.4,-3.6012,3.0775,1.7084,-0.019,-0.01,480,0,348,364,0.2986,0.2121,SLOWDOWN,PolygonSlow,0.0474,-1.0,0.0474,0.0142,0.0142
267.749,357.5,-3.5989,3.0789,1.6788,-0.019,-0.01,480,0,347,363,0.3009,0.2114,SLOWDOWN,PolygonSlow,0.0474,-0.9487,0.0474,0.0142,0.0142
267.851,357.6,-3.5965,3.0803,1.6495,-0.019,-0.01,480,0,345,361,0.3033,0.2108,SLOWDOWN,PolygonSlow,0.0474,-0.9487,0.0474,0.0142,0.0142
267.949,357.7,-3.5941,3.0817,1.6204,-0.019,-0.01,480,0,344,360,0.3056,0.2105,SLOWDOWN,PolygonSlow,0.0474,-1.0,0.0474,0.0142,0.0142
268.05,357.8,-3.5915,3.0831,1.5898,-0.019,-0.01,480,0,343,360,0.3083,0.2103,SLOWDOWN,PolygonSlow,0.0474,-1.0,0.0474,0.0142,0.0142
268.152,357.9,-3.5886,3.0845,1.558,-0.019,-0.01,480,0,341,361,0.3111,0.2103,SLOWDOWN,PolygonSlow,0.0474,-1.0,0.0474,0.0142,0.0142
268.251,358.0,-3.5858,3.086,1.5266,-0.019,-0.01,480,0,339,361,0.3138,0.2103,SLOWDOWN,PolygonSlow,0.0316,-1.0,0.0474,0.0142,0.0142
268.35,358.1,-3.583,3.0871,1.4958,-0.019,-0.01,480,0,338,361,0.3128,0.2105,SLOWDOWN,PolygonSlow,0.0316,-1.0,0.0316,0.0095,0.0095
268.449,358.2,-3.5804,3.088,1.4656,-0.019,-0.01,480,0,336,361,0.3116,0.2107,SLOWDOWN,PolygonSlow,0.0316,-1.0,0.0316,0.0095,0.0095
268.551,358.3,-3.5778,3.089,1.4359,-0.019,-0.01,480,0,335,361,0.3107,0.211,SLOWDOWN,PolygonSlow,0.0316,-1.0,0.0316,0.0095,0.0095
268.654,358.4,-3.5753,3.0899,1.4068,-0.019,-0.01,480,0,333,361,0.3099,0.2114,SLOWDOWN,PolygonSlow,0.0316,-1.0,0.0316,0.0095,0.0095
268.751,358.5,-3.5729,3.0909,1.3781,-0.019,-0.01,480,0,332,361,0.3088,0.2118,SLOWDOWN,PolygonSlow,0.0316,-1.0,0.0316,0.0095,0.0095
268.851,358.6,-3.5705,3.0918,1.3499,-0.019,-0.01,480,0,328,362,0.3079,0.2122,SLOWDOWN,PolygonSlow,0.0316,-1.0,0.0316,0.0095,0.0095
268.951,358.7,-3.5683,3.0927,1.3222,-0.019,-0.01,480,0,322,361,0.3072,0.2127,SLOWDOWN,PolygonSlow,0.0,-1.0,0.0316,0.0095,0.0095
269.052,358.8,-3.5663,3.0931,1.2949,-0.019,-0.01,480,0,313,362,0.3066,0.213,SLOWDOWN,PolygonSlow,0.0,-1.0,0.0,0.0,0.0
269.151,358.9,-3.5645,3.0931,1.2681,-0.019,-0.01,480,0,301,362,0.3065,0.2133,SLOWDOWN,PolygonSlow,0.0,-1.0,0.0,0.0,0.0
269.251,359.0,-3.5628,3.0931,1.2416,-0.019,-0.01,480,0,292,362,0.3067,0.2135,SLOWDOWN,PolygonSlow,0.0,-1.0,0.0,0.0,0.0
269.351,359.1,-3.5612,3.0931,1.2155,-0.019,-0.01,480,0,285,363,0.3066,0.2138,SLOWDOWN,PolygonSlow,0.0,-1.0,0.0,0.0,0.0
269.453,359.2,-3.5597,3.0931,1.1899,-0.019,-0.01,480,0,277,363,0.3065,0.214,SLOWDOWN,PolygonSlow,0.0,-1.0,0.0,0.0,0.0
269.554,359.3,-3.5584,3.0931,1.1646,-0.019,-0.01,480,0,270,360,0.3065,0.2142,SLOWDOWN,PolygonSlow,0.0,-1.0,0.0,0.0,0.0
269.659,359.4,-3.5571,3.0931,1.1397,-0.019,-0.01,480,0,265,356,0.3067,0.2144,SLOWDOWN,PolygonSlow,0.0,-1.0,0.0,0.0,0.0
269.759,359.5,-3.556,3.0931,1.1152,-0.019,-0.01,480,0,256,350,0.3065,0.2146,SLOWDOWN,PolygonSlow,0.0,-1.0,0.0,0.0,0.0
269.864,359.6,-3.555,3.0931,1.091,-0.019,-0.01,480,0,251,344,0.3064,0.2148,SLOWDOWN,PolygonSlow,0.0,-1.0,0.0,0.0,0.0
269.976,359.7,-3.5539,3.0931,1.0624,-0.019,-0.01,480,0,247,338,0.3066,0.2149,SLOWDOWN,PolygonSlow,0.0,-1.0,0.0,0.0,0.0
270.065,359.8,-3.5533,3.0931,1.0436,-0.019,-0.01,479,0,241,332,0.3066,0.215,SLOWDOWN,PolygonSlow,0.0,-1.0,0.0,0.0,0.0
270.176,359.9,-3.5525,3.0931,1.0159,-0.019,-0.01,480,0,237,327,0.3064,0.2152,SLOWDOWN,PolygonSlow,0.0,-1.0,0.0,0.0,0.0
270.265,360.0,-3.5521,3.0931,0.9977,-0.019,-0.01,480,0,234,322,0.3065,0.2154,SLOWDOWN,PolygonSlow,0.0632,-1.0,0.0,0.0,0.0
270.376,360.1,-3.5512,3.0938,0.9775,-0.019,-0.01,479,0,230,319,0.3059,0.2161,SLOWDOWN,PolygonSlow,0.0632,-1.0,0.0632,0.0189,0.0189
270.474,360.2,-3.5501,3.0949,0.9581,-0.019,-0.01,479,0,228,314,0.3047,0.2172,SLOWDOWN,PolygonSlow,0.0632,-1.0,0.0632,0.0189,0.0189
270.582,360.3,-3.549,3.0961,0.9381,-0.019,-0.01,480,0,226,311,0.3035,0.2185,SLOWDOWN,PolygonSlow,0.0947,-1.0,0.0947,0.0189,0.0189
270.681,360.4,-3.5474,3.098,0.9178,-0.019,-0.01,480,0,224,307,0.3017,0.2204,SLOWDOWN,PolygonSlow,0.0947,-1.0,0.0947,0.0284,0.0284
270.787,360.5,-3.5457,3.1001,0.8969,-0.019,-0.01,480,0,221,306,0.2996,0.2226,SLOWDOWN,PolygonSlow,0.0632,-1.0,0.0632,0.0189,0.0284
270.885,360.6,-3.5444,3.1018,0.8755,-0.019,-0.01,479,0,220,301,0.2979,0.2246,SLOWDOWN,PolygonSlow,0.0632,-1.0,0.0632,0.0189,0.0189
270.99,360.7,-3.5431,3.1034,0.8537,-0.019,-0.01,479,0,218,298,0.2962,0.2267,SLOWDOWN,PolygonSlow,0.0158,-1.0,0.0158,0.0047,0.0047
271.091,360.8,-3.5427,3.1042,0.8315,-0.019,-0.01,479,0,216,295,0.2954,0.2282,SLOWDOWN,PolygonSlow,0.0,0.0,0.0,0.0,0.0
271.19,360.9,-3.5427,3.1044,0.8137,-0.019,-0.01,480,0,215,292,0.2952,0.2291,SLOWDOWN,PolygonSlow,0.0,-1.0,0.0,0.0,0.0
271.289,361.0,-3.5427,3.1045,0.7929,-0.019,-0.01,479,0,213,288,0.2951,0.2305,SLOWDOWN,PolygonSlow,0.0,-1.0,0.0,0.0,0.0
271.393,361.1,-3.5427,3.1045,0.7694,-0.019,-0.01,479,0,212,285,0.2951,0.2322,SLOWDOWN,PolygonSlow,0.0,-1.0,0.0,0.0,0.0
271.49,361.2,-3.5425,3.1045,0.7464,-0.019,-0.01,480,0,211,281,0.2952,0.2342,SLOWDOWN,PolygonSlow,0.0,-1.0,0.0,0.0,0.0
271.593,361.3,-3.5422,3.1045,0.7239,-0.019,-0.01,479,0,209,279,0.2952,0.2366,SLOWDOWN,PolygonSlow,0.0,-1.0,0.0,0.0,0.0
271.69,361.4,-3.542,3.1045,0.7019,-0.019,-0.01,480,0,209,277,0.2952,0.239,SLOWDOWN,PolygonSlow,0.0,-1.0,0.0,0.0,0.0
271.79,361.5,-3.5419,3.1045,0.6804,-0.019,-0.01,479,0,208,273,0.2952,0.2415,SLOWDOWN,PolygonSlow,0.0,-1.0,0.0,0.0,0.0
271.89,361.6,-3.5418,3.1045,0.6594,-0.019,-0.01,479,0,206,270,0.2953,0.2441,SLOWDOWN,PolygonSlow,0.1895,-1.0,0.125,0.0375,0.0375
271.991,361.7,-3.5385,3.107,0.6385,-0.019,-0.01,480,0,208,269,0.2927,0.2504,SLOWDOWN,PolygonSlow,0.1895,-0.8974,0.1895,0.0568,0.0568
272.091,361.8,-3.5339,3.1101,0.6189,-0.019,-0.01,480,0,208,269,0.2896,0.2583,SLOWDOWN,PolygonSlow,0.1895,-1.0,0.1895,0.0568,0.0568
272.192,361.9,-3.5293,3.113,0.5969,-0.019,-0.01,479,0,208,266,0.2867,0.2548,SLOWDOWN,PolygonSlow,0.1737,-0.9487,0.1737,0.0521,0.0521
272.292,362.0,-3.525,3.1155,0.5756,-0.019,-0.01,480,0,209,265,0.2844,0.2496,SLOWDOWN,PolygonSlow,0.1579,-1.0,0.1579,0.0474,0.0474
272.39,362.1,-3.5209,3.1176,0.5529,-0.019,-0.01,479,0,213,262,0.2823,0.2446,SLOWDOWN,PolygonSlow,0.1737,-0.9487,0.1737,0.0521,0.0521
272.49,362.2,-3.5165,3.1196,0.5309,-0.019,-0.01,479,0,214,261,0.2803,0.2397,SLOWDOWN,PolygonSlow,0.2526,-0.9487,0.2526,0.0758,0.0758
272.591,362.3,-3.51,3.1226,0.5088,-0.019,-0.01,480,0,215,260,0.2772,0.2339,SLOWDOWN,PolygonSlow,0.2684,-1.0,0.2684,0.0805,0.0805
272.692,362.4,-3.5029,3.1256,0.4851,-0.019,-0.01,480,0,217,259,0.2742,0.2279,SLOWDOWN,PolygonSlow,0.2526,-1.0,0.2526,0.0758,0.0758
272.794,362.5,-3.4962,3.1281,0.461,-0.019,-0.01,480,0,220,258,0.2716,0.2224,SLOWDOWN,PolygonSlow,0.2526,-1.0,0.2526,0.0758,0.0758
272.893,362.6,-3.4894,3.1303,0.4366,-0.019,-0.01,480,0,223,257,0.2694,0.2172,SLOWDOWN,PolygonSlow,0.2368,-0.8974,0.2368,0.0711,0.0711
272.997,362.7,-3.4829,3.1321,0.4143,-0.019,-0.01,480,0,230,256,0.2676,0.2125,SLOWDOWN,PolygonSlow,0.2684,-1.0,0.2684,0.0711,0.0711
273.098,362.8,-3.4756,3.134,0.3895,-0.019,-0.01,480,0,235,256,0.2658,0.2077,SLOWDOWN,PolygonSlow,0.2842,-1.0,0.2842,0.0853,0.0853
273.203,362.9,-3.4678,3.1357,0.3645,-0.019,-0.01,480,0,233,253,0.2641,0.203,SLOWDOWN,PolygonSlow,0.2684,-0.8974,0.2684,0.0805,0.0805
273.318,363.0,-3.4587,3.1374,0.3366,-0.019,-0.01,480,0,231,254,0.2627,0.1988,SLOWDOWN,PolygonSlow,0.2684,-0.8974,0.2684,0.0805,0.0805
273.402,363.1,-3.4526,3.1382,0.3178,-0.019,-0.01,480,0,230,253,0.2616,0.1949,SLOWDOWN,PolygonSlow,0.2684,-0.8974,0.2684,0.0805,0.0805
273.519,363.2,-3.443,3.1393,0.2881,-0.019,-0.01,480,0,228,254,0.2609,0.1912,SLOWDOWN,PolygonSlow,0.3,-1.0,0.3,0.09,0.09
273.604,363.3,-3.4362,3.1398,0.2669,-0.019,-0.01,480,0,226,254,0.26,0.1875,SLOWDOWN,PolygonSlow,0.2842,-0.8974,0.2842,0.0853,0.0853
273.713,363.4,-3.4278,3.1402,0.2423,-0.019,-0.01,480,0,224,256,0.2596,0.1843,SLOWDOWN,PolygonSlow,0.3,-0.8974,0.3,0.09,0.09
273.813,363.5,-3.4192,3.1405,0.2179,-0.019,-0.01,480,0,222,258,0.2593,0.1814,SLOWDOWN,PolygonSlow,0.2842,-0.7949,0.2842,0.0853,0.0853
273.922,363.6,-3.4108,3.1405,0.1958,-0.019,-0.01,480,0,221,260,0.2593,0.1789,SLOWDOWN,PolygonSlow,0.2842,-0.7436,0.2842,0.0853,0.0853
274.023,363.7,-3.4024,3.1405,0.1751,-0.019,-0.01,480,0,219,264,0.2593,0.1767,SLOWDOWN,PolygonSlow,0.3,-0.641,0.3,0.09,0.09
274.123,363.8,-3.3935,3.1405,0.1566,-0.019,-0.01,480,0,217,268,0.2593,0.1747,SLOWDOWN,PolygonSlow,0.3,-0.641,0.3,0.09,0.09
274.221,363.9,-3.3848,3.1403,0.1384,-0.019,-0.01,480,0,215,273,0.2595,0.173,SLOWDOWN,PolygonSlow,0.2842,-0.5897,0.2842,0.0853,0.0853
274.329,364.0,-3.3761,3.1401,0.1216,-0.019,-0.01,480,0,214,279,0.2597,0.1716,SLOWDOWN,PolygonSlow,0.3,-0.5385,0.3,0.09,0.09
274.428,364.1,-3.3672,3.1398,0.1062,-0.019,-0.01,480,0,213,282,0.26,0.1703,SLOWDOWN,PolygonSlow,0.3,-0.4872,0.3,0.09,0.09
274.531,364.2,-3.3582,3.1394,0.0897,-0.019,-0.01,480,0,211,285,0.2605,0.1691,SLOWDOWN,PolygonSlow,0.3,-0.6923,0.3,0.09,0.09
274.63,364.3,-3.3493,3.1383,0.069,-0.019,-0.01,480,0,209,282,0.2615,0.1681,SLOWDOWN,PolygonSlow,0.3,-0.6923,0.3,0.09,0.09
274.73,364.4,-3.3403,3.1371,0.0495,-0.019,-0.01,480,0,208,281,0.2626,0.1675,SLOWDOWN,PolygonSlow,0.3,-0.3846,0.3,0.09,0.09
274.828,364.5,-3.3313,3.1363,0.0347,-0.019,-0.01,480,0,206,281,0.2635,0.1669,SLOWDOWN,PolygonSlow,0.3,-0.5897,0.3,0.09,0.09
274.928,364.6,-3.3223,3.1349,0.0171,-0.019,-0.01,480,0,205,280,0.2649,0.1666,SLOWDOWN,PolygonSlow,0.3,-0.5385,0.3,0.09,0.09
275.03,364.7,-3.3133,3.1335,-0.0,-0.019,-0.01,480,0,203,279,0.2663,0.1665,SLOWDOWN,PolygonSlow,0.3,-0.5385,0.3,0.09,0.09
275.129,364.8,-3.3045,3.1319,-0.0171,-0.019,-0.01,480,0,201,279,0.2679,0.1666,SLOWDOWN,PolygonSlow,0.2842,-0.5385,0.2842,0.0853,0.0853
275.227,364.9,-3.2958,3.1303,-0.0328,-0.019,-0.01,480,0,199,278,0.2695,0.1668,SLOWDOWN,PolygonSlow,0.3,-0.4359,0.3,0.09,0.09
275.331,365.0,-3.2868,3.1287,-0.0464,-0.019,-0.01,480,0,197,277,0.271,0.1672,SLOWDOWN,PolygonSlow,0.3,-0.4359,0.3,0.09,0.09
275.43,365.1,-3.2778,3.1271,-0.0592,-0.019,-0.01,480,0,196,277,0.2726,0.1677,SLOWDOWN,PolygonSlow,0.3,-0.3846,0.3,0.09,0.09
275.529,365.2,-3.2688,3.1256,-0.0704,-0.019,-0.01,480,0,195,277,0.2742,0.1684,SLOWDOWN,PolygonSlow,0.3,-0.3333,0.3,0.09,0.09
275.628,365.3,-3.2598,3.1241,-0.0799,-0.019,-0.01,480,0,194,277,0.2757,0.1691,SLOWDOWN,PolygonSlow,0.3,-0.2821,0.3,0.09,0.09
275.728,365.4,-3.2509,3.1225,-0.0891,-0.019,-0.01,480,0,193,276,0.2773,0.1699,SLOWDOWN,PolygonSlow,0.3,-0.3333,0.3,0.09,0.09
275.828,365.5,-3.2419,3.1209,-0.0979,-0.019,-0.01,480,0,192,276,0.2789,0.1708,SLOWDOWN,PolygonSlow,0.3,-0.2308,0.3,0.09,0.09
275.928,365.6,-3.2329,3.1194,-0.1048,-0.019,-0.01,480,0,191,276,0.2804,0.1717,SLOWDOWN,PolygonSlow,0.3,-0.2308,0.3,0.09,0.09
276.028,365.7,-3.2242,3.1179,-0.1117,-0.019,-0.01,480,0,190,276,0.2819,0.1727,SLOWDOWN,PolygonSlow,0.2842,-0.2308,0.2842,0.0853,0.0853
276.128,365.8,-3.2155,3.1163,-0.1186,-0.019,-0.01,480,0,189,275,0.2835,0.1737,SLOWDOWN,PolygonSlow,0.3,-0.2308,0.3,0.09,0.09
276.231,365.9,-3.2066,3.1147,-0.1254,-0.019,-0.01,480,0,188,276,0.2851,0.1749,SLOWDOWN,PolygonSlow,0.3,-0.2308,0.3,0.09,0.09
276.334,366.0,-3.1977,3.113,-0.1316,-0.019,-0.01,480,0,188,276,0.2868,0.1761,SLOWDOWN,PolygonSlow,0.3,-0.1795,0.3,0.09,0.09
276.434,366.1,-3.1887,3.1114,-0.1369,-0.019,-0.01,480,0,187,277,0.2884,0.1773,SLOWDOWN,PolygonSlow,0.3,-0.1795,0.3,0.09,0.09
276.538,366.2,-3.18,3.1097,-0.1416,-0.019,-0.01,480,0,186,276,0.29,0.1786,SLOWDOWN,PolygonSlow,0.2842,-0.1282,0.2842,0.0853,0.0853
276.651,366.3,-3.1697,3.1079,-0.1453,-0.019,-0.01,480,0,186,277,0.2915,0.1798,SLOWDOWN,PolygonSlow,0.3,-0.0769,0.3,0.09,0.09
276.738,366.4,-3.1625,3.1067,-0.1471,-0.019,-0.01,480,0,185,276,0.293,0.1811,SLOWDOWN,PolygonSlow,0.3,-0.0769,0.3,0.09,0.09
276.852,366.5,-3.1519,3.1049,-0.1507,-0.019,-0.01,480,0,184,277,0.2946,0.1825,SLOWDOWN,PolygonSlow,0.3,-0.1282,0.3,0.09,0.09
276.938,366.6,-3.1447,3.1036,-0.1525,-0.019,-0.01,480,0,186,278,0.2961,0.1839,SLOWDOWN,PolygonSlow,0.3,-0.0256,0.3,0.09,0.09
277.051,366.7,-3.1358,3.1022,-0.1533,-0.019,-0.01,480,0,188,279,0.2976,0.1852,SLOWDOWN,PolygonSlow,0.3,-0.0256,0.3,0.09,0.09
277.148,366.8,-3.1269,3.1008,-0.1536,-0.019,-0.01,480,0,189,278,0.299,0.1866,SLOWDOWN,PolygonSlow,0.3,0.0,0.3,0.09,0.09
277.259,366.9,-3.1181,3.0994,-0.1536,-0.019,-0.01,480,0,190,279,0.3004,0.188,SLOWDOWN,PolygonSlow,0.3,0.0,0.3,0.09,0.09
277.357,367.0,-3.1092,3.098,-0.1536,-0.019,-0.01,480,0,191,280,0.3017,0.1894,SLOWDOWN,PolygonSlow,0.2842,0.0,0.3,0.09,0.09
277.463,367.1,-3.1005,3.0967,-0.1536,-0.019,-0.01,480,0,193,281,0.3031,0.1907,SLOWDOWN,PolygonSlow,0.2842,0.0,0.2842,0.0853,0.0853
277.562,367.2,-3.0921,3.0954,-0.1536,-0.019,-0.01,480,0,192,282,0.3044,0.192,SLOWDOWN,PolygonSlow,0.3,0.0256,0.2842,0.0853,0.0853
277.668,367.3,-3.0834,3.0941,-0.1531,-0.019,-0.01,480,0,193,282,0.3057,0.1934,SLOWDOWN,PolygonSlow,0.3,0.0,0.3,0.09,0.09
277.765,367.4,-3.0745,3.0927,-0.153,-0.019,-0.01,480,0,193,283,0.3071,0.1947,SLOWDOWN,PolygonSlow,0.3,-0.0256,0.3,0.09,0.09
277.868,367.5,-3.0656,3.0913,-0.1536,-0.019,-0.01,480,0,193,283,0.3085,0.1961,SLOWDOWN,PolygonSlow,0.3,-0.0256,0.3,0.09,0.09
277.968,367.6,-3.0567,3.0899,-0.1543,-0.019,-0.01,480,0,194,284,0.3099,0.1975,SLOWDOWN,PolygonSlow,0.3,-0.0769,0.3,0.09,0.09
278.068,367.7,-3.0478,3.0883,-0.1563,-0.019,-0.01,480,0,194,284,0.3115,0.1989,SLOWDOWN,PolygonSlow,0.3,-0.1282,0.3,0.09,0.09
278.168,367.8,-3.039,3.0866,-0.1597,-0.019,-0.01,480,0,194,283,0.3131,0.2003,SLOWDOWN,PolygonSlow,0.2842,-0.0769,0.2842,0.09,0.09
278.269,367.9,-3.0304,3.0851,-0.1622,-0.019,-0.01,480,0,197,284,0.3147,0.2017,SLOWDOWN,PolygonSlow,0.2842,-0.1282,0.2842,0.0853,0.0853
278.368,368.0,-3.022,3.0834,-0.1656,-0.019,-0.01,480,0,197,284,0.3164,0.2031,SLOWDOWN,PolygonSlow,0.3,-0.0256,0.3,0.0853,0.0853
278.47,368.1,-3.0132,3.0818,-0.167,-0.019,-0.01,480,0,197,285,0.318,0.2046,SLOWDOWN,PolygonSlow,0.3,-0.0256,0.3,0.09,0.09
278.568,368.2,-3.0044,3.0803,-0.1677,-0.019,-0.01,480,0,198,285,0.3195,0.2061,SLOWDOWN,PolygonSlow,0.3,-0.0769,0.3,0.09,0.09
278.668,368.3,-2.9955,3.0786,-0.1696,-0.019,-0.01,480,0,198,285,0.3212,0.2076,SLOWDOWN,PolygonSlow,0.2842,-0.0256,0.2842,0.09,0.09
278.767,368.4,-2.987,3.0771,-0.1707,-0.019,-0.01,480,0,198,285,0.3228,0.2091,SLOWDOWN,PolygonSlow,0.2842,-0.0256,0.2842,0.0853,0.0853
278.867,368.5,-2.9786,3.0755,-0.1714,-0.019,-0.01,480,0,198,285,0.3243,0.2106,SLOWDOWN,PolygonSlow,0.2842,-0.0769,0.2842,0.0853,0.0853
278.967,368.6,-2.9702,3.0739,-0.1733,-0.019,-0.01,480,0,199,285,0.3259,0.212,SLOWDOWN,PolygonSlow,0.2684,-0.0256,0.2684,0.0853,0.0853
279.067,368.7,-2.9622,3.0724,-0.1743,-0.019,-0.01,480,0,197,285,0.3274,0.2135,SLOWDOWN,PolygonSlow,0.3,-0.0769,0.3,0.0805,0.0805
279.169,368.8,-2.9535,3.0708,-0.1762,-0.019,-0.01,480,0,197,285,0.3291,0.215,SLOWDOWN,PolygonSlow,0.3,-0.0769,0.3,0.09,0.09
279.269,368.9,-2.9447,3.069,-0.1784,-0.019,-0.01,480,0,195,285,0.3308,0.2166,SLOWDOWN,PolygonSlow,0.3,-0.0769,0.3,0.09,0.09
279.369,369.0,-2.9358,3.0672,-0.1806,-0.019,-0.01,480,0,195,284,0.3326,0.2182,SLOWDOWN,PolygonSlow,0.2842,-0.0256,0.2842,0.09,0.09
279.469,369.1,-2.9273,3.0656,-0.1816,-0.019,-0.01,480,0,194,284,0.3342,0.2198,SLOWDOWN,PolygonSlow,0.3,0.0256,0.3,0.0853,0.0853
279.569,369.2,-2.9186,3.064,-0.1812,-0.019,-0.01,480,0,194,285,0.3358,0.2214,SLOWDOWN,PolygonSlow,0.3,0.0,0.3,0.09,0.09
279.673,369.3,-2.9097,3.0624,-0.1811,-0.019,-0.01,480,0,191,284,0.3374,0.223,SLOWDOWN,PolygonSlow,0.3,-0.0256,0.3,0.09,0.09
279.771,369.4,-2.9009,3.0607,-0.1817,-0.019,-0.01,480,0,191,284,0.339,0.2246,SLOWDOWN,PolygonSlow,0.3,-0.0256,0.3,0.09,0.09
279.875,369.5,-2.892,3.0591,-0.1824,-0.019,-0.01,480,0,191,285,0.3407,0.2263,SLOWDOWN,PolygonSlow,0.3,-0.0769,0.3,0.09,0.09
279.987,369.6,-2.8832,3.0573,-0.1843,-0.019,-0.01,480,0,188,284,0.3425,0.2279,SLOWDOWN,PolygonSlow,0.2842,-0.0256,0.2842,0.09,0.09
280.074,369.7,-2.8746,3.0556,-0.1855,-0.019,-0.01,480,0,186,283,0.3442,0.2295,SLOWDOWN,PolygonSlow,0.2842,-0.0769,0.2842,0.0853,0.0853
280.189,369.8,-2.8646,3.0535,-0.1878,-0.019,-0.01,480,0,184,284,0.3459,0.2311,SLOWDOWN,PolygonSlow,0.3,-0.0256,0.3,0.09,0.09
280.276,369.9,-2.8575,3.0521,-0.1884,-0.019,-0.01,480,0,185,283,0.3477,0.2328,SLOWDOWN,PolygonSlow,0.3,0.0,0.3,0.09,0.09
280.386,370.0,-2.8487,3.0504,-0.1885,-0.019,-0.01,480,0,182,283,0.3494,0.2345,SLOWDOWN,PolygonSlow,0.3,-0.0256,0.3,0.09,0.09
280.485,370.1,-2.8398,3.0487,-0.189,-0.019,-0.01,480,0,181,282,0.3511,0.2362,SLOWDOWN,PolygonSlow,0.3,-0.0769,0.3,0.09,0.09
280.593,370.2,-2.831,3.0468,-0.1911,-0.019,-0.01,480,0,180,282,0.353,0.2379,SLOWDOWN,PolygonSlow,0.3,-0.0769,0.3,0.09,0.09
280.691,370.3,-2.8222,3.0449,-0.1933,-0.019,-0.01,480,0,176,281,0.3549,0.2396,SLOWDOWN,PolygonSlow,0.3,-0.1282,0.3,0.09,0.09
280.796,370.4,-2.8133,3.0429,-0.1969,-0.019,-0.01,480,0,175,280,0.3569,0.2414,SLOWDOWN,PolygonSlow,0.2842,-0.0769,0.2842,0.0853,0.0853
280.895,370.5,-2.805,3.0411,-0.1991,-0.019,-0.01,480,0,173,280,0.3587,0.2431,SLOWDOWN,PolygonSlow,0.3,-0.0256,0.3,0.09,0.09
280.999,370.6,-2.7961,3.0392,-0.1998,-0.019,-0.01,480,0,170,279,0.3605,0.2449,SLOWDOWN,PolygonSlow,0.3,-0.0769,0.3,0.09,0.09
281.096,370.7,-2.7873,3.0373,-0.202,-0.019,-0.01,480,0,167,278,0.3625,0.2467,SLOWDOWN,PolygonSlow,0.2842,-0.2308,0.2842,0.0853,0.0853
281.206,370.8,-2.779,3.0351,-0.2084,-0.019,-0.01,480,0,164,276,0.3647,0.2485,SLOWDOWN,PolygonSlow,0.3,-0.2308,0.3,0.09,0.09
281.305,370.9,-2.7702,3.0327,-0.2148,-0.019,-0.01,480,0,160,276,0.3671,0.2504,SLOWDOWN,PolygonSlow,0.3,-0.2308,0.3,0.09,0.09
281.404,371.0,-2.7615,3.0303,-0.2213,-0.019,-0.01,480,0,157,274,0.3695,0.2524,SLOWDOWN,PolygonSlow,0.2842,-0.2308,0.2842,0.0853,0.0853
281.503,371.1,-2.7532,3.0279,-0.2277,-0.019,-0.01,480,0,151,272,0.3719,0.2543,SLOWDOWN,PolygonSlow,0.2842,-0.2308,0.2842,0.0853,0.0853
281.604,371.2,-2.7448,3.0255,-0.2341,-0.019,-0.01,480,0,147,271,0.3744,0.2564,SLOWDOWN,PolygonSlow,0.3,-0.2308,0.3,0.09,0.09
281.702,371.3,-2.736,3.0229,-0.2406,-0.019,-0.01,480,0,143,269,0.3734,0.2585,SLOWDOWN,PolygonSlow,0.3,-0.2821,0.3,0.09,0.09
281.801,371.4,-2.7273,3.0202,-0.2484,-0.019,-0.01,480,0,138,268,0.3711,0.2608,SLOWDOWN,PolygonSlow,0.3,-0.2821,0.3,0.09,0.09
281.902,371.5,-2.7187,3.0174,-0.2562,-0.019,-0.01,480,0,134,266,0.3688,0.2631,SLOWDOWN,PolygonSlow,0.2842,-0.2821,0.2842,0.0853,0.0853
282.002,371.6,-2.7104,3.0146,-0.2639,-0.019,-0.01,480,0,129,265,0.3668,0.2653,SLOWDOWN,PolygonSlow,0.2842,-0.2821,0.2842,0.0853,0.0853
282.107,371.7,-2.7022,3.0119,-0.2716,-0.019,-0.01,480,0,123,261,0.3655,0.2677,SLOWDOWN,PolygonSlow,0.2842,-0.2821,0.2842,0.0853,0.0853
282.203,371.8,-2.694,3.009,-0.2792,-0.019,-0.01,480,0,119,258,0.3637,0.2701,SLOWDOWN,PolygonSlow,0.2842,-0.2821,0.2842,0.0853,0.0853
282.303,371.9,-2.6859,3.0061,-0.2868,-0.019,-0.01,480,0,114,256,0.362,0.2725,SLOWDOWN,PolygonSlow,0.2684,-0.2821,0.2684,0.0805,0.0805
282.405,372.0,-2.6782,3.0033,-0.2944,-0.019,-0.01,480,0,109,252,0.3606,0.2749,SLOWDOWN,PolygonSlow,0.2684,-0.2821,0.2684,0.0805,0.0805
282.502,372.1,-2.6703,3.0004,-0.3015,-0.019,-0.01,480,0,105,249,0.36,0.2773,SLOWDOWN,PolygonSlow,0.3,-0.2308,0.3,0.09,0.09
282.604,372.2,-2.6617,2.9973,-0.3079,-0.019,-0.01,480,0,101,245,0.3586,0.2801,SLOWDOWN,PolygonSlow,0.3,-0.2821,0.3,0.09,0.09
282.705,372.3,-2.6532,2.9941,-0.3154,-0.019,-0.01,480,0,96,241,0.3582,0.2829,SLOWDOWN,PolygonSlow,0.3,-0.2821,0.3,0.09,0.09
282.805,372.4,-2.6447,2.9908,-0.3227,-0.019,-0.01,480,0,92,237,0.3568,0.2858,SLOWDOWN,PolygonSlow,0.2842,-0.2308,0.2842,0.0853,0.0853
282.905,372.5,-2.6366,2.9877,-0.3289,-0.019,-0.01,480,0,87,235,0.3568,0.2886,SLOWDOWN,PolygonSlow,0.2842,-0.2821,0.2842,0.0853,0.0853
283.009,372.6,-2.6286,2.9845,-0.3361,-0.019,-0.01,480,0,83,231,0.3562,0.2914,SLOWDOWN,PolygonSlow,0.2684,-0.2308,0.2684,0.0805,0.0805
283.111,372.7,-2.621,2.9814,-0.3421,-0.019,-0.01,480,0,78,228,0.3568,0.2942,SLOWDOWN,PolygonSlow,0.2684,-0.2308,0.2684,0.0805,0.0805
283.217,372.8,-2.6135,2.9784,-0.3481,-0.019,-0.01,480,0,76,224,0.3559,0.2969,SLOWDOWN,PolygonSlow,0.2684,-0.2308,0.2684,0.0805,0.0805
283.33,372.9,-2.6041,2.9745,-0.3561,-0.019,-0.01,480,0,72,220,0.3567,0.2998,SLOWDOWN,PolygonSlow,0.3,-0.3846,0.3,0.09,0.09
283.416,373.0,-2.5974,2.9715,-0.364,-0.019,-0.01,480,0,68,217,0.3575,0.303,SLOWDOWN,PolygonSlow,0.3,-0.3846,0.3,0.09,0.09
283.533,373.1,-2.5873,2.9669,-0.3758,-0.019,-0.01,480,0,63,212,0.3564,0.3064,SLOWDOWN,PolygonSlow,0.3,-0.3846,0.3,0.09,0.09
283.618,373.2,-2.5807,2.9638,-0.3837,-0.019,-0.01,480,0,59,208,0.3577,0.3098,SLOWDOWN,PolygonSlow,0.3,-0.3846,0.3,0.09,0.09
283.727,373.3,-2.5723,2.9598,-0.3941,-0.019,-0.01,480,0,56,204,0.3575,0.3133,SLOWDOWN,PolygonSlow,0.3,-0.641,0.3,0.09,0.09
283.826,373.4,-2.5641,2.9556,-0.4083,-0.019,-0.01,480,0,51,199,0.3582,0.3169,SLOWDOWN,PolygonSlow,0.3,-0.4872,0.3,0.09,0.09
283.935,373.5,-2.5558,2.9514,-0.4201,-0.019,-0.01,480,0,47,195,0.3599,0.3206,SLOWDOWN,PolygonSlow,0.3,-0.4359,0.3,0.09,0.09
284.033,373.6,-2.5476,2.9471,-0.4304,-0.019,-0.01,480,0,43,190,0.3612,0.3244,SLOWDOWN,PolygonSlow,0.3,-0.3846,0.3,0.09,0.09
284.138,373.7,-2.5395,2.9429,-0.4399,-0.019,-0.01,480,0,39,186,0.3611,0.3283,SLOWDOWN,PolygonSlow,0.3,-0.3846,0.3,0.09,0.09
284.237,373.8,-2.5314,2.9386,-0.4507,-0.019,-0.01,480,0,35,181,0.3632,0.3322,SLOWDOWN,PolygonSlow,0.3,-0.641,0.3,0.09,0.09
284.342,373.9,-2.5233,2.934,-0.4652,-0.019,-0.01,480,0,31,177,0.365,0.3363,SLOWDOWN,PolygonSlow,0.3,-0.5385,0.3,0.09,0.09
284.441,374.0,-2.5153,2.9294,-0.4777,-0.019,-0.01,480,0,28,171,0.3658,0.3405,SLOWDOWN,PolygonSlow,0.3,-0.4872,0.3,0.09,0.09
284.543,374.1,-2.5073,2.9248,-0.4884,-0.019,-0.01,480,0,25,165,0.3681,0.3447,SLOWDOWN,PolygonSlow,0.3,-0.3846,0.3,0.09,0.09
284.641,374.2,-2.4994,2.9202,-0.497,-0.019,-0.01,480,0,24,161,0.3692,0.349,SLOWDOWN,PolygonSlow,0.3,-0.3333,0.3,0.09,0.09
284.743,374.3,-2.4915,2.9156,-0.5049,-0.019,-0.01,480,0,23,156,0.3712,0.3534,SLOWDOWN,PolygonSlow,0.3,-0.3333,0.3,0.09,0.09
284.841,374.4,-2.4836,2.9109,-0.5128,-0.019,-0.01,480,0,22,151,0.3744,0.3578,SLOWDOWN,PolygonSlow,0.3,-0.3333,0.3,0.09,0.09
284.946,374.5,-2.4759,2.9062,-0.5216,-0.019,-0.01,480,0,22,147,0.3756,0.3622,SLOWDOWN,PolygonSlow,0.3,-0.5385,0.3,0.09,0.09
285.042,374.6,-2.4682,2.9014,-0.5333,-0.019,-0.01,480,0,21,141,0.3795,0.3668,SLOWDOWN,PolygonSlow,0.3,-0.5385,0.3,0.09,0.09
285.144,374.7,-2.4606,2.8965,-0.5439,-0.019,-0.01,480,0,20,138,0.3809,0.3714,SLOWDOWN,PolygonSlow,0.3,-0.3333,0.3,0.09,0.09
285.24,374.8,-2.4529,2.8916,-0.5514,-0.019,-0.01,480,0,20,134,0.3857,0.3762,SLOWDOWN,PolygonSlow,0.3,-0.3333,0.3,0.09,0.09
285.343,374.9,-2.4456,2.8869,-0.5587,-0.019,-0.01,480,0,19,130,0.3864,0.3809,SLOWDOWN,PolygonSlow,0.2842,-0.3333,0.2842,0.0853,0.0853
285.441,375.0,-2.4385,2.8823,-0.5654,-0.019,-0.01,480,0,18,126,0.3887,0.3854,SLOWDOWN,PolygonSlow,0.2842,-0.3333,0.2842,0.0853,0.0853
285.54,375.1,-2.4314,2.8775,-0.5734,-0.019,-0.01,480,0,17,122,0.393,0.3902,SLOWDOWN,PolygonSlow,0.3,-0.5385,0.3,0.09,0.09
285.641,375.2,-2.4241,2.8726,-0.5825,-0.019,-0.01,480,0,17,117,0.3952,0.3951,SLOWDOWN,PolygonSlow,0.3,-0.3846,0.3,0.09,0.09
285.74,375.3,-2.4169,2.8676,-0.5899,-0.019,-0.01,480,0,17,114,0.4,0.4001,SLOWDOWN,PolygonSlow,0.3,-0.3846,0.3,0.09,0.09
285.84,375.4,-2.4096,2.8626,-0.5973,-0.019,-0.01,480,0,16,110,0.4015,0.4053,SLOWDOWN,PolygonSlow,0.3,-0.3846,0.3,0.09,0.09
285.941,375.5,-2.4025,2.8576,-0.6044,-0.019,-0.01,480,0,16,107,0.4055,0.4104,SLOWDOWN,PolygonSlow,0.2842,-0.3333,0.2842,0.0853,0.0853
286.042,375.6,-2.3957,2.8528,-0.6109,-0.019,-0.01,480,0,14,104,0.4092,0.4154,SLOWDOWN,PolygonSlow,0.2842,-0.3333,0.2842,0.0853,0.0853
286.145,375.7,-2.3886,2.8477,-0.6194,-0.019,-0.01,480,0,12,101,0.4129,0.4207,SLOWDOWN,PolygonSlow,0.3,-0.5385,0.3,0.09,0.09
286.244,375.8,-2.3815,2.8424,-0.6283,-0.019,-0.01,480,0,13,97,0.4168,0.4262,SLOWDOWN,PolygonSlow,0.3,-0.3846,0.3,0.09,0.09
286.348,375.9,-2.3743,2.8371,-0.6361,-0.019,-0.01,480,0,12,93,0.4203,0.4318,SLOWDOWN,PolygonSlow,0.3,-0.3846,0.3,0.09,0.09
286.449,376.0,-2.3672,2.8317,-0.6439,-0.019,-0.01,480,0,11,90,0.4243,0.4376,SLOWDOWN,PolygonSlow,0.3,-0.3846,0.3,0.09,0.09
286.555,376.1,-2.3603,2.8265,-0.6518,-0.019,-0.01,480,0,11,86,0.4291,0.4432,SLOWDOWN,PolygonSlow,0.2842,-0.3846,0.2842,0.0853,0.0853
286.676,376.2,-2.3523,2.8202,-0.6614,-0.019,-0.01,480,0,10,83,0.4324,0.4489,SLOWDOWN,PolygonSlow,0.3,-0.4872,0.3,0.0853,0.0853
286.755,376.3,-2.3467,2.8158,-0.6691,-0.019,-0.01,480,0,9,79,0.4389,0.4549,SLOWDOWN,PolygonSlow,0.3,-0.3846,0.3,0.09,0.09
286.875,376.4,-2.3383,2.8091,-0.6797,-0.019,-0.01,480,0,8,75,0.4413,0.4611,SLOWDOWN,PolygonSlow,0.3,-0.3846,0.3,0.09,0.09
286.955,376.5,-2.3327,2.8045,-0.6863,-0.019,-0.01,480,0,6,72,0.4452,0.4674,SLOWDOWN,PolygonSlow,0.3,-0.3846,0.3,0.09,0.09
287.074,376.6,-2.3259,2.799,-0.6939,-0.019,-0.01,480,0,6,69,0.4505,0.4736,SLOWDOWN,PolygonSlow,0.2842,-0.3333,0.2842,0.0853,0.0853
287.17,376.7,-2.3193,2.7935,-0.7011,-0.019,-0.01,480,0,5,67,0.4556,0.4798,SLOWDOWN,PolygonSlow,0.2842,-0.5385,0.2842,0.0853,0.0853
287.286,376.8,-2.3128,2.788,-0.7114,-0.019,-0.01,480,0,5,63,0.4583,0.4863,SLOWDOWN,PolygonSlow,0.3,-0.5385,0.3,0.0853,0.0853
287.385,376.9,-2.3029,2.779,-0.7287,-0.019,-0.01,480,0,3,57,0.4655,0.4971,LIMIT,PolygonLimit,0.3,-0.5385,0.3,0.2786,0.2786
287.497,377.0,-2.2836,2.7606,-0.764,-0.019,-0.01,480,0,0,48,0.4805,0.5202,LIMIT,PolygonLimit,0.2842,-0.5385,0.2842,0.2639,0.2639
287.594,377.1,-2.2647,2.7418,-0.8028,-0.019,-0.01,480,0,0,44,0.4941,0.5452,LIMIT,PolygonLimit,0.3,-0.5385,0.3,0.2786,0.2786
287.703,377.2,-2.2457,2.7214,-0.8406,-0.019,-0.01,480,0,0,41,0.5098,0.559,DO_NOTHING,,0.2842,-0.4872,0.2842,0.2842,0.2842
287.803,377.3,-2.2271,2.6995,-0.8761,-0.019,-0.01,480,0,0,39,0.525,0.5722,DO_NOTHING,,0.3,-0.4359,0.3,0.3,0.3
287.904,377.4,-2.2082,2.6762,-0.907,-0.019,-0.01,480,0,0,35,0.5428,0.5871,DO_NOTHING,,0.2842,-0.4872,0.2842,0.2842,0.2842
288.002,377.5,-2.191,2.6538,-0.9402,-0.019,-0.01,480,0,0,32,0.5588,0.6023,LIMIT,PolygonLimit,0.3,-0.5897,0.3,0.2543,0.2543
288.104,377.6,-2.1762,2.6334,-0.974,-0.019,-0.01,480,0,0,29,0.5735,0.6167,LIMIT,PolygonLimit,0.3,-0.5897,0.3,0.2543,0.2543
288.201,377.7,-2.1625,2.6129,-1.0071,-0.019,-0.01,480,0,0,25,0.5872,0.6309,DO_NOTHING,,0.3,-0.4872,0.3,0.3,0.3
288.301,377.8,-2.1476,2.5885,-1.0396,-0.019,-0.01,480,0,0,22,0.602,0.6474,DO_NOTHING,,0.2842,-0.3846,0.2842,0.2842,0.2842
288.401,377.9,-2.1338,2.5641,-1.0682,-0.019,-0.01,480,0,0,18,0.6159,0.662,DO_NOTHING,,0.2842,-0.4872,0.2842,0.2842,0.2842
288.501,378.0,-2.1214,2.5396,-1.1024,-0.019,-0.01,480,0,0,14,0.6282,0.6775,LIMIT,PolygonLimit,0.3,-0.641,0.3,0.234,0.234
288.601,378.1,-2.1105,2.5178,-1.1412,-0.019,-0.01,480,0,0,9,0.6391,0.693,LIMIT,PolygonLimit,0.3,-0.5385,0.3,0.2786,0.2786
288.7,378.2,-2.1011,2.4933,-1.1789,-0.019,-0.01,480,0,0,4,0.6486,0.707,LIMIT,PolygonLimit,0.3,-0.5385,0.3,0.2786,0.2786
288.801,378.3,-2.093,2.4664,-1.2222,-0.019,-0.01,480,0,0,0,0.657,0.7203,DO_NOTHING,,0.3,-0.5897,0.3,0.3,0.3
288.901,378.4,-2.0863,2.4381,-1.2735,-0.019,-0.01,480,0,0,0,0.6634,0.733,DO_NOTHING,,0.2842,-0.5897,0.2842,0.2842,0.2842
289.001,378.5,-2.0809,2.4106,-1.3266,-0.019,-0.01,480,0,0,0,0.6688,0.7444,DO_NOTHING,,0.3,-0.5385,0.3,0.3,0.3
289.1,378.6,-2.0772,2.3814,-1.3769,-0.019,-0.01,480,0,0,0,0.6728,0.7536,DO_NOTHING,,0.3,-0.3846,0.3,0.3,0.3
289.199,378.7,-2.0749,2.3519,-1.4156,-0.019,-0.01,480,0,0,0,0.6747,0.76,DO_NOTHING,,0.2842,-0.3333,0.2842,0.2842,0.2842
289.301,378.8,-2.0737,2.3237,-1.4484,-0.019,-0.01,480,0,0,0,0.6764,0.7646,DO_NOTHING,,0.3,-0.3846,0.3,0.3,0.3
289.399,378.9,-2.0738,2.2939,-1.4862,-0.019,-0.01,480,0,0,0,0.676,0.7683,DO_NOTHING,,0.3,-0.5385,0.3,0.3,0.3
289.499,379.0,-2.0758,2.264,-1.539,-0.019,-0.01,480,0,0,0,0.6742,0.7713,DO_NOTHING,,0.3,-0.3846,0.3,0.3,0.3
289.599,379.1,-2.0794,2.234,-1.5837,-0.019,-0.01,480,0,0,0,0.6703,0.7717,DO_NOTHING,,0.3,-0.2308,0.3,0.3,0.3
289.699,379.2,-2.0826,2.204,-1.6103,-0.019,-0.01,480,0,0,0,0.6675,0.7709,DO_NOTHING,,0.3,0.0,0.3,0.3,0.3
289.8,379.3,-2.0844,2.174,-1.6161,-0.019,-0.01,480,0,0,0,0.6656,0.7695,DO_NOTHING,,0.3,0.1282,0.3,0.3,0.3
289.904,379.4,-2.085,2.1442,-1.6047,-0.019,-0.01,480,0,0,0,0.665,0.768,DO_NOTHING,,0.2842,0.1282,0.2842,0.2842,0.2842
290.016,379.5,-2.0847,2.1159,-1.5915,-0.019,-0.01,480,0,0,0,0.6664,0.7672,DO_NOTHING,,0.2684,0.1282,0.2684,0.2684,0.2684
290.104,379.6,-2.0839,2.0889,-1.5785,-0.019,-0.01,480,0,0,0,0.6688,0.7668,DO_NOTHING,,0.3,0.0256,0.3,0.3,0.3
290.216,379.7,-2.0838,2.0589,-1.5752,-0.019,-0.01,480,0,0,0,0.6735,0.7666,DO_NOTHING,,0.3,0.1282,0.3,0.3,0.3
290.304,379.8,-2.0829,2.0289,-1.5625,-0.019,-0.01,480,0,0,0,0.6785,0.7671,DO_NOTHING,,0.3,0.0,0.3,0.3,0.3
290.415,379.9,-2.0826,1.999,-1.5623,-0.019,-0.01,480,0,0,0,0.6844,0.7692,DO_NOTHING,,0.2842,-0.0256,0.2842,0.2842,0.2842
290.512,380.0,-2.0826,1.9704,-1.5654,-0.019,-0.01,480,0,0,0,0.6928,0.7727,DO_NOTHING,,0.3,-0.0769,0.3,0.3,0.3
290.621,380.1,-2.0832,1.9407,-1.5726,-0.019,-0.01,480,0,0,0,0.7,0.7769,DO_NOTHING,,0.2842,-0.0256,0.2842,0.2842,0.2842
290.719,380.2,-2.0835,1.9119,-1.5748,-0.019,-0.01,480,0,0,0,0.7085,0.7814,DO_NOTHING,,0.3,0.0,0.3,0.3,0.3
290.825,380.3,-2.0836,1.8823,-1.5748,-0.019,-0.01,480,0,0,0,0.7188,0.7876,DO_NOTHING,,0.2842,0.0,0.2842,0.2842,0.2842
290.924,380.4,-2.0838,1.8534,-1.5755,-0.019,-0.01,480,0,0,0,0.7304,0.795,DO_NOTHING,,0.3,-0.0256,0.3,0.3,0.3
291.03,380.5,-2.0841,1.8238,-1.5767,-0.019,-0.01,480,0,0,0,0.7432,0.8036,DO_NOTHING,,0.2842,0.0256,0.2842,0.2842,0.2842
291.131,380.6,-2.0839,1.7949,-1.5725,-0.019,-0.01,480,0,0,0,0.7557,0.8117,DO_NOTHING,,0.3,0.0769,0.3,0.3,0.3
291.233,380.7,-2.0833,1.7655,-1.5664,-0.019,-0.01,480,0,0,0,0.7718,0.8224,DO_NOTHING,,0.2842,0.0256,0.2842,0.2842,0.2842
291.334,380.8,-2.0829,1.7365,-1.5638,-0.019,-0.01,480,0,0,0,0.7867,0.8266,DO_NOTHING,,0.3,0.0256,0.3,0.3,0.3
291.433,380.9,-2.0825,1.7071,-1.5622,-0.019,-0.01,480,0,0,0,0.8053,0.8058,DO_NOTHING,,0.2842,0.0,0.2842,0.2842,0.2842
291.532,381.0,-2.0821,1.6787,-1.5594,-0.019,-0.01,480,0,0,0,0.8179,0.792,DO_NOTHING,,0.2842,0.0769,0.2842,0.2842,0.2842
291.631,381.1,-2.0813,1.6496,-1.5553,-0.019,-0.01,480,0,0,0,0.8132,0.7748,DO_NOTHING,,0.3,-0.0769,0.3,0.3,0.3
291.732,381.2,-2.0813,1.6196,-1.56,-0.019,-0.01,480,0,0,0,0.7991,0.755,DO_NOTHING,,0.3,0.0256,0.3,0.3,0.3
291.832,381.3,-2.0808,1.5903,-1.5584,-0.019,-0.01,480,0,0,0,0.7883,0.7408,DO_NOTHING,,0.2842,0.0,0.2842,0.2842,0.2842
291.932,381.4,-2.0805,1.5612,-1.5594,-0.019,-0.01,480,0,0,0,0.7779,0.726,DO_NOTHING,,0.3,-0.0256,0.3,0.3,0.3
292.033,381.5,-2.0803,1.532,-1.5607,-0.019,-0.01,480,0,0,0,0.7684,0.7122,DO_NOTHING,,0.2842,0.0,0.2842,0.2842,0.2842
292.132,381.6,-2.08,1.5032,-1.56,-0.019,-0.01,480,0,0,0,0.758,0.6965,DO_NOTHING,,0.3,0.0256,0.3,0.3,0.3
292.232,381.7,-2.0795,1.4738,-1.5584,-0.019,-0.01,480,0,0,0,0.7515,0.6858,DO_NOTHING,,0.2842,0.0,0.2842,0.2842,0.2842
292.332,381.8,-2.079,1.4448,-1.5575,-0.019,-0.01,480,0,0,0,0.7437,0.674,DO_NOTHING,,0.3,0.0256,0.3,0.3,0.3
292.433,381.9,-2.0785,1.4154,-1.5558,-0.019,-0.01,480,0,0,0,0.7379,0.6634,DO_NOTHING,,0.2842,0.0,0.2842,0.2842,0.2842
292.532,382.0,-2.078,1.3864,-1.5549,-0.019,-0.01,480,0,0,0,0.7334,0.6542,DO_NOTHING,,0.3,0.0256,0.3,0.3,0.3
292.633,382.1,-2.0773,1.357,-1.5533,-0.019,-0.01,480,0,0,0,0.73,0.6472,DO_NOTHING,,0.2842,0.0,0.2842,0.2842,0.2842
292.732,382.2,-2.0767,1.328,-1.5523,-0.019,-0.01,480,0,0,0,0.7274,0.6403,DO_NOTHING,,0.3,0.0256,0.3,0.3,0.3
292.831,382.3,-2.076,1.2986,-1.5507,-0.019,-0.01,480,0,0,0,0.7258,0.6346,DO_NOTHING,,0.2842,0.0,0.2842,0.2842,0.2842
292.932,382.4,-2.0754,1.2696,-1.5507,-0.019,-0.01,480,0,0,0,0.7252,0.6304,DO_NOTHING,,0.3,0.0,0.3,0.3,0.3
293.035,382.5,-2.0748,1.24,-1.5507,-0.019,-0.01,480,0,0,0,0.7246,0.6276,DO_NOTHING,,0.2842,0.0,0.2842,0.2842,0.2842
293.135,382.6,-2.0742,1.2113,-1.5507,-0.019,-0.01,480,0,0,0,0.724,0.6261,DO_NOTHING,,0.3,0.0,0.3,0.3,0.3
293.239,382.7,-2.0737,1.182,-1.5507,-0.019,-0.01,480,0,0,0,0.7234,0.6255,DO_NOTHING,,0.2842,0.0,0.2842,0.2842,0.2842
293.357,382.8,-2.073,1.1471,-1.5507,-0.019,-0.01,480,0,0,0,0.7228,0.6249,DO_NOTHING,,0.3,0.0,0.3,0.3,0.3
293.439,382.9,-2.0725,1.1237,-1.5507,-0.019,-0.01,480,0,0,0,0.7223,0.6243,DO_NOTHING,,0.2842,0.0,0.2842,0.2842,0.2842
293.556,383.0,-2.0718,1.0887,-1.5507,-0.019,-0.01,480,0,0,0,0.7217,0.6237,DO_NOTHING,,0.3,0.0,0.3,0.3,0.3
293.638,383.1,-2.0714,1.0647,-1.5535,-0.019,-0.01,480,0,0,0,0.7212,0.623,DO_NOTHING,,0.3,-0.0769,0.3,0.3,0.3
293.751,383.2,-2.0715,1.0358,-1.5593,-0.019,-0.01,480,0,0,0,0.7214,0.6226,DO_NOTHING,,0.2684,-0.0256,0.2684,0.2684,0.2684
293.852,383.3,-2.0718,1.0074,-1.5661,-0.019,-0.01,480,0,0,0,0.7218,0.6223,DO_NOTHING,,0.3,-0.1282,0.3,0.3,0.3
293.961,383.4,-2.0726,0.9774,-1.5741,-0.019,-0.01,480,0,0,0,0.7224,0.6223,DO_NOTHING,,0.3,-0.0256,0.3,0.3,0.3
294.057,383.5,-2.0729,0.9474,-1.5768,-0.019,-0.01,480,0,0,0,0.7228,0.6224,DO_NOTHING,,0.2684,0.0256,0.3,0.3,0.3
294.162,383.6,-2.0731,0.9191,-1.5767,-0.019,-0.01,480,0,0,0,0.7229,0.6226,DO_NOTHING,,0.3,-0.0256,0.2684,0.2684,0.2684
294.261,383.7,-2.0734,0.8899,-1.578,-0.019,-0.01,480,0,0,0,0.7232,0.6228,DO_NOTHING,,0.3,0.0256,0.3,0.3,0.3
294.365,383.8,-2.0736,0.8599,-1.5776,-0.019,-0.01,480,0,0,0,0.7234,0.623,DO_NOTHING,,0.3,-0.0256,0.3,0.3,0.3
294.464,383.9,-2.0739,0.8299,-1.5785,-0.019,-0.01,480,0,0,0,0.7237,0.6232,DO_NOTHING,,0.3,-0.1282,0.3,0.3,0.3
294.567,384.0,-2.0748,0.7999,-1.5878,-0.019,-0.01,480,0,0,0,0.7246,0.6233,DO_NOTHING,,0.3,-0.0256,0.3,0.3,0.3
294.664,384.1,-2.0761,0.7699,-1.5947,-0.019,-0.01,480,0,0,0,0.7266,0.624,DO_NOTHING,,0.2842,-0.0256,0.3,0.3,0.3
294.766,384.2,-2.077,0.741,-1.5973,-0.019,-0.01,480,0,0,0,0.7299,0.6247,DO_NOTHING,,0.3,0.0,0.3,0.2842,0.2842
294.864,384.3,-2.0779,0.7115,-1.5981,-0.019,-0.01,480,0,0,0,0.7336,0.6255,DO_NOTHING,,0.2842,-0.0256,0.3,0.3,0.3
294.968,384.4,-2.0788,0.6826,-1.5998,-0.019,-0.01,480,0,0,0,0.7393,0.6274,DO_NOTHING,,0.3,0.0,0.3,0.2842,0.2842
295.066,384.5,-2.0798,0.6531,-1.6006,-0.019,-0.01,480,0,0,0,0.7449,0.6302,DO_NOTHING,,0.3,0.1282,0.3,0.3,0.3
295.165,384.6,-2.0803,0.6231,-1.593,-0.019,-0.01,480,0,0,0,0.7518,0.6349,DO_NOTHING,,0.3,0.0,0.3,0.3,0.3
295.265,384.7,-2.0803,0.5931,-1.5874,-0.019,-0.01,480,0,0,0,0.7605,0.641,DO_NOTHING,,0.3,0.0769,0.3,0.3,0.3
295.37,384.8,-2.0805,0.5631,-1.5822,-0.019,-0.01,480,0,0,0,0.7706,0.6487,DO_NOTHING,,0.2842,0.0769,0.2842,0.3,0.3
295.465,384.9,-2.08,0.5342,-1.5742,-0.019,-0.01,480,0,0,0,0.7773,0.6541,DO_NOTHING,,0.3,0.0769,0.3,0.2842,0.2842
295.568,385.0,-2.0793,0.5047,-1.5662,-0.019,-0.01,480,0,0,0,0.7877,0.6629,DO_NOTHING,,0.2842,0.0769,0.2842,0.3,0.3
295.664,385.1,-2.0783,0.4758,-1.5583,-0.019,-0.01,480,0,0,0,0.7979,0.672,DO_NOTHING,,0.3,0.0,0.2842,0.2842,0.2842
295.764,385.2,-2.0776,0.4462,-1.5554,-0.019,-0.01,480,0,0,0,0.8101,0.6823,DO_NOTHING,,0.2842,-0.0256,0.3,0.3,0.3
295.865,385.3,-2.0774,0.4173,-1.5572,-0.019,-0.01,480,0,0,0,0.8248,0.6955,DO_NOTHING,,0.2684,-0.0256,0.2842,0.2842,0.2842
295.967,385.4,-2.0772,0.3902,-1.5599,-0.019,-0.01,480,0,0,0,0.8356,0.7052,DO_NOTHING,,0.2368,0.0769,0.2368,0.2684,0.2684
296.063,385.5,-2.0768,0.3654,-1.5562,-0.019,-0.01,480,0,0,0,0.8493,0.7181,DO_NOTHING,,0.2211,0.0769,0.2368,0.2368,0.2368
296.164,385.6,-2.0757,0.3428,-1.5483,-0.019,-0.01,480,0,0,0,0.8587,0.7271,DO_NOTHING,,0.2053,0.0769,0.2211,0.2211,0.2211
296.264,385.7,-2.0745,0.3217,-1.5404,-0.019,-0.01,480,0,0,0,0.8686,0.7365,DO_NOTHING,,0.1895,0.0769,0.2053,0.2053,0.2053
296.365,385.8,-2.0732,0.3023,-1.5326,-0.019,-0.01,480,0,0,0,0.8932,0.7611,DO_NOTHING,,0.1895,-0.0256,0.1895,0.1895,0.1895
296.467,385.9,-2.0723,0.2834,-1.5312,-0.019,-0.01,480,0,0,0,0.9268,0.7947,DO_NOTHING,,0.1737,-0.0769,0.1737,0.1895,0.1895
296.57,386.0,-2.072,0.2656,-1.5374,-0.019,-0.01,480,0,0,0,0.9696,0.8376,DO_NOTHING,,0.1579,0.1282,0.1579,0.1737,0.1737
296.687,386.1,-2.0711,0.2464,-1.5311,-0.019,-0.01,480,0,0,0,0.9945,0.8625,DO_NOTHING,,0.1421,0.1282,0.1421,0.1421,0.1421
296.771,386.2,-2.0696,0.2349,-1.5206,-0.019,-0.01,480,0,0,0,1.0013,0.8693,DO_NOTHING,,0.1421,0.1282,0.1421,0.1421,0.1421
296.887,386.3,-2.0673,0.2179,-1.5048,-0.019,-0.01,480,0,0,0,1.0074,0.8754,DO_NOTHING,,0.1263,0.1282,0.1263,0.1263,0.1263
296.972,386.4,-2.0657,0.2078,-1.4945,-0.019,-0.01,480,0,0,0,1.0076,0.8796,DO_NOTHING,,0.1105,0.0769,0.1105,0.1263,0.1263
297.083,386.5,-2.064,0.1965,-1.4856,-0.019,-0.01,480,0,0,0,1.0014,0.8867,DO_NOTHING,,0.0632,0.2308,0.0632,0.1105,0.1105
297.182,386.6,-2.0626,0.1885,-1.4702,-0.019,-0.01,480,0,0,0,0.9955,0.8787,DO_NOTHING,,0.0632,-0.0769,0.0632,0.0632,0.0632
297.29,386.7,-2.0612,0.1822,-1.4612,-0.019,-0.01,480,0,0,0,0.9862,0.8772,DO_NOTHING,,0.0632,-0.0769,0.0632,0.0632,0.0632
297.388,386.8,-2.0612,0.176,-1.4689,-0.019,-0.01,480,0,0,0,0.9818,0.8984,DO_NOTHING,,0.0632,-0.0769,0.0632,0.0632,0.0632
297.493,386.9,-2.0612,0.1697,-1.4766,-0.019,-0.01,480,0,0,0,0.9778,0.9203,DO_NOTHING,,0.0474,0.0769,0.0474,0.0474,0.0474
297.592,387.0,-2.0604,0.1649,-1.4711,-0.019,-0.01,480,0,0,0,0.9745,0.9205,DO_NOTHING,,0.0474,-0.0769,0.0474,0.0474,0.0474
297.697,387.1,-2.0603,0.1602,-1.4765,-0.019,-0.01,480,0,0,0,0.9709,0.9366,DO_NOTHING,,0.0474,-0.0769,0.0474,0.0474,0.0474
297.795,387.2,-2.0605,0.1555,-1.4839,-0.019,-0.01,480,0,0,0,0.9673,0.9558,DO_NOTHING,,0.0474,0.0,0.0474,0.0474,0.0474
297.898,387.3,-2.0601,0.1508,-1.4839,-0.019,-0.01,480,0,0,0,0.9666,0.9641,DO_NOTHING,,0.0474,-0.0256,0.0474,0.0474,0.0474
297.997,387.4,-2.0599,0.1461,-1.4864,-0.019,-0.01,480,0,0,0,0.9611,0.9686,DO_NOTHING,,0.0474,-0.0256,0.0474,0.0474,0.0474
298.101,387.5,-2.0597,0.1414,-1.489,-0.019,-0.01,480,0,0,0,0.958,0.9642,DO_NOTHING,,0.0316,0.1282,0.0316,0.0316,0.0316
298.198,387.6,-2.0587,0.1382,-1.4785,-0.019,-0.01,480,0,0,0,0.9583,0.9657,DO_NOTHING,,0.0316,0.0769,0.0316,0.0316,0.0316
298.297,387.7,-2.0578,0.1351,-1.4706,-0.019,-0.01,480,0,0,0,0.9518,0.9603,DO_NOTHING,,0.0316,0.0256,0.0316,0.0316,0.0316
298.398,387.8,-2.0572,0.1319,-1.4678,-0.019,-0.01,480,0,0,0,0.9502,0.9588,DO_NOTHING,,0.0316,0.0,0.0316,0.0316,0.0316
298.498,387.9,-2.0569,0.1288,-1.4678,-0.019,-0.01,480,0,0,0,0.9462,0.9547,DO_NOTHING,,0.0316,0.0,0.0316,0.0316,0.0316
298.599,388.0,-2.0566,0.1256,-1.4678,-0.019,-0.01,480,0,0,0,0.9453,0.9538,DO_NOTHING,,0.0316,0.0,0.0316,0.0316,0.0316
298.698,388.1,-2.0562,0.1225,-1.4678,-0.019,-0.01,480,0,0,0,0.9448,0.9533,DO_NOTHING,,0.0316,0.0,0.0316,0.0316,0.0316
298.798,388.2,-2.0559,0.1194,-1.4678,-0.019,-0.01,480,0,0,0,0.9436,0.9509,DO_NOTHING,,0.0158,0.1282,0.0158,0.0158,0.0158
298.898,388.3,-2.0551,0.1178,-1.4567,-0.019,-0.01,480,0,0,0,0.9421,0.9506,DO_NOTHING,,0.0158,0.0769,0.0158,0.0158,0.0158
298.999,388.4,-2.0543,0.1162,-1.449,-0.019,-0.01,480,0,0,0,0.9374,0.947,DO_NOTHING,,0.0158,0.0769,0.0158,0.0158,0.0158
299.098,388.5,-2.0534,0.1146,-1.4414,-0.019,-0.01,480,0,0,0,0.9368,0.9475,DO_NOTHING,,0.0,1.0,0.0,0.0,0.0
299.198,388.6,-2.0524,0.1146,-1.4143,-0.019,-0.01,480,0,0,0,0.9357,0.9265,DO_NOTHING,,0.0,1.0,0.0,0.0,0.0
299.299,388.7,-2.0499,0.1146,-1.3571,-0.019,-0.01,480,0,0,0,0.936,0.8594,DO_NOTHING,,0.0,1.0,0.0,0.0,0.0
299.399,388.8,-2.0458,0.1146,-1.2738,-0.019,-0.01,480,0,0,0,0.9312,0.8522,DO_NOTHING,,0.0,0.9487,0.0,0.0,0.0
299.498,388.9,-2.0409,0.1146,-1.1911,-0.019,-0.01,480,0,0,0,0.927,0.8487,DO_NOTHING,,0.0,0.8974,0.0,0.0,0.0
299.599,389.0,-2.0371,0.1146,-1.116,-0.019,-0.01,480,0,0,0,0.9224,0.8511,DO_NOTHING,,0.0,0.7949,0.0,0.0,0.0
299.703,389.1,-2.0347,0.1146,-1.052,-0.019,-0.01,480,0,0,0,0.9221,0.8512,DO_NOTHING,,0.0,0.7436,0.0,0.0,0.0
299.804,389.2,-2.0331,0.1146,-0.9948,-0.019,-0.01,480,0,0,0,0.922,0.8561,DO_NOTHING,,0.0,0.6923,0.0,0.0,0.0
299.912,389.3,-2.0323,0.1147,-0.9449,-0.019,-0.01,480,0,0,0,0.9224,0.8596,DO_NOTHING,,0.0,0.641,0.0,0.0,0.0
300.026,389.4,-2.0323,0.115,-0.8929,-0.019,-0.01,480,0,0,0,0.9209,0.8605,DO_NOTHING,,0.0,0.5897,0.0,0.0,0.0
300.113,389.5,-2.0323,0.1152,-0.8596,-0.019,-0.01,480,0,0,0,0.9225,0.8644,DO_NOTHING,,0.0,0.5385,0.0,0.0,0.0
300.225,389.6,-2.0323,0.1157,-0.8127,-0.019,-0.01,480,0,0,0,0.9202,0.871,DO_NOTHING,,0.0,0.4872,0.0,0.0,0.0
300.31,389.7,-2.0323,0.1158,-0.7824,-0.019,-0.01,480,0,0,0,0.9226,0.8712,DO_NOTHING,,0.0,0.4872,0.0,0.0,0.0
300.423,389.8,-2.0325,0.1158,-0.7455,-0.019,-0.01,480,0,0,0,0.9202,0.8768,DO_NOTHING,,0.0,0.4359,0.0,0.0,0.0
300.522,389.9,-2.0329,0.1158,-0.713,-0.019,-0.01,480,0,0,0,0.9229,0.879,DO_NOTHING,,0.0,0.4359,0.0,0.0,0.0
300.638,390.0,-2.0331,0.1158,-0.6822,-0.019,-0.01,480,0,0,0,0.9212,0.8851,DO_NOTHING,,0.0,0.3846,0.0,0.0,0.0
300.737,390.1,-2.033,0.1158,-0.6553,-0.019,-0.01,480,0,0,0,0.9248,0.8893,DO_NOTHING,,0.0,0.3846,0.0,0.0,0.0
300.848,390.2,-2.0328,0.1159,-0.6303,-0.019,-0.01,480,0,0,0,0.9224,0.8887,DO_NOTHING,,0.0,0.3333,0.0,0.0,0.0
300.946,390.3,-2.0326,0.1159,-0.6082,0.005,-0.004,480,0,0,0,0.9192,0.8925,DO_NOTHING,,0.0,0.3333,0.0,0.0,0.0
301.056,390.4,-2.0323,0.1159,-0.5874,0.005,-0.004,480,0,0,0,0.9228,0.8953,DO_NOTHING,,0.0,0.2821,0.0,0.0,0.0
301.153,390.5,-2.0322,0.1163,-0.5669,0.005,-0.004,480,0,0,0,0.9198,0.896,DO_NOTHING,,0.0,0.2821,0.0,0.0,0.0
301.261,390.6,-2.0322,0.1169,-0.5454,0.005,-0.004,480,0,0,0,0.9252,0.8975,DO_NOTHING,,0.0,0.2821,0.0,0.0,0.0
301.358,390.7,-2.0322,0.1175,-0.5236,0.005,-0.004,480,0,0,0,0.9238,0.9022,DO_NOTHING,,0.0,0.2308,0.0,0.0,0.0
301.461,390.8,-2.0322,0.1182,-0.5038,0.005,-0.004,480,0,0,0,0.928,0.9008,DO_NOTHING,,0.0,0.2308,0.0,0.0,0.0
301.557,390.9,-2.0322,0.1189,-0.4855,0.005,-0.004,480,0,0,0,0.924,0.9029,DO_NOTHING,,0.0,0.2308,0.0,0.0,0.0
301.657,391.0,-2.0322,0.1196,-0.467,0.005,-0.004,480,0,0,0,0.9274,0.9054,DO_NOTHING,,0.0,0.0,0.0,0.0,0.0
301.758,391.1,-2.0322,0.1201,-0.455,0.005,-0.004,480,0,0,0,0.925,0.9108,DO_NOTHING,,0.0,0.0,0.0,0.0,0.0
301.859,391.2,-2.0322,0.1201,-0.455,0.005,-0.004,480,0,0,0,0.925,0.9108,DO_NOTHING,,0.0,0.0,0.0,0.0,0.0
301.957,391.3,-2.0322,0.1201,-0.455,0.005,-0.004,480,0,0,0,0.925,0.9108,DO_NOTHING,,0.0,0.0,0.0,0.0,0.0
302.058,391.4,-2.0322,0.1201,-0.455,0.005,-0.004,480,0,0,0,0.925,0.9108,DO_NOTHING,,0.0,0.0,0.0,0.0,0.0
302.157,391.5,-2.0322,0.1201,-0.455,0.005,-0.004,480,0,0,0,0.925,0.9108,DO_NOTHING,,0.0,0.0,0.0,0.0,0.0
302.26,391.6,-2.0322,0.1201,-0.455,0.005,-0.004,480,0,0,0,0.925,0.9108,DO_NOTHING,,0.0,0.0,0.0,0.0,0.0
302.359,391.7,-2.0322,0.1201,-0.455,0.005,-0.004,480,0,0,0,0.925,0.9108,DO_NOTHING,,0.0,0.0,0.0,0.0,0.0
302.459,391.8,-2.0322,0.1201,-0.455,0.005,-0.004,480,0,0,0,0.925,0.9108,DO_NOTHING,,0.0,0.0,0.0,0.0,0.0
302.56,391.9,-2.0322,0.1201,-0.455,0.005,-0.004,480,0,0,0,0.925,0.9108,DO_NOTHING,,0.0,0.0,0.0,0.0,0.0
302.663,392.0,-2.0322,0.1201,-0.455,0.005,-0.004,480,0,0,0,0.925,0.9108,DO_NOTHING,,0.0,0.0,0.0,0.0,0.0
302.763,392.1,-2.0322,0.1201,-0.455,0.005,-0.004,480,0,0,0,0.925,0.9108,DO_NOTHING,,0.0,0.0,0.0,0.0,0.0
302.865,392.2,-2.0322,0.1201,-0.455,0.005,-0.004,480,0,0,0,0.925,0.9108,DO_NOTHING,,0.0,0.0,0.0,0.0,0.0
302.967,392.3,-2.0322,0.1201,-0.455,0.005,-0.004,480,0,0,0,0.925,0.9108,DO_NOTHING,,0.0,0.0,0.0,0.0,0.0
303.072,392.4,-2.0322,0.1201,-0.455,0.005,-0.004,480,0,0,0,0.925,0.9108,DO_NOTHING,,0.0,0.0,0.0,0.0,0.0
303.172,392.5,-2.0322,0.1201,-0.455,0.005,-0.004,480,0,0,0,0.925,0.9108,DO_NOTHING,,0.0,0.0,0.0,0.0,0.0
303.28,392.6,-2.0322,0.1201,-0.455,0.005,-0.004,480,0,0,0,0.925,0.9108,DO_NOTHING,,0.0,0.0,0.0,0.0,0.0
303.393,392.7,-2.0322,0.1201,-0.455,0.005,-0.004,480,0,0,0,0.925,0.9108,DO_NOTHING,,0.0,0.0,0.0,0.0,0.0
303.482,392.8,-2.0322,0.1201,-0.455,0.005,-0.004,480,0,0,0,0.925,0.9108,DO_NOTHING,,0.0,0.0,0.0,0.0,0.0
303.596,392.9,-2.0322,0.1201,-0.455,0.005,-0.004,480,0,0,0,0.925,0.9108,DO_NOTHING,,0.0,0.0,0.0,0.0,0.0
303.682,393.0,-2.0322,0.1201,-0.455,0.005,-0.004,480,0,0,0,0.925,0.9108,DO_NOTHING,,0.0,0.0,0.0,0.0,0.0
303.793,393.1,-2.0322,0.1201,-0.455,0.005,-0.004,480,0,0,0,0.925,0.9108,DO_NOTHING,,0.0,0.0,0.0,0.0,0.0
303.893,393.2,-2.0322,0.1201,-0.455,0.005,-0.004,480,0,0,0,0.925,0.9108,DO_NOTHING,,0.0,0.0,0.0,0.0,0.0
304.0,393.3,-2.0322,0.1201,-0.455,0.005,-0.004,480,0,0,0,0.925,0.9108,DO_NOTHING,,0.0,0.0,0.0,0.0,0.0
304.103,393.4,-2.0322,0.1201,-0.455,0.005,-0.004,480,0,0,0,0.925,0.9108,DO_NOTHING,,0.0,0.0,0.0,0.0,0.0
304.212,393.5,-2.0322,0.1201,-0.455,0.005,-0.004,480,0,0,0,0.925,0.9108,DO_NOTHING,,0.0,0.0,0.0,0.0,0.0
304.312,393.6,-2.0322,0.1201,-0.455,0.005,-0.004,480,0,0,0,0.925,0.9108,DO_NOTHING,,0.0,0.0,0.0,0.0,0.0
304.416,393.7,-2.0322,0.1201,-0.455,0.005,-0.004,480,0,0,0,0.925,0.9108,DO_NOTHING,,0.0,0.0,0.0,0.0,0.0
304.523,393.8,-2.0322,0.1201,-0.455,0.005,-0.004,480,0,0,0,0.925,0.9108,DO_NOTHING,,0.0,0.0,0.0,0.0,0.0
304.625,393.9,-2.0322,0.1201,-0.455,0.005,-0.004,480,0,0,0,0.925,0.9108,DO_NOTHING,,0.0,0.0,0.0,0.0,0.0
304.724,394.0,-2.0322,0.1201,-0.455,0.005,-0.004,480,0,0,0,0.925,0.9108,DO_NOTHING,,0.0,0.0,0.0,0.0,0.0
304.831,394.1,-2.0322,0.1201,-0.455,0.005,-0.004,480,0,0,0,0.925,0.9108,DO_NOTHING,,0.0,0.0,0.0,0.0,0.0
304.933,394.2,-2.0322,0.1201,-0.455,0.005,-0.004,480,0,0,0,0.925,0.9108,DO_NOTHING,,0.0,0.0,0.0,0.0,0.0
