t_s,stamp,gt_x,gt_y,gt_yaw,goal_map_x,goal_map_y,n_valid,n_in_stop,n_in_slow,n_in_limit,d_min_base_m,r_min_lidar_m,monitor_action,monitor_polygon,v_nav,w_nav,v_smoothed,v_out,v_wheel
0.082,93.1,-2.0,0.0,-0.0,,,480,0,0,0,0.8217,0.9543,,,,,,,
0.193,93.2,-2.0,0.0,-0.0,,,480,0,0,0,0.8217,0.9543,,,,,,,
0.292,93.3,-2.0,0.0,-0.0,,,480,0,0,0,0.8217,0.9543,,,,,,,
0.407,93.4,-2.0,0.0,-0.0,,,480,0,0,0,0.8217,0.9543,,,,,,,
0.51,93.5,-2.0,0.0,-0.0,,,480,0,0,0,0.8217,0.9543,,,,,,,
0.615,93.6,-2.0,0.0,-0.0,,,480,0,0,0,0.8217,0.9543,,,,,,,
0.719,93.7,-2.0,0.0,-0.0,,,480,0,0,0,0.8217,0.9543,,,,,,,
0.822,93.8,-2.0,0.0,-0.0,,,480,0,0,0,0.8217,0.9543,,,,,,,
0.924,93.9,-2.0,0.0,-0.0,,,480,0,0,0,0.8217,0.9543,,,,,,,
1.02,94.0,-2.0,0.0,-0.0,,,480,0,0,0,0.8217,0.9543,,,,,,,
1.119,94.1,-2.0,0.0,-0.0,,,480,0,0,0,0.8217,0.9543,,,,,,,
1.222,94.2,-2.0,0.0,-0.0,,,480,0,0,0,0.8217,0.9543,,,,,,,
1.317,94.3,-2.0,0.0,-0.0,,,480,0,0,0,0.8217,0.9543,,,,,,,
1.418,94.4,-2.0,0.0,-0.0,,,480,0,0,0,0.8217,0.9543,,,,,,,
1.518,94.5,-2.0,0.0,-0.0,,,480,0,0,0,0.8217,0.9543,,,,,,,
1.619,94.6,-2.0,0.0,-0.0,,,480,0,0,0,0.8217,0.9543,,,,,,,
1.729,94.7,-2.0,0.0,-0.0,,,480,0,0,0,0.8217,0.9543,,,,,,,
1.831,94.8,-2.0,0.0,-0.0,-1.469,2.94,480,0,0,0,0.8217,0.9543,,,0.0,0.7949,,,
1.931,94.9,-2.0,0.0001,0.0039,-1.469,2.94,480,0,0,0,0.8202,0.953,,,0.0,0.7949,0.0,0.0,0.0
2.037,95.0,-2.0,0.0015,0.0389,-1.469,2.94,480,0,0,0,0.8248,0.9582,,,0.0,0.7436,0.0,0.0,0.0
2.128,95.1,-2.0,0.0043,0.1049,-1.469,2.94,480,0,0,0,0.8231,0.9573,,,0.0,0.6923,0.0,0.0,0.0
2.228,95.2,-2.0,0.0086,0.1752,-1.469,2.94,480,0,0,0,0.8282,0.9628,,,0.0,0.641,0.0,0.0,0.0
2.329,95.3,-2.0,0.0134,0.238,-1.469,2.94,480,0,0,0,0.83,0.9643,,,0.0,1.0,0.0,0.0,0.0
2.432,95.4,-2.0,0.0177,0.3009,-1.469,2.94,480,0,0,0,0.8316,0.965,,,0.0,0.9487,0.0,0.0,0.0
2.531,95.5,-2.0,0.0225,0.3802,-1.469,2.94,480,0,0,0,0.8347,0.9664,,,0.0,0.8974,0.0,0.0,0.0
2.64,95.6,-2.0,0.0263,0.4573,-1.469,2.94,480,0,0,0,0.8372,0.9665,,,0.0,0.7949,0.0,0.0,0.0
2.749,95.7,-2.0,0.0292,0.5376,-1.469,2.94,480,0,0,0,0.8408,0.9674,,,0.0,0.7436,0.0,0.0,0.0
2.837,95.8,-2.0001,0.0304,0.5841,-1.469,2.94,480,0,0,0,0.841,0.9649,,,0.0,0.6923,0.0,0.0,0.0
2.955,95.9,-2.0004,0.031,0.6452,-1.469,2.94,480,0,0,0,0.8407,0.962,,,0.2842,1.0,0.0,0.0,0.0
3.037,96.0,-1.9999,0.0321,0.685,-1.469,2.94,480,0,0,0,0.8403,0.9586,,,0.1895,1.0,0.25,0.25,0.25
3.164,96.1,-1.9901,0.0423,0.7517,-1.469,2.94,480,0,0,0,0.8403,0.9529,,,0.3,1.0,0.3,0.1895,0.1895
3.253,96.2,-1.9742,0.0585,0.8235,-1.469,2.94,480,0,0,0,0.8394,0.9454,,,0.3,0.8974,0.3,0.3,0.3
3.364,96.3,-1.9546,0.0806,0.8922,-1.469,2.94,480,0,0,0,0.8391,0.9361,,,0.3,1.0,0.3,0.3,0.3
3.472,96.4,-1.9331,0.1085,0.9708,-1.469,2.94,480,0,0,0,0.8445,0.9316,,,0.2842,0.9487,0.2842,0.3,0.3
3.567,96.5,-1.9209,0.1267,1.0224,-1.469,2.94,480,0,0,0,0.8484,0.9267,,,0.3,0.8974,0.3,0.3,0.3
3.668,96.6,-1.9075,0.1512,1.085,-1.469,2.94,480,0,0,0,0.8603,0.9302,,,0.3,1.0,0.3,0.3,0.3
3.78,96.7,-1.8968,0.1767,1.1552,-1.469,2.94,480,0,0,0,0.8344,0.9281,,,0.2842,0.8974,0.2842,0.2842,0.2842
3.875,96.8,-1.8891,0.2027,1.2297,-1.469,2.94,480,0,0,0,0.8091,0.9298,,,0.2842,0.9487,0.2842,0.2842,0.2842
3.985,96.9,-1.8849,0.2292,1.3095,-1.469,2.94,480,0,0,0,0.7845,0.9124,,,0.3,1.0,0.3,0.3,0.3
4.081,97.0,-1.8845,0.2578,1.3988,-1.469,2.94,480,0,0,0,0.7615,0.893,,,0.3,0.8462,0.3,0.3,0.3
4.186,97.1,-1.8862,0.2875,1.4861,-1.469,2.94,480,0,0,0,0.7438,0.8776,,,0.3,0.8974,0.3,0.3,0.3
4.288,97.2,-1.8891,0.3148,1.5725,-1.469,2.94,480,0,0,7,0.7274,0.8619,LIMIT,PolygonLimit,0.3,0.6923,0.3,0.2034,0.2034
4.385,97.3,-1.8928,0.3354,1.6284,-1.469,2.94,480,0,0,0,0.7161,0.8503,DO_NOTHING,,0.3,0.7949,0.3,0.3,0.3
4.48,97.4,-1.8991,0.3606,1.6796,-1.469,2.94,480,0,0,0,0.7043,0.8373,DO_NOTHING,,0.3,0.641,0.3,0.3,0.3
4.582,97.5,-1.9084,0.3898,1.7425,-1.469,2.94,480,0,0,0,0.6953,0.8258,DO_NOTHING,,0.3,0.4872,0.3,0.3,0.3
4.682,97.6,-1.9179,0.4192,1.7899,-1.469,2.94,480,0,0,0,0.6854,0.8127,DO_NOTHING,,0.3,0.5385,0.3,0.3,0.3
4.796,97.7,-1.9307,0.4541,1.8463,-1.469,2.94,480,0,0,0,0.6817,0.8047,DO_NOTHING,,0.3,0.3333,0.3,0.3,0.3
4.916,97.8,-1.9392,0.4771,1.8715,-1.469,2.94,480,0,0,0,0.6744,0.7935,DO_NOTHING,,0.3,-0.2308,0.2842,0.2842,0.2842
5.022,97.9,-1.9499,0.5047,1.8984,-1.469,2.94,480,0,0,0,0.6698,0.7844,DO_NOTHING,,0.3,-0.1282,0.3,0.3,0.3
5.115,98.0,-1.9599,0.533,1.9012,-1.469,2.94,480,0,0,0,0.6694,0.7813,DO_NOTHING,,0.3,-0.1282,0.3,0.3,0.3
5.216,98.1,-1.9688,0.5614,1.89,-1.469,2.94,480,0,0,0,0.6636,0.7725,DO_NOTHING,,0.3,-0.1282,0.3,0.3,0.3
5.314,98.2,-1.9773,0.5896,1.8801,-1.469,2.94,480,0,0,0,0.6636,0.7703,DO_NOTHING,,0.2842,-0.0769,0.2842,0.2842,0.2842
5.414,98.3,-1.9855,0.617,1.872,-1.469,2.94,480,0,0,0,0.6625,0.7667,DO_NOTHING,,0.3,-0.1795,0.3,0.3,0.3
5.515,98.4,-1.9931,0.6453,1.8563,-1.469,2.94,480,0,0,0,0.663,0.7648,DO_NOTHING,,0.2842,-0.1795,0.2842,0.2842,0.2842
5.618,98.5,-2.0001,0.6731,1.842,-1.469,2.94,480,0,0,0,0.6622,0.7615,DO_NOTHING,,0.3,-0.0769,0.3,0.3,0.3
5.715,98.6,-2.0075,0.702,1.8338,-1.469,2.94,480,0,0,0,0.6651,0.7609,DO_NOTHING,,0.3,-0.1282,0.3,0.3,0.3
5.816,98.7,-2.0143,0.7306,1.8225,-1.469,2.94,480,0,0,0,0.6689,0.762,DO_NOTHING,,0.2842,-0.1282,0.2842,0.2842,0.2842
5.914,98.8,-2.0206,0.7582,1.8127,-1.469,2.94,480,0,0,0,0.672,0.7623,DO_NOTHING,,0.2842,-0.0256,0.2842,0.2842,0.2842
6.014,98.9,-2.0272,0.7862,1.8095,-1.469,2.94,480,0,0,0,0.6778,0.7634,DO_NOTHING,,0.3,-0.0769,0.3,0.3,0.3
6.119,99.0,-2.0336,0.8153,1.8002,-1.469,2.94,480,0,0,0,0.6832,0.7666,DO_NOTHING,,0.3,-0.1282,0.3,0.3,0.3
6.213,99.1,-2.0395,0.8446,1.7903,-1.469,2.94,480,0,0,0,0.6892,0.7707,DO_NOTHING,,0.3,-0.0256,0.3,0.3,0.3
6.333,99.2,-2.0457,0.8739,1.7866,-1.469,2.94,480,0,0,0,0.6955,0.7751,DO_NOTHING,,0.3,-0.0769,0.3,0.3,0.3
6.413,99.3,-2.0515,0.9032,1.7794,-1.469,2.94,480,0,0,0,0.7013,0.7808,DO_NOTHING,,0.3,-0.0769,0.3,0.3,0.3
6.517,99.4,-2.0571,0.9326,1.7721,-1.469,2.94,480,0,0,0,0.707,0.7871,DO_NOTHING,,0.2842,-0.0769,0.3,0.3,0.3
6.615,99.5,-2.0624,0.9616,1.7651,-1.469,2.94,480,0,0,0,0.7125,0.7931,DO_NOTHING,,0.2842,-0.0769,0.2842,0.2842,0.2842
6.72,99.6,-2.0673,0.9899,1.7579,-1.469,2.94,480,0,0,0,0.7173,0.7988,DO_NOTHING,,0.3,-0.0769,0.3,0.3,0.3
6.815,99.7,-2.0722,1.019,1.7509,-1.469,2.94,480,0,0,0,0.7222,0.8045,DO_NOTHING,,0.2842,-0.0769,0.2842,0.2842,0.2842
6.917,99.8,-2.0769,1.0475,1.7457,-1.469,2.94,480,0,0,0,0.7268,0.8097,DO_NOTHING,,0.3,-0.0256,0.3,0.3,0.3
7.02,99.9,-2.0822,1.077,1.7468,-1.469,2.94,480,0,0,0,0.7322,0.8149,DO_NOTHING,,0.3,-0.0256,0.3,0.3,0.3
7.132,100.0,-2.0872,1.1065,1.7443,-1.469,2.94,480,0,0,0,0.7372,0.8202,DO_NOTHING,,0.2842,-0.0256,0.3,0.3,0.3
7.23,100.1,-2.0921,1.1355,1.7419,-1.469,2.94,480,0,0,0,0.742,0.8253,DO_NOTHING,,0.3,-0.0769,0.2842,0.2842,0.2842
7.324,100.2,-2.0967,1.164,1.7381,-1.469,2.94,480,0,0,0,0.7466,0.8303,DO_NOTHING,,0.3,-0.1282,0.3,0.3,0.3
7.419,100.3,-2.1009,1.1936,1.7289,-1.469,2.94,480,0,0,0,0.7507,0.8355,DO_NOTHING,,0.3,-0.0769,0.3,0.3,0.3
7.519,100.4,-2.1046,1.2233,1.7183,-1.469,2.94,480,0,0,0,0.7543,0.8403,DO_NOTHING,,0.3,-0.0769,0.3,0.3,0.3
7.621,100.5,-2.1083,1.253,1.7108,-1.469,2.94,480,0,0,0,0.758,0.8447,DO_NOTHING,,0.3,-0.0769,0.3,0.3,0.3
7.719,100.6,-2.1117,1.2821,1.7035,-1.469,2.94,480,0,0,0,0.7614,0.8489,DO_NOTHING,,0.3,-0.0769,0.2842,0.2842,0.2842
7.828,100.7,-2.1148,1.3109,1.6962,-1.469,2.94,480,0,0,0,0.7646,0.8528,DO_NOTHING,,0.3,-0.0769,0.3,0.3,0.3
7.921,100.8,-2.118,1.3407,1.6905,-1.469,2.94,480,0,0,0,0.7692,0.8566,DO_NOTHING,,0.3,-0.0256,0.3,0.3,0.3
8.02,100.9,-2.1214,1.3705,1.6879,-1.469,2.94,480,0,0,0,0.7749,0.8602,DO_NOTHING,,0.2842,-0.0256,0.3,0.3,0.3
8.122,101.0,-2.1246,1.3997,1.6855,-1.469,2.94,480,0,0,0,0.7819,0.8636,DO_NOTHING,,0.3,-0.0769,0.2842,0.2842,0.2842
8.22,101.1,-2.1275,1.4285,1.6814,-1.469,2.94,480,0,0,0,0.7888,0.8677,DO_NOTHING,,0.2842,-0.0769,0.3,0.3,0.3
8.32,101.2,-2.1301,1.4577,1.674,-1.469,2.94,480,0,0,0,0.7966,0.8724,DO_NOTHING,,0.3,-0.0256,0.2842,0.2842,0.2842
8.419,101.3,-2.1325,1.4866,1.6683,-1.469,2.94,480,0,0,0,0.8071,0.8789,DO_NOTHING,,0.3,-0.0769,0.3,0.3,0.3
8.519,101.4,-2.135,1.5165,1.6639,-1.469,2.94,480,0,0,0,0.8143,0.8841,DO_NOTHING,,0.3,-0.0256,0.3,0.3,0.3
8.622,101.5,-2.1372,1.5463,1.6581,-1.469,2.94,480,0,0,0,0.8249,0.8773,DO_NOTHING,,0.3,-0.0256,0.3,0.3,0.3
8.725,101.6,-2.1394,1.5762,1.6536,-1.469,2.94,480,0,0,0,0.8375,0.8506,DO_NOTHING,,0.3,-0.0769,0.3,0.3,0.3
8.819,101.7,-2.1411,1.6055,1.646,-1.469,2.94,480,0,0,0,0.8187,0.8257,DO_NOTHING,,0.3,0.0,0.2842,0.2842,0.2842
8.922,101.8,-2.1428,1.6345,1.6409,-1.469,2.94,480,0,0,0,0.7983,0.8014,DO_NOTHING,,0.2842,0.0,0.3,0.3,0.3
9.019,101.9,-2.1448,1.6638,1.6409,-1.469,2.94,480,0,0,0,0.7769,0.7762,DO_NOTHING,,0.3,-0.0256,0.2842,0.2842,0.2842
9.12,102.0,-2.1468,1.6928,1.64,-1.469,2.94,480,0,0,0,0.7595,0.7562,DO_NOTHING,,0.2842,-0.0256,0.3,0.3,0.3
9.22,102.1,-2.1486,1.7221,1.6375,-1.469,2.94,480,0,0,0,0.7388,0.7303,DO_NOTHING,,0.3,0.0,0.2842,0.2842,0.2842
9.32,102.2,-2.1503,1.7511,1.6359,-1.469,2.94,480,0,0,0,0.7208,0.7085,DO_NOTHING,,0.2842,0.0,0.3,0.3,0.3
9.426,102.3,-2.1523,1.7804,1.6359,-1.469,2.94,480,0,0,0,0.705,0.6888,DO_NOTHING,,0.3,-0.0256,0.2842,0.2842,0.2842
9.52,102.4,-2.1541,1.8093,1.635,-1.469,2.94,480,0,0,0,0.6873,0.6661,DO_NOTHING,,0.3,-0.0256,0.3,0.3,0.3
9.632,102.5,-2.1557,1.8393,1.6324,-1.469,2.94,480,0,0,0,0.672,0.6459,DO_NOTHING,,0.2842,-0.0256,0.3,0.3,0.3
9.72,102.6,-2.1573,1.8686,1.6298,-1.469,2.94,480,0,0,0,0.6561,0.6252,DO_NOTHING,,0.3,-0.0256,0.2842,0.2842,0.2842
9.829,102.7,-2.1587,1.8976,1.6273,-1.469,2.94,480,0,0,0,0.6449,0.6081,DO_NOTHING,,0.2842,-0.0769,0.3,0.3,0.3
9.927,102.8,-2.1601,1.9268,1.6227,-1.469,2.94,480,0,0,0,0.6326,0.5909,DO_NOTHING,,0.3,-0.0256,0.2842,0.2842,0.2842
10.03,102.9,-2.161,1.956,1.6173,-1.469,2.94,480,0,0,0,0.6206,0.5722,DO_NOTHING,,0.2842,-0.0256,0.3,0.3,0.3
10.126,103.0,-2.1621,1.9852,1.6147,-1.469,2.94,480,0,0,0,0.6111,0.5572,DO_NOTHING,,0.3,-0.0256,0.2842,0.2842,0.2842
10.23,103.1,-2.1631,2.0144,1.6122,-1.469,2.94,480,0,0,0,0.6021,0.5419,DO_NOTHING,,0.3,-0.0769,0.3,0.3,0.3
10.326,103.2,-2.1639,2.0443,1.607,-1.469,2.94,480,0,0,0,0.596,0.5292,DO_NOTHING,,0.2842,0.0,0.3,0.3,0.3
10.426,103.3,-2.1645,2.0735,1.6027,-1.469,2.94,480,0,0,0,0.5907,0.5175,DO_NOTHING,,0.2684,0.0256,0.2842,0.2842,0.2842
10.526,103.4,-2.1655,2.1012,1.6039,-1.469,2.94,480,0,0,0,0.5874,0.5095,DO_NOTHING,,0.2526,0.0256,0.2684,0.2684,0.2684
10.626,103.5,-2.1666,2.1272,1.6065,-1.469,2.94,480,0,0,0,0.5837,0.5004,DO_NOTHING,,0.2368,0.0256,0.2526,0.2526,0.2526
10.726,103.6,-2.1677,2.1517,1.6091,-1.469,2.94,480,0,0,0,0.582,0.4945,DO_NOTHING,,0.2211,0.0256,0.2368,0.2368,0.2368
10.827,103.7,-2.1688,2.1746,1.6117,-1.469,2.94,480,0,0,0,0.5809,0.4909,DO_NOTHING,,0.2368,0.0256,0.2211,0.2211,0.2211
10.926,103.8,-2.17,2.1974,1.6142,-1.469,2.94,480,0,0,0,0.5797,0.4864,DO_NOTHING,,0.2211,0.0,0.2368,0.2368,0.2368
11.025,103.9,-2.1712,2.2203,1.6155,-1.469,2.94,480,0,0,0,0.5785,0.4836,DO_NOTHING,,0.2053,0.0,0.2211,0.2211,0.2211
11.127,104.0,-2.1721,2.2416,1.6155,-1.469,2.94,480,0,0,0,0.5776,0.482,DO_NOTHING,,0.1263,-0.0769,0.2053,0.2053,0.2053
11.234,104.1,-2.1729,2.2596,1.614,-1.469,2.94,480,0,0,0,0.5768,0.4811,DO_NOTHING,,0.1105,-0.0769,0.1263,0.1263,0.1263
11.326,104.2,-2.1727,2.2715,1.6063,-1.469,2.94,480,0,0,0,0.577,0.4805,DO_NOTHING,,0.1105,-0.0769,0.1105,0.1105,0.1105
11.426,104.3,-2.1724,2.2826,1.5982,-1.469,2.94,480,0,0,0,0.5774,0.4801,DO_NOTHING,,0.0947,-0.0769,0.1105,0.1105,0.1105
11.526,104.4,-2.1719,2.2929,1.5904,-1.469,2.94,480,0,0,0,0.5779,0.4798,DO_NOTHING,,0.0947,-0.0769,0.0947,0.0947,0.0947
11.626,104.5,-2.1714,2.3023,1.5823,-1.469,2.94,480,0,0,0,0.5784,0.4797,DO_NOTHING,,0.0789,-0.0769,0.0947,0.0947,0.0947
11.726,104.6,-2.1708,2.3111,1.5744,-1.469,2.94,480,0,0,0,0.579,0.4796,DO_NOTHING,,0.0789,-0.0769,0.0789,0.0789,0.0789
11.829,104.7,-2.17,2.3189,1.5662,-1.469,2.94,480,0,0,0,0.5797,0.4796,DO_NOTHING,,0.0789,-0.0769,0.0789,0.0789,0.0789
11.926,104.8,-2.1692,2.3268,1.558,-1.469,2.94,480,0,0,0,0.5805,0.4797,DO_NOTHING,,0.0632,-0.0256,0.0789,0.0789,0.0789
12.029,104.9,-2.1686,2.334,1.5526,-1.469,2.94,480,0,0,0,0.5812,0.4798,DO_NOTHING,,0.0632,-0.0256,0.0632,0.0632,0.0632
12.126,105.0,-2.1682,2.3403,1.5499,-1.469,2.94,480,0,0,0,0.5816,0.4799,DO_NOTHING,,0.0474,-0.0256,0.0632,0.0632,0.0632
12.227,105.1,-2.1679,2.3458,1.5473,-1.469,2.94,480,0,0,0,0.5819,0.48,DO_NOTHING,,0.0474,0.0769,0.0474,0.0474,0.0474
12.327,105.2,-2.1678,2.3505,1.5488,-1.469,2.94,480,0,0,0,0.582,0.4803,DO_NOTHING,,0.0474,0.1282,0.0474,0.0474,0.0474
12.427,105.3,-2.1686,2.3553,1.5594,-1.469,2.94,480,0,0,0,0.5812,0.4804,DO_NOTHING,,0.0474,0.1795,0.0474,0.0474,0.0474
12.526,105.4,-2.17,2.36,1.5756,-1.469,2.94,480,0,0,0,0.5798,0.4805,DO_NOTHING,,0.0474,0.1795,0.0474,0.0474,0.0474
12.627,105.5,-2.1717,2.3647,1.5946,-1.469,2.94,480,0,0,0,0.5781,0.4805,DO_NOTHING,,0.0316,0.0,0.0474,0.0474,0.0474
12.735,105.6,-2.173,2.3687,1.6075,-1.469,2.94,480,0,0,0,0.5767,0.4804,DO_NOTHING,,0.0316,0.0,0.0316,0.0316,0.0316
12.827,105.7,-2.1731,2.3719,1.6077,-1.469,2.94,480,0,0,0,0.5766,0.4803,DO_NOTHING,,0.0316,0.0769,0.0316,0.0316,0.0316
12.936,105.8,-2.1734,2.375,1.6113,-1.469,2.94,480,0,0,0,0.5763,0.4803,DO_NOTHING,,0.0316,0.0769,0.0316,0.0316,0.0316
13.026,105.9,-2.1743,2.3782,1.6193,-1.469,2.94,480,0,0,0,0.5754,0.4802,DO_NOTHING,,0.0316,0.1282,0.0316,0.0316,0.0316
13.14,106.0,-2.1753,2.3813,1.6297,-1.469,2.94,480,0,0,0,0.5745,0.4802,DO_NOTHING,,0.0316,0.1282,0.0316,0.0316,0.0316
13.239,106.1,-2.1766,2.3845,1.6428,-1.469,2.94,480,0,0,0,0.5731,0.4801,DO_NOTHING,,0.3,0.8462,0.0316,0.0316,0.0316
13.346,106.2,-2.1781,2.3897,1.655,-1.469,2.94,480,0,0,4,0.5716,0.4798,DO_NOTHING,,0.0158,-0.1282,0.2816,0.2816,0.2816
13.445,106.3,-2.1811,2.4046,1.6752,-1.469,2.94,480,0,0,16,0.5687,0.4789,DO_NOTHING,,0.3,0.6923,0.0316,0.0316,0.0316
13.55,106.4,-2.1836,2.4159,1.6898,-1.469,2.94,480,0,0,23,0.5663,0.4778,DO_NOTHING,,0.3,0.5897,0.2816,0.2816,0.2816
13.65,106.5,-2.1876,2.4352,1.7083,-1.469,2.94,480,0,0,32,0.5622,0.4757,LIMIT,PolygonLimit,0.3,0.5385,0.3,0.2543,0.2543
13.752,106.6,-2.1944,2.4599,1.7446,-1.469,2.94,480,0,0,42,0.5553,0.4727,LIMIT,PolygonLimit,0.3,0.6923,0.3,0.2786,0.2786
13.853,106.7,-2.2024,2.4839,1.7905,-1.469,2.94,480,0,0,51,0.5473,0.4696,LIMIT,PolygonLimit,0.3,0.4872,0.3,0.2167,0.2167
13.957,106.8,-2.2111,2.507,1.8292,-1.469,2.94,480,0,0,57,0.5387,0.4653,DO_NOTHING,,0.3,0.7436,0.3,0.3,0.3
14.053,106.9,-2.2203,2.5315,1.8676,-1.469,2.94,480,0,0,62,0.5295,0.4604,LIMIT,PolygonLimit,0.3,0.4872,0.3,0.2017,0.2017
14.152,107.0,-2.2296,2.5523,1.9033,-1.469,2.94,480,0,0,66,0.5202,0.4553,DO_NOTHING,,0.3,0.3846,0.3,0.3,0.3
14.261,107.1,-2.2397,2.5774,1.9219,-1.469,2.94,480,0,0,68,0.5102,0.4474,DO_NOTHING,,0.3,0.4359,0.3,0.3,0.3
14.352,107.2,-2.2506,2.603,1.9431,-1.469,2.94,480,0,0,71,0.4991,0.439,DO_NOTHING,,0.2842,0.3846,0.3,0.3,0.3
14.452,107.3,-2.2622,2.6283,1.9677,-1.469,2.94,480,0,0,73,0.4877,0.4304,DO_NOTHING,,0.3,0.4359,0.2842,0.2842,0.2842
14.552,107.4,-2.2741,2.6533,1.9902,-1.469,2.94,480,0,0,73,0.4761,0.4212,DO_NOTHING,,0.2842,0.4359,0.3,0.3,0.3
14.652,107.5,-2.2865,2.6776,2.0145,-1.469,2.94,480,0,0,76,0.4646,0.4119,DO_NOTHING,,0.3,0.5897,0.2842,0.2842,0.2842
14.753,107.6,-2.2987,2.7,2.0443,-1.469,2.94,480,0,0,87,0.4541,0.4034,LIMIT,PolygonLimit,0.2842,0.5385,0.3,0.2543,0.2543
14.851,107.7,-2.311,2.7212,2.0731,-1.469,2.94,480,0,0,95,0.445,0.3946,LIMIT,PolygonLimit,0.3,0.5385,0.2842,0.2639,0.2639
14.959,107.8,-2.3246,2.743,2.102,-1.469,2.94,480,0,0,104,0.4355,0.3848,LIMIT,PolygonLimit,0.2842,0.4872,0.2842,0.2786,0.2786
15.062,107.9,-2.3392,2.7658,2.1317,-1.469,2.94,480,0,0,111,0.4269,0.3739,DO_NOTHING,,0.3,0.5385,0.3,0.2842,0.2842
15.16,108.0,-2.3545,2.7882,2.1629,-1.469,2.94,480,0,0,119,0.4191,0.3628,LIMIT,PolygonLimit,0.2842,0.5385,0.2842,0.2786,0.2786
15.263,108.1,-2.3699,2.8096,2.1961,-1.469,2.94,480,0,0,128,0.4125,0.3528,LIMIT,PolygonLimit,0.3,0.6923,0.3,0.2639,0.2639
15.362,108.2,-2.3841,2.8283,2.2306,-1.469,2.94,480,0,0,135,0.4086,0.3457,LIMIT,PolygonLimit,0.3,0.6923,0.3,0.2167,0.2167
15.462,108.3,-2.3976,2.8451,2.2659,-1.469,2.94,480,0,5,144,0.4032,0.339,LIMIT,PolygonLimit,0.2842,0.641,0.2842,0.2167,0.2167
15.561,108.4,-2.4083,2.8577,2.2945,-1.469,2.94,480,0,12,147,0.4002,0.3349,SLOWDOWN,PolygonSlow,0.3,0.7949,0.3,0.0853,0.0853
15.662,108.5,-2.4142,2.8641,2.3113,-1.469,2.94,480,0,15,150,0.3986,0.333,SLOWDOWN,PolygonSlow,0.2842,0.7436,0.2842,0.09,0.09
15.766,108.6,-2.4201,2.8703,2.3287,-1.469,2.94,480,0,17,152,0.3972,0.3308,SLOWDOWN,PolygonSlow,0.3,0.6923,0.3,0.0853,0.0853
15.867,108.7,-2.4263,2.8767,2.3449,-1.469,2.94,480,0,21,155,0.3968,0.3293,SLOWDOWN,PolygonSlow,0.3,0.6923,0.3,0.09,0.09
15.973,108.8,-2.4327,2.883,2.3612,-1.469,2.94,480,0,24,158,0.3942,0.3266,SLOWDOWN,PolygonSlow,0.3,0.641,0.3,0.09,0.09
16.087,108.9,-2.4403,2.8906,2.3791,-1.469,2.94,480,0,27,161,0.393,0.3243,SLOWDOWN,PolygonSlow,0.3,0.5897,0.3,0.09,0.09
16.171,109.0,-2.4455,2.8955,2.39,-1.469,2.94,480,0,29,165,0.3914,0.3218,SLOWDOWN,PolygonSlow,0.3,0.5897,0.3,0.09,0.09
16.296,109.1,-2.4533,2.9028,2.4062,-1.469,2.89,480,0,33,167,0.3906,0.3199,SLOWDOWN,PolygonSlow,0.3,0.6923,0.3,0.09,0.09
16.38,109.2,-2.4585,2.9076,2.4186,-1.469,2.89,480,0,35,171,0.3896,0.318,SLOWDOWN,PolygonSlow,0.3,0.641,0.3,0.09,0.09
16.494,109.3,-2.4651,2.9135,2.4329,-1.469,2.89,480,0,38,173,0.3892,0.3166,SLOWDOWN,PolygonSlow,0.3,0.641,0.3,0.09,0.09
16.591,109.4,-2.4719,2.9193,2.4467,-1.469,2.89,480,0,40,177,0.3878,0.3141,SLOWDOWN,PolygonSlow,0.3,0.5897,0.3,0.09,0.09
16.711,109.5,-2.4787,2.925,2.4594,-1.469,2.89,480,0,44,180,0.3874,0.3128,SLOWDOWN,PolygonSlow,0.2842,0.5897,0.2842,0.0853,0.0853
16.807,109.6,-2.4854,2.9304,2.4721,-1.469,2.89,480,0,45,182,0.3854,0.3098,SLOWDOWN,PolygonSlow,0.3,0.641,0.3,0.09,0.09
16.919,109.7,-2.4925,2.936,2.4852,-1.469,2.89,480,0,49,186,0.3857,0.3083,SLOWDOWN,PolygonSlow,0.3,0.5897,0.3,0.09,0.09
17.018,109.8,-2.4995,2.9414,2.4974,-1.469,2.89,480,0,52,190,0.3849,0.3066,SLOWDOWN,PolygonSlow,0.2842,0.5897,0.3,0.09,0.09
17.131,109.9,-2.5065,2.9467,2.5095,-1.469,2.89,480,0,53,194,0.3843,0.3051,SLOWDOWN,PolygonSlow,0.3,0.7436,0.2842,0.0853,0.0853
17.226,110.0,-2.5135,2.9517,2.5228,-1.469,2.89,480,0,57,197,0.384,0.303,SLOWDOWN,PolygonSlow,0.3,0.5897,0.3,0.09,0.09
17.339,110.1,-2.5207,2.9568,2.5374,-1.469,2.89,480,0,59,201,0.3843,0.3025,SLOWDOWN,PolygonSlow,0.3,0.5897,0.3,0.09,0.09
17.433,110.2,-2.5282,2.9616,2.5504,-1.469,2.89,480,0,62,204,0.3826,0.2998,SLOWDOWN,PolygonSlow,0.3,0.5385,0.3,0.09,0.09
17.539,110.3,-2.5357,2.9663,2.5631,-1.469,2.89,480,0,64,208,0.383,0.2986,SLOWDOWN,PolygonSlow,0.3,0.5897,0.3,0.09,0.09
17.638,110.4,-2.5432,2.9709,2.5758,-1.469,2.89,480,0,67,211,0.3828,0.2975,SLOWDOWN,PolygonSlow,0.3,0.5897,0.3,0.09,0.09
17.749,110.5,-2.5508,2.9754,2.5893,-1.469,2.89,480,0,71,216,0.3816,0.2954,SLOWDOWN,PolygonSlow,0.3,0.5385,0.3,0.09,0.09
17.846,110.6,-2.5585,2.9797,2.602,-1.469,2.89,480,0,72,219,0.3818,0.294,SLOWDOWN,PolygonSlow,0.2842,0.5897,0.3,0.09,0.09
17.959,110.7,-2.5675,2.9845,2.6181,-1.469,2.89,480,0,74,224,0.3824,0.2938,SLOWDOWN,PolygonSlow,0.2842,0.5385,0.2842,0.0853,0.0853
18.047,110.8,-2.5734,2.9875,2.6283,-1.469,2.89,480,0,76,228,0.3811,0.2916,SLOWDOWN,PolygonSlow,0.2684,0.5385,0.2842,0.0853,0.0853
18.146,110.9,-2.5806,2.9911,2.641,-1.469,2.89,480,0,80,231,0.3812,0.291,SLOWDOWN,PolygonSlow,0.3,0.5385,0.2684,0.0805,0.0805
18.247,111.0,-2.5882,2.9947,2.6538,-1.469,2.89,480,0,83,235,0.3812,0.2895,SLOWDOWN,PolygonSlow,0.3,0.5385,0.3,0.09,0.09
18.348,111.1,-2.5962,2.9984,2.6667,-1.469,2.89,480,0,85,239,0.3816,0.289,SLOWDOWN,PolygonSlow,0.2842,0.641,0.3,0.09,0.09
18.446,111.2,-2.6039,3.0017,2.6815,-1.469,2.89,480,0,88,245,0.3809,0.2875,SLOWDOWN,PolygonSlow,0.2842,0.5897,0.2842,0.0853,0.0853
18.552,111.3,-2.6116,3.0048,2.6963,-1.469,2.89,480,0,89,248,0.3809,0.2868,SLOWDOWN,PolygonSlow,0.3,0.5385,0.2842,0.0853,0.0853
18.645,111.4,-2.6196,3.0079,2.71,-1.469,2.89,480,0,92,253,0.3816,0.2868,SLOWDOWN,PolygonSlow,0.3,0.5385,0.3,0.09,0.09
18.755,111.5,-2.6278,3.011,2.7234,-1.469,2.89,480,0,95,260,0.3816,0.2853,SLOWDOWN,PolygonSlow,0.2842,0.5385,0.3,0.09,0.09
18.852,111.6,-2.6358,3.0138,2.7368,-1.469,2.89,480,0,99,263,0.3817,0.2847,SLOWDOWN,PolygonSlow,0.2842,0.4872,0.2842,0.0853,0.0853
18.955,111.7,-2.6437,3.0165,2.7495,-1.469,2.89,480,0,102,269,0.3817,0.284,SLOWDOWN,PolygonSlow,0.3,0.5897,0.2842,0.0853,0.0853
19.054,111.8,-2.6519,3.019,2.7636,-1.469,2.89,480,0,105,273,0.3809,0.2833,SLOWDOWN,PolygonSlow,0.3,0.5385,0.3,0.09,0.09
19.158,111.9,-2.6603,3.0215,2.7778,-1.469,2.89,480,0,108,280,0.3784,0.2827,SLOWDOWN,PolygonSlow,0.3,0.4872,0.3,0.09,0.09
19.257,112.0,-2.6687,3.0239,2.7907,-1.469,2.89,480,0,111,285,0.376,0.2818,SLOWDOWN,PolygonSlow,0.3,0.4359,0.3,0.09,0.09
19.363,112.1,-2.6772,3.0262,2.8025,-1.469,2.89,480,0,115,289,0.3736,0.2812,SLOWDOWN,PolygonSlow,0.3,0.3846,0.3,0.09,0.09
19.473,112.2,-2.6857,3.0285,2.8129,-1.469,2.89,480,0,117,294,0.3713,0.2808,SLOWDOWN,PolygonSlow,0.2842,0.4359,0.2842,0.09,0.09
19.561,112.3,-2.6939,3.0306,2.824,-1.469,2.89,480,0,121,295,0.3692,0.2804,SLOWDOWN,PolygonSlow,0.2842,0.3846,0.2842,0.0853,0.0853
19.673,112.4,-2.702,3.0325,2.8346,-1.469,2.89,480,0,125,295,0.3673,0.2801,SLOWDOWN,PolygonSlow,0.3,0.2821,0.3,0.0853,0.0853
19.762,112.5,-2.7105,3.0346,2.843,-1.469,2.89,480,0,127,295,0.3652,0.2803,SLOWDOWN,PolygonSlow,0.3,0.3846,0.3,0.09,0.09
19.878,112.6,-2.7191,3.0366,2.8524,-1.469,2.89,480,0,131,296,0.3632,0.2797,SLOWDOWN,PolygonSlow,0.3,0.3333,0.3,0.09,0.09
19.976,112.7,-2.7277,3.0385,2.8615,-1.469,2.89,480,0,134,297,0.3613,0.28,SLOWDOWN,PolygonSlow,0.2842,0.3333,0.2842,0.09,0.09
20.085,112.8,-2.736,3.0403,2.8705,-1.469,2.89,480,0,138,298,0.3596,0.2803,SLOWDOWN,PolygonSlow,0.3,0.3846,0.3,0.09,0.09
20.189,112.9,-2.7446,3.0419,2.8808,-1.469,2.89,480,0,142,298,0.3579,0.2802,SLOWDOWN,PolygonSlow,0.3,0.3846,0.3,0.09,0.09
20.289,113.0,-2.7533,3.0434,2.8914,-1.469,2.89,480,0,146,298,0.3564,0.2807,SLOWDOWN,PolygonSlow,0.3,0.3333,0.3,0.09,0.09
20.385,113.1,-2.762,3.0449,2.9006,-1.469,2.89,480,0,149,299,0.3549,0.2814,SLOWDOWN,PolygonSlow,0.3,0.2821,0.3,0.09,0.09
20.489,113.2,-2.7708,3.0465,2.9082,-1.469,2.89,480,0,152,300,0.3534,0.282,SLOWDOWN,PolygonSlow,0.3,0.2308,0.3,0.09,0.09
20.586,113.3,-2.7795,3.0481,2.9148,-1.469,2.89,480,0,156,300,0.3518,0.2828,SLOWDOWN,PolygonSlow,0.2842,0.2821,0.2842,0.0853,0.0853
20.687,113.4,-2.7878,3.0494,2.9226,-1.469,2.89,480,0,160,301,0.3505,0.2838,SLOWDOWN,PolygonSlow,0.2842,0.2821,0.2842,0.0853,0.0853
20.786,113.5,-2.7961,3.0506,2.9304,-1.469,2.89,480,0,163,301,0.3492,0.2848,SLOWDOWN,PolygonSlow,0.2842,0.2308,0.2842,0.0853,0.0853
20.89,113.6,-2.8045,3.0519,2.9369,-1.469,2.89,480,0,167,302,0.3479,0.2861,SLOWDOWN,PolygonSlow,0.3,0.2308,0.3,0.09,0.09
20.986,113.7,-2.8133,3.0532,2.9434,-1.469,2.89,480,0,171,302,0.3466,0.2875,SLOWDOWN,PolygonSlow,0.3,0.2308,0.3,0.09,0.09
21.088,113.8,-2.8222,3.0544,2.9501,-1.469,2.89,480,0,173,304,0.3454,0.2891,SLOWDOWN,PolygonSlow,0.3,0.2821,0.3,0.09,0.09
21.188,113.9,-2.831,3.0555,2.958,-1.469,2.89,480,0,177,306,0.3444,0.2907,SLOWDOWN,PolygonSlow,0.2842,0.2308,0.2842,0.0853,0.0853
21.291,114.0,-2.8394,3.0565,2.9647,-1.469,2.89,480,0,181,307,0.3434,0.2922,SLOWDOWN,PolygonSlow,0.3,0.2308,0.3,0.09,0.09
21.387,114.1,-2.8482,3.0575,2.9711,-1.469,2.89,480,0,185,308,0.3423,0.2937,SLOWDOWN,PolygonSlow,0.3,0.1795,0.3,0.09,0.09
21.489,114.2,-2.8571,3.0586,2.9763,-1.469,2.89,480,0,189,310,0.3412,0.2952,SLOWDOWN,PolygonSlow,0.3,0.1795,0.3,0.09,0.09
21.585,114.3,-2.866,3.0597,2.9815,-1.469,2.89,480,0,191,312,0.3402,0.2966,SLOWDOWN,PolygonSlow,0.3,0.1795,0.3,0.09,0.09
21.687,114.4,-2.8749,3.0607,2.9867,-1.469,2.89,480,0,196,314,0.3392,0.298,SLOWDOWN,PolygonSlow,0.3,0.1795,0.3,0.09,0.09
21.785,114.5,-2.8837,3.0616,2.9918,-1.469,2.89,480,0,196,315,0.3382,0.2993,SLOWDOWN,PolygonSlow,0.2842,0.1282,0.2842,0.0853,0.0853
21.886,114.6,-2.8921,3.0626,2.9957,-1.469,2.89,480,0,196,316,0.3373,0.3005,SLOWDOWN,PolygonSlow,0.2842,0.1795,0.2842,0.0853,0.0853
21.986,114.7,-2.9006,3.0633,3.0011,-1.469,2.89,480,0,196,318,0.3365,0.3017,SLOWDOWN,PolygonSlow,0.3,0.2308,0.3,0.09,0.09
22.097,114.8,-2.9095,3.064,3.0078,-1.469,2.89,480,0,194,320,0.3358,0.3029,SLOWDOWN,PolygonSlow,0.3,0.2308,0.3,0.09,0.09
22.186,114.9,-2.9185,3.0646,3.0145,-1.469,2.89,480,0,193,320,0.3352,0.304,SLOWDOWN,PolygonSlow,0.3,0.1795,0.3,0.09,0.09
22.286,115.0,-2.9274,3.0653,3.0197,-1.469,2.89,480,0,191,322,0.3345,0.3051,SLOWDOWN,PolygonSlow,0.3,0.1282,0.3,0.09,0.09
22.387,115.1,-2.9363,3.0661,3.0235,-1.469,2.89,480,0,189,323,0.3337,0.3062,SLOWDOWN,PolygonSlow,0.3,0.1282,0.3,0.09,0.09
22.493,115.2,-2.9453,3.0668,3.0274,-1.469,2.89,480,0,187,324,0.333,0.3072,SLOWDOWN,PolygonSlow,0.3,0.1795,0.3,0.09,0.09
22.588,115.3,-2.9542,3.0674,3.0326,-1.469,2.89,480,0,185,324,0.3324,0.3082,SLOWDOWN,PolygonSlow,0.2842,0.1282,0.2842,0.0853,0.0853
22.694,115.4,-2.9626,3.068,3.0365,-1.469,2.89,480,0,183,325,0.3318,0.3091,SLOWDOWN,PolygonSlow,0.2842,0.1282,0.2842,0.0853,0.0853
22.809,115.5,-2.9727,3.0686,3.0411,-1.469,2.89,480,0,182,326,0.3312,0.3099,SLOWDOWN,PolygonSlow,0.2684,0.1282,0.2684,0.0805,0.0805
22.894,115.6,-2.9792,3.069,3.0442,-1.469,2.89,480,0,179,325,0.3308,0.3107,SLOWDOWN,PolygonSlow,0.3,0.1795,0.3,0.09,0.09
23.023,115.7,-2.9899,3.0695,3.0507,-1.469,2.89,480,0,173,324,0.3304,0.3115,SLOWDOWN,PolygonSlow,0.3,0.1795,0.3,0.09,0.09
23.092,115.8,-2.9971,3.0697,3.0551,-1.469,2.89,480,0,167,322,0.33,0.3123,SLOWDOWN,PolygonSlow,0.3,0.1795,0.3,0.09,0.09
23.203,115.9,-3.006,3.07,3.0605,-1.469,2.89,480,0,163,321,0.3298,0.3131,SLOWDOWN,PolygonSlow,0.2842,0.1795,0.2842,0.0853,0.0853
23.302,116.0,-3.0146,3.0702,3.0656,-1.469,2.89,480,0,162,319,0.3296,0.3137,SLOWDOWN,PolygonSlow,0.3,0.0769,0.3,0.09,0.09
23.41,116.1,-3.0235,3.0707,3.068,-1.469,2.94,480,0,162,318,0.3291,0.3144,SLOWDOWN,PolygonSlow,0.3,0.0769,0.3,0.09,0.09
23.51,116.2,-3.032,3.0711,3.0703,-1.469,2.94,480,0,161,316,0.3287,0.315,SLOWDOWN,PolygonSlow,0.2368,0.0769,0.2368,0.0711,0.0711
23.613,116.3,-3.0392,3.0715,3.0717,-1.469,2.94,480,0,161,315,0.3283,0.3155,SLOWDOWN,PolygonSlow,0.2526,-0.0256,0.2526,0.0758,0.0758
23.71,116.4,-3.0466,3.0721,3.0711,-1.469,2.94,480,0,162,313,0.3278,0.316,SLOWDOWN,PolygonSlow,0.2368,0.0,0.2368,0.0711,0.0711
23.816,116.5,-3.0537,3.0726,3.0709,-1.469,2.94,480,0,162,312,0.3272,0.3165,SLOWDOWN,PolygonSlow,0.2368,-0.0256,0.2368,0.0711,0.0711
23.913,116.6,-3.0608,3.0732,3.0701,-1.469,2.94,480,0,162,310,0.3267,0.317,SLOWDOWN,PolygonSlow,0.2368,-0.0256,0.2368,0.0711,0.0711
24.017,116.7,-3.0677,3.0737,3.0696,-1.469,2.94,480,0,162,310,0.3261,0.3175,SLOWDOWN,PolygonSlow,0.2211,0.0,0.2211,0.0663,0.0663
24.114,116.8,-3.0743,3.0742,3.0693,-1.469,2.94,480,0,162,308,0.3256,0.318,SLOWDOWN,PolygonSlow,0.2211,-0.0256,0.2211,0.0663,0.0663
24.215,116.9,-3.081,3.0748,3.0685,-1.469,2.94,480,0,162,307,0.3251,0.3185,SLOWDOWN,PolygonSlow,0.2211,-0.0256,0.2211,0.0663,0.0663
24.315,117.0,-3.0876,3.0754,3.0673,-1.469,2.94,480,0,162,305,0.3245,0.319,SLOWDOWN,PolygonSlow,0.2211,-0.0769,0.2211,0.0663,0.0663
24.414,117.1,-3.094,3.076,3.0657,-1.469,2.94,480,0,163,303,0.3238,0.3195,SLOWDOWN,PolygonSlow,0.2053,0.0,0.2053,0.0616,0.0616
24.514,117.2,-3.1002,3.0765,3.0654,-1.469,2.94,480,0,163,302,0.3233,0.3199,SLOWDOWN,PolygonSlow,0.2053,-0.0256,0.2053,0.0616,0.0616
24.618,117.3,-3.1063,3.077,3.0646,-1.469,2.94,480,0,163,301,0.3228,0.3204,SLOWDOWN,PolygonSlow,0.2053,-0.0256,0.2053,0.0616,0.0616
24.715,117.4,-3.1125,3.0776,3.0635,-1.469,2.94,480,0,163,299,0.3222,0.3209,SLOWDOWN,PolygonSlow,0.2053,-0.0769,0.2053,0.0616,0.0616
24.815,117.5,-3.1185,3.0782,3.0619,-1.469,2.94,480,0,163,297,0.3216,0.3214,SLOWDOWN,PolygonSlow,0.1895,0.0,0.1895,0.0568,0.0568
24.917,117.6,-3.1241,3.0787,3.0617,-1.469,2.94,480,0,163,296,0.3211,0.3218,SLOWDOWN,PolygonSlow,0.1895,-0.0256,0.1895,0.0568,0.0568
25.014,117.7,-3.1298,3.0792,3.0609,-1.469,2.94,480,0,163,294,0.3206,0.3223,SLOWDOWN,PolygonSlow,0.1895,-0.0256,0.1895,0.0568,0.0568
25.113,117.8,-3.1355,3.0798,3.0596,-1.469,2.94,480,0,163,292,0.32,0.3227,SLOWDOWN,PolygonSlow,0.1895,-0.0769,0.1895,0.0568,0.0568
25.215,117.9,-3.141,3.0804,3.058,-1.469,2.94,480,0,164,291,0.3194,0.3232,SLOWDOWN,PolygonSlow,0.1737,0.0,0.1737,0.0521,0.0521
25.314,118.0,-3.1462,3.0808,3.0578,-1.469,2.94,480,0,164,290,0.3189,0.3236,SLOWDOWN,PolygonSlow,0.1737,-0.0256,0.1737,0.0521,0.0521
25.413,118.1,-3.1514,3.0813,3.057,-1.469,2.94,480,0,164,287,0.3184,0.3241,SLOWDOWN,PolygonSlow,0.1737,-0.0256,0.1737,0.0521,0.0521
25.514,118.2,-3.1566,3.0819,3.0558,-1.469,2.94,480,0,164,287,0.3179,0.3245,SLOWDOWN,PolygonSlow,0.1737,-0.0769,0.1737,0.0521,0.0521
25.616,118.3,-3.162,3.0824,3.0547,-1.469,2.94,480,0,164,285,0.3173,0.325,SLOWDOWN,PolygonSlow,0.2053,0.0769,0.2053,0.0616,0.0616
25.712,118.4,-3.1678,3.0827,3.0572,-1.469,2.94,480,0,164,284,0.317,0.3255,SLOWDOWN,PolygonSlow,0.1421,0.1282,0.1421,0.0426,0.0426
25.815,118.5,-3.1721,3.0827,3.0616,-1.469,2.94,480,0,164,282,0.317,0.3259,SLOWDOWN,PolygonSlow,0.1421,0.1795,0.1421,0.0426,0.0426
25.918,118.6,-3.1767,3.0827,3.0665,-1.469,2.94,480,0,163,282,0.3171,0.3262,SLOWDOWN,PolygonSlow,0.1895,0.0769,0.1895,0.0568,0.0568
26.023,118.7,-3.1824,3.0828,3.0696,-1.469,2.94,480,0,163,280,0.317,0.3266,SLOWDOWN,PolygonSlow,0.1895,0.0769,0.1895,0.0568,0.0568
26.149,118.8,-3.1892,3.083,3.0725,-1.469,2.94,480,0,163,279,0.3168,0.327,SLOWDOWN,PolygonSlow,0.1263,0.1282,0.1895,0.0568,0.0568
26.223,118.9,-3.1928,3.0831,3.075,-1.469,2.94,480,0,163,278,0.3167,0.3273,SLOWDOWN,PolygonSlow,0.1263,0.1795,0.1263,0.0379,0.0379
26.338,119.0,-3.1973,3.0829,3.0808,-1.469,2.94,480,0,163,276,0.3169,0.3276,SLOWDOWN,PolygonSlow,0.1263,0.1795,0.1263,0.0379,0.0379
26.423,119.1,-3.2004,3.0827,3.0852,-1.469,2.94,480,0,163,276,0.3171,0.3278,SLOWDOWN,PolygonSlow,0.1737,0.0769,0.1263,0.0379,0.0379
26.536,119.2,-3.2048,3.0826,3.0892,-1.469,2.94,480,0,162,274,0.3172,0.328,SLOWDOWN,PolygonSlow,0.1737,0.0256,0.1737,0.0521,0.0521
26.633,119.3,-3.21,3.0827,3.0908,-1.469,2.94,480,0,162,273,0.3171,0.3283,SLOWDOWN,PolygonSlow,0.1105,0.1282,0.1737,0.0521,0.0521
26.739,119.4,-3.2143,3.0828,3.093,-1.469,2.94,480,0,162,272,0.317,0.3285,SLOWDOWN,PolygonSlow,0.1105,0.1795,0.1105,0.0332,0.0332
26.84,119.5,-3.2176,3.0825,3.0978,-1.469,2.94,480,0,162,272,0.3172,0.3287,SLOWDOWN,PolygonSlow,0.1105,0.1795,0.1105,0.0332,0.0332
26.942,119.6,-3.221,3.0822,3.1034,-1.469,2.94,480,0,161,271,0.3176,0.3288,SLOWDOWN,PolygonSlow,0.1105,0.1795,0.1105,0.0332,0.0332
27.042,119.7,-3.2243,3.0818,3.109,-1.469,2.94,480,0,161,270,0.3179,0.3289,SLOWDOWN,PolygonSlow,0.1579,0.0256,0.1105,0.0332,0.0332
27.152,119.8,-3.2283,3.0816,3.1123,-1.469,2.94,480,0,161,269,0.3181,0.329,SLOWDOWN,PolygonSlow,0.0947,0.1282,0.1579,0.0474,0.0474
27.25,119.9,-3.2319,3.0815,3.1149,-1.469,2.94,480,0,161,268,0.3182,0.3291,SLOWDOWN,PolygonSlow,0.0947,0.1282,0.0947,0.0284,0.0284
27.346,120.0,-3.2348,3.0812,3.1189,-1.469,2.94,480,0,160,268,0.3185,0.3292,SLOWDOWN,PolygonSlow,0.0947,0.0769,0.0947,0.0284,0.0284
27.444,120.1,-3.2376,3.081,3.122,-1.469,2.94,480,0,160,267,0.3187,0.3293,SLOWDOWN,PolygonSlow,0.1421,0.0769,0.0947,0.0284,0.0284
27.544,120.2,-3.2413,3.0809,3.1243,-1.469,2.94,480,0,160,266,0.3189,0.3293,SLOWDOWN,PolygonSlow,0.1421,0.0256,0.1421,0.0426,0.0426
27.645,120.3,-3.2455,3.0808,3.1258,-1.469,2.94,480,0,160,265,0.3189,0.3294,SLOWDOWN,PolygonSlow,0.1421,0.0,0.1421,0.0426,0.0426
27.745,120.4,-3.2498,3.0809,3.1261,-1.469,2.94,480,0,160,263,0.3189,0.3295,SLOWDOWN,PolygonSlow,0.1421,-0.0256,0.1421,0.0426,0.0426
27.845,120.5,-3.2541,3.081,3.1256,-1.469,2.94,480,0,160,263,0.3188,0.3295,SLOWDOWN,PolygonSlow,0.1421,0.0,0.1421,0.0426,0.0426
27.947,120.6,-3.2583,3.0811,3.1253,-1.469,2.94,480,0,160,261,0.3187,0.3296,SLOWDOWN,PolygonSlow,0.1263,0.0769,0.1421,0.0426,0.0426
28.046,120.7,-3.2623,3.081,3.1267,-1.469,2.94,480,0,160,260,0.3187,0.3297,SLOWDOWN,PolygonSlow,0.1263,0.0769,0.1263,0.0379,0.0379
28.145,120.8,-3.2661,3.0809,3.1291,-1.469,2.94,480,0,160,259,0.3189,0.3298,SLOWDOWN,PolygonSlow,0.1263,0.0256,0.1263,0.0379,0.0379
28.249,120.9,-3.2699,3.0808,3.1306,-1.469,2.94,480,0,160,256,0.319,0.3298,SLOWDOWN,PolygonSlow,0.1263,-0.0256,0.1263,0.0379,0.0379
28.352,121.0,-3.2737,3.0808,3.1304,-1.469,2.94,480,0,160,256,0.319,0.3298,SLOWDOWN,PolygonSlow,0.1263,-0.0256,0.1263,0.0379,0.0379
28.444,121.1,-3.2775,3.0809,3.1296,-1.469,2.94,480,0,160,255,0.3188,0.3299,SLOWDOWN,PolygonSlow,0.1263,-0.0256,0.1263,0.0379,0.0379
28.547,121.2,-3.2813,3.0811,3.1288,-1.469,2.94,480,0,160,254,0.3187,0.3299,SLOWDOWN,PolygonSlow,0.1263,0.0,0.1263,0.0379,0.0379
28.644,121.3,-3.285,3.0811,3.1285,-1.469,2.94,480,0,160,252,0.3186,0.33,SLOWDOWN,PolygonSlow,0.1105,0.0769,0.1263,0.0379,0.0379
28.744,121.4,-3.2886,3.0811,3.1299,-1.469,2.94,480,0,160,251,0.3187,0.33,SLOWDOWN,PolygonSlow,0.1105,0.0256,0.1105,0.0332,0.0332
28.844,121.5,-3.2919,3.081,3.1314,-1.469,2.94,480,0,160,249,0.3188,0.3301,SLOWDOWN,PolygonSlow,0.1105,0.0,0.1105,0.0332,0.0332
28.944,121.6,-3.2952,3.081,3.1317,-1.469,2.94,480,0,160,249,0.3188,0.3301,SLOWDOWN,PolygonSlow,0.1105,-0.0256,0.1105,0.0332,0.0332
29.044,121.7,-3.2985,3.0811,3.1312,-1.469,2.94,480,0,160,247,0.3187,0.3301,SLOWDOWN,PolygonSlow,0.1105,-0.0256,0.1105,0.0332,0.0332
29.145,121.8,-3.3018,3.0812,3.1304,-1.469,2.94,480,0,160,246,0.3186,0.3302,SLOWDOWN,PolygonSlow,0.1105,0.0,0.1105,0.0332,0.0332
29.244,121.9,-3.3051,3.0812,3.1301,-1.469,2.94,480,0,160,246,0.3185,0.3302,SLOWDOWN,PolygonSlow,0.1105,0.0,0.1105,0.0332,0.0332
29.349,122.0,-3.3085,3.0813,3.1301,-1.469,2.94,480,0,160,244,0.3185,0.3303,SLOWDOWN,PolygonSlow,0.0947,0.0769,0.1105,0.0332,0.0332
29.459,122.1,-3.3114,3.0812,3.1317,-1.469,2.94,480,0,160,242,0.3186,0.3303,SLOWDOWN,PolygonSlow,0.0947,0.0256,0.0947,0.0284,0.0284
29.551,122.2,-3.3143,3.0811,3.133,-1.469,2.94,480,0,160,242,0.3187,0.3303,SLOWDOWN,PolygonSlow,0.0947,0.0,0.0947,0.0284,0.0284
29.662,122.3,-3.3177,3.0811,3.1333,-1.469,2.94,480,0,160,241,0.3187,0.3303,SLOWDOWN,PolygonSlow,0.0947,-0.0256,0.0947,0.0284,0.0284
29.748,122.4,-3.32,3.0812,3.1327,-1.469,2.94,480,0,160,240,0.3186,0.3304,SLOWDOWN,PolygonSlow,0.0947,-0.0256,0.0947,0.0284,0.0284
29.858,122.5,-3.3228,3.0813,3.1319,-1.469,2.94,480,0,160,239,0.3185,0.3304,SLOWDOWN,PolygonSlow,0.0947,-0.0256,0.0947,0.0284,0.0284
29.956,122.6,-3.3257,3.0814,3.1311,-1.469,2.94,480,0,160,238,0.3184,0.3304,SLOWDOWN,PolygonSlow,0.0947,-0.0256,0.0947,0.0284,0.0284
30.073,122.7,-3.3285,3.0815,3.1303,-1.469,2.94,480,0,160,238,0.3183,0.3305,SLOWDOWN,PolygonSlow,0.0947,0.0,0.0947,0.0284,0.0284
30.167,122.8,-3.3313,3.0815,3.1302,-1.469,2.94,480,0,160,236,0.3183,0.3305,SLOWDOWN,PolygonSlow,0.0789,0.1282,0.0789,0.0284,0.0284
30.275,122.9,-3.3338,3.0813,3.1338,-1.469,2.94,480,0,160,235,0.3185,0.3306,SLOWDOWN,PolygonSlow,0.0789,0.0769,0.0789,0.0237,0.0237
30.374,123.0,-3.3361,3.081,3.1364,-1.469,2.94,480,0,159,235,0.3188,0.3306,SLOWDOWN,PolygonSlow,0.0789,0.0256,0.0789,0.0237,0.0237
30.478,123.1,-3.3385,3.0809,3.1375,-1.469,2.94,480,0,159,234,0.3189,0.3306,SLOWDOWN,PolygonSlow,0.0789,-0.0256,0.0789,0.0237,0.0237
30.577,123.2,-3.3409,3.081,3.1369,-1.469,2.94,480,0,159,233,0.3188,0.3306,SLOWDOWN,PolygonSlow,0.0789,-0.0256,0.0789,0.0237,0.0237
30.68,123.3,-3.3432,3.0811,3.136,-1.469,2.94,480,0,159,233,0.3187,0.3306,SLOWDOWN,PolygonSlow,0.0789,-0.0256,0.0789,0.0237,0.0237
30.778,123.4,-3.3456,3.0812,3.1352,-1.469,2.94,480,0,159,232,0.3186,0.3307,SLOWDOWN,PolygonSlow,0.0789,-0.0256,0.0789,0.0237,0.0237
30.884,123.5,-3.348,3.0813,3.1344,-1.469,2.94,480,0,159,267,0.3185,0.3308,SLOWDOWN,PolygonSlow,0.0789,-0.0256,0.0789,0.0237,0.0237
30.98,123.6,-3.3503,3.0814,3.1336,-1.469,2.94,480,0,160,328,0.3184,0.3309,SLOWDOWN,PolygonSlow,0.0789,-0.0256,0.0789,0.0237,0.0237
31.081,123.7,-3.3527,3.0815,3.1328,-1.469,2.94,480,0,160,363,0.3183,0.331,SLOWDOWN,PolygonSlow,0.0789,0.0,0.0789,0.0237,0.0237
31.179,123.8,-3.3551,3.0815,3.1327,-1.469,2.94,480,0,160,366,0.3183,0.3311,SLOWDOWN,PolygonSlow,0.0632,0.1282,0.0632,0.0189,0.0189
31.281,123.9,-3.357,3.0812,3.1363,-1.469,2.94,480,0,159,366,0.3186,0.3312,SLOWDOWN,PolygonSlow,0.0632,0.0769,0.0632,0.0189,0.0189
31.386,124.0,-3.3589,3.081,3.1389,-1.469,2.94,480,0,159,366,0.3188,0.3314,SLOWDOWN,PolygonSlow,0.0632,0.0769,0.0632,0.0189,0.0189
31.479,124.1,-3.3608,3.0808,3.1414,-1.469,2.94,480,0,159,366,0.3191,0.3315,SLOWDOWN,PolygonSlow,0.0632,0.0,0.0632,0.0189,0.0189
31.579,124.2,-3.3627,3.0808,-3.1416,-1.469,2.94,480,0,159,366,0.3191,0.3317,SLOWDOWN,PolygonSlow,0.0632,-0.0256,0.0632,0.0189,0.0189
31.68,124.3,-3.3646,3.0808,3.1409,-1.469,2.94,480,0,159,365,0.319,0.3321,SLOWDOWN,PolygonSlow,0.0632,-0.0256,0.0632,0.0189,0.0189
31.782,124.4,-3.3665,3.0809,3.1401,-1.469,2.94,480,0,159,365,0.319,0.3321,SLOWDOWN,PolygonSlow,0.0632,-0.0769,0.0632,0.0189,0.0189
31.889,124.5,-3.3684,3.0811,3.1378,-1.469,2.94,480,0,159,364,0.3187,0.3322,SLOWDOWN,PolygonSlow,0.0632,-0.0256,0.0632,0.0189,0.0189
31.979,124.6,-3.3703,3.0812,3.1368,-1.469,2.94,480,0,159,364,0.3186,0.3324,SLOWDOWN,PolygonSlow,0.0632,-0.0256,0.0632,0.0189,0.0189
32.086,124.7,-3.3722,3.0813,3.136,-1.469,2.94,480,0,159,363,0.3185,0.3324,SLOWDOWN,PolygonSlow,0.0632,-0.0256,0.0632,0.0189,0.0189
32.18,124.8,-3.3741,3.0814,3.1352,-1.469,2.94,480,0,159,363,0.3184,0.3327,SLOWDOWN,PolygonSlow,0.0632,-0.0256,0.0632,0.0189,0.0189
32.279,124.9,-3.376,3.0815,3.1343,-1.469,2.94,480,0,159,364,0.3183,0.3329,SLOWDOWN,PolygonSlow,0.0632,-0.1795,0.0632,0.0189,0.0189
32.382,125.0,-3.3779,3.0819,3.1292,-1.469,2.94,480,0,160,362,0.3179,0.3333,SLOWDOWN,PolygonSlow,0.0474,0.1282,0.0474,0.0142,0.0142
32.483,125.1,-3.3793,3.0819,3.1303,-1.469,2.94,480,0,160,362,0.3179,0.3334,SLOWDOWN,PolygonSlow,0.0474,0.1282,0.0474,0.0142,0.0142
32.585,125.2,-3.3808,3.0815,3.1343,-1.469,2.94,480,0,160,362,0.3183,0.3336,SLOWDOWN,PolygonSlow,0.0474,0.0769,0.0474,0.0142,0.0142
32.688,125.3,-3.3822,3.0813,3.1368,-1.469,2.94,480,0,159,362,0.3185,0.3337,SLOWDOWN,PolygonSlow,0.0474,0.0769,0.0474,0.0142,0.0142
32.801,125.4,-3.3836,3.0811,3.139,-1.469,2.94,480,0,159,362,0.3187,0.3338,SLOWDOWN,PolygonSlow,0.0474,0.0,0.0474,0.0142,0.0142
32.888,125.5,-3.385,3.0811,3.1389,-1.469,2.94,480,0,159,362,0.3187,0.3346,SLOWDOWN,PolygonSlow,0.0474,-0.0256,0.0474,0.0142,0.0142
33.001,125.6,-3.3864,3.0812,3.1381,-1.469,2.94,480,0,159,362,0.3187,0.3345,SLOWDOWN,PolygonSlow,0.0474,-0.0256,0.0474,0.0142,0.0142
33.088,125.7,-3.3879,3.0813,3.1371,-1.469,2.94,480,0,159,362,0.3186,0.3345,SLOWDOWN,PolygonSlow,0.0474,-0.0769,0.0474,0.0142,0.0142
33.198,125.8,-3.3893,3.0815,3.1347,-1.469,2.94,480,0,159,361,0.3183,0.3347,SLOWDOWN,PolygonSlow,0.0474,-0.0769,0.0474,0.0142,0.0142
33.301,125.9,-3.3907,3.0817,3.1324,-1.469,2.94,480,0,160,360,0.3181,0.335,SLOWDOWN,PolygonSlow,0.0474,-0.0256,0.0474,0.0142,0.0142
33.414,126.0,-3.3921,3.0818,3.1316,-1.469,2.94,480,0,160,360,0.318,0.3354,SLOWDOWN,PolygonSlow,0.0474,-0.0256,0.0474,0.0142,0.0142
33.511,126.1,-3.3936,3.0819,3.1308,-1.469,2.94,480,0,160,359,0.3179,0.3358,SLOWDOWN,PolygonSlow,0.0474,-0.0256,0.0474,0.0142,0.0142
33.621,126.2,-3.395,3.0821,3.1286,-1.469,2.94,480,0,160,359,0.3177,0.3357,SLOWDOWN,PolygonSlow,0.0474,-0.1795,0.0474,0.0142,0.0142
33.717,126.3,-3.3964,3.0826,3.1229,-1.469,2.94,480,0,160,359,0.3172,0.3362,SLOWDOWN,PolygonSlow,0.0474,-0.1795,0.0474,0.0142,0.0142
33.831,126.4,-3.3978,3.0831,3.1173,-1.469,2.94,480,0,161,359,0.3166,0.3368,SLOWDOWN,PolygonSlow,0.0474,-0.1795,0.0474,0.0142,0.0142
33.922,126.5,-3.3992,3.0837,3.1116,-1.469,2.94,480,0,161,357,0.3161,0.337,SLOWDOWN,PolygonSlow,0.0474,-0.2308,0.0474,0.0142,0.0142
34.025,126.6,-3.4007,3.0842,3.1055,-1.469,2.94,480,0,161,356,0.3155,0.3376,SLOWDOWN,PolygonSlow,0.0316,0.2308,0.0474,0.0142,0.0142
34.121,126.7,-3.4019,3.0848,3.0997,-1.469,2.94,480,0,162,356,0.3149,0.3378,SLOWDOWN,PolygonSlow,0.0316,0.2308,0.0316,0.0095,0.0095
34.232,126.8,-3.4029,3.0846,3.1032,-1.469,2.94,480,0,162,356,0.3151,0.3382,SLOWDOWN,PolygonSlow,0.0316,0.1795,0.0316,0.0095,0.0095
34.325,126.9,-3.4038,3.0841,3.1096,-1.469,2.94,480,0,161,356,0.3157,0.3381,SLOWDOWN,PolygonSlow,0.0316,0.1282,0.0316,0.0095,0.0095
34.437,127.0,-3.4048,3.0837,3.1144,-1.469,2.94,480,0,161,356,0.316,0.3385,SLOWDOWN,PolygonSlow,0.0316,0.1282,0.0316,0.0095,0.0095
34.526,127.1,-3.4057,3.0833,3.1184,-1.469,2.94,480,0,161,357,0.3164,0.3382,SLOWDOWN,PolygonSlow,0.0316,0.0769,0.0316,0.0095,0.0095
34.63,127.2,-3.4067,3.0831,3.1217,-1.469,2.94,480,0,160,357,0.3167,0.3385,SLOWDOWN,PolygonSlow,0.0316,0.0769,0.0316,0.0095,0.0095
34.727,127.3,-3.4076,3.0829,3.1241,-1.469,2.94,480,0,160,357,0.3169,0.3387,SLOWDOWN,PolygonSlow,0.0316,0.0,0.0316,0.0095,0.0095
34.826,127.4,-3.4086,3.0828,3.1253,-1.469,2.94,480,0,160,357,0.317,0.3388,SLOWDOWN,PolygonSlow,0.0316,-0.0256,0.0316,0.0095,0.0095
34.926,127.5,-3.4095,3.0828,3.1249,-1.469,2.94,480,0,160,357,0.3169,0.3393,SLOWDOWN,PolygonSlow,0.0316,-0.0256,0.0316,0.0095,0.0095
35.03,127.6,-3.4105,3.0829,3.1241,-1.469,2.94,480,0,160,356,0.3168,0.3393,SLOWDOWN,PolygonSlow,0.0316,-0.0769,0.0316,0.0095,0.0095
35.126,127.7,-3.4114,3.0831,3.1225,-1.469,2.94,480,0,160,357,0.3167,0.3397,SLOWDOWN,PolygonSlow,0.0316,-0.0769,0.0316,0.0095,0.0095
35.225,127.8,-3.4124,3.0833,3.12,-1.469,2.94,480,0,160,356,0.3164,0.3407,SLOWDOWN,PolygonSlow,0.0316,-0.1282,0.0316,0.0095,0.0095
35.326,127.9,-3.4133,3.0836,3.1168,-1.469,2.94,480,0,161,355,0.3161,0.3405,SLOWDOWN,PolygonSlow,0.0316,-0.0256,0.0316,0.0095,0.0095
35.425,128.0,-3.4142,3.0838,3.1144,-1.469,2.94,480,0,161,355,0.3159,0.3403,SLOWDOWN,PolygonSlow,0.0316,-0.0256,0.0316,0.0095,0.0095
35.529,128.1,-3.4152,3.0839,3.1136,-1.469,2.94,480,0,161,354,0.3158,0.3409,SLOWDOWN,PolygonSlow,0.0316,-0.1795,0.0316,0.0095,0.0095
35.628,128.2,-3.4161,3.0842,3.1105,-1.469,2.94,480,0,161,355,0.3155,0.3412,SLOWDOWN,PolygonSlow,0.0316,-0.1795,0.0316,0.0095,0.0095
35.729,128.3,-3.4171,3.0847,3.1049,-1.469,2.94,480,0,161,354,0.315,0.3414,SLOWDOWN,PolygonSlow,0.0316,-0.1795,0.0316,0.0095,0.0095
35.83,128.4,-3.418,3.0853,3.0993,-1.469,2.94,480,0,162,354,0.3145,0.3427,SLOWDOWN,PolygonSlow,0.0316,-0.1795,0.0316,0.0095,0.0095
35.931,128.5,-3.419,3.0858,3.0937,-1.469,2.94,480,0,163,353,0.314,0.3424,SLOWDOWN,PolygonSlow,0.0316,-0.2308,0.0316,0.0095,0.0095
36.034,128.6,-3.4199,3.0864,3.0873,-1.469,2.94,480,0,163,352,0.3134,0.3426,SLOWDOWN,PolygonSlow,0.0316,-0.2308,0.0316,0.0095,0.0095
36.16,128.7,-3.4211,3.0872,3.0788,-1.469,2.94,480,0,163,352,0.3128,0.3432,SLOWDOWN,PolygonSlow,0.0316,-0.2308,0.0316,0.0095,0.0095
36.235,128.8,-3.4218,3.0877,3.0732,-1.469,2.94,480,0,164,351,0.3121,0.3439,SLOWDOWN,PolygonSlow,0.0316,-0.2308,0.0316,0.0095,0.0095
36.352,128.9,-3.423,3.0886,3.0647,-1.469,2.94,480,0,164,350,0.3113,0.3444,SLOWDOWN,PolygonSlow,0.0316,-0.2308,0.0316,0.0095,0.0095
36.436,129.0,-3.4237,3.0891,3.0591,-1.469,2.94,480,0,165,349,0.3106,0.3448,SLOWDOWN,PolygonSlow,0.0316,-0.2821,0.0316,0.0095,0.0095
36.555,129.1,-3.4247,3.0898,3.0513,-1.469,2.94,480,0,165,349,0.3099,0.3455,SLOWDOWN,PolygonSlow,0.0316,-0.2821,0.0316,0.0095,0.0095
36.653,129.2,-3.4256,3.0907,3.0428,-1.469,2.94,480,0,166,348,0.3091,0.3461,SLOWDOWN,PolygonSlow,0.0316,-0.2821,0.0316,0.0095,0.0095
36.753,129.3,-3.4265,3.0915,3.0344,-1.469,2.94,480,0,166,347,0.3084,0.3475,SLOWDOWN,PolygonSlow,0.0316,-0.2821,0.0316,0.0095,0.0095
36.851,129.4,-3.4275,3.0923,3.0259,-1.469,2.94,480,0,167,347,0.3076,0.3474,SLOWDOWN,PolygonSlow,0.0316,-0.2821,0.0316,0.0095,0.0095
36.958,129.5,-3.4284,3.0931,3.0176,-1.469,2.94,480,0,168,346,0.3068,0.3488,SLOWDOWN,PolygonSlow,0.0316,-0.2821,0.0316,0.0095,0.0095
37.059,129.6,-3.4294,3.0939,3.0092,-1.469,2.94,480,0,168,345,0.3059,0.3488,SLOWDOWN,PolygonSlow,0.0158,0.3333,0.0158,0.0095,0.0095
37.16,129.7,-3.43,3.0943,3.0055,-1.469,2.94,480,0,169,345,0.3055,0.3499,SLOWDOWN,PolygonSlow,0.0158,0.3333,0.0158,0.0047,0.0047
37.26,129.8,-3.4304,3.0939,3.0119,-1.469,2.94,480,0,168,345,0.3059,0.3493,SLOWDOWN,PolygonSlow,0.0158,0.2821,0.0158,0.0047,0.0047
37.366,129.9,-3.4309,3.0932,3.0207,-1.469,2.94,480,0,168,346,0.3066,0.3495,SLOWDOWN,PolygonSlow,0.0632,0.3846,0.0632,0.0189,0.0189
37.46,130.0,-3.4326,3.0925,3.0316,-1.469,2.94,480,0,167,347,0.3073,0.3495,SLOWDOWN,PolygonSlow,0.0632,0.3846,0.0632,0.0189,0.0189
37.568,130.1,-3.4345,3.0918,3.0431,-1.469,2.94,480,0,166,346,0.308,0.3499,SLOWDOWN,PolygonSlow,0.0632,0.2308,0.0632,0.0189,0.0189
37.668,130.2,-3.4364,3.0913,3.0506,-1.469,2.94,480,0,165,347,0.3085,0.3504,SLOWDOWN,PolygonSlow,0.0632,0.1795,0.0632,0.0189,0.0189
37.77,130.3,-3.4383,3.091,3.0562,-1.469,2.94,480,0,165,347,0.3088,0.3512,SLOWDOWN,PolygonSlow,0.0632,0.1282,0.0632,0.0189,0.0189
37.875,130.4,-3.4402,3.0908,3.0602,-1.469,2.94,480,0,165,348,0.309,0.3518,SLOWDOWN,PolygonSlow,0.0789,-0.0769,0.0789,0.0237,0.0237
37.969,130.5,-3.4425,3.0911,3.0594,-1.469,2.94,480,0,165,347,0.3087,0.3524,SLOWDOWN,PolygonSlow,0.0789,-0.0256,0.0789,0.0237,0.0237
38.069,130.6,-3.4448,3.0913,3.0585,-1.469,2.94,480,0,165,347,0.3084,0.3536,SLOWDOWN,PolygonSlow,0.0789,0.0,0.0789,0.0237,0.0237
38.168,130.7,-3.4472,3.0915,3.0584,-1.469,2.94,480,0,165,347,0.3082,0.3548,SLOWDOWN,PolygonSlow,0.0632,0.0,0.0632,0.0189,0.0189
38.268,130.8,-3.4491,3.0917,3.0584,-1.469,2.94,480,0,165,347,0.3081,0.3556,SLOWDOWN,PolygonSlow,0.0632,-0.0256,0.0632,0.0189,0.0189
38.369,130.9,-3.451,3.0919,3.0577,-1.469,2.94,480,0,165,346,0.3078,0.3557,SLOWDOWN,PolygonSlow,0.0632,-0.0256,0.0632,0.0189,0.0189
38.47,131.0,-3.4529,3.0921,3.0569,-1.469,2.94,480,0,165,346,0.3076,0.3566,SLOWDOWN,PolygonSlow,0.0632,-0.0769,0.0632,0.0189,0.0189
38.568,131.1,-3.4548,3.0925,3.0548,-1.469,2.94,480,0,165,346,0.3073,0.3581,SLOWDOWN,PolygonSlow,0.0632,-0.0769,0.0632,0.0189,0.0189
38.668,131.2,-3.4567,3.0928,3.0524,-1.469,2.94,480,0,166,345,0.3069,0.3587,SLOWDOWN,PolygonSlow,0.0632,-0.0769,0.0632,0.0189,0.0189
38.769,131.3,-3.4586,3.0932,3.0501,-1.469,2.94,480,0,166,345,0.3065,0.3596,SLOWDOWN,PolygonSlow,0.0632,-0.1282,0.0632,0.0189,0.0189
38.868,131.4,-3.4604,3.0937,3.0464,-1.469,2.94,480,0,166,344,0.3061,0.3611,SLOWDOWN,PolygonSlow,0.0632,-0.1282,0.0632,0.0189,0.0189
38.968,131.5,-3.4623,3.0942,3.0425,-1.469,2.94,480,0,167,344,0.3056,0.3616,SLOWDOWN,PolygonSlow,0.0632,-0.1282,0.0632,0.0189,0.0189
39.07,131.6,-3.4642,3.0947,3.0387,-1.469,2.94,480,0,173,343,0.3051,0.3631,SLOWDOWN,PolygonSlow,0.0632,-0.0769,0.0632,0.0189,0.0189
39.174,131.7,-3.4661,3.0951,3.0362,-1.469,2.94,480,0,177,343,0.3047,0.3638,SLOWDOWN,PolygonSlow,0.0632,-0.0256,0.0632,0.0189,0.0189
39.277,131.8,-3.468,3.0954,3.0353,-1.469,2.94,480,0,182,343,0.3044,0.3648,SLOWDOWN,PolygonSlow,0.0632,0.0769,0.0632,0.0189,0.0189
39.381,131.9,-3.4699,3.0955,3.0373,-1.469,2.94,480,0,184,343,0.3044,0.3654,SLOWDOWN,PolygonSlow,0.0474,0.0769,0.0474,0.0142,0.0142
39.497,132.0,-3.4716,3.0954,3.0399,-1.469,2.94,480,0,186,343,0.3044,0.3659,SLOWDOWN,PolygonSlow,0.0474,0.0256,0.0474,0.0142,0.0142
39.581,132.1,-3.4727,3.0955,3.0405,-1.469,2.94,480,0,189,343,0.3043,0.3662,SLOWDOWN,PolygonSlow,0.0474,0.0,0.0474,0.0142,0.0142
39.704,132.2,-3.4744,3.0957,3.0405,-1.469,2.94,480,0,191,343,0.3042,0.3682,SLOWDOWN,PolygonSlow,0.0474,-0.0256,0.0474,0.0142,0.0142
39.791,132.3,-3.4756,3.0958,3.0399,-1.469,2.94,480,0,194,342,0.304,0.3683,SLOWDOWN,PolygonSlow,0.0474,-0.0256,0.0474,0.0142,0.0142
39.894,132.4,-3.477,3.096,3.0391,-1.469,2.94,480,0,199,343,0.3038,0.3683,SLOWDOWN,PolygonSlow,0.0474,-0.0769,0.0474,0.0142,0.0142
39.991,132.5,-3.4784,3.0964,3.037,-1.469,2.94,480,0,203,342,0.3035,0.3691,SLOWDOWN,PolygonSlow,0.0474,-0.0769,0.0474,0.0142,0.0142
40.1,132.6,-3.4798,3.0967,3.0347,-1.469,2.94,480,0,206,341,0.3031,0.3751,SLOWDOWN,PolygonSlow,0.0474,-0.0769,0.0474,0.0142,0.0142
40.198,132.7,-3.4812,3.0971,3.0322,-1.469,2.94,480,0,211,342,0.3028,0.3814,SLOWDOWN,PolygonSlow,0.0474,-0.1282,0.0474,0.0142,0.0142
40.305,132.8,-3.4826,3.0975,3.0284,-1.469,2.94,480,0,216,341,0.3023,0.3894,SLOWDOWN,PolygonSlow,0.0474,-0.1282,0.0474,0.0142,0.0142
40.402,132.9,-3.4841,3.098,3.0246,-1.469,2.94,480,0,220,341,0.3018,0.3975,SLOWDOWN,PolygonSlow,0.0474,-0.1282,0.0474,0.0142,0.0142
40.506,133.0,-3.4855,3.0985,3.0208,-1.469,2.94,480,0,224,341,0.3013,0.4058,SLOWDOWN,PolygonSlow,0.0474,-0.1282,0.0474,0.0142,0.0142
40.605,133.1,-3.4869,3.099,3.0173,-1.469,2.94,480,0,228,340,0.3009,0.4114,SLOWDOWN,PolygonSlow,0.0474,-0.0769,0.0474,0.0142,0.0142
40.707,133.2,-3.4883,3.0993,3.0153,-1.469,2.94,480,0,232,340,0.3005,0.4112,SLOWDOWN,PolygonSlow,0.0474,-0.0256,0.0474,0.0142,0.0142
40.806,133.3,-3.4897,3.0995,3.0147,-1.469,2.94,480,0,234,340,0.3003,0.4111,SLOWDOWN,PolygonSlow,0.0474,0.0,0.0474,0.0142,0.0142
40.92,133.4,-3.4911,3.0997,3.0152,-1.469,2.94,480,0,237,340,0.3001,0.4109,SLOWDOWN,PolygonSlow,0.0474,0.0769,0.0474,0.0142,0.0142
41.017,133.5,-3.4925,3.0996,3.0179,-1.469,2.94,480,0,240,340,0.3002,0.4107,SLOWDOWN,PolygonSlow,0.0316,0.1282,0.0474,0.0142,0.0142
41.107,133.6,-3.4938,3.0995,3.0217,-1.469,2.94,480,0,240,340,0.3003,0.4106,SLOWDOWN,PolygonSlow,0.0316,0.1282,0.0316,0.0095,0.0095
41.208,133.7,-3.4945,3.0993,3.0266,-1.469,2.94,480,0,241,341,0.3006,0.4104,SLOWDOWN,PolygonSlow,0.0,1.0,0.0,0.0,0.0
41.307,133.8,-3.4945,3.0983,3.0398,-1.469,2.94,480,0,238,341,0.3015,0.4054,SLOWDOWN,PolygonSlow,0.0,1.0,0.0,0.0,0.0
41.409,133.9,-3.4945,3.0964,3.0626,-1.469,2.94,480,0,236,342,0.3033,0.38,SLOWDOWN,PolygonSlow,0.0,1.0,0.0,0.0,0.0
41.508,134.0,-3.4945,3.0938,3.0926,-1.469,2.94,480,0,223,344,0.306,0.3757,SLOWDOWN,PolygonSlow,0.0,1.0,0.0,0.0,0.0
41.606,134.1,-3.4945,3.0911,3.1239,-1.469,2.94,480,0,177,345,0.3087,0.3746,SLOWDOWN,PolygonSlow,0.0,1.0,0.0,0.0,0.0
41.717,134.2,-3.4945,3.0882,-3.1275,-1.469,2.94,480,0,159,347,0.3117,0.3727,SLOWDOWN,PolygonSlow,0.0,1.0,0.0,0.0,0.0
41.806,134.3,-3.4945,3.0854,-3.0961,-1.469,2.94,480,0,190,349,0.3143,0.3722,SLOWDOWN,PolygonSlow,0.0,1.0,0.0,0.0,0.0
41.906,134.4,-3.4945,3.0827,-3.0653,-1.469,2.94,480,0,198,352,0.3171,0.3707,SLOWDOWN,PolygonSlow,0.0,1.0,0.0,0.0,0.0
42.008,134.5,-3.4945,3.0802,-3.0351,-1.469,2.94,480,0,201,354,0.3196,0.3704,SLOWDOWN,PolygonSlow,0.0,1.0,0.0,0.0,0.0
42.11,134.6,-3.4945,3.0777,-3.0055,-1.469,2.94,480,0,202,356,0.322,0.37,SLOWDOWN,PolygonSlow,0.0,1.0,0.0,0.0,0.0
42.206,134.7,-3.4945,3.0753,-2.9763,-1.469,2.94,480,0,203,358,0.3245,0.3695,SLOWDOWN,PolygonSlow,0.0,1.0,0.0,0.0,0.0
42.307,134.8,-3.4945,3.0731,-2.9477,-1.469,2.94,480,0,202,359,0.3265,0.3691,SLOWDOWN,PolygonSlow,0.0,1.0,0.0,0.0,0.0
42.406,134.9,-3.4945,3.071,-2.9195,-1.469,2.94,480,0,195,362,0.3287,0.3693,SLOWDOWN,PolygonSlow,0.0,1.0,0.0,0.0,0.0
42.506,135.0,-3.4945,3.0689,-2.8918,-1.469,2.94,480,0,189,361,0.331,0.3693,SLOWDOWN,PolygonSlow,0.0,1.0,0.0,0.0,0.0
42.606,135.1,-3.4945,3.067,-2.8645,-1.469,2.94,480,0,181,356,0.3327,0.37,SLOWDOWN,PolygonSlow,0.0,1.0,0.0,0.0,0.0
42.709,135.2,-3.4945,3.0652,-2.8377,-1.469,2.94,480,0,177,351,0.3344,0.3705,SLOWDOWN,PolygonSlow,0.0,1.0,0.0,0.0,0.0
42.833,135.3,-3.4945,3.0632,-2.806,-1.469,2.94,480,0,172,344,0.3363,0.3706,SLOWDOWN,PolygonSlow,0.0,1.0,0.0,0.0,0.0
42.923,135.4,-3.4945,3.0617,-2.78,-1.469,2.94,480,0,167,335,0.3378,0.3715,SLOWDOWN,PolygonSlow,0.0,1.0,0.0,0.0,0.0
43.034,135.5,-3.4945,3.0602,-2.7545,-1.469,2.94,480,0,163,327,0.3391,0.3725,SLOWDOWN,PolygonSlow,0.0316,-0.6923,0.0,0.0,0.0
43.111,135.6,-3.4947,3.0591,-2.7355,-1.469,2.94,480,0,160,318,0.3406,0.3752,SLOWDOWN,PolygonSlow,0.0316,-0.6923,0.0316,0.0095,0.0095
43.231,135.7,-3.4956,3.0579,-2.7183,-1.469,2.94,480,0,158,314,0.3419,0.3743,SLOWDOWN,PolygonSlow,0.0316,-0.4872,0.0316,0.0095,0.0095
43.323,135.8,-3.4964,3.057,-2.7097,-1.469,2.94,480,0,158,314,0.3426,0.3747,SLOWDOWN,PolygonSlow,0.0316,-0.4872,0.0316,0.0095,0.0095
43.43,135.9,-3.4973,3.0567,-2.7101,-1.469,2.94,480,0,158,314,0.343,0.3752,SLOWDOWN,PolygonSlow,0.0316,-0.4872,0.0316,0.0095,0.0095
43.529,136.0,-3.4982,3.0566,-2.7184,-1.469,2.94,480,0,161,316,0.3431,0.374,SLOWDOWN,PolygonSlow,0.0316,-0.4872,0.0316,0.0095,0.0095
43.637,136.1,-3.499,3.0568,-2.7304,-1.469,2.94,480,0,161,320,0.3429,0.3742,SLOWDOWN,PolygonSlow,0.0316,-0.4872,0.0316,0.0095,0.0095
43.733,136.2,-3.4999,3.0571,-2.7427,-1.469,2.94,480,0,164,325,0.3426,0.3733,SLOWDOWN,PolygonSlow,0.0316,-0.4872,0.0316,0.0095,0.0095
43.839,136.3,-3.5008,3.0574,-2.755,-1.469,2.94,480,0,166,328,0.3422,0.3725,SLOWDOWN,PolygonSlow,0.0316,-0.4872,0.0316,0.0095,0.0095
43.946,136.4,-3.5016,3.0577,-2.7674,-1.469,2.94,480,0,168,332,0.3419,0.3717,SLOWDOWN,PolygonSlow,0.0316,-0.4872,0.0316,0.0095,0.0095
44.051,136.5,-3.5025,3.0581,-2.7799,-1.469,2.94,480,0,172,337,0.3416,0.3719,SLOWDOWN,PolygonSlow,0.0316,-0.4872,0.0316,0.0095,0.0095
44.145,136.6,-3.5034,3.0585,-2.7925,-1.469,2.94,480,0,172,342,0.3413,0.3713,SLOWDOWN,PolygonSlow,0.0316,-0.4872,0.0316,0.0095,0.0095
44.246,136.7,-3.5043,3.059,-2.8052,-1.469,2.94,480,0,177,346,0.341,0.3706,SLOWDOWN,PolygonSlow,0.0316,-0.4872,0.0316,0.0095,0.0095
44.348,136.8,-3.5052,3.0595,-2.818,-1.469,2.94,480,0,179,351,0.3403,0.3703,SLOWDOWN,PolygonSlow,0.0316,-0.4359,0.0316,0.0095,0.0095
44.448,136.9,-3.5061,3.0599,-2.8299,-1.469,2.94,480,0,182,353,0.3398,0.3714,SLOWDOWN,PolygonSlow,0.0158,-0.3333,0.0316,0.0095,0.0095
44.548,137.0,-3.5067,3.0604,-2.8396,-1.469,2.94,480,0,186,356,0.3393,0.3696,SLOWDOWN,PolygonSlow,0.0158,-0.3333,0.0158,0.0047,0.0047
44.649,137.1,-3.5071,3.0608,-2.8485,-1.469,2.94,480,0,186,356,0.3388,0.37,SLOWDOWN,PolygonSlow,0.0158,-0.3333,0.0158,0.0047,0.0047
44.746,137.2,-3.5076,3.0613,-2.8575,-1.469,2.94,480,0,188,358,0.3384,0.3704,SLOWDOWN,PolygonSlow,0.0158,-0.3333,0.0158,0.0047,0.0047
44.853,137.3,-3.5081,3.0618,-2.8665,-1.469,2.94,480,0,192,359,0.3379,0.3696,SLOWDOWN,PolygonSlow,0.0158,-0.3333,0.0158,0.0047,0.0047
44.948,137.4,-3.5085,3.0623,-2.8755,-1.469,2.94,480,0,194,361,0.3375,0.3713,SLOWDOWN,PolygonSlow,0.0158,-0.3333,0.0158,0.0047,0.0047
45.048,137.5,-3.509,3.0628,-2.8846,-1.469,2.94,480,0,197,362,0.3371,0.3693,SLOWDOWN,PolygonSlow,0.0158,-0.3333,0.0158,0.0047,0.0047
45.152,137.6,-3.5094,3.0633,-2.8938,-1.469,2.94,480,0,200,362,0.3367,0.3697,SLOWDOWN,PolygonSlow,0.0158,-0.2821,0.0158,0.0047,0.0047
45.25,137.7,-3.5099,3.0638,-2.902,-1.469,2.94,480,0,202,361,0.3361,0.37,SLOWDOWN,PolygonSlow,0.0158,-0.2821,0.0158,0.0047,0.0047
45.35,137.8,-3.5104,3.0643,-2.9098,-1.469,2.94,480,0,206,360,0.3356,0.3699,SLOWDOWN,PolygonSlow,0.0158,-0.2821,0.0158,0.0047,0.0047
45.451,137.9,-3.5108,3.0647,-2.9176,-1.469,2.94,480,0,210,359,0.335,0.3695,SLOWDOWN,PolygonSlow,0.0158,-0.2821,0.0158,0.0047,0.0047
45.553,138.0,-3.5113,3.0652,-2.9255,-1.469,2.94,480,0,211,359,0.3345,0.3702,SLOWDOWN,PolygonSlow,0.0158,-0.2821,0.0158,0.0047,0.0047
45.657,138.1,-3.5117,3.0657,-2.9334,-1.469,2.94,480,0,215,358,0.3339,0.3697,SLOWDOWN,PolygonSlow,0.0158,-0.2821,0.0158,0.0047,0.0047
45.755,138.2,-3.5122,3.0662,-2.9414,-1.469,2.94,480,0,219,358,0.3334,0.3705,SLOWDOWN,PolygonSlow,0.0158,-0.2821,0.0158,0.0047,0.0047
45.858,138.3,-3.5127,3.0668,-2.9494,-1.469,2.94,480,0,222,357,0.3328,0.37,SLOWDOWN,PolygonSlow,0.0158,0.1795,0.0158,0.0047,0.0047
45.957,138.4,-3.5131,3.0669,-2.9531,-1.469,2.94,480,0,224,357,0.3327,0.3717,SLOWDOWN,PolygonSlow,0.0158,0.1795,0.0158,0.0047,0.0047
46.068,138.5,-3.5136,3.0666,-2.9492,-1.469,2.94,480,0,223,357,0.333,0.3716,SLOWDOWN,PolygonSlow,0.0158,0.1795,0.0158,0.0047,0.0047
46.18,138.6,-3.5142,3.066,-2.9431,-1.469,2.94,480,0,222,357,0.3335,0.3708,SLOWDOWN,PolygonSlow,0.0158,0.1795,0.0158,0.0047,0.0047
46.263,138.7,-3.5145,3.0656,-2.939,-1.469,2.94,480,0,221,358,0.334,0.3705,SLOWDOWN,PolygonSlow,0.0158,0.1282,0.0158,0.0047,0.0047
46.373,138.8,-3.515,3.0652,-2.935,-1.469,2.94,480,0,220,358,0.3344,0.3712,SLOWDOWN,PolygonSlow,0.0158,0.1282,0.0158,0.0047,0.0047
46.466,138.9,-3.5155,3.0648,-2.9314,-1.469,2.94,480,0,219,358,0.3348,0.3706,SLOWDOWN,PolygonSlow,0.0158,0.1282,0.0158,0.0047,0.0047
46.574,139.0,-3.5159,3.0645,-2.9278,-1.469,2.94,480,0,217,357,0.3352,0.3713,SLOWDOWN,PolygonSlow,0.0158,0.1282,0.0158,0.0047,0.0047
46.673,139.1,-3.5164,3.0641,-2.9242,-1.469,2.94,480,0,216,358,0.3356,0.3712,SLOWDOWN,PolygonSlow,0.0158,0.1282,0.0158,0.0047,0.0047
46.783,139.2,-3.5168,3.0637,-2.9206,-1.469,2.94,480,0,215,358,0.336,0.3713,SLOWDOWN,PolygonSlow,0.0158,0.1282,0.0158,0.0047,0.0047
46.879,139.3,-3.5173,3.0634,-2.917,-1.469,2.94,480,0,215,358,0.3364,0.3719,SLOWDOWN,PolygonSlow,0.0158,0.0769,0.0158,0.0047,0.0047
46.993,139.4,-3.5178,3.0631,-2.9147,-1.469,2.94,480,0,215,359,0.3367,0.3712,SLOWDOWN,PolygonSlow,0.0158,0.0769,0.0158,0.0047,0.0047
47.087,139.5,-3.5182,3.0628,-2.9126,-1.469,2.94,480,0,215,359,0.337,0.3713,SLOWDOWN,PolygonSlow,0.0158,0.0769,0.0158,0.0047,0.0047
47.193,139.6,-3.5187,3.0625,-2.9105,-1.469,2.94,480,0,215,358,0.3373,0.3717,SLOWDOWN,PolygonSlow,0.0158,0.0769,0.0158,0.0047,0.0047
47.298,139.7,-3.5191,3.0623,-2.9083,-1.469,2.94,480,0,213,358,0.3376,0.372,SLOWDOWN,PolygonSlow,0.0158,0.0769,0.0158,0.0047,0.0047
47.407,139.8,-3.5197,3.062,-2.9058,-1.469,2.94,480,0,213,358,0.3379,0.3724,SLOWDOWN,PolygonSlow,0.0158,0.0769,0.0158,0.0047,0.0047
47.494,139.9,-3.5201,3.0618,-2.904,-1.469,2.94,480,0,215,358,0.3382,0.3727,SLOWDOWN,PolygonSlow,0.0158,0.0769,0.0158,0.0047,0.0047
47.594,140.0,-3.5205,3.0615,-2.9019,-1.469,2.94,480,0,213,359,0.3384,0.3731,SLOWDOWN,PolygonSlow,0.0158,0.0769,0.0158,0.0047,0.0047
47.693,140.1,-3.521,3.0612,-2.8999,-1.469,2.94,480,0,213,359,0.3387,0.3734,SLOWDOWN,PolygonSlow,0.0158,0.0256,0.0158,0.0047,0.0047
47.794,140.2,-3.5214,3.0611,-2.8992,-1.469,2.94,480,0,213,359,0.3389,0.3734,SLOWDOWN,PolygonSlow,0.0158,0.0256,0.0158,0.0047,0.0047
47.892,140.3,-3.5219,3.0609,-2.8985,-1.469,2.94,480,0,214,359,0.3391,0.3734,SLOWDOWN,PolygonSlow,0.0158,0.0256,0.0158,0.0047,0.0047
47.994,140.4,-3.5224,3.0607,-2.8978,-1.469,2.94,480,0,213,359,0.3392,0.3735,SLOWDOWN,PolygonSlow,0.0158,0.0256,0.0158,0.0047,0.0047
48.093,140.5,-3.5228,3.0606,-2.8971,-1.469,2.94,480,0,212,359,0.3394,0.3735,SLOWDOWN,PolygonSlow,0.0158,0.0256,0.0158,0.0047,0.0047
48.202,140.6,-3.5233,3.0604,-2.8965,-1.469,2.94,480,0,213,359,0.3396,0.3735,SLOWDOWN,PolygonSlow,0.0158,0.0,0.0158,0.0047,0.0047
48.303,140.7,-3.5237,3.0603,-2.8965,-1.469,2.94,480,0,213,358,0.3397,0.3734,SLOWDOWN,PolygonSlow,0.0158,0.0,0.0158,0.0047,0.0047
48.398,140.8,-3.5242,3.0602,-2.8965,-1.469,2.94,480,0,214,358,0.3398,0.3733,SLOWDOWN,PolygonSlow,0.0158,0.0,0.0158,0.0047,0.0047
48.499,140.9,-3.5247,3.0601,-2.8965,-1.469,2.94,480,0,215,358,0.3399,0.3731,SLOWDOWN,PolygonSlow,0.0158,0.0,0.0158,0.0047,0.0047
48.599,141.0,-3.5251,3.0599,-2.8965,-1.469,2.94,480,0,215,358,0.34,0.373,SLOWDOWN,PolygonSlow,0.0158,0.0,0.0158,0.0047,0.0047
48.697,141.1,-3.5256,3.0598,-2.8965,-1.469,2.94,480,0,216,358,0.3402,0.3729,SLOWDOWN,PolygonSlow,0.0158,0.0,0.0158,0.0047,0.0047
48.798,141.2,-3.526,3.0597,-2.8965,-1.469,2.94,480,0,216,358,0.3403,0.373,SLOWDOWN,PolygonSlow,0.0158,-0.0256,0.0158,0.0047,0.0047
48.901,141.3,-3.5265,3.0597,-2.8972,-1.469,2.94,480,0,217,358,0.3403,0.3738,SLOWDOWN,PolygonSlow,0.0158,-0.0256,0.0158,0.0047,0.0047
49.004,141.4,-3.527,3.0596,-2.898,-1.469,2.94,480,0,217,357,0.3404,0.3735,SLOWDOWN,PolygonSlow,0.0158,-0.0256,0.0158,0.0047,0.0047
49.103,141.5,-3.5274,3.0595,-2.8987,-1.421,2.965,480,0,218,358,0.3404,0.3733,SLOWDOWN,PolygonSlow,0.0158,-0.0256,0.0158,0.0047,0.0047
49.208,141.6,-3.5278,3.0594,-2.8982,-1.421,2.965,480,0,218,358,0.3405,0.3733,SLOWDOWN,PolygonSlow,0.0,1.0,0.0,0.0,0.0
49.308,141.7,-3.5278,3.0589,-2.8903,-1.421,2.965,480,0,216,358,0.341,0.3738,SLOWDOWN,PolygonSlow,0.0,1.0,0.0,0.0,0.0
49.414,141.8,-3.5278,3.0578,-2.8737,-1.421,2.965,480,0,209,360,0.342,0.3735,SLOWDOWN,PolygonSlow,0.0,1.0,0.0,0.0,0.0
49.544,141.9,-3.5277,3.0558,-2.844,-1.421,2.965,480,0,203,359,0.3435,0.3737,SLOWDOWN,PolygonSlow,0.0,1.0,0.0,0.0,0.0
49.613,142.0,-3.5277,3.0544,-2.8228,-1.421,2.965,480,0,196,356,0.3454,0.3745,SLOWDOWN,PolygonSlow,0.0,1.0,0.0,0.0,0.0
49.727,142.1,-3.5277,3.0525,-2.7914,-1.421,2.965,480,0,190,351,0.347,0.3752,SLOWDOWN,PolygonSlow,0.0,1.0,0.0,0.0,0.0
49.819,142.2,-3.5277,3.0513,-2.7707,-1.421,2.965,480,0,184,341,0.3483,0.3761,SLOWDOWN,PolygonSlow,0.0,1.0,0.0,0.0,0.0
49.921,142.3,-3.5277,3.0499,-2.7453,-1.421,2.965,480,0,181,333,0.3498,0.3769,SLOWDOWN,PolygonSlow,0.0,1.0,0.0,0.0,0.0
50.023,142.4,-3.5277,3.0486,-2.7203,-1.421,2.965,480,0,176,324,0.3511,0.3778,SLOWDOWN,PolygonSlow,0.0,1.0,0.0,0.0,0.0
50.129,142.5,-3.5277,3.0474,-2.6956,-1.422,2.965,480,0,172,317,0.3521,0.3787,SLOWDOWN,PolygonSlow,0.0,1.0,0.0,0.0,0.0
50.228,142.6,-3.5277,3.0464,-2.6712,-1.422,2.965,480,0,168,311,0.3533,0.3802,SLOWDOWN,PolygonSlow,0.0,1.0,0.0,0.0,0.0
50.34,142.7,-3.5277,3.0454,-2.6473,-1.422,2.965,480,0,166,305,0.3544,0.3821,SLOWDOWN,PolygonSlow,0.0,1.0,0.0,0.0,0.0
50.444,142.8,-3.5277,3.0446,-2.6237,-1.422,2.965,480,0,163,301,0.3551,0.3833,SLOWDOWN,PolygonSlow,0.0,1.0,0.0,0.0,0.0
50.547,142.9,-3.5277,3.0439,-2.6004,-1.422,2.965,480,0,160,296,0.3558,0.385,SLOWDOWN,PolygonSlow,0.0,1.0,0.0,0.0,0.0
50.643,143.0,-3.5277,3.0433,-2.5774,-1.422,2.965,480,0,158,291,0.3563,0.3871,SLOWDOWN,PolygonSlow,0.0,1.0,0.0,0.0,0.0
50.749,143.1,-3.5277,3.0428,-2.5548,-1.422,2.965,480,0,156,288,0.3568,0.3885,SLOWDOWN,PolygonSlow,0.0,1.0,0.0,0.0,0.0
50.847,143.2,-3.5277,3.0424,-2.5327,-1.422,2.965,480,0,153,283,0.3573,0.3896,SLOWDOWN,PolygonSlow,0.0,1.0,0.0,0.0,0.0
50.952,143.3,-3.5275,3.0423,-2.5119,-1.422,2.965,480,0,152,281,0.3573,0.3878,SLOWDOWN,PolygonSlow,0.0,1.0,0.0,0.0,0.0
51.05,143.4,-3.5273,3.0423,-2.4916,-1.422,2.965,480,0,150,277,0.3573,0.3861,SLOWDOWN,PolygonSlow,0.0,1.0,0.0,0.0,0.0
51.153,143.5,-3.5272,3.0423,-2.4708,-1.431,2.974,480,0,149,273,0.3573,0.3844,SLOWDOWN,PolygonSlow,0.0,1.0,0.0,0.0,0.0
51.25,143.6,-3.5271,3.0423,-2.4495,-1.431,2.974,480,0,146,270,0.3574,0.3829,SLOWDOWN,PolygonSlow,0.0,1.0,0.0,0.0,0.0
51.353,143.7,-3.527,3.0423,-2.4278,-1.431,2.974,480,0,144,268,0.3573,0.3814,SLOWDOWN,PolygonSlow,0.0,1.0,0.0,0.0,0.0
51.452,143.8,-3.5267,3.0423,-2.4055,-1.431,2.974,480,0,143,265,0.3575,0.3801,SLOWDOWN,PolygonSlow,0.0,1.0,0.0,0.0,0.0
51.564,143.9,-3.5265,3.0423,-2.3828,-1.431,2.974,480,0,141,262,0.3575,0.379,SLOWDOWN,PolygonSlow,0.0,1.0,0.0,0.0,0.0
51.654,144.0,-3.5264,3.0423,-2.3595,-1.431,2.974,480,0,139,261,0.3574,0.378,SLOWDOWN,PolygonSlow,0.0,1.0,0.0,0.0,0.0
51.754,144.1,-3.5264,3.0423,-2.3361,-1.431,2.974,480,0,138,258,0.3573,0.3772,SLOWDOWN,PolygonSlow,0.0,1.0,0.0,0.0,0.0
51.853,144.2,-3.5264,3.0425,-2.3132,-1.431,2.974,480,0,137,256,0.3572,0.3764,SLOWDOWN,PolygonSlow,0.0,1.0,0.0,0.0,0.0
51.954,144.3,-3.5264,3.0428,-2.2908,-1.431,2.974,480,0,135,254,0.3568,0.3757,SLOWDOWN,PolygonSlow,0.0,1.0,0.0,0.0,0.0
52.052,144.4,-3.5264,3.043,-2.2689,-1.431,2.974,480,0,134,253,0.3567,0.3752,SLOWDOWN,PolygonSlow,0.0,1.0,0.0,0.0,0.0
52.153,144.5,-3.5264,3.0431,-2.2475,-1.469,2.94,480,0,134,251,0.3568,0.3751,SLOWDOWN,PolygonSlow,0.0,1.0,0.0,0.0,0.0
52.253,144.6,-3.5264,3.043,-2.2265,-1.469,2.94,480,0,131,250,0.3571,0.3753,SLOWDOWN,PolygonSlow,0.0,1.0,0.0,0.0,0.0
52.353,144.7,-3.5264,3.0428,-2.2061,-1.469,2.94,480,0,131,249,0.3576,0.3758,SLOWDOWN,PolygonSlow,0.0,1.0,0.0,0.0,0.0
52.455,144.8,-3.5264,3.0426,-2.1861,-1.469,2.94,480,0,128,247,0.3584,0.3766,SLOWDOWN,PolygonSlow,0.0,1.0,0.0,0.0,0.0
52.559,144.9,-3.5264,3.0423,-2.1665,-1.469,2.94,480,0,128,248,0.3593,0.3775,SLOWDOWN,PolygonSlow,0.0,1.0,0.0,0.0,0.0
52.666,145.0,-3.5262,3.042,-2.1465,-1.469,2.94,480,0,126,246,0.3604,0.3787,SLOWDOWN,PolygonSlow,0.0,1.0,0.0,0.0,0.0
52.773,145.1,-3.5258,3.0419,-2.1246,-1.469,2.94,480,0,125,245,0.3617,0.3799,SLOWDOWN,PolygonSlow,0.0,1.0,0.0,0.0,0.0
52.887,145.2,-3.525,3.0419,-2.0969,-1.469,2.94,480,0,124,245,0.363,0.3813,SLOWDOWN,PolygonSlow,0.0,1.0,0.0,0.0,0.0
52.973,145.3,-3.5244,3.0419,-2.0781,-1.469,2.94,480,0,121,244,0.3646,0.383,SLOWDOWN,PolygonSlow,0.0,1.0,0.0,0.0,0.0
53.084,145.4,-3.5233,3.0419,-2.0496,-1.469,2.94,480,0,121,244,0.3665,0.385,SLOWDOWN,PolygonSlow,0.0,1.0,0.0,0.0,0.0
53.172,145.5,-3.5225,3.0419,-2.0302,-1.46,2.983,480,0,118,243,0.3686,0.3873,SLOWDOWN,PolygonSlow,0.0,1.0,0.0,0.0,0.0
53.282,145.6,-3.5214,3.0419,-2.0057,-1.46,2.983,480,0,117,243,0.3712,0.39,SLOWDOWN,PolygonSlow,0.0,1.0,0.0,0.0,0.0
53.38,145.7,-3.5202,3.0419,-1.9809,-1.46,2.983,480,0,115,242,0.3741,0.3931,SLOWDOWN,PolygonSlow,0.0,1.0,0.0,0.0,0.0
53.488,145.8,-3.5189,3.0419,-1.9557,-1.46,2.983,480,0,115,239,0.3775,0.3967,SLOWDOWN,PolygonSlow,0.0,1.0,0.0,0.0,0.0
53.591,145.9,-3.5174,3.0419,-1.9301,-1.46,2.983,480,0,117,239,0.3813,0.4008,SLOWDOWN,PolygonSlow,0.0,1.0,0.0,0.0,0.0
53.697,146.0,-3.5159,3.0419,-1.9041,-1.46,2.983,480,0,118,238,0.384,0.4054,SLOWDOWN,PolygonSlow,0.0,1.0,0.0,0.0,0.0
53.801,146.1,-3.5142,3.0419,-1.8777,-1.46,2.983,480,0,118,237,0.3857,0.4107,SLOWDOWN,PolygonSlow,0.0,1.0,0.0,0.0,0.0
53.91,146.2,-3.5124,3.0419,-1.8509,-1.46,2.983,480,0,118,235,0.3875,0.4167,SLOWDOWN,PolygonSlow,0.0,1.0,0.0,0.0,0.0
54.0,146.3,-3.5105,3.0419,-1.8237,-1.46,2.983,480,0,118,233,0.3893,0.4234,SLOWDOWN,PolygonSlow,0.0,1.0,0.0,0.0,0.0
54.1,146.4,-3.5085,3.0419,-1.7961,-1.46,2.983,480,0,117,232,0.3914,0.4311,SLOWDOWN,PolygonSlow,0.0,1.0,0.0,0.0,0.0
54.2,146.5,-3.5064,3.0419,-1.768,-1.469,2.94,480,0,115,230,0.3936,0.4398,SLOWDOWN,PolygonSlow,0.0,1.0,0.0,0.0,0.0
54.298,146.6,-3.5041,3.0419,-1.7394,-1.469,2.94,480,0,112,229,0.3957,0.4497,SLOWDOWN,PolygonSlow,0.0,1.0,0.0,0.0,0.0
54.398,146.7,-3.5018,3.0419,-1.7103,-1.469,2.94,480,0,110,229,0.398,0.461,SLOWDOWN,PolygonSlow,0.0,1.0,0.0,0.0,0.0
54.504,146.8,-3.4993,3.0419,-1.6807,-1.469,2.94,480,0,104,228,0.4005,0.4739,SLOWDOWN,PolygonSlow,0.0,1.0,0.0,0.0,0.0
54.601,146.9,-3.4968,3.0419,-1.6506,-1.469,2.94,480,0,96,227,0.403,0.4888,SLOWDOWN,PolygonSlow,0.0,1.0,0.0,0.0,0.0
54.702,147.0,-3.4941,3.0419,-1.6199,-1.469,2.94,480,0,79,225,0.4058,0.497,SLOWDOWN,PolygonSlow,0.0,1.0,0.0,0.0,0.0
54.808,147.1,-3.4913,3.0419,-1.5886,-1.469,2.94,480,0,36,225,0.4084,0.5018,SLOWDOWN,PolygonSlow,0.0,1.0,0.0,0.0,0.0
54.911,147.2,-3.4885,3.0419,-1.5568,-1.469,2.94,480,0,35,224,0.4113,0.5046,SLOWDOWN,PolygonSlow,0.0,1.0,0.0,0.0,0.0
55.001,147.3,-3.4857,3.0419,-1.5255,-1.469,2.94,480,0,11,228,0.4141,0.4913,SLOWDOWN,PolygonSlow,0.0,1.0,0.0,0.0,0.0
55.101,147.4,-3.4831,3.0419,-1.4951,-1.469,2.94,480,0,27,230,0.4167,0.464,SLOWDOWN,PolygonSlow,0.0,0.9487,0.0,0.0,0.0
55.203,147.5,-3.4807,3.0419,-1.4674,-1.469,2.94,480,0,34,232,0.4192,0.4417,SLOWDOWN,PolygonSlow,0.0,0.9487,0.0,0.0,0.0
55.302,147.6,-3.4784,3.0419,-1.4392,-1.469,2.94,480,0,38,233,0.4213,0.4211,SLOWDOWN,PolygonSlow,0.0,0.9487,0.0,0.0,0.0
55.402,147.7,-3.4761,3.0419,-1.4116,-1.469,2.94,480,0,39,237,0.4236,0.4028,SLOWDOWN,PolygonSlow,0.0,0.8974,0.0,0.0,0.0
55.502,147.8,-3.4741,3.0419,-1.3858,-1.469,2.94,480,0,40,240,0.4259,0.3872,SLOWDOWN,PolygonSlow,0.0,0.8974,0.0,0.0,0.0
55.602,147.9,-3.4721,3.0419,-1.3605,-1.469,2.94,480,0,41,240,0.4277,0.3731,SLOWDOWN,PolygonSlow,0.0,0.8462,0.0,0.0,0.0
55.718,148.0,-3.47,3.0419,-1.3322,-1.469,2.94,480,0,41,237,0.4293,0.361,SLOWDOWN,PolygonSlow,0.0,0.8462,0.0,0.0,0.0
55.811,148.1,-3.4687,3.0419,-1.3135,-1.469,2.94,480,0,41,233,0.4311,0.3498,SLOWDOWN,PolygonSlow,0.0,0.8462,0.0,0.0,0.0
55.919,148.2,-3.4671,3.0419,-1.2905,-1.469,2.94,480,0,43,225,0.4329,0.3396,SLOWDOWN,PolygonSlow,0.0,0.8462,0.0,0.0,0.0
56.016,148.3,-3.4656,3.0419,-1.2682,-1.469,2.94,480,0,45,219,0.4341,0.3304,SLOWDOWN,PolygonSlow,0.0,0.7949,0.0,0.0,0.0
56.121,148.4,-3.4642,3.0419,-1.2472,-1.469,2.94,480,0,47,216,0.4354,0.3223,SLOWDOWN,PolygonSlow,0.0,0.7949,0.0,0.0,0.0
56.233,148.5,-3.4627,3.0419,-1.2229,-1.469,2.94,480,0,48,209,0.4368,0.3148,SLOWDOWN,PolygonSlow,0.0,0.7436,0.0,0.0,0.0
56.321,148.6,-3.4618,3.0419,-1.2075,-1.465,2.968,480,0,50,206,0.4379,0.3083,SLOWDOWN,PolygonSlow,0.0,0.7436,0.0,0.0,0.0
56.432,148.7,-3.4608,3.0419,-1.1885,-1.465,2.968,480,0,51,205,0.4346,0.3021,SLOWDOWN,PolygonSlow,0.0,0.7436,0.0,0.0,0.0
56.522,148.8,-3.4598,3.0419,-1.1697,-1.465,2.968,480,0,53,201,0.4289,0.2964,SLOWDOWN,PolygonSlow,0.0,0.7436,0.0,0.0,0.0
56.631,148.9,-3.4588,3.0419,-1.1517,-1.465,2.968,480,0,53,198,0.4237,0.2912,SLOWDOWN,PolygonSlow,0.0,0.6923,0.0,0.0,0.0
56.729,149.0,-3.458,3.0419,-1.1346,-1.465,2.968,480,0,55,194,0.4191,0.2865,SLOWDOWN,PolygonSlow,0.0,0.6923,0.0,0.0,0.0
56.847,149.1,-3.4572,3.0419,-1.1176,-1.465,2.968,480,0,57,194,0.4147,0.2821,SLOWDOWN,PolygonSlow,0.0,0.6923,0.0,0.0,0.0
56.944,149.2,-3.4565,3.0419,-1.1008,-1.465,2.968,480,0,58,191,0.4106,0.278,SLOWDOWN,PolygonSlow,0.0,0.641,0.0,0.0,0.0
57.058,149.3,-3.4559,3.0419,-1.085,-1.465,2.968,480,0,60,193,0.4069,0.2743,SLOWDOWN,PolygonSlow,0.0,0.641,0.0,0.0,0.0
57.151,149.4,-3.4553,3.0419,-1.0697,-1.465,2.968,480,0,61,190,0.4035,0.2709,SLOWDOWN,PolygonSlow,0.0,0.641,0.0,0.0,0.0
57.253,149.5,-3.4548,3.0419,-1.0546,-1.465,2.968,480,0,62,190,0.4003,0.2677,SLOWDOWN,PolygonSlow,0.0,0.641,0.0,0.0,0.0
57.353,149.6,-3.4543,3.0419,-1.0396,-1.469,2.94,480,0,63,189,0.3972,0.2647,SLOWDOWN,PolygonSlow,0.0,0.5897,0.0,0.0,0.0
57.454,149.7,-3.4539,3.0419,-1.0256,-1.469,2.94,480,0,64,188,0.3945,0.2619,SLOWDOWN,PolygonSlow,0.0,0.5897,0.0,0.0,0.0
57.553,149.8,-3.4535,3.0419,-1.0121,-1.469,2.94,480,0,65,187,0.392,0.2594,SLOWDOWN,PolygonSlow,0.0,0.5897,0.0,0.0,0.0
57.659,149.9,-3.4532,3.0419,-0.9987,-1.469,2.94,480,0,66,188,0.3897,0.2571,SLOWDOWN,PolygonSlow,0.0,0.5897,0.0,0.0,0.0
57.762,150.0,-3.4529,3.0419,-0.9853,-1.469,2.94,480,0,66,189,0.3874,0.2548,SLOWDOWN,PolygonSlow,0.0,0.5385,0.0,0.0,0.0
57.862,150.1,-3.4527,3.0419,-0.9729,-1.469,2.94,480,0,68,187,0.3854,0.2528,SLOWDOWN,PolygonSlow,0.0,0.5385,0.0,0.0,0.0
57.96,150.2,-3.4525,3.0419,-0.961,-1.469,2.94,480,0,69,188,0.3836,0.251,SLOWDOWN,PolygonSlow,0.0,0.5385,0.0,0.0,0.0
58.069,150.3,-3.4524,3.0419,-0.9472,-1.469,2.94,480,0,70,187,0.3818,0.2492,SLOWDOWN,PolygonSlow,0.0,0.5385,0.0,0.0,0.0
58.165,150.4,-3.4524,3.0421,-0.9385,-1.469,2.94,480,0,70,188,0.3801,0.2475,SLOWDOWN,PolygonSlow,0.0,0.5385,0.0,0.0,0.0
58.259,150.5,-3.4524,3.0422,-0.9276,-1.469,2.94,480,0,72,189,0.3785,0.2458,SLOWDOWN,PolygonSlow,0.0,0.4872,0.0,0.0,0.0
58.36,150.6,-3.4524,3.0423,-0.9173,-1.469,2.94,480,0,72,189,0.377,0.2444,SLOWDOWN,PolygonSlow,0.0,0.4872,0.0,0.0,0.0
58.463,150.7,-3.4524,3.0423,-0.9072,-1.469,2.94,480,0,73,189,0.3757,0.243,SLOWDOWN,PolygonSlow,0.0,0.4872,0.0,0.0,0.0
58.56,150.8,-3.4524,3.0424,-0.897,-1.469,2.94,480,0,74,189,0.3744,0.2418,SLOWDOWN,PolygonSlow,0.0,0.4872,0.0,0.0,0.0
58.659,150.9,-3.4524,3.0424,-0.8866,-1.469,2.94,480,0,76,191,0.3732,0.2406,SLOWDOWN,PolygonSlow,0.0,0.4872,0.0,0.0,0.0
58.76,151.0,-3.4524,3.0424,-0.8762,-1.469,2.94,480,0,76,190,0.372,0.2394,SLOWDOWN,PolygonSlow,0.0,0.4359,0.0,0.0,0.0
58.859,151.1,-3.4524,3.0425,-0.8664,-1.469,2.94,480,0,76,189,0.3709,0.2382,SLOWDOWN,PolygonSlow,0.0,0.4359,0.0,0.0,0.0
58.959,151.2,-3.4524,3.0426,-0.8568,-1.469,2.94,480,0,77,192,0.3698,0.2372,SLOWDOWN,PolygonSlow,0.0,0.4359,0.0,0.0,0.0
59.069,151.3,-3.4524,3.0427,-0.8472,-1.469,2.94,480,0,79,192,0.3688,0.2361,SLOWDOWN,PolygonSlow,0.0,0.4359,0.0,0.0,0.0
59.166,151.4,-3.4524,3.0428,-0.8374,-1.469,2.94,480,0,79,194,0.3677,0.235,SLOWDOWN,PolygonSlow,0.0,0.4359,0.0,0.0,0.0
59.271,151.5,-3.4524,3.0429,-0.8276,-1.469,2.94,480,0,80,193,0.3667,0.234,SLOWDOWN,PolygonSlow,0.0,0.4359,0.0,0.0,0.0
59.371,151.6,-3.4524,3.043,-0.8177,-1.469,2.94,480,0,81,193,0.3658,0.2331,SLOWDOWN,PolygonSlow,0.0,0.4359,0.0,0.0,0.0
59.478,151.7,-3.4524,3.0431,-0.8077,-1.469,2.94,480,0,81,194,0.3649,0.2322,SLOWDOWN,PolygonSlow,0.0,0.4359,0.0,0.0,0.0
59.593,151.8,-3.4524,3.0432,-0.7955,-1.469,2.94,480,0,82,195,0.364,0.2314,SLOWDOWN,PolygonSlow,0.0,0.4359,0.0,0.0,0.0
59.677,151.9,-3.4524,3.0432,-0.7873,-1.469,2.94,480,0,84,195,0.3633,0.2306,SLOWDOWN,PolygonSlow,0.0,0.3846,0.0,0.0,0.0
59.793,152.0,-3.4524,3.0432,-0.7762,-1.469,2.94,480,0,84,197,0.3627,0.23,SLOWDOWN,PolygonSlow,0.0,0.3846,0.0,0.0,0.0
59.877,152.1,-3.4524,3.0432,-0.769,-1.469,2.94,480,0,85,197,0.3621,0.2294,SLOWDOWN,PolygonSlow,0.0,0.3846,0.0,0.0,0.0
59.991,152.2,-3.4525,3.0432,-0.7601,-1.469,2.94,480,0,85,197,0.3615,0.2288,SLOWDOWN,PolygonSlow,0.0,0.3846,0.0,0.0,0.0
60.089,152.3,-3.4525,3.0432,-0.7513,-1.469,2.94,480,0,86,198,0.361,0.2283,SLOWDOWN,PolygonSlow,0.0,0.3846,0.0,0.0,0.0
60.201,152.4,-3.4526,3.0432,-0.7426,-1.469,2.94,480,0,86,200,0.3605,0.2279,SLOWDOWN,PolygonSlow,0.0,0.3846,0.0,0.0,0.0
60.303,152.5,-3.4527,3.0432,-0.7339,-1.469,2.94,480,0,87,200,0.3601,0.2274,SLOWDOWN,PolygonSlow,0.0,0.3846,0.0,0.0,0.0
60.427,152.6,-3.4529,3.0432,-0.7239,-1.462,2.954,480,0,88,201,0.3597,0.227,SLOWDOWN,PolygonSlow,0.0,0.3333,0.0,0.0,0.0
60.515,152.7,-3.4529,3.0432,-0.718,-1.462,2.954,480,0,88,200,0.3594,0.2267,SLOWDOWN,PolygonSlow,0.0,0.3333,0.0,0.0,0.0
60.636,152.8,-3.453,3.0432,-0.7107,-1.462,2.954,480,0,89,204,0.3591,0.2264,SLOWDOWN,PolygonSlow,0.0,0.3333,0.0,0.0,0.0
60.745,152.9,-3.4531,3.0432,-0.7034,-1.462,2.954,480,0,90,202,0.3588,0.2261,SLOWDOWN,PolygonSlow,0.0,0.3333,0.0,0.0,0.0
60.851,153.0,-3.4531,3.0432,-0.6947,-1.462,2.954,480,0,90,204,0.3585,0.2258,SLOWDOWN,PolygonSlow,0.0,0.3333,0.0,0.0,0.0
60.938,153.1,-3.4532,3.0432,-0.689,-1.462,2.954,480,0,91,205,0.3583,0.2256,SLOWDOWN,PolygonSlow,0.0,0.3333,0.0,0.0,0.0
61.05,153.2,-3.4532,3.0432,-0.6818,-1.462,2.954,480,0,92,204,0.3581,0.2254,SLOWDOWN,PolygonSlow,0.0,0.2821,0.0,0.0,0.0
61.145,153.3,-3.4532,3.0432,-0.6754,-1.462,2.954,480,0,93,205,0.3579,0.2252,SLOWDOWN,PolygonSlow,0.0,0.3333,0.0,0.0,0.0
61.257,153.4,-3.4532,3.0432,-0.6688,-1.462,2.954,480,0,92,206,0.3577,0.225,SLOWDOWN,PolygonSlow,0.0,0.3333,0.0,0.0,0.0
61.352,153.5,-3.4532,3.0432,-0.6619,-1.462,2.954,480,0,93,206,0.3575,0.2248,SLOWDOWN,PolygonSlow,0.0,0.3333,0.0,0.0,0.0
61.459,153.6,-3.4531,3.0432,-0.6549,-1.462,2.954,480,0,94,207,0.3574,0.2247,SLOWDOWN,PolygonSlow,0.0,0.3333,0.0,0.0,0.0
61.56,153.7,-3.4531,3.0432,-0.6481,-1.462,2.954,480,0,94,208,0.3573,0.2246,SLOWDOWN,PolygonSlow,0.0,0.2821,0.0,0.0,0.0
61.669,153.8,-3.453,3.0432,-0.642,-1.462,2.954,480,0,95,209,0.3572,0.2245,SLOWDOWN,PolygonSlow,0.0,0.2821,0.0,0.0,0.0
61.766,153.9,-3.453,3.0432,-0.6362,-1.462,2.954,480,0,96,210,0.3571,0.2244,SLOWDOWN,PolygonSlow,0.0,0.2821,0.0,0.0,0.0
61.872,154.0,-3.4529,3.0432,-0.6305,-1.462,2.954,480,0,97,211,0.357,0.2243,SLOWDOWN,PolygonSlow,0.0,0.2821,0.0,0.0,0.0
61.968,154.1,-3.4528,3.0432,-0.6249,-1.462,2.954,480,0,100,210,0.357,0.2243,SLOWDOWN,PolygonSlow,0.0,0.2821,0.0,0.0,0.0
62.066,154.2,-3.4527,3.0432,-0.6192,-1.462,2.954,480,0,99,213,0.3569,0.2242,SLOWDOWN,PolygonSlow,0.0,0.2821,0.0,0.0,0.0
62.166,154.3,-3.4527,3.0432,-0.6133,-1.462,2.954,480,0,100,211,0.3568,0.2241,SLOWDOWN,PolygonSlow,0.0,0.2821,0.0,0.0,0.0
62.266,154.4,-3.4527,3.0433,-0.6071,-1.462,2.954,480,0,100,214,0.3567,0.224,SLOWDOWN,PolygonSlow,0.0,0.2821,0.0,0.0,0.0
62.365,154.5,-3.4527,3.0434,-0.6008,-1.462,2.954,480,0,101,213,0.3566,0.2239,SLOWDOWN,PolygonSlow,0.0,0.2821,0.0,0.0,0.0
62.465,154.6,-3.4527,3.0435,-0.5945,-1.469,2.94,480,0,102,215,0.3564,0.2238,SLOWDOWN,PolygonSlow,0.0,0.2308,0.0,0.0,0.0
62.566,154.7,-3.4527,3.0436,-0.5892,-1.469,2.94,480,0,103,215,0.3563,0.2237,SLOWDOWN,PolygonSlow,0.0,0.2308,0.0,0.0,0.0
62.665,154.8,-3.4527,3.0437,-0.5841,-1.469,2.94,480,0,104,217,0.3562,0.2237,SLOWDOWN,PolygonSlow,0.0,0.2308,0.0,0.0,0.0
62.764,154.9,-3.4527,3.0438,-0.5789,-1.469,2.94,480,0,105,216,0.3561,0.2236,SLOWDOWN,PolygonSlow,0.0,0.2308,0.0,0.0,0.0
62.871,155.0,-3.4527,3.0439,-0.5736,-1.469,2.94,480,0,106,217,0.356,0.2235,SLOWDOWN,PolygonSlow,0.0,0.2308,0.0,0.0,0.0
62.976,155.1,-3.4527,3.0441,-0.5684,-1.469,2.94,480,0,108,218,0.3559,0.2235,SLOWDOWN,PolygonSlow,0.0,0.2308,0.0,0.0,0.0
63.065,155.2,-3.4527,3.0442,-0.5632,-1.469,2.94,480,0,107,218,0.3557,0.2234,SLOWDOWN,PolygonSlow,0.0,0.2308,0.0,0.0,0.0
63.175,155.3,-3.4527,3.0443,-0.5579,-1.469,2.94,480,0,108,219,0.3556,0.2233,SLOWDOWN,PolygonSlow,0.0,0.2308,0.0,0.0,0.0
63.267,155.4,-3.4527,3.0445,-0.5526,-1.469,2.94,480,0,109,221,0.3555,0.2233,SLOWDOWN,PolygonSlow,0.0,0.2308,0.0,0.0,0.0
63.374,155.5,-3.4527,3.0446,-0.5473,-1.469,2.94,480,0,111,222,0.3553,0.2232,SLOWDOWN,PolygonSlow,0.0,0.2308,0.0,0.0,0.0
63.471,155.6,-3.4527,3.0448,-0.542,-1.469,2.94,480,0,112,222,0.3552,0.2232,SLOWDOWN,PolygonSlow,0.0,0.1795,0.0,0.0,0.0
63.588,155.7,-3.4527,3.0449,-0.5376,-1.469,2.94,480,0,114,222,0.3551,0.2232,SLOWDOWN,PolygonSlow,0.0,0.1795,0.0,0.0,0.0
63.685,155.8,-3.4527,3.045,-0.5334,-1.469,2.94,480,0,114,223,0.355,0.2231,SLOWDOWN,PolygonSlow,0.0,0.1795,0.0,0.0,0.0
63.797,155.9,-3.4527,3.0451,-0.5293,-1.469,2.94,480,0,114,224,0.3548,0.2231,SLOWDOWN,PolygonSlow,0.0,0.2308,0.0,0.0,0.0
63.894,156.0,-3.4526,3.0453,-0.5239,-1.469,2.94,480,0,115,224,0.3547,0.2231,SLOWDOWN,PolygonSlow,0.0,0.2308,0.0,0.0,0.0
64.01,156.1,-3.4526,3.0455,-0.5185,-1.469,2.94,480,0,116,226,0.3545,0.2231,SLOWDOWN,PolygonSlow,0.0,0.2308,0.0,0.0,0.0
64.109,156.2,-3.4526,3.0457,-0.5131,-1.469,2.94,480,0,116,225,0.3543,0.223,SLOWDOWN,PolygonSlow,0.0,0.2308,0.0,0.0,0.0
64.257,156.3,-3.4526,3.0459,-0.5065,-1.469,2.94,480,0,118,226,0.3541,0.223,SLOWDOWN,PolygonSlow,0.0,0.1795,0.0,0.0,0.0
64.359,156.4,-3.4526,3.046,-0.5019,-1.469,2.94,480,0,119,226,0.3539,0.223,SLOWDOWN,PolygonSlow,0.0,0.1795,0.0,0.0,0.0
64.469,156.5,-3.4526,3.0462,-0.4985,-1.451,2.96,480,0,120,226,0.3538,0.223,SLOWDOWN,PolygonSlow,0.0,0.0,0.0,0.0,0.0
64.552,156.6,-3.4526,3.0462,-0.497,-1.451,2.96,480,0,121,227,0.3537,0.223,DO_NOTHING,,0.0,0.0,0.0,0.0,0.0
64.655,156.7,-3.4526,3.0462,-0.497,-1.451,2.96,480,0,121,227,0.3537,0.223,DO_NOTHING,,0.0,0.0,0.0,0.0,0.0
64.753,156.8,-3.4526,3.0462,-0.497,-1.451,2.96,480,0,121,227,0.3537,0.223,DO_NOTHING,,0.0,0.0,0.0,0.0,0.0
64.863,156.9,-3.4526,3.0462,-0.497,-1.451,2.96,480,0,121,227,0.3537,0.223,DO_NOTHING,,0.0,0.0,0.0,0.0,0.0
64.955,157.0,-3.4526,3.0462,-0.497,-1.451,2.96,480,0,121,227,0.3537,0.223,DO_NOTHING,,0.0,0.0,0.0,0.0,0.0
65.057,157.1,-3.4526,3.0462,-0.497,-1.451,2.96,480,0,121,227,0.3537,0.223,DO_NOTHING,,0.0,0.0,0.0,0.0,0.0
65.156,157.2,-3.4526,3.0462,-0.497,-1.451,2.96,480,0,121,227,0.3537,0.223,DO_NOTHING,,0.0,0.0,0.0,0.0,0.0
65.259,157.3,-3.4526,3.0462,-0.497,-1.451,2.96,480,0,121,227,0.3537,0.223,DO_NOTHING,,0.0,0.0,0.0,0.0,0.0
65.359,157.4,-3.4526,3.0462,-0.497,-1.451,2.96,480,0,121,227,0.3537,0.223,DO_NOTHING,,0.0,0.0,0.0,0.0,0.0
65.453,157.5,-3.4526,3.0462,-0.497,-1.451,2.96,480,0,121,227,0.3537,0.223,DO_NOTHING,,0.0,0.0,0.0,0.0,0.0
65.553,157.6,-3.4526,3.0462,-0.497,-1.451,2.96,480,0,121,227,0.3537,0.223,DO_NOTHING,,0.0,0.0,0.0,0.0,0.0
65.651,157.7,-3.4526,3.0462,-0.497,-1.451,2.96,480,0,121,227,0.3537,0.223,DO_NOTHING,,0.0,0.0,0.0,0.0,0.0
65.752,157.8,-3.4526,3.0462,-0.497,-0.019,-0.01,480,0,121,227,0.3537,0.223,DO_NOTHING,,0.0,0.0,0.0,0.0,0.0
65.853,157.9,-3.4527,3.0462,-0.498,-0.019,-0.01,480,0,120,227,0.3537,0.223,SLOWDOWN,PolygonSlow,0.0,-1.0,0.0,0.0,0.0
65.952,158.0,-3.4527,3.046,-0.5052,-0.019,-0.01,480,0,119,225,0.354,0.223,SLOWDOWN,PolygonSlow,0.0,-1.0,0.0,0.0,0.0
66.053,158.1,-3.4527,3.0455,-0.5198,-0.019,-0.01,480,0,116,225,0.3545,0.223,SLOWDOWN,PolygonSlow,0.0,-1.0,0.0,0.0,0.0
66.151,158.2,-3.4527,3.0449,-0.541,-0.019,-0.01,480,0,112,222,0.3551,0.2231,SLOWDOWN,PolygonSlow,0.0,-1.0,0.0,0.0,0.0
66.251,158.3,-3.4527,3.0443,-0.564,-0.019,-0.01,480,0,107,218,0.3557,0.2233,SLOWDOWN,PolygonSlow,0.0,-1.0,0.0,0.0,0.0
66.365,158.4,-3.4523,3.0434,-0.5855,-0.019,-0.01,480,0,103,216,0.3565,0.2239,SLOWDOWN,PolygonSlow,0.1105,-1.0,0.1105,0.0332,0.0332
66.452,158.5,-3.45,3.0416,-0.6048,-0.019,-0.01,480,0,100,214,0.3584,0.2258,SLOWDOWN,PolygonSlow,0.1105,-1.0,0.1105,0.0332,0.0332
66.559,158.6,-3.4477,3.0397,-0.6245,-0.019,-0.01,480,0,97,211,0.3605,0.2278,SLOWDOWN,PolygonSlow,0.1105,-1.0,0.1105,0.0332,0.0332
66.656,158.7,-3.4453,3.0377,-0.6447,-0.019,-0.01,480,0,93,207,0.3627,0.23,SLOWDOWN,PolygonSlow,0.1105,-1.0,0.1105,0.0332,0.0332
66.757,158.8,-3.4428,3.0357,-0.6654,-0.019,-0.01,480,0,90,205,0.3652,0.2325,SLOWDOWN,PolygonSlow,0.1105,-1.0,0.1105,0.0332,0.0332
66.855,158.9,-3.4402,3.0336,-0.6866,-0.019,-0.01,480,0,86,203,0.3679,0.2352,SLOWDOWN,PolygonSlow,0.1105,-1.0,0.1105,0.0332,0.0332
66.958,159.0,-3.4377,3.0317,-0.7082,-0.019,-0.01,480,0,82,201,0.3706,0.238,SLOWDOWN,PolygonSlow,0.0789,-1.0,0.0789,0.0237,0.0237
67.058,159.1,-3.4358,3.0302,-0.7303,-0.019,-0.01,480,0,78,197,0.3732,0.2405,SLOWDOWN,PolygonSlow,0.0632,-1.0,0.0632,0.0189,0.0189
67.156,159.2,-3.4341,3.0289,-0.7529,-0.019,-0.01,480,0,75,194,0.3757,0.2431,SLOWDOWN,PolygonSlow,0.0632,-1.0,0.0632,0.0189,0.0189
67.256,159.3,-3.4326,3.0276,-0.7761,-0.019,-0.01,480,0,72,194,0.3786,0.2459,SLOWDOWN,PolygonSlow,0.0632,-1.0,0.0632,0.0189,0.0189
67.356,159.4,-3.4313,3.0262,-0.7995,-0.019,-0.01,480,0,69,192,0.3817,0.2491,SLOWDOWN,PolygonSlow,0.0632,-1.0,0.0632,0.0189,0.0189
67.457,159.5,-3.4298,3.0246,-0.8225,-0.019,-0.01,480,0,65,189,0.3854,0.2528,SLOWDOWN,PolygonSlow,0.0947,-1.0,0.0947,0.0284,0.0284
67.562,159.6,-3.428,3.0223,-0.8451,-0.019,-0.01,480,0,62,189,0.39,0.2574,SLOWDOWN,PolygonSlow,0.0789,-1.0,0.0789,0.0237,0.0237
67.657,159.7,-3.4264,3.0203,-0.8671,-0.019,-0.01,480,0,60,187,0.3945,0.2619,SLOWDOWN,PolygonSlow,0.0789,-1.0,0.0789,0.0237,0.0237
67.764,159.8,-3.4249,3.0183,-0.8887,-0.019,-0.01,480,0,56,187,0.3991,0.2665,SLOWDOWN,PolygonSlow,0.0789,-1.0,0.0789,0.0237,0.0237
67.858,159.9,-3.4235,3.0165,-0.9097,-0.019,-0.01,480,0,54,186,0.4039,0.2713,SLOWDOWN,PolygonSlow,0.0789,-1.0,0.0789,0.0237,0.0237
67.957,160.0,-3.4221,3.0145,-0.93,-0.019,-0.01,480,0,50,186,0.4033,0.2763,SLOWDOWN,PolygonSlow,0.0632,-0.9487,0.0632,0.0189,0.0189
68.057,160.1,-3.421,3.0128,-0.9489,-0.019,-0.01,480,0,48,185,0.4025,0.2812,SLOWDOWN,PolygonSlow,0.0632,-0.8974,0.0632,0.0189,0.0189
68.158,160.2,-3.42,3.0109,-0.967,-0.019,-0.01,480,0,46,184,0.3992,0.2862,SLOWDOWN,PolygonSlow,0.0632,-0.8974,0.0632,0.0189,0.0189
68.258,160.3,-3.4191,3.0091,-0.9858,-0.019,-0.01,480,0,44,184,0.3976,0.2915,SLOWDOWN,PolygonSlow,0.0632,-0.8974,0.0632,0.0189,0.0189
68.358,160.4,-3.4185,3.0075,-1.0058,-0.019,-0.01,480,0,41,185,0.3952,0.2971,SLOWDOWN,PolygonSlow,0.0632,-0.8974,0.0632,0.0189,0.0189
68.457,160.5,-3.418,3.0059,-1.0264,-0.019,-0.01,480,0,39,184,0.3951,0.3032,SLOWDOWN,PolygonSlow,0.0632,-0.8974,0.0632,0.0189,0.0189
68.558,160.6,-3.4177,3.0043,-1.0469,-0.019,-0.01,480,0,37,186,0.3927,0.3096,SLOWDOWN,PolygonSlow,0.0632,-0.8462,0.0632,0.0189,0.0189
68.657,160.7,-3.4173,3.0024,-1.0676,-0.019,-0.01,480,0,36,186,0.3908,0.3166,SLOWDOWN,PolygonSlow,0.0947,-1.0,0.0947,0.0284,0.0284
68.758,160.8,-3.4168,2.9999,-1.0911,-0.019,-0.01,480,0,33,190,0.3888,0.3255,SLOWDOWN,PolygonSlow,0.0947,-0.9487,0.0947,0.0284,0.0284
68.858,160.9,-3.4165,2.9974,-1.1144,-0.019,-0.01,480,0,30,189,0.3856,0.335,SLOWDOWN,PolygonSlow,0.0947,-1.0,0.0947,0.0284,0.0284
68.962,161.0,-3.4164,2.995,-1.1378,-0.019,-0.01,480,0,29,193,0.3846,0.3448,SLOWDOWN,PolygonSlow,0.0632,1.0,0.0632,0.0189,0.0189
69.057,161.1,-3.4165,2.9933,-1.1548,-0.019,-0.01,480,0,29,193,0.3821,0.3523,SLOWDOWN,PolygonSlow,0.0632,1.0,0.0632,0.0189,0.0189
69.157,161.2,-3.4162,2.9916,-1.1639,-0.019,-0.01,480,0,29,195,0.3802,0.3575,SLOWDOWN,PolygonSlow,0.0632,0.9487,0.0632,0.0189,0.0189
69.262,161.3,-3.4155,2.9898,-1.1651,-0.019,-0.01,480,0,30,196,0.3789,0.3601,SLOWDOWN,PolygonSlow,0.0632,1.0,0.0632,0.0189,0.0189
69.364,161.4,-3.4145,2.9881,-1.1591,-0.019,-0.01,480,0,30,195,0.3776,0.3602,SLOWDOWN,PolygonSlow,0.0632,1.0,0.0632,0.0189,0.0189
69.463,161.5,-3.413,2.9864,-1.1441,-0.019,-0.01,480,0,31,193,0.3748,0.3574,SLOWDOWN,PolygonSlow,0.0632,1.0,0.0632,0.0189,0.0189
69.57,161.6,-3.4111,2.9847,-1.1218,-0.019,-0.01,480,0,32,191,0.3716,0.3525,SLOWDOWN,PolygonSlow,0.0632,0.9487,0.0632,0.0189,0.0189
69.672,161.7,-3.4093,2.983,-1.0987,-0.019,-0.01,480,0,33,188,0.3694,0.3478,SLOWDOWN,PolygonSlow,0.0632,0.8974,0.0632,0.0189,0.0189
69.768,161.8,-3.4076,2.9813,-1.0764,-0.019,-0.01,480,0,35,188,0.368,0.3436,SLOWDOWN,PolygonSlow,0.0632,0.8974,0.0632,0.0189,0.0189
69.875,161.9,-3.4059,2.9796,-1.0555,-0.019,-0.01,480,0,38,185,0.3663,0.3402,SLOWDOWN,PolygonSlow,0.0474,1.0,0.0632,0.0189,0.0189
69.964,162.0,-3.4044,2.9781,-1.035,-0.019,-0.01,480,0,37,184,0.3638,0.337,SLOWDOWN,PolygonSlow,0.0474,0.9487,0.0474,0.0142,0.0142
70.078,162.1,-3.403,2.9769,-1.0123,-0.019,-0.01,480,0,40,184,0.3629,0.3332,SLOWDOWN,PolygonSlow,0.0474,0.8974,0.0474,0.0142,0.0142
70.174,162.2,-3.4018,2.9757,-0.9913,-0.019,-0.01,480,0,42,182,0.3597,0.3301,SLOWDOWN,PolygonSlow,0.0474,0.8974,0.0474,0.0142,0.0142
70.281,162.3,-3.4006,2.9745,-0.9714,-0.019,-0.01,480,0,44,182,0.3596,0.3274,SLOWDOWN,PolygonSlow,0.0474,0.8462,0.0474,0.0142,0.0142
70.377,162.4,-3.3997,2.9736,-0.9533,-0.019,-0.01,480,0,45,181,0.3574,0.325,SLOWDOWN,PolygonSlow,0.0474,0.8462,0.0474,0.0142,0.0142
70.481,162.5,-3.3989,2.9727,-0.9364,-0.019,-0.01,480,0,47,182,0.3559,0.323,SLOWDOWN,PolygonSlow,0.0474,0.8462,0.0474,0.0142,0.0142
70.58,162.6,-3.398,2.9717,-0.9191,-0.019,-0.01,480,0,47,182,0.3552,0.3212,SLOWDOWN,PolygonSlow,0.0474,0.7949,0.0474,0.0142,0.0142
70.686,162.7,-3.3971,2.9707,-0.902,-0.019,-0.01,480,0,49,182,0.3537,0.3196,SLOWDOWN,PolygonSlow,0.0474,0.7949,0.0474,0.0142,0.0142
70.783,162.8,-3.3962,2.9696,-0.8852,-0.019,-0.01,480,0,51,181,0.3527,0.3183,SLOWDOWN,PolygonSlow,0.0474,0.7949,0.0474,0.0142,0.0142
70.885,162.9,-3.3953,2.9686,-0.8681,-0.019,-0.01,480,0,51,182,0.3513,0.317,SLOWDOWN,PolygonSlow,0.0789,0.9487,0.0474,0.0142,0.0142
70.983,163.0,-3.3941,2.9674,-0.849,-0.019,-0.01,480,0,52,181,0.3491,0.3158,SLOWDOWN,PolygonSlow,0.0474,-1.0,0.0789,0.0237,0.0237
71.084,163.1,-3.3928,2.9662,-0.8295,-0.019,-0.01,480,0,53,183,0.3472,0.3148,SLOWDOWN,PolygonSlow,0.0,-1.0,0.0474,0.0142,0.0142
71.183,163.2,-3.3923,2.9657,-0.8166,-0.019,-0.01,480,0,54,182,0.347,0.3138,SLOWDOWN,PolygonSlow,0.0,-1.0,0.0,0.0,0.0
71.297,163.3,-3.3923,2.9658,-0.8108,-0.019,-0.01,480,0,55,184,0.3479,0.3131,SLOWDOWN,PolygonSlow,0.0,-1.0,0.0,0.0,0.0
71.389,163.4,-3.3923,2.9658,-0.8127,-0.019,-0.01,480,0,55,184,0.3477,0.3134,SLOWDOWN,PolygonSlow,0.0,-1.0,0.0,0.0,0.0
71.49,163.5,-3.3923,2.9657,-0.8223,-0.019,-0.01,480,0,53,182,0.3468,0.3145,SLOWDOWN,PolygonSlow,0.0,-1.0,0.0,0.0,0.0
71.597,163.6,-3.3923,2.9655,-0.8391,-0.019,-0.01,480,0,52,183,0.3472,0.3166,SLOWDOWN,PolygonSlow,0.0,-1.0,0.0,0.0,0.0
71.69,163.7,-3.3923,2.9652,-0.8609,-0.019,-0.01,480,0,51,181,0.3465,0.3196,SLOWDOWN,PolygonSlow,0.0,-1.0,0.0,0.0,0.0
71.79,163.8,-3.3923,2.9651,-0.8826,-0.019,-0.01,480,0,49,181,0.3462,0.3228,SLOWDOWN,PolygonSlow,0.0474,-1.0,0.0,0.0,0.0
71.894,163.9,-3.3919,2.9645,-0.9038,-0.019,-0.01,480,0,47,180,0.3471,0.3265,SLOWDOWN,PolygonSlow,0.0474,-1.0,0.0474,0.0142,0.0142
71.991,164.0,-3.3911,2.9632,-0.9245,-0.019,-0.01,480,0,46,181,0.3442,0.3313,SLOWDOWN,PolygonSlow,0.0474,-1.0,0.0474,0.0142,0.0142
72.092,164.1,-3.3902,2.9619,-0.9448,-0.019,-0.01,480,0,44,181,0.3436,0.3363,SLOWDOWN,PolygonSlow,0.0474,-1.0,0.0474,0.0142,0.0142
72.191,164.2,-3.3894,2.9604,-0.9646,-0.019,-0.01,480,0,43,180,0.3408,0.3417,SLOWDOWN,PolygonSlow,0.0474,-1.0,0.0474,0.0142,0.0142
72.296,164.3,-3.3887,2.9589,-0.9846,-0.019,-0.01,480,0,42,181,0.3394,0.3475,SLOWDOWN,PolygonSlow,0.0474,-1.0,0.0474,0.0142,0.0142
72.397,164.4,-3.3882,2.9575,-1.0059,-0.019,-0.01,480,0,43,181,0.3371,0.3537,SLOWDOWN,PolygonSlow,0.0474,-1.0,0.0474,0.0142,0.0142
72.498,164.5,-3.3881,2.9562,-1.0288,-0.019,-0.01,480,0,43,182,0.3372,0.3605,SLOWDOWN,PolygonSlow,0.0474,-1.0,0.0474,0.0142,0.0142
72.6,164.6,-3.3881,2.955,-1.052,-0.019,-0.01,480,0,43,183,0.3349,0.3679,SLOWDOWN,PolygonSlow,0.0474,-1.0,0.0474,0.0142,0.0142
72.703,164.7,-3.3882,2.9538,-1.0756,-0.019,-0.01,480,0,43,185,0.3348,0.3758,SLOWDOWN,PolygonSlow,0.0316,-1.0,0.0474,0.0142,0.0142
72.802,164.8,-3.3886,2.9528,-1.0994,-0.019,-0.01,480,0,45,187,0.3327,0.384,SLOWDOWN,PolygonSlow,0.0316,-1.0,0.0316,0.0095,0.0095
72.907,164.9,-3.3892,2.9519,-1.1237,-0.019,-0.01,480,0,45,188,0.333,0.3928,SLOWDOWN,PolygonSlow,0.0316,-1.0,0.0316,0.0095,0.0095
73.02,165.0,-3.3901,2.9509,-1.1534,-0.019,-0.01,480,0,46,190,0.3339,0.4024,SLOWDOWN,PolygonSlow,0.0316,-0.8974,0.0316,0.0095,0.0095
73.107,165.1,-3.3908,2.9502,-1.1716,-0.019,-0.01,480,0,47,189,0.3327,0.4121,SLOWDOWN,PolygonSlow,0.0316,-0.8974,0.0316,0.0095,0.0095
73.223,165.2,-3.3918,2.9492,-1.199,-0.019,-0.01,480,0,50,189,0.3319,0.4223,SLOWDOWN,PolygonSlow,0.0316,-0.8974,0.0316,0.0095,0.0095
73.307,165.3,-3.3926,2.9485,-1.2175,-0.019,-0.01,480,0,50,190,0.3315,0.4255,SLOWDOWN,PolygonSlow,0.0316,-0.8462,0.0316,0.0095,0.0095
73.425,165.4,-3.3937,2.9476,-1.2399,-0.019,-0.01,480,0,53,190,0.3305,0.4226,SLOWDOWN,PolygonSlow,0.0316,-0.8462,0.0316,0.0095,0.0095
73.527,165.5,-3.3948,2.9467,-1.2622,-0.019,-0.01,480,0,57,193,0.3311,0.4202,SLOWDOWN,PolygonSlow,0.0316,-0.8462,0.0316,0.0095,0.0095
73.628,165.6,-3.396,2.9458,-1.2848,-0.019,-0.01,480,0,61,193,0.3307,0.4177,SLOWDOWN,PolygonSlow,0.0316,-0.7949,0.0316,0.0095,0.0095
73.739,165.7,-3.3975,2.9447,-1.3108,-0.019,-0.01,480,0,67,196,0.3299,0.4147,SLOWDOWN,PolygonSlow,0.0316,-0.7949,0.0316,0.0095,0.0095
73.841,165.8,-3.3986,2.9439,-1.3283,-0.019,-0.01,480,0,72,198,0.3306,0.4123,SLOWDOWN,PolygonSlow,0.0316,-0.7949,0.0316,0.0095,0.0095
73.937,165.9,-3.4,2.943,-1.3504,-0.019,-0.01,480,0,72,199,0.3297,0.4091,SLOWDOWN,PolygonSlow,0.0316,-0.7949,0.0316,0.0095,0.0095
74.045,166.0,-3.4015,2.9421,-1.3726,-0.019,-0.01,480,0,71,204,0.3292,0.4065,SLOWDOWN,PolygonSlow,0.0316,-0.7436,0.0316,0.0095,0.0095
74.139,166.1,-3.4029,2.9412,-1.3938,-0.019,-0.01,480,0,70,210,0.33,0.4039,SLOWDOWN,PolygonSlow,0.0316,-0.7436,0.0316,0.0095,0.0095
74.242,166.2,-3.4045,2.9402,-1.4153,-0.019,-0.01,480,0,70,216,0.3291,0.4007,SLOWDOWN,PolygonSlow,0.0316,-0.7436,0.0316,0.0095,0.0095
74.339,166.3,-3.4061,2.9393,-1.4369,-0.019,-0.01,480,0,68,224,0.3287,0.398,SLOWDOWN,PolygonSlow,0.0316,-0.6923,0.0316,0.0095,0.0095
74.445,166.4,-3.4077,2.9383,-1.4574,-0.019,-0.01,480,0,67,235,0.3296,0.3955,SLOWDOWN,PolygonSlow,0.0316,-0.6923,0.0316,0.0095,0.0095
74.539,166.5,-3.4094,2.9374,-1.4781,-0.019,-0.01,480,0,66,241,0.3288,0.3922,SLOWDOWN,PolygonSlow,0.0316,-0.6923,0.0316,0.0095,0.0095
74.646,166.6,-3.4111,2.9365,-1.4991,-0.019,-0.01,480,0,65,241,0.33,0.39,SLOWDOWN,PolygonSlow,0.0316,-0.6923,0.0316,0.0095,0.0095
74.744,166.7,-3.4129,2.9354,-1.5204,-0.019,-0.01,480,0,64,242,0.329,0.3865,SLOWDOWN,PolygonSlow,0.1421,-1.0,0.1421,0.0426,0.0426
74.844,166.8,-3.4152,2.9312,-1.5494,-0.019,-0.01,480,0,63,243,0.327,0.3794,SLOWDOWN,PolygonSlow,0.2684,-0.7949,0.2671,0.0801,0.0801
74.943,166.9,-3.4174,2.9234,-1.5752,-0.019,-0.01,480,0,63,246,0.3209,0.3692,SLOWDOWN,PolygonSlow,0.2842,-0.5897,0.2842,0.0853,0.0853
75.044,167.0,-3.4193,2.9149,-1.5946,-0.019,-0.01,480,0,63,248,0.3156,0.3598,SLOWDOWN,PolygonSlow,0.1421,-1.0,0.1592,0.0478,0.0478
75.144,167.1,-3.4212,2.9099,-1.619,-0.019,-0.01,480,0,63,248,0.3114,0.3516,SLOWDOWN,PolygonSlow,0.1263,-1.0,0.1263,0.0379,0.0379
75.244,167.2,-3.4241,2.9061,-1.6496,-0.019,-0.01,480,0,62,251,0.3099,0.3448,SLOWDOWN,PolygonSlow,0.2684,-0.4359,0.2513,0.0754,0.0754
75.35,167.3,-3.4266,2.8986,-1.6716,-0.019,-0.01,480,0,63,253,0.3061,0.3356,SLOWDOWN,PolygonSlow,0.2684,-0.3333,0.2684,0.0805,0.0805
75.446,167.4,-3.4285,2.8905,-1.6838,-0.019,-0.01,480,0,63,256,0.2999,0.3262,SLOWDOWN,PolygonSlow,0.2684,-0.2821,0.2684,0.0805,0.0805
75.55,167.5,-3.4302,2.8825,-1.6922,-0.019,-0.01,480,0,65,258,0.2947,0.3179,SLOWDOWN,PolygonSlow,0.2684,-0.2821,0.2684,0.0805,0.0805
75.645,167.6,-3.4319,2.8746,-1.7005,-0.019,-0.01,480,0,66,259,0.2892,0.3092,SLOWDOWN,PolygonSlow,0.2684,-0.2821,0.2684,0.0805,0.0805
75.75,167.7,-3.4336,2.8666,-1.7085,-0.019,-0.01,480,0,67,262,0.2841,0.301,SLOWDOWN,PolygonSlow,0.2684,-0.1795,0.2684,0.0805,0.0805
75.86,167.8,-3.4352,2.8585,-1.7138,-0.019,-0.01,480,0,69,263,0.2795,0.2932,SLOWDOWN,PolygonSlow,0.3,-0.2308,0.3,0.09,0.09
75.953,167.9,-3.437,2.8496,-1.7205,-0.019,-0.01,480,0,70,266,0.2739,0.2842,SLOWDOWN,PolygonSlow,0.3,-0.2308,0.3,0.09,0.09
76.055,168.0,-3.4389,2.8408,-1.7273,-0.019,-0.01,480,0,72,267,0.2694,0.2753,SLOWDOWN,PolygonSlow,0.2842,-0.2308,0.2842,0.0853,0.0853
76.156,168.1,-3.4408,2.8323,-1.7334,-0.019,-0.01,480,0,74,270,0.2643,0.2667,SLOWDOWN,PolygonSlow,0.3,-0.1282,0.3,0.09,0.09
76.263,168.2,-3.4425,2.8236,-1.7371,-0.019,-0.01,480,0,80,273,0.2593,0.2583,SLOWDOWN,PolygonSlow,0.2842,-0.1282,0.2842,0.0853,0.0853
76.37,168.3,-3.4442,2.815,-1.7403,-0.019,-0.01,480,0,84,275,0.2561,0.2507,SLOWDOWN,PolygonSlow,0.2684,-0.1795,0.3,0.09,0.09
76.46,168.4,-3.4459,2.8064,-1.7433,-0.019,-0.01,480,0,88,276,0.2513,0.2425,SLOWDOWN,PolygonSlow,0.2684,-0.1795,0.2684,0.0805,0.0805
76.574,168.5,-3.448,2.7969,-1.7487,-0.019,-0.01,480,2,92,279,0.2478,0.2351,SLOWDOWN,PolygonSlow,0.3,-0.0769,0.2684,0.0805,0.0805
76.658,168.6,-3.4494,2.7903,-1.7512,-0.019,-0.01,480,5,97,281,0.2447,0.2282,SLOWDOWN,PolygonSlow,0.3,-0.0769,0.3,0.09,0.09
76.783,168.7,-3.451,2.7826,-1.7527,-0.019,-0.01,480,8,101,283,0.2407,0.2208,STOP,PolygonStop,0.2684,-0.0769,0.2842,0.0,0.0
76.874,168.8,-3.451,2.7825,-1.7527,-0.019,-0.01,480,8,100,283,0.2407,0.2209,STOP,PolygonStop,0.2684,-0.0769,0.2684,0.0,0.0
76.984,168.9,-3.451,2.7825,-1.7527,-0.019,-0.01,480,8,100,283,0.2407,0.2209,STOP,PolygonStop,0.2684,-0.0769,0.2684,0.0,0.0
77.116,169.0,-3.451,2.7825,-1.7527,-0.019,-0.01,480,8,100,283,0.2407,0.2209,STOP,PolygonStop,0.2684,-0.0769,0.2684,0.0,0.0
77.251,169.1,-3.451,2.7825,-1.7527,-0.019,-0.01,480,8,100,283,0.2407,0.2209,STOP,PolygonStop,0.2684,-0.0769,0.2684,0.0,0.0
77.328,169.2,-3.451,2.7825,-1.7527,-0.019,-0.01,480,8,100,283,0.2407,0.2209,STOP,PolygonStop,0.2684,-0.0769,0.2684,0.0,0.0
77.434,169.3,-3.451,2.7825,-1.7527,-0.019,-0.01,480,8,100,283,0.2407,0.2209,STOP,PolygonStop,0.2684,-0.0769,0.2684,0.0,0.0
77.53,169.4,-3.451,2.7825,-1.7527,-0.019,-0.01,480,8,100,283,0.2407,0.2209,STOP,PolygonStop,0.2684,-0.0769,0.2684,0.0,0.0
77.628,169.5,-3.451,2.7825,-1.7527,-0.019,-0.01,480,8,100,283,0.2407,0.2209,STOP,PolygonStop,0.2684,-0.0769,0.2684,0.0,0.0
77.726,169.6,-3.451,2.7825,-1.7527,-0.019,-0.01,480,8,100,283,0.2407,0.2209,STOP,PolygonStop,0.2684,-0.0769,0.2684,0.0,0.0
77.827,169.7,-3.451,2.7825,-1.7527,-0.019,-0.01,480,8,100,283,0.2407,0.2209,STOP,PolygonStop,0.2684,-0.0769,0.2684,0.0,0.0
77.927,169.8,-3.451,2.7825,-1.7527,-0.019,-0.01,480,8,100,283,0.2407,0.2209,STOP,PolygonStop,0.2684,-0.0769,0.2684,0.0,0.0
78.03,169.9,-3.451,2.7825,-1.7527,-0.019,-0.01,480,8,100,283,0.2407,0.2209,STOP,PolygonStop,0.2684,-0.0769,0.2684,0.0,0.0
78.13,170.0,-3.451,2.7825,-1.7527,-0.019,-0.01,480,8,100,283,0.2407,0.2209,STOP,PolygonStop,0.2684,-0.0769,0.2684,0.0,0.0
78.227,170.1,-3.451,2.7825,-1.7527,-0.019,-0.01,480,8,100,283,0.2407,0.2209,STOP,PolygonStop,0.2684,-0.0769,0.2684,0.0,0.0
78.333,170.2,-3.451,2.7825,-1.7527,-0.019,-0.01,480,8,100,283,0.2407,0.2209,STOP,PolygonStop,0.2684,-0.0769,0.2684,0.0,0.0
78.427,170.3,-3.451,2.7825,-1.7527,-0.019,-0.01,480,8,100,283,0.2407,0.2209,STOP,PolygonStop,0.2684,-0.0769,0.2684,0.0,0.0
78.527,170.4,-3.451,2.7825,-1.7527,-0.019,-0.01,480,8,100,283,0.2407,0.2209,STOP,PolygonStop,0.2684,-0.0769,0.2684,0.0,0.0
78.627,170.5,-3.451,2.7825,-1.7527,-0.019,-0.01,480,8,100,283,0.2407,0.2209,STOP,PolygonStop,0.2684,-0.0769,0.2684,0.0,0.0
78.727,170.6,-3.451,2.7825,-1.7527,-0.019,-0.01,480,8,100,283,0.2407,0.2209,STOP,PolygonStop,0.2684,-0.0769,0.2684,0.0,0.0
78.827,170.7,-3.451,2.7825,-1.7527,-0.019,-0.01,480,8,100,283,0.2407,0.2209,STOP,PolygonStop,0.2684,-0.0769,0.2684,0.0,0.0
78.927,170.8,-3.451,2.7825,-1.7527,-0.019,-0.01,480,8,100,283,0.2407,0.2209,STOP,PolygonStop,0.2684,-0.0769,0.2684,0.0,0.0
79.027,170.9,-3.451,2.7825,-1.7527,-0.019,-0.01,480,8,100,283,0.2407,0.2209,STOP,PolygonStop,0.2684,-0.0769,0.2684,0.0,0.0
79.127,171.0,-3.451,2.7825,-1.7527,-0.019,-0.01,480,8,100,283,0.2407,0.2209,STOP,PolygonStop,0.2684,-0.0769,0.2684,0.0,0.0
79.227,171.1,-3.451,2.7825,-1.7527,-0.019,-0.01,480,8,100,283,0.2407,0.2209,STOP,PolygonStop,0.2684,-0.0769,0.2684,0.0,0.0
79.327,171.2,-3.451,2.7825,-1.7527,-0.019,-0.01,480,8,100,283,0.2407,0.2209,STOP,PolygonStop,0.2684,-0.0769,0.2684,0.0,0.0
79.429,171.3,-3.451,2.7825,-1.7527,-0.019,-0.01,480,8,100,283,0.2407,0.2209,STOP,PolygonStop,0.2684,-0.0769,0.2684,0.0,0.0
79.528,171.4,-3.451,2.7825,-1.7527,-0.019,-0.01,480,8,100,283,0.2407,0.2209,STOP,PolygonStop,0.2684,-0.0769,0.2684,0.0,0.0
79.628,171.5,-3.451,2.7825,-1.7527,-0.019,-0.01,480,8,100,283,0.2407,0.2209,STOP,PolygonStop,0.2684,-0.0769,0.2684,0.0,0.0
79.732,171.6,-3.451,2.7825,-1.7527,-0.019,-0.01,480,8,100,283,0.2407,0.2209,STOP,PolygonStop,0.2684,-0.0769,0.2684,0.0,0.0
79.828,171.7,-3.451,2.7825,-1.7527,-0.019,-0.01,480,8,100,283,0.2407,0.2209,STOP,PolygonStop,0.2684,-0.0769,0.2684,0.0,0.0
79.934,171.8,-3.451,2.7825,-1.7527,-0.019,-0.01,480,8,100,283,0.2407,0.2209,STOP,PolygonStop,0.2684,-0.0769,0.2684,0.0,0.0
80.027,171.9,-3.451,2.7825,-1.7527,-0.019,-0.01,480,8,100,283,0.2407,0.2209,STOP,PolygonStop,0.2684,-0.0769,0.2684,0.0,0.0
80.132,172.0,-3.451,2.7825,-1.7527,-0.019,-0.01,480,8,100,283,0.2407,0.2209,STOP,PolygonStop,0.2684,-0.0769,0.2684,0.0,0.0
80.234,172.1,-3.451,2.7825,-1.7527,-0.019,-0.01,480,8,100,283,0.2407,0.2209,STOP,PolygonStop,0.2684,-0.0769,0.2684,0.0,0.0
80.332,172.2,-3.451,2.7825,-1.7527,-0.019,-0.01,480,8,100,283,0.2407,0.2209,STOP,PolygonStop,0.2684,-0.0769,0.2684,0.0,0.0
80.426,172.3,-3.451,2.7825,-1.7527,-0.019,-0.01,480,8,100,283,0.2407,0.2209,STOP,PolygonStop,0.2684,-0.0769,0.2684,0.0,0.0
80.529,172.4,-3.451,2.7825,-1.7527,-0.019,-0.01,480,8,100,283,0.2407,0.2209,STOP,PolygonStop,0.2684,-0.0769,0.2684,0.0,0.0
80.628,172.5,-3.451,2.7825,-1.7527,-0.019,-0.01,480,8,100,283,0.2407,0.2209,STOP,PolygonStop,0.2684,-0.0769,0.2684,0.0,0.0
80.728,172.6,-3.451,2.7825,-1.7527,-0.019,-0.01,480,8,100,283,0.2407,0.2209,STOP,PolygonStop,0.2684,-0.0769,0.2684,0.0,0.0
80.828,172.7,-3.451,2.7825,-1.7527,-0.019,-0.01,480,8,100,283,0.2407,0.2209,STOP,PolygonStop,0.2684,-0.0769,0.2684,0.0,0.0
80.927,172.8,-3.451,2.7825,-1.7527,-0.019,-0.01,480,8,100,283,0.2407,0.2209,STOP,PolygonStop,0.2684,-0.0769,0.2684,0.0,0.0
81.028,172.9,-3.451,2.7825,-1.7527,-0.019,-0.01,480,8,100,283,0.2407,0.2209,STOP,PolygonStop,0.2684,-0.0769,0.2684,0.0,0.0
81.131,173.0,-3.451,2.7825,-1.7527,-0.019,-0.01,480,8,100,283,0.2407,0.2209,STOP,PolygonStop,0.2684,-0.0769,0.2684,0.0,0.0
81.228,173.1,-3.451,2.7825,-1.7527,-0.019,-0.01,480,8,100,283,0.2407,0.2209,STOP,PolygonStop,0.2684,-0.0769,0.2684,0.0,0.0
81.327,173.2,-3.451,2.7825,-1.7527,-0.019,-0.01,480,8,100,283,0.2407,0.2209,STOP,PolygonStop,0.2684,-0.0769,0.2684,0.0,0.0
81.428,173.3,-3.451,2.7825,-1.7527,-0.019,-0.01,480,8,100,283,0.2407,0.2209,STOP,PolygonStop,0.2684,-0.0769,0.2684,0.0,0.0
81.533,173.4,-3.451,2.7825,-1.7527,-0.019,-0.01,480,8,100,283,0.2407,0.2209,STOP,PolygonStop,0.2684,-0.0769,0.2684,0.0,0.0
81.628,173.5,-3.451,2.7825,-1.7527,-0.019,-0.01,480,8,100,283,0.2407,0.2209,STOP,PolygonStop,0.2684,-0.0769,0.2684,0.0,0.0
81.727,173.6,-3.451,2.7825,-1.7527,-0.019,-0.01,480,8,100,283,0.2407,0.2209,STOP,PolygonStop,0.2684,-0.0769,0.2684,0.0,0.0
81.827,173.7,-3.451,2.7825,-1.7527,-0.019,-0.01,480,8,100,283,0.2407,0.2209,STOP,PolygonStop,0.2684,-0.0769,0.2684,0.0,0.0
81.927,173.8,-3.451,2.7825,-1.7527,-0.019,-0.01,480,8,100,283,0.2407,0.2209,STOP,PolygonStop,0.2684,-0.0769,0.2684,0.0,0.0
82.028,173.9,-3.451,2.7825,-1.7527,-0.019,-0.01,480,8,100,283,0.2407,0.2209,STOP,PolygonStop,0.2684,-0.0769,0.2684,0.0,0.0
82.128,174.0,-3.451,2.7825,-1.7527,-0.019,-0.01,480,8,100,283,0.2407,0.2209,STOP,PolygonStop,0.2684,-0.0769,0.2684,0.0,0.0
82.228,174.1,-3.451,2.7825,-1.7527,-0.019,-0.01,480,8,100,283,0.2407,0.2209,STOP,PolygonStop,0.2684,-0.0769,0.2684,0.0,0.0
82.328,174.2,-3.451,2.7825,-1.7527,-0.019,-0.01,480,8,100,283,0.2407,0.2209,STOP,PolygonStop,0.2684,-0.0769,0.2684,0.0,0.0
82.427,174.3,-3.451,2.7825,-1.7527,-0.019,-0.01,480,8,100,283,0.2407,0.2209,STOP,PolygonStop,0.2684,-0.0769,0.2684,0.0,0.0
82.53,174.4,-3.451,2.7825,-1.7527,-0.019,-0.01,480,8,100,283,0.2407,0.2209,STOP,PolygonStop,0.2684,-0.0769,0.2684,0.0,0.0
82.629,174.5,-3.451,2.7825,-1.7527,-0.019,-0.01,480,8,100,283,0.2407,0.2209,STOP,PolygonStop,0.2684,-0.0769,0.2684,0.0,0.0
82.729,174.6,-3.451,2.7825,-1.7527,-0.019,-0.01,480,8,100,283,0.2407,0.2209,STOP,PolygonStop,0.2684,-0.0769,0.2684,0.0,0.0
82.828,174.7,-3.451,2.7825,-1.7527,-0.019,-0.01,480,8,100,283,0.2407,0.2209,STOP,PolygonStop,0.2684,-0.0769,0.2684,0.0,0.0
82.926,174.8,-3.451,2.7825,-1.7527,-0.019,-0.01,480,8,100,283,0.2407,0.2209,STOP,PolygonStop,0.2684,-0.0769,0.2684,0.0,0.0
83.038,174.9,-3.451,2.7825,-1.7527,-0.019,-0.01,480,8,100,283,0.2407,0.2209,STOP,PolygonStop,0.2684,-0.0769,0.2684,0.0,0.0
83.128,175.0,-3.451,2.7825,-1.7527,-0.019,-0.01,480,8,100,283,0.2407,0.2209,STOP,PolygonStop,0.2684,-0.0769,0.2684,0.0,0.0
83.233,175.1,-3.451,2.7825,-1.7527,-0.019,-0.01,480,8,100,283,0.2407,0.2209,STOP,PolygonStop,0.2684,-0.0769,0.2684,0.0,0.0
83.327,175.2,-3.451,2.7825,-1.7527,-0.019,-0.01,480,8,100,283,0.2407,0.2209,STOP,PolygonStop,0.2684,-0.0769,0.2684,0.0,0.0
83.433,175.3,-3.451,2.7825,-1.7527,-0.019,-0.01,480,8,100,283,0.2407,0.2209,STOP,PolygonStop,0.2684,-0.0769,0.2684,0.0,0.0
83.53,175.4,-3.451,2.7825,-1.7527,-0.019,-0.01,480,8,100,283,0.2407,0.2209,STOP,PolygonStop,0.2684,-0.0769,0.2684,0.0,0.0
83.633,175.5,-3.451,2.7825,-1.7527,-0.019,-0.01,480,8,100,283,0.2407,0.2209,STOP,PolygonStop,0.2684,-0.0769,0.2684,0.0,0.0
83.73,175.6,-3.451,2.7825,-1.7527,-0.019,-0.01,480,8,100,283,0.2407,0.2209,STOP,PolygonStop,0.2684,-0.0769,0.2684,0.0,0.0
83.833,175.7,-3.451,2.7825,-1.7527,-0.019,-0.01,480,8,100,283,0.2407,0.2209,STOP,PolygonStop,0.2684,-0.0769,0.2684,0.0,0.0
83.93,175.8,-3.451,2.7825,-1.7527,-0.019,-0.01,480,8,100,283,0.2407,0.2209,STOP,PolygonStop,0.2684,-0.0769,0.2684,0.0,0.0
84.031,175.9,-3.451,2.7825,-1.7527,-0.019,-0.01,480,8,100,283,0.2407,0.2209,STOP,PolygonStop,0.2684,-0.0769,0.2684,0.0,0.0
84.132,176.0,-3.451,2.7825,-1.7527,-0.019,-0.01,480,8,100,283,0.2407,0.2209,STOP,PolygonStop,0.2684,-0.0769,0.2684,0.0,0.0
84.23,176.1,-3.451,2.7825,-1.7527,-0.019,-0.01,480,8,100,283,0.2407,0.2209,STOP,PolygonStop,0.2684,-0.0769,0.2684,0.0,0.0
84.331,176.2,-3.451,2.7825,-1.7527,-0.019,-0.01,480,8,100,283,0.2407,0.2209,STOP,PolygonStop,0.2684,-0.0769,0.2684,0.0,0.0
84.431,176.3,-3.451,2.7825,-1.7527,-0.019,-0.01,480,8,100,283,0.2407,0.2209,STOP,PolygonStop,0.2684,-0.0769,0.2684,0.0,0.0
84.534,176.4,-3.451,2.7825,-1.7527,-0.019,-0.01,480,8,100,283,0.2407,0.2209,STOP,PolygonStop,0.2684,-0.0769,0.2684,0.0,0.0
84.63,176.5,-3.451,2.7825,-1.7527,-0.019,-0.01,480,8,100,283,0.2407,0.2209,STOP,PolygonStop,0.2684,-0.0769,0.2684,0.0,0.0
84.733,176.6,-3.451,2.7825,-1.7527,-0.019,-0.01,480,8,100,283,0.2407,0.2209,STOP,PolygonStop,0.2684,-0.0769,0.2684,0.0,0.0
84.833,176.7,-3.451,2.7825,-1.7527,-0.019,-0.01,480,8,100,283,0.2407,0.2209,STOP,PolygonStop,0.2684,-0.0769,0.2684,0.0,0.0
84.932,176.8,-3.451,2.7825,-1.7527,-0.019,-0.01,480,8,100,283,0.2407,0.2209,STOP,PolygonStop,0.2684,-0.0769,0.2684,0.0,0.0
85.035,176.9,-3.451,2.7825,-1.7527,-0.019,-0.01,480,8,100,283,0.2407,0.2209,STOP,PolygonStop,0.2684,-0.0769,0.2684,0.0,0.0
85.133,177.0,-3.451,2.7825,-1.7527,-0.019,-0.01,480,8,100,283,0.2407,0.2209,STOP,PolygonStop,0.2684,-0.0769,0.2684,0.0,0.0
85.232,177.1,-3.451,2.7825,-1.7527,-0.019,-0.01,480,8,100,283,0.2407,0.2209,STOP,PolygonStop,0.2684,-0.0769,0.2684,0.0,0.0
85.333,177.2,-3.451,2.7825,-1.7527,-0.019,-0.01,480,8,100,283,0.2407,0.2209,STOP,PolygonStop,0.2684,-0.0769,0.2684,0.0,0.0
85.434,177.3,-3.451,2.7825,-1.7527,-0.019,-0.01,480,8,100,283,0.2407,0.2209,STOP,PolygonStop,0.2684,-0.0769,0.2684,0.0,0.0
85.533,177.4,-3.451,2.7825,-1.7527,-0.019,-0.01,480,8,100,283,0.2407,0.2209,STOP,PolygonStop,0.2684,-0.0769,0.2684,0.0,0.0
85.633,177.5,-3.451,2.7825,-1.7527,-0.019,-0.01,480,8,100,283,0.2407,0.2209,STOP,PolygonStop,0.2684,-0.0769,0.2684,0.0,0.0
85.733,177.6,-3.451,2.7825,-1.7527,-0.019,-0.01,480,8,100,283,0.2407,0.2209,STOP,PolygonStop,0.2684,-0.0769,0.2684,0.0,0.0
85.837,177.7,-3.451,2.7825,-1.7527,-0.019,-0.01,480,8,100,283,0.2407,0.2209,STOP,PolygonStop,0.2684,-0.0769,0.2684,0.0,0.0
85.933,177.8,-3.451,2.7825,-1.7527,-0.019,-0.01,480,8,100,283,0.2407,0.2209,STOP,PolygonStop,0.2684,-0.0769,0.2684,0.0,0.0
86.036,177.9,-3.451,2.7825,-1.7527,-0.019,-0.01,480,8,100,283,0.2407,0.2209,STOP,PolygonStop,0.0,0.0,0.1434,0.0,0.0
86.137,178.0,-3.451,2.7825,-1.7527,-0.019,-0.01,480,8,100,283,0.2407,0.2209,STOP,PolygonStop,0.2684,-0.0769,0.1434,0.0,0.0
86.242,178.1,-3.451,2.7825,-1.7527,-0.019,-0.01,480,8,100,283,0.2407,0.2209,STOP,PolygonStop,0.2684,-0.0769,0.2684,0.0,0.0
86.354,178.2,-3.451,2.7825,-1.7527,-0.019,-0.01,480,8,100,283,0.2407,0.2209,STOP,PolygonStop,0.2684,-0.0769,0.2684,0.0,0.0
86.442,178.3,-3.451,2.7825,-1.7527,-0.019,-0.01,480,8,100,283,0.2407,0.2209,STOP,PolygonStop,0.2684,-0.0769,0.2684,0.0,0.0
86.558,178.4,-3.451,2.7825,-1.7527,-0.019,-0.01,480,8,100,283,0.2407,0.2209,STOP,PolygonStop,0.2684,-0.0769,0.2684,0.0,0.0
86.641,178.5,-3.451,2.7825,-1.7527,-0.019,-0.01,480,8,100,283,0.2407,0.2209,STOP,PolygonStop,0.2684,-0.0769,0.2684,0.0,0.0
86.752,178.6,-3.451,2.7825,-1.7527,-0.019,-0.01,480,8,100,283,0.2407,0.2209,STOP,PolygonStop,0.2684,-0.0769,0.2684,0.0,0.0
86.851,178.7,-3.451,2.7825,-1.7527,-0.019,-0.01,480,8,100,283,0.2407,0.2209,STOP,PolygonStop,0.2684,-0.0769,0.2684,0.0,0.0
86.96,178.8,-3.451,2.7825,-1.7527,-0.019,-0.01,480,8,100,283,0.2407,0.2209,STOP,PolygonStop,0.2684,-0.0769,0.2684,0.0,0.0
87.064,178.9,-3.451,2.7825,-1.7527,-0.019,-0.01,480,8,100,283,0.2407,0.2209,STOP,PolygonStop,0.2684,-0.0769,0.2684,0.0,0.0
87.175,179.0,-3.451,2.7825,-1.7527,-0.019,-0.01,480,8,100,283,0.2407,0.2209,STOP,PolygonStop,0.2684,-0.0769,0.2684,0.0,0.0
87.271,179.1,-3.451,2.7825,-1.7527,-0.019,-0.01,480,8,100,283,0.2407,0.2209,STOP,PolygonStop,0.2684,-0.0769,0.2684,0.0,0.0
87.382,179.2,-3.451,2.7825,-1.7527,-0.019,-0.01,480,8,100,283,0.2407,0.2209,STOP,PolygonStop,0.2684,-0.0769,0.2684,0.0,0.0
87.475,179.3,-3.451,2.7825,-1.7527,-0.019,-0.01,480,8,100,283,0.2407,0.2209,STOP,PolygonStop,0.2684,-0.0769,0.2684,0.0,0.0
87.577,179.4,-3.451,2.7825,-1.7527,-0.019,-0.01,480,8,100,283,0.2407,0.2209,STOP,PolygonStop,0.2684,-0.0769,0.2684,0.0,0.0
87.68,179.5,-3.451,2.7825,-1.7527,-0.019,-0.01,480,8,100,283,0.2407,0.2209,STOP,PolygonStop,0.2684,-0.0769,0.2684,0.0,0.0
87.775,179.6,-3.451,2.7825,-1.7527,-0.019,-0.01,480,8,100,283,0.2407,0.2209,STOP,PolygonStop,0.2684,-0.0769,0.2684,0.0,0.0
87.876,179.7,-3.451,2.7825,-1.7527,-0.019,-0.01,480,8,100,283,0.2407,0.2209,STOP,PolygonStop,0.2684,-0.0769,0.2684,0.0,0.0
87.978,179.8,-3.451,2.7825,-1.7527,-0.019,-0.01,480,8,100,283,0.2407,0.2209,STOP,PolygonStop,0.2684,-0.0769,0.2684,0.0,0.0
88.075,179.9,-3.451,2.7825,-1.7527,-0.019,-0.01,480,8,100,283,0.2407,0.2209,STOP,PolygonStop,0.2684,-0.0769,0.2684,0.0,0.0
88.176,180.0,-3.451,2.7825,-1.7527,-0.019,-0.01,480,8,100,283,0.2407,0.2209,STOP,PolygonStop,0.2684,-0.0769,0.2684,0.0,0.0
88.276,180.1,-3.451,2.7825,-1.7527,-0.019,-0.01,480,8,100,283,0.2407,0.2209,STOP,PolygonStop,0.2684,-0.0769,0.2684,0.0,0.0
88.376,180.2,-3.451,2.7825,-1.7527,-0.019,-0.01,480,8,100,283,0.2407,0.2209,STOP,PolygonStop,0.2684,-0.0769,0.2684,0.0,0.0
88.503,180.3,-3.451,2.7825,-1.7527,-0.019,-0.01,480,8,100,283,0.2407,0.2209,STOP,PolygonStop,0.2684,-0.0769,0.2684,0.0,0.0
88.646,180.4,-3.451,2.7825,-1.7527,-0.019,-0.01,480,8,100,283,0.2407,0.2209,STOP,PolygonStop,0.2684,-0.0769,0.2684,0.0,0.0
88.716,180.5,-3.451,2.7825,-1.7527,-0.019,-0.01,480,8,100,283,0.2407,0.2209,STOP,PolygonStop,0.2684,-0.0769,0.2684,0.0,0.0
88.825,180.6,-3.451,2.7825,-1.7527,-0.019,-0.01,480,8,100,283,0.2407,0.2209,STOP,PolygonStop,0.2684,-0.0769,0.2684,0.0,0.0
88.916,180.7,-3.451,2.7825,-1.7527,-0.019,-0.01,480,8,100,283,0.2407,0.2209,STOP,PolygonStop,0.2684,-0.0769,0.2684,0.0,0.0
89.019,180.8,-3.451,2.7825,-1.7527,-0.019,-0.01,480,8,100,283,0.2407,0.2209,STOP,PolygonStop,0.2684,-0.0769,0.2684,0.0,0.0
89.117,180.9,-3.451,2.7825,-1.7527,-0.019,-0.01,480,8,100,283,0.2407,0.2209,STOP,PolygonStop,0.2684,-0.0769,0.2684,0.0,0.0
89.217,181.0,-3.451,2.7825,-1.7527,-0.019,-0.01,480,8,100,283,0.2407,0.2209,STOP,PolygonStop,0.2684,-0.0769,0.2684,0.0,0.0
89.319,181.1,-3.451,2.7825,-1.7527,-0.019,-0.01,480,8,100,283,0.2407,0.2209,STOP,PolygonStop,0.2684,-0.0769,0.2684,0.0,0.0
89.416,181.2,-3.451,2.7825,-1.7527,-0.019,-0.01,480,8,100,283,0.2407,0.2209,STOP,PolygonStop,0.2684,-0.0769,0.2684,0.0,0.0
89.521,181.3,-3.451,2.7825,-1.7527,-0.019,-0.01,480,8,100,283,0.2407,0.2209,STOP,PolygonStop,0.2684,-0.0769,0.2684,0.0,0.0
89.62,181.4,-3.451,2.7825,-1.7527,-0.019,-0.01,480,8,100,283,0.2407,0.2209,STOP,PolygonStop,0.2684,-0.0769,0.2684,0.0,0.0
89.733,181.5,-3.451,2.7825,-1.7527,-0.019,-0.01,480,8,100,283,0.2407,0.2209,STOP,PolygonStop,0.2684,-0.0769,0.2684,0.0,0.0
89.821,181.6,-3.451,2.7825,-1.7527,-0.019,-0.01,480,8,100,283,0.2407,0.2209,STOP,PolygonStop,0.2684,-0.0769,0.2684,0.0,0.0
89.93,181.7,-3.451,2.7825,-1.7527,-0.019,-0.01,480,8,100,283,0.2407,0.2209,STOP,PolygonStop,0.2684,-0.0769,0.2684,0.0,0.0
90.02,181.8,-3.451,2.7825,-1.7527,-0.019,-0.01,480,8,100,283,0.2407,0.2209,STOP,PolygonStop,0.2684,-0.0769,0.2684,0.0,0.0
90.123,181.9,-3.451,2.7825,-1.7527,-0.019,-0.01,480,8,100,283,0.2407,0.2209,STOP,PolygonStop,0.2684,-0.0769,0.2684,0.0,0.0
90.221,182.0,-3.451,2.7825,-1.7527,-0.019,-0.01,480,8,100,283,0.2407,0.2209,STOP,PolygonStop,0.2684,-0.0769,0.2684,0.0,0.0
90.323,182.1,-3.451,2.7825,-1.7527,-0.019,-0.01,480,8,100,283,0.2407,0.2209,STOP,PolygonStop,0.2684,-0.0769,0.2684,0.0,0.0
90.42,182.2,-3.451,2.7825,-1.7527,-0.019,-0.01,480,8,100,283,0.2407,0.2209,STOP,PolygonStop,0.2684,-0.0769,0.2684,0.0,0.0
90.527,182.3,-3.451,2.7825,-1.7527,-0.019,-0.01,480,8,100,283,0.2407,0.2209,STOP,PolygonStop,0.2684,-0.0769,0.2684,0.0,0.0
90.623,182.4,-3.451,2.7825,-1.7527,-0.019,-0.01,480,8,100,283,0.2407,0.2209,STOP,PolygonStop,0.2684,-0.0769,0.2684,0.0,0.0
90.724,182.5,-3.451,2.7825,-1.7527,-0.019,-0.01,480,8,100,283,0.2407,0.2209,STOP,PolygonStop,0.2684,-0.0769,0.2684,0.0,0.0
90.823,182.6,-3.451,2.7825,-1.7527,-0.019,-0.01,480,8,100,283,0.2407,0.2209,STOP,PolygonStop,0.2684,-0.0769,0.2684,0.0,0.0
90.924,182.7,-3.451,2.7825,-1.7527,-0.019,-0.01,480,8,100,283,0.2407,0.2209,STOP,PolygonStop,0.2684,-0.0769,0.2684,0.0,0.0
91.02,182.8,-3.451,2.7825,-1.7527,-0.019,-0.01,480,8,100,283,0.2407,0.2209,STOP,PolygonStop,0.2684,-0.0769,0.2684,0.0,0.0
91.121,182.9,-3.451,2.7825,-1.7527,-0.019,-0.01,480,8,100,283,0.2407,0.2209,STOP,PolygonStop,0.2684,-0.0769,0.2684,0.0,0.0
91.223,183.0,-3.451,2.7825,-1.7527,-0.019,-0.01,480,8,100,283,0.2407,0.2209,STOP,PolygonStop,0.2684,-0.0769,0.2684,0.0,0.0
91.319,183.1,-3.451,2.7825,-1.7527,-0.019,-0.01,480,8,100,283,0.2407,0.2209,STOP,PolygonStop,0.2684,-0.0769,0.2684,0.0,0.0
91.423,183.2,-3.451,2.7825,-1.7527,-0.019,-0.01,480,8,100,283,0.2407,0.2209,STOP,PolygonStop,0.2684,-0.0769,0.2684,0.0,0.0
91.529,183.3,-3.451,2.7825,-1.7527,-0.019,-0.01,480,8,100,283,0.2407,0.2209,STOP,PolygonStop,0.2684,-0.0769,0.2684,0.0,0.0
91.623,183.4,-3.451,2.7825,-1.7527,-0.019,-0.01,480,8,100,283,0.2407,0.2209,STOP,PolygonStop,0.2684,-0.0769,0.2684,0.0,0.0
91.72,183.5,-3.451,2.7825,-1.7527,-0.019,-0.01,480,8,100,283,0.2407,0.2209,STOP,PolygonStop,0.2684,-0.0769,0.2684,0.0,0.0
91.821,183.6,-3.451,2.7825,-1.7527,-0.019,-0.01,480,8,100,283,0.2407,0.2209,STOP,PolygonStop,0.2684,-0.0769,0.2684,0.0,0.0
91.92,183.7,-3.451,2.7825,-1.7527,-0.019,-0.01,480,8,100,283,0.2407,0.2209,STOP,PolygonStop,0.2684,-0.0769,0.2684,0.0,0.0
92.023,183.8,-3.451,2.7825,-1.7527,-0.019,-0.01,480,8,100,283,0.2407,0.2209,STOP,PolygonStop,0.2684,-0.0769,0.2684,0.0,0.0
92.121,183.9,-3.451,2.7825,-1.7527,-0.019,-0.01,480,8,100,283,0.2407,0.2209,STOP,PolygonStop,0.2684,-0.0769,0.2684,0.0,0.0
92.219,184.0,-3.451,2.7825,-1.7527,-0.019,-0.01,480,8,100,283,0.2407,0.2209,STOP,PolygonStop,0.2684,-0.0769,0.2684,0.0,0.0
92.323,184.1,-3.451,2.7825,-1.7527,-0.019,-0.01,480,8,100,283,0.2407,0.2209,STOP,PolygonStop,0.2684,-0.0769,0.2684,0.0,0.0
92.423,184.2,-3.451,2.7825,-1.7527,-0.019,-0.01,480,8,100,283,0.2407,0.2209,STOP,PolygonStop,0.2684,-0.0769,0.2684,0.0,0.0
92.521,184.3,-3.451,2.7825,-1.7527,-0.019,-0.01,480,8,100,283,0.2407,0.2209,STOP,PolygonStop,0.2684,-0.0769,0.2684,0.0,0.0
92.621,184.4,-3.451,2.7825,-1.7527,-0.019,-0.01,480,8,100,283,0.2407,0.2209,STOP,PolygonStop,0.2684,-0.0769,0.2684,0.0,0.0
92.723,184.5,-3.451,2.7825,-1.7527,-0.019,-0.01,480,8,100,283,0.2407,0.2209,STOP,PolygonStop,0.2684,-0.0769,0.2684,0.0,0.0
92.823,184.6,-3.451,2.7825,-1.7527,-0.019,-0.01,480,8,100,283,0.2407,0.2209,STOP,PolygonStop,0.2684,-0.0769,0.2684,0.0,0.0
92.924,184.7,-3.451,2.7825,-1.7527,-0.019,-0.01,480,8,100,283,0.2407,0.2209,STOP,PolygonStop,0.2684,-0.0769,0.2684,0.0,0.0
93.03,184.8,-3.451,2.7825,-1.7527,-0.019,-0.01,480,8,100,283,0.2407,0.2209,STOP,PolygonStop,0.2684,-0.0769,0.2684,0.0,0.0
93.123,184.9,-3.451,2.7825,-1.7527,-0.019,-0.01,480,8,100,283,0.2407,0.2209,STOP,PolygonStop,0.2684,-0.0769,0.2684,0.0,0.0
93.231,185.0,-3.451,2.7825,-1.7527,-0.019,-0.01,480,8,100,283,0.2407,0.2209,STOP,PolygonStop,0.2684,-0.0769,0.2684,0.0,0.0
93.323,185.1,-3.451,2.7825,-1.7527,-0.019,-0.01,480,8,100,283,0.2407,0.2209,STOP,PolygonStop,0.2684,-0.0769,0.2684,0.0,0.0
93.431,185.2,-3.451,2.7825,-1.7527,-0.019,-0.01,480,8,100,283,0.2407,0.2209,STOP,PolygonStop,0.2684,-0.0769,0.2684,0.0,0.0
93.536,185.3,-3.451,2.7825,-1.7527,-0.019,-0.01,480,8,100,283,0.2407,0.2209,STOP,PolygonStop,0.2684,-0.0769,0.2684,0.0,0.0
93.633,185.4,-3.451,2.7825,-1.7527,-0.019,-0.01,480,8,100,283,0.2407,0.2209,STOP,PolygonStop,0.2684,-0.0769,0.2684,0.0,0.0
93.73,185.5,-3.451,2.7825,-1.7527,-0.019,-0.01,480,8,100,283,0.2407,0.2209,STOP,PolygonStop,0.2684,-0.0769,0.2684,0.0,0.0
93.832,185.6,-3.451,2.7825,-1.7527,-0.019,-0.01,480,8,100,283,0.2407,0.2209,STOP,PolygonStop,0.2684,-0.0769,0.2684,0.0,0.0
93.933,185.7,-3.451,2.7825,-1.7527,-0.019,-0.01,480,8,100,283,0.2407,0.2209,STOP,PolygonStop,0.2684,-0.0769,0.2684,0.0,0.0
94.031,185.8,-3.451,2.7825,-1.7527,-0.019,-0.01,480,8,100,283,0.2407,0.2209,STOP,PolygonStop,0.2684,-0.0769,0.2684,0.0,0.0
94.135,185.9,-3.451,2.7825,-1.7527,-0.019,-0.01,480,8,100,283,0.2407,0.2209,STOP,PolygonStop,0.2684,-0.0769,0.2684,0.0,0.0
94.253,186.0,-3.451,2.7825,-1.7527,-0.019,-0.01,480,8,100,283,0.2407,0.2209,STOP,PolygonStop,0.2684,-0.0769,0.2684,0.0,0.0
94.347,186.1,-3.451,2.7825,-1.7527,-0.019,-0.01,480,8,100,283,0.2407,0.2209,STOP,PolygonStop,0.2684,-0.0769,0.2684,0.0,0.0
94.454,186.2,-3.451,2.7825,-1.7527,-0.019,-0.01,480,8,100,283,0.2407,0.2209,STOP,PolygonStop,0.2684,-0.0769,0.2684,0.0,0.0
94.551,186.3,-3.451,2.7825,-1.7527,-0.019,-0.01,480,8,100,283,0.2407,0.2209,STOP,PolygonStop,0.2684,-0.0769,0.2684,0.0,0.0
94.645,186.4,-3.451,2.7825,-1.7527,-0.019,-0.01,480,8,100,283,0.2407,0.2209,STOP,PolygonStop,0.2684,-0.0769,0.2684,0.0,0.0
94.751,186.5,-3.451,2.7825,-1.7527,-0.019,-0.01,480,8,100,283,0.2407,0.2209,STOP,PolygonStop,0.2684,-0.0769,0.2684,0.0,0.0
94.855,186.6,-3.451,2.7825,-1.7527,-0.019,-0.01,480,8,100,283,0.2407,0.2209,STOP,PolygonStop,0.2684,-0.0769,0.2684,0.0,0.0
94.942,186.7,-3.451,2.7825,-1.7527,-0.019,-0.01,480,8,100,283,0.2407,0.2209,STOP,PolygonStop,0.2684,-0.0769,0.2684,0.0,0.0
95.044,186.8,-3.451,2.7825,-1.7527,-0.019,-0.01,480,8,100,283,0.2407,0.2209,STOP,PolygonStop,0.2684,-0.0769,0.2684,0.0,0.0
95.145,186.9,-3.451,2.7825,-1.7527,-0.019,-0.01,480,8,100,283,0.2407,0.2209,STOP,PolygonStop,0.2684,-0.0769,0.2684,0.0,0.0
95.248,187.0,-3.451,2.7825,-1.7527,-0.019,-0.01,480,8,100,283,0.2407,0.2209,STOP,PolygonStop,0.2684,-0.0769,0.2684,0.0,0.0
95.343,187.1,-3.451,2.7825,-1.7527,-0.019,-0.01,480,8,100,283,0.2407,0.2209,STOP,PolygonStop,0.2684,-0.0769,0.2684,0.0,0.0
95.445,187.2,-3.451,2.7825,-1.7527,-0.019,-0.01,480,8,100,283,0.2407,0.2209,STOP,PolygonStop,0.2684,-0.0769,0.2684,0.0,0.0
95.543,187.3,-3.451,2.7825,-1.7527,-0.019,-0.01,480,8,100,283,0.2407,0.2209,STOP,PolygonStop,0.2684,-0.0769,0.2684,0.0,0.0
95.642,187.4,-3.451,2.7825,-1.7527,-0.019,-0.01,480,8,100,283,0.2407,0.2209,STOP,PolygonStop,0.2684,-0.0769,0.2684,0.0,0.0
95.742,187.5,-3.451,2.7825,-1.7527,-0.019,-0.01,480,8,100,283,0.2407,0.2209,STOP,PolygonStop,0.2684,-0.0769,0.2684,0.0,0.0
95.842,187.6,-3.451,2.7825,-1.7527,-0.019,-0.01,480,8,100,283,0.2407,0.2209,STOP,PolygonStop,0.2684,-0.0769,0.2684,0.0,0.0
95.944,187.7,-3.451,2.7825,-1.7527,-0.019,-0.01,480,8,100,283,0.2407,0.2209,STOP,PolygonStop,0.2684,-0.0769,0.2684,0.0,0.0
96.044,187.8,-3.451,2.7825,-1.7527,-0.019,-0.01,480,8,100,283,0.2407,0.2209,STOP,PolygonStop,0.2684,-0.0769,0.2684,0.0,0.0
96.142,187.9,-3.451,2.7825,-1.7527,-0.019,-0.01,480,8,100,283,0.2407,0.2209,STOP,PolygonStop,0.2684,-0.0769,0.2684,0.0,0.0
96.243,188.0,-3.451,2.7825,-1.7527,-0.019,-0.01,480,8,100,283,0.2407,0.2209,STOP,PolygonStop,0.0,0.0,0.1434,0.0,0.0
96.356,188.1,-3.451,2.7825,-1.7527,-0.019,-0.01,480,8,100,283,0.2407,0.2209,STOP,PolygonStop,0.0,0.0,0.0,0.0,0.0
96.444,188.2,-3.451,2.7825,-1.7527,-0.019,-0.01,480,8,100,283,0.2407,0.2209,STOP,PolygonStop,0.2684,-0.0769,0.125,0.0,0.0
96.556,188.3,-3.451,2.7825,-1.7527,-0.019,-0.01,480,8,100,283,0.2407,0.2209,STOP,PolygonStop,0.2684,-0.0769,0.2684,0.0,0.0
96.642,188.4,-3.451,2.7825,-1.7527,-0.019,-0.01,480,8,100,283,0.2407,0.2209,STOP,PolygonStop,0.2684,-0.0769,0.2684,0.0,0.0
96.75,188.5,-3.451,2.7825,-1.7527,-0.019,-0.01,480,8,100,283,0.2407,0.2209,STOP,PolygonStop,0.2684,-0.0769,0.2684,0.0,0.0
96.85,188.6,-3.451,2.7825,-1.7527,-0.019,-0.01,480,8,100,283,0.2407,0.2209,STOP,PolygonStop,0.2684,-0.0769,0.2684,0.0,0.0
96.949,188.7,-3.451,2.7825,-1.7527,-0.019,-0.01,480,8,100,283,0.2407,0.2209,STOP,PolygonStop,0.2684,-0.0769,0.2684,0.0,0.0
97.046,188.8,-3.451,2.7825,-1.7527,-0.019,-0.01,480,8,100,283,0.2407,0.2209,STOP,PolygonStop,0.2684,-0.0769,0.2684,0.0,0.0
97.149,188.9,-3.451,2.7825,-1.7527,-0.019,-0.01,480,8,100,283,0.2407,0.2209,STOP,PolygonStop,0.2684,-0.0769,0.2684,0.0,0.0
97.247,189.0,-3.451,2.7825,-1.7527,-0.019,-0.01,480,8,100,283,0.2407,0.2209,STOP,PolygonStop,0.2684,-0.0769,0.2684,0.0,0.0
97.348,189.1,-3.451,2.7825,-1.7527,-0.019,-0.01,480,8,100,283,0.2407,0.2209,STOP,PolygonStop,0.2684,-0.0769,0.2684,0.0,0.0
97.448,189.2,-3.451,2.7825,-1.7527,-0.019,-0.01,480,8,100,283,0.2407,0.2209,STOP,PolygonStop,0.2684,-0.0769,0.2684,0.0,0.0
97.547,189.3,-3.451,2.7825,-1.7527,-0.019,-0.01,480,8,100,283,0.2407,0.2209,STOP,PolygonStop,0.2684,-0.0769,0.2684,0.0,0.0
97.645,189.4,-3.451,2.7825,-1.7527,-0.019,-0.01,480,8,100,283,0.2407,0.2209,STOP,PolygonStop,0.2684,-0.0769,0.2684,0.0,0.0
97.749,189.5,-3.451,2.7825,-1.7527,-0.019,-0.01,480,8,100,283,0.2407,0.2209,STOP,PolygonStop,0.2684,-0.0769,0.2684,0.0,0.0
97.846,189.6,-3.451,2.7825,-1.7527,-0.019,-0.01,480,8,100,283,0.2407,0.2209,STOP,PolygonStop,0.2684,-0.0769,0.2684,0.0,0.0
97.946,189.7,-3.451,2.7825,-1.7527,-0.019,-0.01,480,8,100,283,0.2407,0.2209,STOP,PolygonStop,0.2684,-0.0769,0.2684,0.0,0.0
98.046,189.8,-3.451,2.7825,-1.7527,-0.019,-0.01,480,8,100,283,0.2407,0.2209,STOP,PolygonStop,0.2684,-0.0769,0.2684,0.0,0.0
98.151,189.9,-3.451,2.7825,-1.7527,-0.019,-0.01,480,8,100,283,0.2407,0.2209,STOP,PolygonStop,0.2684,-0.0769,0.2684,0.0,0.0
98.247,190.0,-3.451,2.7825,-1.7527,-0.019,-0.01,480,8,100,283,0.2407,0.2209,STOP,PolygonStop,0.2684,-0.0769,0.2684,0.0,0.0
98.35,190.1,-3.451,2.7825,-1.7527,-0.019,-0.01,480,8,100,283,0.2407,0.2209,STOP,PolygonStop,0.2684,-0.0769,0.2684,0.0,0.0
98.448,190.2,-3.451,2.7825,-1.7527,-0.019,-0.01,480,8,100,283,0.2407,0.2209,STOP,PolygonStop,0.2684,-0.0769,0.2684,0.0,0.0
98.551,190.3,-3.451,2.7825,-1.7527,-0.019,-0.01,480,8,100,283,0.2407,0.2209,STOP,PolygonStop,0.2684,-0.0769,0.2684,0.0,0.0
98.648,190.4,-3.451,2.7825,-1.7527,-0.019,-0.01,480,8,100,283,0.2407,0.2209,STOP,PolygonStop,0.2684,-0.0769,0.2684,0.0,0.0
98.748,190.5,-3.451,2.7825,-1.7527,-0.019,-0.01,480,8,100,283,0.2407,0.2209,STOP,PolygonStop,0.2684,-0.0769,0.2684,0.0,0.0
98.849,190.6,-3.451,2.7825,-1.7527,-0.019,-0.01,480,8,100,283,0.2407,0.2209,STOP,PolygonStop,0.2684,-0.0769,0.2684,0.0,0.0
98.949,190.7,-3.451,2.7825,-1.7527,-0.019,-0.01,480,8,100,283,0.2407,0.2209,STOP,PolygonStop,0.2684,-0.0769,0.2684,0.0,0.0
99.049,190.8,-3.451,2.7825,-1.7527,-0.019,-0.01,480,8,100,283,0.2407,0.2209,STOP,PolygonStop,0.2684,-0.0769,0.2684,0.0,0.0
99.148,190.9,-3.451,2.7825,-1.7527,-0.019,-0.01,480,8,100,283,0.2407,0.2209,STOP,PolygonStop,0.2684,-0.0769,0.2684,0.0,0.0
99.259,191.0,-3.451,2.7825,-1.7527,-0.019,-0.01,480,8,100,283,0.2407,0.2209,STOP,PolygonStop,0.2684,-0.0769,0.2684,0.0,0.0
99.358,191.1,-3.451,2.7825,-1.7527,-0.019,-0.01,480,8,100,283,0.2407,0.2209,STOP,PolygonStop,0.2684,-0.0769,0.2684,0.0,0.0
99.459,191.2,-3.451,2.7825,-1.7527,-0.019,-0.01,480,8,100,283,0.2407,0.2209,STOP,PolygonStop,0.2684,-0.0769,0.2684,0.0,0.0
99.562,191.3,-3.451,2.7825,-1.7527,-0.019,-0.01,480,8,100,283,0.2407,0.2209,STOP,PolygonStop,0.2684,-0.0769,0.2684,0.0,0.0
99.671,191.4,-3.451,2.7825,-1.7527,-0.019,-0.01,480,8,100,283,0.2407,0.2209,STOP,PolygonStop,0.2684,-0.0769,0.2684,0.0,0.0
99.761,191.5,-3.451,2.7825,-1.7527,-0.019,-0.01,480,8,100,283,0.2407,0.2209,STOP,PolygonStop,0.2684,-0.0769,0.2684,0.0,0.0
99.868,191.6,-3.451,2.7825,-1.7527,-0.019,-0.01,480,8,100,283,0.2407,0.2209,STOP,PolygonStop,0.2684,-0.0769,0.2684,0.0,0.0
99.961,191.7,-3.451,2.7825,-1.7527,-0.019,-0.01,480,8,100,283,0.2407,0.2209,STOP,PolygonStop,0.2684,-0.0769,0.2684,0.0,0.0
100.076,191.8,-3.451,2.7825,-1.7527,-0.019,-0.01,480,8,100,283,0.2407,0.2209,STOP,PolygonStop,0.2684,-0.0769,0.2684,0.0,0.0
100.175,191.9,-3.451,2.7825,-1.7527,-0.019,-0.01,480,8,100,283,0.2407,0.2209,STOP,PolygonStop,0.2684,-0.0769,0.2684,0.0,0.0
100.29,192.0,-3.451,2.7825,-1.7527,-0.019,-0.01,480,8,100,283,0.2407,0.2209,STOP,PolygonStop,0.2684,-0.0769,0.2684,0.0,0.0
100.385,192.1,-3.451,2.7825,-1.7527,-0.019,-0.01,480,8,100,283,0.2407,0.2209,STOP,PolygonStop,0.2684,-0.0769,0.2684,0.0,0.0
100.489,192.2,-3.451,2.7825,-1.7527,-0.019,-0.01,480,8,100,283,0.2407,0.2209,STOP,PolygonStop,0.2684,-0.0769,0.2684,0.0,0.0
100.593,192.3,-3.451,2.7825,-1.7527,-0.019,-0.01,480,8,100,283,0.2407,0.2209,STOP,PolygonStop,0.2684,-0.0769,0.2684,0.0,0.0
100.692,192.4,-3.451,2.7825,-1.7527,-0.019,-0.01,480,8,100,283,0.2407,0.2209,STOP,PolygonStop,0.2684,-0.0769,0.2684,0.0,0.0
100.791,192.5,-3.451,2.7825,-1.7527,-0.019,-0.01,480,8,100,283,0.2407,0.2209,STOP,PolygonStop,0.2684,-0.0769,0.2684,0.0,0.0
100.893,192.6,-3.451,2.7825,-1.7527,-0.019,-0.01,480,8,100,283,0.2407,0.2209,STOP,PolygonStop,0.2684,-0.0769,0.2684,0.0,0.0
100.991,192.7,-3.451,2.7825,-1.7527,-0.019,-0.01,480,8,100,283,0.2407,0.2209,STOP,PolygonStop,0.2684,-0.0769,0.2684,0.0,0.0
101.091,192.8,-3.451,2.7825,-1.7527,-0.019,-0.01,480,8,100,283,0.2407,0.2209,STOP,PolygonStop,0.2684,-0.0769,0.2684,0.0,0.0
101.189,192.9,-3.451,2.7825,-1.7527,-0.019,-0.01,480,8,100,283,0.2407,0.2209,STOP,PolygonStop,0.2684,-0.0769,0.2684,0.0,0.0
101.292,193.0,-3.451,2.7825,-1.7527,-0.019,-0.01,480,8,100,283,0.2407,0.2209,STOP,PolygonStop,0.2684,-0.0769,0.2684,0.0,0.0
101.396,193.1,-3.451,2.7825,-1.7527,-0.019,-0.01,480,8,100,283,0.2407,0.2209,STOP,PolygonStop,0.2684,-0.0769,0.2684,0.0,0.0
101.5,193.2,-3.451,2.7825,-1.7527,-0.019,-0.01,480,8,100,283,0.2407,0.2209,STOP,PolygonStop,0.2684,-0.0769,0.2684,0.0,0.0
101.59,193.3,-3.451,2.7825,-1.7527,-0.019,-0.01,480,8,100,283,0.2407,0.2209,STOP,PolygonStop,0.2684,-0.0769,0.2684,0.0,0.0
101.69,193.4,-3.451,2.7825,-1.7527,-0.019,-0.01,480,8,100,283,0.2407,0.2209,STOP,PolygonStop,0.2684,-0.0769,0.2684,0.0,0.0
101.791,193.5,-3.451,2.7825,-1.7527,-0.019,-0.01,480,8,100,283,0.2407,0.2209,STOP,PolygonStop,0.2684,-0.0769,0.2684,0.0,0.0
101.891,193.6,-3.451,2.7825,-1.7527,-0.019,-0.01,480,8,100,283,0.2407,0.2209,STOP,PolygonStop,0.2684,-0.0769,0.2684,0.0,0.0
101.99,193.7,-3.451,2.7825,-1.7527,-0.019,-0.01,480,8,100,283,0.2407,0.2209,STOP,PolygonStop,0.2684,-0.0769,0.2684,0.0,0.0
102.09,193.8,-3.451,2.7825,-1.7527,-0.019,-0.01,480,8,100,283,0.2407,0.2209,STOP,PolygonStop,0.2684,-0.0769,0.2684,0.0,0.0
102.19,193.9,-3.451,2.7825,-1.7527,-0.019,-0.01,480,8,100,283,0.2407,0.2209,STOP,PolygonStop,0.2684,-0.0769,0.2684,0.0,0.0
102.296,194.0,-3.451,2.7825,-1.7527,-0.019,-0.01,480,8,100,283,0.2407,0.2209,STOP,PolygonStop,0.2684,-0.0769,0.2684,0.0,0.0
102.395,194.1,-3.451,2.7825,-1.7527,-0.019,-0.01,480,8,100,283,0.2407,0.2209,STOP,PolygonStop,0.2684,-0.0769,0.2684,0.0,0.0
102.496,194.2,-3.451,2.7825,-1.7527,-0.019,-0.01,480,8,100,283,0.2407,0.2209,STOP,PolygonStop,0.2684,-0.0769,0.2684,0.0,0.0
102.595,194.3,-3.451,2.7825,-1.7527,-0.019,-0.01,480,8,100,283,0.2407,0.2209,STOP,PolygonStop,0.2684,-0.0769,0.2684,0.0,0.0
102.7,194.4,-3.451,2.7825,-1.7527,-0.019,-0.01,480,8,100,283,0.2407,0.2209,STOP,PolygonStop,0.2684,-0.0769,0.2684,0.0,0.0
102.813,194.5,-3.451,2.7825,-1.7527,-0.019,-0.01,480,8,100,283,0.2407,0.2209,STOP,PolygonStop,0.2684,-0.0769,0.2684,0.0,0.0
102.96,194.6,-3.451,2.7825,-1.7527,-0.019,-0.01,480,8,100,283,0.2407,0.2209,STOP,PolygonStop,0.2684,-0.0769,0.2684,0.0,0.0
103.044,194.7,-3.451,2.7825,-1.7527,-0.019,-0.01,480,8,100,283,0.2407,0.2209,STOP,PolygonStop,0.2684,-0.0769,0.2684,0.0,0.0
103.128,194.8,-3.451,2.7825,-1.7527,-0.019,-0.01,480,8,100,283,0.2407,0.2209,STOP,PolygonStop,0.2684,-0.0769,0.2684,0.0,0.0
103.234,194.9,-3.451,2.7825,-1.7527,-0.019,-0.01,480,8,100,283,0.2407,0.2209,STOP,PolygonStop,0.2684,-0.0769,0.2684,0.0,0.0
103.328,195.0,-3.451,2.7825,-1.7527,-0.019,-0.01,480,8,100,283,0.2407,0.2209,STOP,PolygonStop,0.2684,-0.0769,0.2684,0.0,0.0
103.432,195.1,-3.451,2.7825,-1.7527,-0.019,-0.01,480,8,100,283,0.2407,0.2209,STOP,PolygonStop,0.2684,-0.0769,0.2684,0.0,0.0
103.527,195.2,-3.451,2.7825,-1.7527,-0.019,-0.01,480,8,100,283,0.2407,0.2209,STOP,PolygonStop,0.2684,-0.0769,0.2684,0.0,0.0
103.631,195.3,-3.451,2.7825,-1.7527,-0.019,-0.01,480,8,100,283,0.2407,0.2209,STOP,PolygonStop,0.2684,-0.0769,0.2684,0.0,0.0
103.727,195.4,-3.451,2.7825,-1.7527,-0.019,-0.01,480,8,100,283,0.2407,0.2209,STOP,PolygonStop,0.2684,-0.0769,0.2684,0.0,0.0
103.832,195.5,-3.451,2.7825,-1.7527,-0.019,-0.01,480,8,100,283,0.2407,0.2209,STOP,PolygonStop,0.2684,-0.0769,0.2684,0.0,0.0
103.928,195.6,-3.451,2.7825,-1.7527,-0.019,-0.01,480,8,100,283,0.2407,0.2209,STOP,PolygonStop,0.2684,-0.0769,0.2684,0.0,0.0
104.027,195.7,-3.451,2.7825,-1.7527,-0.019,-0.01,480,8,100,283,0.2407,0.2209,STOP,PolygonStop,0.2684,-0.0769,0.2684,0.0,0.0
104.128,195.8,-3.451,2.7825,-1.7527,-0.019,-0.01,480,8,100,283,0.2407,0.2209,STOP,PolygonStop,0.2684,-0.0769,0.2684,0.0,0.0
104.228,195.9,-3.451,2.7825,-1.7527,-0.019,-0.01,480,8,100,283,0.2407,0.2209,STOP,PolygonStop,0.2684,-0.0769,0.2684,0.0,0.0
104.329,196.0,-3.451,2.7825,-1.7527,-0.019,-0.01,480,8,100,283,0.2407,0.2209,STOP,PolygonStop,0.2684,-0.0769,0.2684,0.0,0.0
104.427,196.1,-3.451,2.7825,-1.7527,-0.019,-0.01,480,8,100,283,0.2407,0.2209,STOP,PolygonStop,0.2684,-0.0769,0.2684,0.0,0.0
104.528,196.2,-3.451,2.7825,-1.7527,-0.019,-0.01,480,8,100,283,0.2407,0.2209,STOP,PolygonStop,0.2684,-0.0769,0.2684,0.0,0.0
104.628,196.3,-3.451,2.7825,-1.7527,-0.019,-0.01,480,8,100,283,0.2407,0.2209,STOP,PolygonStop,0.2684,-0.0769,0.2684,0.0,0.0
104.727,196.4,-3.451,2.7825,-1.7527,-0.019,-0.01,480,8,100,283,0.2407,0.2209,STOP,PolygonStop,0.2684,-0.0769,0.2684,0.0,0.0
104.829,196.5,-3.451,2.7825,-1.7527,-0.019,-0.01,480,8,100,283,0.2407,0.2209,STOP,PolygonStop,0.2684,-0.0769,0.2684,0.0,0.0
104.928,196.6,-3.451,2.7825,-1.7527,-0.019,-0.01,480,8,100,283,0.2407,0.2209,STOP,PolygonStop,0.2684,-0.0769,0.2684,0.0,0.0
105.027,196.7,-3.451,2.7825,-1.7527,-0.019,-0.01,480,8,100,283,0.2407,0.2209,STOP,PolygonStop,0.2684,-0.0769,0.2684,0.0,0.0
105.127,196.8,-3.451,2.7825,-1.7527,-0.019,-0.01,480,8,100,283,0.2407,0.2209,STOP,PolygonStop,0.2684,-0.0769,0.2684,0.0,0.0
105.229,196.9,-3.451,2.7825,-1.7527,-0.019,-0.01,480,8,100,283,0.2407,0.2209,STOP,PolygonStop,0.2684,-0.0769,0.2684,0.0,0.0
105.329,197.0,-3.451,2.7825,-1.7527,-0.019,-0.01,480,8,100,283,0.2407,0.2209,STOP,PolygonStop,0.2684,-0.0769,0.2684,0.0,0.0
105.427,197.1,-3.451,2.7825,-1.7527,-0.019,-0.01,480,8,100,283,0.2407,0.2209,STOP,PolygonStop,0.2684,-0.0769,0.2684,0.0,0.0
105.53,197.2,-3.451,2.7825,-1.7527,-0.019,-0.01,480,8,100,283,0.2407,0.2209,STOP,PolygonStop,0.2684,-0.0769,0.2684,0.0,0.0
105.63,197.3,-3.451,2.7825,-1.7527,-0.019,-0.01,480,8,100,283,0.2407,0.2209,STOP,PolygonStop,0.2684,-0.0769,0.2684,0.0,0.0
105.729,197.4,-3.451,2.7825,-1.7527,-0.019,-0.01,480,8,100,283,0.2407,0.2209,STOP,PolygonStop,0.2684,-0.0769,0.2684,0.0,0.0
105.829,197.5,-3.451,2.7825,-1.7527,-0.019,-0.01,480,8,100,283,0.2407,0.2209,STOP,PolygonStop,0.2684,-0.0769,0.2684,0.0,0.0
105.93,197.6,-3.451,2.7825,-1.7527,-0.019,-0.01,480,8,100,283,0.2407,0.2209,STOP,PolygonStop,0.2684,-0.0769,0.2684,0.0,0.0
106.027,197.7,-3.451,2.7825,-1.7527,-0.019,-0.01,480,8,100,283,0.2407,0.2209,STOP,PolygonStop,0.2684,-0.0769,0.2684,0.0,0.0
106.128,197.8,-3.451,2.7825,-1.7527,-0.019,-0.01,480,8,100,283,0.2407,0.2209,STOP,PolygonStop,0.2684,-0.0769,0.2684,0.0,0.0
106.229,197.9,-3.451,2.7825,-1.7527,-0.019,-0.01,480,8,100,283,0.2407,0.2209,STOP,PolygonStop,0.2684,-0.0769,0.2684,0.0,0.0
106.336,198.0,-3.451,2.7825,-1.7527,-0.019,-0.01,480,8,100,283,0.2407,0.2209,STOP,PolygonStop,0.2684,-0.0769,0.2684,0.0,0.0
106.428,198.1,-3.451,2.7825,-1.7527,-0.019,-0.01,480,8,100,283,0.2407,0.2209,STOP,PolygonStop,0.2684,-0.0769,0.2684,0.0,0.0
106.537,198.2,-3.451,2.7825,-1.7527,-0.019,-0.01,480,8,100,283,0.2407,0.2209,STOP,PolygonStop,0.0,0.0,0.1434,0.0,0.0
106.629,198.3,-3.451,2.7825,-1.7527,-0.019,-0.01,480,8,100,283,0.2407,0.2209,STOP,PolygonStop,0.0,0.0,0.0,0.0,0.0
106.731,198.4,-3.451,2.7825,-1.7527,-0.019,-0.01,480,8,100,283,0.2407,0.2209,STOP,PolygonStop,0.2684,-0.0769,0.125,0.0,0.0
106.834,198.5,-3.451,2.7825,-1.7527,-0.019,-0.01,480,8,100,283,0.2407,0.2209,STOP,PolygonStop,0.2684,-0.0769,0.2684,0.0,0.0
106.929,198.6,-3.451,2.7825,-1.7527,-0.019,-0.01,480,8,100,283,0.2407,0.2209,STOP,PolygonStop,0.2684,-0.0769,0.2684,0.0,0.0
107.029,198.7,-3.451,2.7825,-1.7527,-0.019,-0.01,480,8,100,283,0.2407,0.2209,STOP,PolygonStop,0.2684,-0.0769,0.2684,0.0,0.0
107.128,198.8,-3.451,2.7825,-1.7527,-0.019,-0.01,480,8,100,283,0.2407,0.2209,STOP,PolygonStop,0.2684,-0.0769,0.2684,0.0,0.0
107.228,198.9,-3.451,2.7825,-1.7527,-0.019,-0.01,480,8,100,283,0.2407,0.2209,STOP,PolygonStop,0.2684,-0.0769,0.2684,0.0,0.0
107.329,199.0,-3.451,2.7825,-1.7527,-0.019,-0.01,480,8,100,283,0.2407,0.2209,STOP,PolygonStop,0.2684,-0.0769,0.2684,0.0,0.0
107.427,199.1,-3.451,2.7825,-1.7527,-0.019,-0.01,480,8,100,283,0.2407,0.2209,STOP,PolygonStop,0.2684,-0.0769,0.2684,0.0,0.0
107.528,199.2,-3.451,2.7825,-1.7527,-0.019,-0.01,480,8,100,283,0.2407,0.2209,STOP,PolygonStop,0.2684,-0.0769,0.2684,0.0,0.0
107.628,199.3,-3.451,2.7825,-1.7527,-0.019,-0.01,480,8,100,283,0.2407,0.2209,STOP,PolygonStop,0.2684,-0.0769,0.2684,0.0,0.0
107.728,199.4,-3.451,2.7825,-1.7527,-0.019,-0.01,480,8,100,283,0.2407,0.2209,STOP,PolygonStop,0.2684,-0.0769,0.2684,0.0,0.0
107.827,199.5,-3.451,2.7825,-1.7527,-0.019,-0.01,480,8,100,283,0.2407,0.2209,STOP,PolygonStop,0.2684,-0.0769,0.2684,0.0,0.0
107.927,199.6,-3.451,2.7825,-1.7527,-0.019,-0.01,480,8,100,283,0.2407,0.2209,STOP,PolygonStop,0.2684,-0.0769,0.2684,0.0,0.0
108.029,199.7,-3.451,2.7825,-1.7527,-0.019,-0.01,480,8,100,283,0.2407,0.2209,STOP,PolygonStop,0.2684,-0.0769,0.2684,0.0,0.0
108.128,199.8,-3.451,2.7825,-1.7527,-0.019,-0.01,480,8,100,283,0.2407,0.2209,STOP,PolygonStop,0.2684,-0.0769,0.2684,0.0,0.0
108.227,199.9,-3.451,2.7825,-1.7527,-0.019,-0.01,480,8,100,283,0.2407,0.2209,STOP,PolygonStop,0.2684,-0.0769,0.2684,0.0,0.0
108.328,200.0,-3.451,2.7825,-1.7527,-0.019,-0.01,480,8,100,283,0.2407,0.2209,STOP,PolygonStop,0.2684,-0.0769,0.2684,0.0,0.0
108.428,200.1,-3.451,2.7825,-1.7527,-0.019,-0.01,480,8,100,283,0.2407,0.2209,STOP,PolygonStop,0.2684,-0.0769,0.2684,0.0,0.0
108.529,200.2,-3.451,2.7825,-1.7527,-0.019,-0.01,480,8,100,283,0.2407,0.2209,STOP,PolygonStop,0.2684,-0.0769,0.2684,0.0,0.0
108.629,200.3,-3.451,2.7825,-1.7527,-0.019,-0.01,480,8,100,283,0.2407,0.2209,STOP,PolygonStop,0.2684,-0.0769,0.2684,0.0,0.0
108.729,200.4,-3.451,2.7825,-1.7527,-0.019,-0.01,480,8,100,283,0.2407,0.2209,STOP,PolygonStop,0.2684,-0.0769,0.2684,0.0,0.0
108.83,200.5,-3.451,2.7825,-1.7527,-0.019,-0.01,480,8,100,283,0.2407,0.2209,STOP,PolygonStop,0.2684,-0.0769,0.2684,0.0,0.0
108.929,200.6,-3.451,2.7825,-1.7527,-0.019,-0.01,480,8,100,283,0.2407,0.2209,STOP,PolygonStop,0.2684,-0.0769,0.2684,0.0,0.0
109.031,200.7,-3.451,2.7825,-1.7527,-0.019,-0.01,480,8,100,283,0.2407,0.2209,STOP,PolygonStop,0.2684,-0.0769,0.2684,0.0,0.0
109.13,200.8,-3.451,2.7825,-1.7527,-0.019,-0.01,480,8,100,283,0.2407,0.2209,STOP,PolygonStop,0.2684,-0.0769,0.2684,0.0,0.0
109.229,200.9,-3.451,2.7825,-1.7527,-0.019,-0.01,480,8,100,283,0.2407,0.2209,STOP,PolygonStop,0.2684,-0.0769,0.2684,0.0,0.0
109.33,201.0,-3.451,2.7825,-1.7527,-0.019,-0.01,480,8,100,283,0.2407,0.2209,STOP,PolygonStop,0.2684,-0.0769,0.2684,0.0,0.0
109.43,201.1,-3.451,2.7825,-1.7527,-0.019,-0.01,480,8,100,283,0.2407,0.2209,STOP,PolygonStop,0.2684,-0.0769,0.2684,0.0,0.0
109.53,201.2,-3.451,2.7825,-1.7527,-0.019,-0.01,480,8,100,283,0.2407,0.2209,STOP,PolygonStop,0.2684,-0.0769,0.2684,0.0,0.0
109.639,201.3,-3.451,2.7825,-1.7527,-0.019,-0.01,480,8,100,283,0.2407,0.2209,STOP,PolygonStop,0.2684,-0.0769,0.2684,0.0,0.0
109.73,201.4,-3.451,2.7825,-1.7527,-0.019,-0.01,480,8,100,283,0.2407,0.2209,STOP,PolygonStop,0.2684,-0.0769,0.2684,0.0,0.0
109.839,201.5,-3.451,2.7825,-1.7527,-0.019,-0.01,480,8,100,283,0.2407,0.2209,STOP,PolygonStop,0.2684,-0.0769,0.2684,0.0,0.0
109.93,201.6,-3.451,2.7825,-1.7527,-0.019,-0.01,480,8,100,283,0.2407,0.2209,STOP,PolygonStop,0.2684,-0.0769,0.2684,0.0,0.0
110.039,201.7,-3.451,2.7825,-1.7527,-0.019,-0.01,480,8,100,283,0.2407,0.2209,STOP,PolygonStop,0.2684,-0.0769,0.2684,0.0,0.0
110.134,201.8,-3.451,2.7825,-1.7527,-0.019,-0.01,480,8,100,283,0.2407,0.2209,STOP,PolygonStop,0.2684,-0.0769,0.2684,0.0,0.0
110.238,201.9,-3.451,2.7825,-1.7527,-0.019,-0.01,480,8,100,283,0.2407,0.2209,STOP,PolygonStop,0.2684,-0.0769,0.2684,0.0,0.0
110.339,202.0,-3.451,2.7825,-1.7527,-0.019,-0.01,480,8,100,283,0.2407,0.2209,STOP,PolygonStop,0.2684,-0.0769,0.2684,0.0,0.0
110.44,202.1,-3.451,2.7825,-1.7527,-0.019,-0.01,480,8,100,283,0.2407,0.2209,STOP,PolygonStop,0.2684,-0.0769,0.2684,0.0,0.0
110.539,202.2,-3.451,2.7825,-1.7527,-0.019,-0.01,480,8,100,283,0.2407,0.2209,STOP,PolygonStop,0.2684,-0.0769,0.2684,0.0,0.0
110.639,202.3,-3.451,2.7825,-1.7527,-0.019,-0.01,480,8,100,283,0.2407,0.2209,STOP,PolygonStop,0.2684,-0.0769,0.2684,0.0,0.0
110.74,202.4,-3.451,2.7825,-1.7527,-0.019,-0.01,480,8,100,283,0.2407,0.2209,STOP,PolygonStop,0.2684,-0.0769,0.2684,0.0,0.0
110.842,202.5,-3.451,2.7825,-1.7527,-0.019,-0.01,480,8,100,283,0.2407,0.2209,STOP,PolygonStop,0.2684,-0.0769,0.2684,0.0,0.0
110.945,202.6,-3.451,2.7825,-1.7527,-0.019,-0.01,480,8,100,283,0.2407,0.2209,STOP,PolygonStop,0.2684,-0.0769,0.2684,0.0,0.0
111.04,202.7,-3.451,2.7825,-1.7527,-0.019,-0.01,480,8,100,283,0.2407,0.2209,STOP,PolygonStop,0.2684,-0.0769,0.2684,0.0,0.0
111.14,202.8,-3.451,2.7825,-1.7527,-0.019,-0.01,480,8,100,283,0.2407,0.2209,STOP,PolygonStop,0.2684,-0.0769,0.2684,0.0,0.0
111.247,202.9,-3.451,2.7825,-1.7527,-0.019,-0.01,480,8,100,283,0.2407,0.2209,STOP,PolygonStop,0.2684,-0.0769,0.2684,0.0,0.0
111.343,203.0,-3.451,2.7825,-1.7527,-0.019,-0.01,480,8,100,283,0.2407,0.2209,STOP,PolygonStop,0.2684,-0.0769,0.2684,0.0,0.0
111.446,203.1,-3.451,2.7825,-1.7527,-0.019,-0.01,480,8,100,283,0.2407,0.2209,STOP,PolygonStop,0.2684,-0.0769,0.2684,0.0,0.0
111.544,203.2,-3.451,2.7825,-1.7527,-0.019,-0.01,480,8,100,283,0.2407,0.2209,STOP,PolygonStop,0.2684,-0.0769,0.2684,0.0,0.0
111.646,203.3,-3.451,2.7825,-1.7527,-0.019,-0.01,480,8,100,283,0.2407,0.2209,STOP,PolygonStop,0.2684,-0.0769,0.2684,0.0,0.0
111.744,203.4,-3.451,2.7825,-1.7527,-0.019,-0.01,480,8,100,283,0.2407,0.2209,STOP,PolygonStop,0.2684,-0.0769,0.2684,0.0,0.0
111.843,203.5,-3.451,2.7825,-1.7527,-0.019,-0.01,480,8,100,283,0.2407,0.2209,STOP,PolygonStop,0.2684,-0.0769,0.2684,0.0,0.0
111.942,203.6,-3.451,2.7825,-1.7527,-0.019,-0.01,480,8,100,283,0.2407,0.2209,STOP,PolygonStop,0.2684,-0.0769,0.2684,0.0,0.0
112.043,203.7,-3.451,2.7825,-1.7527,-0.019,-0.01,480,8,100,283,0.2407,0.2209,STOP,PolygonStop,0.2684,-0.0769,0.2684,0.0,0.0
112.143,203.8,-3.451,2.7825,-1.7527,-0.019,-0.01,480,8,100,283,0.2407,0.2209,STOP,PolygonStop,0.2684,-0.0769,0.2684,0.0,0.0
112.244,203.9,-3.451,2.7825,-1.7527,-0.019,-0.01,480,8,100,283,0.2407,0.2209,STOP,PolygonStop,0.2684,-0.0769,0.2684,0.0,0.0
112.347,204.0,-3.451,2.7825,-1.7527,-0.019,-0.01,480,8,100,283,0.2407,0.2209,STOP,PolygonStop,0.2684,-0.0769,0.2684,0.0,0.0
112.448,204.1,-3.451,2.7825,-1.7527,-0.019,-0.01,480,8,100,283,0.2407,0.2209,STOP,PolygonStop,0.2684,-0.0769,0.2684,0.0,0.0
112.548,204.2,-3.451,2.7825,-1.7527,-0.019,-0.01,480,8,100,283,0.2407,0.2209,STOP,PolygonStop,0.2684,-0.0769,0.2684,0.0,0.0
112.652,204.3,-3.451,2.7825,-1.7527,-0.019,-0.01,480,8,100,283,0.2407,0.2209,STOP,PolygonStop,0.2684,-0.0769,0.2684,0.0,0.0
112.751,204.4,-3.451,2.7825,-1.7527,-0.019,-0.01,480,8,100,283,0.2407,0.2209,STOP,PolygonStop,0.2684,-0.0769,0.2684,0.0,0.0
112.859,204.5,-3.451,2.7825,-1.7527,-0.019,-0.01,480,8,100,283,0.2407,0.2209,STOP,PolygonStop,0.2684,-0.0769,0.2684,0.0,0.0
112.97,204.6,-3.451,2.7825,-1.7527,-0.019,-0.01,480,8,100,283,0.2407,0.2209,STOP,PolygonStop,0.2684,-0.0769,0.2684,0.0,0.0
113.056,204.7,-3.451,2.7825,-1.7527,-0.019,-0.01,480,8,100,283,0.2407,0.2209,STOP,PolygonStop,0.2684,-0.0769,0.2684,0.0,0.0
113.174,204.8,-3.451,2.7825,-1.7527,-0.019,-0.01,480,8,100,283,0.2407,0.2209,STOP,PolygonStop,0.2684,-0.0769,0.2684,0.0,0.0
113.262,204.9,-3.451,2.7825,-1.7527,-0.019,-0.01,480,8,100,283,0.2407,0.2209,STOP,PolygonStop,0.2684,-0.0769,0.2684,0.0,0.0
113.367,205.0,-3.451,2.7825,-1.7527,-0.019,-0.01,480,8,100,283,0.2407,0.2209,STOP,PolygonStop,0.2684,-0.0769,0.2684,0.0,0.0
113.466,205.1,-3.451,2.7825,-1.7527,-0.019,-0.01,480,8,100,283,0.2407,0.2209,STOP,PolygonStop,0.2684,-0.0769,0.2684,0.0,0.0
113.573,205.2,-3.451,2.7825,-1.7527,-0.019,-0.01,480,8,100,283,0.2407,0.2209,STOP,PolygonStop,0.2684,-0.0769,0.2684,0.0,0.0
113.67,205.3,-3.451,2.7825,-1.7527,-0.019,-0.01,480,8,100,283,0.2407,0.2209,STOP,PolygonStop,0.2684,-0.0769,0.2684,0.0,0.0
113.779,205.4,-3.451,2.7825,-1.7527,-0.019,-0.01,480,8,100,283,0.2407,0.2209,STOP,PolygonStop,0.2684,-0.0769,0.2684,0.0,0.0
113.876,205.5,-3.451,2.7825,-1.7527,-0.019,-0.01,480,8,100,283,0.2407,0.2209,STOP,PolygonStop,0.2684,-0.0769,0.2684,0.0,0.0
113.981,205.6,-3.451,2.7825,-1.7527,-0.019,-0.01,480,8,100,283,0.2407,0.2209,STOP,PolygonStop,0.2684,-0.0769,0.2684,0.0,0.0
114.081,205.7,-3.451,2.7825,-1.7527,-0.019,-0.01,480,8,100,283,0.2407,0.2209,STOP,PolygonStop,0.2684,-0.0769,0.2684,0.0,0.0
114.183,205.8,-3.451,2.7825,-1.7527,-0.019,-0.01,480,8,100,283,0.2407,0.2209,STOP,PolygonStop,0.2684,-0.0769,0.2684,0.0,0.0
114.28,205.9,-3.451,2.7825,-1.7527,-0.019,-0.01,480,8,100,283,0.2407,0.2209,STOP,PolygonStop,0.2684,-0.0769,0.2684,0.0,0.0
114.386,206.0,-3.451,2.7825,-1.7527,-0.019,-0.01,480,8,100,283,0.2407,0.2209,STOP,PolygonStop,0.2684,-0.0769,0.2684,0.0,0.0
114.48,206.1,-3.451,2.7825,-1.7527,-0.019,-0.01,480,8,100,283,0.2407,0.2209,STOP,PolygonStop,0.2684,-0.0769,0.2684,0.0,0.0
114.582,206.2,-3.451,2.7825,-1.7527,-0.019,-0.01,480,8,100,283,0.2407,0.2209,STOP,PolygonStop,0.2684,-0.0769,0.2684,0.0,0.0
114.68,206.3,-3.451,2.7825,-1.7527,-0.019,-0.01,480,8,100,283,0.2407,0.2209,STOP,PolygonStop,0.2684,-0.0769,0.2684,0.0,0.0
114.781,206.4,-3.451,2.7825,-1.7527,-0.019,-0.01,480,8,100,283,0.2407,0.2209,STOP,PolygonStop,0.2684,-0.0769,0.2684,0.0,0.0
114.88,206.5,-3.451,2.7825,-1.7527,-0.019,-0.01,480,8,100,283,0.2407,0.2209,STOP,PolygonStop,0.2684,-0.0769,0.2684,0.0,0.0
114.981,206.6,-3.451,2.7825,-1.7527,-0.019,-0.01,480,8,100,283,0.2407,0.2209,STOP,PolygonStop,0.2684,-0.0769,0.2684,0.0,0.0
115.081,206.7,-3.451,2.7825,-1.7527,-0.019,-0.01,480,8,100,283,0.2407,0.2209,STOP,PolygonStop,0.2684,-0.0769,0.2684,0.0,0.0
115.181,206.8,-3.451,2.7825,-1.7527,-0.019,-0.01,480,8,100,283,0.2407,0.2209,STOP,PolygonStop,0.2684,-0.0769,0.2684,0.0,0.0
115.279,206.9,-3.451,2.7825,-1.7527,-0.019,-0.01,480,8,100,283,0.2407,0.2209,STOP,PolygonStop,0.2684,-0.0769,0.2684,0.0,0.0
115.381,207.0,-3.451,2.7825,-1.7527,-0.019,-0.01,480,8,100,283,0.2407,0.2209,STOP,PolygonStop,0.2684,-0.0769,0.2684,0.0,0.0
115.48,207.1,-3.451,2.7825,-1.7527,-0.019,-0.01,480,8,100,283,0.2407,0.2209,STOP,PolygonStop,0.2684,-0.0769,0.2684,0.0,0.0
115.582,207.2,-3.451,2.7825,-1.7527,-0.019,-0.01,480,8,100,283,0.2407,0.2209,STOP,PolygonStop,0.2684,-0.0769,0.2684,0.0,0.0
115.681,207.3,-3.451,2.7825,-1.7527,-0.019,-0.01,480,8,100,283,0.2407,0.2209,STOP,PolygonStop,0.2684,-0.0769,0.2684,0.0,0.0
115.779,207.4,-3.451,2.7825,-1.7527,-0.019,-0.01,480,8,100,283,0.2407,0.2209,STOP,PolygonStop,0.2684,-0.0769,0.2684,0.0,0.0
115.88,207.5,-3.451,2.7825,-1.7527,-0.019,-0.01,480,8,100,283,0.2407,0.2209,STOP,PolygonStop,0.2684,-0.0769,0.2684,0.0,0.0
115.989,207.6,-3.451,2.7825,-1.7527,-0.019,-0.01,480,8,100,283,0.2407,0.2209,STOP,PolygonStop,0.2684,-0.0769,0.2684,0.0,0.0
116.082,207.7,-3.451,2.7825,-1.7527,-0.019,-0.01,480,8,100,283,0.2407,0.2209,STOP,PolygonStop,0.2684,-0.0769,0.2684,0.0,0.0
116.194,207.8,-3.451,2.7825,-1.7527,-0.019,-0.01,480,8,100,283,0.2407,0.2209,STOP,PolygonStop,0.2684,-0.0769,0.2684,0.0,0.0
116.299,207.9,-3.451,2.7825,-1.7527,-0.019,-0.01,480,8,100,283,0.2407,0.2209,STOP,PolygonStop,0.2684,-0.0769,0.2684,0.0,0.0
116.387,208.0,-3.451,2.7825,-1.7527,-0.019,-0.01,480,8,100,283,0.2407,0.2209,STOP,PolygonStop,0.2684,-0.0769,0.2684,0.0,0.0
116.504,208.1,-3.451,2.7825,-1.7527,-0.019,-0.01,480,8,100,283,0.2407,0.2209,STOP,PolygonStop,0.2684,-0.0769,0.2684,0.0,0.0
116.587,208.2,-3.451,2.7825,-1.7527,-0.019,-0.01,480,8,100,283,0.2407,0.2209,STOP,PolygonStop,0.2684,-0.0769,0.2684,0.0,0.0
116.697,208.3,-3.451,2.7825,-1.7527,-0.019,-0.01,480,8,100,283,0.2407,0.2209,STOP,PolygonStop,0.2684,-0.0769,0.2684,0.0,0.0
116.795,208.4,-3.451,2.7825,-1.7527,-0.019,-0.01,480,8,100,283,0.2407,0.2209,STOP,PolygonStop,0.2684,-0.0769,0.2684,0.0,0.0
116.902,208.5,-3.451,2.7825,-1.7527,-0.019,-0.01,480,8,100,283,0.2407,0.2209,STOP,PolygonStop,0.0,1.0,0.0184,0.0,0.0
117.001,208.6,-3.451,2.7825,-1.7527,-0.019,-0.01,480,8,100,283,0.2407,0.2209,STOP,PolygonStop,0.0,1.0,0.0,0.0,0.0
117.11,208.7,-3.451,2.7825,-1.7527,-0.019,-0.01,480,8,100,283,0.2407,0.2209,STOP,PolygonStop,0.0,1.0,0.0,0.0,0.0
117.212,208.8,-3.451,2.7825,-1.7527,-0.019,-0.01,480,8,100,283,0.2407,0.2209,STOP,PolygonStop,0.0,1.0,0.0,0.0,0.0
117.321,208.9,-3.451,2.7825,-1.7527,-0.019,-0.01,480,8,100,283,0.2407,0.2209,STOP,PolygonStop,0.0,1.0,0.0,0.0,0.0
117.42,209.0,-3.451,2.7825,-1.7527,-0.019,-0.01,480,8,100,283,0.2407,0.2209,STOP,PolygonStop,0.0,1.0,0.0,0.0,0.0
117.521,209.1,-3.451,2.7825,-1.7527,-0.019,-0.01,480,8,100,283,0.2407,0.2209,STOP,PolygonStop,0.0,1.0,0.0,0.0,0.0
117.623,209.2,-3.451,2.7825,-1.7527,-0.019,-0.01,480,8,100,283,0.2407,0.2209,STOP,PolygonStop,0.0,1.0,0.0,0.0,0.0
117.725,209.3,-3.451,2.7825,-1.7527,-0.019,-0.01,480,8,100,283,0.2407,0.2209,STOP,PolygonStop,0.0,1.0,0.0,0.0,0.0
117.823,209.4,-3.451,2.7825,-1.7527,-0.019,-0.01,480,8,100,283,0.2407,0.2209,STOP,PolygonStop,0.0,1.0,0.0,0.0,0.0
117.925,209.5,-3.451,2.7825,-1.7527,-0.019,-0.01,480,8,100,283,0.2407,0.2209,STOP,PolygonStop,0.0,1.0,0.0,0.0,0.0
118.024,209.6,-3.451,2.7825,-1.7527,-0.019,-0.01,480,8,100,283,0.2407,0.2209,STOP,PolygonStop,0.0,1.0,0.0,0.0,0.0
118.13,209.7,-3.451,2.7825,-1.7527,-0.019,-0.01,480,8,100,283,0.2407,0.2209,STOP,PolygonStop,0.0,1.0,0.0,0.0,0.0
118.225,209.8,-3.451,2.7825,-1.7527,-0.019,-0.01,480,8,100,283,0.2407,0.2209,STOP,PolygonStop,0.0,1.0,0.0,0.0,0.0
118.322,209.9,-3.451,2.7825,-1.7527,-0.019,-0.01,480,8,100,283,0.2407,0.2209,STOP,PolygonStop,0.0,1.0,0.0,0.0,0.0
118.422,210.0,-3.451,2.7825,-1.7527,-0.019,-0.01,480,8,100,283,0.2407,0.2209,STOP,PolygonStop,0.0,1.0,0.0,0.0,0.0
118.522,210.1,-3.451,2.7825,-1.7527,-0.019,-0.01,480,8,100,283,0.2407,0.2209,STOP,PolygonStop,0.0,1.0,0.0,0.0,0.0
118.624,210.2,-3.451,2.7825,-1.7527,-0.019,-0.01,480,8,100,283,0.2407,0.2209,STOP,PolygonStop,0.0,1.0,0.0,0.0,0.0
118.722,210.3,-3.451,2.7825,-1.7527,-0.019,-0.01,480,8,100,283,0.2407,0.2209,STOP,PolygonStop,0.0,1.0,0.0,0.0,0.0
118.823,210.4,-3.451,2.7825,-1.7527,-0.019,-0.01,480,8,100,283,0.2407,0.2209,STOP,PolygonStop,0.0,1.0,0.0,0.0,0.0
118.92,210.5,-3.451,2.7825,-1.7527,-0.019,-0.01,480,8,100,283,0.2407,0.2209,STOP,PolygonStop,0.0,1.0,0.0,0.0,0.0
119.024,210.6,-3.451,2.7825,-1.7527,-0.019,-0.01,480,8,100,283,0.2407,0.2209,STOP,PolygonStop,0.0,1.0,0.0,0.0,0.0
119.129,210.7,-3.451,2.7825,-1.7527,-0.019,-0.01,480,8,100,283,0.2407,0.2209,STOP,PolygonStop,0.0,1.0,0.0,0.0,0.0
119.229,210.8,-3.451,2.7825,-1.7527,-0.019,-0.01,480,8,100,283,0.2407,0.2209,STOP,PolygonStop,0.0,1.0,0.0,0.0,0.0
119.333,210.9,-3.451,2.7825,-1.7527,-0.019,-0.01,480,8,100,283,0.2407,0.2209,STOP,PolygonStop,0.0,1.0,0.0,0.0,0.0
119.434,211.0,-3.451,2.7825,-1.7527,-0.019,-0.01,480,8,100,283,0.2407,0.2209,STOP,PolygonStop,0.0,1.0,0.0,0.0,0.0
119.549,211.1,-3.451,2.7825,-1.7527,-0.019,-0.01,480,8,100,283,0.2407,0.2209,STOP,PolygonStop,0.0,1.0,0.0,0.0,0.0
119.658,211.2,-3.451,2.7825,-1.7527,-0.019,-0.01,480,8,100,283,0.2407,0.2209,STOP,PolygonStop,0.0,1.0,0.0,0.0,0.0
119.746,211.3,-3.451,2.7825,-1.7527,-0.019,-0.01,480,8,100,283,0.2407,0.2209,STOP,PolygonStop,0.0,1.0,0.0,0.0,0.0
119.857,211.4,-3.451,2.7825,-1.7527,-0.019,-0.01,480,8,100,283,0.2407,0.2209,STOP,PolygonStop,0.0,1.0,0.0,0.0,0.0
119.941,211.5,-3.451,2.7825,-1.7527,-0.019,-0.01,480,8,100,283,0.2407,0.2209,STOP,PolygonStop,0.0,1.0,0.0,0.0,0.0
120.054,211.6,-3.451,2.7825,-1.7527,-0.019,-0.01,480,8,100,283,0.2407,0.2209,STOP,PolygonStop,0.0,1.0,0.0,0.0,0.0
120.154,211.7,-3.451,2.7825,-1.7527,-0.019,-0.01,480,8,100,283,0.2407,0.2209,STOP,PolygonStop,0.0,1.0,0.0,0.0,0.0
120.264,211.8,-3.451,2.7825,-1.7527,-0.019,-0.01,480,8,100,283,0.2407,0.2209,STOP,PolygonStop,0.0,1.0,0.0,0.0,0.0
120.363,211.9,-3.451,2.7825,-1.7527,-0.019,-0.01,480,8,100,283,0.2407,0.2209,STOP,PolygonStop,0.0,1.0,0.0,0.0,0.0
120.474,212.0,-3.451,2.7825,-1.7527,-0.019,-0.01,480,8,100,283,0.2407,0.2209,STOP,PolygonStop,0.0,1.0,0.0,0.0,0.0
120.574,212.1,-3.451,2.7825,-1.7527,-0.019,-0.01,480,8,100,283,0.2407,0.2209,STOP,PolygonStop,0.0,1.0,0.0,0.0,0.0
120.69,212.2,-3.451,2.7825,-1.7527,-0.019,-0.01,480,8,100,283,0.2407,0.2209,STOP,PolygonStop,0.0,1.0,0.0,0.0,0.0
120.789,212.3,-3.451,2.7825,-1.7527,-0.019,-0.01,480,8,100,283,0.2407,0.2209,STOP,PolygonStop,0.0,1.0,0.0,0.0,0.0
120.898,212.4,-3.451,2.7825,-1.7527,-0.019,-0.01,480,8,100,283,0.2407,0.2209,STOP,PolygonStop,0.0,1.0,0.0,0.0,0.0
120.996,212.5,-3.451,2.7825,-1.7527,-0.019,-0.01,480,8,100,283,0.2407,0.2209,STOP,PolygonStop,0.0,1.0,0.0,0.0,0.0
121.094,212.6,-3.451,2.7825,-1.7527,-0.019,-0.01,480,8,100,283,0.2407,0.2209,STOP,PolygonStop,0.0,1.0,0.0,0.0,0.0
121.19,212.7,-3.451,2.7825,-1.7527,-0.019,-0.01,480,8,100,283,0.2407,0.2209,STOP,PolygonStop,0.0,1.0,0.0,0.0,0.0
121.292,212.8,-3.451,2.7825,-1.7527,-0.019,-0.01,480,8,100,283,0.2407,0.2209,STOP,PolygonStop,0.0,1.0,0.0,0.0,0.0
121.389,212.9,-3.451,2.7825,-1.7527,-0.019,-0.01,480,8,100,283,0.2407,0.2209,STOP,PolygonStop,0.0,1.0,0.0,0.0,0.0
121.493,213.0,-3.451,2.7825,-1.7527,-0.019,-0.01,480,8,100,283,0.2407,0.2209,STOP,PolygonStop,0.0,1.0,0.0,0.0,0.0
121.594,213.1,-3.451,2.7825,-1.7527,-0.019,-0.01,480,8,100,283,0.2407,0.2209,STOP,PolygonStop,0.0,1.0,0.0,0.0,0.0
121.699,213.2,-3.451,2.7825,-1.7527,-0.019,-0.01,480,8,100,283,0.2407,0.2209,STOP,PolygonStop,0.0,1.0,0.0,0.0,0.0
121.799,213.3,-3.451,2.7825,-1.7527,-0.019,-0.01,480,8,100,283,0.2407,0.2209,STOP,PolygonStop,0.0,1.0,0.0,0.0,0.0
121.901,213.4,-3.451,2.7825,-1.7527,-0.019,-0.01,480,8,100,283,0.2407,0.2209,STOP,PolygonStop,0.0,1.0,0.0,0.0,0.0
121.999,213.5,-3.451,2.7825,-1.7527,-0.019,-0.01,480,8,100,283,0.2407,0.2209,STOP,PolygonStop,0.0,1.0,0.0,0.0,0.0
122.097,213.6,-3.451,2.7825,-1.7527,-0.019,-0.01,480,8,100,283,0.2407,0.2209,STOP,PolygonStop,0.0,1.0,0.0,0.0,0.0
122.2,213.7,-3.451,2.7825,-1.7527,-0.019,-0.01,480,8,100,283,0.2407,0.2209,STOP,PolygonStop,0.0,1.0,0.0,0.0,0.0
122.301,213.8,-3.451,2.7825,-1.7527,-0.019,-0.01,480,8,100,283,0.2407,0.2209,STOP,PolygonStop,0.0,1.0,0.0,0.0,0.0
122.401,213.9,-3.451,2.7825,-1.7527,-0.019,-0.01,480,8,100,283,0.2407,0.2209,STOP,PolygonStop,0.0,1.0,0.0,0.0,0.0
122.506,214.0,-3.451,2.7825,-1.7527,-0.019,-0.01,480,8,100,283,0.2407,0.2209,STOP,PolygonStop,0.0,1.0,0.0,0.0,0.0
122.604,214.1,-3.451,2.7825,-1.7527,-0.019,-0.01,480,8,100,283,0.2407,0.2209,STOP,PolygonStop,0.0,1.0,0.0,0.0,0.0
122.711,214.2,-3.451,2.7825,-1.7527,-0.019,-0.01,480,8,100,283,0.2407,0.2209,STOP,PolygonStop,0.0,1.0,0.0,0.0,0.0
122.809,214.3,-3.451,2.7825,-1.7527,-0.019,-0.01,480,8,100,283,0.2407,0.2209,STOP,PolygonStop,0.0,1.0,0.0,0.0,0.0
122.919,214.4,-3.451,2.7825,-1.7527,-0.019,-0.01,480,8,100,283,0.2407,0.2209,STOP,PolygonStop,0.0,1.0,0.0,0.0,0.0
123.039,214.5,-3.451,2.7825,-1.7527,-0.019,-0.01,480,8,100,283,0.2407,0.2209,STOP,PolygonStop,0.0,1.0,0.0,0.0,0.0
123.118,214.6,-3.451,2.7825,-1.7527,-0.019,-0.01,480,8,100,283,0.2407,0.2209,STOP,PolygonStop,0.0,1.0,0.0,0.0,0.0
123.232,214.7,-3.451,2.7825,-1.7527,-0.019,-0.01,480,8,100,283,0.2407,0.2209,STOP,PolygonStop,0.0,1.0,0.0,0.0,0.0
123.316,214.8,-3.451,2.7825,-1.7527,-0.019,-0.01,480,8,100,283,0.2407,0.2209,STOP,PolygonStop,0.0,1.0,0.0,0.0,0.0
123.429,214.9,-3.451,2.7825,-1.7527,-0.019,-0.01,480,8,100,283,0.2407,0.2209,STOP,PolygonStop,0.0,1.0,0.0,0.0,0.0
123.528,215.0,-3.451,2.7825,-1.7527,-0.019,-0.01,480,8,100,283,0.2407,0.2209,STOP,PolygonStop,0.0,1.0,0.0,0.0,0.0
123.634,215.1,-3.451,2.7825,-1.7527,-0.019,-0.01,480,8,100,283,0.2407,0.2209,STOP,PolygonStop,0.0,1.0,0.0,0.0,0.0
123.763,215.2,-3.451,2.7825,-1.7527,-0.019,-0.01,480,8,100,283,0.2407,0.2209,STOP,PolygonStop,0.0,1.0,0.0,0.0,0.0
123.89,215.3,-3.451,2.7825,-1.7527,-0.019,-0.01,480,8,100,283,0.2407,0.2209,STOP,PolygonStop,0.0,1.0,0.0,0.0,0.0
123.965,215.4,-3.451,2.7825,-1.7527,-0.019,-0.01,480,8,100,283,0.2407,0.2209,STOP,PolygonStop,0.0,1.0,0.0,0.0,0.0
124.068,215.5,-3.451,2.7825,-1.7527,-0.019,-0.01,480,8,100,283,0.2407,0.2209,STOP,PolygonStop,0.0,1.0,0.0,0.0,0.0
124.166,215.6,-3.451,2.7825,-1.7527,-0.019,-0.01,480,8,100,283,0.2407,0.2209,STOP,PolygonStop,0.0,1.0,0.0,0.0,0.0
124.265,215.7,-3.451,2.7825,-1.7527,-0.019,-0.01,480,8,100,283,0.2407,0.2209,STOP,PolygonStop,0.0,1.0,0.0,0.0,0.0
124.365,215.8,-3.451,2.7825,-1.7527,-0.019,-0.01,480,8,100,283,0.2407,0.2209,STOP,PolygonStop,0.0,1.0,0.0,0.0,0.0
124.471,215.9,-3.451,2.7825,-1.7527,-0.019,-0.01,480,8,100,283,0.2407,0.2209,STOP,PolygonStop,0.0,1.0,0.0,0.0,0.0
124.571,216.0,-3.451,2.7825,-1.7527,-0.019,-0.01,480,8,100,283,0.2407,0.2209,STOP,PolygonStop,0.0,1.0,0.0,0.0,0.0
124.665,216.1,-3.451,2.7825,-1.7527,-0.019,-0.01,480,8,100,283,0.2407,0.2209,STOP,PolygonStop,0.0,1.0,0.0,0.0,0.0
124.765,216.2,-3.451,2.7825,-1.7527,-0.019,-0.01,480,8,100,283,0.2407,0.2209,STOP,PolygonStop,0.0,1.0,0.0,0.0,0.0
124.867,216.3,-3.451,2.7825,-1.7527,-0.019,-0.01,480,8,100,283,0.2407,0.2209,STOP,PolygonStop,0.0,1.0,0.0,0.0,0.0
124.967,216.4,-3.451,2.7825,-1.7527,-0.019,-0.01,480,8,100,283,0.2407,0.2209,STOP,PolygonStop,0.0,1.0,0.0,0.0,0.0
125.067,216.5,-3.451,2.7825,-1.7527,-0.019,-0.01,480,8,100,283,0.2407,0.2209,STOP,PolygonStop,0.0,1.0,0.0,0.0,0.0
125.164,216.6,-3.451,2.7825,-1.7527,-0.019,-0.01,480,8,100,283,0.2407,0.2209,STOP,PolygonStop,0.0,1.0,0.0,0.0,0.0
125.268,216.7,-3.451,2.7825,-1.7527,-0.019,-0.01,480,8,100,283,0.2407,0.2209,STOP,PolygonStop,0.0,1.0,0.0,0.0,0.0
125.366,216.8,-3.451,2.7825,-1.7527,-0.019,-0.01,480,8,100,283,0.2407,0.2209,STOP,PolygonStop,0.0,1.0,0.0,0.0,0.0
125.467,216.9,-3.451,2.7825,-1.7527,-0.019,-0.01,480,8,100,283,0.2407,0.2209,STOP,PolygonStop,0.0,1.0,0.0,0.0,0.0
125.57,217.0,-3.451,2.7825,-1.7527,-0.019,-0.01,480,8,100,283,0.2407,0.2209,STOP,PolygonStop,0.0,1.0,0.0,0.0,0.0
125.667,217.1,-3.451,2.7825,-1.7527,-0.019,-0.01,480,8,100,283,0.2407,0.2209,STOP,PolygonStop,0.0,1.0,0.0,0.0,0.0
125.769,217.2,-3.451,2.7825,-1.7527,-0.019,-0.01,480,8,100,283,0.2407,0.2209,STOP,PolygonStop,0.0,1.0,0.0,0.0,0.0
125.865,217.3,-3.451,2.7825,-1.7527,-0.019,-0.01,480,8,100,283,0.2407,0.2209,STOP,PolygonStop,0.0,1.0,0.0,0.0,0.0
125.967,217.4,-3.451,2.7825,-1.7527,-0.019,-0.01,480,8,100,283,0.2407,0.2209,STOP,PolygonStop,0.0,1.0,0.0,0.0,0.0
126.066,217.5,-3.451,2.7825,-1.7527,-0.019,-0.01,480,8,100,283,0.2407,0.2209,STOP,PolygonStop,0.0,1.0,0.0,0.0,0.0
126.165,217.6,-3.451,2.7825,-1.7527,-0.019,-0.01,480,8,100,283,0.2407,0.2209,STOP,PolygonStop,0.0,1.0,0.0,0.0,0.0
126.266,217.7,-3.451,2.7825,-1.7527,-0.019,-0.01,480,8,100,283,0.2407,0.2209,STOP,PolygonStop,0.0,1.0,0.0,0.0,0.0
126.385,217.8,-3.451,2.7825,-1.7527,-0.019,-0.01,480,8,100,283,0.2407,0.2209,STOP,PolygonStop,0.0,1.0,0.0,0.0,0.0
126.465,217.9,-3.451,2.7825,-1.7527,-0.019,-0.01,480,8,100,283,0.2407,0.2209,STOP,PolygonStop,0.0,1.0,0.0,0.0,0.0
126.574,218.0,-3.451,2.7825,-1.7527,-0.019,-0.01,480,8,100,283,0.2407,0.2209,STOP,PolygonStop,0.0,1.0,0.0,0.0,0.0
126.666,218.1,-3.451,2.7825,-1.7527,-0.019,-0.01,480,8,100,283,0.2407,0.2209,STOP,PolygonStop,0.0,1.0,0.0,0.0,0.0
126.768,218.2,-3.451,2.7825,-1.7527,-0.019,-0.01,480,8,100,283,0.2407,0.2209,STOP,PolygonStop,0.0,1.0,0.0,0.0,0.0
126.868,218.3,-3.451,2.7825,-1.7527,-0.019,-0.01,480,8,100,283,0.2407,0.2209,STOP,PolygonStop,0.0,1.0,0.0,0.0,0.0
126.973,218.4,-3.451,2.7825,-1.7527,-0.019,-0.01,480,8,100,283,0.2407,0.2209,STOP,PolygonStop,0.0,1.0,0.0,0.0,0.0
127.073,218.5,-3.451,2.7825,-1.7527,-0.019,-0.01,480,8,100,283,0.2407,0.2209,STOP,PolygonStop,0.0,0.0,0.0,0.0,0.0
127.177,218.6,-3.451,2.7825,-1.7527,-0.019,-0.01,480,8,100,283,0.2407,0.2209,STOP,PolygonStop,0.0,0.0,0.0,0.0,0.0
127.272,218.7,-3.451,2.7825,-1.7527,-0.019,-0.01,480,8,100,283,0.2407,0.2209,STOP,PolygonStop,0.0,0.0,0.0,0.0,0.0
127.375,218.8,-3.451,2.7825,-1.7527,-0.019,-0.01,480,8,100,283,0.2407,0.2209,STOP,PolygonStop,0.0,0.0,0.0,0.0,0.0
127.477,218.9,-3.451,2.7825,-1.7527,-0.019,-0.01,480,8,100,283,0.2407,0.2209,STOP,PolygonStop,0.0,0.0,0.0,0.0,0.0
127.574,219.0,-3.451,2.7825,-1.7527,-0.019,-0.01,480,8,100,283,0.2407,0.2209,STOP,PolygonStop,0.0,0.0,0.0,0.0,0.0
127.673,219.1,-3.451,2.7825,-1.7527,-0.019,-0.01,480,8,100,283,0.2407,0.2209,STOP,PolygonStop,0.0,0.0,0.0,0.0,0.0
127.773,219.2,-3.451,2.7825,-1.7527,-0.019,-0.01,480,8,100,283,0.2407,0.2209,STOP,PolygonStop,0.0,0.0,0.0,0.0,0.0
127.874,219.3,-3.451,2.7825,-1.7527,-0.019,-0.01,480,8,100,283,0.2407,0.2209,STOP,PolygonStop,0.0,0.0,0.0,0.0,0.0
127.974,219.4,-3.451,2.7825,-1.7527,-0.019,-0.01,480,8,100,283,0.2407,0.2209,STOP,PolygonStop,0.0,0.0,0.0,0.0,0.0
128.075,219.5,-3.451,2.7825,-1.7527,-0.019,-0.01,480,8,100,283,0.2407,0.2209,STOP,PolygonStop,0.0,0.0,0.0,0.0,0.0
128.173,219.6,-3.451,2.7825,-1.7527,-0.019,-0.01,480,8,100,283,0.2407,0.2209,STOP,PolygonStop,0.0,0.0,0.0,0.0,0.0
128.274,219.7,-3.451,2.7825,-1.7527,-0.019,-0.01,480,8,100,283,0.2407,0.2209,STOP,PolygonStop,0.0,0.0,0.0,0.0,0.0
128.374,219.8,-3.451,2.7825,-1.7527,-0.019,-0.01,480,8,100,283,0.2407,0.2209,STOP,PolygonStop,0.0,0.0,0.0,0.0,0.0
128.473,219.9,-3.451,2.7825,-1.7527,-0.019,-0.01,480,8,100,283,0.2407,0.2209,STOP,PolygonStop,0.0,0.0,0.0,0.0,0.0
128.573,220.0,-3.451,2.7825,-1.7527,-0.019,-0.01,480,8,100,283,0.2407,0.2209,STOP,PolygonStop,0.0,0.0,0.0,0.0,0.0
128.678,220.1,-3.451,2.7825,-1.7527,-0.019,-0.01,480,8,100,283,0.2407,0.2209,STOP,PolygonStop,0.0,0.0,0.0,0.0,0.0
128.776,220.2,-3.451,2.7825,-1.7527,-0.019,-0.01,480,8,100,283,0.2407,0.2209,STOP,PolygonStop,0.0,0.0,0.0,0.0,0.0
128.875,220.3,-3.451,2.7825,-1.7527,-0.019,-0.01,480,8,100,283,0.2407,0.2209,STOP,PolygonStop,0.0,0.0,0.0,0.0,0.0
128.978,220.4,-3.451,2.7825,-1.7527,-0.019,-0.01,480,8,100,283,0.2407,0.2209,STOP,PolygonStop,0.0,0.0,0.0,0.0,0.0
129.077,220.5,-3.451,2.7825,-1.7527,-0.019,-0.01,480,8,100,283,0.2407,0.2209,STOP,PolygonStop,0.0,0.0,0.0,0.0,0.0
129.175,220.6,-3.451,2.7825,-1.7527,-0.019,-0.01,480,8,100,283,0.2407,0.2209,STOP,PolygonStop,0.0,0.0,0.0,0.0,0.0
129.277,220.7,-3.451,2.7825,-1.7527,-0.019,-0.01,480,8,100,283,0.2407,0.2209,STOP,PolygonStop,0.0,0.0,0.0,0.0,0.0
129.38,220.8,-3.451,2.7825,-1.7527,-0.019,-0.01,480,8,100,283,0.2407,0.2209,STOP,PolygonStop,0.0,0.0,0.0,0.0,0.0
129.477,220.9,-3.451,2.7825,-1.7527,-0.019,-0.01,480,8,100,283,0.2407,0.2209,STOP,PolygonStop,0.0,0.0,0.0,0.0,0.0
129.58,221.0,-3.451,2.7825,-1.7527,-0.019,-0.01,480,8,100,283,0.2407,0.2209,STOP,PolygonStop,0.0,0.0,0.0,0.0,0.0
129.691,221.1,-3.451,2.7825,-1.7527,-0.019,-0.01,480,8,100,283,0.2407,0.2209,STOP,PolygonStop,0.0,0.0,0.0,0.0,0.0
129.782,221.2,-3.451,2.7825,-1.7527,-0.019,-0.01,480,8,100,283,0.2407,0.2209,STOP,PolygonStop,0.0,0.0,0.0,0.0,0.0
129.891,221.3,-3.451,2.7825,-1.7527,-0.019,-0.01,480,8,100,283,0.2407,0.2209,STOP,PolygonStop,0.0,0.0,0.0,0.0,0.0
129.979,221.4,-3.451,2.7825,-1.7527,-0.019,-0.01,480,8,100,283,0.2407,0.2209,STOP,PolygonStop,0.0,0.0,0.0,0.0,0.0
130.091,221.5,-3.451,2.7825,-1.7527,-0.019,-0.01,480,8,100,283,0.2407,0.2209,STOP,PolygonStop,0.0,0.0,0.0,0.0,0.0
130.186,221.6,-3.451,2.7825,-1.7527,-0.019,-0.01,480,8,100,283,0.2407,0.2209,STOP,PolygonStop,0.0,0.0,0.0,0.0,0.0
130.292,221.7,-3.451,2.7825,-1.7527,-0.019,-0.01,480,8,100,283,0.2407,0.2209,STOP,PolygonStop,0.0,0.0,0.0,0.0,0.0
130.392,221.8,-3.451,2.7825,-1.7527,-0.019,-0.01,480,8,100,283,0.2407,0.2209,STOP,PolygonStop,0.0,0.0,0.0,0.0,0.0
130.501,221.9,-3.451,2.7825,-1.7527,-0.019,-0.01,480,8,100,283,0.2407,0.2209,STOP,PolygonStop,0.0,0.0,0.0,0.0,0.0
130.601,222.0,-3.451,2.7825,-1.7527,-0.019,-0.01,480,8,100,283,0.2407,0.2209,STOP,PolygonStop,0.0,0.0,0.0,0.0,0.0
130.708,222.1,-3.451,2.7825,-1.7527,-0.019,-0.01,480,8,100,283,0.2407,0.2209,STOP,PolygonStop,0.0,0.0,0.0,0.0,0.0
130.809,222.2,-3.451,2.7825,-1.7527,-0.019,-0.01,480,8,100,283,0.2407,0.2209,STOP,PolygonStop,0.0,0.0,0.0,0.0,0.0
130.912,222.3,-3.451,2.7825,-1.7527,-0.019,-0.01,480,8,100,283,0.2407,0.2209,STOP,PolygonStop,0.0,0.0,0.0,0.0,0.0
131.03,222.4,-3.451,2.7825,-1.7527,-0.019,-0.01,480,8,100,283,0.2407,0.2209,STOP,PolygonStop,0.0,0.0,0.0,0.0,0.0
131.135,222.5,-3.451,2.7825,-1.7527,-0.019,-0.01,480,8,100,283,0.2407,0.2209,STOP,PolygonStop,0.0,0.0,0.0,0.0,0.0
131.226,222.6,-3.451,2.7825,-1.7527,-0.019,-0.01,480,8,100,283,0.2407,0.2209,STOP,PolygonStop,0.0,0.0,0.0,0.0,0.0
131.34,222.7,-3.451,2.7825,-1.7527,-0.019,-0.01,480,8,100,283,0.2407,0.2209,STOP,PolygonStop,0.0,0.0,0.0,0.0,0.0
131.434,222.8,-3.451,2.7825,-1.7527,-0.019,-0.01,480,8,100,283,0.2407,0.2209,STOP,PolygonStop,0.0,0.0,0.0,0.0,0.0
131.531,222.9,-3.451,2.7825,-1.7527,-0.019,-0.01,480,8,100,283,0.2407,0.2209,STOP,PolygonStop,0.0,0.0,0.0,0.0,0.0
131.631,223.0,-3.451,2.7825,-1.7527,-0.019,-0.01,480,8,100,283,0.2407,0.2209,STOP,PolygonStop,0.0,0.0,0.0,0.0,0.0
131.731,223.1,-3.451,2.7825,-1.7527,-0.019,-0.01,480,8,100,283,0.2407,0.2209,STOP,PolygonStop,0.0,0.0,0.0,0.0,0.0
131.828,223.2,-3.451,2.7825,-1.7527,-0.019,-0.01,480,8,100,283,0.2407,0.2209,STOP,PolygonStop,0.0,0.0,0.0,0.0,0.0
131.927,223.3,-3.451,2.7825,-1.7527,-0.019,-0.01,480,8,100,283,0.2407,0.2209,STOP,PolygonStop,0.0,0.0,0.0,0.0,0.0
132.029,223.4,-3.451,2.7825,-1.7527,-0.019,-0.01,480,8,100,283,0.2407,0.2209,STOP,PolygonStop,0.0,0.0,0.0,0.0,0.0
132.13,223.5,-3.451,2.7825,-1.7527,-0.019,-0.01,480,8,100,283,0.2407,0.2209,STOP,PolygonStop,0.0,0.0,0.0,0.0,0.0
132.228,223.6,-3.451,2.7825,-1.7527,-0.019,-0.01,480,8,100,283,0.2407,0.2209,STOP,PolygonStop,0.2684,-0.0769,0.125,0.0,0.0
132.327,223.7,-3.451,2.7825,-1.7527,-0.019,-0.01,480,8,100,283,0.2407,0.2209,STOP,PolygonStop,0.2684,-0.0769,0.2684,0.0,0.0
132.426,223.8,-3.451,2.7825,-1.7527,-0.019,-0.01,480,8,100,283,0.2407,0.2209,STOP,PolygonStop,0.2684,-0.0769,0.2684,0.0,0.0
132.527,223.9,-3.451,2.7825,-1.7527,-0.019,-0.01,480,8,100,283,0.2407,0.2209,STOP,PolygonStop,0.2684,-0.0769,0.2684,0.0,0.0
132.626,224.0,-3.451,2.7825,-1.7527,-0.019,-0.01,480,8,100,283,0.2407,0.2209,STOP,PolygonStop,0.2684,-0.0769,0.2684,0.0,0.0
132.726,224.1,-3.451,2.7825,-1.7527,-0.019,-0.01,480,8,100,283,0.2407,0.2209,STOP,PolygonStop,0.2684,-0.0769,0.2684,0.0,0.0
132.828,224.2,-3.451,2.7825,-1.7527,-0.019,-0.01,480,8,100,283,0.2407,0.2209,STOP,PolygonStop,0.2684,-0.0769,0.2684,0.0,0.0
132.927,224.3,-3.451,2.7825,-1.7527,-0.019,-0.01,480,8,100,283,0.2407,0.2209,STOP,PolygonStop,0.2684,-0.0769,0.2684,0.0,0.0
133.031,224.4,-3.451,2.7825,-1.7527,-0.019,-0.01,480,8,100,283,0.2407,0.2209,STOP,PolygonStop,0.2684,-0.0769,0.2684,0.0,0.0
133.127,224.5,-3.451,2.7825,-1.7527,-0.019,-0.01,480,8,100,283,0.2407,0.2209,STOP,PolygonStop,0.2684,-0.0769,0.2684,0.0,0.0
133.232,224.6,-3.451,2.7825,-1.7527,-0.019,-0.01,480,8,100,283,0.2407,0.2209,STOP,PolygonStop,0.2684,-0.0769,0.2684,0.0,0.0
133.327,224.7,-3.451,2.7825,-1.7527,-0.019,-0.01,480,8,100,283,0.2407,0.2209,STOP,PolygonStop,0.2684,-0.0769,0.2684,0.0,0.0
133.431,224.8,-3.451,2.7825,-1.7527,-0.019,-0.01,480,8,100,283,0.2407,0.2209,STOP,PolygonStop,0.2684,-0.0769,0.2684,0.0,0.0
133.527,224.9,-3.451,2.7825,-1.7527,-0.019,-0.01,480,8,100,283,0.2407,0.2209,STOP,PolygonStop,0.2684,-0.0769,0.2684,0.0,0.0
133.628,225.0,-3.451,2.7825,-1.7527,-0.019,-0.01,480,8,100,283,0.2407,0.2209,STOP,PolygonStop,0.2684,-0.0769,0.2684,0.0,0.0
133.729,225.1,-3.451,2.7825,-1.7527,-0.019,-0.01,480,8,100,283,0.2407,0.2209,STOP,PolygonStop,0.2684,-0.0769,0.2684,0.0,0.0
133.832,225.2,-3.451,2.7825,-1.7527,-0.019,-0.01,480,8,100,283,0.2407,0.2209,STOP,PolygonStop,0.2684,-0.0769,0.2684,0.0,0.0
133.927,225.3,-3.451,2.7825,-1.7527,-0.019,-0.01,480,8,100,283,0.2407,0.2209,STOP,PolygonStop,0.2684,-0.0769,0.2684,0.0,0.0
134.03,225.4,-3.451,2.7825,-1.7527,-0.019,-0.01,480,8,100,283,0.2407,0.2209,STOP,PolygonStop,0.2684,-0.0769,0.2684,0.0,0.0
134.128,225.5,-3.451,2.7825,-1.7527,-0.019,-0.01,480,8,100,283,0.2407,0.2209,STOP,PolygonStop,0.2684,-0.0769,0.2684,0.0,0.0
134.226,225.6,-3.451,2.7825,-1.7527,-0.019,-0.01,480,8,100,283,0.2407,0.2209,STOP,PolygonStop,0.2684,-0.0769,0.2684,0.0,0.0
134.328,225.7,-3.451,2.7825,-1.7527,-0.019,-0.01,480,8,100,283,0.2407,0.2209,STOP,PolygonStop,0.2684,-0.0769,0.2684,0.0,0.0
134.428,225.8,-3.451,2.7825,-1.7527,-0.019,-0.01,480,8,100,283,0.2407,0.2209,STOP,PolygonStop,0.2684,-0.0769,0.2684,0.0,0.0
134.527,225.9,-3.451,2.7825,-1.7527,-0.019,-0.01,480,8,100,283,0.2407,0.2209,STOP,PolygonStop,0.2684,-0.0769,0.2684,0.0,0.0
134.627,226.0,-3.451,2.7825,-1.7527,-0.019,-0.01,480,8,100,283,0.2407,0.2209,STOP,PolygonStop,0.2684,-0.0769,0.2684,0.0,0.0
134.73,226.1,-3.451,2.7825,-1.7527,-0.019,-0.01,480,8,100,283,0.2407,0.2209,STOP,PolygonStop,0.2684,-0.0769,0.2684,0.0,0.0
134.83,226.2,-3.451,2.7825,-1.7527,-0.019,-0.01,480,8,100,283,0.2407,0.2209,STOP,PolygonStop,0.2684,-0.0769,0.2684,0.0,0.0
134.93,226.3,-3.451,2.7825,-1.7527,-0.019,-0.01,480,8,100,283,0.2407,0.2209,STOP,PolygonStop,0.2684,-0.0769,0.2684,0.0,0.0
135.03,226.4,-3.451,2.7825,-1.7527,-0.019,-0.01,480,8,100,283,0.2407,0.2209,STOP,PolygonStop,0.2684,-0.0769,0.2684,0.0,0.0
135.132,226.5,-3.451,2.7825,-1.7527,-0.019,-0.01,480,8,100,283,0.2407,0.2209,STOP,PolygonStop,0.2684,-0.0769,0.2684,0.0,0.0
135.23,226.6,-3.451,2.7825,-1.7527,-0.019,-0.01,480,8,100,283,0.2407,0.2209,STOP,PolygonStop,0.2684,-0.0769,0.2684,0.0,0.0
135.329,226.7,-3.451,2.7825,-1.7527,-0.019,-0.01,480,8,100,283,0.2407,0.2209,STOP,PolygonStop,0.2684,-0.0769,0.2684,0.0,0.0
135.432,226.8,-3.451,2.7825,-1.7527,-0.019,-0.01,480,8,100,283,0.2407,0.2209,STOP,PolygonStop,0.2684,-0.0769,0.2684,0.0,0.0
135.53,226.9,-3.451,2.7825,-1.7527,-0.019,-0.01,480,8,100,283,0.2407,0.2209,STOP,PolygonStop,0.2684,-0.0769,0.2684,0.0,0.0
135.641,227.0,-3.451,2.7825,-1.7527,-0.019,-0.01,480,8,100,283,0.2407,0.2209,STOP,PolygonStop,0.2684,-0.0769,0.2684,0.0,0.0
135.728,227.1,-3.451,2.7825,-1.7527,-0.019,-0.01,480,8,100,283,0.2407,0.2209,STOP,PolygonStop,0.2684,-0.0769,0.2684,0.0,0.0
135.836,227.2,-3.451,2.7825,-1.7527,-0.019,-0.01,480,8,100,283,0.2407,0.2209,STOP,PolygonStop,0.2684,-0.0769,0.2684,0.0,0.0
135.94,227.3,-3.451,2.7825,-1.7527,-0.019,-0.01,480,8,100,283,0.2407,0.2209,STOP,PolygonStop,0.2684,-0.0769,0.2684,0.0,0.0
136.039,227.4,-3.451,2.7825,-1.7527,-0.019,-0.01,480,8,100,283,0.2407,0.2209,STOP,PolygonStop,0.2684,-0.0769,0.2684,0.0,0.0
136.137,227.5,-3.451,2.7825,-1.7527,-0.019,-0.01,480,8,100,283,0.2407,0.2209,STOP,PolygonStop,0.2684,-0.0769,0.2684,0.0,0.0
136.239,227.6,-3.451,2.7825,-1.7527,-0.019,-0.01,480,8,100,283,0.2407,0.2209,STOP,PolygonStop,0.2684,-0.0769,0.2684,0.0,0.0
136.342,227.7,-3.451,2.7825,-1.7527,-0.019,-0.01,480,8,100,283,0.2407,0.2209,STOP,PolygonStop,0.2684,-0.0769,0.2684,0.0,0.0
136.437,227.8,-3.451,2.7825,-1.7527,-0.019,-0.01,480,8,100,283,0.2407,0.2209,STOP,PolygonStop,0.2684,-0.0769,0.2684,0.0,0.0
136.544,227.9,-3.451,2.7825,-1.7527,-0.019,-0.01,480,8,100,283,0.2407,0.2209,STOP,PolygonStop,0.2684,-0.0769,0.2684,0.0,0.0
136.637,228.0,-3.451,2.7825,-1.7527,-0.019,-0.01,480,8,100,283,0.2407,0.2209,STOP,PolygonStop,0.2684,-0.0769,0.2684,0.0,0.0
136.742,228.1,-3.451,2.7825,-1.7527,-0.019,-0.01,480,8,100,283,0.2407,0.2209,STOP,PolygonStop,0.2684,-0.0769,0.2684,0.0,0.0
136.837,228.2,-3.451,2.7825,-1.7527,-0.019,-0.01,480,8,100,283,0.2407,0.2209,STOP,PolygonStop,0.2684,-0.0769,0.2684,0.0,0.0
136.941,228.3,-3.451,2.7825,-1.7527,-0.019,-0.01,480,8,100,283,0.2407,0.2209,STOP,PolygonStop,0.2684,-0.0769,0.2684,0.0,0.0
137.037,228.4,-3.451,2.7825,-1.7527,-0.019,-0.01,480,8,100,283,0.2407,0.2209,STOP,PolygonStop,0.2684,-0.0769,0.2684,0.0,0.0
137.142,228.5,-3.451,2.7825,-1.7527,-0.019,-0.01,480,8,100,283,0.2407,0.2209,STOP,PolygonStop,0.2684,-0.0769,0.2684,0.0,0.0
137.239,228.6,-3.451,2.7825,-1.7527,-0.019,-0.01,480,8,100,283,0.2407,0.2209,STOP,PolygonStop,0.2684,-0.0769,0.2684,0.0,0.0
137.337,228.7,-3.451,2.7825,-1.7527,-0.019,-0.01,480,8,100,283,0.2407,0.2209,STOP,PolygonStop,0.2684,-0.0769,0.2684,0.0,0.0
137.439,228.8,-3.451,2.7825,-1.7527,-0.019,-0.01,480,8,100,283,0.2407,0.2209,STOP,PolygonStop,0.2684,-0.0769,0.2684,0.0,0.0
137.541,228.9,-3.451,2.7825,-1.7527,-0.019,-0.01,480,8,100,283,0.2407,0.2209,STOP,PolygonStop,0.2684,-0.0769,0.2684,0.0,0.0
137.637,229.0,-3.451,2.7825,-1.7527,-0.019,-0.01,480,8,100,283,0.2407,0.2209,STOP,PolygonStop,0.2684,-0.0769,0.2684,0.0,0.0
137.736,229.1,-3.451,2.7825,-1.7527,-0.019,-0.01,480,8,100,283,0.2407,0.2209,STOP,PolygonStop,0.2684,-0.0769,0.2684,0.0,0.0
137.838,229.2,-3.451,2.7825,-1.7527,-0.019,-0.01,480,8,100,283,0.2407,0.2209,STOP,PolygonStop,0.2684,-0.0769,0.2684,0.0,0.0
137.937,229.3,-3.451,2.7825,-1.7527,-0.019,-0.01,480,8,100,283,0.2407,0.2209,STOP,PolygonStop,0.2684,-0.0769,0.2684,0.0,0.0
138.037,229.4,-3.451,2.7825,-1.7527,-0.019,-0.01,480,8,100,283,0.2407,0.2209,STOP,PolygonStop,0.2684,-0.0769,0.2684,0.0,0.0
138.138,229.5,-3.451,2.7825,-1.7527,-0.019,-0.01,480,8,100,283,0.2407,0.2209,STOP,PolygonStop,0.2684,-0.0769,0.2684,0.0,0.0
138.239,229.6,-3.451,2.7825,-1.7527,-0.019,-0.01,480,8,100,283,0.2407,0.2209,STOP,PolygonStop,0.2684,-0.0769,0.2684,0.0,0.0
138.337,229.7,-3.451,2.7825,-1.7527,-0.019,-0.01,480,8,100,283,0.2407,0.2209,STOP,PolygonStop,0.2684,-0.0769,0.2684,0.0,0.0
138.441,229.8,-3.451,2.7825,-1.7527,-0.019,-0.01,480,8,100,283,0.2407,0.2209,STOP,PolygonStop,0.2684,-0.0769,0.2684,0.0,0.0
138.537,229.9,-3.451,2.7825,-1.7527,-0.019,-0.01,480,8,100,283,0.2407,0.2209,STOP,PolygonStop,0.2684,-0.0769,0.2684,0.0,0.0
138.637,230.0,-3.451,2.7825,-1.7527,-0.019,-0.01,480,8,100,283,0.2407,0.2209,STOP,PolygonStop,0.2684,-0.0769,0.2684,0.0,0.0
138.738,230.1,-3.451,2.7825,-1.7527,-0.019,-0.01,480,8,100,283,0.2407,0.2209,STOP,PolygonStop,0.2684,-0.0769,0.2684,0.0,0.0
138.837,230.2,-3.451,2.7825,-1.7527,-0.019,-0.01,480,8,100,283,0.2407,0.2209,STOP,PolygonStop,0.2684,-0.0769,0.2684,0.0,0.0
138.938,230.3,-3.451,2.7825,-1.7527,-0.019,-0.01,480,8,100,283,0.2407,0.2209,STOP,PolygonStop,0.2684,-0.0769,0.2684,0.0,0.0
139.042,230.4,-3.451,2.7825,-1.7527,-0.019,-0.01,480,8,100,283,0.2407,0.2209,STOP,PolygonStop,0.2684,-0.0769,0.2684,0.0,0.0
139.138,230.5,-3.451,2.7825,-1.7527,-0.019,-0.01,480,8,100,283,0.2407,0.2209,STOP,PolygonStop,0.2684,-0.0769,0.2684,0.0,0.0
139.238,230.6,-3.451,2.7825,-1.7527,-0.019,-0.01,480,8,100,283,0.2407,0.2209,STOP,PolygonStop,0.2684,-0.0769,0.2684,0.0,0.0
139.339,230.7,-3.451,2.7825,-1.7527,-0.019,-0.01,480,8,100,283,0.2407,0.2209,STOP,PolygonStop,0.2684,-0.0769,0.2684,0.0,0.0
139.438,230.8,-3.451,2.7825,-1.7527,-0.019,-0.01,480,8,100,283,0.2407,0.2209,STOP,PolygonStop,0.2684,-0.0769,0.2684,0.0,0.0
139.54,230.9,-3.451,2.7825,-1.7527,-0.019,-0.01,480,8,100,283,0.2407,0.2209,STOP,PolygonStop,0.2684,-0.0769,0.2684,0.0,0.0
139.65,231.0,-3.451,2.7825,-1.7527,-0.019,-0.01,480,8,100,283,0.2407,0.2209,STOP,PolygonStop,0.2684,-0.0769,0.2684,0.0,0.0
139.743,231.1,-3.451,2.7825,-1.7527,-0.019,-0.01,480,8,100,283,0.2407,0.2209,STOP,PolygonStop,0.2684,-0.0769,0.2684,0.0,0.0
139.85,231.2,-3.451,2.7825,-1.7527,-0.019,-0.01,480,8,100,283,0.2407,0.2209,STOP,PolygonStop,0.2684,-0.0769,0.2684,0.0,0.0
139.94,231.3,-3.451,2.7825,-1.7527,-0.019,-0.01,480,8,100,283,0.2407,0.2209,STOP,PolygonStop,0.2684,-0.0769,0.2684,0.0,0.0
140.046,231.4,-3.451,2.7825,-1.7527,-0.019,-0.01,480,8,100,283,0.2407,0.2209,STOP,PolygonStop,0.2684,-0.0769,0.2684,0.0,0.0
140.143,231.5,-3.451,2.7825,-1.7527,-0.019,-0.01,480,8,100,283,0.2407,0.2209,STOP,PolygonStop,0.2684,-0.0769,0.2684,0.0,0.0
140.254,231.6,-3.451,2.7825,-1.7527,-0.019,-0.01,480,8,100,283,0.2407,0.2209,STOP,PolygonStop,0.2684,-0.0769,0.2684,0.0,0.0
140.347,231.7,-3.451,2.7825,-1.7527,-0.019,-0.01,480,8,100,283,0.2407,0.2209,STOP,PolygonStop,0.2684,-0.0769,0.2684,0.0,0.0
140.446,231.8,-3.451,2.7825,-1.7527,-0.019,-0.01,480,8,100,283,0.2407,0.2209,STOP,PolygonStop,0.2684,-0.0769,0.2684,0.0,0.0
140.544,231.9,-3.451,2.7825,-1.7527,-0.019,-0.01,480,8,100,283,0.2407,0.2209,STOP,PolygonStop,0.2684,-0.0769,0.2684,0.0,0.0
140.645,232.0,-3.451,2.7825,-1.7527,-0.019,-0.01,480,8,100,283,0.2407,0.2209,STOP,PolygonStop,0.2684,-0.0769,0.2684,0.0,0.0
140.743,232.1,-3.451,2.7825,-1.7527,-0.019,-0.01,480,8,100,283,0.2407,0.2209,STOP,PolygonStop,0.2684,-0.0769,0.2684,0.0,0.0
140.845,232.2,-3.451,2.7825,-1.7527,-0.019,-0.01,480,8,100,283,0.2407,0.2209,STOP,PolygonStop,0.2684,-0.0769,0.2684,0.0,0.0
140.944,232.3,-3.451,2.7825,-1.7527,-0.019,-0.01,480,8,100,283,0.2407,0.2209,STOP,PolygonStop,0.2684,-0.0769,0.2684,0.0,0.0
141.044,232.4,-3.451,2.7825,-1.7527,-0.019,-0.01,480,8,100,283,0.2407,0.2209,STOP,PolygonStop,0.2684,-0.0769,0.2684,0.0,0.0
141.143,232.5,-3.451,2.7825,-1.7527,-0.019,-0.01,480,8,100,283,0.2407,0.2209,STOP,PolygonStop,0.2684,-0.0769,0.2684,0.0,0.0
141.244,232.6,-3.451,2.7825,-1.7527,-0.019,-0.01,480,8,100,283,0.2407,0.2209,STOP,PolygonStop,0.2684,-0.0769,0.2684,0.0,0.0
141.346,232.7,-3.451,2.7825,-1.7527,-0.019,-0.01,480,8,100,283,0.2407,0.2209,STOP,PolygonStop,0.2684,-0.0769,0.2684,0.0,0.0
141.448,232.8,-3.451,2.7825,-1.7527,-0.019,-0.01,480,8,100,283,0.2407,0.2209,STOP,PolygonStop,0.2684,-0.0769,0.2684,0.0,0.0
141.548,232.9,-3.451,2.7825,-1.7527,-0.019,-0.01,480,8,100,283,0.2407,0.2209,STOP,PolygonStop,0.2684,-0.0769,0.2684,0.0,0.0
141.647,233.0,-3.451,2.7825,-1.7527,-0.019,-0.01,480,8,100,283,0.2407,0.2209,STOP,PolygonStop,0.2684,-0.0769,0.2684,0.0,0.0
141.747,233.1,-3.451,2.7825,-1.7527,-0.019,-0.01,480,8,100,283,0.2407,0.2209,STOP,PolygonStop,0.2684,-0.0769,0.2684,0.0,0.0
141.852,233.2,-3.451,2.7825,-1.7527,-0.019,-0.01,480,8,100,283,0.2407,0.2209,STOP,PolygonStop,0.2684,-0.0769,0.2684,0.0,0.0
141.95,233.3,-3.451,2.7825,-1.7527,-0.019,-0.01,480,8,100,283,0.2407,0.2209,STOP,PolygonStop,0.2684,-0.0769,0.2684,0.0,0.0
142.049,233.4,-3.451,2.7825,-1.7527,-0.019,-0.01,480,8,100,283,0.2407,0.2209,STOP,PolygonStop,0.2684,-0.0769,0.2684,0.0,0.0
142.147,233.5,-3.451,2.7825,-1.7527,-0.019,-0.01,480,8,100,283,0.2407,0.2209,STOP,PolygonStop,0.2684,-0.0769,0.2684,0.0,0.0
142.246,233.6,-3.451,2.7825,-1.7527,-0.019,-0.01,480,8,100,283,0.2407,0.2209,STOP,PolygonStop,0.2684,-0.0769,0.2684,0.0,0.0
142.347,233.7,-3.451,2.7825,-1.7527,-0.019,-0.01,480,8,100,283,0.2407,0.2209,STOP,PolygonStop,0.0,0.0,0.1434,0.0,0.0
142.45,233.8,-3.451,2.7825,-1.7527,-0.019,-0.01,480,8,100,283,0.2407,0.2209,STOP,PolygonStop,0.0,0.0,0.0,0.0,0.0
142.547,233.9,-3.451,2.7825,-1.7527,-0.019,-0.01,480,8,100,283,0.2407,0.2209,STOP,PolygonStop,0.2684,-0.0769,0.125,0.0,0.0
142.65,234.0,-3.451,2.7825,-1.7527,-0.019,-0.01,480,8,100,283,0.2407,0.2209,STOP,PolygonStop,0.2684,-0.0769,0.2684,0.0,0.0
142.751,234.1,-3.451,2.7825,-1.7527,-0.019,-0.01,480,8,100,283,0.2407,0.2209,STOP,PolygonStop,0.2684,-0.0769,0.2684,0.0,0.0
142.855,234.2,-3.451,2.7825,-1.7527,-0.019,-0.01,480,8,100,283,0.2407,0.2209,STOP,PolygonStop,0.2684,-0.0769,0.2684,0.0,0.0
142.968,234.3,-3.451,2.7825,-1.7527,-0.019,-0.01,480,8,100,283,0.2407,0.2209,STOP,PolygonStop,0.2684,-0.0769,0.2684,0.0,0.0
143.056,234.4,-3.451,2.7825,-1.7527,-0.019,-0.01,480,8,100,283,0.2407,0.2209,STOP,PolygonStop,0.2684,-0.0769,0.2684,0.0,0.0
143.17,234.5,-3.451,2.7825,-1.7527,-0.019,-0.01,480,8,100,283,0.2407,0.2209,STOP,PolygonStop,0.2684,-0.0769,0.2684,0.0,0.0
143.255,234.6,-3.451,2.7825,-1.7527,-0.019,-0.01,480,8,100,283,0.2407,0.2209,STOP,PolygonStop,0.2684,-0.0769,0.2684,0.0,0.0
143.367,234.7,-3.451,2.7825,-1.7527,-0.019,-0.01,480,8,100,283,0.2407,0.2209,STOP,PolygonStop,0.2684,-0.0769,0.2684,0.0,0.0
143.466,234.8,-3.451,2.7825,-1.7527,-0.019,-0.01,480,8,100,283,0.2407,0.2209,STOP,PolygonStop,0.2684,-0.0769,0.2684,0.0,0.0
143.574,234.9,-3.451,2.7825,-1.7527,-0.019,-0.01,480,8,100,283,0.2407,0.2209,STOP,PolygonStop,0.2684,-0.0769,0.2684,0.0,0.0
143.672,235.0,-3.451,2.7825,-1.7527,-0.019,-0.01,480,8,100,283,0.2407,0.2209,STOP,PolygonStop,0.2684,-0.0769,0.2684,0.0,0.0
143.779,235.1,-3.451,2.7825,-1.7527,-0.019,-0.01,480,8,100,283,0.2407,0.2209,STOP,PolygonStop,0.2684,-0.0769,0.2684,0.0,0.0
143.877,235.2,-3.451,2.7825,-1.7527,-0.019,-0.01,480,8,100,283,0.2407,0.2209,STOP,PolygonStop,0.2684,-0.0769,0.2684,0.0,0.0
143.985,235.3,-3.451,2.7825,-1.7527,-0.019,-0.01,480,8,100,283,0.2407,0.2209,STOP,PolygonStop,0.2684,-0.0769,0.2684,0.0,0.0
144.081,235.4,-3.451,2.7825,-1.7527,-0.019,-0.01,480,8,100,283,0.2407,0.2209,STOP,PolygonStop,0.2684,-0.0769,0.2684,0.0,0.0
144.191,235.5,-3.451,2.7825,-1.7527,-0.019,-0.01,480,8,100,283,0.2407,0.2209,STOP,PolygonStop,0.2684,-0.0769,0.2684,0.0,0.0
144.291,235.6,-3.451,2.7825,-1.7527,-0.019,-0.01,480,8,100,283,0.2407,0.2209,STOP,PolygonStop,0.2684,-0.0769,0.2684,0.0,0.0
144.384,235.7,-3.451,2.7825,-1.7527,-0.019,-0.01,480,8,100,283,0.2407,0.2209,STOP,PolygonStop,0.2684,-0.0769,0.2684,0.0,0.0
144.511,235.8,-3.451,2.7825,-1.7527,-0.019,-0.01,480,8,100,283,0.2407,0.2209,STOP,PolygonStop,0.2684,-0.0769,0.2684,0.0,0.0
144.642,235.9,-3.451,2.7825,-1.7527,-0.019,-0.01,480,8,100,283,0.2407,0.2209,STOP,PolygonStop,0.2684,-0.0769,0.2684,0.0,0.0
144.721,236.0,-3.451,2.7825,-1.7527,-0.019,-0.01,480,8,100,283,0.2407,0.2209,STOP,PolygonStop,0.2684,-0.0769,0.2684,0.0,0.0
144.822,236.1,-3.451,2.7825,-1.7527,-0.019,-0.01,480,8,100,283,0.2407,0.2209,STOP,PolygonStop,0.2684,-0.0769,0.2684,0.0,0.0
144.921,236.2,-3.451,2.7825,-1.7527,-0.019,-0.01,480,8,100,283,0.2407,0.2209,STOP,PolygonStop,0.2684,-0.0769,0.2684,0.0,0.0
145.021,236.3,-3.451,2.7825,-1.7527,-0.019,-0.01,480,8,100,283,0.2407,0.2209,STOP,PolygonStop,0.2684,-0.0769,0.2684,0.0,0.0
145.122,236.4,-3.451,2.7825,-1.7527,-0.019,-0.01,480,8,100,283,0.2407,0.2209,STOP,PolygonStop,0.2684,-0.0769,0.2684,0.0,0.0
145.22,236.5,-3.451,2.7825,-1.7527,-0.019,-0.01,480,8,100,283,0.2407,0.2209,STOP,PolygonStop,0.2684,-0.0769,0.2684,0.0,0.0
145.32,236.6,-3.451,2.7825,-1.7527,-0.019,-0.01,480,8,100,283,0.2407,0.2209,STOP,PolygonStop,0.2684,-0.0769,0.2684,0.0,0.0
145.421,236.7,-3.451,2.7825,-1.7527,-0.019,-0.01,480,8,100,283,0.2407,0.2209,STOP,PolygonStop,0.2684,-0.0769,0.2684,0.0,0.0
145.521,236.8,-3.451,2.7825,-1.7527,-0.019,-0.01,480,8,100,283,0.2407,0.2209,STOP,PolygonStop,0.2684,-0.0769,0.2684,0.0,0.0
145.622,236.9,-3.451,2.7825,-1.7527,-0.019,-0.01,480,8,100,283,0.2407,0.2209,STOP,PolygonStop,0.2684,-0.0769,0.2684,0.0,0.0
145.724,237.0,-3.451,2.7825,-1.7527,-0.019,-0.01,480,8,100,283,0.2407,0.2209,STOP,PolygonStop,0.2684,-0.0769,0.2684,0.0,0.0
145.822,237.1,-3.451,2.7825,-1.7527,-0.019,-0.01,480,8,100,283,0.2407,0.2209,STOP,PolygonStop,0.2684,-0.0769,0.2684,0.0,0.0
145.92,237.2,-3.451,2.7825,-1.7527,-0.019,-0.01,480,8,100,283,0.2407,0.2209,STOP,PolygonStop,0.2684,-0.0769,0.2684,0.0,0.0
146.02,237.3,-3.451,2.7825,-1.7527,-0.019,-0.01,480,8,100,283,0.2407,0.2209,STOP,PolygonStop,0.2684,-0.0769,0.2684,0.0,0.0
146.12,237.4,-3.451,2.7825,-1.7527,-0.019,-0.01,480,8,100,283,0.2407,0.2209,STOP,PolygonStop,0.2684,-0.0769,0.2684,0.0,0.0
146.224,237.5,-3.451,2.7825,-1.7527,-0.019,-0.01,480,8,100,283,0.2407,0.2209,STOP,PolygonStop,0.2684,-0.0769,0.2684,0.0,0.0
146.328,237.6,-3.451,2.7825,-1.7527,-0.019,-0.01,480,8,100,283,0.2407,0.2209,STOP,PolygonStop,0.2684,-0.0769,0.2684,0.0,0.0
146.422,237.7,-3.451,2.7825,-1.7527,-0.019,-0.01,480,8,100,283,0.2407,0.2209,STOP,PolygonStop,0.2684,-0.0769,0.2684,0.0,0.0
146.528,237.8,-3.451,2.7825,-1.7527,-0.019,-0.01,480,8,100,283,0.2407,0.2209,STOP,PolygonStop,0.2684,-0.0769,0.2684,0.0,0.0
146.625,237.9,-3.451,2.7825,-1.7527,-0.019,-0.01,480,8,100,283,0.2407,0.2209,STOP,PolygonStop,0.2684,-0.0769,0.2684,0.0,0.0
146.728,238.0,-3.451,2.7825,-1.7527,-0.019,-0.01,480,8,100,283,0.2407,0.2209,STOP,PolygonStop,0.2684,-0.0769,0.2684,0.0,0.0
146.826,238.1,-3.451,2.7825,-1.7527,-0.019,-0.01,480,8,100,283,0.2407,0.2209,STOP,PolygonStop,0.2684,-0.0769,0.2684,0.0,0.0
146.931,238.2,-3.451,2.7825,-1.7527,-0.019,-0.01,480,8,100,283,0.2407,0.2209,STOP,PolygonStop,0.2684,-0.0769,0.2684,0.0,0.0
147.028,238.3,-3.451,2.7825,-1.7527,-0.019,-0.01,480,8,100,283,0.2407,0.2209,STOP,PolygonStop,0.2684,-0.0769,0.2684,0.0,0.0
147.133,238.4,-3.451,2.7825,-1.7527,-0.019,-0.01,480,8,100,283,0.2407,0.2209,STOP,PolygonStop,0.2684,-0.0769,0.2684,0.0,0.0
147.232,238.5,-3.451,2.7825,-1.7527,-0.019,-0.01,480,8,100,283,0.2407,0.2209,STOP,PolygonStop,0.2684,-0.0769,0.2684,0.0,0.0
147.334,238.6,-3.451,2.7825,-1.7527,-0.019,-0.01,480,8,100,283,0.2407,0.2209,STOP,PolygonStop,0.2684,-0.0769,0.2684,0.0,0.0
147.43,238.7,-3.451,2.7825,-1.7527,-0.019,-0.01,480,8,100,283,0.2407,0.2209,STOP,PolygonStop,0.2684,-0.0769,0.2684,0.0,0.0
147.532,238.8,-3.451,2.7825,-1.7527,-0.019,-0.01,480,8,100,283,0.2407,0.2209,STOP,PolygonStop,0.2684,-0.0769,0.2684,0.0,0.0
147.633,238.9,-3.451,2.7825,-1.7527,-0.019,-0.01,480,8,100,283,0.2407,0.2209,STOP,PolygonStop,0.2684,-0.0769,0.2684,0.0,0.0
147.732,239.0,-3.451,2.7825,-1.7527,-0.019,-0.01,480,8,100,283,0.2407,0.2209,STOP,PolygonStop,0.2684,-0.0769,0.2684,0.0,0.0
147.832,239.1,-3.451,2.7825,-1.7527,-0.019,-0.01,480,8,100,283,0.2407,0.2209,STOP,PolygonStop,0.2684,-0.0769,0.2684,0.0,0.0
147.936,239.2,-3.451,2.7825,-1.7527,-0.019,-0.01,480,8,100,283,0.2407,0.2209,STOP,PolygonStop,0.2684,-0.0769,0.2684,0.0,0.0
148.031,239.3,-3.451,2.7825,-1.7527,-0.019,-0.01,480,8,100,283,0.2407,0.2209,STOP,PolygonStop,0.2684,-0.0769,0.2684,0.0,0.0
148.132,239.4,-3.451,2.7825,-1.7527,-0.019,-0.01,480,8,100,283,0.2407,0.2209,STOP,PolygonStop,0.2684,-0.0769,0.2684,0.0,0.0
148.231,239.5,-3.451,2.7825,-1.7527,-0.019,-0.01,480,8,100,283,0.2407,0.2209,STOP,PolygonStop,0.2684,-0.0769,0.2684,0.0,0.0
148.332,239.6,-3.451,2.7825,-1.7527,-0.019,-0.01,480,8,100,283,0.2407,0.2209,STOP,PolygonStop,0.2684,-0.0769,0.2684,0.0,0.0
148.431,239.7,-3.451,2.7825,-1.7527,-0.019,-0.01,480,8,100,283,0.2407,0.2209,STOP,PolygonStop,0.2684,-0.0769,0.2684,0.0,0.0
148.535,239.8,-3.451,2.7825,-1.7527,-0.019,-0.01,480,8,100,283,0.2407,0.2209,STOP,PolygonStop,0.2684,-0.0769,0.2684,0.0,0.0
148.634,239.9,-3.451,2.7825,-1.7527,-0.019,-0.01,480,8,100,283,0.2407,0.2209,STOP,PolygonStop,0.2684,-0.0769,0.2684,0.0,0.0
148.735,240.0,-3.451,2.7825,-1.7527,-0.019,-0.01,480,8,100,283,0.2407,0.2209,STOP,PolygonStop,0.2684,-0.0769,0.2684,0.0,0.0
148.834,240.1,-3.451,2.7825,-1.7527,-0.019,-0.01,480,8,100,283,0.2407,0.2209,STOP,PolygonStop,0.2684,-0.0769,0.2684,0.0,0.0
148.935,240.2,-3.451,2.7825,-1.7527,-0.019,-0.01,480,8,100,283,0.2407,0.2209,STOP,PolygonStop,0.2684,-0.0769,0.2684,0.0,0.0
149.034,240.3,-3.451,2.7825,-1.7527,-0.019,-0.01,480,8,100,283,0.2407,0.2209,STOP,PolygonStop,0.2684,-0.0769,0.2684,0.0,0.0
149.134,240.4,-3.451,2.7825,-1.7527,-0.019,-0.01,480,8,100,283,0.2407,0.2209,STOP,PolygonStop,0.2684,-0.0769,0.2684,0.0,0.0
149.24,240.5,-3.451,2.7825,-1.7527,-0.019,-0.01,480,8,100,283,0.2407,0.2209,STOP,PolygonStop,0.2684,-0.0769,0.2684,0.0,0.0
149.342,240.6,-3.451,2.7825,-1.7527,-0.019,-0.01,480,8,100,283,0.2407,0.2209,STOP,PolygonStop,0.2684,-0.0769,0.2684,0.0,0.0
149.443,240.7,-3.451,2.7825,-1.7527,-0.019,-0.01,480,8,100,283,0.2407,0.2209,STOP,PolygonStop,0.2684,-0.0769,0.2684,0.0,0.0
149.554,240.8,-3.451,2.7825,-1.7527,-0.019,-0.01,480,8,100,283,0.2407,0.2209,STOP,PolygonStop,0.2684,-0.0769,0.2684,0.0,0.0
149.664,240.9,-3.451,2.7825,-1.7527,-0.019,-0.01,480,8,100,283,0.2407,0.2209,STOP,PolygonStop,0.2684,-0.0769,0.2684,0.0,0.0
149.748,241.0,-3.451,2.7825,-1.7527,-0.019,-0.01,480,8,100,283,0.2407,0.2209,STOP,PolygonStop,0.2684,-0.0769,0.2684,0.0,0.0
149.863,241.1,-3.451,2.7825,-1.7527,-0.019,-0.01,480,8,100,283,0.2407,0.2209,STOP,PolygonStop,0.2684,-0.0769,0.2684,0.0,0.0
149.948,241.2,-3.451,2.7825,-1.7527,-0.019,-0.01,480,8,100,283,0.2407,0.2209,STOP,PolygonStop,0.2684,-0.0769,0.2684,0.0,0.0
150.056,241.3,-3.451,2.7825,-1.7527,-0.019,-0.01,480,8,100,283,0.2407,0.2209,STOP,PolygonStop,0.2684,-0.0769,0.2684,0.0,0.0
150.155,241.4,-3.451,2.7825,-1.7527,-0.019,-0.01,480,8,100,283,0.2407,0.2209,STOP,PolygonStop,0.2684,-0.0769,0.2684,0.0,0.0
150.26,241.5,-3.451,2.7825,-1.7527,-0.019,-0.01,480,8,100,283,0.2407,0.2209,STOP,PolygonStop,0.2684,-0.0769,0.2684,0.0,0.0
150.36,241.6,-3.451,2.7825,-1.7527,-0.019,-0.01,480,8,100,283,0.2407,0.2209,STOP,PolygonStop,0.2684,-0.0769,0.2684,0.0,0.0
150.471,241.7,-3.451,2.7825,-1.7527,-0.019,-0.01,480,8,100,283,0.2407,0.2209,STOP,PolygonStop,0.2684,-0.0769,0.2684,0.0,0.0
150.568,241.8,-3.451,2.7825,-1.7527,-0.019,-0.01,480,8,100,283,0.2407,0.2209,STOP,PolygonStop,0.2684,-0.0769,0.2684,0.0,0.0
150.675,241.9,-3.451,2.7825,-1.7527,-0.019,-0.01,480,8,100,283,0.2407,0.2209,STOP,PolygonStop,0.2684,-0.0769,0.2684,0.0,0.0
150.768,242.0,-3.451,2.7825,-1.7527,-0.019,-0.01,480,8,100,283,0.2407,0.2209,STOP,PolygonStop,0.2684,-0.0769,0.2684,0.0,0.0
150.874,242.1,-3.451,2.7825,-1.7527,-0.019,-0.01,480,8,100,283,0.2407,0.2209,STOP,PolygonStop,0.2684,-0.0769,0.2684,0.0,0.0
150.969,242.2,-3.451,2.7825,-1.7527,-0.019,-0.01,480,8,100,283,0.2407,0.2209,STOP,PolygonStop,0.2684,-0.0769,0.2684,0.0,0.0
151.069,242.3,-3.451,2.7825,-1.7527,-0.019,-0.01,480,8,100,283,0.2407,0.2209,STOP,PolygonStop,0.2684,-0.0769,0.2684,0.0,0.0
151.174,242.4,-3.451,2.7825,-1.7527,-0.019,-0.01,480,8,100,283,0.2407,0.2209,STOP,PolygonStop,0.2684,-0.0769,0.2684,0.0,0.0
151.271,242.5,-3.451,2.7825,-1.7527,-0.019,-0.01,480,8,100,283,0.2407,0.2209,STOP,PolygonStop,0.2684,-0.0769,0.2684,0.0,0.0
151.369,242.6,-3.451,2.7825,-1.7527,-0.019,-0.01,480,8,100,283,0.2407,0.2209,STOP,PolygonStop,0.2684,-0.0769,0.2684,0.0,0.0
151.476,242.7,-3.451,2.7825,-1.7527,-0.019,-0.01,480,8,100,283,0.2407,0.2209,STOP,PolygonStop,0.2684,-0.0769,0.2684,0.0,0.0
151.574,242.8,-3.451,2.7825,-1.7527,-0.019,-0.01,480,8,100,283,0.2407,0.2209,STOP,PolygonStop,0.2684,-0.0769,0.2684,0.0,0.0
151.681,242.9,-3.451,2.7825,-1.7527,-0.019,-0.01,480,8,100,283,0.2407,0.2209,STOP,PolygonStop,0.2684,-0.0769,0.2684,0.0,0.0
151.773,243.0,-3.451,2.7825,-1.7527,-0.019,-0.01,480,8,100,283,0.2407,0.2209,STOP,PolygonStop,0.2684,-0.0769,0.2684,0.0,0.0
151.874,243.1,-3.451,2.7825,-1.7527,-0.019,-0.01,480,8,100,283,0.2407,0.2209,STOP,PolygonStop,0.2684,-0.0769,0.2684,0.0,0.0
151.976,243.2,-3.451,2.7825,-1.7527,-0.019,-0.01,480,8,100,283,0.2407,0.2209,STOP,PolygonStop,0.2684,-0.0769,0.2684,0.0,0.0
152.073,243.3,-3.451,2.7825,-1.7527,-0.019,-0.01,480,8,100,283,0.2407,0.2209,STOP,PolygonStop,0.2684,-0.0769,0.2684,0.0,0.0
152.176,243.4,-3.451,2.7825,-1.7527,-0.019,-0.01,480,8,100,283,0.2407,0.2209,STOP,PolygonStop,0.2684,-0.0769,0.2684,0.0,0.0
152.274,243.5,-3.451,2.7825,-1.7527,-0.019,-0.01,480,8,100,283,0.2407,0.2209,STOP,PolygonStop,0.2684,-0.0769,0.2684,0.0,0.0
152.373,243.6,-3.451,2.7825,-1.7527,-0.019,-0.01,480,8,100,283,0.2407,0.2209,STOP,PolygonStop,0.2684,-0.0769,0.2684,0.0,0.0
152.473,243.7,-3.451,2.7825,-1.7527,-0.019,-0.01,480,8,100,283,0.2407,0.2209,STOP,PolygonStop,0.2684,-0.0769,0.2684,0.0,0.0
152.58,243.8,-3.451,2.7825,-1.7527,-0.019,-0.01,480,8,100,283,0.2407,0.2209,STOP,PolygonStop,0.2684,-0.0769,0.2684,0.0,0.0
152.685,243.9,-3.451,2.7825,-1.7527,-0.019,-0.01,480,8,100,283,0.2407,0.2209,STOP,PolygonStop,0.2684,-0.0769,0.2684,0.0,0.0
152.782,244.0,-3.451,2.7825,-1.7527,-0.019,-0.01,480,8,100,283,0.2407,0.2209,STOP,PolygonStop,-0.15,0.0,0.0184,0.0,0.0
152.889,244.1,-3.451,2.7825,-1.7527,-0.019,-0.01,480,8,100,283,0.2407,0.2209,STOP,PolygonStop,-0.15,0.0,-0.15,0.0,0.0
153.052,244.2,-3.451,2.7825,-1.7527,-0.019,-0.01,480,8,100,283,0.2407,0.2209,STOP,PolygonStop,-0.15,0.0,-0.15,0.0,0.0
153.097,244.3,-3.451,2.7825,-1.7527,-0.019,-0.01,480,8,100,283,0.2407,0.2209,STOP,PolygonStop,-0.15,0.0,-0.15,0.0,0.0
153.221,244.4,-3.451,2.7825,-1.7527,-0.019,-0.01,480,8,100,283,0.2407,0.2209,STOP,PolygonStop,-0.15,0.0,-0.15,0.0,0.0
153.289,244.5,-3.451,2.7825,-1.7527,-0.019,-0.01,480,8,100,283,0.2407,0.2209,STOP,PolygonStop,-0.15,0.0,-0.15,0.0,0.0
153.394,244.6,-3.451,2.7825,-1.7527,-0.019,-0.01,480,8,100,283,0.2407,0.2209,STOP,PolygonStop,-0.15,0.0,-0.15,0.0,0.0
153.494,244.7,-3.451,2.7825,-1.7527,-0.019,-0.01,480,8,100,283,0.2407,0.2209,STOP,PolygonStop,-0.15,0.0,-0.15,0.0,0.0
153.595,244.8,-3.451,2.7825,-1.7527,-0.019,-0.01,480,8,100,283,0.2407,0.2209,STOP,PolygonStop,-0.15,0.0,-0.15,0.0,0.0
153.695,244.9,-3.451,2.7825,-1.7527,-0.019,-0.01,480,8,100,283,0.2407,0.2209,STOP,PolygonStop,-0.15,0.0,-0.15,0.0,0.0
153.799,245.0,-3.451,2.7825,-1.7527,-0.019,-0.01,480,8,100,283,0.2407,0.2209,STOP,PolygonStop,-0.15,0.0,-0.15,0.0,0.0
153.893,245.1,-3.451,2.7825,-1.7527,-0.019,-0.01,480,8,100,283,0.2407,0.2209,STOP,PolygonStop,-0.15,0.0,-0.15,0.0,0.0
153.994,245.2,-3.451,2.7825,-1.7527,-0.019,-0.01,480,8,100,283,0.2407,0.2209,STOP,PolygonStop,-0.15,0.0,-0.15,0.0,0.0
154.094,245.3,-3.451,2.7825,-1.7527,-0.019,-0.01,480,8,100,283,0.2407,0.2209,STOP,PolygonStop,-0.15,0.0,-0.15,0.0,0.0
154.197,245.4,-3.451,2.7825,-1.7527,-0.019,-0.01,480,8,100,283,0.2407,0.2209,STOP,PolygonStop,-0.15,0.0,-0.15,0.0,0.0
154.297,245.5,-3.451,2.7825,-1.7527,-0.019,-0.01,480,8,100,283,0.2407,0.2209,STOP,PolygonStop,-0.15,0.0,-0.15,0.0,0.0
154.393,245.6,-3.451,2.7825,-1.7527,-0.019,-0.01,480,8,100,283,0.2407,0.2209,STOP,PolygonStop,-0.15,0.0,-0.15,0.0,0.0
154.495,245.7,-3.451,2.7825,-1.7527,-0.019,-0.01,480,8,100,283,0.2407,0.2209,STOP,PolygonStop,-0.15,0.0,-0.15,0.0,0.0
154.592,245.8,-3.451,2.7825,-1.7527,-0.019,-0.01,480,8,100,283,0.2407,0.2209,STOP,PolygonStop,-0.15,0.0,-0.15,0.0,0.0
154.695,245.9,-3.451,2.7825,-1.7527,-0.019,-0.01,480,8,100,283,0.2407,0.2209,STOP,PolygonStop,-0.15,0.0,-0.15,0.0,0.0
154.793,246.0,-3.451,2.7825,-1.7527,-0.019,-0.01,480,8,100,283,0.2407,0.2209,STOP,PolygonStop,-0.15,0.0,-0.15,0.0,0.0
154.895,246.1,-3.451,2.7825,-1.7527,-0.019,-0.01,480,8,100,283,0.2407,0.2209,STOP,PolygonStop,-0.15,0.0,-0.15,0.0,0.0
154.995,246.2,-3.451,2.7825,-1.7527,-0.019,-0.01,480,8,100,283,0.2407,0.2209,STOP,PolygonStop,-0.15,0.0,-0.15,0.0,0.0
155.093,246.3,-3.451,2.7825,-1.7527,-0.019,-0.01,480,8,100,283,0.2407,0.2209,STOP,PolygonStop,-0.15,0.0,-0.15,0.0,0.0
155.202,246.4,-3.451,2.7825,-1.7527,-0.019,-0.01,480,8,100,283,0.2407,0.2209,STOP,PolygonStop,-0.15,0.0,-0.15,0.0,0.0
155.301,246.5,-3.451,2.7825,-1.7527,-0.019,-0.01,480,8,100,283,0.2407,0.2209,STOP,PolygonStop,-0.15,0.0,-0.15,0.0,0.0
155.401,246.6,-3.451,2.7825,-1.7527,-0.019,-0.01,480,8,100,283,0.2407,0.2209,STOP,PolygonStop,-0.15,0.0,-0.15,0.0,0.0
155.5,246.7,-3.451,2.7825,-1.7527,-0.019,-0.01,480,8,100,283,0.2407,0.2209,STOP,PolygonStop,-0.15,0.0,-0.15,0.0,0.0
155.601,246.8,-3.451,2.7825,-1.7527,-0.019,-0.01,480,8,100,283,0.2407,0.2209,STOP,PolygonStop,-0.15,0.0,-0.15,0.0,0.0
155.7,246.9,-3.451,2.7825,-1.7527,-0.019,-0.01,480,8,100,283,0.2407,0.2209,STOP,PolygonStop,-0.15,0.0,-0.15,0.0,0.0
155.801,247.0,-3.451,2.7825,-1.7527,-0.019,-0.01,480,8,100,283,0.2407,0.2209,STOP,PolygonStop,-0.15,0.0,-0.15,0.0,0.0
155.9,247.1,-3.451,2.7825,-1.7527,-0.019,-0.01,480,8,100,283,0.2407,0.2209,STOP,PolygonStop,-0.15,0.0,-0.15,0.0,0.0
155.998,247.2,-3.451,2.7825,-1.7527,-0.019,-0.01,480,8,100,283,0.2407,0.2209,STOP,PolygonStop,-0.15,0.0,-0.15,0.0,0.0
156.099,247.3,-3.451,2.7825,-1.7527,-0.019,-0.01,480,8,100,283,0.2407,0.2209,STOP,PolygonStop,-0.15,0.0,-0.15,0.0,0.0
156.197,247.4,-3.451,2.7825,-1.7527,-0.019,-0.01,480,8,100,283,0.2407,0.2209,STOP,PolygonStop,-0.15,0.0,-0.15,0.0,0.0
156.311,247.5,-3.451,2.7825,-1.7527,-0.019,-0.01,480,8,100,283,0.2407,0.2209,STOP,PolygonStop,-0.15,0.0,-0.15,0.0,0.0
156.399,247.6,-3.451,2.7825,-1.7527,-0.019,-0.01,480,8,100,283,0.2407,0.2209,STOP,PolygonStop,-0.15,0.0,-0.15,0.0,0.0
156.511,247.7,-3.451,2.7825,-1.7527,-0.019,-0.01,480,8,100,283,0.2407,0.2209,STOP,PolygonStop,-0.15,0.0,-0.15,0.0,0.0
156.598,247.8,-3.451,2.7825,-1.7527,-0.019,-0.01,480,8,100,283,0.2407,0.2209,STOP,PolygonStop,-0.15,0.0,-0.15,0.0,0.0
156.708,247.9,-3.451,2.7825,-1.7527,-0.019,-0.01,480,8,100,283,0.2407,0.2209,STOP,PolygonStop,-0.15,0.0,-0.15,0.0,0.0
156.807,248.0,-3.451,2.7825,-1.7527,-0.019,-0.01,480,8,100,283,0.2407,0.2209,STOP,PolygonStop,-0.15,0.0,-0.15,0.0,0.0
156.913,248.1,-3.451,2.7825,-1.7527,-0.019,-0.01,480,8,100,283,0.2407,0.2209,STOP,PolygonStop,-0.15,0.0,-0.15,0.0,0.0
157.012,248.2,-3.451,2.7825,-1.7527,-0.019,-0.01,480,8,100,283,0.2407,0.2209,STOP,PolygonStop,-0.15,0.0,-0.15,0.0,0.0
157.115,248.3,-3.451,2.7825,-1.7527,-0.019,-0.01,480,8,100,283,0.2407,0.2209,STOP,PolygonStop,-0.15,0.0,-0.15,0.0,0.0
157.214,248.4,-3.451,2.7825,-1.7527,-0.019,-0.01,480,8,100,283,0.2407,0.2209,STOP,PolygonStop,-0.15,0.0,-0.15,0.0,0.0
157.315,248.5,-3.451,2.7825,-1.7527,-0.019,-0.01,480,8,100,283,0.2407,0.2209,STOP,PolygonStop,-0.15,0.0,-0.15,0.0,0.0
157.415,248.6,-3.451,2.7825,-1.7527,-0.019,-0.01,480,8,100,283,0.2407,0.2209,STOP,PolygonStop,-0.15,0.0,-0.15,0.0,0.0
157.52,248.7,-3.451,2.7825,-1.7527,-0.019,-0.01,480,8,100,283,0.2407,0.2209,STOP,PolygonStop,-0.15,0.0,-0.15,0.0,0.0
157.614,248.8,-3.451,2.7825,-1.7527,-0.019,-0.01,480,8,100,283,0.2407,0.2209,STOP,PolygonStop,-0.15,0.0,-0.15,0.0,0.0
157.717,248.9,-3.451,2.7825,-1.7527,-0.019,-0.01,480,8,100,283,0.2407,0.2209,STOP,PolygonStop,-0.15,0.0,-0.15,0.0,0.0
157.817,249.0,-3.451,2.7825,-1.7527,-0.019,-0.01,480,8,100,283,0.2407,0.2209,STOP,PolygonStop,-0.15,0.0,-0.15,0.0,0.0
157.914,249.1,-3.451,2.7825,-1.7527,-0.019,-0.01,480,8,100,283,0.2407,0.2209,STOP,PolygonStop,-0.15,0.0,-0.15,0.0,0.0
158.017,249.2,-3.451,2.7825,-1.7527,-0.019,-0.01,480,8,100,283,0.2407,0.2209,STOP,PolygonStop,-0.15,0.0,-0.15,0.0,0.0
158.116,249.3,-3.451,2.7825,-1.7527,-0.019,-0.01,480,8,100,283,0.2407,0.2209,STOP,PolygonStop,-0.15,0.0,-0.15,0.0,0.0
158.216,249.4,-3.451,2.7825,-1.7527,-0.019,-0.01,480,8,100,283,0.2407,0.2209,STOP,PolygonStop,-0.15,0.0,-0.15,0.0,0.0
158.316,249.5,-3.451,2.7825,-1.7527,-0.019,-0.01,480,8,100,283,0.2407,0.2209,STOP,PolygonStop,-0.15,0.0,-0.15,0.0,0.0
158.417,249.6,-3.451,2.7825,-1.7527,-0.019,-0.01,480,8,100,283,0.2407,0.2209,STOP,PolygonStop,-0.15,0.0,-0.15,0.0,0.0
158.521,249.7,-3.451,2.7825,-1.7527,-0.019,-0.01,480,8,100,283,0.2407,0.2209,STOP,PolygonStop,-0.15,0.0,-0.15,0.0,0.0
158.623,249.8,-3.451,2.7825,-1.7527,-0.019,-0.01,480,8,100,283,0.2407,0.2209,STOP,PolygonStop,-0.15,0.0,-0.15,0.0,0.0
158.72,249.9,-3.451,2.7825,-1.7527,-0.019,-0.01,480,8,100,283,0.2407,0.2209,STOP,PolygonStop,-0.15,0.0,-0.15,0.0,0.0
158.819,250.0,-3.451,2.7825,-1.7527,-0.019,-0.01,480,8,100,283,0.2407,0.2209,STOP,PolygonStop,-0.15,0.0,-0.15,0.0,0.0
158.917,250.1,-3.451,2.7825,-1.7527,-0.019,-0.01,480,8,100,283,0.2407,0.2209,STOP,PolygonStop,-0.15,0.0,-0.15,0.0,0.0
159.02,250.2,-3.451,2.7825,-1.7527,-0.019,-0.01,480,8,100,283,0.2407,0.2209,STOP,PolygonStop,-0.15,0.0,-0.15,0.0,0.0
159.12,250.3,-3.451,2.7825,-1.7527,-0.019,-0.01,480,8,100,283,0.2407,0.2209,STOP,PolygonStop,-0.15,0.0,-0.15,0.0,0.0
159.22,250.4,-3.451,2.7825,-1.7527,-0.019,-0.01,480,8,100,283,0.2407,0.2209,STOP,PolygonStop,-0.15,0.0,-0.15,0.0,0.0
159.32,250.5,-3.451,2.7825,-1.7527,-0.019,-0.01,480,8,100,283,0.2407,0.2209,STOP,PolygonStop,-0.15,0.0,-0.15,0.0,0.0
159.419,250.6,-3.451,2.7825,-1.7527,-0.019,-0.01,480,8,100,283,0.2407,0.2209,STOP,PolygonStop,-0.15,0.0,-0.15,0.0,0.0
159.529,250.7,-3.451,2.7825,-1.7527,-0.019,-0.01,480,8,100,283,0.2407,0.2209,STOP,PolygonStop,-0.15,0.0,-0.15,0.0,0.0
159.646,250.8,-3.451,2.7825,-1.7527,-0.019,-0.01,480,8,100,283,0.2407,0.2209,STOP,PolygonStop,-0.15,0.0,-0.15,0.0,0.0
159.735,250.9,-3.451,2.7825,-1.7527,-0.019,-0.01,480,8,100,283,0.2407,0.2209,STOP,PolygonStop,-0.15,0.0,-0.15,0.0,0.0
159.84,251.0,-3.451,2.7825,-1.7527,-0.019,-0.01,480,8,100,283,0.2407,0.2209,STOP,PolygonStop,-0.15,0.0,-0.15,0.0,0.0
159.93,251.1,-3.451,2.7825,-1.7527,-0.019,-0.01,480,8,100,283,0.2407,0.2209,STOP,PolygonStop,-0.15,0.0,-0.15,0.0,0.0
160.035,251.2,-3.451,2.7825,-1.7527,-0.019,-0.01,480,8,100,283,0.2407,0.2209,STOP,PolygonStop,-0.15,0.0,-0.15,0.0,0.0
160.134,251.3,-3.451,2.7825,-1.7527,-0.019,-0.01,480,8,100,283,0.2407,0.2209,STOP,PolygonStop,-0.15,0.0,-0.15,0.0,0.0
160.244,251.4,-3.451,2.7825,-1.7527,-0.019,-0.01,480,8,100,283,0.2407,0.2209,STOP,PolygonStop,-0.15,0.0,-0.15,0.0,0.0
160.343,251.5,-3.451,2.7825,-1.7527,-0.019,-0.01,480,8,100,283,0.2407,0.2209,STOP,PolygonStop,-0.15,0.0,-0.15,0.0,0.0
160.451,251.6,-3.451,2.7825,-1.7527,-0.019,-0.01,480,8,100,283,0.2407,0.2209,STOP,PolygonStop,-0.15,0.0,-0.15,0.0,0.0
160.553,251.7,-3.451,2.7825,-1.7527,-0.019,-0.01,480,8,100,283,0.2407,0.2209,STOP,PolygonStop,-0.15,0.0,-0.15,0.0,0.0
160.657,251.8,-3.451,2.7825,-1.7527,-0.019,-0.01,480,8,100,283,0.2407,0.2209,STOP,PolygonStop,-0.15,0.0,-0.15,0.0,0.0
160.762,251.9,-3.451,2.7825,-1.7527,-0.019,-0.01,480,8,100,283,0.2407,0.2209,STOP,PolygonStop,-0.15,0.0,-0.15,0.0,0.0
160.862,252.0,-3.451,2.7825,-1.7527,-0.019,-0.01,480,8,100,283,0.2407,0.2209,STOP,PolygonStop,-0.15,0.0,-0.15,0.0,0.0
160.967,252.1,-3.451,2.7825,-1.7527,-0.019,-0.01,480,8,100,283,0.2407,0.2209,STOP,PolygonStop,-0.15,0.0,-0.15,0.0,0.0
161.063,252.2,-3.451,2.7825,-1.7527,-0.019,-0.01,480,8,100,283,0.2407,0.2209,STOP,PolygonStop,-0.15,0.0,-0.15,0.0,0.0
161.161,252.3,-3.451,2.7825,-1.7527,-0.019,-0.01,480,8,100,283,0.2407,0.2209,STOP,PolygonStop,-0.15,0.0,-0.15,0.0,0.0
161.259,252.4,-3.451,2.7825,-1.7527,-0.019,-0.01,480,8,100,283,0.2407,0.2209,STOP,PolygonStop,-0.15,0.0,-0.15,0.0,0.0
161.361,252.5,-3.451,2.7825,-1.7527,-0.019,-0.01,480,8,100,283,0.2407,0.2209,STOP,PolygonStop,-0.15,0.0,-0.15,0.0,0.0
161.461,252.6,-3.451,2.7825,-1.7527,-0.019,-0.01,480,8,100,283,0.2407,0.2209,STOP,PolygonStop,-0.15,0.0,-0.15,0.0,0.0
161.565,252.7,-3.451,2.7825,-1.7527,-0.019,-0.01,480,8,100,283,0.2407,0.2209,STOP,PolygonStop,-0.15,0.0,-0.15,0.0,0.0
161.662,252.8,-3.451,2.7825,-1.7527,-0.019,-0.01,480,8,100,283,0.2407,0.2209,STOP,PolygonStop,-0.15,0.0,-0.15,0.0,0.0
161.761,252.9,-3.451,2.7825,-1.7527,-0.019,-0.01,480,8,100,283,0.2407,0.2209,STOP,PolygonStop,-0.15,0.0,-0.15,0.0,0.0
161.861,253.0,-3.451,2.7825,-1.7527,-0.019,-0.01,480,8,100,283,0.2407,0.2209,STOP,PolygonStop,-0.15,0.0,-0.15,0.0,0.0
161.961,253.1,-3.451,2.7825,-1.7527,-0.019,-0.01,480,8,100,283,0.2407,0.2209,STOP,PolygonStop,-0.15,0.0,-0.15,0.0,0.0
162.061,253.2,-3.451,2.7825,-1.7527,-0.019,-0.01,480,8,100,283,0.2407,0.2209,STOP,PolygonStop,-0.15,0.0,-0.15,0.0,0.0
162.161,253.3,-3.451,2.7825,-1.7527,-0.019,-0.01,480,8,100,283,0.2407,0.2209,STOP,PolygonStop,-0.15,0.0,-0.15,0.0,0.0
162.263,253.4,-3.451,2.7825,-1.7527,-0.019,-0.01,480,8,100,283,0.2407,0.2209,STOP,PolygonStop,-0.15,0.0,-0.15,0.0,0.0
162.359,253.5,-3.451,2.7825,-1.7527,-0.019,-0.01,480,8,100,283,0.2407,0.2209,STOP,PolygonStop,-0.15,0.0,-0.15,0.0,0.0
162.463,253.6,-3.451,2.7825,-1.7527,-0.019,-0.01,480,8,100,283,0.2407,0.2209,STOP,PolygonStop,-0.15,0.0,-0.15,0.0,0.0
162.565,253.7,-3.451,2.7825,-1.7527,-0.019,-0.01,480,8,100,283,0.2407,0.2209,STOP,PolygonStop,-0.15,0.0,-0.15,0.0,0.0
162.67,253.8,-3.451,2.7825,-1.7527,-0.019,-0.01,480,8,100,283,0.2407,0.2209,STOP,PolygonStop,-0.15,0.0,-0.15,0.0,0.0
162.771,253.9,-3.451,2.7825,-1.7527,-0.019,-0.01,480,8,100,283,0.2407,0.2209,STOP,PolygonStop,-0.15,0.0,-0.15,0.0,0.0
162.883,254.0,-3.451,2.7825,-1.7527,-0.019,-0.01,480,8,100,283,0.2407,0.2209,STOP,PolygonStop,0.0,0.0,-0.025,0.0,0.0
162.993,254.1,-3.451,2.7825,-1.7527,-0.019,-0.01,480,8,100,283,0.2407,0.2209,STOP,PolygonStop,0.2684,-0.0769,0.0,0.0,0.0
163.075,254.2,-3.451,2.7825,-1.7527,-0.019,-0.01,480,8,100,283,0.2407,0.2209,STOP,PolygonStop,0.2684,-0.0769,0.25,0.0,0.0
163.192,254.3,-3.451,2.7825,-1.7527,-0.019,-0.01,480,8,100,283,0.2407,0.2209,STOP,PolygonStop,0.2684,-0.0769,0.2684,0.0,0.0
163.275,254.4,-3.451,2.7825,-1.7527,-0.019,-0.01,480,8,100,283,0.2407,0.2209,STOP,PolygonStop,0.2684,-0.0769,0.2684,0.0,0.0
163.385,254.5,-3.451,2.7825,-1.7527,-0.019,-0.01,480,8,100,283,0.2407,0.2209,STOP,PolygonStop,0.2684,-0.0769,0.2684,0.0,0.0
163.484,254.6,-3.451,2.7825,-1.7527,-0.019,-0.01,480,8,100,283,0.2407,0.2209,STOP,PolygonStop,0.2684,-0.0769,0.2684,0.0,0.0
163.592,254.7,-3.451,2.7825,-1.7527,-0.019,-0.01,480,8,100,283,0.2407,0.2209,STOP,PolygonStop,0.2684,-0.0769,0.2684,0.0,0.0
163.69,254.8,-3.451,2.7825,-1.7527,-0.019,-0.01,480,8,100,283,0.2407,0.2209,STOP,PolygonStop,0.2684,-0.0769,0.2684,0.0,0.0
163.796,254.9,-3.451,2.7825,-1.7527,-0.019,-0.01,480,8,100,283,0.2407,0.2209,STOP,PolygonStop,0.2684,-0.0769,0.2684,0.0,0.0
163.895,255.0,-3.451,2.7825,-1.7527,-0.019,-0.01,480,8,100,283,0.2407,0.2209,STOP,PolygonStop,0.2684,-0.0769,0.2684,0.0,0.0
164.007,255.1,-3.451,2.7825,-1.7527,-0.019,-0.01,480,8,100,283,0.2407,0.2209,STOP,PolygonStop,0.2684,-0.0769,0.2684,0.0,0.0
164.098,255.2,-3.451,2.7825,-1.7527,-0.019,-0.01,480,8,100,283,0.2407,0.2209,STOP,PolygonStop,0.2684,-0.0769,0.2684,0.0,0.0
164.201,255.3,-3.451,2.7825,-1.7527,-0.019,-0.01,480,8,100,283,0.2407,0.2209,STOP,PolygonStop,0.2684,-0.0769,0.2684,0.0,0.0
164.298,255.4,-3.451,2.7825,-1.7527,-0.019,-0.01,480,8,100,283,0.2407,0.2209,STOP,PolygonStop,0.2684,-0.0769,0.2684,0.0,0.0
164.399,255.5,-3.451,2.7825,-1.7527,-0.019,-0.01,480,8,100,283,0.2407,0.2209,STOP,PolygonStop,0.2684,-0.0769,0.2684,0.0,0.0
164.498,255.6,-3.451,2.7825,-1.7527,-0.019,-0.01,480,8,100,283,0.2407,0.2209,STOP,PolygonStop,0.2684,-0.0769,0.2684,0.0,0.0
164.599,255.7,-3.451,2.7825,-1.7527,-0.019,-0.01,480,8,100,283,0.2407,0.2209,STOP,PolygonStop,0.2684,-0.0769,0.2684,0.0,0.0
164.697,255.8,-3.451,2.7825,-1.7527,-0.019,-0.01,480,8,100,283,0.2407,0.2209,STOP,PolygonStop,0.2684,-0.0769,0.2684,0.0,0.0
164.804,255.9,-3.451,2.7825,-1.7527,-0.019,-0.01,480,8,100,283,0.2407,0.2209,STOP,PolygonStop,0.2684,-0.0769,0.2684,0.0,0.0
164.903,256.0,-3.451,2.7825,-1.7527,-0.019,-0.01,480,8,100,283,0.2407,0.2209,STOP,PolygonStop,0.2684,-0.0769,0.2684,0.0,0.0
165.0,256.1,-3.451,2.7825,-1.7527,-0.019,-0.01,480,8,100,283,0.2407,0.2209,STOP,PolygonStop,0.2684,-0.0769,0.2684,0.0,0.0
165.099,256.2,-3.451,2.7825,-1.7527,-0.019,-0.01,480,8,100,283,0.2407,0.2209,STOP,PolygonStop,0.2684,-0.0769,0.2684,0.0,0.0
165.198,256.3,-3.451,2.7825,-1.7527,-0.019,-0.01,480,8,100,283,0.2407,0.2209,STOP,PolygonStop,0.2684,-0.0769,0.2684,0.0,0.0
165.301,256.4,-3.451,2.7825,-1.7527,-0.019,-0.01,480,8,100,283,0.2407,0.2209,STOP,PolygonStop,0.2684,-0.0769,0.2684,0.0,0.0
165.398,256.5,-3.451,2.7825,-1.7527,-0.019,-0.01,480,8,100,283,0.2407,0.2209,STOP,PolygonStop,0.2684,-0.0769,0.2684,0.0,0.0
165.497,256.6,-3.451,2.7825,-1.7527,-0.019,-0.01,480,8,100,283,0.2407,0.2209,STOP,PolygonStop,0.2684,-0.0769,0.2684,0.0,0.0
165.601,256.7,-3.451,2.7825,-1.7527,-0.019,-0.01,480,8,100,283,0.2407,0.2209,STOP,PolygonStop,0.2684,-0.0769,0.2684,0.0,0.0
165.699,256.8,-3.451,2.7825,-1.7527,-0.019,-0.01,480,8,100,283,0.2407,0.2209,STOP,PolygonStop,0.2684,-0.0769,0.2684,0.0,0.0
165.809,256.9,-3.451,2.7825,-1.7527,-0.019,-0.01,480,8,100,283,0.2407,0.2209,STOP,PolygonStop,0.2684,-0.0769,0.2684,0.0,0.0
165.906,257.0,-3.451,2.7825,-1.7527,-0.019,-0.01,480,8,100,283,0.2407,0.2209,STOP,PolygonStop,0.2684,-0.0769,0.2684,0.0,0.0
166.011,257.1,-3.451,2.7825,-1.7527,-0.019,-0.01,480,8,100,283,0.2407,0.2209,STOP,PolygonStop,0.2684,-0.0769,0.2684,0.0,0.0
166.108,257.2,-3.451,2.7825,-1.7527,-0.019,-0.01,480,8,100,283,0.2407,0.2209,STOP,PolygonStop,0.2684,-0.0769,0.2684,0.0,0.0
166.216,257.3,-3.451,2.7825,-1.7527,-0.019,-0.01,480,8,100,283,0.2407,0.2209,STOP,PolygonStop,0.2684,-0.0769,0.2684,0.0,0.0
166.328,257.4,-3.451,2.7825,-1.7527,-0.019,-0.01,480,8,100,283,0.2407,0.2209,STOP,PolygonStop,0.2684,-0.0769,0.2684,0.0,0.0
166.414,257.5,-3.451,2.7825,-1.7527,-0.019,-0.01,480,8,100,283,0.2407,0.2209,STOP,PolygonStop,0.2684,-0.0769,0.2684,0.0,0.0
166.528,257.6,-3.451,2.7825,-1.7527,-0.019,-0.01,480,8,100,283,0.2407,0.2209,STOP,PolygonStop,0.2684,-0.0769,0.2684,0.0,0.0
166.612,257.7,-3.451,2.7825,-1.7527,-0.019,-0.01,480,8,100,283,0.2407,0.2209,STOP,PolygonStop,0.2684,-0.0769,0.2684,0.0,0.0
166.721,257.8,-3.451,2.7825,-1.7527,-0.019,-0.01,480,8,100,283,0.2407,0.2209,STOP,PolygonStop,0.2684,-0.0769,0.2684,0.0,0.0
166.821,257.9,-3.451,2.7825,-1.7527,-0.019,-0.01,480,8,100,283,0.2407,0.2209,STOP,PolygonStop,0.2684,-0.0769,0.2684,0.0,0.0
166.928,258.0,-3.451,2.7825,-1.7527,-0.019,-0.01,480,8,100,283,0.2407,0.2209,STOP,PolygonStop,0.2684,-0.0769,0.2684,0.0,0.0
167.033,258.1,-3.451,2.7825,-1.7527,-0.019,-0.01,480,8,100,283,0.2407,0.2209,STOP,PolygonStop,0.2684,-0.0769,0.2684,0.0,0.0
167.139,258.2,-3.451,2.7825,-1.7527,-0.019,-0.01,480,8,100,283,0.2407,0.2209,STOP,PolygonStop,0.2684,-0.0769,0.2684,0.0,0.0
167.242,258.3,-3.451,2.7825,-1.7527,-0.019,-0.01,480,8,100,283,0.2407,0.2209,STOP,PolygonStop,0.2684,-0.0769,0.2684,0.0,0.0
167.339,258.4,-3.451,2.7825,-1.7527,-0.019,-0.01,480,8,100,283,0.2407,0.2209,STOP,PolygonStop,0.2684,-0.0769,0.2684,0.0,0.0
167.437,258.5,-3.451,2.7825,-1.7527,-0.019,-0.01,480,8,100,283,0.2407,0.2209,STOP,PolygonStop,0.2684,-0.0769,0.2684,0.0,0.0
167.539,258.6,-3.451,2.7825,-1.7527,-0.019,-0.01,480,8,100,283,0.2407,0.2209,STOP,PolygonStop,0.2684,-0.0769,0.2684,0.0,0.0
167.637,258.7,-3.451,2.7825,-1.7527,-0.019,-0.01,480,8,100,283,0.2407,0.2209,STOP,PolygonStop,0.2684,-0.0769,0.2684,0.0,0.0
167.737,258.8,-3.451,2.7825,-1.7527,-0.019,-0.01,480,8,100,283,0.2407,0.2209,STOP,PolygonStop,0.2684,-0.0769,0.2684,0.0,0.0
167.835,258.9,-3.451,2.7825,-1.7527,-0.019,-0.01,480,8,100,283,0.2407,0.2209,STOP,PolygonStop,0.2684,-0.0769,0.2684,0.0,0.0
167.942,259.0,-3.451,2.7825,-1.7527,-0.019,-0.01,480,8,100,283,0.2407,0.2209,STOP,PolygonStop,0.2684,-0.0769,0.2684,0.0,0.0
168.036,259.1,-3.451,2.7825,-1.7527,-0.019,-0.01,480,8,100,283,0.2407,0.2209,STOP,PolygonStop,0.2684,-0.0769,0.2684,0.0,0.0
168.141,259.2,-3.451,2.7825,-1.7527,-0.019,-0.01,480,8,100,283,0.2407,0.2209,STOP,PolygonStop,0.2684,-0.0769,0.2684,0.0,0.0
168.242,259.3,-3.451,2.7825,-1.7527,-0.019,-0.01,480,8,100,283,0.2407,0.2209,STOP,PolygonStop,0.2684,-0.0769,0.2684,0.0,0.0
168.337,259.4,-3.451,2.7825,-1.7527,-0.019,-0.01,480,8,100,283,0.2407,0.2209,STOP,PolygonStop,0.2684,-0.0769,0.2684,0.0,0.0
168.436,259.5,-3.451,2.7825,-1.7527,-0.019,-0.01,480,8,100,283,0.2407,0.2209,STOP,PolygonStop,0.2684,-0.0769,0.2684,0.0,0.0
168.538,259.6,-3.451,2.7825,-1.7527,-0.019,-0.01,480,8,100,283,0.2407,0.2209,STOP,PolygonStop,0.2684,-0.0769,0.2684,0.0,0.0
168.635,259.7,-3.451,2.7825,-1.7527,-0.019,-0.01,480,8,100,283,0.2407,0.2209,STOP,PolygonStop,0.2684,-0.0769,0.2684,0.0,0.0
168.738,259.8,-3.451,2.7825,-1.7527,-0.019,-0.01,480,8,100,283,0.2407,0.2209,STOP,PolygonStop,0.2684,-0.0769,0.2684,0.0,0.0
168.835,259.9,-3.451,2.7825,-1.7527,-0.019,-0.01,480,8,100,283,0.2407,0.2209,STOP,PolygonStop,0.2684,-0.0769,0.2684,0.0,0.0
168.937,260.0,-3.451,2.7825,-1.7527,-0.019,-0.01,480,8,100,283,0.2407,0.2209,STOP,PolygonStop,0.2684,-0.0769,0.2684,0.0,0.0
169.035,260.1,-3.451,2.7825,-1.7527,-0.019,-0.01,480,8,100,283,0.2407,0.2209,STOP,PolygonStop,0.2684,-0.0769,0.2684,0.0,0.0
169.136,260.2,-3.451,2.7825,-1.7527,-0.019,-0.01,480,8,100,283,0.2407,0.2209,STOP,PolygonStop,0.2684,-0.0769,0.2684,0.0,0.0
169.237,260.3,-3.451,2.7825,-1.7527,-0.019,-0.01,480,8,100,283,0.2407,0.2209,STOP,PolygonStop,0.2684,-0.0769,0.2684,0.0,0.0
169.341,260.4,-3.451,2.7825,-1.7527,-0.019,-0.01,480,8,100,283,0.2407,0.2209,STOP,PolygonStop,0.2684,-0.0769,0.2684,0.0,0.0
169.44,260.5,-3.451,2.7825,-1.7527,-0.019,-0.01,480,8,100,283,0.2407,0.2209,STOP,PolygonStop,0.2684,-0.0769,0.2684,0.0,0.0
169.545,260.6,-3.451,2.7825,-1.7527,-0.019,-0.01,480,8,100,283,0.2407,0.2209,STOP,PolygonStop,0.2684,-0.0769,0.2684,0.0,0.0
169.658,260.7,-3.451,2.7825,-1.7527,-0.019,-0.01,480,8,100,283,0.2407,0.2209,STOP,PolygonStop,0.2684,-0.0769,0.2684,0.0,0.0
169.745,260.8,-3.451,2.7825,-1.7527,-0.019,-0.01,480,8,100,283,0.2407,0.2209,STOP,PolygonStop,0.2684,-0.0769,0.2684,0.0,0.0
169.86,260.9,-3.451,2.7825,-1.7527,-0.019,-0.01,480,8,100,283,0.2407,0.2209,STOP,PolygonStop,0.2684,-0.0769,0.2684,0.0,0.0
169.946,261.0,-3.451,2.7825,-1.7527,-0.019,-0.01,480,8,100,283,0.2407,0.2209,STOP,PolygonStop,0.2684,-0.0769,0.2684,0.0,0.0
170.062,261.1,-3.451,2.7825,-1.7527,-0.019,-0.01,480,8,100,283,0.2407,0.2209,STOP,PolygonStop,0.2684,-0.0769,0.2684,0.0,0.0
170.16,261.2,-3.451,2.7825,-1.7527,-0.019,-0.01,480,8,100,283,0.2407,0.2209,STOP,PolygonStop,0.2684,-0.0769,0.2684,0.0,0.0
170.268,261.3,-3.451,2.7825,-1.7527,-0.019,-0.01,480,8,100,283,0.2407,0.2209,STOP,PolygonStop,0.2684,-0.0769,0.2684,0.0,0.0
170.368,261.4,-3.451,2.7825,-1.7527,-0.019,-0.01,480,8,100,283,0.2407,0.2209,STOP,PolygonStop,0.2684,-0.0769,0.2684,0.0,0.0
170.471,261.5,-3.451,2.7825,-1.7527,-0.019,-0.01,480,8,100,283,0.2407,0.2209,STOP,PolygonStop,0.2684,-0.0769,0.2684,0.0,0.0
170.571,261.6,-3.451,2.7825,-1.7527,-0.019,-0.01,480,8,100,283,0.2407,0.2209,STOP,PolygonStop,0.2684,-0.0769,0.2684,0.0,0.0
170.673,261.7,-3.451,2.7825,-1.7527,-0.019,-0.01,480,8,100,283,0.2407,0.2209,STOP,PolygonStop,0.2684,-0.0769,0.2684,0.0,0.0
170.771,261.8,-3.451,2.7825,-1.7527,-0.019,-0.01,480,8,100,283,0.2407,0.2209,STOP,PolygonStop,0.2684,-0.0769,0.2684,0.0,0.0
170.871,261.9,-3.451,2.7825,-1.7527,-0.019,-0.01,480,8,100,283,0.2407,0.2209,STOP,PolygonStop,0.2684,-0.0769,0.2684,0.0,0.0
170.972,262.0,-3.451,2.7825,-1.7527,-0.019,-0.01,480,8,100,283,0.2407,0.2209,STOP,PolygonStop,0.2684,-0.0769,0.2684,0.0,0.0
171.082,262.1,-3.451,2.7825,-1.7527,-0.019,-0.01,480,8,100,283,0.2407,0.2209,STOP,PolygonStop,0.2684,-0.0769,0.2684,0.0,0.0
171.179,262.2,-3.451,2.7825,-1.7527,-0.019,-0.01,480,8,100,283,0.2407,0.2209,STOP,PolygonStop,0.2684,-0.0769,0.2684,0.0,0.0
171.277,262.3,-3.451,2.7825,-1.7527,-0.019,-0.01,480,8,100,283,0.2407,0.2209,STOP,PolygonStop,0.2684,-0.0769,0.2684,0.0,0.0
171.372,262.4,-3.451,2.7825,-1.7527,-0.019,-0.01,480,8,100,283,0.2407,0.2209,STOP,PolygonStop,0.2684,-0.0769,0.2684,0.0,0.0
171.472,262.5,-3.451,2.7825,-1.7527,-0.019,-0.01,480,8,100,283,0.2407,0.2209,STOP,PolygonStop,0.2684,-0.0769,0.2684,0.0,0.0
171.579,262.6,-3.451,2.7825,-1.7527,-0.019,-0.01,480,8,100,283,0.2407,0.2209,STOP,PolygonStop,0.2684,-0.0769,0.2684,0.0,0.0
171.672,262.7,-3.451,2.7825,-1.7527,-0.019,-0.01,480,8,100,283,0.2407,0.2209,STOP,PolygonStop,0.2684,-0.0769,0.2684,0.0,0.0
171.772,262.8,-3.451,2.7825,-1.7527,-0.019,-0.01,480,8,100,283,0.2407,0.2209,STOP,PolygonStop,0.2684,-0.0769,0.2684,0.0,0.0
171.873,262.9,-3.451,2.7825,-1.7527,-0.019,-0.01,480,8,100,283,0.2407,0.2209,STOP,PolygonStop,0.2684,-0.0769,0.2684,0.0,0.0
171.972,263.0,-3.451,2.7825,-1.7527,-0.019,-0.01,480,8,100,283,0.2407,0.2209,STOP,PolygonStop,0.2684,-0.0769,0.2684,0.0,0.0
172.072,263.1,-3.451,2.7825,-1.7527,-0.019,-0.01,480,8,100,283,0.2407,0.2209,STOP,PolygonStop,0.2684,-0.0769,0.2684,0.0,0.0
172.173,263.2,-3.451,2.7825,-1.7527,-0.019,-0.01,480,8,100,283,0.2407,0.2209,STOP,PolygonStop,0.2684,-0.0769,0.2684,0.0,0.0
172.277,263.3,-3.451,2.7825,-1.7527,-0.019,-0.01,480,8,100,283,0.2407,0.2209,STOP,PolygonStop,0.2684,-0.0769,0.2684,0.0,0.0
172.372,263.4,-3.451,2.7825,-1.7527,-0.019,-0.01,480,8,100,283,0.2407,0.2209,STOP,PolygonStop,0.2684,-0.0769,0.2684,0.0,0.0
172.473,263.5,-3.451,2.7825,-1.7527,-0.019,-0.01,480,8,100,283,0.2407,0.2209,STOP,PolygonStop,0.2684,-0.0769,0.2684,0.0,0.0
172.574,263.6,-3.451,2.7825,-1.7527,-0.019,-0.01,480,8,100,283,0.2407,0.2209,STOP,PolygonStop,0.2684,-0.0769,0.2684,0.0,0.0
172.678,263.7,-3.451,2.7825,-1.7527,-0.019,-0.01,480,8,100,283,0.2407,0.2209,STOP,PolygonStop,0.2684,-0.0769,0.2684,0.0,0.0
172.777,263.8,-3.451,2.7825,-1.7527,-0.019,-0.01,480,8,100,283,0.2407,0.2209,STOP,PolygonStop,0.2684,-0.0769,0.2684,0.0,0.0
172.884,263.9,-3.451,2.7825,-1.7527,-0.019,-0.01,480,8,100,283,0.2407,0.2209,STOP,PolygonStop,0.2684,-0.0769,0.2684,0.0,0.0
172.993,264.0,-3.451,2.7825,-1.7527,-0.019,-0.01,480,8,100,283,0.2407,0.2209,STOP,PolygonStop,0.2684,-0.0769,0.2684,0.0,0.0
173.091,264.1,-3.451,2.7825,-1.7527,-0.019,-0.01,480,8,100,283,0.2407,0.2209,STOP,PolygonStop,0.2684,-0.0769,0.2684,0.0,0.0
173.201,264.2,-3.451,2.7825,-1.7527,-0.019,-0.01,480,8,100,283,0.2407,0.2209,STOP,PolygonStop,0.0,0.0,0.2684,0.0,0.0
173.285,264.3,-3.451,2.7825,-1.7527,-0.019,-0.01,480,8,100,283,0.2407,0.2209,STOP,PolygonStop,0.0,0.0,0.0184,0.0,0.0
173.393,264.4,-3.451,2.7825,-1.7527,-0.019,-0.01,480,8,100,283,0.2407,0.2209,STOP,PolygonStop,0.2684,-0.0769,0.125,0.0,0.0
173.491,264.5,-3.451,2.7825,-1.7527,-0.019,-0.01,480,8,100,283,0.2407,0.2209,STOP,PolygonStop,0.2684,-0.0769,0.2684,0.0,0.0
173.597,264.6,-3.451,2.7825,-1.7527,-0.019,-0.01,480,8,100,283,0.2407,0.2209,STOP,PolygonStop,0.2684,-0.0769,0.2684,0.0,0.0
173.696,264.7,-3.451,2.7825,-1.7527,-0.019,-0.01,480,8,100,283,0.2407,0.2209,STOP,PolygonStop,0.2684,-0.0769,0.2684,0.0,0.0
173.803,264.8,-3.451,2.7825,-1.7527,-0.019,-0.01,480,8,100,283,0.2407,0.2209,STOP,PolygonStop,0.2684,-0.0769,0.2684,0.0,0.0
173.9,264.9,-3.451,2.7825,-1.7527,-0.019,-0.01,480,8,100,283,0.2407,0.2209,STOP,PolygonStop,0.2684,-0.0769,0.2684,0.0,0.0
174.003,265.0,-3.451,2.7825,-1.7527,-0.019,-0.01,480,8,100,283,0.2407,0.2209,STOP,PolygonStop,0.2684,-0.0769,0.2684,0.0,0.0
174.102,265.1,-3.451,2.7825,-1.7527,-0.019,-0.01,480,8,100,283,0.2407,0.2209,STOP,PolygonStop,0.2684,-0.0769,0.2684,0.0,0.0
174.209,265.2,-3.451,2.7825,-1.7527,-0.019,-0.01,480,8,100,283,0.2407,0.2209,STOP,PolygonStop,0.2684,-0.0769,0.2684,0.0,0.0
174.315,265.3,-3.451,2.7825,-1.7527,-0.019,-0.01,480,8,100,283,0.2407,0.2209,STOP,PolygonStop,0.2684,-0.0769,0.2684,0.0,0.0
174.41,265.4,-3.451,2.7825,-1.7527,-0.019,-0.01,480,8,100,283,0.2407,0.2209,STOP,PolygonStop,0.2684,-0.0769,0.2684,0.0,0.0
174.507,265.5,-3.451,2.7825,-1.7527,-0.019,-0.01,480,8,100,283,0.2407,0.2209,STOP,PolygonStop,0.2684,-0.0769,0.2684,0.0,0.0
174.607,265.6,-3.451,2.7825,-1.7527,-0.019,-0.01,480,8,100,283,0.2407,0.2209,STOP,PolygonStop,0.2684,-0.0769,0.2684,0.0,0.0
174.707,265.7,-3.451,2.7825,-1.7527,-0.019,-0.01,480,8,100,283,0.2407,0.2209,STOP,PolygonStop,0.2684,-0.0769,0.2684,0.0,0.0
174.807,265.8,-3.451,2.7825,-1.7527,-0.019,-0.01,480,8,100,283,0.2407,0.2209,STOP,PolygonStop,0.2684,-0.0769,0.2684,0.0,0.0
174.907,265.9,-3.451,2.7825,-1.7527,-0.019,-0.01,480,8,100,283,0.2407,0.2209,STOP,PolygonStop,0.2684,-0.0769,0.2684,0.0,0.0
175.006,266.0,-3.451,2.7825,-1.7527,-0.019,-0.01,480,8,100,283,0.2407,0.2209,STOP,PolygonStop,0.2684,-0.0769,0.2684,0.0,0.0
175.107,266.1,-3.451,2.7825,-1.7527,-0.019,-0.01,480,8,100,283,0.2407,0.2209,STOP,PolygonStop,0.2684,-0.0769,0.2684,0.0,0.0
175.211,266.2,-3.451,2.7825,-1.7527,-0.019,-0.01,480,8,100,283,0.2407,0.2209,STOP,PolygonStop,0.2684,-0.0769,0.2684,0.0,0.0
175.307,266.3,-3.451,2.7825,-1.7527,-0.019,-0.01,480,8,100,283,0.2407,0.2209,STOP,PolygonStop,0.2684,-0.0769,0.2684,0.0,0.0
175.405,266.4,-3.451,2.7825,-1.7527,-0.019,-0.01,480,8,100,283,0.2407,0.2209,STOP,PolygonStop,0.2684,-0.0769,0.2684,0.0,0.0
175.506,266.5,-3.451,2.7825,-1.7527,-0.019,-0.01,480,8,100,283,0.2407,0.2209,STOP,PolygonStop,0.2684,-0.0769,0.2684,0.0,0.0
175.606,266.6,-3.451,2.7825,-1.7527,-0.019,-0.01,480,8,100,283,0.2407,0.2209,STOP,PolygonStop,0.2684,-0.0769,0.2684,0.0,0.0
175.706,266.7,-3.451,2.7825,-1.7527,-0.019,-0.01,480,8,100,283,0.2407,0.2209,STOP,PolygonStop,0.2684,-0.0769,0.2684,0.0,0.0
175.806,266.8,-3.451,2.7825,-1.7527,-0.019,-0.01,480,8,100,283,0.2407,0.2209,STOP,PolygonStop,0.2684,-0.0769,0.2684,0.0,0.0
175.905,266.9,-3.451,2.7825,-1.7527,-0.019,-0.01,480,8,100,283,0.2407,0.2209,STOP,PolygonStop,0.2684,-0.0769,0.2684,0.0,0.0
176.007,267.0,-3.451,2.7825,-1.7527,-0.019,-0.01,480,8,100,283,0.2407,0.2209,STOP,PolygonStop,0.2684,-0.0769,0.2684,0.0,0.0
176.114,267.1,-3.451,2.7825,-1.7527,-0.019,-0.01,480,8,100,283,0.2407,0.2209,STOP,PolygonStop,0.2684,-0.0769,0.2684,0.0,0.0
176.228,267.2,-3.451,2.7825,-1.7527,-0.019,-0.01,480,8,100,283,0.2407,0.2209,STOP,PolygonStop,0.2684,-0.0769,0.2684,0.0,0.0
176.33,267.3,-3.451,2.7825,-1.7527,-0.019,-0.01,480,8,100,283,0.2407,0.2209,STOP,PolygonStop,0.2684,-0.0769,0.2684,0.0,0.0
176.419,267.4,-3.451,2.7825,-1.7527,-0.019,-0.01,480,8,100,283,0.2407,0.2209,STOP,PolygonStop,0.2684,-0.0769,0.2684,0.0,0.0
176.544,267.5,-3.451,2.7825,-1.7527,-0.019,-0.01,480,8,100,283,0.2407,0.2209,STOP,PolygonStop,0.2684,-0.0769,0.2684,0.0,0.0
176.619,267.6,-3.451,2.7825,-1.7527,-0.019,-0.01,480,8,100,283,0.2407,0.2209,STOP,PolygonStop,0.2684,-0.0769,0.2684,0.0,0.0
176.729,267.7,-3.451,2.7825,-1.7527,-0.019,-0.01,480,8,100,283,0.2407,0.2209,STOP,PolygonStop,0.2684,-0.0769,0.2684,0.0,0.0
176.83,267.8,-3.451,2.7825,-1.7527,-0.019,-0.01,480,8,100,283,0.2407,0.2209,STOP,PolygonStop,0.2684,-0.0769,0.2684,0.0,0.0
176.936,267.9,-3.451,2.7825,-1.7527,-0.019,-0.01,480,8,100,283,0.2407,0.2209,STOP,PolygonStop,0.2684,-0.0769,0.2684,0.0,0.0
177.034,268.0,-3.451,2.7825,-1.7527,-0.019,-0.01,480,8,100,283,0.2407,0.2209,STOP,PolygonStop,0.2684,-0.0769,0.2684,0.0,0.0
177.139,268.1,-3.451,2.7825,-1.7527,-0.019,-0.01,480,8,100,283,0.2407,0.2209,STOP,PolygonStop,0.2684,-0.0769,0.2684,0.0,0.0
177.237,268.2,-3.451,2.7825,-1.7527,-0.019,-0.01,480,8,100,283,0.2407,0.2209,STOP,PolygonStop,0.2684,-0.0769,0.2684,0.0,0.0
177.348,268.3,-3.451,2.7825,-1.7527,-0.019,-0.01,480,8,100,283,0.2407,0.2209,STOP,PolygonStop,0.2684,-0.0769,0.2684,0.0,0.0
177.443,268.4,-3.451,2.7825,-1.7527,-0.019,-0.01,480,8,100,283,0.2407,0.2209,STOP,PolygonStop,0.2684,-0.0769,0.2684,0.0,0.0
177.551,268.5,-3.451,2.7825,-1.7527,-0.019,-0.01,480,8,100,283,0.2407,0.2209,STOP,PolygonStop,0.2684,-0.0769,0.2684,0.0,0.0
177.642,268.6,-3.451,2.7825,-1.7527,-0.019,-0.01,480,8,100,283,0.2407,0.2209,STOP,PolygonStop,0.2684,-0.0769,0.2684,0.0,0.0
177.742,268.7,-3.451,2.7825,-1.7527,-0.019,-0.01,480,8,100,283,0.2407,0.2209,STOP,PolygonStop,0.2684,-0.0769,0.2684,0.0,0.0
177.843,268.8,-3.451,2.7825,-1.7527,-0.019,-0.01,480,8,100,283,0.2407,0.2209,STOP,PolygonStop,0.2684,-0.0769,0.2684,0.0,0.0
177.943,268.9,-3.451,2.7825,-1.7527,-0.019,-0.01,480,8,100,283,0.2407,0.2209,STOP,PolygonStop,0.2684,-0.0769,0.2684,0.0,0.0
178.042,269.0,-3.451,2.7825,-1.7527,-0.019,-0.01,480,8,100,283,0.2407,0.2209,STOP,PolygonStop,0.2684,-0.0769,0.2684,0.0,0.0
178.142,269.1,-3.451,2.7825,-1.7527,-0.019,-0.01,480,8,100,283,0.2407,0.2209,STOP,PolygonStop,0.2684,-0.0769,0.2684,0.0,0.0
178.244,269.2,-3.451,2.7825,-1.7527,-0.019,-0.01,480,8,100,283,0.2407,0.2209,STOP,PolygonStop,0.2684,-0.0769,0.2684,0.0,0.0
178.343,269.3,-3.451,2.7825,-1.7527,-0.019,-0.01,480,8,100,283,0.2407,0.2209,STOP,PolygonStop,0.2684,-0.0769,0.2684,0.0,0.0
178.448,269.4,-3.451,2.7825,-1.7527,-0.019,-0.01,480,8,100,283,0.2407,0.2209,STOP,PolygonStop,0.2684,-0.0769,0.2684,0.0,0.0
178.552,269.5,-3.451,2.7825,-1.7527,-0.019,-0.01,480,8,100,283,0.2407,0.2209,STOP,PolygonStop,0.2684,-0.0769,0.2684,0.0,0.0
178.645,269.6,-3.451,2.7825,-1.7527,-0.019,-0.01,480,8,100,283,0.2407,0.2209,STOP,PolygonStop,0.2684,-0.0769,0.2684,0.0,0.0
178.743,269.7,-3.451,2.7825,-1.7527,-0.019,-0.01,480,8,100,283,0.2407,0.2209,STOP,PolygonStop,0.2684,-0.0769,0.2684,0.0,0.0
178.843,269.8,-3.451,2.7825,-1.7527,-0.019,-0.01,480,8,100,283,0.2407,0.2209,STOP,PolygonStop,0.2684,-0.0769,0.2684,0.0,0.0
178.942,269.9,-3.451,2.7825,-1.7527,-0.019,-0.01,480,8,100,283,0.2407,0.2209,STOP,PolygonStop,0.2684,-0.0769,0.2684,0.0,0.0
179.043,270.0,-3.451,2.7825,-1.7527,-0.019,-0.01,480,8,100,283,0.2407,0.2209,STOP,PolygonStop,0.2684,-0.0769,0.2684,0.0,0.0
179.142,270.1,-3.451,2.7825,-1.7527,-0.019,-0.01,480,8,100,283,0.2407,0.2209,STOP,PolygonStop,0.2684,-0.0769,0.2684,0.0,0.0
179.242,270.2,-3.451,2.7825,-1.7527,-0.019,-0.01,480,8,100,283,0.2407,0.2209,STOP,PolygonStop,0.2684,-0.0769,0.2684,0.0,0.0
179.345,270.3,-3.451,2.7825,-1.7527,-0.019,-0.01,480,8,100,283,0.2407,0.2209,STOP,PolygonStop,0.2684,-0.0769,0.2684,0.0,0.0
179.445,270.4,-3.451,2.7825,-1.7527,-0.019,-0.01,480,8,100,283,0.2407,0.2209,STOP,PolygonStop,0.2684,-0.0769,0.2684,0.0,0.0
179.557,270.5,-3.451,2.7825,-1.7527,-0.019,-0.01,480,8,100,283,0.2407,0.2209,STOP,PolygonStop,0.2684,-0.0769,0.2684,0.0,0.0
179.667,270.6,-3.451,2.7825,-1.7527,-0.019,-0.01,480,8,100,283,0.2407,0.2209,STOP,PolygonStop,0.2684,-0.0769,0.2684,0.0,0.0
179.751,270.7,-3.451,2.7825,-1.7527,-0.019,-0.01,480,8,100,283,0.2407,0.2209,STOP,PolygonStop,0.2684,-0.0769,0.2684,0.0,0.0
179.861,270.8,-3.451,2.7825,-1.7527,-0.019,-0.01,480,8,100,283,0.2407,0.2209,STOP,PolygonStop,0.2684,-0.0769,0.2684,0.0,0.0
179.951,270.9,-3.451,2.7825,-1.7527,-0.019,-0.01,480,8,100,283,0.2407,0.2209,STOP,PolygonStop,0.2684,-0.0769,0.2684,0.0,0.0
180.06,271.0,-3.451,2.7825,-1.7527,-0.019,-0.01,480,8,100,283,0.2407,0.2209,STOP,PolygonStop,0.2684,-0.0769,0.2684,0.0,0.0
180.158,271.1,-3.451,2.7825,-1.7527,-0.019,-0.01,480,8,100,283,0.2407,0.2209,STOP,PolygonStop,0.2684,-0.0769,0.2684,0.0,0.0
180.27,271.2,-3.451,2.7825,-1.7527,-0.019,-0.01,480,8,100,283,0.2407,0.2209,STOP,PolygonStop,0.2684,-0.0769,0.2684,0.0,0.0
180.369,271.3,-3.451,2.7825,-1.7527,-0.019,-0.01,480,8,100,283,0.2407,0.2209,STOP,PolygonStop,0.2684,-0.0769,0.2684,0.0,0.0
180.478,271.4,-3.451,2.7825,-1.7527,-0.019,-0.01,480,8,100,283,0.2407,0.2209,STOP,PolygonStop,0.2684,-0.0769,0.2684,0.0,0.0
180.578,271.5,-3.451,2.7825,-1.7527,-0.019,-0.01,480,8,100,283,0.2407,0.2209,STOP,PolygonStop,0.2684,-0.0769,0.2684,0.0,0.0
180.691,271.6,-3.451,2.7825,-1.7527,-0.019,-0.01,480,8,100,283,0.2407,0.2209,STOP,PolygonStop,0.2684,-0.0769,0.2684,0.0,0.0
180.777,271.7,-3.451,2.7825,-1.7527,-0.019,-0.01,480,8,100,283,0.2407,0.2209,STOP,PolygonStop,0.2684,-0.0769,0.2684,0.0,0.0
180.886,271.8,-3.451,2.7825,-1.7527,-0.019,-0.01,480,8,100,283,0.2407,0.2209,STOP,PolygonStop,0.2684,-0.0769,0.2684,0.0,0.0
180.981,271.9,-3.451,2.7825,-1.7527,-0.019,-0.01,480,8,100,283,0.2407,0.2209,STOP,PolygonStop,0.2684,-0.0769,0.2684,0.0,0.0
181.082,272.0,-3.451,2.7825,-1.7527,-0.019,-0.01,480,8,100,283,0.2407,0.2209,STOP,PolygonStop,0.2684,-0.0769,0.2684,0.0,0.0
181.182,272.1,-3.451,2.7825,-1.7527,-0.019,-0.01,480,8,100,283,0.2407,0.2209,STOP,PolygonStop,0.2684,-0.0769,0.2684,0.0,0.0
181.286,272.2,-3.451,2.7825,-1.7527,-0.019,-0.01,480,8,100,283,0.2407,0.2209,STOP,PolygonStop,0.2684,-0.0769,0.2684,0.0,0.0
181.386,272.3,-3.451,2.7825,-1.7527,-0.019,-0.01,480,8,100,283,0.2407,0.2209,STOP,PolygonStop,0.2684,-0.0769,0.2684,0.0,0.0
181.493,272.4,-3.451,2.7825,-1.7527,-0.019,-0.01,480,8,100,283,0.2407,0.2209,STOP,PolygonStop,0.2684,-0.0769,0.2684,0.0,0.0
181.591,272.5,-3.451,2.7825,-1.7527,-0.019,-0.01,480,8,100,283,0.2407,0.2209,STOP,PolygonStop,0.2684,-0.0769,0.2684,0.0,0.0
181.693,272.6,-3.451,2.7825,-1.7527,-0.019,-0.01,480,8,100,283,0.2407,0.2209,STOP,PolygonStop,0.2684,-0.0769,0.2684,0.0,0.0
181.784,272.7,-3.451,2.7825,-1.7527,-0.019,-0.01,480,8,100,283,0.2407,0.2209,STOP,PolygonStop,0.2684,-0.0769,0.2684,0.0,0.0
181.884,272.8,-3.451,2.7825,-1.7527,-0.019,-0.01,480,8,100,283,0.2407,0.2209,STOP,PolygonStop,0.2684,-0.0769,0.2684,0.0,0.0
181.988,272.9,-3.451,2.7825,-1.7527,-0.019,-0.01,480,8,100,283,0.2407,0.2209,STOP,PolygonStop,0.2684,-0.0769,0.2684,0.0,0.0
182.085,273.0,-3.451,2.7825,-1.7527,-0.019,-0.01,480,8,100,283,0.2407,0.2209,STOP,PolygonStop,0.2684,-0.0769,0.2684,0.0,0.0
182.185,273.1,-3.451,2.7825,-1.7527,-0.019,-0.01,480,8,100,283,0.2407,0.2209,STOP,PolygonStop,0.2684,-0.0769,0.2684,0.0,0.0
182.283,273.2,-3.451,2.7825,-1.7527,-0.019,-0.01,480,8,100,283,0.2407,0.2209,STOP,PolygonStop,0.2684,-0.0769,0.2684,0.0,0.0
182.386,273.3,-3.451,2.7825,-1.7527,-0.019,-0.01,480,8,100,283,0.2407,0.2209,STOP,PolygonStop,0.2684,-0.0769,0.2684,0.0,0.0
182.485,273.4,-3.451,2.7825,-1.7527,-0.019,-0.01,480,8,100,283,0.2407,0.2209,STOP,PolygonStop,0.2684,-0.0769,0.2684,0.0,0.0
182.585,273.5,-3.451,2.7825,-1.7527,-0.019,-0.01,480,8,100,283,0.2407,0.2209,STOP,PolygonStop,0.2684,-0.0769,0.2684,0.0,0.0
182.689,273.6,-3.451,2.7825,-1.7527,-0.019,-0.01,480,8,100,283,0.2407,0.2209,STOP,PolygonStop,0.2684,-0.0769,0.2684,0.0,0.0
182.789,273.7,-3.451,2.7825,-1.7527,-0.019,-0.01,480,8,100,283,0.2407,0.2209,STOP,PolygonStop,0.2684,-0.0769,0.2684,0.0,0.0
182.894,273.8,-3.451,2.7825,-1.7527,-0.019,-0.01,480,8,100,283,0.2407,0.2209,STOP,PolygonStop,0.2684,-0.0769,0.2684,0.0,0.0
183.005,273.9,-3.451,2.7825,-1.7527,-0.019,-0.01,480,8,100,283,0.2407,0.2209,STOP,PolygonStop,0.2684,-0.0769,0.2684,0.0,0.0
183.098,274.0,-3.451,2.7825,-1.7527,-0.019,-0.01,480,8,100,283,0.2407,0.2209,STOP,PolygonStop,0.2684,-0.0769,0.2684,0.0,0.0
183.204,274.1,-3.451,2.7825,-1.7527,-0.019,-0.01,480,8,100,283,0.2407,0.2209,STOP,PolygonStop,0.2684,-0.0769,0.2684,0.0,0.0
183.294,274.2,-3.451,2.7825,-1.7527,-0.019,-0.01,480,8,100,283,0.2407,0.2209,STOP,PolygonStop,0.2684,-0.0769,0.2684,0.0,0.0
183.405,274.3,-3.451,2.7825,-1.7527,-0.019,-0.01,480,8,100,283,0.2407,0.2209,STOP,PolygonStop,0.2684,-0.0769,0.2684,0.0,0.0
183.504,274.4,-3.451,2.7825,-1.7527,-0.019,-0.01,480,8,100,283,0.2407,0.2209,STOP,PolygonStop,0.2684,-0.0769,0.2684,0.0,0.0
183.611,274.5,-3.451,2.7825,-1.7527,-0.019,-0.01,480,8,100,283,0.2407,0.2209,STOP,PolygonStop,0.0,1.0,0.0184,0.0,0.0
183.711,274.6,-3.451,2.7825,-1.7527,-0.019,-0.01,480,8,100,283,0.2407,0.2209,STOP,PolygonStop,0.0,1.0,0.0,0.0,0.0
183.822,274.7,-3.451,2.7825,-1.7527,-0.019,-0.01,480,8,100,283,0.2407,0.2209,STOP,PolygonStop,0.0,1.0,0.0,0.0,0.0
183.921,274.8,-3.451,2.7825,-1.7527,-0.019,-0.01,480,8,100,283,0.2407,0.2209,STOP,PolygonStop,0.0,1.0,0.0,0.0,0.0
184.028,274.9,-3.451,2.7825,-1.7527,-0.019,-0.01,480,8,100,283,0.2407,0.2209,STOP,PolygonStop,0.0,1.0,0.0,0.0,0.0
184.127,275.0,-3.451,2.7825,-1.7527,-0.019,-0.01,480,8,100,283,0.2407,0.2209,STOP,PolygonStop,0.0,1.0,0.0,0.0,0.0
184.236,275.1,-3.451,2.7825,-1.7527,-0.019,-0.01,480,8,100,283,0.2407,0.2209,STOP,PolygonStop,0.0,1.0,0.0,0.0,0.0
184.334,275.2,-3.451,2.7825,-1.7527,-0.019,-0.01,480,8,100,283,0.2407,0.2209,STOP,PolygonStop,0.0,1.0,0.0,0.0,0.0
184.438,275.3,-3.451,2.7825,-1.7527,-0.019,-0.01,480,8,100,283,0.2407,0.2209,STOP,PolygonStop,0.0,1.0,0.0,0.0,0.0
184.538,275.4,-3.451,2.7825,-1.7527,-0.019,-0.01,480,8,100,283,0.2407,0.2209,STOP,PolygonStop,0.0,1.0,0.0,0.0,0.0
184.637,275.5,-3.451,2.7825,-1.7527,-0.019,-0.01,480,8,100,283,0.2407,0.2209,STOP,PolygonStop,0.0,1.0,0.0,0.0,0.0
184.737,275.6,-3.451,2.7825,-1.7527,-0.019,-0.01,480,8,100,283,0.2407,0.2209,STOP,PolygonStop,0.0,1.0,0.0,0.0,0.0
184.838,275.7,-3.451,2.7825,-1.7527,-0.019,-0.01,480,8,100,283,0.2407,0.2209,STOP,PolygonStop,0.0,1.0,0.0,0.0,0.0
184.937,275.8,-3.451,2.7825,-1.7527,-0.019,-0.01,480,8,100,283,0.2407,0.2209,STOP,PolygonStop,0.0,1.0,0.0,0.0,0.0
185.037,275.9,-3.451,2.7825,-1.7527,-0.019,-0.01,480,8,100,283,0.2407,0.2209,STOP,PolygonStop,0.0,1.0,0.0,0.0,0.0
185.138,276.0,-3.451,2.7825,-1.7527,-0.019,-0.01,480,8,100,283,0.2407,0.2209,STOP,PolygonStop,0.0,1.0,0.0,0.0,0.0
185.237,276.1,-3.451,2.7825,-1.7527,-0.019,-0.01,480,8,100,283,0.2407,0.2209,STOP,PolygonStop,0.0,1.0,0.0,0.0,0.0
185.336,276.2,-3.451,2.7825,-1.7527,-0.019,-0.01,480,8,100,283,0.2407,0.2209,STOP,PolygonStop,0.0,1.0,0.0,0.0,0.0
185.438,276.3,-3.451,2.7825,-1.7527,-0.019,-0.01,480,8,100,283,0.2407,0.2209,STOP,PolygonStop,0.0,1.0,0.0,0.0,0.0
185.538,276.4,-3.451,2.7825,-1.7527,-0.019,-0.01,480,8,100,283,0.2407,0.2209,STOP,PolygonStop,0.0,1.0,0.0,0.0,0.0
185.637,276.5,-3.451,2.7825,-1.7527,-0.019,-0.01,480,8,100,283,0.2407,0.2209,STOP,PolygonStop,0.0,1.0,0.0,0.0,0.0
185.743,276.6,-3.451,2.7825,-1.7527,-0.019,-0.01,480,8,100,283,0.2407,0.2209,STOP,PolygonStop,0.0,1.0,0.0,0.0,0.0
185.848,276.7,-3.451,2.7825,-1.7527,-0.019,-0.01,480,8,100,283,0.2407,0.2209,STOP,PolygonStop,0.0,1.0,0.0,0.0,0.0
185.949,276.8,-3.451,2.7825,-1.7527,-0.019,-0.01,480,8,100,283,0.2407,0.2209,STOP,PolygonStop,0.0,1.0,0.0,0.0,0.0
186.067,276.9,-3.451,2.7825,-1.7527,-0.019,-0.01,480,8,100,283,0.2407,0.2209,STOP,PolygonStop,0.0,1.0,0.0,0.0,0.0
186.156,277.0,-3.451,2.7825,-1.7527,-0.019,-0.01,480,8,100,283,0.2407,0.2209,STOP,PolygonStop,0.0,1.0,0.0,0.0,0.0
186.26,277.1,-3.451,2.7825,-1.7527,-0.019,-0.01,480,8,100,283,0.2407,0.2209,STOP,PolygonStop,0.0,1.0,0.0,0.0,0.0
186.375,277.2,-3.451,2.7825,-1.7527,-0.019,-0.01,480,8,100,283,0.2407,0.2209,STOP,PolygonStop,0.0,1.0,0.0,0.0,0.0
186.463,277.3,-3.451,2.7825,-1.7527,-0.019,-0.01,480,8,100,283,0.2407,0.2209,STOP,PolygonStop,0.0,1.0,0.0,0.0,0.0
186.576,277.4,-3.451,2.7825,-1.7527,-0.019,-0.01,480,8,100,283,0.2407,0.2209,STOP,PolygonStop,0.0,1.0,0.0,0.0,0.0
186.661,277.5,-3.451,2.7825,-1.7527,-0.019,-0.01,480,8,100,283,0.2407,0.2209,STOP,PolygonStop,0.0,1.0,0.0,0.0,0.0
186.775,277.6,-3.451,2.7825,-1.7527,-0.019,-0.01,480,8,100,283,0.2407,0.2209,STOP,PolygonStop,0.0,1.0,0.0,0.0,0.0
186.873,277.7,-3.451,2.7825,-1.7527,-0.019,-0.01,480,8,100,283,0.2407,0.2209,STOP,PolygonStop,0.0,1.0,0.0,0.0,0.0
186.983,277.8,-3.451,2.7825,-1.7527,-0.019,-0.01,480,8,100,283,0.2407,0.2209,STOP,PolygonStop,0.0,1.0,0.0,0.0,0.0
187.086,277.9,-3.451,2.7825,-1.7527,-0.019,-0.01,480,8,100,283,0.2407,0.2209,STOP,PolygonStop,0.0,1.0,0.0,0.0,0.0
187.19,278.0,-3.451,2.7825,-1.7527,-0.019,-0.01,480,8,100,283,0.2407,0.2209,STOP,PolygonStop,0.0,1.0,0.0,0.0,0.0
187.296,278.1,-3.451,2.7825,-1.7527,-0.019,-0.01,480,8,100,283,0.2407,0.2209,STOP,PolygonStop,0.0,1.0,0.0,0.0,0.0
187.394,278.2,-3.451,2.7825,-1.7527,-0.019,-0.01,480,8,100,283,0.2407,0.2209,STOP,PolygonStop,0.0,1.0,0.0,0.0,0.0
187.495,278.3,-3.451,2.7825,-1.7527,-0.019,-0.01,480,8,100,283,0.2407,0.2209,STOP,PolygonStop,0.0,1.0,0.0,0.0,0.0
187.595,278.4,-3.451,2.7825,-1.7527,-0.019,-0.01,480,8,100,283,0.2407,0.2209,STOP,PolygonStop,0.0,1.0,0.0,0.0,0.0
187.692,278.5,-3.451,2.7825,-1.7527,-0.019,-0.01,480,8,100,283,0.2407,0.2209,STOP,PolygonStop,0.0,1.0,0.0,0.0,0.0
187.796,278.6,-3.451,2.7825,-1.7527,-0.019,-0.01,480,8,100,283,0.2407,0.2209,STOP,PolygonStop,0.0,1.0,0.0,0.0,0.0
187.894,278.7,-3.451,2.7825,-1.7527,-0.019,-0.01,480,8,100,283,0.2407,0.2209,STOP,PolygonStop,0.0,1.0,0.0,0.0,0.0
188.008,278.8,-3.451,2.7825,-1.7527,-0.019,-0.01,480,8,100,283,0.2407,0.2209,STOP,PolygonStop,0.0,1.0,0.0,0.0,0.0
188.103,278.9,-3.451,2.7825,-1.7527,-0.019,-0.01,480,8,100,283,0.2407,0.2209,STOP,PolygonStop,0.0,1.0,0.0,0.0,0.0
188.208,279.0,-3.451,2.7825,-1.7527,-0.019,-0.01,480,8,100,283,0.2407,0.2209,STOP,PolygonStop,0.0,1.0,0.0,0.0,0.0
188.313,279.1,-3.451,2.7825,-1.7527,-0.019,-0.01,480,8,100,283,0.2407,0.2209,STOP,PolygonStop,0.0,1.0,0.0,0.0,0.0
188.418,279.2,-3.451,2.7825,-1.7527,-0.019,-0.01,480,8,100,283,0.2407,0.2209,STOP,PolygonStop,0.0,1.0,0.0,0.0,0.0
188.51,279.3,-3.451,2.7825,-1.7527,-0.019,-0.01,480,8,100,283,0.2407,0.2209,STOP,PolygonStop,0.0,1.0,0.0,0.0,0.0
188.608,279.4,-3.451,2.7825,-1.7527,-0.019,-0.01,480,8,100,283,0.2407,0.2209,STOP,PolygonStop,0.0,1.0,0.0,0.0,0.0
188.708,279.5,-3.451,2.7825,-1.7527,-0.019,-0.01,480,8,100,283,0.2407,0.2209,STOP,PolygonStop,0.0,1.0,0.0,0.0,0.0
188.81,279.6,-3.451,2.7825,-1.7527,-0.019,-0.01,480,8,100,283,0.2407,0.2209,STOP,PolygonStop,0.0,1.0,0.0,0.0,0.0
188.909,279.7,-3.451,2.7825,-1.7527,-0.019,-0.01,480,8,100,283,0.2407,0.2209,STOP,PolygonStop,0.0,1.0,0.0,0.0,0.0
189.01,279.8,-3.451,2.7825,-1.7527,-0.019,-0.01,480,8,100,283,0.2407,0.2209,STOP,PolygonStop,0.0,1.0,0.0,0.0,0.0
189.11,279.9,-3.451,2.7825,-1.7527,-0.019,-0.01,480,8,100,283,0.2407,0.2209,STOP,PolygonStop,0.0,1.0,0.0,0.0,0.0
189.211,280.0,-3.451,2.7825,-1.7527,-0.019,-0.01,480,8,100,283,0.2407,0.2209,STOP,PolygonStop,0.0,1.0,0.0,0.0,0.0
189.324,280.1,-3.451,2.7825,-1.7527,-0.019,-0.01,480,8,100,283,0.2407,0.2209,STOP,PolygonStop,0.0,1.0,0.0,0.0,0.0
189.429,280.2,-3.451,2.7825,-1.7527,-0.019,-0.01,480,8,100,283,0.2407,0.2209,STOP,PolygonStop,0.0,1.0,0.0,0.0,0.0
189.53,280.3,-3.451,2.7825,-1.7527,-0.019,-0.01,480,8,100,283,0.2407,0.2209,STOP,PolygonStop,0.0,1.0,0.0,0.0,0.0
189.638,280.4,-3.451,2.7825,-1.7527,-0.019,-0.01,480,8,100,283,0.2407,0.2209,STOP,PolygonStop,0.0,1.0,0.0,0.0,0.0
189.759,280.5,-3.451,2.7825,-1.7527,-0.019,-0.01,480,8,100,283,0.2407,0.2209,STOP,PolygonStop,0.0,1.0,0.0,0.0,0.0
189.838,280.6,-3.451,2.7825,-1.7527,-0.019,-0.01,480,8,100,283,0.2407,0.2209,STOP,PolygonStop,0.0,1.0,0.0,0.0,0.0
189.951,280.7,-3.451,2.7825,-1.7527,-0.019,-0.01,480,8,100,283,0.2407,0.2209,STOP,PolygonStop,0.0,1.0,0.0,0.0,0.0
190.038,280.8,-3.451,2.7825,-1.7527,-0.019,-0.01,480,8,100,283,0.2407,0.2209,STOP,PolygonStop,0.0,1.0,0.0,0.0,0.0
190.146,280.9,-3.451,2.7825,-1.7527,-0.019,-0.01,480,8,100,283,0.2407,0.2209,STOP,PolygonStop,0.0,1.0,0.0,0.0,0.0
190.249,281.0,-3.451,2.7825,-1.7527,-0.019,-0.01,480,8,100,283,0.2407,0.2209,STOP,PolygonStop,0.0,1.0,0.0,0.0,0.0
190.353,281.1,-3.451,2.7825,-1.7527,-0.019,-0.01,480,8,100,283,0.2407,0.2209,STOP,PolygonStop,0.0,1.0,0.0,0.0,0.0
190.453,281.2,-3.451,2.7825,-1.7527,-0.019,-0.01,480,8,100,283,0.2407,0.2209,STOP,PolygonStop,0.0,1.0,0.0,0.0,0.0
190.569,281.3,-3.451,2.7825,-1.7527,-0.019,-0.01,480,8,100,283,0.2407,0.2209,STOP,PolygonStop,0.0,1.0,0.0,0.0,0.0
190.668,281.4,-3.451,2.7825,-1.7527,-0.019,-0.01,480,8,100,283,0.2407,0.2209,STOP,PolygonStop,0.0,1.0,0.0,0.0,0.0
190.781,281.5,-3.451,2.7825,-1.7527,-0.019,-0.01,480,8,100,283,0.2407,0.2209,STOP,PolygonStop,0.0,1.0,0.0,0.0,0.0
190.881,281.6,-3.451,2.7825,-1.7527,-0.019,-0.01,480,8,100,283,0.2407,0.2209,STOP,PolygonStop,0.0,1.0,0.0,0.0,0.0
190.979,281.7,-3.451,2.7825,-1.7527,-0.019,-0.01,480,8,100,283,0.2407,0.2209,STOP,PolygonStop,0.0,1.0,0.0,0.0,0.0
191.079,281.8,-3.451,2.7825,-1.7527,-0.019,-0.01,480,8,100,283,0.2407,0.2209,STOP,PolygonStop,0.0,1.0,0.0,0.0,0.0
191.181,281.9,-3.451,2.7825,-1.7527,-0.019,-0.01,480,8,100,283,0.2407,0.2209,STOP,PolygonStop,0.0,1.0,0.0,0.0,0.0
191.281,282.0,-3.451,2.7825,-1.7527,-0.019,-0.01,480,8,100,283,0.2407,0.2209,STOP,PolygonStop,0.0,1.0,0.0,0.0,0.0
191.377,282.1,-3.451,2.7825,-1.7527,-0.019,-0.01,480,8,100,283,0.2407,0.2209,STOP,PolygonStop,0.0,1.0,0.0,0.0,0.0
191.476,282.2,-3.451,2.7825,-1.7527,-0.019,-0.01,480,8,100,283,0.2407,0.2209,STOP,PolygonStop,0.0,1.0,0.0,0.0,0.0
191.579,282.3,-3.451,2.7825,-1.7527,-0.019,-0.01,480,8,100,283,0.2407,0.2209,STOP,PolygonStop,0.0,1.0,0.0,0.0,0.0
191.677,282.4,-3.451,2.7825,-1.7527,-0.019,-0.01,480,8,100,283,0.2407,0.2209,STOP,PolygonStop,0.0,1.0,0.0,0.0,0.0
191.778,282.5,-3.451,2.7825,-1.7527,-0.019,-0.01,480,8,100,283,0.2407,0.2209,STOP,PolygonStop,0.0,1.0,0.0,0.0,0.0
191.885,282.6,-3.451,2.7825,-1.7527,-0.019,-0.01,480,8,100,283,0.2407,0.2209,STOP,PolygonStop,0.0,1.0,0.0,0.0,0.0
191.981,282.7,-3.451,2.7825,-1.7527,-0.019,-0.01,480,8,100,283,0.2407,0.2209,STOP,PolygonStop,0.0,1.0,0.0,0.0,0.0
192.08,282.8,-3.451,2.7825,-1.7527,-0.019,-0.01,480,8,100,283,0.2407,0.2209,STOP,PolygonStop,0.0,1.0,0.0,0.0,0.0
192.181,282.9,-3.451,2.7825,-1.7527,-0.019,-0.01,480,8,100,283,0.2407,0.2209,STOP,PolygonStop,0.0,1.0,0.0,0.0,0.0
192.281,283.0,-3.451,2.7825,-1.7527,-0.019,-0.01,480,8,100,283,0.2407,0.2209,STOP,PolygonStop,0.0,1.0,0.0,0.0,0.0
192.382,283.1,-3.451,2.7825,-1.7527,-0.019,-0.01,480,8,100,283,0.2407,0.2209,STOP,PolygonStop,0.0,1.0,0.0,0.0,0.0
192.481,283.2,-3.451,2.7825,-1.7527,-0.019,-0.01,480,8,100,283,0.2407,0.2209,STOP,PolygonStop,0.0,1.0,0.0,0.0,0.0
192.581,283.3,-3.451,2.7825,-1.7527,-0.019,-0.01,480,8,100,283,0.2407,0.2209,STOP,PolygonStop,0.0,1.0,0.0,0.0,0.0
192.69,283.4,-3.451,2.7825,-1.7527,-0.019,-0.01,480,8,100,283,0.2407,0.2209,STOP,PolygonStop,0.0,1.0,0.0,0.0,0.0
192.796,283.5,-3.451,2.7825,-1.7527,-0.019,-0.01,480,8,100,283,0.2407,0.2209,STOP,PolygonStop,0.0,1.0,0.0,0.0,0.0
192.896,283.6,-3.451,2.7825,-1.7527,-0.019,-0.01,480,8,100,283,0.2407,0.2209,STOP,PolygonStop,0.0,1.0,0.0,0.0,0.0
193.012,283.7,-3.451,2.7825,-1.7527,-0.019,-0.01,480,8,100,283,0.2407,0.2209,STOP,PolygonStop,0.0,1.0,0.0,0.0,0.0
193.119,283.8,-3.451,2.7825,-1.7527,-0.019,-0.01,480,8,100,283,0.2407,0.2209,STOP,PolygonStop,0.0,1.0,0.0,0.0,0.0
193.205,283.9,-3.451,2.7825,-1.7527,-0.019,-0.01,480,8,100,283,0.2407,0.2209,STOP,PolygonStop,0.0,1.0,0.0,0.0,0.0
193.32,284.0,-3.451,2.7825,-1.7527,-0.019,-0.01,480,8,100,283,0.2407,0.2209,STOP,PolygonStop,0.0,1.0,0.0,0.0,0.0
193.403,284.1,-3.451,2.7825,-1.7527,-0.019,-0.01,480,8,100,283,0.2407,0.2209,STOP,PolygonStop,0.0,1.0,0.0,0.0,0.0
193.52,284.2,-3.451,2.7825,-1.7527,-0.019,-0.01,480,8,100,283,0.2407,0.2209,STOP,PolygonStop,0.0,1.0,0.0,0.0,0.0
193.616,284.3,-3.451,2.7825,-1.7527,-0.019,-0.01,480,8,100,283,0.2407,0.2209,STOP,PolygonStop,0.0,1.0,0.0,0.0,0.0
193.731,284.4,-3.451,2.7825,-1.7527,-0.019,-0.01,480,8,100,283,0.2407,0.2209,STOP,PolygonStop,0.0,1.0,0.0,0.0,0.0
193.822,284.5,-3.451,2.7825,-1.7527,-0.019,-0.01,480,8,100,283,0.2407,0.2209,STOP,PolygonStop,0.0,1.0,0.0,0.0,0.0
193.93,284.6,-3.451,2.7825,-1.7527,-0.019,-0.01,480,8,100,283,0.2407,0.2209,STOP,PolygonStop,0.0,0.0,0.0,0.0,0.0
194.029,284.7,-3.451,2.7825,-1.7527,-0.019,-0.01,480,8,100,283,0.2407,0.2209,STOP,PolygonStop,0.0,0.0,0.0,0.0,0.0
194.144,284.8,-3.451,2.7825,-1.7527,-0.019,-0.01,480,8,100,283,0.2407,0.2209,STOP,PolygonStop,0.0,0.0,0.0,0.0,0.0
194.242,284.9,-3.451,2.7825,-1.7527,-0.019,-0.01,480,8,100,283,0.2407,0.2209,STOP,PolygonStop,0.0,0.0,0.0,0.0,0.0
194.344,285.0,-3.451,2.7825,-1.7527,-0.019,-0.01,480,8,100,283,0.2407,0.2209,STOP,PolygonStop,0.0,0.0,0.0,0.0,0.0
194.452,285.1,-3.451,2.7825,-1.7527,-0.019,-0.01,480,8,100,283,0.2407,0.2209,STOP,PolygonStop,0.0,0.0,0.0,0.0,0.0
194.55,285.2,-3.451,2.7825,-1.7527,-0.019,-0.01,480,8,100,283,0.2407,0.2209,STOP,PolygonStop,0.0,0.0,0.0,0.0,0.0
194.646,285.3,-3.451,2.7825,-1.7527,-0.019,-0.01,480,8,100,283,0.2407,0.2209,STOP,PolygonStop,0.0,0.0,0.0,0.0,0.0
194.744,285.4,-3.451,2.7825,-1.7527,-0.019,-0.01,480,8,100,283,0.2407,0.2209,STOP,PolygonStop,0.0,0.0,0.0,0.0,0.0
194.847,285.5,-3.451,2.7825,-1.7527,-0.019,-0.01,480,8,100,283,0.2407,0.2209,STOP,PolygonStop,0.0,0.0,0.0,0.0,0.0
194.944,285.6,-3.451,2.7825,-1.7527,-0.019,-0.01,480,8,100,283,0.2407,0.2209,STOP,PolygonStop,0.0,0.0,0.0,0.0,0.0
195.045,285.7,-3.451,2.7825,-1.7527,-0.019,-0.01,480,8,100,283,0.2407,0.2209,STOP,PolygonStop,0.0,0.0,0.0,0.0,0.0
195.151,285.8,-3.451,2.7825,-1.7527,-0.019,-0.01,480,8,100,283,0.2407,0.2209,STOP,PolygonStop,0.0,0.0,0.0,0.0,0.0
195.243,285.9,-3.451,2.7825,-1.7527,-0.019,-0.01,480,8,100,283,0.2407,0.2209,STOP,PolygonStop,0.0,0.0,0.0,0.0,0.0
195.348,286.0,-3.451,2.7825,-1.7527,-0.019,-0.01,480,8,100,283,0.2407,0.2209,STOP,PolygonStop,0.0,0.0,0.0,0.0,0.0
195.445,286.1,-3.451,2.7825,-1.7527,-0.019,-0.01,480,8,100,283,0.2407,0.2209,STOP,PolygonStop,0.0,0.0,0.0,0.0,0.0
195.545,286.2,-3.451,2.7825,-1.7527,-0.019,-0.01,480,8,100,283,0.2407,0.2209,STOP,PolygonStop,0.0,0.0,0.0,0.0,0.0
195.643,286.3,-3.451,2.7825,-1.7527,-0.019,-0.01,480,8,100,283,0.2407,0.2209,STOP,PolygonStop,0.0,0.0,0.0,0.0,0.0
195.745,286.4,-3.451,2.7825,-1.7527,-0.019,-0.01,480,8,100,283,0.2407,0.2209,STOP,PolygonStop,0.0,0.0,0.0,0.0,0.0
195.847,286.5,-3.451,2.7825,-1.7527,-0.019,-0.01,480,8,100,283,0.2407,0.2209,STOP,PolygonStop,0.0,0.0,0.0,0.0,0.0
195.949,286.6,-3.451,2.7825,-1.7527,-0.019,-0.01,480,8,100,283,0.2407,0.2209,STOP,PolygonStop,0.0,0.0,0.0,0.0,0.0
196.052,286.7,-3.451,2.7825,-1.7527,-0.019,-0.01,480,8,100,283,0.2407,0.2209,STOP,PolygonStop,0.0,0.0,0.0,0.0,0.0
196.158,286.8,-3.451,2.7825,-1.7527,-0.019,-0.01,480,8,100,283,0.2407,0.2209,STOP,PolygonStop,0.0,0.0,0.0,0.0,0.0
196.26,286.9,-3.451,2.7825,-1.7527,-0.019,-0.01,480,8,100,283,0.2407,0.2209,STOP,PolygonStop,0.0,0.0,0.0,0.0,0.0
196.372,287.0,-3.451,2.7825,-1.7527,-0.019,-0.01,480,8,100,283,0.2407,0.2209,STOP,PolygonStop,0.0,0.0,0.0,0.0,0.0
196.487,287.1,-3.451,2.7825,-1.7527,-0.019,-0.01,480,8,100,283,0.2407,0.2209,STOP,PolygonStop,0.0,0.0,0.0,0.0,0.0
196.566,287.2,-3.451,2.7825,-1.7527,-0.019,-0.01,480,8,100,283,0.2407,0.2209,STOP,PolygonStop,0.0,0.0,0.0,0.0,0.0
196.678,287.3,-3.451,2.7825,-1.7527,-0.019,-0.01,480,8,100,283,0.2407,0.2209,STOP,PolygonStop,0.0,0.0,0.0,0.0,0.0
196.766,287.4,-3.451,2.7825,-1.7527,-0.019,-0.01,480,8,100,283,0.2407,0.2209,STOP,PolygonStop,0.0,0.0,0.0,0.0,0.0
196.873,287.5,-3.451,2.7825,-1.7527,-0.019,-0.01,480,8,100,283,0.2407,0.2209,STOP,PolygonStop,0.0,0.0,0.0,0.0,0.0
196.972,287.6,-3.451,2.7825,-1.7527,-0.019,-0.01,480,8,100,283,0.2407,0.2209,STOP,PolygonStop,0.0,0.0,0.0,0.0,0.0
197.084,287.7,-3.451,2.7825,-1.7527,-0.019,-0.01,480,8,100,283,0.2407,0.2209,STOP,PolygonStop,0.0,0.0,0.0,0.0,0.0
197.185,287.8,-3.451,2.7825,-1.7527,-0.019,-0.01,480,8,100,283,0.2407,0.2209,STOP,PolygonStop,0.0,0.0,0.0,0.0,0.0
197.291,287.9,-3.451,2.7825,-1.7527,-0.019,-0.01,480,8,100,283,0.2407,0.2209,STOP,PolygonStop,0.0,0.0,0.0,0.0,0.0
197.393,288.0,-3.451,2.7825,-1.7527,-0.019,-0.01,480,8,100,283,0.2407,0.2209,STOP,PolygonStop,0.0,0.0,0.0,0.0,0.0
197.499,288.1,-3.451,2.7825,-1.7527,-0.019,-0.01,480,8,100,283,0.2407,0.2209,STOP,PolygonStop,0.0,0.0,0.0,0.0,0.0
197.595,288.2,-3.451,2.7825,-1.7527,-0.019,-0.01,480,8,100,283,0.2407,0.2209,STOP,PolygonStop,0.0,0.0,0.0,0.0,0.0
197.697,288.3,-3.451,2.7825,-1.7527,-0.019,-0.01,480,8,100,283,0.2407,0.2209,STOP,PolygonStop,0.0,0.0,0.0,0.0,0.0
197.794,288.4,-3.451,2.7825,-1.7527,-0.019,-0.01,480,8,100,283,0.2407,0.2209,STOP,PolygonStop,0.0,0.0,0.0,0.0,0.0
197.899,288.5,-3.451,2.7825,-1.7527,-0.019,-0.01,480,8,100,283,0.2407,0.2209,STOP,PolygonStop,0.0,0.0,0.0,0.0,0.0
197.998,288.6,-3.451,2.7825,-1.7527,-0.019,-0.01,480,8,100,283,0.2407,0.2209,STOP,PolygonStop,0.0,0.0,0.0,0.0,0.0
198.097,288.7,-3.451,2.7825,-1.7527,-0.019,-0.01,480,8,100,283,0.2407,0.2209,STOP,PolygonStop,0.0,0.0,0.0,0.0,0.0
198.197,288.8,-3.451,2.7825,-1.7527,-0.019,-0.01,480,8,100,283,0.2407,0.2209,STOP,PolygonStop,0.0,0.0,0.0,0.0,0.0
198.299,288.9,-3.451,2.7825,-1.7527,-0.019,-0.01,480,8,100,283,0.2407,0.2209,STOP,PolygonStop,0.0,0.0,0.0,0.0,0.0
198.399,289.0,-3.451,2.7825,-1.7527,-0.019,-0.01,480,8,100,283,0.2407,0.2209,STOP,PolygonStop,0.0,0.0,0.0,0.0,0.0
198.498,289.1,-3.451,2.7825,-1.7527,-0.019,-0.01,480,8,100,283,0.2407,0.2209,STOP,PolygonStop,0.0,0.0,0.0,0.0,0.0
198.598,289.2,-3.451,2.7825,-1.7527,-0.019,-0.01,480,8,100,283,0.2407,0.2209,STOP,PolygonStop,0.0,0.0,0.0,0.0,0.0
198.698,289.3,-3.451,2.7825,-1.7527,-0.019,-0.01,480,8,100,283,0.2407,0.2209,STOP,PolygonStop,0.0,0.0,0.0,0.0,0.0
198.798,289.4,-3.451,2.7825,-1.7527,-0.019,-0.01,480,8,100,283,0.2407,0.2209,STOP,PolygonStop,0.0,0.0,0.0,0.0,0.0
198.896,289.5,-3.451,2.7825,-1.7527,-0.019,-0.01,480,8,100,283,0.2407,0.2209,STOP,PolygonStop,0.0,0.0,0.0,0.0,0.0
198.998,289.6,-3.451,2.7825,-1.7527,-0.019,-0.01,480,8,100,283,0.2407,0.2209,STOP,PolygonStop,0.0,0.0,0.0,0.0,0.0
199.097,289.7,-3.451,2.7825,-1.7527,-0.019,-0.01,480,8,100,283,0.2407,0.2209,STOP,PolygonStop,0.2684,-0.0769,0.25,0.0,0.0
199.197,289.8,-3.451,2.7825,-1.7527,-0.019,-0.01,480,8,100,283,0.2407,0.2209,STOP,PolygonStop,0.2684,-0.0769,0.2684,0.0,0.0
199.302,289.9,-3.451,2.7825,-1.7527,-0.019,-0.01,480,8,100,283,0.2407,0.2209,STOP,PolygonStop,0.2684,-0.0769,0.2684,0.0,0.0
199.396,290.0,-3.451,2.7825,-1.7527,-0.019,-0.01,480,8,100,283,0.2407,0.2209,STOP,PolygonStop,0.2684,-0.0769,0.2684,0.0,0.0
199.5,290.1,-3.451,2.7825,-1.7527,-0.019,-0.01,480,8,100,283,0.2407,0.2209,STOP,PolygonStop,0.2684,-0.0769,0.2684,0.0,0.0
199.603,290.2,-3.451,2.7825,-1.7527,-0.019,-0.01,480,8,100,283,0.2407,0.2209,STOP,PolygonStop,0.2684,-0.0769,0.2684,0.0,0.0
199.714,290.3,-3.451,2.7825,-1.7527,-0.019,-0.01,480,8,100,283,0.2407,0.2209,STOP,PolygonStop,0.2684,-0.0769,0.2684,0.0,0.0
199.824,290.4,-3.451,2.7825,-1.7527,-0.019,-0.01,480,8,100,283,0.2407,0.2209,STOP,PolygonStop,0.2684,-0.0769,0.2684,0.0,0.0
199.908,290.5,-3.451,2.7825,-1.7527,-0.019,-0.01,480,8,100,283,0.2407,0.2209,STOP,PolygonStop,0.2684,-0.0769,0.2684,0.0,0.0
200.019,290.6,-3.451,2.7825,-1.7527,-0.019,-0.01,480,8,100,283,0.2407,0.2209,STOP,PolygonStop,0.2684,-0.0769,0.2684,0.0,0.0
200.111,290.7,-3.451,2.7825,-1.7527,-0.019,-0.01,480,8,100,283,0.2407,0.2209,STOP,PolygonStop,0.2684,-0.0769,0.2684,0.0,0.0
200.218,290.8,-3.451,2.7825,-1.7527,-0.019,-0.01,480,8,100,283,0.2407,0.2209,STOP,PolygonStop,0.2684,-0.0769,0.2684,0.0,0.0
200.317,290.9,-3.451,2.7825,-1.7527,-0.019,-0.01,480,8,100,283,0.2407,0.2209,STOP,PolygonStop,0.2684,-0.0769,0.2684,0.0,0.0
200.424,291.0,-3.451,2.7825,-1.7527,-0.019,-0.01,480,8,100,283,0.2407,0.2209,STOP,PolygonStop,0.2684,-0.0769,0.2684,0.0,0.0
200.524,291.1,-3.451,2.7825,-1.7527,-0.019,-0.01,480,8,100,283,0.2407,0.2209,STOP,PolygonStop,0.2684,-0.0769,0.2684,0.0,0.0
200.642,291.2,-3.451,2.7825,-1.7527,-0.019,-0.01,480,8,100,283,0.2407,0.2209,STOP,PolygonStop,0.2684,-0.0769,0.2684,0.0,0.0
200.744,291.3,-3.451,2.7825,-1.7527,-0.019,-0.01,480,8,100,283,0.2407,0.2209,STOP,PolygonStop,0.2684,-0.0769,0.2684,0.0,0.0
200.847,291.4,-3.451,2.7825,-1.7527,-0.019,-0.01,480,8,100,283,0.2407,0.2209,STOP,PolygonStop,0.2684,-0.0769,0.2684,0.0,0.0
200.941,291.5,-3.451,2.7825,-1.7527,-0.019,-0.01,480,8,100,283,0.2407,0.2209,STOP,PolygonStop,0.2684,-0.0769,0.2684,0.0,0.0
201.048,291.6,-3.451,2.7825,-1.7527,-0.019,-0.01,480,8,100,283,0.2407,0.2209,STOP,PolygonStop,0.2684,-0.0769,0.2684,0.0,0.0
201.145,291.7,-3.451,2.7825,-1.7527,-0.019,-0.01,480,8,100,283,0.2407,0.2209,STOP,PolygonStop,0.2684,-0.0769,0.2684,0.0,0.0
201.245,291.8,-3.451,2.7825,-1.7527,-0.019,-0.01,480,8,100,283,0.2407,0.2209,STOP,PolygonStop,0.2684,-0.0769,0.2684,0.0,0.0
201.346,291.9,-3.451,2.7825,-1.7527,-0.019,-0.01,480,8,100,283,0.2407,0.2209,STOP,PolygonStop,0.2684,-0.0769,0.2684,0.0,0.0
201.444,292.0,-3.451,2.7825,-1.7527,-0.019,-0.01,480,8,100,283,0.2407,0.2209,STOP,PolygonStop,0.2684,-0.0769,0.2684,0.0,0.0
201.544,292.1,-3.451,2.7825,-1.7527,-0.019,-0.01,480,8,100,283,0.2407,0.2209,STOP,PolygonStop,0.2684,-0.0769,0.2684,0.0,0.0
201.651,292.2,-3.451,2.7825,-1.7527,-0.019,-0.01,480,8,100,283,0.2407,0.2209,STOP,PolygonStop,0.2684,-0.0769,0.2684,0.0,0.0
201.751,292.3,-3.451,2.7825,-1.7527,-0.019,-0.01,480,8,100,283,0.2407,0.2209,STOP,PolygonStop,0.2684,-0.0769,0.2684,0.0,0.0
201.845,292.4,-3.451,2.7825,-1.7527,-0.019,-0.01,480,8,100,283,0.2407,0.2209,STOP,PolygonStop,0.2684,-0.0769,0.2684,0.0,0.0
201.944,292.5,-3.451,2.7825,-1.7527,-0.019,-0.01,480,8,100,283,0.2407,0.2209,STOP,PolygonStop,0.2684,-0.0769,0.2684,0.0,0.0
202.044,292.6,-3.451,2.7825,-1.7527,-0.019,-0.01,480,8,100,283,0.2407,0.2209,STOP,PolygonStop,0.2684,-0.0769,0.2684,0.0,0.0
202.143,292.7,-3.451,2.7825,-1.7527,-0.019,-0.01,480,8,100,283,0.2407,0.2209,STOP,PolygonStop,0.2684,-0.0769,0.2684,0.0,0.0
202.244,292.8,-3.451,2.7825,-1.7527,-0.019,-0.01,480,8,100,283,0.2407,0.2209,STOP,PolygonStop,0.2684,-0.0769,0.2684,0.0,0.0
202.344,292.9,-3.451,2.7825,-1.7527,-0.019,-0.01,480,8,100,283,0.2407,0.2209,STOP,PolygonStop,0.2684,-0.0769,0.2684,0.0,0.0
202.445,293.0,-3.451,2.7825,-1.7527,-0.019,-0.01,480,8,100,283,0.2407,0.2209,STOP,PolygonStop,0.2684,-0.0769,0.2684,0.0,0.0
202.551,293.1,-3.451,2.7825,-1.7527,-0.019,-0.01,480,8,100,283,0.2407,0.2209,STOP,PolygonStop,0.2684,-0.0769,0.2684,0.0,0.0
202.651,293.2,-3.451,2.7825,-1.7527,-0.019,-0.01,480,8,100,283,0.2407,0.2209,STOP,PolygonStop,0.2684,-0.0769,0.2684,0.0,0.0
202.755,293.3,-3.451,2.7825,-1.7527,-0.019,-0.01,480,8,100,283,0.2407,0.2209,STOP,PolygonStop,0.2684,-0.0769,0.2684,0.0,0.0
202.858,293.4,-3.451,2.7825,-1.7527,-0.019,-0.01,480,8,100,283,0.2407,0.2209,STOP,PolygonStop,0.2684,-0.0769,0.2684,0.0,0.0
202.964,293.5,-3.451,2.7825,-1.7527,-0.019,-0.01,480,8,100,283,0.2407,0.2209,STOP,PolygonStop,0.2684,-0.0769,0.2684,0.0,0.0
203.069,293.6,-3.451,2.7825,-1.7527,-0.019,-0.01,480,8,100,283,0.2407,0.2209,STOP,PolygonStop,0.2684,-0.0769,0.2684,0.0,0.0
203.188,293.7,-3.451,2.7825,-1.7527,-0.019,-0.01,480,8,100,283,0.2407,0.2209,STOP,PolygonStop,0.2684,-0.0769,0.2684,0.0,0.0
203.27,293.8,-3.451,2.7825,-1.7527,-0.019,-0.01,480,8,100,283,0.2407,0.2209,STOP,PolygonStop,0.2684,-0.0769,0.2684,0.0,0.0
203.38,293.9,-3.451,2.7825,-1.7527,-0.019,-0.01,480,8,100,283,0.2407,0.2209,STOP,PolygonStop,0.2684,-0.0769,0.2684,0.0,0.0
203.483,294.0,-3.451,2.7825,-1.7527,-0.019,-0.01,480,8,100,283,0.2407,0.2209,STOP,PolygonStop,0.2684,-0.0769,0.2684,0.0,0.0
203.624,294.1,-3.451,2.7825,-1.7527,-0.019,-0.01,480,8,100,283,0.2407,0.2209,STOP,PolygonStop,0.2684,-0.0769,0.2684,0.0,0.0
203.695,294.2,-3.451,2.7825,-1.7527,-0.019,-0.01,480,8,100,283,0.2407,0.2209,STOP,PolygonStop,0.2684,-0.0769,0.2684,0.0,0.0
203.807,294.3,-3.451,2.7825,-1.7527,-0.019,-0.01,480,8,100,283,0.2407,0.2209,STOP,PolygonStop,0.2684,-0.0769,0.2684,0.0,0.0
203.897,294.4,-3.451,2.7825,-1.7527,-0.019,-0.01,480,8,100,283,0.2407,0.2209,STOP,PolygonStop,0.2684,-0.0769,0.2684,0.0,0.0
203.998,294.5,-3.451,2.7825,-1.7527,-0.019,-0.01,480,8,100,283,0.2407,0.2209,STOP,PolygonStop,0.2684,-0.0769,0.2684,0.0,0.0
204.107,294.6,-3.451,2.7825,-1.7527,-0.019,-0.01,480,8,100,283,0.2407,0.2209,STOP,PolygonStop,0.2684,-0.0769,0.2684,0.0,0.0
204.198,294.7,-3.451,2.7825,-1.7527,-0.019,-0.01,480,8,100,283,0.2407,0.2209,STOP,PolygonStop,0.2684,-0.0769,0.2684,0.0,0.0
204.297,294.8,-3.451,2.7825,-1.7527,-0.019,-0.01,480,8,100,283,0.2407,0.2209,STOP,PolygonStop,0.2684,-0.0769,0.2684,0.0,0.0
204.401,294.9,-3.451,2.7825,-1.7527,-0.019,-0.01,480,8,100,283,0.2407,0.2209,STOP,PolygonStop,0.2684,-0.0769,0.2684,0.0,0.0
204.504,295.0,-3.451,2.7825,-1.7527,-0.019,-0.01,480,8,100,283,0.2407,0.2209,STOP,PolygonStop,0.2684,-0.0769,0.2684,0.0,0.0
204.598,295.1,-3.451,2.7825,-1.7527,-0.019,-0.01,480,8,100,283,0.2407,0.2209,STOP,PolygonStop,0.2684,-0.0769,0.2684,0.0,0.0
204.697,295.2,-3.451,2.7825,-1.7527,-0.019,-0.01,480,8,100,283,0.2407,0.2209,STOP,PolygonStop,0.2684,-0.0769,0.2684,0.0,0.0
204.798,295.3,-3.451,2.7825,-1.7527,-0.019,-0.01,480,8,100,283,0.2407,0.2209,STOP,PolygonStop,0.2684,-0.0769,0.2684,0.0,0.0
204.897,295.4,-3.451,2.7825,-1.7527,-0.019,-0.01,480,8,100,283,0.2407,0.2209,STOP,PolygonStop,0.2684,-0.0769,0.2684,0.0,0.0
205.001,295.5,-3.451,2.7825,-1.7527,-0.019,-0.01,480,8,100,283,0.2407,0.2209,STOP,PolygonStop,0.2684,-0.0769,0.2684,0.0,0.0
205.097,295.6,-3.451,2.7825,-1.7527,-0.019,-0.01,480,8,100,283,0.2407,0.2209,STOP,PolygonStop,0.2684,-0.0769,0.2684,0.0,0.0
205.208,295.7,-3.451,2.7825,-1.7527,-0.019,-0.01,480,8,100,283,0.2407,0.2209,STOP,PolygonStop,0.2684,-0.0769,0.2684,0.0,0.0
205.297,295.8,-3.451,2.7825,-1.7527,-0.019,-0.01,480,8,100,283,0.2407,0.2209,STOP,PolygonStop,0.2684,-0.0769,0.2684,0.0,0.0
205.397,295.9,-3.451,2.7825,-1.7527,-0.019,-0.01,480,8,100,283,0.2407,0.2209,STOP,PolygonStop,0.2684,-0.0769,0.2684,0.0,0.0
205.497,296.0,-3.451,2.7825,-1.7527,-0.019,-0.01,480,8,100,283,0.2407,0.2209,STOP,PolygonStop,0.2684,-0.0769,0.2684,0.0,0.0
205.6,296.1,-3.451,2.7825,-1.7527,-0.019,-0.01,480,8,100,283,0.2407,0.2209,STOP,PolygonStop,0.2684,-0.0769,0.2684,0.0,0.0
205.697,296.2,-3.451,2.7825,-1.7527,-0.019,-0.01,480,8,100,283,0.2407,0.2209,STOP,PolygonStop,0.2684,-0.0769,0.2684,0.0,0.0
205.798,296.3,-3.451,2.7825,-1.7527,-0.019,-0.01,480,8,100,283,0.2407,0.2209,STOP,PolygonStop,0.2684,-0.0769,0.2684,0.0,0.0
205.897,296.4,-3.451,2.7825,-1.7527,-0.019,-0.01,480,8,100,283,0.2407,0.2209,STOP,PolygonStop,0.2684,-0.0769,0.2684,0.0,0.0
205.998,296.5,-3.451,2.7825,-1.7527,-0.019,-0.01,480,8,100,283,0.2407,0.2209,STOP,PolygonStop,0.2684,-0.0769,0.2684,0.0,0.0
206.098,296.6,-3.451,2.7825,-1.7527,-0.019,-0.01,480,8,100,283,0.2407,0.2209,STOP,PolygonStop,0.2684,-0.0769,0.2684,0.0,0.0
206.198,296.7,-3.451,2.7825,-1.7527,-0.019,-0.01,480,8,100,283,0.2407,0.2209,STOP,PolygonStop,0.2684,-0.0769,0.2684,0.0,0.0
206.297,296.8,-3.451,2.7825,-1.7527,-0.019,-0.01,480,8,100,283,0.2407,0.2209,STOP,PolygonStop,0.2684,-0.0769,0.2684,0.0,0.0
206.397,296.9,-3.451,2.7825,-1.7527,-0.019,-0.01,480,8,100,283,0.2407,0.2209,STOP,PolygonStop,0.2684,-0.0769,0.2684,0.0,0.0
206.505,297.0,-3.451,2.7825,-1.7527,-0.019,-0.01,480,8,100,283,0.2407,0.2209,STOP,PolygonStop,0.2684,-0.0769,0.2684,0.0,0.0
206.6,297.1,-3.451,2.7825,-1.7527,-0.019,-0.01,480,8,100,283,0.2407,0.2209,STOP,PolygonStop,0.2684,-0.0769,0.2684,0.0,0.0
206.707,297.2,-3.451,2.7825,-1.7527,-0.019,-0.01,480,8,100,283,0.2407,0.2209,STOP,PolygonStop,0.2684,-0.0769,0.2684,0.0,0.0
206.802,297.3,-3.451,2.7825,-1.7527,-0.019,-0.01,480,8,100,283,0.2407,0.2209,STOP,PolygonStop,0.2684,-0.0769,0.2684,0.0,0.0
206.901,297.4,-3.451,2.7825,-1.7527,-0.019,-0.01,480,8,100,283,0.2407,0.2209,STOP,PolygonStop,0.2684,-0.0769,0.2684,0.0,0.0
207.004,297.5,-3.451,2.7825,-1.7527,-0.019,-0.01,480,8,100,283,0.2407,0.2209,STOP,PolygonStop,0.2684,-0.0769,0.2684,0.0,0.0
207.106,297.6,-3.451,2.7825,-1.7527,-0.019,-0.01,480,8,100,283,0.2407,0.2209,STOP,PolygonStop,0.2684,-0.0769,0.2684,0.0,0.0
207.197,297.7,-3.451,2.7825,-1.7527,-0.019,-0.01,480,8,100,283,0.2407,0.2209,STOP,PolygonStop,0.2684,-0.0769,0.2684,0.0,0.0
207.298,297.8,-3.451,2.7825,-1.7527,-0.019,-0.01,480,8,100,283,0.2407,0.2209,STOP,PolygonStop,0.2684,-0.0769,0.2684,0.0,0.0
207.4,297.9,-3.451,2.7825,-1.7527,-0.019,-0.01,480,8,100,283,0.2407,0.2209,STOP,PolygonStop,0.2684,-0.0769,0.2684,0.0,0.0
207.498,298.0,-3.451,2.7825,-1.7527,-0.019,-0.01,480,8,100,283,0.2407,0.2209,STOP,PolygonStop,0.2684,-0.0769,0.2684,0.0,0.0
207.597,298.1,-3.451,2.7825,-1.7527,-0.019,-0.01,480,8,100,283,0.2407,0.2209,STOP,PolygonStop,0.2684,-0.0769,0.2684,0.0,0.0
207.7,298.2,-3.451,2.7825,-1.7527,-0.019,-0.01,480,8,100,283,0.2407,0.2209,STOP,PolygonStop,0.2684,-0.0769,0.2684,0.0,0.0
207.797,298.3,-3.451,2.7825,-1.7527,-0.019,-0.01,480,8,100,283,0.2407,0.2209,STOP,PolygonStop,0.2684,-0.0769,0.2684,0.0,0.0
207.898,298.4,-3.451,2.7825,-1.7527,-0.019,-0.01,480,8,100,283,0.2407,0.2209,STOP,PolygonStop,0.2684,-0.0769,0.2684,0.0,0.0
208.001,298.5,-3.451,2.7825,-1.7527,-0.019,-0.01,480,8,100,283,0.2407,0.2209,STOP,PolygonStop,0.2684,-0.0769,0.2684,0.0,0.0
208.098,298.6,-3.451,2.7825,-1.7527,-0.019,-0.01,480,8,100,283,0.2407,0.2209,STOP,PolygonStop,0.2684,-0.0769,0.2684,0.0,0.0
208.201,298.7,-3.451,2.7825,-1.7527,-0.019,-0.01,480,8,100,283,0.2407,0.2209,STOP,PolygonStop,0.2684,-0.0769,0.2684,0.0,0.0
208.304,298.8,-3.451,2.7825,-1.7527,-0.019,-0.01,480,8,100,283,0.2407,0.2209,STOP,PolygonStop,0.2684,-0.0769,0.2684,0.0,0.0
208.398,298.9,-3.451,2.7825,-1.7527,-0.019,-0.01,480,8,100,283,0.2407,0.2209,STOP,PolygonStop,0.2684,-0.0769,0.2684,0.0,0.0
208.498,299.0,-3.451,2.7825,-1.7527,-0.019,-0.01,480,8,100,283,0.2407,0.2209,STOP,PolygonStop,0.2684,-0.0769,0.2684,0.0,0.0
208.599,299.1,-3.451,2.7825,-1.7527,-0.019,-0.01,480,8,100,283,0.2407,0.2209,STOP,PolygonStop,0.2684,-0.0769,0.2684,0.0,0.0
208.698,299.2,-3.451,2.7825,-1.7527,-0.019,-0.01,480,8,100,283,0.2407,0.2209,STOP,PolygonStop,0.2684,-0.0769,0.2684,0.0,0.0
208.8,299.3,-3.451,2.7825,-1.7527,-0.019,-0.01,480,8,100,283,0.2407,0.2209,STOP,PolygonStop,0.2684,-0.0769,0.2684,0.0,0.0
208.898,299.4,-3.451,2.7825,-1.7527,-0.019,-0.01,480,8,100,283,0.2407,0.2209,STOP,PolygonStop,0.2684,-0.0769,0.2684,0.0,0.0
208.998,299.5,-3.451,2.7825,-1.7527,-0.019,-0.01,480,8,100,283,0.2407,0.2209,STOP,PolygonStop,0.2684,-0.0769,0.2684,0.0,0.0
209.098,299.6,-3.451,2.7825,-1.7527,-0.019,-0.01,480,8,100,283,0.2407,0.2209,STOP,PolygonStop,0.2684,-0.0769,0.2684,0.0,0.0
209.197,299.7,-3.451,2.7825,-1.7527,-0.019,-0.01,480,8,100,283,0.2407,0.2209,STOP,PolygonStop,0.0,0.0,0.2684,0.0,0.0
209.301,299.8,-3.451,2.7825,-1.7527,-0.019,-0.01,480,8,100,283,0.2407,0.2209,STOP,PolygonStop,0.2684,-0.0769,0.0184,0.0,0.0
209.398,299.9,-3.451,2.7825,-1.7527,-0.019,-0.01,480,8,100,283,0.2407,0.2209,STOP,PolygonStop,0.2684,-0.0769,0.2684,0.0,0.0
209.498,300.0,-3.451,2.7825,-1.7527,-0.019,-0.01,480,8,100,283,0.2407,0.2209,STOP,PolygonStop,0.2684,-0.0769,0.2684,0.0,0.0
209.597,300.1,-3.451,2.7825,-1.7527,-0.019,-0.01,480,8,100,283,0.2407,0.2209,STOP,PolygonStop,0.2684,-0.0769,0.2684,0.0,0.0
209.701,300.2,-3.451,2.7825,-1.7527,-0.019,-0.01,480,8,100,283,0.2407,0.2209,STOP,PolygonStop,0.2684,-0.0769,0.2684,0.0,0.0
209.804,300.3,-3.451,2.7825,-1.7527,-0.019,-0.01,480,8,100,283,0.2407,0.2209,STOP,PolygonStop,0.2684,-0.0769,0.2684,0.0,0.0
209.899,300.4,-3.451,2.7825,-1.7527,-0.019,-0.01,480,8,100,283,0.2407,0.2209,STOP,PolygonStop,0.2684,-0.0769,0.2684,0.0,0.0
210.004,300.5,-3.451,2.7825,-1.7527,-0.019,-0.01,480,8,100,283,0.2407,0.2209,STOP,PolygonStop,0.2684,-0.0769,0.2684,0.0,0.0
210.101,300.6,-3.451,2.7825,-1.7527,-0.019,-0.01,480,8,100,283,0.2407,0.2209,STOP,PolygonStop,0.2684,-0.0769,0.2684,0.0,0.0
210.209,300.7,-3.451,2.7825,-1.7527,-0.019,-0.01,480,8,100,283,0.2407,0.2209,STOP,PolygonStop,0.2684,-0.0769,0.2684,0.0,0.0
210.309,300.8,-3.451,2.7825,-1.7527,-0.019,-0.01,480,8,100,283,0.2407,0.2209,STOP,PolygonStop,0.2684,-0.0769,0.2684,0.0,0.0
210.405,300.9,-3.451,2.7825,-1.7527,-0.019,-0.01,480,8,100,283,0.2407,0.2209,STOP,PolygonStop,0.2684,-0.0769,0.2684,0.0,0.0
210.514,301.0,-3.451,2.7825,-1.7527,-0.019,-0.01,480,8,100,283,0.2407,0.2209,STOP,PolygonStop,0.2684,-0.0769,0.2684,0.0,0.0
210.609,301.1,-3.451,2.7825,-1.7527,-0.019,-0.01,480,8,100,283,0.2407,0.2209,STOP,PolygonStop,0.2684,-0.0769,0.2684,0.0,0.0
210.702,301.2,-3.451,2.7825,-1.7527,-0.019,-0.01,480,8,100,283,0.2407,0.2209,STOP,PolygonStop,0.2684,-0.0769,0.2684,0.0,0.0
210.803,301.3,-3.451,2.7825,-1.7527,-0.019,-0.01,480,8,100,283,0.2407,0.2209,STOP,PolygonStop,0.2684,-0.0769,0.2684,0.0,0.0
210.902,301.4,-3.451,2.7825,-1.7527,-0.019,-0.01,480,8,100,283,0.2407,0.2209,STOP,PolygonStop,0.2684,-0.0769,0.2684,0.0,0.0
211.027,301.5,-3.451,2.7825,-1.7527,-0.019,-0.01,480,8,100,283,0.2407,0.2209,STOP,PolygonStop,0.2684,-0.0769,0.2684,0.0,0.0
211.118,301.6,-3.451,2.7825,-1.7527,-0.019,-0.01,480,8,100,283,0.2407,0.2209,STOP,PolygonStop,0.2684,-0.0769,0.2684,0.0,0.0
211.227,301.7,-3.451,2.7825,-1.7527,-0.019,-0.01,480,8,100,283,0.2407,0.2209,STOP,PolygonStop,0.2684,-0.0769,0.2684,0.0,0.0
211.323,301.8,-3.451,2.7825,-1.7527,-0.019,-0.01,480,8,100,283,0.2407,0.2209,STOP,PolygonStop,0.2684,-0.0769,0.2684,0.0,0.0
211.423,301.9,-3.451,2.7825,-1.7527,-0.019,-0.01,480,8,100,283,0.2407,0.2209,STOP,PolygonStop,0.2684,-0.0769,0.2684,0.0,0.0
211.52,302.0,-3.451,2.7825,-1.7527,-0.019,-0.01,480,8,100,283,0.2407,0.2209,STOP,PolygonStop,0.2684,-0.0769,0.2684,0.0,0.0
211.619,302.1,-3.451,2.7825,-1.7527,-0.019,-0.01,480,8,100,283,0.2407,0.2209,STOP,PolygonStop,0.2684,-0.0769,0.2684,0.0,0.0
211.721,302.2,-3.451,2.7825,-1.7527,-0.019,-0.01,480,8,100,283,0.2407,0.2209,STOP,PolygonStop,0.2684,-0.0769,0.2684,0.0,0.0
211.824,302.3,-3.451,2.7825,-1.7527,-0.019,-0.01,480,8,100,283,0.2407,0.2209,STOP,PolygonStop,0.2684,-0.0769,0.2684,0.0,0.0
211.918,302.4,-3.451,2.7825,-1.7527,-0.019,-0.01,480,8,100,283,0.2407,0.2209,STOP,PolygonStop,0.2684,-0.0769,0.2684,0.0,0.0
212.029,302.5,-3.451,2.7825,-1.7527,-0.019,-0.01,480,8,100,283,0.2407,0.2209,STOP,PolygonStop,0.2684,-0.0769,0.2684,0.0,0.0
212.118,302.6,-3.451,2.7825,-1.7527,-0.019,-0.01,480,8,100,283,0.2407,0.2209,STOP,PolygonStop,0.2684,-0.0769,0.2684,0.0,0.0
212.224,302.7,-3.451,2.7825,-1.7527,-0.019,-0.01,480,8,100,283,0.2407,0.2209,STOP,PolygonStop,0.2684,-0.0769,0.2684,0.0,0.0
212.317,302.8,-3.451,2.7825,-1.7527,-0.019,-0.01,480,8,100,283,0.2407,0.2209,STOP,PolygonStop,0.2684,-0.0769,0.2684,0.0,0.0
212.425,302.9,-3.451,2.7825,-1.7527,-0.019,-0.01,480,8,100,283,0.2407,0.2209,STOP,PolygonStop,0.2684,-0.0769,0.2684,0.0,0.0
212.518,303.0,-3.451,2.7825,-1.7527,-0.019,-0.01,480,8,100,283,0.2407,0.2209,STOP,PolygonStop,0.2684,-0.0769,0.2684,0.0,0.0
212.628,303.1,-3.451,2.7825,-1.7527,-0.019,-0.01,480,8,100,283,0.2407,0.2209,STOP,PolygonStop,0.2684,-0.0769,0.2684,0.0,0.0
212.72,303.2,-3.451,2.7825,-1.7527,-0.019,-0.01,480,8,100,283,0.2407,0.2209,STOP,PolygonStop,0.2684,-0.0769,0.2684,0.0,0.0
212.832,303.3,-3.451,2.7825,-1.7527,-0.019,-0.01,480,8,100,283,0.2407,0.2209,STOP,PolygonStop,0.2684,-0.0769,0.2684,0.0,0.0
212.92,303.4,-3.451,2.7825,-1.7527,-0.019,-0.01,480,8,100,283,0.2407,0.2209,STOP,PolygonStop,0.2684,-0.0769,0.2684,0.0,0.0
213.022,303.5,-3.451,2.7825,-1.7527,-0.019,-0.01,480,8,100,283,0.2407,0.2209,STOP,PolygonStop,0.2684,-0.0769,0.2684,0.0,0.0
213.127,303.6,-3.451,2.7825,-1.7527,-0.019,-0.01,480,8,100,283,0.2407,0.2209,STOP,PolygonStop,0.2684,-0.0769,0.2684,0.0,0.0
213.222,303.7,-3.451,2.7825,-1.7527,-0.019,-0.01,480,8,100,283,0.2407,0.2209,STOP,PolygonStop,0.2684,-0.0769,0.2684,0.0,0.0
213.331,303.8,-3.451,2.7825,-1.7527,-0.019,-0.01,480,8,100,283,0.2407,0.2209,STOP,PolygonStop,0.2684,-0.0769,0.2684,0.0,0.0
213.422,303.9,-3.451,2.7825,-1.7527,-0.019,-0.01,480,8,100,283,0.2407,0.2209,STOP,PolygonStop,0.2684,-0.0769,0.2684,0.0,0.0
213.525,304.0,-3.451,2.7825,-1.7527,-0.019,-0.01,480,8,100,283,0.2407,0.2209,STOP,PolygonStop,0.2684,-0.0769,0.2684,0.0,0.0
213.63,304.1,-3.451,2.7825,-1.7527,-0.019,-0.01,480,8,100,283,0.2407,0.2209,STOP,PolygonStop,0.2684,-0.0769,0.2684,0.0,0.0
213.724,304.2,-3.451,2.7825,-1.7527,-0.019,-0.01,480,8,100,283,0.2407,0.2209,STOP,PolygonStop,0.2684,-0.0769,0.2684,0.0,0.0
213.822,304.3,-3.451,2.7825,-1.7527,-0.019,-0.01,480,8,100,283,0.2407,0.2209,STOP,PolygonStop,0.2684,-0.0769,0.2684,0.0,0.0
213.927,304.4,-3.451,2.7825,-1.7527,-0.019,-0.01,480,8,100,283,0.2407,0.2209,STOP,PolygonStop,0.2684,-0.0769,0.2684,0.0,0.0
214.021,304.5,-3.451,2.7825,-1.7527,-0.019,-0.01,480,8,100,283,0.2407,0.2209,STOP,PolygonStop,0.2684,-0.0769,0.2684,0.0,0.0
214.122,304.6,-3.451,2.7825,-1.7527,-0.019,-0.01,480,8,100,283,0.2407,0.2209,STOP,PolygonStop,0.2684,-0.0769,0.2684,0.0,0.0
214.223,304.7,-3.451,2.7825,-1.7527,-0.019,-0.01,480,8,100,283,0.2407,0.2209,STOP,PolygonStop,0.2684,-0.0769,0.2684,0.0,0.0
214.321,304.8,-3.451,2.7825,-1.7527,-0.019,-0.01,480,8,100,283,0.2407,0.2209,STOP,PolygonStop,0.2684,-0.0769,0.2684,0.0,0.0
214.421,304.9,-3.451,2.7825,-1.7527,-0.019,-0.01,480,8,100,283,0.2407,0.2209,STOP,PolygonStop,0.2684,-0.0769,0.2684,0.0,0.0
214.524,305.0,-3.451,2.7825,-1.7527,-0.019,-0.01,480,8,100,283,0.2407,0.2209,STOP,PolygonStop,0.2684,-0.0769,0.2684,0.0,0.0
214.622,305.1,-3.451,2.7825,-1.7527,-0.019,-0.01,480,8,100,283,0.2407,0.2209,STOP,PolygonStop,0.2684,-0.0769,0.2684,0.0,0.0
214.723,305.2,-3.451,2.7825,-1.7527,-0.019,-0.01,480,8,100,283,0.2407,0.2209,STOP,PolygonStop,0.2684,-0.0769,0.2684,0.0,0.0
214.822,305.3,-3.451,2.7825,-1.7527,-0.019,-0.01,480,8,100,283,0.2407,0.2209,STOP,PolygonStop,0.2684,-0.0769,0.2684,0.0,0.0
214.922,305.4,-3.451,2.7825,-1.7527,-0.019,-0.01,480,8,100,283,0.2407,0.2209,STOP,PolygonStop,0.2684,-0.0769,0.2684,0.0,0.0
215.022,305.5,-3.451,2.7825,-1.7527,-0.019,-0.01,480,8,100,283,0.2407,0.2209,STOP,PolygonStop,0.2684,-0.0769,0.2684,0.0,0.0
215.123,305.6,-3.451,2.7825,-1.7527,-0.019,-0.01,480,8,100,283,0.2407,0.2209,STOP,PolygonStop,0.2684,-0.0769,0.2684,0.0,0.0
215.223,305.7,-3.451,2.7825,-1.7527,-0.019,-0.01,480,8,100,283,0.2407,0.2209,STOP,PolygonStop,0.2684,-0.0769,0.2684,0.0,0.0
215.322,305.8,-3.451,2.7825,-1.7527,-0.019,-0.01,480,8,100,283,0.2407,0.2209,STOP,PolygonStop,0.2684,-0.0769,0.2684,0.0,0.0
215.423,305.9,-3.451,2.7825,-1.7527,-0.019,-0.01,480,8,100,283,0.2407,0.2209,STOP,PolygonStop,0.2684,-0.0769,0.2684,0.0,0.0
215.526,306.0,-3.451,2.7825,-1.7527,-0.019,-0.01,480,8,100,283,0.2407,0.2209,STOP,PolygonStop,0.2684,-0.0769,0.2684,0.0,0.0
215.626,306.1,-3.451,2.7825,-1.7527,-0.019,-0.01,480,8,100,283,0.2407,0.2209,STOP,PolygonStop,0.2684,-0.0769,0.2684,0.0,0.0
215.724,306.2,-3.451,2.7825,-1.7527,-0.019,-0.01,480,8,100,283,0.2407,0.2209,STOP,PolygonStop,0.2684,-0.0769,0.2684,0.0,0.0
215.831,306.3,-3.451,2.7825,-1.7527,-0.019,-0.01,480,8,100,283,0.2407,0.2209,STOP,PolygonStop,0.2684,-0.0769,0.2684,0.0,0.0
215.927,306.4,-3.451,2.7825,-1.7527,-0.019,-0.01,480,8,100,283,0.2407,0.2209,STOP,PolygonStop,0.0,0.0,0.2684,0.0,0.0
216.029,306.5,-3.451,2.7825,-1.7527,-0.019,-0.01,480,8,100,283,0.2407,0.2209,STOP,PolygonStop,0.0,0.0,0.0184,0.0,0.0
216.131,306.6,-3.451,2.7825,-1.7527,-0.019,-0.01,480,8,100,283,0.2407,0.2209,STOP,PolygonStop,0.0,0.0,0.0,0.0,0.0
216.23,306.7,-3.451,2.7825,-1.7527,-0.019,-0.01,480,8,100,283,0.2407,0.2209,STOP,PolygonStop,0.0,0.0,0.0,0.0,0.0
216.332,306.8,-3.451,2.7825,-1.7527,-0.019,-0.01,480,8,100,283,0.2407,0.2209,STOP,PolygonStop,0.0,0.0,0.0,0.0,0.0
216.444,306.9,-3.451,2.7825,-1.7527,-0.019,-0.01,480,8,100,283,0.2407,0.2209,STOP,PolygonStop,0.0,0.0,0.0,0.0,0.0
216.537,307.0,-3.451,2.7825,-1.7527,-0.019,-0.01,480,8,100,283,0.2407,0.2209,STOP,PolygonStop,0.0,0.0,0.0,0.0,0.0
216.65,307.1,-3.451,2.7825,-1.7527,-0.019,-0.01,480,8,100,283,0.2407,0.2209,STOP,PolygonStop,0.0,0.0,0.0,0.0,0.0
216.739,307.2,-3.451,2.7825,-1.7527,-0.019,-0.01,480,8,100,283,0.2407,0.2209,STOP,PolygonStop,0.0,0.0,0.0,0.0,0.0
216.843,307.3,-3.451,2.7825,-1.7527,-0.019,-0.01,480,8,100,283,0.2407,0.2209,STOP,PolygonStop,0.0,0.0,0.0,0.0,0.0
216.938,307.4,-3.451,2.7825,-1.7527,-0.019,-0.01,480,8,100,283,0.2407,0.2209,STOP,PolygonStop,0.0,0.0,0.0,0.0,0.0
217.045,307.5,-3.451,2.7825,-1.7527,-0.019,-0.01,480,8,100,283,0.2407,0.2209,STOP,PolygonStop,0.0,0.0,0.0,0.0,0.0
217.145,307.6,-3.451,2.7825,-1.7527,-0.019,-0.01,480,8,100,283,0.2407,0.2209,STOP,PolygonStop,0.0,0.0,0.0,0.0,0.0
217.248,307.7,-3.451,2.7825,-1.7527,-0.019,-0.01,480,8,100,283,0.2407,0.2209,STOP,PolygonStop,0.0,0.0,0.0,0.0,0.0
217.349,307.8,-3.451,2.7825,-1.7527,-0.019,-0.01,480,8,100,283,0.2407,0.2209,STOP,PolygonStop,0.0,0.0,0.0,0.0,0.0
217.458,307.9,-3.451,2.7825,-1.7527,-0.019,-0.01,480,8,100,283,0.2407,0.2209,STOP,PolygonStop,0.0,0.0,0.0,0.0,0.0
217.549,308.0,-3.451,2.7825,-1.7527,-0.019,-0.01,480,8,100,283,0.2407,0.2209,STOP,PolygonStop,0.0,0.0,0.0,0.0,0.0
217.651,308.1,-3.451,2.7825,-1.7527,-0.019,-0.01,480,8,100,283,0.2407,0.2209,STOP,PolygonStop,0.0,0.0,0.0,0.0,0.0
217.755,308.2,-3.451,2.7825,-1.7527,-0.019,-0.01,480,8,100,283,0.2407,0.2209,STOP,PolygonStop,0.0,0.0,0.0,0.0,0.0
217.85,308.3,-3.451,2.7825,-1.7527,-0.019,-0.01,480,8,100,283,0.2407,0.2209,STOP,PolygonStop,0.0,0.0,0.0,0.0,0.0
217.952,308.4,-3.451,2.7825,-1.7527,-0.019,-0.01,480,8,100,283,0.2407,0.2209,STOP,PolygonStop,0.0,0.0,0.0,0.0,0.0
218.056,308.5,-3.451,2.7825,-1.7527,-0.019,-0.01,480,8,100,283,0.2407,0.2209,STOP,PolygonStop,0.0,0.0,0.0,0.0,0.0
218.151,308.6,-3.451,2.7825,-1.7527,-0.019,-0.01,480,8,100,283,0.2407,0.2209,STOP,PolygonStop,0.0,0.0,0.0,0.0,0.0
218.252,308.7,-3.451,2.7825,-1.7527,-0.019,-0.01,480,8,100,283,0.2407,0.2209,STOP,PolygonStop,0.0,0.0,0.0,0.0,0.0
218.352,308.8,-3.451,2.7825,-1.7527,-0.019,-0.01,480,8,100,283,0.2407,0.2209,STOP,PolygonStop,0.0,0.0,0.0,0.0,0.0
218.454,308.9,-3.451,2.7825,-1.7527,-0.019,-0.01,480,8,100,283,0.2407,0.2209,STOP,PolygonStop,0.0,0.0,0.0,0.0,0.0
218.557,309.0,-3.451,2.7825,-1.7527,-0.019,-0.01,480,8,100,283,0.2407,0.2209,STOP,PolygonStop,0.0,0.0,0.0,0.0,0.0
218.668,309.1,-3.451,2.7825,-1.7527,-0.019,-0.01,480,8,100,283,0.2407,0.2209,STOP,PolygonStop,0.0,0.0,0.0,0.0,0.0
218.764,309.2,-3.451,2.7825,-1.7527,-0.019,-0.01,480,8,100,283,0.2407,0.2209,STOP,PolygonStop,0.0,0.0,0.0,0.0,0.0
218.862,309.3,-3.451,2.7825,-1.7527,-0.019,-0.01,480,8,100,283,0.2407,0.2209,STOP,PolygonStop,0.0,0.0,0.0,0.0,0.0
218.959,309.4,-3.451,2.7825,-1.7527,-0.019,-0.01,480,8,100,283,0.2407,0.2209,STOP,PolygonStop,0.0,0.0,0.0,0.0,0.0
219.058,309.5,-3.451,2.7825,-1.7527,-0.019,-0.01,480,8,100,283,0.2407,0.2209,STOP,PolygonStop,0.0,0.0,0.0,0.0,0.0
219.161,309.6,-3.451,2.7825,-1.7527,-0.019,-0.01,480,8,100,283,0.2407,0.2209,STOP,PolygonStop,0.0,0.0,0.0,0.0,0.0
219.264,309.7,-3.451,2.7825,-1.7527,-0.019,-0.01,480,8,100,283,0.2407,0.2209,STOP,PolygonStop,0.0,0.0,0.0,0.0,0.0
219.368,309.8,-3.451,2.7825,-1.7527,-0.019,-0.01,480,8,100,283,0.2407,0.2209,STOP,PolygonStop,0.0,0.0,0.0,0.0,0.0
219.466,309.9,-3.451,2.7825,-1.7527,-0.019,-0.01,480,8,100,283,0.2407,0.2209,STOP,PolygonStop,0.0,0.0,0.0,0.0,0.0
219.569,310.0,-3.451,2.7825,-1.7527,-0.019,-0.01,480,8,100,283,0.2407,0.2209,STOP,PolygonStop,0.0,0.0,0.0,0.0,0.0
219.675,310.1,-3.451,2.7825,-1.7527,-0.019,-0.01,480,8,100,283,0.2407,0.2209,STOP,PolygonStop,0.0,0.0,0.0,0.0,0.0
219.787,310.2,-3.451,2.7825,-1.7527,-0.019,-0.01,480,8,100,283,0.2407,0.2209,STOP,PolygonStop,0.0,0.0,0.0,0.0,0.0
219.872,310.3,-3.451,2.7825,-1.7527,-0.019,-0.01,480,8,100,283,0.2407,0.2209,STOP,PolygonStop,0.0,0.0,0.0,0.0,0.0
219.984,310.4,-3.451,2.7825,-1.7527,-0.019,-0.01,480,8,100,283,0.2407,0.2209,STOP,PolygonStop,0.0,0.0,0.0,0.0,0.0
