t_s,stamp,gt_x,gt_y,gt_yaw,goal_map_x,goal_map_y,n_valid,n_in_stop,n_in_slow,n_in_limit,d_min_base_m,r_min_lidar_m,monitor_action,monitor_polygon,v_nav,w_nav,v_smoothed,v_out,v_wheel
0.001,95.8,-2.0,0.0,-0.0,,,480,0,0,0,0.8217,0.9543,,,,,,,
0.111,95.9,-2.0,0.0,-0.0,,,480,0,0,0,0.8217,0.9543,,,,,,,
0.202,96.0,-2.0,0.0,-0.0,,,480,0,0,0,0.8217,0.9543,,,,,,,
0.31,96.1,-2.0,0.0,-0.0,,,480,0,0,0,0.8217,0.9543,,,,,,,
0.407,96.2,-2.0,0.0,-0.0,,,480,0,0,0,0.8217,0.9543,,,,,,,
0.511,96.3,-2.0,0.0,-0.0,,,480,0,0,0,0.8217,0.9543,,,,,,,
0.611,96.4,-2.0,0.0,-0.0,,,480,0,0,0,0.8217,0.9543,,,,,,,
0.716,96.5,-2.0,0.0,-0.0,,,480,0,0,0,0.8217,0.9543,,,,,,,
0.81,96.6,-2.0,0.0,-0.0,,,480,0,0,0,0.8217,0.9543,,,,,,,
0.914,96.7,-2.0,0.0,-0.0,,,480,0,0,0,0.8217,0.9543,,,,,,,
1.01,96.8,-2.0,0.0,-0.0,,,480,0,0,0,0.8217,0.9543,,,,,,,
1.114,96.9,-2.0,0.0,-0.0,,,480,0,0,0,0.8217,0.9543,,,,,,,
1.209,97.0,-2.0,0.0,-0.0,,,480,0,0,0,0.8217,0.9543,,,,,,,
1.311,97.1,-2.0,0.0,-0.0,,,480,0,0,0,0.8217,0.9543,,,,,,,
1.408,97.2,-2.0,0.0,-0.0,,,480,0,0,0,0.8217,0.9543,,,,,,,
1.508,97.3,-2.0,0.0,-0.0,,,480,0,0,0,0.8217,0.9543,,,,,,,
1.618,97.4,-2.0,0.0,-0.0,,,480,0,0,0,0.8217,0.9543,,,,,,,
1.708,97.5,-2.0,0.0,-0.0,,,480,0,0,0,0.8217,0.9543,,,,,,,
1.811,97.6,-2.0,0.0,-0.0,,,480,0,0,0,0.8217,0.9543,,,,,,,
1.91,97.7,-2.0,0.0,-0.0,-1.469,2.94,480,0,0,0,0.8217,0.9543,,,0.0,0.7949,,,
2.008,97.8,-2.0,0.0004,0.0116,-1.469,2.94,480,0,0,0,0.822,0.955,,,0.0,0.7949,0.0,0.0,0.0
2.108,97.9,-2.0,0.0022,0.0559,-1.469,2.94,480,0,0,0,0.8231,0.9567,,,0.0,0.7436,0.0,0.0,0.0
2.21,98.0,-2.0,0.0054,0.1267,-1.469,2.94,480,0,0,0,0.8269,0.9613,,,0.0,0.6923,0.0,0.0,0.0
2.31,98.1,-2.0,0.0101,0.1951,-1.469,2.94,480,0,0,0,0.8303,0.9648,,,0.0,0.641,0.0,0.0,0.0
2.41,98.2,-2.0,0.0147,0.2563,-1.469,2.94,480,0,0,0,0.83,0.9641,,,0.0,1.0,0.0,0.0,0.0
2.51,98.3,-2.0,0.0191,0.3231,-1.469,2.94,480,0,0,0,0.8331,0.9661,,,0.0,0.9487,0.0,0.0,0.0
2.61,98.4,-2.0,0.0238,0.4046,-1.469,2.94,480,0,0,0,0.8396,0.9705,,,0.0,0.8974,0.0,0.0,0.0
2.711,98.5,-2.0,0.0272,0.4795,-1.469,2.94,480,0,0,0,0.8371,0.9657,,,0.0,0.7949,0.0,0.0,0.0
2.81,98.6,-2.0,0.0295,0.5449,-1.469,2.94,480,0,0,0,0.839,0.9647,,,0.0,0.7436,0.0,0.0,0.0
2.927,98.7,-2.0001,0.0307,0.6019,-1.469,2.94,480,0,0,0,0.8417,0.9646,,,0.0,0.6923,0.0,0.0,0.0
3.014,98.8,-2.0004,0.031,0.6515,-1.469,2.94,480,0,0,0,0.8415,0.9616,,,0.2684,1.0,0.125,0.0,0.0
3.128,98.9,-1.9981,0.0341,0.7045,-1.469,2.94,480,0,0,0,0.842,0.9586,,,0.1895,1.0,0.1895,0.1895,0.1895
3.234,99.0,-1.9834,0.0489,0.7918,-1.469,2.94,480,0,0,0,0.8415,0.952,,,0.3,1.0,0.3,0.3,0.3
3.322,99.1,-1.9692,0.0642,0.8481,-1.469,2.94,480,0,0,0,0.8385,0.9414,,,0.2842,1.0,0.2842,0.3,0.3
3.427,99.2,-1.9509,0.0862,0.9194,-1.469,2.94,480,0,0,0,0.8449,0.9384,,,0.2684,1.0,0.2684,0.2684,0.2684
3.519,99.3,-1.9353,0.1072,0.9867,-1.469,2.94,480,0,0,0,0.8465,0.9307,,,0.3,0.9487,0.3,0.3,0.3
3.624,99.4,-1.9207,0.1307,1.0516,-1.469,2.94,480,0,0,0,0.8513,0.9256,,,0.2842,1.0,0.2842,0.2842,0.2842
3.723,99.5,-1.9091,0.1546,1.1223,-1.469,2.94,480,0,0,0,0.8601,0.9266,,,0.3,0.8974,0.3,0.3,0.3
3.829,99.6,-1.9002,0.1808,1.1925,-1.469,2.94,480,0,0,0,0.8291,0.928,,,0.3,0.9487,0.3,0.3,0.3
3.933,99.7,-1.8945,0.2081,1.2687,-1.469,2.94,480,0,0,0,0.8097,0.9333,,,0.3,0.7949,0.3,0.3,0.3
4.034,99.8,-1.8916,0.2369,1.3436,-1.469,2.94,480,0,0,0,0.7824,0.9118,,,0.3,0.8974,0.3,0.3,0.3
4.133,99.9,-1.8903,0.2663,1.4266,-1.469,2.94,480,0,0,0,0.7632,0.8957,,,0.3,0.7436,0.3,0.3,0.3
4.233,100.0,-1.8906,0.2962,1.5048,-1.469,2.94,480,0,0,5,0.7421,0.8763,,,0.3,0.7949,0.3,0.3,0.3
4.333,100.1,-1.8922,0.3234,1.5805,-1.469,2.94,480,0,0,8,0.7233,0.8578,LIMIT,PolygonLimit,0.3,0.641,0.3,0.234,0.234
4.437,100.2,-1.8959,0.3471,1.63,-1.469,2.94,480,0,0,0,0.7124,0.8464,DO_NOTHING,,0.3,0.7949,0.3,0.3,0.3
4.533,100.3,-1.9044,0.3759,1.6992,-1.469,2.94,480,0,0,0,0.7001,0.8323,DO_NOTHING,,0.3,0.5385,0.3,0.3,0.3
4.633,100.4,-1.9141,0.4056,1.7606,-1.469,2.94,480,0,0,0,0.6895,0.8186,DO_NOTHING,,0.3,0.4359,0.3,0.3,0.3
4.735,100.5,-1.9236,0.4349,1.8031,-1.469,2.94,480,0,0,0,0.6816,0.8075,DO_NOTHING,,0.3,0.4359,0.3,0.3,0.3
4.836,100.6,-1.9339,0.4639,1.843,-1.469,2.94,480,0,0,0,0.6752,0.7966,DO_NOTHING,,0.3,0.2821,0.3,0.3,0.3
4.937,100.7,-1.9443,0.4927,1.8715,-1.469,2.94,480,0,0,0,0.6705,0.7884,DO_NOTHING,,0.2842,0.2308,0.2842,0.2842,0.2842
5.04,100.8,-1.9545,0.5199,1.8926,-1.469,2.94,480,0,0,0,0.6676,0.7809,DO_NOTHING,,0.3,-0.1282,0.3,0.3,0.3
5.136,100.9,-1.9644,0.5481,1.8974,-1.469,2.94,480,0,0,0,0.6649,0.7753,DO_NOTHING,,0.2842,-0.1282,0.2842,0.2842,0.2842
5.237,101.0,-1.973,0.5753,1.887,-1.469,2.94,480,0,0,0,0.6626,0.77,DO_NOTHING,,0.2842,-0.0769,0.2842,0.2842,0.2842
5.336,101.1,-1.9813,0.6023,1.8796,-1.469,2.94,480,0,0,0,0.6618,0.7668,DO_NOTHING,,0.3,-0.1282,0.3,0.3,0.3
5.443,101.2,-1.9895,0.6307,1.8693,-1.469,2.94,480,0,0,0,0.663,0.7656,DO_NOTHING,,0.2842,-0.1282,0.2842,0.2842,0.2842
5.535,101.3,-1.9972,0.6582,1.8581,-1.469,2.94,480,0,0,0,0.6626,0.7628,DO_NOTHING,,0.3,-0.1282,0.3,0.3,0.3
5.636,101.4,-2.0047,0.6869,1.8467,-1.469,2.94,480,0,0,0,0.6645,0.7611,DO_NOTHING,,0.2842,-0.1282,0.2842,0.2842,0.2842
5.737,101.5,-2.0117,0.7145,1.8354,-1.469,2.94,480,0,0,0,0.668,0.762,DO_NOTHING,,0.3,-0.1282,0.3,0.3,0.3
5.848,101.6,-2.0199,0.7491,1.8219,-1.469,2.94,480,0,0,0,0.6708,0.7621,DO_NOTHING,,0.3,-0.0769,0.3,0.3,0.3
5.938,101.7,-2.0254,0.7723,1.8162,-1.469,2.94,480,0,0,0,0.6762,0.7638,DO_NOTHING,,0.3,-0.0769,0.3,0.3,0.3
6.038,101.8,-2.0321,0.8014,1.8095,-1.469,2.94,480,0,0,0,0.6817,0.7664,DO_NOTHING,,0.2842,-0.0769,0.2842,0.2842,0.2842
6.139,101.9,-2.0382,0.829,1.802,-1.469,2.94,480,0,0,0,0.6879,0.7696,DO_NOTHING,,0.2842,-0.1282,0.2842,0.2842,0.2842
6.241,102.0,-2.0437,0.8568,1.7903,-1.469,2.94,480,0,0,0,0.6934,0.7736,DO_NOTHING,,0.3,-0.1282,0.3,0.3,0.3
6.342,102.1,-2.0492,0.886,1.7786,-1.469,2.94,480,0,0,0,0.699,0.7789,DO_NOTHING,,0.2842,-0.1282,0.2842,0.2842,0.2842
6.445,102.2,-2.0541,0.914,1.7667,-1.469,2.94,480,0,0,0,0.7042,0.7847,DO_NOTHING,,0.3,-0.1282,0.3,0.3,0.3
6.558,102.3,-2.0588,0.9434,1.7548,-1.469,2.94,480,0,0,0,0.7088,0.7907,DO_NOTHING,,0.2842,-0.1282,0.2842,0.2842,0.2842
6.646,102.4,-2.063,0.9714,1.7427,-1.469,2.94,480,0,0,0,0.7128,0.7961,DO_NOTHING,,0.3,-0.1282,0.3,0.3,0.3
6.763,102.5,-2.0677,1.0065,1.7282,-1.469,2.94,480,0,0,0,0.7167,0.8014,DO_NOTHING,,0.2842,-0.1282,0.2842,0.2842,0.2842
6.846,102.6,-2.0704,1.0291,1.7184,-1.469,2.94,480,0,0,0,0.7201,0.8061,DO_NOTHING,,0.3,-0.1282,0.3,0.3,0.3
6.956,102.7,-2.0736,1.0587,1.7064,-1.469,2.94,480,0,0,0,0.7234,0.8106,DO_NOTHING,,0.2842,-0.0256,0.2842,0.2842,0.2842
7.065,102.8,-2.0773,1.087,1.704,-1.469,2.94,480,0,0,0,0.727,0.8144,DO_NOTHING,,0.3,0.0769,0.3,0.3,0.3
7.171,102.9,-2.0818,1.1167,1.7108,-1.469,2.94,480,0,0,0,0.7315,0.8183,DO_NOTHING,,0.3,0.0,0.3,0.3,0.3
7.27,103.0,-2.086,1.1464,1.7101,-1.469,2.94,480,0,0,0,0.7357,0.8225,DO_NOTHING,,0.3,-0.0256,0.3,0.3,0.3
7.374,103.1,-2.0899,1.1757,1.7077,-1.469,2.94,480,0,0,0,0.7396,0.8266,DO_NOTHING,,0.3,-0.0769,0.2842,0.2842,0.2842
7.477,103.2,-2.0935,1.2042,1.7042,-1.469,2.94,480,0,0,0,0.7432,0.8306,DO_NOTHING,,0.3,-0.0769,0.3,0.3,0.3
7.594,103.3,-2.0967,1.2336,1.6969,-1.469,2.94,480,0,0,0,0.7465,0.8346,DO_NOTHING,,0.3,-0.0256,0.2842,0.2842,0.2842
7.685,103.4,-2.0999,1.2625,1.6917,-1.469,2.94,480,0,0,0,0.7497,0.8383,DO_NOTHING,,0.3,-0.0256,0.3,0.3,0.3
7.787,103.5,-2.1031,1.2923,1.6868,-1.469,2.94,480,0,0,0,0.753,0.842,DO_NOTHING,,0.2842,-0.0769,0.3,0.3,0.3
7.887,103.6,-2.1058,1.3214,1.6795,-1.469,2.94,480,0,0,0,0.7559,0.8455,DO_NOTHING,,0.3,-0.0769,0.2842,0.2842,0.2842
7.993,103.7,-2.1082,1.3504,1.672,-1.469,2.94,480,0,0,0,0.7604,0.8486,DO_NOTHING,,0.3,0.0,0.3,0.3,0.3
8.088,103.8,-2.1108,1.3803,1.6677,-1.469,2.94,480,0,0,0,0.7661,0.8516,DO_NOTHING,,0.3,-0.0256,0.3,0.3,0.3
8.194,103.9,-2.1136,1.4101,1.6665,-1.469,2.94,480,0,0,0,0.772,0.8547,DO_NOTHING,,0.2842,0.0,0.3,0.3,0.3
8.296,104.0,-2.1162,1.4392,1.6652,-1.469,2.94,480,0,0,0,0.78,0.8587,DO_NOTHING,,0.3,-0.0256,0.2842,0.2842,0.2842
8.396,104.1,-2.1189,1.4683,1.664,-1.469,2.94,480,0,0,0,0.7871,0.8629,DO_NOTHING,,0.2842,-0.0256,0.3,0.3,0.3
8.492,104.2,-2.1214,1.4974,1.6615,-1.469,2.94,480,0,0,0,0.7974,0.8692,DO_NOTHING,,0.3,0.0,0.2842,0.2842,0.2842
8.591,104.3,-2.1239,1.5265,1.6602,-1.469,2.94,480,0,0,0,0.8079,0.8755,DO_NOTHING,,0.2842,0.0,0.3,0.3,0.3
8.69,104.4,-2.1265,1.5556,1.6602,-1.469,2.94,480,0,0,0,0.818,0.878,DO_NOTHING,,0.3,-0.0769,0.2842,0.2842,0.2842
8.796,104.5,-2.1288,1.5846,1.657,-1.469,2.94,480,0,0,0,0.8295,0.8501,DO_NOTHING,,0.3,-0.1282,0.3,0.3,0.3
8.89,104.6,-2.1305,1.6145,1.6468,-1.469,2.94,480,0,0,0,0.8213,0.826,DO_NOTHING,,0.3,0.0256,0.3,0.3,0.3
8.991,104.7,-2.1319,1.6444,1.6392,-1.469,2.94,480,0,0,0,0.8009,0.8006,DO_NOTHING,,0.2842,0.0256,0.3,0.3,0.3
9.091,104.8,-2.1342,1.6738,1.6418,-1.469,2.94,480,0,0,0,0.7801,0.7771,DO_NOTHING,,0.3,0.0,0.2842,0.2842,0.2842
9.198,104.9,-2.1364,1.7029,1.6431,-1.469,2.94,480,0,0,0,0.7621,0.7552,DO_NOTHING,,0.3,-0.0256,0.3,0.3,0.3
9.298,105.0,-2.1384,1.7328,1.6418,-1.469,2.94,480,0,0,0,0.7426,0.7319,DO_NOTHING,,0.2842,-0.0256,0.3,0.3,0.3
9.399,105.1,-2.1402,1.7618,1.6393,-1.469,2.94,480,0,0,0,0.7237,0.709,DO_NOTHING,,0.3,0.0256,0.2842,0.2842,0.2842
9.498,105.2,-2.1423,1.7912,1.6401,-1.469,2.94,480,0,0,0,0.7059,0.6875,DO_NOTHING,,0.2842,0.0256,0.3,0.3,0.3
9.6,105.3,-2.1446,1.8202,1.6427,-1.469,2.94,480,0,0,0,0.6916,0.6691,DO_NOTHING,,0.3,0.0,0.2842,0.2842,0.2842
9.7,105.4,-2.1468,1.8495,1.6437,-1.469,2.94,480,0,0,0,0.6745,0.6474,DO_NOTHING,,0.2842,-0.0256,0.3,0.3,0.3
9.804,105.5,-2.1488,1.8783,1.642,-1.469,2.94,480,0,0,0,0.6598,0.6278,DO_NOTHING,,0.3,-0.0256,0.2842,0.2842,0.2842
9.915,105.6,-2.1506,1.9078,1.6395,-1.469,2.94,480,0,0,0,0.6483,0.6116,DO_NOTHING,,0.3,-0.0769,0.3,0.3,0.3
10.004,105.7,-2.1521,1.9377,1.6334,-1.469,2.94,480,0,0,0,0.6356,0.5919,DO_NOTHING,,0.2842,-0.0769,0.3,0.3,0.3
10.114,105.8,-2.1532,1.9666,1.6257,-1.469,2.94,480,0,0,0,0.625,0.5746,DO_NOTHING,,0.3,-0.0256,0.3,0.2842,0.2842
10.204,105.9,-2.1543,1.9961,1.6214,-1.469,2.94,480,0,0,0,0.6155,0.5597,DO_NOTHING,,0.2842,-0.0256,0.3,0.3,0.3
10.313,106.0,-2.1555,2.0249,1.6188,-1.469,2.94,480,0,0,0,0.6082,0.5461,DO_NOTHING,,0.3,-0.0256,0.3,0.2842,0.2842
10.42,106.1,-2.1567,2.0544,1.6163,-1.469,2.94,480,0,0,0,0.6022,0.5343,DO_NOTHING,,0.2842,-0.0256,0.2842,0.3,0.3
10.524,106.2,-2.1578,2.0833,1.6137,-1.469,2.94,480,0,0,0,0.5966,0.5226,DO_NOTHING,,0.3,0.0256,0.3,0.3,0.3
10.622,106.3,-2.1592,2.1131,1.6157,-1.469,2.94,480,0,0,0,0.5919,0.5123,DO_NOTHING,,0.2842,0.0256,0.2842,0.3,0.3
10.727,106.4,-2.1608,2.1418,1.6182,-1.469,2.94,480,0,0,0,0.5893,0.5045,DO_NOTHING,,0.2526,-0.0769,0.2526,0.2526,0.2526
10.825,106.5,-2.1616,2.1676,1.6126,-1.469,2.94,480,0,0,0,0.5881,0.4982,DO_NOTHING,,0.2368,-0.0256,0.2368,0.2368,0.2368
10.949,106.6,-2.1623,2.1914,1.6094,-1.469,2.94,480,0,0,0,0.5874,0.4944,DO_NOTHING,,0.1895,-0.0256,0.1895,0.1895,0.1895
11.038,106.7,-2.1628,2.2112,1.6067,-1.469,2.94,480,0,0,0,0.5869,0.4917,DO_NOTHING,,0.1895,-0.0769,0.1895,0.1895,0.1895
11.138,106.8,-2.1628,2.23,1.599,-1.469,2.94,480,0,0,0,0.587,0.49,DO_NOTHING,,0.1579,-0.0769,0.1579,0.1579,0.1579
11.237,106.9,-2.1626,2.2458,1.5917,-1.469,2.94,480,0,0,0,0.5873,0.4893,DO_NOTHING,,0.1579,-0.0256,0.1579,0.1579,0.1579
11.338,107.0,-2.1627,2.2615,1.5891,-1.469,2.94,480,0,0,0,0.5871,0.489,DO_NOTHING,,0.1421,-0.0256,0.1421,0.1421,0.1421
11.436,107.1,-2.1627,2.2757,1.5864,-1.469,2.94,480,0,0,0,0.5871,0.4887,DO_NOTHING,,0.1421,-0.0256,0.1421,0.1421,0.1421
11.54,107.2,-2.1627,2.2897,1.5838,-1.469,2.94,480,0,0,0,0.5871,0.4885,DO_NOTHING,,0.1263,-0.0256,0.1263,0.1263,0.1263
11.638,107.3,-2.1626,2.3026,1.5814,-1.469,2.94,480,0,0,0,0.5872,0.4884,DO_NOTHING,,0.3,0.5897,0.2513,0.2513,0.2513
11.738,107.4,-2.1633,2.3252,1.5863,-1.469,2.94,480,0,0,0,0.5865,0.4881,DO_NOTHING,,0.3,0.5897,0.3,0.3,0.3
11.84,107.5,-2.1677,2.3542,1.6293,-1.469,2.94,480,0,0,0,0.582,0.4877,DO_NOTHING,,0.3,0.5385,0.3,0.3,0.3
11.937,107.6,-2.1744,2.3841,1.684,-1.469,2.94,480,0,0,12,0.5753,0.4864,DO_NOTHING,,0.3,0.641,0.3,0.3,0.3
12.038,107.7,-2.1822,2.4114,1.7413,-1.469,2.94,480,0,0,34,0.5674,0.4845,LIMIT,PolygonLimit,0.3,0.7949,0.3,0.1887,0.1887
12.139,107.8,-2.1895,2.4302,1.788,-1.469,2.94,480,0,0,46,0.5602,0.4823,LIMIT,PolygonLimit,0.3,0.5897,0.3,0.2363,0.2363
12.239,107.9,-2.1978,2.4525,1.8266,-1.469,2.94,480,0,0,53,0.5519,0.4782,DO_NOTHING,,0.3,0.4359,0.3,0.3,0.3
12.343,108.0,-2.2073,2.4795,1.8561,-1.469,2.94,480,0,0,59,0.5425,0.472,DO_NOTHING,,0.2842,0.3333,0.2842,0.2842,0.2842
12.439,108.1,-2.2177,2.5067,1.8857,-1.469,2.94,480,0,0,65,0.532,0.4651,DO_NOTHING,,0.3,0.4359,0.3,0.3,0.3
12.539,108.2,-2.229,2.5339,1.9173,-1.469,2.94,480,0,0,68,0.5209,0.4575,LIMIT,PolygonLimit,0.3,0.5897,0.3,0.2543,0.2543
12.639,108.3,-2.2403,2.5579,1.9582,-1.469,2.94,480,0,0,72,0.5095,0.4511,DO_NOTHING,,0.3,0.3846,0.3,0.3,0.3
12.739,108.4,-2.2522,2.5833,1.9808,-1.469,2.94,480,0,0,74,0.4976,0.442,LIMIT,PolygonLimit,0.3,0.5385,0.3,0.2786,0.2786
12.842,108.5,-2.2644,2.6069,2.0104,-1.469,2.94,480,0,0,77,0.4854,0.4335,DO_NOTHING,,0.3,0.3846,0.3,0.3,0.3
12.946,108.6,-2.2774,2.6319,2.0309,-1.469,2.94,480,0,0,78,0.4723,0.423,DO_NOTHING,,0.3,0.4872,0.3,0.3,0.3
13.05,108.7,-2.291,2.6565,2.0574,-1.469,2.94,480,0,0,80,0.4589,0.4127,DO_NOTHING,,0.2842,0.3846,0.2842,0.2842,0.2842
13.159,108.8,-2.3047,2.6801,2.0807,-1.469,2.94,480,0,0,90,0.4462,0.4019,LIMIT,PolygonLimit,0.3,0.5385,0.3,0.2786,0.2786
13.271,108.9,-2.3214,2.7069,2.1165,-1.469,2.94,480,0,2,98,0.4346,0.3918,LIMIT,PolygonLimit,0.2842,0.5385,0.2842,0.2639,0.2639
13.355,109.0,-2.3297,2.7196,2.1369,-1.469,2.94,480,0,4,105,0.4261,0.3841,SLOWDOWN,PolygonSlow,0.3,0.5385,0.3,0.09,0.09
13.477,109.1,-2.3357,2.7284,2.1502,-1.469,2.94,480,0,5,106,0.4227,0.3806,SLOWDOWN,PolygonSlow,0.2842,0.4872,0.2842,0.0853,0.0853
13.557,109.2,-2.3395,2.7339,2.1578,-1.469,2.94,480,0,7,110,0.4189,0.3771,SLOWDOWN,PolygonSlow,0.2842,0.4872,0.2842,0.0853,0.0853
13.666,109.3,-2.3442,2.7407,2.1671,-1.469,2.94,480,0,7,111,0.4159,0.3736,SLOWDOWN,PolygonSlow,0.2842,0.4872,0.2842,0.0853,0.0853
13.771,109.4,-2.3491,2.7476,2.1769,-1.469,2.94,480,0,8,114,0.413,0.3699,SLOWDOWN,PolygonSlow,0.3,0.5897,0.3,0.09,0.09
13.873,109.5,-2.3543,2.7548,2.1878,-1.469,2.94,480,0,9,116,0.4099,0.3662,SLOWDOWN,PolygonSlow,0.3,0.5385,0.3,0.09,0.09
13.974,109.6,-2.3596,2.7619,2.1993,-1.469,2.94,480,0,9,119,0.407,0.3625,SLOWDOWN,PolygonSlow,0.3,0.5385,0.3,0.09,0.09
14.084,109.7,-2.3649,2.769,2.2102,-1.469,2.94,480,0,11,121,0.4032,0.3586,SLOWDOWN,PolygonSlow,0.2842,0.5385,0.3,0.09,0.09
14.184,109.8,-2.3702,2.7759,2.2212,-1.469,2.94,480,0,12,123,0.4004,0.3548,SLOWDOWN,PolygonSlow,0.2842,0.5385,0.2842,0.0853,0.0853
14.29,109.9,-2.3754,2.7826,2.2324,-1.469,2.94,480,0,12,124,0.3979,0.351,SLOWDOWN,PolygonSlow,0.2842,0.641,0.2842,0.0853,0.0853
14.386,110.0,-2.3806,2.7893,2.2447,-1.469,2.94,480,0,14,127,0.3956,0.3475,SLOWDOWN,PolygonSlow,0.3,0.5897,0.2842,0.0853,0.0853
14.491,110.1,-2.3862,2.796,2.2578,-1.469,2.94,480,0,14,130,0.3922,0.3439,SLOWDOWN,PolygonSlow,0.3,0.5897,0.3,0.09,0.09
14.588,110.2,-2.3919,2.8029,2.2705,-1.469,2.94,480,0,15,132,0.3897,0.3401,SLOWDOWN,PolygonSlow,0.3,0.5897,0.3,0.09,0.09
14.704,110.3,-2.3977,2.8096,2.2834,-1.469,2.94,480,0,16,136,0.3873,0.3366,SLOWDOWN,PolygonSlow,0.3,0.5897,0.3,0.09,0.09
14.795,110.4,-2.4037,2.8163,2.2964,-1.469,2.94,480,0,16,138,0.385,0.3331,SLOWDOWN,PolygonSlow,0.2842,0.5897,0.3,0.09,0.09
14.908,110.5,-2.4095,2.8226,2.3097,-1.469,2.94,480,0,18,140,0.3816,0.3295,SLOWDOWN,PolygonSlow,0.2842,0.5385,0.2842,0.0853,0.0853
15.009,110.6,-2.4153,2.8288,2.3222,-1.469,2.94,480,0,18,143,0.3809,0.3266,SLOWDOWN,PolygonSlow,0.2684,0.5385,0.2842,0.0853,0.0853
15.103,110.7,-2.4209,2.8347,2.3346,-1.469,2.94,480,0,19,147,0.3777,0.3232,SLOWDOWN,PolygonSlow,0.3,0.6923,0.2684,0.0805,0.0805
15.222,110.8,-2.427,2.8408,2.3495,-1.469,2.94,480,0,22,148,0.3761,0.3205,SLOWDOWN,PolygonSlow,0.3,0.641,0.3,0.09,0.09
15.371,110.9,-2.4359,2.8497,2.3709,-1.469,2.94,480,0,25,152,0.3729,0.3171,SLOWDOWN,PolygonSlow,0.3,0.641,0.3,0.09,0.09
15.43,111.0,-2.4398,2.8534,2.3798,-1.469,2.94,480,0,29,155,0.3727,0.3147,SLOWDOWN,PolygonSlow,0.3,0.641,0.3,0.09,0.09
15.528,111.1,-2.4462,2.8596,2.3945,-1.469,2.94,480,0,31,158,0.3694,0.3112,SLOWDOWN,PolygonSlow,0.3,0.5897,0.3,0.09,0.09
15.628,111.2,-2.4527,2.8657,2.408,-1.469,2.94,480,0,34,161,0.3677,0.3084,SLOWDOWN,PolygonSlow,0.2842,0.5897,0.2842,0.09,0.09
15.728,111.3,-2.459,2.8714,2.4211,-1.469,2.94,480,0,37,164,0.3658,0.3053,SLOWDOWN,PolygonSlow,0.3,0.5385,0.3,0.0853,0.0853
15.829,111.4,-2.4657,2.8772,2.4331,-1.469,2.94,480,0,40,166,0.3638,0.3022,SLOWDOWN,PolygonSlow,0.3,0.5385,0.3,0.09,0.09
15.928,111.5,-2.4724,2.8831,2.4448,-1.469,2.94,480,0,42,169,0.3633,0.2997,SLOWDOWN,PolygonSlow,0.3,0.4872,0.3,0.09,0.09
16.028,111.6,-2.4793,2.8888,2.4554,-1.469,2.94,480,0,45,173,0.3626,0.297,SLOWDOWN,PolygonSlow,0.3,0.4872,0.3,0.09,0.09
16.135,111.7,-2.4863,2.8945,2.466,-1.469,2.94,480,0,48,177,0.3598,0.2929,SLOWDOWN,PolygonSlow,0.3,0.5897,0.3,0.09,0.09
16.231,111.8,-2.4933,2.9001,2.4784,-1.469,2.94,480,0,52,180,0.3584,0.2905,SLOWDOWN,PolygonSlow,0.3,0.5897,0.3,0.09,0.09
16.331,111.9,-2.5004,2.9056,2.4906,-1.469,2.94,480,0,53,182,0.358,0.2881,SLOWDOWN,PolygonSlow,0.3,0.641,0.3,0.09,0.09
16.431,112.0,-2.5075,2.911,2.5036,-1.469,2.94,480,0,57,188,0.3571,0.2858,SLOWDOWN,PolygonSlow,0.3,0.5897,0.3,0.09,0.09
16.532,112.1,-2.5146,2.9162,2.5159,-1.469,2.94,480,0,60,190,0.356,0.2832,SLOWDOWN,PolygonSlow,0.3,0.5385,0.3,0.09,0.09
16.637,112.2,-2.5219,2.9214,2.5274,-1.469,2.94,480,0,61,193,0.3561,0.2815,SLOWDOWN,PolygonSlow,0.3,0.5385,0.3,0.09,0.09
16.731,112.3,-2.5292,2.9264,2.539,-1.469,2.94,480,0,66,198,0.354,0.2783,SLOWDOWN,PolygonSlow,0.3,0.4872,0.3,0.09,0.09
16.846,112.4,-2.5366,2.9313,2.5499,-1.469,2.94,480,0,67,200,0.3534,0.2759,SLOWDOWN,PolygonSlow,0.3,0.4872,0.3,0.09,0.09
16.931,112.5,-2.5441,2.936,2.5609,-1.469,2.94,480,0,71,205,0.3527,0.2734,SLOWDOWN,PolygonSlow,0.2842,0.4872,0.2842,0.09,0.09
17.037,112.6,-2.5513,2.9405,2.5719,-1.469,2.94,480,0,72,208,0.3522,0.272,SLOWDOWN,PolygonSlow,0.3,0.5385,0.3,0.09,0.09
17.134,112.7,-2.5589,2.945,2.5839,-1.469,2.94,480,0,75,212,0.3525,0.2697,SLOWDOWN,PolygonSlow,0.2842,0.5385,0.2842,0.09,0.09
17.234,112.8,-2.5662,2.9492,2.5963,-1.469,2.94,480,0,78,216,0.3517,0.268,SLOWDOWN,PolygonSlow,0.3,0.5897,0.3,0.09,0.09
17.333,112.9,-2.5738,2.9534,2.6097,-1.469,2.94,480,0,81,218,0.3517,0.2664,SLOWDOWN,PolygonSlow,0.3,0.5385,0.3,0.09,0.09
17.434,113.0,-2.5816,2.9575,2.6224,-1.469,2.94,480,0,83,223,0.3519,0.2657,SLOWDOWN,PolygonSlow,0.2842,0.5897,0.2842,0.09,0.09
17.531,113.1,-2.5891,2.9613,2.6361,-1.469,2.94,480,0,87,227,0.3509,0.2636,SLOWDOWN,PolygonSlow,0.2842,0.5897,0.2842,0.0853,0.0853
17.632,113.2,-2.5966,2.9648,2.6501,-1.469,2.94,480,0,90,230,0.3506,0.2619,SLOWDOWN,PolygonSlow,0.3,0.6923,0.3,0.0853,0.0853
17.732,113.3,-2.6045,2.9684,2.6663,-1.469,2.94,480,0,93,235,0.3511,0.2616,SLOWDOWN,PolygonSlow,0.3,0.641,0.3,0.09,0.09
17.834,113.4,-2.6125,2.9718,2.6819,-1.469,2.94,480,0,95,238,0.35,0.2597,SLOWDOWN,PolygonSlow,0.3,0.4872,0.3,0.09,0.09
17.931,113.5,-2.6206,2.9752,2.6942,-1.469,2.94,480,0,98,244,0.3505,0.2586,SLOWDOWN,PolygonSlow,0.3,0.4359,0.3,0.09,0.09
18.034,113.6,-2.6287,2.9785,2.7051,-1.469,2.94,480,0,100,247,0.3514,0.2581,SLOWDOWN,PolygonSlow,0.3,0.5385,0.3,0.09,0.09
18.135,113.7,-2.6369,2.9817,2.7181,-1.469,2.94,480,0,104,252,0.3505,0.2557,SLOWDOWN,PolygonSlow,0.3,0.4872,0.3,0.09,0.09
18.236,113.8,-2.6451,2.9847,2.7303,-1.469,2.94,480,0,107,258,0.3512,0.255,SLOWDOWN,PolygonSlow,0.3,0.4872,0.3,0.09,0.09
18.334,113.9,-2.6534,2.9876,2.7426,-1.469,2.94,480,0,111,261,0.352,0.2543,SLOWDOWN,PolygonSlow,0.2842,0.4872,0.2842,0.0853,0.0853
18.437,114.0,-2.6613,2.9903,2.7549,-1.469,2.94,480,0,113,264,0.3516,0.2526,SLOWDOWN,PolygonSlow,0.3,0.3846,0.3,0.09,0.09
18.533,114.1,-2.6696,2.993,2.765,-1.469,2.94,480,0,115,269,0.3527,0.2523,SLOWDOWN,PolygonSlow,0.3,0.3846,0.3,0.09,0.09
18.633,114.2,-2.678,2.9958,2.7748,-1.469,2.94,480,0,118,273,0.3536,0.2512,SLOWDOWN,PolygonSlow,0.2842,0.3846,0.2842,0.0853,0.0853
18.74,114.3,-2.686,2.9982,2.7847,-1.469,2.94,480,0,122,275,0.3541,0.2504,SLOWDOWN,PolygonSlow,0.3,0.4872,0.3,0.09,0.09
18.834,114.4,-2.6944,3.0006,2.797,-1.469,2.94,480,0,125,281,0.3551,0.2501,SLOWDOWN,PolygonSlow,0.3,0.4872,0.3,0.09,0.09
18.933,114.5,-2.7029,3.0028,2.8097,-1.469,2.94,480,0,128,286,0.3562,0.25,SLOWDOWN,PolygonSlow,0.3,0.4359,0.3,0.09,0.09
19.037,114.6,-2.7114,3.005,2.8213,-1.469,2.94,480,0,133,289,0.3574,0.2501,SLOWDOWN,PolygonSlow,0.3,0.4359,0.3,0.09,0.09
19.14,114.7,-2.72,3.007,2.8328,-1.469,2.94,480,0,137,294,0.3582,0.2497,SLOWDOWN,PolygonSlow,0.2842,0.4359,0.2842,0.0853,0.0853
19.236,114.8,-2.7282,3.0088,2.8444,-1.469,2.94,480,0,140,298,0.3596,0.2499,SLOWDOWN,PolygonSlow,0.3,0.3846,0.3,0.09,0.09
19.335,114.9,-2.7368,3.0107,2.8546,-1.469,2.94,480,0,144,300,0.3612,0.2498,SLOWDOWN,PolygonSlow,0.3,0.3333,0.3,0.09,0.09
19.437,115.0,-2.7454,3.0126,2.8635,-1.469,2.94,480,0,147,301,0.3625,0.2501,SLOWDOWN,PolygonSlow,0.3,0.2821,0.3,0.09,0.09
19.536,115.1,-2.7541,3.0146,2.871,-1.469,2.94,480,0,149,301,0.3644,0.2506,SLOWDOWN,PolygonSlow,0.3,0.2308,0.3,0.09,0.09
19.636,115.2,-2.7628,3.0165,2.8774,-1.469,2.94,480,0,153,301,0.3663,0.2514,SLOWDOWN,PolygonSlow,0.3,0.2821,0.3,0.09,0.09
19.738,115.3,-2.7714,3.0183,2.885,-1.469,2.94,480,0,159,303,0.3681,0.2522,SLOWDOWN,PolygonSlow,0.2842,0.2308,0.2842,0.0853,0.0853
19.84,115.4,-2.7797,3.02,2.8913,-1.469,2.94,480,0,162,304,0.3698,0.253,SLOWDOWN,PolygonSlow,0.2842,0.2308,0.2842,0.0853,0.0853
19.953,115.5,-2.7879,3.0216,2.8977,-1.469,2.94,480,0,165,304,0.3714,0.2543,SLOWDOWN,PolygonSlow,0.2684,0.2308,0.2684,0.0805,0.0805
20.041,115.6,-2.7958,3.023,2.9042,-1.469,2.94,480,0,170,305,0.3729,0.2555,SLOWDOWN,PolygonSlow,0.3,0.3333,0.3,0.09,0.09
20.148,115.7,-2.8046,3.0245,2.9132,-1.469,2.94,480,0,174,305,0.3744,0.257,SLOWDOWN,PolygonSlow,0.3,0.2308,0.3,0.09,0.09
20.239,115.8,-2.8133,3.026,2.9196,-1.469,2.94,480,0,179,305,0.3739,0.2587,SLOWDOWN,PolygonSlow,0.3,0.2308,0.3,0.09,0.09
20.343,115.9,-2.8221,3.0275,2.9261,-1.469,2.94,480,0,182,308,0.3724,0.2605,SLOWDOWN,PolygonSlow,0.3,0.2308,0.3,0.09,0.09
20.443,116.0,-2.8309,3.0289,2.9326,-1.469,2.94,480,0,186,309,0.371,0.2624,SLOWDOWN,PolygonSlow,0.3,0.2308,0.3,0.09,0.09
20.547,116.1,-2.8397,3.0302,2.9389,-1.469,2.94,480,0,192,312,0.3696,0.2642,SLOWDOWN,PolygonSlow,0.3,0.1795,0.3,0.09,0.09
20.643,116.2,-2.8485,3.0316,2.944,-1.469,2.94,480,0,195,314,0.3682,0.2659,SLOWDOWN,PolygonSlow,0.3,0.1795,0.3,0.09,0.09
20.745,116.3,-2.8574,3.033,2.9489,-1.469,2.94,480,0,199,316,0.3669,0.2676,SLOWDOWN,PolygonSlow,0.3,0.1282,0.3,0.09,0.09
20.849,116.4,-2.8662,3.0344,2.9526,-1.469,2.94,480,0,203,319,0.3655,0.2693,SLOWDOWN,PolygonSlow,0.3,0.1282,0.3,0.09,0.09
20.956,116.5,-2.875,3.0358,2.9562,-1.469,2.94,480,0,209,320,0.3641,0.2709,SLOWDOWN,PolygonSlow,0.2842,0.1282,0.2842,0.0853,0.0853
21.051,116.6,-2.8834,3.0371,2.9599,-1.469,2.94,480,0,210,321,0.3628,0.2725,SLOWDOWN,PolygonSlow,0.3,0.0769,0.3,0.09,0.09
21.148,116.7,-2.8922,3.0385,2.9621,-1.469,2.94,480,0,216,323,0.3614,0.2741,SLOWDOWN,PolygonSlow,0.3,0.0769,0.3,0.09,0.09
21.248,116.8,-2.9011,3.0399,2.9643,-1.469,2.94,480,0,219,325,0.3599,0.2756,SLOWDOWN,PolygonSlow,0.3,0.0256,0.3,0.09,0.09
21.357,116.9,-2.91,3.0415,2.9651,-1.469,2.94,480,0,219,328,0.3584,0.2772,SLOWDOWN,PolygonSlow,0.2842,0.0769,0.2842,0.0853,0.0853
21.45,117.0,-2.9184,3.0428,2.9672,-1.469,2.94,480,0,226,330,0.3571,0.2787,SLOWDOWN,PolygonSlow,0.2842,0.0256,0.2842,0.0853,0.0853
21.555,117.1,-2.9268,3.0442,2.968,-1.469,2.94,480,0,224,331,0.3556,0.2802,SLOWDOWN,PolygonSlow,0.2842,0.0256,0.2842,0.0853,0.0853
21.651,117.2,-2.9352,3.0456,2.9687,-1.469,2.94,480,0,224,329,0.3542,0.2816,SLOWDOWN,PolygonSlow,0.3,0.1795,0.3,0.09,0.09
21.75,117.3,-2.944,3.0468,2.9737,-1.469,2.94,480,0,224,328,0.3531,0.2832,SLOWDOWN,PolygonSlow,0.3,0.1282,0.3,0.09,0.09
21.85,117.4,-2.9529,3.048,2.9774,-1.469,2.94,480,0,227,327,0.3519,0.2846,SLOWDOWN,PolygonSlow,0.3,0.1282,0.3,0.09,0.09
21.952,117.5,-2.9618,3.0491,2.9811,-1.469,2.94,480,0,228,326,0.3507,0.286,SLOWDOWN,PolygonSlow,0.3,0.0769,0.3,0.09,0.09
22.061,117.6,-2.9707,3.0504,2.9834,-1.469,2.94,480,0,227,325,0.3495,0.2874,SLOWDOWN,PolygonSlow,0.3,0.0769,0.3,0.09,0.09
22.155,117.7,-2.9795,3.0516,2.9856,-1.469,2.94,480,0,227,323,0.3482,0.2888,SLOWDOWN,PolygonSlow,0.2842,0.0769,0.2842,0.0853,0.0853
22.254,117.8,-2.9879,3.0527,2.9878,-1.469,2.94,480,0,226,322,0.3471,0.2901,SLOWDOWN,PolygonSlow,0.2842,0.0769,0.2842,0.0853,0.0853
22.355,117.9,-2.9964,3.0539,2.9901,-1.469,2.94,480,0,227,320,0.346,0.2914,SLOWDOWN,PolygonSlow,0.2842,0.0769,0.2842,0.0853,0.0853
22.457,118.0,-3.0047,3.055,2.9923,-1.469,2.94,480,0,226,319,0.3449,0.2927,SLOWDOWN,PolygonSlow,0.2684,0.0769,0.2684,0.0805,0.0805
22.579,118.1,-3.0143,3.0562,2.995,-1.469,2.94,480,0,226,318,0.3439,0.2939,SLOWDOWN,PolygonSlow,0.2684,0.0769,0.2684,0.0805,0.0805
22.678,118.2,-3.0207,3.057,2.9966,-1.469,2.94,480,0,227,316,0.3429,0.295,SLOWDOWN,PolygonSlow,0.2526,0.0769,0.2684,0.0805,0.0805
22.788,118.3,-3.0284,3.058,2.9981,-1.469,2.94,480,0,226,315,0.3419,0.2961,SLOWDOWN,PolygonSlow,0.2526,0.0769,0.2526,0.0758,0.0758
22.876,118.4,-3.0359,3.0589,3.0004,-1.469,2.94,480,0,223,313,0.341,0.2972,SLOWDOWN,PolygonSlow,0.2526,0.0256,0.2526,0.0758,0.0758
22.975,118.5,-3.0434,3.0598,3.0019,-1.469,2.94,480,0,221,312,0.34,0.2983,SLOWDOWN,PolygonSlow,0.2368,0.0769,0.2526,0.0758,0.0758
23.074,118.6,-3.0507,3.0607,3.0033,-1.469,2.94,480,0,218,310,0.3391,0.2993,SLOWDOWN,PolygonSlow,0.2368,0.0769,0.2368,0.0711,0.0711
23.173,118.7,-3.0577,3.0615,3.0056,-1.469,2.94,480,0,216,309,0.3384,0.3002,SLOWDOWN,PolygonSlow,0.2368,0.0256,0.2368,0.0711,0.0711
23.285,118.8,-3.0648,3.0623,3.0071,-1.469,2.94,480,0,213,308,0.3375,0.3012,SLOWDOWN,PolygonSlow,0.2211,0.0769,0.2368,0.0711,0.0711
23.373,118.9,-3.0716,3.0632,3.0086,-1.469,2.94,480,0,211,306,0.3367,0.3021,SLOWDOWN,PolygonSlow,0.2211,0.0769,0.2211,0.0663,0.0663
23.488,119.0,-3.0782,3.0638,3.0109,-1.469,2.94,480,0,208,305,0.336,0.303,SLOWDOWN,PolygonSlow,0.2211,0.0256,0.2211,0.0663,0.0663
23.577,119.1,-3.0847,3.0646,3.0124,-1.469,2.94,480,0,206,303,0.3353,0.3038,SLOWDOWN,PolygonSlow,0.2211,0.0,0.2211,0.0663,0.0663
23.692,119.2,-3.0913,3.0654,3.0127,-1.469,2.94,480,0,203,302,0.3345,0.3047,SLOWDOWN,PolygonSlow,0.2053,0.0769,0.2211,0.0663,0.0663
23.786,119.3,-3.0977,3.0662,3.0136,-1.469,2.94,480,0,201,300,0.3337,0.3055,SLOWDOWN,PolygonSlow,0.2053,0.0256,0.2053,0.0616,0.0616
23.892,119.4,-3.1038,3.0668,3.0153,-1.469,2.94,480,0,199,299,0.3331,0.3063,SLOWDOWN,PolygonSlow,0.2053,0.0256,0.2053,0.0616,0.0616
23.988,119.5,-3.1099,3.0675,3.016,-1.469,2.94,480,0,197,297,0.3324,0.307,SLOWDOWN,PolygonSlow,0.2053,0.0,0.2053,0.0616,0.0616
24.102,119.6,-3.116,3.0683,3.0164,-1.469,2.94,480,0,194,296,0.3316,0.3078,SLOWDOWN,PolygonSlow,0.1895,0.0769,0.2053,0.0616,0.0616
24.198,119.7,-3.1218,3.0689,3.018,-1.469,2.94,480,0,192,294,0.331,0.3085,SLOWDOWN,PolygonSlow,0.1895,0.0256,0.1895,0.0568,0.0568
24.303,119.8,-3.1275,3.0695,3.0192,-1.469,2.94,480,0,189,293,0.3304,0.3092,SLOWDOWN,PolygonSlow,0.1895,0.0,0.1895,0.0568,0.0568
24.4,119.9,-3.1331,3.0701,3.0194,-1.469,2.94,480,0,188,292,0.3297,0.3099,SLOWDOWN,PolygonSlow,0.1895,0.0,0.1895,0.0568,0.0568
24.499,120.0,-3.1387,3.0708,3.0194,-1.469,2.94,480,0,185,290,0.329,0.3106,SLOWDOWN,PolygonSlow,0.1737,0.0769,0.1895,0.0568,0.0568
24.599,120.1,-3.1441,3.0714,3.021,-1.469,2.94,480,0,184,289,0.3285,0.3113,SLOWDOWN,PolygonSlow,0.1737,0.0256,0.1737,0.0521,0.0521
24.7,120.2,-3.1492,3.0719,3.0222,-1.469,2.94,480,0,181,287,0.3279,0.3119,SLOWDOWN,PolygonSlow,0.1737,0.0,0.1737,0.0521,0.0521
24.799,120.3,-3.1544,3.0725,3.0224,-1.469,2.94,480,0,180,286,0.3273,0.3125,SLOWDOWN,PolygonSlow,0.1737,0.0,0.1737,0.0521,0.0521
24.9,120.4,-3.1596,3.0731,3.0224,-1.469,2.94,480,0,178,284,0.3267,0.3131,SLOWDOWN,PolygonSlow,0.1579,0.0769,0.1737,0.0521,0.0521
25.0,120.5,-3.1644,3.0736,3.024,-1.469,2.94,480,0,177,282,0.3263,0.3137,SLOWDOWN,PolygonSlow,0.1579,0.0769,0.1579,0.0474,0.0474
25.1,120.6,-3.1691,3.0739,3.0263,-1.469,2.94,480,0,173,282,0.3259,0.3142,SLOWDOWN,PolygonSlow,0.1895,0.1795,0.1579,0.0474,0.0474
25.2,120.7,-3.1745,3.0742,3.0306,-1.469,2.94,480,0,172,281,0.3256,0.3148,SLOWDOWN,PolygonSlow,0.1895,0.1795,0.1895,0.0568,0.0568
25.301,120.8,-3.1801,3.0744,3.0359,-1.469,2.94,480,0,168,279,0.3254,0.3154,SLOWDOWN,PolygonSlow,0.1895,0.1282,0.1895,0.0568,0.0568
25.401,120.9,-3.1858,3.0746,3.0402,-1.469,2.94,480,0,165,277,0.3252,0.316,SLOWDOWN,PolygonSlow,0.1895,0.1282,0.1895,0.0568,0.0568
25.501,121.0,-3.1914,3.0748,3.0441,-1.469,2.94,480,0,164,277,0.3249,0.3165,SLOWDOWN,PolygonSlow,0.1737,0.1795,0.1895,0.0568,0.0568
25.603,121.1,-3.1968,3.0749,3.049,-1.469,2.94,480,0,163,274,0.3248,0.317,SLOWDOWN,PolygonSlow,0.1737,0.1795,0.1737,0.0521,0.0521
25.712,121.2,-3.202,3.0749,3.0544,-1.469,2.94,480,0,163,273,0.3248,0.3175,SLOWDOWN,PolygonSlow,0.1737,0.1282,0.1737,0.0521,0.0521
25.801,121.3,-3.2072,3.075,3.0588,-1.469,2.94,480,0,163,272,0.3248,0.3179,SLOWDOWN,PolygonSlow,0.1737,0.1282,0.1737,0.0521,0.0521
25.905,121.4,-3.2124,3.0751,3.0627,-1.469,2.94,480,0,163,271,0.3247,0.3183,SLOWDOWN,PolygonSlow,0.1579,0.1795,0.1737,0.0521,0.0521
26.002,121.5,-3.2172,3.0751,3.0676,-1.469,2.94,480,0,162,270,0.3248,0.3187,SLOWDOWN,PolygonSlow,0.1579,0.1795,0.1579,0.0474,0.0474
26.1,121.6,-3.2219,3.0749,3.0731,-1.469,2.94,480,0,162,268,0.325,0.319,SLOWDOWN,PolygonSlow,0.1579,0.1282,0.1579,0.0474,0.0474
26.201,121.7,-3.2267,3.0748,3.0775,-1.469,2.94,480,0,162,267,0.325,0.3193,SLOWDOWN,PolygonSlow,0.1579,0.1282,0.1579,0.0474,0.0474
26.302,121.8,-3.2314,3.0748,3.0815,-1.469,2.94,480,0,161,266,0.325,0.3196,SLOWDOWN,PolygonSlow,0.1579,0.0769,0.1579,0.0474,0.0474
26.405,121.9,-3.2361,3.0748,3.0843,-1.469,2.94,480,0,161,265,0.325,0.3198,SLOWDOWN,PolygonSlow,0.1579,0.1282,0.1579,0.0474,0.0474
26.507,122.0,-3.2409,3.0748,3.0878,-1.469,2.94,480,0,161,264,0.325,0.3201,SLOWDOWN,PolygonSlow,0.1421,0.1282,0.1579,0.0474,0.0474
26.613,122.1,-3.2453,3.0747,3.0917,-1.469,2.94,480,0,161,262,0.3251,0.3203,SLOWDOWN,PolygonSlow,0.1421,0.1282,0.1421,0.0426,0.0426
26.706,122.2,-3.2495,3.0745,3.0957,-1.469,2.94,480,0,161,261,0.3252,0.3205,SLOWDOWN,PolygonSlow,0.1421,0.0769,0.1421,0.0426,0.0426
26.814,122.3,-3.2538,3.0745,3.0986,-1.469,2.94,480,0,160,260,0.3253,0.3207,SLOWDOWN,PolygonSlow,0.1421,0.0769,0.1421,0.0426,0.0426
26.908,122.4,-3.258,3.0744,3.101,-1.469,2.94,480,0,160,258,0.3253,0.3209,SLOWDOWN,PolygonSlow,0.1421,0.0769,0.1421,0.0426,0.0426
27.02,122.5,-3.2623,3.0744,3.1034,-1.469,2.94,480,0,160,257,0.3253,0.321,SLOWDOWN,PolygonSlow,0.1263,0.1282,0.1263,0.0379,0.0379
27.117,122.6,-3.2661,3.0742,3.1072,-1.469,2.94,480,0,160,256,0.3255,0.3212,SLOWDOWN,PolygonSlow,0.1263,0.1282,0.1263,0.0379,0.0379
27.236,122.7,-3.2699,3.074,3.1112,-1.469,2.94,480,0,160,256,0.3258,0.3213,SLOWDOWN,PolygonSlow,0.1263,0.0769,0.1263,0.0379,0.0379
27.332,122.8,-3.2737,3.0739,3.1138,-1.469,2.94,480,0,160,255,0.3259,0.3214,SLOWDOWN,PolygonSlow,0.1263,0.0769,0.1263,0.0379,0.0379
27.447,122.9,-3.2775,3.0737,3.1162,-1.469,2.94,480,0,159,254,0.326,0.3215,SLOWDOWN,PolygonSlow,0.1263,0.0769,0.1263,0.0379,0.0379
27.542,123.0,-3.2813,3.0736,3.1186,-1.469,2.94,480,0,159,251,0.3261,0.3216,SLOWDOWN,PolygonSlow,0.1263,0.0769,0.1263,0.0379,0.0379
27.648,123.1,-3.285,3.0735,3.1212,-1.469,2.94,480,0,159,250,0.3263,0.3217,SLOWDOWN,PolygonSlow,0.1105,0.1282,0.1105,0.0332,0.0332
27.742,123.2,-3.2883,3.0732,3.1252,-1.469,2.94,480,0,159,250,0.3266,0.3217,SLOWDOWN,PolygonSlow,0.1105,0.1282,0.1105,0.0332,0.0332
27.853,123.3,-3.2917,3.0729,3.1291,-1.469,2.94,480,0,159,249,0.3269,0.3218,SLOWDOWN,PolygonSlow,0.1105,0.0769,0.1105,0.0332,0.0332
27.95,123.4,-3.295,3.0727,3.1315,-1.469,2.94,480,0,158,249,0.3271,0.3218,SLOWDOWN,PolygonSlow,0.1105,0.0769,0.1105,0.0332,0.0332
28.052,123.5,-3.2983,3.0725,3.1338,-1.469,2.94,480,0,158,247,0.3273,0.3218,SLOWDOWN,PolygonSlow,0.1105,0.0256,0.1105,0.0332,0.0332
28.155,123.6,-3.3016,3.0725,3.1346,-1.469,2.94,480,0,158,246,0.3274,0.3219,SLOWDOWN,PolygonSlow,0.1105,0.0256,0.1105,0.0332,0.0332
28.252,123.7,-3.3049,3.0724,3.1356,-1.469,2.94,480,0,158,245,0.3275,0.3219,SLOWDOWN,PolygonSlow,0.1105,0.0769,0.1105,0.0332,0.0332
28.35,123.8,-3.3082,3.0722,3.1381,-1.469,2.94,480,0,158,244,0.3277,0.3219,SLOWDOWN,PolygonSlow,0.0947,0.1282,0.0947,0.0284,0.0284
28.456,123.9,-3.3111,3.0719,-3.1411,-1.469,2.94,480,0,158,243,0.328,0.3219,SLOWDOWN,PolygonSlow,0.0947,0.1282,0.0947,0.0284,0.0284
28.554,124.0,-3.3139,3.0715,-3.1371,-1.469,2.94,480,0,158,242,0.3284,0.3219,SLOWDOWN,PolygonSlow,0.0947,0.0769,0.0947,0.0284,0.0284
28.655,124.1,-3.3168,3.0713,-3.1347,-1.469,2.94,480,0,157,241,0.3286,0.3219,SLOWDOWN,PolygonSlow,0.0947,0.0769,0.0947,0.0284,0.0284
28.754,124.2,-3.3196,3.071,-3.1324,-1.469,2.94,480,0,157,241,0.3288,0.3219,SLOWDOWN,PolygonSlow,0.0947,0.0256,0.0947,0.0284,0.0284
28.854,124.3,-3.3225,3.0709,-3.1317,-1.469,2.94,480,0,157,240,0.3289,0.3218,SLOWDOWN,PolygonSlow,0.0947,0.0,0.0947,0.0284,0.0284
28.954,124.4,-3.3253,3.0709,-3.1317,-1.469,2.94,480,0,157,240,0.3289,0.3218,SLOWDOWN,PolygonSlow,0.0947,0.0,0.0947,0.0284,0.0284
29.055,124.5,-3.3281,3.0709,-3.1316,-1.469,2.94,480,0,157,238,0.3289,0.3218,SLOWDOWN,PolygonSlow,0.0947,0.0256,0.0947,0.0284,0.0284
29.155,124.6,-3.331,3.0708,-3.1306,-1.469,2.94,480,0,157,237,0.329,0.3218,SLOWDOWN,PolygonSlow,0.0947,0.0769,0.0947,0.0284,0.0284
29.255,124.7,-3.3338,3.0705,-3.128,-1.469,2.94,480,0,157,237,0.3293,0.3217,SLOWDOWN,PolygonSlow,0.0789,0.1282,0.0789,0.0237,0.0237
29.359,124.8,-3.3361,3.0701,-3.1241,-1.469,2.94,480,0,157,235,0.3296,0.3217,SLOWDOWN,PolygonSlow,0.0789,0.0769,0.0789,0.0237,0.0237
29.463,124.9,-3.3385,3.0699,-3.1217,-1.469,2.94,480,0,157,235,0.3299,0.3217,SLOWDOWN,PolygonSlow,0.0789,0.0769,0.0789,0.0237,0.0237
29.564,125.0,-3.3409,3.0696,-3.1196,-1.469,2.94,480,0,156,234,0.3301,0.3216,SLOWDOWN,PolygonSlow,0.0789,0.0256,0.0789,0.0237,0.0237
29.671,125.1,-3.3433,3.0695,-3.1193,-1.469,2.94,480,0,156,239,0.3302,0.3216,SLOWDOWN,PolygonSlow,0.0789,-0.0256,0.0789,0.0237,0.0237
29.766,125.2,-3.3456,3.0696,-3.1201,-1.469,2.94,480,0,156,250,0.3302,0.3216,SLOWDOWN,PolygonSlow,0.0789,-0.0256,0.0789,0.0237,0.0237
29.871,125.3,-3.348,3.0696,-3.1207,-1.469,2.94,480,0,156,264,0.3302,0.3216,SLOWDOWN,PolygonSlow,0.0789,0.0,0.0789,0.0237,0.0237
29.989,125.4,-3.3508,3.0695,-3.1207,-1.469,2.94,480,0,156,284,0.3302,0.3217,SLOWDOWN,PolygonSlow,0.0789,0.0256,0.0789,0.0237,0.0237
30.071,125.5,-3.3527,3.0695,-3.1206,-1.469,2.94,480,0,156,304,0.3303,0.3216,SLOWDOWN,PolygonSlow,0.0789,-0.1282,0.0789,0.0237,0.0237
30.189,125.6,-3.3556,3.0694,-3.1215,-1.469,2.94,480,0,156,324,0.3304,0.3217,SLOWDOWN,PolygonSlow,0.0632,0.1282,0.0789,0.0237,0.0237
30.272,125.7,-3.3574,3.0696,-3.1239,-1.469,2.94,480,0,157,351,0.3301,0.3217,SLOWDOWN,PolygonSlow,0.0632,0.1282,0.0632,0.0189,0.0189
30.382,125.8,-3.3593,3.0693,-3.1201,-1.469,2.94,480,0,156,353,0.3305,0.3217,SLOWDOWN,PolygonSlow,0.0632,0.0769,0.0632,0.0189,0.0189
30.483,125.9,-3.3612,3.0689,-3.1167,-1.469,2.94,480,0,156,356,0.3308,0.3218,SLOWDOWN,PolygonSlow,0.0632,0.0256,0.0632,0.0189,0.0189
30.589,126.0,-3.363,3.0687,-3.115,-1.469,2.94,480,0,156,362,0.331,0.3219,SLOWDOWN,PolygonSlow,0.0632,-0.0256,0.0632,0.0189,0.0189
30.688,126.1,-3.3649,3.0687,-3.115,-1.469,2.94,480,0,156,367,0.3311,0.3219,SLOWDOWN,PolygonSlow,0.0632,-0.0256,0.0632,0.0189,0.0189
30.796,126.2,-3.3668,3.0687,-3.1158,-1.469,2.94,480,0,156,367,0.331,0.322,SLOWDOWN,PolygonSlow,0.0632,-0.0256,0.0632,0.0189,0.0189
30.895,126.3,-3.3687,3.0687,-3.1166,-1.469,2.94,480,0,156,368,0.331,0.3221,SLOWDOWN,PolygonSlow,0.0632,-0.0256,0.0632,0.0189,0.0189
30.997,126.4,-3.3706,3.0687,-3.1174,-1.469,2.94,480,0,156,367,0.331,0.3223,SLOWDOWN,PolygonSlow,0.0632,0.0,0.0632,0.0189,0.0189
31.095,126.5,-3.3725,3.0687,-3.1178,-1.469,2.94,480,0,156,366,0.331,0.3224,SLOWDOWN,PolygonSlow,0.0632,-0.1282,0.0632,0.0189,0.0189
31.203,126.6,-3.3744,3.0688,-3.1198,-1.469,2.94,480,0,156,366,0.3309,0.3228,SLOWDOWN,PolygonSlow,0.0632,-0.1282,0.0632,0.0189,0.0189
31.306,126.7,-3.3763,3.0691,-3.1238,-1.469,2.94,480,0,157,364,0.3306,0.3226,SLOWDOWN,PolygonSlow,0.0632,0.0256,0.0632,0.0189,0.0189
31.415,126.8,-3.3782,3.0692,-3.1245,-1.469,2.94,480,0,157,365,0.3306,0.3228,SLOWDOWN,PolygonSlow,0.0474,0.1795,0.0474,0.0189,0.0189
31.506,126.9,-3.3798,3.0688,-3.1205,-1.469,2.94,480,0,156,365,0.3309,0.323,SLOWDOWN,PolygonSlow,0.0474,0.2821,0.0474,0.0142,0.0142
31.607,127.0,-3.3812,3.0681,-3.1126,-1.469,2.94,480,0,156,365,0.3316,0.3234,SLOWDOWN,PolygonSlow,0.0632,-0.1282,0.0474,0.0142,0.0142
31.709,127.1,-3.3829,3.0676,-3.1076,-1.469,2.94,480,0,156,365,0.3321,0.3232,SLOWDOWN,PolygonSlow,0.0632,-0.1282,0.0632,0.0189,0.0189
31.811,127.2,-3.3848,3.0678,-3.1107,-1.469,2.94,480,0,156,365,0.3319,0.3236,SLOWDOWN,PolygonSlow,0.0632,-0.1282,0.0632,0.0189,0.0189
31.907,127.3,-3.3867,3.0681,-3.1147,-1.469,2.94,480,0,156,364,0.3316,0.3237,SLOWDOWN,PolygonSlow,0.0632,-0.1282,0.0632,0.0189,0.0189
32.007,127.4,-3.3886,3.0684,-3.1188,-1.469,2.94,480,0,156,363,0.3313,0.3242,SLOWDOWN,PolygonSlow,0.0632,-0.1282,0.0632,0.0189,0.0189
32.107,127.5,-3.3905,3.0688,-3.1228,-1.469,2.94,480,0,156,364,0.331,0.3243,SLOWDOWN,PolygonSlow,0.0632,-0.1282,0.0632,0.0189,0.0189
32.206,127.6,-3.3924,3.0691,-3.1269,-1.469,2.94,480,0,157,362,0.3307,0.3249,SLOWDOWN,PolygonSlow,0.0474,-0.0769,0.0632,0.0189,0.0189
32.306,127.7,-3.394,3.0693,-3.1298,-1.469,2.94,480,0,157,361,0.3305,0.3251,SLOWDOWN,PolygonSlow,0.0474,-0.0769,0.0474,0.0142,0.0142
32.415,127.8,-3.3954,3.0695,-3.1322,-1.469,2.94,480,0,157,362,0.3303,0.3254,SLOWDOWN,PolygonSlow,0.0474,-0.0769,0.0474,0.0142,0.0142
32.531,127.9,-3.3968,3.0697,-3.1347,-1.469,2.94,480,0,157,361,0.3301,0.3255,SLOWDOWN,PolygonSlow,0.0474,-0.0769,0.0474,0.0142,0.0142
32.674,128.0,-3.3985,3.07,-3.1376,-1.469,2.94,480,0,157,360,0.3299,0.3256,SLOWDOWN,PolygonSlow,0.0474,-0.0769,0.0474,0.0142,0.0142
32.76,128.1,-3.3997,3.0702,-3.1396,-1.469,2.94,480,0,158,359,0.3297,0.3258,SLOWDOWN,PolygonSlow,0.0474,-0.0769,0.0474,0.0142,0.0142
32.856,128.2,-3.4011,3.0704,3.1411,-1.469,2.94,480,0,158,360,0.3295,0.3261,SLOWDOWN,PolygonSlow,0.0474,-0.0769,0.0474,0.0142,0.0142
32.955,128.3,-3.4025,3.0706,3.1384,-1.469,2.94,480,0,158,359,0.3293,0.3269,SLOWDOWN,PolygonSlow,0.0474,-0.1282,0.0474,0.0142,0.0142
33.055,128.4,-3.4039,3.071,3.1343,-1.469,2.94,480,0,158,359,0.3289,0.3272,SLOWDOWN,PolygonSlow,0.0474,-0.1282,0.0474,0.0142,0.0142
33.156,128.5,-3.4054,3.0714,3.1302,-1.469,2.94,480,0,158,359,0.3284,0.3274,SLOWDOWN,PolygonSlow,0.0474,-0.1282,0.0474,0.0142,0.0142
33.257,128.6,-3.4068,3.0718,3.1261,-1.469,2.94,480,0,159,358,0.328,0.3277,SLOWDOWN,PolygonSlow,0.0474,-0.1282,0.0474,0.0142,0.0142
33.369,128.7,-3.4082,3.0722,3.1221,-1.469,2.94,480,0,159,357,0.3276,0.3285,SLOWDOWN,PolygonSlow,0.0474,-0.1282,0.0474,0.0142,0.0142
33.458,128.8,-3.4096,3.0725,3.1181,-1.469,2.94,480,0,159,357,0.3272,0.3293,SLOWDOWN,PolygonSlow,0.0474,-0.1282,0.0474,0.0142,0.0142
33.574,128.9,-3.411,3.0729,3.114,-1.469,2.94,480,0,159,355,0.3268,0.329,SLOWDOWN,PolygonSlow,0.0474,-0.1282,0.0474,0.0142,0.0142
33.655,129.0,-3.4125,3.0733,3.11,-1.469,2.94,480,0,160,354,0.3264,0.3295,SLOWDOWN,PolygonSlow,0.0474,-0.1282,0.0474,0.0142,0.0142
33.761,129.1,-3.4139,3.0737,3.106,-1.469,2.94,480,0,160,355,0.326,0.3302,SLOWDOWN,PolygonSlow,0.0474,-0.1282,0.0474,0.0142,0.0142
33.857,129.2,-3.4152,3.0741,3.1029,-1.469,2.94,480,0,160,355,0.3257,0.3306,SLOWDOWN,PolygonSlow,0.0316,-0.0256,0.0316,0.0095,0.0095
33.961,129.3,-3.4161,3.0742,3.1021,-1.469,2.94,480,0,160,354,0.3256,0.3306,SLOWDOWN,PolygonSlow,0.0316,-0.0256,0.0316,0.0095,0.0095
34.058,129.4,-3.417,3.0743,3.1013,-1.469,2.94,480,0,160,354,0.3254,0.3318,SLOWDOWN,PolygonSlow,0.0316,-0.0256,0.0316,0.0095,0.0095
34.167,129.5,-3.418,3.0744,3.1,-1.469,2.94,480,0,160,354,0.3253,0.3317,SLOWDOWN,PolygonSlow,0.0316,-0.0769,0.0316,0.0095,0.0095
34.259,129.6,-3.4189,3.0747,3.0976,-1.469,2.94,480,0,161,354,0.3251,0.3316,SLOWDOWN,PolygonSlow,0.0316,-0.0769,0.0316,0.0095,0.0095
34.36,129.7,-3.4199,3.0749,3.0952,-1.469,2.94,480,0,161,353,0.3248,0.332,SLOWDOWN,PolygonSlow,0.0316,-0.0769,0.0316,0.0095,0.0095
34.458,129.8,-3.4208,3.0752,3.0928,-1.469,2.94,480,0,161,352,0.3246,0.3325,SLOWDOWN,PolygonSlow,0.0316,-0.0769,0.0316,0.0095,0.0095
34.561,129.9,-3.4218,3.0754,3.0905,-1.469,2.94,480,0,161,352,0.3243,0.333,SLOWDOWN,PolygonSlow,0.0316,-0.0769,0.0316,0.0095,0.0095
34.67,130.0,-3.4227,3.0757,3.0881,-1.469,2.94,480,0,161,352,0.3241,0.3341,SLOWDOWN,PolygonSlow,0.0316,-0.0769,0.0316,0.0095,0.0095
34.766,130.1,-3.4237,3.076,3.0857,-1.469,2.94,480,0,161,352,0.3238,0.334,SLOWDOWN,PolygonSlow,0.0316,-0.0769,0.0316,0.0095,0.0095
34.864,130.2,-3.4246,3.0762,3.0833,-1.469,2.94,480,0,161,352,0.3236,0.3338,SLOWDOWN,PolygonSlow,0.0316,-0.0769,0.0316,0.0095,0.0095
34.964,130.3,-3.4256,3.0765,3.081,-1.469,2.94,480,0,162,351,0.3234,0.3343,SLOWDOWN,PolygonSlow,0.0316,-0.0769,0.0316,0.0095,0.0095
35.065,130.4,-3.4265,3.0767,3.0786,-1.469,2.94,480,0,162,351,0.3231,0.3348,SLOWDOWN,PolygonSlow,0.0316,-0.0769,0.0316,0.0095,0.0095
35.171,130.5,-3.4275,3.077,3.0762,-1.469,2.94,480,0,162,351,0.3229,0.3353,SLOWDOWN,PolygonSlow,0.0316,-0.0769,0.0316,0.0095,0.0095
35.268,130.6,-3.4284,3.0773,3.0739,-1.469,2.94,480,0,162,350,0.3226,0.3362,SLOWDOWN,PolygonSlow,0.0316,-0.0769,0.0316,0.0095,0.0095
35.367,130.7,-3.4293,3.0775,3.0715,-1.469,2.94,480,0,163,349,0.3223,0.3364,SLOWDOWN,PolygonSlow,0.0316,-0.0769,0.0316,0.0095,0.0095
35.478,130.8,-3.4303,3.0779,3.0679,-1.469,2.94,480,0,163,350,0.3219,0.3364,SLOWDOWN,PolygonSlow,0.0316,-0.2308,0.0316,0.0095,0.0095
35.569,130.9,-3.4312,3.0786,3.0604,-1.469,2.94,480,0,163,349,0.3212,0.3368,SLOWDOWN,PolygonSlow,0.0316,-0.2821,0.0316,0.0095,0.0095
35.679,131.0,-3.4319,3.0793,3.0532,-1.469,2.94,480,0,164,349,0.3205,0.3383,SLOWDOWN,PolygonSlow,0.0,1.0,0.0,0.0,0.0
35.772,131.1,-3.4319,3.0792,3.0552,-1.469,2.94,480,0,164,348,0.3206,0.3383,SLOWDOWN,PolygonSlow,0.0,1.0,0.0,0.0,0.0
35.872,131.2,-3.4319,3.0783,3.0668,-1.469,2.94,480,0,163,349,0.3216,0.337,SLOWDOWN,PolygonSlow,0.0,1.0,0.0,0.0,0.0
35.97,131.3,-3.4319,3.0765,3.0884,-1.469,2.94,480,0,161,351,0.3233,0.3364,SLOWDOWN,PolygonSlow,0.0,1.0,0.0,0.0,0.0
36.072,131.4,-3.4319,3.0738,3.1189,-1.469,2.94,480,0,159,353,0.3259,0.3359,SLOWDOWN,PolygonSlow,0.0,1.0,0.0,0.0,0.0
36.173,131.5,-3.4319,3.071,-3.1325,-1.469,2.94,480,0,157,355,0.3288,0.3348,SLOWDOWN,PolygonSlow,0.0,1.0,0.0,0.0,0.0
36.27,131.6,-3.4319,3.0682,-3.1011,-1.469,2.94,480,0,155,358,0.3315,0.3338,SLOWDOWN,PolygonSlow,0.0,1.0,0.0,0.0,0.0
36.372,131.7,-3.4319,3.0655,-3.0702,-1.469,2.94,480,0,153,361,0.3345,0.3334,SLOWDOWN,PolygonSlow,0.0,1.0,0.0,0.0,0.0
36.477,131.8,-3.4319,3.0629,-3.0399,-1.469,2.94,480,0,152,363,0.3368,0.3332,SLOWDOWN,PolygonSlow,0.0,1.0,0.0,0.0,0.0
36.58,131.9,-3.4319,3.0604,-3.0102,-1.469,2.94,480,0,150,366,0.3394,0.333,SLOWDOWN,PolygonSlow,0.0,1.0,0.0,0.0,0.0
36.684,132.0,-3.4319,3.0581,-2.981,-1.469,2.94,480,0,141,358,0.3417,0.3329,SLOWDOWN,PolygonSlow,0.0,1.0,0.0,0.0,0.0
36.775,132.1,-3.4319,3.0558,-2.9522,-1.469,2.94,480,0,130,350,0.3438,0.3335,SLOWDOWN,PolygonSlow,0.0632,-0.0769,0.0,0.0,0.0
36.883,132.2,-3.4326,3.0536,-2.9258,-1.469,2.94,480,0,128,346,0.3461,0.3344,SLOWDOWN,PolygonSlow,0.0632,0.1282,0.0632,0.0189,0.0189
36.98,132.3,-3.4344,3.0518,-2.9076,-1.469,2.94,480,0,127,343,0.3481,0.3342,SLOWDOWN,PolygonSlow,0.0632,-0.1795,0.0632,0.0189,0.0189
37.096,132.4,-3.4363,3.0507,-2.8983,-1.469,2.94,480,0,126,342,0.3493,0.3343,SLOWDOWN,PolygonSlow,0.0632,-0.1795,0.0632,0.0189,0.0189
37.189,132.5,-3.4381,3.0503,-2.899,-1.469,2.94,480,0,128,343,0.3497,0.3343,SLOWDOWN,PolygonSlow,0.0632,-0.1795,0.0632,0.0189,0.0189
37.29,132.6,-3.4399,3.0502,-2.9039,-1.469,2.94,480,0,130,345,0.3498,0.3339,SLOWDOWN,PolygonSlow,0.0632,-0.1795,0.0632,0.0189,0.0189
37.389,132.7,-3.4418,3.0501,-2.9089,-1.469,2.94,480,0,132,346,0.3498,0.3341,SLOWDOWN,PolygonSlow,0.0632,-0.1795,0.0632,0.0189,0.0189
37.493,132.8,-3.4436,3.05,-2.9139,-1.469,2.94,480,0,132,348,0.3499,0.3337,SLOWDOWN,PolygonSlow,0.0632,-0.1282,0.0632,0.0189,0.0189
37.588,132.9,-3.4455,3.0499,-2.9182,-1.469,2.94,480,0,135,350,0.3499,0.3341,SLOWDOWN,PolygonSlow,0.0632,-0.1282,0.0632,0.0189,0.0189
37.689,133.0,-3.4473,3.0498,-2.9218,-1.469,2.94,480,0,135,352,0.35,0.334,SLOWDOWN,PolygonSlow,0.0474,0.0,0.0632,0.0189,0.0189
37.788,133.1,-3.4489,3.0496,-2.9236,-1.469,2.94,480,0,136,351,0.3502,0.3341,SLOWDOWN,PolygonSlow,0.0474,-0.0256,0.0474,0.0142,0.0142
37.891,133.2,-3.4503,3.0493,-2.9239,-1.469,2.94,480,0,138,354,0.3505,0.3337,SLOWDOWN,PolygonSlow,0.0474,-0.0769,0.0474,0.0142,0.0142
37.989,133.3,-3.4517,3.0491,-2.9254,-1.469,2.94,480,0,139,353,0.3507,0.334,SLOWDOWN,PolygonSlow,0.0474,-0.0769,0.0474,0.0142,0.0142
38.09,133.4,-3.4531,3.0489,-2.9275,-1.469,2.94,480,0,139,354,0.3508,0.3341,SLOWDOWN,PolygonSlow,0.0474,-0.1282,0.0474,0.0142,0.0142
38.188,133.5,-3.4545,3.0489,-2.9304,-1.469,2.94,480,0,141,357,0.3509,0.335,SLOWDOWN,PolygonSlow,0.0474,-0.1282,0.0474,0.0142,0.0142
38.288,133.6,-3.4559,3.0488,-2.934,-1.469,2.94,480,0,143,358,0.3509,0.3342,SLOWDOWN,PolygonSlow,0.0474,-0.1795,0.0474,0.0142,0.0142
38.39,133.7,-3.4573,3.0489,-2.9384,-1.469,2.94,480,0,144,360,0.3508,0.3342,SLOWDOWN,PolygonSlow,0.0474,-0.1795,0.0474,0.0142,0.0142
38.489,133.8,-3.4587,3.049,-2.9434,-1.469,2.94,480,0,146,360,0.3507,0.3347,SLOWDOWN,PolygonSlow,0.0474,-0.1795,0.0474,0.0142,0.0142
38.588,133.9,-3.4601,3.0491,-2.9485,-1.469,2.94,480,0,148,362,0.3505,0.3345,SLOWDOWN,PolygonSlow,0.0474,-0.1795,0.0474,0.0142,0.0142
38.687,134.0,-3.4615,3.0492,-2.9536,-1.469,2.94,480,0,150,364,0.3504,0.3352,SLOWDOWN,PolygonSlow,0.0474,-0.1282,0.0474,0.0142,0.0142
38.788,134.1,-3.4628,3.0493,-2.958,-1.469,2.94,480,0,150,364,0.3503,0.3361,SLOWDOWN,PolygonSlow,0.0474,-0.1282,0.0474,0.0142,0.0142
38.888,134.2,-3.4642,3.0493,-2.9617,-1.469,2.94,480,0,152,364,0.3503,0.3353,SLOWDOWN,PolygonSlow,0.0474,-0.1282,0.0474,0.0142,0.0142
38.988,134.3,-3.4656,3.0494,-2.9654,-1.469,2.94,480,0,154,363,0.3502,0.3353,SLOWDOWN,PolygonSlow,0.0474,-0.1282,0.0474,0.0142,0.0142
39.091,134.4,-3.467,3.0494,-2.969,-1.469,2.94,480,0,157,362,0.3502,0.3354,SLOWDOWN,PolygonSlow,0.0474,-0.0769,0.0474,0.0142,0.0142
39.191,134.5,-3.4684,3.0494,-2.972,-1.469,2.94,480,0,158,363,0.3502,0.3356,SLOWDOWN,PolygonSlow,0.0474,-0.0769,0.0474,0.0142,0.0142
39.289,134.6,-3.4698,3.0493,-2.9742,-1.469,2.94,480,0,160,363,0.3503,0.336,SLOWDOWN,PolygonSlow,0.0316,0.1282,0.0474,0.0142,0.0142
39.389,134.7,-3.471,3.0491,-2.9742,-1.469,2.94,480,0,161,362,0.3505,0.3367,SLOWDOWN,PolygonSlow,0.0316,0.0769,0.0316,0.0095,0.0095
39.491,134.8,-3.472,3.0488,-2.9712,-1.469,2.94,480,0,162,362,0.3509,0.337,SLOWDOWN,PolygonSlow,0.0316,0.0769,0.0316,0.0095,0.0095
39.591,134.9,-3.4729,3.0484,-2.969,-1.469,2.94,480,0,162,363,0.3512,0.3372,SLOWDOWN,PolygonSlow,0.0316,0.0,0.0316,0.0095,0.0095
39.689,135.0,-3.4738,3.0482,-2.9679,-1.469,2.94,480,0,162,362,0.3514,0.3372,SLOWDOWN,PolygonSlow,0.0316,0.0,0.0316,0.0095,0.0095
39.79,135.1,-3.4748,3.048,-2.9679,-1.469,2.94,480,0,163,362,0.3516,0.337,SLOWDOWN,PolygonSlow,0.0316,0.0,0.0316,0.0095,0.0095
39.889,135.2,-3.4757,3.0478,-2.9679,-1.469,2.94,480,0,165,362,0.3518,0.3374,SLOWDOWN,PolygonSlow,0.0316,-0.0769,0.0316,0.0095,0.0095
39.998,135.3,-3.4766,3.0478,-2.969,-1.469,2.94,480,0,165,361,0.3519,0.3374,SLOWDOWN,PolygonSlow,0.0316,-0.1282,0.0316,0.0095,0.0095
40.103,135.4,-3.4776,3.0478,-2.9719,-1.469,2.94,480,0,168,361,0.3518,0.3388,SLOWDOWN,PolygonSlow,0.0316,-0.1282,0.0316,0.0095,0.0095
40.198,135.5,-3.4785,3.048,-2.9756,-1.469,2.94,480,0,170,361,0.3517,0.338,SLOWDOWN,PolygonSlow,0.0316,-0.1795,0.0316,0.0095,0.0095
40.299,135.6,-3.4794,3.0482,-2.9801,-1.469,2.94,480,0,171,360,0.3515,0.3381,SLOWDOWN,PolygonSlow,0.0316,-0.1795,0.0316,0.0095,0.0095
40.398,135.7,-3.4804,3.0484,-2.9853,-1.469,2.94,480,0,174,360,0.3513,0.3381,SLOWDOWN,PolygonSlow,0.0316,-0.1795,0.0316,0.0095,0.0095
40.493,135.8,-3.4813,3.0487,-2.9905,-1.469,2.94,480,0,176,359,0.3511,0.3389,SLOWDOWN,PolygonSlow,0.0316,-0.1282,0.0316,0.0095,0.0095
40.599,135.9,-3.4822,3.0489,-2.9947,-1.469,2.94,480,0,177,358,0.3509,0.3397,SLOWDOWN,PolygonSlow,0.0,1.0,0.0316,0.0095,0.0095
40.698,136.0,-3.4825,3.0489,-2.9948,-1.469,2.94,480,0,178,358,0.3509,0.3404,SLOWDOWN,PolygonSlow,0.0,1.0,0.0,0.0,0.0
40.792,136.1,-3.4825,3.0484,-2.9882,-1.469,2.94,480,0,176,359,0.3515,0.3388,SLOWDOWN,PolygonSlow,0.0,1.0,0.0,0.0,0.0
40.894,136.2,-3.4825,3.0468,-2.9675,-1.424,2.96,480,0,172,361,0.3528,0.3388,SLOWDOWN,PolygonSlow,0.0,1.0,0.0,0.0,0.0
41.001,136.3,-3.4825,3.0448,-2.9407,-1.424,2.96,480,0,166,362,0.3549,0.3393,SLOWDOWN,PolygonSlow,0.0,1.0,0.0,0.0,0.0
41.094,136.4,-3.4825,3.0427,-2.9127,-1.424,2.96,480,0,161,361,0.3573,0.34,SLOWDOWN,PolygonSlow,0.0,1.0,0.0,0.0,0.0
41.193,136.5,-3.4825,3.0407,-2.8851,-1.424,2.96,480,0,156,356,0.3591,0.3394,SLOWDOWN,PolygonSlow,0.0,1.0,0.0,0.0,0.0
41.293,136.6,-3.4825,3.0388,-2.8579,-1.424,2.96,480,0,150,351,0.3609,0.3395,SLOWDOWN,PolygonSlow,0.0,1.0,0.0,0.0,0.0
41.393,136.7,-3.4825,3.037,-2.8311,-1.424,2.96,480,0,147,349,0.3629,0.3403,SLOWDOWN,PolygonSlow,0.0,1.0,0.0,0.0,0.0
41.502,136.8,-3.4825,3.0354,-2.8048,-1.424,2.96,480,0,145,344,0.3644,0.3422,SLOWDOWN,PolygonSlow,0.0,1.0,0.0,0.0,0.0
41.6,136.9,-3.4825,3.0338,-2.7789,-1.424,2.96,480,0,142,344,0.3658,0.3422,SLOWDOWN,PolygonSlow,0.0,1.0,0.0,0.0,0.0
41.692,137.0,-3.4825,3.0324,-2.7533,-1.424,2.96,480,0,139,338,0.3674,0.3433,SLOWDOWN,PolygonSlow,0.0,1.0,0.0,0.0,0.0
41.792,137.1,-3.4825,3.0311,-2.7282,-1.424,2.96,480,0,136,330,0.3686,0.3444,SLOWDOWN,PolygonSlow,0.0,1.0,0.0,0.0,0.0
41.893,137.2,-3.4825,3.0299,-2.7034,-1.424,2.959,480,0,134,324,0.3697,0.3456,SLOWDOWN,PolygonSlow,0.0,1.0,0.0,0.0,0.0
41.992,137.3,-3.4825,3.0288,-2.6789,-1.424,2.959,480,0,133,319,0.3709,0.347,SLOWDOWN,PolygonSlow,0.0,1.0,0.0,0.0,0.0
42.096,137.4,-3.4825,3.0278,-2.6548,-1.424,2.959,480,0,131,312,0.372,0.3484,SLOWDOWN,PolygonSlow,0.0,1.0,0.0,0.0,0.0
42.196,137.5,-3.4825,3.0269,-2.6311,-1.424,2.959,480,0,128,307,0.3727,0.3499,SLOWDOWN,PolygonSlow,0.0,1.0,0.0,0.0,0.0
42.294,137.6,-3.4825,3.0262,-2.6077,-1.424,2.959,480,0,126,303,0.3735,0.3524,SLOWDOWN,PolygonSlow,0.0,1.0,0.0,0.0,0.0
42.393,137.7,-3.4825,3.0255,-2.5847,-1.424,2.959,480,0,126,299,0.374,0.3541,SLOWDOWN,PolygonSlow,0.0,1.0,0.0,0.0,0.0
42.494,137.8,-3.4825,3.025,-2.5619,-1.424,2.959,480,0,123,294,0.3746,0.3568,SLOWDOWN,PolygonSlow,0.0,1.0,0.0,0.0,0.0
42.595,137.9,-3.4825,3.0246,-2.5396,-1.424,2.959,480,0,121,291,0.3751,0.3579,SLOWDOWN,PolygonSlow,0.0,1.0,0.0,0.0,0.0
42.693,138.0,-3.4824,3.0244,-2.5183,-1.424,2.959,480,0,120,288,0.3753,0.3606,SLOWDOWN,PolygonSlow,0.0,1.0,0.0,0.0,0.0
42.793,138.1,-3.4821,3.0244,-2.4981,-1.424,2.959,480,0,119,284,0.3752,0.3626,SLOWDOWN,PolygonSlow,0.0,1.0,0.0,0.0,0.0
42.893,138.2,-3.482,3.0244,-2.4775,-1.469,2.94,480,0,118,280,0.3752,0.3655,SLOWDOWN,PolygonSlow,0.0,1.0,0.0,0.0,0.0
43.007,138.3,-3.4819,3.0244,-2.4563,-1.469,2.94,480,0,116,276,0.3753,0.3678,SLOWDOWN,PolygonSlow,0.0474,-0.4872,0.0,0.0,0.0
43.094,138.4,-3.4824,3.0238,-2.4371,-1.469,2.94,480,0,116,274,0.3758,0.3699,SLOWDOWN,PolygonSlow,0.0474,-0.5385,0.0474,0.0142,0.0142
43.203,138.5,-3.4834,3.0229,-2.4248,-1.469,2.94,480,0,115,272,0.3769,0.3713,SLOWDOWN,PolygonSlow,0.0474,-0.5385,0.0474,0.0142,0.0142
43.306,138.6,-3.4844,3.0219,-2.4188,-1.469,2.94,480,0,114,271,0.3779,0.3712,SLOWDOWN,PolygonSlow,0.0474,-0.5897,0.0474,0.0142,0.0142
43.396,138.7,-3.4855,3.021,-2.4199,-1.469,2.94,480,0,116,271,0.3788,0.3705,SLOWDOWN,PolygonSlow,0.0474,-0.5897,0.0474,0.0142,0.0142
43.506,138.8,-3.4866,3.0201,-2.428,-1.469,2.94,480,0,117,274,0.3797,0.3682,SLOWDOWN,PolygonSlow,0.0474,-0.5897,0.0474,0.0142,0.0142
43.596,138.9,-3.4878,3.0192,-2.4409,-1.469,2.94,480,0,116,277,0.3805,0.3662,SLOWDOWN,PolygonSlow,0.0474,-0.5897,0.0474,0.0142,0.0142
43.705,139.0,-3.489,3.0182,-2.4536,-1.469,2.94,480,0,118,279,0.3814,0.365,SLOWDOWN,PolygonSlow,0.0,1.0,0.0474,0.0142,0.0142
43.803,139.1,-3.4893,3.018,-2.4636,-1.469,2.94,480,0,119,280,0.3817,0.363,SLOWDOWN,PolygonSlow,0.0,1.0,0.0,0.0,0.0
43.906,139.2,-3.4894,3.018,-2.4667,-1.428,2.966,480,0,118,280,0.3817,0.3622,SLOWDOWN,PolygonSlow,0.0,1.0,0.0,0.0,0.0
44.01,139.3,-3.4893,3.018,-2.463,-1.428,2.966,480,0,119,280,0.3817,0.3631,SLOWDOWN,PolygonSlow,0.0,1.0,0.0,0.0,0.0
44.103,139.4,-3.4893,3.018,-2.4525,-1.428,2.966,480,0,118,280,0.3817,0.365,SLOWDOWN,PolygonSlow,0.0,1.0,0.0,0.0,0.0
44.205,139.5,-3.4892,3.018,-2.4349,-1.428,2.966,480,0,116,276,0.3817,0.3664,SLOWDOWN,PolygonSlow,0.0,1.0,0.0,0.0,0.0
44.305,139.6,-3.489,3.018,-2.4128,-1.428,2.966,480,0,115,272,0.3819,0.3691,SLOWDOWN,PolygonSlow,0.0,1.0,0.0,0.0,0.0
44.405,139.7,-3.4887,3.018,-2.3902,-1.428,2.966,480,0,114,272,0.3818,0.3726,SLOWDOWN,PolygonSlow,0.0,1.0,0.0,0.0,0.0
44.504,139.8,-3.4886,3.018,-2.3671,-1.428,2.966,480,0,113,268,0.3816,0.3743,SLOWDOWN,PolygonSlow,0.0,1.0,0.0,0.0,0.0
44.605,139.9,-3.4885,3.018,-2.3437,-1.428,2.966,480,0,111,263,0.3817,0.3776,SLOWDOWN,PolygonSlow,0.0,1.0,0.0,0.0,0.0
44.709,140.0,-3.4885,3.0181,-2.3206,-1.428,2.966,480,0,110,263,0.3815,0.3809,SLOWDOWN,PolygonSlow,0.0,1.0,0.0,0.0,0.0
44.823,140.1,-3.4885,3.0184,-2.298,-1.428,2.966,480,0,108,261,0.3813,0.3837,SLOWDOWN,PolygonSlow,0.0,1.0,0.0,0.0,0.0
44.919,140.2,-3.4885,3.0186,-2.276,-1.428,2.966,480,0,107,258,0.3812,0.3871,SLOWDOWN,PolygonSlow,0.0,1.0,0.0,0.0,0.0
45.027,140.3,-3.4885,3.0188,-2.2544,-1.428,2.966,480,0,107,257,0.3814,0.3897,SLOWDOWN,PolygonSlow,0.0,1.0,0.0,0.0,0.0
45.123,140.4,-3.4885,3.0187,-2.2333,-1.428,2.966,480,0,104,256,0.3817,0.3932,SLOWDOWN,PolygonSlow,0.0,1.0,0.0,0.0,0.0
45.218,140.5,-3.4885,3.0186,-2.2127,-1.428,2.966,480,0,104,254,0.3824,0.3955,SLOWDOWN,PolygonSlow,0.0,1.0,0.0,0.0,0.0
45.318,140.6,-3.4885,3.0183,-2.1925,-1.428,2.966,480,0,102,254,0.3833,0.3981,SLOWDOWN,PolygonSlow,0.0,1.0,0.0,0.0,0.0
45.418,140.7,-3.4885,3.0181,-2.1728,-1.428,2.966,480,0,100,253,0.3844,0.4001,SLOWDOWN,PolygonSlow,0.0,1.0,0.0,0.0,0.0
45.519,140.8,-3.4885,3.0178,-2.1532,-1.428,2.966,480,0,99,253,0.3857,0.4027,SLOWDOWN,PolygonSlow,0.0,1.0,0.0,0.0,0.0
45.622,140.9,-3.4882,3.0176,-2.132,-1.428,2.966,480,0,99,252,0.3872,0.4049,SLOWDOWN,PolygonSlow,0.0,1.0,0.0,0.0,0.0
45.717,141.0,-3.4876,3.0175,-2.1091,-1.428,2.966,480,0,99,252,0.3888,0.4082,SLOWDOWN,PolygonSlow,0.0,1.0,0.0,0.0,0.0
45.817,141.1,-3.4868,3.0175,-2.0858,-1.428,2.966,480,0,100,252,0.3906,0.4105,SLOWDOWN,PolygonSlow,0.0,1.0,0.0,0.0,0.0
45.917,141.2,-3.486,3.0175,-2.0621,-1.428,2.966,480,0,100,251,0.3928,0.413,SLOWDOWN,PolygonSlow,0.0,1.0,0.0,0.0,0.0
46.024,141.3,-3.485,3.0175,-2.0381,-1.434,2.969,480,0,100,250,0.3953,0.4157,SLOWDOWN,PolygonSlow,0.0,1.0,0.0,0.0,0.0
46.123,141.4,-3.484,3.0175,-2.0138,-1.434,2.969,480,0,100,248,0.3982,0.4187,SLOWDOWN,PolygonSlow,0.0,1.0,0.0,0.0,0.0
46.222,141.5,-3.4828,3.0175,-1.989,-1.434,2.969,480,0,101,246,0.4016,0.4222,SLOWDOWN,PolygonSlow,0.0,1.0,0.0,0.0,0.0
46.323,141.6,-3.4815,3.0175,-1.964,-1.434,2.969,480,0,101,245,0.4053,0.4262,SLOWDOWN,PolygonSlow,0.0,1.0,0.0,0.0,0.0
46.426,141.7,-3.4801,3.0175,-1.9385,-1.434,2.969,480,0,99,243,0.4096,0.4287,SLOWDOWN,PolygonSlow,0.0,1.0,0.0,0.0,0.0
46.529,141.8,-3.4785,3.0175,-1.9126,-1.434,2.969,480,0,98,242,0.4145,0.4319,SLOWDOWN,PolygonSlow,0.0,1.0,0.0,0.0,0.0
46.637,141.9,-3.4769,3.0175,-1.8864,-1.434,2.969,480,0,96,241,0.42,0.4351,SLOWDOWN,PolygonSlow,0.0,1.0,0.0,0.0,0.0
46.731,142.0,-3.4752,3.0175,-1.8597,-1.434,2.969,480,0,92,240,0.4247,0.4389,SLOWDOWN,PolygonSlow,0.0,1.0,0.0,0.0,0.0
46.848,142.1,-3.4729,3.0175,-1.8272,-1.434,2.969,480,0,88,238,0.4265,0.4414,SLOWDOWN,PolygonSlow,0.0,1.0,0.0,0.0,0.0
46.937,142.2,-3.4713,3.0175,-1.8051,-1.434,2.969,480,0,84,237,0.4285,0.4451,SLOWDOWN,PolygonSlow,0.0,1.0,0.0,0.0,0.0
47.05,142.3,-3.4692,3.0175,-1.7772,-1.434,2.969,480,0,78,236,0.4287,0.4475,SLOWDOWN,PolygonSlow,0.0,1.0,0.0,0.0,0.0
47.147,142.4,-3.467,3.0175,-1.7487,-1.434,2.969,480,0,73,235,0.4268,0.4504,SLOWDOWN,PolygonSlow,0.0,1.0,0.0,0.0,0.0
47.259,142.5,-3.4647,3.0175,-1.7198,-1.434,2.969,480,0,64,233,0.4267,0.454,SLOWDOWN,PolygonSlow,0.0,1.0,0.0,0.0,0.0
47.357,142.6,-3.4623,3.0175,-1.6908,-1.434,2.969,480,0,53,233,0.4246,0.4568,SLOWDOWN,PolygonSlow,0.0,1.0,0.0,0.0,0.0
47.459,142.7,-3.46,3.0175,-1.6624,-1.434,2.969,480,0,43,232,0.4242,0.46,SLOWDOWN,PolygonSlow,0.0,1.0,0.0,0.0,0.0
47.557,142.8,-3.4574,3.0175,-1.6319,-1.434,2.969,480,0,42,231,0.4222,0.4628,SLOWDOWN,PolygonSlow,0.0,1.0,0.0,0.0,0.0
47.662,142.9,-3.4546,3.0175,-1.6009,-1.434,2.969,480,0,43,231,0.4221,0.4663,SLOWDOWN,PolygonSlow,0.0,1.0,0.0,0.0,0.0
47.76,143.0,-3.4518,3.0175,-1.5692,-1.434,2.969,480,0,43,230,0.4209,0.4699,SLOWDOWN,PolygonSlow,0.0,1.0,0.0,0.0,0.0
47.862,143.1,-3.449,3.0175,-1.5376,-1.434,2.969,480,0,46,230,0.4188,0.4724,SLOWDOWN,PolygonSlow,0.0,1.0,0.0,0.0,0.0
47.961,143.2,-3.4463,3.0175,-1.5066,-1.434,2.969,480,0,46,230,0.4184,0.4755,SLOWDOWN,PolygonSlow,0.0,1.0,0.0,0.0,0.0
48.069,143.3,-3.4437,3.0175,-1.4765,-1.469,2.94,480,0,36,232,0.4166,0.4783,SLOWDOWN,PolygonSlow,0.0,0.9487,0.0,0.0,0.0
48.161,143.4,-3.4413,3.0175,-1.4482,-1.469,2.94,480,0,21,235,0.4156,0.468,SLOWDOWN,PolygonSlow,0.0,0.9487,0.0,0.0,0.0
48.266,143.5,-3.439,3.0175,-1.4203,-1.469,2.94,480,0,12,236,0.4133,0.4475,SLOWDOWN,PolygonSlow,0.0,0.9487,0.0,0.0,0.0
48.36,143.6,-3.4368,3.0175,-1.3929,-1.469,2.94,480,0,8,229,0.4128,0.4291,SLOWDOWN,PolygonSlow,0.0,0.9487,0.0,0.0,0.0
48.461,143.7,-3.4348,3.0175,-1.3662,-1.469,2.94,480,0,6,224,0.4132,0.4128,SLOWDOWN,PolygonSlow,0.0,0.8974,0.0,0.0,0.0
48.562,143.8,-3.4329,3.0175,-1.341,-1.469,2.94,480,0,8,221,0.4107,0.3987,SLOWDOWN,PolygonSlow,0.0,0.8974,0.0,0.0,0.0
48.663,143.9,-3.4311,3.0175,-1.3165,-1.469,2.94,480,0,10,219,0.4111,0.386,SLOWDOWN,PolygonSlow,0.0,0.8462,0.0,0.0,0.0
48.763,144.0,-3.4295,3.0175,-1.2935,-1.469,2.94,480,0,12,217,0.4107,0.3749,SLOWDOWN,PolygonSlow,0.0,0.8462,0.0,0.0,0.0
48.864,144.1,-3.428,3.0175,-1.2707,-1.469,2.94,480,0,14,214,0.4092,0.3646,SLOWDOWN,PolygonSlow,0.0,0.8462,0.0,0.0,0.0
48.962,144.2,-3.4265,3.0175,-1.2486,-1.469,2.94,480,0,16,210,0.4077,0.3553,SLOWDOWN,PolygonSlow,0.0,0.7949,0.0,0.0,0.0
49.062,144.3,-3.4252,3.0175,-1.2277,-1.441,2.943,480,0,17,204,0.4087,0.3472,SLOWDOWN,PolygonSlow,0.0,0.7949,0.0,0.0,0.0
49.164,144.4,-3.424,3.0175,-1.2072,-1.441,2.943,480,0,19,201,0.4068,0.3396,SLOWDOWN,PolygonSlow,0.0,0.7949,0.0,0.0,0.0
49.265,144.5,-3.4229,3.0175,-1.1872,-1.441,2.943,480,0,22,197,0.4067,0.3327,SLOWDOWN,PolygonSlow,0.0,0.7436,0.0,0.0,0.0
49.367,144.6,-3.4219,3.0175,-1.1684,-1.441,2.943,480,0,25,193,0.4082,0.3265,SLOWDOWN,PolygonSlow,0.0,0.7436,0.0,0.0,0.0
49.469,144.7,-3.4209,3.0175,-1.1498,-1.441,2.943,480,0,26,192,0.407,0.3208,SLOWDOWN,PolygonSlow,0.0,0.7436,0.0,0.0,0.0
49.569,144.8,-3.4201,3.0175,-1.1318,-1.441,2.943,480,0,28,190,0.4057,0.3155,SLOWDOWN,PolygonSlow,0.0,0.6923,0.0,0.0,0.0
49.673,144.9,-3.4193,3.0175,-1.1149,-1.441,2.943,480,0,30,189,0.4059,0.3108,SLOWDOWN,PolygonSlow,0.0,0.6923,0.0,0.0,0.0
49.773,145.0,-3.4186,3.0175,-1.0981,-1.441,2.943,480,0,32,187,0.4061,0.3064,SLOWDOWN,PolygonSlow,0.0,0.6923,0.0,0.0,0.0
49.88,145.1,-3.4179,3.0175,-1.0815,-1.441,2.943,480,0,33,186,0.4055,0.3022,SLOWDOWN,PolygonSlow,0.0,0.6923,0.0,0.0,0.0
49.991,145.2,-3.4173,3.0175,-1.0624,-1.441,2.943,480,0,35,186,0.4047,0.2984,SLOWDOWN,PolygonSlow,0.0,0.641,0.0,0.0,0.0
50.078,145.3,-3.4168,3.0175,-1.0503,-1.469,2.94,480,0,36,185,0.4056,0.295,SLOWDOWN,PolygonSlow,0.0,0.641,0.0,0.0,0.0
50.203,145.4,-3.4163,3.0175,-1.0324,-1.469,2.94,480,0,38,185,0.4038,0.2918,SLOWDOWN,PolygonSlow,0.0,0.5897,0.0,0.0,0.0
50.285,145.5,-3.416,3.0175,-1.0209,-1.469,2.94,480,0,39,184,0.4045,0.2888,SLOWDOWN,PolygonSlow,0.0,0.5897,0.0,0.0,0.0
50.39,145.6,-3.4156,3.0175,-1.0074,-1.469,2.94,480,0,40,184,0.4051,0.2861,SLOWDOWN,PolygonSlow,0.0,0.5897,0.0,0.0,0.0
50.489,145.7,-3.4153,3.0175,-0.994,-1.469,2.94,480,0,43,183,0.404,0.2836,SLOWDOWN,PolygonSlow,0.0,0.5897,0.0,0.0,0.0
50.599,145.8,-3.415,3.0175,-0.9808,-1.469,2.94,480,0,44,184,0.4036,0.2812,SLOWDOWN,PolygonSlow,0.0,0.5385,0.0,0.0,0.0
50.696,145.9,-3.4148,3.0175,-0.9682,-1.469,2.94,480,0,45,184,0.404,0.279,SLOWDOWN,PolygonSlow,0.0,0.5385,0.0,0.0,0.0
50.801,146.0,-3.4146,3.0175,-0.9563,-1.469,2.94,480,0,47,183,0.4034,0.2771,SLOWDOWN,PolygonSlow,0.0,0.5385,0.0,0.0,0.0
50.9,146.1,-3.4146,3.0176,-0.945,-1.469,2.94,480,0,49,183,0.4038,0.2752,SLOWDOWN,PolygonSlow,0.0,0.5385,0.0,0.0,0.0
51.009,146.2,-3.4146,3.0178,-0.9342,-1.469,2.94,480,0,50,183,0.4041,0.2734,SLOWDOWN,PolygonSlow,0.0,0.5385,0.0,0.0,0.0
51.108,146.3,-3.4146,3.0179,-0.9232,-1.469,2.94,480,0,51,185,0.4042,0.2716,SLOWDOWN,PolygonSlow,0.0,0.4872,0.0,0.0,0.0
51.214,146.4,-3.4146,3.018,-0.9129,-1.469,2.94,480,0,52,184,0.4027,0.2701,SLOWDOWN,PolygonSlow,0.0,0.4872,0.0,0.0,0.0
51.316,146.5,-3.4146,3.018,-0.9027,-1.469,2.94,480,0,53,186,0.4013,0.2687,SLOWDOWN,PolygonSlow,0.0,0.4872,0.0,0.0,0.0
51.424,146.6,-3.4146,3.018,-0.8924,-1.469,2.94,480,0,55,184,0.3999,0.2674,SLOWDOWN,PolygonSlow,0.0,0.4872,0.0,0.0,0.0
51.521,146.7,-3.4146,3.018,-0.882,-1.469,2.94,480,0,55,186,0.3986,0.266,SLOWDOWN,PolygonSlow,0.0,0.4872,0.0,0.0,0.0
51.626,146.8,-3.4146,3.0181,-0.8715,-1.469,2.94,480,0,58,186,0.3973,0.2647,SLOWDOWN,PolygonSlow,0.0,0.4872,0.0,0.0,0.0
51.722,146.9,-3.4146,3.0182,-0.8609,-1.469,2.94,480,0,58,187,0.396,0.2634,SLOWDOWN,PolygonSlow,0.0,0.4872,0.0,0.0,0.0
51.823,147.0,-3.4146,3.0183,-0.8502,-1.469,2.94,480,0,60,187,0.3947,0.2621,SLOWDOWN,PolygonSlow,0.0,0.4359,0.0,0.0,0.0
51.922,147.1,-3.4146,3.0184,-0.8404,-1.469,2.94,480,0,62,187,0.3936,0.261,SLOWDOWN,PolygonSlow,0.0,0.4359,0.0,0.0,0.0
52.027,147.2,-3.4146,3.0186,-0.8305,-1.469,2.94,480,0,62,189,0.3925,0.2599,SLOWDOWN,PolygonSlow,0.0,0.4359,0.0,0.0,0.0
52.122,147.3,-3.4146,3.0187,-0.8206,-1.469,2.94,480,0,64,190,0.3914,0.2588,SLOWDOWN,PolygonSlow,0.0,0.4359,0.0,0.0,0.0
52.228,147.4,-3.4146,3.0188,-0.8107,-1.469,2.94,480,0,64,189,0.3904,0.2578,SLOWDOWN,PolygonSlow,0.0,0.4359,0.0,0.0,0.0
52.324,147.5,-3.4146,3.0188,-0.8006,-1.469,2.94,480,0,66,189,0.3895,0.2569,SLOWDOWN,PolygonSlow,0.0,0.3846,0.0,0.0,0.0
52.436,147.6,-3.4146,3.0188,-0.7896,-1.469,2.94,480,0,68,190,0.3888,0.2562,SLOWDOWN,PolygonSlow,0.0,0.3846,0.0,0.0,0.0
52.531,147.7,-3.4146,3.0188,-0.7824,-1.469,2.94,480,0,68,191,0.3881,0.2554,SLOWDOWN,PolygonSlow,0.0,0.3846,0.0,0.0,0.0
52.633,147.8,-3.4146,3.0188,-0.7734,-1.469,2.94,480,0,70,193,0.3874,0.2548,SLOWDOWN,PolygonSlow,0.0,0.3846,0.0,0.0,0.0
52.739,147.9,-3.4146,3.0188,-0.7644,-1.469,2.94,480,0,70,192,0.3868,0.2542,SLOWDOWN,PolygonSlow,0.0,0.3846,0.0,0.0,0.0
52.841,148.0,-3.4147,3.0188,-0.7556,-1.469,2.94,480,0,71,193,0.3862,0.2536,SLOWDOWN,PolygonSlow,0.0,0.3846,0.0,0.0,0.0
52.941,148.1,-3.4148,3.0188,-0.7468,-1.469,2.94,480,0,72,194,0.3857,0.253,SLOWDOWN,PolygonSlow,0.0,0.3846,0.0,0.0,0.0
53.045,148.2,-3.4149,3.0188,-0.7381,-1.469,2.94,480,0,73,195,0.3852,0.2525,SLOWDOWN,PolygonSlow,0.0,0.3846,0.0,0.0,0.0
53.143,148.3,-3.415,3.0188,-0.7294,-1.469,2.94,480,0,74,194,0.3847,0.2521,SLOWDOWN,PolygonSlow,0.0,0.3846,0.0,0.0,0.0
53.249,148.4,-3.4151,3.0188,-0.721,-1.469,2.94,480,0,76,196,0.3843,0.2516,SLOWDOWN,PolygonSlow,0.0,0.3333,0.0,0.0,0.0
53.372,148.5,-3.4152,3.0188,-0.7122,-1.469,2.94,480,0,78,198,0.3839,0.2513,SLOWDOWN,PolygonSlow,0.0,0.3333,0.0,0.0,0.0
53.452,148.6,-3.4153,3.0188,-0.7063,-1.469,2.94,480,0,77,199,0.3836,0.251,SLOWDOWN,PolygonSlow,0.0,0.3333,0.0,0.0,0.0
53.575,148.7,-3.4153,3.0188,-0.6976,-1.469,2.94,480,0,79,197,0.3833,0.2507,SLOWDOWN,PolygonSlow,0.0,0.3333,0.0,0.0,0.0
53.65,148.8,-3.4153,3.0188,-0.6919,-1.469,2.94,480,0,78,198,0.383,0.2504,SLOWDOWN,PolygonSlow,0.0,0.3333,0.0,0.0,0.0
53.777,148.9,-3.4154,3.0188,-0.6847,-1.469,2.94,480,0,80,200,0.3827,0.2501,SLOWDOWN,PolygonSlow,0.0,0.3333,0.0,0.0,0.0
53.874,149.0,-3.4154,3.0188,-0.6776,-1.469,2.94,480,0,81,200,0.3825,0.2499,SLOWDOWN,PolygonSlow,0.0,0.3333,0.0,0.0,0.0
53.998,149.1,-3.4154,3.0188,-0.6709,-1.469,2.94,480,0,83,200,0.3823,0.2497,SLOWDOWN,PolygonSlow,0.0,0.2821,0.0,0.0,0.0
54.096,149.2,-3.4154,3.0188,-0.665,-1.469,2.94,480,0,83,202,0.3821,0.2495,SLOWDOWN,PolygonSlow,0.0,0.2821,0.0,0.0,0.0
54.216,149.3,-3.4153,3.0188,-0.6591,-1.469,2.94,480,0,84,203,0.382,0.2494,SLOWDOWN,PolygonSlow,0.0,0.2821,0.0,0.0,0.0
54.309,149.4,-3.4153,3.0188,-0.6533,-1.469,2.94,480,0,85,204,0.3818,0.2492,SLOWDOWN,PolygonSlow,0.0,0.2821,0.0,0.0,0.0
54.423,149.5,-3.4153,3.0188,-0.6475,-1.469,2.94,480,0,85,205,0.3817,0.2491,SLOWDOWN,PolygonSlow,0.0,0.2821,0.0,0.0,0.0
54.53,149.6,-3.4152,3.0188,-0.6417,-1.469,2.94,480,0,86,204,0.3816,0.249,SLOWDOWN,PolygonSlow,0.0,0.2821,0.0,0.0,0.0
54.629,149.7,-3.4151,3.0188,-0.636,-1.469,2.94,480,0,86,205,0.3815,0.2489,SLOWDOWN,PolygonSlow,0.0,0.2821,0.0,0.0,0.0
54.727,149.8,-3.4151,3.0188,-0.6303,-1.469,2.94,480,0,87,207,0.3814,0.2488,SLOWDOWN,PolygonSlow,0.0,0.2821,0.0,0.0,0.0
54.84,149.9,-3.415,3.0188,-0.6246,-1.469,2.94,480,0,88,205,0.3814,0.2487,SLOWDOWN,PolygonSlow,0.0,0.2308,0.0,0.0,0.0
54.939,150.0,-3.4149,3.0189,-0.6196,-1.469,2.94,480,0,90,207,0.3813,0.2486,SLOWDOWN,PolygonSlow,0.0,0.2308,0.0,0.0,0.0
55.043,150.1,-3.4149,3.0189,-0.6146,-1.469,2.94,480,0,90,207,0.3811,0.2485,SLOWDOWN,PolygonSlow,0.0,0.2308,0.0,0.0,0.0
55.143,150.2,-3.4149,3.019,-0.6095,-1.469,2.94,480,0,89,208,0.381,0.2484,SLOWDOWN,PolygonSlow,0.0,0.2308,0.0,0.0,0.0
55.243,150.3,-3.4149,3.0191,-0.6044,-1.469,2.94,480,0,91,207,0.3809,0.2483,SLOWDOWN,PolygonSlow,0.0,0.2308,0.0,0.0,0.0
55.343,150.4,-3.4149,3.0192,-0.5992,-1.469,2.94,480,0,91,210,0.3808,0.2482,SLOWDOWN,PolygonSlow,0.0,0.2308,0.0,0.0,0.0
55.45,150.5,-3.4149,3.0193,-0.5941,-1.469,2.94,480,0,92,209,0.3807,0.2481,SLOWDOWN,PolygonSlow,0.0,0.2308,0.0,0.0,0.0
55.554,150.6,-3.4149,3.0194,-0.5889,-1.469,2.94,480,0,94,209,0.3806,0.2481,SLOWDOWN,PolygonSlow,0.0,0.2308,0.0,0.0,0.0
55.65,150.7,-3.4149,3.0195,-0.5837,-1.469,2.94,480,0,94,211,0.3805,0.248,SLOWDOWN,PolygonSlow,0.0,0.2308,0.0,0.0,0.0
55.749,150.8,-3.4149,3.0196,-0.5785,-1.469,2.94,480,0,96,211,0.3804,0.2479,SLOWDOWN,PolygonSlow,0.0,0.2308,0.0,0.0,0.0
55.851,150.9,-3.4149,3.0197,-0.5733,-1.469,2.94,480,0,96,212,0.3803,0.2478,SLOWDOWN,PolygonSlow,0.0,0.2308,0.0,0.0,0.0
55.949,151.0,-3.4149,3.0198,-0.5681,-1.469,2.94,480,0,96,213,0.3801,0.2477,SLOWDOWN,PolygonSlow,0.0,0.2308,0.0,0.0,0.0
56.049,151.1,-3.4149,3.0199,-0.5628,-1.469,2.94,480,0,98,214,0.38,0.2477,SLOWDOWN,PolygonSlow,0.0,0.2308,0.0,0.0,0.0
56.149,151.2,-3.4149,3.0201,-0.5576,-1.469,2.94,480,0,98,214,0.3799,0.2476,SLOWDOWN,PolygonSlow,0.0,0.2308,0.0,0.0,0.0
56.249,151.3,-3.4149,3.0202,-0.5524,-1.469,2.94,480,0,98,214,0.3797,0.2476,SLOWDOWN,PolygonSlow,0.0,0.1795,0.0,0.0,0.0
56.358,151.4,-3.4149,3.0203,-0.5483,-1.469,2.94,480,0,100,214,0.3796,0.2475,SLOWDOWN,PolygonSlow,0.0,0.1795,0.0,0.0,0.0
56.461,151.5,-3.4149,3.0204,-0.5441,-1.469,2.94,480,0,101,216,0.3795,0.2475,SLOWDOWN,PolygonSlow,0.0,0.1795,0.0,0.0,0.0
56.561,151.6,-3.4149,3.0205,-0.54,-1.469,2.94,480,0,102,215,0.3794,0.2475,SLOWDOWN,PolygonSlow,0.0,0.1795,0.0,0.0,0.0
56.674,151.7,-3.4149,3.0207,-0.5358,-1.469,2.94,480,0,101,216,0.3793,0.2474,SLOWDOWN,PolygonSlow,0.0,0.1795,0.0,0.0,0.0
56.795,151.8,-3.4149,3.0208,-0.5308,-1.469,2.94,480,0,102,218,0.3792,0.2474,SLOWDOWN,PolygonSlow,0.0,0.1795,0.0,0.0,0.0
56.867,151.9,-3.4149,3.0209,-0.5275,-1.469,2.94,480,0,103,216,0.3791,0.2474,SLOWDOWN,PolygonSlow,0.0,0.1795,0.0,0.0,0.0
56.982,152.0,-3.4149,3.0211,-0.5225,-1.469,2.94,480,0,104,217,0.3789,0.2473,SLOWDOWN,PolygonSlow,0.0,0.1795,0.0,0.0,0.0
57.075,152.1,-3.4149,3.0212,-0.5191,-1.469,2.94,480,0,103,218,0.3788,0.2473,SLOWDOWN,PolygonSlow,0.0,0.1795,0.0,0.0,0.0
57.182,152.2,-3.4149,3.0213,-0.5149,-1.469,2.94,480,0,105,217,0.3786,0.2473,SLOWDOWN,PolygonSlow,0.0,0.1795,0.0,0.0,0.0
57.28,152.3,-3.4149,3.0215,-0.5107,-1.469,2.94,480,0,106,217,0.3785,0.2473,SLOWDOWN,PolygonSlow,0.0,0.1795,0.0,0.0,0.0
57.395,152.4,-3.4149,3.0216,-0.5064,-1.469,2.94,480,0,107,219,0.3783,0.2473,SLOWDOWN,PolygonSlow,0.0,0.1795,0.0,0.0,0.0
57.494,152.5,-3.4149,3.0218,-0.5022,-1.469,2.94,480,0,107,219,0.3781,0.2473,SLOWDOWN,PolygonSlow,0.0,0.0,0.0,0.0,0.0
57.604,152.6,-3.4149,3.0219,-0.4999,-1.469,2.94,480,0,106,218,0.3781,0.2472,DO_NOTHING,,0.0,0.0,0.0,0.0,0.0
57.701,152.7,-3.4149,3.0219,-0.4999,-1.469,2.94,480,0,106,218,0.3781,0.2472,DO_NOTHING,,0.0,0.0,0.0,0.0,0.0
57.809,152.8,-3.4149,3.0219,-0.4999,-1.469,2.94,480,0,106,218,0.3781,0.2472,DO_NOTHING,,0.0,0.0,0.0,0.0,0.0
57.917,152.9,-3.4149,3.0219,-0.4999,-1.469,2.94,480,0,106,218,0.3781,0.2472,DO_NOTHING,,0.0,0.0,0.0,0.0,0.0
58.023,153.0,-3.4149,3.0219,-0.4999,-1.469,2.94,480,0,106,218,0.3781,0.2472,DO_NOTHING,,0.0,0.0,0.0,0.0,0.0
58.122,153.1,-3.4149,3.0219,-0.4999,-1.469,2.94,480,0,106,218,0.3781,0.2472,DO_NOTHING,,0.0,0.0,0.0,0.0,0.0
58.226,153.2,-3.4149,3.0219,-0.4999,-1.469,2.94,480,0,106,218,0.3781,0.2472,DO_NOTHING,,0.0,0.0,0.0,0.0,0.0
58.323,153.3,-3.4149,3.0219,-0.4999,-1.469,2.94,480,0,106,218,0.3781,0.2472,DO_NOTHING,,0.0,0.0,0.0,0.0,0.0
58.428,153.4,-3.4149,3.0219,-0.4999,-1.469,2.94,480,0,106,218,0.3781,0.2472,DO_NOTHING,,0.0,0.0,0.0,0.0,0.0
58.524,153.5,-3.4149,3.0219,-0.4999,-1.469,2.94,480,0,106,218,0.3781,0.2472,DO_NOTHING,,0.0,0.0,0.0,0.0,0.0
58.628,153.6,-3.4149,3.0219,-0.4999,-1.469,2.94,480,0,106,218,0.3781,0.2472,DO_NOTHING,,0.0,0.0,0.0,0.0,0.0
58.732,153.7,-3.4149,3.0219,-0.4999,-1.469,2.94,480,0,106,218,0.3781,0.2472,DO_NOTHING,,0.0,0.0,0.0,0.0,0.0
58.832,153.8,-3.4149,3.0219,-0.4999,-0.019,-0.01,480,0,106,218,0.3781,0.2472,SLOWDOWN,PolygonSlow,0.0316,-1.0,0.0316,0.0095,0.0095
58.928,153.9,-3.4142,3.0213,-0.504,-0.019,-0.01,480,0,106,218,0.3786,0.2476,SLOWDOWN,PolygonSlow,0.0316,-1.0,0.0316,0.0095,0.0095
59.029,154.0,-3.4134,3.0205,-0.5156,-0.019,-0.01,480,0,104,217,0.3795,0.2481,SLOWDOWN,PolygonSlow,0.0316,-1.0,0.0316,0.0095,0.0095
59.133,154.1,-3.4127,3.0195,-0.5345,-0.019,-0.01,480,0,101,215,0.3805,0.2486,SLOWDOWN,PolygonSlow,0.0316,-1.0,0.0316,0.0095,0.0095
59.244,154.2,-3.4117,3.0181,-0.562,-0.019,-0.01,480,0,97,213,0.3816,0.2493,SLOWDOWN,PolygonSlow,0.0316,-1.0,0.0316,0.0095,0.0095
59.33,154.3,-3.4111,3.0173,-0.5801,-0.019,-0.01,480,0,94,211,0.3826,0.2502,SLOWDOWN,PolygonSlow,0.0316,-1.0,0.0316,0.0095,0.0095
59.432,154.4,-3.4103,3.0164,-0.6024,-0.019,-0.01,480,0,91,208,0.3836,0.2511,SLOWDOWN,PolygonSlow,0.0316,-1.0,0.0316,0.0095,0.0095
59.531,154.5,-3.4097,3.0156,-0.6236,-0.019,-0.01,480,0,88,206,0.3846,0.252,SLOWDOWN,PolygonSlow,0.0474,-1.0,0.0474,0.0095,0.0095
59.636,154.6,-3.4089,3.0148,-0.6438,-0.019,-0.01,480,0,84,204,0.3857,0.2531,SLOWDOWN,PolygonSlow,0.0474,-1.0,0.0474,0.0142,0.0142
59.732,154.7,-3.4079,3.014,-0.6645,-0.019,-0.01,480,0,81,201,0.387,0.2544,SLOWDOWN,PolygonSlow,0.0474,-1.0,0.0474,0.0142,0.0142
59.839,154.8,-3.4068,3.0131,-0.6856,-0.019,-0.01,480,0,78,199,0.3886,0.256,SLOWDOWN,PolygonSlow,0.0474,-1.0,0.0474,0.0142,0.0142
59.932,154.9,-3.4056,3.0122,-0.7072,-0.019,-0.01,480,0,75,195,0.3904,0.2578,SLOWDOWN,PolygonSlow,0.0474,-1.0,0.0474,0.0142,0.0142
60.037,155.0,-3.4042,3.0112,-0.7293,-0.019,-0.01,480,0,73,194,0.3924,0.2598,SLOWDOWN,PolygonSlow,0.0474,-1.0,0.0474,0.0142,0.0142
60.146,155.1,-3.4029,3.0103,-0.7519,-0.019,-0.01,480,0,69,193,0.392,0.2621,SLOWDOWN,PolygonSlow,0.0474,-1.0,0.0474,0.0142,0.0142
60.234,155.2,-3.4017,3.0093,-0.775,-0.019,-0.01,480,0,67,188,0.3911,0.2648,SLOWDOWN,PolygonSlow,0.0474,-1.0,0.0474,0.0142,0.0142
60.347,155.3,-3.4007,3.0083,-0.7985,-0.019,-0.01,480,0,63,188,0.3886,0.2677,SLOWDOWN,PolygonSlow,0.0789,-1.0,0.0789,0.0237,0.0237
60.441,155.4,-3.3992,3.0065,-0.8215,-0.019,-0.01,480,0,60,187,0.3884,0.2716,SLOWDOWN,PolygonSlow,0.0789,-1.0,0.0789,0.0237,0.0237
60.542,155.5,-3.3976,3.0045,-0.844,-0.019,-0.01,480,0,57,185,0.3843,0.2761,SLOWDOWN,PolygonSlow,0.0632,-1.0,0.0632,0.0189,0.0189
60.639,155.6,-3.3963,3.0028,-0.8661,-0.019,-0.01,480,0,55,183,0.3829,0.2804,SLOWDOWN,PolygonSlow,0.0632,-1.0,0.0632,0.0189,0.0189
60.745,155.7,-3.3951,3.0012,-0.8877,-0.019,-0.01,480,0,52,184,0.3817,0.2848,SLOWDOWN,PolygonSlow,0.0789,-1.0,0.0789,0.0237,0.0237
60.845,155.8,-3.3936,2.9993,-0.9088,-0.019,-0.01,480,0,50,181,0.3781,0.2897,SLOWDOWN,PolygonSlow,0.0789,-1.0,0.0789,0.0237,0.0237
60.949,155.9,-3.3922,2.9973,-0.9294,-0.019,-0.01,480,0,47,181,0.3767,0.295,SLOWDOWN,PolygonSlow,0.0632,-1.0,0.0632,0.0189,0.0189
61.045,156.0,-3.3911,2.9955,-0.9495,-0.019,-0.01,480,0,44,181,0.3734,0.3002,SLOWDOWN,PolygonSlow,0.0632,-1.0,0.0632,0.0189,0.0189
61.151,156.1,-3.39,2.9937,-0.9693,-0.019,-0.01,480,0,43,182,0.3724,0.3057,SLOWDOWN,PolygonSlow,0.0632,-1.0,0.0632,0.0189,0.0189
61.243,156.2,-3.3891,2.9918,-0.9899,-0.019,-0.01,480,0,40,179,0.369,0.3117,SLOWDOWN,PolygonSlow,0.0632,-1.0,0.0632,0.0189,0.0189
61.347,156.3,-3.3885,2.9902,-1.0119,-0.019,-0.01,480,0,38,181,0.3693,0.318,SLOWDOWN,PolygonSlow,0.0474,-1.0,0.0474,0.0142,0.0142
61.446,156.4,-3.3884,2.9889,-1.0346,-0.019,-0.01,480,0,35,181,0.3662,0.3245,SLOWDOWN,PolygonSlow,0.0474,-1.0,0.0474,0.0142,0.0142
61.543,156.5,-3.3884,2.9877,-1.0579,-0.019,-0.01,480,0,33,183,0.3668,0.3315,SLOWDOWN,PolygonSlow,0.0474,-1.0,0.0474,0.0142,0.0142
61.643,156.6,-3.3886,2.9864,-1.0816,-0.019,-0.01,480,0,31,183,0.3648,0.339,SLOWDOWN,PolygonSlow,0.0474,-1.0,0.0474,0.0142,0.0142
61.748,156.7,-3.3889,2.9851,-1.1057,-0.019,-0.01,480,0,28,185,0.3641,0.3472,SLOWDOWN,PolygonSlow,0.0474,-1.0,0.0474,0.0142,0.0142
61.847,156.8,-3.3893,2.9839,-1.1301,-0.019,-0.01,480,0,29,187,0.3624,0.356,SLOWDOWN,PolygonSlow,0.0474,-1.0,0.0474,0.0142,0.0142
61.952,156.9,-3.3899,2.9826,-1.1548,-0.019,-0.01,480,0,28,190,0.3621,0.3657,SLOWDOWN,PolygonSlow,0.0474,-1.0,0.0474,0.0142,0.0142
62.046,157.0,-3.3907,2.9813,-1.1799,-0.019,-0.01,480,0,28,192,0.361,0.376,SLOWDOWN,PolygonSlow,0.0316,-1.0,0.0316,0.0095,0.0095
62.146,157.1,-3.3917,2.9804,-1.2052,-0.019,-0.01,480,0,28,194,0.3606,0.3868,SLOWDOWN,PolygonSlow,0.0632,-0.5385,0.0632,0.0189,0.0189
62.248,157.2,-3.3922,2.9785,-1.2251,-0.019,-0.01,480,0,31,193,0.3601,0.3973,SLOWDOWN,PolygonSlow,0.0789,-1.0,0.0789,0.0237,0.0237
62.346,157.3,-3.3929,2.9763,-1.2489,-0.019,-0.01,480,0,35,195,0.3562,0.4107,SLOWDOWN,PolygonSlow,0.0789,-0.8974,0.0789,0.0237,0.0237
62.445,157.4,-3.3937,2.974,-1.2727,-0.019,-0.01,480,0,40,195,0.355,0.425,SLOWDOWN,PolygonSlow,0.0789,-0.8974,0.0789,0.0237,0.0237
62.547,157.5,-3.3946,2.9718,-1.2967,-0.019,-0.01,480,0,45,196,0.3545,0.4404,SLOWDOWN,PolygonSlow,0.0789,-0.8462,0.0789,0.0237,0.0237
62.648,157.6,-3.3956,2.9695,-1.3198,-0.019,-0.01,480,0,51,198,0.3521,0.4378,SLOWDOWN,PolygonSlow,0.0789,-0.8462,0.0789,0.0237,0.0237
62.756,157.7,-3.3968,2.9672,-1.3432,-0.019,-0.01,480,0,59,200,0.3502,0.4336,SLOWDOWN,PolygonSlow,0.0789,-0.8462,0.0789,0.0237,0.0237
62.855,157.8,-3.398,2.9648,-1.367,-0.019,-0.01,480,0,66,202,0.3484,0.4287,SLOWDOWN,PolygonSlow,0.1579,-1.0,0.1579,0.0474,0.0474
62.967,157.9,-3.3993,2.9601,-1.3954,-0.019,-0.01,480,0,68,205,0.345,0.4218,SLOWDOWN,PolygonSlow,0.1579,-1.0,0.1579,0.0474,0.0474
63.063,158.0,-3.4009,2.9553,-1.4243,-0.019,-0.01,480,0,68,215,0.3408,0.4141,SLOWDOWN,PolygonSlow,0.2368,-1.0,0.2368,0.0711,0.0711
63.166,158.1,-3.4024,2.9483,-1.4538,-0.019,-0.01,480,0,67,227,0.3349,0.4045,SLOWDOWN,PolygonSlow,0.2368,-1.0,0.2368,0.0711,0.0711
63.265,158.2,-3.4042,2.9412,-1.4838,-0.019,-0.01,480,0,67,241,0.33,0.3947,SLOWDOWN,PolygonSlow,0.2368,-1.0,0.2368,0.0711,0.0711
63.369,158.3,-3.4063,2.9342,-1.5143,-0.019,-0.01,480,0,66,244,0.3255,0.3852,SLOWDOWN,PolygonSlow,0.2211,-1.0,0.2211,0.0663,0.0663
63.491,158.4,-3.4092,2.9259,-1.5511,-0.019,-0.01,480,0,65,244,0.3208,0.3753,SLOWDOWN,PolygonSlow,0.2526,-0.9487,0.2526,0.0758,0.0758
63.572,158.5,-3.4113,2.9198,-1.5752,-0.019,-0.01,480,0,66,246,0.3142,0.3646,SLOWDOWN,PolygonSlow,0.2526,-0.9487,0.2526,0.0758,0.0758
63.682,158.6,-3.4146,2.9114,-1.6102,-0.019,-0.01,480,0,65,249,0.3109,0.3548,SLOWDOWN,PolygonSlow,0.2053,-0.8974,0.2053,0.0616,0.0616
63.772,158.7,-3.4168,2.9065,-1.6325,-0.019,-0.01,480,0,65,251,0.306,0.3457,SLOWDOWN,PolygonSlow,0.2053,-0.8974,0.2053,0.0616,0.0616
63.881,158.8,-3.4196,2.9003,-1.659,-0.019,-0.01,480,0,64,253,0.3029,0.3372,SLOWDOWN,PolygonSlow,0.1895,-0.641,0.2053,0.0616,0.0616
63.978,158.9,-3.4217,2.8944,-1.6779,-0.019,-0.01,480,0,65,255,0.2992,0.3293,SLOWDOWN,PolygonSlow,0.2053,-0.4872,0.1895,0.0568,0.0568
64.086,159.0,-3.4238,2.8886,-1.6947,-0.019,-0.01,480,0,65,257,0.2962,0.3222,SLOWDOWN,PolygonSlow,0.2211,-0.5385,0.2053,0.0616,0.0616
64.191,159.1,-3.4259,2.8822,-1.7098,-0.019,-0.01,480,0,65,259,0.2915,0.3144,SLOWDOWN,PolygonSlow,0.2368,-0.5385,0.2211,0.0663,0.0663
64.301,159.2,-3.4282,2.8754,-1.7255,-0.019,-0.01,480,0,67,261,0.2894,0.3069,SLOWDOWN,PolygonSlow,0.2211,-0.4872,0.2368,0.0711,0.0711
64.396,159.3,-3.4305,2.8687,-1.7404,-0.019,-0.01,480,0,67,261,0.2839,0.2981,SLOWDOWN,PolygonSlow,0.2368,-0.5385,0.2211,0.0663,0.0663
64.508,159.4,-3.4329,2.8619,-1.755,-0.019,-0.01,480,0,69,258,0.2804,0.2902,SLOWDOWN,PolygonSlow,0.1737,-0.4359,0.2368,0.0711,0.0711
64.6,159.5,-3.435,2.856,-1.7686,-0.019,-0.01,480,0,74,258,0.2778,0.2834,SLOWDOWN,PolygonSlow,0.2842,-0.1795,0.1737,0.0521,0.0521
64.708,159.6,-3.4371,2.8492,-1.7778,-0.019,-0.01,480,0,79,258,0.2735,0.276,SLOWDOWN,PolygonSlow,0.2684,-0.1795,0.2842,0.0853,0.0853
64.805,159.7,-3.4392,2.8412,-1.7828,-0.019,-0.01,480,0,84,260,0.2695,0.2685,SLOWDOWN,PolygonSlow,0.2526,-0.1795,0.2684,0.0805,0.0805
64.906,159.8,-3.4412,2.8336,-1.7879,-0.019,-0.01,480,0,86,260,0.2661,0.261,SLOWDOWN,PolygonSlow,0.2053,-0.4872,0.2526,0.0758,0.0758
65.009,159.9,-3.4432,2.8271,-1.796,-0.019,-0.01,480,0,91,262,0.2626,0.2543,SLOWDOWN,PolygonSlow,0.3,-0.1795,0.2053,0.0616,0.0616
65.104,160.0,-3.4457,2.8197,-1.8064,-0.019,-0.01,480,0,96,261,0.2591,0.2464,SLOWDOWN,PolygonSlow,0.3,-0.1795,0.3,0.09,0.09
65.202,160.1,-3.4482,2.811,-1.8114,-0.019,-0.01,480,0,101,263,0.2555,0.2384,SLOWDOWN,PolygonSlow,0.3,-0.0256,0.3,0.09,0.09
65.307,160.2,-3.4505,2.8022,-1.8135,-0.019,-0.01,480,0,105,267,0.2524,0.231,SLOWDOWN,PolygonSlow,0.3,-0.0256,0.3,0.09,0.09
65.403,160.3,-3.4527,2.7935,-1.8142,-0.019,-0.01,480,2,110,270,0.2495,0.2238,SLOWDOWN,PolygonSlow,0.3,0.0769,0.3,0.09,0.09
65.505,160.4,-3.4548,2.7848,-1.813,-0.019,-0.01,480,4,114,274,0.2456,0.2168,SLOWDOWN,PolygonSlow,0.3,0.0769,0.3,0.09,0.09
65.608,160.5,-3.4558,2.7805,-1.8124,-0.019,-0.01,480,6,116,277,0.2445,0.2133,STOP,PolygonStop,0.2842,-0.0256,0.3,0.0,0.0
65.708,160.6,-3.4558,2.7805,-1.8124,-0.019,-0.01,480,6,116,277,0.2445,0.2133,STOP,PolygonStop,0.2842,-0.0256,0.2842,0.0,0.0
65.806,160.7,-3.4558,2.7805,-1.8124,-0.019,-0.01,480,6,116,277,0.2445,0.2133,STOP,PolygonStop,0.2842,-0.0256,0.2842,0.0,0.0
65.906,160.8,-3.4558,2.7805,-1.8124,-0.019,-0.01,480,6,116,277,0.2445,0.2133,STOP,PolygonStop,0.2842,-0.0256,0.2842,0.0,0.0
66.007,160.9,-3.4558,2.7805,-1.8124,-0.019,-0.01,480,6,116,277,0.2445,0.2133,STOP,PolygonStop,0.2842,-0.0256,0.2842,0.0,0.0
66.106,161.0,-3.4558,2.7805,-1.8124,-0.019,-0.01,480,6,116,277,0.2445,0.2133,STOP,PolygonStop,0.2842,-0.0256,0.2842,0.0,0.0
66.205,161.1,-3.4558,2.7805,-1.8124,-0.019,-0.01,480,6,116,277,0.2445,0.2133,STOP,PolygonStop,0.2842,-0.0256,0.2842,0.0,0.0
66.315,161.2,-3.4558,2.7805,-1.8124,-0.019,-0.01,480,6,116,277,0.2445,0.2133,STOP,PolygonStop,0.2842,-0.0256,0.2842,0.0,0.0
66.413,161.3,-3.4558,2.7805,-1.8124,-0.019,-0.01,480,6,116,277,0.2445,0.2133,STOP,PolygonStop,0.2842,-0.0256,0.2842,0.0,0.0
66.517,161.4,-3.4558,2.7805,-1.8124,-0.019,-0.01,480,6,116,277,0.2445,0.2133,STOP,PolygonStop,0.2842,-0.0256,0.2842,0.0,0.0
66.625,161.5,-3.4558,2.7805,-1.8124,-0.019,-0.01,480,6,116,277,0.2445,0.2133,STOP,PolygonStop,0.2842,-0.0256,0.2842,0.0,0.0
66.733,161.6,-3.4558,2.7805,-1.8124,-0.019,-0.01,480,6,116,277,0.2445,0.2133,STOP,PolygonStop,0.2842,-0.0256,0.2842,0.0,0.0
66.854,161.7,-3.4558,2.7805,-1.8124,-0.019,-0.01,480,6,116,277,0.2445,0.2133,STOP,PolygonStop,0.2842,-0.0256,0.2842,0.0,0.0
66.933,161.8,-3.4558,2.7805,-1.8124,-0.019,-0.01,480,6,116,277,0.2445,0.2133,STOP,PolygonStop,0.2842,-0.0256,0.2842,0.0,0.0
67.049,161.9,-3.4558,2.7805,-1.8124,-0.019,-0.01,480,6,116,277,0.2445,0.2133,STOP,PolygonStop,0.2842,-0.0256,0.2842,0.0,0.0
67.134,162.0,-3.4558,2.7805,-1.8124,-0.019,-0.01,480,6,116,277,0.2445,0.2133,STOP,PolygonStop,0.2842,-0.0256,0.2842,0.0,0.0
67.243,162.1,-3.4558,2.7805,-1.8124,-0.019,-0.01,480,6,116,277,0.2445,0.2133,STOP,PolygonStop,0.2842,-0.0256,0.2842,0.0,0.0
67.342,162.2,-3.4558,2.7805,-1.8124,-0.019,-0.01,480,6,116,277,0.2445,0.2133,STOP,PolygonStop,0.2842,-0.0256,0.2842,0.0,0.0
67.467,162.3,-3.4558,2.7805,-1.8124,-0.019,-0.01,480,6,116,277,0.2445,0.2133,STOP,PolygonStop,0.2842,-0.0256,0.2842,0.0,0.0
67.557,162.4,-3.4558,2.7805,-1.8124,-0.019,-0.01,480,6,116,277,0.2445,0.2133,STOP,PolygonStop,0.2842,-0.0256,0.2842,0.0,0.0
67.671,162.5,-3.4558,2.7805,-1.8124,-0.019,-0.01,480,6,116,277,0.2445,0.2133,STOP,PolygonStop,0.2842,-0.0256,0.2842,0.0,0.0
67.772,162.6,-3.4558,2.7805,-1.8124,-0.019,-0.01,480,6,116,277,0.2445,0.2133,STOP,PolygonStop,0.2842,-0.0256,0.2842,0.0,0.0
67.871,162.7,-3.4558,2.7805,-1.8124,-0.019,-0.01,480,6,116,277,0.2445,0.2133,STOP,PolygonStop,0.2842,-0.0256,0.2842,0.0,0.0
67.967,162.8,-3.4558,2.7805,-1.8124,-0.019,-0.01,480,6,116,277,0.2445,0.2133,STOP,PolygonStop,0.2842,-0.0256,0.2842,0.0,0.0
68.078,162.9,-3.4558,2.7805,-1.8124,-0.019,-0.01,480,6,116,277,0.2445,0.2133,STOP,PolygonStop,0.2842,-0.0256,0.2842,0.0,0.0
68.17,163.0,-3.4558,2.7805,-1.8124,-0.019,-0.01,480,6,116,277,0.2445,0.2133,STOP,PolygonStop,0.2842,-0.0256,0.2842,0.0,0.0
68.27,163.1,-3.4558,2.7805,-1.8124,-0.019,-0.01,480,6,116,277,0.2445,0.2133,STOP,PolygonStop,0.2842,-0.0256,0.2842,0.0,0.0
68.37,163.2,-3.4558,2.7805,-1.8124,-0.019,-0.01,480,6,116,277,0.2445,0.2133,STOP,PolygonStop,0.2842,-0.0256,0.2842,0.0,0.0
68.472,163.3,-3.4558,2.7805,-1.8124,-0.019,-0.01,480,6,116,277,0.2445,0.2133,STOP,PolygonStop,0.2842,-0.0256,0.2842,0.0,0.0
68.573,163.4,-3.4558,2.7805,-1.8124,-0.019,-0.01,480,6,116,277,0.2445,0.2133,STOP,PolygonStop,0.2842,-0.0256,0.2842,0.0,0.0
68.68,163.5,-3.4558,2.7805,-1.8124,-0.019,-0.01,480,6,116,277,0.2445,0.2133,STOP,PolygonStop,0.2842,-0.0256,0.2842,0.0,0.0
68.776,163.6,-3.4558,2.7805,-1.8124,-0.019,-0.01,480,6,116,277,0.2445,0.2133,STOP,PolygonStop,0.2842,-0.0256,0.2842,0.0,0.0
68.879,163.7,-3.4558,2.7805,-1.8124,-0.019,-0.01,480,6,116,277,0.2445,0.2133,STOP,PolygonStop,0.2842,-0.0256,0.2842,0.0,0.0
68.978,163.8,-3.4558,2.7805,-1.8124,-0.019,-0.01,480,6,116,277,0.2445,0.2133,STOP,PolygonStop,0.2842,-0.0256,0.2842,0.0,0.0
69.082,163.9,-3.4558,2.7805,-1.8124,-0.019,-0.01,480,6,116,277,0.2445,0.2133,STOP,PolygonStop,0.2842,-0.0256,0.2842,0.0,0.0
69.177,164.0,-3.4558,2.7805,-1.8124,-0.019,-0.01,480,6,116,277,0.2445,0.2133,STOP,PolygonStop,0.2842,-0.0256,0.2842,0.0,0.0
69.28,164.1,-3.4558,2.7805,-1.8124,-0.019,-0.01,480,6,116,277,0.2445,0.2133,STOP,PolygonStop,0.2842,-0.0256,0.2842,0.0,0.0
69.379,164.2,-3.4558,2.7805,-1.8124,-0.019,-0.01,480,6,116,277,0.2445,0.2133,STOP,PolygonStop,0.2842,-0.0256,0.2842,0.0,0.0
69.479,164.3,-3.4558,2.7805,-1.8124,-0.019,-0.01,480,6,116,277,0.2445,0.2133,STOP,PolygonStop,0.2842,-0.0256,0.2842,0.0,0.0
69.58,164.4,-3.4558,2.7805,-1.8124,-0.019,-0.01,480,6,116,277,0.2445,0.2133,STOP,PolygonStop,0.2842,-0.0256,0.2842,0.0,0.0
69.684,164.5,-3.4558,2.7805,-1.8124,-0.019,-0.01,480,6,116,277,0.2445,0.2133,STOP,PolygonStop,0.2842,-0.0256,0.2842,0.0,0.0
69.784,164.6,-3.4558,2.7805,-1.8124,-0.019,-0.01,480,6,116,277,0.2445,0.2133,STOP,PolygonStop,0.2842,-0.0256,0.2842,0.0,0.0
69.888,164.7,-3.4558,2.7805,-1.8124,-0.019,-0.01,480,6,116,277,0.2445,0.2133,STOP,PolygonStop,0.2842,-0.0256,0.2842,0.0,0.0
69.988,164.8,-3.4558,2.7805,-1.8124,-0.019,-0.01,480,6,116,277,0.2445,0.2133,STOP,PolygonStop,0.2842,-0.0256,0.2842,0.0,0.0
70.094,164.9,-3.4558,2.7805,-1.8124,-0.019,-0.01,480,6,116,277,0.2445,0.2133,STOP,PolygonStop,0.2842,-0.0256,0.2842,0.0,0.0
70.21,165.0,-3.4558,2.7805,-1.8124,-0.019,-0.01,480,6,116,277,0.2445,0.2133,STOP,PolygonStop,0.2842,-0.0256,0.2842,0.0,0.0
70.294,165.1,-3.4558,2.7805,-1.8124,-0.019,-0.01,480,6,116,277,0.2445,0.2133,STOP,PolygonStop,0.2842,-0.0256,0.2842,0.0,0.0
70.406,165.2,-3.4558,2.7805,-1.8124,-0.019,-0.01,480,6,116,277,0.2445,0.2133,STOP,PolygonStop,0.2842,-0.0256,0.2842,0.0,0.0
70.495,165.3,-3.4558,2.7805,-1.8124,-0.019,-0.01,480,6,116,277,0.2445,0.2133,STOP,PolygonStop,0.2842,-0.0256,0.2842,0.0,0.0
70.605,165.4,-3.4558,2.7805,-1.8124,-0.019,-0.01,480,6,116,277,0.2445,0.2133,STOP,PolygonStop,0.2842,-0.0256,0.2842,0.0,0.0
70.703,165.5,-3.4558,2.7805,-1.8124,-0.019,-0.01,480,6,116,277,0.2445,0.2133,STOP,PolygonStop,0.2842,-0.0256,0.2842,0.0,0.0
70.812,165.6,-3.4558,2.7805,-1.8124,-0.019,-0.01,480,6,116,277,0.2445,0.2133,STOP,PolygonStop,0.2842,-0.0256,0.2842,0.0,0.0
70.911,165.7,-3.4558,2.7805,-1.8124,-0.019,-0.01,480,6,116,277,0.2445,0.2133,STOP,PolygonStop,0.2842,-0.0256,0.2842,0.0,0.0
71.017,165.8,-3.4558,2.7805,-1.8124,-0.019,-0.01,480,6,116,277,0.2445,0.2133,STOP,PolygonStop,0.2842,-0.0256,0.2842,0.0,0.0
71.116,165.9,-3.4558,2.7805,-1.8124,-0.019,-0.01,480,6,116,277,0.2445,0.2133,STOP,PolygonStop,0.2842,-0.0256,0.2842,0.0,0.0
71.223,166.0,-3.4558,2.7805,-1.8124,-0.019,-0.01,480,6,116,277,0.2445,0.2133,STOP,PolygonStop,0.2842,-0.0256,0.2842,0.0,0.0
71.321,166.1,-3.4558,2.7805,-1.8124,-0.019,-0.01,480,6,116,277,0.2445,0.2133,STOP,PolygonStop,0.2842,-0.0256,0.2842,0.0,0.0
71.425,166.2,-3.4558,2.7805,-1.8124,-0.019,-0.01,480,6,116,277,0.2445,0.2133,STOP,PolygonStop,0.2842,-0.0256,0.2842,0.0,0.0
71.523,166.3,-3.4558,2.7805,-1.8124,-0.019,-0.01,480,6,116,277,0.2445,0.2133,STOP,PolygonStop,0.2842,-0.0256,0.2842,0.0,0.0
71.622,166.4,-3.4558,2.7805,-1.8124,-0.019,-0.01,480,6,116,277,0.2445,0.2133,STOP,PolygonStop,0.2842,-0.0256,0.2842,0.0,0.0
71.723,166.5,-3.4558,2.7805,-1.8124,-0.019,-0.01,480,6,116,277,0.2445,0.2133,STOP,PolygonStop,0.2842,-0.0256,0.2842,0.0,0.0
71.833,166.6,-3.4558,2.7805,-1.8124,-0.019,-0.01,480,6,116,277,0.2445,0.2133,STOP,PolygonStop,0.2842,-0.0256,0.2842,0.0,0.0
71.929,166.7,-3.4558,2.7805,-1.8124,-0.019,-0.01,480,6,116,277,0.2445,0.2133,STOP,PolygonStop,0.2842,-0.0256,0.2842,0.0,0.0
72.03,166.8,-3.4558,2.7805,-1.8124,-0.019,-0.01,480,6,116,277,0.2445,0.2133,STOP,PolygonStop,0.2842,-0.0256,0.2842,0.0,0.0
72.141,166.9,-3.4558,2.7805,-1.8124,-0.019,-0.01,480,6,116,277,0.2445,0.2133,STOP,PolygonStop,0.2842,-0.0256,0.2842,0.0,0.0
72.235,167.0,-3.4558,2.7805,-1.8124,-0.019,-0.01,480,6,116,277,0.2445,0.2133,STOP,PolygonStop,0.2842,-0.0256,0.2842,0.0,0.0
72.337,167.1,-3.4558,2.7805,-1.8124,-0.019,-0.01,480,6,116,277,0.2445,0.2133,STOP,PolygonStop,0.2842,-0.0256,0.2842,0.0,0.0
72.435,167.2,-3.4558,2.7805,-1.8124,-0.019,-0.01,480,6,116,277,0.2445,0.2133,STOP,PolygonStop,0.2842,-0.0256,0.2842,0.0,0.0
72.536,167.3,-3.4558,2.7805,-1.8124,-0.019,-0.01,480,6,116,277,0.2445,0.2133,STOP,PolygonStop,0.2842,-0.0256,0.2842,0.0,0.0
72.634,167.4,-3.4558,2.7805,-1.8124,-0.019,-0.01,480,6,116,277,0.2445,0.2133,STOP,PolygonStop,0.2842,-0.0256,0.2842,0.0,0.0
72.737,167.5,-3.4558,2.7805,-1.8124,-0.019,-0.01,480,6,116,277,0.2445,0.2133,STOP,PolygonStop,0.2842,-0.0256,0.2842,0.0,0.0
72.837,167.6,-3.4558,2.7805,-1.8124,-0.019,-0.01,480,6,116,277,0.2445,0.2133,STOP,PolygonStop,0.2842,-0.0256,0.2842,0.0,0.0
72.935,167.7,-3.4558,2.7805,-1.8124,-0.019,-0.01,480,6,116,277,0.2445,0.2133,STOP,PolygonStop,0.2842,-0.0256,0.2842,0.0,0.0
73.047,167.8,-3.4558,2.7805,-1.8124,-0.019,-0.01,480,6,116,277,0.2445,0.2133,STOP,PolygonStop,0.2842,-0.0256,0.2842,0.0,0.0
73.14,167.9,-3.4558,2.7805,-1.8124,-0.019,-0.01,480,6,116,277,0.2445,0.2133,STOP,PolygonStop,0.2842,-0.0256,0.2842,0.0,0.0
73.246,168.0,-3.4558,2.7805,-1.8124,-0.019,-0.01,480,6,116,277,0.2445,0.2133,STOP,PolygonStop,0.2842,-0.0256,0.2842,0.0,0.0
73.35,168.1,-3.4558,2.7805,-1.8124,-0.019,-0.01,480,6,116,277,0.2445,0.2133,STOP,PolygonStop,0.2842,-0.0256,0.2842,0.0,0.0
73.455,168.2,-3.4558,2.7805,-1.8124,-0.019,-0.01,480,6,116,277,0.2445,0.2133,STOP,PolygonStop,0.2842,-0.0256,0.2842,0.0,0.0
73.567,168.3,-3.4558,2.7805,-1.8124,-0.019,-0.01,480,6,116,277,0.2445,0.2133,STOP,PolygonStop,0.2842,-0.0256,0.2842,0.0,0.0
73.656,168.4,-3.4558,2.7805,-1.8124,-0.019,-0.01,480,6,116,277,0.2445,0.2133,STOP,PolygonStop,0.2842,-0.0256,0.2842,0.0,0.0
73.769,168.5,-3.4558,2.7805,-1.8124,-0.019,-0.01,480,6,116,277,0.2445,0.2133,STOP,PolygonStop,0.2842,-0.0256,0.2842,0.0,0.0
73.855,168.6,-3.4558,2.7805,-1.8124,-0.019,-0.01,480,6,116,277,0.2445,0.2133,STOP,PolygonStop,0.2842,-0.0256,0.2842,0.0,0.0
73.967,168.7,-3.4558,2.7805,-1.8124,-0.019,-0.01,480,6,116,277,0.2445,0.2133,STOP,PolygonStop,0.2842,-0.0256,0.2842,0.0,0.0
74.064,168.8,-3.4558,2.7805,-1.8124,-0.019,-0.01,480,6,116,277,0.2445,0.2133,STOP,PolygonStop,0.2842,-0.0256,0.2842,0.0,0.0
74.179,168.9,-3.4558,2.7805,-1.8124,-0.019,-0.01,480,6,116,277,0.2445,0.2133,STOP,PolygonStop,0.2842,-0.0256,0.2842,0.0,0.0
74.279,169.0,-3.4558,2.7805,-1.8124,-0.019,-0.01,480,6,116,277,0.2445,0.2133,STOP,PolygonStop,0.2842,-0.0256,0.2842,0.0,0.0
74.397,169.1,-3.4558,2.7805,-1.8124,-0.019,-0.01,480,6,116,277,0.2445,0.2133,STOP,PolygonStop,0.2842,-0.0256,0.2842,0.0,0.0
74.488,169.2,-3.4558,2.7805,-1.8124,-0.019,-0.01,480,6,116,277,0.2445,0.2133,STOP,PolygonStop,0.2842,-0.0256,0.2842,0.0,0.0
74.596,169.3,-3.4558,2.7805,-1.8124,-0.019,-0.01,480,6,116,277,0.2445,0.2133,STOP,PolygonStop,0.2842,-0.0256,0.2842,0.0,0.0
74.703,169.4,-3.4558,2.7805,-1.8124,-0.019,-0.01,480,6,116,277,0.2445,0.2133,STOP,PolygonStop,0.2842,-0.0256,0.2842,0.0,0.0
74.802,169.5,-3.4558,2.7805,-1.8124,-0.019,-0.01,480,6,116,277,0.2445,0.2133,STOP,PolygonStop,0.2842,-0.0256,0.2842,0.0,0.0
74.897,169.6,-3.4558,2.7805,-1.8124,-0.019,-0.01,480,6,116,277,0.2445,0.2133,STOP,PolygonStop,0.2842,-0.0256,0.2842,0.0,0.0
74.996,169.7,-3.4558,2.7805,-1.8124,-0.019,-0.01,480,6,116,277,0.2445,0.2133,STOP,PolygonStop,0.2842,-0.0256,0.2842,0.0,0.0
75.095,169.8,-3.4558,2.7805,-1.8124,-0.019,-0.01,480,6,116,277,0.2445,0.2133,STOP,PolygonStop,0.2842,-0.0256,0.2842,0.0,0.0
75.199,169.9,-3.4558,2.7805,-1.8124,-0.019,-0.01,480,6,116,277,0.2445,0.2133,STOP,PolygonStop,0.2842,-0.0256,0.2842,0.0,0.0
75.293,170.0,-3.4558,2.7805,-1.8124,-0.019,-0.01,480,6,116,277,0.2445,0.2133,STOP,PolygonStop,0.2842,-0.0256,0.2842,0.0,0.0
75.404,170.1,-3.4558,2.7805,-1.8124,-0.019,-0.01,480,6,116,277,0.2445,0.2133,STOP,PolygonStop,0.0,0.0,0.2842,0.0,0.0
75.5,170.2,-3.4558,2.7805,-1.8124,-0.019,-0.01,480,6,116,277,0.2445,0.2133,STOP,PolygonStop,0.0,0.0,0.0342,0.0,0.0
75.607,170.3,-3.4558,2.7805,-1.8124,-0.019,-0.01,480,6,116,277,0.2445,0.2133,STOP,PolygonStop,0.2842,-0.0256,0.125,0.0,0.0
75.717,170.4,-3.4558,2.7805,-1.8124,-0.019,-0.01,480,6,116,277,0.2445,0.2133,STOP,PolygonStop,0.2842,-0.0256,0.2842,0.0,0.0
75.814,170.5,-3.4558,2.7805,-1.8124,-0.019,-0.01,480,6,116,277,0.2445,0.2133,STOP,PolygonStop,0.2842,-0.0256,0.2842,0.0,0.0
75.919,170.6,-3.4558,2.7805,-1.8124,-0.019,-0.01,480,6,116,277,0.2445,0.2133,STOP,PolygonStop,0.2842,-0.0256,0.2842,0.0,0.0
76.018,170.7,-3.4558,2.7805,-1.8124,-0.019,-0.01,480,6,116,277,0.2445,0.2133,STOP,PolygonStop,0.2842,-0.0256,0.2842,0.0,0.0
76.118,170.8,-3.4558,2.7805,-1.8124,-0.019,-0.01,480,6,116,277,0.2445,0.2133,STOP,PolygonStop,0.2842,-0.0256,0.2842,0.0,0.0
76.217,170.9,-3.4558,2.7805,-1.8124,-0.019,-0.01,480,6,116,277,0.2445,0.2133,STOP,PolygonStop,0.2842,-0.0256,0.2842,0.0,0.0
76.317,171.0,-3.4558,2.7805,-1.8124,-0.019,-0.01,480,6,116,277,0.2445,0.2133,STOP,PolygonStop,0.2842,-0.0256,0.2842,0.0,0.0
76.417,171.1,-3.4558,2.7805,-1.8124,-0.019,-0.01,480,6,116,277,0.2445,0.2133,STOP,PolygonStop,0.2842,-0.0256,0.2842,0.0,0.0
76.517,171.2,-3.4558,2.7805,-1.8124,-0.019,-0.01,480,6,116,277,0.2445,0.2133,STOP,PolygonStop,0.2842,-0.0256,0.2842,0.0,0.0
76.623,171.3,-3.4558,2.7805,-1.8124,-0.019,-0.01,480,6,116,277,0.2445,0.2133,STOP,PolygonStop,0.2842,-0.0256,0.2842,0.0,0.0
76.722,171.4,-3.4558,2.7805,-1.8124,-0.019,-0.01,480,6,116,277,0.2445,0.2133,STOP,PolygonStop,0.2842,-0.0256,0.2842,0.0,0.0
76.838,171.5,-3.4558,2.7805,-1.8124,-0.019,-0.01,480,6,116,277,0.2445,0.2133,STOP,PolygonStop,0.2842,-0.0256,0.2842,0.0,0.0
76.939,171.6,-3.4558,2.7805,-1.8124,-0.019,-0.01,480,6,116,277,0.2445,0.2133,STOP,PolygonStop,0.2842,-0.0256,0.2842,0.0,0.0
77.028,171.7,-3.4558,2.7805,-1.8124,-0.019,-0.01,480,6,116,277,0.2445,0.2133,STOP,PolygonStop,0.2842,-0.0256,0.2842,0.0,0.0
77.14,171.8,-3.4558,2.7805,-1.8124,-0.019,-0.01,480,6,116,277,0.2445,0.2133,STOP,PolygonStop,0.2842,-0.0256,0.2842,0.0,0.0
77.229,171.9,-3.4558,2.7805,-1.8124,-0.019,-0.01,480,6,116,277,0.2445,0.2133,STOP,PolygonStop,0.2842,-0.0256,0.2842,0.0,0.0
77.34,172.0,-3.4558,2.7805,-1.8124,-0.019,-0.01,480,6,116,277,0.2445,0.2133,STOP,PolygonStop,0.2842,-0.0256,0.2842,0.0,0.0
77.437,172.1,-3.4558,2.7805,-1.8124,-0.019,-0.01,480,6,116,277,0.2445,0.2133,STOP,PolygonStop,0.2842,-0.0256,0.2842,0.0,0.0
77.545,172.2,-3.4558,2.7805,-1.8124,-0.019,-0.01,480,6,116,277,0.2445,0.2133,STOP,PolygonStop,0.2842,-0.0256,0.2842,0.0,0.0
77.645,172.3,-3.4558,2.7805,-1.8124,-0.019,-0.01,480,6,116,277,0.2445,0.2133,STOP,PolygonStop,0.2842,-0.0256,0.2842,0.0,0.0
77.754,172.4,-3.4558,2.7805,-1.8124,-0.019,-0.01,480,6,116,277,0.2445,0.2133,STOP,PolygonStop,0.2842,-0.0256,0.2842,0.0,0.0
77.857,172.5,-3.4558,2.7805,-1.8124,-0.019,-0.01,480,6,116,277,0.2445,0.2133,STOP,PolygonStop,0.2842,-0.0256,0.2842,0.0,0.0
77.958,172.6,-3.4558,2.7805,-1.8124,-0.019,-0.01,480,6,116,277,0.2445,0.2133,STOP,PolygonStop,0.2842,-0.0256,0.2842,0.0,0.0
78.063,172.7,-3.4558,2.7805,-1.8124,-0.019,-0.01,480,6,116,277,0.2445,0.2133,STOP,PolygonStop,0.2842,-0.0256,0.2842,0.0,0.0
78.162,172.8,-3.4558,2.7805,-1.8124,-0.019,-0.01,480,6,116,277,0.2445,0.2133,STOP,PolygonStop,0.2842,-0.0256,0.2842,0.0,0.0
78.257,172.9,-3.4558,2.7805,-1.8124,-0.019,-0.01,480,6,116,277,0.2445,0.2133,STOP,PolygonStop,0.2842,-0.0256,0.2842,0.0,0.0
78.361,173.0,-3.4558,2.7805,-1.8124,-0.019,-0.01,480,6,116,277,0.2445,0.2133,STOP,PolygonStop,0.2842,-0.0256,0.2842,0.0,0.0
78.456,173.1,-3.4558,2.7805,-1.8124,-0.019,-0.01,480,6,116,277,0.2445,0.2133,STOP,PolygonStop,0.2842,-0.0256,0.2842,0.0,0.0
78.559,173.2,-3.4558,2.7805,-1.8124,-0.019,-0.01,480,6,116,277,0.2445,0.2133,STOP,PolygonStop,0.2842,-0.0256,0.2842,0.0,0.0
78.656,173.3,-3.4558,2.7805,-1.8124,-0.019,-0.01,480,6,116,277,0.2445,0.2133,STOP,PolygonStop,0.2842,-0.0256,0.2842,0.0,0.0
78.757,173.4,-3.4558,2.7805,-1.8124,-0.019,-0.01,480,6,116,277,0.2445,0.2133,STOP,PolygonStop,0.2842,-0.0256,0.2842,0.0,0.0
78.856,173.5,-3.4558,2.7805,-1.8124,-0.019,-0.01,480,6,116,277,0.2445,0.2133,STOP,PolygonStop,0.2842,-0.0256,0.2842,0.0,0.0
78.967,173.6,-3.4558,2.7805,-1.8124,-0.019,-0.01,480,6,116,277,0.2445,0.2133,STOP,PolygonStop,0.2842,-0.0256,0.2842,0.0,0.0
79.067,173.7,-3.4558,2.7805,-1.8124,-0.019,-0.01,480,6,116,277,0.2445,0.2133,STOP,PolygonStop,0.2842,-0.0256,0.2842,0.0,0.0
79.168,173.8,-3.4558,2.7805,-1.8124,-0.019,-0.01,480,6,116,277,0.2445,0.2133,STOP,PolygonStop,0.2842,-0.0256,0.2842,0.0,0.0
79.265,173.9,-3.4558,2.7805,-1.8124,-0.019,-0.01,480,6,116,277,0.2445,0.2133,STOP,PolygonStop,0.2842,-0.0256,0.2842,0.0,0.0
79.363,174.0,-3.4558,2.7805,-1.8124,-0.019,-0.01,480,6,116,277,0.2445,0.2133,STOP,PolygonStop,0.2842,-0.0256,0.2842,0.0,0.0
79.465,174.1,-3.4558,2.7805,-1.8124,-0.019,-0.01,480,6,116,277,0.2445,0.2133,STOP,PolygonStop,0.2842,-0.0256,0.2842,0.0,0.0
79.563,174.2,-3.4558,2.7805,-1.8124,-0.019,-0.01,480,6,116,277,0.2445,0.2133,STOP,PolygonStop,0.2842,-0.0256,0.2842,0.0,0.0
79.663,174.3,-3.4558,2.7805,-1.8124,-0.019,-0.01,480,6,116,277,0.2445,0.2133,STOP,PolygonStop,0.2842,-0.0256,0.2842,0.0,0.0
79.766,174.4,-3.4558,2.7805,-1.8124,-0.019,-0.01,480,6,116,277,0.2445,0.2133,STOP,PolygonStop,0.2842,-0.0256,0.2842,0.0,0.0
79.871,174.5,-3.4558,2.7805,-1.8124,-0.019,-0.01,480,6,116,277,0.2445,0.2133,STOP,PolygonStop,0.2842,-0.0256,0.2842,0.0,0.0
79.974,174.6,-3.4558,2.7805,-1.8124,-0.019,-0.01,480,6,116,277,0.2445,0.2133,STOP,PolygonStop,0.2842,-0.0256,0.2842,0.0,0.0
80.077,174.7,-3.4558,2.7805,-1.8124,-0.019,-0.01,480,6,116,277,0.2445,0.2133,STOP,PolygonStop,0.2842,-0.0256,0.2842,0.0,0.0
80.193,174.8,-3.4558,2.7805,-1.8124,-0.019,-0.01,480,6,116,277,0.2445,0.2133,STOP,PolygonStop,0.2842,-0.0256,0.2842,0.0,0.0
80.295,174.9,-3.4558,2.7805,-1.8124,-0.019,-0.01,480,6,116,277,0.2445,0.2133,STOP,PolygonStop,0.2842,-0.0256,0.2842,0.0,0.0
80.383,175.0,-3.4558,2.7805,-1.8124,-0.019,-0.01,480,6,116,277,0.2445,0.2133,STOP,PolygonStop,0.2842,-0.0256,0.2842,0.0,0.0
80.495,175.1,-3.4558,2.7805,-1.8124,-0.019,-0.01,480,6,116,277,0.2445,0.2133,STOP,PolygonStop,0.2842,-0.0256,0.2842,0.0,0.0
80.583,175.2,-3.4558,2.7805,-1.8124,-0.019,-0.01,480,6,116,277,0.2445,0.2133,STOP,PolygonStop,0.2842,-0.0256,0.2842,0.0,0.0
80.694,175.3,-3.4558,2.7805,-1.8124,-0.019,-0.01,480,6,116,277,0.2445,0.2133,STOP,PolygonStop,0.2842,-0.0256,0.2842,0.0,0.0
80.792,175.4,-3.4558,2.7805,-1.8124,-0.019,-0.01,480,6,116,277,0.2445,0.2133,STOP,PolygonStop,0.2842,-0.0256,0.2842,0.0,0.0
80.905,175.5,-3.4558,2.7805,-1.8124,-0.019,-0.01,480,6,116,277,0.2445,0.2133,STOP,PolygonStop,0.2842,-0.0256,0.2842,0.0,0.0
81.007,175.6,-3.4558,2.7805,-1.8124,-0.019,-0.01,480,6,116,277,0.2445,0.2133,STOP,PolygonStop,0.2842,-0.0256,0.2842,0.0,0.0
81.108,175.7,-3.4558,2.7805,-1.8124,-0.019,-0.01,480,6,116,277,0.2445,0.2133,STOP,PolygonStop,0.2842,-0.0256,0.2842,0.0,0.0
81.207,175.8,-3.4558,2.7805,-1.8124,-0.019,-0.01,480,6,116,277,0.2445,0.2133,STOP,PolygonStop,0.2842,-0.0256,0.2842,0.0,0.0
81.322,175.9,-3.4558,2.7805,-1.8124,-0.019,-0.01,480,6,116,277,0.2445,0.2133,STOP,PolygonStop,0.2842,-0.0256,0.2842,0.0,0.0
81.419,176.0,-3.4558,2.7805,-1.8124,-0.019,-0.01,480,6,116,277,0.2445,0.2133,STOP,PolygonStop,0.2842,-0.0256,0.2842,0.0,0.0
81.513,176.1,-3.4558,2.7805,-1.8124,-0.019,-0.01,480,6,116,277,0.2445,0.2133,STOP,PolygonStop,0.2842,-0.0256,0.2842,0.0,0.0
81.612,176.2,-3.4558,2.7805,-1.8124,-0.019,-0.01,480,6,116,277,0.2445,0.2133,STOP,PolygonStop,0.2842,-0.0256,0.2842,0.0,0.0
81.712,176.3,-3.4558,2.7805,-1.8124,-0.019,-0.01,480,6,116,277,0.2445,0.2133,STOP,PolygonStop,0.2842,-0.0256,0.2842,0.0,0.0
81.811,176.4,-3.4558,2.7805,-1.8124,-0.019,-0.01,480,6,116,277,0.2445,0.2133,STOP,PolygonStop,0.2842,-0.0256,0.2842,0.0,0.0
81.912,176.5,-3.4558,2.7805,-1.8124,-0.019,-0.01,480,6,116,277,0.2445,0.2133,STOP,PolygonStop,0.2842,-0.0256,0.2842,0.0,0.0
82.011,176.6,-3.4558,2.7805,-1.8124,-0.019,-0.01,480,6,116,277,0.2445,0.2133,STOP,PolygonStop,0.2842,-0.0256,0.2842,0.0,0.0
82.112,176.7,-3.4558,2.7805,-1.8124,-0.019,-0.01,480,6,116,277,0.2445,0.2133,STOP,PolygonStop,0.2842,-0.0256,0.2842,0.0,0.0
82.217,176.8,-3.4558,2.7805,-1.8124,-0.019,-0.01,480,6,116,277,0.2445,0.2133,STOP,PolygonStop,0.2842,-0.0256,0.2842,0.0,0.0
82.321,176.9,-3.4558,2.7805,-1.8124,-0.019,-0.01,480,6,116,277,0.2445,0.2133,STOP,PolygonStop,0.2842,-0.0256,0.2842,0.0,0.0
82.412,177.0,-3.4558,2.7805,-1.8124,-0.019,-0.01,480,6,116,277,0.2445,0.2133,STOP,PolygonStop,0.2842,-0.0256,0.2842,0.0,0.0
82.513,177.1,-3.4558,2.7805,-1.8124,-0.019,-0.01,480,6,116,277,0.2445,0.2133,STOP,PolygonStop,0.2842,-0.0256,0.2842,0.0,0.0
82.612,177.2,-3.4558,2.7805,-1.8124,-0.019,-0.01,480,6,116,277,0.2445,0.2133,STOP,PolygonStop,0.2842,-0.0256,0.2842,0.0,0.0
82.711,177.3,-3.4558,2.7805,-1.8124,-0.019,-0.01,480,6,116,277,0.2445,0.2133,STOP,PolygonStop,0.2842,-0.0256,0.2842,0.0,0.0
82.817,177.4,-3.4558,2.7805,-1.8124,-0.019,-0.01,480,6,116,277,0.2445,0.2133,STOP,PolygonStop,0.2842,-0.0256,0.2842,0.0,0.0
82.918,177.5,-3.4558,2.7805,-1.8124,-0.019,-0.01,480,6,116,277,0.2445,0.2133,STOP,PolygonStop,0.2842,-0.0256,0.2842,0.0,0.0
83.016,177.6,-3.4558,2.7805,-1.8124,-0.019,-0.01,480,6,116,277,0.2445,0.2133,STOP,PolygonStop,0.2842,-0.0256,0.2842,0.0,0.0
83.118,177.7,-3.4558,2.7805,-1.8124,-0.019,-0.01,480,6,116,277,0.2445,0.2133,STOP,PolygonStop,0.2842,-0.0256,0.2842,0.0,0.0
83.222,177.8,-3.4558,2.7805,-1.8124,-0.019,-0.01,480,6,116,277,0.2445,0.2133,STOP,PolygonStop,0.2842,-0.0256,0.2842,0.0,0.0
83.327,177.9,-3.4558,2.7805,-1.8124,-0.019,-0.01,480,6,116,277,0.2445,0.2133,STOP,PolygonStop,0.2842,-0.0256,0.2842,0.0,0.0
83.426,178.0,-3.4558,2.7805,-1.8124,-0.019,-0.01,480,6,116,277,0.2445,0.2133,STOP,PolygonStop,0.2842,-0.0256,0.2842,0.0,0.0
83.532,178.1,-3.4558,2.7805,-1.8124,-0.019,-0.01,480,6,116,277,0.2445,0.2133,STOP,PolygonStop,0.2842,-0.0256,0.2842,0.0,0.0
83.644,178.2,-3.4558,2.7805,-1.8124,-0.019,-0.01,480,6,116,277,0.2445,0.2133,STOP,PolygonStop,0.2842,-0.0256,0.2842,0.0,0.0
83.732,178.3,-3.4558,2.7805,-1.8124,-0.019,-0.01,480,6,116,277,0.2445,0.2133,STOP,PolygonStop,0.2842,-0.0256,0.2842,0.0,0.0
83.847,178.4,-3.4558,2.7805,-1.8124,-0.019,-0.01,480,6,116,277,0.2445,0.2133,STOP,PolygonStop,0.2842,-0.0256,0.2842,0.0,0.0
83.932,178.5,-3.4558,2.7805,-1.8124,-0.019,-0.01,480,6,116,277,0.2445,0.2133,STOP,PolygonStop,0.2842,-0.0256,0.2842,0.0,0.0
84.042,178.6,-3.4558,2.7805,-1.8124,-0.019,-0.01,480,6,116,277,0.2445,0.2133,STOP,PolygonStop,0.2842,-0.0256,0.2842,0.0,0.0
84.15,178.7,-3.4558,2.7805,-1.8124,-0.019,-0.01,480,6,116,277,0.2445,0.2133,STOP,PolygonStop,0.2842,-0.0256,0.2842,0.0,0.0
84.25,178.8,-3.4558,2.7805,-1.8124,-0.019,-0.01,480,6,116,277,0.2445,0.2133,STOP,PolygonStop,0.2842,-0.0256,0.2842,0.0,0.0
84.349,178.9,-3.4558,2.7805,-1.8124,-0.019,-0.01,480,6,116,277,0.2445,0.2133,STOP,PolygonStop,0.2842,-0.0256,0.2842,0.0,0.0
84.467,179.0,-3.4558,2.7805,-1.8124,-0.019,-0.01,480,6,116,277,0.2445,0.2133,STOP,PolygonStop,0.2842,-0.0256,0.2842,0.0,0.0
84.557,179.1,-3.4558,2.7805,-1.8124,-0.019,-0.01,480,6,116,277,0.2445,0.2133,STOP,PolygonStop,0.2842,-0.0256,0.2842,0.0,0.0
84.663,179.2,-3.4558,2.7805,-1.8124,-0.019,-0.01,480,6,116,277,0.2445,0.2133,STOP,PolygonStop,0.2842,-0.0256,0.2842,0.0,0.0
84.762,179.3,-3.4558,2.7805,-1.8124,-0.019,-0.01,480,6,116,277,0.2445,0.2133,STOP,PolygonStop,0.2842,-0.0256,0.2842,0.0,0.0
84.867,179.4,-3.4558,2.7805,-1.8124,-0.019,-0.01,480,6,116,277,0.2445,0.2133,STOP,PolygonStop,0.2842,-0.0256,0.2842,0.0,0.0
84.982,179.5,-3.4558,2.7805,-1.8124,-0.019,-0.01,480,6,116,277,0.2445,0.2133,STOP,PolygonStop,0.2842,-0.0256,0.2842,0.0,0.0
85.072,179.6,-3.4558,2.7805,-1.8124,-0.019,-0.01,480,6,116,277,0.2445,0.2133,STOP,PolygonStop,0.2842,-0.0256,0.2842,0.0,0.0
85.17,179.7,-3.4558,2.7805,-1.8124,-0.019,-0.01,480,6,116,277,0.2445,0.2133,STOP,PolygonStop,0.2842,-0.0256,0.2842,0.0,0.0
85.272,179.8,-3.4558,2.7805,-1.8124,-0.019,-0.01,480,6,116,277,0.2445,0.2133,STOP,PolygonStop,0.2842,-0.0256,0.2842,0.0,0.0
85.371,179.9,-3.4558,2.7805,-1.8124,-0.019,-0.01,480,6,116,277,0.2445,0.2133,STOP,PolygonStop,0.2842,-0.0256,0.2842,0.0,0.0
85.481,180.0,-3.4558,2.7805,-1.8124,-0.019,-0.01,480,6,116,277,0.2445,0.2133,STOP,PolygonStop,0.2842,-0.0256,0.2842,0.0,0.0
85.572,180.1,-3.4558,2.7805,-1.8124,-0.019,-0.01,480,6,116,277,0.2445,0.2133,STOP,PolygonStop,0.2842,-0.0256,0.2842,0.0,0.0
85.679,180.2,-3.4558,2.7805,-1.8124,-0.019,-0.01,480,6,116,277,0.2445,0.2133,STOP,PolygonStop,0.2842,-0.0256,0.2842,0.0,0.0
85.771,180.3,-3.4558,2.7805,-1.8124,-0.019,-0.01,480,6,116,277,0.2445,0.2133,STOP,PolygonStop,0.0,0.0,0.1592,0.0,0.0
85.871,180.4,-3.4558,2.7805,-1.8124,-0.019,-0.01,480,6,116,277,0.2445,0.2133,STOP,PolygonStop,0.0,0.0,0.0,0.0,0.0
85.976,180.5,-3.4558,2.7805,-1.8124,-0.019,-0.01,480,6,116,277,0.2445,0.2133,STOP,PolygonStop,0.2842,-0.0256,0.0,0.0,0.0
86.074,180.6,-3.4558,2.7805,-1.8124,-0.019,-0.01,480,6,116,277,0.2445,0.2133,STOP,PolygonStop,0.2842,-0.0256,0.25,0.0,0.0
86.174,180.7,-3.4558,2.7805,-1.8124,-0.019,-0.01,480,6,116,277,0.2445,0.2133,STOP,PolygonStop,0.2842,-0.0256,0.2842,0.0,0.0
86.274,180.8,-3.4558,2.7805,-1.8124,-0.019,-0.01,480,6,116,277,0.2445,0.2133,STOP,PolygonStop,0.2842,-0.0256,0.2842,0.0,0.0
86.376,180.9,-3.4558,2.7805,-1.8124,-0.019,-0.01,480,6,116,277,0.2445,0.2133,STOP,PolygonStop,0.2842,-0.0256,0.2842,0.0,0.0
86.482,181.0,-3.4558,2.7805,-1.8124,-0.019,-0.01,480,6,116,277,0.2445,0.2133,STOP,PolygonStop,0.2842,-0.0256,0.2842,0.0,0.0
86.579,181.1,-3.4558,2.7805,-1.8124,-0.019,-0.01,480,6,116,277,0.2445,0.2133,STOP,PolygonStop,0.2842,-0.0256,0.2842,0.0,0.0
86.683,181.2,-3.4558,2.7805,-1.8124,-0.019,-0.01,480,6,116,277,0.2445,0.2133,STOP,PolygonStop,0.2842,-0.0256,0.2842,0.0,0.0
86.784,181.3,-3.4558,2.7805,-1.8124,-0.019,-0.01,480,6,116,277,0.2445,0.2133,STOP,PolygonStop,0.2842,-0.0256,0.2842,0.0,0.0
86.899,181.4,-3.4558,2.7805,-1.8124,-0.019,-0.01,480,6,116,277,0.2445,0.2133,STOP,PolygonStop,0.2842,-0.0256,0.2842,0.0,0.0
86.999,181.5,-3.4558,2.7805,-1.8124,-0.019,-0.01,480,6,116,277,0.2445,0.2133,STOP,PolygonStop,0.2842,-0.0256,0.2842,0.0,0.0
87.093,181.6,-3.4558,2.7805,-1.8124,-0.019,-0.01,480,6,116,277,0.2445,0.2133,STOP,PolygonStop,0.2842,-0.0256,0.2842,0.0,0.0
87.204,181.7,-3.4558,2.7805,-1.8124,-0.019,-0.01,480,6,116,277,0.2445,0.2133,STOP,PolygonStop,0.2842,-0.0256,0.2842,0.0,0.0
87.29,181.8,-3.4558,2.7805,-1.8124,-0.019,-0.01,480,6,116,277,0.2445,0.2133,STOP,PolygonStop,0.2842,-0.0256,0.2842,0.0,0.0
87.4,181.9,-3.4558,2.7805,-1.8124,-0.019,-0.01,480,6,116,277,0.2445,0.2133,STOP,PolygonStop,0.2842,-0.0256,0.2842,0.0,0.0
87.499,182.0,-3.4558,2.7805,-1.8124,-0.019,-0.01,480,6,116,277,0.2445,0.2133,STOP,PolygonStop,0.2842,-0.0256,0.2842,0.0,0.0
87.615,182.1,-3.4558,2.7805,-1.8124,-0.019,-0.01,480,6,116,277,0.2445,0.2133,STOP,PolygonStop,0.2842,-0.0256,0.2842,0.0,0.0
87.708,182.2,-3.4558,2.7805,-1.8124,-0.019,-0.01,480,6,116,277,0.2445,0.2133,STOP,PolygonStop,0.2842,-0.0256,0.2842,0.0,0.0
87.828,182.3,-3.4558,2.7805,-1.8124,-0.019,-0.01,480,6,116,277,0.2445,0.2133,STOP,PolygonStop,0.2842,-0.0256,0.2842,0.0,0.0
87.921,182.4,-3.4558,2.7805,-1.8124,-0.019,-0.01,480,6,116,277,0.2445,0.2133,STOP,PolygonStop,0.2842,-0.0256,0.2842,0.0,0.0
88.036,182.5,-3.4558,2.7805,-1.8124,-0.019,-0.01,480,6,116,277,0.2445,0.2133,STOP,PolygonStop,0.2842,-0.0256,0.2842,0.0,0.0
88.134,182.6,-3.4558,2.7805,-1.8124,-0.019,-0.01,480,6,116,277,0.2445,0.2133,STOP,PolygonStop,0.2842,-0.0256,0.2842,0.0,0.0
88.241,182.7,-3.4558,2.7805,-1.8124,-0.019,-0.01,480,6,116,277,0.2445,0.2133,STOP,PolygonStop,0.2842,-0.0256,0.2842,0.0,0.0
88.333,182.8,-3.4558,2.7805,-1.8124,-0.019,-0.01,480,6,116,277,0.2445,0.2133,STOP,PolygonStop,0.2842,-0.0256,0.2842,0.0,0.0
88.434,182.9,-3.4558,2.7805,-1.8124,-0.019,-0.01,480,6,116,277,0.2445,0.2133,STOP,PolygonStop,0.2842,-0.0256,0.2842,0.0,0.0
88.533,183.0,-3.4558,2.7805,-1.8124,-0.019,-0.01,480,6,116,277,0.2445,0.2133,STOP,PolygonStop,0.2842,-0.0256,0.2842,0.0,0.0
88.635,183.1,-3.4558,2.7805,-1.8124,-0.019,-0.01,480,6,116,277,0.2445,0.2133,STOP,PolygonStop,0.2842,-0.0256,0.2842,0.0,0.0
88.732,183.2,-3.4558,2.7805,-1.8124,-0.019,-0.01,480,6,116,277,0.2445,0.2133,STOP,PolygonStop,0.2842,-0.0256,0.2842,0.0,0.0
88.839,183.3,-3.4558,2.7805,-1.8124,-0.019,-0.01,480,6,116,277,0.2445,0.2133,STOP,PolygonStop,0.2842,-0.0256,0.2842,0.0,0.0
88.932,183.4,-3.4558,2.7805,-1.8124,-0.019,-0.01,480,6,116,277,0.2445,0.2133,STOP,PolygonStop,0.2842,-0.0256,0.2842,0.0,0.0
89.033,183.5,-3.4558,2.7805,-1.8124,-0.019,-0.01,480,6,116,277,0.2445,0.2133,STOP,PolygonStop,0.2842,-0.0256,0.2842,0.0,0.0
89.133,183.6,-3.4558,2.7805,-1.8124,-0.019,-0.01,480,6,116,277,0.2445,0.2133,STOP,PolygonStop,0.2842,-0.0256,0.2842,0.0,0.0
89.232,183.7,-3.4558,2.7805,-1.8124,-0.019,-0.01,480,6,116,277,0.2445,0.2133,STOP,PolygonStop,0.2842,-0.0256,0.2842,0.0,0.0
89.333,183.8,-3.4558,2.7805,-1.8124,-0.019,-0.01,480,6,116,277,0.2445,0.2133,STOP,PolygonStop,0.2842,-0.0256,0.2842,0.0,0.0
89.432,183.9,-3.4558,2.7805,-1.8124,-0.019,-0.01,480,6,116,277,0.2445,0.2133,STOP,PolygonStop,0.2842,-0.0256,0.2842,0.0,0.0
89.532,184.0,-3.4558,2.7805,-1.8124,-0.019,-0.01,480,6,116,277,0.2445,0.2133,STOP,PolygonStop,0.2842,-0.0256,0.2842,0.0,0.0
89.633,184.1,-3.4558,2.7805,-1.8124,-0.019,-0.01,480,6,116,277,0.2445,0.2133,STOP,PolygonStop,0.2842,-0.0256,0.2842,0.0,0.0
89.739,184.2,-3.4558,2.7805,-1.8124,-0.019,-0.01,480,6,116,277,0.2445,0.2133,STOP,PolygonStop,0.2842,-0.0256,0.2842,0.0,0.0
89.84,184.3,-3.4558,2.7805,-1.8124,-0.019,-0.01,480,6,116,277,0.2445,0.2133,STOP,PolygonStop,0.2842,-0.0256,0.2842,0.0,0.0
89.941,184.4,-3.4558,2.7805,-1.8124,-0.019,-0.01,480,6,116,277,0.2445,0.2133,STOP,PolygonStop,0.2842,-0.0256,0.2842,0.0,0.0
90.05,184.5,-3.4558,2.7805,-1.8124,-0.019,-0.01,480,6,116,277,0.2445,0.2133,STOP,PolygonStop,0.2842,-0.0256,0.2842,0.0,0.0
90.156,184.6,-3.4558,2.7805,-1.8124,-0.019,-0.01,480,6,116,277,0.2445,0.2133,STOP,PolygonStop,0.2842,-0.0256,0.2842,0.0,0.0
90.262,184.7,-3.4558,2.7805,-1.8124,-0.019,-0.01,480,6,116,277,0.2445,0.2133,STOP,PolygonStop,0.2842,-0.0256,0.2842,0.0,0.0
90.386,184.8,-3.4558,2.7805,-1.8124,-0.019,-0.01,480,6,116,277,0.2445,0.2133,STOP,PolygonStop,0.2842,-0.0256,0.2842,0.0,0.0
90.462,184.9,-3.4558,2.7805,-1.8124,-0.019,-0.01,480,6,116,277,0.2445,0.2133,STOP,PolygonStop,0.2842,-0.0256,0.2842,0.0,0.0
90.578,185.0,-3.4558,2.7805,-1.8124,-0.019,-0.01,480,6,116,277,0.2445,0.2133,STOP,PolygonStop,0.2842,-0.0256,0.2842,0.0,0.0
90.662,185.1,-3.4558,2.7805,-1.8124,-0.019,-0.01,480,6,116,277,0.2445,0.2133,STOP,PolygonStop,0.2842,-0.0256,0.2842,0.0,0.0
90.772,185.2,-3.4558,2.7805,-1.8124,-0.019,-0.01,480,6,116,277,0.2445,0.2133,STOP,PolygonStop,0.2842,-0.0256,0.2842,0.0,0.0
90.873,185.3,-3.4558,2.7805,-1.8124,-0.019,-0.01,480,6,116,277,0.2445,0.2133,STOP,PolygonStop,0.2842,-0.0256,0.2842,0.0,0.0
90.981,185.4,-3.4558,2.7805,-1.8124,-0.019,-0.01,480,6,116,277,0.2445,0.2133,STOP,PolygonStop,0.2842,-0.0256,0.2842,0.0,0.0
91.078,185.5,-3.4558,2.7805,-1.8124,-0.019,-0.01,480,6,116,277,0.2445,0.2133,STOP,PolygonStop,0.2842,-0.0256,0.2842,0.0,0.0
91.197,185.6,-3.4558,2.7805,-1.8124,-0.019,-0.01,480,6,116,277,0.2445,0.2133,STOP,PolygonStop,0.2842,-0.0256,0.2842,0.0,0.0
91.292,185.7,-3.4558,2.7805,-1.8124,-0.019,-0.01,480,6,116,277,0.2445,0.2133,STOP,PolygonStop,0.2842,-0.0256,0.2842,0.0,0.0
91.414,185.8,-3.4558,2.7805,-1.8124,-0.019,-0.01,480,6,116,277,0.2445,0.2133,STOP,PolygonStop,0.2842,-0.0256,0.2842,0.0,0.0
91.506,185.9,-3.4558,2.7805,-1.8124,-0.019,-0.01,480,6,116,277,0.2445,0.2133,STOP,PolygonStop,0.2842,-0.0256,0.2842,0.0,0.0
91.607,186.0,-3.4558,2.7805,-1.8124,-0.019,-0.01,480,6,116,277,0.2445,0.2133,STOP,PolygonStop,0.2842,-0.0256,0.2842,0.0,0.0
91.706,186.1,-3.4558,2.7805,-1.8124,-0.019,-0.01,480,6,116,277,0.2445,0.2133,STOP,PolygonStop,0.2842,-0.0256,0.2842,0.0,0.0
91.809,186.2,-3.4558,2.7805,-1.8124,-0.019,-0.01,480,6,116,277,0.2445,0.2133,STOP,PolygonStop,0.2842,-0.0256,0.2842,0.0,0.0
91.905,186.3,-3.4558,2.7805,-1.8124,-0.019,-0.01,480,6,116,277,0.2445,0.2133,STOP,PolygonStop,0.2842,-0.0256,0.2842,0.0,0.0
92.005,186.4,-3.4558,2.7805,-1.8124,-0.019,-0.01,480,6,116,277,0.2445,0.2133,STOP,PolygonStop,0.2842,-0.0256,0.2842,0.0,0.0
92.104,186.5,-3.4558,2.7805,-1.8124,-0.019,-0.01,480,6,116,277,0.2445,0.2133,STOP,PolygonStop,0.2842,-0.0256,0.2842,0.0,0.0
92.204,186.6,-3.4558,2.7805,-1.8124,-0.019,-0.01,480,6,116,277,0.2445,0.2133,STOP,PolygonStop,0.2842,-0.0256,0.2842,0.0,0.0
92.304,186.7,-3.4558,2.7805,-1.8124,-0.019,-0.01,480,6,116,277,0.2445,0.2133,STOP,PolygonStop,0.2842,-0.0256,0.2842,0.0,0.0
92.412,186.8,-3.4558,2.7805,-1.8124,-0.019,-0.01,480,6,116,277,0.2445,0.2133,STOP,PolygonStop,0.2842,-0.0256,0.2842,0.0,0.0
92.513,186.9,-3.4558,2.7805,-1.8124,-0.019,-0.01,480,6,116,277,0.2445,0.2133,STOP,PolygonStop,0.2842,-0.0256,0.2842,0.0,0.0
92.609,187.0,-3.4558,2.7805,-1.8124,-0.019,-0.01,480,6,116,277,0.2445,0.2133,STOP,PolygonStop,0.2842,-0.0256,0.2842,0.0,0.0
92.709,187.1,-3.4558,2.7805,-1.8124,-0.019,-0.01,480,6,116,277,0.2445,0.2133,STOP,PolygonStop,0.2842,-0.0256,0.2842,0.0,0.0
92.81,187.2,-3.4558,2.7805,-1.8124,-0.019,-0.01,480,6,116,277,0.2445,0.2133,STOP,PolygonStop,0.2842,-0.0256,0.2842,0.0,0.0
92.909,187.3,-3.4558,2.7805,-1.8124,-0.019,-0.01,480,6,116,277,0.2445,0.2133,STOP,PolygonStop,0.2842,-0.0256,0.2842,0.0,0.0
93.009,187.4,-3.4558,2.7805,-1.8124,-0.019,-0.01,480,6,116,277,0.2445,0.2133,STOP,PolygonStop,0.2842,-0.0256,0.2842,0.0,0.0
93.109,187.5,-3.4558,2.7805,-1.8124,-0.019,-0.01,480,6,116,277,0.2445,0.2133,STOP,PolygonStop,0.2842,-0.0256,0.2842,0.0,0.0
93.213,187.6,-3.4558,2.7805,-1.8124,-0.019,-0.01,480,6,116,277,0.2445,0.2133,STOP,PolygonStop,0.2842,-0.0256,0.2842,0.0,0.0
93.316,187.7,-3.4558,2.7805,-1.8124,-0.019,-0.01,480,6,116,277,0.2445,0.2133,STOP,PolygonStop,0.2842,-0.0256,0.2842,0.0,0.0
93.421,187.8,-3.4558,2.7805,-1.8124,-0.019,-0.01,480,6,116,277,0.2445,0.2133,STOP,PolygonStop,0.2842,-0.0256,0.2842,0.0,0.0
93.52,187.9,-3.4558,2.7805,-1.8124,-0.019,-0.01,480,6,116,277,0.2445,0.2133,STOP,PolygonStop,0.2842,-0.0256,0.2842,0.0,0.0
93.636,188.0,-3.4558,2.7805,-1.8124,-0.019,-0.01,480,6,116,277,0.2445,0.2133,STOP,PolygonStop,0.2842,-0.0256,0.2842,0.0,0.0
93.753,188.1,-3.4558,2.7805,-1.8124,-0.019,-0.01,480,6,116,277,0.2445,0.2133,STOP,PolygonStop,0.2842,-0.0256,0.2842,0.0,0.0
93.826,188.2,-3.4558,2.7805,-1.8124,-0.019,-0.01,480,6,116,277,0.2445,0.2133,STOP,PolygonStop,0.2842,-0.0256,0.2842,0.0,0.0
93.938,188.3,-3.4558,2.7805,-1.8124,-0.019,-0.01,480,6,116,277,0.2445,0.2133,STOP,PolygonStop,0.2842,-0.0256,0.2842,0.0,0.0
94.026,188.4,-3.4558,2.7805,-1.8124,-0.019,-0.01,480,6,116,277,0.2445,0.2133,STOP,PolygonStop,0.2842,-0.0256,0.2842,0.0,0.0
94.136,188.5,-3.4558,2.7805,-1.8124,-0.019,-0.01,480,6,116,277,0.2445,0.2133,STOP,PolygonStop,0.2842,-0.0256,0.2842,0.0,0.0
94.235,188.6,-3.4558,2.7805,-1.8124,-0.019,-0.01,480,6,116,277,0.2445,0.2133,STOP,PolygonStop,0.2842,-0.0256,0.2842,0.0,0.0
94.342,188.7,-3.4558,2.7805,-1.8124,-0.019,-0.01,480,6,116,277,0.2445,0.2133,STOP,PolygonStop,0.2842,-0.0256,0.2842,0.0,0.0
94.441,188.8,-3.4558,2.7805,-1.8124,-0.019,-0.01,480,6,116,277,0.2445,0.2133,STOP,PolygonStop,0.2842,-0.0256,0.2842,0.0,0.0
94.547,188.9,-3.4558,2.7805,-1.8124,-0.019,-0.01,480,6,116,277,0.2445,0.2133,STOP,PolygonStop,0.2842,-0.0256,0.2842,0.0,0.0
94.646,189.0,-3.4558,2.7805,-1.8124,-0.019,-0.01,480,6,116,277,0.2445,0.2133,STOP,PolygonStop,0.2842,-0.0256,0.2842,0.0,0.0
94.756,189.1,-3.4558,2.7805,-1.8124,-0.019,-0.01,480,6,116,277,0.2445,0.2133,STOP,PolygonStop,0.2842,-0.0256,0.2842,0.0,0.0
94.854,189.2,-3.4558,2.7805,-1.8124,-0.019,-0.01,480,6,116,277,0.2445,0.2133,STOP,PolygonStop,0.2842,-0.0256,0.2842,0.0,0.0
94.953,189.3,-3.4558,2.7805,-1.8124,-0.019,-0.01,480,6,116,277,0.2445,0.2133,STOP,PolygonStop,0.2842,-0.0256,0.2842,0.0,0.0
95.056,189.4,-3.4558,2.7805,-1.8124,-0.019,-0.01,480,6,116,277,0.2445,0.2133,STOP,PolygonStop,0.2842,-0.0256,0.2842,0.0,0.0
95.15,189.5,-3.4558,2.7805,-1.8124,-0.019,-0.01,480,6,116,277,0.2445,0.2133,STOP,PolygonStop,0.2842,-0.0256,0.2842,0.0,0.0
95.248,189.6,-3.4558,2.7805,-1.8124,-0.019,-0.01,480,6,116,277,0.2445,0.2133,STOP,PolygonStop,0.2842,-0.0256,0.2842,0.0,0.0
95.348,189.7,-3.4558,2.7805,-1.8124,-0.019,-0.01,480,6,116,277,0.2445,0.2133,STOP,PolygonStop,0.2842,-0.0256,0.2842,0.0,0.0
95.448,189.8,-3.4558,2.7805,-1.8124,-0.019,-0.01,480,6,116,277,0.2445,0.2133,STOP,PolygonStop,0.2842,-0.0256,0.2842,0.0,0.0
95.548,189.9,-3.4558,2.7805,-1.8124,-0.019,-0.01,480,6,116,277,0.2445,0.2133,STOP,PolygonStop,0.2842,-0.0256,0.2842,0.0,0.0
95.654,190.0,-3.4558,2.7805,-1.8124,-0.019,-0.01,480,6,116,277,0.2445,0.2133,STOP,PolygonStop,0.2842,-0.0256,0.2842,0.0,0.0
95.757,190.1,-3.4558,2.7805,-1.8124,-0.019,-0.01,480,6,116,277,0.2445,0.2133,STOP,PolygonStop,0.2842,-0.0256,0.2842,0.0,0.0
95.848,190.2,-3.4558,2.7805,-1.8124,-0.019,-0.01,480,6,116,277,0.2445,0.2133,STOP,PolygonStop,0.2842,-0.0256,0.2842,0.0,0.0
95.947,190.3,-3.4558,2.7805,-1.8124,-0.019,-0.01,480,6,116,277,0.2445,0.2133,STOP,PolygonStop,0.2842,-0.0256,0.2842,0.0,0.0
96.049,190.4,-3.4558,2.7805,-1.8124,-0.019,-0.01,480,6,116,277,0.2445,0.2133,STOP,PolygonStop,0.2842,-0.0256,0.2842,0.0,0.0
96.148,190.5,-3.4558,2.7805,-1.8124,-0.019,-0.01,480,6,116,277,0.2445,0.2133,STOP,PolygonStop,0.2842,-0.0256,0.2842,0.0,0.0
96.247,190.6,-3.4558,2.7805,-1.8124,-0.019,-0.01,480,6,116,277,0.2445,0.2133,STOP,PolygonStop,0.0,0.0,0.1592,0.0,0.0
96.348,190.7,-3.4558,2.7805,-1.8124,-0.019,-0.01,480,6,116,277,0.2445,0.2133,STOP,PolygonStop,0.0,0.0,0.0,0.0,0.0
96.448,190.8,-3.4558,2.7805,-1.8124,-0.019,-0.01,480,6,116,277,0.2445,0.2133,STOP,PolygonStop,0.2842,-0.0256,0.25,0.0,0.0
96.554,190.9,-3.4558,2.7805,-1.8124,-0.019,-0.01,480,6,116,277,0.2445,0.2133,STOP,PolygonStop,0.2842,-0.0256,0.2842,0.0,0.0
96.658,191.0,-3.4558,2.7805,-1.8124,-0.019,-0.01,480,6,116,277,0.2445,0.2133,STOP,PolygonStop,0.2842,-0.0256,0.2842,0.0,0.0
96.764,191.1,-3.4558,2.7805,-1.8124,-0.019,-0.01,480,6,116,277,0.2445,0.2133,STOP,PolygonStop,0.2842,-0.0256,0.2842,0.0,0.0
96.862,191.2,-3.4558,2.7805,-1.8124,-0.019,-0.01,480,6,116,277,0.2445,0.2133,STOP,PolygonStop,0.2842,-0.0256,0.2842,0.0,0.0
96.968,191.3,-3.4558,2.7805,-1.8124,-0.019,-0.01,480,6,116,277,0.2445,0.2133,STOP,PolygonStop,0.2842,-0.0256,0.2842,0.0,0.0
97.081,191.4,-3.4558,2.7805,-1.8124,-0.019,-0.01,480,6,116,277,0.2445,0.2133,STOP,PolygonStop,0.2842,-0.0256,0.2842,0.0,0.0
97.168,191.5,-3.4558,2.7805,-1.8124,-0.019,-0.01,480,6,116,277,0.2445,0.2133,STOP,PolygonStop,0.2842,-0.0256,0.2842,0.0,0.0
97.28,191.6,-3.4558,2.7805,-1.8124,-0.019,-0.01,480,6,116,277,0.2445,0.2133,STOP,PolygonStop,0.2842,-0.0256,0.2842,0.0,0.0
97.373,191.7,-3.4558,2.7805,-1.8124,-0.019,-0.01,480,6,116,277,0.2445,0.2133,STOP,PolygonStop,0.2842,-0.0256,0.2842,0.0,0.0
97.478,191.8,-3.4558,2.7805,-1.8124,-0.019,-0.01,480,6,116,277,0.2445,0.2133,STOP,PolygonStop,0.2842,-0.0256,0.2842,0.0,0.0
97.577,191.9,-3.4558,2.7805,-1.8124,-0.019,-0.01,480,6,116,277,0.2445,0.2133,STOP,PolygonStop,0.2842,-0.0256,0.2842,0.0,0.0
97.685,192.0,-3.4558,2.7805,-1.8124,-0.019,-0.01,480,6,116,277,0.2445,0.2133,STOP,PolygonStop,0.2842,-0.0256,0.2842,0.0,0.0
97.784,192.1,-3.4558,2.7805,-1.8124,-0.019,-0.01,480,6,116,277,0.2445,0.2133,STOP,PolygonStop,0.2842,-0.0256,0.2842,0.0,0.0
97.902,192.2,-3.4558,2.7805,-1.8124,-0.019,-0.01,480,6,116,277,0.2445,0.2133,STOP,PolygonStop,0.2842,-0.0256,0.2842,0.0,0.0
97.999,192.3,-3.4558,2.7805,-1.8124,-0.019,-0.01,480,6,116,277,0.2445,0.2133,STOP,PolygonStop,0.2842,-0.0256,0.2842,0.0,0.0
98.112,192.4,-3.4558,2.7805,-1.8124,-0.019,-0.01,480,6,116,277,0.2445,0.2133,STOP,PolygonStop,0.2842,-0.0256,0.2842,0.0,0.0
98.202,192.5,-3.4558,2.7805,-1.8124,-0.019,-0.01,480,6,116,277,0.2445,0.2133,STOP,PolygonStop,0.2842,-0.0256,0.2842,0.0,0.0
98.305,192.6,-3.4558,2.7805,-1.8124,-0.019,-0.01,480,6,116,277,0.2445,0.2133,STOP,PolygonStop,0.2842,-0.0256,0.2842,0.0,0.0
98.402,192.7,-3.4558,2.7805,-1.8124,-0.019,-0.01,480,6,116,277,0.2445,0.2133,STOP,PolygonStop,0.2842,-0.0256,0.2842,0.0,0.0
98.505,192.8,-3.4558,2.7805,-1.8124,-0.019,-0.01,480,6,116,277,0.2445,0.2133,STOP,PolygonStop,0.2842,-0.0256,0.2842,0.0,0.0
98.602,192.9,-3.4558,2.7805,-1.8124,-0.019,-0.01,480,6,116,277,0.2445,0.2133,STOP,PolygonStop,0.2842,-0.0256,0.2842,0.0,0.0
98.705,193.0,-3.4558,2.7805,-1.8124,-0.019,-0.01,480,6,116,277,0.2445,0.2133,STOP,PolygonStop,0.2842,-0.0256,0.2842,0.0,0.0
98.804,193.1,-3.4558,2.7805,-1.8124,-0.019,-0.01,480,6,116,277,0.2445,0.2133,STOP,PolygonStop,0.2842,-0.0256,0.2842,0.0,0.0
98.908,193.2,-3.4558,2.7805,-1.8124,-0.019,-0.01,480,6,116,277,0.2445,0.2133,STOP,PolygonStop,0.2842,-0.0256,0.2842,0.0,0.0
99.016,193.3,-3.4558,2.7805,-1.8124,-0.019,-0.01,480,6,116,277,0.2445,0.2133,STOP,PolygonStop,0.2842,-0.0256,0.2842,0.0,0.0
99.118,193.4,-3.4558,2.7805,-1.8124,-0.019,-0.01,480,6,116,277,0.2445,0.2133,STOP,PolygonStop,0.2842,-0.0256,0.2842,0.0,0.0
99.211,193.5,-3.4558,2.7805,-1.8124,-0.019,-0.01,480,6,116,277,0.2445,0.2133,STOP,PolygonStop,0.2842,-0.0256,0.2842,0.0,0.0
99.312,193.6,-3.4558,2.7805,-1.8124,-0.019,-0.01,480,6,116,277,0.2445,0.2133,STOP,PolygonStop,0.2842,-0.0256,0.2842,0.0,0.0
99.419,193.7,-3.4558,2.7805,-1.8124,-0.019,-0.01,480,6,116,277,0.2445,0.2133,STOP,PolygonStop,0.2842,-0.0256,0.2842,0.0,0.0
99.517,193.8,-3.4558,2.7805,-1.8124,-0.019,-0.01,480,6,116,277,0.2445,0.2133,STOP,PolygonStop,0.2842,-0.0256,0.2842,0.0,0.0
99.617,193.9,-3.4558,2.7805,-1.8124,-0.019,-0.01,480,6,116,277,0.2445,0.2133,STOP,PolygonStop,0.2842,-0.0256,0.2842,0.0,0.0
99.717,194.0,-3.4558,2.7805,-1.8124,-0.019,-0.01,480,6,116,277,0.2445,0.2133,STOP,PolygonStop,0.2842,-0.0256,0.2842,0.0,0.0
99.817,194.1,-3.4558,2.7805,-1.8124,-0.019,-0.01,480,6,116,277,0.2445,0.2133,STOP,PolygonStop,0.2842,-0.0256,0.2842,0.0,0.0
99.916,194.2,-3.4558,2.7805,-1.8124,-0.019,-0.01,480,6,116,277,0.2445,0.2133,STOP,PolygonStop,0.2842,-0.0256,0.2842,0.0,0.0
100.028,194.3,-3.4558,2.7805,-1.8124,-0.019,-0.01,480,6,116,277,0.2445,0.2133,STOP,PolygonStop,0.2842,-0.0256,0.2842,0.0,0.0
100.131,194.4,-3.4558,2.7805,-1.8124,-0.019,-0.01,480,6,116,277,0.2445,0.2133,STOP,PolygonStop,0.2842,-0.0256,0.2842,0.0,0.0
100.232,194.5,-3.4558,2.7805,-1.8124,-0.019,-0.01,480,6,116,277,0.2445,0.2133,STOP,PolygonStop,0.2842,-0.0256,0.2842,0.0,0.0
100.355,194.6,-3.4558,2.7805,-1.8124,-0.019,-0.01,480,6,116,277,0.2445,0.2133,STOP,PolygonStop,0.2842,-0.0256,0.2842,0.0,0.0
100.47,194.7,-3.4558,2.7805,-1.8124,-0.019,-0.01,480,6,116,277,0.2445,0.2133,STOP,PolygonStop,0.2842,-0.0256,0.2842,0.0,0.0
100.548,194.8,-3.4558,2.7805,-1.8124,-0.019,-0.01,480,6,116,277,0.2445,0.2133,STOP,PolygonStop,0.2842,-0.0256,0.2842,0.0,0.0
100.658,194.9,-3.4558,2.7805,-1.8124,-0.019,-0.01,480,6,116,277,0.2445,0.2133,STOP,PolygonStop,0.2842,-0.0256,0.2842,0.0,0.0
100.749,195.0,-3.4558,2.7805,-1.8124,-0.019,-0.01,480,6,116,277,0.2445,0.2133,STOP,PolygonStop,0.2842,-0.0256,0.2842,0.0,0.0
100.861,195.1,-3.4558,2.7805,-1.8124,-0.019,-0.01,480,6,116,277,0.2445,0.2133,STOP,PolygonStop,0.2842,-0.0256,0.2842,0.0,0.0
100.958,195.2,-3.4558,2.7805,-1.8124,-0.019,-0.01,480,6,116,277,0.2445,0.2133,STOP,PolygonStop,0.2842,-0.0256,0.2842,0.0,0.0
101.067,195.3,-3.4558,2.7805,-1.8124,-0.019,-0.01,480,6,116,277,0.2445,0.2133,STOP,PolygonStop,0.2842,-0.0256,0.2842,0.0,0.0
101.164,195.4,-3.4558,2.7805,-1.8124,-0.019,-0.01,480,6,116,277,0.2445,0.2133,STOP,PolygonStop,0.2842,-0.0256,0.2842,0.0,0.0
101.285,195.5,-3.4558,2.7805,-1.8124,-0.019,-0.01,480,6,116,277,0.2445,0.2133,STOP,PolygonStop,0.2842,-0.0256,0.2842,0.0,0.0
101.378,195.6,-3.4558,2.7805,-1.8124,-0.019,-0.01,480,6,116,277,0.2445,0.2133,STOP,PolygonStop,0.2842,-0.0256,0.2842,0.0,0.0
101.488,195.7,-3.4558,2.7805,-1.8124,-0.019,-0.01,480,6,116,277,0.2445,0.2133,STOP,PolygonStop,0.2842,-0.0256,0.2842,0.0,0.0
101.595,195.8,-3.4558,2.7805,-1.8124,-0.019,-0.01,480,6,116,277,0.2445,0.2133,STOP,PolygonStop,0.2842,-0.0256,0.2842,0.0,0.0
101.704,195.9,-3.4558,2.7805,-1.8124,-0.019,-0.01,480,6,116,277,0.2445,0.2133,STOP,PolygonStop,0.2842,-0.0256,0.2842,0.0,0.0
101.8,196.0,-3.4558,2.7805,-1.8124,-0.019,-0.01,480,6,116,277,0.2445,0.2133,STOP,PolygonStop,0.2842,-0.0256,0.2842,0.0,0.0
101.897,196.1,-3.4558,2.7805,-1.8124,-0.019,-0.01,480,6,116,277,0.2445,0.2133,STOP,PolygonStop,0.2842,-0.0256,0.2842,0.0,0.0
101.995,196.2,-3.4558,2.7805,-1.8124,-0.019,-0.01,480,6,116,277,0.2445,0.2133,STOP,PolygonStop,0.2842,-0.0256,0.2842,0.0,0.0
102.097,196.3,-3.4558,2.7805,-1.8124,-0.019,-0.01,480,6,116,277,0.2445,0.2133,STOP,PolygonStop,0.2842,-0.0256,0.2842,0.0,0.0
102.197,196.4,-3.4558,2.7805,-1.8124,-0.019,-0.01,480,6,116,277,0.2445,0.2133,STOP,PolygonStop,0.2842,-0.0256,0.2842,0.0,0.0
102.301,196.5,-3.4558,2.7805,-1.8124,-0.019,-0.01,480,6,116,277,0.2445,0.2133,STOP,PolygonStop,0.2842,-0.0256,0.2842,0.0,0.0
102.398,196.6,-3.4558,2.7805,-1.8124,-0.019,-0.01,480,6,116,277,0.2445,0.2133,STOP,PolygonStop,0.2842,-0.0256,0.2842,0.0,0.0
102.503,196.7,-3.4558,2.7805,-1.8124,-0.019,-0.01,480,6,116,277,0.2445,0.2133,STOP,PolygonStop,0.2842,-0.0256,0.2842,0.0,0.0
102.599,196.8,-3.4558,2.7805,-1.8124,-0.019,-0.01,480,6,116,277,0.2445,0.2133,STOP,PolygonStop,0.2842,-0.0256,0.2842,0.0,0.0
102.7,196.9,-3.4558,2.7805,-1.8124,-0.019,-0.01,480,6,116,277,0.2445,0.2133,STOP,PolygonStop,0.2842,-0.0256,0.2842,0.0,0.0
102.812,197.0,-3.4558,2.7805,-1.8124,-0.019,-0.01,480,6,116,277,0.2445,0.2133,STOP,PolygonStop,0.2842,-0.0256,0.2842,0.0,0.0
102.908,197.1,-3.4558,2.7805,-1.8124,-0.019,-0.01,480,6,116,277,0.2445,0.2133,STOP,PolygonStop,0.2842,-0.0256,0.2842,0.0,0.0
103.01,197.2,-3.4558,2.7805,-1.8124,-0.019,-0.01,480,6,116,277,0.2445,0.2133,STOP,PolygonStop,0.2842,-0.0256,0.2842,0.0,0.0
103.112,197.3,-3.4558,2.7805,-1.8124,-0.019,-0.01,480,6,116,277,0.2445,0.2133,STOP,PolygonStop,0.2842,-0.0256,0.2842,0.0,0.0
103.212,197.4,-3.4558,2.7805,-1.8124,-0.019,-0.01,480,6,116,277,0.2445,0.2133,STOP,PolygonStop,0.2842,-0.0256,0.2842,0.0,0.0
103.313,197.5,-3.4558,2.7805,-1.8124,-0.019,-0.01,480,6,116,277,0.2445,0.2133,STOP,PolygonStop,0.2842,-0.0256,0.2842,0.0,0.0
103.413,197.6,-3.4558,2.7805,-1.8124,-0.019,-0.01,480,6,116,277,0.2445,0.2133,STOP,PolygonStop,0.2842,-0.0256,0.2842,0.0,0.0
103.515,197.7,-3.4558,2.7805,-1.8124,-0.019,-0.01,480,6,116,277,0.2445,0.2133,STOP,PolygonStop,0.2842,-0.0256,0.2842,0.0,0.0
103.619,197.8,-3.4558,2.7805,-1.8124,-0.019,-0.01,480,6,116,277,0.2445,0.2133,STOP,PolygonStop,0.2842,-0.0256,0.2842,0.0,0.0
103.724,197.9,-3.4558,2.7805,-1.8124,-0.019,-0.01,480,6,116,277,0.2445,0.2133,STOP,PolygonStop,0.2842,-0.0256,0.2842,0.0,0.0
103.845,198.0,-3.4558,2.7805,-1.8124,-0.019,-0.01,480,6,116,277,0.2445,0.2133,STOP,PolygonStop,0.2842,-0.0256,0.2842,0.0,0.0
103.931,198.1,-3.4558,2.7805,-1.8124,-0.019,-0.01,480,6,116,277,0.2445,0.2133,STOP,PolygonStop,0.2842,-0.0256,0.2842,0.0,0.0
104.037,198.2,-3.4558,2.7805,-1.8124,-0.019,-0.01,480,6,116,277,0.2445,0.2133,STOP,PolygonStop,0.2842,-0.0256,0.2842,0.0,0.0
104.125,198.3,-3.4558,2.7805,-1.8124,-0.019,-0.01,480,6,116,277,0.2445,0.2133,STOP,PolygonStop,0.2842,-0.0256,0.2842,0.0,0.0
104.234,198.4,-3.4558,2.7805,-1.8124,-0.019,-0.01,480,6,116,277,0.2445,0.2133,STOP,PolygonStop,0.2842,-0.0256,0.2842,0.0,0.0
104.334,198.5,-3.4558,2.7805,-1.8124,-0.019,-0.01,480,6,116,277,0.2445,0.2133,STOP,PolygonStop,0.2842,-0.0256,0.2842,0.0,0.0
104.441,198.6,-3.4558,2.7805,-1.8124,-0.019,-0.01,480,6,116,277,0.2445,0.2133,STOP,PolygonStop,0.2842,-0.0256,0.2842,0.0,0.0
104.539,198.7,-3.4558,2.7805,-1.8124,-0.019,-0.01,480,6,116,277,0.2445,0.2133,STOP,PolygonStop,0.2842,-0.0256,0.2842,0.0,0.0
104.645,198.8,-3.4558,2.7805,-1.8124,-0.019,-0.01,480,6,116,277,0.2445,0.2133,STOP,PolygonStop,0.2842,-0.0256,0.2842,0.0,0.0
104.742,198.9,-3.4558,2.7805,-1.8124,-0.019,-0.01,480,6,116,277,0.2445,0.2133,STOP,PolygonStop,0.2842,-0.0256,0.2842,0.0,0.0
104.861,199.0,-3.4558,2.7805,-1.8124,-0.019,-0.01,480,6,116,277,0.2445,0.2133,STOP,PolygonStop,0.2842,-0.0256,0.2842,0.0,0.0
104.955,199.1,-3.4558,2.7805,-1.8124,-0.019,-0.01,480,6,116,277,0.2445,0.2133,STOP,PolygonStop,0.2842,-0.0256,0.2842,0.0,0.0
105.057,199.2,-3.4558,2.7805,-1.8124,-0.019,-0.01,480,6,116,277,0.2445,0.2133,STOP,PolygonStop,0.2842,-0.0256,0.2842,0.0,0.0
105.161,199.3,-3.4558,2.7805,-1.8124,-0.019,-0.01,480,6,116,277,0.2445,0.2133,STOP,PolygonStop,0.2842,-0.0256,0.2842,0.0,0.0
105.255,199.4,-3.4558,2.7805,-1.8124,-0.019,-0.01,480,6,116,277,0.2445,0.2133,STOP,PolygonStop,0.2842,-0.0256,0.2842,0.0,0.0
105.355,199.5,-3.4558,2.7805,-1.8124,-0.019,-0.01,480,6,116,277,0.2445,0.2133,STOP,PolygonStop,0.2842,-0.0256,0.2842,0.0,0.0
105.456,199.6,-3.4558,2.7805,-1.8124,-0.019,-0.01,480,6,116,277,0.2445,0.2133,STOP,PolygonStop,0.2842,-0.0256,0.2842,0.0,0.0
105.555,199.7,-3.4558,2.7805,-1.8124,-0.019,-0.01,480,6,116,277,0.2445,0.2133,STOP,PolygonStop,0.2842,-0.0256,0.2842,0.0,0.0
105.655,199.8,-3.4558,2.7805,-1.8124,-0.019,-0.01,480,6,116,277,0.2445,0.2133,STOP,PolygonStop,0.2842,-0.0256,0.2842,0.0,0.0
105.756,199.9,-3.4558,2.7805,-1.8124,-0.019,-0.01,480,6,116,277,0.2445,0.2133,STOP,PolygonStop,0.2842,-0.0256,0.2842,0.0,0.0
105.862,200.0,-3.4558,2.7805,-1.8124,-0.019,-0.01,480,6,116,277,0.2445,0.2133,STOP,PolygonStop,0.2842,-0.0256,0.2842,0.0,0.0
105.958,200.1,-3.4558,2.7805,-1.8124,-0.019,-0.01,480,6,116,277,0.2445,0.2133,STOP,PolygonStop,0.2842,-0.0256,0.2842,0.0,0.0
106.054,200.2,-3.4558,2.7805,-1.8124,-0.019,-0.01,480,6,116,277,0.2445,0.2133,STOP,PolygonStop,0.2842,-0.0256,0.2842,0.0,0.0
106.156,200.3,-3.4558,2.7805,-1.8124,-0.019,-0.01,480,6,116,277,0.2445,0.2133,STOP,PolygonStop,0.2842,-0.0256,0.2842,0.0,0.0
106.269,200.4,-3.4558,2.7805,-1.8124,-0.019,-0.01,480,6,116,277,0.2445,0.2133,STOP,PolygonStop,0.2842,-0.0256,0.2842,0.0,0.0
106.355,200.5,-3.4558,2.7805,-1.8124,-0.019,-0.01,480,6,116,277,0.2445,0.2133,STOP,PolygonStop,0.2842,-0.0256,0.2842,0.0,0.0
106.455,200.6,-3.4558,2.7805,-1.8124,-0.019,-0.01,480,6,116,277,0.2445,0.2133,STOP,PolygonStop,0.2842,-0.0256,0.2842,0.0,0.0
106.557,200.7,-3.4558,2.7805,-1.8124,-0.019,-0.01,480,6,116,277,0.2445,0.2133,STOP,PolygonStop,0.2842,-0.0256,0.2842,0.0,0.0
106.659,200.8,-3.4558,2.7805,-1.8124,-0.019,-0.01,480,6,116,277,0.2445,0.2133,STOP,PolygonStop,0.0,0.0,0.2842,0.0,0.0
106.758,200.9,-3.4558,2.7805,-1.8124,-0.019,-0.01,480,6,116,277,0.2445,0.2133,STOP,PolygonStop,0.0,1.0,0.0342,0.0,0.0
106.864,201.0,-3.4558,2.7805,-1.8124,-0.019,-0.01,480,6,116,277,0.2445,0.2133,STOP,PolygonStop,0.0,1.0,0.0,0.0,0.0
106.962,201.1,-3.4558,2.7805,-1.8124,-0.019,-0.01,480,6,116,277,0.2445,0.2133,STOP,PolygonStop,0.0,1.0,0.0,0.0,0.0
107.069,201.2,-3.4558,2.7805,-1.8124,-0.019,-0.01,480,6,116,277,0.2445,0.2133,STOP,PolygonStop,0.0,1.0,0.0,0.0,0.0
107.183,201.3,-3.4558,2.7805,-1.8124,-0.019,-0.01,480,6,116,277,0.2445,0.2133,STOP,PolygonStop,0.0,1.0,0.0,0.0,0.0
107.271,201.4,-3.4558,2.7805,-1.8124,-0.019,-0.01,480,6,116,277,0.2445,0.2133,STOP,PolygonStop,0.0,1.0,0.0,0.0,0.0
107.38,201.5,-3.4558,2.7805,-1.8124,-0.019,-0.01,480,6,116,277,0.2445,0.2133,STOP,PolygonStop,0.0,1.0,0.0,0.0,0.0
107.468,201.6,-3.4558,2.7805,-1.8124,-0.019,-0.01,480,6,116,277,0.2445,0.2133,STOP,PolygonStop,0.0,1.0,0.0,0.0,0.0
107.581,201.7,-3.4558,2.7805,-1.8124,-0.019,-0.01,480,6,116,277,0.2445,0.2133,STOP,PolygonStop,0.0,1.0,0.0,0.0,0.0
107.679,201.8,-3.4558,2.7805,-1.8124,-0.019,-0.01,480,6,116,277,0.2445,0.2133,STOP,PolygonStop,0.0,1.0,0.0,0.0,0.0
107.801,201.9,-3.4558,2.7805,-1.8124,-0.019,-0.01,480,6,116,277,0.2445,0.2133,STOP,PolygonStop,0.0,1.0,0.0,0.0,0.0
107.916,202.0,-3.4558,2.7805,-1.8124,-0.019,-0.01,480,6,116,277,0.2445,0.2133,STOP,PolygonStop,0.0,1.0,0.0,0.0,0.0
108.064,202.1,-3.4558,2.7805,-1.8124,-0.019,-0.01,480,6,116,277,0.2445,0.2133,STOP,PolygonStop,0.0,1.0,0.0,0.0,0.0
108.127,202.2,-3.4558,2.7805,-1.8124,-0.019,-0.01,480,6,116,277,0.2445,0.2133,STOP,PolygonStop,0.0,1.0,0.0,0.0,0.0
108.236,202.3,-3.4558,2.7805,-1.8124,-0.019,-0.01,480,6,116,277,0.2445,0.2133,STOP,PolygonStop,0.0,1.0,0.0,0.0,0.0
108.337,202.4,-3.4558,2.7805,-1.8124,-0.019,-0.01,480,6,116,277,0.2445,0.2133,STOP,PolygonStop,0.0,1.0,0.0,0.0,0.0
108.435,202.5,-3.4558,2.7805,-1.8124,-0.019,-0.01,480,6,116,277,0.2445,0.2133,STOP,PolygonStop,0.0,1.0,0.0,0.0,0.0
108.539,202.6,-3.4558,2.7805,-1.8124,-0.019,-0.01,480,6,116,277,0.2445,0.2133,STOP,PolygonStop,0.0,1.0,0.0,0.0,0.0
108.632,202.7,-3.4558,2.7805,-1.8124,-0.019,-0.01,480,6,116,277,0.2445,0.2133,STOP,PolygonStop,0.0,1.0,0.0,0.0,0.0
108.734,202.8,-3.4558,2.7805,-1.8124,-0.019,-0.01,480,6,116,277,0.2445,0.2133,STOP,PolygonStop,0.0,1.0,0.0,0.0,0.0
108.838,202.9,-3.4558,2.7805,-1.8124,-0.019,-0.01,480,6,116,277,0.2445,0.2133,STOP,PolygonStop,0.0,1.0,0.0,0.0,0.0
108.938,203.0,-3.4558,2.7805,-1.8124,-0.019,-0.01,480,6,116,277,0.2445,0.2133,STOP,PolygonStop,0.0,1.0,0.0,0.0,0.0
109.032,203.1,-3.4558,2.7805,-1.8124,-0.019,-0.01,480,6,116,277,0.2445,0.2133,STOP,PolygonStop,0.0,1.0,0.0,0.0,0.0
109.135,203.2,-3.4558,2.7805,-1.8124,-0.019,-0.01,480,6,116,277,0.2445,0.2133,STOP,PolygonStop,0.0,1.0,0.0,0.0,0.0
109.241,203.3,-3.4558,2.7805,-1.8124,-0.019,-0.01,480,6,116,277,0.2445,0.2133,STOP,PolygonStop,0.0,1.0,0.0,0.0,0.0
109.336,203.4,-3.4558,2.7805,-1.8124,-0.019,-0.01,480,6,116,277,0.2445,0.2133,STOP,PolygonStop,0.0,1.0,0.0,0.0,0.0
109.437,203.5,-3.4558,2.7805,-1.8124,-0.019,-0.01,480,6,116,277,0.2445,0.2133,STOP,PolygonStop,0.0,1.0,0.0,0.0,0.0
109.535,203.6,-3.4558,2.7805,-1.8124,-0.019,-0.01,480,6,116,277,0.2445,0.2133,STOP,PolygonStop,0.0,1.0,0.0,0.0,0.0
109.636,203.7,-3.4558,2.7805,-1.8124,-0.019,-0.01,480,6,116,277,0.2445,0.2133,STOP,PolygonStop,0.0,1.0,0.0,0.0,0.0
109.733,203.8,-3.4558,2.7805,-1.8124,-0.019,-0.01,480,6,116,277,0.2445,0.2133,STOP,PolygonStop,0.0,1.0,0.0,0.0,0.0
109.84,203.9,-3.4558,2.7805,-1.8124,-0.019,-0.01,480,6,116,277,0.2445,0.2133,STOP,PolygonStop,0.0,1.0,0.0,0.0,0.0
109.937,204.0,-3.4558,2.7805,-1.8124,-0.019,-0.01,480,6,116,277,0.2445,0.2133,STOP,PolygonStop,0.0,1.0,0.0,0.0,0.0
110.037,204.1,-3.4558,2.7805,-1.8124,-0.019,-0.01,480,6,116,277,0.2445,0.2133,STOP,PolygonStop,0.0,1.0,0.0,0.0,0.0
110.139,204.2,-3.4558,2.7805,-1.8124,-0.019,-0.01,480,6,116,277,0.2445,0.2133,STOP,PolygonStop,0.0,1.0,0.0,0.0,0.0
110.237,204.3,-3.4558,2.7805,-1.8124,-0.019,-0.01,480,6,116,277,0.2445,0.2133,STOP,PolygonStop,0.0,1.0,0.0,0.0,0.0
110.339,204.4,-3.4558,2.7805,-1.8124,-0.019,-0.01,480,6,116,277,0.2445,0.2133,STOP,PolygonStop,0.0,1.0,0.0,0.0,0.0
110.448,204.5,-3.4558,2.7805,-1.8124,-0.019,-0.01,480,6,116,277,0.2445,0.2133,STOP,PolygonStop,0.0,1.0,0.0,0.0,0.0
110.558,204.6,-3.4558,2.7805,-1.8124,-0.019,-0.01,480,6,116,277,0.2445,0.2133,STOP,PolygonStop,0.0,1.0,0.0,0.0,0.0
110.642,204.7,-3.4558,2.7805,-1.8124,-0.019,-0.01,480,6,116,277,0.2445,0.2133,STOP,PolygonStop,0.0,1.0,0.0,0.0,0.0
110.751,204.8,-3.4558,2.7805,-1.8124,-0.019,-0.01,480,6,116,277,0.2445,0.2133,STOP,PolygonStop,0.0,1.0,0.0,0.0,0.0
110.842,204.9,-3.4558,2.7805,-1.8124,-0.019,-0.01,480,6,116,277,0.2445,0.2133,STOP,PolygonStop,0.0,1.0,0.0,0.0,0.0
110.945,205.0,-3.4558,2.7805,-1.8124,-0.019,-0.01,480,6,116,277,0.2445,0.2133,STOP,PolygonStop,0.0,1.0,0.0,0.0,0.0
111.043,205.1,-3.4558,2.7805,-1.8124,-0.019,-0.01,480,6,116,277,0.2445,0.2133,STOP,PolygonStop,0.0,1.0,0.0,0.0,0.0
111.148,205.2,-3.4558,2.7805,-1.8124,-0.019,-0.01,480,6,116,277,0.2445,0.2133,STOP,PolygonStop,0.0,1.0,0.0,0.0,0.0
111.244,205.3,-3.4558,2.7805,-1.8124,-0.019,-0.01,480,6,116,277,0.2445,0.2133,STOP,PolygonStop,0.0,1.0,0.0,0.0,0.0
111.349,205.4,-3.4558,2.7805,-1.8124,-0.019,-0.01,480,6,116,277,0.2445,0.2133,STOP,PolygonStop,0.0,1.0,0.0,0.0,0.0
111.451,205.5,-3.4558,2.7805,-1.8124,-0.019,-0.01,480,6,116,277,0.2445,0.2133,STOP,PolygonStop,0.0,1.0,0.0,0.0,0.0
111.557,205.6,-3.4558,2.7805,-1.8124,-0.019,-0.01,480,6,116,277,0.2445,0.2133,STOP,PolygonStop,0.0,1.0,0.0,0.0,0.0
111.644,205.7,-3.4558,2.7805,-1.8124,-0.019,-0.01,480,6,116,277,0.2445,0.2133,STOP,PolygonStop,0.0,1.0,0.0,0.0,0.0
111.745,205.8,-3.4558,2.7805,-1.8124,-0.019,-0.01,480,6,116,277,0.2445,0.2133,STOP,PolygonStop,0.0,1.0,0.0,0.0,0.0
111.845,205.9,-3.4558,2.7805,-1.8124,-0.019,-0.01,480,6,116,277,0.2445,0.2133,STOP,PolygonStop,0.0,1.0,0.0,0.0,0.0
111.958,206.0,-3.4558,2.7805,-1.8124,-0.019,-0.01,480,6,116,277,0.2445,0.2133,STOP,PolygonStop,0.0,1.0,0.0,0.0,0.0
112.051,206.1,-3.4558,2.7805,-1.8124,-0.019,-0.01,480,6,116,277,0.2445,0.2133,STOP,PolygonStop,0.0,1.0,0.0,0.0,0.0
112.152,206.2,-3.4558,2.7805,-1.8124,-0.019,-0.01,480,6,116,277,0.2445,0.2133,STOP,PolygonStop,0.0,1.0,0.0,0.0,0.0
112.252,206.3,-3.4558,2.7805,-1.8124,-0.019,-0.01,480,6,116,277,0.2445,0.2133,STOP,PolygonStop,0.0,1.0,0.0,0.0,0.0
112.35,206.4,-3.4558,2.7805,-1.8124,-0.019,-0.01,480,6,116,277,0.2445,0.2133,STOP,PolygonStop,0.0,1.0,0.0,0.0,0.0
112.452,206.5,-3.4558,2.7805,-1.8124,-0.019,-0.01,480,6,116,277,0.2445,0.2133,STOP,PolygonStop,0.0,1.0,0.0,0.0,0.0
112.553,206.6,-3.4558,2.7805,-1.8124,-0.019,-0.01,480,6,116,277,0.2445,0.2133,STOP,PolygonStop,0.0,1.0,0.0,0.0,0.0
112.65,206.7,-3.4558,2.7805,-1.8124,-0.019,-0.01,480,6,116,277,0.2445,0.2133,STOP,PolygonStop,0.0,1.0,0.0,0.0,0.0
112.763,206.8,-3.4558,2.7805,-1.8124,-0.019,-0.01,480,6,116,277,0.2445,0.2133,STOP,PolygonStop,0.0,1.0,0.0,0.0,0.0
112.858,206.9,-3.4558,2.7805,-1.8124,-0.019,-0.01,480,6,116,277,0.2445,0.2133,STOP,PolygonStop,0.0,1.0,0.0,0.0,0.0
112.955,207.0,-3.4558,2.7805,-1.8124,-0.019,-0.01,480,6,116,277,0.2445,0.2133,STOP,PolygonStop,0.0,1.0,0.0,0.0,0.0
113.056,207.1,-3.4558,2.7805,-1.8124,-0.019,-0.01,480,6,116,277,0.2445,0.2133,STOP,PolygonStop,0.0,1.0,0.0,0.0,0.0
113.156,207.2,-3.4558,2.7805,-1.8124,-0.019,-0.01,480,6,116,277,0.2445,0.2133,STOP,PolygonStop,0.0,1.0,0.0,0.0,0.0
113.259,207.3,-3.4558,2.7805,-1.8124,-0.019,-0.01,480,6,116,277,0.2445,0.2133,STOP,PolygonStop,0.0,1.0,0.0,0.0,0.0
113.358,207.4,-3.4558,2.7805,-1.8124,-0.019,-0.01,480,6,116,277,0.2445,0.2133,STOP,PolygonStop,0.0,1.0,0.0,0.0,0.0
113.463,207.5,-3.4558,2.7805,-1.8124,-0.019,-0.01,480,6,116,277,0.2445,0.2133,STOP,PolygonStop,0.0,1.0,0.0,0.0,0.0
113.566,207.6,-3.4558,2.7805,-1.8124,-0.019,-0.01,480,6,116,277,0.2445,0.2133,STOP,PolygonStop,0.0,1.0,0.0,0.0,0.0
113.67,207.7,-3.4558,2.7805,-1.8124,-0.019,-0.01,480,6,116,277,0.2445,0.2133,STOP,PolygonStop,0.0,1.0,0.0,0.0,0.0
113.773,207.8,-3.4558,2.7805,-1.8124,-0.019,-0.01,480,6,116,277,0.2445,0.2133,STOP,PolygonStop,0.0,1.0,0.0,0.0,0.0
113.881,207.9,-3.4558,2.7805,-1.8124,-0.019,-0.01,480,6,116,277,0.2445,0.2133,STOP,PolygonStop,0.0,1.0,0.0,0.0,0.0
113.972,208.0,-3.4558,2.7805,-1.8124,-0.019,-0.01,480,6,116,277,0.2445,0.2133,STOP,PolygonStop,0.0,1.0,0.0,0.0,0.0
114.08,208.1,-3.4558,2.7805,-1.8124,-0.019,-0.01,480,6,116,277,0.2445,0.2133,STOP,PolygonStop,0.0,1.0,0.0,0.0,0.0
114.17,208.2,-3.4558,2.7805,-1.8124,-0.019,-0.01,480,6,116,277,0.2445,0.2133,STOP,PolygonStop,0.0,1.0,0.0,0.0,0.0
114.278,208.3,-3.4558,2.7805,-1.8124,-0.019,-0.01,480,6,116,277,0.2445,0.2133,STOP,PolygonStop,0.0,1.0,0.0,0.0,0.0
114.377,208.4,-3.4558,2.7805,-1.8124,-0.019,-0.01,480,6,116,277,0.2445,0.2133,STOP,PolygonStop,0.0,1.0,0.0,0.0,0.0
114.484,208.5,-3.4558,2.7805,-1.8124,-0.019,-0.01,480,6,116,277,0.2445,0.2133,STOP,PolygonStop,0.0,1.0,0.0,0.0,0.0
114.582,208.6,-3.4558,2.7805,-1.8124,-0.019,-0.01,480,6,116,277,0.2445,0.2133,STOP,PolygonStop,0.0,1.0,0.0,0.0,0.0
114.685,208.7,-3.4558,2.7805,-1.8124,-0.019,-0.01,480,6,116,277,0.2445,0.2133,STOP,PolygonStop,0.0,1.0,0.0,0.0,0.0
114.781,208.8,-3.4558,2.7805,-1.8124,-0.019,-0.01,480,6,116,277,0.2445,0.2133,STOP,PolygonStop,0.0,1.0,0.0,0.0,0.0
114.882,208.9,-3.4558,2.7805,-1.8124,-0.019,-0.01,480,6,116,277,0.2445,0.2133,STOP,PolygonStop,0.0,1.0,0.0,0.0,0.0
114.979,209.0,-3.4558,2.7805,-1.8124,-0.019,-0.01,480,6,116,277,0.2445,0.2133,STOP,PolygonStop,0.0,1.0,0.0,0.0,0.0
115.083,209.1,-3.4558,2.7805,-1.8124,-0.019,-0.01,480,6,116,277,0.2445,0.2133,STOP,PolygonStop,0.0,1.0,0.0,0.0,0.0
115.18,209.2,-3.4558,2.7805,-1.8124,-0.019,-0.01,480,6,116,277,0.2445,0.2133,STOP,PolygonStop,0.0,1.0,0.0,0.0,0.0
115.283,209.3,-3.4558,2.7805,-1.8124,-0.019,-0.01,480,6,116,277,0.2445,0.2133,STOP,PolygonStop,0.0,1.0,0.0,0.0,0.0
115.384,209.4,-3.4558,2.7805,-1.8124,-0.019,-0.01,480,6,116,277,0.2445,0.2133,STOP,PolygonStop,0.0,1.0,0.0,0.0,0.0
115.487,209.5,-3.4558,2.7805,-1.8124,-0.019,-0.01,480,6,116,277,0.2445,0.2133,STOP,PolygonStop,0.0,1.0,0.0,0.0,0.0
115.585,209.6,-3.4558,2.7805,-1.8124,-0.019,-0.01,480,6,116,277,0.2445,0.2133,STOP,PolygonStop,0.0,1.0,0.0,0.0,0.0
115.684,209.7,-3.4558,2.7805,-1.8124,-0.019,-0.01,480,6,116,277,0.2445,0.2133,STOP,PolygonStop,0.0,1.0,0.0,0.0,0.0
115.783,209.8,-3.4558,2.7805,-1.8124,-0.019,-0.01,480,6,116,277,0.2445,0.2133,STOP,PolygonStop,0.0,1.0,0.0,0.0,0.0
115.885,209.9,-3.4558,2.7805,-1.8124,-0.019,-0.01,480,6,116,277,0.2445,0.2133,STOP,PolygonStop,0.0,1.0,0.0,0.0,0.0
115.984,210.0,-3.4558,2.7805,-1.8124,-0.019,-0.01,480,6,116,277,0.2445,0.2133,STOP,PolygonStop,0.0,1.0,0.0,0.0,0.0
116.085,210.1,-3.4558,2.7805,-1.8124,-0.019,-0.01,480,6,116,277,0.2445,0.2133,STOP,PolygonStop,0.0,1.0,0.0,0.0,0.0
116.184,210.2,-3.4558,2.7805,-1.8124,-0.019,-0.01,480,6,116,277,0.2445,0.2133,STOP,PolygonStop,0.0,1.0,0.0,0.0,0.0
116.283,210.3,-3.4558,2.7805,-1.8124,-0.019,-0.01,480,6,116,277,0.2445,0.2133,STOP,PolygonStop,0.0,1.0,0.0,0.0,0.0
116.387,210.4,-3.4558,2.7805,-1.8124,-0.019,-0.01,480,6,116,277,0.2445,0.2133,STOP,PolygonStop,0.0,1.0,0.0,0.0,0.0
116.484,210.5,-3.4558,2.7805,-1.8124,-0.019,-0.01,480,6,116,277,0.2445,0.2133,STOP,PolygonStop,0.0,1.0,0.0,0.0,0.0
116.585,210.6,-3.4558,2.7805,-1.8124,-0.019,-0.01,480,6,116,277,0.2445,0.2133,STOP,PolygonStop,0.0,1.0,0.0,0.0,0.0
116.686,210.7,-3.4558,2.7805,-1.8124,-0.019,-0.01,480,6,116,277,0.2445,0.2133,STOP,PolygonStop,0.0,1.0,0.0,0.0,0.0
116.786,210.8,-3.4558,2.7805,-1.8124,-0.019,-0.01,480,6,116,277,0.2445,0.2133,STOP,PolygonStop,0.0,1.0,0.0,0.0,0.0
116.888,210.9,-3.4558,2.7805,-1.8124,-0.019,-0.01,480,6,116,277,0.2445,0.2133,STOP,PolygonStop,0.0,0.0,0.0,0.0,0.0
116.991,211.0,-3.4558,2.7805,-1.8124,-0.019,-0.01,480,6,116,277,0.2445,0.2133,STOP,PolygonStop,0.0,0.0,0.0,0.0,0.0
117.097,211.1,-3.4558,2.7805,-1.8124,-0.019,-0.01,480,6,116,277,0.2445,0.2133,STOP,PolygonStop,0.0,0.0,0.0,0.0,0.0
117.211,211.2,-3.4558,2.7805,-1.8124,-0.019,-0.01,480,6,116,277,0.2445,0.2133,STOP,PolygonStop,0.0,0.0,0.0,0.0,0.0
117.299,211.3,-3.4558,2.7805,-1.8124,-0.019,-0.01,480,6,116,277,0.2445,0.2133,STOP,PolygonStop,0.0,0.0,0.0,0.0,0.0
117.41,211.4,-3.4558,2.7805,-1.8124,-0.019,-0.01,480,6,116,277,0.2445,0.2133,STOP,PolygonStop,0.0,0.0,0.0,0.0,0.0
117.499,211.5,-3.4558,2.7805,-1.8124,-0.019,-0.01,480,6,116,277,0.2445,0.2133,STOP,PolygonStop,0.0,0.0,0.0,0.0,0.0
117.613,211.6,-3.4558,2.7805,-1.8124,-0.019,-0.01,480,6,116,277,0.2445,0.2133,STOP,PolygonStop,0.0,0.0,0.0,0.0,0.0
117.716,211.7,-3.4558,2.7805,-1.8124,-0.019,-0.01,480,6,116,277,0.2445,0.2133,STOP,PolygonStop,0.0,0.0,0.0,0.0,0.0
117.833,211.8,-3.4558,2.7805,-1.8124,-0.019,-0.01,480,6,116,277,0.2445,0.2133,STOP,PolygonStop,0.0,0.0,0.0,0.0,0.0
117.934,211.9,-3.4558,2.7805,-1.8124,-0.019,-0.01,480,6,116,277,0.2445,0.2133,STOP,PolygonStop,0.0,0.0,0.0,0.0,0.0
118.045,212.0,-3.4558,2.7805,-1.8124,-0.019,-0.01,480,6,116,277,0.2445,0.2133,STOP,PolygonStop,0.0,0.0,0.0,0.0,0.0
118.142,212.1,-3.4558,2.7805,-1.8124,-0.019,-0.01,480,6,116,277,0.2445,0.2133,STOP,PolygonStop,0.0,0.0,0.0,0.0,0.0
118.241,212.2,-3.4558,2.7805,-1.8124,-0.019,-0.01,480,6,116,277,0.2445,0.2133,STOP,PolygonStop,0.0,0.0,0.0,0.0,0.0
118.345,212.3,-3.4558,2.7805,-1.8124,-0.019,-0.01,480,6,116,277,0.2445,0.2133,STOP,PolygonStop,0.0,0.0,0.0,0.0,0.0
118.462,212.4,-3.4558,2.7805,-1.8124,-0.019,-0.01,480,6,116,277,0.2445,0.2133,STOP,PolygonStop,0.0,0.0,0.0,0.0,0.0
118.55,212.5,-3.4558,2.7805,-1.8124,-0.019,-0.01,480,6,116,277,0.2445,0.2133,STOP,PolygonStop,0.0,0.0,0.0,0.0,0.0
118.654,212.6,-3.4558,2.7805,-1.8124,-0.019,-0.01,480,6,116,277,0.2445,0.2133,STOP,PolygonStop,0.0,0.0,0.0,0.0,0.0
118.752,212.7,-3.4558,2.7805,-1.8124,-0.019,-0.01,480,6,116,277,0.2445,0.2133,STOP,PolygonStop,0.0,0.0,0.0,0.0,0.0
118.853,212.8,-3.4558,2.7805,-1.8124,-0.019,-0.01,480,6,116,277,0.2445,0.2133,STOP,PolygonStop,0.0,0.0,0.0,0.0,0.0
118.952,212.9,-3.4558,2.7805,-1.8124,-0.019,-0.01,480,6,116,277,0.2445,0.2133,STOP,PolygonStop,0.0,0.0,0.0,0.0,0.0
119.063,213.0,-3.4558,2.7805,-1.8124,-0.019,-0.01,480,6,116,277,0.2445,0.2133,STOP,PolygonStop,0.0,0.0,0.0,0.0,0.0
119.152,213.1,-3.4558,2.7805,-1.8124,-0.019,-0.01,480,6,116,277,0.2445,0.2133,STOP,PolygonStop,0.0,0.0,0.0,0.0,0.0
119.254,213.2,-3.4558,2.7805,-1.8124,-0.019,-0.01,480,6,116,277,0.2445,0.2133,STOP,PolygonStop,0.0,0.0,0.0,0.0,0.0
119.358,213.3,-3.4558,2.7805,-1.8124,-0.019,-0.01,480,6,116,277,0.2445,0.2133,STOP,PolygonStop,0.0,0.0,0.0,0.0,0.0
119.458,213.4,-3.4558,2.7805,-1.8124,-0.019,-0.01,480,6,116,277,0.2445,0.2133,STOP,PolygonStop,0.0,0.0,0.0,0.0,0.0
119.56,213.5,-3.4558,2.7805,-1.8124,-0.019,-0.01,480,6,116,277,0.2445,0.2133,STOP,PolygonStop,0.0,0.0,0.0,0.0,0.0
119.661,213.6,-3.4558,2.7805,-1.8124,-0.019,-0.01,480,6,116,277,0.2445,0.2133,STOP,PolygonStop,0.0,0.0,0.0,0.0,0.0
119.761,213.7,-3.4558,2.7805,-1.8124,-0.019,-0.01,480,6,116,277,0.2445,0.2133,STOP,PolygonStop,0.0,0.0,0.0,0.0,0.0
119.863,213.8,-3.4558,2.7805,-1.8124,-0.019,-0.01,480,6,116,277,0.2445,0.2133,STOP,PolygonStop,0.0,0.0,0.0,0.0,0.0
119.964,213.9,-3.4558,2.7805,-1.8124,-0.019,-0.01,480,6,116,277,0.2445,0.2133,STOP,PolygonStop,0.0,0.0,0.0,0.0,0.0
120.067,214.0,-3.4558,2.7805,-1.8124,-0.019,-0.01,480,6,116,277,0.2445,0.2133,STOP,PolygonStop,0.0,0.0,0.0,0.0,0.0
120.169,214.1,-3.4558,2.7805,-1.8124,-0.019,-0.01,480,6,116,277,0.2445,0.2133,STOP,PolygonStop,0.0,0.0,0.0,0.0,0.0
120.283,214.2,-3.4558,2.7805,-1.8124,-0.019,-0.01,480,6,116,277,0.2445,0.2133,STOP,PolygonStop,0.0,0.0,0.0,0.0,0.0
120.374,214.3,-3.4558,2.7805,-1.8124,-0.019,-0.01,480,6,116,277,0.2445,0.2133,STOP,PolygonStop,0.0,0.0,0.0,0.0,0.0
120.481,214.4,-3.4558,2.7805,-1.8124,-0.019,-0.01,480,6,116,277,0.2445,0.2133,STOP,PolygonStop,0.0,0.0,0.0,0.0,0.0
120.594,214.5,-3.4558,2.7805,-1.8124,-0.019,-0.01,480,6,116,277,0.2445,0.2133,STOP,PolygonStop,0.0,0.0,0.0,0.0,0.0
120.685,214.6,-3.4558,2.7805,-1.8124,-0.019,-0.01,480,6,116,277,0.2445,0.2133,STOP,PolygonStop,0.0,0.0,0.0,0.0,0.0
120.797,214.7,-3.4558,2.7805,-1.8124,-0.019,-0.01,480,6,116,277,0.2445,0.2133,STOP,PolygonStop,0.0,0.0,0.0,0.0,0.0
120.88,214.8,-3.4558,2.7805,-1.8124,-0.019,-0.01,480,6,116,277,0.2445,0.2133,STOP,PolygonStop,0.0,0.0,0.0,0.0,0.0
120.99,214.9,-3.4558,2.7805,-1.8124,-0.019,-0.01,480,6,116,277,0.2445,0.2133,STOP,PolygonStop,0.0,0.0,0.0,0.0,0.0
121.091,215.0,-3.4558,2.7805,-1.8124,-0.019,-0.01,480,6,116,277,0.2445,0.2133,STOP,PolygonStop,0.0,0.0,0.0,0.0,0.0
121.2,215.1,-3.4558,2.7805,-1.8124,-0.019,-0.01,480,6,116,277,0.2445,0.2133,STOP,PolygonStop,0.0,0.0,0.0,0.0,0.0
121.308,215.2,-3.4558,2.7805,-1.8124,-0.019,-0.01,480,6,116,277,0.2445,0.2133,STOP,PolygonStop,0.0,0.0,0.0,0.0,0.0
121.407,215.3,-3.4558,2.7805,-1.8124,-0.019,-0.01,480,6,116,277,0.2445,0.2133,STOP,PolygonStop,0.0,0.0,0.0,0.0,0.0
121.508,215.4,-3.4558,2.7805,-1.8124,-0.019,-0.01,480,6,116,277,0.2445,0.2133,STOP,PolygonStop,0.0,0.0,0.0,0.0,0.0
121.621,215.5,-3.4558,2.7805,-1.8124,-0.019,-0.01,480,6,116,277,0.2445,0.2133,STOP,PolygonStop,0.0,0.0,0.0,0.0,0.0
121.716,215.6,-3.4558,2.7805,-1.8124,-0.019,-0.01,480,6,116,277,0.2445,0.2133,STOP,PolygonStop,0.0,0.0,0.0,0.0,0.0
121.82,215.7,-3.4558,2.7805,-1.8124,-0.019,-0.01,480,6,116,277,0.2445,0.2133,STOP,PolygonStop,0.0,0.0,0.0,0.0,0.0
121.92,215.8,-3.4558,2.7805,-1.8124,-0.019,-0.01,480,6,116,277,0.2445,0.2133,STOP,PolygonStop,0.0,0.0,0.0,0.0,0.0
122.021,215.9,-3.4558,2.7805,-1.8124,-0.019,-0.01,480,6,116,277,0.2445,0.2133,STOP,PolygonStop,0.0,0.0,0.0,0.0,0.0
122.123,216.0,-3.4558,2.7805,-1.8124,-0.019,-0.01,480,6,116,277,0.2445,0.2133,STOP,PolygonStop,0.0,0.0,0.0,0.0,0.0
122.223,216.1,-3.4558,2.7805,-1.8124,-0.019,-0.01,480,6,116,277,0.2445,0.2133,STOP,PolygonStop,0.2842,-0.0256,0.25,0.0,0.0
122.321,216.2,-3.4558,2.7805,-1.8124,-0.019,-0.01,480,6,116,277,0.2445,0.2133,STOP,PolygonStop,0.2842,-0.0256,0.2842,0.0,0.0
122.433,216.3,-3.4558,2.7805,-1.8124,-0.019,-0.01,480,6,116,277,0.2445,0.2133,STOP,PolygonStop,0.2842,-0.0256,0.2842,0.0,0.0
122.523,216.4,-3.4558,2.7805,-1.8124,-0.019,-0.01,480,6,116,277,0.2445,0.2133,STOP,PolygonStop,0.2842,-0.0256,0.2842,0.0,0.0
122.627,216.5,-3.4558,2.7805,-1.8124,-0.019,-0.01,480,6,116,277,0.2445,0.2133,STOP,PolygonStop,0.2842,-0.0256,0.2842,0.0,0.0
122.721,216.6,-3.4558,2.7805,-1.8124,-0.019,-0.01,480,6,116,277,0.2445,0.2133,STOP,PolygonStop,0.2842,-0.0256,0.2842,0.0,0.0
122.823,216.7,-3.4558,2.7805,-1.8124,-0.019,-0.01,480,6,116,277,0.2445,0.2133,STOP,PolygonStop,0.2842,-0.0256,0.2842,0.0,0.0
122.923,216.8,-3.4558,2.7805,-1.8124,-0.019,-0.01,480,6,116,277,0.2445,0.2133,STOP,PolygonStop,0.2842,-0.0256,0.2842,0.0,0.0
123.023,216.9,-3.4558,2.7805,-1.8124,-0.019,-0.01,480,6,116,277,0.2445,0.2133,STOP,PolygonStop,0.2842,-0.0256,0.2842,0.0,0.0
123.123,217.0,-3.4558,2.7805,-1.8124,-0.019,-0.01,480,6,116,277,0.2445,0.2133,STOP,PolygonStop,0.2842,-0.0256,0.2842,0.0,0.0
123.224,217.1,-3.4558,2.7805,-1.8124,-0.019,-0.01,480,6,116,277,0.2445,0.2133,STOP,PolygonStop,0.2842,-0.0256,0.2842,0.0,0.0
123.323,217.2,-3.4558,2.7805,-1.8124,-0.019,-0.01,480,6,116,277,0.2445,0.2133,STOP,PolygonStop,0.2842,-0.0256,0.2842,0.0,0.0
123.425,217.3,-3.4558,2.7805,-1.8124,-0.019,-0.01,480,6,116,277,0.2445,0.2133,STOP,PolygonStop,0.2842,-0.0256,0.2842,0.0,0.0
123.526,217.4,-3.4558,2.7805,-1.8124,-0.019,-0.01,480,6,116,277,0.2445,0.2133,STOP,PolygonStop,0.2842,-0.0256,0.2842,0.0,0.0
123.64,217.5,-3.4558,2.7805,-1.8124,-0.019,-0.01,480,6,116,277,0.2445,0.2133,STOP,PolygonStop,0.2842,-0.0256,0.2842,0.0,0.0
123.729,217.6,-3.4558,2.7805,-1.8124,-0.019,-0.01,480,6,116,277,0.2445,0.2133,STOP,PolygonStop,0.2842,-0.0256,0.2842,0.0,0.0
123.835,217.7,-3.4558,2.7805,-1.8124,-0.019,-0.01,480,6,116,277,0.2445,0.2133,STOP,PolygonStop,0.2842,-0.0256,0.2842,0.0,0.0
123.956,217.8,-3.4558,2.7805,-1.8124,-0.019,-0.01,480,6,116,277,0.2445,0.2133,STOP,PolygonStop,0.2842,-0.0256,0.2842,0.0,0.0
124.034,217.9,-3.4558,2.7805,-1.8124,-0.019,-0.01,480,6,116,277,0.2445,0.2133,STOP,PolygonStop,0.2842,-0.0256,0.2842,0.0,0.0
124.155,218.0,-3.4558,2.7805,-1.8124,-0.019,-0.01,480,6,116,277,0.2445,0.2133,STOP,PolygonStop,0.2842,-0.0256,0.2842,0.0,0.0
124.234,218.1,-3.4558,2.7805,-1.8124,-0.019,-0.01,480,6,116,277,0.2445,0.2133,STOP,PolygonStop,0.2842,-0.0256,0.2842,0.0,0.0
124.345,218.2,-3.4558,2.7805,-1.8124,-0.019,-0.01,480,6,116,277,0.2445,0.2133,STOP,PolygonStop,0.2842,-0.0256,0.2842,0.0,0.0
124.451,218.3,-3.4558,2.7805,-1.8124,-0.019,-0.01,480,6,116,277,0.2445,0.2133,STOP,PolygonStop,0.2842,-0.0256,0.2842,0.0,0.0
124.559,218.4,-3.4558,2.7805,-1.8124,-0.019,-0.01,480,6,116,277,0.2445,0.2133,STOP,PolygonStop,0.2842,-0.0256,0.2842,0.0,0.0
124.657,218.5,-3.4558,2.7805,-1.8124,-0.019,-0.01,480,6,116,277,0.2445,0.2133,STOP,PolygonStop,0.2842,-0.0256,0.2842,0.0,0.0
124.763,218.6,-3.4558,2.7805,-1.8124,-0.019,-0.01,480,6,116,277,0.2445,0.2133,STOP,PolygonStop,0.2842,-0.0256,0.2842,0.0,0.0
124.868,218.7,-3.4558,2.7805,-1.8124,-0.019,-0.01,480,6,116,277,0.2445,0.2133,STOP,PolygonStop,0.2842,-0.0256,0.2842,0.0,0.0
124.966,218.8,-3.4558,2.7805,-1.8124,-0.019,-0.01,480,6,116,277,0.2445,0.2133,STOP,PolygonStop,0.2842,-0.0256,0.2842,0.0,0.0
125.066,218.9,-3.4558,2.7805,-1.8124,-0.019,-0.01,480,6,116,277,0.2445,0.2133,STOP,PolygonStop,0.2842,-0.0256,0.2842,0.0,0.0
125.173,219.0,-3.4558,2.7805,-1.8124,-0.019,-0.01,480,6,116,277,0.2445,0.2133,STOP,PolygonStop,0.2842,-0.0256,0.2842,0.0,0.0
125.276,219.1,-3.4558,2.7805,-1.8124,-0.019,-0.01,480,6,116,277,0.2445,0.2133,STOP,PolygonStop,0.2842,-0.0256,0.2842,0.0,0.0
125.37,219.2,-3.4558,2.7805,-1.8124,-0.019,-0.01,480,6,116,277,0.2445,0.2133,STOP,PolygonStop,0.2842,-0.0256,0.2842,0.0,0.0
125.469,219.3,-3.4558,2.7805,-1.8124,-0.019,-0.01,480,6,116,277,0.2445,0.2133,STOP,PolygonStop,0.2842,-0.0256,0.2842,0.0,0.0
125.571,219.4,-3.4558,2.7805,-1.8124,-0.019,-0.01,480,6,116,277,0.2445,0.2133,STOP,PolygonStop,0.2842,-0.0256,0.2842,0.0,0.0
125.667,219.5,-3.4558,2.7805,-1.8124,-0.019,-0.01,480,6,116,277,0.2445,0.2133,STOP,PolygonStop,0.2842,-0.0256,0.2842,0.0,0.0
125.777,219.6,-3.4558,2.7805,-1.8124,-0.019,-0.01,480,6,116,277,0.2445,0.2133,STOP,PolygonStop,0.2842,-0.0256,0.2842,0.0,0.0
125.875,219.7,-3.4558,2.7805,-1.8124,-0.019,-0.01,480,6,116,277,0.2445,0.2133,STOP,PolygonStop,0.2842,-0.0256,0.2842,0.0,0.0
125.972,219.8,-3.4558,2.7805,-1.8124,-0.019,-0.01,480,6,116,277,0.2445,0.2133,STOP,PolygonStop,0.2842,-0.0256,0.2842,0.0,0.0
126.069,219.9,-3.4558,2.7805,-1.8124,-0.019,-0.01,480,6,116,277,0.2445,0.2133,STOP,PolygonStop,0.2842,-0.0256,0.2842,0.0,0.0
126.17,220.0,-3.4558,2.7805,-1.8124,-0.019,-0.01,480,6,116,277,0.2445,0.2133,STOP,PolygonStop,0.2842,-0.0256,0.2842,0.0,0.0
126.267,220.1,-3.4558,2.7805,-1.8124,-0.019,-0.01,480,6,116,277,0.2445,0.2133,STOP,PolygonStop,0.2842,-0.0256,0.2842,0.0,0.0
126.369,220.2,-3.4558,2.7805,-1.8124,-0.019,-0.01,480,6,116,277,0.2445,0.2133,STOP,PolygonStop,0.2842,-0.0256,0.2842,0.0,0.0
126.468,220.3,-3.4558,2.7805,-1.8124,-0.019,-0.01,480,6,116,277,0.2445,0.2133,STOP,PolygonStop,0.2842,-0.0256,0.2842,0.0,0.0
126.567,220.4,-3.4558,2.7805,-1.8124,-0.019,-0.01,480,6,116,277,0.2445,0.2133,STOP,PolygonStop,0.2842,-0.0256,0.2842,0.0,0.0
126.673,220.5,-3.4558,2.7805,-1.8124,-0.019,-0.01,480,6,116,277,0.2445,0.2133,STOP,PolygonStop,0.2842,-0.0256,0.2842,0.0,0.0
126.784,220.6,-3.4558,2.7805,-1.8124,-0.019,-0.01,480,6,116,277,0.2445,0.2133,STOP,PolygonStop,0.2842,-0.0256,0.2842,0.0,0.0
126.875,220.7,-3.4558,2.7805,-1.8124,-0.019,-0.01,480,6,116,277,0.2445,0.2133,STOP,PolygonStop,0.2842,-0.0256,0.2842,0.0,0.0
126.979,220.8,-3.4558,2.7805,-1.8124,-0.019,-0.01,480,6,116,277,0.2445,0.2133,STOP,PolygonStop,0.2842,-0.0256,0.2842,0.0,0.0
127.079,220.9,-3.4558,2.7805,-1.8124,-0.019,-0.01,480,6,116,277,0.2445,0.2133,STOP,PolygonStop,0.2842,-0.0256,0.2842,0.0,0.0
127.187,221.0,-3.4558,2.7805,-1.8124,-0.019,-0.01,480,6,116,277,0.2445,0.2133,STOP,PolygonStop,0.2842,-0.0256,0.2842,0.0,0.0
127.296,221.1,-3.4558,2.7805,-1.8124,-0.019,-0.01,480,6,116,277,0.2445,0.2133,STOP,PolygonStop,0.2842,-0.0256,0.2842,0.0,0.0
127.384,221.2,-3.4558,2.7805,-1.8124,-0.019,-0.01,480,6,116,277,0.2445,0.2133,STOP,PolygonStop,0.2842,-0.0256,0.2842,0.0,0.0
127.495,221.3,-3.4558,2.7805,-1.8124,-0.019,-0.01,480,6,116,277,0.2445,0.2133,STOP,PolygonStop,0.2842,-0.0256,0.2842,0.0,0.0
127.586,221.4,-3.4558,2.7805,-1.8124,-0.019,-0.01,480,6,116,277,0.2445,0.2133,STOP,PolygonStop,0.2842,-0.0256,0.2842,0.0,0.0
127.692,221.5,-3.4558,2.7805,-1.8124,-0.019,-0.01,480,6,116,277,0.2445,0.2133,STOP,PolygonStop,0.2842,-0.0256,0.2842,0.0,0.0
127.792,221.6,-3.4558,2.7805,-1.8124,-0.019,-0.01,480,6,116,277,0.2445,0.2133,STOP,PolygonStop,0.2842,-0.0256,0.2842,0.0,0.0
127.91,221.7,-3.4558,2.7805,-1.8124,-0.019,-0.01,480,6,116,277,0.2445,0.2133,STOP,PolygonStop,0.2842,-0.0256,0.2842,0.0,0.0
128.009,221.8,-3.4558,2.7805,-1.8124,-0.019,-0.01,480,6,116,277,0.2445,0.2133,STOP,PolygonStop,0.2842,-0.0256,0.2842,0.0,0.0
128.107,221.9,-3.4558,2.7805,-1.8124,-0.019,-0.01,480,6,116,277,0.2445,0.2133,STOP,PolygonStop,0.2842,-0.0256,0.2842,0.0,0.0
128.205,222.0,-3.4558,2.7805,-1.8124,-0.019,-0.01,480,6,116,277,0.2445,0.2133,STOP,PolygonStop,0.2842,-0.0256,0.2842,0.0,0.0
128.307,222.1,-3.4558,2.7805,-1.8124,-0.019,-0.01,480,6,116,277,0.2445,0.2133,STOP,PolygonStop,0.2842,-0.0256,0.2842,0.0,0.0
128.409,222.2,-3.4558,2.7805,-1.8124,-0.019,-0.01,480,6,116,277,0.2445,0.2133,STOP,PolygonStop,0.2842,-0.0256,0.2842,0.0,0.0
128.509,222.3,-3.4558,2.7805,-1.8124,-0.019,-0.01,480,6,116,277,0.2445,0.2133,STOP,PolygonStop,0.2842,-0.0256,0.2842,0.0,0.0
128.608,222.4,-3.4558,2.7805,-1.8124,-0.019,-0.01,480,6,116,277,0.2445,0.2133,STOP,PolygonStop,0.2842,-0.0256,0.2842,0.0,0.0
128.709,222.5,-3.4558,2.7805,-1.8124,-0.019,-0.01,480,6,116,277,0.2445,0.2133,STOP,PolygonStop,0.2842,-0.0256,0.2842,0.0,0.0
128.806,222.6,-3.4558,2.7805,-1.8124,-0.019,-0.01,480,6,116,277,0.2445,0.2133,STOP,PolygonStop,0.2842,-0.0256,0.2842,0.0,0.0
128.923,222.7,-3.4558,2.7805,-1.8124,-0.019,-0.01,480,6,116,277,0.2445,0.2133,STOP,PolygonStop,0.2842,-0.0256,0.2842,0.0,0.0
129.014,222.8,-3.4558,2.7805,-1.8124,-0.019,-0.01,480,6,116,277,0.2445,0.2133,STOP,PolygonStop,0.2842,-0.0256,0.2842,0.0,0.0
129.112,222.9,-3.4558,2.7805,-1.8124,-0.019,-0.01,480,6,116,277,0.2445,0.2133,STOP,PolygonStop,0.2842,-0.0256,0.2842,0.0,0.0
129.213,223.0,-3.4558,2.7805,-1.8124,-0.019,-0.01,480,6,116,277,0.2445,0.2133,STOP,PolygonStop,0.2842,-0.0256,0.2842,0.0,0.0
129.312,223.1,-3.4558,2.7805,-1.8124,-0.019,-0.01,480,6,116,277,0.2445,0.2133,STOP,PolygonStop,0.2842,-0.0256,0.2842,0.0,0.0
129.409,223.2,-3.4558,2.7805,-1.8124,-0.019,-0.01,480,6,116,277,0.2445,0.2133,STOP,PolygonStop,0.2842,-0.0256,0.2842,0.0,0.0
129.511,223.3,-3.4558,2.7805,-1.8124,-0.019,-0.01,480,6,116,277,0.2445,0.2133,STOP,PolygonStop,0.2842,-0.0256,0.2842,0.0,0.0
129.608,223.4,-3.4558,2.7805,-1.8124,-0.019,-0.01,480,6,116,277,0.2445,0.2133,STOP,PolygonStop,0.2842,-0.0256,0.2842,0.0,0.0
129.71,223.5,-3.4558,2.7805,-1.8124,-0.019,-0.01,480,6,116,277,0.2445,0.2133,STOP,PolygonStop,0.2842,-0.0256,0.2842,0.0,0.0
129.809,223.6,-3.4558,2.7805,-1.8124,-0.019,-0.01,480,6,116,277,0.2445,0.2133,STOP,PolygonStop,0.2842,-0.0256,0.2842,0.0,0.0
129.91,223.7,-3.4558,2.7805,-1.8124,-0.019,-0.01,480,6,116,277,0.2445,0.2133,STOP,PolygonStop,0.2842,-0.0256,0.2842,0.0,0.0
130.017,223.8,-3.4558,2.7805,-1.8124,-0.019,-0.01,480,6,116,277,0.2445,0.2133,STOP,PolygonStop,0.2842,-0.0256,0.2842,0.0,0.0
130.119,223.9,-3.4558,2.7805,-1.8124,-0.019,-0.01,480,6,116,277,0.2445,0.2133,STOP,PolygonStop,0.2842,-0.0256,0.2842,0.0,0.0
130.219,224.0,-3.4558,2.7805,-1.8124,-0.019,-0.01,480,6,116,277,0.2445,0.2133,STOP,PolygonStop,0.2842,-0.0256,0.2842,0.0,0.0
130.323,224.1,-3.4558,2.7805,-1.8124,-0.019,-0.01,480,6,116,277,0.2445,0.2133,STOP,PolygonStop,0.2842,-0.0256,0.2842,0.0,0.0
130.424,224.2,-3.4558,2.7805,-1.8124,-0.019,-0.01,480,6,116,277,0.2445,0.2133,STOP,PolygonStop,0.2842,-0.0256,0.2842,0.0,0.0
130.53,224.3,-3.4558,2.7805,-1.8124,-0.019,-0.01,480,6,116,277,0.2445,0.2133,STOP,PolygonStop,0.2842,-0.0256,0.2842,0.0,0.0
130.643,224.4,-3.4558,2.7805,-1.8124,-0.019,-0.01,480,6,116,277,0.2445,0.2133,STOP,PolygonStop,0.2842,-0.0256,0.2842,0.0,0.0
130.729,224.5,-3.4558,2.7805,-1.8124,-0.019,-0.01,480,6,116,277,0.2445,0.2133,STOP,PolygonStop,0.2842,-0.0256,0.2842,0.0,0.0
130.846,224.6,-3.4558,2.7805,-1.8124,-0.019,-0.01,480,6,116,277,0.2445,0.2133,STOP,PolygonStop,0.2842,-0.0256,0.2842,0.0,0.0
130.931,224.7,-3.4558,2.7805,-1.8124,-0.019,-0.01,480,6,116,277,0.2445,0.2133,STOP,PolygonStop,0.2842,-0.0256,0.2842,0.0,0.0
131.059,224.8,-3.4558,2.7805,-1.8124,-0.019,-0.01,480,6,116,277,0.2445,0.2133,STOP,PolygonStop,0.2842,-0.0256,0.2842,0.0,0.0
131.152,224.9,-3.4558,2.7805,-1.8124,-0.019,-0.01,480,6,116,277,0.2445,0.2133,STOP,PolygonStop,0.2842,-0.0256,0.2842,0.0,0.0
131.251,225.0,-3.4558,2.7805,-1.8124,-0.019,-0.01,480,6,116,277,0.2445,0.2133,STOP,PolygonStop,0.2842,-0.0256,0.2842,0.0,0.0
131.35,225.1,-3.4558,2.7805,-1.8124,-0.019,-0.01,480,6,116,277,0.2445,0.2133,STOP,PolygonStop,0.2842,-0.0256,0.2842,0.0,0.0
131.456,225.2,-3.4558,2.7805,-1.8124,-0.019,-0.01,480,6,116,277,0.2445,0.2133,STOP,PolygonStop,0.2842,-0.0256,0.2842,0.0,0.0
131.554,225.3,-3.4558,2.7805,-1.8124,-0.019,-0.01,480,6,116,277,0.2445,0.2133,STOP,PolygonStop,0.2842,-0.0256,0.2842,0.0,0.0
131.677,225.4,-3.4558,2.7805,-1.8124,-0.019,-0.01,480,6,116,277,0.2445,0.2133,STOP,PolygonStop,0.2842,-0.0256,0.2842,0.0,0.0
131.763,225.5,-3.4558,2.7805,-1.8124,-0.019,-0.01,480,6,116,277,0.2445,0.2133,STOP,PolygonStop,0.2842,-0.0256,0.2842,0.0,0.0
131.868,225.6,-3.4558,2.7805,-1.8124,-0.019,-0.01,480,6,116,277,0.2445,0.2133,STOP,PolygonStop,0.2842,-0.0256,0.2842,0.0,0.0
131.959,225.7,-3.4558,2.7805,-1.8124,-0.019,-0.01,480,6,116,277,0.2445,0.2133,STOP,PolygonStop,0.2842,-0.0256,0.2842,0.0,0.0
132.071,225.8,-3.4558,2.7805,-1.8124,-0.019,-0.01,480,6,116,277,0.2445,0.2133,STOP,PolygonStop,0.2842,-0.0256,0.2842,0.0,0.0
132.174,225.9,-3.4558,2.7805,-1.8124,-0.019,-0.01,480,6,116,277,0.2445,0.2133,STOP,PolygonStop,0.2842,-0.0256,0.2842,0.0,0.0
132.28,226.0,-3.4558,2.7805,-1.8124,-0.019,-0.01,480,6,116,277,0.2445,0.2133,STOP,PolygonStop,0.2842,-0.0256,0.2842,0.0,0.0
132.368,226.1,-3.4558,2.7805,-1.8124,-0.019,-0.01,480,6,116,277,0.2445,0.2133,STOP,PolygonStop,0.0,0.0,0.1592,0.0,0.0
132.474,226.2,-3.4558,2.7805,-1.8124,-0.019,-0.01,480,6,116,277,0.2445,0.2133,STOP,PolygonStop,0.0,0.0,0.0,0.0,0.0
132.58,226.3,-3.4558,2.7805,-1.8124,-0.019,-0.01,480,6,116,277,0.2445,0.2133,STOP,PolygonStop,0.2842,-0.0256,0.0,0.0,0.0
132.681,226.4,-3.4558,2.7805,-1.8124,-0.019,-0.01,480,6,116,277,0.2445,0.2133,STOP,PolygonStop,0.2842,-0.0256,0.25,0.0,0.0
132.775,226.5,-3.4558,2.7805,-1.8124,-0.019,-0.01,480,6,116,277,0.2445,0.2133,STOP,PolygonStop,0.2842,-0.0256,0.2842,0.0,0.0
132.877,226.6,-3.4558,2.7805,-1.8124,-0.019,-0.01,480,6,116,277,0.2445,0.2133,STOP,PolygonStop,0.2842,-0.0256,0.2842,0.0,0.0
132.978,226.7,-3.4558,2.7805,-1.8124,-0.019,-0.01,480,6,116,277,0.2445,0.2133,STOP,PolygonStop,0.2842,-0.0256,0.2842,0.0,0.0
133.076,226.8,-3.4558,2.7805,-1.8124,-0.019,-0.01,480,6,116,277,0.2445,0.2133,STOP,PolygonStop,0.2842,-0.0256,0.2842,0.0,0.0
133.187,226.9,-3.4558,2.7805,-1.8124,-0.019,-0.01,480,6,116,277,0.2445,0.2133,STOP,PolygonStop,0.2842,-0.0256,0.2842,0.0,0.0
133.288,227.0,-3.4558,2.7805,-1.8124,-0.019,-0.01,480,6,116,277,0.2445,0.2133,STOP,PolygonStop,0.2842,-0.0256,0.2842,0.0,0.0
133.387,227.1,-3.4558,2.7805,-1.8124,-0.019,-0.01,480,6,116,277,0.2445,0.2133,STOP,PolygonStop,0.2842,-0.0256,0.2842,0.0,0.0
133.495,227.2,-3.4558,2.7805,-1.8124,-0.019,-0.01,480,6,116,277,0.2445,0.2133,STOP,PolygonStop,0.2842,-0.0256,0.2842,0.0,0.0
133.591,227.3,-3.4558,2.7805,-1.8124,-0.019,-0.01,480,6,116,277,0.2445,0.2133,STOP,PolygonStop,0.2842,-0.0256,0.2842,0.0,0.0
133.694,227.4,-3.4558,2.7805,-1.8124,-0.019,-0.01,480,6,116,277,0.2445,0.2133,STOP,PolygonStop,0.2842,-0.0256,0.2842,0.0,0.0
133.799,227.5,-3.4558,2.7805,-1.8124,-0.019,-0.01,480,6,116,277,0.2445,0.2133,STOP,PolygonStop,0.2842,-0.0256,0.2842,0.0,0.0
133.908,227.6,-3.4558,2.7805,-1.8124,-0.019,-0.01,480,6,116,277,0.2445,0.2133,STOP,PolygonStop,0.2842,-0.0256,0.2842,0.0,0.0
134.022,227.7,-3.4558,2.7805,-1.8124,-0.019,-0.01,480,6,116,277,0.2445,0.2133,STOP,PolygonStop,0.2842,-0.0256,0.2842,0.0,0.0
134.107,227.8,-3.4558,2.7805,-1.8124,-0.019,-0.01,480,6,116,277,0.2445,0.2133,STOP,PolygonStop,0.2842,-0.0256,0.2842,0.0,0.0
134.224,227.9,-3.4558,2.7805,-1.8124,-0.019,-0.01,480,6,116,277,0.2445,0.2133,STOP,PolygonStop,0.2842,-0.0256,0.2842,0.0,0.0
134.306,228.0,-3.4558,2.7805,-1.8124,-0.019,-0.01,480,6,116,277,0.2445,0.2133,STOP,PolygonStop,0.2842,-0.0256,0.2842,0.0,0.0
134.425,228.1,-3.4558,2.7805,-1.8124,-0.019,-0.01,480,6,116,277,0.2445,0.2133,STOP,PolygonStop,0.2842,-0.0256,0.2842,0.0,0.0
134.522,228.2,-3.4558,2.7805,-1.8124,-0.019,-0.01,480,6,116,277,0.2445,0.2133,STOP,PolygonStop,0.2842,-0.0256,0.2842,0.0,0.0
134.647,228.3,-3.4558,2.7805,-1.8124,-0.019,-0.01,480,6,116,277,0.2445,0.2133,STOP,PolygonStop,0.2842,-0.0256,0.2842,0.0,0.0
134.746,228.4,-3.4558,2.7805,-1.8124,-0.019,-0.01,480,6,116,277,0.2445,0.2133,STOP,PolygonStop,0.2842,-0.0256,0.2842,0.0,0.0
134.853,228.5,-3.4558,2.7805,-1.8124,-0.019,-0.01,480,6,116,277,0.2445,0.2133,STOP,PolygonStop,0.2842,-0.0256,0.2842,0.0,0.0
134.949,228.6,-3.4558,2.7805,-1.8124,-0.019,-0.01,480,6,116,277,0.2445,0.2133,STOP,PolygonStop,0.2842,-0.0256,0.2842,0.0,0.0
135.063,228.7,-3.4558,2.7805,-1.8124,-0.019,-0.01,480,6,116,277,0.2445,0.2133,STOP,PolygonStop,0.2842,-0.0256,0.2842,0.0,0.0
135.152,228.8,-3.4558,2.7805,-1.8124,-0.019,-0.01,480,6,116,277,0.2445,0.2133,STOP,PolygonStop,0.2842,-0.0256,0.2842,0.0,0.0
135.253,228.9,-3.4558,2.7805,-1.8124,-0.019,-0.01,480,6,116,277,0.2445,0.2133,STOP,PolygonStop,0.2842,-0.0256,0.2842,0.0,0.0
135.351,229.0,-3.4558,2.7805,-1.8124,-0.019,-0.01,480,6,116,277,0.2445,0.2133,STOP,PolygonStop,0.2842,-0.0256,0.2842,0.0,0.0
135.457,229.1,-3.4558,2.7805,-1.8124,-0.019,-0.01,480,6,116,277,0.2445,0.2133,STOP,PolygonStop,0.2842,-0.0256,0.2842,0.0,0.0
135.554,229.2,-3.4558,2.7805,-1.8124,-0.019,-0.01,480,6,116,277,0.2445,0.2133,STOP,PolygonStop,0.2842,-0.0256,0.2842,0.0,0.0
135.658,229.3,-3.4558,2.7805,-1.8124,-0.019,-0.01,480,6,116,277,0.2445,0.2133,STOP,PolygonStop,0.2842,-0.0256,0.2842,0.0,0.0
135.751,229.4,-3.4558,2.7805,-1.8124,-0.019,-0.01,480,6,116,277,0.2445,0.2133,STOP,PolygonStop,0.2842,-0.0256,0.2842,0.0,0.0
135.857,229.5,-3.4558,2.7805,-1.8124,-0.019,-0.01,480,6,116,277,0.2445,0.2133,STOP,PolygonStop,0.2842,-0.0256,0.2842,0.0,0.0
135.953,229.6,-3.4558,2.7805,-1.8124,-0.019,-0.01,480,6,116,277,0.2445,0.2133,STOP,PolygonStop,0.2842,-0.0256,0.2842,0.0,0.0
136.055,229.7,-3.4558,2.7805,-1.8124,-0.019,-0.01,480,6,116,277,0.2445,0.2133,STOP,PolygonStop,0.2842,-0.0256,0.2842,0.0,0.0
136.155,229.8,-3.4558,2.7805,-1.8124,-0.019,-0.01,480,6,116,277,0.2445,0.2133,STOP,PolygonStop,0.2842,-0.0256,0.2842,0.0,0.0
136.251,229.9,-3.4558,2.7805,-1.8124,-0.019,-0.01,480,6,116,277,0.2445,0.2133,STOP,PolygonStop,0.2842,-0.0256,0.2842,0.0,0.0
136.351,230.0,-3.4558,2.7805,-1.8124,-0.019,-0.01,480,6,116,277,0.2445,0.2133,STOP,PolygonStop,0.2842,-0.0256,0.2842,0.0,0.0
136.468,230.1,-3.4558,2.7805,-1.8124,-0.019,-0.01,480,6,116,277,0.2445,0.2133,STOP,PolygonStop,0.2842,-0.0256,0.2842,0.0,0.0
136.551,230.2,-3.4558,2.7805,-1.8124,-0.019,-0.01,480,6,116,277,0.2445,0.2133,STOP,PolygonStop,0.2842,-0.0256,0.2842,0.0,0.0
136.651,230.3,-3.4558,2.7805,-1.8124,-0.019,-0.01,480,6,116,277,0.2445,0.2133,STOP,PolygonStop,0.2842,-0.0256,0.2842,0.0,0.0
136.753,230.4,-3.4558,2.7805,-1.8124,-0.019,-0.01,480,6,116,277,0.2445,0.2133,STOP,PolygonStop,0.2842,-0.0256,0.2842,0.0,0.0
136.863,230.5,-3.4558,2.7805,-1.8124,-0.019,-0.01,480,6,116,277,0.2445,0.2133,STOP,PolygonStop,0.2842,-0.0256,0.2842,0.0,0.0
136.957,230.6,-3.4558,2.7805,-1.8124,-0.019,-0.01,480,6,116,277,0.2445,0.2133,STOP,PolygonStop,0.2842,-0.0256,0.2842,0.0,0.0
137.061,230.7,-3.4558,2.7805,-1.8124,-0.019,-0.01,480,6,116,277,0.2445,0.2133,STOP,PolygonStop,0.2842,-0.0256,0.2842,0.0,0.0
137.161,230.8,-3.4558,2.7805,-1.8124,-0.019,-0.01,480,6,116,277,0.2445,0.2133,STOP,PolygonStop,0.2842,-0.0256,0.2842,0.0,0.0
137.273,230.9,-3.4558,2.7805,-1.8124,-0.019,-0.01,480,6,116,277,0.2445,0.2133,STOP,PolygonStop,0.2842,-0.0256,0.2842,0.0,0.0
137.382,231.0,-3.4558,2.7805,-1.8124,-0.019,-0.01,480,6,116,277,0.2445,0.2133,STOP,PolygonStop,0.2842,-0.0256,0.2842,0.0,0.0
137.468,231.1,-3.4558,2.7805,-1.8124,-0.019,-0.01,480,6,116,277,0.2445,0.2133,STOP,PolygonStop,0.2842,-0.0256,0.2842,0.0,0.0
137.583,231.2,-3.4558,2.7805,-1.8124,-0.019,-0.01,480,6,116,277,0.2445,0.2133,STOP,PolygonStop,0.2842,-0.0256,0.2842,0.0,0.0
137.668,231.3,-3.4558,2.7805,-1.8124,-0.019,-0.01,480,6,116,277,0.2445,0.2133,STOP,PolygonStop,0.2842,-0.0256,0.2842,0.0,0.0
137.784,231.4,-3.4558,2.7805,-1.8124,-0.019,-0.01,480,6,116,277,0.2445,0.2133,STOP,PolygonStop,0.2842,-0.0256,0.2842,0.0,0.0
137.877,231.5,-3.4558,2.7805,-1.8124,-0.019,-0.01,480,6,116,277,0.2445,0.2133,STOP,PolygonStop,0.2842,-0.0256,0.2842,0.0,0.0
137.996,231.6,-3.4558,2.7805,-1.8124,-0.019,-0.01,480,6,116,277,0.2445,0.2133,STOP,PolygonStop,0.2842,-0.0256,0.2842,0.0,0.0
138.09,231.7,-3.4558,2.7805,-1.8124,-0.019,-0.01,480,6,116,277,0.2445,0.2133,STOP,PolygonStop,0.2842,-0.0256,0.2842,0.0,0.0
138.193,231.8,-3.4558,2.7805,-1.8124,-0.019,-0.01,480,6,116,277,0.2445,0.2133,STOP,PolygonStop,0.2842,-0.0256,0.2842,0.0,0.0
138.293,231.9,-3.4558,2.7805,-1.8124,-0.019,-0.01,480,6,116,277,0.2445,0.2133,STOP,PolygonStop,0.2842,-0.0256,0.2842,0.0,0.0
138.395,232.0,-3.4558,2.7805,-1.8124,-0.019,-0.01,480,6,116,277,0.2445,0.2133,STOP,PolygonStop,0.2842,-0.0256,0.2842,0.0,0.0
138.495,232.1,-3.4558,2.7805,-1.8124,-0.019,-0.01,480,6,116,277,0.2445,0.2133,STOP,PolygonStop,0.2842,-0.0256,0.2842,0.0,0.0
138.598,232.2,-3.4558,2.7805,-1.8124,-0.019,-0.01,480,6,116,277,0.2445,0.2133,STOP,PolygonStop,0.2842,-0.0256,0.2842,0.0,0.0
138.694,232.3,-3.4558,2.7805,-1.8124,-0.019,-0.01,480,6,116,277,0.2445,0.2133,STOP,PolygonStop,0.2842,-0.0256,0.2842,0.0,0.0
138.797,232.4,-3.4558,2.7805,-1.8124,-0.019,-0.01,480,6,116,277,0.2445,0.2133,STOP,PolygonStop,0.2842,-0.0256,0.2842,0.0,0.0
138.902,232.5,-3.4558,2.7805,-1.8124,-0.019,-0.01,480,6,116,277,0.2445,0.2133,STOP,PolygonStop,0.2842,-0.0256,0.2842,0.0,0.0
139.003,232.6,-3.4558,2.7805,-1.8124,-0.019,-0.01,480,6,116,277,0.2445,0.2133,STOP,PolygonStop,0.2842,-0.0256,0.2842,0.0,0.0
139.1,232.7,-3.4558,2.7805,-1.8124,-0.019,-0.01,480,6,116,277,0.2445,0.2133,STOP,PolygonStop,0.2842,-0.0256,0.2842,0.0,0.0
139.226,232.8,-3.4558,2.7805,-1.8124,-0.019,-0.01,480,6,116,277,0.2445,0.2133,STOP,PolygonStop,0.2842,-0.0256,0.2842,0.0,0.0
139.31,232.9,-3.4558,2.7805,-1.8124,-0.019,-0.01,480,6,116,277,0.2445,0.2133,STOP,PolygonStop,0.2842,-0.0256,0.2842,0.0,0.0
139.41,233.0,-3.4558,2.7805,-1.8124,-0.019,-0.01,480,6,116,277,0.2445,0.2133,STOP,PolygonStop,0.2842,-0.0256,0.2842,0.0,0.0
139.509,233.1,-3.4558,2.7805,-1.8124,-0.019,-0.01,480,6,116,277,0.2445,0.2133,STOP,PolygonStop,0.2842,-0.0256,0.2842,0.0,0.0
139.61,233.2,-3.4558,2.7805,-1.8124,-0.019,-0.01,480,6,116,277,0.2445,0.2133,STOP,PolygonStop,0.2842,-0.0256,0.2842,0.0,0.0
139.713,233.3,-3.4558,2.7805,-1.8124,-0.019,-0.01,480,6,116,277,0.2445,0.2133,STOP,PolygonStop,0.2842,-0.0256,0.2842,0.0,0.0
139.815,233.4,-3.4558,2.7805,-1.8124,-0.019,-0.01,480,6,116,277,0.2445,0.2133,STOP,PolygonStop,0.2842,-0.0256,0.2842,0.0,0.0
139.908,233.5,-3.4558,2.7805,-1.8124,-0.019,-0.01,480,6,116,277,0.2445,0.2133,STOP,PolygonStop,0.2842,-0.0256,0.2842,0.0,0.0
140.018,233.6,-3.4558,2.7805,-1.8124,-0.019,-0.01,480,6,116,277,0.2445,0.2133,STOP,PolygonStop,0.2842,-0.0256,0.2842,0.0,0.0
140.109,233.7,-3.4558,2.7805,-1.8124,-0.019,-0.01,480,6,116,277,0.2445,0.2133,STOP,PolygonStop,0.2842,-0.0256,0.2842,0.0,0.0
140.21,233.8,-3.4558,2.7805,-1.8124,-0.019,-0.01,480,6,116,277,0.2445,0.2133,STOP,PolygonStop,0.2842,-0.0256,0.2842,0.0,0.0
140.311,233.9,-3.4558,2.7805,-1.8124,-0.019,-0.01,480,6,116,277,0.2445,0.2133,STOP,PolygonStop,0.2842,-0.0256,0.2842,0.0,0.0
140.415,234.0,-3.4558,2.7805,-1.8124,-0.019,-0.01,480,6,116,277,0.2445,0.2133,STOP,PolygonStop,0.2842,-0.0256,0.2842,0.0,0.0
140.514,234.1,-3.4558,2.7805,-1.8124,-0.019,-0.01,480,6,116,277,0.2445,0.2133,STOP,PolygonStop,0.2842,-0.0256,0.2842,0.0,0.0
140.62,234.2,-3.4558,2.7805,-1.8124,-0.019,-0.01,480,6,116,277,0.2445,0.2133,STOP,PolygonStop,0.2842,-0.0256,0.2842,0.0,0.0
140.732,234.3,-3.4558,2.7805,-1.8124,-0.019,-0.01,480,6,116,277,0.2445,0.2133,STOP,PolygonStop,0.2842,-0.0256,0.2842,0.0,0.0
140.823,234.4,-3.4558,2.7805,-1.8124,-0.019,-0.01,480,6,116,277,0.2445,0.2133,STOP,PolygonStop,0.2842,-0.0256,0.2842,0.0,0.0
140.934,234.5,-3.4558,2.7805,-1.8124,-0.019,-0.01,480,6,116,277,0.2445,0.2133,STOP,PolygonStop,0.2842,-0.0256,0.2842,0.0,0.0
141.02,234.6,-3.4558,2.7805,-1.8124,-0.019,-0.01,480,6,116,277,0.2445,0.2133,STOP,PolygonStop,0.2842,-0.0256,0.2842,0.0,0.0
141.144,234.7,-3.4558,2.7805,-1.8124,-0.019,-0.01,480,6,116,277,0.2445,0.2133,STOP,PolygonStop,0.2842,-0.0256,0.2842,0.0,0.0
141.234,234.8,-3.4558,2.7805,-1.8124,-0.019,-0.01,480,6,116,277,0.2445,0.2133,STOP,PolygonStop,0.2842,-0.0256,0.2842,0.0,0.0
141.347,234.9,-3.4558,2.7805,-1.8124,-0.019,-0.01,480,6,116,277,0.2445,0.2133,STOP,PolygonStop,0.2842,-0.0256,0.2842,0.0,0.0
141.447,235.0,-3.4558,2.7805,-1.8124,-0.019,-0.01,480,6,116,277,0.2445,0.2133,STOP,PolygonStop,0.2842,-0.0256,0.2842,0.0,0.0
141.564,235.1,-3.4558,2.7805,-1.8124,-0.019,-0.01,480,6,116,277,0.2445,0.2133,STOP,PolygonStop,0.2842,-0.0256,0.2842,0.0,0.0
141.649,235.2,-3.4558,2.7805,-1.8124,-0.019,-0.01,480,6,116,277,0.2445,0.2133,STOP,PolygonStop,0.2842,-0.0256,0.2842,0.0,0.0
141.76,235.3,-3.4558,2.7805,-1.8124,-0.019,-0.01,480,6,116,277,0.2445,0.2133,STOP,PolygonStop,0.2842,-0.0256,0.2842,0.0,0.0
141.855,235.4,-3.4558,2.7805,-1.8124,-0.019,-0.01,480,6,116,277,0.2445,0.2133,STOP,PolygonStop,0.2842,-0.0256,0.2842,0.0,0.0
141.954,235.5,-3.4558,2.7805,-1.8124,-0.019,-0.01,480,6,116,277,0.2445,0.2133,STOP,PolygonStop,0.2842,-0.0256,0.2842,0.0,0.0
142.056,235.6,-3.4558,2.7805,-1.8124,-0.019,-0.01,480,6,116,277,0.2445,0.2133,STOP,PolygonStop,0.2842,-0.0256,0.2842,0.0,0.0
142.156,235.7,-3.4558,2.7805,-1.8124,-0.019,-0.01,480,6,116,277,0.2445,0.2133,STOP,PolygonStop,0.2842,-0.0256,0.2842,0.0,0.0
142.255,235.8,-3.4558,2.7805,-1.8124,-0.019,-0.01,480,6,116,277,0.2445,0.2133,STOP,PolygonStop,0.2842,-0.0256,0.2842,0.0,0.0
142.365,235.9,-3.4558,2.7805,-1.8124,-0.019,-0.01,480,6,116,277,0.2445,0.2133,STOP,PolygonStop,0.2842,-0.0256,0.2842,0.0,0.0
142.46,236.0,-3.4558,2.7805,-1.8124,-0.019,-0.01,480,6,116,277,0.2445,0.2133,STOP,PolygonStop,0.2842,-0.0256,0.2842,0.0,0.0
142.555,236.1,-3.4558,2.7805,-1.8124,-0.019,-0.01,480,6,116,277,0.2445,0.2133,STOP,PolygonStop,0.2842,-0.0256,0.2842,0.0,0.0
142.654,236.2,-3.4558,2.7805,-1.8124,-0.019,-0.01,480,6,116,277,0.2445,0.2133,STOP,PolygonStop,0.2842,-0.0256,0.2842,0.0,0.0
142.754,236.3,-3.4558,2.7805,-1.8124,-0.019,-0.01,480,6,116,277,0.2445,0.2133,STOP,PolygonStop,0.2842,-0.0256,0.2842,0.0,0.0
142.855,236.4,-3.4558,2.7805,-1.8124,-0.019,-0.01,480,6,116,277,0.2445,0.2133,STOP,PolygonStop,-0.15,0.0,0.1592,0.0,0.0
142.955,236.5,-3.4558,2.7805,-1.8124,-0.019,-0.01,480,6,116,277,0.2445,0.2133,STOP,PolygonStop,-0.15,0.0,-0.0908,0.0,0.0
143.056,236.6,-3.4558,2.7805,-1.8124,-0.019,-0.01,480,6,116,277,0.2445,0.2133,STOP,PolygonStop,-0.15,0.0,-0.15,0.0,0.0
143.155,236.7,-3.4558,2.7805,-1.8124,-0.019,-0.01,480,6,116,277,0.2445,0.2133,STOP,PolygonStop,-0.15,0.0,-0.15,0.0,0.0
143.267,236.8,-3.4558,2.7805,-1.8124,-0.019,-0.01,480,6,116,277,0.2445,0.2133,STOP,PolygonStop,-0.15,0.0,-0.15,0.0,0.0
143.369,236.9,-3.4558,2.7805,-1.8124,-0.019,-0.01,480,6,116,277,0.2445,0.2133,STOP,PolygonStop,-0.15,0.0,-0.15,0.0,0.0
143.47,237.0,-3.4558,2.7805,-1.8124,-0.019,-0.01,480,6,116,277,0.2445,0.2133,STOP,PolygonStop,-0.15,0.0,-0.15,0.0,0.0
143.58,237.1,-3.4558,2.7805,-1.8124,-0.019,-0.01,480,6,116,277,0.2445,0.2133,STOP,PolygonStop,-0.15,0.0,-0.15,0.0,0.0
143.676,237.2,-3.4558,2.7805,-1.8124,-0.019,-0.01,480,6,116,277,0.2445,0.2133,STOP,PolygonStop,-0.15,0.0,-0.15,0.0,0.0
143.782,237.3,-3.4558,2.7805,-1.8124,-0.019,-0.01,480,6,116,277,0.2445,0.2133,STOP,PolygonStop,-0.15,0.0,-0.15,0.0,0.0
143.882,237.4,-3.4558,2.7805,-1.8124,-0.019,-0.01,480,6,116,277,0.2445,0.2133,STOP,PolygonStop,-0.15,0.0,-0.15,0.0,0.0
143.99,237.5,-3.4558,2.7805,-1.8124,-0.019,-0.01,480,6,116,277,0.2445,0.2133,STOP,PolygonStop,-0.15,0.0,-0.15,0.0,0.0
144.104,237.6,-3.4558,2.7805,-1.8124,-0.019,-0.01,480,6,116,277,0.2445,0.2133,STOP,PolygonStop,-0.15,0.0,-0.15,0.0,0.0
144.189,237.7,-3.4558,2.7805,-1.8124,-0.019,-0.01,480,6,116,277,0.2445,0.2133,STOP,PolygonStop,-0.15,0.0,-0.15,0.0,0.0
144.307,237.8,-3.4558,2.7805,-1.8124,-0.019,-0.01,480,6,116,277,0.2445,0.2133,STOP,PolygonStop,-0.15,0.0,-0.15,0.0,0.0
144.399,237.9,-3.4558,2.7805,-1.8124,-0.019,-0.01,480,6,116,277,0.2445,0.2133,STOP,PolygonStop,-0.15,0.0,-0.15,0.0,0.0
144.504,238.0,-3.4558,2.7805,-1.8124,-0.019,-0.01,480,6,116,277,0.2445,0.2133,STOP,PolygonStop,-0.15,0.0,-0.15,0.0,0.0
144.604,238.1,-3.4558,2.7805,-1.8124,-0.019,-0.01,480,6,116,277,0.2445,0.2133,STOP,PolygonStop,-0.15,0.0,-0.15,0.0,0.0
144.724,238.2,-3.4558,2.7805,-1.8124,-0.019,-0.01,480,6,116,277,0.2445,0.2133,STOP,PolygonStop,-0.15,0.0,-0.15,0.0,0.0
144.819,238.3,-3.4558,2.7805,-1.8124,-0.019,-0.01,480,6,116,277,0.2445,0.2133,STOP,PolygonStop,-0.15,0.0,-0.15,0.0,0.0
144.928,238.4,-3.4558,2.7805,-1.8124,-0.019,-0.01,480,6,116,277,0.2445,0.2133,STOP,PolygonStop,-0.15,0.0,-0.15,0.0,0.0
145.033,238.5,-3.4558,2.7805,-1.8124,-0.019,-0.01,480,6,116,277,0.2445,0.2133,STOP,PolygonStop,-0.15,0.0,-0.15,0.0,0.0
145.13,238.6,-3.4558,2.7805,-1.8124,-0.019,-0.01,480,6,116,277,0.2445,0.2133,STOP,PolygonStop,-0.15,0.0,-0.15,0.0,0.0
145.232,238.7,-3.4558,2.7805,-1.8124,-0.019,-0.01,480,6,116,277,0.2445,0.2133,STOP,PolygonStop,-0.15,0.0,-0.15,0.0,0.0
145.333,238.8,-3.4558,2.7805,-1.8124,-0.019,-0.01,480,6,116,277,0.2445,0.2133,STOP,PolygonStop,-0.15,0.0,-0.15,0.0,0.0
145.438,238.9,-3.4558,2.7805,-1.8124,-0.019,-0.01,480,6,116,277,0.2445,0.2133,STOP,PolygonStop,-0.15,0.0,-0.15,0.0,0.0
145.537,239.0,-3.4558,2.7805,-1.8124,-0.019,-0.01,480,6,116,277,0.2445,0.2133,STOP,PolygonStop,-0.15,0.0,-0.15,0.0,0.0
145.636,239.1,-3.4558,2.7805,-1.8124,-0.019,-0.01,480,6,116,277,0.2445,0.2133,STOP,PolygonStop,-0.15,0.0,-0.15,0.0,0.0
145.739,239.2,-3.4558,2.7805,-1.8124,-0.019,-0.01,480,6,116,277,0.2445,0.2133,STOP,PolygonStop,-0.15,0.0,-0.15,0.0,0.0
145.841,239.3,-3.4558,2.7805,-1.8124,-0.019,-0.01,480,6,116,277,0.2445,0.2133,STOP,PolygonStop,-0.15,0.0,-0.15,0.0,0.0
145.936,239.4,-3.4558,2.7805,-1.8124,-0.019,-0.01,480,6,116,277,0.2445,0.2133,STOP,PolygonStop,-0.15,0.0,-0.15,0.0,0.0
146.036,239.5,-3.4558,2.7805,-1.8124,-0.019,-0.01,480,6,116,277,0.2445,0.2133,STOP,PolygonStop,-0.15,0.0,-0.15,0.0,0.0
146.147,239.6,-3.4558,2.7805,-1.8124,-0.019,-0.01,480,6,116,277,0.2445,0.2133,STOP,PolygonStop,-0.15,0.0,-0.15,0.0,0.0
146.243,239.7,-3.4558,2.7805,-1.8124,-0.019,-0.01,480,6,116,277,0.2445,0.2133,STOP,PolygonStop,-0.15,0.0,-0.15,0.0,0.0
146.339,239.8,-3.4558,2.7805,-1.8124,-0.019,-0.01,480,6,116,277,0.2445,0.2133,STOP,PolygonStop,-0.15,0.0,-0.15,0.0,0.0
146.438,239.9,-3.4558,2.7805,-1.8124,-0.019,-0.01,480,6,116,277,0.2445,0.2133,STOP,PolygonStop,-0.15,0.0,-0.15,0.0,0.0
146.547,240.0,-3.4558,2.7805,-1.8124,-0.019,-0.01,480,6,116,277,0.2445,0.2133,STOP,PolygonStop,-0.15,0.0,-0.15,0.0,0.0
146.64,240.1,-3.4558,2.7805,-1.8124,-0.019,-0.01,480,6,116,277,0.2445,0.2133,STOP,PolygonStop,-0.15,0.0,-0.15,0.0,0.0
146.741,240.2,-3.4558,2.7805,-1.8124,-0.019,-0.01,480,6,116,277,0.2445,0.2133,STOP,PolygonStop,-0.15,0.0,-0.15,0.0,0.0
146.853,240.3,-3.4558,2.7805,-1.8124,-0.019,-0.01,480,6,116,277,0.2445,0.2133,STOP,PolygonStop,-0.15,0.0,-0.15,0.0,0.0
146.958,240.4,-3.4558,2.7805,-1.8124,-0.019,-0.01,480,6,116,277,0.2445,0.2133,STOP,PolygonStop,-0.15,0.0,-0.15,0.0,0.0
147.06,240.5,-3.4558,2.7805,-1.8124,-0.019,-0.01,480,6,116,277,0.2445,0.2133,STOP,PolygonStop,-0.15,0.0,-0.15,0.0,0.0
147.178,240.6,-3.4558,2.7805,-1.8124,-0.019,-0.01,480,6,116,277,0.2445,0.2133,STOP,PolygonStop,-0.15,0.0,-0.15,0.0,0.0
147.267,240.7,-3.4558,2.7805,-1.8124,-0.019,-0.01,480,6,116,277,0.2445,0.2133,STOP,PolygonStop,-0.15,0.0,-0.15,0.0,0.0
147.378,240.8,-3.4558,2.7805,-1.8124,-0.019,-0.01,480,6,116,277,0.2445,0.2133,STOP,PolygonStop,-0.15,0.0,-0.15,0.0,0.0
147.49,240.9,-3.4558,2.7805,-1.8124,-0.019,-0.01,480,6,116,277,0.2445,0.2133,STOP,PolygonStop,-0.15,0.0,-0.15,0.0,0.0
147.575,241.0,-3.4558,2.7805,-1.8124,-0.019,-0.01,480,6,116,277,0.2445,0.2133,STOP,PolygonStop,-0.15,0.0,-0.15,0.0,0.0
147.691,241.1,-3.4558,2.7805,-1.8124,-0.019,-0.01,480,6,116,277,0.2445,0.2133,STOP,PolygonStop,-0.15,0.0,-0.15,0.0,0.0
147.778,241.2,-3.4558,2.7805,-1.8124,-0.019,-0.01,480,6,116,277,0.2445,0.2133,STOP,PolygonStop,-0.15,0.0,-0.15,0.0,0.0
147.896,241.3,-3.4558,2.7805,-1.8124,-0.019,-0.01,480,6,116,277,0.2445,0.2133,STOP,PolygonStop,-0.15,0.0,-0.15,0.0,0.0
147.999,241.4,-3.4558,2.7805,-1.8124,-0.019,-0.01,480,6,116,277,0.2445,0.2133,STOP,PolygonStop,-0.15,0.0,-0.15,0.0,0.0
148.101,241.5,-3.4558,2.7805,-1.8124,-0.019,-0.01,480,6,116,277,0.2445,0.2133,STOP,PolygonStop,-0.15,0.0,-0.15,0.0,0.0
148.204,241.6,-3.4558,2.7805,-1.8124,-0.019,-0.01,480,6,116,277,0.2445,0.2133,STOP,PolygonStop,-0.15,0.0,-0.15,0.0,0.0
148.317,241.7,-3.4558,2.7805,-1.8124,-0.019,-0.01,480,6,116,277,0.2445,0.2133,STOP,PolygonStop,-0.15,0.0,-0.15,0.0,0.0
148.417,241.8,-3.4558,2.7805,-1.8124,-0.019,-0.01,480,6,116,277,0.2445,0.2133,STOP,PolygonStop,-0.15,0.0,-0.15,0.0,0.0
148.522,241.9,-3.4558,2.7805,-1.8124,-0.019,-0.01,480,6,116,277,0.2445,0.2133,STOP,PolygonStop,-0.15,0.0,-0.15,0.0,0.0
148.625,242.0,-3.4558,2.7805,-1.8124,-0.019,-0.01,480,6,116,277,0.2445,0.2133,STOP,PolygonStop,-0.15,0.0,-0.15,0.0,0.0
148.723,242.1,-3.4558,2.7805,-1.8124,-0.019,-0.01,480,6,116,277,0.2445,0.2133,STOP,PolygonStop,-0.15,0.0,-0.15,0.0,0.0
148.822,242.2,-3.4558,2.7805,-1.8124,-0.019,-0.01,480,6,116,277,0.2445,0.2133,STOP,PolygonStop,-0.15,0.0,-0.15,0.0,0.0
148.924,242.3,-3.4558,2.7805,-1.8124,-0.019,-0.01,480,6,116,277,0.2445,0.2133,STOP,PolygonStop,-0.15,0.0,-0.15,0.0,0.0
149.02,242.4,-3.4558,2.7805,-1.8124,-0.019,-0.01,480,6,116,277,0.2445,0.2133,STOP,PolygonStop,-0.15,0.0,-0.15,0.0,0.0
149.123,242.5,-3.4558,2.7805,-1.8124,-0.019,-0.01,480,6,116,277,0.2445,0.2133,STOP,PolygonStop,-0.15,0.0,-0.15,0.0,0.0
149.221,242.6,-3.4558,2.7805,-1.8124,-0.019,-0.01,480,6,116,277,0.2445,0.2133,STOP,PolygonStop,-0.15,0.0,-0.15,0.0,0.0
149.323,242.7,-3.4558,2.7805,-1.8124,-0.019,-0.01,480,6,116,277,0.2445,0.2133,STOP,PolygonStop,-0.15,0.0,-0.15,0.0,0.0
149.421,242.8,-3.4558,2.7805,-1.8124,-0.019,-0.01,480,6,116,277,0.2445,0.2133,STOP,PolygonStop,-0.15,0.0,-0.15,0.0,0.0
149.532,242.9,-3.4558,2.7805,-1.8124,-0.019,-0.01,480,6,116,277,0.2445,0.2133,STOP,PolygonStop,-0.15,0.0,-0.15,0.0,0.0
149.631,243.0,-3.4558,2.7805,-1.8124,-0.019,-0.01,480,6,116,277,0.2445,0.2133,STOP,PolygonStop,-0.15,0.0,-0.15,0.0,0.0
149.728,243.1,-3.4558,2.7805,-1.8124,-0.019,-0.01,480,6,116,277,0.2445,0.2133,STOP,PolygonStop,-0.15,0.0,-0.15,0.0,0.0
149.83,243.2,-3.4558,2.7805,-1.8124,-0.019,-0.01,480,6,116,277,0.2445,0.2133,STOP,PolygonStop,-0.15,0.0,-0.15,0.0,0.0
149.93,243.3,-3.4558,2.7805,-1.8124,-0.019,-0.01,480,6,116,277,0.2445,0.2133,STOP,PolygonStop,-0.15,0.0,-0.15,0.0,0.0
150.03,243.4,-3.4558,2.7805,-1.8124,-0.019,-0.01,480,6,116,277,0.2445,0.2133,STOP,PolygonStop,-0.15,0.0,-0.15,0.0,0.0
150.133,243.5,-3.4558,2.7805,-1.8124,-0.019,-0.01,480,6,116,277,0.2445,0.2133,STOP,PolygonStop,-0.15,0.0,-0.15,0.0,0.0
150.23,243.6,-3.4558,2.7805,-1.8124,-0.019,-0.01,480,6,116,277,0.2445,0.2133,STOP,PolygonStop,-0.15,0.0,-0.15,0.0,0.0
150.332,243.7,-3.4558,2.7805,-1.8124,-0.019,-0.01,480,6,116,277,0.2445,0.2133,STOP,PolygonStop,-0.15,0.0,-0.15,0.0,0.0
150.441,243.8,-3.4558,2.7805,-1.8124,-0.019,-0.01,480,6,116,277,0.2445,0.2133,STOP,PolygonStop,-0.15,0.0,-0.15,0.0,0.0
150.547,243.9,-3.4558,2.7805,-1.8124,-0.019,-0.01,480,6,116,277,0.2445,0.2133,STOP,PolygonStop,-0.15,0.0,-0.15,0.0,0.0
150.646,244.0,-3.4558,2.7805,-1.8124,-0.019,-0.01,480,6,116,277,0.2445,0.2133,STOP,PolygonStop,-0.15,0.0,-0.15,0.0,0.0
150.753,244.1,-3.4558,2.7805,-1.8124,-0.019,-0.01,480,6,116,277,0.2445,0.2133,STOP,PolygonStop,-0.15,0.0,-0.15,0.0,0.0
150.886,244.2,-3.4558,2.7805,-1.8124,-0.019,-0.01,480,6,116,277,0.2445,0.2133,STOP,PolygonStop,-0.15,0.0,-0.15,0.0,0.0
150.955,244.3,-3.4558,2.7805,-1.8124,-0.019,-0.01,480,6,116,277,0.2445,0.2133,STOP,PolygonStop,-0.15,0.0,-0.15,0.0,0.0
151.074,244.4,-3.4558,2.7805,-1.8124,-0.019,-0.01,480,6,116,277,0.2445,0.2133,STOP,PolygonStop,-0.15,0.0,-0.15,0.0,0.0
151.156,244.5,-3.4558,2.7805,-1.8124,-0.019,-0.01,480,6,116,277,0.2445,0.2133,STOP,PolygonStop,-0.15,0.0,-0.15,0.0,0.0
151.264,244.6,-3.4558,2.7805,-1.8124,-0.019,-0.01,480,6,116,277,0.2445,0.2133,STOP,PolygonStop,-0.15,0.0,-0.15,0.0,0.0
151.365,244.7,-3.4558,2.7805,-1.8124,-0.019,-0.01,480,6,116,277,0.2445,0.2133,STOP,PolygonStop,-0.15,0.0,-0.15,0.0,0.0
151.477,244.8,-3.4558,2.7805,-1.8124,-0.019,-0.01,480,6,116,277,0.2445,0.2133,STOP,PolygonStop,-0.15,0.0,-0.15,0.0,0.0
151.574,244.9,-3.4558,2.7805,-1.8124,-0.019,-0.01,480,6,116,277,0.2445,0.2133,STOP,PolygonStop,-0.15,0.0,-0.15,0.0,0.0
151.685,245.0,-3.4558,2.7805,-1.8124,-0.019,-0.01,480,6,116,277,0.2445,0.2133,STOP,PolygonStop,-0.15,0.0,-0.15,0.0,0.0
151.784,245.1,-3.4558,2.7805,-1.8124,-0.019,-0.01,480,6,116,277,0.2445,0.2133,STOP,PolygonStop,-0.15,0.0,-0.15,0.0,0.0
151.895,245.2,-3.4558,2.7805,-1.8124,-0.019,-0.01,480,6,116,277,0.2445,0.2133,STOP,PolygonStop,-0.15,0.0,-0.15,0.0,0.0
152.004,245.3,-3.4558,2.7805,-1.8124,-0.019,-0.01,480,6,116,277,0.2445,0.2133,STOP,PolygonStop,-0.15,0.0,-0.15,0.0,0.0
152.108,245.4,-3.4558,2.7805,-1.8124,-0.019,-0.01,480,6,116,277,0.2445,0.2133,STOP,PolygonStop,-0.15,0.0,-0.15,0.0,0.0
152.211,245.5,-3.4558,2.7805,-1.8124,-0.019,-0.01,480,6,116,277,0.2445,0.2133,STOP,PolygonStop,-0.15,0.0,-0.15,0.0,0.0
152.32,245.6,-3.4558,2.7805,-1.8124,-0.019,-0.01,480,6,116,277,0.2445,0.2133,STOP,PolygonStop,-0.15,0.0,-0.15,0.0,0.0
152.408,245.7,-3.4558,2.7805,-1.8124,-0.019,-0.01,480,6,116,277,0.2445,0.2133,STOP,PolygonStop,-0.15,0.0,-0.15,0.0,0.0
152.51,245.8,-3.4558,2.7805,-1.8124,-0.019,-0.01,480,6,116,277,0.2445,0.2133,STOP,PolygonStop,-0.15,0.0,-0.15,0.0,0.0
152.61,245.9,-3.4558,2.7805,-1.8124,-0.019,-0.01,480,6,116,277,0.2445,0.2133,STOP,PolygonStop,-0.15,0.0,-0.15,0.0,0.0
152.708,246.0,-3.4558,2.7805,-1.8124,-0.019,-0.01,480,6,116,277,0.2445,0.2133,STOP,PolygonStop,-0.15,0.0,-0.15,0.0,0.0
152.809,246.1,-3.4558,2.7805,-1.8124,-0.019,-0.01,480,6,116,277,0.2445,0.2133,STOP,PolygonStop,-0.15,0.0,-0.15,0.0,0.0
152.906,246.2,-3.4558,2.7805,-1.8124,-0.019,-0.01,480,6,116,277,0.2445,0.2133,STOP,PolygonStop,-0.15,0.0,-0.15,0.0,0.0
153.008,246.3,-3.4558,2.7805,-1.8124,-0.019,-0.01,480,6,116,277,0.2445,0.2133,STOP,PolygonStop,-0.15,0.0,-0.15,0.0,0.0
153.113,246.4,-3.4558,2.7805,-1.8124,-0.019,-0.01,480,6,116,277,0.2445,0.2133,STOP,PolygonStop,0.0,0.0,-0.15,0.0,0.0
153.216,246.5,-3.4558,2.7805,-1.8124,-0.019,-0.01,480,6,116,277,0.2445,0.2133,STOP,PolygonStop,0.0,0.0,0.0,0.0,0.0
153.315,246.6,-3.4558,2.7805,-1.8124,-0.019,-0.01,480,6,116,277,0.2445,0.2133,STOP,PolygonStop,0.2842,-0.0256,0.25,0.0,0.0
153.413,246.7,-3.4558,2.7805,-1.8124,-0.019,-0.01,480,6,116,277,0.2445,0.2133,STOP,PolygonStop,0.2842,-0.0256,0.2842,0.0,0.0
153.513,246.8,-3.4558,2.7805,-1.8124,-0.019,-0.01,480,6,116,277,0.2445,0.2133,STOP,PolygonStop,0.2842,-0.0256,0.2842,0.0,0.0
153.613,246.9,-3.4558,2.7805,-1.8124,-0.019,-0.01,480,6,116,277,0.2445,0.2133,STOP,PolygonStop,0.2842,-0.0256,0.2842,0.0,0.0
153.715,247.0,-3.4558,2.7805,-1.8124,-0.019,-0.01,480,6,116,277,0.2445,0.2133,STOP,PolygonStop,0.2842,-0.0256,0.2842,0.0,0.0
153.816,247.1,-3.4558,2.7805,-1.8124,-0.019,-0.01,480,6,116,277,0.2445,0.2133,STOP,PolygonStop,0.2842,-0.0256,0.2842,0.0,0.0
153.92,247.2,-3.4558,2.7805,-1.8124,-0.019,-0.01,480,6,116,277,0.2445,0.2133,STOP,PolygonStop,0.2842,-0.0256,0.2842,0.0,0.0
154.018,247.3,-3.4558,2.7805,-1.8124,-0.019,-0.01,480,6,116,277,0.2445,0.2133,STOP,PolygonStop,0.2842,-0.0256,0.2842,0.0,0.0
154.123,247.4,-3.4558,2.7805,-1.8124,-0.019,-0.01,480,6,116,277,0.2445,0.2133,STOP,PolygonStop,0.2842,-0.0256,0.2842,0.0,0.0
154.245,247.5,-3.4558,2.7805,-1.8124,-0.019,-0.01,480,6,116,277,0.2445,0.2133,STOP,PolygonStop,0.2842,-0.0256,0.2842,0.0,0.0
154.329,247.6,-3.4558,2.7805,-1.8124,-0.019,-0.01,480,6,116,277,0.2445,0.2133,STOP,PolygonStop,0.2842,-0.0256,0.2842,0.0,0.0
154.438,247.7,-3.4558,2.7805,-1.8124,-0.019,-0.01,480,6,116,277,0.2445,0.2133,STOP,PolygonStop,0.2842,-0.0256,0.2842,0.0,0.0
154.524,247.8,-3.4558,2.7805,-1.8124,-0.019,-0.01,480,6,116,277,0.2445,0.2133,STOP,PolygonStop,0.2842,-0.0256,0.2842,0.0,0.0
154.64,247.9,-3.4558,2.7805,-1.8124,-0.019,-0.01,480,6,116,277,0.2445,0.2133,STOP,PolygonStop,0.2842,-0.0256,0.2842,0.0,0.0
154.741,248.0,-3.4558,2.7805,-1.8124,-0.019,-0.01,480,6,116,277,0.2445,0.2133,STOP,PolygonStop,0.2842,-0.0256,0.2842,0.0,0.0
154.845,248.1,-3.4558,2.7805,-1.8124,-0.019,-0.01,480,6,116,277,0.2445,0.2133,STOP,PolygonStop,0.2842,-0.0256,0.2842,0.0,0.0
154.943,248.2,-3.4558,2.7805,-1.8124,-0.019,-0.01,480,6,116,277,0.2445,0.2133,STOP,PolygonStop,0.2842,-0.0256,0.2842,0.0,0.0
155.063,248.3,-3.4558,2.7805,-1.8124,-0.019,-0.01,480,6,116,277,0.2445,0.2133,STOP,PolygonStop,0.2842,-0.0256,0.2842,0.0,0.0
155.154,248.4,-3.4558,2.7805,-1.8124,-0.019,-0.01,480,6,116,277,0.2445,0.2133,STOP,PolygonStop,0.2842,-0.0256,0.2842,0.0,0.0
155.259,248.5,-3.4558,2.7805,-1.8124,-0.019,-0.01,480,6,116,277,0.2445,0.2133,STOP,PolygonStop,0.2842,-0.0256,0.2842,0.0,0.0
155.368,248.6,-3.4558,2.7805,-1.8124,-0.019,-0.01,480,6,116,277,0.2445,0.2133,STOP,PolygonStop,0.2842,-0.0256,0.2842,0.0,0.0
155.468,248.7,-3.4558,2.7805,-1.8124,-0.019,-0.01,480,6,116,277,0.2445,0.2133,STOP,PolygonStop,0.2842,-0.0256,0.2842,0.0,0.0
155.566,248.8,-3.4558,2.7805,-1.8124,-0.019,-0.01,480,6,116,277,0.2445,0.2133,STOP,PolygonStop,0.2842,-0.0256,0.2842,0.0,0.0
155.673,248.9,-3.4558,2.7805,-1.8124,-0.019,-0.01,480,6,116,277,0.2445,0.2133,STOP,PolygonStop,0.2842,-0.0256,0.2842,0.0,0.0
155.765,249.0,-3.4558,2.7805,-1.8124,-0.019,-0.01,480,6,116,277,0.2445,0.2133,STOP,PolygonStop,0.2842,-0.0256,0.2842,0.0,0.0
155.875,249.1,-3.4558,2.7805,-1.8124,-0.019,-0.01,480,6,116,277,0.2445,0.2133,STOP,PolygonStop,0.2842,-0.0256,0.2842,0.0,0.0
155.968,249.2,-3.4558,2.7805,-1.8124,-0.019,-0.01,480,6,116,277,0.2445,0.2133,STOP,PolygonStop,0.2842,-0.0256,0.2842,0.0,0.0
156.073,249.3,-3.4558,2.7805,-1.8124,-0.019,-0.01,480,6,116,277,0.2445,0.2133,STOP,PolygonStop,0.2842,-0.0256,0.2842,0.0,0.0
156.168,249.4,-3.4558,2.7805,-1.8124,-0.019,-0.01,480,6,116,277,0.2445,0.2133,STOP,PolygonStop,0.2842,-0.0256,0.2842,0.0,0.0
156.273,249.5,-3.4558,2.7805,-1.8124,-0.019,-0.01,480,6,116,277,0.2445,0.2133,STOP,PolygonStop,0.2842,-0.0256,0.2842,0.0,0.0
156.368,249.6,-3.4558,2.7805,-1.8124,-0.019,-0.01,480,6,116,277,0.2445,0.2133,STOP,PolygonStop,0.2842,-0.0256,0.2842,0.0,0.0
156.471,249.7,-3.4558,2.7805,-1.8124,-0.019,-0.01,480,6,116,277,0.2445,0.2133,STOP,PolygonStop,0.2842,-0.0256,0.2842,0.0,0.0
156.568,249.8,-3.4558,2.7805,-1.8124,-0.019,-0.01,480,6,116,277,0.2445,0.2133,STOP,PolygonStop,0.2842,-0.0256,0.2842,0.0,0.0
156.669,249.9,-3.4558,2.7805,-1.8124,-0.019,-0.01,480,6,116,277,0.2445,0.2133,STOP,PolygonStop,0.2842,-0.0256,0.2842,0.0,0.0
156.768,250.0,-3.4558,2.7805,-1.8124,-0.019,-0.01,480,6,116,277,0.2445,0.2133,STOP,PolygonStop,0.2842,-0.0256,0.2842,0.0,0.0
156.869,250.1,-3.4558,2.7805,-1.8124,-0.019,-0.01,480,6,116,277,0.2445,0.2133,STOP,PolygonStop,0.2842,-0.0256,0.2842,0.0,0.0
156.968,250.2,-3.4558,2.7805,-1.8124,-0.019,-0.01,480,6,116,277,0.2445,0.2133,STOP,PolygonStop,0.2842,-0.0256,0.2842,0.0,0.0
157.079,250.3,-3.4558,2.7805,-1.8124,-0.019,-0.01,480,6,116,277,0.2445,0.2133,STOP,PolygonStop,0.2842,-0.0256,0.2842,0.0,0.0
157.168,250.4,-3.4558,2.7805,-1.8124,-0.019,-0.01,480,6,116,277,0.2445,0.2133,STOP,PolygonStop,0.2842,-0.0256,0.2842,0.0,0.0
157.272,250.5,-3.4558,2.7805,-1.8124,-0.019,-0.01,480,6,116,277,0.2445,0.2133,STOP,PolygonStop,0.2842,-0.0256,0.2842,0.0,0.0
157.371,250.6,-3.4558,2.7805,-1.8124,-0.019,-0.01,480,6,116,277,0.2445,0.2133,STOP,PolygonStop,0.2842,-0.0256,0.2842,0.0,0.0
157.476,250.7,-3.4558,2.7805,-1.8124,-0.019,-0.01,480,6,116,277,0.2445,0.2133,STOP,PolygonStop,0.2842,-0.0256,0.2842,0.0,0.0
157.601,250.8,-3.4558,2.7805,-1.8124,-0.019,-0.01,480,6,116,277,0.2445,0.2133,STOP,PolygonStop,0.2842,-0.0256,0.2842,0.0,0.0
157.688,250.9,-3.4558,2.7805,-1.8124,-0.019,-0.01,480,6,116,277,0.2445,0.2133,STOP,PolygonStop,0.2842,-0.0256,0.2842,0.0,0.0
157.806,251.0,-3.4558,2.7805,-1.8124,-0.019,-0.01,480,6,116,277,0.2445,0.2133,STOP,PolygonStop,0.2842,-0.0256,0.2842,0.0,0.0
157.877,251.1,-3.4558,2.7805,-1.8124,-0.019,-0.01,480,6,116,277,0.2445,0.2133,STOP,PolygonStop,0.2842,-0.0256,0.2842,0.0,0.0
157.993,251.2,-3.4558,2.7805,-1.8124,-0.019,-0.01,480,6,116,277,0.2445,0.2133,STOP,PolygonStop,0.2842,-0.0256,0.2842,0.0,0.0
158.093,251.3,-3.4558,2.7805,-1.8124,-0.019,-0.01,480,6,116,277,0.2445,0.2133,STOP,PolygonStop,0.2842,-0.0256,0.2842,0.0,0.0
158.198,251.4,-3.4558,2.7805,-1.8124,-0.019,-0.01,480,6,116,277,0.2445,0.2133,STOP,PolygonStop,0.2842,-0.0256,0.2842,0.0,0.0
158.297,251.5,-3.4558,2.7805,-1.8124,-0.019,-0.01,480,6,116,277,0.2445,0.2133,STOP,PolygonStop,0.2842,-0.0256,0.2842,0.0,0.0
158.402,251.6,-3.4558,2.7805,-1.8124,-0.019,-0.01,480,6,116,277,0.2445,0.2133,STOP,PolygonStop,0.2842,-0.0256,0.2842,0.0,0.0
158.509,251.7,-3.4558,2.7805,-1.8124,-0.019,-0.01,480,6,116,277,0.2445,0.2133,STOP,PolygonStop,0.2842,-0.0256,0.2842,0.0,0.0
158.605,251.8,-3.4558,2.7805,-1.8124,-0.019,-0.01,480,6,116,277,0.2445,0.2133,STOP,PolygonStop,0.2842,-0.0256,0.2842,0.0,0.0
158.705,251.9,-3.4558,2.7805,-1.8124,-0.019,-0.01,480,6,116,277,0.2445,0.2133,STOP,PolygonStop,0.2842,-0.0256,0.2842,0.0,0.0
158.807,252.0,-3.4558,2.7805,-1.8124,-0.019,-0.01,480,6,116,277,0.2445,0.2133,STOP,PolygonStop,0.2842,-0.0256,0.2842,0.0,0.0
158.915,252.1,-3.4558,2.7805,-1.8124,-0.019,-0.01,480,6,116,277,0.2445,0.2133,STOP,PolygonStop,0.2842,-0.0256,0.2842,0.0,0.0
159.03,252.2,-3.4558,2.7805,-1.8124,-0.019,-0.01,480,6,116,277,0.2445,0.2133,STOP,PolygonStop,0.2842,-0.0256,0.2842,0.0,0.0
159.116,252.3,-3.4558,2.7805,-1.8124,-0.019,-0.01,480,6,116,277,0.2445,0.2133,STOP,PolygonStop,0.2842,-0.0256,0.2842,0.0,0.0
159.221,252.4,-3.4558,2.7805,-1.8124,-0.019,-0.01,480,6,116,277,0.2445,0.2133,STOP,PolygonStop,0.2842,-0.0256,0.2842,0.0,0.0
159.316,252.5,-3.4558,2.7805,-1.8124,-0.019,-0.01,480,6,116,277,0.2445,0.2133,STOP,PolygonStop,0.2842,-0.0256,0.2842,0.0,0.0
159.419,252.6,-3.4558,2.7805,-1.8124,-0.019,-0.01,480,6,116,277,0.2445,0.2133,STOP,PolygonStop,0.2842,-0.0256,0.2842,0.0,0.0
159.516,252.7,-3.4558,2.7805,-1.8124,-0.019,-0.01,480,6,116,277,0.2445,0.2133,STOP,PolygonStop,0.2842,-0.0256,0.2842,0.0,0.0
159.617,252.8,-3.4558,2.7805,-1.8124,-0.019,-0.01,480,6,116,277,0.2445,0.2133,STOP,PolygonStop,0.2842,-0.0256,0.2842,0.0,0.0
159.727,252.9,-3.4558,2.7805,-1.8124,-0.019,-0.01,480,6,116,277,0.2445,0.2133,STOP,PolygonStop,0.2842,-0.0256,0.2842,0.0,0.0
159.828,253.0,-3.4558,2.7805,-1.8124,-0.019,-0.01,480,6,116,277,0.2445,0.2133,STOP,PolygonStop,0.2842,-0.0256,0.2842,0.0,0.0
159.929,253.1,-3.4558,2.7805,-1.8124,-0.019,-0.01,480,6,116,277,0.2445,0.2133,STOP,PolygonStop,0.2842,-0.0256,0.2842,0.0,0.0
160.026,253.2,-3.4558,2.7805,-1.8124,-0.019,-0.01,480,6,116,277,0.2445,0.2133,STOP,PolygonStop,0.2842,-0.0256,0.2842,0.0,0.0
160.131,253.3,-3.4558,2.7805,-1.8124,-0.019,-0.01,480,6,116,277,0.2445,0.2133,STOP,PolygonStop,0.2842,-0.0256,0.2842,0.0,0.0
160.235,253.4,-3.4558,2.7805,-1.8124,-0.019,-0.01,480,6,116,277,0.2445,0.2133,STOP,PolygonStop,0.2842,-0.0256,0.2842,0.0,0.0
160.33,253.5,-3.4558,2.7805,-1.8124,-0.019,-0.01,480,6,116,277,0.2445,0.2133,STOP,PolygonStop,0.2842,-0.0256,0.2842,0.0,0.0
160.43,253.6,-3.4558,2.7805,-1.8124,-0.019,-0.01,480,6,116,277,0.2445,0.2133,STOP,PolygonStop,0.2842,-0.0256,0.2842,0.0,0.0
160.53,253.7,-3.4558,2.7805,-1.8124,-0.019,-0.01,480,6,116,277,0.2445,0.2133,STOP,PolygonStop,0.2842,-0.0256,0.2842,0.0,0.0
160.637,253.8,-3.4558,2.7805,-1.8124,-0.019,-0.01,480,6,116,277,0.2445,0.2133,STOP,PolygonStop,0.2842,-0.0256,0.2842,0.0,0.0
160.74,253.9,-3.4558,2.7805,-1.8124,-0.019,-0.01,480,6,116,277,0.2445,0.2133,STOP,PolygonStop,0.2842,-0.0256,0.2842,0.0,0.0
160.846,254.0,-3.4558,2.7805,-1.8124,-0.019,-0.01,480,6,116,277,0.2445,0.2133,STOP,PolygonStop,0.2842,-0.0256,0.2842,0.0,0.0
160.967,254.1,-3.4558,2.7805,-1.8124,-0.019,-0.01,480,6,116,277,0.2445,0.2133,STOP,PolygonStop,0.2842,-0.0256,0.2842,0.0,0.0
161.057,254.2,-3.4558,2.7805,-1.8124,-0.019,-0.01,480,6,116,277,0.2445,0.2133,STOP,PolygonStop,0.2842,-0.0256,0.2842,0.0,0.0
161.157,254.3,-3.4558,2.7805,-1.8124,-0.019,-0.01,480,6,116,277,0.2445,0.2133,STOP,PolygonStop,0.2842,-0.0256,0.2842,0.0,0.0
161.247,254.4,-3.4558,2.7805,-1.8124,-0.019,-0.01,480,6,116,277,0.2445,0.2133,STOP,PolygonStop,0.2842,-0.0256,0.2842,0.0,0.0
161.357,254.5,-3.4558,2.7805,-1.8124,-0.019,-0.01,480,6,116,277,0.2445,0.2133,STOP,PolygonStop,0.2842,-0.0256,0.2842,0.0,0.0
161.464,254.6,-3.4558,2.7805,-1.8124,-0.019,-0.01,480,6,116,277,0.2445,0.2133,STOP,PolygonStop,0.2842,-0.0256,0.2842,0.0,0.0
161.562,254.7,-3.4558,2.7805,-1.8124,-0.019,-0.01,480,6,116,277,0.2445,0.2133,STOP,PolygonStop,0.2842,-0.0256,0.2842,0.0,0.0
161.662,254.8,-3.4558,2.7805,-1.8124,-0.019,-0.01,480,6,116,277,0.2445,0.2133,STOP,PolygonStop,0.2842,-0.0256,0.2842,0.0,0.0
161.768,254.9,-3.4558,2.7805,-1.8124,-0.019,-0.01,480,6,116,277,0.2445,0.2133,STOP,PolygonStop,0.2842,-0.0256,0.2842,0.0,0.0
161.87,255.0,-3.4558,2.7805,-1.8124,-0.019,-0.01,480,6,116,277,0.2445,0.2133,STOP,PolygonStop,0.2842,-0.0256,0.2842,0.0,0.0
161.979,255.1,-3.4558,2.7805,-1.8124,-0.019,-0.01,480,6,116,277,0.2445,0.2133,STOP,PolygonStop,0.2842,-0.0256,0.2842,0.0,0.0
162.072,255.2,-3.4558,2.7805,-1.8124,-0.019,-0.01,480,6,116,277,0.2445,0.2133,STOP,PolygonStop,0.2842,-0.0256,0.2842,0.0,0.0
162.189,255.3,-3.4558,2.7805,-1.8124,-0.019,-0.01,480,6,116,277,0.2445,0.2133,STOP,PolygonStop,0.2842,-0.0256,0.2842,0.0,0.0
162.284,255.4,-3.4558,2.7805,-1.8124,-0.019,-0.01,480,6,116,277,0.2445,0.2133,STOP,PolygonStop,0.2842,-0.0256,0.2842,0.0,0.0
162.384,255.5,-3.4558,2.7805,-1.8124,-0.019,-0.01,480,6,116,277,0.2445,0.2133,STOP,PolygonStop,0.2842,-0.0256,0.2842,0.0,0.0
162.484,255.6,-3.4558,2.7805,-1.8124,-0.019,-0.01,480,6,116,277,0.2445,0.2133,STOP,PolygonStop,0.2842,-0.0256,0.2842,0.0,0.0
162.589,255.7,-3.4558,2.7805,-1.8124,-0.019,-0.01,480,6,116,277,0.2445,0.2133,STOP,PolygonStop,0.2842,-0.0256,0.2842,0.0,0.0
162.692,255.8,-3.4558,2.7805,-1.8124,-0.019,-0.01,480,6,116,277,0.2445,0.2133,STOP,PolygonStop,0.2842,-0.0256,0.2842,0.0,0.0
162.789,255.9,-3.4558,2.7805,-1.8124,-0.019,-0.01,480,6,116,277,0.2445,0.2133,STOP,PolygonStop,0.2842,-0.0256,0.2842,0.0,0.0
162.886,256.0,-3.4558,2.7805,-1.8124,-0.019,-0.01,480,6,116,277,0.2445,0.2133,STOP,PolygonStop,0.2842,-0.0256,0.2842,0.0,0.0
162.987,256.1,-3.4558,2.7805,-1.8124,-0.019,-0.01,480,6,116,277,0.2445,0.2133,STOP,PolygonStop,0.2842,-0.0256,0.2842,0.0,0.0
163.091,256.2,-3.4558,2.7805,-1.8124,-0.019,-0.01,480,6,116,277,0.2445,0.2133,STOP,PolygonStop,0.2842,-0.0256,0.2842,0.0,0.0
163.201,256.3,-3.4558,2.7805,-1.8124,-0.019,-0.01,480,6,116,277,0.2445,0.2133,STOP,PolygonStop,0.2842,-0.0256,0.2842,0.0,0.0
163.288,256.4,-3.4558,2.7805,-1.8124,-0.019,-0.01,480,6,116,277,0.2445,0.2133,STOP,PolygonStop,0.2842,-0.0256,0.2842,0.0,0.0
163.387,256.5,-3.4558,2.7805,-1.8124,-0.019,-0.01,480,6,116,277,0.2445,0.2133,STOP,PolygonStop,0.2842,-0.0256,0.2842,0.0,0.0
163.487,256.6,-3.4558,2.7805,-1.8124,-0.019,-0.01,480,6,116,277,0.2445,0.2133,STOP,PolygonStop,0.0,0.0,0.1592,0.0,0.0
163.596,256.7,-3.4558,2.7805,-1.8124,-0.019,-0.01,480,6,116,277,0.2445,0.2133,STOP,PolygonStop,0.2842,-0.0256,0.0,0.0,0.0
163.685,256.8,-3.4558,2.7805,-1.8124,-0.019,-0.01,480,6,116,277,0.2445,0.2133,STOP,PolygonStop,0.2842,-0.0256,0.25,0.0,0.0
163.786,256.9,-3.4558,2.7805,-1.8124,-0.019,-0.01,480,6,116,277,0.2445,0.2133,STOP,PolygonStop,0.2842,-0.0256,0.2842,0.0,0.0
163.894,257.0,-3.4558,2.7805,-1.8124,-0.019,-0.01,480,6,116,277,0.2445,0.2133,STOP,PolygonStop,0.2842,-0.0256,0.2842,0.0,0.0
164.002,257.1,-3.4558,2.7805,-1.8124,-0.019,-0.01,480,6,116,277,0.2445,0.2133,STOP,PolygonStop,0.2842,-0.0256,0.2842,0.0,0.0
164.099,257.2,-3.4558,2.7805,-1.8124,-0.019,-0.01,480,6,116,277,0.2445,0.2133,STOP,PolygonStop,0.2842,-0.0256,0.2842,0.0,0.0
164.211,257.3,-3.4558,2.7805,-1.8124,-0.019,-0.01,480,6,116,277,0.2445,0.2133,STOP,PolygonStop,0.2842,-0.0256,0.2842,0.0,0.0
164.331,257.4,-3.4558,2.7805,-1.8124,-0.019,-0.01,480,6,116,277,0.2445,0.2133,STOP,PolygonStop,0.2842,-0.0256,0.2842,0.0,0.0
164.412,257.5,-3.4558,2.7805,-1.8124,-0.019,-0.01,480,6,116,277,0.2445,0.2133,STOP,PolygonStop,0.2842,-0.0256,0.2842,0.0,0.0
164.517,257.6,-3.4558,2.7805,-1.8124,-0.019,-0.01,480,6,116,277,0.2445,0.2133,STOP,PolygonStop,0.2842,-0.0256,0.2842,0.0,0.0
164.607,257.7,-3.4558,2.7805,-1.8124,-0.019,-0.01,480,6,116,277,0.2445,0.2133,STOP,PolygonStop,0.2842,-0.0256,0.2842,0.0,0.0
164.718,257.8,-3.4558,2.7805,-1.8124,-0.019,-0.01,480,6,116,277,0.2445,0.2133,STOP,PolygonStop,0.2842,-0.0256,0.2842,0.0,0.0
164.815,257.9,-3.4558,2.7805,-1.8124,-0.019,-0.01,480,6,116,277,0.2445,0.2133,STOP,PolygonStop,0.2842,-0.0256,0.2842,0.0,0.0
164.925,258.0,-3.4558,2.7805,-1.8124,-0.019,-0.01,480,6,116,277,0.2445,0.2133,STOP,PolygonStop,0.2842,-0.0256,0.2842,0.0,0.0
165.027,258.1,-3.4558,2.7805,-1.8124,-0.019,-0.01,480,6,116,277,0.2445,0.2133,STOP,PolygonStop,0.2842,-0.0256,0.2842,0.0,0.0
165.13,258.2,-3.4558,2.7805,-1.8124,-0.019,-0.01,480,6,116,277,0.2445,0.2133,STOP,PolygonStop,0.2842,-0.0256,0.2842,0.0,0.0
165.228,258.3,-3.4558,2.7805,-1.8124,-0.019,-0.01,480,6,116,277,0.2445,0.2133,STOP,PolygonStop,0.2842,-0.0256,0.2842,0.0,0.0
165.346,258.4,-3.4558,2.7805,-1.8124,-0.019,-0.01,480,6,116,277,0.2445,0.2133,STOP,PolygonStop,0.2842,-0.0256,0.2842,0.0,0.0
165.448,258.5,-3.4558,2.7805,-1.8124,-0.019,-0.01,480,6,116,277,0.2445,0.2133,STOP,PolygonStop,0.2842,-0.0256,0.2842,0.0,0.0
165.547,258.6,-3.4558,2.7805,-1.8124,-0.019,-0.01,480,6,116,277,0.2445,0.2133,STOP,PolygonStop,0.2842,-0.0256,0.2842,0.0,0.0
165.65,258.7,-3.4558,2.7805,-1.8124,-0.019,-0.01,480,6,116,277,0.2445,0.2133,STOP,PolygonStop,0.2842,-0.0256,0.2842,0.0,0.0
165.749,258.8,-3.4558,2.7805,-1.8124,-0.019,-0.01,480,6,116,277,0.2445,0.2133,STOP,PolygonStop,0.2842,-0.0256,0.2842,0.0,0.0
165.846,258.9,-3.4558,2.7805,-1.8124,-0.019,-0.01,480,6,116,277,0.2445,0.2133,STOP,PolygonStop,0.2842,-0.0256,0.2842,0.0,0.0
165.951,259.0,-3.4558,2.7805,-1.8124,-0.019,-0.01,480,6,116,277,0.2445,0.2133,STOP,PolygonStop,0.2842,-0.0256,0.2842,0.0,0.0
166.046,259.1,-3.4558,2.7805,-1.8124,-0.019,-0.01,480,6,116,277,0.2445,0.2133,STOP,PolygonStop,0.2842,-0.0256,0.2842,0.0,0.0
166.146,259.2,-3.4558,2.7805,-1.8124,-0.019,-0.01,480,6,116,277,0.2445,0.2133,STOP,PolygonStop,0.2842,-0.0256,0.2842,0.0,0.0
166.245,259.3,-3.4558,2.7805,-1.8124,-0.019,-0.01,480,6,116,277,0.2445,0.2133,STOP,PolygonStop,0.2842,-0.0256,0.2842,0.0,0.0
166.346,259.4,-3.4558,2.7805,-1.8124,-0.019,-0.01,480,6,116,277,0.2445,0.2133,STOP,PolygonStop,0.2842,-0.0256,0.2842,0.0,0.0
166.447,259.5,-3.4558,2.7805,-1.8124,-0.019,-0.01,480,6,116,277,0.2445,0.2133,STOP,PolygonStop,0.2842,-0.0256,0.2842,0.0,0.0
166.546,259.6,-3.4558,2.7805,-1.8124,-0.019,-0.01,480,6,116,277,0.2445,0.2133,STOP,PolygonStop,0.2842,-0.0256,0.2842,0.0,0.0
166.647,259.7,-3.4558,2.7805,-1.8124,-0.019,-0.01,480,6,116,277,0.2445,0.2133,STOP,PolygonStop,0.2842,-0.0256,0.2842,0.0,0.0
166.747,259.8,-3.4558,2.7805,-1.8124,-0.019,-0.01,480,6,116,277,0.2445,0.2133,STOP,PolygonStop,0.2842,-0.0256,0.2842,0.0,0.0
166.845,259.9,-3.4558,2.7805,-1.8124,-0.019,-0.01,480,6,116,277,0.2445,0.2133,STOP,PolygonStop,0.2842,-0.0256,0.2842,0.0,0.0
166.945,260.0,-3.4558,2.7805,-1.8124,-0.019,-0.01,480,6,116,277,0.2445,0.2133,STOP,PolygonStop,0.2842,-0.0256,0.2842,0.0,0.0
167.044,260.1,-3.4558,2.7805,-1.8124,-0.019,-0.01,480,6,116,277,0.2445,0.2133,STOP,PolygonStop,0.2842,-0.0256,0.2842,0.0,0.0
167.147,260.2,-3.4558,2.7805,-1.8124,-0.019,-0.01,480,6,116,277,0.2445,0.2133,STOP,PolygonStop,0.2842,-0.0256,0.2842,0.0,0.0
167.247,260.3,-3.4558,2.7805,-1.8124,-0.019,-0.01,480,6,116,277,0.2445,0.2133,STOP,PolygonStop,0.2842,-0.0256,0.2842,0.0,0.0
167.351,260.4,-3.4558,2.7805,-1.8124,-0.019,-0.01,480,6,116,277,0.2445,0.2133,STOP,PolygonStop,0.2842,-0.0256,0.2842,0.0,0.0
167.457,260.5,-3.4558,2.7805,-1.8124,-0.019,-0.01,480,6,116,277,0.2445,0.2133,STOP,PolygonStop,0.2842,-0.0256,0.2842,0.0,0.0
167.565,260.6,-3.4558,2.7805,-1.8124,-0.019,-0.01,480,6,116,277,0.2445,0.2133,STOP,PolygonStop,0.2842,-0.0256,0.2842,0.0,0.0
167.675,260.7,-3.4558,2.7805,-1.8124,-0.019,-0.01,480,6,116,277,0.2445,0.2133,STOP,PolygonStop,0.2842,-0.0256,0.2842,0.0,0.0
167.765,260.8,-3.4558,2.7805,-1.8124,-0.019,-0.01,480,6,116,277,0.2445,0.2133,STOP,PolygonStop,0.2842,-0.0256,0.2842,0.0,0.0
167.881,260.9,-3.4558,2.7805,-1.8124,-0.019,-0.01,480,6,116,277,0.2445,0.2133,STOP,PolygonStop,0.2842,-0.0256,0.2842,0.0,0.0
167.969,261.0,-3.4558,2.7805,-1.8124,-0.019,-0.01,480,6,116,277,0.2445,0.2133,STOP,PolygonStop,0.2842,-0.0256,0.2842,0.0,0.0
168.074,261.1,-3.4558,2.7805,-1.8124,-0.019,-0.01,480,6,116,277,0.2445,0.2133,STOP,PolygonStop,0.2842,-0.0256,0.2842,0.0,0.0
168.181,261.2,-3.4558,2.7805,-1.8124,-0.019,-0.01,480,6,116,277,0.2445,0.2133,STOP,PolygonStop,0.2842,-0.0256,0.2842,0.0,0.0
168.279,261.3,-3.4558,2.7805,-1.8124,-0.019,-0.01,480,6,116,277,0.2445,0.2133,STOP,PolygonStop,0.2842,-0.0256,0.2842,0.0,0.0
168.386,261.4,-3.4558,2.7805,-1.8124,-0.019,-0.01,480,6,116,277,0.2445,0.2133,STOP,PolygonStop,0.2842,-0.0256,0.2842,0.0,0.0
168.486,261.5,-3.4558,2.7805,-1.8124,-0.019,-0.01,480,6,116,277,0.2445,0.2133,STOP,PolygonStop,0.2842,-0.0256,0.2842,0.0,0.0
168.585,261.6,-3.4558,2.7805,-1.8124,-0.019,-0.01,480,6,116,277,0.2445,0.2133,STOP,PolygonStop,0.2842,-0.0256,0.2842,0.0,0.0
168.694,261.7,-3.4558,2.7805,-1.8124,-0.019,-0.01,480,6,116,277,0.2445,0.2133,STOP,PolygonStop,0.2842,-0.0256,0.2842,0.0,0.0
168.801,261.8,-3.4558,2.7805,-1.8124,-0.019,-0.01,480,6,116,277,0.2445,0.2133,STOP,PolygonStop,0.2842,-0.0256,0.2842,0.0,0.0
168.902,261.9,-3.4558,2.7805,-1.8124,-0.019,-0.01,480,6,116,277,0.2445,0.2133,STOP,PolygonStop,0.2842,-0.0256,0.2842,0.0,0.0
169.0,262.0,-3.4558,2.7805,-1.8124,-0.019,-0.01,480,6,116,277,0.2445,0.2133,STOP,PolygonStop,0.2842,-0.0256,0.2842,0.0,0.0
169.109,262.1,-3.4558,2.7805,-1.8124,-0.019,-0.01,480,6,116,277,0.2445,0.2133,STOP,PolygonStop,0.2842,-0.0256,0.2842,0.0,0.0
169.2,262.2,-3.4558,2.7805,-1.8124,-0.019,-0.01,480,6,116,277,0.2445,0.2133,STOP,PolygonStop,0.2842,-0.0256,0.2842,0.0,0.0
169.303,262.3,-3.4558,2.7805,-1.8124,-0.019,-0.01,480,6,116,277,0.2445,0.2133,STOP,PolygonStop,0.2842,-0.0256,0.2842,0.0,0.0
169.4,262.4,-3.4558,2.7805,-1.8124,-0.019,-0.01,480,6,116,277,0.2445,0.2133,STOP,PolygonStop,0.2842,-0.0256,0.2842,0.0,0.0
169.506,262.5,-3.4558,2.7805,-1.8124,-0.019,-0.01,480,6,116,277,0.2445,0.2133,STOP,PolygonStop,0.2842,-0.0256,0.2842,0.0,0.0
169.6,262.6,-3.4558,2.7805,-1.8124,-0.019,-0.01,480,6,116,277,0.2445,0.2133,STOP,PolygonStop,0.2842,-0.0256,0.2842,0.0,0.0
169.707,262.7,-3.4558,2.7805,-1.8124,-0.019,-0.01,480,6,116,277,0.2445,0.2133,STOP,PolygonStop,0.2842,-0.0256,0.2842,0.0,0.0
169.803,262.8,-3.4558,2.7805,-1.8124,-0.019,-0.01,480,6,116,277,0.2445,0.2133,STOP,PolygonStop,0.2842,-0.0256,0.2842,0.0,0.0
169.906,262.9,-3.4558,2.7805,-1.8124,-0.019,-0.01,480,6,116,277,0.2445,0.2133,STOP,PolygonStop,0.2842,-0.0256,0.2842,0.0,0.0
170.004,263.0,-3.4558,2.7805,-1.8124,-0.019,-0.01,480,6,116,277,0.2445,0.2133,STOP,PolygonStop,0.2842,-0.0256,0.2842,0.0,0.0
170.106,263.1,-3.4558,2.7805,-1.8124,-0.019,-0.01,480,6,116,277,0.2445,0.2133,STOP,PolygonStop,0.2842,-0.0256,0.2842,0.0,0.0
170.205,263.2,-3.4558,2.7805,-1.8124,-0.019,-0.01,480,6,116,277,0.2445,0.2133,STOP,PolygonStop,0.2842,-0.0256,0.2842,0.0,0.0
170.304,263.3,-3.4558,2.7805,-1.8124,-0.019,-0.01,480,6,116,277,0.2445,0.2133,STOP,PolygonStop,0.2842,-0.0256,0.2842,0.0,0.0
170.406,263.4,-3.4558,2.7805,-1.8124,-0.019,-0.01,480,6,116,277,0.2445,0.2133,STOP,PolygonStop,0.2842,-0.0256,0.2842,0.0,0.0
170.515,263.5,-3.4558,2.7805,-1.8124,-0.019,-0.01,480,6,116,277,0.2445,0.2133,STOP,PolygonStop,0.2842,-0.0256,0.2842,0.0,0.0
170.611,263.6,-3.4558,2.7805,-1.8124,-0.019,-0.01,480,6,116,277,0.2445,0.2133,STOP,PolygonStop,0.2842,-0.0256,0.2842,0.0,0.0
170.714,263.7,-3.4558,2.7805,-1.8124,-0.019,-0.01,480,6,116,277,0.2445,0.2133,STOP,PolygonStop,0.2842,-0.0256,0.2842,0.0,0.0
170.816,263.8,-3.4558,2.7805,-1.8124,-0.019,-0.01,480,6,116,277,0.2445,0.2133,STOP,PolygonStop,0.2842,-0.0256,0.2842,0.0,0.0
170.922,263.9,-3.4558,2.7805,-1.8124,-0.019,-0.01,480,6,116,277,0.2445,0.2133,STOP,PolygonStop,0.2842,-0.0256,0.2842,0.0,0.0
171.052,264.0,-3.4558,2.7805,-1.8124,-0.019,-0.01,480,6,116,277,0.2445,0.2133,STOP,PolygonStop,0.2842,-0.0256,0.2842,0.0,0.0
171.134,264.1,-3.4558,2.7805,-1.8124,-0.019,-0.01,480,6,116,277,0.2445,0.2133,STOP,PolygonStop,0.2842,-0.0256,0.2842,0.0,0.0
171.238,264.2,-3.4558,2.7805,-1.8124,-0.019,-0.01,480,6,116,277,0.2445,0.2133,STOP,PolygonStop,0.2842,-0.0256,0.2842,0.0,0.0
171.323,264.3,-3.4558,2.7805,-1.8124,-0.019,-0.01,480,6,116,277,0.2445,0.2133,STOP,PolygonStop,0.2842,-0.0256,0.2842,0.0,0.0
171.432,264.4,-3.4558,2.7805,-1.8124,-0.019,-0.01,480,6,116,277,0.2445,0.2133,STOP,PolygonStop,0.2842,-0.0256,0.2842,0.0,0.0
171.533,264.5,-3.4558,2.7805,-1.8124,-0.019,-0.01,480,6,116,277,0.2445,0.2133,STOP,PolygonStop,0.2842,-0.0256,0.2842,0.0,0.0
171.638,264.6,-3.4558,2.7805,-1.8124,-0.019,-0.01,480,6,116,277,0.2445,0.2133,STOP,PolygonStop,0.2842,-0.0256,0.2842,0.0,0.0
171.74,264.7,-3.4558,2.7805,-1.8124,-0.019,-0.01,480,6,116,277,0.2445,0.2133,STOP,PolygonStop,0.2842,-0.0256,0.2842,0.0,0.0
171.846,264.8,-3.4558,2.7805,-1.8124,-0.019,-0.01,480,6,116,277,0.2445,0.2133,STOP,PolygonStop,0.2842,-0.0256,0.2842,0.0,0.0
171.945,264.9,-3.4558,2.7805,-1.8124,-0.019,-0.01,480,6,116,277,0.2445,0.2133,STOP,PolygonStop,0.2842,-0.0256,0.2842,0.0,0.0
172.056,265.0,-3.4558,2.7805,-1.8124,-0.019,-0.01,480,6,116,277,0.2445,0.2133,STOP,PolygonStop,0.2842,-0.0256,0.2842,0.0,0.0
172.165,265.1,-3.4558,2.7805,-1.8124,-0.019,-0.01,480,6,116,277,0.2445,0.2133,STOP,PolygonStop,0.2842,-0.0256,0.2842,0.0,0.0
172.263,265.2,-3.4558,2.7805,-1.8124,-0.019,-0.01,480,6,116,277,0.2445,0.2133,STOP,PolygonStop,0.2842,-0.0256,0.2842,0.0,0.0
172.357,265.3,-3.4558,2.7805,-1.8124,-0.019,-0.01,480,6,116,277,0.2445,0.2133,STOP,PolygonStop,0.2842,-0.0256,0.2842,0.0,0.0
172.455,265.4,-3.4558,2.7805,-1.8124,-0.019,-0.01,480,6,116,277,0.2445,0.2133,STOP,PolygonStop,0.2842,-0.0256,0.2842,0.0,0.0
172.56,265.5,-3.4558,2.7805,-1.8124,-0.019,-0.01,480,6,116,277,0.2445,0.2133,STOP,PolygonStop,0.2842,-0.0256,0.2842,0.0,0.0
172.661,265.6,-3.4558,2.7805,-1.8124,-0.019,-0.01,480,6,116,277,0.2445,0.2133,STOP,PolygonStop,0.2842,-0.0256,0.2842,0.0,0.0
172.756,265.7,-3.4558,2.7805,-1.8124,-0.019,-0.01,480,6,116,277,0.2445,0.2133,STOP,PolygonStop,0.2842,-0.0256,0.2842,0.0,0.0
172.856,265.8,-3.4558,2.7805,-1.8124,-0.019,-0.01,480,6,116,277,0.2445,0.2133,STOP,PolygonStop,0.2842,-0.0256,0.2842,0.0,0.0
172.955,265.9,-3.4558,2.7805,-1.8124,-0.019,-0.01,480,6,116,277,0.2445,0.2133,STOP,PolygonStop,0.2842,-0.0256,0.2842,0.0,0.0
173.064,266.0,-3.4558,2.7805,-1.8124,-0.019,-0.01,480,6,116,277,0.2445,0.2133,STOP,PolygonStop,0.2842,-0.0256,0.2842,0.0,0.0
173.167,266.1,-3.4558,2.7805,-1.8124,-0.019,-0.01,480,6,116,277,0.2445,0.2133,STOP,PolygonStop,0.2842,-0.0256,0.2842,0.0,0.0
173.271,266.2,-3.4558,2.7805,-1.8124,-0.019,-0.01,480,6,116,277,0.2445,0.2133,STOP,PolygonStop,0.2842,-0.0256,0.2842,0.0,0.0
173.362,266.3,-3.4558,2.7805,-1.8124,-0.019,-0.01,480,6,116,277,0.2445,0.2133,STOP,PolygonStop,0.2842,-0.0256,0.2842,0.0,0.0
173.47,266.4,-3.4558,2.7805,-1.8124,-0.019,-0.01,480,6,116,277,0.2445,0.2133,STOP,PolygonStop,0.2842,-0.0256,0.2842,0.0,0.0
173.564,266.5,-3.4558,2.7805,-1.8124,-0.019,-0.01,480,6,116,277,0.2445,0.2133,STOP,PolygonStop,0.2842,-0.0256,0.2842,0.0,0.0
173.671,266.6,-3.4558,2.7805,-1.8124,-0.019,-0.01,480,6,116,277,0.2445,0.2133,STOP,PolygonStop,0.2842,-0.0256,0.2842,0.0,0.0
173.763,266.7,-3.4558,2.7805,-1.8124,-0.019,-0.01,480,6,116,277,0.2445,0.2133,STOP,PolygonStop,0.2842,-0.0256,0.2842,0.0,0.0
173.877,266.8,-3.4558,2.7805,-1.8124,-0.019,-0.01,480,6,116,277,0.2445,0.2133,STOP,PolygonStop,0.2842,-0.0256,0.2842,0.0,0.0
173.965,266.9,-3.4558,2.7805,-1.8124,-0.019,-0.01,480,6,116,277,0.2445,0.2133,STOP,PolygonStop,0.2842,-0.0256,0.2842,0.0,0.0
174.074,267.0,-3.4558,2.7805,-1.8124,-0.019,-0.01,480,6,116,277,0.2445,0.2133,STOP,PolygonStop,0.2842,-0.0256,0.2842,0.0,0.0
174.181,267.1,-3.4558,2.7805,-1.8124,-0.019,-0.01,480,6,116,277,0.2445,0.2133,STOP,PolygonStop,0.2842,-0.0256,0.2842,0.0,0.0
174.295,267.2,-3.4558,2.7805,-1.8124,-0.019,-0.01,480,6,116,277,0.2445,0.2133,STOP,PolygonStop,0.2842,-0.0256,0.2842,0.0,0.0
174.408,267.3,-3.4558,2.7805,-1.8124,-0.019,-0.01,480,6,116,277,0.2445,0.2133,STOP,PolygonStop,0.2842,-0.0256,0.2842,0.0,0.0
174.494,267.4,-3.4558,2.7805,-1.8124,-0.019,-0.01,480,6,116,277,0.2445,0.2133,STOP,PolygonStop,0.2842,-0.0256,0.2842,0.0,0.0
174.6,267.5,-3.4558,2.7805,-1.8124,-0.019,-0.01,480,6,116,277,0.2445,0.2133,STOP,PolygonStop,0.2842,-0.0256,0.2842,0.0,0.0
174.695,267.6,-3.4558,2.7805,-1.8124,-0.019,-0.01,480,6,116,277,0.2445,0.2133,STOP,PolygonStop,0.2842,-0.0256,0.2842,0.0,0.0
174.801,267.7,-3.4558,2.7805,-1.8124,-0.019,-0.01,480,6,116,277,0.2445,0.2133,STOP,PolygonStop,0.2842,-0.0256,0.2842,0.0,0.0
174.9,267.8,-3.4558,2.7805,-1.8124,-0.019,-0.01,480,6,116,277,0.2445,0.2133,STOP,PolygonStop,0.2842,-0.0256,0.2842,0.0,0.0
175.01,267.9,-3.4558,2.7805,-1.8124,-0.019,-0.01,480,6,116,277,0.2445,0.2133,STOP,PolygonStop,0.2842,-0.0256,0.2842,0.0,0.0
175.111,268.0,-3.4558,2.7805,-1.8124,-0.019,-0.01,480,6,116,277,0.2445,0.2133,STOP,PolygonStop,0.2842,-0.0256,0.2842,0.0,0.0
175.218,268.1,-3.4558,2.7805,-1.8124,-0.019,-0.01,480,6,116,277,0.2445,0.2133,STOP,PolygonStop,0.2842,-0.0256,0.2842,0.0,0.0
175.325,268.2,-3.4558,2.7805,-1.8124,-0.019,-0.01,480,6,116,277,0.2445,0.2133,STOP,PolygonStop,0.2842,-0.0256,0.2842,0.0,0.0
175.43,268.3,-3.4558,2.7805,-1.8124,-0.019,-0.01,480,6,116,277,0.2445,0.2133,STOP,PolygonStop,0.2842,-0.0256,0.2842,0.0,0.0
175.523,268.4,-3.4558,2.7805,-1.8124,-0.019,-0.01,480,6,116,277,0.2445,0.2133,STOP,PolygonStop,0.2842,-0.0256,0.2842,0.0,0.0
175.634,268.5,-3.4558,2.7805,-1.8124,-0.019,-0.01,480,6,116,277,0.2445,0.2133,STOP,PolygonStop,0.2842,-0.0256,0.2842,0.0,0.0
175.734,268.6,-3.4558,2.7805,-1.8124,-0.019,-0.01,480,6,116,277,0.2445,0.2133,STOP,PolygonStop,0.2842,-0.0256,0.2842,0.0,0.0
175.831,268.7,-3.4558,2.7805,-1.8124,-0.019,-0.01,480,6,116,277,0.2445,0.2133,STOP,PolygonStop,0.2842,-0.0256,0.2842,0.0,0.0
175.936,268.8,-3.4558,2.7805,-1.8124,-0.019,-0.01,480,6,116,277,0.2445,0.2133,STOP,PolygonStop,0.2842,-0.0256,0.2842,0.0,0.0
176.031,268.9,-3.4558,2.7805,-1.8124,-0.019,-0.01,480,6,116,277,0.2445,0.2133,STOP,PolygonStop,0.2842,-0.0256,0.2842,0.0,0.0
176.133,269.0,-3.4558,2.7805,-1.8124,-0.019,-0.01,480,6,116,277,0.2445,0.2133,STOP,PolygonStop,0.2842,-0.0256,0.2842,0.0,0.0
176.231,269.1,-3.4558,2.7805,-1.8124,-0.019,-0.01,480,6,116,277,0.2445,0.2133,STOP,PolygonStop,0.2842,-0.0256,0.2842,0.0,0.0
176.331,269.2,-3.4558,2.7805,-1.8124,-0.019,-0.01,480,6,116,277,0.2445,0.2133,STOP,PolygonStop,0.2842,-0.0256,0.2842,0.0,0.0
176.431,269.3,-3.4558,2.7805,-1.8124,-0.019,-0.01,480,6,116,277,0.2445,0.2133,STOP,PolygonStop,0.2842,-0.0256,0.2842,0.0,0.0
176.532,269.4,-3.4558,2.7805,-1.8124,-0.019,-0.01,480,6,116,277,0.2445,0.2133,STOP,PolygonStop,0.2842,-0.0256,0.2842,0.0,0.0
176.633,269.5,-3.4558,2.7805,-1.8124,-0.019,-0.01,480,6,116,277,0.2445,0.2133,STOP,PolygonStop,0.2842,-0.0256,0.2842,0.0,0.0
176.731,269.6,-3.4558,2.7805,-1.8124,-0.019,-0.01,480,6,116,277,0.2445,0.2133,STOP,PolygonStop,0.2842,-0.0256,0.2842,0.0,0.0
176.831,269.7,-3.4558,2.7805,-1.8124,-0.019,-0.01,480,6,116,277,0.2445,0.2133,STOP,PolygonStop,0.2842,-0.0256,0.2842,0.0,0.0
176.935,269.8,-3.4558,2.7805,-1.8124,-0.019,-0.01,480,6,116,277,0.2445,0.2133,STOP,PolygonStop,0.2842,-0.0256,0.2842,0.0,0.0
177.038,269.9,-3.4558,2.7805,-1.8124,-0.019,-0.01,480,6,116,277,0.2445,0.2133,STOP,PolygonStop,0.2842,-0.0256,0.2842,0.0,0.0
177.137,270.0,-3.4558,2.7805,-1.8124,-0.019,-0.01,480,6,116,277,0.2445,0.2133,STOP,PolygonStop,0.2842,-0.0256,0.2842,0.0,0.0
177.245,270.1,-3.4558,2.7805,-1.8124,-0.019,-0.01,480,6,116,277,0.2445,0.2133,STOP,PolygonStop,0.2842,-0.0256,0.2842,0.0,0.0
177.339,270.2,-3.4558,2.7805,-1.8124,-0.019,-0.01,480,6,116,277,0.2445,0.2133,STOP,PolygonStop,0.2842,-0.0256,0.2842,0.0,0.0
177.447,270.3,-3.4558,2.7805,-1.8124,-0.019,-0.01,480,6,116,277,0.2445,0.2133,STOP,PolygonStop,0.2842,-0.0256,0.2842,0.0,0.0
177.543,270.4,-3.4558,2.7805,-1.8124,-0.019,-0.01,480,6,116,277,0.2445,0.2133,STOP,PolygonStop,0.2842,-0.0256,0.2842,0.0,0.0
177.651,270.5,-3.4558,2.7805,-1.8124,-0.019,-0.01,480,6,116,277,0.2445,0.2133,STOP,PolygonStop,0.2842,-0.0256,0.2842,0.0,0.0
177.761,270.6,-3.4558,2.7805,-1.8124,-0.019,-0.01,480,6,116,277,0.2445,0.2133,STOP,PolygonStop,0.2842,-0.0256,0.2842,0.0,0.0
177.868,270.7,-3.4558,2.7805,-1.8124,-0.019,-0.01,480,6,116,277,0.2445,0.2133,STOP,PolygonStop,0.2842,-0.0256,0.2842,0.0,0.0
177.965,270.8,-3.4558,2.7805,-1.8124,-0.019,-0.01,480,6,116,277,0.2445,0.2133,STOP,PolygonStop,0.2842,-0.0256,0.2842,0.0,0.0
178.059,270.9,-3.4558,2.7805,-1.8124,-0.019,-0.01,480,6,116,277,0.2445,0.2133,STOP,PolygonStop,0.2842,-0.0256,0.2842,0.0,0.0
178.162,271.0,-3.4558,2.7805,-1.8124,-0.019,-0.01,480,6,116,277,0.2445,0.2133,STOP,PolygonStop,0.2842,-0.0256,0.2842,0.0,0.0
178.264,271.1,-3.4558,2.7805,-1.8124,-0.019,-0.01,480,6,116,277,0.2445,0.2133,STOP,PolygonStop,0.2842,-0.0256,0.2842,0.0,0.0
178.379,271.2,-3.4558,2.7805,-1.8124,-0.019,-0.01,480,6,116,277,0.2445,0.2133,STOP,PolygonStop,0.2842,-0.0256,0.2842,0.0,0.0
178.477,271.3,-3.4558,2.7805,-1.8124,-0.019,-0.01,480,6,116,277,0.2445,0.2133,STOP,PolygonStop,0.2842,-0.0256,0.2842,0.0,0.0
178.582,271.4,-3.4558,2.7805,-1.8124,-0.019,-0.01,480,6,116,277,0.2445,0.2133,STOP,PolygonStop,0.2842,-0.0256,0.2842,0.0,0.0
178.685,271.5,-3.4558,2.7805,-1.8124,-0.019,-0.01,480,6,116,277,0.2445,0.2133,STOP,PolygonStop,0.2842,-0.0256,0.2842,0.0,0.0
178.787,271.6,-3.4558,2.7805,-1.8124,-0.019,-0.01,480,6,116,277,0.2445,0.2133,STOP,PolygonStop,0.2842,-0.0256,0.2842,0.0,0.0
178.884,271.7,-3.4558,2.7805,-1.8124,-0.019,-0.01,480,6,116,277,0.2445,0.2133,STOP,PolygonStop,0.2842,-0.0256,0.2842,0.0,0.0
179.034,271.8,-3.4558,2.7805,-1.8124,-0.019,-0.01,480,6,116,277,0.2445,0.2133,STOP,PolygonStop,0.2842,-0.0256,0.2842,0.0,0.0
179.108,271.9,-3.4558,2.7805,-1.8124,-0.019,-0.01,480,6,116,277,0.2445,0.2133,STOP,PolygonStop,0.2842,-0.0256,0.2842,0.0,0.0
179.198,272.0,-3.4558,2.7805,-1.8124,-0.019,-0.01,480,6,116,277,0.2445,0.2133,STOP,PolygonStop,0.2842,-0.0256,0.2842,0.0,0.0
179.296,272.1,-3.4558,2.7805,-1.8124,-0.019,-0.01,480,6,116,277,0.2445,0.2133,STOP,PolygonStop,0.2842,-0.0256,0.2842,0.0,0.0
179.395,272.2,-3.4558,2.7805,-1.8124,-0.019,-0.01,480,6,116,277,0.2445,0.2133,STOP,PolygonStop,0.2842,-0.0256,0.2842,0.0,0.0
179.496,272.3,-3.4558,2.7805,-1.8124,-0.019,-0.01,480,6,116,277,0.2445,0.2133,STOP,PolygonStop,0.2842,-0.0256,0.2842,0.0,0.0
179.596,272.4,-3.4558,2.7805,-1.8124,-0.019,-0.01,480,6,116,277,0.2445,0.2133,STOP,PolygonStop,0.2842,-0.0256,0.2842,0.0,0.0
179.696,272.5,-3.4558,2.7805,-1.8124,-0.019,-0.01,480,6,116,277,0.2445,0.2133,STOP,PolygonStop,0.2842,-0.0256,0.2842,0.0,0.0
179.812,272.6,-3.4558,2.7805,-1.8124,-0.019,-0.01,480,6,116,277,0.2445,0.2133,STOP,PolygonStop,0.2842,-0.0256,0.2842,0.0,0.0
179.905,272.7,-3.4558,2.7805,-1.8124,-0.019,-0.01,480,6,116,277,0.2445,0.2133,STOP,PolygonStop,0.2842,-0.0256,0.2842,0.0,0.0
180.009,272.8,-3.4558,2.7805,-1.8124,-0.019,-0.01,480,6,116,277,0.2445,0.2133,STOP,PolygonStop,0.2842,-0.0256,0.2842,0.0,0.0
180.101,272.9,-3.4558,2.7805,-1.8124,-0.019,-0.01,480,6,116,277,0.2445,0.2133,STOP,PolygonStop,0.2842,-0.0256,0.2842,0.0,0.0
180.201,273.0,-3.4558,2.7805,-1.8124,-0.019,-0.01,480,6,116,277,0.2445,0.2133,STOP,PolygonStop,0.2842,-0.0256,0.2842,0.0,0.0
180.301,273.1,-3.4558,2.7805,-1.8124,-0.019,-0.01,480,6,116,277,0.2445,0.2133,STOP,PolygonStop,0.2842,-0.0256,0.2842,0.0,0.0
180.401,273.2,-3.4558,2.7805,-1.8124,-0.019,-0.01,480,6,116,277,0.2445,0.2133,STOP,PolygonStop,0.2842,-0.0256,0.2842,0.0,0.0
180.502,273.3,-3.4558,2.7805,-1.8124,-0.019,-0.01,480,6,116,277,0.2445,0.2133,STOP,PolygonStop,0.2842,-0.0256,0.2842,0.0,0.0
180.601,273.4,-3.4558,2.7805,-1.8124,-0.019,-0.01,480,6,116,277,0.2445,0.2133,STOP,PolygonStop,0.2842,-0.0256,0.2842,0.0,0.0
180.701,273.5,-3.4558,2.7805,-1.8124,-0.019,-0.01,480,6,116,277,0.2445,0.2133,STOP,PolygonStop,0.2842,-0.0256,0.2842,0.0,0.0
180.801,273.6,-3.4558,2.7805,-1.8124,-0.019,-0.01,480,6,116,277,0.2445,0.2133,STOP,PolygonStop,0.2842,-0.0256,0.2842,0.0,0.0
180.903,273.7,-3.4558,2.7805,-1.8124,-0.019,-0.01,480,6,116,277,0.2445,0.2133,STOP,PolygonStop,0.2842,-0.0256,0.2842,0.0,0.0
181.002,273.8,-3.4558,2.7805,-1.8124,-0.019,-0.01,480,6,116,277,0.2445,0.2133,STOP,PolygonStop,0.2842,-0.0256,0.2842,0.0,0.0
181.107,273.9,-3.4558,2.7805,-1.8124,-0.019,-0.01,480,6,116,277,0.2445,0.2133,STOP,PolygonStop,0.2842,-0.0256,0.2842,0.0,0.0
181.202,274.0,-3.4558,2.7805,-1.8124,-0.019,-0.01,480,6,116,277,0.2445,0.2133,STOP,PolygonStop,0.2842,-0.0256,0.2842,0.0,0.0
181.308,274.1,-3.4558,2.7805,-1.8124,-0.019,-0.01,480,6,116,277,0.2445,0.2133,STOP,PolygonStop,0.2842,-0.0256,0.2842,0.0,0.0
181.402,274.2,-3.4558,2.7805,-1.8124,-0.019,-0.01,480,6,116,277,0.2445,0.2133,STOP,PolygonStop,0.2842,-0.0256,0.2842,0.0,0.0
181.507,274.3,-3.4558,2.7805,-1.8124,-0.019,-0.01,480,6,116,277,0.2445,0.2133,STOP,PolygonStop,0.2842,-0.0256,0.2842,0.0,0.0
181.607,274.4,-3.4558,2.7805,-1.8124,-0.019,-0.01,480,6,116,277,0.2445,0.2133,STOP,PolygonStop,0.2842,-0.0256,0.2842,0.0,0.0
181.71,274.5,-3.4558,2.7805,-1.8124,-0.019,-0.01,480,6,116,277,0.2445,0.2133,STOP,PolygonStop,0.2842,-0.0256,0.2842,0.0,0.0
181.806,274.6,-3.4558,2.7805,-1.8124,-0.019,-0.01,480,6,116,277,0.2445,0.2133,STOP,PolygonStop,0.2842,-0.0256,0.2842,0.0,0.0
181.911,274.7,-3.4558,2.7805,-1.8124,-0.019,-0.01,480,6,116,277,0.2445,0.2133,STOP,PolygonStop,0.2842,-0.0256,0.2842,0.0,0.0
182.019,274.8,-3.4558,2.7805,-1.8124,-0.019,-0.01,480,6,116,277,0.2445,0.2133,STOP,PolygonStop,0.2842,-0.0256,0.2842,0.0,0.0
182.11,274.9,-3.4558,2.7805,-1.8124,-0.019,-0.01,480,6,116,277,0.2445,0.2133,STOP,PolygonStop,0.2842,-0.0256,0.2842,0.0,0.0
182.219,275.0,-3.4558,2.7805,-1.8124,-0.019,-0.01,480,6,116,277,0.2445,0.2133,STOP,PolygonStop,0.2842,-0.0256,0.2842,0.0,0.0
182.31,275.1,-3.4558,2.7805,-1.8124,-0.019,-0.01,480,6,116,277,0.2445,0.2133,STOP,PolygonStop,0.2842,-0.0256,0.2842,0.0,0.0
182.41,275.2,-3.4558,2.7805,-1.8124,-0.019,-0.01,480,6,116,277,0.2445,0.2133,STOP,PolygonStop,0.2842,-0.0256,0.2842,0.0,0.0
182.51,275.3,-3.4558,2.7805,-1.8124,-0.019,-0.01,480,6,116,277,0.2445,0.2133,STOP,PolygonStop,0.2842,-0.0256,0.2842,0.0,0.0
182.609,275.4,-3.4558,2.7805,-1.8124,-0.019,-0.01,480,6,116,277,0.2445,0.2133,STOP,PolygonStop,0.2842,-0.0256,0.2842,0.0,0.0
182.71,275.5,-3.4558,2.7805,-1.8124,-0.019,-0.01,480,6,116,277,0.2445,0.2133,STOP,PolygonStop,0.2842,-0.0256,0.2842,0.0,0.0
182.81,275.6,-3.4558,2.7805,-1.8124,-0.019,-0.01,480,6,116,277,0.2445,0.2133,STOP,PolygonStop,0.2842,-0.0256,0.2842,0.0,0.0
182.911,275.7,-3.4558,2.7805,-1.8124,-0.019,-0.01,480,6,116,277,0.2445,0.2133,STOP,PolygonStop,0.2842,-0.0256,0.2842,0.0,0.0
183.009,275.8,-3.4558,2.7805,-1.8124,-0.019,-0.01,480,6,116,277,0.2445,0.2133,STOP,PolygonStop,0.2842,-0.0256,0.2842,0.0,0.0
183.111,275.9,-3.4558,2.7805,-1.8124,-0.019,-0.01,480,6,116,277,0.2445,0.2133,STOP,PolygonStop,0.2842,-0.0256,0.2842,0.0,0.0
183.216,276.0,-3.4558,2.7805,-1.8124,-0.019,-0.01,480,6,116,277,0.2445,0.2133,STOP,PolygonStop,0.2842,-0.0256,0.2842,0.0,0.0
183.308,276.1,-3.4558,2.7805,-1.8124,-0.019,-0.01,480,6,116,277,0.2445,0.2133,STOP,PolygonStop,0.2842,-0.0256,0.2842,0.0,0.0
183.409,276.2,-3.4558,2.7805,-1.8124,-0.019,-0.01,480,6,116,277,0.2445,0.2133,STOP,PolygonStop,0.2842,-0.0256,0.2842,0.0,0.0
183.509,276.3,-3.4558,2.7805,-1.8124,-0.019,-0.01,480,6,116,277,0.2445,0.2133,STOP,PolygonStop,0.2842,-0.0256,0.2842,0.0,0.0
183.61,276.4,-3.4558,2.7805,-1.8124,-0.019,-0.01,480,6,116,277,0.2445,0.2133,STOP,PolygonStop,0.2842,-0.0256,0.2842,0.0,0.0
183.712,276.5,-3.4558,2.7805,-1.8124,-0.019,-0.01,480,6,116,277,0.2445,0.2133,STOP,PolygonStop,0.2842,-0.0256,0.2842,0.0,0.0
183.808,276.6,-3.4558,2.7805,-1.8124,-0.019,-0.01,480,6,116,277,0.2445,0.2133,STOP,PolygonStop,0.2842,-0.0256,0.2842,0.0,0.0
183.913,276.7,-3.4558,2.7805,-1.8124,-0.019,-0.01,480,6,116,277,0.2445,0.2133,STOP,PolygonStop,0.2842,-0.0256,0.2842,0.0,0.0
184.012,276.8,-3.4558,2.7805,-1.8124,-0.019,-0.01,480,6,116,277,0.2445,0.2133,STOP,PolygonStop,0.0,1.0,0.1592,0.0,0.0
184.117,276.9,-3.4558,2.7805,-1.8124,-0.019,-0.01,480,6,116,277,0.2445,0.2133,STOP,PolygonStop,0.0,1.0,0.0,0.0,0.0
184.211,277.0,-3.4558,2.7805,-1.8124,-0.019,-0.01,480,6,116,277,0.2445,0.2133,STOP,PolygonStop,0.0,1.0,0.0,0.0,0.0
184.311,277.1,-3.4558,2.7805,-1.8124,-0.019,-0.01,480,6,116,277,0.2445,0.2133,STOP,PolygonStop,0.0,1.0,0.0,0.0,0.0
184.42,277.2,-3.4558,2.7805,-1.8124,-0.019,-0.01,480,6,116,277,0.2445,0.2133,STOP,PolygonStop,0.0,1.0,0.0,0.0,0.0
184.515,277.3,-3.4558,2.7805,-1.8124,-0.019,-0.01,480,6,116,277,0.2445,0.2133,STOP,PolygonStop,0.0,1.0,0.0,0.0,0.0
184.622,277.4,-3.4558,2.7805,-1.8124,-0.019,-0.01,480,6,116,277,0.2445,0.2133,STOP,PolygonStop,0.0,1.0,0.0,0.0,0.0
184.714,277.5,-3.4558,2.7805,-1.8124,-0.019,-0.01,480,6,116,277,0.2445,0.2133,STOP,PolygonStop,0.0,1.0,0.0,0.0,0.0
184.818,277.6,-3.4558,2.7805,-1.8124,-0.019,-0.01,480,6,116,277,0.2445,0.2133,STOP,PolygonStop,0.0,1.0,0.0,0.0,0.0
184.918,277.7,-3.4558,2.7805,-1.8124,-0.019,-0.01,480,6,116,277,0.2445,0.2133,STOP,PolygonStop,0.0,1.0,0.0,0.0,0.0
185.019,277.8,-3.4558,2.7805,-1.8124,-0.019,-0.01,480,6,116,277,0.2445,0.2133,STOP,PolygonStop,0.0,1.0,0.0,0.0,0.0
185.124,277.9,-3.4558,2.7805,-1.8124,-0.019,-0.01,480,6,116,277,0.2445,0.2133,STOP,PolygonStop,0.0,1.0,0.0,0.0,0.0
185.232,278.0,-3.4558,2.7805,-1.8124,-0.019,-0.01,480,6,116,277,0.2445,0.2133,STOP,PolygonStop,0.0,1.0,0.0,0.0,0.0
185.327,278.1,-3.4558,2.7805,-1.8124,-0.019,-0.01,480,6,116,277,0.2445,0.2133,STOP,PolygonStop,0.0,1.0,0.0,0.0,0.0
185.437,278.2,-3.4558,2.7805,-1.8124,-0.019,-0.01,480,6,116,277,0.2445,0.2133,STOP,PolygonStop,0.0,1.0,0.0,0.0,0.0
185.533,278.3,-3.4558,2.7805,-1.8124,-0.019,-0.01,480,6,116,277,0.2445,0.2133,STOP,PolygonStop,0.0,1.0,0.0,0.0,0.0
185.636,278.4,-3.4558,2.7805,-1.8124,-0.019,-0.01,480,6,116,277,0.2445,0.2133,STOP,PolygonStop,0.0,1.0,0.0,0.0,0.0
185.735,278.5,-3.4558,2.7805,-1.8124,-0.019,-0.01,480,6,116,277,0.2445,0.2133,STOP,PolygonStop,0.0,1.0,0.0,0.0,0.0
185.833,278.6,-3.4558,2.7805,-1.8124,-0.019,-0.01,480,6,116,277,0.2445,0.2133,STOP,PolygonStop,0.0,1.0,0.0,0.0,0.0
185.934,278.7,-3.4558,2.7805,-1.8124,-0.019,-0.01,480,6,116,277,0.2445,0.2133,STOP,PolygonStop,0.0,1.0,0.0,0.0,0.0
186.041,278.8,-3.4558,2.7805,-1.8124,-0.019,-0.01,480,6,116,277,0.2445,0.2133,STOP,PolygonStop,0.0,1.0,0.0,0.0,0.0
186.135,278.9,-3.4558,2.7805,-1.8124,-0.019,-0.01,480,6,116,277,0.2445,0.2133,STOP,PolygonStop,0.0,1.0,0.0,0.0,0.0
186.236,279.0,-3.4558,2.7805,-1.8124,-0.019,-0.01,480,6,116,277,0.2445,0.2133,STOP,PolygonStop,0.0,1.0,0.0,0.0,0.0
186.336,279.1,-3.4558,2.7805,-1.8124,-0.019,-0.01,480,6,116,277,0.2445,0.2133,STOP,PolygonStop,0.0,1.0,0.0,0.0,0.0
186.433,279.2,-3.4558,2.7805,-1.8124,-0.019,-0.01,480,6,116,277,0.2445,0.2133,STOP,PolygonStop,0.0,1.0,0.0,0.0,0.0
186.536,279.3,-3.4558,2.7805,-1.8124,-0.019,-0.01,480,6,116,277,0.2445,0.2133,STOP,PolygonStop,0.0,1.0,0.0,0.0,0.0
186.635,279.4,-3.4558,2.7805,-1.8124,-0.019,-0.01,480,6,116,277,0.2445,0.2133,STOP,PolygonStop,0.0,1.0,0.0,0.0,0.0
186.735,279.5,-3.4558,2.7805,-1.8124,-0.019,-0.01,480,6,116,277,0.2445,0.2133,STOP,PolygonStop,0.0,1.0,0.0,0.0,0.0
186.836,279.6,-3.4558,2.7805,-1.8124,-0.019,-0.01,480,6,116,277,0.2445,0.2133,STOP,PolygonStop,0.0,1.0,0.0,0.0,0.0
186.937,279.7,-3.4558,2.7805,-1.8124,-0.019,-0.01,480,6,116,277,0.2445,0.2133,STOP,PolygonStop,0.0,1.0,0.0,0.0,0.0
187.036,279.8,-3.4558,2.7805,-1.8124,-0.019,-0.01,480,6,116,277,0.2445,0.2133,STOP,PolygonStop,0.0,1.0,0.0,0.0,0.0
187.144,279.9,-3.4558,2.7805,-1.8124,-0.019,-0.01,480,6,116,277,0.2445,0.2133,STOP,PolygonStop,0.0,1.0,0.0,0.0,0.0
187.242,280.0,-3.4558,2.7805,-1.8124,-0.019,-0.01,480,6,116,277,0.2445,0.2133,STOP,PolygonStop,0.0,1.0,0.0,0.0,0.0
187.347,280.1,-3.4558,2.7805,-1.8124,-0.019,-0.01,480,6,116,277,0.2445,0.2133,STOP,PolygonStop,0.0,1.0,0.0,0.0,0.0
187.455,280.2,-3.4558,2.7805,-1.8124,-0.019,-0.01,480,6,116,277,0.2445,0.2133,STOP,PolygonStop,0.0,1.0,0.0,0.0,0.0
187.546,280.3,-3.4558,2.7805,-1.8124,-0.019,-0.01,480,6,116,277,0.2445,0.2133,STOP,PolygonStop,0.0,1.0,0.0,0.0,0.0
187.647,280.4,-3.4558,2.7805,-1.8124,-0.019,-0.01,480,6,116,277,0.2445,0.2133,STOP,PolygonStop,0.0,1.0,0.0,0.0,0.0
187.758,280.5,-3.4558,2.7805,-1.8124,-0.019,-0.01,480,6,116,277,0.2445,0.2133,STOP,PolygonStop,0.0,1.0,0.0,0.0,0.0
187.846,280.6,-3.4558,2.7805,-1.8124,-0.019,-0.01,480,6,116,277,0.2445,0.2133,STOP,PolygonStop,0.0,1.0,0.0,0.0,0.0
187.959,280.7,-3.4558,2.7805,-1.8124,-0.019,-0.01,480,6,116,277,0.2445,0.2133,STOP,PolygonStop,0.0,1.0,0.0,0.0,0.0
188.05,280.8,-3.4558,2.7805,-1.8124,-0.019,-0.01,480,6,116,277,0.2445,0.2133,STOP,PolygonStop,0.0,1.0,0.0,0.0,0.0
188.153,280.9,-3.4558,2.7805,-1.8124,-0.019,-0.01,480,6,116,277,0.2445,0.2133,STOP,PolygonStop,0.0,1.0,0.0,0.0,0.0
188.251,281.0,-3.4558,2.7805,-1.8124,-0.019,-0.01,480,6,116,277,0.2445,0.2133,STOP,PolygonStop,0.0,1.0,0.0,0.0,0.0
188.357,281.1,-3.4558,2.7805,-1.8124,-0.019,-0.01,480,6,116,277,0.2445,0.2133,STOP,PolygonStop,0.0,1.0,0.0,0.0,0.0
188.454,281.2,-3.4558,2.7805,-1.8124,-0.019,-0.01,480,6,116,277,0.2445,0.2133,STOP,PolygonStop,0.0,1.0,0.0,0.0,0.0
188.558,281.3,-3.4558,2.7805,-1.8124,-0.019,-0.01,480,6,116,277,0.2445,0.2133,STOP,PolygonStop,0.0,1.0,0.0,0.0,0.0
188.651,281.4,-3.4558,2.7805,-1.8124,-0.019,-0.01,480,6,116,277,0.2445,0.2133,STOP,PolygonStop,0.0,1.0,0.0,0.0,0.0
188.758,281.5,-3.4558,2.7805,-1.8124,-0.019,-0.01,480,6,116,277,0.2445,0.2133,STOP,PolygonStop,0.0,1.0,0.0,0.0,0.0
188.855,281.6,-3.4558,2.7805,-1.8124,-0.019,-0.01,480,6,116,277,0.2445,0.2133,STOP,PolygonStop,0.0,1.0,0.0,0.0,0.0
188.958,281.7,-3.4558,2.7805,-1.8124,-0.019,-0.01,480,6,116,277,0.2445,0.2133,STOP,PolygonStop,0.0,1.0,0.0,0.0,0.0
189.055,281.8,-3.4558,2.7805,-1.8124,-0.019,-0.01,480,6,116,277,0.2445,0.2133,STOP,PolygonStop,0.0,1.0,0.0,0.0,0.0
189.157,281.9,-3.4558,2.7805,-1.8124,-0.019,-0.01,480,6,116,277,0.2445,0.2133,STOP,PolygonStop,0.0,1.0,0.0,0.0,0.0
189.254,282.0,-3.4558,2.7805,-1.8124,-0.019,-0.01,480,6,116,277,0.2445,0.2133,STOP,PolygonStop,0.0,1.0,0.0,0.0,0.0
189.356,282.1,-3.4558,2.7805,-1.8124,-0.019,-0.01,480,6,116,277,0.2445,0.2133,STOP,PolygonStop,0.0,1.0,0.0,0.0,0.0
189.465,282.2,-3.4558,2.7805,-1.8124,-0.019,-0.01,480,6,116,277,0.2445,0.2133,STOP,PolygonStop,0.0,1.0,0.0,0.0,0.0
189.561,282.3,-3.4558,2.7805,-1.8124,-0.019,-0.01,480,6,116,277,0.2445,0.2133,STOP,PolygonStop,0.0,1.0,0.0,0.0,0.0
189.653,282.4,-3.4558,2.7805,-1.8124,-0.019,-0.01,480,6,116,277,0.2445,0.2133,STOP,PolygonStop,0.0,1.0,0.0,0.0,0.0
189.765,282.5,-3.4558,2.7805,-1.8124,-0.019,-0.01,480,6,116,277,0.2445,0.2133,STOP,PolygonStop,0.0,1.0,0.0,0.0,0.0
189.854,282.6,-3.4558,2.7805,-1.8124,-0.019,-0.01,480,6,116,277,0.2445,0.2133,STOP,PolygonStop,0.0,1.0,0.0,0.0,0.0
189.951,282.7,-3.4558,2.7805,-1.8124,-0.019,-0.01,480,6,116,277,0.2445,0.2133,STOP,PolygonStop,0.0,1.0,0.0,0.0,0.0
190.054,282.8,-3.4558,2.7805,-1.8124,-0.019,-0.01,480,6,116,277,0.2445,0.2133,STOP,PolygonStop,0.0,1.0,0.0,0.0,0.0
190.154,282.9,-3.4558,2.7805,-1.8124,-0.019,-0.01,480,6,116,277,0.2445,0.2133,STOP,PolygonStop,0.0,1.0,0.0,0.0,0.0
190.256,283.0,-3.4558,2.7805,-1.8124,-0.019,-0.01,480,6,116,277,0.2445,0.2133,STOP,PolygonStop,0.0,1.0,0.0,0.0,0.0
190.354,283.1,-3.4558,2.7805,-1.8124,-0.019,-0.01,480,6,116,277,0.2445,0.2133,STOP,PolygonStop,0.0,1.0,0.0,0.0,0.0
190.455,283.2,-3.4558,2.7805,-1.8124,-0.019,-0.01,480,6,116,277,0.2445,0.2133,STOP,PolygonStop,0.0,1.0,0.0,0.0,0.0
190.554,283.3,-3.4558,2.7805,-1.8124,-0.019,-0.01,480,6,116,277,0.2445,0.2133,STOP,PolygonStop,0.0,1.0,0.0,0.0,0.0
190.656,283.4,-3.4558,2.7805,-1.8124,-0.019,-0.01,480,6,116,277,0.2445,0.2133,STOP,PolygonStop,0.0,1.0,0.0,0.0,0.0
190.758,283.5,-3.4558,2.7805,-1.8124,-0.019,-0.01,480,6,116,277,0.2445,0.2133,STOP,PolygonStop,0.0,1.0,0.0,0.0,0.0
190.859,283.6,-3.4558,2.7805,-1.8124,-0.019,-0.01,480,6,116,277,0.2445,0.2133,STOP,PolygonStop,0.0,1.0,0.0,0.0,0.0
190.964,283.7,-3.4558,2.7805,-1.8124,-0.019,-0.01,480,6,116,277,0.2445,0.2133,STOP,PolygonStop,0.0,1.0,0.0,0.0,0.0
191.074,283.8,-3.4558,2.7805,-1.8124,-0.019,-0.01,480,6,116,277,0.2445,0.2133,STOP,PolygonStop,0.0,1.0,0.0,0.0,0.0
191.168,283.9,-3.4558,2.7805,-1.8124,-0.019,-0.01,480,6,116,277,0.2445,0.2133,STOP,PolygonStop,0.0,1.0,0.0,0.0,0.0
191.275,284.0,-3.4558,2.7805,-1.8124,-0.019,-0.01,480,6,116,277,0.2445,0.2133,STOP,PolygonStop,0.0,1.0,0.0,0.0,0.0
191.364,284.1,-3.4558,2.7805,-1.8124,-0.019,-0.01,480,6,116,277,0.2445,0.2133,STOP,PolygonStop,0.0,1.0,0.0,0.0,0.0
191.471,284.2,-3.4558,2.7805,-1.8124,-0.019,-0.01,480,6,116,277,0.2445,0.2133,STOP,PolygonStop,0.0,1.0,0.0,0.0,0.0
191.568,284.3,-3.4558,2.7805,-1.8124,-0.019,-0.01,480,6,116,277,0.2445,0.2133,STOP,PolygonStop,0.0,1.0,0.0,0.0,0.0
191.679,284.4,-3.4558,2.7805,-1.8124,-0.019,-0.01,480,6,116,277,0.2445,0.2133,STOP,PolygonStop,0.0,1.0,0.0,0.0,0.0
191.779,284.5,-3.4558,2.7805,-1.8124,-0.019,-0.01,480,6,116,277,0.2445,0.2133,STOP,PolygonStop,0.0,1.0,0.0,0.0,0.0
191.884,284.6,-3.4558,2.7805,-1.8124,-0.019,-0.01,480,6,116,277,0.2445,0.2133,STOP,PolygonStop,0.0,1.0,0.0,0.0,0.0
191.982,284.7,-3.4558,2.7805,-1.8124,-0.019,-0.01,480,6,116,277,0.2445,0.2133,STOP,PolygonStop,0.0,1.0,0.0,0.0,0.0
192.091,284.8,-3.4558,2.7805,-1.8124,-0.019,-0.01,480,6,116,277,0.2445,0.2133,STOP,PolygonStop,0.0,1.0,0.0,0.0,0.0
192.189,284.9,-3.4558,2.7805,-1.8124,-0.019,-0.01,480,6,116,277,0.2445,0.2133,STOP,PolygonStop,0.0,1.0,0.0,0.0,0.0
192.297,285.0,-3.4558,2.7805,-1.8124,-0.019,-0.01,480,6,116,277,0.2445,0.2133,STOP,PolygonStop,0.0,1.0,0.0,0.0,0.0
192.387,285.1,-3.4558,2.7805,-1.8124,-0.019,-0.01,480,6,116,277,0.2445,0.2133,STOP,PolygonStop,0.0,1.0,0.0,0.0,0.0
192.492,285.2,-3.4558,2.7805,-1.8124,-0.019,-0.01,480,6,116,277,0.2445,0.2133,STOP,PolygonStop,0.0,1.0,0.0,0.0,0.0
192.592,285.3,-3.4558,2.7805,-1.8124,-0.019,-0.01,480,6,116,277,0.2445,0.2133,STOP,PolygonStop,0.0,1.0,0.0,0.0,0.0
192.695,285.4,-3.4558,2.7805,-1.8124,-0.019,-0.01,480,6,116,277,0.2445,0.2133,STOP,PolygonStop,0.0,1.0,0.0,0.0,0.0
192.798,285.5,-3.4558,2.7805,-1.8124,-0.019,-0.01,480,6,116,277,0.2445,0.2133,STOP,PolygonStop,0.0,1.0,0.0,0.0,0.0
192.9,285.6,-3.4558,2.7805,-1.8124,-0.019,-0.01,480,6,116,277,0.2445,0.2133,STOP,PolygonStop,0.0,1.0,0.0,0.0,0.0
192.999,285.7,-3.4558,2.7805,-1.8124,-0.019,-0.01,480,6,116,277,0.2445,0.2133,STOP,PolygonStop,0.0,1.0,0.0,0.0,0.0
193.102,285.8,-3.4558,2.7805,-1.8124,-0.019,-0.01,480,6,116,277,0.2445,0.2133,STOP,PolygonStop,0.0,1.0,0.0,0.0,0.0
193.213,285.9,-3.4558,2.7805,-1.8124,-0.019,-0.01,480,6,116,277,0.2445,0.2133,STOP,PolygonStop,0.0,1.0,0.0,0.0,0.0
193.311,286.0,-3.4558,2.7805,-1.8124,-0.019,-0.01,480,6,116,277,0.2445,0.2133,STOP,PolygonStop,0.0,1.0,0.0,0.0,0.0
193.413,286.1,-3.4558,2.7805,-1.8124,-0.019,-0.01,480,6,116,277,0.2445,0.2133,STOP,PolygonStop,0.0,1.0,0.0,0.0,0.0
193.51,286.2,-3.4558,2.7805,-1.8124,-0.019,-0.01,480,6,116,277,0.2445,0.2133,STOP,PolygonStop,0.0,1.0,0.0,0.0,0.0
193.612,286.3,-3.4558,2.7805,-1.8124,-0.019,-0.01,480,6,116,277,0.2445,0.2133,STOP,PolygonStop,0.0,1.0,0.0,0.0,0.0
193.709,286.4,-3.4558,2.7805,-1.8124,-0.019,-0.01,480,6,116,277,0.2445,0.2133,STOP,PolygonStop,0.0,1.0,0.0,0.0,0.0
193.812,286.5,-3.4558,2.7805,-1.8124,-0.019,-0.01,480,6,116,277,0.2445,0.2133,STOP,PolygonStop,0.0,1.0,0.0,0.0,0.0
193.917,286.6,-3.4558,2.7805,-1.8124,-0.019,-0.01,480,6,116,277,0.2445,0.2133,STOP,PolygonStop,0.0,1.0,0.0,0.0,0.0
194.015,286.7,-3.4558,2.7805,-1.8124,-0.019,-0.01,480,6,116,277,0.2445,0.2133,STOP,PolygonStop,0.0,1.0,0.0,0.0,0.0
194.119,286.8,-3.4558,2.7805,-1.8124,-0.019,-0.01,480,6,116,277,0.2445,0.2133,STOP,PolygonStop,0.0,1.0,0.0,0.0,0.0
194.225,286.9,-3.4558,2.7805,-1.8124,-0.019,-0.01,480,6,116,277,0.2445,0.2133,STOP,PolygonStop,0.0,0.0,0.0,0.0,0.0
194.334,287.0,-3.4558,2.7805,-1.8124,-0.019,-0.01,480,6,116,277,0.2445,0.2133,STOP,PolygonStop,0.0,0.0,0.0,0.0,0.0
194.453,287.1,-3.4558,2.7805,-1.8124,-0.019,-0.01,480,6,116,277,0.2445,0.2133,STOP,PolygonStop,0.0,0.0,0.0,0.0,0.0
194.534,287.2,-3.4558,2.7805,-1.8124,-0.019,-0.01,480,6,116,277,0.2445,0.2133,STOP,PolygonStop,0.0,0.0,0.0,0.0,0.0
194.648,287.3,-3.4558,2.7805,-1.8124,-0.019,-0.01,480,6,116,277,0.2445,0.2133,STOP,PolygonStop,0.0,0.0,0.0,0.0,0.0
194.731,287.4,-3.4558,2.7805,-1.8124,-0.019,-0.01,480,6,116,277,0.2445,0.2133,STOP,PolygonStop,0.0,0.0,0.0,0.0,0.0
194.841,287.5,-3.4558,2.7805,-1.8124,-0.019,-0.01,480,6,116,277,0.2445,0.2133,STOP,PolygonStop,0.0,0.0,0.0,0.0,0.0
194.944,287.6,-3.4558,2.7805,-1.8124,-0.019,-0.01,480,6,116,277,0.2445,0.2133,STOP,PolygonStop,0.0,0.0,0.0,0.0,0.0
195.052,287.7,-3.4558,2.7805,-1.8124,-0.019,-0.01,480,6,116,277,0.2445,0.2133,STOP,PolygonStop,0.0,0.0,0.0,0.0,0.0
195.153,287.8,-3.4558,2.7805,-1.8124,-0.019,-0.01,480,6,116,277,0.2445,0.2133,STOP,PolygonStop,0.0,0.0,0.0,0.0,0.0
195.256,287.9,-3.4558,2.7805,-1.8124,-0.019,-0.01,480,6,116,277,0.2445,0.2133,STOP,PolygonStop,0.0,0.0,0.0,0.0,0.0
195.357,288.0,-3.4558,2.7805,-1.8124,-0.019,-0.01,480,6,116,277,0.2445,0.2133,STOP,PolygonStop,0.0,0.0,0.0,0.0,0.0
195.471,288.1,-3.4558,2.7805,-1.8124,-0.019,-0.01,480,6,116,277,0.2445,0.2133,STOP,PolygonStop,0.0,0.0,0.0,0.0,0.0
195.573,288.2,-3.4558,2.7805,-1.8124,-0.019,-0.01,480,6,116,277,0.2445,0.2133,STOP,PolygonStop,0.0,0.0,0.0,0.0,0.0
195.684,288.3,-3.4558,2.7805,-1.8124,-0.019,-0.01,480,6,116,277,0.2445,0.2133,STOP,PolygonStop,0.0,0.0,0.0,0.0,0.0
195.781,288.4,-3.4558,2.7805,-1.8124,-0.019,-0.01,480,6,116,277,0.2445,0.2133,STOP,PolygonStop,0.0,0.0,0.0,0.0,0.0
195.888,288.5,-3.4558,2.7805,-1.8124,-0.019,-0.01,480,6,116,277,0.2445,0.2133,STOP,PolygonStop,0.0,0.0,0.0,0.0,0.0
195.98,288.6,-3.4558,2.7805,-1.8124,-0.019,-0.01,480,6,116,277,0.2445,0.2133,STOP,PolygonStop,0.0,0.0,0.0,0.0,0.0
196.08,288.7,-3.4558,2.7805,-1.8124,-0.019,-0.01,480,6,116,277,0.2445,0.2133,STOP,PolygonStop,0.0,0.0,0.0,0.0,0.0
196.179,288.8,-3.4558,2.7805,-1.8124,-0.019,-0.01,480,6,116,277,0.2445,0.2133,STOP,PolygonStop,0.0,0.0,0.0,0.0,0.0
196.285,288.9,-3.4558,2.7805,-1.8124,-0.019,-0.01,480,6,116,277,0.2445,0.2133,STOP,PolygonStop,0.0,0.0,0.0,0.0,0.0
196.38,289.0,-3.4558,2.7805,-1.8124,-0.019,-0.01,480,6,116,277,0.2445,0.2133,STOP,PolygonStop,0.0,0.0,0.0,0.0,0.0
196.482,289.1,-3.4558,2.7805,-1.8124,-0.019,-0.01,480,6,116,277,0.2445,0.2133,STOP,PolygonStop,0.0,0.0,0.0,0.0,0.0
196.579,289.2,-3.4558,2.7805,-1.8124,-0.019,-0.01,480,6,116,277,0.2445,0.2133,STOP,PolygonStop,0.0,0.0,0.0,0.0,0.0
196.697,289.3,-3.4558,2.7805,-1.8124,-0.019,-0.01,480,6,116,277,0.2445,0.2133,STOP,PolygonStop,0.0,0.0,0.0,0.0,0.0
196.78,289.4,-3.4558,2.7805,-1.8124,-0.019,-0.01,480,6,116,277,0.2445,0.2133,STOP,PolygonStop,0.0,0.0,0.0,0.0,0.0
196.879,289.5,-3.4558,2.7805,-1.8124,-0.019,-0.01,480,6,116,277,0.2445,0.2133,STOP,PolygonStop,0.0,0.0,0.0,0.0,0.0
196.984,289.6,-3.4558,2.7805,-1.8124,-0.019,-0.01,480,6,116,277,0.2445,0.2133,STOP,PolygonStop,0.0,0.0,0.0,0.0,0.0
197.085,289.7,-3.4558,2.7805,-1.8124,-0.019,-0.01,480,6,116,277,0.2445,0.2133,STOP,PolygonStop,0.0,0.0,0.0,0.0,0.0
197.184,289.8,-3.4558,2.7805,-1.8124,-0.019,-0.01,480,6,116,277,0.2445,0.2133,STOP,PolygonStop,0.0,0.0,0.0,0.0,0.0
197.29,289.9,-3.4558,2.7805,-1.8124,-0.019,-0.01,480,6,116,277,0.2445,0.2133,STOP,PolygonStop,0.0,0.0,0.0,0.0,0.0
197.387,290.0,-3.4558,2.7805,-1.8124,-0.019,-0.01,480,6,116,277,0.2445,0.2133,STOP,PolygonStop,0.0,0.0,0.0,0.0,0.0
197.494,290.1,-3.4558,2.7805,-1.8124,-0.019,-0.01,480,6,116,277,0.2445,0.2133,STOP,PolygonStop,0.0,0.0,0.0,0.0,0.0
197.594,290.2,-3.4558,2.7805,-1.8124,-0.019,-0.01,480,6,116,277,0.2445,0.2133,STOP,PolygonStop,0.0,0.0,0.0,0.0,0.0
197.701,290.3,-3.4558,2.7805,-1.8124,-0.019,-0.01,480,6,116,277,0.2445,0.2133,STOP,PolygonStop,0.0,0.0,0.0,0.0,0.0
197.834,290.4,-3.4558,2.7805,-1.8124,-0.019,-0.01,480,6,116,277,0.2445,0.2133,STOP,PolygonStop,0.0,0.0,0.0,0.0,0.0
197.911,290.5,-3.4558,2.7805,-1.8124,-0.019,-0.01,480,6,116,277,0.2445,0.2133,STOP,PolygonStop,0.0,0.0,0.0,0.0,0.0
198.035,290.6,-3.4558,2.7805,-1.8124,-0.019,-0.01,480,6,116,277,0.2445,0.2133,STOP,PolygonStop,0.0,0.0,0.0,0.0,0.0
198.119,290.7,-3.4558,2.7805,-1.8124,-0.019,-0.01,480,6,116,277,0.2445,0.2133,STOP,PolygonStop,0.0,0.0,0.0,0.0,0.0
198.225,290.8,-3.4558,2.7805,-1.8124,-0.019,-0.01,480,6,116,277,0.2445,0.2133,STOP,PolygonStop,0.0,0.0,0.0,0.0,0.0
198.323,290.9,-3.4558,2.7805,-1.8124,-0.019,-0.01,480,6,116,277,0.2445,0.2133,STOP,PolygonStop,0.0,0.0,0.0,0.0,0.0
198.435,291.0,-3.4558,2.7805,-1.8124,-0.019,-0.01,480,6,116,277,0.2445,0.2133,STOP,PolygonStop,0.0,0.0,0.0,0.0,0.0
198.537,291.1,-3.4558,2.7805,-1.8124,-0.019,-0.01,480,6,116,277,0.2445,0.2133,STOP,PolygonStop,0.0,0.0,0.0,0.0,0.0
198.641,291.2,-3.4558,2.7805,-1.8124,-0.019,-0.01,480,6,116,277,0.2445,0.2133,STOP,PolygonStop,0.0,0.0,0.0,0.0,0.0
198.741,291.3,-3.4558,2.7805,-1.8124,-0.019,-0.01,480,6,116,277,0.2445,0.2133,STOP,PolygonStop,0.0,0.0,0.0,0.0,0.0
198.848,291.4,-3.4558,2.7805,-1.8124,-0.019,-0.01,480,6,116,277,0.2445,0.2133,STOP,PolygonStop,0.0,0.0,0.0,0.0,0.0
198.949,291.5,-3.4558,2.7805,-1.8124,-0.019,-0.01,480,6,116,277,0.2445,0.2133,STOP,PolygonStop,0.0,0.0,0.0,0.0,0.0
199.05,291.6,-3.4558,2.7805,-1.8124,-0.019,-0.01,480,6,116,277,0.2445,0.2133,STOP,PolygonStop,0.0,0.0,0.0,0.0,0.0
199.161,291.7,-3.4558,2.7805,-1.8124,-0.019,-0.01,480,6,116,277,0.2445,0.2133,STOP,PolygonStop,0.0,0.0,0.0,0.0,0.0
199.259,291.8,-3.4558,2.7805,-1.8124,-0.019,-0.01,480,6,116,277,0.2445,0.2133,STOP,PolygonStop,0.0,0.0,0.0,0.0,0.0
199.357,291.9,-3.4558,2.7805,-1.8124,-0.019,-0.01,480,6,116,277,0.2445,0.2133,STOP,PolygonStop,0.0,0.0,0.0,0.0,0.0
199.461,292.0,-3.4558,2.7805,-1.8124,-0.019,-0.01,480,6,116,277,0.2445,0.2133,STOP,PolygonStop,0.0,0.0,0.0,0.0,0.0
199.559,292.1,-3.4558,2.7805,-1.8124,-0.019,-0.01,480,6,116,277,0.2445,0.2133,STOP,PolygonStop,0.2842,-0.0256,0.125,0.0,0.0
199.659,292.2,-3.4558,2.7805,-1.8124,-0.019,-0.01,480,6,116,277,0.2445,0.2133,STOP,PolygonStop,0.2842,-0.0256,0.2842,0.0,0.0
199.753,292.3,-3.4558,2.7805,-1.8124,-0.019,-0.01,480,6,116,277,0.2445,0.2133,STOP,PolygonStop,0.2842,-0.0256,0.2842,0.0,0.0
199.854,292.4,-3.4558,2.7805,-1.8124,-0.019,-0.01,480,6,116,277,0.2445,0.2133,STOP,PolygonStop,0.2842,-0.0256,0.2842,0.0,0.0
199.957,292.5,-3.4558,2.7805,-1.8124,-0.019,-0.01,480,6,116,277,0.2445,0.2133,STOP,PolygonStop,0.2842,-0.0256,0.2842,0.0,0.0
200.056,292.6,-3.4558,2.7805,-1.8124,-0.019,-0.01,480,6,116,277,0.2445,0.2133,STOP,PolygonStop,0.2842,-0.0256,0.2842,0.0,0.0
200.161,292.7,-3.4558,2.7805,-1.8124,-0.019,-0.01,480,6,116,277,0.2445,0.2133,STOP,PolygonStop,0.2842,-0.0256,0.2842,0.0,0.0
200.259,292.8,-3.4558,2.7805,-1.8124,-0.019,-0.01,480,6,116,277,0.2445,0.2133,STOP,PolygonStop,0.2842,-0.0256,0.2842,0.0,0.0
200.36,292.9,-3.4558,2.7805,-1.8124,-0.019,-0.01,480,6,116,277,0.2445,0.2133,STOP,PolygonStop,0.2842,-0.0256,0.2842,0.0,0.0
200.466,293.0,-3.4558,2.7805,-1.8124,-0.019,-0.01,480,6,116,277,0.2445,0.2133,STOP,PolygonStop,0.2842,-0.0256,0.2842,0.0,0.0
200.558,293.1,-3.4558,2.7805,-1.8124,-0.019,-0.01,480,6,116,277,0.2445,0.2133,STOP,PolygonStop,0.2842,-0.0256,0.2842,0.0,0.0
200.659,293.2,-3.4558,2.7805,-1.8124,-0.019,-0.01,480,6,116,277,0.2445,0.2133,STOP,PolygonStop,0.2842,-0.0256,0.2842,0.0,0.0
200.759,293.3,-3.4558,2.7805,-1.8124,-0.019,-0.01,480,6,116,277,0.2445,0.2133,STOP,PolygonStop,0.2842,-0.0256,0.2842,0.0,0.0
200.865,293.4,-3.4558,2.7805,-1.8124,-0.019,-0.01,480,6,116,277,0.2445,0.2133,STOP,PolygonStop,0.2842,-0.0256,0.2842,0.0,0.0
200.965,293.5,-3.4558,2.7805,-1.8124,-0.019,-0.01,480,6,116,277,0.2445,0.2133,STOP,PolygonStop,0.2842,-0.0256,0.2842,0.0,0.0
201.078,293.6,-3.4558,2.7805,-1.8124,-0.019,-0.01,480,6,116,277,0.2445,0.2133,STOP,PolygonStop,0.2842,-0.0256,0.2842,0.0,0.0
201.181,293.7,-3.4558,2.7805,-1.8124,-0.019,-0.01,480,6,116,277,0.2445,0.2133,STOP,PolygonStop,0.2842,-0.0256,0.2842,0.0,0.0
201.271,293.8,-3.4558,2.7805,-1.8124,-0.019,-0.01,480,6,116,277,0.2445,0.2133,STOP,PolygonStop,0.2842,-0.0256,0.2842,0.0,0.0
201.393,293.9,-3.4558,2.7805,-1.8124,-0.019,-0.01,480,6,116,277,0.2445,0.2133,STOP,PolygonStop,0.2842,-0.0256,0.2842,0.0,0.0
201.472,294.0,-3.4558,2.7805,-1.8124,-0.019,-0.01,480,6,116,277,0.2445,0.2133,STOP,PolygonStop,0.2842,-0.0256,0.2842,0.0,0.0
201.579,294.1,-3.4558,2.7805,-1.8124,-0.019,-0.01,480,6,116,277,0.2445,0.2133,STOP,PolygonStop,0.2842,-0.0256,0.2842,0.0,0.0
201.679,294.2,-3.4558,2.7805,-1.8124,-0.019,-0.01,480,6,116,277,0.2445,0.2133,STOP,PolygonStop,0.2842,-0.0256,0.2842,0.0,0.0
201.786,294.3,-3.4558,2.7805,-1.8124,-0.019,-0.01,480,6,116,277,0.2445,0.2133,STOP,PolygonStop,0.2842,-0.0256,0.2842,0.0,0.0
201.884,294.4,-3.4558,2.7805,-1.8124,-0.019,-0.01,480,6,116,277,0.2445,0.2133,STOP,PolygonStop,0.2842,-0.0256,0.2842,0.0,0.0
202.022,294.5,-3.4558,2.7805,-1.8124,-0.019,-0.01,480,6,116,277,0.2445,0.2133,STOP,PolygonStop,0.2842,-0.0256,0.2842,0.0,0.0
202.134,294.6,-3.4558,2.7805,-1.8124,-0.019,-0.01,480,6,116,277,0.2445,0.2133,STOP,PolygonStop,0.2842,-0.0256,0.2842,0.0,0.0
202.222,294.7,-3.4558,2.7805,-1.8124,-0.019,-0.01,480,6,116,277,0.2445,0.2133,STOP,PolygonStop,0.2842,-0.0256,0.2842,0.0,0.0
202.313,294.8,-3.4558,2.7805,-1.8124,-0.019,-0.01,480,6,116,277,0.2445,0.2133,STOP,PolygonStop,0.2842,-0.0256,0.2842,0.0,0.0
202.414,294.9,-3.4558,2.7805,-1.8124,-0.019,-0.01,480,6,116,277,0.2445,0.2133,STOP,PolygonStop,0.2842,-0.0256,0.2842,0.0,0.0
202.526,295.0,-3.4558,2.7805,-1.8124,-0.019,-0.01,480,6,116,277,0.2445,0.2133,STOP,PolygonStop,0.2842,-0.0256,0.2842,0.0,0.0
202.629,295.1,-3.4558,2.7805,-1.8124,-0.019,-0.01,480,6,116,277,0.2445,0.2133,STOP,PolygonStop,0.2842,-0.0256,0.2842,0.0,0.0
202.723,295.2,-3.4558,2.7805,-1.8124,-0.019,-0.01,480,6,116,277,0.2445,0.2133,STOP,PolygonStop,0.2842,-0.0256,0.2842,0.0,0.0
202.823,295.3,-3.4558,2.7805,-1.8124,-0.019,-0.01,480,6,116,277,0.2445,0.2133,STOP,PolygonStop,0.2842,-0.0256,0.2842,0.0,0.0
202.922,295.4,-3.4558,2.7805,-1.8124,-0.019,-0.01,480,6,116,277,0.2445,0.2133,STOP,PolygonStop,0.2842,-0.0256,0.2842,0.0,0.0
203.019,295.5,-3.4558,2.7805,-1.8124,-0.019,-0.01,480,6,116,277,0.2445,0.2133,STOP,PolygonStop,0.2842,-0.0256,0.2842,0.0,0.0
203.12,295.6,-3.4558,2.7805,-1.8124,-0.019,-0.01,480,6,116,277,0.2445,0.2133,STOP,PolygonStop,0.2842,-0.0256,0.2842,0.0,0.0
203.219,295.7,-3.4558,2.7805,-1.8124,-0.019,-0.01,480,6,116,277,0.2445,0.2133,STOP,PolygonStop,0.2842,-0.0256,0.2842,0.0,0.0
203.322,295.8,-3.4558,2.7805,-1.8124,-0.019,-0.01,480,6,116,277,0.2445,0.2133,STOP,PolygonStop,0.2842,-0.0256,0.2842,0.0,0.0
203.42,295.9,-3.4558,2.7805,-1.8124,-0.019,-0.01,480,6,116,277,0.2445,0.2133,STOP,PolygonStop,0.2842,-0.0256,0.2842,0.0,0.0
203.522,296.0,-3.4558,2.7805,-1.8124,-0.019,-0.01,480,6,116,277,0.2445,0.2133,STOP,PolygonStop,0.2842,-0.0256,0.2842,0.0,0.0
203.619,296.1,-3.4558,2.7805,-1.8124,-0.019,-0.01,480,6,116,277,0.2445,0.2133,STOP,PolygonStop,0.2842,-0.0256,0.2842,0.0,0.0
203.723,296.2,-3.4558,2.7805,-1.8124,-0.019,-0.01,480,6,116,277,0.2445,0.2133,STOP,PolygonStop,0.2842,-0.0256,0.2842,0.0,0.0
203.821,296.3,-3.4558,2.7805,-1.8124,-0.019,-0.01,480,6,116,277,0.2445,0.2133,STOP,PolygonStop,0.2842,-0.0256,0.2842,0.0,0.0
203.919,296.4,-3.4558,2.7805,-1.8124,-0.019,-0.01,480,6,116,277,0.2445,0.2133,STOP,PolygonStop,0.2842,-0.0256,0.2842,0.0,0.0
204.022,296.5,-3.4558,2.7805,-1.8124,-0.019,-0.01,480,6,116,277,0.2445,0.2133,STOP,PolygonStop,0.2842,-0.0256,0.2842,0.0,0.0
204.12,296.6,-3.4558,2.7805,-1.8124,-0.019,-0.01,480,6,116,277,0.2445,0.2133,STOP,PolygonStop,0.2842,-0.0256,0.2842,0.0,0.0
204.222,296.7,-3.4558,2.7805,-1.8124,-0.019,-0.01,480,6,116,277,0.2445,0.2133,STOP,PolygonStop,0.2842,-0.0256,0.2842,0.0,0.0
204.32,296.8,-3.4558,2.7805,-1.8124,-0.019,-0.01,480,6,116,277,0.2445,0.2133,STOP,PolygonStop,0.2842,-0.0256,0.2842,0.0,0.0
204.42,296.9,-3.4558,2.7805,-1.8124,-0.019,-0.01,480,6,116,277,0.2445,0.2133,STOP,PolygonStop,0.2842,-0.0256,0.2842,0.0,0.0
204.529,297.0,-3.4558,2.7805,-1.8124,-0.019,-0.01,480,6,116,277,0.2445,0.2133,STOP,PolygonStop,0.2842,-0.0256,0.2842,0.0,0.0
204.62,297.1,-3.4558,2.7805,-1.8124,-0.019,-0.01,480,6,116,277,0.2445,0.2133,STOP,PolygonStop,0.2842,-0.0256,0.2842,0.0,0.0
204.73,297.2,-3.4558,2.7805,-1.8124,-0.019,-0.01,480,6,116,277,0.2445,0.2133,STOP,PolygonStop,0.2842,-0.0256,0.2842,0.0,0.0
204.821,297.3,-3.4558,2.7805,-1.8124,-0.019,-0.01,480,6,116,277,0.2445,0.2133,STOP,PolygonStop,0.2842,-0.0256,0.2842,0.0,0.0
204.924,297.4,-3.4558,2.7805,-1.8124,-0.019,-0.01,480,6,116,277,0.2445,0.2133,STOP,PolygonStop,0.2842,-0.0256,0.2842,0.0,0.0
205.02,297.5,-3.4558,2.7805,-1.8124,-0.019,-0.01,480,6,116,277,0.2445,0.2133,STOP,PolygonStop,0.2842,-0.0256,0.2842,0.0,0.0
205.121,297.6,-3.4558,2.7805,-1.8124,-0.019,-0.01,480,6,116,277,0.2445,0.2133,STOP,PolygonStop,0.2842,-0.0256,0.2842,0.0,0.0
205.221,297.7,-3.4558,2.7805,-1.8124,-0.019,-0.01,480,6,116,277,0.2445,0.2133,STOP,PolygonStop,0.2842,-0.0256,0.2842,0.0,0.0
205.326,297.8,-3.4558,2.7805,-1.8124,-0.019,-0.01,480,6,116,277,0.2445,0.2133,STOP,PolygonStop,0.2842,-0.0256,0.2842,0.0,0.0
205.421,297.9,-3.4558,2.7805,-1.8124,-0.019,-0.01,480,6,116,277,0.2445,0.2133,STOP,PolygonStop,0.2842,-0.0256,0.2842,0.0,0.0
205.525,298.0,-3.4558,2.7805,-1.8124,-0.019,-0.01,480,6,116,277,0.2445,0.2133,STOP,PolygonStop,0.2842,-0.0256,0.2842,0.0,0.0
205.621,298.1,-3.4558,2.7805,-1.8124,-0.019,-0.01,480,6,116,277,0.2445,0.2133,STOP,PolygonStop,0.2842,-0.0256,0.2842,0.0,0.0
205.721,298.2,-3.4558,2.7805,-1.8124,-0.019,-0.01,480,6,116,277,0.2445,0.2133,STOP,PolygonStop,0.2842,-0.0256,0.2842,0.0,0.0
205.82,298.3,-3.4558,2.7805,-1.8124,-0.019,-0.01,480,6,116,277,0.2445,0.2133,STOP,PolygonStop,0.2842,-0.0256,0.2842,0.0,0.0
205.921,298.4,-3.4558,2.7805,-1.8124,-0.019,-0.01,480,6,116,277,0.2445,0.2133,STOP,PolygonStop,0.2842,-0.0256,0.2842,0.0,0.0
206.023,298.5,-3.4558,2.7805,-1.8124,-0.019,-0.01,480,6,116,277,0.2445,0.2133,STOP,PolygonStop,0.2842,-0.0256,0.2842,0.0,0.0
206.121,298.6,-3.4558,2.7805,-1.8124,-0.019,-0.01,480,6,116,277,0.2445,0.2133,STOP,PolygonStop,0.2842,-0.0256,0.2842,0.0,0.0
206.221,298.7,-3.4558,2.7805,-1.8124,-0.019,-0.01,480,6,116,277,0.2445,0.2133,STOP,PolygonStop,0.2842,-0.0256,0.2842,0.0,0.0
206.333,298.8,-3.4558,2.7805,-1.8124,-0.019,-0.01,480,6,116,277,0.2445,0.2133,STOP,PolygonStop,0.2842,-0.0256,0.2842,0.0,0.0
206.421,298.9,-3.4558,2.7805,-1.8124,-0.019,-0.01,480,6,116,277,0.2445,0.2133,STOP,PolygonStop,0.2842,-0.0256,0.2842,0.0,0.0
206.523,299.0,-3.4558,2.7805,-1.8124,-0.019,-0.01,480,6,116,277,0.2445,0.2133,STOP,PolygonStop,0.2842,-0.0256,0.2842,0.0,0.0
206.624,299.1,-3.4558,2.7805,-1.8124,-0.019,-0.01,480,6,116,277,0.2445,0.2133,STOP,PolygonStop,0.2842,-0.0256,0.2842,0.0,0.0
206.721,299.2,-3.4558,2.7805,-1.8124,-0.019,-0.01,480,6,116,277,0.2445,0.2133,STOP,PolygonStop,0.2842,-0.0256,0.2842,0.0,0.0
206.826,299.3,-3.4558,2.7805,-1.8124,-0.019,-0.01,480,6,116,277,0.2445,0.2133,STOP,PolygonStop,0.2842,-0.0256,0.2842,0.0,0.0
206.923,299.4,-3.4558,2.7805,-1.8124,-0.019,-0.01,480,6,116,277,0.2445,0.2133,STOP,PolygonStop,0.2842,-0.0256,0.2842,0.0,0.0
207.022,299.5,-3.4558,2.7805,-1.8124,-0.019,-0.01,480,6,116,277,0.2445,0.2133,STOP,PolygonStop,0.2842,-0.0256,0.2842,0.0,0.0
207.122,299.6,-3.4558,2.7805,-1.8124,-0.019,-0.01,480,6,116,277,0.2445,0.2133,STOP,PolygonStop,0.2842,-0.0256,0.2842,0.0,0.0
207.222,299.7,-3.4558,2.7805,-1.8124,-0.019,-0.01,480,6,116,277,0.2445,0.2133,STOP,PolygonStop,0.2842,-0.0256,0.2842,0.0,0.0
207.323,299.8,-3.4558,2.7805,-1.8124,-0.019,-0.01,480,6,116,277,0.2445,0.2133,STOP,PolygonStop,0.2842,-0.0256,0.2842,0.0,0.0
207.423,299.9,-3.4558,2.7805,-1.8124,-0.019,-0.01,480,6,116,277,0.2445,0.2133,STOP,PolygonStop,0.2842,-0.0256,0.2842,0.0,0.0
207.529,300.0,-3.4558,2.7805,-1.8124,-0.019,-0.01,480,6,116,277,0.2445,0.2133,STOP,PolygonStop,0.2842,-0.0256,0.2842,0.0,0.0
207.623,300.1,-3.4558,2.7805,-1.8124,-0.019,-0.01,480,6,116,277,0.2445,0.2133,STOP,PolygonStop,0.2842,-0.0256,0.2842,0.0,0.0
207.723,300.2,-3.4558,2.7805,-1.8124,-0.019,-0.01,480,6,116,277,0.2445,0.2133,STOP,PolygonStop,0.2842,-0.0256,0.2842,0.0,0.0
207.831,300.3,-3.4558,2.7805,-1.8124,-0.019,-0.01,480,6,116,277,0.2445,0.2133,STOP,PolygonStop,0.2842,-0.0256,0.2842,0.0,0.0
207.923,300.4,-3.4558,2.7805,-1.8124,-0.019,-0.01,480,6,116,277,0.2445,0.2133,STOP,PolygonStop,0.2842,-0.0256,0.2842,0.0,0.0
208.03,300.5,-3.4558,2.7805,-1.8124,-0.019,-0.01,480,6,116,277,0.2445,0.2133,STOP,PolygonStop,0.2842,-0.0256,0.2842,0.0,0.0
208.122,300.6,-3.4558,2.7805,-1.8124,-0.019,-0.01,480,6,116,277,0.2445,0.2133,STOP,PolygonStop,0.2842,-0.0256,0.2842,0.0,0.0
208.241,300.7,-3.4558,2.7805,-1.8124,-0.019,-0.01,480,6,116,277,0.2445,0.2133,STOP,PolygonStop,0.2842,-0.0256,0.2842,0.0,0.0
208.349,300.8,-3.4558,2.7805,-1.8124,-0.019,-0.01,480,6,116,277,0.2445,0.2133,STOP,PolygonStop,0.2842,-0.0256,0.2842,0.0,0.0
208.454,300.9,-3.4558,2.7805,-1.8124,-0.019,-0.01,480,6,116,277,0.2445,0.2133,STOP,PolygonStop,0.2842,-0.0256,0.2842,0.0,0.0
208.544,301.0,-3.4558,2.7805,-1.8124,-0.019,-0.01,480,6,116,277,0.2445,0.2133,STOP,PolygonStop,0.2842,-0.0256,0.2842,0.0,0.0
208.645,301.1,-3.4558,2.7805,-1.8124,-0.019,-0.01,480,6,116,277,0.2445,0.2133,STOP,PolygonStop,0.2842,-0.0256,0.2842,0.0,0.0
208.742,301.2,-3.4558,2.7805,-1.8124,-0.019,-0.01,480,6,116,277,0.2445,0.2133,STOP,PolygonStop,0.2842,-0.0256,0.2842,0.0,0.0
208.838,301.3,-3.4558,2.7805,-1.8124,-0.019,-0.01,480,6,116,277,0.2445,0.2133,STOP,PolygonStop,0.2842,-0.0256,0.2842,0.0,0.0
208.937,301.4,-3.4558,2.7805,-1.8124,-0.019,-0.01,480,6,116,277,0.2445,0.2133,STOP,PolygonStop,0.0,0.0,0.0342,0.0,0.0
209.04,301.5,-3.4558,2.7805,-1.8124,-0.019,-0.01,480,6,116,277,0.2445,0.2133,STOP,PolygonStop,0.0,0.0,0.0,0.0,0.0
209.14,301.6,-3.4558,2.7805,-1.8124,-0.019,-0.01,480,6,116,277,0.2445,0.2133,STOP,PolygonStop,0.0,0.0,0.0,0.0,0.0
209.24,301.7,-3.4558,2.7805,-1.8124,-0.019,-0.01,480,6,116,277,0.2445,0.2133,STOP,PolygonStop,0.0,0.0,0.0,0.0,0.0
209.339,301.8,-3.4558,2.7805,-1.8124,-0.019,-0.01,480,6,116,277,0.2445,0.2133,STOP,PolygonStop,0.0,0.0,0.0,0.0,0.0
209.441,301.9,-3.4558,2.7805,-1.8124,-0.019,-0.01,480,6,116,277,0.2445,0.2133,STOP,PolygonStop,0.0,0.0,0.0,0.0,0.0
209.54,302.0,-3.4558,2.7805,-1.8124,-0.019,-0.01,480,6,116,277,0.2445,0.2133,STOP,PolygonStop,0.0,0.0,0.0,0.0,0.0
209.641,302.1,-3.4558,2.7805,-1.8124,-0.019,-0.01,480,6,116,277,0.2445,0.2133,STOP,PolygonStop,0.0,0.0,0.0,0.0,0.0
209.742,302.2,-3.4558,2.7805,-1.8124,-0.019,-0.01,480,6,116,277,0.2445,0.2133,STOP,PolygonStop,0.0,0.0,0.0,0.0,0.0
209.84,302.3,-3.4558,2.7805,-1.8124,-0.019,-0.01,480,6,116,277,0.2445,0.2133,STOP,PolygonStop,0.0,0.0,0.0,0.0,0.0
209.941,302.4,-3.4558,2.7805,-1.8124,-0.019,-0.01,480,6,116,277,0.2445,0.2133,STOP,PolygonStop,0.0,0.0,0.0,0.0,0.0
210.041,302.5,-3.4558,2.7805,-1.8124,-0.019,-0.01,480,6,116,277,0.2445,0.2133,STOP,PolygonStop,0.0,0.0,0.0,0.0,0.0
210.141,302.6,-3.4558,2.7805,-1.8124,-0.019,-0.01,480,6,116,277,0.2445,0.2133,STOP,PolygonStop,0.0,0.0,0.0,0.0,0.0
210.241,302.7,-3.4558,2.7805,-1.8124,-0.019,-0.01,480,6,116,277,0.2445,0.2133,STOP,PolygonStop,0.0,0.0,0.0,0.0,0.0
210.339,302.8,-3.4558,2.7805,-1.8124,-0.019,-0.01,480,6,116,277,0.2445,0.2133,STOP,PolygonStop,0.0,0.0,0.0,0.0,0.0
210.439,302.9,-3.4558,2.7805,-1.8124,-0.019,-0.01,480,6,116,277,0.2445,0.2133,STOP,PolygonStop,0.0,0.0,0.0,0.0,0.0
210.55,303.0,-3.4558,2.7805,-1.8124,-0.019,-0.01,480,6,116,277,0.2445,0.2133,STOP,PolygonStop,0.0,0.0,0.0,0.0,0.0
210.664,303.1,-3.4558,2.7805,-1.8124,-0.019,-0.01,480,6,116,277,0.2445,0.2133,STOP,PolygonStop,0.0,0.0,0.0,0.0,0.0
210.748,303.2,-3.4558,2.7805,-1.8124,-0.019,-0.01,480,6,116,277,0.2445,0.2133,STOP,PolygonStop,0.0,0.0,0.0,0.0,0.0
210.849,303.3,-3.4558,2.7805,-1.8124,-0.019,-0.01,480,6,116,277,0.2445,0.2133,STOP,PolygonStop,0.0,0.0,0.0,0.0,0.0
210.948,303.4,-3.4558,2.7805,-1.8124,-0.019,-0.01,480,6,116,277,0.2445,0.2133,STOP,PolygonStop,0.0,0.0,0.0,0.0,0.0
211.052,303.5,-3.4558,2.7805,-1.8124,-0.019,-0.01,480,6,116,277,0.2445,0.2133,STOP,PolygonStop,0.0,0.0,0.0,0.0,0.0
211.162,303.6,-3.4558,2.7805,-1.8124,-0.019,-0.01,480,6,116,277,0.2445,0.2133,STOP,PolygonStop,0.0,0.0,0.0,0.0,0.0
211.251,303.7,-3.4558,2.7805,-1.8124,-0.019,-0.01,480,6,116,277,0.2445,0.2133,STOP,PolygonStop,0.0,0.0,0.0,0.0,0.0
211.376,303.8,-3.4558,2.7805,-1.8124,-0.019,-0.01,480,6,116,277,0.2445,0.2133,STOP,PolygonStop,0.0,0.0,0.0,0.0,0.0
211.455,303.9,-3.4558,2.7805,-1.8124,-0.019,-0.01,480,6,116,277,0.2445,0.2133,STOP,PolygonStop,0.0,0.0,0.0,0.0,0.0
211.561,304.0,-3.4558,2.7805,-1.8124,-0.019,-0.01,480,6,116,277,0.2445,0.2133,STOP,PolygonStop,0.0,0.0,0.0,0.0,0.0
211.657,304.1,-3.4558,2.7805,-1.8124,-0.019,-0.01,480,6,116,277,0.2445,0.2133,STOP,PolygonStop,0.0,0.0,0.0,0.0,0.0
211.761,304.2,-3.4558,2.7805,-1.8124,-0.019,-0.01,480,6,116,277,0.2445,0.2133,STOP,PolygonStop,0.0,0.0,0.0,0.0,0.0
211.872,304.3,-3.4558,2.7805,-1.8124,-0.019,-0.01,480,6,116,277,0.2445,0.2133,STOP,PolygonStop,0.0,0.0,0.0,0.0,0.0
211.967,304.4,-3.4558,2.7805,-1.8124,-0.019,-0.01,480,6,116,277,0.2445,0.2133,STOP,PolygonStop,0.0,0.0,0.0,0.0,0.0
212.063,304.5,-3.4558,2.7805,-1.8124,-0.019,-0.01,480,6,116,277,0.2445,0.2133,STOP,PolygonStop,0.0,0.0,0.0,0.0,0.0
212.163,304.6,-3.4558,2.7805,-1.8124,-0.019,-0.01,480,6,116,277,0.2445,0.2133,STOP,PolygonStop,0.0,0.0,0.0,0.0,0.0
212.264,304.7,-3.4558,2.7805,-1.8124,-0.019,-0.01,480,6,116,277,0.2445,0.2133,STOP,PolygonStop,0.0,0.0,0.0,0.0,0.0
212.369,304.8,-3.4558,2.7805,-1.8124,-0.019,-0.01,480,6,116,277,0.2445,0.2133,STOP,PolygonStop,0.0,0.0,0.0,0.0,0.0
212.469,304.9,-3.4558,2.7805,-1.8124,-0.019,-0.01,480,6,116,277,0.2445,0.2133,STOP,PolygonStop,0.0,0.0,0.0,0.0,0.0
212.57,305.0,-3.4558,2.7805,-1.8124,-0.019,-0.01,480,6,116,277,0.2445,0.2133,STOP,PolygonStop,0.0,0.0,0.0,0.0,0.0
212.667,305.1,-3.4558,2.7805,-1.8124,-0.019,-0.01,480,6,116,277,0.2445,0.2133,STOP,PolygonStop,0.0,0.0,0.0,0.0,0.0
212.769,305.2,-3.4558,2.7805,-1.8124,-0.019,-0.01,480,6,116,277,0.2445,0.2133,STOP,PolygonStop,0.0,0.0,0.0,0.0,0.0
212.868,305.3,-3.4558,2.7805,-1.8124,-0.019,-0.01,480,6,116,277,0.2445,0.2133,STOP,PolygonStop,0.0,0.0,0.0,0.0,0.0
212.967,305.4,-3.4558,2.7805,-1.8124,-0.019,-0.01,480,6,116,277,0.2445,0.2133,STOP,PolygonStop,0.0,0.0,0.0,0.0,0.0
213.068,305.5,-3.4558,2.7805,-1.8124,-0.019,-0.01,480,6,116,277,0.2445,0.2133,STOP,PolygonStop,0.0,0.0,0.0,0.0,0.0
213.167,305.6,-3.4558,2.7805,-1.8124,-0.019,-0.01,480,6,116,277,0.2445,0.2133,STOP,PolygonStop,0.0,0.0,0.0,0.0,0.0
213.268,305.7,-3.4558,2.7805,-1.8124,-0.019,-0.01,480,6,116,277,0.2445,0.2133,STOP,PolygonStop,0.0,0.0,0.0,0.0,0.0
213.367,305.8,-3.4558,2.7805,-1.8124,-0.019,-0.01,480,6,116,277,0.2445,0.2133,STOP,PolygonStop,0.0,0.0,0.0,0.0,0.0
213.47,305.9,-3.4558,2.7805,-1.8124,-0.019,-0.01,480,6,116,277,0.2445,0.2133,STOP,PolygonStop,0.0,0.0,0.0,0.0,0.0
213.568,306.0,-3.4558,2.7805,-1.8124,-0.019,-0.01,480,6,116,277,0.2445,0.2133,STOP,PolygonStop,0.0,0.0,0.0,0.0,0.0
213.668,306.1,-3.4558,2.7805,-1.8124,-0.019,-0.01,480,6,116,277,0.2445,0.2133,STOP,PolygonStop,0.0,0.0,0.0,0.0,0.0
213.768,306.2,-3.4558,2.7805,-1.8124,-0.019,-0.01,480,6,116,277,0.2445,0.2133,STOP,PolygonStop,0.0,0.0,0.0,0.0,0.0
213.869,306.3,-3.4558,2.7805,-1.8124,-0.019,-0.01,480,6,116,277,0.2445,0.2133,STOP,PolygonStop,0.0,0.0,0.0,0.0,0.0
213.969,306.4,-3.4558,2.7805,-1.8124,-0.019,-0.01,480,6,116,277,0.2445,0.2133,STOP,PolygonStop,0.0,0.0,0.0,0.0,0.0
214.069,306.5,-3.4558,2.7805,-1.8124,-0.019,-0.01,480,6,116,277,0.2445,0.2133,STOP,PolygonStop,0.0,0.0,0.0,0.0,0.0
214.172,306.6,-3.4558,2.7805,-1.8124,-0.019,-0.01,480,6,116,277,0.2445,0.2133,STOP,PolygonStop,0.0,0.0,0.0,0.0,0.0
214.272,306.7,-3.4558,2.7805,-1.8124,-0.019,-0.01,480,6,116,277,0.2445,0.2133,STOP,PolygonStop,0.0,0.0,0.0,0.0,0.0
214.374,306.8,-3.4558,2.7805,-1.8124,-0.019,-0.01,480,6,116,277,0.2445,0.2133,STOP,PolygonStop,0.0,0.0,0.0,0.0,0.0
214.495,306.9,-3.4558,2.7805,-1.8124,-0.019,-0.01,480,6,116,277,0.2445,0.2133,STOP,PolygonStop,0.0,0.0,0.0,0.0,0.0
214.577,307.0,-3.4558,2.7805,-1.8124,-0.019,-0.01,480,6,116,277,0.2445,0.2133,STOP,PolygonStop,0.0,0.0,0.0,0.0,0.0
214.687,307.1,-3.4558,2.7805,-1.8124,-0.019,-0.01,480,6,116,277,0.2445,0.2133,STOP,PolygonStop,0.0,0.0,0.0,0.0,0.0
214.777,307.2,-3.4558,2.7805,-1.8124,-0.019,-0.01,480,6,116,277,0.2445,0.2133,STOP,PolygonStop,0.0,0.0,0.0,0.0,0.0
214.886,307.3,-3.4558,2.7805,-1.8124,-0.019,-0.01,480,6,116,277,0.2445,0.2133,STOP,PolygonStop,0.0,0.0,0.0,0.0,0.0
214.996,307.4,-3.4558,2.7805,-1.8124,-0.019,-0.01,480,6,116,277,0.2445,0.2133,STOP,PolygonStop,0.0,0.0,0.0,0.0,0.0
